sample_id,decision_id,selected_node,oracle_node,correct,oracle_rank,candidate_count,selected_utility
m2_1_globalrepair20_pair_006,m2_1_globalrepair20_pair_006:task15:step1,17,15,False,2,19,2.51026086
m2_1_globalrepair20_pair_006,m2_1_globalrepair20_pair_006:task15:step10,5,5,True,1,10,3.06230269
m2_1_globalrepair20_pair_006,m2_1_globalrepair20_pair_006:task15:step11,3,3,True,1,9,2.84072775
m2_1_globalrepair20_pair_006,m2_1_globalrepair20_pair_006:task15:step12,2,2,True,1,8,2.9656
m2_1_globalrepair20_pair_006,m2_1_globalrepair20_pair_006:task15:step13,1,1,True,1,7,2.79319984
m2_1_globalrepair20_pair_006,m2_1_globalrepair20_pair_006:task15:step14,0,0,True,1,6,2.59047801
m2_1_globalrepair20_pair_006,m2_1_globalrepair20_pair_006:task15:step15,10,10,True,1,5,0.47073614
m2_1_globalrepair20_pair_006,m2_1_globalrepair20_pair_006:task15:step16,11,11,True,1,4,2.79361801
m2_1_globalrepair20_pair_006,m2_1_globalrepair20_pair_006:task15:step17,17,17,True,1,3,0.97548052
m2_1_globalrepair20_pair_006,m2_1_globalrepair20_pair_006:task15:step18,18,18,True,1,2,2.97415731
m2_1_globalrepair20_pair_006,m2_1_globalrepair20_pair_006:task15:step19,19,19,True,1,1,2.93173785
m2_1_globalrepair20_pair_006,m2_1_globalrepair20_pair_006:task15:step2,14,13,False,3,18,2.07285006
m2_1_globalrepair20_pair_006,m2_1_globalrepair20_pair_006:task15:step3,12,14,False,3,17,2.51841995
m2_1_globalrepair20_pair_006,m2_1_globalrepair20_pair_006:task15:step4,12,12,True,1,16,2.2623208
m2_1_globalrepair20_pair_006,m2_1_globalrepair20_pair_006:task15:step5,11,9,False,3,15,2.73985083
m2_1_globalrepair20_pair_006,m2_1_globalrepair20_pair_006:task15:step6,8,8,True,1,14,3.07044459
m2_1_globalrepair20_pair_006,m2_1_globalrepair20_pair_006:task15:step7,7,7,True,1,13,3.12610697
m2_1_globalrepair20_pair_006,m2_1_globalrepair20_pair_006:task15:step8,6,6,True,1,12,3.18072832
m2_1_globalrepair20_pair_006,m2_1_globalrepair20_pair_006:task15:step9,5,4,False,2,11,3.26517875
m2_1_globalrepair20_pair_006,m2_1_globalrepair20_pair_006:task16:step1,11,9,False,2,25,4.1652461
m2_1_globalrepair20_pair_006,m2_1_globalrepair20_pair_006:task16:step10,18,18,True,1,25,4.01251108
m2_1_globalrepair20_pair_006,m2_1_globalrepair20_pair_006:task16:step11,19,19,True,1,25,3.23239688
m2_1_globalrepair20_pair_006,m2_1_globalrepair20_pair_006:task16:step12,21,17,False,2,25,3.20531012
m2_1_globalrepair20_pair_006,m2_1_globalrepair20_pair_006:task16:step13,21,21,True,1,25,2.63376623
m2_1_globalrepair20_pair_006,m2_1_globalrepair20_pair_006:task16:step14,23,23,True,1,25,3.08967256
m2_1_globalrepair20_pair_006,m2_1_globalrepair20_pair_006:task16:step15,20,25,False,5,25,2.72987231
m2_1_globalrepair20_pair_006,m2_1_globalrepair20_pair_006:task16:step16,27,6,False,12,25,2.44219847
m2_1_globalrepair20_pair_006,m2_1_globalrepair20_pair_006:task16:step17,5,4,False,2,25,3.2850167
m2_1_globalrepair20_pair_006,m2_1_globalrepair20_pair_006:task16:step18,5,5,True,1,25,3.35848595
m2_1_globalrepair20_pair_006,m2_1_globalrepair20_pair_006:task16:step19,3,3,True,1,25,1.9199912
m2_1_globalrepair20_pair_006,m2_1_globalrepair20_pair_006:task16:step2,8,8,True,1,25,4.02445706
m2_1_globalrepair20_pair_006,m2_1_globalrepair20_pair_006:task16:step20,2,22,False,5,24,2.14622538
m2_1_globalrepair20_pair_006,m2_1_globalrepair20_pair_006:task16:step21,20,20,True,1,23,3.21293449
m2_1_globalrepair20_pair_006,m2_1_globalrepair20_pair_006:task16:step22,24,24,True,1,22,2.85806071
m2_1_globalrepair20_pair_006,m2_1_globalrepair20_pair_006:task16:step23,26,26,True,1,21,2.87331945
m2_1_globalrepair20_pair_006,m2_1_globalrepair20_pair_006:task16:step24,28,28,True,1,20,2.86290503
m2_1_globalrepair20_pair_006,m2_1_globalrepair20_pair_006:task16:step25,30,31,False,2,19,2.9329943
m2_1_globalrepair20_pair_006,m2_1_globalrepair20_pair_006:task16:step26,32,32,True,1,18,2.88742048
m2_1_globalrepair20_pair_006,m2_1_globalrepair20_pair_006:task16:step27,33,33,True,1,17,2.94391683
m2_1_globalrepair20_pair_006,m2_1_globalrepair20_pair_006:task16:step28,34,34,True,1,16,2.53044855
m2_1_globalrepair20_pair_006,m2_1_globalrepair20_pair_006:task16:step29,35,35,True,1,15,2.5971288
m2_1_globalrepair20_pair_006,m2_1_globalrepair20_pair_006:task16:step3,7,11,False,2,25,3.70773612
m2_1_globalrepair20_pair_006,m2_1_globalrepair20_pair_006:task16:step30,36,30,False,4,14,2.19559717
m2_1_globalrepair20_pair_006,m2_1_globalrepair20_pair_006:task16:step31,36,2,False,12,13,1.09149803
m2_1_globalrepair20_pair_006,m2_1_globalrepair20_pair_006:task16:step32,1,1,True,1,12,2.87545818
m2_1_globalrepair20_pair_006,m2_1_globalrepair20_pair_006:task16:step33,0,0,True,1,11,2.03111524
m2_1_globalrepair20_pair_006,m2_1_globalrepair20_pair_006:task16:step34,27,36,False,3,10,-2.95214675
m2_1_globalrepair20_pair_006,m2_1_globalrepair20_pair_006:task16:step35,37,37,True,1,9,2.50835618
m2_1_globalrepair20_pair_006,m2_1_globalrepair20_pair_006:task16:step36,38,38,True,1,8,2.54619633
m2_1_globalrepair20_pair_006,m2_1_globalrepair20_pair_006:task16:step37,39,39,True,1,7,2.61086995
m2_1_globalrepair20_pair_006,m2_1_globalrepair20_pair_006:task16:step38,40,40,True,1,6,2.57984979
m2_1_globalrepair20_pair_006,m2_1_globalrepair20_pair_006:task16:step39,41,41,True,1,5,2.5374807
m2_1_globalrepair20_pair_006,m2_1_globalrepair20_pair_006:task16:step4,12,12,True,1,25,4.16442053
m2_1_globalrepair20_pair_006,m2_1_globalrepair20_pair_006:task16:step40,42,42,True,1,4,2.42801312
m2_1_globalrepair20_pair_006,m2_1_globalrepair20_pair_006:task16:step41,43,43,True,1,3,2.52072516
m2_1_globalrepair20_pair_006,m2_1_globalrepair20_pair_006:task16:step42,29,29,True,1,2,-0.8539129
m2_1_globalrepair20_pair_006,m2_1_globalrepair20_pair_006:task16:step43,27,27,True,1,1,2.57575296
m2_1_globalrepair20_pair_006,m2_1_globalrepair20_pair_006:task16:step5,13,7,False,4,25,3.7782878
m2_1_globalrepair20_pair_006,m2_1_globalrepair20_pair_006:task16:step6,6,13,False,3,25,3.16671541
m2_1_globalrepair20_pair_006,m2_1_globalrepair20_pair_006:task16:step7,14,15,False,2,25,3.92679265
m2_1_globalrepair20_pair_006,m2_1_globalrepair20_pair_006:task16:step8,14,14,True,1,25,4.25790368
m2_1_globalrepair20_pair_006,m2_1_globalrepair20_pair_006:task16:step9,18,16,False,2,25,3.7144904
m2_1_globalrepair20_pair_006,m2_1_globalrepair20_pair_006:task17:step1,11,10,False,2,12,2.30555256
m2_1_globalrepair20_pair_006,m2_1_globalrepair20_pair_006:task17:step10,2,2,True,1,3,1.86148123
m2_1_globalrepair20_pair_006,m2_1_globalrepair20_pair_006:task17:step11,0,0,True,1,2,2.36316126
m2_1_globalrepair20_pair_006,m2_1_globalrepair20_pair_006:task17:step12,11,11,True,1,1,0.52398165
m2_1_globalrepair20_pair_006,m2_1_globalrepair20_pair_006:task17:step2,9,9,True,1,11,2.6043722
m2_1_globalrepair20_pair_006,m2_1_globalrepair20_pair_006:task17:step3,8,8,True,1,10,2.64792313
m2_1_globalrepair20_pair_006,m2_1_globalrepair20_pair_006:task17:step4,7,7,True,1,9,2.58726059
m2_1_globalrepair20_pair_006,m2_1_globalrepair20_pair_006:task17:step5,6,6,True,1,8,2.25358003
m2_1_globalrepair20_pair_006,m2_1_globalrepair20_pair_006:task17:step6,5,5,True,1,7,2.36847405
m2_1_globalrepair20_pair_006,m2_1_globalrepair20_pair_006:task17:step7,4,1,False,3,6,2.09265183
m2_1_globalrepair20_pair_006,m2_1_globalrepair20_pair_006:task17:step8,3,3,True,1,5,2.36196853
m2_1_globalrepair20_pair_006,m2_1_globalrepair20_pair_006:task17:step9,4,4,True,1,4,2.61216867
m2_1_globalrepair20_pair_006,m2_1_globalrepair20_pair_006:task18:step1,7,7,True,1,16,2.45514889
m2_1_globalrepair20_pair_006,m2_1_globalrepair20_pair_006:task18:step10,13,13,True,1,7,1.6018374
m2_1_globalrepair20_pair_006,m2_1_globalrepair20_pair_006:task18:step11,5,5,True,1,6,0.5246879
m2_1_globalrepair20_pair_006,m2_1_globalrepair20_pair_006:task18:step12,4,4,True,1,5,2.4837084
m2_1_globalrepair20_pair_006,m2_1_globalrepair20_pair_006:task18:step13,3,3,True,1,4,2.48547845
m2_1_globalrepair20_pair_006,m2_1_globalrepair20_pair_006:task18:step14,2,2,True,1,3,2.4837733
m2_1_globalrepair20_pair_006,m2_1_globalrepair20_pair_006:task18:step15,1,1,True,1,2,2.48566516
m2_1_globalrepair20_pair_006,m2_1_globalrepair20_pair_006:task18:step16,0,0,True,1,1,2.4838382
m2_1_globalrepair20_pair_006,m2_1_globalrepair20_pair_006:task18:step2,8,8,True,1,15,2.4534385
m2_1_globalrepair20_pair_006,m2_1_globalrepair20_pair_006:task18:step3,9,9,True,1,14,2.45533559
m2_1_globalrepair20_pair_006,m2_1_globalrepair20_pair_006:task18:step4,10,10,True,1,13,2.4535034
m2_1_globalrepair20_pair_006,m2_1_globalrepair20_pair_006:task18:step5,11,11,True,1,12,2.45527869
m2_1_globalrepair20_pair_006,m2_1_globalrepair20_pair_006:task18:step6,12,12,True,1,11,2.05697313
m2_1_globalrepair20_pair_006,m2_1_globalrepair20_pair_006:task18:step7,13,15,False,4,10,2.2728904
m2_1_globalrepair20_pair_006,m2_1_globalrepair20_pair_006:task18:step8,16,16,True,1,9,2.48883482
m2_1_globalrepair20_pair_006,m2_1_globalrepair20_pair_006:task18:step9,14,14,True,1,8,2.04980101
m2_1_globalrepair20_pair_006,m2_1_globalrepair20_pair_006:task19:step1,1,1,True,1,9,2.34403289
m2_1_globalrepair20_pair_006,m2_1_globalrepair20_pair_006:task19:step2,2,2,True,1,8,2.45615372
m2_1_globalrepair20_pair_006,m2_1_globalrepair20_pair_006:task19:step3,3,3,True,1,7,2.4671327
m2_1_globalrepair20_pair_006,m2_1_globalrepair20_pair_006:task19:step4,4,4,True,1,6,2.45618024
m2_1_globalrepair20_pair_006,m2_1_globalrepair20_pair_006:task19:step5,5,5,True,1,5,2.46713877
m2_1_globalrepair20_pair_006,m2_1_globalrepair20_pair_006:task19:step6,6,6,True,1,4,2.45623382
m2_1_globalrepair20_pair_006,m2_1_globalrepair20_pair_006:task19:step7,7,7,True,1,3,2.46717689
m2_1_globalrepair20_pair_006,m2_1_globalrepair20_pair_006:task19:step8,8,9,False,2,2,1.82571522
m2_1_globalrepair20_pair_006,m2_1_globalrepair20_pair_006:task19:step9,8,8,True,1,1,2.44570311
m2_1_globalrepair20_pair_006,m2_1_globalrepair20_pair_006:task1:step1,64,64,True,1,25,3.98296947
m2_1_globalrepair20_pair_006,m2_1_globalrepair20_pair_006:task1:step10,49,49,True,1,25,4.02722298
m2_1_globalrepair20_pair_006,m2_1_globalrepair20_pair_006:task1:step11,48,48,True,1,25,4.0389237
m2_1_globalrepair20_pair_006,m2_1_globalrepair20_pair_006:task1:step12,47,47,True,1,25,3.85928749
m2_1_globalrepair20_pair_006,m2_1_globalrepair20_pair_006:task1:step13,46,46,True,1,25,3.86917757
m2_1_globalrepair20_pair_006,m2_1_globalrepair20_pair_006:task1:step14,45,45,True,1,25,3.43672732
m2_1_globalrepair20_pair_006,m2_1_globalrepair20_pair_006:task1:step15,44,57,False,11,25,3.35345351
m2_1_globalrepair20_pair_006,m2_1_globalrepair20_pair_006:task1:step16,58,59,False,2,25,3.84620869
m2_1_globalrepair20_pair_006,m2_1_globalrepair20_pair_006:task1:step17,60,60,True,1,25,3.72401007
m2_1_globalrepair20_pair_006,m2_1_globalrepair20_pair_006:task1:step18,58,58,True,1,25,3.84403769
m2_1_globalrepair20_pair_006,m2_1_globalrepair20_pair_006:task1:step19,62,62,True,1,25,3.45640631
m2_1_globalrepair20_pair_006,m2_1_globalrepair20_pair_006:task1:step2,65,65,True,1,25,3.81332414
m2_1_globalrepair20_pair_006,m2_1_globalrepair20_pair_006:task1:step20,61,61,True,1,25,3.6913497
m2_1_globalrepair20_pair_006,m2_1_globalrepair20_pair_006:task1:step21,56,53,False,4,25,1.53069309
m2_1_globalrepair20_pair_006,m2_1_globalrepair20_pair_006:task1:step22,54,55,False,2,25,4.22051514
m2_1_globalrepair20_pair_006,m2_1_globalrepair20_pair_006:task1:step23,56,56,True,1,25,3.9586201
m2_1_globalrepair20_pair_006,m2_1_globalrepair20_pair_006:task1:step24,54,54,True,1,25,3.08549955
m2_1_globalrepair20_pair_006,m2_1_globalrepair20_pair_006:task1:step25,44,44,True,1,25,-0.81021578
m2_1_globalrepair20_pair_006,m2_1_globalrepair20_pair_006:task1:step26,43,43,True,1,25,3.82644714
m2_1_globalrepair20_pair_006,m2_1_globalrepair20_pair_006:task1:step27,42,39,False,4,25,3.74547524
m2_1_globalrepair20_pair_006,m2_1_globalrepair20_pair_006:task1:step28,40,40,True,1,25,3.39319564
m2_1_globalrepair20_pair_006,m2_1_globalrepair20_pair_006:task1:step29,41,38,False,4,25,3.01203798
m2_1_globalrepair20_pair_006,m2_1_globalrepair20_pair_006:task1:step3,66,66,True,1,25,3.68536985
m2_1_globalrepair20_pair_006,m2_1_globalrepair20_pair_006:task1:step30,37,37,True,1,25,3.2628518
m2_1_globalrepair20_pair_006,m2_1_globalrepair20_pair_006:task1:step31,36,41,False,2,25,3.07882633
m2_1_globalrepair20_pair_006,m2_1_globalrepair20_pair_006:task1:step32,42,42,True,1,25,3.66487714
m2_1_globalrepair20_pair_006,m2_1_globalrepair20_pair_006:task1:step33,36,36,True,1,25,2.18822142
m2_1_globalrepair20_pair_006,m2_1_globalrepair20_pair_006:task1:step34,35,35,True,1,25,2.69909617
m2_1_globalrepair20_pair_006,m2_1_globalrepair20_pair_006:task1:step35,32,32,True,1,25,2.67320325
m2_1_globalrepair20_pair_006,m2_1_globalrepair20_pair_006:task1:step36,30,30,True,1,25,2.66532782
m2_1_globalrepair20_pair_006,m2_1_globalrepair20_pair_006:task1:step37,28,28,True,1,25,2.53584634
m2_1_globalrepair20_pair_006,m2_1_globalrepair20_pair_006:task1:step38,27,27,True,1,25,2.47719879
m2_1_globalrepair20_pair_006,m2_1_globalrepair20_pair_006:task1:step39,23,29,False,2,25,1.89364437
m2_1_globalrepair20_pair_006,m2_1_globalrepair20_pair_006:task1:step4,67,67,True,1,25,3.75185028
m2_1_globalrepair20_pair_006,m2_1_globalrepair20_pair_006:task1:step40,31,26,False,2,25,2.69639534
m2_1_globalrepair20_pair_006,m2_1_globalrepair20_pair_006:task1:step41,25,25,True,1,25,2.64463609
m2_1_globalrepair20_pair_006,m2_1_globalrepair20_pair_006:task1:step42,24,24,True,1,25,2.58265408
m2_1_globalrepair20_pair_006,m2_1_globalrepair20_pair_006:task1:step43,23,23,True,1,25,2.62505815
m2_1_globalrepair20_pair_006,m2_1_globalrepair20_pair_006:task1:step44,22,22,True,1,25,2.7501052
m2_1_globalrepair20_pair_006,m2_1_globalrepair20_pair_006:task1:step45,21,21,True,1,25,2.78448169
m2_1_globalrepair20_pair_006,m2_1_globalrepair20_pair_006:task1:step46,20,20,True,1,24,2.80760246
m2_1_globalrepair20_pair_006,m2_1_globalrepair20_pair_006:task1:step47,19,19,True,1,23,2.78084971
m2_1_globalrepair20_pair_006,m2_1_globalrepair20_pair_006:task1:step48,18,18,True,1,22,2.81663153
m2_1_globalrepair20_pair_006,m2_1_globalrepair20_pair_006:task1:step49,17,17,True,1,21,2.67331502
m2_1_globalrepair20_pair_006,m2_1_globalrepair20_pair_006:task1:step5,68,68,True,1,25,3.56240518
m2_1_globalrepair20_pair_006,m2_1_globalrepair20_pair_006:task1:step50,16,16,True,1,20,2.68244785
m2_1_globalrepair20_pair_006,m2_1_globalrepair20_pair_006:task1:step51,15,15,True,1,19,2.47628205
m2_1_globalrepair20_pair_006,m2_1_globalrepair20_pair_006:task1:step52,14,14,True,1,18,2.2089019
m2_1_globalrepair20_pair_006,m2_1_globalrepair20_pair_006:task1:step53,13,13,True,1,17,2.51418496
m2_1_globalrepair20_pair_006,m2_1_globalrepair20_pair_006:task1:step54,12,12,True,1,16,2.64165309
m2_1_globalrepair20_pair_006,m2_1_globalrepair20_pair_006:task1:step55,11,11,True,1,15,2.62451858
m2_1_globalrepair20_pair_006,m2_1_globalrepair20_pair_006:task1:step56,10,10,True,1,14,2.51357257
m2_1_globalrepair20_pair_006,m2_1_globalrepair20_pair_006:task1:step57,9,9,True,1,13,2.27765909
m2_1_globalrepair20_pair_006,m2_1_globalrepair20_pair_006:task1:step58,7,6,False,3,12,2.19303143
m2_1_globalrepair20_pair_006,m2_1_globalrepair20_pair_006:task1:step59,5,5,True,1,11,2.86257442
m2_1_globalrepair20_pair_006,m2_1_globalrepair20_pair_006:task1:step6,69,69,True,1,25,3.22402781
m2_1_globalrepair20_pair_006,m2_1_globalrepair20_pair_006:task1:step60,4,4,True,1,10,2.86581074
m2_1_globalrepair20_pair_006,m2_1_globalrepair20_pair_006:task1:step61,3,0,False,4,9,2.78313667
m2_1_globalrepair20_pair_006,m2_1_globalrepair20_pair_006:task1:step62,1,1,True,1,8,3.07703469
m2_1_globalrepair20_pair_006,m2_1_globalrepair20_pair_006:task1:step63,2,2,True,1,7,3.0187344
m2_1_globalrepair20_pair_006,m2_1_globalrepair20_pair_006:task1:step64,3,3,True,1,6,2.43524326
m2_1_globalrepair20_pair_006,m2_1_globalrepair20_pair_006:task1:step65,7,7,True,1,5,1.45536889
m2_1_globalrepair20_pair_006,m2_1_globalrepair20_pair_006:task1:step66,8,8,True,1,4,2.2254533
m2_1_globalrepair20_pair_006,m2_1_globalrepair20_pair_006:task1:step67,31,31,True,1,3,-2.22419877
m2_1_globalrepair20_pair_006,m2_1_globalrepair20_pair_006:task1:step68,33,33,True,1,2,2.50704198
m2_1_globalrepair20_pair_006,m2_1_globalrepair20_pair_006:task1:step69,34,34,True,1,1,2.43963674
m2_1_globalrepair20_pair_006,m2_1_globalrepair20_pair_006:task1:step7,62,52,False,3,25,0.42335108
m2_1_globalrepair20_pair_006,m2_1_globalrepair20_pair_006:task1:step8,51,51,True,1,25,4.30229255
m2_1_globalrepair20_pair_006,m2_1_globalrepair20_pair_006:task1:step9,50,50,True,1,25,4.22532747
m2_1_globalrepair20_pair_006,m2_1_globalrepair20_pair_006:task21:step1,6,6,True,1,11,2.6038551
m2_1_globalrepair20_pair_006,m2_1_globalrepair20_pair_006:task21:step10,10,10,True,1,2,1.07715962
m2_1_globalrepair20_pair_006,m2_1_globalrepair20_pair_006:task21:step11,11,11,True,1,1,2.4563661
m2_1_globalrepair20_pair_006,m2_1_globalrepair20_pair_006:task21:step2,5,5,True,1,10,2.33791891
m2_1_globalrepair20_pair_006,m2_1_globalrepair20_pair_006:task21:step3,4,4,True,1,9,2.11664013
m2_1_globalrepair20_pair_006,m2_1_globalrepair20_pair_006:task21:step4,3,3,True,1,8,2.47543708
m2_1_globalrepair20_pair_006,m2_1_globalrepair20_pair_006:task21:step5,2,2,True,1,7,2.36541989
m2_1_globalrepair20_pair_006,m2_1_globalrepair20_pair_006:task21:step6,1,1,True,1,6,2.5602152
m2_1_globalrepair20_pair_006,m2_1_globalrepair20_pair_006:task21:step7,0,0,True,1,5,2.51480515
m2_1_globalrepair20_pair_006,m2_1_globalrepair20_pair_006:task21:step8,8,8,True,1,4,1.09482779
m2_1_globalrepair20_pair_006,m2_1_globalrepair20_pair_006:task21:step9,9,9,True,1,3,2.56357601
m2_1_globalrepair20_pair_006,m2_1_globalrepair20_pair_006:task22:step1,1,1,True,1,7,2.55110321
m2_1_globalrepair20_pair_006,m2_1_globalrepair20_pair_006:task22:step2,0,0,True,1,6,2.56536845
m2_1_globalrepair20_pair_006,m2_1_globalrepair20_pair_006:task22:step3,3,4,False,2,5,1.62806892
m2_1_globalrepair20_pair_006,m2_1_globalrepair20_pair_006:task22:step4,5,5,True,1,4,2.71363403
m2_1_globalrepair20_pair_006,m2_1_globalrepair20_pair_006:task22:step5,6,6,True,1,3,2.68407313
m2_1_globalrepair20_pair_006,m2_1_globalrepair20_pair_006:task22:step6,7,7,True,1,2,2.62598266
m2_1_globalrepair20_pair_006,m2_1_globalrepair20_pair_006:task22:step7,3,3,True,1,1,1.72520713
m2_1_globalrepair20_pair_006,m2_1_globalrepair20_pair_006:task24:step1,1,1,True,1,6,2.88900132
m2_1_globalrepair20_pair_006,m2_1_globalrepair20_pair_006:task24:step2,0,0,True,1,5,2.75785555
m2_1_globalrepair20_pair_006,m2_1_globalrepair20_pair_006:task24:step3,3,3,True,1,4,2.2136345
m2_1_globalrepair20_pair_006,m2_1_globalrepair20_pair_006:task24:step4,4,4,True,1,3,2.47974277
m2_1_globalrepair20_pair_006,m2_1_globalrepair20_pair_006:task24:step5,5,5,True,1,2,2.61855397
m2_1_globalrepair20_pair_006,m2_1_globalrepair20_pair_006:task24:step6,6,6,True,1,1,2.36164278
m2_1_globalrepair20_pair_006,m2_1_globalrepair20_pair_006:task7:step1,3,3,True,1,3,2.41627511
m2_1_globalrepair20_pair_006,m2_1_globalrepair20_pair_006:task7:step2,1,1,True,1,2,1.54788313
m2_1_globalrepair20_pair_006,m2_1_globalrepair20_pair_006:task7:step3,0,0,True,1,1,2.61111134
m2_1_globalrepair20_pair_008,m2_1_globalrepair20_pair_008:task36:step1,3,3,True,1,8,2.50181584
m2_1_globalrepair20_pair_008,m2_1_globalrepair20_pair_008:task36:step2,2,2,True,1,7,2.47782031
m2_1_globalrepair20_pair_008,m2_1_globalrepair20_pair_008:task36:step3,1,1,True,1,6,2.50183475
m2_1_globalrepair20_pair_008,m2_1_globalrepair20_pair_008:task36:step4,0,0,True,1,5,2.42024303
m2_1_globalrepair20_pair_008,m2_1_globalrepair20_pair_008:task36:step5,5,5,True,1,4,1.52047244
m2_1_globalrepair20_pair_008,m2_1_globalrepair20_pair_008:task36:step6,6,6,True,1,3,1.80437781
m2_1_globalrepair20_pair_008,m2_1_globalrepair20_pair_008:task36:step7,7,8,False,2,2,2.23773902
m2_1_globalrepair20_pair_008,m2_1_globalrepair20_pair_008:task36:step8,7,7,True,1,1,2.54693373
m2_1_globalrepair20_pair_008,m2_1_globalrepair20_pair_008:task38:step1,6,6,True,1,10,3.02039653
m2_1_globalrepair20_pair_008,m2_1_globalrepair20_pair_008:task38:step10,0,0,True,1,1,2.55604938
m2_1_globalrepair20_pair_008,m2_1_globalrepair20_pair_008:task38:step2,8,8,True,1,9,2.65837216
m2_1_globalrepair20_pair_008,m2_1_globalrepair20_pair_008:task38:step3,9,9,True,1,8,2.84971106
m2_1_globalrepair20_pair_008,m2_1_globalrepair20_pair_008:task38:step4,10,10,True,1,7,2.36837927
m2_1_globalrepair20_pair_008,m2_1_globalrepair20_pair_008:task38:step5,5,5,True,1,6,1.60116374
m2_1_globalrepair20_pair_008,m2_1_globalrepair20_pair_008:task38:step6,4,4,True,1,5,2.78620718
m2_1_globalrepair20_pair_008,m2_1_globalrepair20_pair_008:task38:step7,3,3,True,1,4,2.66140095
m2_1_globalrepair20_pair_008,m2_1_globalrepair20_pair_008:task38:step8,2,2,True,1,3,1.50192091
m2_1_globalrepair20_pair_008,m2_1_globalrepair20_pair_008:task38:step9,1,1,True,1,2,2.58560758
m2_1_globalrepair20_pair_010,m2_1_globalrepair20_pair_010:task0:step1,377,377,True,1,25,2.62082367
m2_1_globalrepair20_pair_010,m2_1_globalrepair20_pair_010:task0:step10,417,400,False,2,25,2.81651973
m2_1_globalrepair20_pair_010,m2_1_globalrepair20_pair_010:task0:step100,366,366,True,1,25,3.29336724
m2_1_globalrepair20_pair_010,m2_1_globalrepair20_pair_010:task0:step101,376,376,True,1,25,2.55168512
m2_1_globalrepair20_pair_010,m2_1_globalrepair20_pair_010:task0:step102,370,370,True,1,25,2.57418455
m2_1_globalrepair20_pair_010,m2_1_globalrepair20_pair_010:task0:step103,393,380,False,2,25,2.77883046
m2_1_globalrepair20_pair_010,m2_1_globalrepair20_pair_010:task0:step104,408,404,False,4,25,2.76192306
m2_1_globalrepair20_pair_010,m2_1_globalrepair20_pair_010:task0:step105,393,393,True,1,25,2.82440813
m2_1_globalrepair20_pair_010,m2_1_globalrepair20_pair_010:task0:step106,408,381,False,3,25,3.07073803
m2_1_globalrepair20_pair_010,m2_1_globalrepair20_pair_010:task0:step107,408,343,False,6,25,3.27433229
m2_1_globalrepair20_pair_010,m2_1_globalrepair20_pair_010:task0:step108,350,350,True,1,25,2.42040302
m2_1_globalrepair20_pair_010,m2_1_globalrepair20_pair_010:task0:step109,324,324,True,1,25,2.14032203
m2_1_globalrepair20_pair_010,m2_1_globalrepair20_pair_010:task0:step11,417,413,False,3,25,3.1758824
m2_1_globalrepair20_pair_010,m2_1_globalrepair20_pair_010:task0:step110,323,328,False,2,25,2.84126812
m2_1_globalrepair20_pair_010,m2_1_globalrepair20_pair_010:task0:step111,306,258,False,25,25,2.64054873
m2_1_globalrepair20_pair_010,m2_1_globalrepair20_pair_010:task0:step112,253,253,True,1,25,4.06054795
m2_1_globalrepair20_pair_010,m2_1_globalrepair20_pair_010:task0:step113,242,228,False,4,25,2.61338838
m2_1_globalrepair20_pair_010,m2_1_globalrepair20_pair_010:task0:step114,223,223,True,1,25,3.01728589
m2_1_globalrepair20_pair_010,m2_1_globalrepair20_pair_010:task0:step115,215,231,False,2,25,2.96395058
m2_1_globalrepair20_pair_010,m2_1_globalrepair20_pair_010:task0:step116,215,235,False,2,25,2.74984933
m2_1_globalrepair20_pair_010,m2_1_globalrepair20_pair_010:task0:step117,242,242,True,1,25,3.06195764
m2_1_globalrepair20_pair_010,m2_1_globalrepair20_pair_010:task0:step118,248,248,True,1,25,2.3885135
m2_1_globalrepair20_pair_010,m2_1_globalrepair20_pair_010:task0:step119,263,263,True,1,25,2.36283765
m2_1_globalrepair20_pair_010,m2_1_globalrepair20_pair_010:task0:step12,417,417,True,1,25,3.23814609
m2_1_globalrepair20_pair_010,m2_1_globalrepair20_pair_010:task0:step120,270,215,False,11,25,2.37364039
m2_1_globalrepair20_pair_010,m2_1_globalrepair20_pair_010:task0:step121,212,221,False,2,25,3.24080658
m2_1_globalrepair20_pair_010,m2_1_globalrepair20_pair_010:task0:step122,226,226,True,1,25,2.51699578
m2_1_globalrepair20_pair_010,m2_1_globalrepair20_pair_010:task0:step123,219,219,True,1,25,2.70684947
m2_1_globalrepair20_pair_010,m2_1_globalrepair20_pair_010:task0:step124,214,214,True,1,25,2.9329143
m2_1_globalrepair20_pair_010,m2_1_globalrepair20_pair_010:task0:step125,177,210,False,4,25,3.06373256
m2_1_globalrepair20_pair_010,m2_1_globalrepair20_pair_010:task0:step126,177,205,False,7,25,2.95789156
m2_1_globalrepair20_pair_010,m2_1_globalrepair20_pair_010:task0:step127,212,203,False,4,25,4.01494923
m2_1_globalrepair20_pair_010,m2_1_globalrepair20_pair_010:task0:step128,177,171,False,25,25,3.92939935
m2_1_globalrepair20_pair_010,m2_1_globalrepair20_pair_010:task0:step129,164,161,False,2,25,3.48117224
m2_1_globalrepair20_pair_010,m2_1_globalrepair20_pair_010:task0:step13,406,406,True,1,25,2.52983197
m2_1_globalrepair20_pair_010,m2_1_globalrepair20_pair_010:task0:step130,156,156,True,1,25,4.05749008
m2_1_globalrepair20_pair_010,m2_1_globalrepair20_pair_010:task0:step131,177,160,False,2,25,3.14089824
m2_1_globalrepair20_pair_010,m2_1_globalrepair20_pair_010:task0:step132,173,173,True,1,25,3.31874944
m2_1_globalrepair20_pair_010,m2_1_globalrepair20_pair_010:task0:step133,181,181,True,1,25,3.08175455
m2_1_globalrepair20_pair_010,m2_1_globalrepair20_pair_010:task0:step134,188,179,False,3,25,2.88950002
m2_1_globalrepair20_pair_010,m2_1_globalrepair20_pair_010:task0:step135,188,172,False,3,25,3.78551245
m2_1_globalrepair20_pair_010,m2_1_globalrepair20_pair_010:task0:step136,177,167,False,2,25,3.46107872
m2_1_globalrepair20_pair_010,m2_1_globalrepair20_pair_010:task0:step137,184,162,False,2,25,2.78369642
m2_1_globalrepair20_pair_010,m2_1_globalrepair20_pair_010:task0:step138,177,158,False,4,25,2.95466211
m2_1_globalrepair20_pair_010,m2_1_globalrepair20_pair_010:task0:step139,145,176,False,9,25,2.88186493
m2_1_globalrepair20_pair_010,m2_1_globalrepair20_pair_010:task0:step14,410,410,True,1,25,3.46624987
m2_1_globalrepair20_pair_010,m2_1_globalrepair20_pair_010:task0:step140,184,178,False,3,25,3.57525693
m2_1_globalrepair20_pair_010,m2_1_globalrepair20_pair_010:task0:step141,177,193,False,2,25,3.81718772
m2_1_globalrepair20_pair_010,m2_1_globalrepair20_pair_010:task0:step142,201,187,False,3,25,2.69459059
m2_1_globalrepair20_pair_010,m2_1_globalrepair20_pair_010:task0:step143,180,206,False,11,25,3.98807248
m2_1_globalrepair20_pair_010,m2_1_globalrepair20_pair_010:task0:step144,212,212,True,1,25,4.30461337
m2_1_globalrepair20_pair_010,m2_1_globalrepair20_pair_010:task0:step145,202,177,False,6,25,2.4180269
m2_1_globalrepair20_pair_010,m2_1_globalrepair20_pair_010:task0:step146,196,164,False,3,25,2.45086555
m2_1_globalrepair20_pair_010,m2_1_globalrepair20_pair_010:task0:step147,180,180,True,1,25,2.29733242
m2_1_globalrepair20_pair_010,m2_1_globalrepair20_pair_010:task0:step148,169,169,True,1,25,2.67913674
m2_1_globalrepair20_pair_010,m2_1_globalrepair20_pair_010:task0:step149,174,174,True,1,25,3.81089237
m2_1_globalrepair20_pair_010,m2_1_globalrepair20_pair_010:task0:step15,399,394,False,4,25,2.64736665
m2_1_globalrepair20_pair_010,m2_1_globalrepair20_pair_010:task0:step150,183,185,False,3,25,2.55901299
m2_1_globalrepair20_pair_010,m2_1_globalrepair20_pair_010:task0:step151,199,204,False,4,25,2.4422096
m2_1_globalrepair20_pair_010,m2_1_globalrepair20_pair_010:task0:step152,199,199,True,1,25,3.46373432
m2_1_globalrepair20_pair_010,m2_1_globalrepair20_pair_010:task0:step153,190,190,True,1,25,2.36200247
m2_1_globalrepair20_pair_010,m2_1_globalrepair20_pair_010:task0:step154,186,186,True,1,25,3.02336298
m2_1_globalrepair20_pair_010,m2_1_globalrepair20_pair_010:task0:step155,195,195,True,1,25,2.15043212
m2_1_globalrepair20_pair_010,m2_1_globalrepair20_pair_010:task0:step156,222,182,False,17,25,1.91484273
m2_1_globalrepair20_pair_010,m2_1_globalrepair20_pair_010:task0:step157,191,191,True,1,25,2.59867524
m2_1_globalrepair20_pair_010,m2_1_globalrepair20_pair_010:task0:step158,194,240,False,20,25,2.46908402
m2_1_globalrepair20_pair_010,m2_1_globalrepair20_pair_010:task0:step159,247,247,True,1,25,3.17403782
m2_1_globalrepair20_pair_010,m2_1_globalrepair20_pair_010:task0:step16,398,398,True,1,25,2.50689007
m2_1_globalrepair20_pair_010,m2_1_globalrepair20_pair_010:task0:step160,252,252,True,1,25,2.81770097
m2_1_globalrepair20_pair_010,m2_1_globalrepair20_pair_010:task0:step161,267,241,False,8,25,2.4460077
m2_1_globalrepair20_pair_010,m2_1_globalrepair20_pair_010:task0:step162,234,234,True,1,25,3.01097201
m2_1_globalrepair20_pair_010,m2_1_globalrepair20_pair_010:task0:step163,227,297,False,16,25,2.67658632
m2_1_globalrepair20_pair_010,m2_1_globalrepair20_pair_010:task0:step164,318,270,False,4,25,2.57881416
m2_1_globalrepair20_pair_010,m2_1_globalrepair20_pair_010:task0:step165,250,309,False,19,25,2.63146892
m2_1_globalrepair20_pair_010,m2_1_globalrepair20_pair_010:task0:step166,306,306,True,1,25,3.64326981
m2_1_globalrepair20_pair_010,m2_1_globalrepair20_pair_010:task0:step167,300,300,True,1,25,2.30169211
m2_1_globalrepair20_pair_010,m2_1_globalrepair20_pair_010:task0:step168,272,265,False,4,25,2.58707456
m2_1_globalrepair20_pair_010,m2_1_globalrepair20_pair_010:task0:step169,272,272,True,1,25,3.2678677
m2_1_globalrepair20_pair_010,m2_1_globalrepair20_pair_010:task0:step17,405,405,True,1,25,2.63298302
m2_1_globalrepair20_pair_010,m2_1_globalrepair20_pair_010:task0:step170,255,259,False,2,25,2.66134041
m2_1_globalrepair20_pair_010,m2_1_globalrepair20_pair_010:task0:step171,250,250,True,1,25,3.06901909
m2_1_globalrepair20_pair_010,m2_1_globalrepair20_pair_010:task0:step172,254,232,False,4,25,2.98380034
m2_1_globalrepair20_pair_010,m2_1_globalrepair20_pair_010:task0:step173,238,238,True,1,25,3.20571362
m2_1_globalrepair20_pair_010,m2_1_globalrepair20_pair_010:task0:step174,244,244,True,1,25,3.18525999
m2_1_globalrepair20_pair_010,m2_1_globalrepair20_pair_010:task0:step175,249,249,True,1,25,3.02997798
m2_1_globalrepair20_pair_010,m2_1_globalrepair20_pair_010:task0:step176,255,255,True,1,25,4.22135839
m2_1_globalrepair20_pair_010,m2_1_globalrepair20_pair_010:task0:step177,245,216,False,6,25,2.23881975
m2_1_globalrepair20_pair_010,m2_1_globalrepair20_pair_010:task0:step178,229,213,False,3,25,3.15944513
m2_1_globalrepair20_pair_010,m2_1_globalrepair20_pair_010:task0:step179,224,224,True,1,25,2.65446537
m2_1_globalrepair20_pair_010,m2_1_globalrepair20_pair_010:task0:step18,425,388,False,6,25,1.88239752
m2_1_globalrepair20_pair_010,m2_1_globalrepair20_pair_010:task0:step180,229,233,False,3,25,3.81587673
m2_1_globalrepair20_pair_010,m2_1_globalrepair20_pair_010:task0:step181,229,229,True,1,25,2.88712042
m2_1_globalrepair20_pair_010,m2_1_globalrepair20_pair_010:task0:step182,200,200,True,1,25,2.36865128
m2_1_globalrepair20_pair_010,m2_1_globalrepair20_pair_010:task0:step183,196,196,True,1,25,3.01773046
m2_1_globalrepair20_pair_010,m2_1_globalrepair20_pair_010:task0:step184,207,207,True,1,25,2.64078758
m2_1_globalrepair20_pair_010,m2_1_globalrepair20_pair_010:task0:step185,197,197,True,1,25,3.44159818
m2_1_globalrepair20_pair_010,m2_1_globalrepair20_pair_010:task0:step186,194,183,False,3,25,2.44051132
m2_1_globalrepair20_pair_010,m2_1_globalrepair20_pair_010:task0:step187,194,194,True,1,25,2.29993104
m2_1_globalrepair20_pair_010,m2_1_globalrepair20_pair_010:task0:step188,198,198,True,1,25,2.86657744
m2_1_globalrepair20_pair_010,m2_1_globalrepair20_pair_010:task0:step189,202,218,False,2,25,2.61642544
m2_1_globalrepair20_pair_010,m2_1_globalrepair20_pair_010:task0:step19,383,383,True,1,25,2.58238795
m2_1_globalrepair20_pair_010,m2_1_globalrepair20_pair_010:task0:step190,227,202,False,2,25,2.76795194
m2_1_globalrepair20_pair_010,m2_1_globalrepair20_pair_010:task0:step191,227,165,False,5,25,1.69128489
m2_1_globalrepair20_pair_010,m2_1_globalrepair20_pair_010:task0:step192,146,154,False,9,25,2.90210415
m2_1_globalrepair20_pair_010,m2_1_globalrepair20_pair_010:task0:step193,149,149,True,1,25,3.88461094
m2_1_globalrepair20_pair_010,m2_1_globalrepair20_pair_010:task0:step194,146,146,True,1,25,3.68789239
m2_1_globalrepair20_pair_010,m2_1_globalrepair20_pair_010:task0:step195,145,142,False,2,25,2.60032541
m2_1_globalrepair20_pair_010,m2_1_globalrepair20_pair_010:task0:step196,127,127,True,1,25,3.66305423
m2_1_globalrepair20_pair_010,m2_1_globalrepair20_pair_010:task0:step197,119,119,True,1,25,4.49535022
m2_1_globalrepair20_pair_010,m2_1_globalrepair20_pair_010:task0:step198,112,112,True,1,25,3.02099203
m2_1_globalrepair20_pair_010,m2_1_globalrepair20_pair_010:task0:step199,135,120,False,2,25,2.95165317
m2_1_globalrepair20_pair_010,m2_1_globalrepair20_pair_010:task0:step2,372,372,True,1,25,3.14049432
m2_1_globalrepair20_pair_010,m2_1_globalrepair20_pair_010:task0:step20,399,429,False,10,25,1.80027898
m2_1_globalrepair20_pair_010,m2_1_globalrepair20_pair_010:task0:step200,111,111,True,1,25,3.04198387
m2_1_globalrepair20_pair_010,m2_1_globalrepair20_pair_010:task0:step201,118,123,False,2,25,2.8118415
m2_1_globalrepair20_pair_010,m2_1_globalrepair20_pair_010:task0:step202,133,133,True,1,25,2.63508054
m2_1_globalrepair20_pair_010,m2_1_globalrepair20_pair_010:task0:step203,124,124,True,1,25,2.55309343
m2_1_globalrepair20_pair_010,m2_1_globalrepair20_pair_010:task0:step204,117,117,True,1,25,2.7034517
m2_1_globalrepair20_pair_010,m2_1_globalrepair20_pair_010:task0:step205,138,138,True,1,25,1.39355943
m2_1_globalrepair20_pair_010,m2_1_globalrepair20_pair_010:task0:step206,151,151,True,1,25,2.60208449
m2_1_globalrepair20_pair_010,m2_1_globalrepair20_pair_010:task0:step207,152,152,True,1,25,1.70550539
m2_1_globalrepair20_pair_010,m2_1_globalrepair20_pair_010:task0:step208,144,147,False,2,25,2.60506477
m2_1_globalrepair20_pair_010,m2_1_globalrepair20_pair_010:task0:step209,144,144,True,1,25,2.80043097
m2_1_globalrepair20_pair_010,m2_1_globalrepair20_pair_010:task0:step21,425,425,True,1,25,3.3520737
m2_1_globalrepair20_pair_010,m2_1_globalrepair20_pair_010:task0:step210,139,139,True,1,25,3.24805275
m2_1_globalrepair20_pair_010,m2_1_globalrepair20_pair_010:task0:step211,134,118,False,2,25,2.26704165
m2_1_globalrepair20_pair_010,m2_1_globalrepair20_pair_010:task0:step212,94,106,False,4,25,2.83133257
m2_1_globalrepair20_pair_010,m2_1_globalrepair20_pair_010:task0:step213,97,97,True,1,25,3.68709474
m2_1_globalrepair20_pair_010,m2_1_globalrepair20_pair_010:task0:step214,94,94,True,1,25,3.17154807
m2_1_globalrepair20_pair_010,m2_1_globalrepair20_pair_010:task0:step215,85,90,False,3,25,3.10958339
m2_1_globalrepair20_pair_010,m2_1_globalrepair20_pair_010:task0:step216,85,86,False,2,25,3.64596051
m2_1_globalrepair20_pair_010,m2_1_globalrepair20_pair_010:task0:step217,85,75,False,2,25,4.04610694
m2_1_globalrepair20_pair_010,m2_1_globalrepair20_pair_010:task0:step218,70,80,False,2,25,2.97244674
m2_1_globalrepair20_pair_010,m2_1_globalrepair20_pair_010:task0:step219,54,70,False,3,25,2.28552509
m2_1_globalrepair20_pair_010,m2_1_globalrepair20_pair_010:task0:step22,437,421,False,7,25,2.54588272
m2_1_globalrepair20_pair_010,m2_1_globalrepair20_pair_010:task0:step220,54,60,False,2,25,2.70424315
m2_1_globalrepair20_pair_010,m2_1_globalrepair20_pair_010:task0:step221,54,54,True,1,25,3.46975318
m2_1_globalrepair20_pair_010,m2_1_globalrepair20_pair_010:task0:step222,41,50,False,3,25,3.05403765
m2_1_globalrepair20_pair_010,m2_1_globalrepair20_pair_010:task0:step223,41,45,False,5,25,3.19596118
m2_1_globalrepair20_pair_010,m2_1_globalrepair20_pair_010:task0:step224,41,103,False,25,25,3.6378476
m2_1_globalrepair20_pair_010,m2_1_globalrepair20_pair_010:task0:step225,102,129,False,6,25,3.19859019
m2_1_globalrepair20_pair_010,m2_1_globalrepair20_pair_010:task0:step226,135,107,False,10,25,3.26807681
m2_1_globalrepair20_pair_010,m2_1_globalrepair20_pair_010:task0:step227,141,125,False,7,25,3.10198182
m2_1_globalrepair20_pair_010,m2_1_globalrepair20_pair_010:task0:step228,141,157,False,17,25,3.66321358
m2_1_globalrepair20_pair_010,m2_1_globalrepair20_pair_010:task0:step229,141,159,False,2,25,3.65778196
m2_1_globalrepair20_pair_010,m2_1_globalrepair20_pair_010:task0:step23,439,341,False,25,25,3.55608242
m2_1_globalrepair20_pair_010,m2_1_globalrepair20_pair_010:task0:step230,166,166,True,1,25,2.87461389
m2_1_globalrepair20_pair_010,m2_1_globalrepair20_pair_010:task0:step231,141,153,False,2,25,2.97931128
m2_1_globalrepair20_pair_010,m2_1_globalrepair20_pair_010:task0:step232,148,148,True,1,25,3.12037045
m2_1_globalrepair20_pair_010,m2_1_globalrepair20_pair_010:task0:step233,135,114,False,7,25,2.96772501
m2_1_globalrepair20_pair_010,m2_1_globalrepair20_pair_010:task0:step234,104,104,True,1,25,3.7223324
m2_1_globalrepair20_pair_010,m2_1_globalrepair20_pair_010:task0:step235,96,96,True,1,25,3.11182657
m2_1_globalrepair20_pair_010,m2_1_globalrepair20_pair_010:task0:step236,83,115,False,5,25,2.61152999
m2_1_globalrepair20_pair_010,m2_1_globalrepair20_pair_010:task0:step237,131,131,True,1,25,3.50944326
m2_1_globalrepair20_pair_010,m2_1_globalrepair20_pair_010:task0:step238,136,136,True,1,25,3.33269684
m2_1_globalrepair20_pair_010,m2_1_globalrepair20_pair_010:task0:step239,145,98,False,9,25,3.32752315
m2_1_globalrepair20_pair_010,m2_1_globalrepair20_pair_010:task0:step24,337,337,True,1,25,2.98250556
m2_1_globalrepair20_pair_010,m2_1_globalrepair20_pair_010:task0:step240,105,105,True,1,25,3.06388992
m2_1_globalrepair20_pair_010,m2_1_globalrepair20_pair_010:task0:step241,110,110,True,1,25,3.48151642
m2_1_globalrepair20_pair_010,m2_1_globalrepair20_pair_010:task0:step242,99,92,False,3,25,2.52493602
m2_1_globalrepair20_pair_010,m2_1_globalrepair20_pair_010:task0:step243,87,87,True,1,25,2.86065081
m2_1_globalrepair20_pair_010,m2_1_globalrepair20_pair_010:task0:step244,99,99,True,1,25,2.9657965
m2_1_globalrepair20_pair_010,m2_1_globalrepair20_pair_010:task0:step245,95,95,True,1,25,3.22503829
m2_1_globalrepair20_pair_010,m2_1_globalrepair20_pair_010:task0:step246,91,91,True,1,25,3.00094339
m2_1_globalrepair20_pair_010,m2_1_globalrepair20_pair_010:task0:step247,81,109,False,2,25,2.40018562
m2_1_globalrepair20_pair_010,m2_1_globalrepair20_pair_010:task0:step248,100,100,True,1,25,2.75110415
m2_1_globalrepair20_pair_010,m2_1_globalrepair20_pair_010:task0:step249,81,81,True,1,25,3.2841436
m2_1_globalrepair20_pair_010,m2_1_globalrepair20_pair_010:task0:step25,333,333,True,1,25,2.84883482
m2_1_globalrepair20_pair_010,m2_1_globalrepair20_pair_010:task0:step250,85,61,False,3,25,2.67680263
m2_1_globalrepair20_pair_010,m2_1_globalrepair20_pair_010:task0:step251,51,72,False,3,25,3.22897064
m2_1_globalrepair20_pair_010,m2_1_globalrepair20_pair_010:task0:step252,76,85,False,2,25,2.82739594
m2_1_globalrepair20_pair_010,m2_1_globalrepair20_pair_010:task0:step253,71,71,True,1,25,2.03398393
m2_1_globalrepair20_pair_010,m2_1_globalrepair20_pair_010:task0:step254,76,66,False,3,25,2.68203902
m2_1_globalrepair20_pair_010,m2_1_globalrepair20_pair_010:task0:step255,51,46,False,4,25,3.25189214
m2_1_globalrepair20_pair_010,m2_1_globalrepair20_pair_010:task0:step256,41,51,False,2,25,4.13420552
m2_1_globalrepair20_pair_010,m2_1_globalrepair20_pair_010:task0:step257,41,41,True,1,25,2.97040257
m2_1_globalrepair20_pair_010,m2_1_globalrepair20_pair_010:task0:step258,34,34,True,1,25,3.27389318
m2_1_globalrepair20_pair_010,m2_1_globalrepair20_pair_010:task0:step259,29,29,True,1,25,2.95332706
m2_1_globalrepair20_pair_010,m2_1_globalrepair20_pair_010:task0:step26,330,330,True,1,25,2.96576897
m2_1_globalrepair20_pair_010,m2_1_globalrepair20_pair_010:task0:step260,25,25,True,1,25,2.20546662
m2_1_globalrepair20_pair_010,m2_1_globalrepair20_pair_010:task0:step261,16,22,False,2,25,2.90130454
m2_1_globalrepair20_pair_010,m2_1_globalrepair20_pair_010:task0:step262,30,30,True,1,25,2.31382472
m2_1_globalrepair20_pair_010,m2_1_globalrepair20_pair_010:task0:step263,42,67,False,24,25,2.66751126
m2_1_globalrepair20_pair_010,m2_1_globalrepair20_pair_010:task0:step264,62,62,True,1,25,3.11984206
m2_1_globalrepair20_pair_010,m2_1_globalrepair20_pair_010:task0:step265,57,57,True,1,25,3.32012506
m2_1_globalrepair20_pair_010,m2_1_globalrepair20_pair_010:task0:step266,73,52,False,2,25,2.66458602
m2_1_globalrepair20_pair_010,m2_1_globalrepair20_pair_010:task0:step267,48,48,True,1,25,3.16433532
m2_1_globalrepair20_pair_010,m2_1_globalrepair20_pair_010:task0:step268,43,43,True,1,25,2.83240062
m2_1_globalrepair20_pair_010,m2_1_globalrepair20_pair_010:task0:step269,42,38,False,2,25,2.75760378
m2_1_globalrepair20_pair_010,m2_1_globalrepair20_pair_010:task0:step27,308,326,False,2,25,2.84082521
m2_1_globalrepair20_pair_010,m2_1_globalrepair20_pair_010:task0:step270,31,77,False,18,25,2.85326061
m2_1_globalrepair20_pair_010,m2_1_globalrepair20_pair_010:task0:step271,82,122,False,25,25,3.24307456
m2_1_globalrepair20_pair_010,m2_1_globalrepair20_pair_010:task0:step272,128,137,False,2,25,3.27737361
m2_1_globalrepair20_pair_010,m2_1_globalrepair20_pair_010:task0:step273,132,128,False,4,25,3.34272216
m2_1_globalrepair20_pair_010,m2_1_globalrepair20_pair_010:task0:step274,132,145,False,4,25,2.64070851
m2_1_globalrepair20_pair_010,m2_1_globalrepair20_pair_010:task0:step275,150,143,False,3,25,3.0119472
m2_1_globalrepair20_pair_010,m2_1_globalrepair20_pair_010:task0:step276,132,150,False,4,25,2.06099929
m2_1_globalrepair20_pair_010,m2_1_globalrepair20_pair_010:task0:step277,155,155,True,1,25,2.92859105
m2_1_globalrepair20_pair_010,m2_1_globalrepair20_pair_010:task0:step278,170,188,False,3,25,1.96996989
m2_1_globalrepair20_pair_010,m2_1_globalrepair20_pair_010:task0:step279,184,192,False,2,25,3.4304918
m2_1_globalrepair20_pair_010,m2_1_globalrepair20_pair_010:task0:step28,317,317,True,1,25,3.0373765
m2_1_globalrepair20_pair_010,m2_1_globalrepair20_pair_010:task0:step280,189,189,True,1,25,2.91960133
m2_1_globalrepair20_pair_010,m2_1_globalrepair20_pair_010:task0:step281,184,208,False,2,25,3.78461408
m2_1_globalrepair20_pair_010,m2_1_globalrepair20_pair_010:task0:step282,220,220,True,1,25,2.88847675
m2_1_globalrepair20_pair_010,m2_1_globalrepair20_pair_010:task0:step283,225,225,True,1,25,2.67163138
m2_1_globalrepair20_pair_010,m2_1_globalrepair20_pair_010:task0:step284,245,237,False,2,25,2.19274588
m2_1_globalrepair20_pair_010,m2_1_globalrepair20_pair_010:task0:step285,245,245,True,1,25,2.90306996
m2_1_globalrepair20_pair_010,m2_1_globalrepair20_pair_010:task0:step286,264,175,False,11,25,1.43867749
m2_1_globalrepair20_pair_010,m2_1_globalrepair20_pair_010:task0:step287,184,184,True,1,25,3.17042114
m2_1_globalrepair20_pair_010,m2_1_globalrepair20_pair_010:task0:step288,170,170,True,1,25,1.78577216
m2_1_globalrepair20_pair_010,m2_1_globalrepair20_pair_010:task0:step289,132,132,True,1,25,1.30230551
m2_1_globalrepair20_pair_010,m2_1_globalrepair20_pair_010:task0:step29,308,308,True,1,25,3.81512028
m2_1_globalrepair20_pair_010,m2_1_globalrepair20_pair_010:task0:step290,116,121,False,2,25,2.18067278
m2_1_globalrepair20_pair_010,m2_1_globalrepair20_pair_010:task0:step291,116,116,True,1,25,3.55739559
m2_1_globalrepair20_pair_010,m2_1_globalrepair20_pair_010:task0:step292,83,79,False,2,25,2.16894405
m2_1_globalrepair20_pair_010,m2_1_globalrepair20_pair_010:task0:step293,83,83,True,1,25,3.34318793
m2_1_globalrepair20_pair_010,m2_1_globalrepair20_pair_010:task0:step294,89,89,True,1,25,3.07629626
m2_1_globalrepair20_pair_010,m2_1_globalrepair20_pair_010:task0:step295,73,93,False,3,25,2.45404795
m2_1_globalrepair20_pair_010,m2_1_globalrepair20_pair_010:task0:step296,53,74,False,5,25,2.54038906
m2_1_globalrepair20_pair_010,m2_1_globalrepair20_pair_010:task0:step297,53,69,False,2,25,3.21902812
m2_1_globalrepair20_pair_010,m2_1_globalrepair20_pair_010:task0:step298,73,59,False,2,25,3.37886564
m2_1_globalrepair20_pair_010,m2_1_globalrepair20_pair_010:task0:step299,53,53,True,1,25,3.69420981
m2_1_globalrepair20_pair_010,m2_1_globalrepair20_pair_010:task0:step3,367,367,True,1,25,2.71996264
m2_1_globalrepair20_pair_010,m2_1_globalrepair20_pair_010:task0:step30,316,303,False,2,25,3.5595083
m2_1_globalrepair20_pair_010,m2_1_globalrepair20_pair_010:task0:step300,49,49,True,1,25,3.09965769
m2_1_globalrepair20_pair_010,m2_1_globalrepair20_pair_010:task0:step301,39,44,False,2,25,3.23809114
m2_1_globalrepair20_pair_010,m2_1_globalrepair20_pair_010:task0:step302,39,39,True,1,25,3.0442006
m2_1_globalrepair20_pair_010,m2_1_globalrepair20_pair_010:task0:step303,73,32,False,2,25,1.95830027
m2_1_globalrepair20_pair_010,m2_1_globalrepair20_pair_010:task0:step304,27,27,True,1,25,2.81802094
m2_1_globalrepair20_pair_010,m2_1_globalrepair20_pair_010:task0:step305,12,58,False,10,25,2.65501992
m2_1_globalrepair20_pair_010,m2_1_globalrepair20_pair_010:task0:step306,73,68,False,2,25,3.5428735
m2_1_globalrepair20_pair_010,m2_1_globalrepair20_pair_010:task0:step307,78,78,True,1,25,2.34977111
m2_1_globalrepair20_pair_010,m2_1_globalrepair20_pair_010:task0:step308,73,73,True,1,25,3.85674443
m2_1_globalrepair20_pair_010,m2_1_globalrepair20_pair_010:task0:step309,63,63,True,1,25,2.48512684
m2_1_globalrepair20_pair_010,m2_1_globalrepair20_pair_010:task0:step31,297,298,False,13,25,2.76116543
m2_1_globalrepair20_pair_010,m2_1_globalrepair20_pair_010:task0:step310,64,88,False,2,25,2.02455947
m2_1_globalrepair20_pair_010,m2_1_globalrepair20_pair_010:task0:step311,64,64,True,1,25,1.31164778
m2_1_globalrepair20_pair_010,m2_1_globalrepair20_pair_010:task0:step312,15,33,False,5,25,1.30858338
m2_1_globalrepair20_pair_010,m2_1_globalrepair20_pair_010:task0:step313,12,82,False,12,25,3.17077052
m2_1_globalrepair20_pair_010,m2_1_globalrepair20_pair_010:task0:step314,113,31,False,6,25,1.8173208
m2_1_globalrepair20_pair_010,m2_1_globalrepair20_pair_010:task0:step315,42,20,False,6,25,2.97742036
m2_1_globalrepair20_pair_010,m2_1_globalrepair20_pair_010:task0:step316,17,17,True,1,25,3.06651805
m2_1_globalrepair20_pair_010,m2_1_globalrepair20_pair_010:task0:step317,5,5,True,1,25,2.93960082
m2_1_globalrepair20_pair_010,m2_1_globalrepair20_pair_010:task0:step318,2,2,True,1,25,3.45807482
m2_1_globalrepair20_pair_010,m2_1_globalrepair20_pair_010:task0:step319,8,1,False,4,25,2.31141481
m2_1_globalrepair20_pair_010,m2_1_globalrepair20_pair_010:task0:step32,316,280,False,2,25,3.94569446
m2_1_globalrepair20_pair_010,m2_1_globalrepair20_pair_010:task0:step320,8,8,True,1,25,3.18046602
m2_1_globalrepair20_pair_010,m2_1_globalrepair20_pair_010:task0:step321,11,11,True,1,25,2.81765635
m2_1_globalrepair20_pair_010,m2_1_globalrepair20_pair_010:task0:step322,14,14,True,1,25,3.00586861
m2_1_globalrepair20_pair_010,m2_1_globalrepair20_pair_010:task0:step323,26,23,False,2,25,2.32246013
m2_1_globalrepair20_pair_010,m2_1_globalrepair20_pair_010:task0:step324,26,26,True,1,25,3.00371981
m2_1_globalrepair20_pair_010,m2_1_globalrepair20_pair_010:task0:step325,42,0,False,7,25,2.84195609
m2_1_globalrepair20_pair_010,m2_1_globalrepair20_pair_010:task0:step326,9,42,False,6,25,1.58654821
m2_1_globalrepair20_pair_010,m2_1_globalrepair20_pair_010:task0:step327,37,37,True,1,25,2.26710862
m2_1_globalrepair20_pair_010,m2_1_globalrepair20_pair_010:task0:step328,76,108,False,10,25,0.94986919
m2_1_globalrepair20_pair_010,m2_1_globalrepair20_pair_010:task0:step329,113,113,True,1,25,3.60936843
m2_1_globalrepair20_pair_010,m2_1_globalrepair20_pair_010:task0:step33,275,275,True,1,25,3.14370814
m2_1_globalrepair20_pair_010,m2_1_globalrepair20_pair_010:task0:step330,126,126,True,1,25,1.79524015
m2_1_globalrepair20_pair_010,m2_1_globalrepair20_pair_010:task0:step331,135,55,False,12,25,2.83627662
m2_1_globalrepair20_pair_010,m2_1_globalrepair20_pair_010:task0:step332,47,47,True,1,25,2.50550147
m2_1_globalrepair20_pair_010,m2_1_globalrepair20_pair_010:task0:step333,56,56,True,1,25,2.6507707
m2_1_globalrepair20_pair_010,m2_1_globalrepair20_pair_010:task0:step334,76,65,False,2,25,2.73375865
m2_1_globalrepair20_pair_010,m2_1_globalrepair20_pair_010:task0:step335,76,76,True,1,25,3.80575526
m2_1_globalrepair20_pair_010,m2_1_globalrepair20_pair_010:task0:step336,101,101,True,1,25,1.58356097
m2_1_globalrepair20_pair_010,m2_1_globalrepair20_pair_010:task0:step337,141,16,False,7,25,2.52827426
m2_1_globalrepair20_pair_010,m2_1_globalrepair20_pair_010:task0:step338,13,13,True,1,25,3.123988
m2_1_globalrepair20_pair_010,m2_1_globalrepair20_pair_010:task0:step339,10,10,True,1,25,3.02054712
m2_1_globalrepair20_pair_010,m2_1_globalrepair20_pair_010:task0:step34,269,269,True,1,25,2.78156638
m2_1_globalrepair20_pair_010,m2_1_globalrepair20_pair_010:task0:step340,7,7,True,1,25,2.89057327
m2_1_globalrepair20_pair_010,m2_1_globalrepair20_pair_010:task0:step341,4,4,True,1,25,2.74295773
m2_1_globalrepair20_pair_010,m2_1_globalrepair20_pair_010:task0:step342,19,19,True,1,25,1.59840979
m2_1_globalrepair20_pair_010,m2_1_globalrepair20_pair_010:task0:step343,21,35,False,3,25,2.67919063
m2_1_globalrepair20_pair_010,m2_1_globalrepair20_pair_010:task0:step344,40,28,False,2,25,2.88564672
m2_1_globalrepair20_pair_010,m2_1_globalrepair20_pair_010:task0:step345,40,40,True,1,25,3.03642985
m2_1_globalrepair20_pair_010,m2_1_globalrepair20_pair_010:task0:step346,36,36,True,1,25,2.91554158
m2_1_globalrepair20_pair_010,m2_1_globalrepair20_pair_010:task0:step347,21,21,True,1,25,2.70552079
m2_1_globalrepair20_pair_010,m2_1_globalrepair20_pair_010:task0:step348,24,24,True,1,25,1.61182285
m2_1_globalrepair20_pair_010,m2_1_globalrepair20_pair_010:task0:step349,102,84,False,4,25,-0.77251547
m2_1_globalrepair20_pair_010,m2_1_globalrepair20_pair_010:task0:step35,279,283,False,6,25,3.30335678
m2_1_globalrepair20_pair_010,m2_1_globalrepair20_pair_010:task0:step350,135,135,True,1,25,2.01761526
m2_1_globalrepair20_pair_010,m2_1_globalrepair20_pair_010:task0:step351,141,130,False,3,25,3.03395836
m2_1_globalrepair20_pair_010,m2_1_globalrepair20_pair_010:task0:step352,141,141,True,1,25,3.11636666
m2_1_globalrepair20_pair_010,m2_1_globalrepair20_pair_010:task0:step353,163,140,False,5,25,0.98691216
m2_1_globalrepair20_pair_010,m2_1_globalrepair20_pair_010:task0:step354,201,318,False,23,25,-0.72511552
m2_1_globalrepair20_pair_010,m2_1_globalrepair20_pair_010:task0:step355,314,314,True,1,25,2.67204439
m2_1_globalrepair20_pair_010,m2_1_globalrepair20_pair_010:task0:step356,335,335,True,1,25,2.48694411
m2_1_globalrepair20_pair_010,m2_1_globalrepair20_pair_010:task0:step357,323,323,True,1,25,2.08184702
m2_1_globalrepair20_pair_010,m2_1_globalrepair20_pair_010:task0:step358,369,415,False,19,25,1.02655238
m2_1_globalrepair20_pair_010,m2_1_globalrepair20_pair_010:task0:step359,412,412,True,1,25,4.28775032
m2_1_globalrepair20_pair_010,m2_1_globalrepair20_pair_010:task0:step36,288,268,False,10,25,3.23236523
m2_1_globalrepair20_pair_010,m2_1_globalrepair20_pair_010:task0:step360,408,408,True,1,25,3.49161968
m2_1_globalrepair20_pair_010,m2_1_globalrepair20_pair_010:task0:step361,396,396,True,1,25,2.87885743
m2_1_globalrepair20_pair_010,m2_1_globalrepair20_pair_010:task0:step362,369,391,False,2,25,2.97896656
m2_1_globalrepair20_pair_010,m2_1_globalrepair20_pair_010:task0:step363,369,402,False,5,25,2.67415843
m2_1_globalrepair20_pair_010,m2_1_globalrepair20_pair_010:task0:step364,369,442,False,14,25,3.18902847
m2_1_globalrepair20_pair_010,m2_1_globalrepair20_pair_010:task0:step365,454,433,False,7,25,4.22592243
m2_1_globalrepair20_pair_010,m2_1_globalrepair20_pair_010:task0:step366,439,439,True,1,25,3.96260307
m2_1_globalrepair20_pair_010,m2_1_globalrepair20_pair_010:task0:step367,454,446,False,6,25,3.71374333
m2_1_globalrepair20_pair_010,m2_1_globalrepair20_pair_010:task0:step368,454,450,False,3,25,3.43458756
m2_1_globalrepair20_pair_010,m2_1_globalrepair20_pair_010:task0:step369,454,455,False,5,25,4.90932254
m2_1_globalrepair20_pair_010,m2_1_globalrepair20_pair_010:task0:step37,279,279,True,1,25,2.92209373
m2_1_globalrepair20_pair_010,m2_1_globalrepair20_pair_010:task0:step370,454,443,False,5,25,4.11966325
m2_1_globalrepair20_pair_010,m2_1_globalrepair20_pair_010:task0:step371,454,452,False,2,25,5.03012481
m2_1_globalrepair20_pair_010,m2_1_globalrepair20_pair_010:task0:step372,459,459,True,1,25,3.90624596
m2_1_globalrepair20_pair_010,m2_1_globalrepair20_pair_010:task0:step373,454,462,False,2,25,4.65725213
m2_1_globalrepair20_pair_010,m2_1_globalrepair20_pair_010:task0:step374,470,470,True,1,25,2.58095254
m2_1_globalrepair20_pair_010,m2_1_globalrepair20_pair_010:task0:step375,478,478,True,1,25,3.47204415
m2_1_globalrepair20_pair_010,m2_1_globalrepair20_pair_010:task0:step376,498,471,False,2,25,3.63347064
m2_1_globalrepair20_pair_010,m2_1_globalrepair20_pair_010:task0:step377,454,447,False,4,25,3.54855146
m2_1_globalrepair20_pair_010,m2_1_globalrepair20_pair_010:task0:step378,448,422,False,4,25,2.24435488
m2_1_globalrepair20_pair_010,m2_1_globalrepair20_pair_010:task0:step379,418,426,False,4,25,2.60505048
m2_1_globalrepair20_pair_010,m2_1_globalrepair20_pair_010:task0:step38,267,291,False,2,25,2.7852244
m2_1_globalrepair20_pair_010,m2_1_globalrepair20_pair_010:task0:step380,430,431,False,2,25,2.83551498
m2_1_globalrepair20_pair_010,m2_1_globalrepair20_pair_010:task0:step381,432,411,False,4,25,2.25213469
m2_1_globalrepair20_pair_010,m2_1_globalrepair20_pair_010:task0:step382,369,448,False,11,25,1.99188617
m2_1_globalrepair20_pair_010,m2_1_globalrepair20_pair_010:task0:step383,454,430,False,2,25,3.24708638
m2_1_globalrepair20_pair_010,m2_1_globalrepair20_pair_010:task0:step384,454,434,False,2,25,2.9293991
m2_1_globalrepair20_pair_010,m2_1_globalrepair20_pair_010:task0:step385,454,469,False,3,25,3.72408449
m2_1_globalrepair20_pair_010,m2_1_globalrepair20_pair_010:task0:step386,483,476,False,4,25,2.34457287
m2_1_globalrepair20_pair_010,m2_1_globalrepair20_pair_010:task0:step387,454,493,False,2,25,3.85361108
m2_1_globalrepair20_pair_010,m2_1_globalrepair20_pair_010:task0:step388,507,498,False,10,25,2.6021113
m2_1_globalrepair20_pair_010,m2_1_globalrepair20_pair_010:task0:step389,505,505,True,1,25,3.15640306
m2_1_globalrepair20_pair_010,m2_1_globalrepair20_pair_010:task0:step39,274,296,False,4,25,2.15116474
m2_1_globalrepair20_pair_010,m2_1_globalrepair20_pair_010:task0:step390,500,497,False,5,25,2.9730044
m2_1_globalrepair20_pair_010,m2_1_globalrepair20_pair_010:task0:step391,500,500,True,1,25,3.4462237
m2_1_globalrepair20_pair_010,m2_1_globalrepair20_pair_010:task0:step392,504,504,True,1,25,2.93739874
m2_1_globalrepair20_pair_010,m2_1_globalrepair20_pair_010:task0:step393,520,484,False,3,25,2.68615916
m2_1_globalrepair20_pair_010,m2_1_globalrepair20_pair_010:task0:step394,479,479,True,1,25,3.25386408
m2_1_globalrepair20_pair_010,m2_1_globalrepair20_pair_010:task0:step395,473,473,True,1,25,2.62251983
m2_1_globalrepair20_pair_010,m2_1_globalrepair20_pair_010:task0:step396,457,466,False,3,25,3.30838158
m2_1_globalrepair20_pair_010,m2_1_globalrepair20_pair_010:task0:step397,457,461,False,3,25,3.64531759
m2_1_globalrepair20_pair_010,m2_1_globalrepair20_pair_010:task0:step398,457,457,True,1,25,3.61873871
m2_1_globalrepair20_pair_010,m2_1_globalrepair20_pair_010:task0:step399,460,460,True,1,25,2.94178071
m2_1_globalrepair20_pair_010,m2_1_globalrepair20_pair_010:task0:step4,336,397,False,18,25,2.81030683
m2_1_globalrepair20_pair_010,m2_1_globalrepair20_pair_010:task0:step40,293,293,True,1,25,2.82916337
m2_1_globalrepair20_pair_010,m2_1_globalrepair20_pair_010:task0:step400,465,465,True,1,25,2.90055294
m2_1_globalrepair20_pair_010,m2_1_globalrepair20_pair_010:task0:step401,437,453,False,2,25,2.24907332
m2_1_globalrepair20_pair_010,m2_1_globalrepair20_pair_010:task0:step402,458,489,False,7,25,2.68582698
m2_1_globalrepair20_pair_010,m2_1_globalrepair20_pair_010:task0:step403,496,474,False,2,25,2.70983765
m2_1_globalrepair20_pair_010,m2_1_globalrepair20_pair_010:task0:step404,454,527,False,9,25,2.30147728
m2_1_globalrepair20_pair_010,m2_1_globalrepair20_pair_010:task0:step405,521,521,True,1,25,2.97692446
m2_1_globalrepair20_pair_010,m2_1_globalrepair20_pair_010:task0:step406,542,509,False,3,25,3.52024232
m2_1_globalrepair20_pair_010,m2_1_globalrepair20_pair_010:task0:step407,514,501,False,2,25,2.75649003
m2_1_globalrepair20_pair_010,m2_1_globalrepair20_pair_010:task0:step408,454,495,False,2,25,2.84794379
m2_1_globalrepair20_pair_010,m2_1_globalrepair20_pair_010:task0:step409,454,502,False,24,25,2.65340828
m2_1_globalrepair20_pair_010,m2_1_globalrepair20_pair_010:task0:step41,305,305,True,1,25,3.35958856
m2_1_globalrepair20_pair_010,m2_1_globalrepair20_pair_010:task0:step410,506,506,True,1,25,2.60159977
m2_1_globalrepair20_pair_010,m2_1_globalrepair20_pair_010:task0:step411,522,510,False,2,25,3.00208628
m2_1_globalrepair20_pair_010,m2_1_globalrepair20_pair_010:task0:step412,515,515,True,1,25,3.05672789
m2_1_globalrepair20_pair_010,m2_1_globalrepair20_pair_010:task0:step413,522,522,True,1,25,3.59181658
m2_1_globalrepair20_pair_010,m2_1_globalrepair20_pair_010:task0:step414,528,528,True,1,25,3.49134503
m2_1_globalrepair20_pair_010,m2_1_globalrepair20_pair_010:task0:step415,534,557,False,4,25,2.21199002
m2_1_globalrepair20_pair_010,m2_1_globalrepair20_pair_010:task0:step416,551,551,True,1,25,4.36255326
m2_1_globalrepair20_pair_010,m2_1_globalrepair20_pair_010:task0:step417,545,545,True,1,25,3.35800575
m2_1_globalrepair20_pair_010,m2_1_globalrepair20_pair_010:task0:step418,542,542,True,1,25,3.14341455
m2_1_globalrepair20_pair_010,m2_1_globalrepair20_pair_010:task0:step419,556,556,True,1,25,2.58821037
m2_1_globalrepair20_pair_010,m2_1_globalrepair20_pair_010:task0:step42,314,294,False,5,25,2.64481489
m2_1_globalrepair20_pair_010,m2_1_globalrepair20_pair_010:task0:step420,572,544,False,2,25,3.08134125
m2_1_globalrepair20_pair_010,m2_1_globalrepair20_pair_010:task0:step421,541,555,False,3,25,2.55622288
m2_1_globalrepair20_pair_010,m2_1_globalrepair20_pair_010:task0:step422,553,566,False,11,25,3.08078087
m2_1_globalrepair20_pair_010,m2_1_globalrepair20_pair_010:task0:step423,559,571,False,2,25,3.74321157
m2_1_globalrepair20_pair_010,m2_1_globalrepair20_pair_010:task0:step424,598,567,False,6,25,3.0033278
m2_1_globalrepair20_pair_010,m2_1_globalrepair20_pair_010:task0:step425,570,570,True,1,25,2.92847626
m2_1_globalrepair20_pair_010,m2_1_globalrepair20_pair_010:task0:step426,598,553,False,12,25,2.94842344
m2_1_globalrepair20_pair_010,m2_1_globalrepair20_pair_010:task0:step427,559,548,False,3,25,2.91655804
m2_1_globalrepair20_pair_010,m2_1_globalrepair20_pair_010:task0:step428,532,532,True,1,25,3.38754068
m2_1_globalrepair20_pair_010,m2_1_globalrepair20_pair_010:task0:step429,526,526,True,1,25,2.82092449
m2_1_globalrepair20_pair_010,m2_1_globalrepair20_pair_010:task0:step43,286,299,False,5,25,3.55194588
m2_1_globalrepair20_pair_010,m2_1_globalrepair20_pair_010:task0:step430,520,520,True,1,25,2.542011
m2_1_globalrepair20_pair_010,m2_1_globalrepair20_pair_010:task0:step431,513,513,True,1,25,2.76367253
m2_1_globalrepair20_pair_010,m2_1_globalrepair20_pair_010:task0:step432,519,519,True,1,25,3.15233646
m2_1_globalrepair20_pair_010,m2_1_globalrepair20_pair_010:task0:step433,514,514,True,1,25,2.81457866
m2_1_globalrepair20_pair_010,m2_1_globalrepair20_pair_010:task0:step434,541,494,False,12,25,3.05081926
m2_1_globalrepair20_pair_010,m2_1_globalrepair20_pair_010:task0:step435,454,490,False,3,25,3.5403171
m2_1_globalrepair20_pair_010,m2_1_globalrepair20_pair_010:task0:step436,454,485,False,2,25,3.7711307
m2_1_globalrepair20_pair_010,m2_1_globalrepair20_pair_010:task0:step437,454,535,False,8,25,3.27868379
m2_1_globalrepair20_pair_010,m2_1_globalrepair20_pair_010:task0:step438,580,511,False,4,25,1.9693851
m2_1_globalrepair20_pair_010,m2_1_globalrepair20_pair_010:task0:step439,507,507,True,1,25,3.05297315
m2_1_globalrepair20_pair_010,m2_1_globalrepair20_pair_010:task0:step44,316,289,False,3,25,3.89835181
m2_1_globalrepair20_pair_010,m2_1_globalrepair20_pair_010:task0:step440,492,517,False,3,25,2.78532543
m2_1_globalrepair20_pair_010,m2_1_globalrepair20_pair_010:task0:step441,524,524,True,1,25,2.72289856
m2_1_globalrepair20_pair_010,m2_1_globalrepair20_pair_010:task0:step442,530,538,False,2,25,2.84061466
m2_1_globalrepair20_pair_010,m2_1_globalrepair20_pair_010:task0:step443,530,530,True,1,25,2.64582667
m2_1_globalrepair20_pair_010,m2_1_globalrepair20_pair_010:task0:step444,518,518,True,1,25,2.40566182
m2_1_globalrepair20_pair_010,m2_1_globalrepair20_pair_010:task0:step445,492,529,False,2,25,1.91434205
m2_1_globalrepair20_pair_010,m2_1_globalrepair20_pair_010:task0:step446,537,537,True,1,25,2.73079544
m2_1_globalrepair20_pair_010,m2_1_globalrepair20_pair_010:task0:step447,558,512,False,5,25,2.68755685
m2_1_globalrepair20_pair_010,m2_1_globalrepair20_pair_010:task0:step448,523,503,False,5,25,2.6129835
m2_1_globalrepair20_pair_010,m2_1_globalrepair20_pair_010:task0:step449,492,508,False,2,25,3.67965845
m2_1_globalrepair20_pair_010,m2_1_globalrepair20_pair_010:task0:step45,284,284,True,1,25,3.0823243
m2_1_globalrepair20_pair_010,m2_1_globalrepair20_pair_010:task0:step450,523,499,False,4,25,2.60674522
m2_1_globalrepair20_pair_010,m2_1_globalrepair20_pair_010:task0:step451,492,492,True,1,25,3.89257958
m2_1_globalrepair20_pair_010,m2_1_globalrepair20_pair_010:task0:step452,486,491,False,4,25,2.21383045
m2_1_globalrepair20_pair_010,m2_1_globalrepair20_pair_010:task0:step453,487,487,True,1,25,2.81454836
m2_1_globalrepair20_pair_010,m2_1_globalrepair20_pair_010:task0:step454,481,481,True,1,25,2.97087108
m2_1_globalrepair20_pair_010,m2_1_globalrepair20_pair_010:task0:step455,454,477,False,4,25,3.8504161
m2_1_globalrepair20_pair_010,m2_1_globalrepair20_pair_010:task0:step456,454,472,False,2,25,3.86452547
m2_1_globalrepair20_pair_010,m2_1_globalrepair20_pair_010:task0:step457,454,464,False,2,25,4.03461412
m2_1_globalrepair20_pair_010,m2_1_globalrepair20_pair_010:task0:step458,454,488,False,5,25,4.6050728
m2_1_globalrepair20_pair_010,m2_1_globalrepair20_pair_010:task0:step459,454,516,False,15,25,3.21255748
m2_1_globalrepair20_pair_010,m2_1_globalrepair20_pair_010:task0:step46,286,271,False,5,25,3.36131553
m2_1_globalrepair20_pair_010,m2_1_globalrepair20_pair_010:task0:step460,523,523,True,1,25,2.68103539
m2_1_globalrepair20_pair_010,m2_1_globalrepair20_pair_010:task0:step461,543,543,True,1,25,2.72776372
m2_1_globalrepair20_pair_010,m2_1_globalrepair20_pair_010:task0:step462,546,546,True,1,25,2.61805683
m2_1_globalrepair20_pair_010,m2_1_globalrepair20_pair_010:task0:step463,558,590,False,7,25,2.7354361
m2_1_globalrepair20_pair_010,m2_1_globalrepair20_pair_010:task0:step464,584,584,True,1,25,2.81514263
m2_1_globalrepair20_pair_010,m2_1_globalrepair20_pair_010:task0:step465,580,580,True,1,25,3.43074833
m2_1_globalrepair20_pair_010,m2_1_globalrepair20_pair_010:task0:step466,579,596,False,3,25,3.07075784
m2_1_globalrepair20_pair_010,m2_1_globalrepair20_pair_010:task0:step467,606,602,False,3,25,2.89399028
m2_1_globalrepair20_pair_010,m2_1_globalrepair20_pair_010:task0:step468,606,606,True,1,25,3.07798465
m2_1_globalrepair20_pair_010,m2_1_globalrepair20_pair_010:task0:step469,625,610,False,2,25,2.86974369
m2_1_globalrepair20_pair_010,m2_1_globalrepair20_pair_010:task0:step47,282,277,False,3,25,3.54883882
m2_1_globalrepair20_pair_010,m2_1_globalrepair20_pair_010:task0:step470,625,625,True,1,25,3.9735706
m2_1_globalrepair20_pair_010,m2_1_globalrepair20_pair_010:task0:step471,628,628,True,1,25,3.88420615
m2_1_globalrepair20_pair_010,m2_1_globalrepair20_pair_010:task0:step472,633,633,True,1,25,2.49824053
m2_1_globalrepair20_pair_010,m2_1_globalrepair20_pair_010:task0:step473,642,637,False,3,25,3.6656224
m2_1_globalrepair20_pair_010,m2_1_globalrepair20_pair_010:task0:step474,657,619,False,3,25,3.59457454
m2_1_globalrepair20_pair_010,m2_1_globalrepair20_pair_010:task0:step475,657,585,False,5,25,2.37115643
m2_1_globalrepair20_pair_010,m2_1_globalrepair20_pair_010:task0:step476,579,575,False,3,25,3.69423926
m2_1_globalrepair20_pair_010,m2_1_globalrepair20_pair_010:task0:step477,558,558,True,1,25,2.97287519
m2_1_globalrepair20_pair_010,m2_1_globalrepair20_pair_010:task0:step478,547,569,False,3,25,2.72571224
m2_1_globalrepair20_pair_010,m2_1_globalrepair20_pair_010:task0:step479,579,564,False,3,25,2.82223103
m2_1_globalrepair20_pair_010,m2_1_globalrepair20_pair_010:task0:step48,270,285,False,2,25,2.61417998
m2_1_globalrepair20_pair_010,m2_1_globalrepair20_pair_010:task0:step480,579,552,False,2,25,3.53602481
m2_1_globalrepair20_pair_010,m2_1_globalrepair20_pair_010:task0:step481,563,563,True,1,25,2.57471986
m2_1_globalrepair20_pair_010,m2_1_globalrepair20_pair_010:task0:step482,573,579,False,3,25,2.82080605
m2_1_globalrepair20_pair_010,m2_1_globalrepair20_pair_010:task0:step483,586,586,True,1,25,3.01264255
m2_1_globalrepair20_pair_010,m2_1_globalrepair20_pair_010:task0:step484,574,574,True,1,25,2.38744702
m2_1_globalrepair20_pair_010,m2_1_globalrepair20_pair_010:task0:step485,547,547,True,1,25,2.2400426
m2_1_globalrepair20_pair_010,m2_1_globalrepair20_pair_010:task0:step486,536,536,True,1,25,2.63651506
m2_1_globalrepair20_pair_010,m2_1_globalrepair20_pair_010:task0:step487,573,565,False,9,25,1.13634178
m2_1_globalrepair20_pair_010,m2_1_globalrepair20_pair_010:task0:step488,657,432,False,25,25,0.17042707
m2_1_globalrepair20_pair_010,m2_1_globalrepair20_pair_010:task0:step489,444,435,False,2,25,2.75795007
m2_1_globalrepair20_pair_010,m2_1_globalrepair20_pair_010:task0:step49,287,287,True,1,25,2.78108662
m2_1_globalrepair20_pair_010,m2_1_globalrepair20_pair_010:task0:step490,444,418,False,4,25,3.23905257
m2_1_globalrepair20_pair_010,m2_1_globalrepair20_pair_010:task0:step491,414,414,True,1,25,3.13890407
m2_1_globalrepair20_pair_010,m2_1_globalrepair20_pair_010:task0:step492,419,419,True,1,25,2.73546476
m2_1_globalrepair20_pair_010,m2_1_globalrepair20_pair_010:task0:step493,444,423,False,2,25,2.94480087
m2_1_globalrepair20_pair_010,m2_1_globalrepair20_pair_010:task0:step494,427,427,True,1,25,2.75440192
m2_1_globalrepair20_pair_010,m2_1_globalrepair20_pair_010:task0:step495,444,436,False,2,25,3.63544537
m2_1_globalrepair20_pair_010,m2_1_globalrepair20_pair_010:task0:step496,440,440,True,1,25,2.82059902
m2_1_globalrepair20_pair_010,m2_1_globalrepair20_pair_010:task0:step497,454,454,True,1,25,3.92045625
m2_1_globalrepair20_pair_010,m2_1_globalrepair20_pair_010:task0:step498,468,468,True,1,25,2.24393242
m2_1_globalrepair20_pair_010,m2_1_globalrepair20_pair_010:task0:step499,475,475,True,1,25,2.77251167
m2_1_globalrepair20_pair_010,m2_1_globalrepair20_pair_010:task0:step5,393,387,False,5,25,3.04829973
m2_1_globalrepair20_pair_010,m2_1_globalrepair20_pair_010:task0:step50,292,292,True,1,25,2.73513672
m2_1_globalrepair20_pair_010,m2_1_globalrepair20_pair_010:task0:step500,480,480,True,1,25,2.73438263
m2_1_globalrepair20_pair_010,m2_1_globalrepair20_pair_010:task0:step501,467,534,False,2,25,1.89953442
m2_1_globalrepair20_pair_010,m2_1_globalrepair20_pair_010:task0:step502,568,562,False,12,25,3.01687595
m2_1_globalrepair20_pair_010,m2_1_globalrepair20_pair_010:task0:step503,568,483,False,25,25,3.33762682
m2_1_globalrepair20_pair_010,m2_1_globalrepair20_pair_010:task0:step504,486,444,False,3,25,2.14963025
m2_1_globalrepair20_pair_010,m2_1_globalrepair20_pair_010:task0:step505,449,449,True,1,25,2.70295844
m2_1_globalrepair20_pair_010,m2_1_globalrepair20_pair_010:task0:step506,451,451,True,1,25,3.07226702
m2_1_globalrepair20_pair_010,m2_1_globalrepair20_pair_010:task0:step507,463,463,True,1,25,2.20004642
m2_1_globalrepair20_pair_010,m2_1_globalrepair20_pair_010:task0:step508,482,482,True,1,25,1.71551886
m2_1_globalrepair20_pair_010,m2_1_globalrepair20_pair_010:task0:step509,486,416,False,14,25,1.99194747
m2_1_globalrepair20_pair_010,m2_1_globalrepair20_pair_010:task0:step51,288,288,True,1,25,2.7362018
m2_1_globalrepair20_pair_010,m2_1_globalrepair20_pair_010:task0:step510,420,399,False,3,25,2.29145142
m2_1_globalrepair20_pair_010,m2_1_globalrepair20_pair_010:task0:step511,407,407,True,1,25,2.64849343
m2_1_globalrepair20_pair_010,m2_1_globalrepair20_pair_010:task0:step512,420,438,False,6,25,2.23987092
m2_1_globalrepair20_pair_010,m2_1_globalrepair20_pair_010:task0:step513,458,456,False,2,25,1.83289475
m2_1_globalrepair20_pair_010,m2_1_globalrepair20_pair_010:task0:step514,458,458,True,1,25,3.12182487
m2_1_globalrepair20_pair_010,m2_1_globalrepair20_pair_010:task0:step515,467,609,False,25,25,1.46413809
m2_1_globalrepair20_pair_010,m2_1_globalrepair20_pair_010:task0:step516,624,614,False,4,25,4.01614086
m2_1_globalrepair20_pair_010,m2_1_globalrepair20_pair_010:task0:step517,604,604,True,1,25,3.4409957
m2_1_globalrepair20_pair_010,m2_1_globalrepair20_pair_010:task0:step518,599,599,True,1,25,3.05539135
m2_1_globalrepair20_pair_010,m2_1_globalrepair20_pair_010:task0:step519,612,595,False,2,25,3.29490899
m2_1_globalrepair20_pair_010,m2_1_globalrepair20_pair_010:task0:step52,302,302,True,1,25,2.11508492
m2_1_globalrepair20_pair_010,m2_1_globalrepair20_pair_010:task0:step520,635,578,False,8,25,3.00135947
m2_1_globalrepair20_pair_010,m2_1_globalrepair20_pair_010:task0:step521,568,582,False,2,25,3.62177394
m2_1_globalrepair20_pair_010,m2_1_globalrepair20_pair_010:task0:step522,572,572,True,1,25,3.20576289
m2_1_globalrepair20_pair_010,m2_1_globalrepair20_pair_010:task0:step523,583,592,False,6,25,2.75945429
m2_1_globalrepair20_pair_010,m2_1_globalrepair20_pair_010:task0:step524,603,581,False,5,25,3.89216567
m2_1_globalrepair20_pair_010,m2_1_globalrepair20_pair_010:task0:step525,603,588,False,3,25,3.87000099
m2_1_globalrepair20_pair_010,m2_1_globalrepair20_pair_010:task0:step526,598,598,True,1,25,4.35695597
m2_1_globalrepair20_pair_010,m2_1_globalrepair20_pair_010:task0:step527,603,591,False,2,25,2.71106686
m2_1_globalrepair20_pair_010,m2_1_globalrepair20_pair_010:task0:step528,603,603,True,1,25,3.96047164
m2_1_globalrepair20_pair_010,m2_1_globalrepair20_pair_010:task0:step529,618,607,False,2,25,2.79209672
m2_1_globalrepair20_pair_010,m2_1_globalrepair20_pair_010:task0:step53,313,313,True,1,25,2.26186347
m2_1_globalrepair20_pair_010,m2_1_globalrepair20_pair_010:task0:step530,618,587,False,11,25,3.66142755
m2_1_globalrepair20_pair_010,m2_1_globalrepair20_pair_010:task0:step531,583,583,True,1,25,3.34430193
m2_1_globalrepair20_pair_010,m2_1_globalrepair20_pair_010:task0:step532,568,568,True,1,25,2.77914729
m2_1_globalrepair20_pair_010,m2_1_globalrepair20_pair_010:task0:step533,561,561,True,1,25,2.77816585
m2_1_globalrepair20_pair_010,m2_1_globalrepair20_pair_010:task0:step534,560,589,False,4,25,2.63373339
m2_1_globalrepair20_pair_010,m2_1_globalrepair20_pair_010:task0:step535,612,533,False,21,25,3.4497662
m2_1_globalrepair20_pair_010,m2_1_globalrepair20_pair_010:task0:step536,541,541,True,1,25,3.3145175
m2_1_globalrepair20_pair_010,m2_1_globalrepair20_pair_010:task0:step537,559,554,False,2,25,2.39856859
m2_1_globalrepair20_pair_010,m2_1_globalrepair20_pair_010:task0:step538,559,559,True,1,25,3.64066621
m2_1_globalrepair20_pair_010,m2_1_globalrepair20_pair_010:task0:step539,549,549,True,1,25,2.09824819
m2_1_globalrepair20_pair_010,m2_1_globalrepair20_pair_010:task0:step54,312,338,False,8,25,2.46077954
m2_1_globalrepair20_pair_010,m2_1_globalrepair20_pair_010:task0:step540,600,608,False,5,25,1.58581838
m2_1_globalrepair20_pair_010,m2_1_globalrepair20_pair_010:task0:step541,600,627,False,3,25,3.40409471
m2_1_globalrepair20_pair_010,m2_1_globalrepair20_pair_010:task0:step542,635,635,True,1,25,4.03326643
m2_1_globalrepair20_pair_010,m2_1_globalrepair20_pair_010:task0:step543,624,624,True,1,25,3.7070571
m2_1_globalrepair20_pair_010,m2_1_globalrepair20_pair_010:task0:step544,618,618,True,1,25,3.25852402
m2_1_globalrepair20_pair_010,m2_1_globalrepair20_pair_010:task0:step545,613,613,True,1,25,2.61463876
m2_1_globalrepair20_pair_010,m2_1_globalrepair20_pair_010:task0:step546,638,626,False,6,25,2.83905696
m2_1_globalrepair20_pair_010,m2_1_globalrepair20_pair_010:task0:step547,629,650,False,3,25,2.80604145
m2_1_globalrepair20_pair_010,m2_1_globalrepair20_pair_010:task0:step548,670,655,False,2,25,3.52340879
m2_1_globalrepair20_pair_010,m2_1_globalrepair20_pair_010:task0:step549,644,644,True,1,25,4.15041604
m2_1_globalrepair20_pair_010,m2_1_globalrepair20_pair_010:task0:step55,334,334,True,1,25,3.26923247
m2_1_globalrepair20_pair_010,m2_1_globalrepair20_pair_010:task0:step550,638,638,True,1,25,3.1786
m2_1_globalrepair20_pair_010,m2_1_globalrepair20_pair_010:task0:step551,670,670,True,1,25,3.40320887
m2_1_globalrepair20_pair_010,m2_1_globalrepair20_pair_010:task0:step552,675,657,False,2,25,2.87976343
m2_1_globalrepair20_pair_010,m2_1_globalrepair20_pair_010:task0:step553,672,667,False,2,25,2.40741536
m2_1_globalrepair20_pair_010,m2_1_globalrepair20_pair_010:task0:step554,679,672,False,3,25,3.17102357
m2_1_globalrepair20_pair_010,m2_1_globalrepair20_pair_010:task0:step555,688,668,False,6,25,2.90652474
m2_1_globalrepair20_pair_010,m2_1_globalrepair20_pair_010:task0:step556,679,676,False,5,25,3.57497566
m2_1_globalrepair20_pair_010,m2_1_globalrepair20_pair_010:task0:step557,679,663,False,4,25,4.04831466
m2_1_globalrepair20_pair_010,m2_1_globalrepair20_pair_010:task0:step558,679,642,False,3,25,4.21106105
m2_1_globalrepair20_pair_010,m2_1_globalrepair20_pair_010:task0:step559,636,636,True,1,25,3.02923972
m2_1_globalrepair20_pair_010,m2_1_globalrepair20_pair_010:task0:step56,329,342,False,10,25,3.48120314
m2_1_globalrepair20_pair_010,m2_1_globalrepair20_pair_010:task0:step560,679,652,False,3,25,2.53389879
m2_1_globalrepair20_pair_010,m2_1_globalrepair20_pair_010:task0:step561,656,647,False,2,25,3.21998092
m2_1_globalrepair20_pair_010,m2_1_globalrepair20_pair_010:task0:step562,679,634,False,2,25,3.28910295
m2_1_globalrepair20_pair_010,m2_1_globalrepair20_pair_010:task0:step563,679,620,False,2,25,2.30702029
m2_1_globalrepair20_pair_010,m2_1_globalrepair20_pair_010:task0:step564,612,612,True,1,25,3.67103936
m2_1_globalrepair20_pair_010,m2_1_globalrepair20_pair_010:task0:step565,616,616,True,1,25,3.16066506
m2_1_globalrepair20_pair_010,m2_1_globalrepair20_pair_010:task0:step566,621,621,True,1,25,2.94307426
m2_1_globalrepair20_pair_010,m2_1_globalrepair20_pair_010:task0:step567,656,605,False,2,25,2.49005945
m2_1_globalrepair20_pair_010,m2_1_globalrepair20_pair_010:task0:step568,601,601,True,1,25,2.89776622
m2_1_globalrepair20_pair_010,m2_1_globalrepair20_pair_010:task0:step569,597,656,False,3,25,2.58812688
m2_1_globalrepair20_pair_010,m2_1_globalrepair20_pair_010:task0:step57,348,348,True,1,25,3.18771861
m2_1_globalrepair20_pair_010,m2_1_globalrepair20_pair_010:task0:step570,658,673,False,3,25,2.8082029
m2_1_globalrepair20_pair_010,m2_1_globalrepair20_pair_010:task0:step571,678,681,False,3,25,3.39771565
m2_1_globalrepair20_pair_010,m2_1_globalrepair20_pair_010:task0:step572,678,678,True,1,25,3.04532938
m2_1_globalrepair20_pair_010,m2_1_globalrepair20_pair_010:task0:step573,669,669,True,1,25,2.79876442
m2_1_globalrepair20_pair_010,m2_1_globalrepair20_pair_010:task0:step574,664,665,False,2,25,3.21639623
m2_1_globalrepair20_pair_010,m2_1_globalrepair20_pair_010:task0:step575,660,686,False,5,25,3.20289509
m2_1_globalrepair20_pair_010,m2_1_globalrepair20_pair_010:task0:step576,654,659,False,14,25,1.56957185
m2_1_globalrepair20_pair_010,m2_1_globalrepair20_pair_010:task0:step577,664,664,True,1,25,4.70464694
m2_1_globalrepair20_pair_010,m2_1_globalrepair20_pair_010:task0:step578,662,661,False,2,25,3.18501922
m2_1_globalrepair20_pair_010,m2_1_globalrepair20_pair_010:task0:step579,662,679,False,2,25,3.61931332
m2_1_globalrepair20_pair_010,m2_1_globalrepair20_pair_010:task0:step58,363,354,False,3,25,3.5531462
m2_1_globalrepair20_pair_010,m2_1_globalrepair20_pair_010:task0:step580,684,684,True,1,25,2.70930462
m2_1_globalrepair20_pair_010,m2_1_globalrepair20_pair_010:task0:step581,688,688,True,1,25,3.59684091
m2_1_globalrepair20_pair_010,m2_1_globalrepair20_pair_010:task0:step582,685,699,False,6,25,2.93876651
m2_1_globalrepair20_pair_010,m2_1_globalrepair20_pair_010:task0:step583,698,705,False,4,25,3.50821834
m2_1_globalrepair20_pair_010,m2_1_globalrepair20_pair_010:task0:step584,706,702,False,2,25,4.68564434
m2_1_globalrepair20_pair_010,m2_1_globalrepair20_pair_010:task0:step585,706,706,True,1,25,2.99716344
m2_1_globalrepair20_pair_010,m2_1_globalrepair20_pair_010:task0:step586,694,698,False,2,25,2.85715802
m2_1_globalrepair20_pair_010,m2_1_globalrepair20_pair_010:task0:step587,694,694,True,1,25,3.27948724
m2_1_globalrepair20_pair_010,m2_1_globalrepair20_pair_010:task0:step588,691,691,True,1,25,2.93761335
m2_1_globalrepair20_pair_010,m2_1_globalrepair20_pair_010:task0:step589,687,682,False,2,25,2.59580892
m2_1_globalrepair20_pair_010,m2_1_globalrepair20_pair_010:task0:step59,369,332,False,9,25,2.92799311
m2_1_globalrepair20_pair_010,m2_1_globalrepair20_pair_010:task0:step590,687,687,True,1,25,3.38637529
m2_1_globalrepair20_pair_010,m2_1_globalrepair20_pair_010:task0:step591,683,674,False,2,25,3.12968723
m2_1_globalrepair20_pair_010,m2_1_globalrepair20_pair_010:task0:step592,675,666,False,2,25,2.59712564
m2_1_globalrepair20_pair_010,m2_1_globalrepair20_pair_010:task0:step593,662,662,True,1,25,3.06339313
m2_1_globalrepair20_pair_010,m2_1_globalrepair20_pair_010:task0:step594,675,675,True,1,25,1.97926824
m2_1_globalrepair20_pair_010,m2_1_globalrepair20_pair_010:task0:step595,690,690,True,1,25,2.10486792
m2_1_globalrepair20_pair_010,m2_1_globalrepair20_pair_010:task0:step596,718,693,False,2,25,2.83309384
m2_1_globalrepair20_pair_010,m2_1_globalrepair20_pair_010:task0:step597,708,704,False,2,25,2.96697725
m2_1_globalrepair20_pair_010,m2_1_globalrepair20_pair_010:task0:step598,718,695,False,4,25,3.54371167
m2_1_globalrepair20_pair_010,m2_1_globalrepair20_pair_010:task0:step599,718,689,False,2,25,2.83489805
m2_1_globalrepair20_pair_010,m2_1_globalrepair20_pair_010:task0:step6,369,379,False,2,25,3.1935316
m2_1_globalrepair20_pair_010,m2_1_globalrepair20_pair_010:task0:step60,340,340,True,1,25,3.68921984
m2_1_globalrepair20_pair_010,m2_1_globalrepair20_pair_010:task0:step600,680,685,False,2,25,2.91033431
m2_1_globalrepair20_pair_010,m2_1_globalrepair20_pair_010:task0:step601,680,713,False,4,25,3.20957232
m2_1_globalrepair20_pair_010,m2_1_globalrepair20_pair_010:task0:step602,718,709,False,2,25,3.97063506
m2_1_globalrepair20_pair_010,m2_1_globalrepair20_pair_010:task0:step603,718,718,True,1,25,4.30009103
m2_1_globalrepair20_pair_010,m2_1_globalrepair20_pair_010:task0:step604,720,712,False,3,25,2.96523051
m2_1_globalrepair20_pair_010,m2_1_globalrepair20_pair_010:task0:step605,708,727,False,3,25,4.26665903
m2_1_globalrepair20_pair_010,m2_1_globalrepair20_pair_010:task0:step606,736,736,True,1,25,2.87698525
m2_1_globalrepair20_pair_010,m2_1_globalrepair20_pair_010:task0:step607,748,740,False,3,25,2.72255357
m2_1_globalrepair20_pair_010,m2_1_globalrepair20_pair_010:task0:step608,733,683,False,25,25,2.77817982
m2_1_globalrepair20_pair_010,m2_1_globalrepair20_pair_010:task0:step609,658,708,False,4,25,1.53808403
m2_1_globalrepair20_pair_010,m2_1_globalrepair20_pair_010:task0:step61,336,331,False,2,25,4.03391661
m2_1_globalrepair20_pair_010,m2_1_globalrepair20_pair_010:task0:step610,720,716,False,4,25,2.83722021
m2_1_globalrepair20_pair_010,m2_1_globalrepair20_pair_010:task0:step611,711,711,True,1,25,3.68141589
m2_1_globalrepair20_pair_010,m2_1_globalrepair20_pair_010:task0:step612,720,720,True,1,25,3.02099374
m2_1_globalrepair20_pair_010,m2_1_globalrepair20_pair_010:task0:step613,726,726,True,1,25,3.02285302
m2_1_globalrepair20_pair_010,m2_1_globalrepair20_pair_010:task0:step614,724,737,False,6,25,3.06702683
m2_1_globalrepair20_pair_010,m2_1_globalrepair20_pair_010:task0:step615,734,734,True,1,25,2.71996034
m2_1_globalrepair20_pair_010,m2_1_globalrepair20_pair_010:task0:step616,748,730,False,6,25,3.56908097
m2_1_globalrepair20_pair_010,m2_1_globalrepair20_pair_010:task0:step617,748,724,False,3,25,3.27549796
m2_1_globalrepair20_pair_010,m2_1_globalrepair20_pair_010:task0:step618,721,721,True,1,25,2.52462182
m2_1_globalrepair20_pair_010,m2_1_globalrepair20_pair_010:task0:step619,741,741,True,1,25,1.78659671
m2_1_globalrepair20_pair_010,m2_1_globalrepair20_pair_010:task0:step62,336,336,True,1,25,3.77441029
m2_1_globalrepair20_pair_010,m2_1_globalrepair20_pair_010:task0:step620,752,725,False,25,25,3.86531205
m2_1_globalrepair20_pair_010,m2_1_globalrepair20_pair_010:task0:step621,748,728,False,2,25,2.8738711
m2_1_globalrepair20_pair_010,m2_1_globalrepair20_pair_010:task0:step622,748,731,False,3,25,3.42684685
m2_1_globalrepair20_pair_010,m2_1_globalrepair20_pair_010:task0:step623,748,735,False,2,25,3.98467264
m2_1_globalrepair20_pair_010,m2_1_globalrepair20_pair_010:task0:step624,748,743,False,2,25,2.99758318
m2_1_globalrepair20_pair_010,m2_1_globalrepair20_pair_010:task0:step625,748,748,True,1,25,3.26967837
m2_1_globalrepair20_pair_010,m2_1_globalrepair20_pair_010:task0:step626,752,752,True,1,25,3.40779797
m2_1_globalrepair20_pair_010,m2_1_globalrepair20_pair_010:task0:step627,749,755,False,3,25,2.72035889
m2_1_globalrepair20_pair_010,m2_1_globalrepair20_pair_010:task0:step628,769,769,True,1,25,3.32309849
m2_1_globalrepair20_pair_010,m2_1_globalrepair20_pair_010:task0:step629,773,773,True,1,25,3.68919579
m2_1_globalrepair20_pair_010,m2_1_globalrepair20_pair_010:task0:step63,329,356,False,3,25,2.71006758
m2_1_globalrepair20_pair_010,m2_1_globalrepair20_pair_010:task0:step630,778,778,True,1,25,3.04144996
m2_1_globalrepair20_pair_010,m2_1_globalrepair20_pair_010:task0:step631,780,780,True,1,25,2.88210055
m2_1_globalrepair20_pair_010,m2_1_globalrepair20_pair_010:task0:step632,783,783,True,1,25,3.25732977
m2_1_globalrepair20_pair_010,m2_1_globalrepair20_pair_010:task0:step633,787,792,False,2,25,2.69960984
m2_1_globalrepair20_pair_010,m2_1_globalrepair20_pair_010:task0:step634,786,786,True,1,25,2.96763683
m2_1_globalrepair20_pair_010,m2_1_globalrepair20_pair_010:task0:step635,784,791,False,2,25,3.37160695
m2_1_globalrepair20_pair_010,m2_1_globalrepair20_pair_010:task0:step636,784,784,True,1,25,3.73310624
m2_1_globalrepair20_pair_010,m2_1_globalrepair20_pair_010:task0:step637,781,781,True,1,25,2.78276478
m2_1_globalrepair20_pair_010,m2_1_globalrepair20_pair_010:task0:step638,779,779,True,1,25,3.47420322
m2_1_globalrepair20_pair_010,m2_1_globalrepair20_pair_010:task0:step639,777,777,True,1,25,2.72875131
m2_1_globalrepair20_pair_010,m2_1_globalrepair20_pair_010:task0:step64,360,360,True,1,25,3.93300365
m2_1_globalrepair20_pair_010,m2_1_globalrepair20_pair_010:task0:step640,770,771,False,2,25,2.75554221
m2_1_globalrepair20_pair_010,m2_1_globalrepair20_pair_010:task0:step641,765,765,True,1,25,3.10681803
m2_1_globalrepair20_pair_010,m2_1_globalrepair20_pair_010:task0:step642,758,761,False,9,25,2.74506584
m2_1_globalrepair20_pair_010,m2_1_globalrepair20_pair_010:task0:step643,758,758,True,1,25,4.36838258
m2_1_globalrepair20_pair_010,m2_1_globalrepair20_pair_010:task0:step644,763,750,False,3,25,2.93112637
m2_1_globalrepair20_pair_010,m2_1_globalrepair20_pair_010:task0:step645,754,753,False,2,25,3.19859083
m2_1_globalrepair20_pair_010,m2_1_globalrepair20_pair_010:task0:step646,751,762,False,22,25,2.78878166
m2_1_globalrepair20_pair_010,m2_1_globalrepair20_pair_010:task0:step647,763,766,False,3,25,3.17727053
m2_1_globalrepair20_pair_010,m2_1_globalrepair20_pair_010:task0:step648,754,756,False,2,25,3.35041349
m2_1_globalrepair20_pair_010,m2_1_globalrepair20_pair_010:task0:step649,763,747,False,5,25,3.37579914
m2_1_globalrepair20_pair_010,m2_1_globalrepair20_pair_010:task0:step65,369,357,False,2,25,3.1229757
m2_1_globalrepair20_pair_010,m2_1_globalrepair20_pair_010:task0:step650,763,754,False,4,25,3.02405297
m2_1_globalrepair20_pair_010,m2_1_globalrepair20_pair_010:task0:step651,757,751,False,2,25,2.58771166
m2_1_globalrepair20_pair_010,m2_1_globalrepair20_pair_010:task0:step652,757,757,True,1,25,2.93025163
m2_1_globalrepair20_pair_010,m2_1_globalrepair20_pair_010:task0:step653,760,768,False,2,25,2.69706366
m2_1_globalrepair20_pair_010,m2_1_globalrepair20_pair_010:task0:step654,770,770,True,1,25,3.46397172
m2_1_globalrepair20_pair_010,m2_1_globalrepair20_pair_010:task0:step655,774,774,True,1,25,3.05397894
m2_1_globalrepair20_pair_010,m2_1_globalrepair20_pair_010:task0:step656,775,776,False,2,25,2.72478504
m2_1_globalrepair20_pair_010,m2_1_globalrepair20_pair_010:task0:step657,782,764,False,3,25,2.43321539
m2_1_globalrepair20_pair_010,m2_1_globalrepair20_pair_010:task0:step658,760,760,True,1,25,3.05256649
m2_1_globalrepair20_pair_010,m2_1_globalrepair20_pair_010:task0:step659,782,775,False,2,25,1.87832073
m2_1_globalrepair20_pair_010,m2_1_globalrepair20_pair_010:task0:step66,335,363,False,3,25,3.5785268
m2_1_globalrepair20_pair_010,m2_1_globalrepair20_pair_010:task0:step660,782,793,False,10,25,2.42034201
m2_1_globalrepair20_pair_010,m2_1_globalrepair20_pair_010:task0:step661,790,787,False,2,25,2.35459515
m2_1_globalrepair20_pair_010,m2_1_globalrepair20_pair_010:task0:step662,785,785,True,1,25,3.00203992
m2_1_globalrepair20_pair_010,m2_1_globalrepair20_pair_010:task0:step663,789,789,True,1,25,2.18927969
m2_1_globalrepair20_pair_010,m2_1_globalrepair20_pair_010:task0:step664,790,772,False,5,25,1.97667685
m2_1_globalrepair20_pair_010,m2_1_globalrepair20_pair_010:task0:step665,763,763,True,1,25,3.2138558
m2_1_globalrepair20_pair_010,m2_1_globalrepair20_pair_010:task0:step666,759,759,True,1,25,2.97393846
m2_1_globalrepair20_pair_010,m2_1_globalrepair20_pair_010:task0:step667,749,767,False,2,25,2.54029628
m2_1_globalrepair20_pair_010,m2_1_globalrepair20_pair_010:task0:step668,742,749,False,3,25,1.13250548
m2_1_globalrepair20_pair_010,m2_1_globalrepair20_pair_010:task0:step669,745,745,True,1,25,2.39288591
m2_1_globalrepair20_pair_010,m2_1_globalrepair20_pair_010:task0:step67,365,359,False,3,25,2.87712297
m2_1_globalrepair20_pair_010,m2_1_globalrepair20_pair_010:task0:step670,738,738,True,1,25,2.49010671
m2_1_globalrepair20_pair_010,m2_1_globalrepair20_pair_010:task0:step671,746,746,True,1,25,2.10125573
m2_1_globalrepair20_pair_010,m2_1_globalrepair20_pair_010:task0:step672,742,788,False,4,25,2.42146241
m2_1_globalrepair20_pair_010,m2_1_globalrepair20_pair_010:task0:step673,794,794,True,1,25,2.65240479
m2_1_globalrepair20_pair_010,m2_1_globalrepair20_pair_010:task0:step674,790,790,True,1,25,-0.06483719
m2_1_globalrepair20_pair_010,m2_1_globalrepair20_pair_010:task0:step675,782,782,True,1,25,1.10670304
m2_1_globalrepair20_pair_010,m2_1_globalrepair20_pair_010:task0:step676,744,714,False,9,25,-0.09503177
m2_1_globalrepair20_pair_010,m2_1_globalrepair20_pair_010:task0:step677,707,710,False,3,25,3.06107953
m2_1_globalrepair20_pair_010,m2_1_globalrepair20_pair_010:task0:step678,707,707,True,1,25,2.81300059
m2_1_globalrepair20_pair_010,m2_1_globalrepair20_pair_010:task0:step679,703,729,False,11,25,2.76035898
m2_1_globalrepair20_pair_010,m2_1_globalrepair20_pair_010:task0:step68,365,365,True,1,25,3.91021669
m2_1_globalrepair20_pair_010,m2_1_globalrepair20_pair_010:task0:step680,732,732,True,1,25,2.85131763
m2_1_globalrepair20_pair_010,m2_1_globalrepair20_pair_010:task0:step681,739,722,False,2,25,2.62589206
m2_1_globalrepair20_pair_010,m2_1_globalrepair20_pair_010:task0:step682,719,739,False,2,25,1.94997262
m2_1_globalrepair20_pair_010,m2_1_globalrepair20_pair_010:task0:step683,744,744,True,1,25,2.87081673
m2_1_globalrepair20_pair_010,m2_1_globalrepair20_pair_010:task0:step684,733,715,False,4,25,2.24975795
m2_1_globalrepair20_pair_010,m2_1_globalrepair20_pair_010:task0:step685,719,723,False,2,25,2.83027452
m2_1_globalrepair20_pair_010,m2_1_globalrepair20_pair_010:task0:step686,733,733,True,1,25,2.68163458
m2_1_globalrepair20_pair_010,m2_1_globalrepair20_pair_010:task0:step687,717,717,True,1,25,1.54514014
m2_1_globalrepair20_pair_010,m2_1_globalrepair20_pair_010:task0:step688,719,651,False,14,25,2.4725126
m2_1_globalrepair20_pair_010,m2_1_globalrepair20_pair_010:task0:step689,646,646,True,1,25,2.88575127
m2_1_globalrepair20_pair_010,m2_1_globalrepair20_pair_010:task0:step69,371,371,True,1,25,2.67579112
m2_1_globalrepair20_pair_010,m2_1_globalrepair20_pair_010:task0:step690,645,615,False,12,25,2.44312285
m2_1_globalrepair20_pair_010,m2_1_globalrepair20_pair_010:task0:step691,611,611,True,1,25,3.03625332
m2_1_globalrepair20_pair_010,m2_1_globalrepair20_pair_010:task0:step692,597,597,True,1,25,2.34087369
m2_1_globalrepair20_pair_010,m2_1_globalrepair20_pair_010:task0:step693,573,573,True,1,25,1.99682529
m2_1_globalrepair20_pair_010,m2_1_globalrepair20_pair_010:task0:step694,560,645,False,2,25,-1.29121246
m2_1_globalrepair20_pair_010,m2_1_globalrepair20_pair_010:task0:step695,632,600,False,6,25,1.54715553
m2_1_globalrepair20_pair_010,m2_1_globalrepair20_pair_010:task0:step696,594,594,True,1,25,3.17957971
m2_1_globalrepair20_pair_010,m2_1_globalrepair20_pair_010:task0:step697,577,576,False,2,25,2.05559146
m2_1_globalrepair20_pair_010,m2_1_globalrepair20_pair_010:task0:step698,560,560,True,1,25,2.38398008
m2_1_globalrepair20_pair_010,m2_1_globalrepair20_pair_010:task0:step699,550,577,False,2,25,2.03354154
m2_1_globalrepair20_pair_010,m2_1_globalrepair20_pair_010:task0:step7,374,374,True,1,25,2.88562446
m2_1_globalrepair20_pair_010,m2_1_globalrepair20_pair_010:task0:step70,362,375,False,2,25,3.01499055
m2_1_globalrepair20_pair_010,m2_1_globalrepair20_pair_010:task0:step700,550,623,False,3,25,1.80740837
m2_1_globalrepair20_pair_010,m2_1_globalrepair20_pair_010:task0:step701,632,632,True,1,25,2.91200544
m2_1_globalrepair20_pair_010,m2_1_globalrepair20_pair_010:task0:step702,631,649,False,3,25,2.89685558
m2_1_globalrepair20_pair_010,m2_1_globalrepair20_pair_010:task0:step703,631,630,False,4,25,2.21460487
m2_1_globalrepair20_pair_010,m2_1_globalrepair20_pair_010:task0:step704,631,639,False,2,25,2.83324711
m2_1_globalrepair20_pair_010,m2_1_globalrepair20_pair_010:task0:step705,631,631,True,1,25,3.13806729
m2_1_globalrepair20_pair_010,m2_1_globalrepair20_pair_010:task0:step706,648,648,True,1,25,1.80557182
m2_1_globalrepair20_pair_010,m2_1_globalrepair20_pair_010:task0:step707,658,658,True,1,25,0.91653244
m2_1_globalrepair20_pair_010,m2_1_globalrepair20_pair_010:task0:step708,677,677,True,1,25,1.36204988
m2_1_globalrepair20_pair_010,m2_1_globalrepair20_pair_010:task0:step709,692,640,False,10,25,2.06686371
m2_1_globalrepair20_pair_010,m2_1_globalrepair20_pair_010:task0:step71,369,344,False,13,25,3.25270436
m2_1_globalrepair20_pair_010,m2_1_globalrepair20_pair_010:task0:step710,654,660,False,5,25,2.88882182
m2_1_globalrepair20_pair_010,m2_1_globalrepair20_pair_010:task0:step711,654,654,True,1,25,2.9096394
m2_1_globalrepair20_pair_010,m2_1_globalrepair20_pair_010:task0:step712,643,629,False,3,25,3.04754618
m2_1_globalrepair20_pair_010,m2_1_globalrepair20_pair_010:task0:step713,641,641,True,1,25,3.00522894
m2_1_globalrepair20_pair_010,m2_1_globalrepair20_pair_010:task0:step714,643,643,True,1,25,2.98720094
m2_1_globalrepair20_pair_010,m2_1_globalrepair20_pair_010:task0:step715,622,622,True,1,25,1.74876058
m2_1_globalrepair20_pair_010,m2_1_globalrepair20_pair_010:task0:step716,617,617,True,1,25,3.18333621
m2_1_globalrepair20_pair_010,m2_1_globalrepair20_pair_010:task0:step717,593,593,True,1,25,1.19579763
m2_1_globalrepair20_pair_010,m2_1_globalrepair20_pair_010:task0:step718,539,700,False,10,25,0.93677149
m2_1_globalrepair20_pair_010,m2_1_globalrepair20_pair_010:task0:step719,703,692,False,3,25,3.20958218
m2_1_globalrepair20_pair_010,m2_1_globalrepair20_pair_010:task0:step72,335,322,False,15,25,3.89484909
m2_1_globalrepair20_pair_010,m2_1_globalrepair20_pair_010:task0:step720,697,697,True,1,25,2.61989604
m2_1_globalrepair20_pair_010,m2_1_globalrepair20_pair_010:task0:step721,703,701,False,2,25,2.99528363
m2_1_globalrepair20_pair_010,m2_1_globalrepair20_pair_010:task0:step722,703,703,True,1,25,3.40324024
m2_1_globalrepair20_pair_010,m2_1_globalrepair20_pair_010:task0:step723,696,696,True,1,25,1.24623668
m2_1_globalrepair20_pair_010,m2_1_globalrepair20_pair_010:task0:step724,719,742,False,2,25,1.65830017
m2_1_globalrepair20_pair_010,m2_1_globalrepair20_pair_010:task0:step725,719,719,True,1,25,-1.6670708
m2_1_globalrepair20_pair_010,m2_1_globalrepair20_pair_010:task0:step726,680,680,True,1,25,-5.72233783
m2_1_globalrepair20_pair_010,m2_1_globalrepair20_pair_010:task0:step727,671,671,True,1,25,1.70325465
m2_1_globalrepair20_pair_010,m2_1_globalrepair20_pair_010:task0:step728,653,653,True,1,25,1.91468844
m2_1_globalrepair20_pair_010,m2_1_globalrepair20_pair_010:task0:step729,486,486,True,1,25,-4.55731164
m2_1_globalrepair20_pair_010,m2_1_globalrepair20_pair_010:task0:step73,329,329,True,1,25,3.9903152
m2_1_globalrepair20_pair_010,m2_1_globalrepair20_pair_010:task0:step730,369,403,False,2,25,-1.29734441
m2_1_globalrepair20_pair_010,m2_1_globalrepair20_pair_010:task0:step731,392,392,True,1,25,2.90139192
m2_1_globalrepair20_pair_010,m2_1_globalrepair20_pair_010:task0:step732,369,369,True,1,25,2.60232778
m2_1_globalrepair20_pair_010,m2_1_globalrepair20_pair_010:task0:step733,351,355,False,5,25,1.81286885
m2_1_globalrepair20_pair_010,m2_1_globalrepair20_pair_010:task0:step734,349,349,True,1,25,3.21020895
m2_1_globalrepair20_pair_010,m2_1_globalrepair20_pair_010:task0:step735,364,389,False,7,25,2.29458144
m2_1_globalrepair20_pair_010,m2_1_globalrepair20_pair_010:task0:step736,384,401,False,4,25,3.06298626
m2_1_globalrepair20_pair_010,m2_1_globalrepair20_pair_010:task0:step737,390,390,True,1,25,2.71905965
m2_1_globalrepair20_pair_010,m2_1_globalrepair20_pair_010:task0:step738,384,384,True,1,25,3.00920706
m2_1_globalrepair20_pair_010,m2_1_globalrepair20_pair_010:task0:step739,364,364,True,1,25,2.11840221
m2_1_globalrepair20_pair_010,m2_1_globalrepair20_pair_010:task0:step74,316,319,False,4,25,2.94132919
m2_1_globalrepair20_pair_010,m2_1_globalrepair20_pair_010:task0:step740,378,373,False,2,25,2.63730114
m2_1_globalrepair20_pair_010,m2_1_globalrepair20_pair_010:task0:step741,378,378,True,1,25,2.72105537
m2_1_globalrepair20_pair_010,m2_1_globalrepair20_pair_010:task0:step742,353,420,False,2,25,0.71652719
m2_1_globalrepair20_pair_010,m2_1_globalrepair20_pair_010:task0:step743,467,345,False,12,25,0.62501896
m2_1_globalrepair20_pair_010,m2_1_globalrepair20_pair_010:task0:step744,351,351,True,1,25,2.77532743
m2_1_globalrepair20_pair_010,m2_1_globalrepair20_pair_010:task0:step745,264,254,False,2,25,-0.97447083
m2_1_globalrepair20_pair_010,m2_1_globalrepair20_pair_010:task0:step746,264,264,True,1,25,2.79773603
m2_1_globalrepair20_pair_010,m2_1_globalrepair20_pair_010:task0:step747,236,243,False,2,25,1.97440779
m2_1_globalrepair20_pair_010,m2_1_globalrepair20_pair_010:task0:step748,236,236,True,1,25,3.11354127
m2_1_globalrepair20_pair_010,m2_1_globalrepair20_pair_010:task0:step749,201,209,False,4,25,1.05530294
m2_1_globalrepair20_pair_010,m2_1_globalrepair20_pair_010:task0:step75,316,316,True,1,25,4.97137898
m2_1_globalrepair20_pair_010,m2_1_globalrepair20_pair_010:task0:step750,230,260,False,2,25,1.37943989
m2_1_globalrepair20_pair_010,m2_1_globalrepair20_pair_010:task0:step751,256,256,True,1,25,2.70335074
m2_1_globalrepair20_pair_010,m2_1_globalrepair20_pair_010:task0:step752,266,266,True,1,25,2.73938699
m2_1_globalrepair20_pair_010,m2_1_globalrepair20_pair_010:task0:step753,230,230,True,1,25,1.52303648
m2_1_globalrepair20_pair_010,m2_1_globalrepair20_pair_010:task0:step754,201,201,True,1,25,-3.77716759
m2_1_globalrepair20_pair_010,m2_1_globalrepair20_pair_010:task0:step755,227,227,True,1,25,0.0870187
m2_1_globalrepair20_pair_010,m2_1_globalrepair20_pair_010:task0:step756,267,211,False,7,25,0.55560558
m2_1_globalrepair20_pair_010,m2_1_globalrepair20_pair_010:task0:step757,217,217,True,1,25,2.96619916
m2_1_globalrepair20_pair_010,m2_1_globalrepair20_pair_010:task0:step758,222,222,True,1,25,2.75717876
m2_1_globalrepair20_pair_010,m2_1_globalrepair20_pair_010:task0:step759,239,246,False,4,25,1.57565817
m2_1_globalrepair20_pair_010,m2_1_globalrepair20_pair_010:task0:step76,325,325,True,1,25,2.81258992
m2_1_globalrepair20_pair_010,m2_1_globalrepair20_pair_010:task0:step760,239,239,True,1,25,3.08312781
m2_1_globalrepair20_pair_010,m2_1_globalrepair20_pair_010:task0:step761,267,251,False,2,25,2.21610171
m2_1_globalrepair20_pair_010,m2_1_globalrepair20_pair_010:task0:step762,261,257,False,2,25,3.07184902
m2_1_globalrepair20_pair_010,m2_1_globalrepair20_pair_010:task0:step763,261,261,True,1,25,2.81649729
m2_1_globalrepair20_pair_010,m2_1_globalrepair20_pair_010:task0:step764,267,267,True,1,25,2.57953127
m2_1_globalrepair20_pair_010,m2_1_globalrepair20_pair_010:task0:step765,262,262,True,1,25,2.91088101
m2_1_globalrepair20_pair_010,m2_1_globalrepair20_pair_010:task0:step766,274,312,False,2,25,2.42875511
m2_1_globalrepair20_pair_010,m2_1_globalrepair20_pair_010:task0:step767,347,353,False,2,25,1.42631969
m2_1_globalrepair20_pair_010,m2_1_globalrepair20_pair_010:task0:step768,347,347,True,1,25,3.11592247
m2_1_globalrepair20_pair_010,m2_1_globalrepair20_pair_010:task0:step769,274,274,True,1,25,-1.02790973
m2_1_globalrepair20_pair_010,m2_1_globalrepair20_pair_010:task0:step77,321,321,True,1,25,3.21298916
m2_1_globalrepair20_pair_010,m2_1_globalrepair20_pair_010:task0:step770,163,168,False,2,25,-3.05583978
m2_1_globalrepair20_pair_010,m2_1_globalrepair20_pair_010:task0:step771,163,163,True,1,24,1.50057435
m2_1_globalrepair20_pair_010,m2_1_globalrepair20_pair_010:task0:step772,134,134,True,1,23,1.31647922
m2_1_globalrepair20_pair_010,m2_1_globalrepair20_pair_010:task0:step773,102,102,True,1,22,1.93305388
m2_1_globalrepair20_pair_010,m2_1_globalrepair20_pair_010:task0:step774,9,12,False,2,21,-8.10734848
m2_1_globalrepair20_pair_010,m2_1_globalrepair20_pair_010:task0:step775,9,9,True,1,20,3.27656493
m2_1_globalrepair20_pair_010,m2_1_globalrepair20_pair_010:task0:step776,3,6,False,2,19,3.01591834
m2_1_globalrepair20_pair_010,m2_1_globalrepair20_pair_010:task0:step777,3,3,True,1,18,3.4553053
m2_1_globalrepair20_pair_010,m2_1_globalrepair20_pair_010:task0:step778,15,15,True,1,17,2.13212724
m2_1_globalrepair20_pair_010,m2_1_globalrepair20_pair_010:task0:step779,18,18,True,1,16,2.54992692
m2_1_globalrepair20_pair_010,m2_1_globalrepair20_pair_010:task0:step78,327,311,False,2,25,3.04741723
m2_1_globalrepair20_pair_010,m2_1_globalrepair20_pair_010:task0:step780,386,368,False,2,15,-10.88744083
m2_1_globalrepair20_pair_010,m2_1_globalrepair20_pair_010:task0:step781,386,386,True,1,14,1.74458761
m2_1_globalrepair20_pair_010,m2_1_globalrepair20_pair_010:task0:step782,409,409,True,1,13,2.2500556
m2_1_globalrepair20_pair_010,m2_1_globalrepair20_pair_010:task0:step783,467,467,True,1,12,-7.01400037
m2_1_globalrepair20_pair_010,m2_1_globalrepair20_pair_010:task0:step784,437,550,False,2,11,-0.24155155
m2_1_globalrepair20_pair_010,m2_1_globalrepair20_pair_010:task0:step785,496,496,True,1,10,-1.36116979
m2_1_globalrepair20_pair_010,m2_1_globalrepair20_pair_010:task0:step786,437,540,False,3,9,0.8459514
m2_1_globalrepair20_pair_010,m2_1_globalrepair20_pair_010:task0:step787,539,539,True,1,8,2.41112349
m2_1_globalrepair20_pair_010,m2_1_globalrepair20_pair_010:task0:step788,531,531,True,1,7,2.9092078
m2_1_globalrepair20_pair_010,m2_1_globalrepair20_pair_010:task0:step789,525,525,True,1,6,3.22744917
m2_1_globalrepair20_pair_010,m2_1_globalrepair20_pair_010:task0:step79,304,320,False,4,25,3.82563436
m2_1_globalrepair20_pair_010,m2_1_globalrepair20_pair_010:task0:step790,437,437,True,1,5,-1.00588348
m2_1_globalrepair20_pair_010,m2_1_globalrepair20_pair_010:task0:step791,441,441,True,1,4,2.96681247
m2_1_globalrepair20_pair_010,m2_1_globalrepair20_pair_010:task0:step792,428,445,False,2,3,2.17844116
m2_1_globalrepair20_pair_010,m2_1_globalrepair20_pair_010:task0:step793,428,428,True,1,2,1.91656694
m2_1_globalrepair20_pair_010,m2_1_globalrepair20_pair_010:task0:step794,424,424,True,1,1,2.55259152
m2_1_globalrepair20_pair_010,m2_1_globalrepair20_pair_010:task0:step8,369,385,False,5,25,3.63703886
m2_1_globalrepair20_pair_010,m2_1_globalrepair20_pair_010:task0:step80,304,339,False,5,25,3.12545525
m2_1_globalrepair20_pair_010,m2_1_globalrepair20_pair_010:task0:step81,346,346,True,1,25,3.05133559
m2_1_globalrepair20_pair_010,m2_1_globalrepair20_pair_010:task0:step82,327,327,True,1,25,2.63685961
m2_1_globalrepair20_pair_010,m2_1_globalrepair20_pair_010:task0:step83,304,307,False,2,25,2.3373403
m2_1_globalrepair20_pair_010,m2_1_globalrepair20_pair_010:task0:step84,304,304,True,1,25,2.83436112
m2_1_globalrepair20_pair_010,m2_1_globalrepair20_pair_010:task0:step85,290,295,False,2,25,3.01506206
m2_1_globalrepair20_pair_010,m2_1_globalrepair20_pair_010:task0:step86,286,286,True,1,25,3.77015422
m2_1_globalrepair20_pair_010,m2_1_globalrepair20_pair_010:task0:step87,282,276,False,2,25,3.28411875
m2_1_globalrepair20_pair_010,m2_1_globalrepair20_pair_010:task0:step88,272,282,False,2,25,3.0635131
m2_1_globalrepair20_pair_010,m2_1_globalrepair20_pair_010:task0:step89,264,290,False,4,25,2.28109393
m2_1_globalrepair20_pair_010,m2_1_globalrepair20_pair_010:task0:step9,395,395,True,1,25,3.41010358
m2_1_globalrepair20_pair_010,m2_1_globalrepair20_pair_010:task0:step90,255,281,False,5,25,1.98234546
m2_1_globalrepair20_pair_010,m2_1_globalrepair20_pair_010:task0:step91,255,278,False,2,25,3.62556863
m2_1_globalrepair20_pair_010,m2_1_globalrepair20_pair_010:task0:step92,273,273,True,1,25,2.82825148
m2_1_globalrepair20_pair_010,m2_1_globalrepair20_pair_010:task0:step93,255,301,False,21,25,3.84536544
m2_1_globalrepair20_pair_010,m2_1_globalrepair20_pair_010:task0:step94,272,310,False,2,25,2.65853314
m2_1_globalrepair20_pair_010,m2_1_globalrepair20_pair_010:task0:step95,315,315,True,1,25,2.79500787
m2_1_globalrepair20_pair_010,m2_1_globalrepair20_pair_010:task0:step96,352,352,True,1,25,1.48287569
m2_1_globalrepair20_pair_010,m2_1_globalrepair20_pair_010:task0:step97,343,358,False,2,25,2.73199518
m2_1_globalrepair20_pair_010,m2_1_globalrepair20_pair_010:task0:step98,366,361,False,4,25,3.07742791
m2_1_globalrepair20_pair_010,m2_1_globalrepair20_pair_010:task0:step99,366,362,False,3,25,2.57390493
m2_1_globalrepair20_pair_010,m2_1_globalrepair20_pair_010:task1:step1,1,5,False,2,9,2.54901824
m2_1_globalrepair20_pair_010,m2_1_globalrepair20_pair_010:task1:step2,3,3,True,1,8,2.70491738
m2_1_globalrepair20_pair_010,m2_1_globalrepair20_pair_010:task1:step3,4,4,True,1,7,3.02783635
m2_1_globalrepair20_pair_010,m2_1_globalrepair20_pair_010:task1:step4,6,6,True,1,6,2.81627754
m2_1_globalrepair20_pair_010,m2_1_globalrepair20_pair_010:task1:step5,1,1,True,1,5,2.20277451
m2_1_globalrepair20_pair_010,m2_1_globalrepair20_pair_010:task1:step6,9,7,False,3,4,1.47645454
m2_1_globalrepair20_pair_010,m2_1_globalrepair20_pair_010:task1:step7,9,9,True,1,3,3.06683948
m2_1_globalrepair20_pair_010,m2_1_globalrepair20_pair_010:task1:step8,8,8,True,1,2,1.52238504
m2_1_globalrepair20_pair_010,m2_1_globalrepair20_pair_010:task1:step9,0,0,True,1,1,-1.00069032
m2_1_globalrepair20_pair_010,m2_1_globalrepair20_pair_010:task29:step1,2,1,False,2,4,2.92501286
m2_1_globalrepair20_pair_010,m2_1_globalrepair20_pair_010:task29:step2,4,4,True,1,3,2.94846112
m2_1_globalrepair20_pair_010,m2_1_globalrepair20_pair_010:task29:step3,2,3,False,2,2,1.54376475
m2_1_globalrepair20_pair_010,m2_1_globalrepair20_pair_010:task29:step4,2,2,True,1,1,3.09535073
m2_1_globalrepair20_pair_010,m2_1_globalrepair20_pair_010:task2:step1,1,1,True,1,1,1.62219252
m2_1_globalrepair20_pair_010,m2_1_globalrepair20_pair_010:task30:step1,2,2,True,1,7,2.94439435
m2_1_globalrepair20_pair_010,m2_1_globalrepair20_pair_010:task30:step2,0,0,True,1,6,2.43036422
m2_1_globalrepair20_pair_010,m2_1_globalrepair20_pair_010:task30:step3,4,4,True,1,5,1.25845703
m2_1_globalrepair20_pair_010,m2_1_globalrepair20_pair_010:task30:step4,3,3,True,1,4,2.63170078
m2_1_globalrepair20_pair_010,m2_1_globalrepair20_pair_010:task30:step5,5,5,True,1,3,2.61017061
m2_1_globalrepair20_pair_010,m2_1_globalrepair20_pair_010:task30:step6,6,6,True,1,2,2.25390558
m2_1_globalrepair20_pair_010,m2_1_globalrepair20_pair_010:task30:step7,7,7,True,1,1,2.20462763
m2_1_globalrepair20_pair_010,m2_1_globalrepair20_pair_010:task38:step1,1,1,True,1,6,3.32237912
m2_1_globalrepair20_pair_010,m2_1_globalrepair20_pair_010:task38:step2,4,3,False,2,5,2.46618366
m2_1_globalrepair20_pair_010,m2_1_globalrepair20_pair_010:task38:step3,4,4,True,1,4,3.12202469
m2_1_globalrepair20_pair_010,m2_1_globalrepair20_pair_010:task38:step4,5,5,True,1,3,2.19836892
m2_1_globalrepair20_pair_010,m2_1_globalrepair20_pair_010:task38:step5,6,6,True,1,2,2.58234219
m2_1_globalrepair20_pair_010,m2_1_globalrepair20_pair_010:task38:step6,0,0,True,1,1,1.15645147
m2_1_globalrepair20_pair_010,m2_1_globalrepair20_pair_010:task40:step1,1,3,False,3,5,3.14480911
m2_1_globalrepair20_pair_010,m2_1_globalrepair20_pair_010:task40:step2,4,4,True,1,4,2.94861412
m2_1_globalrepair20_pair_010,m2_1_globalrepair20_pair_010:task40:step3,1,5,False,2,3,2.6724044
m2_1_globalrepair20_pair_010,m2_1_globalrepair20_pair_010:task40:step4,1,1,True,1,2,2.39157212
m2_1_globalrepair20_pair_010,m2_1_globalrepair20_pair_010:task40:step5,0,0,True,1,1,3.04923632
m2_1_globalrepair20_pair_010,m2_1_globalrepair20_pair_010:task47:step1,2,3,False,3,5,2.89176915
m2_1_globalrepair20_pair_010,m2_1_globalrepair20_pair_010:task47:step2,2,2,True,1,4,2.92680592
m2_1_globalrepair20_pair_010,m2_1_globalrepair20_pair_010:task47:step3,1,1,True,1,3,2.75694254
m2_1_globalrepair20_pair_010,m2_1_globalrepair20_pair_010:task47:step4,0,0,True,1,2,3.15342963
m2_1_globalrepair20_pair_010,m2_1_globalrepair20_pair_010:task47:step5,4,4,True,1,1,0.59077857
m2_1_globalrepair20_pair_010,m2_1_globalrepair20_pair_010:task48:step1,2,1,False,2,5,3.11379149
m2_1_globalrepair20_pair_010,m2_1_globalrepair20_pair_010:task48:step2,2,2,True,1,4,2.853038
m2_1_globalrepair20_pair_010,m2_1_globalrepair20_pair_010:task48:step3,3,4,False,2,3,2.34208499
m2_1_globalrepair20_pair_010,m2_1_globalrepair20_pair_010:task48:step4,3,3,True,1,2,2.90959216
m2_1_globalrepair20_pair_010,m2_1_globalrepair20_pair_010:task48:step5,5,5,True,1,1,2.58862101
m2_1_globalrepair20_pair_010,m2_1_globalrepair20_pair_010:task49:step1,3,2,False,3,4,3.15141051
m2_1_globalrepair20_pair_010,m2_1_globalrepair20_pair_010:task49:step2,1,1,True,1,3,2.94004292
m2_1_globalrepair20_pair_010,m2_1_globalrepair20_pair_010:task49:step3,3,0,False,2,2,2.74364612
m2_1_globalrepair20_pair_010,m2_1_globalrepair20_pair_010:task49:step4,3,3,True,1,1,1.92327573
m2_1_globalrepair20_pair_010,m2_1_globalrepair20_pair_010:task52:step1,4,4,True,1,5,2.84347676
m2_1_globalrepair20_pair_010,m2_1_globalrepair20_pair_010:task52:step2,2,2,True,1,4,2.67783537
m2_1_globalrepair20_pair_010,m2_1_globalrepair20_pair_010:task52:step3,1,1,True,1,3,2.58977578
m2_1_globalrepair20_pair_010,m2_1_globalrepair20_pair_010:task52:step4,0,0,True,1,2,3.19490774
m2_1_globalrepair20_pair_010,m2_1_globalrepair20_pair_010:task52:step5,5,5,True,1,1,0.94654603
m2_1_globalrepair20_pair_010,m2_1_globalrepair20_pair_010:task5:step1,0,0,True,1,11,2.83630588
m2_1_globalrepair20_pair_010,m2_1_globalrepair20_pair_010:task5:step10,1,3,False,2,2,-0.5702852
m2_1_globalrepair20_pair_010,m2_1_globalrepair20_pair_010:task5:step11,1,1,True,1,1,2.96206962
m2_1_globalrepair20_pair_010,m2_1_globalrepair20_pair_010:task5:step2,5,2,False,3,10,2.62559134
m2_1_globalrepair20_pair_010,m2_1_globalrepair20_pair_010:task5:step3,5,5,True,1,9,3.30972373
m2_1_globalrepair20_pair_010,m2_1_globalrepair20_pair_010:task5:step4,6,6,True,1,8,2.93532736
m2_1_globalrepair20_pair_010,m2_1_globalrepair20_pair_010:task5:step5,7,7,True,1,7,3.08981804
m2_1_globalrepair20_pair_010,m2_1_globalrepair20_pair_010:task5:step6,8,8,True,1,6,2.80425919
m2_1_globalrepair20_pair_010,m2_1_globalrepair20_pair_010:task5:step7,9,10,False,2,5,3.22962385
m2_1_globalrepair20_pair_010,m2_1_globalrepair20_pair_010:task5:step8,9,9,True,1,4,2.90732559
m2_1_globalrepair20_pair_010,m2_1_globalrepair20_pair_010:task5:step9,11,11,True,1,3,2.79541465
m2_1_globalrepair20_pair_010,m2_1_globalrepair20_pair_010:task7:step1,0,0,True,1,1,2.64733944
m2_1_globalrepair20_pair_010,m2_1_globalrepair20_pair_010:task8:step1,2,1,False,2,4,2.49886512
m2_1_globalrepair20_pair_010,m2_1_globalrepair20_pair_010:task8:step2,2,2,True,1,3,2.94409497
m2_1_globalrepair20_pair_010,m2_1_globalrepair20_pair_010:task8:step3,4,3,False,2,2,2.47313425
m2_1_globalrepair20_pair_010,m2_1_globalrepair20_pair_010:task8:step4,4,4,True,1,1,3.12818896
