seed_source,source_file,sample_id,source_name,category,candidate,candidate_family,teacher_family,is_positive_teacher,is_hard_negative,teacher_weight,teacher_reason,target_branch,oracle_quality_level,unified_loss,jump_count,trim_count,off_mask_stitch_length_mm,visible_connector_count,coverage_ratio,stitch_precision_ratio,allowed_by_professional_gate,teacher_is_texture_switch,texture_score,delta_texture_score
candidate_selector,results\public_benchmark_v1_ext33_m2_18_styleaware_selector_v2\candidate_selector_dataset.csv,ocp_001,Openclipart,flower,auto_evalrepair_r10_c20,auto_fill,reject,0,1,0.75,hard_negative,flat_icon_fill,hard_fail,0.32602061,29.0,20.0,0.0,0.0,0.92838,0.916483,,,,
candidate_selector,results\public_benchmark_v1_ext33_m2_18_styleaware_selector_v2\candidate_selector_dataset.csv,ocp_001,Openclipart,flower,auto_r10_c16,auto_fill,reject,0,1,0.75,hard_negative,flat_icon_fill,hard_fail,0.32716763,35.0,20.0,0.0,0.0,0.92838,0.926352,,,,
candidate_selector,results\public_benchmark_v1_ext33_m2_18_styleaware_selector_v2\candidate_selector_dataset.csv,ocp_001,Openclipart,flower,auto_r10_c20,auto_fill,reject,0,1,0.75,hard_negative,flat_icon_fill,hard_fail,0.32716763,35.0,20.0,0.0,0.0,0.92838,0.926352,,,,
candidate_selector,results\public_benchmark_v1_ext33_m2_18_styleaware_selector_v2\candidate_selector_dataset.csv,ocp_001,Openclipart,flower,auto_r125_c16,auto_fill,reject,0,1,0.75,hard_negative,flat_icon_fill,hard_fail,0.32716763,35.0,20.0,0.0,0.0,0.92838,0.926352,,,,
candidate_selector,results\public_benchmark_v1_ext33_m2_18_styleaware_selector_v2\candidate_selector_dataset.csv,ocp_001,Openclipart,flower,auto_r125_c20,auto_fill,reject,0,1,0.75,hard_negative,flat_icon_fill,hard_fail,0.32716763,35.0,20.0,0.0,0.0,0.92838,0.926352,,,,
candidate_selector,results\public_benchmark_v1_ext33_m2_18_styleaware_selector_v2\candidate_selector_dataset.csv,ocp_001,Openclipart,flower,auto_skel_c12,running_line,reject,0,1,0.75,hard_negative,flat_icon_fill,hard_fail,0.32716763,35.0,20.0,0.0,0.0,0.92838,0.926352,,,,
candidate_selector,results\public_benchmark_v1_ext33_m2_18_styleaware_selector_v2\candidate_selector_dataset.csv,ocp_001,Openclipart,flower,skeleton_c20_m4,running_line,running_line,1,0,1.0,oracle_choice,flat_icon_fill,warning,0.13966756,16.0,1.0,0.0,0.0,0.488909,0.921707,,,,
candidate_selector,results\public_benchmark_v1_ext33_m2_18_styleaware_selector_v2\candidate_selector_dataset.csv,ocp_001,Openclipart,flower,skeleton_c30_m4,running_line,candidate_non_teacher,0,0,0.25,non_teacher_candidate,flat_icon_fill,warning,0.13966756,16.0,1.0,0.0,0.0,0.488909,0.921707,,,,
candidate_selector,results\public_benchmark_v1_ext33_m2_18_styleaware_selector_v2\candidate_selector_dataset.csv,ocp_001,Openclipart,flower,skeleton_c30_m8,running_line,candidate_non_teacher,0,0,0.25,non_teacher_candidate,flat_icon_fill,warning,0.13972581,16.0,1.0,0.0,0.0,0.486919,0.922454,,,,
candidate_selector,results\public_benchmark_v1_ext33_m2_18_styleaware_selector_v2\candidate_selector_dataset.csv,ocp_001,Openclipart,flower,skeleton_c30_m12,running_line,candidate_non_teacher,0,0,0.25,non_teacher_candidate,flat_icon_fill,warning,0.1397937,16.0,1.0,0.0,0.0,0.48294,0.925202,,,,
candidate_selector,results\public_benchmark_v1_ext33_m2_18_styleaware_selector_v2\candidate_selector_dataset.csv,ocp_001,Openclipart,flower,skeleton_c30_m20,running_line,candidate_non_teacher,0,0,0.25,non_teacher_candidate,flat_icon_fill,warning,0.15121098,16.0,3.0,0.0,0.0,0.479956,0.940546,,,,
candidate_selector,results\public_benchmark_v1_ext33_m2_18_styleaware_selector_v2\candidate_selector_dataset.csv,ocp_001,Openclipart,flower,mask_fill_rows16_c6,fill_tatami_like,reject,0,1,0.75,hard_negative,flat_icon_fill,hard_fail,0.4,436.0,71.0,0.0,0.0,0.998209,0.789505,,,,
candidate_selector,results\public_benchmark_v1_ext33_m2_18_styleaware_selector_v2\candidate_selector_dataset.csv,ocp_001,Openclipart,flower,mask_fill_edgewalk_rows16_p40,fill_tatami_like,reject,0,1,0.75,hard_negative,flat_icon_fill,hard_fail,0.519637,356.0,61.0,5.3172,0.0,0.998209,0.762683,,,,
candidate_selector,results\public_benchmark_v1_ext33_m2_18_styleaware_selector_v2\candidate_selector_dataset.csv,ocp_001,Openclipart,flower,mask_fill_edgewalk_outline_ext_in3_rows16_p40,outline_border,reject,0,1,0.75,hard_negative,flat_icon_fill,hard_fail,0.519637,364.0,62.0,5.3172,0.0,0.998209,0.762538,,,,
candidate_selector,results\public_benchmark_v1_ext33_m2_18_styleaware_selector_v2\candidate_selector_dataset.csv,ocp_001,Openclipart,flower,mask_fill_edgewalk_styleaware_r008_d45,style_aware_mixed,reject,0,1,0.75,hard_negative,flat_icon_fill,hard_fail,0.519637,356.0,61.0,5.3172,0.0,0.998209,0.762683,,,,
candidate_selector,results\public_benchmark_v1_ext33_m2_18_styleaware_selector_v2\candidate_selector_dataset.csv,ocp_002,Openclipart,butterfly,auto_evalrepair_r10_c20,auto_fill,auto_fill,1,0,1.0,oracle_choice,flat_icon_fill,pass,0.09501301,5.0,9.0,0.0,0.0,0.951705,0.951285,,,,
candidate_selector,results\public_benchmark_v1_ext33_m2_18_styleaware_selector_v2\candidate_selector_dataset.csv,ocp_002,Openclipart,butterfly,auto_r10_c16,auto_fill,candidate_non_teacher,0,0,0.25,non_teacher_candidate,flat_icon_fill,pass,0.09501301,5.0,9.0,0.0,0.0,0.951705,0.951285,,,,
candidate_selector,results\public_benchmark_v1_ext33_m2_18_styleaware_selector_v2\candidate_selector_dataset.csv,ocp_002,Openclipart,butterfly,auto_r10_c20,auto_fill,candidate_non_teacher,0,0,0.25,non_teacher_candidate,flat_icon_fill,pass,0.09501301,5.0,9.0,0.0,0.0,0.951705,0.951285,,,,
candidate_selector,results\public_benchmark_v1_ext33_m2_18_styleaware_selector_v2\candidate_selector_dataset.csv,ocp_002,Openclipart,butterfly,auto_r125_c16,auto_fill,candidate_non_teacher,0,0,0.25,non_teacher_candidate,flat_icon_fill,pass,0.09501301,5.0,9.0,0.0,0.0,0.951705,0.951285,,,,
candidate_selector,results\public_benchmark_v1_ext33_m2_18_styleaware_selector_v2\candidate_selector_dataset.csv,ocp_002,Openclipart,butterfly,auto_r125_c20,auto_fill,candidate_non_teacher,0,0,0.25,non_teacher_candidate,flat_icon_fill,pass,0.09501301,5.0,9.0,0.0,0.0,0.951705,0.951285,,,,
candidate_selector,results\public_benchmark_v1_ext33_m2_18_styleaware_selector_v2\candidate_selector_dataset.csv,ocp_002,Openclipart,butterfly,auto_skel_c12,running_line,candidate_non_teacher,0,0,0.25,non_teacher_candidate,flat_icon_fill,pass,0.09501301,5.0,9.0,0.0,0.0,0.951705,0.951285,,,,
candidate_selector,results\public_benchmark_v1_ext33_m2_18_styleaware_selector_v2\candidate_selector_dataset.csv,ocp_002,Openclipart,butterfly,skeleton_c20_m4,running_line,candidate_non_teacher,0,0,0.25,non_teacher_candidate,flat_icon_fill,warning,0.18349506,20.0,3.0,0.0,0.0,0.213803,0.761249,,,,
candidate_selector,results\public_benchmark_v1_ext33_m2_18_styleaware_selector_v2\candidate_selector_dataset.csv,ocp_002,Openclipart,butterfly,skeleton_c30_m4,running_line,candidate_non_teacher,0,0,0.25,non_teacher_candidate,flat_icon_fill,warning,0.15264732,17.0,2.0,0.0,0.0,0.229967,0.774241,,,,
candidate_selector,results\public_benchmark_v1_ext33_m2_18_styleaware_selector_v2\candidate_selector_dataset.csv,ocp_002,Openclipart,butterfly,skeleton_c30_m8,running_line,candidate_non_teacher,0,0,0.25,non_teacher_candidate,flat_icon_fill,warning,0.13921389,16.0,1.0,0.0,0.0,0.186129,0.779168,,,,
candidate_selector,results\public_benchmark_v1_ext33_m2_18_styleaware_selector_v2\candidate_selector_dataset.csv,ocp_002,Openclipart,butterfly,skeleton_c30_m12,running_line,candidate_non_teacher,0,0,0.25,non_teacher_candidate,flat_icon_fill,warning,0.13921389,16.0,1.0,0.0,0.0,0.179075,0.772449,,,,
candidate_selector,results\public_benchmark_v1_ext33_m2_18_styleaware_selector_v2\candidate_selector_dataset.csv,ocp_002,Openclipart,butterfly,skeleton_c30_m20,running_line,candidate_non_teacher,0,0,0.25,non_teacher_candidate,flat_icon_fill,excellent,0.05805247,7.0,0.0,0.0,0.0,0.111579,0.783895,,,,
candidate_selector,results\public_benchmark_v1_ext33_m2_18_styleaware_selector_v2\candidate_selector_dataset.csv,ocp_002,Openclipart,butterfly,mask_fill_rows16_c6,fill_tatami_like,reject,0,1,0.75,hard_negative,flat_icon_fill,hard_fail,0.36780464,146.0,21.0,0.0,0.0,0.996522,0.877129,,,,
candidate_selector,results\public_benchmark_v1_ext33_m2_18_styleaware_selector_v2\candidate_selector_dataset.csv,ocp_002,Openclipart,butterfly,mask_fill_edgewalk_rows16_p40,fill_tatami_like,reject,0,1,0.75,hard_negative,flat_icon_fill,hard_fail,0.43966423,104.0,18.0,4.2208,0.0,0.996767,0.862471,,,,
candidate_selector,results\public_benchmark_v1_ext33_m2_18_styleaware_selector_v2\candidate_selector_dataset.csv,ocp_002,Openclipart,butterfly,mask_fill_edgewalk_outline_ext_in3_rows16_p40,outline_border,reject,0,1,0.75,hard_negative,flat_icon_fill,hard_fail,0.43970081,105.0,18.0,4.2208,0.0,0.996767,0.862434,,,,
candidate_selector,results\public_benchmark_v1_ext33_m2_18_styleaware_selector_v2\candidate_selector_dataset.csv,ocp_002,Openclipart,butterfly,mask_fill_edgewalk_styleaware_r008_d45,style_aware_mixed,reject,0,1,0.75,hard_negative,flat_icon_fill,hard_fail,0.43929698,103.0,18.0,4.2208,0.0,0.996767,0.862837,,,,
candidate_selector,results\public_benchmark_v1_ext33_m2_18_styleaware_selector_v2\candidate_selector_dataset.csv,ocp_003,Openclipart,cat,auto_evalrepair_r10_c20,auto_fill,auto_fill,1,0,1.0,oracle_choice,flat_icon_fill,pass,0.15668438,14.0,7.0,0.0,0.0,0.996377,0.935782,,,,
candidate_selector,results\public_benchmark_v1_ext33_m2_18_styleaware_selector_v2\candidate_selector_dataset.csv,ocp_003,Openclipart,cat,auto_r10_c16,auto_fill,candidate_non_teacher,0,0,0.25,non_teacher_candidate,flat_icon_fill,pass,0.17090348,15.0,8.0,0.0,0.0,0.996377,0.937706,,,,
candidate_selector,results\public_benchmark_v1_ext33_m2_18_styleaware_selector_v2\candidate_selector_dataset.csv,ocp_003,Openclipart,cat,auto_r10_c20,auto_fill,candidate_non_teacher,0,0,0.25,non_teacher_candidate,flat_icon_fill,pass,0.17090348,15.0,8.0,0.0,0.0,0.996377,0.937706,,,,
candidate_selector,results\public_benchmark_v1_ext33_m2_18_styleaware_selector_v2\candidate_selector_dataset.csv,ocp_003,Openclipart,cat,auto_r125_c16,auto_fill,candidate_non_teacher,0,0,0.25,non_teacher_candidate,flat_icon_fill,pass,0.17090348,15.0,8.0,0.0,0.0,0.996377,0.937706,,,,
candidate_selector,results\public_benchmark_v1_ext33_m2_18_styleaware_selector_v2\candidate_selector_dataset.csv,ocp_003,Openclipart,cat,auto_r125_c20,auto_fill,candidate_non_teacher,0,0,0.25,non_teacher_candidate,flat_icon_fill,pass,0.17090348,15.0,8.0,0.0,0.0,0.996377,0.937706,,,,
candidate_selector,results\public_benchmark_v1_ext33_m2_18_styleaware_selector_v2\candidate_selector_dataset.csv,ocp_003,Openclipart,cat,auto_skel_c12,running_line,candidate_non_teacher,0,0,0.25,non_teacher_candidate,flat_icon_fill,pass,0.17090348,15.0,8.0,0.0,0.0,0.996377,0.937706,,,,
candidate_selector,results\public_benchmark_v1_ext33_m2_18_styleaware_selector_v2\candidate_selector_dataset.csv,ocp_003,Openclipart,cat,skeleton_c20_m4,running_line,candidate_non_teacher,0,0,0.25,non_teacher_candidate,flat_icon_fill,pass,0.10327993,11.0,2.0,0.0,0.0,0.267986,0.987079,,,,
candidate_selector,results\public_benchmark_v1_ext33_m2_18_styleaware_selector_v2\candidate_selector_dataset.csv,ocp_003,Openclipart,cat,skeleton_c30_m4,running_line,candidate_non_teacher,0,0,0.25,non_teacher_candidate,flat_icon_fill,excellent,0.07234306,8.0,1.0,0.0,0.0,0.294036,0.986494,,,,
candidate_selector,results\public_benchmark_v1_ext33_m2_18_styleaware_selector_v2\candidate_selector_dataset.csv,ocp_003,Openclipart,cat,skeleton_c30_m8,running_line,candidate_non_teacher,0,0,0.25,non_teacher_candidate,flat_icon_fill,excellent,0.07239822,8.0,1.0,0.0,0.0,0.289263,0.986275,,,,
candidate_selector,results\public_benchmark_v1_ext33_m2_18_styleaware_selector_v2\candidate_selector_dataset.csv,ocp_003,Openclipart,cat,skeleton_c30_m12,running_line,candidate_non_teacher,0,0,0.25,non_teacher_candidate,flat_icon_fill,excellent,0.06412394,7.0,1.0,0.0,0.0,0.275634,0.985606,,,,
candidate_selector,results\public_benchmark_v1_ext33_m2_18_styleaware_selector_v2\candidate_selector_dataset.csv,ocp_003,Openclipart,cat,skeleton_c30_m20,running_line,candidate_non_teacher,0,0,0.25,non_teacher_candidate,flat_icon_fill,excellent,0.06412394,7.0,1.0,0.0,0.0,0.267583,0.985179,,,,
candidate_selector,results\public_benchmark_v1_ext33_m2_18_styleaware_selector_v2\candidate_selector_dataset.csv,ocp_003,Openclipart,cat,mask_fill_rows16_c6,fill_tatami_like,reject,0,1,0.75,hard_negative,flat_icon_fill,hard_fail,0.27928607,63.0,10.0,0.0,0.0,0.999942,0.864903,,,,
candidate_selector,results\public_benchmark_v1_ext33_m2_18_styleaware_selector_v2\candidate_selector_dataset.csv,ocp_003,Openclipart,cat,mask_fill_edgewalk_rows16_p40,fill_tatami_like,reject,0,1,0.75,hard_negative,flat_icon_fill,hard_fail,0.27117184,39.0,8.0,0.4714,0.0,0.999942,0.855835,,,,
candidate_selector,results\public_benchmark_v1_ext33_m2_18_styleaware_selector_v2\candidate_selector_dataset.csv,ocp_003,Openclipart,cat,mask_fill_edgewalk_outline_ext_in3_rows16_p40,outline_border,reject,0,1,0.75,hard_negative,flat_icon_fill,hard_fail,0.47023017,46.0,9.0,7.441,1.0,1.0,0.852193,,,,
candidate_selector,results\public_benchmark_v1_ext33_m2_18_styleaware_selector_v2\candidate_selector_dataset.csv,ocp_003,Openclipart,cat,mask_fill_edgewalk_styleaware_r008_d45,style_aware_mixed,reject,0,1,0.75,hard_negative,flat_icon_fill,hard_fail,0.27117184,39.0,8.0,0.4714,0.0,0.999942,0.855835,,,,
candidate_selector,results\public_benchmark_v1_ext33_m2_18_styleaware_selector_v2\candidate_selector_dataset.csv,ocp_004,Openclipart,koi_fish,auto_evalrepair_r10_c20,auto_fill,auto_fill,1,0,1.0,oracle_choice,flat_icon_fill,pass,0.16071794,13.0,9.0,0.0,0.0,0.974832,0.947877,,,,
candidate_selector,results\public_benchmark_v1_ext33_m2_18_styleaware_selector_v2\candidate_selector_dataset.csv,ocp_004,Openclipart,koi_fish,auto_r10_c16,auto_fill,candidate_non_teacher,0,0,0.25,non_teacher_candidate,flat_icon_fill,pass,0.17716215,15.0,9.0,0.0,0.0,0.974832,0.949814,,,,
candidate_selector,results\public_benchmark_v1_ext33_m2_18_styleaware_selector_v2\candidate_selector_dataset.csv,ocp_004,Openclipart,koi_fish,auto_r10_c20,auto_fill,candidate_non_teacher,0,0,0.25,non_teacher_candidate,flat_icon_fill,pass,0.17716215,15.0,9.0,0.0,0.0,0.974832,0.949814,,,,
candidate_selector,results\public_benchmark_v1_ext33_m2_18_styleaware_selector_v2\candidate_selector_dataset.csv,ocp_004,Openclipart,koi_fish,auto_r125_c16,auto_fill,candidate_non_teacher,0,0,0.25,non_teacher_candidate,flat_icon_fill,pass,0.17716215,15.0,9.0,0.0,0.0,0.974832,0.949814,,,,
candidate_selector,results\public_benchmark_v1_ext33_m2_18_styleaware_selector_v2\candidate_selector_dataset.csv,ocp_004,Openclipart,koi_fish,auto_r125_c20,auto_fill,candidate_non_teacher,0,0,0.25,non_teacher_candidate,flat_icon_fill,pass,0.17716215,15.0,9.0,0.0,0.0,0.974832,0.949814,,,,
candidate_selector,results\public_benchmark_v1_ext33_m2_18_styleaware_selector_v2\candidate_selector_dataset.csv,ocp_004,Openclipart,koi_fish,auto_skel_c12,running_line,candidate_non_teacher,0,0,0.25,non_teacher_candidate,flat_icon_fill,pass,0.17716215,15.0,9.0,0.0,0.0,0.974832,0.949814,,,,
candidate_selector,results\public_benchmark_v1_ext33_m2_18_styleaware_selector_v2\candidate_selector_dataset.csv,ocp_004,Openclipart,koi_fish,skeleton_c20_m4,running_line,candidate_non_teacher,0,0,0.25,non_teacher_candidate,flat_icon_fill,pass,0.12247735,14.0,1.0,0.0,0.0,0.354019,0.952057,,,,
candidate_selector,results\public_benchmark_v1_ext33_m2_18_styleaware_selector_v2\candidate_selector_dataset.csv,ocp_004,Openclipart,koi_fish,skeleton_c30_m4,running_line,candidate_non_teacher,0,0,0.25,non_teacher_candidate,flat_icon_fill,pass,0.12247735,14.0,1.0,0.0,0.0,0.354019,0.952057,,,,
candidate_selector,results\public_benchmark_v1_ext33_m2_18_styleaware_selector_v2\candidate_selector_dataset.csv,ocp_004,Openclipart,koi_fish,skeleton_c30_m8,running_line,candidate_non_teacher,0,0,0.25,non_teacher_candidate,flat_icon_fill,excellent,0.08051831,9.0,1.0,0.0,0.0,0.332922,0.954545,,,,
candidate_selector,results\public_benchmark_v1_ext33_m2_18_styleaware_selector_v2\candidate_selector_dataset.csv,ocp_004,Openclipart,koi_fish,skeleton_c30_m12,running_line,candidate_non_teacher,0,0,0.25,non_teacher_candidate,flat_icon_fill,excellent,0.06394839,7.0,1.0,0.0,0.0,0.306212,0.979672,,,,
candidate_selector,results\public_benchmark_v1_ext33_m2_18_styleaware_selector_v2\candidate_selector_dataset.csv,ocp_004,Openclipart,koi_fish,skeleton_c30_m20,running_line,candidate_non_teacher,0,0,0.25,non_teacher_candidate,flat_icon_fill,excellent,0.06400282,7.0,1.0,0.0,0.0,0.232188,0.999734,,,,
candidate_selector,results\public_benchmark_v1_ext33_m2_18_styleaware_selector_v2\candidate_selector_dataset.csv,ocp_004,Openclipart,koi_fish,mask_fill_rows16_c6,fill_tatami_like,reject,0,1,0.75,hard_negative,flat_icon_fill,hard_fail,0.36853005,149.0,33.0,0.0,0.0,0.999877,0.851313,,,,
candidate_selector,results\public_benchmark_v1_ext33_m2_18_styleaware_selector_v2\candidate_selector_dataset.csv,ocp_004,Openclipart,koi_fish,mask_fill_edgewalk_rows16_p40,fill_tatami_like,reject,0,1,0.75,hard_negative,flat_icon_fill,hard_fail,0.36572233,100.0,25.0,0.4955,0.0,0.999877,0.830975,,,,
candidate_selector,results\public_benchmark_v1_ext33_m2_18_styleaware_selector_v2\candidate_selector_dataset.csv,ocp_004,Openclipart,koi_fish,mask_fill_edgewalk_outline_ext_in3_rows16_p40,outline_border,reject,0,1,0.75,hard_negative,flat_icon_fill,hard_fail,0.36742443,105.0,26.0,0.4955,0.0,0.999877,0.829826,,,,
candidate_selector,results\public_benchmark_v1_ext33_m2_18_styleaware_selector_v2\candidate_selector_dataset.csv,ocp_004,Openclipart,koi_fish,mask_fill_edgewalk_styleaware_r008_d45,style_aware_mixed,reject,0,1,0.75,hard_negative,flat_icon_fill,hard_fail,0.36572233,100.0,25.0,0.4955,0.0,0.999877,0.830975,,,,
candidate_selector,results\public_benchmark_v1_ext33_m2_18_styleaware_selector_v2\candidate_selector_dataset.csv,ocp_005,Openclipart,public_domain_logo,auto_evalrepair_r10_c20,auto_fill,candidate_non_teacher,0,0,0.25,non_teacher_candidate,flat_icon_fill,excellent,0.044,1.0,6.0,0.0,0.0,0.707497,1.0,,,,
candidate_selector,results\public_benchmark_v1_ext33_m2_18_styleaware_selector_v2\candidate_selector_dataset.csv,ocp_005,Openclipart,public_domain_logo,auto_r10_c16,auto_fill,candidate_non_teacher,0,0,0.25,non_teacher_candidate,flat_icon_fill,excellent,0.044,1.0,6.0,0.0,0.0,0.707497,1.0,,,,
candidate_selector,results\public_benchmark_v1_ext33_m2_18_styleaware_selector_v2\candidate_selector_dataset.csv,ocp_005,Openclipart,public_domain_logo,auto_r10_c20,auto_fill,candidate_non_teacher,0,0,0.25,non_teacher_candidate,flat_icon_fill,excellent,0.044,1.0,6.0,0.0,0.0,0.707497,1.0,,,,
candidate_selector,results\public_benchmark_v1_ext33_m2_18_styleaware_selector_v2\candidate_selector_dataset.csv,ocp_005,Openclipart,public_domain_logo,auto_r125_c16,auto_fill,candidate_non_teacher,0,0,0.25,non_teacher_candidate,flat_icon_fill,excellent,0.044,1.0,6.0,0.0,0.0,0.707497,1.0,,,,
candidate_selector,results\public_benchmark_v1_ext33_m2_18_styleaware_selector_v2\candidate_selector_dataset.csv,ocp_005,Openclipart,public_domain_logo,auto_r125_c20,auto_fill,candidate_non_teacher,0,0,0.25,non_teacher_candidate,flat_icon_fill,excellent,0.044,1.0,6.0,0.0,0.0,0.707497,1.0,,,,
candidate_selector,results\public_benchmark_v1_ext33_m2_18_styleaware_selector_v2\candidate_selector_dataset.csv,ocp_005,Openclipart,public_domain_logo,auto_skel_c12,running_line,candidate_non_teacher,0,0,0.25,non_teacher_candidate,flat_icon_fill,excellent,0.044,1.0,6.0,0.0,0.0,0.707497,1.0,,,,
candidate_selector,results\public_benchmark_v1_ext33_m2_18_styleaware_selector_v2\candidate_selector_dataset.csv,ocp_005,Openclipart,public_domain_logo,skeleton_c20_m4,running_line,candidate_non_teacher,0,0,0.25,non_teacher_candidate,flat_icon_fill,excellent,0.03306244,4.0,0.0,0.0,0.0,0.110768,1.0,,,,
candidate_selector,results\public_benchmark_v1_ext33_m2_18_styleaware_selector_v2\candidate_selector_dataset.csv,ocp_005,Openclipart,public_domain_logo,skeleton_c30_m4,running_line,candidate_non_teacher,0,0,0.25,non_teacher_candidate,flat_icon_fill,excellent,0.03306244,4.0,0.0,0.0,0.0,0.110768,1.0,,,,
candidate_selector,results\public_benchmark_v1_ext33_m2_18_styleaware_selector_v2\candidate_selector_dataset.csv,ocp_005,Openclipart,public_domain_logo,skeleton_c30_m8,running_line,candidate_non_teacher,0,0,0.25,non_teacher_candidate,flat_icon_fill,excellent,0.03306244,4.0,0.0,0.0,0.0,0.110768,1.0,,,,
candidate_selector,results\public_benchmark_v1_ext33_m2_18_styleaware_selector_v2\candidate_selector_dataset.csv,ocp_005,Openclipart,public_domain_logo,skeleton_c30_m12,running_line,candidate_non_teacher,0,0,0.25,non_teacher_candidate,flat_icon_fill,excellent,0.03306244,4.0,0.0,0.0,0.0,0.110768,1.0,,,,
candidate_selector,results\public_benchmark_v1_ext33_m2_18_styleaware_selector_v2\candidate_selector_dataset.csv,ocp_005,Openclipart,public_domain_logo,skeleton_c30_m20,running_line,candidate_non_teacher,0,0,0.25,non_teacher_candidate,flat_icon_fill,excellent,0.03306244,4.0,0.0,0.0,0.0,0.110768,1.0,,,,
candidate_selector,results\public_benchmark_v1_ext33_m2_18_styleaware_selector_v2\candidate_selector_dataset.csv,ocp_005,Openclipart,public_domain_logo,mask_fill_rows16_c6,fill_tatami_like,fill_tatami_like,1,0,1.0,oracle_choice,flat_icon_fill,excellent,0.0331172,4.0,0.0,0.0,0.0,1.0,0.910081,,,,
candidate_selector,results\public_benchmark_v1_ext33_m2_18_styleaware_selector_v2\candidate_selector_dataset.csv,ocp_005,Openclipart,public_domain_logo,mask_fill_edgewalk_rows16_p40,fill_tatami_like,candidate_non_teacher,0,0,0.25,non_teacher_candidate,flat_icon_fill,excellent,0.0331172,4.0,0.0,0.0,0.0,1.0,0.910081,,,,
candidate_selector,results\public_benchmark_v1_ext33_m2_18_styleaware_selector_v2\candidate_selector_dataset.csv,ocp_005,Openclipart,public_domain_logo,mask_fill_edgewalk_outline_ext_in3_rows16_p40,outline_border,candidate_non_teacher,0,0,0.25,non_teacher_candidate,flat_icon_fill,pass,0.10606983,12.0,1.0,0.0,0.0,1.0,0.910081,,,,
candidate_selector,results\public_benchmark_v1_ext33_m2_18_styleaware_selector_v2\candidate_selector_dataset.csv,ocp_005,Openclipart,public_domain_logo,mask_fill_edgewalk_styleaware_r008_d45,style_aware_mixed,candidate_non_teacher,0,0,0.25,non_teacher_candidate,flat_icon_fill,excellent,0.0331172,4.0,0.0,0.0,0.0,1.0,0.910081,,,,
candidate_selector,results\public_benchmark_v1_ext33_m2_18_styleaware_selector_v2\candidate_selector_dataset.csv,ocp_006,Openclipart,butterfly_2,auto_evalrepair_r10_c20,auto_fill,auto_fill,1,0,1.0,oracle_choice,flat_icon_fill,warning,0.14899964,5.0,18.0,0.0,0.0,0.966139,0.978372,,,,
candidate_selector,results\public_benchmark_v1_ext33_m2_18_styleaware_selector_v2\candidate_selector_dataset.csv,ocp_006,Openclipart,butterfly_2,auto_r10_c16,auto_fill,candidate_non_teacher,0,0,0.25,non_teacher_candidate,flat_icon_fill,warning,0.14899964,5.0,18.0,0.0,0.0,0.966139,0.978372,,,,
candidate_selector,results\public_benchmark_v1_ext33_m2_18_styleaware_selector_v2\candidate_selector_dataset.csv,ocp_006,Openclipart,butterfly_2,auto_r10_c20,auto_fill,candidate_non_teacher,0,0,0.25,non_teacher_candidate,flat_icon_fill,warning,0.14899964,5.0,18.0,0.0,0.0,0.966139,0.978372,,,,
candidate_selector,results\public_benchmark_v1_ext33_m2_18_styleaware_selector_v2\candidate_selector_dataset.csv,ocp_006,Openclipart,butterfly_2,auto_r125_c16,auto_fill,candidate_non_teacher,0,0,0.25,non_teacher_candidate,flat_icon_fill,warning,0.14899964,5.0,18.0,0.0,0.0,0.966139,0.978372,,,,
candidate_selector,results\public_benchmark_v1_ext33_m2_18_styleaware_selector_v2\candidate_selector_dataset.csv,ocp_006,Openclipart,butterfly_2,auto_r125_c20,auto_fill,candidate_non_teacher,0,0,0.25,non_teacher_candidate,flat_icon_fill,warning,0.14899964,5.0,18.0,0.0,0.0,0.966139,0.978372,,,,
candidate_selector,results\public_benchmark_v1_ext33_m2_18_styleaware_selector_v2\candidate_selector_dataset.csv,ocp_006,Openclipart,butterfly_2,auto_skel_c12,running_line,candidate_non_teacher,0,0,0.25,non_teacher_candidate,flat_icon_fill,warning,0.14899964,5.0,18.0,0.0,0.0,0.966139,0.978372,,,,
candidate_selector,results\public_benchmark_v1_ext33_m2_18_styleaware_selector_v2\candidate_selector_dataset.csv,ocp_006,Openclipart,butterfly_2,skeleton_c20_m4,running_line,candidate_non_teacher,0,0,0.25,non_teacher_candidate,flat_icon_fill,warning,0.14715372,17.0,1.0,0.0,0.0,0.230876,0.843619,,,,
candidate_selector,results\public_benchmark_v1_ext33_m2_18_styleaware_selector_v2\candidate_selector_dataset.csv,ocp_006,Openclipart,butterfly_2,skeleton_c30_m4,running_line,candidate_non_teacher,0,0,0.25,non_teacher_candidate,flat_icon_fill,warning,0.14715372,17.0,1.0,0.0,0.0,0.230876,0.843619,,,,
candidate_selector,results\public_benchmark_v1_ext33_m2_18_styleaware_selector_v2\candidate_selector_dataset.csv,ocp_006,Openclipart,butterfly_2,skeleton_c30_m8,running_line,candidate_non_teacher,0,0,0.25,non_teacher_candidate,flat_icon_fill,warning,0.16795053,18.0,3.0,0.0,0.0,0.182258,0.822267,,,,
candidate_selector,results\public_benchmark_v1_ext33_m2_18_styleaware_selector_v2\candidate_selector_dataset.csv,ocp_006,Openclipart,butterfly_2,skeleton_c30_m12,running_line,candidate_non_teacher,0,0,0.25,non_teacher_candidate,flat_icon_fill,pass,0.11433412,13.0,1.0,0.0,0.0,0.156678,0.809917,,,,
candidate_selector,results\public_benchmark_v1_ext33_m2_18_styleaware_selector_v2\candidate_selector_dataset.csv,ocp_006,Openclipart,butterfly_2,skeleton_c30_m20,running_line,candidate_non_teacher,0,0,0.25,non_teacher_candidate,flat_icon_fill,excellent,0.08312755,10.0,0.0,0.0,0.0,0.119907,0.800493,,,,
candidate_selector,results\public_benchmark_v1_ext33_m2_18_styleaware_selector_v2\candidate_selector_dataset.csv,ocp_006,Openclipart,butterfly_2,mask_fill_rows16_c6,fill_tatami_like,reject,0,1,0.75,hard_negative,flat_icon_fill,hard_fail,0.32925123,89.0,15.0,0.5701,0.0,0.999795,0.899532,,,,
candidate_selector,results\public_benchmark_v1_ext33_m2_18_styleaware_selector_v2\candidate_selector_dataset.csv,ocp_006,Openclipart,butterfly_2,mask_fill_edgewalk_rows16_p40,fill_tatami_like,reject,0,1,0.75,hard_negative,flat_icon_fill,hard_fail,0.39477264,30.0,6.0,6.6141,0.0,0.999795,0.879961,,,,
candidate_selector,results\public_benchmark_v1_ext33_m2_18_styleaware_selector_v2\candidate_selector_dataset.csv,ocp_006,Openclipart,butterfly_2,mask_fill_edgewalk_outline_ext_in3_rows16_p40,outline_border,reject,0,1,0.75,hard_negative,flat_icon_fill,hard_fail,0.4028763,35.0,7.0,6.6141,0.0,0.999795,0.87958,,,,
candidate_selector,results\public_benchmark_v1_ext33_m2_18_styleaware_selector_v2\candidate_selector_dataset.csv,ocp_006,Openclipart,butterfly_2,mask_fill_edgewalk_styleaware_r008_d45,style_aware_mixed,reject,0,1,0.75,hard_negative,flat_icon_fill,hard_fail,0.39477264,30.0,6.0,6.6141,0.0,0.999795,0.879961,,,,
candidate_selector,results\public_benchmark_v1_ext33_m2_18_styleaware_selector_v2\candidate_selector_dataset.csv,ocp_007,Openclipart,sitting_cat,auto_evalrepair_r10_c20,auto_fill,auto_fill,1,0,1.0,oracle_choice,flat_icon_fill,pass,0.08902364,5.0,8.0,0.0,0.0,0.989164,0.945665,,,,
candidate_selector,results\public_benchmark_v1_ext33_m2_18_styleaware_selector_v2\candidate_selector_dataset.csv,ocp_007,Openclipart,sitting_cat,auto_r10_c16,auto_fill,candidate_non_teacher,0,0,0.25,non_teacher_candidate,flat_icon_fill,pass,0.08902364,5.0,8.0,0.0,0.0,0.989164,0.945665,,,,
candidate_selector,results\public_benchmark_v1_ext33_m2_18_styleaware_selector_v2\candidate_selector_dataset.csv,ocp_007,Openclipart,sitting_cat,auto_r10_c20,auto_fill,candidate_non_teacher,0,0,0.25,non_teacher_candidate,flat_icon_fill,pass,0.08902364,5.0,8.0,0.0,0.0,0.989164,0.945665,,,,
candidate_selector,results\public_benchmark_v1_ext33_m2_18_styleaware_selector_v2\candidate_selector_dataset.csv,ocp_007,Openclipart,sitting_cat,auto_r125_c16,auto_fill,candidate_non_teacher,0,0,0.25,non_teacher_candidate,flat_icon_fill,pass,0.08902364,5.0,8.0,0.0,0.0,0.989164,0.945665,,,,
candidate_selector,results\public_benchmark_v1_ext33_m2_18_styleaware_selector_v2\candidate_selector_dataset.csv,ocp_007,Openclipart,sitting_cat,auto_r125_c20,auto_fill,candidate_non_teacher,0,0,0.25,non_teacher_candidate,flat_icon_fill,pass,0.08902364,5.0,8.0,0.0,0.0,0.989164,0.945665,,,,
candidate_selector,results\public_benchmark_v1_ext33_m2_18_styleaware_selector_v2\candidate_selector_dataset.csv,ocp_007,Openclipart,sitting_cat,auto_skel_c12,running_line,candidate_non_teacher,0,0,0.25,non_teacher_candidate,flat_icon_fill,pass,0.08902364,5.0,8.0,0.0,0.0,0.989164,0.945665,,,,
candidate_selector,results\public_benchmark_v1_ext33_m2_18_styleaware_selector_v2\candidate_selector_dataset.csv,ocp_007,Openclipart,sitting_cat,skeleton_c20_m4,running_line,candidate_non_teacher,0,0,0.25,non_teacher_candidate,flat_icon_fill,pass,0.10402078,11.0,2.0,0.0,0.0,0.279473,0.993042,,,,
candidate_selector,results\public_benchmark_v1_ext33_m2_18_styleaware_selector_v2\candidate_selector_dataset.csv,ocp_007,Openclipart,sitting_cat,skeleton_c30_m4,running_line,candidate_non_teacher,0,0,0.25,non_teacher_candidate,flat_icon_fill,pass,0.10402078,11.0,2.0,0.0,0.0,0.279473,0.993042,,,,
candidate_selector,results\public_benchmark_v1_ext33_m2_18_styleaware_selector_v2\candidate_selector_dataset.csv,ocp_007,Openclipart,sitting_cat,skeleton_c30_m8,running_line,candidate_non_teacher,0,0,0.25,non_teacher_candidate,flat_icon_fill,excellent,0.09542049,10.0,2.0,0.0,0.0,0.258149,0.992471,,,,
candidate_selector,results\public_benchmark_v1_ext33_m2_18_styleaware_selector_v2\candidate_selector_dataset.csv,ocp_007,Openclipart,sitting_cat,skeleton_c30_m12,running_line,candidate_non_teacher,0,0,0.25,non_teacher_candidate,flat_icon_fill,excellent,0.09542049,10.0,2.0,0.0,0.0,0.258149,0.992471,,,,
candidate_selector,results\public_benchmark_v1_ext33_m2_18_styleaware_selector_v2\candidate_selector_dataset.csv,ocp_007,Openclipart,sitting_cat,skeleton_c30_m20,running_line,candidate_non_teacher,0,0,0.25,non_teacher_candidate,flat_icon_fill,pass,0.10353746,11.0,2.0,0.0,0.0,0.248923,0.992194,,,,
candidate_selector,results\public_benchmark_v1_ext33_m2_18_styleaware_selector_v2\candidate_selector_dataset.csv,ocp_007,Openclipart,sitting_cat,mask_fill_rows16_c6,fill_tatami_like,reject,0,1,0.75,hard_negative,flat_icon_fill,hard_fail,0.36643663,137.0,27.0,0.0,0.0,1.0,0.883366,,,,
candidate_selector,results\public_benchmark_v1_ext33_m2_18_styleaware_selector_v2\candidate_selector_dataset.csv,ocp_007,Openclipart,sitting_cat,mask_fill_edgewalk_rows16_p40,fill_tatami_like,reject,0,1,0.75,hard_negative,flat_icon_fill,hard_fail,0.37253963,115.0,25.0,0.5657,0.0,1.0,0.877899,,,,
candidate_selector,results\public_benchmark_v1_ext33_m2_18_styleaware_selector_v2\candidate_selector_dataset.csv,ocp_007,Openclipart,sitting_cat,mask_fill_edgewalk_outline_ext_in3_rows16_p40,outline_border,reject,0,1,0.75,hard_negative,flat_icon_fill,hard_fail,0.37608084,122.0,26.0,0.5657,0.0,1.0,0.874391,,,,
candidate_selector,results\public_benchmark_v1_ext33_m2_18_styleaware_selector_v2\candidate_selector_dataset.csv,ocp_007,Openclipart,sitting_cat,mask_fill_edgewalk_styleaware_r008_d45,style_aware_mixed,reject,0,1,0.75,hard_negative,flat_icon_fill,hard_fail,0.37253963,115.0,25.0,0.5657,0.0,1.0,0.877899,,,,
candidate_selector,results\public_benchmark_v1_ext33_m2_18_styleaware_selector_v2\candidate_selector_dataset.csv,ocp_008,Openclipart,fish,auto_evalrepair_r10_c20,auto_fill,reject,0,1,0.75,hard_negative,flat_icon_fill,hard_fail,0.36485706,5.0,4.0,70.2628,10.0,0.868889,0.945691,,,,
candidate_selector,results\public_benchmark_v1_ext33_m2_18_styleaware_selector_v2\candidate_selector_dataset.csv,ocp_008,Openclipart,fish,auto_r10_c16,auto_fill,reject,0,1,0.75,hard_negative,flat_icon_fill,hard_fail,0.36485706,5.0,4.0,70.2628,10.0,0.868889,0.945691,,,,
candidate_selector,results\public_benchmark_v1_ext33_m2_18_styleaware_selector_v2\candidate_selector_dataset.csv,ocp_008,Openclipart,fish,auto_r10_c20,auto_fill,reject,0,1,0.75,hard_negative,flat_icon_fill,hard_fail,0.36485706,5.0,4.0,70.2628,10.0,0.868889,0.945691,,,,
candidate_selector,results\public_benchmark_v1_ext33_m2_18_styleaware_selector_v2\candidate_selector_dataset.csv,ocp_008,Openclipart,fish,auto_r125_c16,auto_fill,reject,0,1,0.75,hard_negative,flat_icon_fill,hard_fail,0.36485706,5.0,4.0,70.2628,10.0,0.868889,0.945691,,,,
candidate_selector,results\public_benchmark_v1_ext33_m2_18_styleaware_selector_v2\candidate_selector_dataset.csv,ocp_008,Openclipart,fish,auto_r125_c20,auto_fill,reject,0,1,0.75,hard_negative,flat_icon_fill,hard_fail,0.36485706,5.0,4.0,70.2628,10.0,0.868889,0.945691,,,,
candidate_selector,results\public_benchmark_v1_ext33_m2_18_styleaware_selector_v2\candidate_selector_dataset.csv,ocp_008,Openclipart,fish,auto_skel_c12,running_line,reject,0,1,0.75,hard_negative,flat_icon_fill,hard_fail,0.36485706,5.0,4.0,70.2628,10.0,0.868889,0.945691,,,,
candidate_selector,results\public_benchmark_v1_ext33_m2_18_styleaware_selector_v2\candidate_selector_dataset.csv,ocp_008,Openclipart,fish,skeleton_c20_m4,running_line,running_line,1,0,1.0,oracle_choice,flat_icon_fill,warning,0.14736437,17.0,1.0,0.0,0.0,0.436303,0.907355,,,,
candidate_selector,results\public_benchmark_v1_ext33_m2_18_styleaware_selector_v2\candidate_selector_dataset.csv,ocp_008,Openclipart,fish,skeleton_c30_m4,running_line,candidate_non_teacher,0,0,0.25,non_teacher_candidate,flat_icon_fill,warning,0.14736437,17.0,1.0,0.0,0.0,0.436303,0.907355,,,,
candidate_selector,results\public_benchmark_v1_ext33_m2_18_styleaware_selector_v2\candidate_selector_dataset.csv,ocp_008,Openclipart,fish,skeleton_c30_m8,running_line,reject,0,1,0.75,hard_negative,flat_icon_fill,pass,0.15095796,15.0,2.0,0.6229,0.0,0.413945,0.900404,,,,
candidate_selector,results\public_benchmark_v1_ext33_m2_18_styleaware_selector_v2\candidate_selector_dataset.csv,ocp_008,Openclipart,fish,skeleton_c30_m12,running_line,candidate_non_teacher,0,0,0.25,non_teacher_candidate,flat_icon_fill,pass,0.13094427,15.0,1.0,0.0,0.0,0.354753,0.910129,,,,
candidate_selector,results\public_benchmark_v1_ext33_m2_18_styleaware_selector_v2\candidate_selector_dataset.csv,ocp_008,Openclipart,fish,skeleton_c30_m20,running_line,candidate_non_teacher,0,0,0.25,non_teacher_candidate,flat_icon_fill,pass,0.10601473,12.0,1.0,0.0,0.0,0.297533,0.9,,,,
candidate_selector,results\public_benchmark_v1_ext33_m2_18_styleaware_selector_v2\candidate_selector_dataset.csv,ocp_008,Openclipart,fish,mask_fill_rows16_c6,fill_tatami_like,reject,0,1,0.75,hard_negative,flat_icon_fill,hard_fail,0.36372683,143.0,25.0,0.0,0.0,1.0,0.828597,,,,
candidate_selector,results\public_benchmark_v1_ext33_m2_18_styleaware_selector_v2\candidate_selector_dataset.csv,ocp_008,Openclipart,fish,mask_fill_edgewalk_rows16_p40,fill_tatami_like,reject,0,1,0.75,hard_negative,flat_icon_fill,hard_fail,0.35774147,77.0,16.0,1.6268,0.0,1.0,0.805334,,,,
candidate_selector,results\public_benchmark_v1_ext33_m2_18_styleaware_selector_v2\candidate_selector_dataset.csv,ocp_008,Openclipart,fish,mask_fill_edgewalk_outline_ext_in3_rows16_p40,outline_border,reject,0,1,0.75,hard_negative,flat_icon_fill,hard_fail,0.36557805,82.0,17.0,1.6268,0.0,1.0,0.804531,,,,
candidate_selector,results\public_benchmark_v1_ext33_m2_18_styleaware_selector_v2\candidate_selector_dataset.csv,ocp_008,Openclipart,fish,mask_fill_edgewalk_styleaware_r008_d45,style_aware_mixed,reject,0,1,0.75,hard_negative,flat_icon_fill,hard_fail,0.35774147,77.0,16.0,1.6268,0.0,1.0,0.805334,,,,
candidate_selector,results\public_benchmark_v1_ext33_m2_18_styleaware_selector_v2\candidate_selector_dataset.csv,ocp_009,Openclipart,flower_2,auto_evalrepair_r10_c20,auto_fill,reject,0,1,0.75,hard_negative,flat_icon_fill,hard_fail,0.29124839,36.0,14.0,0.0,0.0,0.457299,0.87252,,,,
candidate_selector,results\public_benchmark_v1_ext33_m2_18_styleaware_selector_v2\candidate_selector_dataset.csv,ocp_009,Openclipart,flower_2,auto_r10_c16,auto_fill,reject,0,1,0.75,hard_negative,flat_icon_fill,hard_fail,0.29179307,39.0,14.0,0.0,0.0,0.4495,0.879004,,,,
candidate_selector,results\public_benchmark_v1_ext33_m2_18_styleaware_selector_v2\candidate_selector_dataset.csv,ocp_009,Openclipart,flower_2,auto_r10_c20,auto_fill,reject,0,1,0.75,hard_negative,flat_icon_fill,hard_fail,0.29179307,39.0,14.0,0.0,0.0,0.4495,0.879004,,,,
candidate_selector,results\public_benchmark_v1_ext33_m2_18_styleaware_selector_v2\candidate_selector_dataset.csv,ocp_009,Openclipart,flower_2,auto_r125_c16,auto_fill,reject,0,1,0.75,hard_negative,flat_icon_fill,hard_fail,0.29179307,39.0,14.0,0.0,0.0,0.4495,0.879004,,,,
candidate_selector,results\public_benchmark_v1_ext33_m2_18_styleaware_selector_v2\candidate_selector_dataset.csv,ocp_009,Openclipart,flower_2,auto_r125_c20,auto_fill,reject,0,1,0.75,hard_negative,flat_icon_fill,hard_fail,0.29179307,39.0,14.0,0.0,0.0,0.4495,0.879004,,,,
candidate_selector,results\public_benchmark_v1_ext33_m2_18_styleaware_selector_v2\candidate_selector_dataset.csv,ocp_009,Openclipart,flower_2,auto_skel_c12,running_line,reject,0,1,0.75,hard_negative,flat_icon_fill,hard_fail,0.29179307,39.0,14.0,0.0,0.0,0.4495,0.879004,,,,
candidate_selector,results\public_benchmark_v1_ext33_m2_18_styleaware_selector_v2\candidate_selector_dataset.csv,ocp_009,Openclipart,flower_2,skeleton_c20_m4,running_line,reject,0,1,0.75,hard_negative,flat_icon_fill,hard_fail,0.21952261,28.0,2.0,0.0,0.0,0.580138,0.836159,,,,
candidate_selector,results\public_benchmark_v1_ext33_m2_18_styleaware_selector_v2\candidate_selector_dataset.csv,ocp_009,Openclipart,flower_2,skeleton_c30_m4,running_line,reject,0,1,0.75,hard_negative,flat_icon_fill,hard_fail,0.21952261,28.0,2.0,0.0,0.0,0.580138,0.836159,,,,
candidate_selector,results\public_benchmark_v1_ext33_m2_18_styleaware_selector_v2\candidate_selector_dataset.csv,ocp_009,Openclipart,flower_2,skeleton_c30_m8,running_line,reject,0,1,0.75,hard_negative,flat_icon_fill,hard_fail,0.2149383,30.0,1.0,0.0,0.0,0.528142,0.855999,,,,
candidate_selector,results\public_benchmark_v1_ext33_m2_18_styleaware_selector_v2\candidate_selector_dataset.csv,ocp_009,Openclipart,flower_2,skeleton_c30_m12,running_line,running_line,1,0,1.0,oracle_choice,flat_icon_fill,warning,0.1547081,18.0,1.0,0.0,0.0,0.468803,0.873245,,,,
candidate_selector,results\public_benchmark_v1_ext33_m2_18_styleaware_selector_v2\candidate_selector_dataset.csv,ocp_009,Openclipart,flower_2,skeleton_c30_m20,running_line,candidate_non_teacher,0,0,0.25,non_teacher_candidate,flat_icon_fill,warning,0.16925781,19.0,2.0,0.0,0.0,0.368127,0.896912,,,,
candidate_selector,results\public_benchmark_v1_ext33_m2_18_styleaware_selector_v2\candidate_selector_dataset.csv,ocp_009,Openclipart,flower_2,mask_fill_rows16_c6,fill_tatami_like,reject,0,1,0.75,hard_negative,flat_icon_fill,hard_fail,0.36966633,173.0,21.0,0.0,0.0,0.998245,0.746525,,,,
candidate_selector,results\public_benchmark_v1_ext33_m2_18_styleaware_selector_v2\candidate_selector_dataset.csv,ocp_009,Openclipart,flower_2,mask_fill_edgewalk_rows16_p40,fill_tatami_like,reject,0,1,0.75,hard_negative,flat_icon_fill,hard_fail,0.3381849,52.0,11.0,2.4294,0.0,0.999675,0.70701,,,,
candidate_selector,results\public_benchmark_v1_ext33_m2_18_styleaware_selector_v2\candidate_selector_dataset.csv,ocp_009,Openclipart,flower_2,mask_fill_edgewalk_outline_ext_in3_rows16_p40,outline_border,reject,0,1,0.75,hard_negative,flat_icon_fill,hard_fail,0.36179406,67.0,14.0,2.4294,0.0,0.999675,0.70688,,,,
candidate_selector,results\public_benchmark_v1_ext33_m2_18_styleaware_selector_v2\candidate_selector_dataset.csv,ocp_009,Openclipart,flower_2,mask_fill_edgewalk_styleaware_r008_d45,style_aware_mixed,reject,0,1,0.75,hard_negative,flat_icon_fill,hard_fail,0.3381849,52.0,11.0,2.4294,0.0,0.999675,0.70701,,,,
candidate_selector,results\public_benchmark_v1_ext33_m2_18_styleaware_selector_v2\candidate_selector_dataset.csv,ocp_010,Openclipart,thought_bubble,auto_evalrepair_r10_c20,auto_fill,auto_fill,1,0,1.0,oracle_choice,flat_icon_fill,excellent,0.008,1.0,0.0,0.0,0.0,0.688911,0.988028,,,,
candidate_selector,results\public_benchmark_v1_ext33_m2_18_styleaware_selector_v2\candidate_selector_dataset.csv,ocp_010,Openclipart,thought_bubble,auto_r10_c16,auto_fill,candidate_non_teacher,0,0,0.25,non_teacher_candidate,flat_icon_fill,excellent,0.008,1.0,0.0,0.0,0.0,0.688911,0.988028,,,,
candidate_selector,results\public_benchmark_v1_ext33_m2_18_styleaware_selector_v2\candidate_selector_dataset.csv,ocp_010,Openclipart,thought_bubble,auto_r10_c20,auto_fill,candidate_non_teacher,0,0,0.25,non_teacher_candidate,flat_icon_fill,excellent,0.008,1.0,0.0,0.0,0.0,0.688911,0.988028,,,,
candidate_selector,results\public_benchmark_v1_ext33_m2_18_styleaware_selector_v2\candidate_selector_dataset.csv,ocp_010,Openclipart,thought_bubble,auto_r125_c16,auto_fill,candidate_non_teacher,0,0,0.25,non_teacher_candidate,flat_icon_fill,excellent,0.008,1.0,0.0,0.0,0.0,0.688911,0.988028,,,,
candidate_selector,results\public_benchmark_v1_ext33_m2_18_styleaware_selector_v2\candidate_selector_dataset.csv,ocp_010,Openclipart,thought_bubble,auto_r125_c20,auto_fill,candidate_non_teacher,0,0,0.25,non_teacher_candidate,flat_icon_fill,excellent,0.008,1.0,0.0,0.0,0.0,0.688911,0.988028,,,,
candidate_selector,results\public_benchmark_v1_ext33_m2_18_styleaware_selector_v2\candidate_selector_dataset.csv,ocp_010,Openclipart,thought_bubble,auto_skel_c12,running_line,candidate_non_teacher,0,0,0.25,non_teacher_candidate,flat_icon_fill,excellent,0.008,1.0,0.0,0.0,0.0,0.688911,0.988028,,,,
candidate_selector,results\public_benchmark_v1_ext33_m2_18_styleaware_selector_v2\candidate_selector_dataset.csv,ocp_010,Openclipart,thought_bubble,skeleton_c20_m4,running_line,candidate_non_teacher,0,0,0.25,non_teacher_candidate,flat_icon_fill,excellent,0.06424604,7.0,1.0,0.0,0.0,0.103727,0.986123,,,,
candidate_selector,results\public_benchmark_v1_ext33_m2_18_styleaware_selector_v2\candidate_selector_dataset.csv,ocp_010,Openclipart,thought_bubble,skeleton_c30_m4,running_line,candidate_non_teacher,0,0,0.25,non_teacher_candidate,flat_icon_fill,excellent,0.04757014,5.0,1.0,0.0,0.0,0.123979,0.988364,,,,
candidate_selector,results\public_benchmark_v1_ext33_m2_18_styleaware_selector_v2\candidate_selector_dataset.csv,ocp_010,Openclipart,thought_bubble,skeleton_c30_m8,running_line,candidate_non_teacher,0,0,0.25,non_teacher_candidate,flat_icon_fill,excellent,0.0475375,5.0,1.0,0.0,0.0,0.075035,0.980918,,,,
candidate_selector,results\public_benchmark_v1_ext33_m2_18_styleaware_selector_v2\candidate_selector_dataset.csv,ocp_010,Openclipart,thought_bubble,skeleton_c30_m12,running_line,candidate_non_teacher,0,0,0.25,non_teacher_candidate,flat_icon_fill,excellent,0.04760611,5.0,1.0,0.0,0.0,0.071341,0.97995,,,,
candidate_selector,results\public_benchmark_v1_ext33_m2_18_styleaware_selector_v2\candidate_selector_dataset.csv,ocp_010,Openclipart,thought_bubble,skeleton_c30_m20,running_line,candidate_non_teacher,0,0,0.25,non_teacher_candidate,flat_icon_fill,excellent,0.008,1.0,0.0,0.0,0.0,0.049993,1.0,,,,
candidate_selector,results\public_benchmark_v1_ext33_m2_18_styleaware_selector_v2\candidate_selector_dataset.csv,ocp_010,Openclipart,thought_bubble,mask_fill_rows16_c6,fill_tatami_like,reject,0,1,0.75,hard_negative,flat_icon_fill,hard_fail,0.22017684,27.0,2.0,0.0,0.0,0.999863,0.927007,,,,
candidate_selector,results\public_benchmark_v1_ext33_m2_18_styleaware_selector_v2\candidate_selector_dataset.csv,ocp_010,Openclipart,thought_bubble,mask_fill_edgewalk_rows16_p40,fill_tatami_like,candidate_non_teacher,0,0,0.25,non_teacher_candidate,flat_icon_fill,pass,0.1315153,13.0,2.0,0.4955,0.0,0.999954,0.911669,,,,
candidate_selector,results\public_benchmark_v1_ext33_m2_18_styleaware_selector_v2\candidate_selector_dataset.csv,ocp_010,Openclipart,thought_bubble,mask_fill_edgewalk_outline_ext_in3_rows16_p40,outline_border,candidate_non_teacher,0,0,0.25,non_teacher_candidate,flat_icon_fill,warning,0.17083527,17.0,3.0,0.4955,0.0,1.0,0.911256,,,,
candidate_selector,results\public_benchmark_v1_ext33_m2_18_styleaware_selector_v2\candidate_selector_dataset.csv,ocp_010,Openclipart,thought_bubble,mask_fill_edgewalk_styleaware_r008_d45,style_aware_mixed,candidate_non_teacher,0,0,0.25,non_teacher_candidate,flat_icon_fill,pass,0.1315153,13.0,2.0,0.4955,0.0,0.999954,0.911669,,,,
candidate_selector,results\public_benchmark_v1_ext33_m2_18_styleaware_selector_v2\candidate_selector_dataset.csv,omj_001,OpenMoji,heart,auto_evalrepair_r10_c20,auto_fill,candidate_non_teacher,0,0,0.25,non_teacher_candidate,flat_icon_fill,pass,0.054,0.0,9.0,0.0,0.0,0.955519,0.917291,,,,
candidate_selector,results\public_benchmark_v1_ext33_m2_18_styleaware_selector_v2\candidate_selector_dataset.csv,omj_001,OpenMoji,heart,auto_r10_c16,auto_fill,candidate_non_teacher,0,0,0.25,non_teacher_candidate,flat_icon_fill,pass,0.054,0.0,9.0,0.0,0.0,0.955519,0.917291,,,,
candidate_selector,results\public_benchmark_v1_ext33_m2_18_styleaware_selector_v2\candidate_selector_dataset.csv,omj_001,OpenMoji,heart,auto_r10_c20,auto_fill,candidate_non_teacher,0,0,0.25,non_teacher_candidate,flat_icon_fill,pass,0.054,0.0,9.0,0.0,0.0,0.955519,0.917291,,,,
candidate_selector,results\public_benchmark_v1_ext33_m2_18_styleaware_selector_v2\candidate_selector_dataset.csv,omj_001,OpenMoji,heart,auto_r125_c16,auto_fill,candidate_non_teacher,0,0,0.25,non_teacher_candidate,flat_icon_fill,pass,0.054,0.0,9.0,0.0,0.0,0.955519,0.917291,,,,
candidate_selector,results\public_benchmark_v1_ext33_m2_18_styleaware_selector_v2\candidate_selector_dataset.csv,omj_001,OpenMoji,heart,auto_r125_c20,auto_fill,candidate_non_teacher,0,0,0.25,non_teacher_candidate,flat_icon_fill,pass,0.054,0.0,9.0,0.0,0.0,0.955519,0.917291,,,,
candidate_selector,results\public_benchmark_v1_ext33_m2_18_styleaware_selector_v2\candidate_selector_dataset.csv,omj_001,OpenMoji,heart,auto_skel_c12,running_line,candidate_non_teacher,0,0,0.25,non_teacher_candidate,flat_icon_fill,pass,0.054,0.0,9.0,0.0,0.0,0.955519,0.917291,,,,
candidate_selector,results\public_benchmark_v1_ext33_m2_18_styleaware_selector_v2\candidate_selector_dataset.csv,omj_001,OpenMoji,heart,skeleton_c20_m4,running_line,candidate_non_teacher,0,0,0.25,non_teacher_candidate,flat_icon_fill,excellent,0.04737246,5.0,1.0,0.0,0.0,0.077688,1.0,,,,
candidate_selector,results\public_benchmark_v1_ext33_m2_18_styleaware_selector_v2\candidate_selector_dataset.csv,omj_001,OpenMoji,heart,skeleton_c30_m4,running_line,candidate_non_teacher,0,0,0.25,non_teacher_candidate,flat_icon_fill,excellent,0.04737246,5.0,1.0,0.0,0.0,0.077688,1.0,,,,
candidate_selector,results\public_benchmark_v1_ext33_m2_18_styleaware_selector_v2\candidate_selector_dataset.csv,omj_001,OpenMoji,heart,skeleton_c30_m8,running_line,candidate_non_teacher,0,0,0.25,non_teacher_candidate,flat_icon_fill,excellent,0.01634846,2.0,0.0,0.0,0.0,0.068915,1.0,,,,
candidate_selector,results\public_benchmark_v1_ext33_m2_18_styleaware_selector_v2\candidate_selector_dataset.csv,omj_001,OpenMoji,heart,skeleton_c30_m12,running_line,candidate_non_teacher,0,0,0.25,non_teacher_candidate,flat_icon_fill,excellent,0.01634846,2.0,0.0,0.0,0.0,0.068915,1.0,,,,
candidate_selector,results\public_benchmark_v1_ext33_m2_18_styleaware_selector_v2\candidate_selector_dataset.csv,omj_001,OpenMoji,heart,skeleton_c30_m20,running_line,candidate_non_teacher,0,0,0.25,non_teacher_candidate,flat_icon_fill,excellent,0.01634846,2.0,0.0,0.0,0.0,0.068915,1.0,,,,
candidate_selector,results\public_benchmark_v1_ext33_m2_18_styleaware_selector_v2\candidate_selector_dataset.csv,omj_001,OpenMoji,heart,mask_fill_rows16_c6,fill_tatami_like,reject,0,1,0.75,hard_negative,flat_icon_fill,hard_fail,0.27103905,28.0,8.0,0.6574,0.0,1.0,0.911772,,,,
candidate_selector,results\public_benchmark_v1_ext33_m2_18_styleaware_selector_v2\candidate_selector_dataset.csv,omj_001,OpenMoji,heart,mask_fill_edgewalk_rows16_p40,fill_tatami_like,fill_tatami_like,1,1,1.0,oracle_choice,flat_icon_fill,excellent,0.03952851,3.0,0.0,0.6574,0.0,1.0,0.903244,,,,
candidate_selector,results\public_benchmark_v1_ext33_m2_18_styleaware_selector_v2\candidate_selector_dataset.csv,omj_001,OpenMoji,heart,mask_fill_edgewalk_outline_ext_in3_rows16_p40,outline_border,reject,0,1,0.75,hard_negative,flat_icon_fill,excellent,0.08747714,8.0,1.0,0.6574,0.0,1.0,0.902952,,,,
candidate_selector,results\public_benchmark_v1_ext33_m2_18_styleaware_selector_v2\candidate_selector_dataset.csv,omj_001,OpenMoji,heart,mask_fill_edgewalk_styleaware_r008_d45,style_aware_mixed,reject,0,1,0.75,hard_negative,flat_icon_fill,excellent,0.03952851,3.0,0.0,0.6574,0.0,1.0,0.903244,,,,
candidate_selector,results\public_benchmark_v1_ext33_m2_18_styleaware_selector_v2\candidate_selector_dataset.csv,omj_002,OpenMoji,star,auto_evalrepair_r10_c20,auto_fill,auto_fill,1,0,1.0,oracle_choice,flat_icon_fill,excellent,0.0770139,5.0,6.0,0.0,0.0,0.998848,0.888211,,,,
candidate_selector,results\public_benchmark_v1_ext33_m2_18_styleaware_selector_v2\candidate_selector_dataset.csv,omj_002,OpenMoji,star,auto_r10_c16,auto_fill,candidate_non_teacher,0,0,0.25,non_teacher_candidate,flat_icon_fill,excellent,0.08521614,6.0,6.0,0.0,0.0,0.998848,0.888576,,,,
candidate_selector,results\public_benchmark_v1_ext33_m2_18_styleaware_selector_v2\candidate_selector_dataset.csv,omj_002,OpenMoji,star,auto_r10_c20,auto_fill,candidate_non_teacher,0,0,0.25,non_teacher_candidate,flat_icon_fill,excellent,0.08521614,6.0,6.0,0.0,0.0,0.998848,0.888576,,,,
candidate_selector,results\public_benchmark_v1_ext33_m2_18_styleaware_selector_v2\candidate_selector_dataset.csv,omj_002,OpenMoji,star,auto_r125_c16,auto_fill,candidate_non_teacher,0,0,0.25,non_teacher_candidate,flat_icon_fill,excellent,0.08521614,6.0,6.0,0.0,0.0,0.998848,0.888576,,,,
candidate_selector,results\public_benchmark_v1_ext33_m2_18_styleaware_selector_v2\candidate_selector_dataset.csv,omj_002,OpenMoji,star,auto_r125_c20,auto_fill,candidate_non_teacher,0,0,0.25,non_teacher_candidate,flat_icon_fill,excellent,0.08521614,6.0,6.0,0.0,0.0,0.998848,0.888576,,,,
candidate_selector,results\public_benchmark_v1_ext33_m2_18_styleaware_selector_v2\candidate_selector_dataset.csv,omj_002,OpenMoji,star,auto_skel_c12,running_line,candidate_non_teacher,0,0,0.25,non_teacher_candidate,flat_icon_fill,excellent,0.08521614,6.0,6.0,0.0,0.0,0.998848,0.888576,,,,
candidate_selector,results\public_benchmark_v1_ext33_m2_18_styleaware_selector_v2\candidate_selector_dataset.csv,omj_002,OpenMoji,star,skeleton_c20_m4,running_line,candidate_non_teacher,0,0,0.25,non_teacher_candidate,flat_icon_fill,excellent,0.07002773,7.0,2.0,0.0,0.0,0.241344,0.993832,,,,
candidate_selector,results\public_benchmark_v1_ext33_m2_18_styleaware_selector_v2\candidate_selector_dataset.csv,omj_002,OpenMoji,star,skeleton_c30_m4,running_line,candidate_non_teacher,0,0,0.25,non_teacher_candidate,flat_icon_fill,excellent,0.07002773,7.0,2.0,0.0,0.0,0.241344,0.993832,,,,
candidate_selector,results\public_benchmark_v1_ext33_m2_18_styleaware_selector_v2\candidate_selector_dataset.csv,omj_002,OpenMoji,star,skeleton_c30_m8,running_line,candidate_non_teacher,0,0,0.25,non_teacher_candidate,flat_icon_fill,excellent,0.008,1.0,0.0,0.0,0.0,0.138676,0.989314,,,,
candidate_selector,results\public_benchmark_v1_ext33_m2_18_styleaware_selector_v2\candidate_selector_dataset.csv,omj_002,OpenMoji,star,skeleton_c30_m12,running_line,candidate_non_teacher,0,0,0.25,non_teacher_candidate,flat_icon_fill,excellent,0.008,1.0,0.0,0.0,0.0,0.138676,0.989314,,,,
candidate_selector,results\public_benchmark_v1_ext33_m2_18_styleaware_selector_v2\candidate_selector_dataset.csv,omj_002,OpenMoji,star,skeleton_c30_m20,running_line,candidate_non_teacher,0,0,0.25,non_teacher_candidate,flat_icon_fill,excellent,0.008,1.0,0.0,0.0,0.0,0.138676,0.989314,,,,
candidate_selector,results\public_benchmark_v1_ext33_m2_18_styleaware_selector_v2\candidate_selector_dataset.csv,omj_002,OpenMoji,star,mask_fill_rows16_c6,fill_tatami_like,reject,0,1,0.75,hard_negative,flat_icon_fill,hard_fail,0.26632356,41.0,9.0,0.0,0.0,1.0,0.890331,,,,
candidate_selector,results\public_benchmark_v1_ext33_m2_18_styleaware_selector_v2\candidate_selector_dataset.csv,omj_002,OpenMoji,star,mask_fill_edgewalk_rows16_p40,fill_tatami_like,candidate_non_teacher,0,0,0.25,non_teacher_candidate,flat_icon_fill,pass,0.14236001,15.0,3.0,0.0,0.0,1.0,0.872781,,,,
candidate_selector,results\public_benchmark_v1_ext33_m2_18_styleaware_selector_v2\candidate_selector_dataset.csv,omj_002,OpenMoji,star,mask_fill_edgewalk_outline_ext_in3_rows16_p40,outline_border,candidate_non_teacher,0,0,0.25,non_teacher_candidate,flat_icon_fill,warning,0.19849636,21.0,4.0,0.0,0.0,1.0,0.87243,,,,
candidate_selector,results\public_benchmark_v1_ext33_m2_18_styleaware_selector_v2\candidate_selector_dataset.csv,omj_002,OpenMoji,star,mask_fill_edgewalk_styleaware_r008_d45,style_aware_mixed,candidate_non_teacher,0,0,0.25,non_teacher_candidate,flat_icon_fill,pass,0.14236001,15.0,3.0,0.0,0.0,1.0,0.872781,,,,
candidate_selector,results\public_benchmark_v1_ext33_m2_18_styleaware_selector_v2\candidate_selector_dataset.csv,omj_003,OpenMoji,butterfly,auto_evalrepair_r10_c20,auto_fill,candidate_non_teacher,0,0,0.25,non_teacher_candidate,flat_icon_fill,warning,0.22652258,13.0,20.0,0.0,0.0,0.909446,0.90201,,,,
candidate_selector,results\public_benchmark_v1_ext33_m2_18_styleaware_selector_v2\candidate_selector_dataset.csv,omj_003,OpenMoji,butterfly,auto_r10_c16,auto_fill,candidate_non_teacher,0,0,0.25,non_teacher_candidate,flat_icon_fill,warning,0.22652258,13.0,20.0,0.0,0.0,0.909446,0.90201,,,,
candidate_selector,results\public_benchmark_v1_ext33_m2_18_styleaware_selector_v2\candidate_selector_dataset.csv,omj_003,OpenMoji,butterfly,auto_r10_c20,auto_fill,candidate_non_teacher,0,0,0.25,non_teacher_candidate,flat_icon_fill,warning,0.22652258,13.0,20.0,0.0,0.0,0.909446,0.90201,,,,
candidate_selector,results\public_benchmark_v1_ext33_m2_18_styleaware_selector_v2\candidate_selector_dataset.csv,omj_003,OpenMoji,butterfly,auto_r125_c16,auto_fill,candidate_non_teacher,0,0,0.25,non_teacher_candidate,flat_icon_fill,warning,0.22652258,13.0,20.0,0.0,0.0,0.909446,0.90201,,,,
candidate_selector,results\public_benchmark_v1_ext33_m2_18_styleaware_selector_v2\candidate_selector_dataset.csv,omj_003,OpenMoji,butterfly,auto_r125_c20,auto_fill,candidate_non_teacher,0,0,0.25,non_teacher_candidate,flat_icon_fill,warning,0.22652258,13.0,20.0,0.0,0.0,0.909446,0.90201,,,,
candidate_selector,results\public_benchmark_v1_ext33_m2_18_styleaware_selector_v2\candidate_selector_dataset.csv,omj_003,OpenMoji,butterfly,auto_skel_c12,running_line,candidate_non_teacher,0,0,0.25,non_teacher_candidate,flat_icon_fill,warning,0.22652258,13.0,20.0,0.0,0.0,0.909446,0.90201,,,,
candidate_selector,results\public_benchmark_v1_ext33_m2_18_styleaware_selector_v2\candidate_selector_dataset.csv,omj_003,OpenMoji,butterfly,skeleton_c20_m4,running_line,candidate_non_teacher,0,0,0.25,non_teacher_candidate,flat_icon_fill,pass,0.13643477,15.0,2.0,0.0,0.0,0.203931,0.980188,,,,
candidate_selector,results\public_benchmark_v1_ext33_m2_18_styleaware_selector_v2\candidate_selector_dataset.csv,omj_003,OpenMoji,butterfly,skeleton_c30_m4,running_line,candidate_non_teacher,0,0,0.25,non_teacher_candidate,flat_icon_fill,pass,0.13643477,15.0,2.0,0.0,0.0,0.203931,0.980188,,,,
candidate_selector,results\public_benchmark_v1_ext33_m2_18_styleaware_selector_v2\candidate_selector_dataset.csv,omj_003,OpenMoji,butterfly,skeleton_c30_m8,running_line,candidate_non_teacher,0,0,0.25,non_teacher_candidate,flat_icon_fill,excellent,0.09509591,10.0,2.0,0.0,0.0,0.181629,0.977352,,,,
candidate_selector,results\public_benchmark_v1_ext33_m2_18_styleaware_selector_v2\candidate_selector_dataset.csv,omj_003,OpenMoji,butterfly,skeleton_c30_m12,running_line,candidate_non_teacher,0,0,0.25,non_teacher_candidate,flat_icon_fill,excellent,0.09509591,10.0,2.0,0.0,0.0,0.190567,0.978392,,,,
candidate_selector,results\public_benchmark_v1_ext33_m2_18_styleaware_selector_v2\candidate_selector_dataset.csv,omj_003,OpenMoji,butterfly,skeleton_c30_m20,running_line,candidate_non_teacher,0,0,0.25,non_teacher_candidate,flat_icon_fill,excellent,0.05592252,6.0,1.0,0.0,0.0,0.157721,1.0,,,,
candidate_selector,results\public_benchmark_v1_ext33_m2_18_styleaware_selector_v2\candidate_selector_dataset.csv,omj_003,OpenMoji,butterfly,mask_fill_rows16_c6,fill_tatami_like,reject,0,1,0.75,hard_negative,flat_icon_fill,hard_fail,0.28791034,58.0,12.0,0.0,0.0,1.0,0.908149,,,,
candidate_selector,results\public_benchmark_v1_ext33_m2_18_styleaware_selector_v2\candidate_selector_dataset.csv,omj_003,OpenMoji,butterfly,mask_fill_edgewalk_rows16_p40,fill_tatami_like,fill_tatami_like,1,0,1.0,oracle_choice,flat_icon_fill,excellent,0.08646574,9.0,2.0,0.0,0.0,1.0,0.896875,,,,
candidate_selector,results\public_benchmark_v1_ext33_m2_18_styleaware_selector_v2\candidate_selector_dataset.csv,omj_003,OpenMoji,butterfly,mask_fill_edgewalk_outline_ext_in3_rows16_p40,outline_border,candidate_non_teacher,0,0,0.25,non_teacher_candidate,flat_icon_fill,pass,0.13429705,14.0,3.0,0.0,0.0,1.0,0.89684,,,,
candidate_selector,results\public_benchmark_v1_ext33_m2_18_styleaware_selector_v2\candidate_selector_dataset.csv,omj_003,OpenMoji,butterfly,mask_fill_edgewalk_styleaware_r008_d45,style_aware_mixed,candidate_non_teacher,0,0,0.25,non_teacher_candidate,flat_icon_fill,excellent,0.08646574,9.0,2.0,0.0,0.0,1.0,0.896875,,,,
candidate_selector,results\public_benchmark_v1_ext33_m2_18_styleaware_selector_v2\candidate_selector_dataset.csv,omj_004,OpenMoji,fish,auto_evalrepair_r10_c20,auto_fill,auto_fill,1,0,1.0,oracle_choice,flat_icon_fill,warning,0.20026304,12.0,17.0,0.0,0.0,0.916534,0.890823,,,,
candidate_selector,results\public_benchmark_v1_ext33_m2_18_styleaware_selector_v2\candidate_selector_dataset.csv,omj_004,OpenMoji,fish,auto_r10_c16,auto_fill,candidate_non_teacher,0,0,0.25,non_teacher_candidate,flat_icon_fill,warning,0.20848504,13.0,17.0,0.0,0.0,0.916534,0.89087,,,,
candidate_selector,results\public_benchmark_v1_ext33_m2_18_styleaware_selector_v2\candidate_selector_dataset.csv,omj_004,OpenMoji,fish,auto_r10_c20,auto_fill,candidate_non_teacher,0,0,0.25,non_teacher_candidate,flat_icon_fill,warning,0.20848504,13.0,17.0,0.0,0.0,0.916534,0.89087,,,,
candidate_selector,results\public_benchmark_v1_ext33_m2_18_styleaware_selector_v2\candidate_selector_dataset.csv,omj_004,OpenMoji,fish,auto_r125_c16,auto_fill,candidate_non_teacher,0,0,0.25,non_teacher_candidate,flat_icon_fill,warning,0.20848504,13.0,17.0,0.0,0.0,0.916534,0.89087,,,,
candidate_selector,results\public_benchmark_v1_ext33_m2_18_styleaware_selector_v2\candidate_selector_dataset.csv,omj_004,OpenMoji,fish,auto_r125_c20,auto_fill,candidate_non_teacher,0,0,0.25,non_teacher_candidate,flat_icon_fill,warning,0.20848504,13.0,17.0,0.0,0.0,0.916534,0.89087,,,,
candidate_selector,results\public_benchmark_v1_ext33_m2_18_styleaware_selector_v2\candidate_selector_dataset.csv,omj_004,OpenMoji,fish,auto_skel_c12,running_line,candidate_non_teacher,0,0,0.25,non_teacher_candidate,flat_icon_fill,warning,0.20848504,13.0,17.0,0.0,0.0,0.916534,0.89087,,,,
candidate_selector,results\public_benchmark_v1_ext33_m2_18_styleaware_selector_v2\candidate_selector_dataset.csv,omj_004,OpenMoji,fish,skeleton_c20_m4,running_line,candidate_non_teacher,0,0,0.25,non_teacher_candidate,flat_icon_fill,pass,0.10335522,11.0,2.0,0.0,0.0,0.131059,0.997915,,,,
candidate_selector,results\public_benchmark_v1_ext33_m2_18_styleaware_selector_v2\candidate_selector_dataset.csv,omj_004,OpenMoji,fish,skeleton_c30_m4,running_line,candidate_non_teacher,0,0,0.25,non_teacher_candidate,flat_icon_fill,excellent,0.05583291,6.0,1.0,0.0,0.0,0.181445,0.979019,,,,
candidate_selector,results\public_benchmark_v1_ext33_m2_18_styleaware_selector_v2\candidate_selector_dataset.csv,omj_004,OpenMoji,fish,skeleton_c30_m8,running_line,candidate_non_teacher,0,0,0.25,non_teacher_candidate,flat_icon_fill,excellent,0.05563578,6.0,1.0,0.0,0.0,0.143984,1.0,,,,
candidate_selector,results\public_benchmark_v1_ext33_m2_18_styleaware_selector_v2\candidate_selector_dataset.csv,omj_004,OpenMoji,fish,skeleton_c30_m12,running_line,candidate_non_teacher,0,0,0.25,non_teacher_candidate,flat_icon_fill,excellent,0.09491917,10.0,2.0,0.0,0.0,0.09179,1.0,,,,
candidate_selector,results\public_benchmark_v1_ext33_m2_18_styleaware_selector_v2\candidate_selector_dataset.csv,omj_004,OpenMoji,fish,skeleton_c30_m20,running_line,candidate_non_teacher,0,0,0.25,non_teacher_candidate,flat_icon_fill,excellent,0.02466018,3.0,0.0,0.0,0.0,0.063585,1.0,,,,
candidate_selector,results\public_benchmark_v1_ext33_m2_18_styleaware_selector_v2\candidate_selector_dataset.csv,omj_004,OpenMoji,fish,mask_fill_rows16_c6,fill_tatami_like,reject,0,1,0.75,hard_negative,flat_icon_fill,hard_fail,0.31660389,60.0,14.0,0.5506,0.0,1.0,0.900345,,,,
candidate_selector,results\public_benchmark_v1_ext33_m2_18_styleaware_selector_v2\candidate_selector_dataset.csv,omj_004,OpenMoji,fish,mask_fill_edgewalk_rows16_p40,fill_tatami_like,reject,0,1,0.75,hard_negative,flat_icon_fill,hard_fail,0.33317406,39.0,9.0,2.9095,0.0,1.0,0.894742,,,,
candidate_selector,results\public_benchmark_v1_ext33_m2_18_styleaware_selector_v2\candidate_selector_dataset.csv,omj_004,OpenMoji,fish,mask_fill_edgewalk_outline_ext_in3_rows16_p40,outline_border,reject,0,1,0.75,hard_negative,flat_icon_fill,hard_fail,0.34079496,44.0,10.0,2.9095,0.0,1.0,0.894523,,,,
candidate_selector,results\public_benchmark_v1_ext33_m2_18_styleaware_selector_v2\candidate_selector_dataset.csv,omj_004,OpenMoji,fish,mask_fill_edgewalk_styleaware_r008_d45,style_aware_mixed,reject,0,1,0.75,hard_negative,flat_icon_fill,hard_fail,0.33317406,39.0,9.0,2.9095,0.0,1.0,0.894742,,,,
candidate_selector,results\public_benchmark_v1_ext33_m2_18_styleaware_selector_v2\candidate_selector_dataset.csv,omj_005,OpenMoji,sun,auto_evalrepair_r10_c20,auto_fill,reject,0,1,0.75,hard_negative,flat_icon_fill,hard_fail,0.32576003,29.0,20.0,0.0,0.0,1.0,0.902626,,,,
candidate_selector,results\public_benchmark_v1_ext33_m2_18_styleaware_selector_v2\candidate_selector_dataset.csv,omj_005,OpenMoji,sun,auto_r10_c16,auto_fill,reject,0,1,0.75,hard_negative,flat_icon_fill,hard_fail,0.3271338,36.0,20.0,0.0,0.0,1.0,0.9033,,,,
candidate_selector,results\public_benchmark_v1_ext33_m2_18_styleaware_selector_v2\candidate_selector_dataset.csv,omj_005,OpenMoji,sun,auto_r10_c20,auto_fill,reject,0,1,0.75,hard_negative,flat_icon_fill,hard_fail,0.3271338,36.0,20.0,0.0,0.0,1.0,0.9033,,,,
candidate_selector,results\public_benchmark_v1_ext33_m2_18_styleaware_selector_v2\candidate_selector_dataset.csv,omj_005,OpenMoji,sun,auto_r125_c16,auto_fill,reject,0,1,0.75,hard_negative,flat_icon_fill,hard_fail,0.3271338,36.0,20.0,0.0,0.0,1.0,0.9033,,,,
candidate_selector,results\public_benchmark_v1_ext33_m2_18_styleaware_selector_v2\candidate_selector_dataset.csv,omj_005,OpenMoji,sun,auto_r125_c20,auto_fill,reject,0,1,0.75,hard_negative,flat_icon_fill,hard_fail,0.3271338,36.0,20.0,0.0,0.0,1.0,0.9033,,,,
candidate_selector,results\public_benchmark_v1_ext33_m2_18_styleaware_selector_v2\candidate_selector_dataset.csv,omj_005,OpenMoji,sun,auto_skel_c12,running_line,reject,0,1,0.75,hard_negative,flat_icon_fill,hard_fail,0.3271338,36.0,20.0,0.0,0.0,1.0,0.9033,,,,
candidate_selector,results\public_benchmark_v1_ext33_m2_18_styleaware_selector_v2\candidate_selector_dataset.csv,omj_005,OpenMoji,sun,skeleton_c20_m4,running_line,candidate_non_teacher,0,0,0.25,non_teacher_candidate,flat_icon_fill,excellent,0.04735116,5.0,1.0,0.0,0.0,0.304415,0.994251,,,,
candidate_selector,results\public_benchmark_v1_ext33_m2_18_styleaware_selector_v2\candidate_selector_dataset.csv,omj_005,OpenMoji,sun,skeleton_c30_m4,running_line,candidate_non_teacher,0,0,0.25,non_teacher_candidate,flat_icon_fill,excellent,0.04735116,5.0,1.0,0.0,0.0,0.304415,0.994251,,,,
candidate_selector,results\public_benchmark_v1_ext33_m2_18_styleaware_selector_v2\candidate_selector_dataset.csv,omj_005,OpenMoji,sun,skeleton_c30_m8,running_line,candidate_non_teacher,0,0,0.25,non_teacher_candidate,flat_icon_fill,excellent,0.01637516,2.0,0.0,0.0,0.0,0.269066,0.995217,,,,
candidate_selector,results\public_benchmark_v1_ext33_m2_18_styleaware_selector_v2\candidate_selector_dataset.csv,omj_005,OpenMoji,sun,skeleton_c30_m12,running_line,candidate_non_teacher,0,0,0.25,non_teacher_candidate,flat_icon_fill,excellent,0.01637516,2.0,0.0,0.0,0.0,0.227826,0.994356,,,,
candidate_selector,results\public_benchmark_v1_ext33_m2_18_styleaware_selector_v2\candidate_selector_dataset.csv,omj_005,OpenMoji,sun,skeleton_c30_m20,running_line,candidate_non_teacher,0,0,0.25,non_teacher_candidate,flat_icon_fill,excellent,0.01637516,2.0,0.0,0.0,0.0,0.227826,0.994356,,,,
candidate_selector,results\public_benchmark_v1_ext33_m2_18_styleaware_selector_v2\candidate_selector_dataset.csv,omj_005,OpenMoji,sun,mask_fill_rows16_c6,fill_tatami_like,reject,0,1,0.75,hard_negative,flat_icon_fill,hard_fail,0.22721224,52.0,2.0,0.0,0.0,1.0,0.895109,,,,
candidate_selector,results\public_benchmark_v1_ext33_m2_18_styleaware_selector_v2\candidate_selector_dataset.csv,omj_005,OpenMoji,sun,mask_fill_edgewalk_rows16_p40,fill_tatami_like,fill_tatami_like,1,0,1.0,oracle_choice,flat_icon_fill,pass,0.11168015,12.0,2.0,0.0,0.0,1.0,0.883462,,,,
candidate_selector,results\public_benchmark_v1_ext33_m2_18_styleaware_selector_v2\candidate_selector_dataset.csv,omj_005,OpenMoji,sun,mask_fill_edgewalk_outline_ext_in3_rows16_p40,outline_border,candidate_non_teacher,0,0,0.25,non_teacher_candidate,flat_icon_fill,warning,0.17612203,19.0,3.0,0.0,0.0,1.0,0.88335,,,,
candidate_selector,results\public_benchmark_v1_ext33_m2_18_styleaware_selector_v2\candidate_selector_dataset.csv,omj_005,OpenMoji,sun,mask_fill_edgewalk_styleaware_r008_d45,style_aware_mixed,candidate_non_teacher,0,0,0.25,non_teacher_candidate,flat_icon_fill,pass,0.11168015,12.0,2.0,0.0,0.0,1.0,0.883462,,,,
candidate_selector,results\public_benchmark_v1_ext33_m2_18_styleaware_selector_v2\candidate_selector_dataset.csv,omj_006,OpenMoji,cherry_blossom,auto_evalrepair_r10_c20,auto_fill,candidate_non_teacher,0,0,0.25,non_teacher_candidate,flat_icon_fill,warning,0.18598001,11.0,16.0,0.0,0.0,0.987212,0.900525,,,,
candidate_selector,results\public_benchmark_v1_ext33_m2_18_styleaware_selector_v2\candidate_selector_dataset.csv,omj_006,OpenMoji,cherry_blossom,auto_r10_c16,auto_fill,candidate_non_teacher,0,0,0.25,non_teacher_candidate,flat_icon_fill,warning,0.20835639,13.0,17.0,0.0,0.0,0.987212,0.900992,,,,
candidate_selector,results\public_benchmark_v1_ext33_m2_18_styleaware_selector_v2\candidate_selector_dataset.csv,omj_006,OpenMoji,cherry_blossom,auto_r10_c20,auto_fill,candidate_non_teacher,0,0,0.25,non_teacher_candidate,flat_icon_fill,warning,0.20835639,13.0,17.0,0.0,0.0,0.987212,0.900992,,,,
candidate_selector,results\public_benchmark_v1_ext33_m2_18_styleaware_selector_v2\candidate_selector_dataset.csv,omj_006,OpenMoji,cherry_blossom,auto_r125_c16,auto_fill,candidate_non_teacher,0,0,0.25,non_teacher_candidate,flat_icon_fill,warning,0.20835639,13.0,17.0,0.0,0.0,0.987212,0.900992,,,,
candidate_selector,results\public_benchmark_v1_ext33_m2_18_styleaware_selector_v2\candidate_selector_dataset.csv,omj_006,OpenMoji,cherry_blossom,auto_r125_c20,auto_fill,candidate_non_teacher,0,0,0.25,non_teacher_candidate,flat_icon_fill,warning,0.20835639,13.0,17.0,0.0,0.0,0.987212,0.900992,,,,
candidate_selector,results\public_benchmark_v1_ext33_m2_18_styleaware_selector_v2\candidate_selector_dataset.csv,omj_006,OpenMoji,cherry_blossom,auto_skel_c12,running_line,candidate_non_teacher,0,0,0.25,non_teacher_candidate,flat_icon_fill,warning,0.20835639,13.0,17.0,0.0,0.0,0.987212,0.900992,,,,
candidate_selector,results\public_benchmark_v1_ext33_m2_18_styleaware_selector_v2\candidate_selector_dataset.csv,omj_006,OpenMoji,cherry_blossom,skeleton_c20_m4,running_line,candidate_non_teacher,0,0,0.25,non_teacher_candidate,flat_icon_fill,excellent,0.08910835,10.0,1.0,0.0,0.0,0.318627,0.959974,,,,
candidate_selector,results\public_benchmark_v1_ext33_m2_18_styleaware_selector_v2\candidate_selector_dataset.csv,omj_006,OpenMoji,cherry_blossom,skeleton_c30_m4,running_line,candidate_non_teacher,0,0,0.25,non_teacher_candidate,flat_icon_fill,excellent,0.08910835,10.0,1.0,0.0,0.0,0.318627,0.959974,,,,
candidate_selector,results\public_benchmark_v1_ext33_m2_18_styleaware_selector_v2\candidate_selector_dataset.csv,omj_006,OpenMoji,cherry_blossom,skeleton_c30_m8,running_line,candidate_non_teacher,0,0,0.25,non_teacher_candidate,flat_icon_fill,excellent,0.07215824,8.0,1.0,0.0,0.0,0.318059,0.968,,,,
candidate_selector,results\public_benchmark_v1_ext33_m2_18_styleaware_selector_v2\candidate_selector_dataset.csv,omj_006,OpenMoji,cherry_blossom,skeleton_c30_m12,running_line,candidate_non_teacher,0,0,0.25,non_teacher_candidate,flat_icon_fill,excellent,0.07215824,8.0,1.0,0.0,0.0,0.318059,0.968,,,,
candidate_selector,results\public_benchmark_v1_ext33_m2_18_styleaware_selector_v2\candidate_selector_dataset.csv,omj_006,OpenMoji,cherry_blossom,skeleton_c30_m20,running_line,candidate_non_teacher,0,0,0.25,non_teacher_candidate,flat_icon_fill,excellent,0.07215824,8.0,1.0,0.0,0.0,0.277352,0.963475,,,,
candidate_selector,results\public_benchmark_v1_ext33_m2_18_styleaware_selector_v2\candidate_selector_dataset.csv,omj_006,OpenMoji,cherry_blossom,mask_fill_rows16_c6,fill_tatami_like,reject,0,1,0.75,hard_negative,flat_icon_fill,hard_fail,0.25714145,51.0,7.0,0.0,0.0,0.999929,0.857552,,,,
candidate_selector,results\public_benchmark_v1_ext33_m2_18_styleaware_selector_v2\candidate_selector_dataset.csv,omj_006,OpenMoji,cherry_blossom,mask_fill_edgewalk_rows16_p40,fill_tatami_like,fill_tatami_like,1,1,1.0,oracle_choice,flat_icon_fill,pass,0.12026157,7.0,1.0,2.5007,0.0,0.999929,0.848658,,,,
candidate_selector,results\public_benchmark_v1_ext33_m2_18_styleaware_selector_v2\candidate_selector_dataset.csv,omj_006,OpenMoji,cherry_blossom,mask_fill_edgewalk_outline_ext_in3_rows16_p40,outline_border,reject,0,1,0.75,hard_negative,flat_icon_fill,pass,0.17647445,13.0,2.0,2.5007,0.0,0.999929,0.847483,,,,
candidate_selector,results\public_benchmark_v1_ext33_m2_18_styleaware_selector_v2\candidate_selector_dataset.csv,omj_006,OpenMoji,cherry_blossom,mask_fill_edgewalk_styleaware_r008_d45,style_aware_mixed,reject,0,1,0.75,hard_negative,flat_icon_fill,pass,0.12026157,7.0,1.0,2.5007,0.0,0.999929,0.848658,,,,
candidate_selector,results\public_benchmark_v1_ext33_m2_18_styleaware_selector_v2\candidate_selector_dataset.csv,omj_007,OpenMoji,ribbon,auto_evalrepair_r10_c20,auto_fill,auto_fill,1,0,1.0,oracle_choice,flat_icon_fill,warning,0.25005031,21.0,13.0,0.0,0.0,0.973955,0.90412,,,,
candidate_selector,results\public_benchmark_v1_ext33_m2_18_styleaware_selector_v2\candidate_selector_dataset.csv,omj_007,OpenMoji,ribbon,auto_r10_c16,auto_fill,candidate_non_teacher,0,0,0.25,non_teacher_candidate,flat_icon_fill,warning,0.25005031,21.0,13.0,0.0,0.0,0.973955,0.90412,,,,
candidate_selector,results\public_benchmark_v1_ext33_m2_18_styleaware_selector_v2\candidate_selector_dataset.csv,omj_007,OpenMoji,ribbon,auto_r10_c20,auto_fill,candidate_non_teacher,0,0,0.25,non_teacher_candidate,flat_icon_fill,warning,0.25005031,21.0,13.0,0.0,0.0,0.973955,0.90412,,,,
candidate_selector,results\public_benchmark_v1_ext33_m2_18_styleaware_selector_v2\candidate_selector_dataset.csv,omj_007,OpenMoji,ribbon,auto_r125_c16,auto_fill,candidate_non_teacher,0,0,0.25,non_teacher_candidate,flat_icon_fill,warning,0.25005031,21.0,13.0,0.0,0.0,0.973955,0.90412,,,,
candidate_selector,results\public_benchmark_v1_ext33_m2_18_styleaware_selector_v2\candidate_selector_dataset.csv,omj_007,OpenMoji,ribbon,auto_r125_c20,auto_fill,candidate_non_teacher,0,0,0.25,non_teacher_candidate,flat_icon_fill,warning,0.25005031,21.0,13.0,0.0,0.0,0.973955,0.90412,,,,
candidate_selector,results\public_benchmark_v1_ext33_m2_18_styleaware_selector_v2\candidate_selector_dataset.csv,omj_007,OpenMoji,ribbon,auto_skel_c12,running_line,candidate_non_teacher,0,0,0.25,non_teacher_candidate,flat_icon_fill,warning,0.25005031,21.0,13.0,0.0,0.0,0.973955,0.90412,,,,
candidate_selector,results\public_benchmark_v1_ext33_m2_18_styleaware_selector_v2\candidate_selector_dataset.csv,omj_007,OpenMoji,ribbon,skeleton_c20_m4,running_line,candidate_non_teacher,0,0,0.25,non_teacher_candidate,flat_icon_fill,excellent,0.07284654,8.0,1.0,0.0,0.0,0.225882,1.0,,,,
candidate_selector,results\public_benchmark_v1_ext33_m2_18_styleaware_selector_v2\candidate_selector_dataset.csv,omj_007,OpenMoji,ribbon,skeleton_c30_m4,running_line,candidate_non_teacher,0,0,0.25,non_teacher_candidate,flat_icon_fill,excellent,0.07284654,8.0,1.0,0.0,0.0,0.225882,1.0,,,,
candidate_selector,results\public_benchmark_v1_ext33_m2_18_styleaware_selector_v2\candidate_selector_dataset.csv,omj_007,OpenMoji,ribbon,skeleton_c30_m8,running_line,candidate_non_teacher,0,0,0.25,non_teacher_candidate,flat_icon_fill,excellent,0.0474694,5.0,1.0,0.0,0.0,0.18572,1.0,,,,
candidate_selector,results\public_benchmark_v1_ext33_m2_18_styleaware_selector_v2\candidate_selector_dataset.csv,omj_007,OpenMoji,ribbon,skeleton_c30_m12,running_line,candidate_non_teacher,0,0,0.25,non_teacher_candidate,flat_icon_fill,excellent,0.0474694,5.0,1.0,0.0,0.0,0.170669,1.0,,,,
candidate_selector,results\public_benchmark_v1_ext33_m2_18_styleaware_selector_v2\candidate_selector_dataset.csv,omj_007,OpenMoji,ribbon,skeleton_c30_m20,running_line,candidate_non_teacher,0,0,0.25,non_teacher_candidate,flat_icon_fill,excellent,0.05556926,6.0,1.0,0.0,0.0,0.147586,1.0,,,,
candidate_selector,results\public_benchmark_v1_ext33_m2_18_styleaware_selector_v2\candidate_selector_dataset.csv,omj_007,OpenMoji,ribbon,mask_fill_rows16_c6,fill_tatami_like,reject,0,1,0.75,hard_negative,flat_icon_fill,hard_fail,0.37026291,152.0,30.0,0.0,0.0,1.0,0.904322,,,,
candidate_selector,results\public_benchmark_v1_ext33_m2_18_styleaware_selector_v2\candidate_selector_dataset.csv,omj_007,OpenMoji,ribbon,mask_fill_edgewalk_rows16_p40,fill_tatami_like,reject,0,1,0.75,hard_negative,flat_icon_fill,hard_fail,0.35872363,115.0,25.0,0.0,0.0,1.0,0.898029,,,,
candidate_selector,results\public_benchmark_v1_ext33_m2_18_styleaware_selector_v2\candidate_selector_dataset.csv,omj_007,OpenMoji,ribbon,mask_fill_edgewalk_outline_ext_in3_rows16_p40,outline_border,reject,0,1,0.75,hard_negative,flat_icon_fill,hard_fail,0.36076674,120.0,26.0,0.0,0.0,1.0,0.896461,,,,
candidate_selector,results\public_benchmark_v1_ext33_m2_18_styleaware_selector_v2\candidate_selector_dataset.csv,omj_007,OpenMoji,ribbon,mask_fill_edgewalk_styleaware_r008_d45,style_aware_mixed,reject,0,1,0.75,hard_negative,flat_icon_fill,hard_fail,0.35872363,115.0,25.0,0.0,0.0,1.0,0.898029,,,,
candidate_selector,results\public_benchmark_v1_ext33_m2_18_styleaware_selector_v2\candidate_selector_dataset.csv,omj_008,OpenMoji,paw_prints,auto_evalrepair_r10_c20,auto_fill,reject,0,1,0.75,hard_negative,flat_icon_fill,hard_fail,0.32943594,49.0,20.0,0.0,0.0,0.993694,0.816794,,,,
candidate_selector,results\public_benchmark_v1_ext33_m2_18_styleaware_selector_v2\candidate_selector_dataset.csv,omj_008,OpenMoji,paw_prints,auto_r10_c16,auto_fill,reject,0,1,0.75,hard_negative,flat_icon_fill,hard_fail,0.32959964,50.0,20.0,0.0,0.0,0.993694,0.816983,,,,
candidate_selector,results\public_benchmark_v1_ext33_m2_18_styleaware_selector_v2\candidate_selector_dataset.csv,omj_008,OpenMoji,paw_prints,auto_r10_c20,auto_fill,reject,0,1,0.75,hard_negative,flat_icon_fill,hard_fail,0.32959964,50.0,20.0,0.0,0.0,0.993694,0.816983,,,,
candidate_selector,results\public_benchmark_v1_ext33_m2_18_styleaware_selector_v2\candidate_selector_dataset.csv,omj_008,OpenMoji,paw_prints,auto_r125_c16,auto_fill,reject,0,1,0.75,hard_negative,flat_icon_fill,hard_fail,0.32959964,50.0,20.0,0.0,0.0,0.993694,0.816983,,,,
candidate_selector,results\public_benchmark_v1_ext33_m2_18_styleaware_selector_v2\candidate_selector_dataset.csv,omj_008,OpenMoji,paw_prints,auto_r125_c20,auto_fill,reject,0,1,0.75,hard_negative,flat_icon_fill,hard_fail,0.32959964,50.0,20.0,0.0,0.0,0.993694,0.816983,,,,
candidate_selector,results\public_benchmark_v1_ext33_m2_18_styleaware_selector_v2\candidate_selector_dataset.csv,omj_008,OpenMoji,paw_prints,auto_skel_c12,running_line,reject,0,1,0.75,hard_negative,flat_icon_fill,hard_fail,0.32959964,50.0,20.0,0.0,0.0,0.993694,0.816983,,,,
candidate_selector,results\public_benchmark_v1_ext33_m2_18_styleaware_selector_v2\candidate_selector_dataset.csv,omj_008,OpenMoji,paw_prints,skeleton_c20_m4,running_line,candidate_non_teacher,0,0,0.25,non_teacher_candidate,flat_icon_fill,excellent,0.08296316,10.0,0.0,0.0,0.0,0.284543,0.987117,,,,
candidate_selector,results\public_benchmark_v1_ext33_m2_18_styleaware_selector_v2\candidate_selector_dataset.csv,omj_008,OpenMoji,paw_prints,skeleton_c30_m4,running_line,candidate_non_teacher,0,0,0.25,non_teacher_candidate,flat_icon_fill,excellent,0.08296316,10.0,0.0,0.0,0.0,0.284543,0.987117,,,,
candidate_selector,results\public_benchmark_v1_ext33_m2_18_styleaware_selector_v2\candidate_selector_dataset.csv,omj_008,OpenMoji,paw_prints,skeleton_c30_m8,running_line,candidate_non_teacher,0,0,0.25,non_teacher_candidate,flat_icon_fill,excellent,0.07463115,9.0,0.0,0.0,0.0,0.286225,0.980792,,,,
candidate_selector,results\public_benchmark_v1_ext33_m2_18_styleaware_selector_v2\candidate_selector_dataset.csv,omj_008,OpenMoji,paw_prints,skeleton_c30_m12,running_line,candidate_non_teacher,0,0,0.25,non_teacher_candidate,flat_icon_fill,excellent,0.08302746,10.0,0.0,0.0,0.0,0.255816,0.983567,,,,
candidate_selector,results\public_benchmark_v1_ext33_m2_18_styleaware_selector_v2\candidate_selector_dataset.csv,omj_008,OpenMoji,paw_prints,skeleton_c30_m20,running_line,candidate_non_teacher,0,0,0.25,non_teacher_candidate,flat_icon_fill,excellent,0.03317053,4.0,0.0,0.0,0.0,0.039658,1.0,,,,
candidate_selector,results\public_benchmark_v1_ext33_m2_18_styleaware_selector_v2\candidate_selector_dataset.csv,omj_008,OpenMoji,paw_prints,mask_fill_rows16_c6,fill_tatami_like,reject,0,1,0.75,hard_negative,flat_icon_fill,hard_fail,0.2405875,75.0,3.0,0.0,0.0,1.0,0.785773,,,,
candidate_selector,results\public_benchmark_v1_ext33_m2_18_styleaware_selector_v2\candidate_selector_dataset.csv,omj_008,OpenMoji,paw_prints,mask_fill_edgewalk_rows16_p40,fill_tatami_like,candidate_non_teacher,0,0,0.25,non_teacher_candidate,flat_icon_fill,pass,0.1405736,14.0,2.0,0.4955,0.0,1.0,0.772922,,,,
candidate_selector,results\public_benchmark_v1_ext33_m2_18_styleaware_selector_v2\candidate_selector_dataset.csv,omj_008,OpenMoji,paw_prints,mask_fill_edgewalk_outline_ext_in3_rows16_p40,outline_border,outline_border,1,0,1.0,oracle_choice,flat_icon_fill,pass,0.12918458,12.0,3.0,0.4955,0.0,1.0,0.771793,,,,
candidate_selector,results\public_benchmark_v1_ext33_m2_18_styleaware_selector_v2\candidate_selector_dataset.csv,omj_008,OpenMoji,paw_prints,mask_fill_edgewalk_styleaware_r008_d45,style_aware_mixed,candidate_non_teacher,0,0,0.25,non_teacher_candidate,flat_icon_fill,pass,0.1405736,14.0,2.0,0.4955,0.0,1.0,0.772922,,,,
candidate_selector,results\public_benchmark_v1_ext33_m2_18_styleaware_selector_v2\candidate_selector_dataset.csv,omj_009,OpenMoji,lady_beetle,auto_evalrepair_r10_c20,auto_fill,auto_fill,1,0,1.0,oracle_choice,flat_icon_fill,pass,0.14656692,12.0,8.0,0.0,0.0,0.988936,0.89792,,,,
candidate_selector,results\public_benchmark_v1_ext33_m2_18_styleaware_selector_v2\candidate_selector_dataset.csv,omj_009,OpenMoji,lady_beetle,auto_r10_c16,auto_fill,candidate_non_teacher,0,0,0.25,non_teacher_candidate,flat_icon_fill,warning,0.20392394,19.0,8.0,0.0,0.0,0.988433,0.900891,,,,
candidate_selector,results\public_benchmark_v1_ext33_m2_18_styleaware_selector_v2\candidate_selector_dataset.csv,omj_009,OpenMoji,lady_beetle,auto_r10_c20,auto_fill,candidate_non_teacher,0,0,0.25,non_teacher_candidate,flat_icon_fill,warning,0.20392394,19.0,8.0,0.0,0.0,0.988433,0.900891,,,,
candidate_selector,results\public_benchmark_v1_ext33_m2_18_styleaware_selector_v2\candidate_selector_dataset.csv,omj_009,OpenMoji,lady_beetle,auto_r125_c16,auto_fill,candidate_non_teacher,0,0,0.25,non_teacher_candidate,flat_icon_fill,warning,0.20392394,19.0,8.0,0.0,0.0,0.988433,0.900891,,,,
candidate_selector,results\public_benchmark_v1_ext33_m2_18_styleaware_selector_v2\candidate_selector_dataset.csv,omj_009,OpenMoji,lady_beetle,auto_r125_c20,auto_fill,candidate_non_teacher,0,0,0.25,non_teacher_candidate,flat_icon_fill,warning,0.20392394,19.0,8.0,0.0,0.0,0.988433,0.900891,,,,
candidate_selector,results\public_benchmark_v1_ext33_m2_18_styleaware_selector_v2\candidate_selector_dataset.csv,omj_009,OpenMoji,lady_beetle,auto_skel_c12,running_line,candidate_non_teacher,0,0,0.25,non_teacher_candidate,flat_icon_fill,warning,0.20392394,19.0,8.0,0.0,0.0,0.988433,0.900891,,,,
candidate_selector,results\public_benchmark_v1_ext33_m2_18_styleaware_selector_v2\candidate_selector_dataset.csv,omj_009,OpenMoji,lady_beetle,skeleton_c20_m4,running_line,candidate_non_teacher,0,0,0.25,non_teacher_candidate,flat_icon_fill,excellent,0.08306269,10.0,0.0,0.0,0.0,0.246033,0.886808,,,,
candidate_selector,results\public_benchmark_v1_ext33_m2_18_styleaware_selector_v2\candidate_selector_dataset.csv,omj_009,OpenMoji,lady_beetle,skeleton_c30_m4,running_line,candidate_non_teacher,0,0,0.25,non_teacher_candidate,flat_icon_fill,excellent,0.06620051,8.0,0.0,0.0,0.0,0.277883,0.897978,,,,
candidate_selector,results\public_benchmark_v1_ext33_m2_18_styleaware_selector_v2\candidate_selector_dataset.csv,omj_009,OpenMoji,lady_beetle,skeleton_c30_m8,running_line,candidate_non_teacher,0,0,0.25,non_teacher_candidate,flat_icon_fill,excellent,0.08301962,10.0,0.0,0.0,0.0,0.232063,0.891776,,,,
candidate_selector,results\public_benchmark_v1_ext33_m2_18_styleaware_selector_v2\candidate_selector_dataset.csv,omj_009,OpenMoji,lady_beetle,skeleton_c30_m12,running_line,candidate_non_teacher,0,0,0.25,non_teacher_candidate,flat_icon_fill,excellent,0.08301962,10.0,0.0,0.0,0.0,0.232063,0.891776,,,,
candidate_selector,results\public_benchmark_v1_ext33_m2_18_styleaware_selector_v2\candidate_selector_dataset.csv,omj_009,OpenMoji,lady_beetle,skeleton_c30_m20,running_line,candidate_non_teacher,0,0,0.25,non_teacher_candidate,flat_icon_fill,excellent,0.0641354,7.0,1.0,0.0,0.0,0.201498,0.90877,,,,
candidate_selector,results\public_benchmark_v1_ext33_m2_18_styleaware_selector_v2\candidate_selector_dataset.csv,omj_009,OpenMoji,lady_beetle,mask_fill_rows16_c6,fill_tatami_like,reject,0,1,0.75,hard_negative,flat_icon_fill,hard_fail,0.33913472,75.0,19.0,0.0,0.0,1.0,0.873657,,,,
candidate_selector,results\public_benchmark_v1_ext33_m2_18_styleaware_selector_v2\candidate_selector_dataset.csv,omj_009,OpenMoji,lady_beetle,mask_fill_edgewalk_rows16_p40,fill_tatami_like,reject,0,1,0.75,hard_negative,flat_icon_fill,warning,0.21015766,18.0,4.0,1.6028,0.0,1.0,0.858404,,,,
candidate_selector,results\public_benchmark_v1_ext33_m2_18_styleaware_selector_v2\candidate_selector_dataset.csv,omj_009,OpenMoji,lady_beetle,mask_fill_edgewalk_outline_ext_in3_rows16_p40,outline_border,reject,0,1,0.75,hard_negative,flat_icon_fill,warning,0.26614838,24.0,5.0,1.6028,0.0,1.0,0.857828,,,,
candidate_selector,results\public_benchmark_v1_ext33_m2_18_styleaware_selector_v2\candidate_selector_dataset.csv,omj_009,OpenMoji,lady_beetle,mask_fill_edgewalk_styleaware_r008_d45,style_aware_mixed,reject,0,1,0.75,hard_negative,flat_icon_fill,warning,0.21015766,18.0,4.0,1.6028,0.0,1.0,0.858404,,,,
candidate_selector,results\public_benchmark_v1_ext33_m2_18_styleaware_selector_v2\candidate_selector_dataset.csv,omj_010,OpenMoji,seedling,auto_evalrepair_r10_c20,auto_running,auto_running,1,0,1.0,oracle_choice,line_text_skeleton,excellent,0.06401391,7.0,1.0,0.0,0.0,0.45283,0.889646,,,,
candidate_selector,results\public_benchmark_v1_ext33_m2_18_styleaware_selector_v2\candidate_selector_dataset.csv,omj_010,OpenMoji,seedling,auto_r10_c16,auto_running,candidate_non_teacher,0,0,0.25,non_teacher_candidate,line_text_skeleton,excellent,0.06401391,7.0,1.0,0.0,0.0,0.45283,0.889646,,,,
candidate_selector,results\public_benchmark_v1_ext33_m2_18_styleaware_selector_v2\candidate_selector_dataset.csv,omj_010,OpenMoji,seedling,auto_r10_c20,auto_running,candidate_non_teacher,0,0,0.25,non_teacher_candidate,line_text_skeleton,excellent,0.06401391,7.0,1.0,0.0,0.0,0.45283,0.889646,,,,
candidate_selector,results\public_benchmark_v1_ext33_m2_18_styleaware_selector_v2\candidate_selector_dataset.csv,omj_010,OpenMoji,seedling,auto_r125_c16,auto_running,candidate_non_teacher,0,0,0.25,non_teacher_candidate,line_text_skeleton,excellent,0.06401391,7.0,1.0,0.0,0.0,0.45283,0.889646,,,,
candidate_selector,results\public_benchmark_v1_ext33_m2_18_styleaware_selector_v2\candidate_selector_dataset.csv,omj_010,OpenMoji,seedling,auto_r125_c20,auto_running,candidate_non_teacher,0,0,0.25,non_teacher_candidate,line_text_skeleton,excellent,0.06401391,7.0,1.0,0.0,0.0,0.45283,0.889646,,,,
candidate_selector,results\public_benchmark_v1_ext33_m2_18_styleaware_selector_v2\candidate_selector_dataset.csv,omj_010,OpenMoji,seedling,auto_skel_c12,running_line,candidate_non_teacher,0,0,0.25,non_teacher_candidate,line_text_skeleton,excellent,0.06401391,7.0,1.0,0.0,0.0,0.45283,0.889646,,,,
candidate_selector,results\public_benchmark_v1_ext33_m2_18_styleaware_selector_v2\candidate_selector_dataset.csv,omj_010,OpenMoji,seedling,skeleton_c20_m4,running_line,candidate_non_teacher,0,0,0.25,non_teacher_candidate,line_text_skeleton,excellent,0.06401391,7.0,1.0,0.0,0.0,0.45283,0.889646,,,,
candidate_selector,results\public_benchmark_v1_ext33_m2_18_styleaware_selector_v2\candidate_selector_dataset.csv,omj_010,OpenMoji,seedling,skeleton_c30_m4,running_line,candidate_non_teacher,0,0,0.25,non_teacher_candidate,line_text_skeleton,excellent,0.06401391,7.0,1.0,0.0,0.0,0.45283,0.889646,,,,
candidate_selector,results\public_benchmark_v1_ext33_m2_18_styleaware_selector_v2\candidate_selector_dataset.csv,omj_010,OpenMoji,seedling,skeleton_c30_m8,running_line,candidate_non_teacher,0,0,0.25,non_teacher_candidate,line_text_skeleton,excellent,0.05598686,6.0,1.0,0.0,0.0,0.413142,0.871455,,,,
candidate_selector,results\public_benchmark_v1_ext33_m2_18_styleaware_selector_v2\candidate_selector_dataset.csv,omj_010,OpenMoji,seedling,skeleton_c30_m12,running_line,candidate_non_teacher,0,0,0.25,non_teacher_candidate,line_text_skeleton,excellent,0.04751309,5.0,1.0,0.0,0.0,0.314032,0.855792,,,,
candidate_selector,results\public_benchmark_v1_ext33_m2_18_styleaware_selector_v2\candidate_selector_dataset.csv,omj_010,OpenMoji,seedling,skeleton_c30_m20,running_line,candidate_non_teacher,0,0,0.25,non_teacher_candidate,line_text_skeleton,excellent,0.01625288,2.0,0.0,0.0,0.0,0.249187,0.838074,,,,
candidate_selector,results\public_benchmark_v1_ext33_m2_18_styleaware_selector_v2\candidate_selector_dataset.csv,omj_010,OpenMoji,seedling,mask_fill_rows16_c6,fill_tatami_like,candidate_non_teacher,0,0,0.25,non_teacher_candidate,line_text_skeleton,warning,0.14633035,17.0,1.0,0.0,0.0,1.0,0.681697,,,,
candidate_selector,results\public_benchmark_v1_ext33_m2_18_styleaware_selector_v2\candidate_selector_dataset.csv,omj_010,OpenMoji,seedling,mask_fill_edgewalk_rows16_p40,fill_tatami_like,candidate_non_teacher,0,0,0.25,non_teacher_candidate,line_text_skeleton,excellent,0.06398694,7.0,1.0,0.0,0.0,1.0,0.664792,,,,
candidate_selector,results\public_benchmark_v1_ext33_m2_18_styleaware_selector_v2\candidate_selector_dataset.csv,omj_010,OpenMoji,seedling,mask_fill_edgewalk_outline_ext_in3_rows16_p40,outline_border,candidate_non_teacher,0,0,0.25,non_teacher_candidate,line_text_skeleton,pass,0.10351803,11.0,2.0,0.0,0.0,1.0,0.664313,,,,
candidate_selector,results\public_benchmark_v1_ext33_m2_18_styleaware_selector_v2\candidate_selector_dataset.csv,omj_010,OpenMoji,seedling,mask_fill_edgewalk_styleaware_r008_d45,style_aware_mixed,candidate_non_teacher,0,0,0.25,non_teacher_candidate,line_text_skeleton,excellent,0.08673181,9.0,2.0,0.0,0.0,0.994578,0.743274,,,,
candidate_selector,results\public_benchmark_v1_ext33_m2_18_styleaware_selector_v2\candidate_selector_dataset.csv,qd_001,QuickDraw,cat,auto_evalrepair_r10_c20,auto_running,reject,0,1,0.75,hard_negative,line_text_skeleton,warning,0.17708271,18.0,2.0,0.6731,0.0,0.9432,0.662992,,,,
candidate_selector,results\public_benchmark_v1_ext33_m2_18_styleaware_selector_v2\candidate_selector_dataset.csv,qd_001,QuickDraw,cat,auto_r10_c16,auto_running,reject,0,1,0.75,hard_negative,line_text_skeleton,warning,0.19359507,20.0,2.0,0.6731,0.0,0.9432,0.670822,,,,
candidate_selector,results\public_benchmark_v1_ext33_m2_18_styleaware_selector_v2\candidate_selector_dataset.csv,qd_001,QuickDraw,cat,auto_r10_c20,auto_running,reject,0,1,0.75,hard_negative,line_text_skeleton,warning,0.17708271,18.0,2.0,0.6731,0.0,0.9432,0.662992,,,,
candidate_selector,results\public_benchmark_v1_ext33_m2_18_styleaware_selector_v2\candidate_selector_dataset.csv,qd_001,QuickDraw,cat,auto_r125_c16,auto_running,reject,0,1,0.75,hard_negative,line_text_skeleton,warning,0.19359507,20.0,2.0,0.6731,0.0,0.9432,0.670822,,,,
candidate_selector,results\public_benchmark_v1_ext33_m2_18_styleaware_selector_v2\candidate_selector_dataset.csv,qd_001,QuickDraw,cat,auto_r125_c20,auto_running,reject,0,1,0.75,hard_negative,line_text_skeleton,warning,0.17708271,18.0,2.0,0.6731,0.0,0.9432,0.662992,,,,
candidate_selector,results\public_benchmark_v1_ext33_m2_18_styleaware_selector_v2\candidate_selector_dataset.csv,qd_001,QuickDraw,cat,auto_skel_c12,running_line,reject,0,1,0.75,hard_negative,line_text_skeleton,warning,0.20998867,22.0,2.0,0.6731,0.0,0.9432,0.670822,,,,
candidate_selector,results\public_benchmark_v1_ext33_m2_18_styleaware_selector_v2\candidate_selector_dataset.csv,qd_001,QuickDraw,cat,skeleton_c20_m4,running_line,reject,0,1,0.75,hard_negative,line_text_skeleton,warning,0.17708271,18.0,2.0,0.6731,0.0,0.9432,0.662992,,,,
candidate_selector,results\public_benchmark_v1_ext33_m2_18_styleaware_selector_v2\candidate_selector_dataset.csv,qd_001,QuickDraw,cat,skeleton_c30_m4,running_line,reject,0,1,0.75,hard_negative,line_text_skeleton,warning,0.17708271,18.0,2.0,0.6731,0.0,0.9432,0.662992,,,,
candidate_selector,results\public_benchmark_v1_ext33_m2_18_styleaware_selector_v2\candidate_selector_dataset.csv,qd_001,QuickDraw,cat,skeleton_c30_m8,running_line,candidate_non_teacher,0,0,0.25,non_teacher_candidate,line_text_skeleton,warning,0.1621189,18.0,2.0,0.0,0.0,0.907749,0.66416,,,,
candidate_selector,results\public_benchmark_v1_ext33_m2_18_styleaware_selector_v2\candidate_selector_dataset.csv,qd_001,QuickDraw,cat,skeleton_c30_m12,running_line,running_line,1,0,1.0,oracle_choice,line_text_skeleton,pass,0.13687547,15.0,2.0,0.0,0.0,0.893516,0.661463,,,,
candidate_selector,results\public_benchmark_v1_ext33_m2_18_styleaware_selector_v2\candidate_selector_dataset.csv,qd_001,QuickDraw,cat,skeleton_c30_m20,running_line,candidate_non_teacher,0,0,0.25,non_teacher_candidate,line_text_skeleton,pass,0.13687547,15.0,2.0,0.0,0.0,0.893516,0.661463,,,,
candidate_selector,results\public_benchmark_v1_ext33_m2_18_styleaware_selector_v2\candidate_selector_dataset.csv,qd_001,QuickDraw,cat,mask_fill_rows16_c6,fill_tatami_like,reject,0,1,0.75,hard_negative,line_text_skeleton,hard_fail,0.4,409.0,65.0,0.0,0.0,0.999605,0.569616,,,,
candidate_selector,results\public_benchmark_v1_ext33_m2_18_styleaware_selector_v2\candidate_selector_dataset.csv,qd_001,QuickDraw,cat,mask_fill_edgewalk_rows16_p40,fill_tatami_like,reject,0,1,0.75,hard_negative,line_text_skeleton,hard_fail,0.4,325.0,57.0,0.0,0.0,0.999868,0.435259,,,,
candidate_selector,results\public_benchmark_v1_ext33_m2_18_styleaware_selector_v2\candidate_selector_dataset.csv,qd_001,QuickDraw,cat,mask_fill_edgewalk_outline_ext_in3_rows16_p40,outline_border,reject,0,1,0.75,hard_negative,line_text_skeleton,hard_fail,0.4,339.0,59.0,0.0,0.0,0.999868,0.435759,,,,
candidate_selector,results\public_benchmark_v1_ext33_m2_18_styleaware_selector_v2\candidate_selector_dataset.csv,qd_001,QuickDraw,cat,mask_fill_edgewalk_styleaware_r008_d45,style_aware_mixed,reject,0,1,0.75,hard_negative,line_text_skeleton,hard_fail,0.24889888,37.0,6.0,0.0,0.0,0.966131,0.627278,,,,
candidate_selector,results\public_benchmark_v1_ext33_m2_18_styleaware_selector_v2\candidate_selector_dataset.csv,qd_002,QuickDraw,dog,auto_evalrepair_r10_c20,auto_running,candidate_non_teacher,0,0,0.25,non_teacher_candidate,line_text_skeleton,pass,0.12013034,13.0,2.0,0.0,0.0,0.968333,0.720632,,,,
candidate_selector,results\public_benchmark_v1_ext33_m2_18_styleaware_selector_v2\candidate_selector_dataset.csv,qd_002,QuickDraw,dog,auto_r10_c16,auto_running,candidate_non_teacher,0,0,0.25,non_teacher_candidate,line_text_skeleton,pass,0.13673415,15.0,2.0,0.0,0.0,0.968333,0.726007,,,,
candidate_selector,results\public_benchmark_v1_ext33_m2_18_styleaware_selector_v2\candidate_selector_dataset.csv,qd_002,QuickDraw,dog,auto_r10_c20,auto_running,candidate_non_teacher,0,0,0.25,non_teacher_candidate,line_text_skeleton,pass,0.12013034,13.0,2.0,0.0,0.0,0.968333,0.720632,,,,
candidate_selector,results\public_benchmark_v1_ext33_m2_18_styleaware_selector_v2\candidate_selector_dataset.csv,qd_002,QuickDraw,dog,auto_r125_c16,auto_running,candidate_non_teacher,0,0,0.25,non_teacher_candidate,line_text_skeleton,pass,0.13673415,15.0,2.0,0.0,0.0,0.968333,0.726007,,,,
candidate_selector,results\public_benchmark_v1_ext33_m2_18_styleaware_selector_v2\candidate_selector_dataset.csv,qd_002,QuickDraw,dog,auto_r125_c20,auto_running,candidate_non_teacher,0,0,0.25,non_teacher_candidate,line_text_skeleton,pass,0.12013034,13.0,2.0,0.0,0.0,0.968333,0.720632,,,,
candidate_selector,results\public_benchmark_v1_ext33_m2_18_styleaware_selector_v2\candidate_selector_dataset.csv,qd_002,QuickDraw,dog,auto_skel_c12,running_line,candidate_non_teacher,0,0,0.25,non_teacher_candidate,line_text_skeleton,warning,0.16160438,18.0,2.0,0.0,0.0,0.96445,0.729735,,,,
candidate_selector,results\public_benchmark_v1_ext33_m2_18_styleaware_selector_v2\candidate_selector_dataset.csv,qd_002,QuickDraw,dog,skeleton_c20_m4,running_line,candidate_non_teacher,0,0,0.25,non_teacher_candidate,line_text_skeleton,pass,0.12013034,13.0,2.0,0.0,0.0,0.968333,0.720632,,,,
candidate_selector,results\public_benchmark_v1_ext33_m2_18_styleaware_selector_v2\candidate_selector_dataset.csv,qd_002,QuickDraw,dog,skeleton_c30_m4,running_line,running_line,1,0,1.0,oracle_choice,line_text_skeleton,excellent,0.08928397,10.0,1.0,0.0,0.0,0.968333,0.712526,,,,
candidate_selector,results\public_benchmark_v1_ext33_m2_18_styleaware_selector_v2\candidate_selector_dataset.csv,qd_002,QuickDraw,dog,skeleton_c30_m8,running_line,candidate_non_teacher,0,0,0.25,non_teacher_candidate,line_text_skeleton,excellent,0.08928397,10.0,1.0,0.0,0.0,0.960446,0.70302,,,,
candidate_selector,results\public_benchmark_v1_ext33_m2_18_styleaware_selector_v2\candidate_selector_dataset.csv,qd_002,QuickDraw,dog,skeleton_c30_m12,running_line,candidate_non_teacher,0,0,0.25,non_teacher_candidate,line_text_skeleton,excellent,0.08928397,10.0,1.0,0.0,0.0,0.956564,0.702173,,,,
candidate_selector,results\public_benchmark_v1_ext33_m2_18_styleaware_selector_v2\candidate_selector_dataset.csv,qd_002,QuickDraw,dog,skeleton_c30_m20,running_line,candidate_non_teacher,0,0,0.25,non_teacher_candidate,line_text_skeleton,excellent,0.08928397,10.0,1.0,0.0,0.0,0.940063,0.689753,,,,
candidate_selector,results\public_benchmark_v1_ext33_m2_18_styleaware_selector_v2\candidate_selector_dataset.csv,qd_002,QuickDraw,dog,mask_fill_rows16_c6,fill_tatami_like,reject,0,1,0.75,hard_negative,line_text_skeleton,hard_fail,0.4,317.0,44.0,0.0,0.0,0.999636,0.591797,,,,
candidate_selector,results\public_benchmark_v1_ext33_m2_18_styleaware_selector_v2\candidate_selector_dataset.csv,qd_002,QuickDraw,dog,mask_fill_edgewalk_rows16_p40,fill_tatami_like,reject,0,1,0.75,hard_negative,line_text_skeleton,hard_fail,0.5148855,193.0,33.0,5.7329,0.0,0.999636,0.45012,,,,
candidate_selector,results\public_benchmark_v1_ext33_m2_18_styleaware_selector_v2\candidate_selector_dataset.csv,qd_002,QuickDraw,dog,mask_fill_edgewalk_outline_ext_in3_rows16_p40,outline_border,reject,0,1,0.75,hard_negative,line_text_skeleton,hard_fail,0.52186722,211.0,36.0,5.7329,0.0,0.999757,0.449978,,,,
candidate_selector,results\public_benchmark_v1_ext33_m2_18_styleaware_selector_v2\candidate_selector_dataset.csv,qd_002,QuickDraw,dog,mask_fill_edgewalk_styleaware_r008_d45,style_aware_mixed,reject,0,1,0.75,hard_negative,line_text_skeleton,hard_fail,0.30149149,76.0,12.0,0.0,0.0,0.966998,0.667448,,,,
candidate_selector,results\public_benchmark_v1_ext33_m2_18_styleaware_selector_v2\candidate_selector_dataset.csv,qd_003,QuickDraw,fish,auto_evalrepair_r10_c20,auto_running,auto_running,1,0,1.0,oracle_choice,line_text_skeleton,pass,0.10351225,11.0,2.0,0.0,0.0,0.993857,0.643031,,,,
candidate_selector,results\public_benchmark_v1_ext33_m2_18_styleaware_selector_v2\candidate_selector_dataset.csv,qd_003,QuickDraw,fish,auto_r10_c16,auto_running,candidate_non_teacher,0,0,0.25,non_teacher_candidate,line_text_skeleton,pass,0.10351225,11.0,2.0,0.0,0.0,0.993857,0.643031,,,,
candidate_selector,results\public_benchmark_v1_ext33_m2_18_styleaware_selector_v2\candidate_selector_dataset.csv,qd_003,QuickDraw,fish,auto_r10_c20,auto_running,candidate_non_teacher,0,0,0.25,non_teacher_candidate,line_text_skeleton,pass,0.10351225,11.0,2.0,0.0,0.0,0.993857,0.643031,,,,
candidate_selector,results\public_benchmark_v1_ext33_m2_18_styleaware_selector_v2\candidate_selector_dataset.csv,qd_003,QuickDraw,fish,auto_r125_c16,auto_running,candidate_non_teacher,0,0,0.25,non_teacher_candidate,line_text_skeleton,pass,0.10351225,11.0,2.0,0.0,0.0,0.993857,0.643031,,,,
candidate_selector,results\public_benchmark_v1_ext33_m2_18_styleaware_selector_v2\candidate_selector_dataset.csv,qd_003,QuickDraw,fish,auto_r125_c20,auto_running,candidate_non_teacher,0,0,0.25,non_teacher_candidate,line_text_skeleton,pass,0.10351225,11.0,2.0,0.0,0.0,0.993857,0.643031,,,,
candidate_selector,results\public_benchmark_v1_ext33_m2_18_styleaware_selector_v2\candidate_selector_dataset.csv,qd_003,QuickDraw,fish,auto_skel_c12,running_line,candidate_non_teacher,0,0,0.25,non_teacher_candidate,line_text_skeleton,pass,0.1200026,13.0,2.0,0.0,0.0,0.993857,0.646596,,,,
candidate_selector,results\public_benchmark_v1_ext33_m2_18_styleaware_selector_v2\candidate_selector_dataset.csv,qd_003,QuickDraw,fish,skeleton_c20_m4,running_line,candidate_non_teacher,0,0,0.25,non_teacher_candidate,line_text_skeleton,pass,0.10351225,11.0,2.0,0.0,0.0,0.993857,0.643031,,,,
candidate_selector,results\public_benchmark_v1_ext33_m2_18_styleaware_selector_v2\candidate_selector_dataset.csv,qd_003,QuickDraw,fish,skeleton_c30_m4,running_line,candidate_non_teacher,0,0,0.25,non_teacher_candidate,line_text_skeleton,pass,0.10351225,11.0,2.0,0.0,0.0,0.993857,0.643031,,,,
candidate_selector,results\public_benchmark_v1_ext33_m2_18_styleaware_selector_v2\candidate_selector_dataset.csv,qd_003,QuickDraw,fish,skeleton_c30_m8,running_line,candidate_non_teacher,0,0,0.25,non_teacher_candidate,line_text_skeleton,pass,0.10343534,11.0,2.0,0.0,0.0,0.980975,0.640279,,,,
candidate_selector,results\public_benchmark_v1_ext33_m2_18_styleaware_selector_v2\candidate_selector_dataset.csv,qd_003,QuickDraw,fish,skeleton_c30_m12,running_line,candidate_non_teacher,0,0,0.25,non_teacher_candidate,line_text_skeleton,pass,0.10343534,11.0,2.0,0.0,0.0,0.939556,0.638003,,,,
candidate_selector,results\public_benchmark_v1_ext33_m2_18_styleaware_selector_v2\candidate_selector_dataset.csv,qd_003,QuickDraw,fish,skeleton_c30_m20,running_line,candidate_non_teacher,0,0,0.25,non_teacher_candidate,line_text_skeleton,pass,0.10343534,11.0,2.0,0.0,0.0,0.916171,0.635377,,,,
candidate_selector,results\public_benchmark_v1_ext33_m2_18_styleaware_selector_v2\candidate_selector_dataset.csv,qd_003,QuickDraw,fish,mask_fill_rows16_c6,fill_tatami_like,reject,0,1,0.75,hard_negative,line_text_skeleton,hard_fail,0.36559537,141.0,21.0,0.0,0.0,0.998811,0.553603,,,,
candidate_selector,results\public_benchmark_v1_ext33_m2_18_styleaware_selector_v2\candidate_selector_dataset.csv,qd_003,QuickDraw,fish,mask_fill_edgewalk_rows16_p40,fill_tatami_like,reject,0,1,0.75,hard_negative,line_text_skeleton,hard_fail,0.34854557,76.0,14.0,1.698,0.0,0.998811,0.42007,,,,
candidate_selector,results\public_benchmark_v1_ext33_m2_18_styleaware_selector_v2\candidate_selector_dataset.csv,qd_003,QuickDraw,fish,mask_fill_edgewalk_outline_ext_in3_rows16_p40,outline_border,reject,0,1,0.75,hard_negative,line_text_skeleton,hard_fail,0.36541711,89.0,16.0,1.698,0.0,0.998811,0.420666,,,,
candidate_selector,results\public_benchmark_v1_ext33_m2_18_styleaware_selector_v2\candidate_selector_dataset.csv,qd_003,QuickDraw,fish,mask_fill_edgewalk_styleaware_r008_d45,style_aware_mixed,reject,0,1,0.75,hard_negative,line_text_skeleton,hard_fail,0.26710083,39.0,7.0,0.4955,0.0,0.96413,0.576832,,,,
candidate_selector,results\public_benchmark_v1_ext33_m2_18_styleaware_selector_v2\candidate_selector_dataset.csv,qd_004,QuickDraw,flower,auto_evalrepair_r10_c20,auto_running,candidate_non_teacher,0,0,0.25,non_teacher_candidate,line_text_skeleton,pass,0.09116553,11.0,0.0,0.0,0.0,0.989997,0.67848,,,,
candidate_selector,results\public_benchmark_v1_ext33_m2_18_styleaware_selector_v2\candidate_selector_dataset.csv,qd_004,QuickDraw,flower,auto_r10_c16,auto_running,candidate_non_teacher,0,0,0.25,non_teacher_candidate,line_text_skeleton,pass,0.1077053,13.0,0.0,0.0,0.0,0.989827,0.686097,,,,
candidate_selector,results\public_benchmark_v1_ext33_m2_18_styleaware_selector_v2\candidate_selector_dataset.csv,qd_004,QuickDraw,flower,auto_r10_c20,auto_running,candidate_non_teacher,0,0,0.25,non_teacher_candidate,line_text_skeleton,pass,0.09116553,11.0,0.0,0.0,0.0,0.989997,0.67848,,,,
candidate_selector,results\public_benchmark_v1_ext33_m2_18_styleaware_selector_v2\candidate_selector_dataset.csv,qd_004,QuickDraw,flower,auto_r125_c16,auto_running,candidate_non_teacher,0,0,0.25,non_teacher_candidate,line_text_skeleton,pass,0.1077053,13.0,0.0,0.0,0.0,0.989827,0.686097,,,,
candidate_selector,results\public_benchmark_v1_ext33_m2_18_styleaware_selector_v2\candidate_selector_dataset.csv,qd_004,QuickDraw,flower,auto_r125_c20,auto_running,candidate_non_teacher,0,0,0.25,non_teacher_candidate,line_text_skeleton,pass,0.09116553,11.0,0.0,0.0,0.0,0.989997,0.67848,,,,
candidate_selector,results\public_benchmark_v1_ext33_m2_18_styleaware_selector_v2\candidate_selector_dataset.csv,qd_004,QuickDraw,flower,auto_skel_c12,running_line,candidate_non_teacher,0,0,0.25,non_teacher_candidate,line_text_skeleton,pass,0.11617141,14.0,0.0,0.0,0.0,0.98881,0.694782,,,,
candidate_selector,results\public_benchmark_v1_ext33_m2_18_styleaware_selector_v2\candidate_selector_dataset.csv,qd_004,QuickDraw,flower,skeleton_c20_m4,running_line,candidate_non_teacher,0,0,0.25,non_teacher_candidate,line_text_skeleton,pass,0.09116553,11.0,0.0,0.0,0.0,0.989997,0.67848,,,,
candidate_selector,results\public_benchmark_v1_ext33_m2_18_styleaware_selector_v2\candidate_selector_dataset.csv,qd_004,QuickDraw,flower,skeleton_c30_m4,running_line,candidate_non_teacher,0,0,0.25,non_teacher_candidate,line_text_skeleton,pass,0.09116553,11.0,0.0,0.0,0.0,0.989997,0.67848,,,,
candidate_selector,results\public_benchmark_v1_ext33_m2_18_styleaware_selector_v2\candidate_selector_dataset.csv,qd_004,QuickDraw,flower,skeleton_c30_m8,running_line,candidate_non_teacher,0,0,0.25,non_teacher_candidate,line_text_skeleton,pass,0.09772251,11.0,1.0,0.0,0.0,0.942862,0.667908,,,,
candidate_selector,results\public_benchmark_v1_ext33_m2_18_styleaware_selector_v2\candidate_selector_dataset.csv,qd_004,QuickDraw,flower,skeleton_c30_m12,running_line,candidate_non_teacher,0,0,0.25,non_teacher_candidate,line_text_skeleton,pass,0.10579852,12.0,1.0,0.0,0.0,0.914378,0.663182,,,,
candidate_selector,results\public_benchmark_v1_ext33_m2_18_styleaware_selector_v2\candidate_selector_dataset.csv,qd_004,QuickDraw,flower,skeleton_c30_m20,running_line,running_line,1,0,1.0,oracle_choice,line_text_skeleton,excellent,0.07485846,9.0,0.0,0.0,0.0,0.885724,0.668972,,,,
candidate_selector,results\public_benchmark_v1_ext33_m2_18_styleaware_selector_v2\candidate_selector_dataset.csv,qd_004,QuickDraw,flower,mask_fill_rows16_c6,fill_tatami_like,reject,0,1,0.75,hard_negative,line_text_skeleton,hard_fail,0.37684251,172.0,30.0,0.0,0.0,0.999152,0.557152,,,,
candidate_selector,results\public_benchmark_v1_ext33_m2_18_styleaware_selector_v2\candidate_selector_dataset.csv,qd_004,QuickDraw,flower,mask_fill_edgewalk_rows16_p40,fill_tatami_like,reject,0,1,0.75,hard_negative,line_text_skeleton,hard_fail,0.37314545,117.0,25.0,0.5303,0.0,0.999152,0.456362,,,,
candidate_selector,results\public_benchmark_v1_ext33_m2_18_styleaware_selector_v2\candidate_selector_dataset.csv,qd_004,QuickDraw,flower,mask_fill_edgewalk_outline_ext_in3_rows16_p40,outline_border,reject,0,1,0.75,hard_negative,line_text_skeleton,hard_fail,0.3735704,118.0,25.0,0.5303,0.0,0.999152,0.453343,,,,
candidate_selector,results\public_benchmark_v1_ext33_m2_18_styleaware_selector_v2\candidate_selector_dataset.csv,qd_004,QuickDraw,flower,mask_fill_edgewalk_styleaware_r008_d45,style_aware_mixed,reject,0,1,0.75,hard_negative,line_text_skeleton,hard_fail,0.28243183,45.0,11.0,0.0,0.0,0.992031,0.544178,,,,
candidate_selector,results\public_benchmark_v1_ext33_m2_18_styleaware_selector_v2\candidate_selector_dataset.csv,qd_005,QuickDraw,bicycle,auto_evalrepair_r10_c20,auto_running,candidate_non_teacher,0,0,0.25,non_teacher_candidate,line_text_skeleton,excellent,0.04719641,5.0,1.0,0.0,0.0,0.989125,0.67677,,,,
candidate_selector,results\public_benchmark_v1_ext33_m2_18_styleaware_selector_v2\candidate_selector_dataset.csv,qd_005,QuickDraw,bicycle,auto_r10_c16,auto_running,candidate_non_teacher,0,0,0.25,non_teacher_candidate,line_text_skeleton,excellent,0.08039106,9.0,1.0,0.0,0.0,0.982095,0.699443,,,,
candidate_selector,results\public_benchmark_v1_ext33_m2_18_styleaware_selector_v2\candidate_selector_dataset.csv,qd_005,QuickDraw,bicycle,auto_r10_c20,auto_running,candidate_non_teacher,0,0,0.25,non_teacher_candidate,line_text_skeleton,excellent,0.04719641,5.0,1.0,0.0,0.0,0.989125,0.67677,,,,
candidate_selector,results\public_benchmark_v1_ext33_m2_18_styleaware_selector_v2\candidate_selector_dataset.csv,qd_005,QuickDraw,bicycle,auto_r125_c16,auto_running,candidate_non_teacher,0,0,0.25,non_teacher_candidate,line_text_skeleton,excellent,0.08039106,9.0,1.0,0.0,0.0,0.982095,0.699443,,,,
candidate_selector,results\public_benchmark_v1_ext33_m2_18_styleaware_selector_v2\candidate_selector_dataset.csv,qd_005,QuickDraw,bicycle,auto_r125_c20,auto_running,candidate_non_teacher,0,0,0.25,non_teacher_candidate,line_text_skeleton,excellent,0.04719641,5.0,1.0,0.0,0.0,0.989125,0.67677,,,,
candidate_selector,results\public_benchmark_v1_ext33_m2_18_styleaware_selector_v2\candidate_selector_dataset.csv,qd_005,QuickDraw,bicycle,auto_skel_c12,running_line,candidate_non_teacher,0,0,0.25,non_teacher_candidate,line_text_skeleton,pass,0.12173146,14.0,1.0,0.0,0.0,0.974934,0.713135,,,,
candidate_selector,results\public_benchmark_v1_ext33_m2_18_styleaware_selector_v2\candidate_selector_dataset.csv,qd_005,QuickDraw,bicycle,skeleton_c20_m4,running_line,candidate_non_teacher,0,0,0.25,non_teacher_candidate,line_text_skeleton,excellent,0.04719641,5.0,1.0,0.0,0.0,0.989125,0.67677,,,,
candidate_selector,results\public_benchmark_v1_ext33_m2_18_styleaware_selector_v2\candidate_selector_dataset.csv,qd_005,QuickDraw,bicycle,skeleton_c30_m4,running_line,running_line,1,0,1.0,oracle_choice,line_text_skeleton,excellent,0.01639641,2.0,0.0,0.0,0.0,0.989125,0.661522,,,,
candidate_selector,results\public_benchmark_v1_ext33_m2_18_styleaware_selector_v2\candidate_selector_dataset.csv,qd_005,QuickDraw,bicycle,skeleton_c30_m8,running_line,candidate_non_teacher,0,0,0.25,non_teacher_candidate,line_text_skeleton,excellent,0.03318209,4.0,0.0,0.0,0.0,0.958355,0.661661,,,,
candidate_selector,results\public_benchmark_v1_ext33_m2_18_styleaware_selector_v2\candidate_selector_dataset.csv,qd_005,QuickDraw,bicycle,skeleton_c30_m12,running_line,reject,0,1,0.75,hard_negative,line_text_skeleton,excellent,0.07769575,6.0,0.0,1.2445,0.0,0.923342,0.658906,,,,
candidate_selector,results\public_benchmark_v1_ext33_m2_18_styleaware_selector_v2\candidate_selector_dataset.csv,qd_005,QuickDraw,bicycle,skeleton_c30_m20,running_line,candidate_non_teacher,0,0,0.25,non_teacher_candidate,line_text_skeleton,pass,0.09738897,11.0,1.0,0.0,0.0,0.879576,0.68562,,,,
candidate_selector,results\public_benchmark_v1_ext33_m2_18_styleaware_selector_v2\candidate_selector_dataset.csv,qd_005,QuickDraw,bicycle,mask_fill_rows16_c6,fill_tatami_like,reject,0,1,0.75,hard_negative,line_text_skeleton,hard_fail,0.4,352.0,53.0,0.0,0.0,1.0,0.593467,,,,
candidate_selector,results\public_benchmark_v1_ext33_m2_18_styleaware_selector_v2\candidate_selector_dataset.csv,qd_005,QuickDraw,bicycle,mask_fill_edgewalk_rows16_p40,fill_tatami_like,reject,0,1,0.75,hard_negative,line_text_skeleton,hard_fail,0.4,254.0,47.0,0.0,0.0,1.0,0.453889,,,,
candidate_selector,results\public_benchmark_v1_ext33_m2_18_styleaware_selector_v2\candidate_selector_dataset.csv,qd_005,QuickDraw,bicycle,mask_fill_edgewalk_outline_ext_in3_rows16_p40,outline_border,reject,0,1,0.75,hard_negative,line_text_skeleton,hard_fail,0.4,270.0,50.0,0.0,0.0,1.0,0.453152,,,,
candidate_selector,results\public_benchmark_v1_ext33_m2_18_styleaware_selector_v2\candidate_selector_dataset.csv,qd_005,QuickDraw,bicycle,mask_fill_edgewalk_styleaware_r008_d45,style_aware_mixed,reject,0,1,0.75,hard_negative,line_text_skeleton,hard_fail,0.32006122,83.0,15.0,0.0,0.0,0.969231,0.573807,,,,
candidate_selector,results\public_benchmark_v1_ext33_m2_18_styleaware_selector_v2\candidate_selector_dataset.csv,qd_006,QuickDraw,bird,auto_evalrepair_r10_c20,auto_running,candidate_non_teacher,0,0,0.25,non_teacher_candidate,line_text_skeleton,pass,0.10584235,12.0,1.0,0.0,0.0,0.967362,0.689863,,,,
candidate_selector,results\public_benchmark_v1_ext33_m2_18_styleaware_selector_v2\candidate_selector_dataset.csv,qd_006,QuickDraw,bird,auto_r10_c16,auto_running,candidate_non_teacher,0,0,0.25,non_teacher_candidate,line_text_skeleton,pass,0.10584235,12.0,1.0,0.0,0.0,0.967362,0.689863,,,,
candidate_selector,results\public_benchmark_v1_ext33_m2_18_styleaware_selector_v2\candidate_selector_dataset.csv,qd_006,QuickDraw,bird,auto_r10_c20,auto_running,candidate_non_teacher,0,0,0.25,non_teacher_candidate,line_text_skeleton,pass,0.10584235,12.0,1.0,0.0,0.0,0.967362,0.689863,,,,
candidate_selector,results\public_benchmark_v1_ext33_m2_18_styleaware_selector_v2\candidate_selector_dataset.csv,qd_006,QuickDraw,bird,auto_r125_c16,auto_running,candidate_non_teacher,0,0,0.25,non_teacher_candidate,line_text_skeleton,pass,0.10584235,12.0,1.0,0.0,0.0,0.967362,0.689863,,,,
candidate_selector,results\public_benchmark_v1_ext33_m2_18_styleaware_selector_v2\candidate_selector_dataset.csv,qd_006,QuickDraw,bird,auto_r125_c20,auto_running,candidate_non_teacher,0,0,0.25,non_teacher_candidate,line_text_skeleton,pass,0.10584235,12.0,1.0,0.0,0.0,0.967362,0.689863,,,,
candidate_selector,results\public_benchmark_v1_ext33_m2_18_styleaware_selector_v2\candidate_selector_dataset.csv,qd_006,QuickDraw,bird,auto_skel_c12,running_line,candidate_non_teacher,0,0,0.25,non_teacher_candidate,line_text_skeleton,pass,0.10584235,12.0,1.0,0.0,0.0,0.967362,0.689863,,,,
candidate_selector,results\public_benchmark_v1_ext33_m2_18_styleaware_selector_v2\candidate_selector_dataset.csv,qd_006,QuickDraw,bird,skeleton_c20_m4,running_line,candidate_non_teacher,0,0,0.25,non_teacher_candidate,line_text_skeleton,pass,0.10584235,12.0,1.0,0.0,0.0,0.967362,0.689863,,,,
candidate_selector,results\public_benchmark_v1_ext33_m2_18_styleaware_selector_v2\candidate_selector_dataset.csv,qd_006,QuickDraw,bird,skeleton_c30_m4,running_line,candidate_non_teacher,0,0,0.25,non_teacher_candidate,line_text_skeleton,pass,0.10584235,12.0,1.0,0.0,0.0,0.967362,0.689863,,,,
candidate_selector,results\public_benchmark_v1_ext33_m2_18_styleaware_selector_v2\candidate_selector_dataset.csv,qd_006,QuickDraw,bird,skeleton_c30_m8,running_line,running_line,1,0,1.0,oracle_choice,line_text_skeleton,excellent,0.08144543,9.0,1.0,0.0,0.0,0.957422,0.692345,,,,
candidate_selector,results\public_benchmark_v1_ext33_m2_18_styleaware_selector_v2\candidate_selector_dataset.csv,qd_006,QuickDraw,bird,skeleton_c30_m12,running_line,candidate_non_teacher,0,0,0.25,non_teacher_candidate,line_text_skeleton,excellent,0.08969386,10.0,1.0,0.0,0.0,0.89778,0.682236,,,,
candidate_selector,results\public_benchmark_v1_ext33_m2_18_styleaware_selector_v2\candidate_selector_dataset.csv,qd_006,QuickDraw,bird,skeleton_c30_m20,running_line,candidate_non_teacher,0,0,0.25,non_teacher_candidate,line_text_skeleton,pass,0.11495155,13.0,1.0,0.0,0.0,0.808317,0.662998,,,,
candidate_selector,results\public_benchmark_v1_ext33_m2_18_styleaware_selector_v2\candidate_selector_dataset.csv,qd_006,QuickDraw,bird,mask_fill_rows16_c6,fill_tatami_like,reject,0,1,0.75,hard_negative,line_text_skeleton,hard_fail,0.36248057,139.0,28.0,0.0,0.0,0.999669,0.588396,,,,
candidate_selector,results\public_benchmark_v1_ext33_m2_18_styleaware_selector_v2\candidate_selector_dataset.csv,qd_006,QuickDraw,bird,mask_fill_edgewalk_rows16_p40,fill_tatami_like,reject,0,1,0.75,hard_negative,line_text_skeleton,hard_fail,0.30220596,35.0,7.0,2.1404,0.0,0.999669,0.416023,,,,
candidate_selector,results\public_benchmark_v1_ext33_m2_18_styleaware_selector_v2\candidate_selector_dataset.csv,qd_006,QuickDraw,bird,mask_fill_edgewalk_outline_ext_in3_rows16_p40,outline_border,reject,0,1,0.75,hard_negative,line_text_skeleton,hard_fail,0.30130145,34.0,7.0,2.1404,0.0,0.999669,0.414139,,,,
candidate_selector,results\public_benchmark_v1_ext33_m2_18_styleaware_selector_v2\candidate_selector_dataset.csv,qd_006,QuickDraw,bird,mask_fill_edgewalk_styleaware_r008_d45,style_aware_mixed,reject,0,1,0.75,hard_negative,line_text_skeleton,warning,0.25176535,25.0,5.0,0.5483,0.0,0.986083,0.523805,,,,
candidate_selector,results\public_benchmark_v1_ext33_m2_18_styleaware_selector_v2\candidate_selector_dataset.csv,qd_007,QuickDraw,moon,auto_evalrepair_r10_c20,auto_running,reject,0,1,0.75,hard_negative,line_text_skeleton,hard_fail,0.2266731,26.0,3.0,0.0,0.0,0.995417,0.6578,,,,
candidate_selector,results\public_benchmark_v1_ext33_m2_18_styleaware_selector_v2\candidate_selector_dataset.csv,qd_007,QuickDraw,moon,auto_r10_c16,auto_running,reject,0,1,0.75,hard_negative,line_text_skeleton,hard_fail,0.2266731,26.0,3.0,0.0,0.0,0.995417,0.6578,,,,
candidate_selector,results\public_benchmark_v1_ext33_m2_18_styleaware_selector_v2\candidate_selector_dataset.csv,qd_007,QuickDraw,moon,auto_r10_c20,auto_running,reject,0,1,0.75,hard_negative,line_text_skeleton,hard_fail,0.2266731,26.0,3.0,0.0,0.0,0.995417,0.6578,,,,
candidate_selector,results\public_benchmark_v1_ext33_m2_18_styleaware_selector_v2\candidate_selector_dataset.csv,qd_007,QuickDraw,moon,auto_r125_c16,auto_running,reject,0,1,0.75,hard_negative,line_text_skeleton,hard_fail,0.2266731,26.0,3.0,0.0,0.0,0.995417,0.6578,,,,
candidate_selector,results\public_benchmark_v1_ext33_m2_18_styleaware_selector_v2\candidate_selector_dataset.csv,qd_007,QuickDraw,moon,auto_r125_c20,auto_running,reject,0,1,0.75,hard_negative,line_text_skeleton,hard_fail,0.2266731,26.0,3.0,0.0,0.0,0.995417,0.6578,,,,
candidate_selector,results\public_benchmark_v1_ext33_m2_18_styleaware_selector_v2\candidate_selector_dataset.csv,qd_007,QuickDraw,moon,auto_skel_c12,running_line,reject,0,1,0.75,hard_negative,line_text_skeleton,hard_fail,0.2266731,26.0,3.0,0.0,0.0,0.995417,0.6578,,,,
candidate_selector,results\public_benchmark_v1_ext33_m2_18_styleaware_selector_v2\candidate_selector_dataset.csv,qd_007,QuickDraw,moon,skeleton_c20_m4,running_line,reject,0,1,0.75,hard_negative,line_text_skeleton,hard_fail,0.2266731,26.0,3.0,0.0,0.0,0.995417,0.6578,,,,
candidate_selector,results\public_benchmark_v1_ext33_m2_18_styleaware_selector_v2\candidate_selector_dataset.csv,qd_007,QuickDraw,moon,skeleton_c30_m4,running_line,reject,0,1,0.75,hard_negative,line_text_skeleton,hard_fail,0.2266731,26.0,3.0,0.0,0.0,0.995417,0.6578,,,,
candidate_selector,results\public_benchmark_v1_ext33_m2_18_styleaware_selector_v2\candidate_selector_dataset.csv,qd_007,QuickDraw,moon,skeleton_c30_m8,running_line,candidate_non_teacher,0,0,0.25,non_teacher_candidate,line_text_skeleton,warning,0.22582468,25.0,3.0,0.0,0.0,0.957394,0.655863,,,,
candidate_selector,results\public_benchmark_v1_ext33_m2_18_styleaware_selector_v2\candidate_selector_dataset.csv,qd_007,QuickDraw,moon,skeleton_c30_m12,running_line,candidate_non_teacher,0,0,0.25,non_teacher_candidate,line_text_skeleton,warning,0.22604065,25.0,3.0,0.0,0.0,0.952564,0.660625,,,,
candidate_selector,results\public_benchmark_v1_ext33_m2_18_styleaware_selector_v2\candidate_selector_dataset.csv,qd_007,QuickDraw,moon,skeleton_c30_m20,running_line,running_line,1,0,1.0,oracle_choice,line_text_skeleton,warning,0.18653714,21.0,2.0,0.0,0.0,0.919866,0.661118,,,,
candidate_selector,results\public_benchmark_v1_ext33_m2_18_styleaware_selector_v2\candidate_selector_dataset.csv,qd_007,QuickDraw,moon,mask_fill_rows16_c6,fill_tatami_like,reject,0,1,0.75,hard_negative,line_text_skeleton,hard_fail,0.4,560.0,76.0,0.0,0.0,1.0,0.548319,,,,
candidate_selector,results\public_benchmark_v1_ext33_m2_18_styleaware_selector_v2\candidate_selector_dataset.csv,qd_007,QuickDraw,moon,mask_fill_edgewalk_rows16_p40,fill_tatami_like,reject,0,1,0.75,hard_negative,line_text_skeleton,hard_fail,0.4,486.0,72.0,0.0,0.0,1.0,0.455438,,,,
candidate_selector,results\public_benchmark_v1_ext33_m2_18_styleaware_selector_v2\candidate_selector_dataset.csv,qd_007,QuickDraw,moon,mask_fill_edgewalk_outline_ext_in3_rows16_p40,outline_border,reject,0,1,0.75,hard_negative,line_text_skeleton,hard_fail,0.4,500.0,74.0,0.0,0.0,1.0,0.455412,,,,
candidate_selector,results\public_benchmark_v1_ext33_m2_18_styleaware_selector_v2\candidate_selector_dataset.csv,qd_007,QuickDraw,moon,mask_fill_edgewalk_styleaware_r008_d45,style_aware_mixed,reject,0,1,0.75,hard_negative,line_text_skeleton,hard_fail,0.29787402,69.0,12.0,0.0,0.0,0.991454,0.648546,,,,
candidate_selector,results\public_benchmark_v1_ext33_m2_18_styleaware_selector_v2\candidate_selector_dataset.csv,qd_008,QuickDraw,star,auto_evalrepair_r10_c20,auto_running,auto_running,1,0,1.0,oracle_choice,line_text_skeleton,pass,0.11241589,12.0,2.0,0.0,0.0,0.995764,0.67335,,,,
candidate_selector,results\public_benchmark_v1_ext33_m2_18_styleaware_selector_v2\candidate_selector_dataset.csv,qd_008,QuickDraw,star,auto_r10_c16,auto_running,candidate_non_teacher,0,0,0.25,non_teacher_candidate,line_text_skeleton,pass,0.11241589,12.0,2.0,0.0,0.0,0.995764,0.67335,,,,
candidate_selector,results\public_benchmark_v1_ext33_m2_18_styleaware_selector_v2\candidate_selector_dataset.csv,qd_008,QuickDraw,star,auto_r10_c20,auto_running,candidate_non_teacher,0,0,0.25,non_teacher_candidate,line_text_skeleton,pass,0.11241589,12.0,2.0,0.0,0.0,0.995764,0.67335,,,,
candidate_selector,results\public_benchmark_v1_ext33_m2_18_styleaware_selector_v2\candidate_selector_dataset.csv,qd_008,QuickDraw,star,auto_r125_c16,auto_running,candidate_non_teacher,0,0,0.25,non_teacher_candidate,line_text_skeleton,pass,0.11241589,12.0,2.0,0.0,0.0,0.995764,0.67335,,,,
candidate_selector,results\public_benchmark_v1_ext33_m2_18_styleaware_selector_v2\candidate_selector_dataset.csv,qd_008,QuickDraw,star,auto_r125_c20,auto_running,candidate_non_teacher,0,0,0.25,non_teacher_candidate,line_text_skeleton,pass,0.11241589,12.0,2.0,0.0,0.0,0.995764,0.67335,,,,
candidate_selector,results\public_benchmark_v1_ext33_m2_18_styleaware_selector_v2\candidate_selector_dataset.csv,qd_008,QuickDraw,star,auto_skel_c12,running_line,candidate_non_teacher,0,0,0.25,non_teacher_candidate,line_text_skeleton,pass,0.120824,13.0,2.0,0.0,0.0,0.995764,0.679658,,,,
candidate_selector,results\public_benchmark_v1_ext33_m2_18_styleaware_selector_v2\candidate_selector_dataset.csv,qd_008,QuickDraw,star,skeleton_c20_m4,running_line,candidate_non_teacher,0,0,0.25,non_teacher_candidate,line_text_skeleton,pass,0.11241589,12.0,2.0,0.0,0.0,0.995764,0.67335,,,,
candidate_selector,results\public_benchmark_v1_ext33_m2_18_styleaware_selector_v2\candidate_selector_dataset.csv,qd_008,QuickDraw,star,skeleton_c30_m4,running_line,candidate_non_teacher,0,0,0.25,non_teacher_candidate,line_text_skeleton,pass,0.11241589,12.0,2.0,0.0,0.0,0.995764,0.67335,,,,
candidate_selector,results\public_benchmark_v1_ext33_m2_18_styleaware_selector_v2\candidate_selector_dataset.csv,qd_008,QuickDraw,star,skeleton_c30_m8,running_line,candidate_non_teacher,0,0,0.25,non_teacher_candidate,line_text_skeleton,pass,0.12903111,14.0,2.0,0.0,0.0,0.988648,0.671848,,,,
candidate_selector,results\public_benchmark_v1_ext33_m2_18_styleaware_selector_v2\candidate_selector_dataset.csv,qd_008,QuickDraw,star,skeleton_c30_m12,running_line,candidate_non_teacher,0,0,0.25,non_teacher_candidate,line_text_skeleton,pass,0.12903111,14.0,2.0,0.0,0.0,0.988648,0.671848,,,,
candidate_selector,results\public_benchmark_v1_ext33_m2_18_styleaware_selector_v2\candidate_selector_dataset.csv,qd_008,QuickDraw,star,skeleton_c30_m20,running_line,candidate_non_teacher,0,0,0.25,non_teacher_candidate,line_text_skeleton,pass,0.13715781,15.0,2.0,0.0,0.0,0.967977,0.670068,,,,
candidate_selector,results\public_benchmark_v1_ext33_m2_18_styleaware_selector_v2\candidate_selector_dataset.csv,qd_008,QuickDraw,star,mask_fill_rows16_c6,fill_tatami_like,reject,0,1,0.75,hard_negative,line_text_skeleton,hard_fail,0.4,345.0,49.0,0.0,0.0,0.999492,0.562613,,,,
candidate_selector,results\public_benchmark_v1_ext33_m2_18_styleaware_selector_v2\candidate_selector_dataset.csv,qd_008,QuickDraw,star,mask_fill_edgewalk_rows16_p40,fill_tatami_like,reject,0,1,0.75,hard_negative,line_text_skeleton,hard_fail,0.43852225,257.0,47.0,1.7121,0.0,0.999661,0.444311,,,,
candidate_selector,results\public_benchmark_v1_ext33_m2_18_styleaware_selector_v2\candidate_selector_dataset.csv,qd_008,QuickDraw,star,mask_fill_edgewalk_outline_ext_in3_rows16_p40,outline_border,reject,0,1,0.75,hard_negative,line_text_skeleton,hard_fail,0.43852225,268.0,49.0,1.7121,0.0,1.0,0.44416,,,,
candidate_selector,results\public_benchmark_v1_ext33_m2_18_styleaware_selector_v2\candidate_selector_dataset.csv,qd_008,QuickDraw,star,mask_fill_edgewalk_styleaware_r008_d45,style_aware_mixed,reject,0,1,0.75,hard_negative,line_text_skeleton,hard_fail,0.23359695,26.0,4.0,0.0,0.0,0.994917,0.603743,,,,
candidate_selector,results\public_benchmark_v1_ext33_m2_18_styleaware_selector_v2\candidate_selector_dataset.csv,txt_001,Rendered text,AI,auto_evalrepair_r10_c20,auto_running,candidate_non_teacher,0,0,0.25,non_teacher_candidate,line_text_skeleton,excellent,0.01645644,2.0,0.0,0.0,0.0,0.621229,0.9375,,,,
candidate_selector,results\public_benchmark_v1_ext33_m2_18_styleaware_selector_v2\candidate_selector_dataset.csv,txt_001,Rendered text,AI,auto_r10_c16,auto_running,candidate_non_teacher,0,0,0.25,non_teacher_candidate,line_text_skeleton,excellent,0.01645644,2.0,0.0,0.0,0.0,0.621229,0.9375,,,,
candidate_selector,results\public_benchmark_v1_ext33_m2_18_styleaware_selector_v2\candidate_selector_dataset.csv,txt_001,Rendered text,AI,auto_r10_c20,auto_running,candidate_non_teacher,0,0,0.25,non_teacher_candidate,line_text_skeleton,excellent,0.01645644,2.0,0.0,0.0,0.0,0.621229,0.9375,,,,
candidate_selector,results\public_benchmark_v1_ext33_m2_18_styleaware_selector_v2\candidate_selector_dataset.csv,txt_001,Rendered text,AI,auto_r125_c16,auto_running,candidate_non_teacher,0,0,0.25,non_teacher_candidate,line_text_skeleton,excellent,0.01645644,2.0,0.0,0.0,0.0,0.621229,0.9375,,,,
candidate_selector,results\public_benchmark_v1_ext33_m2_18_styleaware_selector_v2\candidate_selector_dataset.csv,txt_001,Rendered text,AI,auto_r125_c20,auto_running,candidate_non_teacher,0,0,0.25,non_teacher_candidate,line_text_skeleton,excellent,0.01645644,2.0,0.0,0.0,0.0,0.621229,0.9375,,,,
candidate_selector,results\public_benchmark_v1_ext33_m2_18_styleaware_selector_v2\candidate_selector_dataset.csv,txt_001,Rendered text,AI,auto_skel_c12,running_line,candidate_non_teacher,0,0,0.25,non_teacher_candidate,line_text_skeleton,excellent,0.01645644,2.0,0.0,0.0,0.0,0.621229,0.9375,,,,
candidate_selector,results\public_benchmark_v1_ext33_m2_18_styleaware_selector_v2\candidate_selector_dataset.csv,txt_001,Rendered text,AI,skeleton_c20_m4,running_line,candidate_non_teacher,0,0,0.25,non_teacher_candidate,line_text_skeleton,excellent,0.01645644,2.0,0.0,0.0,0.0,0.621229,0.9375,,,,
candidate_selector,results\public_benchmark_v1_ext33_m2_18_styleaware_selector_v2\candidate_selector_dataset.csv,txt_001,Rendered text,AI,skeleton_c30_m4,running_line,candidate_non_teacher,0,0,0.25,non_teacher_candidate,line_text_skeleton,excellent,0.01645644,2.0,0.0,0.0,0.0,0.621229,0.9375,,,,
candidate_selector,results\public_benchmark_v1_ext33_m2_18_styleaware_selector_v2\candidate_selector_dataset.csv,txt_001,Rendered text,AI,skeleton_c30_m8,running_line,candidate_non_teacher,0,0,0.25,non_teacher_candidate,line_text_skeleton,excellent,0.01645644,2.0,0.0,0.0,0.0,0.621229,0.9375,,,,
candidate_selector,results\public_benchmark_v1_ext33_m2_18_styleaware_selector_v2\candidate_selector_dataset.csv,txt_001,Rendered text,AI,skeleton_c30_m12,running_line,candidate_non_teacher,0,0,0.25,non_teacher_candidate,line_text_skeleton,excellent,0.01645644,2.0,0.0,0.0,0.0,0.621229,0.9375,,,,
candidate_selector,results\public_benchmark_v1_ext33_m2_18_styleaware_selector_v2\candidate_selector_dataset.csv,txt_001,Rendered text,AI,skeleton_c30_m20,running_line,candidate_non_teacher,0,0,0.25,non_teacher_candidate,line_text_skeleton,excellent,0.01645644,2.0,0.0,0.0,0.0,0.474218,0.942234,,,,
candidate_selector,results\public_benchmark_v1_ext33_m2_18_styleaware_selector_v2\candidate_selector_dataset.csv,txt_001,Rendered text,AI,mask_fill_rows16_c6,fill_tatami_like,reject,0,1,0.75,hard_negative,line_text_skeleton,hard_fail,0.21325394,47.0,0.0,0.0,0.0,1.0,0.733602,,,,
candidate_selector,results\public_benchmark_v1_ext33_m2_18_styleaware_selector_v2\candidate_selector_dataset.csv,txt_001,Rendered text,AI,mask_fill_edgewalk_rows16_p40,fill_tatami_like,fill_tatami_like,1,0,1.0,oracle_choice,line_text_skeleton,excellent,0.008,1.0,0.0,0.0,0.0,1.0,0.646225,,,,
candidate_selector,results\public_benchmark_v1_ext33_m2_18_styleaware_selector_v2\candidate_selector_dataset.csv,txt_001,Rendered text,AI,mask_fill_edgewalk_outline_ext_in3_rows16_p40,outline_border,candidate_non_teacher,0,0,0.25,non_teacher_candidate,line_text_skeleton,excellent,0.008,1.0,0.0,0.0,0.0,1.0,0.64611,,,,
candidate_selector,results\public_benchmark_v1_ext33_m2_18_styleaware_selector_v2\candidate_selector_dataset.csv,txt_001,Rendered text,AI,mask_fill_edgewalk_styleaware_r008_d45,style_aware_mixed,candidate_non_teacher,0,0,0.25,non_teacher_candidate,line_text_skeleton,excellent,0.008,1.0,0.0,0.0,0.0,1.0,0.646225,,,,
candidate_selector,results\public_benchmark_v1_ext33_m2_18_styleaware_selector_v2\candidate_selector_dataset.csv,txt_002,Rendered text,DST,auto_evalrepair_r10_c20,auto_running,auto_running,1,0,1.0,oracle_choice,line_text_skeleton,excellent,0.04130528,5.0,0.0,0.0,0.0,0.674542,0.912433,,,,
candidate_selector,results\public_benchmark_v1_ext33_m2_18_styleaware_selector_v2\candidate_selector_dataset.csv,txt_002,Rendered text,DST,auto_r10_c16,auto_running,candidate_non_teacher,0,0,0.25,non_teacher_candidate,line_text_skeleton,excellent,0.05787229,7.0,0.0,0.0,0.0,0.661022,0.918929,,,,
candidate_selector,results\public_benchmark_v1_ext33_m2_18_styleaware_selector_v2\candidate_selector_dataset.csv,txt_002,Rendered text,DST,auto_r10_c20,auto_running,candidate_non_teacher,0,0,0.25,non_teacher_candidate,line_text_skeleton,excellent,0.04130528,5.0,0.0,0.0,0.0,0.674542,0.912433,,,,
candidate_selector,results\public_benchmark_v1_ext33_m2_18_styleaware_selector_v2\candidate_selector_dataset.csv,txt_002,Rendered text,DST,auto_r125_c16,auto_running,candidate_non_teacher,0,0,0.25,non_teacher_candidate,line_text_skeleton,excellent,0.05787229,7.0,0.0,0.0,0.0,0.661022,0.918929,,,,
candidate_selector,results\public_benchmark_v1_ext33_m2_18_styleaware_selector_v2\candidate_selector_dataset.csv,txt_002,Rendered text,DST,auto_r125_c20,auto_running,candidate_non_teacher,0,0,0.25,non_teacher_candidate,line_text_skeleton,excellent,0.04130528,5.0,0.0,0.0,0.0,0.674542,0.912433,,,,
candidate_selector,results\public_benchmark_v1_ext33_m2_18_styleaware_selector_v2\candidate_selector_dataset.csv,txt_002,Rendered text,DST,auto_skel_c12,running_line,candidate_non_teacher,0,0,0.25,non_teacher_candidate,line_text_skeleton,excellent,0.0743205,9.0,0.0,0.0,0.0,0.649822,0.930023,,,,
candidate_selector,results\public_benchmark_v1_ext33_m2_18_styleaware_selector_v2\candidate_selector_dataset.csv,txt_002,Rendered text,DST,skeleton_c20_m4,running_line,candidate_non_teacher,0,0,0.25,non_teacher_candidate,line_text_skeleton,excellent,0.04130528,5.0,0.0,0.0,0.0,0.674542,0.912433,,,,
candidate_selector,results\public_benchmark_v1_ext33_m2_18_styleaware_selector_v2\candidate_selector_dataset.csv,txt_002,Rendered text,DST,skeleton_c30_m4,running_line,candidate_non_teacher,0,0,0.25,non_teacher_candidate,line_text_skeleton,excellent,0.04130528,5.0,0.0,0.0,0.0,0.674542,0.912433,,,,
candidate_selector,results\public_benchmark_v1_ext33_m2_18_styleaware_selector_v2\candidate_selector_dataset.csv,txt_002,Rendered text,DST,skeleton_c30_m8,running_line,candidate_non_teacher,0,0,0.25,non_teacher_candidate,line_text_skeleton,excellent,0.04130528,5.0,0.0,0.0,0.0,0.67304,0.909393,,,,
candidate_selector,results\public_benchmark_v1_ext33_m2_18_styleaware_selector_v2\candidate_selector_dataset.csv,txt_002,Rendered text,DST,skeleton_c30_m12,running_line,candidate_non_teacher,0,0,0.25,non_teacher_candidate,line_text_skeleton,excellent,0.04130528,5.0,0.0,0.0,0.0,0.662524,0.908427,,,,
candidate_selector,results\public_benchmark_v1_ext33_m2_18_styleaware_selector_v2\candidate_selector_dataset.csv,txt_002,Rendered text,DST,skeleton_c30_m20,running_line,candidate_non_teacher,0,0,0.25,non_teacher_candidate,line_text_skeleton,excellent,0.04130528,5.0,0.0,0.0,0.0,0.662524,0.908427,,,,
candidate_selector,results\public_benchmark_v1_ext33_m2_18_styleaware_selector_v2\candidate_selector_dataset.csv,txt_002,Rendered text,DST,mask_fill_rows16_c6,fill_tatami_like,reject,0,1,0.75,hard_negative,line_text_skeleton,hard_fail,0.24886555,63.0,5.0,0.0,0.0,1.0,0.744787,,,,
candidate_selector,results\public_benchmark_v1_ext33_m2_18_styleaware_selector_v2\candidate_selector_dataset.csv,txt_002,Rendered text,DST,mask_fill_edgewalk_rows16_p40,fill_tatami_like,candidate_non_teacher,0,0,0.25,non_teacher_candidate,line_text_skeleton,excellent,0.0475234,5.0,1.0,0.0,0.0,1.0,0.691015,,,,
candidate_selector,results\public_benchmark_v1_ext33_m2_18_styleaware_selector_v2\candidate_selector_dataset.csv,txt_002,Rendered text,DST,mask_fill_edgewalk_outline_ext_in3_rows16_p40,outline_border,candidate_non_teacher,0,0,0.25,non_teacher_candidate,line_text_skeleton,excellent,0.06408565,7.0,1.0,0.0,0.0,1.0,0.679221,,,,
candidate_selector,results\public_benchmark_v1_ext33_m2_18_styleaware_selector_v2\candidate_selector_dataset.csv,txt_002,Rendered text,DST,mask_fill_edgewalk_styleaware_r008_d45,style_aware_mixed,candidate_non_teacher,0,0,0.25,non_teacher_candidate,line_text_skeleton,excellent,0.05561601,6.0,1.0,0.0,0.0,0.727943,0.813492,,,,
candidate_selector,results\public_benchmark_v1_ext33_m2_18_styleaware_selector_v2\candidate_selector_dataset.csv,txt_003,Rendered text,WKU,auto_evalrepair_r10_c20,auto_running,candidate_non_teacher,0,0,0.25,non_teacher_candidate,line_text_skeleton,excellent,0.04955262,6.0,0.0,0.0,0.0,0.594058,0.936261,,,,
candidate_selector,results\public_benchmark_v1_ext33_m2_18_styleaware_selector_v2\candidate_selector_dataset.csv,txt_003,Rendered text,WKU,auto_r10_c16,auto_running,candidate_non_teacher,0,0,0.25,non_teacher_candidate,line_text_skeleton,excellent,0.04955262,6.0,0.0,0.0,0.0,0.594058,0.936261,,,,
candidate_selector,results\public_benchmark_v1_ext33_m2_18_styleaware_selector_v2\candidate_selector_dataset.csv,txt_003,Rendered text,WKU,auto_r10_c20,auto_running,candidate_non_teacher,0,0,0.25,non_teacher_candidate,line_text_skeleton,excellent,0.04955262,6.0,0.0,0.0,0.0,0.594058,0.936261,,,,
candidate_selector,results\public_benchmark_v1_ext33_m2_18_styleaware_selector_v2\candidate_selector_dataset.csv,txt_003,Rendered text,WKU,auto_r125_c16,auto_running,candidate_non_teacher,0,0,0.25,non_teacher_candidate,line_text_skeleton,excellent,0.04955262,6.0,0.0,0.0,0.0,0.594058,0.936261,,,,
candidate_selector,results\public_benchmark_v1_ext33_m2_18_styleaware_selector_v2\candidate_selector_dataset.csv,txt_003,Rendered text,WKU,auto_r125_c20,auto_running,candidate_non_teacher,0,0,0.25,non_teacher_candidate,line_text_skeleton,excellent,0.04955262,6.0,0.0,0.0,0.0,0.594058,0.936261,,,,
candidate_selector,results\public_benchmark_v1_ext33_m2_18_styleaware_selector_v2\candidate_selector_dataset.csv,txt_003,Rendered text,WKU,auto_skel_c12,running_line,candidate_non_teacher,0,0,0.25,non_teacher_candidate,line_text_skeleton,excellent,0.04955262,6.0,0.0,0.0,0.0,0.594058,0.936261,,,,
candidate_selector,results\public_benchmark_v1_ext33_m2_18_styleaware_selector_v2\candidate_selector_dataset.csv,txt_003,Rendered text,WKU,skeleton_c20_m4,running_line,candidate_non_teacher,0,0,0.25,non_teacher_candidate,line_text_skeleton,excellent,0.04955262,6.0,0.0,0.0,0.0,0.594058,0.936261,,,,
candidate_selector,results\public_benchmark_v1_ext33_m2_18_styleaware_selector_v2\candidate_selector_dataset.csv,txt_003,Rendered text,WKU,skeleton_c30_m4,running_line,running_line,1,0,1.0,oracle_choice,line_text_skeleton,excellent,0.03285763,4.0,0.0,0.0,0.0,0.609455,0.923899,,,,
candidate_selector,results\public_benchmark_v1_ext33_m2_18_styleaware_selector_v2\candidate_selector_dataset.csv,txt_003,Rendered text,WKU,skeleton_c30_m8,running_line,candidate_non_teacher,0,0,0.25,non_teacher_candidate,line_text_skeleton,excellent,0.03285763,4.0,0.0,0.0,0.0,0.609455,0.923899,,,,
candidate_selector,results\public_benchmark_v1_ext33_m2_18_styleaware_selector_v2\candidate_selector_dataset.csv,txt_003,Rendered text,WKU,skeleton_c30_m12,running_line,candidate_non_teacher,0,0,0.25,non_teacher_candidate,line_text_skeleton,excellent,0.03285763,4.0,0.0,0.0,0.0,0.589288,0.921499,,,,
candidate_selector,results\public_benchmark_v1_ext33_m2_18_styleaware_selector_v2\candidate_selector_dataset.csv,txt_003,Rendered text,WKU,skeleton_c30_m20,running_line,candidate_non_teacher,0,0,0.25,non_teacher_candidate,line_text_skeleton,excellent,0.03285763,4.0,0.0,0.0,0.0,0.589288,0.921499,,,,
candidate_selector,results\public_benchmark_v1_ext33_m2_18_styleaware_selector_v2\candidate_selector_dataset.csv,txt_003,Rendered text,WKU,mask_fill_rows16_c6,fill_tatami_like,reject,0,1,0.75,hard_negative,line_text_skeleton,hard_fail,0.28535907,162.0,7.0,0.0,0.0,1.0,0.73625,,,,
candidate_selector,results\public_benchmark_v1_ext33_m2_18_styleaware_selector_v2\candidate_selector_dataset.csv,txt_003,Rendered text,WKU,mask_fill_edgewalk_rows16_p40,fill_tatami_like,reject,0,1,0.75,hard_negative,line_text_skeleton,hard_fail,0.28281557,46.0,7.0,1.1314,0.0,1.0,0.649461,,,,
candidate_selector,results\public_benchmark_v1_ext33_m2_18_styleaware_selector_v2\candidate_selector_dataset.csv,txt_003,Rendered text,WKU,mask_fill_edgewalk_outline_ext_in3_rows16_p40,outline_border,reject,0,1,0.75,hard_negative,line_text_skeleton,hard_fail,0.29880704,57.0,9.0,1.1314,0.0,1.0,0.649461,,,,
candidate_selector,results\public_benchmark_v1_ext33_m2_18_styleaware_selector_v2\candidate_selector_dataset.csv,txt_003,Rendered text,WKU,mask_fill_edgewalk_styleaware_r008_d45,style_aware_mixed,reject,0,1,0.75,hard_negative,line_text_skeleton,hard_fail,0.28281557,46.0,7.0,1.1314,0.0,1.0,0.649461,,,,
candidate_selector,results\public_benchmark_v1_ext33_m2_18_styleaware_selector_v2\candidate_selector_dataset.csv,txt_004,Rendered text,2026,auto_evalrepair_r10_c20,auto_running,auto_running,1,0,1.0,oracle_choice,line_text_skeleton,excellent,0.08885311,10.0,1.0,0.0,0.0,0.651574,0.912042,,,,
candidate_selector,results\public_benchmark_v1_ext33_m2_18_styleaware_selector_v2\candidate_selector_dataset.csv,txt_004,Rendered text,2026,auto_r10_c16,auto_running,candidate_non_teacher,0,0,0.25,non_teacher_candidate,line_text_skeleton,excellent,0.08885311,10.0,1.0,0.0,0.0,0.651574,0.912042,,,,
candidate_selector,results\public_benchmark_v1_ext33_m2_18_styleaware_selector_v2\candidate_selector_dataset.csv,txt_004,Rendered text,2026,auto_r10_c20,auto_running,candidate_non_teacher,0,0,0.25,non_teacher_candidate,line_text_skeleton,excellent,0.08885311,10.0,1.0,0.0,0.0,0.651574,0.912042,,,,
candidate_selector,results\public_benchmark_v1_ext33_m2_18_styleaware_selector_v2\candidate_selector_dataset.csv,txt_004,Rendered text,2026,auto_r125_c16,auto_running,candidate_non_teacher,0,0,0.25,non_teacher_candidate,line_text_skeleton,excellent,0.08885311,10.0,1.0,0.0,0.0,0.651574,0.912042,,,,
candidate_selector,results\public_benchmark_v1_ext33_m2_18_styleaware_selector_v2\candidate_selector_dataset.csv,txt_004,Rendered text,2026,auto_r125_c20,auto_running,candidate_non_teacher,0,0,0.25,non_teacher_candidate,line_text_skeleton,excellent,0.08885311,10.0,1.0,0.0,0.0,0.651574,0.912042,,,,
candidate_selector,results\public_benchmark_v1_ext33_m2_18_styleaware_selector_v2\candidate_selector_dataset.csv,txt_004,Rendered text,2026,auto_skel_c12,running_line,candidate_non_teacher,0,0,0.25,non_teacher_candidate,line_text_skeleton,pass,0.12179899,14.0,1.0,0.0,0.0,0.639867,0.954216,,,,
candidate_selector,results\public_benchmark_v1_ext33_m2_18_styleaware_selector_v2\candidate_selector_dataset.csv,txt_004,Rendered text,2026,skeleton_c20_m4,running_line,candidate_non_teacher,0,0,0.25,non_teacher_candidate,line_text_skeleton,excellent,0.08885311,10.0,1.0,0.0,0.0,0.651574,0.912042,,,,
candidate_selector,results\public_benchmark_v1_ext33_m2_18_styleaware_selector_v2\candidate_selector_dataset.csv,txt_004,Rendered text,2026,skeleton_c30_m4,running_line,candidate_non_teacher,0,0,0.25,non_teacher_candidate,line_text_skeleton,excellent,0.08885311,10.0,1.0,0.0,0.0,0.651574,0.912042,,,,
candidate_selector,results\public_benchmark_v1_ext33_m2_18_styleaware_selector_v2\candidate_selector_dataset.csv,txt_004,Rendered text,2026,skeleton_c30_m8,running_line,reject,0,1,0.75,hard_negative,line_text_skeleton,excellent,0.10256911,10.0,1.0,0.6096,0.0,0.632689,0.934736,,,,
candidate_selector,results\public_benchmark_v1_ext33_m2_18_styleaware_selector_v2\candidate_selector_dataset.csv,txt_004,Rendered text,2026,skeleton_c30_m12,running_line,reject,0,1,0.75,hard_negative,line_text_skeleton,excellent,0.10257221,10.0,1.0,0.6096,0.0,0.619658,0.933455,,,,
candidate_selector,results\public_benchmark_v1_ext33_m2_18_styleaware_selector_v2\candidate_selector_dataset.csv,txt_004,Rendered text,2026,skeleton_c30_m20,running_line,reject,0,1,0.75,hard_negative,line_text_skeleton,excellent,0.10257221,10.0,1.0,0.6096,0.0,0.619658,0.933455,,,,
candidate_selector,results\public_benchmark_v1_ext33_m2_18_styleaware_selector_v2\candidate_selector_dataset.csv,txt_004,Rendered text,2026,mask_fill_rows16_c6,fill_tatami_like,reject,0,1,0.75,hard_negative,line_text_skeleton,hard_fail,0.29373988,137.0,9.0,0.0,0.0,1.0,0.744961,,,,
candidate_selector,results\public_benchmark_v1_ext33_m2_18_styleaware_selector_v2\candidate_selector_dataset.csv,txt_004,Rendered text,2026,mask_fill_edgewalk_rows16_p40,fill_tatami_like,reject,0,1,0.75,hard_negative,line_text_skeleton,hard_fail,0.27081188,50.0,9.0,0.0,0.0,1.0,0.669501,,,,
candidate_selector,results\public_benchmark_v1_ext33_m2_18_styleaware_selector_v2\candidate_selector_dataset.csv,txt_004,Rendered text,2026,mask_fill_edgewalk_outline_ext_in3_rows16_p40,outline_border,reject,0,1,0.75,hard_negative,line_text_skeleton,hard_fail,0.27850148,55.0,10.0,0.0,0.0,1.0,0.665858,,,,
candidate_selector,results\public_benchmark_v1_ext33_m2_18_styleaware_selector_v2\candidate_selector_dataset.csv,txt_004,Rendered text,2026,mask_fill_edgewalk_styleaware_r008_d45,style_aware_mixed,reject,0,1,0.75,hard_negative,line_text_skeleton,hard_fail,0.27081188,50.0,9.0,0.0,0.0,1.0,0.669501,,,,
candidate_selector,results\public_benchmark_v1_ext33_m2_18_styleaware_selector_v2\candidate_selector_dataset.csv,txt_005,Rendered text,HELLO,auto_evalrepair_r10_c20,auto_running,candidate_non_teacher,0,0,0.25,non_teacher_candidate,line_text_skeleton,excellent,0.07470171,9.0,0.0,0.0,0.0,0.691275,0.873939,,,,
candidate_selector,results\public_benchmark_v1_ext33_m2_18_styleaware_selector_v2\candidate_selector_dataset.csv,txt_005,Rendered text,HELLO,auto_r10_c16,auto_running,candidate_non_teacher,0,0,0.25,non_teacher_candidate,line_text_skeleton,pass,0.10783794,13.0,0.0,0.0,0.0,0.671674,0.90239,,,,
candidate_selector,results\public_benchmark_v1_ext33_m2_18_styleaware_selector_v2\candidate_selector_dataset.csv,txt_005,Rendered text,HELLO,auto_r10_c20,auto_running,candidate_non_teacher,0,0,0.25,non_teacher_candidate,line_text_skeleton,excellent,0.07470171,9.0,0.0,0.0,0.0,0.691275,0.873939,,,,
candidate_selector,results\public_benchmark_v1_ext33_m2_18_styleaware_selector_v2\candidate_selector_dataset.csv,txt_005,Rendered text,HELLO,auto_r125_c16,auto_running,candidate_non_teacher,0,0,0.25,non_teacher_candidate,line_text_skeleton,pass,0.10783794,13.0,0.0,0.0,0.0,0.671674,0.90239,,,,
candidate_selector,results\public_benchmark_v1_ext33_m2_18_styleaware_selector_v2\candidate_selector_dataset.csv,txt_005,Rendered text,HELLO,auto_r125_c20,auto_running,candidate_non_teacher,0,0,0.25,non_teacher_candidate,line_text_skeleton,excellent,0.07470171,9.0,0.0,0.0,0.0,0.691275,0.873939,,,,
candidate_selector,results\public_benchmark_v1_ext33_m2_18_styleaware_selector_v2\candidate_selector_dataset.csv,txt_005,Rendered text,HELLO,auto_skel_c12,running_line,candidate_non_teacher,0,0,0.25,non_teacher_candidate,line_text_skeleton,warning,0.13268864,16.0,0.0,0.0,0.0,0.652924,0.909617,,,,
candidate_selector,results\public_benchmark_v1_ext33_m2_18_styleaware_selector_v2\candidate_selector_dataset.csv,txt_005,Rendered text,HELLO,skeleton_c20_m4,running_line,candidate_non_teacher,0,0,0.25,non_teacher_candidate,line_text_skeleton,excellent,0.07470171,9.0,0.0,0.0,0.0,0.691275,0.873939,,,,
candidate_selector,results\public_benchmark_v1_ext33_m2_18_styleaware_selector_v2\candidate_selector_dataset.csv,txt_005,Rendered text,HELLO,skeleton_c30_m4,running_line,running_line,1,0,1.0,oracle_choice,line_text_skeleton,excellent,0.05804891,7.0,0.0,0.0,0.0,0.71109,0.860291,,,,
candidate_selector,results\public_benchmark_v1_ext33_m2_18_styleaware_selector_v2\candidate_selector_dataset.csv,txt_005,Rendered text,HELLO,skeleton_c30_m8,running_line,candidate_non_teacher,0,0,0.25,non_teacher_candidate,line_text_skeleton,excellent,0.05804891,7.0,0.0,0.0,0.0,0.71109,0.860291,,,,
candidate_selector,results\public_benchmark_v1_ext33_m2_18_styleaware_selector_v2\candidate_selector_dataset.csv,txt_005,Rendered text,HELLO,skeleton_c30_m12,running_line,candidate_non_teacher,0,0,0.25,non_teacher_candidate,line_text_skeleton,excellent,0.05804891,7.0,0.0,0.0,0.0,0.71109,0.860291,,,,
candidate_selector,results\public_benchmark_v1_ext33_m2_18_styleaware_selector_v2\candidate_selector_dataset.csv,txt_005,Rendered text,HELLO,skeleton_c30_m20,running_line,candidate_non_teacher,0,0,0.25,non_teacher_candidate,line_text_skeleton,excellent,0.05804891,7.0,0.0,0.0,0.0,0.681368,0.858178,,,,
candidate_selector,results\public_benchmark_v1_ext33_m2_18_styleaware_selector_v2\candidate_selector_dataset.csv,txt_005,Rendered text,HELLO,mask_fill_rows16_c6,fill_tatami_like,reject,0,1,0.75,hard_negative,line_text_skeleton,hard_fail,0.23286489,66.0,2.0,0.0,0.0,0.999893,0.72367,,,,
candidate_selector,results\public_benchmark_v1_ext33_m2_18_styleaware_selector_v2\candidate_selector_dataset.csv,txt_005,Rendered text,HELLO,mask_fill_edgewalk_rows16_p40,fill_tatami_like,candidate_non_teacher,0,0,0.25,non_teacher_candidate,line_text_skeleton,warning,0.170415,19.0,2.0,0.0,0.0,0.999893,0.677543,,,,
candidate_selector,results\public_benchmark_v1_ext33_m2_18_styleaware_selector_v2\candidate_selector_dataset.csv,txt_005,Rendered text,HELLO,mask_fill_edgewalk_outline_ext_in3_rows16_p40,outline_border,candidate_non_teacher,0,0,0.25,non_teacher_candidate,line_text_skeleton,warning,0.18677087,21.0,2.0,0.0,0.0,1.0,0.668685,,,,
candidate_selector,results\public_benchmark_v1_ext33_m2_18_styleaware_selector_v2\candidate_selector_dataset.csv,txt_005,Rendered text,HELLO,mask_fill_edgewalk_styleaware_r008_d45,style_aware_mixed,candidate_non_teacher,0,0,0.25,non_teacher_candidate,line_text_skeleton,pass,0.1205728,13.0,2.0,0.0,0.0,0.909236,0.723244,,,,
stitch_type_teacher,results\public_benchmark_v1_ext33_m2_75_stitch_type_teacher_dataset\stitch_type_candidate_rows.csv,ocp_001,Openclipart,flower,base_keep,base_keep,base_keep,1,0,1.0,m2_74_teacher_choice,flat_icon_fill,base_keep,0.08927397,10.0,1.0,0.0,0.0,0.988461,0.833711,1,0,0.22,0.0
stitch_type_teacher,results\public_benchmark_v1_ext33_m2_75_stitch_type_teacher_dataset\stitch_type_candidate_rows.csv,ocp_001,Openclipart,flower,satinrail_safeadt_light,satin_like,reject,0,1,0.75,professional_gate_reject,flat_icon_fill,loss_increase,0.15391877,17.0,2.0,0.0,0.0,0.988461,0.8312,0,0,1.28,1.06
stitch_type_teacher,results\public_benchmark_v1_ext33_m2_75_stitch_type_teacher_dataset\stitch_type_candidate_rows.csv,ocp_001,Openclipart,flower,dtsatin_safeadt_light,satin_like,reject,0,1,0.75,professional_gate_reject,flat_icon_fill,loss_increase,0.15392266,17.0,2.0,0.0,0.0,0.988461,0.830471,0,0,1.33,1.11
stitch_type_teacher,results\public_benchmark_v1_ext33_m2_75_stitch_type_teacher_dataset\stitch_type_candidate_rows.csv,ocp_001,Openclipart,flower,satinrail_w4_s18_i4_cap40,satin_like,reject,0,1,0.75,professional_gate_reject,flat_icon_fill,loss_increase,0.15391362,17.0,2.0,0.0,0.0,0.988461,0.832523,0,0,0.72,0.5
stitch_type_teacher,results\public_benchmark_v1_ext33_m2_75_stitch_type_teacher_dataset\stitch_type_candidate_rows.csv,ocp_001,Openclipart,flower,satinrail_w5_s16_i5_cap45,satin_like,reject,0,1,0.75,professional_gate_reject,flat_icon_fill,loss_increase,0.1539098,17.0,2.0,0.0,0.0,0.988461,0.833396,0,0,0.87,0.65
stitch_type_teacher,results\public_benchmark_v1_ext33_m2_75_stitch_type_teacher_dataset\stitch_type_candidate_rows.csv,ocp_002,Openclipart,butterfly,base_keep,base_keep,base_keep,1,0,1.0,m2_74_teacher_choice,flat_icon_fill,base_keep,0.01645384,2.0,0.0,0.0,0.0,0.971346,0.943255,1,0,0.084,0.0
stitch_type_teacher,results\public_benchmark_v1_ext33_m2_75_stitch_type_teacher_dataset\stitch_type_candidate_rows.csv,ocp_002,Openclipart,butterfly,satinrail_safeadt_light,satin_like,reject,0,1,0.75,professional_gate_reject,flat_icon_fill,precision_drop_too_large,0.03273498,4.0,0.0,0.0,0.0,0.989665,0.894185,0,0,1.136,1.052
stitch_type_teacher,results\public_benchmark_v1_ext33_m2_75_stitch_type_teacher_dataset\stitch_type_candidate_rows.csv,ocp_002,Openclipart,butterfly,dtsatin_safeadt_light,satin_like,reject,0,1,0.75,professional_gate_reject,flat_icon_fill,precision_drop_too_large,0.03276615,4.0,0.0,0.0,0.0,0.991281,0.892249,0,0,1.156,1.072
stitch_type_teacher,results\public_benchmark_v1_ext33_m2_75_stitch_type_teacher_dataset\stitch_type_candidate_rows.csv,ocp_002,Openclipart,butterfly,satinrail_w4_s18_i4_cap40,satin_like,reject,0,1,0.75,professional_gate_reject,flat_icon_fill,precision_drop_too_large,0.03276581,4.0,0.0,0.0,0.0,0.988489,0.897731,0,0,0.596,0.512
stitch_type_teacher,results\public_benchmark_v1_ext33_m2_75_stitch_type_teacher_dataset\stitch_type_candidate_rows.csv,ocp_002,Openclipart,butterfly,satinrail_w5_s16_i5_cap45,satin_like,reject,0,1,0.75,professional_gate_reject,flat_icon_fill,precision_drop_too_large,0.03285725,4.0,0.0,0.0,0.0,0.988391,0.898802,0,0,0.726,0.642
stitch_type_teacher,results\public_benchmark_v1_ext33_m2_75_stitch_type_teacher_dataset\stitch_type_candidate_rows.csv,ocp_003,Openclipart,cat,base_keep,base_keep,base_keep,1,0,1.0,m2_74_teacher_choice,flat_icon_fill,base_keep,0.03313396,4.0,0.0,0.0,0.0,0.995802,0.933175,1,0,0.106,0.0
stitch_type_teacher,results\public_benchmark_v1_ext33_m2_75_stitch_type_teacher_dataset\stitch_type_candidate_rows.csv,ocp_003,Openclipart,cat,satinrail_safeadt_light,satin_like,reject,0,1,0.75,professional_gate_reject,flat_icon_fill,jump_increase,0.14584925,16.0,2.0,0.0,0.0,0.99839,0.898975,0,0,1.138,1.032
stitch_type_teacher,results\public_benchmark_v1_ext33_m2_75_stitch_type_teacher_dataset\stitch_type_candidate_rows.csv,ocp_003,Openclipart,cat,dtsatin_safeadt_light,satin_like,reject,0,1,0.75,professional_gate_reject,flat_icon_fill,jump_increase,0.14584116,16.0,2.0,0.0,0.0,0.998677,0.900259,0,0,1.178,1.072
stitch_type_teacher,results\public_benchmark_v1_ext33_m2_75_stitch_type_teacher_dataset\stitch_type_candidate_rows.csv,ocp_003,Openclipart,cat,satinrail_w4_s18_i4_cap40,satin_like,reject,0,1,0.75,professional_gate_reject,flat_icon_fill,jump_increase,0.1458393,16.0,2.0,0.0,0.0,0.996377,0.906883,0,0,0.678,0.572
stitch_type_teacher,results\public_benchmark_v1_ext33_m2_75_stitch_type_teacher_dataset\stitch_type_candidate_rows.csv,ocp_003,Openclipart,cat,satinrail_w5_s16_i5_cap45,satin_like,reject,0,1,0.75,professional_gate_reject,flat_icon_fill,jump_increase,0.1458319,16.0,2.0,0.0,0.0,0.994997,0.909722,0,0,0.798,0.692
stitch_type_teacher,results\public_benchmark_v1_ext33_m2_75_stitch_type_teacher_dataset\stitch_type_candidate_rows.csv,ocp_004,Openclipart,koi_fish,base_keep,base_keep,base_keep,1,0,1.0,m2_74_teacher_choice,flat_icon_fill,base_keep,0.06662868,6.0,1.0,0.4955,0.0,0.998581,0.870697,1,0,0.118,0.0
stitch_type_teacher,results\public_benchmark_v1_ext33_m2_75_stitch_type_teacher_dataset\stitch_type_candidate_rows.csv,ocp_004,Openclipart,koi_fish,satinrail_safeadt_light,satin_like,reject,0,1,0.75,professional_gate_reject,flat_icon_fill,loss_increase,0.11179358,12.0,2.0,0.0,0.0,0.997903,0.87448,0,0,1.116,0.998
stitch_type_teacher,results\public_benchmark_v1_ext33_m2_75_stitch_type_teacher_dataset\stitch_type_candidate_rows.csv,ocp_004,Openclipart,koi_fish,dtsatin_safeadt_light,satin_like,reject,0,1,0.75,professional_gate_reject,flat_icon_fill,loss_increase,0.11179358,12.0,2.0,0.0,0.0,0.997471,0.886756,0,0,1.276,1.158
stitch_type_teacher,results\public_benchmark_v1_ext33_m2_75_stitch_type_teacher_dataset\stitch_type_candidate_rows.csv,ocp_004,Openclipart,koi_fish,satinrail_w4_s18_i4_cap40,satin_like,reject,0,1,0.75,professional_gate_reject,flat_icon_fill,loss_increase,0.11176779,12.0,2.0,0.0,0.0,0.996977,0.882157,0,0,0.686,0.568
stitch_type_teacher,results\public_benchmark_v1_ext33_m2_75_stitch_type_teacher_dataset\stitch_type_candidate_rows.csv,ocp_004,Openclipart,koi_fish,satinrail_w5_s16_i5_cap45,satin_like,reject,0,1,0.75,professional_gate_reject,flat_icon_fill,loss_increase,0.1117595,12.0,2.0,0.0,0.0,0.996546,0.88837,0,0,0.806,0.688
stitch_type_teacher,results\public_benchmark_v1_ext33_m2_75_stitch_type_teacher_dataset\stitch_type_candidate_rows.csv,ocp_005,Openclipart,public_domain_logo,base_keep,base_keep,candidate_non_teacher,0,0,0.25,allowed_non_teacher_candidate,flat_icon_fill,base_keep,0.03311236,4.0,0.0,0.0,0.0,1.0,0.964093,1,1,0.032,0.0
stitch_type_teacher,results\public_benchmark_v1_ext33_m2_75_stitch_type_teacher_dataset\stitch_type_candidate_rows.csv,ocp_005,Openclipart,public_domain_logo,satinrail_safeadt_light,satin_like,candidate_non_teacher,0,0,0.25,allowed_non_teacher_candidate,flat_icon_fill,professional_texture_allowed,0.03311525,4.0,0.0,0.0,0.0,1.0,0.954899,1,1,1.002,0.97
stitch_type_teacher,results\public_benchmark_v1_ext33_m2_75_stitch_type_teacher_dataset\stitch_type_candidate_rows.csv,ocp_005,Openclipart,public_domain_logo,dtsatin_safeadt_light,satin_like,satin_like,1,0,1.25,m2_74_teacher_choice,flat_icon_fill,professional_texture_allowed,0.03311525,4.0,0.0,0.0,0.0,1.0,0.9467,1,1,1.032,1.0
stitch_type_teacher,results\public_benchmark_v1_ext33_m2_75_stitch_type_teacher_dataset\stitch_type_candidate_rows.csv,ocp_005,Openclipart,public_domain_logo,satinrail_w4_s18_i4_cap40,satin_like,candidate_non_teacher,0,0,0.25,allowed_non_teacher_candidate,flat_icon_fill,professional_texture_allowed,0.03311525,4.0,0.0,0.0,0.0,1.0,0.961455,1,1,0.552,0.52
stitch_type_teacher,results\public_benchmark_v1_ext33_m2_75_stitch_type_teacher_dataset\stitch_type_candidate_rows.csv,ocp_005,Openclipart,public_domain_logo,satinrail_w5_s16_i5_cap45,satin_like,candidate_non_teacher,0,0,0.25,allowed_non_teacher_candidate,flat_icon_fill,professional_texture_allowed,0.03311525,4.0,0.0,0.0,0.0,1.0,0.964093,1,1,0.712,0.68
stitch_type_teacher,results\public_benchmark_v1_ext33_m2_75_stitch_type_teacher_dataset\stitch_type_candidate_rows.csv,ocp_006,Openclipart,butterfly_2,base_keep,base_keep,base_keep,1,1,1.0,m2_74_teacher_choice,flat_icon_fill,base_keep,0.0459051,3.0,0.0,0.9428,0.0,0.988768,0.92991,1,0,0.0,0.0
stitch_type_teacher,results\public_benchmark_v1_ext33_m2_75_stitch_type_teacher_dataset\stitch_type_candidate_rows.csv,ocp_006,Openclipart,butterfly_2,satinrail_safeadt_light,satin_like,reject,0,1,0.75,professional_gate_reject,flat_icon_fill,loss_increase,0.09398936,8.0,1.0,0.9428,0.0,0.989506,0.92703,0,0,1.152,1.152
stitch_type_teacher,results\public_benchmark_v1_ext33_m2_75_stitch_type_teacher_dataset\stitch_type_candidate_rows.csv,ocp_006,Openclipart,butterfly_2,dtsatin_safeadt_light,satin_like,reject,0,1,0.75,professional_gate_reject,flat_icon_fill,loss_increase,0.09401352,8.0,1.0,0.9428,0.0,0.989342,0.926449,0,0,1.212,1.212
stitch_type_teacher,results\public_benchmark_v1_ext33_m2_75_stitch_type_teacher_dataset\stitch_type_candidate_rows.csv,ocp_006,Openclipart,butterfly_2,satinrail_w4_s18_i4_cap40,satin_like,reject,0,1,0.75,professional_gate_reject,flat_icon_fill,loss_increase,0.09398197,8.0,1.0,0.9428,0.0,0.989219,0.928544,0,0,0.662,0.662
stitch_type_teacher,results\public_benchmark_v1_ext33_m2_75_stitch_type_teacher_dataset\stitch_type_candidate_rows.csv,ocp_006,Openclipart,butterfly_2,satinrail_w5_s16_i5_cap45,satin_like,reject,0,1,0.75,professional_gate_reject,flat_icon_fill,loss_increase,0.09397214,8.0,1.0,0.9428,0.0,0.98885,0.929879,0,0,0.762,0.762
stitch_type_teacher,results\public_benchmark_v1_ext33_m2_75_stitch_type_teacher_dataset\stitch_type_candidate_rows.csv,ocp_007,Openclipart,sitting_cat,base_keep,base_keep,base_keep,1,0,1.0,m2_74_teacher_choice,flat_icon_fill,base_keep,0.0445497,4.0,0.0,0.4955,0.0,1.0,0.874258,1,0,0.0,0.0
stitch_type_teacher,results\public_benchmark_v1_ext33_m2_75_stitch_type_teacher_dataset\stitch_type_candidate_rows.csv,ocp_007,Openclipart,sitting_cat,satinrail_safeadt_light,satin_like,reject,0,1,0.75,professional_gate_reject,flat_icon_fill,off_mask_increase,0.15056516,15.0,2.0,0.59,0.0,1.0,0.895518,0,0,1.246,1.246
stitch_type_teacher,results\public_benchmark_v1_ext33_m2_75_stitch_type_teacher_dataset\stitch_type_candidate_rows.csv,ocp_007,Openclipart,sitting_cat,dtsatin_safeadt_light,satin_like,reject,0,1,0.75,professional_gate_reject,flat_icon_fill,off_mask_increase,0.15001841,15.0,2.0,0.5657,0.0,0.999652,0.903979,0,0,1.246,1.246
stitch_type_teacher,results\public_benchmark_v1_ext33_m2_75_stitch_type_teacher_dataset\stitch_type_candidate_rows.csv,ocp_007,Openclipart,sitting_cat,satinrail_w4_s18_i4_cap40,satin_like,reject,0,1,0.75,professional_gate_reject,flat_icon_fill,jump_increase,0.13729016,15.0,2.0,0.0,0.0,0.999739,0.900725,0,0,0.696,0.696
stitch_type_teacher,results\public_benchmark_v1_ext33_m2_75_stitch_type_teacher_dataset\stitch_type_candidate_rows.csv,ocp_007,Openclipart,sitting_cat,satinrail_w5_s16_i5_cap45,satin_like,reject,0,1,0.75,professional_gate_reject,flat_icon_fill,off_mask_increase,0.15001841,15.0,2.0,0.5657,0.0,0.999739,0.905376,0,0,0.846,0.846
stitch_type_teacher,results\public_benchmark_v1_ext33_m2_75_stitch_type_teacher_dataset\stitch_type_candidate_rows.csv,ocp_008,Openclipart,fish,base_keep,base_keep,base_keep,1,0,1.0,m2_74_teacher_choice,flat_icon_fill,base_keep,0.04416606,4.0,0.0,0.4955,0.0,1.0,0.807752,1,0,0.0,0.0
stitch_type_teacher,results\public_benchmark_v1_ext33_m2_75_stitch_type_teacher_dataset\stitch_type_candidate_rows.csv,ocp_008,Openclipart,fish,satinrail_safeadt_light,satin_like,reject,0,1,0.75,professional_gate_reject,flat_icon_fill,jump_increase,0.15309235,17.0,2.0,0.0,0.0,0.997466,0.850264,0,0,1.202,1.202
stitch_type_teacher,results\public_benchmark_v1_ext33_m2_75_stitch_type_teacher_dataset\stitch_type_candidate_rows.csv,ocp_008,Openclipart,fish,dtsatin_safeadt_light,satin_like,reject,0,1,0.75,professional_gate_reject,flat_icon_fill,jump_increase,0.16371738,17.0,2.0,0.4714,0.0,0.997747,0.854937,0,0,1.262,1.262
stitch_type_teacher,results\public_benchmark_v1_ext33_m2_75_stitch_type_teacher_dataset\stitch_type_candidate_rows.csv,ocp_008,Openclipart,fish,satinrail_w4_s18_i4_cap40,satin_like,reject,0,1,0.75,professional_gate_reject,flat_icon_fill,off_mask_increase,0.18453138,17.0,2.0,1.3977,0.0,0.997409,0.855556,0,0,0.732,0.732
stitch_type_teacher,results\public_benchmark_v1_ext33_m2_75_stitch_type_teacher_dataset\stitch_type_candidate_rows.csv,ocp_008,Openclipart,fish,satinrail_w5_s16_i5_cap45,satin_like,reject,0,1,0.75,professional_gate_reject,flat_icon_fill,jump_increase,0.15307082,17.0,2.0,0.0,0.0,0.997409,0.857212,0,0,0.802,0.802
stitch_type_teacher,results\public_benchmark_v1_ext33_m2_75_stitch_type_teacher_dataset\stitch_type_candidate_rows.csv,ocp_009,Openclipart,flower_2,base_keep,base_keep,base_keep,1,0,1.0,m2_74_teacher_choice,flat_icon_fill,base_keep,0.02474275,3.0,0.0,0.0,0.0,0.99727,0.765745,1,0,0.236,0.0
stitch_type_teacher,results\public_benchmark_v1_ext33_m2_75_stitch_type_teacher_dataset\stitch_type_candidate_rows.csv,ocp_009,Openclipart,flower_2,satinrail_safeadt_light,satin_like,reject,0,1,0.75,professional_gate_reject,flat_icon_fill,jump_increase,0.12880527,14.0,2.0,0.0,0.0,0.989991,0.778852,0,0,1.204,0.968
stitch_type_teacher,results\public_benchmark_v1_ext33_m2_75_stitch_type_teacher_dataset\stitch_type_candidate_rows.csv,ocp_009,Openclipart,flower_2,dtsatin_safeadt_light,satin_like,reject,0,1,0.75,professional_gate_reject,flat_icon_fill,jump_increase,0.14488443,16.0,2.0,0.0,0.0,0.990771,0.783632,0,0,1.314,1.078
stitch_type_teacher,results\public_benchmark_v1_ext33_m2_75_stitch_type_teacher_dataset\stitch_type_candidate_rows.csv,ocp_009,Openclipart,flower_2,satinrail_w4_s18_i4_cap40,satin_like,reject,0,1,0.75,professional_gate_reject,flat_icon_fill,jump_increase,0.12882154,14.0,2.0,0.0,0.0,0.988106,0.785644,0,0,0.854,0.618
stitch_type_teacher,results\public_benchmark_v1_ext33_m2_75_stitch_type_teacher_dataset\stitch_type_candidate_rows.csv,ocp_009,Openclipart,flower_2,satinrail_w5_s16_i5_cap45,satin_like,reject,0,1,0.75,professional_gate_reject,flat_icon_fill,loss_increase,0.08897456,10.0,1.0,0.0,0.0,0.988821,0.788658,0,0,0.984,0.748
stitch_type_teacher,results\public_benchmark_v1_ext33_m2_75_stitch_type_teacher_dataset\stitch_type_candidate_rows.csv,ocp_010,Openclipart,thought_bubble,base_keep,base_keep,base_keep,1,0,1.0,m2_74_teacher_choice,flat_icon_fill,base_keep,0.008,1.0,0.0,0.0,0.0,0.688911,0.988028,1,0,0.0,0.0
stitch_type_teacher,results\public_benchmark_v1_ext33_m2_75_stitch_type_teacher_dataset\stitch_type_candidate_rows.csv,ocp_010,Openclipart,thought_bubble,satinrail_safeadt_light,satin_like,reject,0,1,0.75,professional_gate_reject,flat_icon_fill,loss_increase,0.05579052,6.0,1.0,0.0,0.0,0.999635,0.93295,0,0,0.986,0.986
stitch_type_teacher,results\public_benchmark_v1_ext33_m2_75_stitch_type_teacher_dataset\stitch_type_candidate_rows.csv,ocp_010,Openclipart,thought_bubble,dtsatin_safeadt_light,satin_like,reject,0,1,0.75,professional_gate_reject,flat_icon_fill,loss_increase,0.05579052,6.0,1.0,0.0,0.0,1.0,0.93115,0,0,1.036,1.036
stitch_type_teacher,results\public_benchmark_v1_ext33_m2_75_stitch_type_teacher_dataset\stitch_type_candidate_rows.csv,ocp_010,Openclipart,thought_bubble,satinrail_w4_s18_i4_cap40,satin_like,reject,0,1,0.75,professional_gate_reject,flat_icon_fill,loss_increase,0.05579052,6.0,1.0,0.0,0.0,0.999407,0.934089,0,0,0.536,0.536
stitch_type_teacher,results\public_benchmark_v1_ext33_m2_75_stitch_type_teacher_dataset\stitch_type_candidate_rows.csv,ocp_010,Openclipart,thought_bubble,satinrail_w5_s16_i5_cap45,satin_like,reject,0,1,0.75,professional_gate_reject,flat_icon_fill,loss_increase,0.05579052,6.0,1.0,0.0,0.0,0.999179,0.935112,0,0,0.616,0.616
stitch_type_teacher,results\public_benchmark_v1_ext33_m2_75_stitch_type_teacher_dataset\stitch_type_candidate_rows.csv,omj_001,OpenMoji,heart,base_keep,base_keep,candidate_non_teacher,0,0,0.25,allowed_non_teacher_candidate,flat_icon_fill,base_keep,0.054,0.0,9.0,0.0,0.0,0.955519,0.917291,1,1,0.0,0.0
stitch_type_teacher,results\public_benchmark_v1_ext33_m2_75_stitch_type_teacher_dataset\stitch_type_candidate_rows.csv,omj_001,OpenMoji,heart,satinrail_safeadt_light,satin_like,candidate_non_teacher,0,0,0.25,allowed_non_teacher_candidate,flat_icon_fill,professional_texture_allowed,0.07242164,8.0,1.0,0.0,0.0,0.999643,0.933546,1,1,0.776,0.776
stitch_type_teacher,results\public_benchmark_v1_ext33_m2_75_stitch_type_teacher_dataset\stitch_type_candidate_rows.csv,omj_001,OpenMoji,heart,dtsatin_safeadt_light,satin_like,satin_like,1,0,1.25,m2_74_teacher_choice,flat_icon_fill,professional_texture_allowed,0.07242164,8.0,1.0,0.0,0.0,1.0,0.933213,1,1,0.806,0.806
stitch_type_teacher,results\public_benchmark_v1_ext33_m2_75_stitch_type_teacher_dataset\stitch_type_candidate_rows.csv,omj_001,OpenMoji,heart,satinrail_w4_s18_i4_cap40,satin_like,reject,0,1,0.75,professional_gate_reject,flat_icon_fill,not_enough_satin_like_segments,0.07242164,8.0,1.0,0.0,0.0,0.999643,0.934704,0,1,0.366,0.366
stitch_type_teacher,results\public_benchmark_v1_ext33_m2_75_stitch_type_teacher_dataset\stitch_type_candidate_rows.csv,omj_001,OpenMoji,heart,satinrail_w5_s16_i5_cap45,satin_like,candidate_non_teacher,0,0,0.25,allowed_non_teacher_candidate,flat_icon_fill,professional_texture_allowed,0.07242164,8.0,1.0,0.0,0.0,0.999643,0.934882,1,1,0.466,0.466
stitch_type_teacher,results\public_benchmark_v1_ext33_m2_75_stitch_type_teacher_dataset\stitch_type_candidate_rows.csv,omj_002,OpenMoji,star,base_keep,base_keep,base_keep,1,0,1.0,m2_74_teacher_choice,flat_icon_fill,base_keep,0.02469779,3.0,0.0,0.0,0.0,0.999481,0.897558,1,0,0.088,0.0
stitch_type_teacher,results\public_benchmark_v1_ext33_m2_75_stitch_type_teacher_dataset\stitch_type_candidate_rows.csv,omj_002,OpenMoji,star,satinrail_safeadt_light,satin_like,reject,0,1,0.75,professional_gate_reject,flat_icon_fill,off_mask_increase,0.12013767,11.0,1.0,1.0062,0.0,0.99977,0.914712,0,0,0.934,0.846
stitch_type_teacher,results\public_benchmark_v1_ext33_m2_75_stitch_type_teacher_dataset\stitch_type_candidate_rows.csv,omj_002,OpenMoji,star,dtsatin_safeadt_light,satin_like,reject,0,1,0.75,professional_gate_reject,flat_icon_fill,off_mask_increase,0.12013767,11.0,1.0,1.0062,0.0,0.999827,0.913753,0,0,0.974,0.886
stitch_type_teacher,results\public_benchmark_v1_ext33_m2_75_stitch_type_teacher_dataset\stitch_type_candidate_rows.csv,omj_002,OpenMoji,star,satinrail_w4_s18_i4_cap40,satin_like,reject,0,1,0.75,professional_gate_reject,flat_icon_fill,off_mask_increase,0.12011625,11.0,1.0,1.0062,0.0,0.999136,0.917615,0,0,0.534,0.446
stitch_type_teacher,results\public_benchmark_v1_ext33_m2_75_stitch_type_teacher_dataset\stitch_type_candidate_rows.csv,omj_002,OpenMoji,star,satinrail_w5_s16_i5_cap45,satin_like,reject,0,1,0.75,professional_gate_reject,flat_icon_fill,off_mask_increase,0.12009486,11.0,1.0,1.0062,0.0,0.998387,0.919115,0,0,0.634,0.546
stitch_type_teacher,results\public_benchmark_v1_ext33_m2_75_stitch_type_teacher_dataset\stitch_type_candidate_rows.csv,omj_003,OpenMoji,butterfly,base_keep,base_keep,candidate_non_teacher,0,0,0.25,allowed_non_teacher_candidate,flat_icon_fill,base_keep,0.08646574,9.0,2.0,0.0,0.0,1.0,0.896875,1,1,0.0,0.0
stitch_type_teacher,results\public_benchmark_v1_ext33_m2_75_stitch_type_teacher_dataset\stitch_type_candidate_rows.csv,omj_003,OpenMoji,butterfly,satinrail_safeadt_light,satin_like,candidate_non_teacher,0,0,0.25,allowed_non_teacher_candidate,flat_icon_fill,professional_texture_allowed,0.1120606,12.0,2.0,0.0,0.0,0.999219,0.932235,1,1,1.102,1.102
stitch_type_teacher,results\public_benchmark_v1_ext33_m2_75_stitch_type_teacher_dataset\stitch_type_candidate_rows.csv,omj_003,OpenMoji,butterfly,dtsatin_safeadt_light,satin_like,satin_like,1,0,1.25,m2_74_teacher_choice,flat_icon_fill,professional_texture_allowed,0.11202611,12.0,2.0,0.0,0.0,0.998742,0.930547,1,1,1.142,1.142
stitch_type_teacher,results\public_benchmark_v1_ext33_m2_75_stitch_type_teacher_dataset\stitch_type_candidate_rows.csv,omj_003,OpenMoji,butterfly,satinrail_w4_s18_i4_cap40,satin_like,reject,0,1,0.75,professional_gate_reject,flat_icon_fill,off_mask_increase,0.13600643,12.0,2.0,1.0648,0.0,0.998481,0.936246,0,1,0.652,0.652
stitch_type_teacher,results\public_benchmark_v1_ext33_m2_75_stitch_type_teacher_dataset\stitch_type_candidate_rows.csv,omj_003,OpenMoji,butterfly,satinrail_w5_s16_i5_cap45,satin_like,candidate_non_teacher,0,0,0.25,allowed_non_teacher_candidate,flat_icon_fill,professional_texture_allowed,0.11206044,12.0,2.0,0.0,0.0,0.997961,0.938125,1,1,0.712,0.712
stitch_type_teacher,results\public_benchmark_v1_ext33_m2_75_stitch_type_teacher_dataset\stitch_type_candidate_rows.csv,omj_004,OpenMoji,fish,base_keep,base_keep,base_keep,1,1,1.0,m2_74_teacher_choice,flat_icon_fill,base_keep,0.04876926,3.0,0.0,1.075,0.0,0.997043,0.950702,1,0,0.076,0.0
stitch_type_teacher,results\public_benchmark_v1_ext33_m2_75_stitch_type_teacher_dataset\stitch_type_candidate_rows.csv,omj_004,OpenMoji,fish,satinrail_safeadt_light,satin_like,reject,0,1,0.75,professional_gate_reject,flat_icon_fill,loss_increase,0.09512884,10.0,2.0,0.0,0.0,0.999836,0.924682,0,0,0.898,0.822
stitch_type_teacher,results\public_benchmark_v1_ext33_m2_75_stitch_type_teacher_dataset\stitch_type_candidate_rows.csv,omj_004,OpenMoji,fish,dtsatin_safeadt_light,satin_like,reject,0,1,0.75,professional_gate_reject,flat_icon_fill,loss_increase,0.09514874,10.0,2.0,0.0,0.0,1.0,0.924179,0,0,0.938,0.862
stitch_type_teacher,results\public_benchmark_v1_ext33_m2_75_stitch_type_teacher_dataset\stitch_type_candidate_rows.csv,omj_004,OpenMoji,fish,satinrail_w4_s18_i4_cap40,satin_like,reject,0,1,0.75,professional_gate_reject,flat_icon_fill,loss_increase,0.09511793,10.0,2.0,0.0,0.0,0.999836,0.925385,0,0,0.448,0.372
stitch_type_teacher,results\public_benchmark_v1_ext33_m2_75_stitch_type_teacher_dataset\stitch_type_candidate_rows.csv,omj_004,OpenMoji,fish,satinrail_w5_s16_i5_cap45,satin_like,reject,0,1,0.75,professional_gate_reject,flat_icon_fill,loss_increase,0.09510974,10.0,2.0,0.0,0.0,0.999836,0.926983,0,0,0.588,0.512
stitch_type_teacher,results\public_benchmark_v1_ext33_m2_75_stitch_type_teacher_dataset\stitch_type_candidate_rows.csv,omj_005,OpenMoji,sun,base_keep,base_keep,candidate_non_teacher,0,0,0.25,allowed_non_teacher_candidate,flat_icon_fill,base_keep,0.08080196,9.0,1.0,0.0,0.0,0.998635,0.916461,1,1,0.0,0.0
stitch_type_teacher,results\public_benchmark_v1_ext33_m2_75_stitch_type_teacher_dataset\stitch_type_candidate_rows.csv,omj_005,OpenMoji,sun,satinrail_safeadt_light,satin_like,candidate_non_teacher,0,0,0.25,allowed_non_teacher_candidate,flat_icon_fill,professional_texture_allowed,0.08080196,9.0,1.0,0.0,0.0,0.999353,0.911113,1,1,1.136,1.136
stitch_type_teacher,results\public_benchmark_v1_ext33_m2_75_stitch_type_teacher_dataset\stitch_type_candidate_rows.csv,omj_005,OpenMoji,sun,dtsatin_safeadt_light,satin_like,satin_like,1,0,1.25,m2_74_teacher_choice,flat_icon_fill,professional_texture_allowed,0.08080196,9.0,1.0,0.0,0.0,0.999425,0.911596,1,1,1.276,1.276
stitch_type_teacher,results\public_benchmark_v1_ext33_m2_75_stitch_type_teacher_dataset\stitch_type_candidate_rows.csv,omj_005,OpenMoji,sun,satinrail_w4_s18_i4_cap40,satin_like,candidate_non_teacher,0,0,0.25,allowed_non_teacher_candidate,flat_icon_fill,professional_texture_allowed,0.08080196,9.0,1.0,0.0,0.0,0.999138,0.913039,1,1,0.696,0.696
stitch_type_teacher,results\public_benchmark_v1_ext33_m2_75_stitch_type_teacher_dataset\stitch_type_candidate_rows.csv,omj_005,OpenMoji,sun,satinrail_w5_s16_i5_cap45,satin_like,candidate_non_teacher,0,0,0.25,allowed_non_teacher_candidate,flat_icon_fill,professional_texture_allowed,0.08080196,9.0,1.0,0.0,0.0,0.998815,0.913644,1,1,0.846,0.846
stitch_type_teacher,results\public_benchmark_v1_ext33_m2_75_stitch_type_teacher_dataset\stitch_type_candidate_rows.csv,omj_006,OpenMoji,cherry_blossom,base_keep,base_keep,base_keep,1,0,1.0,m2_74_teacher_choice,flat_icon_fill,base_keep,0.0246882,3.0,0.0,0.0,0.0,0.992683,0.916022,1,0,0.102,0.0
stitch_type_teacher,results\public_benchmark_v1_ext33_m2_75_stitch_type_teacher_dataset\stitch_type_candidate_rows.csv,omj_006,OpenMoji,cherry_blossom,satinrail_safeadt_light,satin_like,reject,0,1,0.75,professional_gate_reject,flat_icon_fill,loss_increase,0.08083179,9.0,1.0,0.0,0.0,0.999787,0.88232,0,0,1.114,1.012
stitch_type_teacher,results\public_benchmark_v1_ext33_m2_75_stitch_type_teacher_dataset\stitch_type_candidate_rows.csv,omj_006,OpenMoji,cherry_blossom,dtsatin_safeadt_light,satin_like,reject,0,1,0.75,professional_gate_reject,flat_icon_fill,loss_increase,0.08084416,9.0,1.0,0.0,0.0,0.999858,0.883768,0,0,0.954,0.852
stitch_type_teacher,results\public_benchmark_v1_ext33_m2_75_stitch_type_teacher_dataset\stitch_type_candidate_rows.csv,omj_006,OpenMoji,cherry_blossom,satinrail_w4_s18_i4_cap40,satin_like,reject,0,1,0.75,professional_gate_reject,flat_icon_fill,loss_increase,0.08901337,10.0,1.0,0.0,0.0,0.99929,0.886159,0,0,0.644,0.542
stitch_type_teacher,results\public_benchmark_v1_ext33_m2_75_stitch_type_teacher_dataset\stitch_type_candidate_rows.csv,omj_006,OpenMoji,cherry_blossom,satinrail_w5_s16_i5_cap45,satin_like,reject,0,1,0.75,professional_gate_reject,flat_icon_fill,loss_increase,0.08080447,9.0,1.0,0.0,0.0,0.999361,0.887564,0,0,0.664,0.562
stitch_type_teacher,results\public_benchmark_v1_ext33_m2_75_stitch_type_teacher_dataset\stitch_type_candidate_rows.csv,omj_007,OpenMoji,ribbon,base_keep,base_keep,base_keep,1,0,1.0,m2_74_teacher_choice,flat_icon_fill,base_keep,0.08082922,9.0,1.0,0.0,0.0,1.0,0.891565,1,0,0.0,0.0
stitch_type_teacher,results\public_benchmark_v1_ext33_m2_75_stitch_type_teacher_dataset\stitch_type_candidate_rows.csv,omj_007,OpenMoji,ribbon,satinrail_safeadt_light,satin_like,reject,0,1,0.75,professional_gate_reject,flat_icon_fill,loss_increase,0.15198401,16.0,3.0,0.0,0.0,0.999959,0.911744,0,0,1.182,1.182
stitch_type_teacher,results\public_benchmark_v1_ext33_m2_75_stitch_type_teacher_dataset\stitch_type_candidate_rows.csv,omj_007,OpenMoji,ribbon,dtsatin_safeadt_light,satin_like,reject,0,1,0.75,professional_gate_reject,flat_icon_fill,loss_increase,0.15196156,16.0,3.0,0.0,0.0,0.999959,0.915945,0,0,1.302,1.302
stitch_type_teacher,results\public_benchmark_v1_ext33_m2_75_stitch_type_teacher_dataset\stitch_type_candidate_rows.csv,omj_007,OpenMoji,ribbon,satinrail_w4_s18_i4_cap40,satin_like,reject,0,1,0.75,professional_gate_reject,flat_icon_fill,loss_increase,0.15198412,16.0,3.0,0.0,0.0,0.999959,0.915265,0,0,0.682,0.682
stitch_type_teacher,results\public_benchmark_v1_ext33_m2_75_stitch_type_teacher_dataset\stitch_type_candidate_rows.csv,omj_007,OpenMoji,ribbon,satinrail_w5_s16_i5_cap45,satin_like,reject,0,1,0.75,professional_gate_reject,flat_icon_fill,loss_increase,0.15198424,16.0,3.0,0.0,0.0,0.999959,0.917104,0,0,0.822,0.822
stitch_type_teacher,results\public_benchmark_v1_ext33_m2_75_stitch_type_teacher_dataset\stitch_type_candidate_rows.csv,omj_008,OpenMoji,paw_prints,base_keep,base_keep,base_keep,1,0,1.0,m2_74_teacher_choice,flat_icon_fill,base_keep,0.06088992,6.0,0.0,0.4955,0.0,0.99951,0.814631,1,0,0.17,0.0
stitch_type_teacher,results\public_benchmark_v1_ext33_m2_75_stitch_type_teacher_dataset\stitch_type_candidate_rows.csv,omj_008,OpenMoji,paw_prints,satinrail_safeadt_light,satin_like,reject,0,1,0.75,professional_gate_reject,flat_icon_fill,off_mask_increase,0.0740228,6.0,0.0,1.1038,0.0,0.99958,0.824434,0,0,1.73,1.56
stitch_type_teacher,results\public_benchmark_v1_ext33_m2_75_stitch_type_teacher_dataset\stitch_type_candidate_rows.csv,omj_008,OpenMoji,paw_prints,dtsatin_safeadt_light,satin_like,reject,0,1,0.75,professional_gate_reject,flat_icon_fill,off_mask_increase,0.07156452,6.0,0.0,0.9911,0.0,0.99965,0.826019,0,0,1.81,1.64
stitch_type_teacher,results\public_benchmark_v1_ext33_m2_75_stitch_type_teacher_dataset\stitch_type_candidate_rows.csv,omj_008,OpenMoji,paw_prints,satinrail_w4_s18_i4_cap40,satin_like,reject,0,1,0.75,professional_gate_reject,flat_icon_fill,off_mask_increase,0.08116642,7.0,0.0,1.0612,0.0,0.99993,0.829854,0,0,0.93,0.76
stitch_type_teacher,results\public_benchmark_v1_ext33_m2_75_stitch_type_teacher_dataset\stitch_type_candidate_rows.csv,omj_008,OpenMoji,paw_prints,satinrail_w5_s16_i5_cap45,satin_like,reject,0,1,0.75,professional_gate_reject,flat_icon_fill,off_mask_increase,0.08161444,7.0,0.0,1.0792,0.0,0.999439,0.82964,0,0,1.09,0.92
stitch_type_teacher,results\public_benchmark_v1_ext33_m2_75_stitch_type_teacher_dataset\stitch_type_candidate_rows.csv,omj_009,OpenMoji,lady_beetle,base_keep,base_keep,base_keep,1,0,1.0,m2_74_teacher_choice,flat_icon_fill,base_keep,0.05602895,6.0,1.0,0.0,0.0,0.994021,0.927864,1,0,0.11,0.0
stitch_type_teacher,results\public_benchmark_v1_ext33_m2_75_stitch_type_teacher_dataset\stitch_type_candidate_rows.csv,omj_009,OpenMoji,lady_beetle,satinrail_safeadt_light,satin_like,reject,0,1,0.75,professional_gate_reject,flat_icon_fill,off_mask_increase,0.1400607,11.0,2.0,1.6269,0.0,0.999609,0.886779,0,0,1.198,1.088
stitch_type_teacher,results\public_benchmark_v1_ext33_m2_75_stitch_type_teacher_dataset\stitch_type_candidate_rows.csv,omj_009,OpenMoji,lady_beetle,dtsatin_safeadt_light,satin_like,reject,0,1,0.75,professional_gate_reject,flat_icon_fill,off_mask_increase,0.13194853,10.0,2.0,1.6269,0.0,0.997262,0.891058,0,0,0.878,0.768
stitch_type_teacher,results\public_benchmark_v1_ext33_m2_75_stitch_type_teacher_dataset\stitch_type_candidate_rows.csv,omj_009,OpenMoji,lady_beetle,satinrail_w4_s18_i4_cap40,satin_like,reject,0,1,0.75,professional_gate_reject,flat_icon_fill,off_mask_increase,0.13204109,10.0,2.0,1.6269,0.0,0.997597,0.890824,0,0,0.608,0.498
stitch_type_teacher,results\public_benchmark_v1_ext33_m2_75_stitch_type_teacher_dataset\stitch_type_candidate_rows.csv,omj_009,OpenMoji,lady_beetle,satinrail_w5_s16_i5_cap45,satin_like,reject,0,1,0.75,professional_gate_reject,flat_icon_fill,off_mask_increase,0.13197661,10.0,2.0,1.6269,0.0,0.997262,0.893422,0,0,0.598,0.488
stitch_type_teacher,results\public_benchmark_v1_ext33_m2_75_stitch_type_teacher_dataset\stitch_type_candidate_rows.csv,omj_010,OpenMoji,seedling,base_keep,base_keep,base_keep,1,0,1.0,m2_74_teacher_choice,line_text_skeleton,base_keep,0.04749282,5.0,1.0,0.0,0.0,0.999349,0.751958,1,0,0.0,0.0
stitch_type_teacher,results\public_benchmark_v1_ext33_m2_75_stitch_type_teacher_dataset\stitch_type_candidate_rows.csv,omj_010,OpenMoji,seedling,satinrail_safeadt_light,satin_like,reject,0,1,0.75,professional_gate_reject,line_text_skeleton,precision_drop_too_large,0.06423807,7.0,1.0,0.0,0.0,0.999566,0.689351,0,0,0.92,0.92
stitch_type_teacher,results\public_benchmark_v1_ext33_m2_75_stitch_type_teacher_dataset\stitch_type_candidate_rows.csv,omj_010,OpenMoji,seedling,dtsatin_safeadt_light,satin_like,reject,0,1,0.75,professional_gate_reject,line_text_skeleton,precision_drop_too_large,0.0701611,7.0,2.0,0.0,0.0,0.999783,0.694173,0,0,0.5,0.5
stitch_type_teacher,results\public_benchmark_v1_ext33_m2_75_stitch_type_teacher_dataset\stitch_type_candidate_rows.csv,omj_010,OpenMoji,seedling,satinrail_w4_s18_i4_cap40,satin_like,reject,0,1,0.75,professional_gate_reject,line_text_skeleton,precision_drop_too_large,0.06418643,7.0,1.0,0.0,0.0,0.999349,0.693871,0,0,0.52,0.52
stitch_type_teacher,results\public_benchmark_v1_ext33_m2_75_stitch_type_teacher_dataset\stitch_type_candidate_rows.csv,omj_010,OpenMoji,seedling,satinrail_w5_s16_i5_cap45,satin_like,reject,0,1,0.75,professional_gate_reject,line_text_skeleton,precision_drop_too_large,0.07018475,7.0,2.0,0.0,0.0,0.999349,0.698288,0,0,0.32,0.32
stitch_type_teacher,results\public_benchmark_v1_ext33_m2_75_stitch_type_teacher_dataset\stitch_type_candidate_rows.csv,qd_001,QuickDraw,cat,base_keep,base_keep,base_keep,1,0,1.0,m2_74_teacher_choice,line_text_skeleton,base_keep,0.09782929,11.0,1.0,0.0,0.0,0.947944,0.677754,1,0,0.248,0.0
stitch_type_teacher,results\public_benchmark_v1_ext33_m2_75_stitch_type_teacher_dataset\stitch_type_candidate_rows.csv,qd_001,QuickDraw,cat,satinrail_safeadt_light,satin_like,reject,0,1,0.75,professional_gate_reject,line_text_skeleton,excluded_source,0.21640484,23.0,4.0,0.0,0.0,1.0,0.300837,0,0,2.104,1.856
stitch_type_teacher,results\public_benchmark_v1_ext33_m2_75_stitch_type_teacher_dataset\stitch_type_candidate_rows.csv,qd_001,QuickDraw,cat,dtsatin_safeadt_light,satin_like,reject,0,1,0.75,professional_gate_reject,line_text_skeleton,excluded_source,0.21603903,23.0,4.0,0.0,0.0,1.0,0.302685,0,0,2.244,1.996
stitch_type_teacher,results\public_benchmark_v1_ext33_m2_75_stitch_type_teacher_dataset\stitch_type_candidate_rows.csv,qd_001,QuickDraw,cat,satinrail_w4_s18_i4_cap40,satin_like,reject,0,1,0.75,professional_gate_reject,line_text_skeleton,excluded_source,0.216135,23.0,4.0,0.0,0.0,1.0,0.303314,0,0,1.144,0.896
stitch_type_teacher,results\public_benchmark_v1_ext33_m2_75_stitch_type_teacher_dataset\stitch_type_candidate_rows.csv,qd_001,QuickDraw,cat,satinrail_w5_s16_i5_cap45,satin_like,reject,0,1,0.75,professional_gate_reject,line_text_skeleton,excluded_source,0.21613512,23.0,4.0,0.0,0.0,1.0,0.304886,0,0,1.384,1.136
stitch_type_teacher,results\public_benchmark_v1_ext33_m2_75_stitch_type_teacher_dataset\stitch_type_candidate_rows.csv,qd_002,QuickDraw,dog,base_keep,base_keep,base_keep,1,0,1.0,m2_74_teacher_choice,line_text_skeleton,base_keep,0.07256709,8.0,1.0,0.0,0.0,0.99175,0.723491,1,0,0.276,0.0
stitch_type_teacher,results\public_benchmark_v1_ext33_m2_75_stitch_type_teacher_dataset\stitch_type_candidate_rows.csv,qd_002,QuickDraw,dog,satinrail_safeadt_light,satin_like,reject,0,1,0.75,professional_gate_reject,line_text_skeleton,excluded_source,0.145717,16.0,2.0,0.0,0.0,1.0,0.359019,0,0,1.37,1.094
stitch_type_teacher,results\public_benchmark_v1_ext33_m2_75_stitch_type_teacher_dataset\stitch_type_candidate_rows.csv,qd_002,QuickDraw,dog,dtsatin_safeadt_light,satin_like,reject,0,1,0.75,professional_gate_reject,line_text_skeleton,excluded_source,0.1457266,16.0,2.0,0.0,0.0,1.0,0.358317,0,0,1.37,1.094
stitch_type_teacher,results\public_benchmark_v1_ext33_m2_75_stitch_type_teacher_dataset\stitch_type_candidate_rows.csv,qd_002,QuickDraw,dog,satinrail_w4_s18_i4_cap40,satin_like,reject,0,1,0.75,professional_gate_reject,line_text_skeleton,excluded_source,0.1377042,15.0,2.0,0.0,0.0,1.0,0.360921,0,0,0.77,0.494
stitch_type_teacher,results\public_benchmark_v1_ext33_m2_75_stitch_type_teacher_dataset\stitch_type_candidate_rows.csv,qd_002,QuickDraw,dog,satinrail_w5_s16_i5_cap45,satin_like,reject,0,1,0.75,professional_gate_reject,line_text_skeleton,excluded_source,0.1376946,15.0,2.0,0.0,0.0,1.0,0.362015,0,0,0.98,0.704
stitch_type_teacher,results\public_benchmark_v1_ext33_m2_75_stitch_type_teacher_dataset\stitch_type_candidate_rows.csv,qd_003,QuickDraw,fish,base_keep,base_keep,base_keep,1,0,1.0,m2_74_teacher_choice,line_text_skeleton,base_keep,0.08072917,9.0,1.0,0.0,0.0,0.999009,0.753738,1,0,0.0,0.0
stitch_type_teacher,results\public_benchmark_v1_ext33_m2_75_stitch_type_teacher_dataset\stitch_type_candidate_rows.csv,qd_003,QuickDraw,fish,satinrail_safeadt_light,satin_like,reject,0,1,0.75,professional_gate_reject,line_text_skeleton,excluded_source,0.08122564,9.0,1.0,0.0,0.0,1.0,0.310867,0,0,1.046,1.046
stitch_type_teacher,results\public_benchmark_v1_ext33_m2_75_stitch_type_teacher_dataset\stitch_type_candidate_rows.csv,qd_003,QuickDraw,fish,dtsatin_safeadt_light,satin_like,reject,0,1,0.75,professional_gate_reject,line_text_skeleton,excluded_source,0.08123476,9.0,1.0,0.0,0.0,1.0,0.310963,0,0,1.056,1.056
stitch_type_teacher,results\public_benchmark_v1_ext33_m2_75_stitch_type_teacher_dataset\stitch_type_candidate_rows.csv,qd_003,QuickDraw,fish,satinrail_w4_s18_i4_cap40,satin_like,reject,0,1,0.75,professional_gate_reject,line_text_skeleton,excluded_source,0.09528133,9.0,1.0,0.625,0.0,1.0,0.31293,0,0,0.556,0.556
stitch_type_teacher,results\public_benchmark_v1_ext33_m2_75_stitch_type_teacher_dataset\stitch_type_candidate_rows.csv,qd_003,QuickDraw,fish,satinrail_w5_s16_i5_cap45,satin_like,reject,0,1,0.75,professional_gate_reject,line_text_skeleton,excluded_source,0.08120982,9.0,1.0,0.0,0.0,1.0,0.313923,0,0,0.726,0.726
stitch_type_teacher,results\public_benchmark_v1_ext33_m2_75_stitch_type_teacher_dataset\stitch_type_candidate_rows.csv,qd_004,QuickDraw,flower,base_keep,base_keep,base_keep,1,0,1.0,m2_74_teacher_choice,line_text_skeleton,base_keep,0.07237638,8.0,1.0,0.0,0.0,0.998644,0.772864,1,0,0.0,0.0
stitch_type_teacher,results\public_benchmark_v1_ext33_m2_75_stitch_type_teacher_dataset\stitch_type_candidate_rows.csv,qd_004,QuickDraw,flower,satinrail_safeadt_light,satin_like,reject,0,1,0.75,professional_gate_reject,line_text_skeleton,excluded_source,0.12047599,13.0,2.0,0.0,0.0,1.0,0.315705,0,0,1.324,1.324
stitch_type_teacher,results\public_benchmark_v1_ext33_m2_75_stitch_type_teacher_dataset\stitch_type_candidate_rows.csv,qd_004,QuickDraw,flower,dtsatin_safeadt_light,satin_like,reject,0,1,0.75,professional_gate_reject,line_text_skeleton,excluded_source,0.12058461,13.0,2.0,0.0,0.0,1.0,0.315232,0,0,1.324,1.324
stitch_type_teacher,results\public_benchmark_v1_ext33_m2_75_stitch_type_teacher_dataset\stitch_type_candidate_rows.csv,qd_004,QuickDraw,flower,satinrail_w4_s18_i4_cap40,satin_like,reject,0,1,0.75,professional_gate_reject,line_text_skeleton,excluded_source,0.12049829,13.0,2.0,0.0,0.0,1.0,0.316739,0,0,0.744,0.744
stitch_type_teacher,results\public_benchmark_v1_ext33_m2_75_stitch_type_teacher_dataset\stitch_type_candidate_rows.csv,qd_004,QuickDraw,flower,satinrail_w5_s16_i5_cap45,satin_like,reject,0,1,0.75,professional_gate_reject,line_text_skeleton,excluded_source,0.12045587,13.0,2.0,0.0,0.0,1.0,0.316858,0,0,0.884,0.884
stitch_type_teacher,results\public_benchmark_v1_ext33_m2_75_stitch_type_teacher_dataset\stitch_type_candidate_rows.csv,qd_005,QuickDraw,bicycle,base_keep,base_keep,base_keep,1,0,1.0,m2_74_teacher_choice,line_text_skeleton,base_keep,0.01639641,2.0,0.0,0.0,0.0,0.989125,0.661522,1,0,0.0,0.0
stitch_type_teacher,results\public_benchmark_v1_ext33_m2_75_stitch_type_teacher_dataset\stitch_type_candidate_rows.csv,qd_005,QuickDraw,bicycle,satinrail_safeadt_light,satin_like,reject,0,1,0.75,professional_gate_reject,line_text_skeleton,excluded_source,0.16964605,15.0,3.0,1.1762,0.0,1.0,0.342883,0,0,1.316,1.316
stitch_type_teacher,results\public_benchmark_v1_ext33_m2_75_stitch_type_teacher_dataset\stitch_type_candidate_rows.csv,qd_005,QuickDraw,bicycle,dtsatin_safeadt_light,satin_like,reject,0,1,0.75,professional_gate_reject,line_text_skeleton,excluded_source,0.14317229,15.0,3.0,0.0,0.0,1.0,0.351368,0,0,1.376,1.376
stitch_type_teacher,results\public_benchmark_v1_ext33_m2_75_stitch_type_teacher_dataset\stitch_type_candidate_rows.csv,qd_005,QuickDraw,bicycle,satinrail_w4_s18_i4_cap40,satin_like,reject,0,1,0.75,professional_gate_reject,line_text_skeleton,excluded_source,0.14319391,15.0,3.0,0.0,0.0,1.0,0.346094,0,0,0.726,0.726
stitch_type_teacher,results\public_benchmark_v1_ext33_m2_75_stitch_type_teacher_dataset\stitch_type_candidate_rows.csv,qd_005,QuickDraw,bicycle,satinrail_w5_s16_i5_cap45,satin_like,reject,0,1,0.75,professional_gate_reject,line_text_skeleton,excluded_source,0.14320318,15.0,3.0,0.0,0.0,1.0,0.347738,0,0,0.886,0.886
stitch_type_teacher,results\public_benchmark_v1_ext33_m2_75_stitch_type_teacher_dataset\stitch_type_candidate_rows.csv,qd_006,QuickDraw,bird,base_keep,base_keep,base_keep,1,0,1.0,m2_74_teacher_choice,line_text_skeleton,base_keep,0.06429324,7.0,1.0,0.0,0.0,0.909377,0.672507,1,0,0.0,0.0
stitch_type_teacher,results\public_benchmark_v1_ext33_m2_75_stitch_type_teacher_dataset\stitch_type_candidate_rows.csv,qd_006,QuickDraw,bird,satinrail_safeadt_light,satin_like,reject,0,1,0.75,professional_gate_reject,line_text_skeleton,excluded_source,0.08112114,9.0,1.0,0.0,0.0,1.0,0.328168,0,0,1.41,1.41
stitch_type_teacher,results\public_benchmark_v1_ext33_m2_75_stitch_type_teacher_dataset\stitch_type_candidate_rows.csv,qd_006,QuickDraw,bird,dtsatin_safeadt_light,satin_like,reject,0,1,0.75,professional_gate_reject,line_text_skeleton,excluded_source,0.08109844,9.0,1.0,0.0,0.0,1.0,0.328436,0,0,1.44,1.44
stitch_type_teacher,results\public_benchmark_v1_ext33_m2_75_stitch_type_teacher_dataset\stitch_type_candidate_rows.csv,qd_006,QuickDraw,bird,satinrail_w4_s18_i4_cap40,satin_like,reject,0,1,0.75,professional_gate_reject,line_text_skeleton,excluded_source,0.0896926,10.0,1.0,0.0,0.0,1.0,0.331557,0,0,0.93,0.93
stitch_type_teacher,results\public_benchmark_v1_ext33_m2_75_stitch_type_teacher_dataset\stitch_type_candidate_rows.csv,qd_006,QuickDraw,bird,satinrail_w5_s16_i5_cap45,satin_like,reject,0,1,0.75,professional_gate_reject,line_text_skeleton,excluded_source,0.08960922,10.0,1.0,0.0,0.0,1.0,0.332947,0,0,1.09,1.09
stitch_type_teacher,results\public_benchmark_v1_ext33_m2_75_stitch_type_teacher_dataset\stitch_type_candidate_rows.csv,qd_007,QuickDraw,moon,base_keep,base_keep,base_keep,1,0,1.0,m2_74_teacher_choice,line_text_skeleton,base_keep,0.11418719,13.0,1.0,0.0,0.0,0.999505,0.744259,1,0,0.0,0.0
stitch_type_teacher,results\public_benchmark_v1_ext33_m2_75_stitch_type_teacher_dataset\stitch_type_candidate_rows.csv,qd_007,QuickDraw,moon,satinrail_safeadt_light,satin_like,reject,0,1,0.75,professional_gate_reject,line_text_skeleton,excluded_source,0.21854308,24.0,3.0,0.0,0.0,1.0,0.299037,0,0,2.228,2.228
stitch_type_teacher,results\public_benchmark_v1_ext33_m2_75_stitch_type_teacher_dataset\stitch_type_candidate_rows.csv,qd_007,QuickDraw,moon,dtsatin_safeadt_light,satin_like,reject,0,1,0.75,professional_gate_reject,line_text_skeleton,excluded_source,0.21860955,24.0,3.0,0.0,0.0,1.0,0.29789,0,0,2.148,2.148
stitch_type_teacher,results\public_benchmark_v1_ext33_m2_75_stitch_type_teacher_dataset\stitch_type_candidate_rows.csv,qd_007,QuickDraw,moon,satinrail_w4_s18_i4_cap40,satin_like,reject,0,1,0.75,professional_gate_reject,line_text_skeleton,excluded_source,0.2186038,24.0,3.0,0.0,0.0,1.0,0.299892,0,0,1.018,1.018
stitch_type_teacher,results\public_benchmark_v1_ext33_m2_75_stitch_type_teacher_dataset\stitch_type_candidate_rows.csv,qd_007,QuickDraw,moon,satinrail_w5_s16_i5_cap45,satin_like,reject,0,1,0.75,professional_gate_reject,line_text_skeleton,excluded_source,0.21848525,24.0,3.0,0.0,0.0,1.0,0.300059,0,0,1.418,1.418
stitch_type_teacher,results\public_benchmark_v1_ext33_m2_75_stitch_type_teacher_dataset\stitch_type_candidate_rows.csv,qd_008,QuickDraw,star,base_keep,base_keep,base_keep,1,0,1.0,m2_74_teacher_choice,line_text_skeleton,base_keep,0.03308916,4.0,0.0,0.0,0.0,0.990681,0.733626,1,0,0.212,0.0
stitch_type_teacher,results\public_benchmark_v1_ext33_m2_75_stitch_type_teacher_dataset\stitch_type_candidate_rows.csv,qd_008,QuickDraw,star,satinrail_safeadt_light,satin_like,reject,0,1,0.75,professional_gate_reject,line_text_skeleton,excluded_source,0.19304261,21.0,3.0,0.0,0.0,1.0,0.30738,0,0,1.288,1.076
stitch_type_teacher,results\public_benchmark_v1_ext33_m2_75_stitch_type_teacher_dataset\stitch_type_candidate_rows.csv,qd_008,QuickDraw,star,dtsatin_safeadt_light,satin_like,reject,0,1,0.75,professional_gate_reject,line_text_skeleton,excluded_source,0.19303745,21.0,3.0,0.0,0.0,1.0,0.307252,0,0,1.388,1.176
stitch_type_teacher,results\public_benchmark_v1_ext33_m2_75_stitch_type_teacher_dataset\stitch_type_candidate_rows.csv,qd_008,QuickDraw,star,satinrail_w4_s18_i4_cap40,satin_like,reject,0,1,0.75,professional_gate_reject,line_text_skeleton,excluded_source,0.19304648,21.0,3.0,0.0,0.0,1.0,0.309833,0,0,0.748,0.536
stitch_type_teacher,results\public_benchmark_v1_ext33_m2_75_stitch_type_teacher_dataset\stitch_type_candidate_rows.csv,qd_008,QuickDraw,star,satinrail_w5_s16_i5_cap45,satin_like,reject,0,1,0.75,professional_gate_reject,line_text_skeleton,excluded_source,0.19305173,21.0,3.0,0.0,0.0,1.0,0.311008,0,0,0.868,0.656
stitch_type_teacher,results\public_benchmark_v1_ext33_m2_75_stitch_type_teacher_dataset\stitch_type_candidate_rows.csv,txt_001,Rendered text,AI,base_keep,base_keep,base_keep,1,0,1.0,m2_74_teacher_choice,line_text_skeleton,base_keep,0.008,1.0,0.0,0.0,0.0,0.996709,0.836556,1,0,0.062,0.0
stitch_type_teacher,results\public_benchmark_v1_ext33_m2_75_stitch_type_teacher_dataset\stitch_type_candidate_rows.csv,txt_001,Rendered text,AI,satinrail_safeadt_light,satin_like,reject,0,1,0.75,professional_gate_reject,line_text_skeleton,precision_drop_too_large,0.01623934,2.0,0.0,0.0,0.0,1.0,0.569955,0,0,0.636,0.574
stitch_type_teacher,results\public_benchmark_v1_ext33_m2_75_stitch_type_teacher_dataset\stitch_type_candidate_rows.csv,txt_001,Rendered text,AI,dtsatin_safeadt_light,satin_like,reject,0,1,0.75,professional_gate_reject,line_text_skeleton,precision_drop_too_large,0.01623934,2.0,0.0,0.0,0.0,1.0,0.57255,0,0,0.646,0.584
stitch_type_teacher,results\public_benchmark_v1_ext33_m2_75_stitch_type_teacher_dataset\stitch_type_candidate_rows.csv,txt_001,Rendered text,AI,satinrail_w4_s18_i4_cap40,satin_like,reject,0,1,0.75,professional_gate_reject,line_text_skeleton,precision_drop_too_large,0.01623934,2.0,0.0,0.0,0.0,1.0,0.574626,0,0,0.326,0.264
stitch_type_teacher,results\public_benchmark_v1_ext33_m2_75_stitch_type_teacher_dataset\stitch_type_candidate_rows.csv,txt_001,Rendered text,AI,satinrail_w5_s16_i5_cap45,satin_like,reject,0,1,0.75,professional_gate_reject,line_text_skeleton,precision_drop_too_large,0.01623934,2.0,0.0,0.0,0.0,1.0,0.574535,0,0,0.426,0.364
stitch_type_teacher,results\public_benchmark_v1_ext33_m2_75_stitch_type_teacher_dataset\stitch_type_candidate_rows.csv,txt_002,Rendered text,DST,base_keep,base_keep,base_keep,1,0,1.0,m2_74_teacher_choice,line_text_skeleton,base_keep,0.04727158,5.0,1.0,0.0,0.0,0.972412,0.845305,1,0,0.1,0.0
stitch_type_teacher,results\public_benchmark_v1_ext33_m2_75_stitch_type_teacher_dataset\stitch_type_candidate_rows.csv,txt_002,Rendered text,DST,satinrail_safeadt_light,satin_like,reject,0,1,0.75,professional_gate_reject,line_text_skeleton,precision_drop_too_large,0.01621633,2.0,0.0,0.0,0.0,1.0,0.588112,0,0,0.97,0.87
stitch_type_teacher,results\public_benchmark_v1_ext33_m2_75_stitch_type_teacher_dataset\stitch_type_candidate_rows.csv,txt_002,Rendered text,DST,dtsatin_safeadt_light,satin_like,reject,0,1,0.75,professional_gate_reject,line_text_skeleton,precision_drop_too_large,0.01621633,2.0,0.0,0.0,0.0,1.0,0.584684,0,0,1.03,0.93
stitch_type_teacher,results\public_benchmark_v1_ext33_m2_75_stitch_type_teacher_dataset\stitch_type_candidate_rows.csv,txt_002,Rendered text,DST,satinrail_w4_s18_i4_cap40,satin_like,reject,0,1,0.75,professional_gate_reject,line_text_skeleton,precision_drop_too_large,0.01621633,2.0,0.0,0.0,0.0,1.0,0.595236,0,0,0.49,0.39
stitch_type_teacher,results\public_benchmark_v1_ext33_m2_75_stitch_type_teacher_dataset\stitch_type_candidate_rows.csv,txt_002,Rendered text,DST,satinrail_w5_s16_i5_cap45,satin_like,reject,0,1,0.75,professional_gate_reject,line_text_skeleton,precision_drop_too_large,0.01621633,2.0,0.0,0.0,0.0,1.0,0.599231,0,0,0.66,0.56
stitch_type_teacher,results\public_benchmark_v1_ext33_m2_75_stitch_type_teacher_dataset\stitch_type_candidate_rows.csv,txt_003,Rendered text,WKU,base_keep,base_keep,base_keep,1,0,1.0,m2_74_teacher_choice,line_text_skeleton,base_keep,0.03294437,4.0,0.0,0.0,0.0,0.992627,0.753064,1,0,0.152,0.0
stitch_type_teacher,results\public_benchmark_v1_ext33_m2_75_stitch_type_teacher_dataset\stitch_type_candidate_rows.csv,txt_003,Rendered text,WKU,satinrail_safeadt_light,satin_like,reject,0,1,0.75,professional_gate_reject,line_text_skeleton,off_mask_increase,0.06470835,5.0,0.0,1.05,0.0,1.0,0.583402,0,0,1.178,1.026
stitch_type_teacher,results\public_benchmark_v1_ext33_m2_75_stitch_type_teacher_dataset\stitch_type_candidate_rows.csv,txt_003,Rendered text,WKU,dtsatin_safeadt_light,satin_like,reject,0,1,0.75,professional_gate_reject,line_text_skeleton,off_mask_increase,0.05658035,4.0,0.0,1.05,0.0,1.0,0.585327,0,0,1.278,1.126
stitch_type_teacher,results\public_benchmark_v1_ext33_m2_75_stitch_type_teacher_dataset\stitch_type_candidate_rows.csv,txt_003,Rendered text,WKU,satinrail_w4_s18_i4_cap40,satin_like,reject,0,1,0.75,professional_gate_reject,line_text_skeleton,off_mask_increase,0.05658035,4.0,0.0,1.05,0.0,1.0,0.585997,0,0,0.718,0.566
stitch_type_teacher,results\public_benchmark_v1_ext33_m2_75_stitch_type_teacher_dataset\stitch_type_candidate_rows.csv,txt_003,Rendered text,WKU,satinrail_w5_s16_i5_cap45,satin_like,reject,0,1,0.75,professional_gate_reject,line_text_skeleton,off_mask_increase,0.05658035,4.0,0.0,1.05,0.0,1.0,0.586444,0,0,0.898,0.746
stitch_type_teacher,results\public_benchmark_v1_ext33_m2_75_stitch_type_teacher_dataset\stitch_type_candidate_rows.csv,txt_004,Rendered text,2026,base_keep,base_keep,base_keep,1,0,1.0,m2_74_teacher_choice,line_text_skeleton,base_keep,0.06417366,7.0,1.0,0.0,0.0,0.991717,0.832406,1,0,0.138,0.0
stitch_type_teacher,results\public_benchmark_v1_ext33_m2_75_stitch_type_teacher_dataset\stitch_type_candidate_rows.csv,txt_004,Rendered text,2026,satinrail_safeadt_light,satin_like,reject,0,1,0.75,professional_gate_reject,line_text_skeleton,precision_drop_too_large,0.02466871,3.0,0.0,0.0,0.0,1.0,0.600066,0,0,0.878,0.74
stitch_type_teacher,results\public_benchmark_v1_ext33_m2_75_stitch_type_teacher_dataset\stitch_type_candidate_rows.csv,txt_004,Rendered text,2026,dtsatin_safeadt_light,satin_like,reject,0,1,0.75,professional_gate_reject,line_text_skeleton,off_mask_increase,0.03874246,3.0,0.0,0.6255,0.0,1.0,0.598322,0,0,0.938,0.8
stitch_type_teacher,results\public_benchmark_v1_ext33_m2_75_stitch_type_teacher_dataset\stitch_type_candidate_rows.csv,txt_004,Rendered text,2026,satinrail_w4_s18_i4_cap40,satin_like,reject,0,1,0.75,professional_gate_reject,line_text_skeleton,precision_drop_too_large,0.02466871,3.0,0.0,0.0,0.0,1.0,0.601981,0,0,0.528,0.39
stitch_type_teacher,results\public_benchmark_v1_ext33_m2_75_stitch_type_teacher_dataset\stitch_type_candidate_rows.csv,txt_004,Rendered text,2026,satinrail_w5_s16_i5_cap45,satin_like,reject,0,1,0.75,professional_gate_reject,line_text_skeleton,precision_drop_too_large,0.02466871,3.0,0.0,0.0,0.0,1.0,0.602342,0,0,0.628,0.49
stitch_type_teacher,results\public_benchmark_v1_ext33_m2_75_stitch_type_teacher_dataset\stitch_type_candidate_rows.csv,txt_005,Rendered text,HELLO,base_keep,base_keep,base_keep,1,0,1.0,m2_74_teacher_choice,line_text_skeleton,base_keep,0.14271031,15.0,3.0,0.0,0.0,0.985405,0.821273,1,0,0.13,0.0
stitch_type_teacher,results\public_benchmark_v1_ext33_m2_75_stitch_type_teacher_dataset\stitch_type_candidate_rows.csv,txt_005,Rendered text,HELLO,satinrail_safeadt_light,satin_like,reject,0,1,0.75,professional_gate_reject,line_text_skeleton,precision_drop_too_large,0.07229788,8.0,1.0,0.0,0.0,1.0,0.57448,0,0,1.138,1.008
stitch_type_teacher,results\public_benchmark_v1_ext33_m2_75_stitch_type_teacher_dataset\stitch_type_candidate_rows.csv,txt_005,Rendered text,HELLO,dtsatin_safeadt_light,satin_like,reject,0,1,0.75,professional_gate_reject,line_text_skeleton,precision_drop_too_large,0.07232356,8.0,1.0,0.0,0.0,1.0,0.573567,0,0,1.228,1.098
stitch_type_teacher,results\public_benchmark_v1_ext33_m2_75_stitch_type_teacher_dataset\stitch_type_candidate_rows.csv,txt_005,Rendered text,HELLO,satinrail_w4_s18_i4_cap40,satin_like,reject,0,1,0.75,professional_gate_reject,line_text_skeleton,precision_drop_too_large,0.07229399,8.0,1.0,0.0,0.0,1.0,0.586761,0,0,0.638,0.508
stitch_type_teacher,results\public_benchmark_v1_ext33_m2_75_stitch_type_teacher_dataset\stitch_type_candidate_rows.csv,txt_005,Rendered text,HELLO,satinrail_w5_s16_i5_cap45,satin_like,reject,0,1,0.75,professional_gate_reject,line_text_skeleton,precision_drop_too_large,0.07228889,8.0,1.0,0.0,0.0,1.0,0.59086,0,0,0.808,0.678
