sample_id,source_name,category,candidate,target_branch,oracle_score,oracle_quality_level,unified_loss,jump_count,trim_count,off_mask_stitch_length_mm,visible_connector_count,coverage_ratio,stitch_precision_ratio,coverage_deficit,precision_deficit,hard_penalty,is_oracle_choice,feature.bias,feature.candidate_is_skeleton,feature.candidate_is_auto,feature.candidate_is_mask_fill,feature.candidate_is_edgewalk,feature.candidate_is_nearestrow,feature.candidate_is_raw_nearestrow,feature.candidate_is_fixed_inset,feature.candidate_is_inset1,feature.candidate_is_inset2,feature.candidate_fixed_inset_px,feature.candidate_is_adaptive_inset,feature.candidate_adaptive_thin_px,feature.candidate_adaptive_mid_px,feature.candidate_row_spacing_tag,feature.candidate_mask_path_limit_tag,feature.candidate_is_style_aware,feature.candidate_is_outline,feature.candidate_is_satin,feature.candidate_is_satinrail,feature.candidate_is_dt_satin,feature.candidate_is_quantvalid,feature.candidate_is_segvalid,feature.candidate_is_qdirect,feature.candidate_is_qpath,feature.candidate_is_strict,feature.branch_confidence,feature.branch_line_score,feature.mask_area_ratio,feature.skeleton_to_mask_ratio,feature.largest_skeleton_component,feature.large_skeleton_components,feature.metric_unified_loss,feature.metric_jump_count,feature.metric_trim_count,feature.metric_off_mask_mm,feature.metric_visible_count,feature.coverage_ratio,feature.precision_ratio,feature.interaction_skeleton_x_line_score,feature.interaction_skeleton_x_coverage,feature.interaction_auto_x_coverage,feature.interaction_mask_fill_x_coverage,feature.interaction_mask_fill_x_line_score,feature.interaction_edgewalk_x_coverage,feature.interaction_nearestrow_x_coverage,feature.interaction_nearestrow_x_mask_area,feature.interaction_fixed_inset_x_mask_area,feature.interaction_inset2_x_mask_area,feature.interaction_adaptive_inset_x_mask_area,feature.interaction_adaptive_inset_x_skeleton_ratio,feature.interaction_style_aware_x_coverage,feature.interaction_style_aware_x_line_score
ocp_001,Openclipart,flower,skeleton_c20_m4,flat_icon_fill,0.24410396,warning,0.13966756,16,1,0.0,0,0.488909,0.921707,0.261091,0.0,0.0,0,1.0,1.0,0.0,0.0,0.0,0.0,0.0,0.0,0.0,0.0,0.0,0.0,0.0,0.0,0.0,0.0,0.0,0.0,0.0,0.0,0.0,0.0,0.0,0.0,0.0,0.0,1.0,0.0,0.306793212890625,0.05232268974435492,132.0,26.0,0.13966756,16.0,1.0,0.0,0.0,0.488909,0.921707,0.0,0.488909,0.0,0.0,0.0,0.0,0.0,0.0,0.0,0.0,0.0,0.0,0.0,0.0
ocp_001,Openclipart,flower,skeleton_c30_m4,flat_icon_fill,0.24410396,warning,0.13966756,16,1,0.0,0,0.488909,0.921707,0.261091,0.0,0.0,0,1.0,1.0,0.0,0.0,0.0,0.0,0.0,0.0,0.0,0.0,0.0,0.0,0.0,0.0,0.0,0.0,0.0,0.0,0.0,0.0,0.0,0.0,0.0,0.0,0.0,0.0,1.0,0.0,0.306793212890625,0.05232268974435492,132.0,26.0,0.13966756,16.0,1.0,0.0,0.0,0.488909,0.921707,0.0,0.488909,0.0,0.0,0.0,0.0,0.0,0.0,0.0,0.0,0.0,0.0,0.0,0.0
ocp_001,Openclipart,flower,skeleton_c30_m8,flat_icon_fill,0.24495821,warning,0.13972581,16,1,0.0,0,0.486919,0.922454,0.263081,0.0,0.0,0,1.0,1.0,0.0,0.0,0.0,0.0,0.0,0.0,0.0,0.0,0.0,0.0,0.0,0.0,0.0,0.0,0.0,0.0,0.0,0.0,0.0,0.0,0.0,0.0,0.0,0.0,1.0,0.0,0.306793212890625,0.05232268974435492,132.0,26.0,0.13972581,16.0,1.0,0.0,0.0,0.486919,0.922454,0.0,0.486919,0.0,0.0,0.0,0.0,0.0,0.0,0.0,0.0,0.0,0.0,0.0,0.0
ocp_001,Openclipart,flower,skeleton_c30_m12,flat_icon_fill,0.2466177,warning,0.1397937,16,1,0.0,0,0.48294,0.925202,0.26706,0.0,0.0,0,1.0,1.0,0.0,0.0,0.0,0.0,0.0,0.0,0.0,0.0,0.0,0.0,0.0,0.0,0.0,0.0,0.0,0.0,0.0,0.0,0.0,0.0,0.0,0.0,0.0,0.0,1.0,0.0,0.306793212890625,0.05232268974435492,132.0,26.0,0.1397937,16.0,1.0,0.0,0.0,0.48294,0.925202,0.0,0.48294,0.0,0.0,0.0,0.0,0.0,0.0,0.0,0.0,0.0,0.0,0.0,0.0
ocp_001,Openclipart,flower,skeleton_c30_m20,flat_icon_fill,0.25922858,warning,0.15121098,16,3,0.0,0,0.479956,0.940546,0.270044,0.0,0.0,0,1.0,1.0,0.0,0.0,0.0,0.0,0.0,0.0,0.0,0.0,0.0,0.0,0.0,0.0,0.0,0.0,0.0,0.0,0.0,0.0,0.0,0.0,0.0,0.0,0.0,0.0,1.0,0.0,0.306793212890625,0.05232268974435492,132.0,26.0,0.15121098,16.0,3.0,0.0,0.0,0.479956,0.940546,0.0,0.479956,0.0,0.0,0.0,0.0,0.0,0.0,0.0,0.0,0.0,0.0,0.0,0.0
ocp_001,Openclipart,flower,auto_evalrepair_r10_c20,flat_icon_fill,0.36602061,hard_fail,0.32602061,29,20,0.0,0,0.92838,0.916483,0.0,0.0,0.04,0,1.0,0.0,1.0,0.0,0.0,0.0,0.0,0.0,0.0,0.0,0.0,0.0,0.0,0.0,0.0,0.0,0.0,0.0,0.0,0.0,0.0,0.0,0.0,0.0,0.0,0.0,1.0,0.0,0.306793212890625,0.05232268974435492,132.0,26.0,0.32602061,29.0,20.0,0.0,0.0,0.92838,0.916483,0.0,0.0,0.92838,0.0,0.0,0.0,0.0,0.0,0.0,0.0,0.0,0.0,0.0,0.0
ocp_001,Openclipart,flower,auto_evalrepair_r15_c20,flat_icon_fill,0.36602061,hard_fail,0.32602061,29,20,0.0,0,0.92838,0.916483,0.0,0.0,0.04,0,1.0,0.0,1.0,0.0,0.0,0.0,0.0,0.0,0.0,0.0,0.0,0.0,0.0,0.0,0.0,0.0,0.0,0.0,0.0,0.0,0.0,0.0,0.0,0.0,0.0,0.0,1.0,0.0,0.306793212890625,0.05232268974435492,132.0,26.0,0.32602061,29.0,20.0,0.0,0.0,0.92838,0.916483,0.0,0.0,0.92838,0.0,0.0,0.0,0.0,0.0,0.0,0.0,0.0,0.0,0.0,0.0
ocp_001,Openclipart,flower,mask_fill_rows16_c6,flat_icon_fill,0.44,hard_fail,0.4,436,71,0.0,0,0.998209,0.789505,0.0,0.0,0.04,0,1.0,0.0,0.0,1.0,0.0,0.0,0.0,0.0,0.0,0.0,0.0,0.0,0.0,0.0,16.0,0.0,0.0,0.0,0.0,0.0,0.0,0.0,0.0,0.0,0.0,0.0,1.0,0.0,0.306793212890625,0.05232268974435492,132.0,26.0,0.4,436.0,71.0,0.0,0.0,0.998209,0.789505,0.0,0.0,0.0,0.998209,0.0,0.0,0.0,0.0,0.0,0.0,0.0,0.0,0.0,0.0
ocp_001,Openclipart,flower,mask_fill_edgewalk_rows16_p40,flat_icon_fill,0.559637,hard_fail,0.519637,356,61,5.3172,0,0.998209,0.762683,0.0,0.0,0.04,0,1.0,0.0,0.0,1.0,1.0,0.0,0.0,0.0,0.0,0.0,0.0,0.0,0.0,0.0,16.0,40.0,0.0,0.0,0.0,0.0,0.0,0.0,0.0,0.0,0.0,0.0,1.0,0.0,0.306793212890625,0.05232268974435492,132.0,26.0,0.519637,356.0,61.0,5.3172,0.0,0.998209,0.762683,0.0,0.0,0.0,0.998209,0.0,0.998209,0.0,0.0,0.0,0.0,0.0,0.0,0.0,0.0
ocp_001,Openclipart,flower,mask_fill_edgewalk_nearestrow_rows16_p40,flat_icon_fill,0.09693779,pass,0.09693779,6,0,2.0983,0,0.998209,0.752954,0.0,0.0,0.0,0,1.0,0.0,0.0,1.0,1.0,1.0,1.0,0.0,0.0,0.0,0.0,0.0,0.0,0.0,16.0,40.0,0.0,0.0,0.0,0.0,0.0,0.0,0.0,0.0,0.0,0.0,1.0,0.0,0.306793212890625,0.05232268974435492,132.0,26.0,0.09693779,6.0,0.0,2.0983,0.0,0.998209,0.752954,0.0,0.0,0.0,0.998209,0.0,0.998209,0.998209,0.306793212890625,0.0,0.0,0.0,0.0,0.0,0.0
ocp_001,Openclipart,flower,mask_fill_edgewalk_nearestrow_inset1_rows16_p40,flat_icon_fill,0.08927202,excellent,0.08927202,10,1,0.0,0,0.993435,0.815765,0.0,0.0,0.0,1,1.0,0.0,0.0,1.0,1.0,1.0,0.0,1.0,1.0,0.0,1.0,0.0,0.0,0.0,16.0,40.0,0.0,0.0,0.0,0.0,0.0,0.0,0.0,0.0,0.0,0.0,1.0,0.0,0.306793212890625,0.05232268974435492,132.0,26.0,0.08927202,10.0,1.0,0.0,0.0,0.993435,0.815765,0.0,0.0,0.0,0.993435,0.0,0.993435,0.993435,0.306793212890625,0.306793212890625,0.0,0.0,0.0,0.0,0.0
ocp_001,Openclipart,flower,mask_fill_edgewalk_nearestrow_inset2_rows16_p40,flat_icon_fill,0.09814515,excellent,0.09814515,8,1,1.1314,0,0.969512,0.881956,0.0,0.0,0.0,0,1.0,0.0,0.0,1.0,1.0,1.0,0.0,1.0,0.0,1.0,2.0,0.0,0.0,0.0,16.0,40.0,0.0,0.0,0.0,0.0,0.0,0.0,0.0,0.0,0.0,0.0,1.0,0.0,0.306793212890625,0.05232268974435492,132.0,26.0,0.09814515,8.0,1.0,1.1314,0.0,0.969512,0.881956,0.0,0.0,0.0,0.969512,0.0,0.969512,0.969512,0.306793212890625,0.306793212890625,0.306793212890625,0.0,0.0,0.0,0.0
ocp_001,Openclipart,flower,mask_fill_edgewalk_nearestrow_adapt_t3_m6_rows16_p40,flat_icon_fill,0.09814515,excellent,0.09814515,8,1,1.1314,0,0.969512,0.881956,0.0,0.0,0.0,0,1.0,0.0,0.0,1.0,1.0,1.0,0.0,0.0,0.0,0.0,0.0,1.0,3.0,6.0,16.0,40.0,0.0,0.0,0.0,0.0,0.0,0.0,0.0,0.0,0.0,0.0,1.0,0.0,0.306793212890625,0.05232268974435492,132.0,26.0,0.09814515,8.0,1.0,1.1314,0.0,0.969512,0.881956,0.0,0.0,0.0,0.969512,0.0,0.969512,0.969512,0.306793212890625,0.0,0.0,0.306793212890625,0.05232268974435492,0.0,0.0
ocp_001,Openclipart,flower,mask_fill_edgewalk_nearestrow_adapt_t4_m8_rows16_p40,flat_icon_fill,0.09814515,excellent,0.09814515,8,1,1.1314,0,0.969512,0.881956,0.0,0.0,0.0,0,1.0,0.0,0.0,1.0,1.0,1.0,0.0,0.0,0.0,0.0,0.0,1.0,4.0,8.0,16.0,40.0,0.0,0.0,0.0,0.0,0.0,0.0,0.0,0.0,0.0,0.0,1.0,0.0,0.306793212890625,0.05232268974435492,132.0,26.0,0.09814515,8.0,1.0,1.1314,0.0,0.969512,0.881956,0.0,0.0,0.0,0.969512,0.0,0.969512,0.969512,0.306793212890625,0.0,0.0,0.306793212890625,0.05232268974435492,0.0,0.0
ocp_001,Openclipart,flower,mask_fill_edgewalk_nearestrow_adapt_t2_m5_rows16_p40,flat_icon_fill,0.09814515,excellent,0.09814515,8,1,1.1314,0,0.969512,0.881956,0.0,0.0,0.0,0,1.0,0.0,0.0,1.0,1.0,1.0,0.0,0.0,0.0,0.0,0.0,1.0,2.0,5.0,16.0,40.0,0.0,0.0,0.0,0.0,0.0,0.0,0.0,0.0,0.0,0.0,1.0,0.0,0.306793212890625,0.05232268974435492,132.0,26.0,0.09814515,8.0,1.0,1.1314,0.0,0.969512,0.881956,0.0,0.0,0.0,0.969512,0.0,0.969512,0.969512,0.306793212890625,0.0,0.0,0.306793212890625,0.05232268974435492,0.0,0.0
ocp_001,Openclipart,flower,outline_ext_in3,flat_icon_fill,0.559637,hard_fail,0.519637,364,62,5.3172,0,0.998209,0.762538,0.0,0.0,0.04,0,1.0,0.0,0.0,0.0,0.0,0.0,0.0,0.0,0.0,0.0,0.0,0.0,0.0,0.0,0.0,0.0,0.0,1.0,0.0,0.0,0.0,0.0,0.0,0.0,0.0,0.0,1.0,0.0,0.306793212890625,0.05232268974435492,132.0,26.0,0.519637,364.0,62.0,5.3172,0.0,0.998209,0.762538,0.0,0.0,0.0,0.0,0.0,0.0,0.0,0.0,0.0,0.0,0.0,0.0,0.0,0.0
ocp_001,Openclipart,flower,styleaware,flat_icon_fill,0.559637,hard_fail,0.519637,356,61,5.3172,0,0.998209,0.762683,0.0,0.0,0.04,0,1.0,0.0,0.0,0.0,0.0,0.0,0.0,0.0,0.0,0.0,0.0,0.0,0.0,0.0,0.0,0.0,1.0,0.0,0.0,0.0,0.0,0.0,0.0,0.0,0.0,0.0,1.0,0.0,0.306793212890625,0.05232268974435492,132.0,26.0,0.519637,356.0,61.0,5.3172,0.0,0.998209,0.762683,0.0,0.0,0.0,0.0,0.0,0.0,0.0,0.0,0.0,0.0,0.0,0.0,0.998209,0.0
ocp_001,Openclipart,flower,satin,flat_icon_fill,0.559637,hard_fail,0.519637,364,62,5.3172,0,0.998209,0.762364,0.0,0.0,0.04,0,1.0,0.0,0.0,0.0,0.0,0.0,0.0,0.0,0.0,0.0,0.0,0.0,0.0,0.0,0.0,0.0,0.0,0.0,1.0,0.0,0.0,0.0,0.0,0.0,0.0,0.0,1.0,0.0,0.306793212890625,0.05232268974435492,132.0,26.0,0.519637,364.0,62.0,5.3172,0.0,0.998209,0.762364,0.0,0.0,0.0,0.0,0.0,0.0,0.0,0.0,0.0,0.0,0.0,0.0,0.0,0.0
ocp_001,Openclipart,flower,satinrail,flat_icon_fill,0.559637,hard_fail,0.519637,364,62,5.3172,0,0.998209,0.762393,0.0,0.0,0.04,0,1.0,0.0,0.0,0.0,0.0,0.0,0.0,0.0,0.0,0.0,0.0,0.0,0.0,0.0,0.0,0.0,0.0,0.0,1.0,1.0,0.0,0.0,0.0,0.0,0.0,0.0,1.0,0.0,0.306793212890625,0.05232268974435492,132.0,26.0,0.519637,364.0,62.0,5.3172,0.0,0.998209,0.762393,0.0,0.0,0.0,0.0,0.0,0.0,0.0,0.0,0.0,0.0,0.0,0.0,0.0,0.0
ocp_001,Openclipart,flower,dtsatin,flat_icon_fill,0.5713055,hard_fail,0.5313055,364,62,5.8358,0,0.998209,0.762364,0.0,0.0,0.04,0,1.0,0.0,0.0,0.0,0.0,0.0,0.0,0.0,0.0,0.0,0.0,0.0,0.0,0.0,0.0,0.0,0.0,0.0,1.0,0.0,1.0,0.0,0.0,0.0,0.0,0.0,1.0,0.0,0.306793212890625,0.05232268974435492,132.0,26.0,0.5313055,364.0,62.0,5.8358,0.0,0.998209,0.762364,0.0,0.0,0.0,0.0,0.0,0.0,0.0,0.0,0.0,0.0,0.0,0.0,0.0,0.0
ocp_002,Openclipart,butterfly,skeleton_c20_m4,flat_icon_fill,0.39797386,warning,0.18349506,20,3,0.0,0,0.213803,0.761249,0.536197,0.0,0.0,0,1.0,1.0,0.0,0.0,0.0,0.0,0.0,0.0,0.0,0.0,0.0,0.0,0.0,0.0,0.0,0.0,0.0,0.0,0.0,0.0,0.0,0.0,0.0,0.0,0.0,0.0,1.0,0.0,0.3115234375,0.026057993730407524,52.0,34.0,0.18349506,20.0,3.0,0.0,0.0,0.213803,0.761249,0.0,0.213803,0.0,0.0,0.0,0.0,0.0,0.0,0.0,0.0,0.0,0.0,0.0,0.0
ocp_002,Openclipart,butterfly,skeleton_c30_m4,flat_icon_fill,0.36066052,warning,0.15264732,17,2,0.0,0,0.229967,0.774241,0.520033,0.0,0.0,0,1.0,1.0,0.0,0.0,0.0,0.0,0.0,0.0,0.0,0.0,0.0,0.0,0.0,0.0,0.0,0.0,0.0,0.0,0.0,0.0,0.0,0.0,0.0,0.0,0.0,0.0,1.0,0.0,0.3115234375,0.026057993730407524,52.0,34.0,0.15264732,17.0,2.0,0.0,0.0,0.229967,0.774241,0.0,0.229967,0.0,0.0,0.0,0.0,0.0,0.0,0.0,0.0,0.0,0.0,0.0,0.0
ocp_002,Openclipart,butterfly,skeleton_c30_m8,flat_icon_fill,0.36476229,warning,0.13921389,16,1,0.0,0,0.186129,0.779168,0.563871,0.0,0.0,0,1.0,1.0,0.0,0.0,0.0,0.0,0.0,0.0,0.0,0.0,0.0,0.0,0.0,0.0,0.0,0.0,0.0,0.0,0.0,0.0,0.0,0.0,0.0,0.0,0.0,0.0,1.0,0.0,0.3115234375,0.026057993730407524,52.0,34.0,0.13921389,16.0,1.0,0.0,0.0,0.186129,0.779168,0.0,0.186129,0.0,0.0,0.0,0.0,0.0,0.0,0.0,0.0,0.0,0.0,0.0,0.0
ocp_002,Openclipart,butterfly,skeleton_c30_m12,flat_icon_fill,0.36758389,warning,0.13921389,16,1,0.0,0,0.179075,0.772449,0.570925,0.0,0.0,0,1.0,1.0,0.0,0.0,0.0,0.0,0.0,0.0,0.0,0.0,0.0,0.0,0.0,0.0,0.0,0.0,0.0,0.0,0.0,0.0,0.0,0.0,0.0,0.0,0.0,0.0,1.0,0.0,0.3115234375,0.026057993730407524,52.0,34.0,0.13921389,16.0,1.0,0.0,0.0,0.179075,0.772449,0.0,0.179075,0.0,0.0,0.0,0.0,0.0,0.0,0.0,0.0,0.0,0.0,0.0,0.0
ocp_002,Openclipart,butterfly,skeleton_c30_m20,flat_icon_fill,0.31342087,excellent,0.05805247,7,0,0.0,0,0.111579,0.783895,0.638421,0.0,0.0,0,1.0,1.0,0.0,0.0,0.0,0.0,0.0,0.0,0.0,0.0,0.0,0.0,0.0,0.0,0.0,0.0,0.0,0.0,0.0,0.0,0.0,0.0,0.0,0.0,0.0,0.0,1.0,0.0,0.3115234375,0.026057993730407524,52.0,34.0,0.05805247,7.0,0.0,0.0,0.0,0.111579,0.783895,0.0,0.111579,0.0,0.0,0.0,0.0,0.0,0.0,0.0,0.0,0.0,0.0,0.0,0.0
ocp_002,Openclipart,butterfly,auto_evalrepair_r10_c20,flat_icon_fill,0.09501301,pass,0.09501301,5,9,0.0,0,0.951705,0.951285,0.0,0.0,0.0,0,1.0,0.0,1.0,0.0,0.0,0.0,0.0,0.0,0.0,0.0,0.0,0.0,0.0,0.0,0.0,0.0,0.0,0.0,0.0,0.0,0.0,0.0,0.0,0.0,0.0,0.0,1.0,0.0,0.3115234375,0.026057993730407524,52.0,34.0,0.09501301,5.0,9.0,0.0,0.0,0.951705,0.951285,0.0,0.0,0.951705,0.0,0.0,0.0,0.0,0.0,0.0,0.0,0.0,0.0,0.0,0.0
ocp_002,Openclipart,butterfly,auto_evalrepair_r15_c20,flat_icon_fill,0.09501301,pass,0.09501301,5,9,0.0,0,0.951705,0.951285,0.0,0.0,0.0,0,1.0,0.0,1.0,0.0,0.0,0.0,0.0,0.0,0.0,0.0,0.0,0.0,0.0,0.0,0.0,0.0,0.0,0.0,0.0,0.0,0.0,0.0,0.0,0.0,0.0,0.0,1.0,0.0,0.3115234375,0.026057993730407524,52.0,34.0,0.09501301,5.0,9.0,0.0,0.0,0.951705,0.951285,0.0,0.0,0.951705,0.0,0.0,0.0,0.0,0.0,0.0,0.0,0.0,0.0,0.0,0.0
ocp_002,Openclipart,butterfly,mask_fill_rows16_c6,flat_icon_fill,0.40780464,hard_fail,0.36780464,146,21,0.0,0,0.996522,0.877129,0.0,0.0,0.04,0,1.0,0.0,0.0,1.0,0.0,0.0,0.0,0.0,0.0,0.0,0.0,0.0,0.0,0.0,16.0,0.0,0.0,0.0,0.0,0.0,0.0,0.0,0.0,0.0,0.0,0.0,1.0,0.0,0.3115234375,0.026057993730407524,52.0,34.0,0.36780464,146.0,21.0,0.0,0.0,0.996522,0.877129,0.0,0.0,0.0,0.996522,0.0,0.0,0.0,0.0,0.0,0.0,0.0,0.0,0.0,0.0
ocp_002,Openclipart,butterfly,mask_fill_edgewalk_rows16_p40,flat_icon_fill,0.47966423,hard_fail,0.43966423,104,18,4.2208,0,0.996767,0.862471,0.0,0.0,0.04,0,1.0,0.0,0.0,1.0,1.0,0.0,0.0,0.0,0.0,0.0,0.0,0.0,0.0,0.0,16.0,40.0,0.0,0.0,0.0,0.0,0.0,0.0,0.0,0.0,0.0,0.0,1.0,0.0,0.3115234375,0.026057993730407524,52.0,34.0,0.43966423,104.0,18.0,4.2208,0.0,0.996767,0.862471,0.0,0.0,0.0,0.996767,0.0,0.996767,0.0,0.0,0.0,0.0,0.0,0.0,0.0,0.0
ocp_002,Openclipart,butterfly,mask_fill_edgewalk_nearestrow_rows16_p40,flat_icon_fill,0.13157981,excellent,0.13157981,10,2,1.6151,0,0.996767,0.86123,0.0,0.0,0.0,0,1.0,0.0,0.0,1.0,1.0,1.0,1.0,0.0,0.0,0.0,0.0,0.0,0.0,0.0,16.0,40.0,0.0,0.0,0.0,0.0,0.0,0.0,0.0,0.0,0.0,0.0,1.0,0.0,0.3115234375,0.026057993730407524,52.0,34.0,0.13157981,10.0,2.0,1.6151,0.0,0.996767,0.86123,0.0,0.0,0.0,0.996767,0.0,0.996767,0.996767,0.3115234375,0.0,0.0,0.0,0.0,0.0,0.0
ocp_002,Openclipart,butterfly,mask_fill_edgewalk_nearestrow_inset1_rows16_p40,flat_icon_fill,0.09720195,excellent,0.09720195,6,1,1.8325,0,0.980505,0.913605,0.0,0.0,0.0,0,1.0,0.0,0.0,1.0,1.0,1.0,0.0,1.0,1.0,0.0,1.0,0.0,0.0,0.0,16.0,40.0,0.0,0.0,0.0,0.0,0.0,0.0,0.0,0.0,0.0,0.0,1.0,0.0,0.3115234375,0.026057993730407524,52.0,34.0,0.09720195,6.0,1.0,1.8325,0.0,0.980505,0.913605,0.0,0.0,0.0,0.980505,0.0,0.980505,0.980505,0.3115234375,0.3115234375,0.0,0.0,0.0,0.0,0.0
ocp_002,Openclipart,butterfly,mask_fill_edgewalk_nearestrow_inset2_rows16_p40,flat_icon_fill,0.01645384,excellent,0.01645384,2,0,0.0,0,0.971346,0.943255,0.0,0.0,0.0,1,1.0,0.0,0.0,1.0,1.0,1.0,0.0,1.0,0.0,1.0,2.0,0.0,0.0,0.0,16.0,40.0,0.0,0.0,0.0,0.0,0.0,0.0,0.0,0.0,0.0,0.0,1.0,0.0,0.3115234375,0.026057993730407524,52.0,34.0,0.01645384,2.0,0.0,0.0,0.0,0.971346,0.943255,0.0,0.0,0.0,0.971346,0.0,0.971346,0.971346,0.3115234375,0.3115234375,0.3115234375,0.0,0.0,0.0,0.0
ocp_002,Openclipart,butterfly,mask_fill_edgewalk_nearestrow_adapt_t3_m6_rows16_p40,flat_icon_fill,0.05652508,excellent,0.05652508,6,1,0.0,0,0.978791,0.929399,0.0,0.0,0.0,0,1.0,0.0,0.0,1.0,1.0,1.0,0.0,0.0,0.0,0.0,0.0,1.0,3.0,6.0,16.0,40.0,0.0,0.0,0.0,0.0,0.0,0.0,0.0,0.0,0.0,0.0,1.0,0.0,0.3115234375,0.026057993730407524,52.0,34.0,0.05652508,6.0,1.0,0.0,0.0,0.978791,0.929399,0.0,0.0,0.0,0.978791,0.0,0.978791,0.978791,0.3115234375,0.0,0.0,0.3115234375,0.026057993730407524,0.0,0.0
ocp_002,Openclipart,butterfly,mask_fill_edgewalk_nearestrow_adapt_t4_m8_rows16_p40,flat_icon_fill,0.05652508,excellent,0.05652508,6,1,0.0,0,0.978791,0.929399,0.0,0.0,0.0,0,1.0,0.0,0.0,1.0,1.0,1.0,0.0,0.0,0.0,0.0,0.0,1.0,4.0,8.0,16.0,40.0,0.0,0.0,0.0,0.0,0.0,0.0,0.0,0.0,0.0,0.0,1.0,0.0,0.3115234375,0.026057993730407524,52.0,34.0,0.05652508,6.0,1.0,0.0,0.0,0.978791,0.929399,0.0,0.0,0.0,0.978791,0.0,0.978791,0.978791,0.3115234375,0.0,0.0,0.3115234375,0.026057993730407524,0.0,0.0
ocp_002,Openclipart,butterfly,mask_fill_edgewalk_nearestrow_adapt_t2_m5_rows16_p40,flat_icon_fill,0.06482859,excellent,0.06482859,7,1,0.0,0,0.973011,0.940711,0.0,0.0,0.0,0,1.0,0.0,0.0,1.0,1.0,1.0,0.0,0.0,0.0,0.0,0.0,1.0,2.0,5.0,16.0,40.0,0.0,0.0,0.0,0.0,0.0,0.0,0.0,0.0,0.0,0.0,1.0,0.0,0.3115234375,0.026057993730407524,52.0,34.0,0.06482859,7.0,1.0,0.0,0.0,0.973011,0.940711,0.0,0.0,0.0,0.973011,0.0,0.973011,0.973011,0.3115234375,0.0,0.0,0.3115234375,0.026057993730407524,0.0,0.0
ocp_002,Openclipart,butterfly,outline_ext_in3,flat_icon_fill,0.47970081,hard_fail,0.43970081,105,18,4.2208,0,0.996767,0.862434,0.0,0.0,0.04,0,1.0,0.0,0.0,0.0,0.0,0.0,0.0,0.0,0.0,0.0,0.0,0.0,0.0,0.0,0.0,0.0,0.0,1.0,0.0,0.0,0.0,0.0,0.0,0.0,0.0,0.0,1.0,0.0,0.3115234375,0.026057993730407524,52.0,34.0,0.43970081,105.0,18.0,4.2208,0.0,0.996767,0.862434,0.0,0.0,0.0,0.0,0.0,0.0,0.0,0.0,0.0,0.0,0.0,0.0,0.0,0.0
ocp_002,Openclipart,butterfly,styleaware,flat_icon_fill,0.47929698,hard_fail,0.43929698,103,18,4.2208,0,0.996767,0.862837,0.0,0.0,0.04,0,1.0,0.0,0.0,0.0,0.0,0.0,0.0,0.0,0.0,0.0,0.0,0.0,0.0,0.0,0.0,0.0,1.0,0.0,0.0,0.0,0.0,0.0,0.0,0.0,0.0,0.0,1.0,0.0,0.3115234375,0.026057993730407524,52.0,34.0,0.43929698,103.0,18.0,4.2208,0.0,0.996767,0.862837,0.0,0.0,0.0,0.0,0.0,0.0,0.0,0.0,0.0,0.0,0.0,0.0,0.996767,0.0
ocp_002,Openclipart,butterfly,satin,flat_icon_fill,0.47974474,hard_fail,0.43974474,105,18,4.2208,0,0.996767,0.861923,0.0,0.0,0.04,0,1.0,0.0,0.0,0.0,0.0,0.0,0.0,0.0,0.0,0.0,0.0,0.0,0.0,0.0,0.0,0.0,0.0,0.0,1.0,0.0,0.0,0.0,0.0,0.0,0.0,0.0,1.0,0.0,0.3115234375,0.026057993730407524,52.0,34.0,0.43974474,105.0,18.0,4.2208,0.0,0.996767,0.861923,0.0,0.0,0.0,0.0,0.0,0.0,0.0,0.0,0.0,0.0,0.0,0.0,0.0,0.0
ocp_002,Openclipart,butterfly,satinrail,flat_icon_fill,0.47980729,hard_fail,0.43980729,105,18,4.2208,0,0.996767,0.862105,0.0,0.0,0.04,0,1.0,0.0,0.0,0.0,0.0,0.0,0.0,0.0,0.0,0.0,0.0,0.0,0.0,0.0,0.0,0.0,0.0,0.0,1.0,1.0,0.0,0.0,0.0,0.0,0.0,0.0,1.0,0.0,0.3115234375,0.026057993730407524,52.0,34.0,0.43980729,105.0,18.0,4.2208,0.0,0.996767,0.862105,0.0,0.0,0.0,0.0,0.0,0.0,0.0,0.0,0.0,0.0,0.0,0.0,0.0,0.0
ocp_002,Openclipart,butterfly,dtsatin,flat_icon_fill,0.47981348,hard_fail,0.43981348,105,18,4.2208,0,0.996767,0.862471,0.0,0.0,0.04,0,1.0,0.0,0.0,0.0,0.0,0.0,0.0,0.0,0.0,0.0,0.0,0.0,0.0,0.0,0.0,0.0,0.0,0.0,1.0,0.0,1.0,0.0,0.0,0.0,0.0,0.0,1.0,0.0,0.3115234375,0.026057993730407524,52.0,34.0,0.43981348,105.0,18.0,4.2208,0.0,0.996767,0.862471,0.0,0.0,0.0,0.0,0.0,0.0,0.0,0.0,0.0,0.0,0.0,0.0,0.0,0.0
ocp_003,Openclipart,cat,skeleton_c20_m4,flat_icon_fill,0.29608553,pass,0.10327993,11,2,0.0,0,0.267986,0.987079,0.482014,0.0,0.0,0,1.0,1.0,0.0,0.0,0.0,0.0,0.0,0.0,0.0,0.0,0.0,0.0,0.0,0.0,0.0,0.0,0.0,0.0,0.0,0.0,0.0,0.0,0.0,0.0,0.0,0.0,1.0,0.0,0.2653350830078125,0.027201104146299386,127.0,14.0,0.10327993,11.0,2.0,0.0,0.0,0.267986,0.987079,0.0,0.267986,0.0,0.0,0.0,0.0,0.0,0.0,0.0,0.0,0.0,0.0,0.0,0.0
ocp_003,Openclipart,cat,skeleton_c30_m4,flat_icon_fill,0.25472866,excellent,0.07234306,8,1,0.0,0,0.294036,0.986494,0.455964,0.0,0.0,0,1.0,1.0,0.0,0.0,0.0,0.0,0.0,0.0,0.0,0.0,0.0,0.0,0.0,0.0,0.0,0.0,0.0,0.0,0.0,0.0,0.0,0.0,0.0,0.0,0.0,0.0,1.0,0.0,0.2653350830078125,0.027201104146299386,127.0,14.0,0.07234306,8.0,1.0,0.0,0.0,0.294036,0.986494,0.0,0.294036,0.0,0.0,0.0,0.0,0.0,0.0,0.0,0.0,0.0,0.0,0.0,0.0
ocp_003,Openclipart,cat,skeleton_c30_m8,flat_icon_fill,0.25669302,excellent,0.07239822,8,1,0.0,0,0.289263,0.986275,0.460737,0.0,0.0,0,1.0,1.0,0.0,0.0,0.0,0.0,0.0,0.0,0.0,0.0,0.0,0.0,0.0,0.0,0.0,0.0,0.0,0.0,0.0,0.0,0.0,0.0,0.0,0.0,0.0,0.0,1.0,0.0,0.2653350830078125,0.027201104146299386,127.0,14.0,0.07239822,8.0,1.0,0.0,0.0,0.289263,0.986275,0.0,0.289263,0.0,0.0,0.0,0.0,0.0,0.0,0.0,0.0,0.0,0.0,0.0,0.0
ocp_003,Openclipart,cat,skeleton_c30_m12,flat_icon_fill,0.25387034,excellent,0.06412394,7,1,0.0,0,0.275634,0.985606,0.474366,0.0,0.0,0,1.0,1.0,0.0,0.0,0.0,0.0,0.0,0.0,0.0,0.0,0.0,0.0,0.0,0.0,0.0,0.0,0.0,0.0,0.0,0.0,0.0,0.0,0.0,0.0,0.0,0.0,1.0,0.0,0.2653350830078125,0.027201104146299386,127.0,14.0,0.06412394,7.0,1.0,0.0,0.0,0.275634,0.985606,0.0,0.275634,0.0,0.0,0.0,0.0,0.0,0.0,0.0,0.0,0.0,0.0,0.0,0.0
ocp_003,Openclipart,cat,skeleton_c30_m20,flat_icon_fill,0.25709074,excellent,0.06412394,7,1,0.0,0,0.267583,0.985179,0.482417,0.0,0.0,0,1.0,1.0,0.0,0.0,0.0,0.0,0.0,0.0,0.0,0.0,0.0,0.0,0.0,0.0,0.0,0.0,0.0,0.0,0.0,0.0,0.0,0.0,0.0,0.0,0.0,0.0,1.0,0.0,0.2653350830078125,0.027201104146299386,127.0,14.0,0.06412394,7.0,1.0,0.0,0.0,0.267583,0.985179,0.0,0.267583,0.0,0.0,0.0,0.0,0.0,0.0,0.0,0.0,0.0,0.0,0.0,0.0
ocp_003,Openclipart,cat,auto_evalrepair_r10_c20,flat_icon_fill,0.15668438,pass,0.15668438,14,7,0.0,0,0.996377,0.935782,0.0,0.0,0.0,0,1.0,0.0,1.0,0.0,0.0,0.0,0.0,0.0,0.0,0.0,0.0,0.0,0.0,0.0,0.0,0.0,0.0,0.0,0.0,0.0,0.0,0.0,0.0,0.0,0.0,0.0,1.0,0.0,0.2653350830078125,0.027201104146299386,127.0,14.0,0.15668438,14.0,7.0,0.0,0.0,0.996377,0.935782,0.0,0.0,0.996377,0.0,0.0,0.0,0.0,0.0,0.0,0.0,0.0,0.0,0.0,0.0
ocp_003,Openclipart,cat,auto_evalrepair_r15_c20,flat_icon_fill,0.15668438,pass,0.15668438,14,7,0.0,0,0.996377,0.935782,0.0,0.0,0.0,0,1.0,0.0,1.0,0.0,0.0,0.0,0.0,0.0,0.0,0.0,0.0,0.0,0.0,0.0,0.0,0.0,0.0,0.0,0.0,0.0,0.0,0.0,0.0,0.0,0.0,0.0,1.0,0.0,0.2653350830078125,0.027201104146299386,127.0,14.0,0.15668438,14.0,7.0,0.0,0.0,0.996377,0.935782,0.0,0.0,0.996377,0.0,0.0,0.0,0.0,0.0,0.0,0.0,0.0,0.0,0.0,0.0
ocp_003,Openclipart,cat,mask_fill_rows16_c6,flat_icon_fill,0.31928607,hard_fail,0.27928607,63,10,0.0,0,0.999942,0.864903,0.0,0.0,0.04,0,1.0,0.0,0.0,1.0,0.0,0.0,0.0,0.0,0.0,0.0,0.0,0.0,0.0,0.0,16.0,0.0,0.0,0.0,0.0,0.0,0.0,0.0,0.0,0.0,0.0,0.0,1.0,0.0,0.2653350830078125,0.027201104146299386,127.0,14.0,0.27928607,63.0,10.0,0.0,0.0,0.999942,0.864903,0.0,0.0,0.0,0.999942,0.0,0.0,0.0,0.0,0.0,0.0,0.0,0.0,0.0,0.0
ocp_003,Openclipart,cat,mask_fill_edgewalk_rows16_p40,flat_icon_fill,0.31117184,hard_fail,0.27117184,39,8,0.4714,0,0.999942,0.855835,0.0,0.0,0.04,0,1.0,0.0,0.0,1.0,1.0,0.0,0.0,0.0,0.0,0.0,0.0,0.0,0.0,0.0,16.0,40.0,0.0,0.0,0.0,0.0,0.0,0.0,0.0,0.0,0.0,0.0,1.0,0.0,0.2653350830078125,0.027201104146299386,127.0,14.0,0.27117184,39.0,8.0,0.4714,0.0,0.999942,0.855835,0.0,0.0,0.0,0.999942,0.0,0.999942,0.0,0.0,0.0,0.0,0.0,0.0,0.0,0.0
ocp_003,Openclipart,cat,mask_fill_edgewalk_nearestrow_rows16_p40,flat_icon_fill,0.0727786,excellent,0.0727786,8,1,0.0,0,0.999942,0.85554,0.0,0.0,0.0,0,1.0,0.0,0.0,1.0,1.0,1.0,1.0,0.0,0.0,0.0,0.0,0.0,0.0,0.0,16.0,40.0,0.0,0.0,0.0,0.0,0.0,0.0,0.0,0.0,0.0,0.0,1.0,0.0,0.2653350830078125,0.027201104146299386,127.0,14.0,0.0727786,8.0,1.0,0.0,0.0,0.999942,0.85554,0.0,0.0,0.0,0.999942,0.0,0.999942,0.999942,0.2653350830078125,0.0,0.0,0.0,0.0,0.0,0.0
ocp_003,Openclipart,cat,mask_fill_edgewalk_nearestrow_inset1_rows16_p40,flat_icon_fill,0.07495327,excellent,0.07495327,7,1,0.4714,0,0.994249,0.895154,0.0,0.0,0.0,0,1.0,0.0,0.0,1.0,1.0,1.0,0.0,1.0,1.0,0.0,1.0,0.0,0.0,0.0,16.0,40.0,0.0,0.0,0.0,0.0,0.0,0.0,0.0,0.0,0.0,0.0,1.0,0.0,0.2653350830078125,0.027201104146299386,127.0,14.0,0.07495327,7.0,1.0,0.4714,0.0,0.994249,0.895154,0.0,0.0,0.0,0.994249,0.0,0.994249,0.994249,0.2653350830078125,0.2653350830078125,0.0,0.0,0.0,0.0,0.0
ocp_003,Openclipart,cat,mask_fill_edgewalk_nearestrow_inset2_rows16_p40,flat_icon_fill,0.03313396,excellent,0.03313396,4,0,0.0,0,0.995802,0.933175,0.0,0.0,0.0,1,1.0,0.0,0.0,1.0,1.0,1.0,0.0,1.0,0.0,1.0,2.0,0.0,0.0,0.0,16.0,40.0,0.0,0.0,0.0,0.0,0.0,0.0,0.0,0.0,0.0,0.0,1.0,0.0,0.2653350830078125,0.027201104146299386,127.0,14.0,0.03313396,4.0,0.0,0.0,0.0,0.995802,0.933175,0.0,0.0,0.0,0.995802,0.0,0.995802,0.995802,0.2653350830078125,0.2653350830078125,0.2653350830078125,0.0,0.0,0.0,0.0
ocp_003,Openclipart,cat,mask_fill_edgewalk_nearestrow_adapt_t3_m6_rows16_p40,flat_icon_fill,0.03313396,excellent,0.03313396,4,0,0.0,0,0.995802,0.933175,0.0,0.0,0.0,0,1.0,0.0,0.0,1.0,1.0,1.0,0.0,0.0,0.0,0.0,0.0,1.0,3.0,6.0,16.0,40.0,0.0,0.0,0.0,0.0,0.0,0.0,0.0,0.0,0.0,0.0,1.0,0.0,0.2653350830078125,0.027201104146299386,127.0,14.0,0.03313396,4.0,0.0,0.0,0.0,0.995802,0.933175,0.0,0.0,0.0,0.995802,0.0,0.995802,0.995802,0.2653350830078125,0.0,0.0,0.2653350830078125,0.027201104146299386,0.0,0.0
ocp_003,Openclipart,cat,mask_fill_edgewalk_nearestrow_adapt_t4_m8_rows16_p40,flat_icon_fill,0.03313396,excellent,0.03313396,4,0,0.0,0,0.995802,0.933175,0.0,0.0,0.0,0,1.0,0.0,0.0,1.0,1.0,1.0,0.0,0.0,0.0,0.0,0.0,1.0,4.0,8.0,16.0,40.0,0.0,0.0,0.0,0.0,0.0,0.0,0.0,0.0,0.0,0.0,1.0,0.0,0.2653350830078125,0.027201104146299386,127.0,14.0,0.03313396,4.0,0.0,0.0,0.0,0.995802,0.933175,0.0,0.0,0.0,0.995802,0.0,0.995802,0.995802,0.2653350830078125,0.0,0.0,0.2653350830078125,0.027201104146299386,0.0,0.0
ocp_003,Openclipart,cat,mask_fill_edgewalk_nearestrow_adapt_t2_m5_rows16_p40,flat_icon_fill,0.03313396,excellent,0.03313396,4,0,0.0,0,0.995802,0.933175,0.0,0.0,0.0,0,1.0,0.0,0.0,1.0,1.0,1.0,0.0,0.0,0.0,0.0,0.0,1.0,2.0,5.0,16.0,40.0,0.0,0.0,0.0,0.0,0.0,0.0,0.0,0.0,0.0,0.0,1.0,0.0,0.2653350830078125,0.027201104146299386,127.0,14.0,0.03313396,4.0,0.0,0.0,0.0,0.995802,0.933175,0.0,0.0,0.0,0.995802,0.0,0.995802,0.995802,0.2653350830078125,0.0,0.0,0.2653350830078125,0.027201104146299386,0.0,0.0
ocp_003,Openclipart,cat,outline_ext_in3,flat_icon_fill,0.51023017,hard_fail,0.47023017,46,9,7.441,1,1.0,0.852193,0.0,0.0,0.04,0,1.0,0.0,0.0,0.0,0.0,0.0,0.0,0.0,0.0,0.0,0.0,0.0,0.0,0.0,0.0,0.0,0.0,1.0,0.0,0.0,0.0,0.0,0.0,0.0,0.0,0.0,1.0,0.0,0.2653350830078125,0.027201104146299386,127.0,14.0,0.47023017,46.0,9.0,7.441,1.0,1.0,0.852193,0.0,0.0,0.0,0.0,0.0,0.0,0.0,0.0,0.0,0.0,0.0,0.0,0.0,0.0
ocp_003,Openclipart,cat,styleaware,flat_icon_fill,0.31117184,hard_fail,0.27117184,39,8,0.4714,0,0.999942,0.855835,0.0,0.0,0.04,0,1.0,0.0,0.0,0.0,0.0,0.0,0.0,0.0,0.0,0.0,0.0,0.0,0.0,0.0,0.0,0.0,1.0,0.0,0.0,0.0,0.0,0.0,0.0,0.0,0.0,0.0,1.0,0.0,0.2653350830078125,0.027201104146299386,127.0,14.0,0.27117184,39.0,8.0,0.4714,0.0,0.999942,0.855835,0.0,0.0,0.0,0.0,0.0,0.0,0.0,0.0,0.0,0.0,0.0,0.0,0.999942,0.0
ocp_003,Openclipart,cat,satin,flat_icon_fill,0.32033695,hard_fail,0.28033695,46,9,0.4714,0,0.999942,0.855204,0.0,0.0,0.04,0,1.0,0.0,0.0,0.0,0.0,0.0,0.0,0.0,0.0,0.0,0.0,0.0,0.0,0.0,0.0,0.0,0.0,0.0,1.0,0.0,0.0,0.0,0.0,0.0,0.0,0.0,1.0,0.0,0.2653350830078125,0.027201104146299386,127.0,14.0,0.28033695,46.0,9.0,0.4714,0.0,0.999942,0.855204,0.0,0.0,0.0,0.0,0.0,0.0,0.0,0.0,0.0,0.0,0.0,0.0,0.0,0.0
ocp_003,Openclipart,cat,satinrail,flat_icon_fill,0.32033695,hard_fail,0.28033695,46,9,0.4714,0,0.999942,0.855624,0.0,0.0,0.04,0,1.0,0.0,0.0,0.0,0.0,0.0,0.0,0.0,0.0,0.0,0.0,0.0,0.0,0.0,0.0,0.0,0.0,0.0,1.0,1.0,0.0,0.0,0.0,0.0,0.0,0.0,1.0,0.0,0.2653350830078125,0.027201104146299386,127.0,14.0,0.28033695,46.0,9.0,0.4714,0.0,0.999942,0.855624,0.0,0.0,0.0,0.0,0.0,0.0,0.0,0.0,0.0,0.0,0.0,0.0,0.0,0.0
ocp_003,Openclipart,cat,dtsatin,flat_icon_fill,0.32033614,hard_fail,0.28033614,46,9,0.4714,0,1.0,0.855632,0.0,0.0,0.04,0,1.0,0.0,0.0,0.0,0.0,0.0,0.0,0.0,0.0,0.0,0.0,0.0,0.0,0.0,0.0,0.0,0.0,0.0,1.0,0.0,1.0,0.0,0.0,0.0,0.0,0.0,1.0,0.0,0.2653350830078125,0.027201104146299386,127.0,14.0,0.28033614,46.0,9.0,0.4714,0.0,1.0,0.855632,0.0,0.0,0.0,0.0,0.0,0.0,0.0,0.0,0.0,0.0,0.0,0.0,0.0,0.0
ocp_004,Openclipart,koi_fish,skeleton_c20_m4,flat_icon_fill,0.28086975,pass,0.12247735,14,1,0.0,0,0.354019,0.952057,0.395981,0.0,0.0,0,1.0,1.0,0.0,0.0,0.0,0.0,0.0,0.0,0.0,0.0,0.0,0.0,0.0,0.0,0.0,0.0,0.0,0.0,0.0,0.0,0.0,0.0,0.0,0.0,0.0,0.0,1.0,0.0,0.2473602294921875,0.03312565541915983,140.0,19.0,0.12247735,14.0,1.0,0.0,0.0,0.354019,0.952057,0.0,0.354019,0.0,0.0,0.0,0.0,0.0,0.0,0.0,0.0,0.0,0.0,0.0,0.0
ocp_004,Openclipart,koi_fish,skeleton_c30_m4,flat_icon_fill,0.28086975,pass,0.12247735,14,1,0.0,0,0.354019,0.952057,0.395981,0.0,0.0,0,1.0,1.0,0.0,0.0,0.0,0.0,0.0,0.0,0.0,0.0,0.0,0.0,0.0,0.0,0.0,0.0,0.0,0.0,0.0,0.0,0.0,0.0,0.0,0.0,0.0,0.0,1.0,0.0,0.2473602294921875,0.03312565541915983,140.0,19.0,0.12247735,14.0,1.0,0.0,0.0,0.354019,0.952057,0.0,0.354019,0.0,0.0,0.0,0.0,0.0,0.0,0.0,0.0,0.0,0.0,0.0,0.0
ocp_004,Openclipart,koi_fish,skeleton_c30_m8,flat_icon_fill,0.24734951,excellent,0.08051831,9,1,0.0,0,0.332922,0.954545,0.417078,0.0,0.0,0,1.0,1.0,0.0,0.0,0.0,0.0,0.0,0.0,0.0,0.0,0.0,0.0,0.0,0.0,0.0,0.0,0.0,0.0,0.0,0.0,0.0,0.0,0.0,0.0,0.0,0.0,1.0,0.0,0.2473602294921875,0.03312565541915983,140.0,19.0,0.08051831,9.0,1.0,0.0,0.0,0.332922,0.954545,0.0,0.332922,0.0,0.0,0.0,0.0,0.0,0.0,0.0,0.0,0.0,0.0,0.0,0.0
ocp_004,Openclipart,koi_fish,skeleton_c30_m12,flat_icon_fill,0.24146359,excellent,0.06394839,7,1,0.0,0,0.306212,0.979672,0.443788,0.0,0.0,0,1.0,1.0,0.0,0.0,0.0,0.0,0.0,0.0,0.0,0.0,0.0,0.0,0.0,0.0,0.0,0.0,0.0,0.0,0.0,0.0,0.0,0.0,0.0,0.0,0.0,0.0,1.0,0.0,0.2473602294921875,0.03312565541915983,140.0,19.0,0.06394839,7.0,1.0,0.0,0.0,0.306212,0.979672,0.0,0.306212,0.0,0.0,0.0,0.0,0.0,0.0,0.0,0.0,0.0,0.0,0.0,0.0
ocp_004,Openclipart,koi_fish,skeleton_c30_m20,flat_icon_fill,0.27112762,excellent,0.06400282,7,1,0.0,0,0.232188,0.999734,0.517812,0.0,0.0,0,1.0,1.0,0.0,0.0,0.0,0.0,0.0,0.0,0.0,0.0,0.0,0.0,0.0,0.0,0.0,0.0,0.0,0.0,0.0,0.0,0.0,0.0,0.0,0.0,0.0,0.0,1.0,0.0,0.2473602294921875,0.03312565541915983,140.0,19.0,0.06400282,7.0,1.0,0.0,0.0,0.232188,0.999734,0.0,0.232188,0.0,0.0,0.0,0.0,0.0,0.0,0.0,0.0,0.0,0.0,0.0,0.0
ocp_004,Openclipart,koi_fish,auto_evalrepair_r10_c20,flat_icon_fill,0.16071794,pass,0.16071794,13,9,0.0,0,0.974832,0.947877,0.0,0.0,0.0,0,1.0,0.0,1.0,0.0,0.0,0.0,0.0,0.0,0.0,0.0,0.0,0.0,0.0,0.0,0.0,0.0,0.0,0.0,0.0,0.0,0.0,0.0,0.0,0.0,0.0,0.0,1.0,0.0,0.2473602294921875,0.03312565541915983,140.0,19.0,0.16071794,13.0,9.0,0.0,0.0,0.974832,0.947877,0.0,0.0,0.974832,0.0,0.0,0.0,0.0,0.0,0.0,0.0,0.0,0.0,0.0,0.0
ocp_004,Openclipart,koi_fish,auto_evalrepair_r15_c20,flat_icon_fill,0.16071794,pass,0.16071794,13,9,0.0,0,0.974832,0.947877,0.0,0.0,0.0,0,1.0,0.0,1.0,0.0,0.0,0.0,0.0,0.0,0.0,0.0,0.0,0.0,0.0,0.0,0.0,0.0,0.0,0.0,0.0,0.0,0.0,0.0,0.0,0.0,0.0,0.0,1.0,0.0,0.2473602294921875,0.03312565541915983,140.0,19.0,0.16071794,13.0,9.0,0.0,0.0,0.974832,0.947877,0.0,0.0,0.974832,0.0,0.0,0.0,0.0,0.0,0.0,0.0,0.0,0.0,0.0,0.0
ocp_004,Openclipart,koi_fish,mask_fill_rows16_c6,flat_icon_fill,0.40853005,hard_fail,0.36853005,149,33,0.0,0,0.999877,0.851313,0.0,0.0,0.04,0,1.0,0.0,0.0,1.0,0.0,0.0,0.0,0.0,0.0,0.0,0.0,0.0,0.0,0.0,16.0,0.0,0.0,0.0,0.0,0.0,0.0,0.0,0.0,0.0,0.0,0.0,1.0,0.0,0.2473602294921875,0.03312565541915983,140.0,19.0,0.36853005,149.0,33.0,0.0,0.0,0.999877,0.851313,0.0,0.0,0.0,0.999877,0.0,0.0,0.0,0.0,0.0,0.0,0.0,0.0,0.0,0.0
ocp_004,Openclipart,koi_fish,mask_fill_edgewalk_rows16_p40,flat_icon_fill,0.40572233,hard_fail,0.36572233,100,25,0.4955,0,0.999877,0.830975,0.0,0.0,0.04,0,1.0,0.0,0.0,1.0,1.0,0.0,0.0,0.0,0.0,0.0,0.0,0.0,0.0,0.0,16.0,40.0,0.0,0.0,0.0,0.0,0.0,0.0,0.0,0.0,0.0,0.0,1.0,0.0,0.2473602294921875,0.03312565541915983,140.0,19.0,0.36572233,100.0,25.0,0.4955,0.0,0.999877,0.830975,0.0,0.0,0.0,0.999877,0.0,0.999877,0.0,0.0,0.0,0.0,0.0,0.0,0.0,0.0
ocp_004,Openclipart,koi_fish,mask_fill_edgewalk_nearestrow_rows16_p40,flat_icon_fill,0.06688473,excellent,0.06688473,6,1,0.4955,0,0.999877,0.831913,0.0,0.0,0.0,0,1.0,0.0,0.0,1.0,1.0,1.0,1.0,0.0,0.0,0.0,0.0,0.0,0.0,0.0,16.0,40.0,0.0,0.0,0.0,0.0,0.0,0.0,0.0,0.0,0.0,0.0,1.0,0.0,0.2473602294921875,0.03312565541915983,140.0,19.0,0.06688473,6.0,1.0,0.4955,0.0,0.999877,0.831913,0.0,0.0,0.0,0.999877,0.0,0.999877,0.999877,0.2473602294921875,0.0,0.0,0.0,0.0,0.0,0.0
ocp_004,Openclipart,koi_fish,mask_fill_edgewalk_nearestrow_inset1_rows16_p40,flat_icon_fill,0.06662868,excellent,0.06662868,6,1,0.4955,0,0.998581,0.870697,0.0,0.0,0.0,1,1.0,0.0,0.0,1.0,1.0,1.0,0.0,1.0,1.0,0.0,1.0,0.0,0.0,0.0,16.0,40.0,0.0,0.0,0.0,0.0,0.0,0.0,0.0,0.0,0.0,0.0,1.0,0.0,0.2473602294921875,0.03312565541915983,140.0,19.0,0.06662868,6.0,1.0,0.4955,0.0,0.998581,0.870697,0.0,0.0,0.0,0.998581,0.0,0.998581,0.998581,0.2473602294921875,0.2473602294921875,0.0,0.0,0.0,0.0,0.0
ocp_004,Openclipart,koi_fish,mask_fill_edgewalk_nearestrow_inset2_rows16_p40,flat_icon_fill,0.07231227,excellent,0.07231227,8,1,0.0,0,0.986799,0.922549,0.0,0.0,0.0,0,1.0,0.0,0.0,1.0,1.0,1.0,0.0,1.0,0.0,1.0,2.0,0.0,0.0,0.0,16.0,40.0,0.0,0.0,0.0,0.0,0.0,0.0,0.0,0.0,0.0,0.0,1.0,0.0,0.2473602294921875,0.03312565541915983,140.0,19.0,0.07231227,8.0,1.0,0.0,0.0,0.986799,0.922549,0.0,0.0,0.0,0.986799,0.0,0.986799,0.986799,0.2473602294921875,0.2473602294921875,0.2473602294921875,0.0,0.0,0.0,0.0
ocp_004,Openclipart,koi_fish,mask_fill_edgewalk_nearestrow_adapt_t3_m6_rows16_p40,flat_icon_fill,0.07231227,excellent,0.07231227,8,1,0.0,0,0.986799,0.922549,0.0,0.0,0.0,0,1.0,0.0,0.0,1.0,1.0,1.0,0.0,0.0,0.0,0.0,0.0,1.0,3.0,6.0,16.0,40.0,0.0,0.0,0.0,0.0,0.0,0.0,0.0,0.0,0.0,0.0,1.0,0.0,0.2473602294921875,0.03312565541915983,140.0,19.0,0.07231227,8.0,1.0,0.0,0.0,0.986799,0.922549,0.0,0.0,0.0,0.986799,0.0,0.986799,0.986799,0.2473602294921875,0.0,0.0,0.2473602294921875,0.03312565541915983,0.0,0.0
ocp_004,Openclipart,koi_fish,mask_fill_edgewalk_nearestrow_adapt_t4_m8_rows16_p40,flat_icon_fill,0.07231227,excellent,0.07231227,8,1,0.0,0,0.986799,0.922549,0.0,0.0,0.0,0,1.0,0.0,0.0,1.0,1.0,1.0,0.0,0.0,0.0,0.0,0.0,1.0,4.0,8.0,16.0,40.0,0.0,0.0,0.0,0.0,0.0,0.0,0.0,0.0,0.0,0.0,1.0,0.0,0.2473602294921875,0.03312565541915983,140.0,19.0,0.07231227,8.0,1.0,0.0,0.0,0.986799,0.922549,0.0,0.0,0.0,0.986799,0.0,0.986799,0.986799,0.2473602294921875,0.0,0.0,0.2473602294921875,0.03312565541915983,0.0,0.0
ocp_004,Openclipart,koi_fish,mask_fill_edgewalk_nearestrow_adapt_t2_m5_rows16_p40,flat_icon_fill,0.07231227,excellent,0.07231227,8,1,0.0,0,0.986799,0.922549,0.0,0.0,0.0,0,1.0,0.0,0.0,1.0,1.0,1.0,0.0,0.0,0.0,0.0,0.0,1.0,2.0,5.0,16.0,40.0,0.0,0.0,0.0,0.0,0.0,0.0,0.0,0.0,0.0,0.0,1.0,0.0,0.2473602294921875,0.03312565541915983,140.0,19.0,0.07231227,8.0,1.0,0.0,0.0,0.986799,0.922549,0.0,0.0,0.0,0.986799,0.0,0.986799,0.986799,0.2473602294921875,0.0,0.0,0.2473602294921875,0.03312565541915983,0.0,0.0
ocp_004,Openclipart,koi_fish,outline_ext_in3,flat_icon_fill,0.40742443,hard_fail,0.36742443,105,26,0.4955,0,0.999877,0.829826,0.0,0.0,0.04,0,1.0,0.0,0.0,0.0,0.0,0.0,0.0,0.0,0.0,0.0,0.0,0.0,0.0,0.0,0.0,0.0,0.0,1.0,0.0,0.0,0.0,0.0,0.0,0.0,0.0,0.0,1.0,0.0,0.2473602294921875,0.03312565541915983,140.0,19.0,0.36742443,105.0,26.0,0.4955,0.0,0.999877,0.829826,0.0,0.0,0.0,0.0,0.0,0.0,0.0,0.0,0.0,0.0,0.0,0.0,0.0,0.0
ocp_004,Openclipart,koi_fish,styleaware,flat_icon_fill,0.40572233,hard_fail,0.36572233,100,25,0.4955,0,0.999877,0.830975,0.0,0.0,0.04,0,1.0,0.0,0.0,0.0,0.0,0.0,0.0,0.0,0.0,0.0,0.0,0.0,0.0,0.0,0.0,0.0,1.0,0.0,0.0,0.0,0.0,0.0,0.0,0.0,0.0,0.0,1.0,0.0,0.2473602294921875,0.03312565541915983,140.0,19.0,0.36572233,100.0,25.0,0.4955,0.0,0.999877,0.830975,0.0,0.0,0.0,0.0,0.0,0.0,0.0,0.0,0.0,0.0,0.0,0.0,0.999877,0.0
ocp_004,Openclipart,koi_fish,satin,flat_icon_fill,0.40740287,hard_fail,0.36740287,105,26,0.4955,0,0.999877,0.829232,0.0,0.0,0.04,0,1.0,0.0,0.0,0.0,0.0,0.0,0.0,0.0,0.0,0.0,0.0,0.0,0.0,0.0,0.0,0.0,0.0,0.0,1.0,0.0,0.0,0.0,0.0,0.0,0.0,0.0,1.0,0.0,0.2473602294921875,0.03312565541915983,140.0,19.0,0.36740287,105.0,26.0,0.4955,0.0,0.999877,0.829232,0.0,0.0,0.0,0.0,0.0,0.0,0.0,0.0,0.0,0.0,0.0,0.0,0.0,0.0
ocp_004,Openclipart,koi_fish,satinrail,flat_icon_fill,0.40740287,hard_fail,0.36740287,105,26,0.4955,0,0.999877,0.829954,0.0,0.0,0.04,0,1.0,0.0,0.0,0.0,0.0,0.0,0.0,0.0,0.0,0.0,0.0,0.0,0.0,0.0,0.0,0.0,0.0,0.0,1.0,1.0,0.0,0.0,0.0,0.0,0.0,0.0,1.0,0.0,0.2473602294921875,0.03312565541915983,140.0,19.0,0.36740287,105.0,26.0,0.4955,0.0,0.999877,0.829954,0.0,0.0,0.0,0.0,0.0,0.0,0.0,0.0,0.0,0.0,0.0,0.0,0.0,0.0
ocp_004,Openclipart,koi_fish,dtsatin,flat_icon_fill,0.40742443,hard_fail,0.36742443,105,26,0.4955,0,0.999877,0.830975,0.0,0.0,0.04,0,1.0,0.0,0.0,0.0,0.0,0.0,0.0,0.0,0.0,0.0,0.0,0.0,0.0,0.0,0.0,0.0,0.0,0.0,1.0,0.0,1.0,0.0,0.0,0.0,0.0,0.0,1.0,0.0,0.2473602294921875,0.03312565541915983,140.0,19.0,0.36742443,105.0,26.0,0.4955,0.0,0.999877,0.830975,0.0,0.0,0.0,0.0,0.0,0.0,0.0,0.0,0.0,0.0,0.0,0.0,0.0,0.0
ocp_005,Openclipart,public_domain_logo,skeleton_c20_m4,flat_icon_fill,0.28875524,excellent,0.03306244,4,0,0.0,0,0.110768,1.0,0.639232,0.0,0.0,0,1.0,1.0,0.0,0.0,0.0,0.0,0.0,0.0,0.0,0.0,0.0,0.0,0.0,0.0,0.0,0.0,0.0,0.0,0.0,0.0,0.0,0.0,0.0,0.0,0.0,0.0,1.0,0.0,0.3162841796875,0.012253956001543805,252.0,1.0,0.03306244,4.0,0.0,0.0,0.0,0.110768,1.0,0.0,0.110768,0.0,0.0,0.0,0.0,0.0,0.0,0.0,0.0,0.0,0.0,0.0,0.0
ocp_005,Openclipart,public_domain_logo,skeleton_c30_m4,flat_icon_fill,0.28875524,excellent,0.03306244,4,0,0.0,0,0.110768,1.0,0.639232,0.0,0.0,0,1.0,1.0,0.0,0.0,0.0,0.0,0.0,0.0,0.0,0.0,0.0,0.0,0.0,0.0,0.0,0.0,0.0,0.0,0.0,0.0,0.0,0.0,0.0,0.0,0.0,0.0,1.0,0.0,0.3162841796875,0.012253956001543805,252.0,1.0,0.03306244,4.0,0.0,0.0,0.0,0.110768,1.0,0.0,0.110768,0.0,0.0,0.0,0.0,0.0,0.0,0.0,0.0,0.0,0.0,0.0,0.0
ocp_005,Openclipart,public_domain_logo,skeleton_c30_m8,flat_icon_fill,0.28875524,excellent,0.03306244,4,0,0.0,0,0.110768,1.0,0.639232,0.0,0.0,0,1.0,1.0,0.0,0.0,0.0,0.0,0.0,0.0,0.0,0.0,0.0,0.0,0.0,0.0,0.0,0.0,0.0,0.0,0.0,0.0,0.0,0.0,0.0,0.0,0.0,0.0,1.0,0.0,0.3162841796875,0.012253956001543805,252.0,1.0,0.03306244,4.0,0.0,0.0,0.0,0.110768,1.0,0.0,0.110768,0.0,0.0,0.0,0.0,0.0,0.0,0.0,0.0,0.0,0.0,0.0,0.0
ocp_005,Openclipart,public_domain_logo,skeleton_c30_m12,flat_icon_fill,0.28875524,excellent,0.03306244,4,0,0.0,0,0.110768,1.0,0.639232,0.0,0.0,0,1.0,1.0,0.0,0.0,0.0,0.0,0.0,0.0,0.0,0.0,0.0,0.0,0.0,0.0,0.0,0.0,0.0,0.0,0.0,0.0,0.0,0.0,0.0,0.0,0.0,0.0,1.0,0.0,0.3162841796875,0.012253956001543805,252.0,1.0,0.03306244,4.0,0.0,0.0,0.0,0.110768,1.0,0.0,0.110768,0.0,0.0,0.0,0.0,0.0,0.0,0.0,0.0,0.0,0.0,0.0,0.0
ocp_005,Openclipart,public_domain_logo,skeleton_c30_m20,flat_icon_fill,0.28875524,excellent,0.03306244,4,0,0.0,0,0.110768,1.0,0.639232,0.0,0.0,0,1.0,1.0,0.0,0.0,0.0,0.0,0.0,0.0,0.0,0.0,0.0,0.0,0.0,0.0,0.0,0.0,0.0,0.0,0.0,0.0,0.0,0.0,0.0,0.0,0.0,0.0,1.0,0.0,0.3162841796875,0.012253956001543805,252.0,1.0,0.03306244,4.0,0.0,0.0,0.0,0.110768,1.0,0.0,0.110768,0.0,0.0,0.0,0.0,0.0,0.0,0.0,0.0,0.0,0.0,0.0,0.0
ocp_005,Openclipart,public_domain_logo,auto_evalrepair_r10_c20,flat_icon_fill,0.0610012,excellent,0.044,1,6,0.0,0,0.707497,1.0,0.042503,0.0,0.0,0,1.0,0.0,1.0,0.0,0.0,0.0,0.0,0.0,0.0,0.0,0.0,0.0,0.0,0.0,0.0,0.0,0.0,0.0,0.0,0.0,0.0,0.0,0.0,0.0,0.0,0.0,1.0,0.0,0.3162841796875,0.012253956001543805,252.0,1.0,0.044,1.0,6.0,0.0,0.0,0.707497,1.0,0.0,0.0,0.707497,0.0,0.0,0.0,0.0,0.0,0.0,0.0,0.0,0.0,0.0,0.0
ocp_005,Openclipart,public_domain_logo,auto_evalrepair_r15_c20,flat_icon_fill,0.0610012,excellent,0.044,1,6,0.0,0,0.707497,1.0,0.042503,0.0,0.0,0,1.0,0.0,1.0,0.0,0.0,0.0,0.0,0.0,0.0,0.0,0.0,0.0,0.0,0.0,0.0,0.0,0.0,0.0,0.0,0.0,0.0,0.0,0.0,0.0,0.0,0.0,1.0,0.0,0.3162841796875,0.012253956001543805,252.0,1.0,0.044,1.0,6.0,0.0,0.0,0.707497,1.0,0.0,0.0,0.707497,0.0,0.0,0.0,0.0,0.0,0.0,0.0,0.0,0.0,0.0,0.0
ocp_005,Openclipart,public_domain_logo,mask_fill_rows16_c6,flat_icon_fill,0.0331172,excellent,0.0331172,4,0,0.0,0,1.0,0.910081,0.0,0.0,0.0,0,1.0,0.0,0.0,1.0,0.0,0.0,0.0,0.0,0.0,0.0,0.0,0.0,0.0,0.0,16.0,0.0,0.0,0.0,0.0,0.0,0.0,0.0,0.0,0.0,0.0,0.0,1.0,0.0,0.3162841796875,0.012253956001543805,252.0,1.0,0.0331172,4.0,0.0,0.0,0.0,1.0,0.910081,0.0,0.0,0.0,1.0,0.0,0.0,0.0,0.0,0.0,0.0,0.0,0.0,0.0,0.0
ocp_005,Openclipart,public_domain_logo,mask_fill_edgewalk_rows16_p40,flat_icon_fill,0.0331172,excellent,0.0331172,4,0,0.0,0,1.0,0.910081,0.0,0.0,0.0,0,1.0,0.0,0.0,1.0,1.0,0.0,0.0,0.0,0.0,0.0,0.0,0.0,0.0,0.0,16.0,40.0,0.0,0.0,0.0,0.0,0.0,0.0,0.0,0.0,0.0,0.0,1.0,0.0,0.3162841796875,0.012253956001543805,252.0,1.0,0.0331172,4.0,0.0,0.0,0.0,1.0,0.910081,0.0,0.0,0.0,1.0,0.0,1.0,0.0,0.0,0.0,0.0,0.0,0.0,0.0,0.0
ocp_005,Openclipart,public_domain_logo,mask_fill_edgewalk_nearestrow_rows16_p40,flat_icon_fill,0.0331172,excellent,0.0331172,4,0,0.0,0,1.0,0.910081,0.0,0.0,0.0,0,1.0,0.0,0.0,1.0,1.0,1.0,1.0,0.0,0.0,0.0,0.0,0.0,0.0,0.0,16.0,40.0,0.0,0.0,0.0,0.0,0.0,0.0,0.0,0.0,0.0,0.0,1.0,0.0,0.3162841796875,0.012253956001543805,252.0,1.0,0.0331172,4.0,0.0,0.0,0.0,1.0,0.910081,0.0,0.0,0.0,1.0,0.0,1.0,1.0,0.3162841796875,0.0,0.0,0.0,0.0,0.0,0.0
ocp_005,Openclipart,public_domain_logo,mask_fill_edgewalk_nearestrow_inset1_rows16_p40,flat_icon_fill,0.03311525,excellent,0.03311525,4,0,0.0,0,1.0,0.964093,0.0,0.0,0.0,0,1.0,0.0,0.0,1.0,1.0,1.0,0.0,1.0,1.0,0.0,1.0,0.0,0.0,0.0,16.0,40.0,0.0,0.0,0.0,0.0,0.0,0.0,0.0,0.0,0.0,0.0,1.0,0.0,0.3162841796875,0.012253956001543805,252.0,1.0,0.03311525,4.0,0.0,0.0,0.0,1.0,0.964093,0.0,0.0,0.0,1.0,0.0,1.0,1.0,0.3162841796875,0.3162841796875,0.0,0.0,0.0,0.0,0.0
ocp_005,Openclipart,public_domain_logo,mask_fill_edgewalk_nearestrow_inset2_rows16_p40,flat_icon_fill,0.03311236,excellent,0.03311236,4,0,0.0,0,1.0,0.964093,0.0,0.0,0.0,1,1.0,0.0,0.0,1.0,1.0,1.0,0.0,1.0,0.0,1.0,2.0,0.0,0.0,0.0,16.0,40.0,0.0,0.0,0.0,0.0,0.0,0.0,0.0,0.0,0.0,0.0,1.0,0.0,0.3162841796875,0.012253956001543805,252.0,1.0,0.03311236,4.0,0.0,0.0,0.0,1.0,0.964093,0.0,0.0,0.0,1.0,0.0,1.0,1.0,0.3162841796875,0.3162841796875,0.3162841796875,0.0,0.0,0.0,0.0
ocp_005,Openclipart,public_domain_logo,mask_fill_edgewalk_nearestrow_adapt_t3_m6_rows16_p40,flat_icon_fill,0.03311236,excellent,0.03311236,4,0,0.0,0,1.0,0.964093,0.0,0.0,0.0,0,1.0,0.0,0.0,1.0,1.0,1.0,0.0,0.0,0.0,0.0,0.0,1.0,3.0,6.0,16.0,40.0,0.0,0.0,0.0,0.0,0.0,0.0,0.0,0.0,0.0,0.0,1.0,0.0,0.3162841796875,0.012253956001543805,252.0,1.0,0.03311236,4.0,0.0,0.0,0.0,1.0,0.964093,0.0,0.0,0.0,1.0,0.0,1.0,1.0,0.3162841796875,0.0,0.0,0.3162841796875,0.012253956001543805,0.0,0.0
ocp_005,Openclipart,public_domain_logo,mask_fill_edgewalk_nearestrow_adapt_t4_m8_rows16_p40,flat_icon_fill,0.03311236,excellent,0.03311236,4,0,0.0,0,1.0,0.964093,0.0,0.0,0.0,0,1.0,0.0,0.0,1.0,1.0,1.0,0.0,0.0,0.0,0.0,0.0,1.0,4.0,8.0,16.0,40.0,0.0,0.0,0.0,0.0,0.0,0.0,0.0,0.0,0.0,0.0,1.0,0.0,0.3162841796875,0.012253956001543805,252.0,1.0,0.03311236,4.0,0.0,0.0,0.0,1.0,0.964093,0.0,0.0,0.0,1.0,0.0,1.0,1.0,0.3162841796875,0.0,0.0,0.3162841796875,0.012253956001543805,0.0,0.0
ocp_005,Openclipart,public_domain_logo,mask_fill_edgewalk_nearestrow_adapt_t2_m5_rows16_p40,flat_icon_fill,0.03311236,excellent,0.03311236,4,0,0.0,0,1.0,0.964093,0.0,0.0,0.0,0,1.0,0.0,0.0,1.0,1.0,1.0,0.0,0.0,0.0,0.0,0.0,1.0,2.0,5.0,16.0,40.0,0.0,0.0,0.0,0.0,0.0,0.0,0.0,0.0,0.0,0.0,1.0,0.0,0.3162841796875,0.012253956001543805,252.0,1.0,0.03311236,4.0,0.0,0.0,0.0,1.0,0.964093,0.0,0.0,0.0,1.0,0.0,1.0,1.0,0.3162841796875,0.0,0.0,0.3162841796875,0.012253956001543805,0.0,0.0
ocp_005,Openclipart,public_domain_logo,outline_ext_in3,flat_icon_fill,0.10606983,pass,0.10606983,12,1,0.0,0,1.0,0.910081,0.0,0.0,0.0,0,1.0,0.0,0.0,0.0,0.0,0.0,0.0,0.0,0.0,0.0,0.0,0.0,0.0,0.0,0.0,0.0,0.0,1.0,0.0,0.0,0.0,0.0,0.0,0.0,0.0,0.0,1.0,0.0,0.3162841796875,0.012253956001543805,252.0,1.0,0.10606983,12.0,1.0,0.0,0.0,1.0,0.910081,0.0,0.0,0.0,0.0,0.0,0.0,0.0,0.0,0.0,0.0,0.0,0.0,0.0,0.0
ocp_005,Openclipart,public_domain_logo,styleaware,flat_icon_fill,0.0331172,excellent,0.0331172,4,0,0.0,0,1.0,0.910081,0.0,0.0,0.0,0,1.0,0.0,0.0,0.0,0.0,0.0,0.0,0.0,0.0,0.0,0.0,0.0,0.0,0.0,0.0,0.0,1.0,0.0,0.0,0.0,0.0,0.0,0.0,0.0,0.0,0.0,1.0,0.0,0.3162841796875,0.012253956001543805,252.0,1.0,0.0331172,4.0,0.0,0.0,0.0,1.0,0.910081,0.0,0.0,0.0,0.0,0.0,0.0,0.0,0.0,0.0,0.0,0.0,0.0,1.0,0.0
ocp_005,Openclipart,public_domain_logo,satin,flat_icon_fill,0.10606611,pass,0.10606611,12,1,0.0,0,1.0,0.910081,0.0,0.0,0.0,0,1.0,0.0,0.0,0.0,0.0,0.0,0.0,0.0,0.0,0.0,0.0,0.0,0.0,0.0,0.0,0.0,0.0,0.0,1.0,0.0,0.0,0.0,0.0,0.0,0.0,0.0,1.0,0.0,0.3162841796875,0.012253956001543805,252.0,1.0,0.10606611,12.0,1.0,0.0,0.0,1.0,0.910081,0.0,0.0,0.0,0.0,0.0,0.0,0.0,0.0,0.0,0.0,0.0,0.0,0.0,0.0
ocp_005,Openclipart,public_domain_logo,satinrail,flat_icon_fill,0.10606611,pass,0.10606611,12,1,0.0,0,1.0,0.910081,0.0,0.0,0.0,0,1.0,0.0,0.0,0.0,0.0,0.0,0.0,0.0,0.0,0.0,0.0,0.0,0.0,0.0,0.0,0.0,0.0,0.0,1.0,1.0,0.0,0.0,0.0,0.0,0.0,0.0,1.0,0.0,0.3162841796875,0.012253956001543805,252.0,1.0,0.10606611,12.0,1.0,0.0,0.0,1.0,0.910081,0.0,0.0,0.0,0.0,0.0,0.0,0.0,0.0,0.0,0.0,0.0,0.0,0.0,0.0
ocp_005,Openclipart,public_domain_logo,dtsatin,flat_icon_fill,0.10605129,pass,0.10605129,12,1,0.0,0,1.0,0.910081,0.0,0.0,0.0,0,1.0,0.0,0.0,0.0,0.0,0.0,0.0,0.0,0.0,0.0,0.0,0.0,0.0,0.0,0.0,0.0,0.0,0.0,1.0,0.0,1.0,0.0,0.0,0.0,0.0,0.0,1.0,0.0,0.3162841796875,0.012253956001543805,252.0,1.0,0.10605129,12.0,1.0,0.0,0.0,1.0,0.910081,0.0,0.0,0.0,0.0,0.0,0.0,0.0,0.0,0.0,0.0,0.0,0.0,0.0,0.0
ocp_006,Openclipart,butterfly_2,skeleton_c20_m4,flat_icon_fill,0.35480332,warning,0.14715372,17,1,0.0,0,0.230876,0.843619,0.519124,0.0,0.0,0,1.0,1.0,0.0,0.0,0.0,0.0,0.0,0.0,0.0,0.0,0.0,0.0,0.0,0.0,0.0,0.0,0.0,0.0,0.0,0.0,0.0,0.0,0.0,0.0,0.0,0.0,1.0,0.0,0.372222900390625,0.020906780355825202,93.0,22.0,0.14715372,17.0,1.0,0.0,0.0,0.230876,0.843619,0.0,0.230876,0.0,0.0,0.0,0.0,0.0,0.0,0.0,0.0,0.0,0.0,0.0,0.0
ocp_006,Openclipart,butterfly_2,skeleton_c30_m4,flat_icon_fill,0.35480332,warning,0.14715372,17,1,0.0,0,0.230876,0.843619,0.519124,0.0,0.0,0,1.0,1.0,0.0,0.0,0.0,0.0,0.0,0.0,0.0,0.0,0.0,0.0,0.0,0.0,0.0,0.0,0.0,0.0,0.0,0.0,0.0,0.0,0.0,0.0,0.0,0.0,1.0,0.0,0.372222900390625,0.020906780355825202,93.0,22.0,0.14715372,17.0,1.0,0.0,0.0,0.230876,0.843619,0.0,0.230876,0.0,0.0,0.0,0.0,0.0,0.0,0.0,0.0,0.0,0.0,0.0,0.0
ocp_006,Openclipart,butterfly_2,skeleton_c30_m8,flat_icon_fill,0.39504733,warning,0.16795053,18,3,0.0,0,0.182258,0.822267,0.567742,0.0,0.0,0,1.0,1.0,0.0,0.0,0.0,0.0,0.0,0.0,0.0,0.0,0.0,0.0,0.0,0.0,0.0,0.0,0.0,0.0,0.0,0.0,0.0,0.0,0.0,0.0,0.0,0.0,1.0,0.0,0.372222900390625,0.020906780355825202,93.0,22.0,0.16795053,18.0,3.0,0.0,0.0,0.182258,0.822267,0.0,0.182258,0.0,0.0,0.0,0.0,0.0,0.0,0.0,0.0,0.0,0.0,0.0,0.0
ocp_006,Openclipart,butterfly_2,skeleton_c30_m12,flat_icon_fill,0.35166292,pass,0.11433412,13,1,0.0,0,0.156678,0.809917,0.593322,0.0,0.0,0,1.0,1.0,0.0,0.0,0.0,0.0,0.0,0.0,0.0,0.0,0.0,0.0,0.0,0.0,0.0,0.0,0.0,0.0,0.0,0.0,0.0,0.0,0.0,0.0,0.0,0.0,1.0,0.0,0.372222900390625,0.020906780355825202,93.0,22.0,0.11433412,13.0,1.0,0.0,0.0,0.156678,0.809917,0.0,0.156678,0.0,0.0,0.0,0.0,0.0,0.0,0.0,0.0,0.0,0.0,0.0,0.0
ocp_006,Openclipart,butterfly_2,skeleton_c30_m20,flat_icon_fill,0.33516475,excellent,0.08312755,10,0,0.0,0,0.119907,0.800493,0.630093,0.0,0.0,0,1.0,1.0,0.0,0.0,0.0,0.0,0.0,0.0,0.0,0.0,0.0,0.0,0.0,0.0,0.0,0.0,0.0,0.0,0.0,0.0,0.0,0.0,0.0,0.0,0.0,0.0,1.0,0.0,0.372222900390625,0.020906780355825202,93.0,22.0,0.08312755,10.0,0.0,0.0,0.0,0.119907,0.800493,0.0,0.119907,0.0,0.0,0.0,0.0,0.0,0.0,0.0,0.0,0.0,0.0,0.0,0.0
ocp_006,Openclipart,butterfly_2,auto_evalrepair_r10_c20,flat_icon_fill,0.14899964,warning,0.14899964,5,18,0.0,0,0.966139,0.978372,0.0,0.0,0.0,0,1.0,0.0,1.0,0.0,0.0,0.0,0.0,0.0,0.0,0.0,0.0,0.0,0.0,0.0,0.0,0.0,0.0,0.0,0.0,0.0,0.0,0.0,0.0,0.0,0.0,0.0,1.0,0.0,0.372222900390625,0.020906780355825202,93.0,22.0,0.14899964,5.0,18.0,0.0,0.0,0.966139,0.978372,0.0,0.0,0.966139,0.0,0.0,0.0,0.0,0.0,0.0,0.0,0.0,0.0,0.0,0.0
ocp_006,Openclipart,butterfly_2,auto_evalrepair_r15_c20,flat_icon_fill,0.14899964,warning,0.14899964,5,18,0.0,0,0.966139,0.978372,0.0,0.0,0.0,0,1.0,0.0,1.0,0.0,0.0,0.0,0.0,0.0,0.0,0.0,0.0,0.0,0.0,0.0,0.0,0.0,0.0,0.0,0.0,0.0,0.0,0.0,0.0,0.0,0.0,0.0,1.0,0.0,0.372222900390625,0.020906780355825202,93.0,22.0,0.14899964,5.0,18.0,0.0,0.0,0.966139,0.978372,0.0,0.0,0.966139,0.0,0.0,0.0,0.0,0.0,0.0,0.0,0.0,0.0,0.0,0.0
ocp_006,Openclipart,butterfly_2,mask_fill_rows16_c6,flat_icon_fill,0.36925123,hard_fail,0.32925123,89,15,0.5701,0,0.999795,0.899532,0.0,0.0,0.04,0,1.0,0.0,0.0,1.0,0.0,0.0,0.0,0.0,0.0,0.0,0.0,0.0,0.0,0.0,16.0,0.0,0.0,0.0,0.0,0.0,0.0,0.0,0.0,0.0,0.0,0.0,1.0,0.0,0.372222900390625,0.020906780355825202,93.0,22.0,0.32925123,89.0,15.0,0.5701,0.0,0.999795,0.899532,0.0,0.0,0.0,0.999795,0.0,0.0,0.0,0.0,0.0,0.0,0.0,0.0,0.0,0.0
ocp_006,Openclipart,butterfly_2,mask_fill_edgewalk_rows16_p40,flat_icon_fill,0.43477264,hard_fail,0.39477264,30,6,6.6141,0,0.999795,0.879961,0.0,0.0,0.04,0,1.0,0.0,0.0,1.0,1.0,0.0,0.0,0.0,0.0,0.0,0.0,0.0,0.0,0.0,16.0,40.0,0.0,0.0,0.0,0.0,0.0,0.0,0.0,0.0,0.0,0.0,1.0,0.0,0.372222900390625,0.020906780355825202,93.0,22.0,0.39477264,30.0,6.0,6.6141,0.0,0.999795,0.879961,0.0,0.0,0.0,0.999795,0.0,0.999795,0.0,0.0,0.0,0.0,0.0,0.0,0.0,0.0
ocp_006,Openclipart,butterfly_2,mask_fill_edgewalk_nearestrow_rows16_p40,flat_icon_fill,0.10392872,excellent,0.10392872,7,1,1.7651,0,0.999795,0.885842,0.0,0.0,0.0,0,1.0,0.0,0.0,1.0,1.0,1.0,1.0,0.0,0.0,0.0,0.0,0.0,0.0,0.0,16.0,40.0,0.0,0.0,0.0,0.0,0.0,0.0,0.0,0.0,0.0,0.0,1.0,0.0,0.372222900390625,0.020906780355825202,93.0,22.0,0.10392872,7.0,1.0,1.7651,0.0,0.999795,0.885842,0.0,0.0,0.0,0.999795,0.0,0.999795,0.999795,0.372222900390625,0.0,0.0,0.0,0.0,0.0,0.0
ocp_006,Openclipart,butterfly_2,mask_fill_edgewalk_nearestrow_inset1_rows16_p40,flat_icon_fill,0.13081457,excellent,0.13081457,10,2,1.5982,0,0.999385,0.907497,0.0,0.0,0.0,0,1.0,0.0,0.0,1.0,1.0,1.0,0.0,1.0,1.0,0.0,1.0,0.0,0.0,0.0,16.0,40.0,0.0,0.0,0.0,0.0,0.0,0.0,0.0,0.0,0.0,0.0,1.0,0.0,0.372222900390625,0.020906780355825202,93.0,22.0,0.13081457,10.0,2.0,1.5982,0.0,0.999385,0.907497,0.0,0.0,0.0,0.999385,0.0,0.999385,0.999385,0.372222900390625,0.372222900390625,0.0,0.0,0.0,0.0,0.0
ocp_006,Openclipart,butterfly_2,mask_fill_edgewalk_nearestrow_inset2_rows16_p40,flat_icon_fill,0.0642997,excellent,0.0642997,7,1,0.0,0,0.985939,0.956797,0.0,0.0,0.0,1,1.0,0.0,0.0,1.0,1.0,1.0,0.0,1.0,0.0,1.0,2.0,0.0,0.0,0.0,16.0,40.0,0.0,0.0,0.0,0.0,0.0,0.0,0.0,0.0,0.0,0.0,1.0,0.0,0.372222900390625,0.020906780355825202,93.0,22.0,0.0642997,7.0,1.0,0.0,0.0,0.985939,0.956797,0.0,0.0,0.0,0.985939,0.0,0.985939,0.985939,0.372222900390625,0.372222900390625,0.372222900390625,0.0,0.0,0.0,0.0
ocp_006,Openclipart,butterfly_2,mask_fill_edgewalk_nearestrow_adapt_t3_m6_rows16_p40,flat_icon_fill,0.0642997,excellent,0.0642997,7,1,0.0,0,0.985939,0.956797,0.0,0.0,0.0,0,1.0,0.0,0.0,1.0,1.0,1.0,0.0,0.0,0.0,0.0,0.0,1.0,3.0,6.0,16.0,40.0,0.0,0.0,0.0,0.0,0.0,0.0,0.0,0.0,0.0,0.0,1.0,0.0,0.372222900390625,0.020906780355825202,93.0,22.0,0.0642997,7.0,1.0,0.0,0.0,0.985939,0.956797,0.0,0.0,0.0,0.985939,0.0,0.985939,0.985939,0.372222900390625,0.0,0.0,0.372222900390625,0.020906780355825202,0.0,0.0
ocp_006,Openclipart,butterfly_2,mask_fill_edgewalk_nearestrow_adapt_t4_m8_rows16_p40,flat_icon_fill,0.0642997,excellent,0.0642997,7,1,0.0,0,0.985939,0.956797,0.0,0.0,0.0,0,1.0,0.0,0.0,1.0,1.0,1.0,0.0,0.0,0.0,0.0,0.0,1.0,4.0,8.0,16.0,40.0,0.0,0.0,0.0,0.0,0.0,0.0,0.0,0.0,0.0,0.0,1.0,0.0,0.372222900390625,0.020906780355825202,93.0,22.0,0.0642997,7.0,1.0,0.0,0.0,0.985939,0.956797,0.0,0.0,0.0,0.985939,0.0,0.985939,0.985939,0.372222900390625,0.0,0.0,0.372222900390625,0.020906780355825202,0.0,0.0
ocp_006,Openclipart,butterfly_2,mask_fill_edgewalk_nearestrow_adapt_t2_m5_rows16_p40,flat_icon_fill,0.0642997,excellent,0.0642997,7,1,0.0,0,0.985939,0.956797,0.0,0.0,0.0,0,1.0,0.0,0.0,1.0,1.0,1.0,0.0,0.0,0.0,0.0,0.0,1.0,2.0,5.0,16.0,40.0,0.0,0.0,0.0,0.0,0.0,0.0,0.0,0.0,0.0,0.0,1.0,0.0,0.372222900390625,0.020906780355825202,93.0,22.0,0.0642997,7.0,1.0,0.0,0.0,0.985939,0.956797,0.0,0.0,0.0,0.985939,0.0,0.985939,0.985939,0.372222900390625,0.0,0.0,0.372222900390625,0.020906780355825202,0.0,0.0
ocp_006,Openclipart,butterfly_2,outline_ext_in3,flat_icon_fill,0.4428763,hard_fail,0.4028763,35,7,6.6141,0,0.999795,0.87958,0.0,0.0,0.04,0,1.0,0.0,0.0,0.0,0.0,0.0,0.0,0.0,0.0,0.0,0.0,0.0,0.0,0.0,0.0,0.0,0.0,1.0,0.0,0.0,0.0,0.0,0.0,0.0,0.0,0.0,1.0,0.0,0.372222900390625,0.020906780355825202,93.0,22.0,0.4028763,35.0,7.0,6.6141,0.0,0.999795,0.87958,0.0,0.0,0.0,0.0,0.0,0.0,0.0,0.0,0.0,0.0,0.0,0.0,0.0,0.0
ocp_006,Openclipart,butterfly_2,styleaware,flat_icon_fill,0.43477264,hard_fail,0.39477264,30,6,6.6141,0,0.999795,0.879961,0.0,0.0,0.04,0,1.0,0.0,0.0,0.0,0.0,0.0,0.0,0.0,0.0,0.0,0.0,0.0,0.0,0.0,0.0,0.0,1.0,0.0,0.0,0.0,0.0,0.0,0.0,0.0,0.0,0.0,1.0,0.0,0.372222900390625,0.020906780355825202,93.0,22.0,0.39477264,30.0,6.0,6.6141,0.0,0.999795,0.879961,0.0,0.0,0.0,0.0,0.0,0.0,0.0,0.0,0.0,0.0,0.0,0.0,0.999795,0.0
ocp_006,Openclipart,butterfly_2,satin,flat_icon_fill,0.44286673,hard_fail,0.40286673,35,7,6.6141,0,0.999795,0.879929,0.0,0.0,0.04,0,1.0,0.0,0.0,0.0,0.0,0.0,0.0,0.0,0.0,0.0,0.0,0.0,0.0,0.0,0.0,0.0,0.0,0.0,1.0,0.0,0.0,0.0,0.0,0.0,0.0,0.0,1.0,0.0,0.372222900390625,0.020906780355825202,93.0,22.0,0.40286673,35.0,7.0,6.6141,0.0,0.999795,0.879929,0.0,0.0,0.0,0.0,0.0,0.0,0.0,0.0,0.0,0.0,0.0,0.0,0.0,0.0
ocp_006,Openclipart,butterfly_2,satinrail,flat_icon_fill,0.44286673,hard_fail,0.40286673,35,7,6.6141,0,0.999795,0.879929,0.0,0.0,0.04,0,1.0,0.0,0.0,0.0,0.0,0.0,0.0,0.0,0.0,0.0,0.0,0.0,0.0,0.0,0.0,0.0,0.0,0.0,1.0,1.0,0.0,0.0,0.0,0.0,0.0,0.0,1.0,0.0,0.372222900390625,0.020906780355825202,93.0,22.0,0.40286673,35.0,7.0,6.6141,0.0,0.999795,0.879929,0.0,0.0,0.0,0.0,0.0,0.0,0.0,0.0,0.0,0.0,0.0,0.0,0.0,0.0
ocp_006,Openclipart,butterfly_2,dtsatin,flat_icon_fill,0.44289836,hard_fail,0.40289836,35,7,6.6141,0,0.999795,0.879739,0.0,0.0,0.04,0,1.0,0.0,0.0,0.0,0.0,0.0,0.0,0.0,0.0,0.0,0.0,0.0,0.0,0.0,0.0,0.0,0.0,0.0,1.0,0.0,1.0,0.0,0.0,0.0,0.0,0.0,1.0,0.0,0.372222900390625,0.020906780355825202,93.0,22.0,0.40289836,35.0,7.0,6.6141,0.0,0.999795,0.879739,0.0,0.0,0.0,0.0,0.0,0.0,0.0,0.0,0.0,0.0,0.0,0.0,0.0,0.0
ocp_007,Openclipart,sitting_cat,skeleton_c20_m4,flat_icon_fill,0.29223158,pass,0.10402078,11,2,0.0,0,0.279473,0.993042,0.470527,0.0,0.0,0,1.0,1.0,0.0,0.0,0.0,0.0,0.0,0.0,0.0,0.0,0.0,0.0,0.0,0.0,0.0,0.0,0.0,0.0,0.0,0.0,0.0,0.0,0.0,0.0,0.0,0.0,1.0,0.0,0.3506317138671875,0.026763566734844858,215.0,9.0,0.10402078,11.0,2.0,0.0,0.0,0.279473,0.993042,0.0,0.279473,0.0,0.0,0.0,0.0,0.0,0.0,0.0,0.0,0.0,0.0,0.0,0.0
ocp_007,Openclipart,sitting_cat,skeleton_c30_m4,flat_icon_fill,0.29223158,pass,0.10402078,11,2,0.0,0,0.279473,0.993042,0.470527,0.0,0.0,0,1.0,1.0,0.0,0.0,0.0,0.0,0.0,0.0,0.0,0.0,0.0,0.0,0.0,0.0,0.0,0.0,0.0,0.0,0.0,0.0,0.0,0.0,0.0,0.0,0.0,0.0,1.0,0.0,0.3506317138671875,0.026763566734844858,215.0,9.0,0.10402078,11.0,2.0,0.0,0.0,0.279473,0.993042,0.0,0.279473,0.0,0.0,0.0,0.0,0.0,0.0,0.0,0.0,0.0,0.0,0.0,0.0
ocp_007,Openclipart,sitting_cat,skeleton_c30_m8,flat_icon_fill,0.29216089,excellent,0.09542049,10,2,0.0,0,0.258149,0.992471,0.491851,0.0,0.0,0,1.0,1.0,0.0,0.0,0.0,0.0,0.0,0.0,0.0,0.0,0.0,0.0,0.0,0.0,0.0,0.0,0.0,0.0,0.0,0.0,0.0,0.0,0.0,0.0,0.0,0.0,1.0,0.0,0.3506317138671875,0.026763566734844858,215.0,9.0,0.09542049,10.0,2.0,0.0,0.0,0.258149,0.992471,0.0,0.258149,0.0,0.0,0.0,0.0,0.0,0.0,0.0,0.0,0.0,0.0,0.0,0.0
ocp_007,Openclipart,sitting_cat,skeleton_c30_m12,flat_icon_fill,0.29216089,excellent,0.09542049,10,2,0.0,0,0.258149,0.992471,0.491851,0.0,0.0,0,1.0,1.0,0.0,0.0,0.0,0.0,0.0,0.0,0.0,0.0,0.0,0.0,0.0,0.0,0.0,0.0,0.0,0.0,0.0,0.0,0.0,0.0,0.0,0.0,0.0,0.0,1.0,0.0,0.3506317138671875,0.026763566734844858,215.0,9.0,0.09542049,10.0,2.0,0.0,0.0,0.258149,0.992471,0.0,0.258149,0.0,0.0,0.0,0.0,0.0,0.0,0.0,0.0,0.0,0.0,0.0,0.0
ocp_007,Openclipart,sitting_cat,skeleton_c30_m20,flat_icon_fill,0.30396826,pass,0.10353746,11,2,0.0,0,0.248923,0.992194,0.501077,0.0,0.0,0,1.0,1.0,0.0,0.0,0.0,0.0,0.0,0.0,0.0,0.0,0.0,0.0,0.0,0.0,0.0,0.0,0.0,0.0,0.0,0.0,0.0,0.0,0.0,0.0,0.0,0.0,1.0,0.0,0.3506317138671875,0.026763566734844858,215.0,9.0,0.10353746,11.0,2.0,0.0,0.0,0.248923,0.992194,0.0,0.248923,0.0,0.0,0.0,0.0,0.0,0.0,0.0,0.0,0.0,0.0,0.0,0.0
ocp_007,Openclipart,sitting_cat,auto_evalrepair_r10_c20,flat_icon_fill,0.08902364,pass,0.08902364,5,8,0.0,0,0.989164,0.945665,0.0,0.0,0.0,0,1.0,0.0,1.0,0.0,0.0,0.0,0.0,0.0,0.0,0.0,0.0,0.0,0.0,0.0,0.0,0.0,0.0,0.0,0.0,0.0,0.0,0.0,0.0,0.0,0.0,0.0,1.0,0.0,0.3506317138671875,0.026763566734844858,215.0,9.0,0.08902364,5.0,8.0,0.0,0.0,0.989164,0.945665,0.0,0.0,0.989164,0.0,0.0,0.0,0.0,0.0,0.0,0.0,0.0,0.0,0.0,0.0
ocp_007,Openclipart,sitting_cat,auto_evalrepair_r15_c20,flat_icon_fill,0.08902364,pass,0.08902364,5,8,0.0,0,0.989164,0.945665,0.0,0.0,0.0,0,1.0,0.0,1.0,0.0,0.0,0.0,0.0,0.0,0.0,0.0,0.0,0.0,0.0,0.0,0.0,0.0,0.0,0.0,0.0,0.0,0.0,0.0,0.0,0.0,0.0,0.0,1.0,0.0,0.3506317138671875,0.026763566734844858,215.0,9.0,0.08902364,5.0,8.0,0.0,0.0,0.989164,0.945665,0.0,0.0,0.989164,0.0,0.0,0.0,0.0,0.0,0.0,0.0,0.0,0.0,0.0,0.0
ocp_007,Openclipart,sitting_cat,mask_fill_rows16_c6,flat_icon_fill,0.40643663,hard_fail,0.36643663,137,27,0.0,0,1.0,0.883366,0.0,0.0,0.04,0,1.0,0.0,0.0,1.0,0.0,0.0,0.0,0.0,0.0,0.0,0.0,0.0,0.0,0.0,16.0,0.0,0.0,0.0,0.0,0.0,0.0,0.0,0.0,0.0,0.0,0.0,1.0,0.0,0.3506317138671875,0.026763566734844858,215.0,9.0,0.36643663,137.0,27.0,0.0,0.0,1.0,0.883366,0.0,0.0,0.0,1.0,0.0,0.0,0.0,0.0,0.0,0.0,0.0,0.0,0.0,0.0
ocp_007,Openclipart,sitting_cat,mask_fill_edgewalk_rows16_p40,flat_icon_fill,0.41253963,hard_fail,0.37253963,115,25,0.5657,0,1.0,0.877899,0.0,0.0,0.04,0,1.0,0.0,0.0,1.0,1.0,0.0,0.0,0.0,0.0,0.0,0.0,0.0,0.0,0.0,16.0,40.0,0.0,0.0,0.0,0.0,0.0,0.0,0.0,0.0,0.0,0.0,1.0,0.0,0.3506317138671875,0.026763566734844858,215.0,9.0,0.37253963,115.0,25.0,0.5657,0.0,1.0,0.877899,0.0,0.0,0.0,1.0,0.0,1.0,0.0,0.0,0.0,0.0,0.0,0.0,0.0,0.0
ocp_007,Openclipart,sitting_cat,mask_fill_edgewalk_nearestrow_rows16_p40,flat_icon_fill,0.0445497,excellent,0.0445497,4,0,0.4955,0,1.0,0.874258,0.0,0.0,0.0,1,1.0,0.0,0.0,1.0,1.0,1.0,1.0,0.0,0.0,0.0,0.0,0.0,0.0,0.0,16.0,40.0,0.0,0.0,0.0,0.0,0.0,0.0,0.0,0.0,0.0,0.0,1.0,0.0,0.3506317138671875,0.026763566734844858,215.0,9.0,0.0445497,4.0,0.0,0.4955,0.0,1.0,0.874258,0.0,0.0,0.0,1.0,0.0,1.0,1.0,0.3506317138671875,0.0,0.0,0.0,0.0,0.0,0.0
ocp_007,Openclipart,sitting_cat,mask_fill_edgewalk_nearestrow_inset1_rows16_p40,flat_icon_fill,0.10632535,pass,0.10632535,12,1,0.0,0,0.999608,0.90181,0.0,0.0,0.0,0,1.0,0.0,0.0,1.0,1.0,1.0,0.0,1.0,1.0,0.0,1.0,0.0,0.0,0.0,16.0,40.0,0.0,0.0,0.0,0.0,0.0,0.0,0.0,0.0,0.0,0.0,1.0,0.0,0.3506317138671875,0.026763566734844858,215.0,9.0,0.10632535,12.0,1.0,0.0,0.0,0.999608,0.90181,0.0,0.0,0.0,0.999608,0.0,0.999608,0.999608,0.3506317138671875,0.3506317138671875,0.0,0.0,0.0,0.0,0.0
ocp_007,Openclipart,sitting_cat,mask_fill_edgewalk_nearestrow_inset2_rows16_p40,flat_icon_fill,0.1373412,pass,0.1373412,15,2,0.0,0,0.998042,0.93861,0.0,0.0,0.0,0,1.0,0.0,0.0,1.0,1.0,1.0,0.0,1.0,0.0,1.0,2.0,0.0,0.0,0.0,16.0,40.0,0.0,0.0,0.0,0.0,0.0,0.0,0.0,0.0,0.0,0.0,1.0,0.0,0.3506317138671875,0.026763566734844858,215.0,9.0,0.1373412,15.0,2.0,0.0,0.0,0.998042,0.93861,0.0,0.0,0.0,0.998042,0.0,0.998042,0.998042,0.3506317138671875,0.3506317138671875,0.3506317138671875,0.0,0.0,0.0,0.0
ocp_007,Openclipart,sitting_cat,mask_fill_edgewalk_nearestrow_adapt_t3_m6_rows16_p40,flat_icon_fill,0.1373412,pass,0.1373412,15,2,0.0,0,0.998042,0.93861,0.0,0.0,0.0,0,1.0,0.0,0.0,1.0,1.0,1.0,0.0,0.0,0.0,0.0,0.0,1.0,3.0,6.0,16.0,40.0,0.0,0.0,0.0,0.0,0.0,0.0,0.0,0.0,0.0,0.0,1.0,0.0,0.3506317138671875,0.026763566734844858,215.0,9.0,0.1373412,15.0,2.0,0.0,0.0,0.998042,0.93861,0.0,0.0,0.0,0.998042,0.0,0.998042,0.998042,0.3506317138671875,0.0,0.0,0.3506317138671875,0.026763566734844858,0.0,0.0
ocp_007,Openclipart,sitting_cat,mask_fill_edgewalk_nearestrow_adapt_t4_m8_rows16_p40,flat_icon_fill,0.1373412,pass,0.1373412,15,2,0.0,0,0.998042,0.93861,0.0,0.0,0.0,0,1.0,0.0,0.0,1.0,1.0,1.0,0.0,0.0,0.0,0.0,0.0,1.0,4.0,8.0,16.0,40.0,0.0,0.0,0.0,0.0,0.0,0.0,0.0,0.0,0.0,0.0,1.0,0.0,0.3506317138671875,0.026763566734844858,215.0,9.0,0.1373412,15.0,2.0,0.0,0.0,0.998042,0.93861,0.0,0.0,0.0,0.998042,0.0,0.998042,0.998042,0.3506317138671875,0.0,0.0,0.3506317138671875,0.026763566734844858,0.0,0.0
ocp_007,Openclipart,sitting_cat,mask_fill_edgewalk_nearestrow_adapt_t2_m5_rows16_p40,flat_icon_fill,0.1373412,pass,0.1373412,15,2,0.0,0,0.998042,0.93861,0.0,0.0,0.0,0,1.0,0.0,0.0,1.0,1.0,1.0,0.0,0.0,0.0,0.0,0.0,1.0,2.0,5.0,16.0,40.0,0.0,0.0,0.0,0.0,0.0,0.0,0.0,0.0,0.0,0.0,1.0,0.0,0.3506317138671875,0.026763566734844858,215.0,9.0,0.1373412,15.0,2.0,0.0,0.0,0.998042,0.93861,0.0,0.0,0.0,0.998042,0.0,0.998042,0.998042,0.3506317138671875,0.0,0.0,0.3506317138671875,0.026763566734844858,0.0,0.0
ocp_007,Openclipart,sitting_cat,outline_ext_in3,flat_icon_fill,0.41608084,hard_fail,0.37608084,122,26,0.5657,0,1.0,0.874391,0.0,0.0,0.04,0,1.0,0.0,0.0,0.0,0.0,0.0,0.0,0.0,0.0,0.0,0.0,0.0,0.0,0.0,0.0,0.0,0.0,1.0,0.0,0.0,0.0,0.0,0.0,0.0,0.0,0.0,1.0,0.0,0.3506317138671875,0.026763566734844858,215.0,9.0,0.37608084,122.0,26.0,0.5657,0.0,1.0,0.874391,0.0,0.0,0.0,0.0,0.0,0.0,0.0,0.0,0.0,0.0,0.0,0.0,0.0,0.0
ocp_007,Openclipart,sitting_cat,styleaware,flat_icon_fill,0.41253963,hard_fail,0.37253963,115,25,0.5657,0,1.0,0.877899,0.0,0.0,0.04,0,1.0,0.0,0.0,0.0,0.0,0.0,0.0,0.0,0.0,0.0,0.0,0.0,0.0,0.0,0.0,0.0,1.0,0.0,0.0,0.0,0.0,0.0,0.0,0.0,0.0,0.0,1.0,0.0,0.3506317138671875,0.026763566734844858,215.0,9.0,0.37253963,115.0,25.0,0.5657,0.0,1.0,0.877899,0.0,0.0,0.0,0.0,0.0,0.0,0.0,0.0,0.0,0.0,0.0,0.0,1.0,0.0
ocp_007,Openclipart,sitting_cat,satin,flat_icon_fill,0.41608092,hard_fail,0.37608092,122,26,0.5657,0,1.0,0.875224,0.0,0.0,0.04,0,1.0,0.0,0.0,0.0,0.0,0.0,0.0,0.0,0.0,0.0,0.0,0.0,0.0,0.0,0.0,0.0,0.0,0.0,1.0,0.0,0.0,0.0,0.0,0.0,0.0,0.0,1.0,0.0,0.3506317138671875,0.026763566734844858,215.0,9.0,0.37608092,122.0,26.0,0.5657,0.0,1.0,0.875224,0.0,0.0,0.0,0.0,0.0,0.0,0.0,0.0,0.0,0.0,0.0,0.0,0.0,0.0
ocp_007,Openclipart,sitting_cat,satinrail,flat_icon_fill,0.41608092,hard_fail,0.37608092,122,26,0.5657,0,1.0,0.876258,0.0,0.0,0.04,0,1.0,0.0,0.0,0.0,0.0,0.0,0.0,0.0,0.0,0.0,0.0,0.0,0.0,0.0,0.0,0.0,0.0,0.0,1.0,1.0,0.0,0.0,0.0,0.0,0.0,0.0,1.0,0.0,0.3506317138671875,0.026763566734844858,215.0,9.0,0.37608092,122.0,26.0,0.5657,0.0,1.0,0.876258,0.0,0.0,0.0,0.0,0.0,0.0,0.0,0.0,0.0,0.0,0.0,0.0,0.0,0.0
ocp_007,Openclipart,sitting_cat,dtsatin,flat_icon_fill,0.41609668,hard_fail,0.37609668,122,26,0.5657,0,1.0,0.874358,0.0,0.0,0.04,0,1.0,0.0,0.0,0.0,0.0,0.0,0.0,0.0,0.0,0.0,0.0,0.0,0.0,0.0,0.0,0.0,0.0,0.0,1.0,0.0,1.0,0.0,0.0,0.0,0.0,0.0,1.0,0.0,0.3506317138671875,0.026763566734844858,215.0,9.0,0.37609668,122.0,26.0,0.5657,0.0,1.0,0.874358,0.0,0.0,0.0,0.0,0.0,0.0,0.0,0.0,0.0,0.0,0.0,0.0,0.0,0.0
ocp_008,Openclipart,fish,skeleton_c20_m4,flat_icon_fill,0.27284317,warning,0.14736437,17,1,0.0,0,0.436303,0.907355,0.313697,0.0,0.0,0,1.0,1.0,0.0,0.0,0.0,0.0,0.0,0.0,0.0,0.0,0.0,0.0,0.0,0.0,0.0,0.0,0.0,0.0,0.0,0.0,0.0,0.0,0.0,0.0,0.0,0.0,1.0,0.0,0.27093505859375,0.04218292408200045,64.0,37.0,0.14736437,17.0,1.0,0.0,0.0,0.436303,0.907355,0.0,0.436303,0.0,0.0,0.0,0.0,0.0,0.0,0.0,0.0,0.0,0.0,0.0,0.0
ocp_008,Openclipart,fish,skeleton_c30_m4,flat_icon_fill,0.27284317,warning,0.14736437,17,1,0.0,0,0.436303,0.907355,0.313697,0.0,0.0,0,1.0,1.0,0.0,0.0,0.0,0.0,0.0,0.0,0.0,0.0,0.0,0.0,0.0,0.0,0.0,0.0,0.0,0.0,0.0,0.0,0.0,0.0,0.0,0.0,0.0,0.0,1.0,0.0,0.27093505859375,0.04218292408200045,64.0,37.0,0.14736437,17.0,1.0,0.0,0.0,0.436303,0.907355,0.0,0.436303,0.0,0.0,0.0,0.0,0.0,0.0,0.0,0.0,0.0,0.0,0.0,0.0
ocp_008,Openclipart,fish,skeleton_c30_m8,flat_icon_fill,0.28537996,pass,0.15095796,15,2,0.6229,0,0.413945,0.900404,0.336055,0.0,0.0,0,1.0,1.0,0.0,0.0,0.0,0.0,0.0,0.0,0.0,0.0,0.0,0.0,0.0,0.0,0.0,0.0,0.0,0.0,0.0,0.0,0.0,0.0,0.0,0.0,0.0,0.0,1.0,0.0,0.27093505859375,0.04218292408200045,64.0,37.0,0.15095796,15.0,2.0,0.6229,0.0,0.413945,0.900404,0.0,0.413945,0.0,0.0,0.0,0.0,0.0,0.0,0.0,0.0,0.0,0.0,0.0,0.0
ocp_008,Openclipart,fish,skeleton_c30_m12,flat_icon_fill,0.28904307,pass,0.13094427,15,1,0.0,0,0.354753,0.910129,0.395247,0.0,0.0,0,1.0,1.0,0.0,0.0,0.0,0.0,0.0,0.0,0.0,0.0,0.0,0.0,0.0,0.0,0.0,0.0,0.0,0.0,0.0,0.0,0.0,0.0,0.0,0.0,0.0,0.0,1.0,0.0,0.27093505859375,0.04218292408200045,64.0,37.0,0.13094427,15.0,1.0,0.0,0.0,0.354753,0.910129,0.0,0.354753,0.0,0.0,0.0,0.0,0.0,0.0,0.0,0.0,0.0,0.0,0.0,0.0
ocp_008,Openclipart,fish,skeleton_c30_m20,flat_icon_fill,0.28700153,pass,0.10601473,12,1,0.0,0,0.297533,0.9,0.452467,0.0,0.0,0,1.0,1.0,0.0,0.0,0.0,0.0,0.0,0.0,0.0,0.0,0.0,0.0,0.0,0.0,0.0,0.0,0.0,0.0,0.0,0.0,0.0,0.0,0.0,0.0,0.0,0.0,1.0,0.0,0.27093505859375,0.04218292408200045,64.0,37.0,0.10601473,12.0,1.0,0.0,0.0,0.297533,0.9,0.0,0.297533,0.0,0.0,0.0,0.0,0.0,0.0,0.0,0.0,0.0,0.0,0.0,0.0
ocp_008,Openclipart,fish,auto_evalrepair_r10_c20,flat_icon_fill,0.40485706,hard_fail,0.36485706,5,4,70.2628,10,0.868889,0.945691,0.0,0.0,0.04,0,1.0,0.0,1.0,0.0,0.0,0.0,0.0,0.0,0.0,0.0,0.0,0.0,0.0,0.0,0.0,0.0,0.0,0.0,0.0,0.0,0.0,0.0,0.0,0.0,0.0,0.0,1.0,0.0,0.27093505859375,0.04218292408200045,64.0,37.0,0.36485706,5.0,4.0,70.2628,10.0,0.868889,0.945691,0.0,0.0,0.868889,0.0,0.0,0.0,0.0,0.0,0.0,0.0,0.0,0.0,0.0,0.0
ocp_008,Openclipart,fish,auto_evalrepair_r15_c20,flat_icon_fill,0.40485706,hard_fail,0.36485706,5,4,70.2628,10,0.868889,0.945691,0.0,0.0,0.04,0,1.0,0.0,1.0,0.0,0.0,0.0,0.0,0.0,0.0,0.0,0.0,0.0,0.0,0.0,0.0,0.0,0.0,0.0,0.0,0.0,0.0,0.0,0.0,0.0,0.0,0.0,1.0,0.0,0.27093505859375,0.04218292408200045,64.0,37.0,0.36485706,5.0,4.0,70.2628,10.0,0.868889,0.945691,0.0,0.0,0.868889,0.0,0.0,0.0,0.0,0.0,0.0,0.0,0.0,0.0,0.0,0.0
ocp_008,Openclipart,fish,mask_fill_rows16_c6,flat_icon_fill,0.40372683,hard_fail,0.36372683,143,25,0.0,0,1.0,0.828597,0.0,0.0,0.04,0,1.0,0.0,0.0,1.0,0.0,0.0,0.0,0.0,0.0,0.0,0.0,0.0,0.0,0.0,16.0,0.0,0.0,0.0,0.0,0.0,0.0,0.0,0.0,0.0,0.0,0.0,1.0,0.0,0.27093505859375,0.04218292408200045,64.0,37.0,0.36372683,143.0,25.0,0.0,0.0,1.0,0.828597,0.0,0.0,0.0,1.0,0.0,0.0,0.0,0.0,0.0,0.0,0.0,0.0,0.0,0.0
ocp_008,Openclipart,fish,mask_fill_edgewalk_rows16_p40,flat_icon_fill,0.39774147,hard_fail,0.35774147,77,16,1.6268,0,1.0,0.805334,0.0,0.0,0.04,0,1.0,0.0,0.0,1.0,1.0,0.0,0.0,0.0,0.0,0.0,0.0,0.0,0.0,0.0,16.0,40.0,0.0,0.0,0.0,0.0,0.0,0.0,0.0,0.0,0.0,0.0,1.0,0.0,0.27093505859375,0.04218292408200045,64.0,37.0,0.35774147,77.0,16.0,1.6268,0.0,1.0,0.805334,0.0,0.0,0.0,1.0,0.0,1.0,0.0,0.0,0.0,0.0,0.0,0.0,0.0,0.0
ocp_008,Openclipart,fish,mask_fill_edgewalk_nearestrow_rows16_p40,flat_icon_fill,0.04416606,excellent,0.04416606,4,0,0.4955,0,1.0,0.807752,0.0,0.0,0.0,1,1.0,0.0,0.0,1.0,1.0,1.0,1.0,0.0,0.0,0.0,0.0,0.0,0.0,0.0,16.0,40.0,0.0,0.0,0.0,0.0,0.0,0.0,0.0,0.0,0.0,0.0,1.0,0.0,0.27093505859375,0.04218292408200045,64.0,37.0,0.04416606,4.0,0.0,0.4955,0.0,1.0,0.807752,0.0,0.0,0.0,1.0,0.0,1.0,1.0,0.27093505859375,0.0,0.0,0.0,0.0,0.0,0.0
ocp_008,Openclipart,fish,mask_fill_edgewalk_nearestrow_inset1_rows16_p40,flat_icon_fill,0.04959581,excellent,0.04959581,6,0,0.0,0,0.998761,0.836391,0.0,0.0,0.0,0,1.0,0.0,0.0,1.0,1.0,1.0,0.0,1.0,1.0,0.0,1.0,0.0,0.0,0.0,16.0,40.0,0.0,0.0,0.0,0.0,0.0,0.0,0.0,0.0,0.0,0.0,1.0,0.0,0.27093505859375,0.04218292408200045,64.0,37.0,0.04959581,6.0,0.0,0.0,0.0,0.998761,0.836391,0.0,0.0,0.0,0.998761,0.0,0.998761,0.998761,0.27093505859375,0.27093505859375,0.0,0.0,0.0,0.0,0.0
ocp_008,Openclipart,fish,mask_fill_edgewalk_nearestrow_inset2_rows16_p40,flat_icon_fill,0.10346588,pass,0.10346588,11,2,0.0,0,0.976121,0.909244,0.0,0.0,0.0,0,1.0,0.0,0.0,1.0,1.0,1.0,0.0,1.0,0.0,1.0,2.0,0.0,0.0,0.0,16.0,40.0,0.0,0.0,0.0,0.0,0.0,0.0,0.0,0.0,0.0,0.0,1.0,0.0,0.27093505859375,0.04218292408200045,64.0,37.0,0.10346588,11.0,2.0,0.0,0.0,0.976121,0.909244,0.0,0.0,0.0,0.976121,0.0,0.976121,0.976121,0.27093505859375,0.27093505859375,0.27093505859375,0.0,0.0,0.0,0.0
ocp_008,Openclipart,fish,mask_fill_edgewalk_nearestrow_adapt_t3_m6_rows16_p40,flat_icon_fill,0.10346588,pass,0.10346588,11,2,0.0,0,0.976121,0.909244,0.0,0.0,0.0,0,1.0,0.0,0.0,1.0,1.0,1.0,0.0,0.0,0.0,0.0,0.0,1.0,3.0,6.0,16.0,40.0,0.0,0.0,0.0,0.0,0.0,0.0,0.0,0.0,0.0,0.0,1.0,0.0,0.27093505859375,0.04218292408200045,64.0,37.0,0.10346588,11.0,2.0,0.0,0.0,0.976121,0.909244,0.0,0.0,0.0,0.976121,0.0,0.976121,0.976121,0.27093505859375,0.0,0.0,0.27093505859375,0.04218292408200045,0.0,0.0
ocp_008,Openclipart,fish,mask_fill_edgewalk_nearestrow_adapt_t4_m8_rows16_p40,flat_icon_fill,0.10346588,pass,0.10346588,11,2,0.0,0,0.976121,0.909244,0.0,0.0,0.0,0,1.0,0.0,0.0,1.0,1.0,1.0,0.0,0.0,0.0,0.0,0.0,1.0,4.0,8.0,16.0,40.0,0.0,0.0,0.0,0.0,0.0,0.0,0.0,0.0,0.0,0.0,1.0,0.0,0.27093505859375,0.04218292408200045,64.0,37.0,0.10346588,11.0,2.0,0.0,0.0,0.976121,0.909244,0.0,0.0,0.0,0.976121,0.0,0.976121,0.976121,0.27093505859375,0.0,0.0,0.27093505859375,0.04218292408200045,0.0,0.0
ocp_008,Openclipart,fish,mask_fill_edgewalk_nearestrow_adapt_t2_m5_rows16_p40,flat_icon_fill,0.10346588,pass,0.10346588,11,2,0.0,0,0.976121,0.909244,0.0,0.0,0.0,0,1.0,0.0,0.0,1.0,1.0,1.0,0.0,0.0,0.0,0.0,0.0,1.0,2.0,5.0,16.0,40.0,0.0,0.0,0.0,0.0,0.0,0.0,0.0,0.0,0.0,0.0,1.0,0.0,0.27093505859375,0.04218292408200045,64.0,37.0,0.10346588,11.0,2.0,0.0,0.0,0.976121,0.909244,0.0,0.0,0.0,0.976121,0.0,0.976121,0.976121,0.27093505859375,0.0,0.0,0.27093505859375,0.04218292408200045,0.0,0.0
ocp_008,Openclipart,fish,outline_ext_in3,flat_icon_fill,0.40557805,hard_fail,0.36557805,82,17,1.6268,0,1.0,0.804531,0.0,0.0,0.04,0,1.0,0.0,0.0,0.0,0.0,0.0,0.0,0.0,0.0,0.0,0.0,0.0,0.0,0.0,0.0,0.0,0.0,1.0,0.0,0.0,0.0,0.0,0.0,0.0,0.0,0.0,1.0,0.0,0.27093505859375,0.04218292408200045,64.0,37.0,0.36557805,82.0,17.0,1.6268,0.0,1.0,0.804531,0.0,0.0,0.0,0.0,0.0,0.0,0.0,0.0,0.0,0.0,0.0,0.0,0.0,0.0
ocp_008,Openclipart,fish,styleaware,flat_icon_fill,0.39774147,hard_fail,0.35774147,77,16,1.6268,0,1.0,0.805334,0.0,0.0,0.04,0,1.0,0.0,0.0,0.0,0.0,0.0,0.0,0.0,0.0,0.0,0.0,0.0,0.0,0.0,0.0,0.0,1.0,0.0,0.0,0.0,0.0,0.0,0.0,0.0,0.0,0.0,1.0,0.0,0.27093505859375,0.04218292408200045,64.0,37.0,0.35774147,77.0,16.0,1.6268,0.0,1.0,0.805334,0.0,0.0,0.0,0.0,0.0,0.0,0.0,0.0,0.0,0.0,0.0,0.0,1.0,0.0
ocp_008,Openclipart,fish,satin,flat_icon_fill,0.41723384,hard_fail,0.37723384,82,17,2.1454,0,1.0,0.80464,0.0,0.0,0.04,0,1.0,0.0,0.0,0.0,0.0,0.0,0.0,0.0,0.0,0.0,0.0,0.0,0.0,0.0,0.0,0.0,0.0,0.0,1.0,0.0,0.0,0.0,0.0,0.0,0.0,0.0,1.0,0.0,0.27093505859375,0.04218292408200045,64.0,37.0,0.37723384,82.0,17.0,2.1454,0.0,1.0,0.80464,0.0,0.0,0.0,0.0,0.0,0.0,0.0,0.0,0.0,0.0,0.0,0.0,0.0,0.0
ocp_008,Openclipart,fish,satinrail,flat_icon_fill,0.40556534,hard_fail,0.36556534,82,17,1.6268,0,1.0,0.805078,0.0,0.0,0.04,0,1.0,0.0,0.0,0.0,0.0,0.0,0.0,0.0,0.0,0.0,0.0,0.0,0.0,0.0,0.0,0.0,0.0,0.0,1.0,1.0,0.0,0.0,0.0,0.0,0.0,0.0,1.0,0.0,0.27093505859375,0.04218292408200045,64.0,37.0,0.36556534,82.0,17.0,1.6268,0.0,1.0,0.805078,0.0,0.0,0.0,0.0,0.0,0.0,0.0,0.0,0.0,0.0,0.0,0.0,0.0,0.0
ocp_008,Openclipart,fish,dtsatin,flat_icon_fill,0.40559031,hard_fail,0.36559031,82,17,1.6268,0,1.0,0.804932,0.0,0.0,0.04,0,1.0,0.0,0.0,0.0,0.0,0.0,0.0,0.0,0.0,0.0,0.0,0.0,0.0,0.0,0.0,0.0,0.0,0.0,1.0,0.0,1.0,0.0,0.0,0.0,0.0,0.0,1.0,0.0,0.27093505859375,0.04218292408200045,64.0,37.0,0.36559031,82.0,17.0,1.6268,0.0,1.0,0.804932,0.0,0.0,0.0,0.0,0.0,0.0,0.0,0.0,0.0,0.0,0.0,0.0,0.0,0.0
ocp_009,Openclipart,flower_2,skeleton_c20_m4,flat_icon_fill,0.32746741,hard_fail,0.21952261,28,2,0.0,0,0.580138,0.836159,0.169862,0.0,0.04,0,1.0,1.0,0.0,0.0,0.0,0.0,0.0,0.0,0.0,0.0,0.0,0.0,0.0,0.0,0.0,0.0,0.0,0.0,0.0,0.0,0.0,0.0,0.0,0.0,0.0,0.0,0.55,0.45,0.234771728515625,0.07773300402963733,110.0,62.0,0.21952261,28.0,2.0,0.0,0.0,0.580138,0.836159,0.45,0.580138,0.0,0.0,0.0,0.0,0.0,0.0,0.0,0.0,0.0,0.0,0.0,0.0
ocp_009,Openclipart,flower_2,skeleton_c30_m4,flat_icon_fill,0.32746741,hard_fail,0.21952261,28,2,0.0,0,0.580138,0.836159,0.169862,0.0,0.04,0,1.0,1.0,0.0,0.0,0.0,0.0,0.0,0.0,0.0,0.0,0.0,0.0,0.0,0.0,0.0,0.0,0.0,0.0,0.0,0.0,0.0,0.0,0.0,0.0,0.0,0.0,0.55,0.45,0.234771728515625,0.07773300402963733,110.0,62.0,0.21952261,28.0,2.0,0.0,0.0,0.580138,0.836159,0.45,0.580138,0.0,0.0,0.0,0.0,0.0,0.0,0.0,0.0,0.0,0.0,0.0,0.0
ocp_009,Openclipart,flower_2,skeleton_c30_m8,flat_icon_fill,0.3436815,hard_fail,0.2149383,30,1,0.0,0,0.528142,0.855999,0.221858,0.0,0.04,0,1.0,1.0,0.0,0.0,0.0,0.0,0.0,0.0,0.0,0.0,0.0,0.0,0.0,0.0,0.0,0.0,0.0,0.0,0.0,0.0,0.0,0.0,0.0,0.0,0.0,0.0,0.55,0.45,0.234771728515625,0.07773300402963733,110.0,62.0,0.2149383,30.0,1.0,0.0,0.0,0.528142,0.855999,0.45,0.528142,0.0,0.0,0.0,0.0,0.0,0.0,0.0,0.0,0.0,0.0,0.0,0.0
ocp_009,Openclipart,flower_2,skeleton_c30_m12,flat_icon_fill,0.2671869,warning,0.1547081,18,1,0.0,0,0.468803,0.873245,0.281197,0.0,0.0,0,1.0,1.0,0.0,0.0,0.0,0.0,0.0,0.0,0.0,0.0,0.0,0.0,0.0,0.0,0.0,0.0,0.0,0.0,0.0,0.0,0.0,0.0,0.0,0.0,0.0,0.0,0.55,0.45,0.234771728515625,0.07773300402963733,110.0,62.0,0.1547081,18.0,1.0,0.0,0.0,0.468803,0.873245,0.45,0.468803,0.0,0.0,0.0,0.0,0.0,0.0,0.0,0.0,0.0,0.0,0.0,0.0
ocp_009,Openclipart,flower_2,skeleton_c30_m20,flat_icon_fill,0.32200701,warning,0.16925781,19,2,0.0,0,0.368127,0.896912,0.381873,0.0,0.0,0,1.0,1.0,0.0,0.0,0.0,0.0,0.0,0.0,0.0,0.0,0.0,0.0,0.0,0.0,0.0,0.0,0.0,0.0,0.0,0.0,0.0,0.0,0.0,0.0,0.0,0.0,0.55,0.45,0.234771728515625,0.07773300402963733,110.0,62.0,0.16925781,19.0,2.0,0.0,0.0,0.368127,0.896912,0.45,0.368127,0.0,0.0,0.0,0.0,0.0,0.0,0.0,0.0,0.0,0.0,0.0,0.0
ocp_009,Openclipart,flower_2,auto_evalrepair_r10_c20,flat_icon_fill,0.44832879,hard_fail,0.29124839,36,14,0.0,0,0.457299,0.87252,0.292701,0.0,0.04,0,1.0,0.0,1.0,0.0,0.0,0.0,0.0,0.0,0.0,0.0,0.0,0.0,0.0,0.0,0.0,0.0,0.0,0.0,0.0,0.0,0.0,0.0,0.0,0.0,0.0,0.0,0.55,0.45,0.234771728515625,0.07773300402963733,110.0,62.0,0.29124839,36.0,14.0,0.0,0.0,0.457299,0.87252,0.0,0.0,0.457299,0.0,0.0,0.0,0.0,0.0,0.0,0.0,0.0,0.0,0.0,0.0
ocp_009,Openclipart,flower_2,auto_evalrepair_r15_c20,flat_icon_fill,0.44832879,hard_fail,0.29124839,36,14,0.0,0,0.457299,0.87252,0.292701,0.0,0.04,0,1.0,0.0,1.0,0.0,0.0,0.0,0.0,0.0,0.0,0.0,0.0,0.0,0.0,0.0,0.0,0.0,0.0,0.0,0.0,0.0,0.0,0.0,0.0,0.0,0.0,0.0,0.55,0.45,0.234771728515625,0.07773300402963733,110.0,62.0,0.29124839,36.0,14.0,0.0,0.0,0.457299,0.87252,0.0,0.0,0.457299,0.0,0.0,0.0,0.0,0.0,0.0,0.0,0.0,0.0,0.0,0.0
ocp_009,Openclipart,flower_2,mask_fill_rows16_c6,flat_icon_fill,0.40966633,hard_fail,0.36966633,173,21,0.0,0,0.998245,0.746525,0.0,0.0,0.04,0,1.0,0.0,0.0,1.0,0.0,0.0,0.0,0.0,0.0,0.0,0.0,0.0,0.0,0.0,16.0,0.0,0.0,0.0,0.0,0.0,0.0,0.0,0.0,0.0,0.0,0.0,0.55,0.45,0.234771728515625,0.07773300402963733,110.0,62.0,0.36966633,173.0,21.0,0.0,0.0,0.998245,0.746525,0.0,0.0,0.0,0.998245,0.45,0.0,0.0,0.0,0.0,0.0,0.0,0.0,0.0,0.0
ocp_009,Openclipart,flower_2,mask_fill_edgewalk_rows16_p40,flat_icon_fill,0.3781849,hard_fail,0.3381849,52,11,2.4294,0,0.999675,0.70701,0.0,0.0,0.04,0,1.0,0.0,0.0,1.0,1.0,0.0,0.0,0.0,0.0,0.0,0.0,0.0,0.0,0.0,16.0,40.0,0.0,0.0,0.0,0.0,0.0,0.0,0.0,0.0,0.0,0.0,0.55,0.45,0.234771728515625,0.07773300402963733,110.0,62.0,0.3381849,52.0,11.0,2.4294,0.0,0.999675,0.70701,0.0,0.0,0.0,0.999675,0.45,0.999675,0.0,0.0,0.0,0.0,0.0,0.0,0.0,0.0
ocp_009,Openclipart,flower_2,mask_fill_edgewalk_nearestrow_rows16_p40,flat_icon_fill,0.07523601,excellent,0.07523601,7,1,0.4955,0,0.99896,0.715849,0.0,0.0,0.0,0,1.0,0.0,0.0,1.0,1.0,1.0,1.0,0.0,0.0,0.0,0.0,0.0,0.0,0.0,16.0,40.0,0.0,0.0,0.0,0.0,0.0,0.0,0.0,0.0,0.0,0.0,0.55,0.45,0.234771728515625,0.07773300402963733,110.0,62.0,0.07523601,7.0,1.0,0.4955,0.0,0.99896,0.715849,0.0,0.0,0.0,0.99896,0.45,0.99896,0.99896,0.234771728515625,0.0,0.0,0.0,0.0,0.0,0.0
ocp_009,Openclipart,flower_2,mask_fill_edgewalk_nearestrow_inset1_rows16_p40,flat_icon_fill,0.02474275,excellent,0.02474275,3,0,0.0,0,0.99727,0.765745,0.0,0.0,0.0,1,1.0,0.0,0.0,1.0,1.0,1.0,0.0,1.0,1.0,0.0,1.0,0.0,0.0,0.0,16.0,40.0,0.0,0.0,0.0,0.0,0.0,0.0,0.0,0.0,0.0,0.0,0.55,0.45,0.234771728515625,0.07773300402963733,110.0,62.0,0.02474275,3.0,0.0,0.0,0.0,0.99727,0.765745,0.0,0.0,0.0,0.99727,0.45,0.99727,0.99727,0.234771728515625,0.234771728515625,0.0,0.0,0.0,0.0,0.0
ocp_009,Openclipart,flower_2,mask_fill_edgewalk_nearestrow_inset2_rows16_p40,flat_icon_fill,0.06442548,excellent,0.06442548,7,1,0.0,0,0.954244,0.843066,0.0,0.0,0.0,0,1.0,0.0,0.0,1.0,1.0,1.0,0.0,1.0,0.0,1.0,2.0,0.0,0.0,0.0,16.0,40.0,0.0,0.0,0.0,0.0,0.0,0.0,0.0,0.0,0.0,0.0,0.55,0.45,0.234771728515625,0.07773300402963733,110.0,62.0,0.06442548,7.0,1.0,0.0,0.0,0.954244,0.843066,0.0,0.0,0.0,0.954244,0.45,0.954244,0.954244,0.234771728515625,0.234771728515625,0.234771728515625,0.0,0.0,0.0,0.0
ocp_009,Openclipart,flower_2,mask_fill_edgewalk_nearestrow_adapt_t3_m6_rows16_p40,flat_icon_fill,0.06442548,excellent,0.06442548,7,1,0.0,0,0.954244,0.843066,0.0,0.0,0.0,0,1.0,0.0,0.0,1.0,1.0,1.0,0.0,0.0,0.0,0.0,0.0,1.0,3.0,6.0,16.0,40.0,0.0,0.0,0.0,0.0,0.0,0.0,0.0,0.0,0.0,0.0,0.55,0.45,0.234771728515625,0.07773300402963733,110.0,62.0,0.06442548,7.0,1.0,0.0,0.0,0.954244,0.843066,0.0,0.0,0.0,0.954244,0.45,0.954244,0.954244,0.234771728515625,0.0,0.0,0.234771728515625,0.07773300402963733,0.0,0.0
ocp_009,Openclipart,flower_2,mask_fill_edgewalk_nearestrow_adapt_t4_m8_rows16_p40,flat_icon_fill,0.06442548,excellent,0.06442548,7,1,0.0,0,0.954244,0.843066,0.0,0.0,0.0,0,1.0,0.0,0.0,1.0,1.0,1.0,0.0,0.0,0.0,0.0,0.0,1.0,4.0,8.0,16.0,40.0,0.0,0.0,0.0,0.0,0.0,0.0,0.0,0.0,0.0,0.0,0.55,0.45,0.234771728515625,0.07773300402963733,110.0,62.0,0.06442548,7.0,1.0,0.0,0.0,0.954244,0.843066,0.0,0.0,0.0,0.954244,0.45,0.954244,0.954244,0.234771728515625,0.0,0.0,0.234771728515625,0.07773300402963733,0.0,0.0
ocp_009,Openclipart,flower_2,mask_fill_edgewalk_nearestrow_adapt_t2_m5_rows16_p40,flat_icon_fill,0.06442548,excellent,0.06442548,7,1,0.0,0,0.954244,0.843066,0.0,0.0,0.0,0,1.0,0.0,0.0,1.0,1.0,1.0,0.0,0.0,0.0,0.0,0.0,1.0,2.0,5.0,16.0,40.0,0.0,0.0,0.0,0.0,0.0,0.0,0.0,0.0,0.0,0.0,0.55,0.45,0.234771728515625,0.07773300402963733,110.0,62.0,0.06442548,7.0,1.0,0.0,0.0,0.954244,0.843066,0.0,0.0,0.0,0.954244,0.45,0.954244,0.954244,0.234771728515625,0.0,0.0,0.234771728515625,0.07773300402963733,0.0,0.0
ocp_009,Openclipart,flower_2,outline_ext_in3,flat_icon_fill,0.40179406,hard_fail,0.36179406,67,14,2.4294,0,0.999675,0.70688,0.0,0.0,0.04,0,1.0,0.0,0.0,0.0,0.0,0.0,0.0,0.0,0.0,0.0,0.0,0.0,0.0,0.0,0.0,0.0,0.0,1.0,0.0,0.0,0.0,0.0,0.0,0.0,0.0,0.0,0.55,0.45,0.234771728515625,0.07773300402963733,110.0,62.0,0.36179406,67.0,14.0,2.4294,0.0,0.999675,0.70688,0.0,0.0,0.0,0.0,0.0,0.0,0.0,0.0,0.0,0.0,0.0,0.0,0.0,0.0
ocp_009,Openclipart,flower_2,styleaware,flat_icon_fill,0.3781849,hard_fail,0.3381849,52,11,2.4294,0,0.999675,0.70701,0.0,0.0,0.04,0,1.0,0.0,0.0,0.0,0.0,0.0,0.0,0.0,0.0,0.0,0.0,0.0,0.0,0.0,0.0,0.0,1.0,0.0,0.0,0.0,0.0,0.0,0.0,0.0,0.0,0.0,0.55,0.45,0.234771728515625,0.07773300402963733,110.0,62.0,0.3381849,52.0,11.0,2.4294,0.0,0.999675,0.70701,0.0,0.0,0.0,0.0,0.0,0.0,0.0,0.0,0.0,0.0,0.0,0.0,0.999675,0.45
ocp_009,Openclipart,flower_2,satin,flat_icon_fill,0.41146449,hard_fail,0.37146449,65,14,2.9008,0,0.999805,0.706096,0.0,0.0,0.04,0,1.0,0.0,0.0,0.0,0.0,0.0,0.0,0.0,0.0,0.0,0.0,0.0,0.0,0.0,0.0,0.0,0.0,0.0,1.0,0.0,0.0,0.0,0.0,0.0,0.0,0.0,0.55,0.45,0.234771728515625,0.07773300402963733,110.0,62.0,0.37146449,65.0,14.0,2.9008,0.0,0.999805,0.706096,0.0,0.0,0.0,0.0,0.0,0.0,0.0,0.0,0.0,0.0,0.0,0.0,0.0,0.0
ocp_009,Openclipart,flower_2,satinrail,flat_icon_fill,0.40089306,hard_fail,0.36089306,65,14,2.4294,0,0.999805,0.706225,0.0,0.0,0.04,0,1.0,0.0,0.0,0.0,0.0,0.0,0.0,0.0,0.0,0.0,0.0,0.0,0.0,0.0,0.0,0.0,0.0,0.0,1.0,1.0,0.0,0.0,0.0,0.0,0.0,0.0,0.55,0.45,0.234771728515625,0.07773300402963733,110.0,62.0,0.36089306,65.0,14.0,2.4294,0.0,0.999805,0.706225,0.0,0.0,0.0,0.0,0.0,0.0,0.0,0.0,0.0,0.0,0.0,0.0,0.0,0.0
ocp_009,Openclipart,flower_2,dtsatin,flat_icon_fill,0.39381612,hard_fail,0.35381612,63,13,2.4294,0,0.999675,0.706977,0.0,0.0,0.04,0,1.0,0.0,0.0,0.0,0.0,0.0,0.0,0.0,0.0,0.0,0.0,0.0,0.0,0.0,0.0,0.0,0.0,0.0,1.0,0.0,1.0,0.0,0.0,0.0,0.0,0.0,0.55,0.45,0.234771728515625,0.07773300402963733,110.0,62.0,0.35381612,63.0,13.0,2.4294,0.0,0.999675,0.706977,0.0,0.0,0.0,0.0,0.0,0.0,0.0,0.0,0.0,0.0,0.0,0.0,0.0,0.0
ocp_010,Openclipart,thought_bubble,skeleton_c20_m4,flat_icon_fill,0.32275524,excellent,0.06424604,7,1,0.0,0,0.103727,0.986123,0.646273,0.0,0.0,0,1.0,1.0,0.0,0.0,0.0,0.0,0.0,0.0,0.0,0.0,0.0,0.0,0.0,0.0,0.0,0.0,0.0,0.0,0.0,0.0,0.0,0.0,0.0,0.0,0.0,0.0,1.0,0.0,0.3345184326171875,0.013319344980157825,66.0,15.0,0.06424604,7.0,1.0,0.0,0.0,0.103727,0.986123,0.0,0.103727,0.0,0.0,0.0,0.0,0.0,0.0,0.0,0.0,0.0,0.0,0.0,0.0
ocp_010,Openclipart,thought_bubble,skeleton_c30_m4,flat_icon_fill,0.29797854,excellent,0.04757014,5,1,0.0,0,0.123979,0.988364,0.626021,0.0,0.0,0,1.0,1.0,0.0,0.0,0.0,0.0,0.0,0.0,0.0,0.0,0.0,0.0,0.0,0.0,0.0,0.0,0.0,0.0,0.0,0.0,0.0,0.0,0.0,0.0,0.0,0.0,1.0,0.0,0.3345184326171875,0.013319344980157825,66.0,15.0,0.04757014,5.0,1.0,0.0,0.0,0.123979,0.988364,0.0,0.123979,0.0,0.0,0.0,0.0,0.0,0.0,0.0,0.0,0.0,0.0,0.0,0.0
ocp_010,Openclipart,thought_bubble,skeleton_c30_m8,flat_icon_fill,0.3175235,excellent,0.0475375,5,1,0.0,0,0.075035,0.980918,0.674965,0.0,0.0,0,1.0,1.0,0.0,0.0,0.0,0.0,0.0,0.0,0.0,0.0,0.0,0.0,0.0,0.0,0.0,0.0,0.0,0.0,0.0,0.0,0.0,0.0,0.0,0.0,0.0,0.0,1.0,0.0,0.3345184326171875,0.013319344980157825,66.0,15.0,0.0475375,5.0,1.0,0.0,0.0,0.075035,0.980918,0.0,0.075035,0.0,0.0,0.0,0.0,0.0,0.0,0.0,0.0,0.0,0.0,0.0,0.0
ocp_010,Openclipart,thought_bubble,skeleton_c30_m12,flat_icon_fill,0.31906971,excellent,0.04760611,5,1,0.0,0,0.071341,0.97995,0.678659,0.0,0.0,0,1.0,1.0,0.0,0.0,0.0,0.0,0.0,0.0,0.0,0.0,0.0,0.0,0.0,0.0,0.0,0.0,0.0,0.0,0.0,0.0,0.0,0.0,0.0,0.0,0.0,0.0,1.0,0.0,0.3345184326171875,0.013319344980157825,66.0,15.0,0.04760611,5.0,1.0,0.0,0.0,0.071341,0.97995,0.0,0.071341,0.0,0.0,0.0,0.0,0.0,0.0,0.0,0.0,0.0,0.0,0.0,0.0
ocp_010,Openclipart,thought_bubble,skeleton_c30_m20,flat_icon_fill,0.2880028,excellent,0.008,1,0,0.0,0,0.049993,1.0,0.700007,0.0,0.0,0,1.0,1.0,0.0,0.0,0.0,0.0,0.0,0.0,0.0,0.0,0.0,0.0,0.0,0.0,0.0,0.0,0.0,0.0,0.0,0.0,0.0,0.0,0.0,0.0,0.0,0.0,1.0,0.0,0.3345184326171875,0.013319344980157825,66.0,15.0,0.008,1.0,0.0,0.0,0.0,0.049993,1.0,0.0,0.049993,0.0,0.0,0.0,0.0,0.0,0.0,0.0,0.0,0.0,0.0,0.0,0.0
ocp_010,Openclipart,thought_bubble,auto_evalrepair_r10_c20,flat_icon_fill,0.0324356,excellent,0.008,1,0,0.0,0,0.688911,0.988028,0.061089,0.0,0.0,1,1.0,0.0,1.0,0.0,0.0,0.0,0.0,0.0,0.0,0.0,0.0,0.0,0.0,0.0,0.0,0.0,0.0,0.0,0.0,0.0,0.0,0.0,0.0,0.0,0.0,0.0,1.0,0.0,0.3345184326171875,0.013319344980157825,66.0,15.0,0.008,1.0,0.0,0.0,0.0,0.688911,0.988028,0.0,0.0,0.688911,0.0,0.0,0.0,0.0,0.0,0.0,0.0,0.0,0.0,0.0,0.0
ocp_010,Openclipart,thought_bubble,auto_evalrepair_r15_c20,flat_icon_fill,0.0324356,excellent,0.008,1,0,0.0,0,0.688911,0.988028,0.061089,0.0,0.0,0,1.0,0.0,1.0,0.0,0.0,0.0,0.0,0.0,0.0,0.0,0.0,0.0,0.0,0.0,0.0,0.0,0.0,0.0,0.0,0.0,0.0,0.0,0.0,0.0,0.0,0.0,1.0,0.0,0.3345184326171875,0.013319344980157825,66.0,15.0,0.008,1.0,0.0,0.0,0.0,0.688911,0.988028,0.0,0.0,0.688911,0.0,0.0,0.0,0.0,0.0,0.0,0.0,0.0,0.0,0.0,0.0
ocp_010,Openclipart,thought_bubble,mask_fill_rows16_c6,flat_icon_fill,0.26017684,hard_fail,0.22017684,27,2,0.0,0,0.999863,0.927007,0.0,0.0,0.04,0,1.0,0.0,0.0,1.0,0.0,0.0,0.0,0.0,0.0,0.0,0.0,0.0,0.0,0.0,16.0,0.0,0.0,0.0,0.0,0.0,0.0,0.0,0.0,0.0,0.0,0.0,1.0,0.0,0.3345184326171875,0.013319344980157825,66.0,15.0,0.22017684,27.0,2.0,0.0,0.0,0.999863,0.927007,0.0,0.0,0.0,0.999863,0.0,0.0,0.0,0.0,0.0,0.0,0.0,0.0,0.0,0.0
ocp_010,Openclipart,thought_bubble,mask_fill_edgewalk_rows16_p40,flat_icon_fill,0.1315153,pass,0.1315153,13,2,0.4955,0,0.999954,0.911669,0.0,0.0,0.0,0,1.0,0.0,0.0,1.0,1.0,0.0,0.0,0.0,0.0,0.0,0.0,0.0,0.0,0.0,16.0,40.0,0.0,0.0,0.0,0.0,0.0,0.0,0.0,0.0,0.0,0.0,1.0,0.0,0.3345184326171875,0.013319344980157825,66.0,15.0,0.1315153,13.0,2.0,0.4955,0.0,0.999954,0.911669,0.0,0.0,0.0,0.999954,0.0,0.999954,0.0,0.0,0.0,0.0,0.0,0.0,0.0,0.0
ocp_010,Openclipart,thought_bubble,mask_fill_edgewalk_nearestrow_rows16_p40,flat_icon_fill,0.06949863,excellent,0.06949863,6,1,0.6083,0,1.0,0.911105,0.0,0.0,0.0,0,1.0,0.0,0.0,1.0,1.0,1.0,1.0,0.0,0.0,0.0,0.0,0.0,0.0,0.0,16.0,40.0,0.0,0.0,0.0,0.0,0.0,0.0,0.0,0.0,0.0,0.0,1.0,0.0,0.3345184326171875,0.013319344980157825,66.0,15.0,0.06949863,6.0,1.0,0.6083,0.0,1.0,0.911105,0.0,0.0,0.0,1.0,0.0,1.0,1.0,0.3345184326171875,0.0,0.0,0.0,0.0,0.0,0.0
ocp_010,Openclipart,thought_bubble,mask_fill_edgewalk_nearestrow_inset1_rows16_p40,flat_icon_fill,0.05579052,excellent,0.05579052,6,1,0.0,0,0.998996,0.933427,0.0,0.0,0.0,0,1.0,0.0,0.0,1.0,1.0,1.0,0.0,1.0,1.0,0.0,1.0,0.0,0.0,0.0,16.0,40.0,0.0,0.0,0.0,0.0,0.0,0.0,0.0,0.0,0.0,0.0,1.0,0.0,0.3345184326171875,0.013319344980157825,66.0,15.0,0.05579052,6.0,1.0,0.0,0.0,0.998996,0.933427,0.0,0.0,0.0,0.998996,0.0,0.998996,0.998996,0.3345184326171875,0.3345184326171875,0.0,0.0,0.0,0.0,0.0
ocp_010,Openclipart,thought_bubble,mask_fill_edgewalk_nearestrow_inset2_rows16_p40,flat_icon_fill,0.05565725,excellent,0.05565725,6,1,0.0,0,0.996579,0.953187,0.0,0.0,0.0,0,1.0,0.0,0.0,1.0,1.0,1.0,0.0,1.0,0.0,1.0,2.0,0.0,0.0,0.0,16.0,40.0,0.0,0.0,0.0,0.0,0.0,0.0,0.0,0.0,0.0,0.0,1.0,0.0,0.3345184326171875,0.013319344980157825,66.0,15.0,0.05565725,6.0,1.0,0.0,0.0,0.996579,0.953187,0.0,0.0,0.0,0.996579,0.0,0.996579,0.996579,0.3345184326171875,0.3345184326171875,0.3345184326171875,0.0,0.0,0.0,0.0
ocp_010,Openclipart,thought_bubble,mask_fill_edgewalk_nearestrow_adapt_t3_m6_rows16_p40,flat_icon_fill,0.05565725,excellent,0.05565725,6,1,0.0,0,0.996579,0.953187,0.0,0.0,0.0,0,1.0,0.0,0.0,1.0,1.0,1.0,0.0,0.0,0.0,0.0,0.0,1.0,3.0,6.0,16.0,40.0,0.0,0.0,0.0,0.0,0.0,0.0,0.0,0.0,0.0,0.0,1.0,0.0,0.3345184326171875,0.013319344980157825,66.0,15.0,0.05565725,6.0,1.0,0.0,0.0,0.996579,0.953187,0.0,0.0,0.0,0.996579,0.0,0.996579,0.996579,0.3345184326171875,0.0,0.0,0.3345184326171875,0.013319344980157825,0.0,0.0
ocp_010,Openclipart,thought_bubble,mask_fill_edgewalk_nearestrow_adapt_t4_m8_rows16_p40,flat_icon_fill,0.05565725,excellent,0.05565725,6,1,0.0,0,0.996579,0.953187,0.0,0.0,0.0,0,1.0,0.0,0.0,1.0,1.0,1.0,0.0,0.0,0.0,0.0,0.0,1.0,4.0,8.0,16.0,40.0,0.0,0.0,0.0,0.0,0.0,0.0,0.0,0.0,0.0,0.0,1.0,0.0,0.3345184326171875,0.013319344980157825,66.0,15.0,0.05565725,6.0,1.0,0.0,0.0,0.996579,0.953187,0.0,0.0,0.0,0.996579,0.0,0.996579,0.996579,0.3345184326171875,0.0,0.0,0.3345184326171875,0.013319344980157825,0.0,0.0
ocp_010,Openclipart,thought_bubble,mask_fill_edgewalk_nearestrow_adapt_t2_m5_rows16_p40,flat_icon_fill,0.05565725,excellent,0.05565725,6,1,0.0,0,0.996579,0.953187,0.0,0.0,0.0,0,1.0,0.0,0.0,1.0,1.0,1.0,0.0,0.0,0.0,0.0,0.0,1.0,2.0,5.0,16.0,40.0,0.0,0.0,0.0,0.0,0.0,0.0,0.0,0.0,0.0,0.0,1.0,0.0,0.3345184326171875,0.013319344980157825,66.0,15.0,0.05565725,6.0,1.0,0.0,0.0,0.996579,0.953187,0.0,0.0,0.0,0.996579,0.0,0.996579,0.996579,0.3345184326171875,0.0,0.0,0.3345184326171875,0.013319344980157825,0.0,0.0
ocp_010,Openclipart,thought_bubble,outline_ext_in3,flat_icon_fill,0.17083527,warning,0.17083527,17,3,0.4955,0,1.0,0.911256,0.0,0.0,0.0,0,1.0,0.0,0.0,0.0,0.0,0.0,0.0,0.0,0.0,0.0,0.0,0.0,0.0,0.0,0.0,0.0,0.0,1.0,0.0,0.0,0.0,0.0,0.0,0.0,0.0,0.0,1.0,0.0,0.3345184326171875,0.013319344980157825,66.0,15.0,0.17083527,17.0,3.0,0.4955,0.0,1.0,0.911256,0.0,0.0,0.0,0.0,0.0,0.0,0.0,0.0,0.0,0.0,0.0,0.0,0.0,0.0
ocp_010,Openclipart,thought_bubble,styleaware,flat_icon_fill,0.1315153,pass,0.1315153,13,2,0.4955,0,0.999954,0.911669,0.0,0.0,0.0,0,1.0,0.0,0.0,0.0,0.0,0.0,0.0,0.0,0.0,0.0,0.0,0.0,0.0,0.0,0.0,0.0,1.0,0.0,0.0,0.0,0.0,0.0,0.0,0.0,0.0,0.0,1.0,0.0,0.3345184326171875,0.013319344980157825,66.0,15.0,0.1315153,13.0,2.0,0.4955,0.0,0.999954,0.911669,0.0,0.0,0.0,0.0,0.0,0.0,0.0,0.0,0.0,0.0,0.0,0.0,0.999954,0.0
ocp_010,Openclipart,thought_bubble,satin,flat_icon_fill,0.17082252,warning,0.17082252,17,3,0.4955,0,0.999954,0.911669,0.0,0.0,0.0,0,1.0,0.0,0.0,0.0,0.0,0.0,0.0,0.0,0.0,0.0,0.0,0.0,0.0,0.0,0.0,0.0,0.0,0.0,1.0,0.0,0.0,0.0,0.0,0.0,0.0,0.0,1.0,0.0,0.3345184326171875,0.013319344980157825,66.0,15.0,0.17082252,17.0,3.0,0.4955,0.0,0.999954,0.911669,0.0,0.0,0.0,0.0,0.0,0.0,0.0,0.0,0.0,0.0,0.0,0.0,0.0,0.0
ocp_010,Openclipart,thought_bubble,satinrail,flat_icon_fill,0.17082252,warning,0.17082252,17,3,0.4955,0,0.999954,0.911669,0.0,0.0,0.0,0,1.0,0.0,0.0,0.0,0.0,0.0,0.0,0.0,0.0,0.0,0.0,0.0,0.0,0.0,0.0,0.0,0.0,0.0,1.0,1.0,0.0,0.0,0.0,0.0,0.0,0.0,1.0,0.0,0.3345184326171875,0.013319344980157825,66.0,15.0,0.17082252,17.0,3.0,0.4955,0.0,0.999954,0.911669,0.0,0.0,0.0,0.0,0.0,0.0,0.0,0.0,0.0,0.0,0.0,0.0,0.0,0.0
ocp_010,Openclipart,thought_bubble,dtsatin,flat_icon_fill,0.17084692,warning,0.17084692,17,3,0.4955,0,0.999954,0.911442,0.0,0.0,0.0,0,1.0,0.0,0.0,0.0,0.0,0.0,0.0,0.0,0.0,0.0,0.0,0.0,0.0,0.0,0.0,0.0,0.0,0.0,1.0,0.0,1.0,0.0,0.0,0.0,0.0,0.0,1.0,0.0,0.3345184326171875,0.013319344980157825,66.0,15.0,0.17084692,17.0,3.0,0.4955,0.0,0.999954,0.911442,0.0,0.0,0.0,0.0,0.0,0.0,0.0,0.0,0.0,0.0,0.0,0.0,0.0,0.0
omj_001,OpenMoji,heart,skeleton_c20_m4,flat_icon_fill,0.31629726,excellent,0.04737246,5,1,0.0,0,0.077688,1.0,0.672312,0.0,0.0,0,1.0,1.0,0.0,0.0,0.0,0.0,0.0,0.0,0.0,0.0,0.0,0.0,0.0,0.0,0.0,0.0,0.0,0.0,0.0,0.0,0.0,0.0,0.0,0.0,0.0,0.0,1.0,0.0,0.29913330078125,0.008671699653132013,97.0,3.0,0.04737246,5.0,1.0,0.0,0.0,0.077688,1.0,0.0,0.077688,0.0,0.0,0.0,0.0,0.0,0.0,0.0,0.0,0.0,0.0,0.0,0.0
omj_001,OpenMoji,heart,skeleton_c30_m4,flat_icon_fill,0.31629726,excellent,0.04737246,5,1,0.0,0,0.077688,1.0,0.672312,0.0,0.0,0,1.0,1.0,0.0,0.0,0.0,0.0,0.0,0.0,0.0,0.0,0.0,0.0,0.0,0.0,0.0,0.0,0.0,0.0,0.0,0.0,0.0,0.0,0.0,0.0,0.0,0.0,1.0,0.0,0.29913330078125,0.008671699653132013,97.0,3.0,0.04737246,5.0,1.0,0.0,0.0,0.077688,1.0,0.0,0.077688,0.0,0.0,0.0,0.0,0.0,0.0,0.0,0.0,0.0,0.0,0.0,0.0
omj_001,OpenMoji,heart,skeleton_c30_m8,flat_icon_fill,0.28878246,excellent,0.01634846,2,0,0.0,0,0.068915,1.0,0.681085,0.0,0.0,0,1.0,1.0,0.0,0.0,0.0,0.0,0.0,0.0,0.0,0.0,0.0,0.0,0.0,0.0,0.0,0.0,0.0,0.0,0.0,0.0,0.0,0.0,0.0,0.0,0.0,0.0,1.0,0.0,0.29913330078125,0.008671699653132013,97.0,3.0,0.01634846,2.0,0.0,0.0,0.0,0.068915,1.0,0.0,0.068915,0.0,0.0,0.0,0.0,0.0,0.0,0.0,0.0,0.0,0.0,0.0,0.0
omj_001,OpenMoji,heart,skeleton_c30_m12,flat_icon_fill,0.28878246,excellent,0.01634846,2,0,0.0,0,0.068915,1.0,0.681085,0.0,0.0,0,1.0,1.0,0.0,0.0,0.0,0.0,0.0,0.0,0.0,0.0,0.0,0.0,0.0,0.0,0.0,0.0,0.0,0.0,0.0,0.0,0.0,0.0,0.0,0.0,0.0,0.0,1.0,0.0,0.29913330078125,0.008671699653132013,97.0,3.0,0.01634846,2.0,0.0,0.0,0.0,0.068915,1.0,0.0,0.068915,0.0,0.0,0.0,0.0,0.0,0.0,0.0,0.0,0.0,0.0,0.0,0.0
omj_001,OpenMoji,heart,skeleton_c30_m20,flat_icon_fill,0.28878246,excellent,0.01634846,2,0,0.0,0,0.068915,1.0,0.681085,0.0,0.0,0,1.0,1.0,0.0,0.0,0.0,0.0,0.0,0.0,0.0,0.0,0.0,0.0,0.0,0.0,0.0,0.0,0.0,0.0,0.0,0.0,0.0,0.0,0.0,0.0,0.0,0.0,1.0,0.0,0.29913330078125,0.008671699653132013,97.0,3.0,0.01634846,2.0,0.0,0.0,0.0,0.068915,1.0,0.0,0.068915,0.0,0.0,0.0,0.0,0.0,0.0,0.0,0.0,0.0,0.0,0.0,0.0
omj_001,OpenMoji,heart,auto_evalrepair_r10_c20,flat_icon_fill,0.054,pass,0.054,0,9,0.0,0,0.955519,0.917291,0.0,0.0,0.0,0,1.0,0.0,1.0,0.0,0.0,0.0,0.0,0.0,0.0,0.0,0.0,0.0,0.0,0.0,0.0,0.0,0.0,0.0,0.0,0.0,0.0,0.0,0.0,0.0,0.0,0.0,1.0,0.0,0.29913330078125,0.008671699653132013,97.0,3.0,0.054,0.0,9.0,0.0,0.0,0.955519,0.917291,0.0,0.0,0.955519,0.0,0.0,0.0,0.0,0.0,0.0,0.0,0.0,0.0,0.0,0.0
omj_001,OpenMoji,heart,auto_evalrepair_r15_c20,flat_icon_fill,0.054,pass,0.054,0,9,0.0,0,0.955519,0.917291,0.0,0.0,0.0,0,1.0,0.0,1.0,0.0,0.0,0.0,0.0,0.0,0.0,0.0,0.0,0.0,0.0,0.0,0.0,0.0,0.0,0.0,0.0,0.0,0.0,0.0,0.0,0.0,0.0,0.0,1.0,0.0,0.29913330078125,0.008671699653132013,97.0,3.0,0.054,0.0,9.0,0.0,0.0,0.955519,0.917291,0.0,0.0,0.955519,0.0,0.0,0.0,0.0,0.0,0.0,0.0,0.0,0.0,0.0,0.0
omj_001,OpenMoji,heart,mask_fill_rows16_c6,flat_icon_fill,0.31103905,hard_fail,0.27103905,28,8,0.6574,0,1.0,0.911772,0.0,0.0,0.04,0,1.0,0.0,0.0,1.0,0.0,0.0,0.0,0.0,0.0,0.0,0.0,0.0,0.0,0.0,16.0,0.0,0.0,0.0,0.0,0.0,0.0,0.0,0.0,0.0,0.0,0.0,1.0,0.0,0.29913330078125,0.008671699653132013,97.0,3.0,0.27103905,28.0,8.0,0.6574,0.0,1.0,0.911772,0.0,0.0,0.0,1.0,0.0,0.0,0.0,0.0,0.0,0.0,0.0,0.0,0.0,0.0
omj_001,OpenMoji,heart,mask_fill_edgewalk_rows16_p40,flat_icon_fill,0.03952851,excellent,0.03952851,3,0,0.6574,0,1.0,0.903244,0.0,0.0,0.0,1,1.0,0.0,0.0,1.0,1.0,0.0,0.0,0.0,0.0,0.0,0.0,0.0,0.0,0.0,16.0,40.0,0.0,0.0,0.0,0.0,0.0,0.0,0.0,0.0,0.0,0.0,1.0,0.0,0.29913330078125,0.008671699653132013,97.0,3.0,0.03952851,3.0,0.0,0.6574,0.0,1.0,0.903244,0.0,0.0,0.0,1.0,0.0,1.0,0.0,0.0,0.0,0.0,0.0,0.0,0.0,0.0
omj_001,OpenMoji,heart,mask_fill_edgewalk_nearestrow_rows16_p40,flat_icon_fill,0.08727267,excellent,0.08727267,8,1,0.6574,0,1.0,0.90646,0.0,0.0,0.0,0,1.0,0.0,0.0,1.0,1.0,1.0,1.0,0.0,0.0,0.0,0.0,0.0,0.0,0.0,16.0,40.0,0.0,0.0,0.0,0.0,0.0,0.0,0.0,0.0,0.0,0.0,1.0,0.0,0.29913330078125,0.008671699653132013,97.0,3.0,0.08727267,8.0,1.0,0.6574,0.0,1.0,0.90646,0.0,0.0,0.0,1.0,0.0,1.0,1.0,0.29913330078125,0.0,0.0,0.0,0.0,0.0,0.0
omj_001,OpenMoji,heart,mask_fill_edgewalk_nearestrow_inset1_rows16_p40,flat_icon_fill,0.07242141,excellent,0.07242141,8,1,0.0,0,0.99949,0.931584,0.0,0.0,0.0,0,1.0,0.0,0.0,1.0,1.0,1.0,0.0,1.0,1.0,0.0,1.0,0.0,0.0,0.0,16.0,40.0,0.0,0.0,0.0,0.0,0.0,0.0,0.0,0.0,0.0,0.0,1.0,0.0,0.29913330078125,0.008671699653132013,97.0,3.0,0.07242141,8.0,1.0,0.0,0.0,0.99949,0.931584,0.0,0.0,0.0,0.99949,0.0,0.99949,0.99949,0.29913330078125,0.29913330078125,0.0,0.0,0.0,0.0,0.0
omj_001,OpenMoji,heart,mask_fill_edgewalk_nearestrow_inset2_rows16_p40,flat_icon_fill,0.07241489,excellent,0.07241489,8,1,0.0,0,0.998725,0.962633,0.0,0.0,0.0,0,1.0,0.0,0.0,1.0,1.0,1.0,0.0,1.0,0.0,1.0,2.0,0.0,0.0,0.0,16.0,40.0,0.0,0.0,0.0,0.0,0.0,0.0,0.0,0.0,0.0,0.0,1.0,0.0,0.29913330078125,0.008671699653132013,97.0,3.0,0.07241489,8.0,1.0,0.0,0.0,0.998725,0.962633,0.0,0.0,0.0,0.998725,0.0,0.998725,0.998725,0.29913330078125,0.29913330078125,0.29913330078125,0.0,0.0,0.0,0.0
omj_001,OpenMoji,heart,mask_fill_edgewalk_nearestrow_adapt_t3_m6_rows16_p40,flat_icon_fill,0.07241489,excellent,0.07241489,8,1,0.0,0,0.998725,0.962633,0.0,0.0,0.0,0,1.0,0.0,0.0,1.0,1.0,1.0,0.0,0.0,0.0,0.0,0.0,1.0,3.0,6.0,16.0,40.0,0.0,0.0,0.0,0.0,0.0,0.0,0.0,0.0,0.0,0.0,1.0,0.0,0.29913330078125,0.008671699653132013,97.0,3.0,0.07241489,8.0,1.0,0.0,0.0,0.998725,0.962633,0.0,0.0,0.0,0.998725,0.0,0.998725,0.998725,0.29913330078125,0.0,0.0,0.29913330078125,0.008671699653132013,0.0,0.0
omj_001,OpenMoji,heart,mask_fill_edgewalk_nearestrow_adapt_t4_m8_rows16_p40,flat_icon_fill,0.07241489,excellent,0.07241489,8,1,0.0,0,0.998725,0.962633,0.0,0.0,0.0,0,1.0,0.0,0.0,1.0,1.0,1.0,0.0,0.0,0.0,0.0,0.0,1.0,4.0,8.0,16.0,40.0,0.0,0.0,0.0,0.0,0.0,0.0,0.0,0.0,0.0,0.0,1.0,0.0,0.29913330078125,0.008671699653132013,97.0,3.0,0.07241489,8.0,1.0,0.0,0.0,0.998725,0.962633,0.0,0.0,0.0,0.998725,0.0,0.998725,0.998725,0.29913330078125,0.0,0.0,0.29913330078125,0.008671699653132013,0.0,0.0
omj_001,OpenMoji,heart,mask_fill_edgewalk_nearestrow_adapt_t2_m5_rows16_p40,flat_icon_fill,0.07241489,excellent,0.07241489,8,1,0.0,0,0.998725,0.962633,0.0,0.0,0.0,0,1.0,0.0,0.0,1.0,1.0,1.0,0.0,0.0,0.0,0.0,0.0,1.0,2.0,5.0,16.0,40.0,0.0,0.0,0.0,0.0,0.0,0.0,0.0,0.0,0.0,0.0,1.0,0.0,0.29913330078125,0.008671699653132013,97.0,3.0,0.07241489,8.0,1.0,0.0,0.0,0.998725,0.962633,0.0,0.0,0.0,0.998725,0.0,0.998725,0.998725,0.29913330078125,0.0,0.0,0.29913330078125,0.008671699653132013,0.0,0.0
omj_001,OpenMoji,heart,outline_ext_in3,flat_icon_fill,0.08747714,excellent,0.08747714,8,1,0.6574,0,1.0,0.902952,0.0,0.0,0.0,0,1.0,0.0,0.0,0.0,0.0,0.0,0.0,0.0,0.0,0.0,0.0,0.0,0.0,0.0,0.0,0.0,0.0,1.0,0.0,0.0,0.0,0.0,0.0,0.0,0.0,0.0,1.0,0.0,0.29913330078125,0.008671699653132013,97.0,3.0,0.08747714,8.0,1.0,0.6574,0.0,1.0,0.902952,0.0,0.0,0.0,0.0,0.0,0.0,0.0,0.0,0.0,0.0,0.0,0.0,0.0,0.0
omj_001,OpenMoji,heart,styleaware,flat_icon_fill,0.03952851,excellent,0.03952851,3,0,0.6574,0,1.0,0.903244,0.0,0.0,0.0,0,1.0,0.0,0.0,0.0,0.0,0.0,0.0,0.0,0.0,0.0,0.0,0.0,0.0,0.0,0.0,0.0,1.0,0.0,0.0,0.0,0.0,0.0,0.0,0.0,0.0,0.0,1.0,0.0,0.29913330078125,0.008671699653132013,97.0,3.0,0.03952851,3.0,0.0,0.6574,0.0,1.0,0.903244,0.0,0.0,0.0,0.0,0.0,0.0,0.0,0.0,0.0,0.0,0.0,0.0,1.0,0.0
omj_001,OpenMoji,heart,satin,flat_icon_fill,0.08746482,excellent,0.08746482,8,1,0.6574,0,1.0,0.903244,0.0,0.0,0.0,0,1.0,0.0,0.0,0.0,0.0,0.0,0.0,0.0,0.0,0.0,0.0,0.0,0.0,0.0,0.0,0.0,0.0,0.0,1.0,0.0,0.0,0.0,0.0,0.0,0.0,0.0,1.0,0.0,0.29913330078125,0.008671699653132013,97.0,3.0,0.08746482,8.0,1.0,0.6574,0.0,1.0,0.903244,0.0,0.0,0.0,0.0,0.0,0.0,0.0,0.0,0.0,0.0,0.0,0.0,0.0,0.0
omj_001,OpenMoji,heart,satinrail,flat_icon_fill,0.08746482,excellent,0.08746482,8,1,0.6574,0,1.0,0.903244,0.0,0.0,0.0,0,1.0,0.0,0.0,0.0,0.0,0.0,0.0,0.0,0.0,0.0,0.0,0.0,0.0,0.0,0.0,0.0,0.0,0.0,1.0,1.0,0.0,0.0,0.0,0.0,0.0,0.0,1.0,0.0,0.29913330078125,0.008671699653132013,97.0,3.0,0.08746482,8.0,1.0,0.6574,0.0,1.0,0.903244,0.0,0.0,0.0,0.0,0.0,0.0,0.0,0.0,0.0,0.0,0.0,0.0,0.0,0.0
omj_001,OpenMoji,heart,dtsatin,flat_icon_fill,0.08748058,excellent,0.08748058,8,1,0.6574,0,1.0,0.903202,0.0,0.0,0.0,0,1.0,0.0,0.0,0.0,0.0,0.0,0.0,0.0,0.0,0.0,0.0,0.0,0.0,0.0,0.0,0.0,0.0,0.0,1.0,0.0,1.0,0.0,0.0,0.0,0.0,0.0,1.0,0.0,0.29913330078125,0.008671699653132013,97.0,3.0,0.08748058,8.0,1.0,0.6574,0.0,1.0,0.903202,0.0,0.0,0.0,0.0,0.0,0.0,0.0,0.0,0.0,0.0,0.0,0.0,0.0,0.0
omj_002,OpenMoji,star,skeleton_c20_m4,flat_icon_fill,0.27349013,excellent,0.07002773,7,2,0.0,0,0.241344,0.993832,0.508656,0.0,0.0,0,1.0,1.0,0.0,0.0,0.0,0.0,0.0,0.0,0.0,0.0,0.0,0.0,0.0,0.0,0.0,0.0,0.0,0.0,0.0,0.0,0.0,0.0,0.0,0.0,0.0,0.0,1.0,0.0,0.2648468017578125,0.019876706804171227,71.0,22.0,0.07002773,7.0,2.0,0.0,0.0,0.241344,0.993832,0.0,0.241344,0.0,0.0,0.0,0.0,0.0,0.0,0.0,0.0,0.0,0.0,0.0,0.0
omj_002,OpenMoji,star,skeleton_c30_m4,flat_icon_fill,0.27349013,excellent,0.07002773,7,2,0.0,0,0.241344,0.993832,0.508656,0.0,0.0,0,1.0,1.0,0.0,0.0,0.0,0.0,0.0,0.0,0.0,0.0,0.0,0.0,0.0,0.0,0.0,0.0,0.0,0.0,0.0,0.0,0.0,0.0,0.0,0.0,0.0,0.0,1.0,0.0,0.2648468017578125,0.019876706804171227,71.0,22.0,0.07002773,7.0,2.0,0.0,0.0,0.241344,0.993832,0.0,0.241344,0.0,0.0,0.0,0.0,0.0,0.0,0.0,0.0,0.0,0.0,0.0,0.0
omj_002,OpenMoji,star,skeleton_c30_m8,flat_icon_fill,0.2525296,excellent,0.008,1,0,0.0,0,0.138676,0.989314,0.611324,0.0,0.0,0,1.0,1.0,0.0,0.0,0.0,0.0,0.0,0.0,0.0,0.0,0.0,0.0,0.0,0.0,0.0,0.0,0.0,0.0,0.0,0.0,0.0,0.0,0.0,0.0,0.0,0.0,1.0,0.0,0.2648468017578125,0.019876706804171227,71.0,22.0,0.008,1.0,0.0,0.0,0.0,0.138676,0.989314,0.0,0.138676,0.0,0.0,0.0,0.0,0.0,0.0,0.0,0.0,0.0,0.0,0.0,0.0
omj_002,OpenMoji,star,skeleton_c30_m12,flat_icon_fill,0.2525296,excellent,0.008,1,0,0.0,0,0.138676,0.989314,0.611324,0.0,0.0,0,1.0,1.0,0.0,0.0,0.0,0.0,0.0,0.0,0.0,0.0,0.0,0.0,0.0,0.0,0.0,0.0,0.0,0.0,0.0,0.0,0.0,0.0,0.0,0.0,0.0,0.0,1.0,0.0,0.2648468017578125,0.019876706804171227,71.0,22.0,0.008,1.0,0.0,0.0,0.0,0.138676,0.989314,0.0,0.138676,0.0,0.0,0.0,0.0,0.0,0.0,0.0,0.0,0.0,0.0,0.0,0.0
omj_002,OpenMoji,star,skeleton_c30_m20,flat_icon_fill,0.2525296,excellent,0.008,1,0,0.0,0,0.138676,0.989314,0.611324,0.0,0.0,0,1.0,1.0,0.0,0.0,0.0,0.0,0.0,0.0,0.0,0.0,0.0,0.0,0.0,0.0,0.0,0.0,0.0,0.0,0.0,0.0,0.0,0.0,0.0,0.0,0.0,0.0,1.0,0.0,0.2648468017578125,0.019876706804171227,71.0,22.0,0.008,1.0,0.0,0.0,0.0,0.138676,0.989314,0.0,0.138676,0.0,0.0,0.0,0.0,0.0,0.0,0.0,0.0,0.0,0.0,0.0,0.0
omj_002,OpenMoji,star,auto_evalrepair_r10_c20,flat_icon_fill,0.0770139,excellent,0.0770139,5,6,0.0,0,0.998848,0.888211,0.0,0.0,0.0,0,1.0,0.0,1.0,0.0,0.0,0.0,0.0,0.0,0.0,0.0,0.0,0.0,0.0,0.0,0.0,0.0,0.0,0.0,0.0,0.0,0.0,0.0,0.0,0.0,0.0,0.0,1.0,0.0,0.2648468017578125,0.019876706804171227,71.0,22.0,0.0770139,5.0,6.0,0.0,0.0,0.998848,0.888211,0.0,0.0,0.998848,0.0,0.0,0.0,0.0,0.0,0.0,0.0,0.0,0.0,0.0,0.0
omj_002,OpenMoji,star,auto_evalrepair_r15_c20,flat_icon_fill,0.0770139,excellent,0.0770139,5,6,0.0,0,0.998848,0.888211,0.0,0.0,0.0,0,1.0,0.0,1.0,0.0,0.0,0.0,0.0,0.0,0.0,0.0,0.0,0.0,0.0,0.0,0.0,0.0,0.0,0.0,0.0,0.0,0.0,0.0,0.0,0.0,0.0,0.0,1.0,0.0,0.2648468017578125,0.019876706804171227,71.0,22.0,0.0770139,5.0,6.0,0.0,0.0,0.998848,0.888211,0.0,0.0,0.998848,0.0,0.0,0.0,0.0,0.0,0.0,0.0,0.0,0.0,0.0,0.0
omj_002,OpenMoji,star,mask_fill_rows16_c6,flat_icon_fill,0.30632356,hard_fail,0.26632356,41,9,0.0,0,1.0,0.890331,0.0,0.0,0.04,0,1.0,0.0,0.0,1.0,0.0,0.0,0.0,0.0,0.0,0.0,0.0,0.0,0.0,0.0,16.0,0.0,0.0,0.0,0.0,0.0,0.0,0.0,0.0,0.0,0.0,0.0,1.0,0.0,0.2648468017578125,0.019876706804171227,71.0,22.0,0.26632356,41.0,9.0,0.0,0.0,1.0,0.890331,0.0,0.0,0.0,1.0,0.0,0.0,0.0,0.0,0.0,0.0,0.0,0.0,0.0,0.0
omj_002,OpenMoji,star,mask_fill_edgewalk_rows16_p40,flat_icon_fill,0.14236001,pass,0.14236001,15,3,0.0,0,1.0,0.872781,0.0,0.0,0.0,0,1.0,0.0,0.0,1.0,1.0,0.0,0.0,0.0,0.0,0.0,0.0,0.0,0.0,0.0,16.0,40.0,0.0,0.0,0.0,0.0,0.0,0.0,0.0,0.0,0.0,0.0,1.0,0.0,0.2648468017578125,0.019876706804171227,71.0,22.0,0.14236001,15.0,3.0,0.0,0.0,1.0,0.872781,0.0,0.0,0.0,1.0,0.0,1.0,0.0,0.0,0.0,0.0,0.0,0.0,0.0,0.0
omj_002,OpenMoji,star,mask_fill_edgewalk_nearestrow_rows16_p40,flat_icon_fill,0.02470419,excellent,0.02470419,3,0,0.0,0,1.0,0.875953,0.0,0.0,0.0,0,1.0,0.0,0.0,1.0,1.0,1.0,1.0,0.0,0.0,0.0,0.0,0.0,0.0,0.0,16.0,40.0,0.0,0.0,0.0,0.0,0.0,0.0,0.0,0.0,0.0,0.0,1.0,0.0,0.2648468017578125,0.019876706804171227,71.0,22.0,0.02470419,3.0,0.0,0.0,0.0,1.0,0.875953,0.0,0.0,0.0,1.0,0.0,1.0,1.0,0.2648468017578125,0.0,0.0,0.0,0.0,0.0,0.0
omj_002,OpenMoji,star,mask_fill_edgewalk_nearestrow_inset1_rows16_p40,flat_icon_fill,0.02469779,excellent,0.02469779,3,0,0.0,0,0.999481,0.897558,0.0,0.0,0.0,1,1.0,0.0,0.0,1.0,1.0,1.0,0.0,1.0,1.0,0.0,1.0,0.0,0.0,0.0,16.0,40.0,0.0,0.0,0.0,0.0,0.0,0.0,0.0,0.0,0.0,0.0,1.0,0.0,0.2648468017578125,0.019876706804171227,71.0,22.0,0.02469779,3.0,0.0,0.0,0.0,0.999481,0.897558,0.0,0.0,0.0,0.999481,0.0,0.999481,0.999481,0.2648468017578125,0.2648468017578125,0.0,0.0,0.0,0.0,0.0
omj_002,OpenMoji,star,mask_fill_edgewalk_nearestrow_inset2_rows16_p40,flat_icon_fill,0.06389415,excellent,0.06389415,7,1,0.0,0,0.995967,0.935545,0.0,0.0,0.0,0,1.0,0.0,0.0,1.0,1.0,1.0,0.0,1.0,0.0,1.0,2.0,0.0,0.0,0.0,16.0,40.0,0.0,0.0,0.0,0.0,0.0,0.0,0.0,0.0,0.0,0.0,1.0,0.0,0.2648468017578125,0.019876706804171227,71.0,22.0,0.06389415,7.0,1.0,0.0,0.0,0.995967,0.935545,0.0,0.0,0.0,0.995967,0.0,0.995967,0.995967,0.2648468017578125,0.2648468017578125,0.2648468017578125,0.0,0.0,0.0,0.0
omj_002,OpenMoji,star,mask_fill_edgewalk_nearestrow_adapt_t3_m6_rows16_p40,flat_icon_fill,0.06389415,excellent,0.06389415,7,1,0.0,0,0.995967,0.935545,0.0,0.0,0.0,0,1.0,0.0,0.0,1.0,1.0,1.0,0.0,0.0,0.0,0.0,0.0,1.0,3.0,6.0,16.0,40.0,0.0,0.0,0.0,0.0,0.0,0.0,0.0,0.0,0.0,0.0,1.0,0.0,0.2648468017578125,0.019876706804171227,71.0,22.0,0.06389415,7.0,1.0,0.0,0.0,0.995967,0.935545,0.0,0.0,0.0,0.995967,0.0,0.995967,0.995967,0.2648468017578125,0.0,0.0,0.2648468017578125,0.019876706804171227,0.0,0.0
omj_002,OpenMoji,star,mask_fill_edgewalk_nearestrow_adapt_t4_m8_rows16_p40,flat_icon_fill,0.06389415,excellent,0.06389415,7,1,0.0,0,0.995967,0.935545,0.0,0.0,0.0,0,1.0,0.0,0.0,1.0,1.0,1.0,0.0,0.0,0.0,0.0,0.0,1.0,4.0,8.0,16.0,40.0,0.0,0.0,0.0,0.0,0.0,0.0,0.0,0.0,0.0,0.0,1.0,0.0,0.2648468017578125,0.019876706804171227,71.0,22.0,0.06389415,7.0,1.0,0.0,0.0,0.995967,0.935545,0.0,0.0,0.0,0.995967,0.0,0.995967,0.995967,0.2648468017578125,0.0,0.0,0.2648468017578125,0.019876706804171227,0.0,0.0
omj_002,OpenMoji,star,mask_fill_edgewalk_nearestrow_adapt_t2_m5_rows16_p40,flat_icon_fill,0.06389415,excellent,0.06389415,7,1,0.0,0,0.995967,0.935545,0.0,0.0,0.0,0,1.0,0.0,0.0,1.0,1.0,1.0,0.0,0.0,0.0,0.0,0.0,1.0,2.0,5.0,16.0,40.0,0.0,0.0,0.0,0.0,0.0,0.0,0.0,0.0,0.0,0.0,1.0,0.0,0.2648468017578125,0.019876706804171227,71.0,22.0,0.06389415,7.0,1.0,0.0,0.0,0.995967,0.935545,0.0,0.0,0.0,0.995967,0.0,0.995967,0.995967,0.2648468017578125,0.0,0.0,0.2648468017578125,0.019876706804171227,0.0,0.0
omj_002,OpenMoji,star,outline_ext_in3,flat_icon_fill,0.19849636,warning,0.19849636,21,4,0.0,0,1.0,0.87243,0.0,0.0,0.0,0,1.0,0.0,0.0,0.0,0.0,0.0,0.0,0.0,0.0,0.0,0.0,0.0,0.0,0.0,0.0,0.0,0.0,1.0,0.0,0.0,0.0,0.0,0.0,0.0,0.0,0.0,1.0,0.0,0.2648468017578125,0.019876706804171227,71.0,22.0,0.19849636,21.0,4.0,0.0,0.0,1.0,0.87243,0.0,0.0,0.0,0.0,0.0,0.0,0.0,0.0,0.0,0.0,0.0,0.0,0.0,0.0
omj_002,OpenMoji,star,styleaware,flat_icon_fill,0.14236001,pass,0.14236001,15,3,0.0,0,1.0,0.872781,0.0,0.0,0.0,0,1.0,0.0,0.0,0.0,0.0,0.0,0.0,0.0,0.0,0.0,0.0,0.0,0.0,0.0,0.0,0.0,1.0,0.0,0.0,0.0,0.0,0.0,0.0,0.0,0.0,0.0,1.0,0.0,0.2648468017578125,0.019876706804171227,71.0,22.0,0.14236001,15.0,3.0,0.0,0.0,1.0,0.872781,0.0,0.0,0.0,0.0,0.0,0.0,0.0,0.0,0.0,0.0,0.0,0.0,1.0,0.0
omj_002,OpenMoji,star,satin,flat_icon_fill,0.19847491,warning,0.19847491,21,4,0.0,0,1.0,0.872781,0.0,0.0,0.0,0,1.0,0.0,0.0,0.0,0.0,0.0,0.0,0.0,0.0,0.0,0.0,0.0,0.0,0.0,0.0,0.0,0.0,0.0,1.0,0.0,0.0,0.0,0.0,0.0,0.0,0.0,1.0,0.0,0.2648468017578125,0.019876706804171227,71.0,22.0,0.19847491,21.0,4.0,0.0,0.0,1.0,0.872781,0.0,0.0,0.0,0.0,0.0,0.0,0.0,0.0,0.0,0.0,0.0,0.0,0.0,0.0
omj_002,OpenMoji,star,satinrail,flat_icon_fill,0.19847491,warning,0.19847491,21,4,0.0,0,1.0,0.872781,0.0,0.0,0.0,0,1.0,0.0,0.0,0.0,0.0,0.0,0.0,0.0,0.0,0.0,0.0,0.0,0.0,0.0,0.0,0.0,0.0,0.0,1.0,1.0,0.0,0.0,0.0,0.0,0.0,0.0,1.0,0.0,0.2648468017578125,0.019876706804171227,71.0,22.0,0.19847491,21.0,4.0,0.0,0.0,1.0,0.872781,0.0,0.0,0.0,0.0,0.0,0.0,0.0,0.0,0.0,0.0,0.0,0.0,0.0,0.0
omj_002,OpenMoji,star,dtsatin,flat_icon_fill,0.19849636,warning,0.19849636,21,4,0.0,0,1.0,0.87265,0.0,0.0,0.0,0,1.0,0.0,0.0,0.0,0.0,0.0,0.0,0.0,0.0,0.0,0.0,0.0,0.0,0.0,0.0,0.0,0.0,0.0,1.0,0.0,1.0,0.0,0.0,0.0,0.0,0.0,1.0,0.0,0.2648468017578125,0.019876706804171227,71.0,22.0,0.19849636,21.0,4.0,0.0,0.0,1.0,0.87265,0.0,0.0,0.0,0.0,0.0,0.0,0.0,0.0,0.0,0.0,0.0,0.0,0.0,0.0
omj_003,OpenMoji,butterfly,skeleton_c20_m4,flat_icon_fill,0.35486237,pass,0.13643477,15,2,0.0,0,0.203931,0.980188,0.546069,0.0,0.0,0,1.0,1.0,0.0,0.0,0.0,0.0,0.0,0.0,0.0,0.0,0.0,0.0,0.0,0.0,0.0,0.0,0.0,0.0,0.0,0.0,0.0,0.0,0.0,0.0,0.0,0.0,1.0,0.0,0.3516693115234375,0.018353798759057578,87.0,15.0,0.13643477,15.0,2.0,0.0,0.0,0.203931,0.980188,0.0,0.203931,0.0,0.0,0.0,0.0,0.0,0.0,0.0,0.0,0.0,0.0,0.0,0.0
omj_003,OpenMoji,butterfly,skeleton_c30_m4,flat_icon_fill,0.35486237,pass,0.13643477,15,2,0.0,0,0.203931,0.980188,0.546069,0.0,0.0,0,1.0,1.0,0.0,0.0,0.0,0.0,0.0,0.0,0.0,0.0,0.0,0.0,0.0,0.0,0.0,0.0,0.0,0.0,0.0,0.0,0.0,0.0,0.0,0.0,0.0,0.0,1.0,0.0,0.3516693115234375,0.018353798759057578,87.0,15.0,0.13643477,15.0,2.0,0.0,0.0,0.203931,0.980188,0.0,0.203931,0.0,0.0,0.0,0.0,0.0,0.0,0.0,0.0,0.0,0.0,0.0,0.0
omj_003,OpenMoji,butterfly,skeleton_c30_m8,flat_icon_fill,0.32244431,excellent,0.09509591,10,2,0.0,0,0.181629,0.977352,0.568371,0.0,0.0,0,1.0,1.0,0.0,0.0,0.0,0.0,0.0,0.0,0.0,0.0,0.0,0.0,0.0,0.0,0.0,0.0,0.0,0.0,0.0,0.0,0.0,0.0,0.0,0.0,0.0,0.0,1.0,0.0,0.3516693115234375,0.018353798759057578,87.0,15.0,0.09509591,10.0,2.0,0.0,0.0,0.181629,0.977352,0.0,0.181629,0.0,0.0,0.0,0.0,0.0,0.0,0.0,0.0,0.0,0.0,0.0,0.0
omj_003,OpenMoji,butterfly,skeleton_c30_m12,flat_icon_fill,0.31886911,excellent,0.09509591,10,2,0.0,0,0.190567,0.978392,0.559433,0.0,0.0,0,1.0,1.0,0.0,0.0,0.0,0.0,0.0,0.0,0.0,0.0,0.0,0.0,0.0,0.0,0.0,0.0,0.0,0.0,0.0,0.0,0.0,0.0,0.0,0.0,0.0,0.0,1.0,0.0,0.3516693115234375,0.018353798759057578,87.0,15.0,0.09509591,10.0,2.0,0.0,0.0,0.190567,0.978392,0.0,0.190567,0.0,0.0,0.0,0.0,0.0,0.0,0.0,0.0,0.0,0.0,0.0,0.0
omj_003,OpenMoji,butterfly,skeleton_c30_m20,flat_icon_fill,0.29283412,excellent,0.05592252,6,1,0.0,0,0.157721,1.0,0.592279,0.0,0.0,0,1.0,1.0,0.0,0.0,0.0,0.0,0.0,0.0,0.0,0.0,0.0,0.0,0.0,0.0,0.0,0.0,0.0,0.0,0.0,0.0,0.0,0.0,0.0,0.0,0.0,0.0,1.0,0.0,0.3516693115234375,0.018353798759057578,87.0,15.0,0.05592252,6.0,1.0,0.0,0.0,0.157721,1.0,0.0,0.157721,0.0,0.0,0.0,0.0,0.0,0.0,0.0,0.0,0.0,0.0,0.0,0.0
omj_003,OpenMoji,butterfly,auto_evalrepair_r10_c20,flat_icon_fill,0.22652258,warning,0.22652258,13,20,0.0,0,0.909446,0.90201,0.0,0.0,0.0,0,1.0,0.0,1.0,0.0,0.0,0.0,0.0,0.0,0.0,0.0,0.0,0.0,0.0,0.0,0.0,0.0,0.0,0.0,0.0,0.0,0.0,0.0,0.0,0.0,0.0,0.0,1.0,0.0,0.3516693115234375,0.018353798759057578,87.0,15.0,0.22652258,13.0,20.0,0.0,0.0,0.909446,0.90201,0.0,0.0,0.909446,0.0,0.0,0.0,0.0,0.0,0.0,0.0,0.0,0.0,0.0,0.0
omj_003,OpenMoji,butterfly,auto_evalrepair_r15_c20,flat_icon_fill,0.22652258,warning,0.22652258,13,20,0.0,0,0.909446,0.90201,0.0,0.0,0.0,0,1.0,0.0,1.0,0.0,0.0,0.0,0.0,0.0,0.0,0.0,0.0,0.0,0.0,0.0,0.0,0.0,0.0,0.0,0.0,0.0,0.0,0.0,0.0,0.0,0.0,0.0,1.0,0.0,0.3516693115234375,0.018353798759057578,87.0,15.0,0.22652258,13.0,20.0,0.0,0.0,0.909446,0.90201,0.0,0.0,0.909446,0.0,0.0,0.0,0.0,0.0,0.0,0.0,0.0,0.0,0.0,0.0
omj_003,OpenMoji,butterfly,mask_fill_rows16_c6,flat_icon_fill,0.32791034,hard_fail,0.28791034,58,12,0.0,0,1.0,0.908149,0.0,0.0,0.04,0,1.0,0.0,0.0,1.0,0.0,0.0,0.0,0.0,0.0,0.0,0.0,0.0,0.0,0.0,16.0,0.0,0.0,0.0,0.0,0.0,0.0,0.0,0.0,0.0,0.0,0.0,1.0,0.0,0.3516693115234375,0.018353798759057578,87.0,15.0,0.28791034,58.0,12.0,0.0,0.0,1.0,0.908149,0.0,0.0,0.0,1.0,0.0,0.0,0.0,0.0,0.0,0.0,0.0,0.0,0.0,0.0
omj_003,OpenMoji,butterfly,mask_fill_edgewalk_rows16_p40,flat_icon_fill,0.08646574,excellent,0.08646574,9,2,0.0,0,1.0,0.896875,0.0,0.0,0.0,1,1.0,0.0,0.0,1.0,1.0,0.0,0.0,0.0,0.0,0.0,0.0,0.0,0.0,0.0,16.0,40.0,0.0,0.0,0.0,0.0,0.0,0.0,0.0,0.0,0.0,0.0,1.0,0.0,0.3516693115234375,0.018353798759057578,87.0,15.0,0.08646574,9.0,2.0,0.0,0.0,1.0,0.896875,0.0,0.0,0.0,1.0,0.0,1.0,0.0,0.0,0.0,0.0,0.0,0.0,0.0,0.0
omj_003,OpenMoji,butterfly,mask_fill_edgewalk_nearestrow_rows16_p40,flat_icon_fill,0.12344612,pass,0.12344612,12,2,0.5185,0,1.0,0.902883,0.0,0.0,0.0,0,1.0,0.0,0.0,1.0,1.0,1.0,1.0,0.0,0.0,0.0,0.0,0.0,0.0,0.0,16.0,40.0,0.0,0.0,0.0,0.0,0.0,0.0,0.0,0.0,0.0,0.0,1.0,0.0,0.3516693115234375,0.018353798759057578,87.0,15.0,0.12344612,12.0,2.0,0.5185,0.0,1.0,0.902883,0.0,0.0,0.0,1.0,0.0,1.0,1.0,0.3516693115234375,0.0,0.0,0.0,0.0,0.0,0.0
omj_003,OpenMoji,butterfly,mask_fill_edgewalk_nearestrow_inset1_rows16_p40,flat_icon_fill,0.10371842,pass,0.10371842,11,2,0.0,0,0.998872,0.929803,0.0,0.0,0.0,0,1.0,0.0,0.0,1.0,1.0,1.0,0.0,1.0,1.0,0.0,1.0,0.0,0.0,0.0,16.0,40.0,0.0,0.0,0.0,0.0,0.0,0.0,0.0,0.0,0.0,0.0,1.0,0.0,0.3516693115234375,0.018353798759057578,87.0,15.0,0.10371842,11.0,2.0,0.0,0.0,0.998872,0.929803,0.0,0.0,0.0,0.998872,0.0,0.998872,0.998872,0.3516693115234375,0.3516693115234375,0.0,0.0,0.0,0.0,0.0
omj_003,OpenMoji,butterfly,mask_fill_edgewalk_nearestrow_inset2_rows16_p40,flat_icon_fill,0.1148195,pass,0.1148195,11,2,0.4955,0,0.993795,0.958647,0.0,0.0,0.0,0,1.0,0.0,0.0,1.0,1.0,1.0,0.0,1.0,0.0,1.0,2.0,0.0,0.0,0.0,16.0,40.0,0.0,0.0,0.0,0.0,0.0,0.0,0.0,0.0,0.0,0.0,1.0,0.0,0.3516693115234375,0.018353798759057578,87.0,15.0,0.1148195,11.0,2.0,0.4955,0.0,0.993795,0.958647,0.0,0.0,0.0,0.993795,0.0,0.993795,0.993795,0.3516693115234375,0.3516693115234375,0.3516693115234375,0.0,0.0,0.0,0.0
omj_003,OpenMoji,butterfly,mask_fill_edgewalk_nearestrow_adapt_t3_m6_rows16_p40,flat_icon_fill,0.1148195,pass,0.1148195,11,2,0.4955,0,0.993795,0.958647,0.0,0.0,0.0,0,1.0,0.0,0.0,1.0,1.0,1.0,0.0,0.0,0.0,0.0,0.0,1.0,3.0,6.0,16.0,40.0,0.0,0.0,0.0,0.0,0.0,0.0,0.0,0.0,0.0,0.0,1.0,0.0,0.3516693115234375,0.018353798759057578,87.0,15.0,0.1148195,11.0,2.0,0.4955,0.0,0.993795,0.958647,0.0,0.0,0.0,0.993795,0.0,0.993795,0.993795,0.3516693115234375,0.0,0.0,0.3516693115234375,0.018353798759057578,0.0,0.0
omj_003,OpenMoji,butterfly,mask_fill_edgewalk_nearestrow_adapt_t4_m8_rows16_p40,flat_icon_fill,0.1148195,pass,0.1148195,11,2,0.4955,0,0.993795,0.958647,0.0,0.0,0.0,0,1.0,0.0,0.0,1.0,1.0,1.0,0.0,0.0,0.0,0.0,0.0,1.0,4.0,8.0,16.0,40.0,0.0,0.0,0.0,0.0,0.0,0.0,0.0,0.0,0.0,0.0,1.0,0.0,0.3516693115234375,0.018353798759057578,87.0,15.0,0.1148195,11.0,2.0,0.4955,0.0,0.993795,0.958647,0.0,0.0,0.0,0.993795,0.0,0.993795,0.993795,0.3516693115234375,0.0,0.0,0.3516693115234375,0.018353798759057578,0.0,0.0
omj_003,OpenMoji,butterfly,mask_fill_edgewalk_nearestrow_adapt_t2_m5_rows16_p40,flat_icon_fill,0.1148195,pass,0.1148195,11,2,0.4955,0,0.993795,0.958647,0.0,0.0,0.0,0,1.0,0.0,0.0,1.0,1.0,1.0,0.0,0.0,0.0,0.0,0.0,1.0,2.0,5.0,16.0,40.0,0.0,0.0,0.0,0.0,0.0,0.0,0.0,0.0,0.0,0.0,1.0,0.0,0.3516693115234375,0.018353798759057578,87.0,15.0,0.1148195,11.0,2.0,0.4955,0.0,0.993795,0.958647,0.0,0.0,0.0,0.993795,0.0,0.993795,0.993795,0.3516693115234375,0.0,0.0,0.3516693115234375,0.018353798759057578,0.0,0.0
omj_003,OpenMoji,butterfly,outline_ext_in3,flat_icon_fill,0.13429705,pass,0.13429705,14,3,0.0,0,1.0,0.89684,0.0,0.0,0.0,0,1.0,0.0,0.0,0.0,0.0,0.0,0.0,0.0,0.0,0.0,0.0,0.0,0.0,0.0,0.0,0.0,0.0,1.0,0.0,0.0,0.0,0.0,0.0,0.0,0.0,0.0,1.0,0.0,0.3516693115234375,0.018353798759057578,87.0,15.0,0.13429705,14.0,3.0,0.0,0.0,1.0,0.89684,0.0,0.0,0.0,0.0,0.0,0.0,0.0,0.0,0.0,0.0,0.0,0.0,0.0,0.0
omj_003,OpenMoji,butterfly,styleaware,flat_icon_fill,0.08646574,excellent,0.08646574,9,2,0.0,0,1.0,0.896875,0.0,0.0,0.0,0,1.0,0.0,0.0,0.0,0.0,0.0,0.0,0.0,0.0,0.0,0.0,0.0,0.0,0.0,0.0,0.0,1.0,0.0,0.0,0.0,0.0,0.0,0.0,0.0,0.0,0.0,1.0,0.0,0.3516693115234375,0.018353798759057578,87.0,15.0,0.08646574,9.0,2.0,0.0,0.0,1.0,0.896875,0.0,0.0,0.0,0.0,0.0,0.0,0.0,0.0,0.0,0.0,0.0,0.0,1.0,0.0
omj_003,OpenMoji,butterfly,satin,flat_icon_fill,0.13416473,pass,0.13416473,14,3,0.0,0,1.0,0.896875,0.0,0.0,0.0,0,1.0,0.0,0.0,0.0,0.0,0.0,0.0,0.0,0.0,0.0,0.0,0.0,0.0,0.0,0.0,0.0,0.0,0.0,1.0,0.0,0.0,0.0,0.0,0.0,0.0,0.0,1.0,0.0,0.3516693115234375,0.018353798759057578,87.0,15.0,0.13416473,14.0,3.0,0.0,0.0,1.0,0.896875,0.0,0.0,0.0,0.0,0.0,0.0,0.0,0.0,0.0,0.0,0.0,0.0,0.0,0.0
omj_003,OpenMoji,butterfly,satinrail,flat_icon_fill,0.13416473,pass,0.13416473,14,3,0.0,0,1.0,0.896875,0.0,0.0,0.0,0,1.0,0.0,0.0,0.0,0.0,0.0,0.0,0.0,0.0,0.0,0.0,0.0,0.0,0.0,0.0,0.0,0.0,0.0,1.0,1.0,0.0,0.0,0.0,0.0,0.0,0.0,1.0,0.0,0.3516693115234375,0.018353798759057578,87.0,15.0,0.13416473,14.0,3.0,0.0,0.0,1.0,0.896875,0.0,0.0,0.0,0.0,0.0,0.0,0.0,0.0,0.0,0.0,0.0,0.0,0.0,0.0
omj_003,OpenMoji,butterfly,dtsatin,flat_icon_fill,0.13421707,pass,0.13421707,14,3,0.0,0,1.0,0.896631,0.0,0.0,0.0,0,1.0,0.0,0.0,0.0,0.0,0.0,0.0,0.0,0.0,0.0,0.0,0.0,0.0,0.0,0.0,0.0,0.0,0.0,1.0,0.0,1.0,0.0,0.0,0.0,0.0,0.0,1.0,0.0,0.3516693115234375,0.018353798759057578,87.0,15.0,0.13421707,14.0,3.0,0.0,0.0,1.0,0.896631,0.0,0.0,0.0,0.0,0.0,0.0,0.0,0.0,0.0,0.0,0.0,0.0,0.0,0.0
omj_004,OpenMoji,fish,skeleton_c20_m4,flat_icon_fill,0.35093162,pass,0.10335522,11,2,0.0,0,0.131059,0.997915,0.618941,0.0,0.0,0,1.0,1.0,0.0,0.0,0.0,0.0,0.0,0.0,0.0,0.0,0.0,0.0,0.0,0.0,0.0,0.0,0.0,0.0,0.0,0.0,0.0,0.0,0.0,0.0,0.0,0.0,1.0,0.0,0.2786102294921875,0.012706062763568652,92.0,7.0,0.10335522,11.0,2.0,0.0,0.0,0.131059,0.997915,0.0,0.131059,0.0,0.0,0.0,0.0,0.0,0.0,0.0,0.0,0.0,0.0,0.0,0.0
omj_004,OpenMoji,fish,skeleton_c30_m4,flat_icon_fill,0.28325491,excellent,0.05583291,6,1,0.0,0,0.181445,0.979019,0.568555,0.0,0.0,0,1.0,1.0,0.0,0.0,0.0,0.0,0.0,0.0,0.0,0.0,0.0,0.0,0.0,0.0,0.0,0.0,0.0,0.0,0.0,0.0,0.0,0.0,0.0,0.0,0.0,0.0,1.0,0.0,0.2786102294921875,0.012706062763568652,92.0,7.0,0.05583291,6.0,1.0,0.0,0.0,0.181445,0.979019,0.0,0.181445,0.0,0.0,0.0,0.0,0.0,0.0,0.0,0.0,0.0,0.0,0.0,0.0
omj_004,OpenMoji,fish,skeleton_c30_m8,flat_icon_fill,0.29804218,excellent,0.05563578,6,1,0.0,0,0.143984,1.0,0.606016,0.0,0.0,0,1.0,1.0,0.0,0.0,0.0,0.0,0.0,0.0,0.0,0.0,0.0,0.0,0.0,0.0,0.0,0.0,0.0,0.0,0.0,0.0,0.0,0.0,0.0,0.0,0.0,0.0,1.0,0.0,0.2786102294921875,0.012706062763568652,92.0,7.0,0.05563578,6.0,1.0,0.0,0.0,0.143984,1.0,0.0,0.143984,0.0,0.0,0.0,0.0,0.0,0.0,0.0,0.0,0.0,0.0,0.0,0.0
omj_004,OpenMoji,fish,skeleton_c30_m12,flat_icon_fill,0.35820317,excellent,0.09491917,10,2,0.0,0,0.09179,1.0,0.65821,0.0,0.0,0,1.0,1.0,0.0,0.0,0.0,0.0,0.0,0.0,0.0,0.0,0.0,0.0,0.0,0.0,0.0,0.0,0.0,0.0,0.0,0.0,0.0,0.0,0.0,0.0,0.0,0.0,1.0,0.0,0.2786102294921875,0.012706062763568652,92.0,7.0,0.09491917,10.0,2.0,0.0,0.0,0.09179,1.0,0.0,0.09179,0.0,0.0,0.0,0.0,0.0,0.0,0.0,0.0,0.0,0.0,0.0,0.0
omj_004,OpenMoji,fish,skeleton_c30_m20,flat_icon_fill,0.29922618,excellent,0.02466018,3,0,0.0,0,0.063585,1.0,0.686415,0.0,0.0,0,1.0,1.0,0.0,0.0,0.0,0.0,0.0,0.0,0.0,0.0,0.0,0.0,0.0,0.0,0.0,0.0,0.0,0.0,0.0,0.0,0.0,0.0,0.0,0.0,0.0,0.0,1.0,0.0,0.2786102294921875,0.012706062763568652,92.0,7.0,0.02466018,3.0,0.0,0.0,0.0,0.063585,1.0,0.0,0.063585,0.0,0.0,0.0,0.0,0.0,0.0,0.0,0.0,0.0,0.0,0.0,0.0
omj_004,OpenMoji,fish,auto_evalrepair_r10_c20,flat_icon_fill,0.20026304,warning,0.20026304,12,17,0.0,0,0.916534,0.890823,0.0,0.0,0.0,0,1.0,0.0,1.0,0.0,0.0,0.0,0.0,0.0,0.0,0.0,0.0,0.0,0.0,0.0,0.0,0.0,0.0,0.0,0.0,0.0,0.0,0.0,0.0,0.0,0.0,0.0,1.0,0.0,0.2786102294921875,0.012706062763568652,92.0,7.0,0.20026304,12.0,17.0,0.0,0.0,0.916534,0.890823,0.0,0.0,0.916534,0.0,0.0,0.0,0.0,0.0,0.0,0.0,0.0,0.0,0.0,0.0
omj_004,OpenMoji,fish,auto_evalrepair_r15_c20,flat_icon_fill,0.20026304,warning,0.20026304,12,17,0.0,0,0.916534,0.890823,0.0,0.0,0.0,0,1.0,0.0,1.0,0.0,0.0,0.0,0.0,0.0,0.0,0.0,0.0,0.0,0.0,0.0,0.0,0.0,0.0,0.0,0.0,0.0,0.0,0.0,0.0,0.0,0.0,0.0,1.0,0.0,0.2786102294921875,0.012706062763568652,92.0,7.0,0.20026304,12.0,17.0,0.0,0.0,0.916534,0.890823,0.0,0.0,0.916534,0.0,0.0,0.0,0.0,0.0,0.0,0.0,0.0,0.0,0.0,0.0
omj_004,OpenMoji,fish,mask_fill_rows16_c6,flat_icon_fill,0.35660389,hard_fail,0.31660389,60,14,0.5506,0,1.0,0.900345,0.0,0.0,0.04,0,1.0,0.0,0.0,1.0,0.0,0.0,0.0,0.0,0.0,0.0,0.0,0.0,0.0,0.0,16.0,0.0,0.0,0.0,0.0,0.0,0.0,0.0,0.0,0.0,0.0,0.0,1.0,0.0,0.2786102294921875,0.012706062763568652,92.0,7.0,0.31660389,60.0,14.0,0.5506,0.0,1.0,0.900345,0.0,0.0,0.0,1.0,0.0,0.0,0.0,0.0,0.0,0.0,0.0,0.0,0.0,0.0
omj_004,OpenMoji,fish,mask_fill_edgewalk_rows16_p40,flat_icon_fill,0.37317406,hard_fail,0.33317406,39,9,2.9095,0,1.0,0.894742,0.0,0.0,0.04,0,1.0,0.0,0.0,1.0,1.0,0.0,0.0,0.0,0.0,0.0,0.0,0.0,0.0,0.0,16.0,40.0,0.0,0.0,0.0,0.0,0.0,0.0,0.0,0.0,0.0,0.0,1.0,0.0,0.2786102294921875,0.012706062763568652,92.0,7.0,0.33317406,39.0,9.0,2.9095,0.0,1.0,0.894742,0.0,0.0,0.0,1.0,0.0,1.0,0.0,0.0,0.0,0.0,0.0,0.0,0.0,0.0
omj_004,OpenMoji,fish,mask_fill_edgewalk_nearestrow_rows16_p40,flat_icon_fill,0.05113326,excellent,0.05113326,3,0,1.1795,0,1.0,0.891422,0.0,0.0,0.0,0,1.0,0.0,0.0,1.0,1.0,1.0,1.0,0.0,0.0,0.0,0.0,0.0,0.0,0.0,16.0,40.0,0.0,0.0,0.0,0.0,0.0,0.0,0.0,0.0,0.0,0.0,1.0,0.0,0.2786102294921875,0.012706062763568652,92.0,7.0,0.05113326,3.0,0.0,1.1795,0.0,1.0,0.891422,0.0,0.0,0.0,1.0,0.0,1.0,1.0,0.2786102294921875,0.0,0.0,0.0,0.0,0.0,0.0
omj_004,OpenMoji,fish,mask_fill_edgewalk_nearestrow_inset1_rows16_p40,flat_icon_fill,0.05112688,excellent,0.05112688,3,0,1.1795,0,0.999836,0.914171,0.0,0.0,0.0,0,1.0,0.0,0.0,1.0,1.0,1.0,0.0,1.0,1.0,0.0,1.0,0.0,0.0,0.0,16.0,40.0,0.0,0.0,0.0,0.0,0.0,0.0,0.0,0.0,0.0,0.0,1.0,0.0,0.2786102294921875,0.012706062763568652,92.0,7.0,0.05112688,3.0,0.0,1.1795,0.0,0.999836,0.914171,0.0,0.0,0.0,0.999836,0.0,0.999836,0.999836,0.2786102294921875,0.2786102294921875,0.0,0.0,0.0,0.0,0.0
omj_004,OpenMoji,fish,mask_fill_edgewalk_nearestrow_inset2_rows16_p40,flat_icon_fill,0.04876926,excellent,0.04876926,3,0,1.075,0,0.997043,0.950702,0.0,0.0,0.0,1,1.0,0.0,0.0,1.0,1.0,1.0,0.0,1.0,0.0,1.0,2.0,0.0,0.0,0.0,16.0,40.0,0.0,0.0,0.0,0.0,0.0,0.0,0.0,0.0,0.0,0.0,1.0,0.0,0.2786102294921875,0.012706062763568652,92.0,7.0,0.04876926,3.0,0.0,1.075,0.0,0.997043,0.950702,0.0,0.0,0.0,0.997043,0.0,0.997043,0.997043,0.2786102294921875,0.2786102294921875,0.2786102294921875,0.0,0.0,0.0,0.0
omj_004,OpenMoji,fish,mask_fill_edgewalk_nearestrow_adapt_t3_m6_rows16_p40,flat_icon_fill,0.04876926,excellent,0.04876926,3,0,1.075,0,0.997043,0.950702,0.0,0.0,0.0,0,1.0,0.0,0.0,1.0,1.0,1.0,0.0,0.0,0.0,0.0,0.0,1.0,3.0,6.0,16.0,40.0,0.0,0.0,0.0,0.0,0.0,0.0,0.0,0.0,0.0,0.0,1.0,0.0,0.2786102294921875,0.012706062763568652,92.0,7.0,0.04876926,3.0,0.0,1.075,0.0,0.997043,0.950702,0.0,0.0,0.0,0.997043,0.0,0.997043,0.997043,0.2786102294921875,0.0,0.0,0.2786102294921875,0.012706062763568652,0.0,0.0
omj_004,OpenMoji,fish,mask_fill_edgewalk_nearestrow_adapt_t4_m8_rows16_p40,flat_icon_fill,0.04876926,excellent,0.04876926,3,0,1.075,0,0.997043,0.950702,0.0,0.0,0.0,0,1.0,0.0,0.0,1.0,1.0,1.0,0.0,0.0,0.0,0.0,0.0,1.0,4.0,8.0,16.0,40.0,0.0,0.0,0.0,0.0,0.0,0.0,0.0,0.0,0.0,0.0,1.0,0.0,0.2786102294921875,0.012706062763568652,92.0,7.0,0.04876926,3.0,0.0,1.075,0.0,0.997043,0.950702,0.0,0.0,0.0,0.997043,0.0,0.997043,0.997043,0.2786102294921875,0.0,0.0,0.2786102294921875,0.012706062763568652,0.0,0.0
omj_004,OpenMoji,fish,mask_fill_edgewalk_nearestrow_adapt_t2_m5_rows16_p40,flat_icon_fill,0.04876926,excellent,0.04876926,3,0,1.075,0,0.997043,0.950702,0.0,0.0,0.0,0,1.0,0.0,0.0,1.0,1.0,1.0,0.0,0.0,0.0,0.0,0.0,1.0,2.0,5.0,16.0,40.0,0.0,0.0,0.0,0.0,0.0,0.0,0.0,0.0,0.0,0.0,1.0,0.0,0.2786102294921875,0.012706062763568652,92.0,7.0,0.04876926,3.0,0.0,1.075,0.0,0.997043,0.950702,0.0,0.0,0.0,0.997043,0.0,0.997043,0.997043,0.2786102294921875,0.0,0.0,0.2786102294921875,0.012706062763568652,0.0,0.0
omj_004,OpenMoji,fish,outline_ext_in3,flat_icon_fill,0.38079496,hard_fail,0.34079496,44,10,2.9095,0,1.0,0.894523,0.0,0.0,0.04,0,1.0,0.0,0.0,0.0,0.0,0.0,0.0,0.0,0.0,0.0,0.0,0.0,0.0,0.0,0.0,0.0,0.0,1.0,0.0,0.0,0.0,0.0,0.0,0.0,0.0,0.0,1.0,0.0,0.2786102294921875,0.012706062763568652,92.0,7.0,0.34079496,44.0,10.0,2.9095,0.0,1.0,0.894523,0.0,0.0,0.0,0.0,0.0,0.0,0.0,0.0,0.0,0.0,0.0,0.0,0.0,0.0
omj_004,OpenMoji,fish,styleaware,flat_icon_fill,0.37317406,hard_fail,0.33317406,39,9,2.9095,0,1.0,0.894742,0.0,0.0,0.04,0,1.0,0.0,0.0,0.0,0.0,0.0,0.0,0.0,0.0,0.0,0.0,0.0,0.0,0.0,0.0,0.0,1.0,0.0,0.0,0.0,0.0,0.0,0.0,0.0,0.0,0.0,1.0,0.0,0.2786102294921875,0.012706062763568652,92.0,7.0,0.33317406,39.0,9.0,2.9095,0.0,1.0,0.894742,0.0,0.0,0.0,0.0,0.0,0.0,0.0,0.0,0.0,0.0,0.0,0.0,1.0,0.0
omj_004,OpenMoji,fish,satin,flat_icon_fill,0.38078551,hard_fail,0.34078551,44,10,2.9095,0,1.0,0.894742,0.0,0.0,0.04,0,1.0,0.0,0.0,0.0,0.0,0.0,0.0,0.0,0.0,0.0,0.0,0.0,0.0,0.0,0.0,0.0,0.0,0.0,1.0,0.0,0.0,0.0,0.0,0.0,0.0,0.0,1.0,0.0,0.2786102294921875,0.012706062763568652,92.0,7.0,0.34078551,44.0,10.0,2.9095,0.0,1.0,0.894742,0.0,0.0,0.0,0.0,0.0,0.0,0.0,0.0,0.0,0.0,0.0,0.0,0.0,0.0
omj_004,OpenMoji,fish,satinrail,flat_icon_fill,0.38078551,hard_fail,0.34078551,44,10,2.9095,0,1.0,0.894742,0.0,0.0,0.04,0,1.0,0.0,0.0,0.0,0.0,0.0,0.0,0.0,0.0,0.0,0.0,0.0,0.0,0.0,0.0,0.0,0.0,0.0,1.0,1.0,0.0,0.0,0.0,0.0,0.0,0.0,1.0,0.0,0.2786102294921875,0.012706062763568652,92.0,7.0,0.34078551,44.0,10.0,2.9095,0.0,1.0,0.894742,0.0,0.0,0.0,0.0,0.0,0.0,0.0,0.0,0.0,0.0,0.0,0.0,0.0,0.0
omj_004,OpenMoji,fish,dtsatin,flat_icon_fill,0.38080389,hard_fail,0.34080389,44,10,2.9095,0,1.0,0.894654,0.0,0.0,0.04,0,1.0,0.0,0.0,0.0,0.0,0.0,0.0,0.0,0.0,0.0,0.0,0.0,0.0,0.0,0.0,0.0,0.0,0.0,1.0,0.0,1.0,0.0,0.0,0.0,0.0,0.0,1.0,0.0,0.2786102294921875,0.012706062763568652,92.0,7.0,0.34080389,44.0,10.0,2.9095,0.0,1.0,0.894654,0.0,0.0,0.0,0.0,0.0,0.0,0.0,0.0,0.0,0.0,0.0,0.0,0.0,0.0
omj_005,OpenMoji,sun,skeleton_c20_m4,flat_icon_fill,0.22558516,excellent,0.04735116,5,1,0.0,0,0.304415,0.994251,0.445585,0.0,0.0,0,1.0,1.0,0.0,0.0,0.0,0.0,0.0,0.0,0.0,0.0,0.0,0.0,0.0,0.0,0.0,0.0,0.0,0.0,0.0,0.0,0.0,0.0,0.0,0.0,0.0,0.0,1.0,0.0,0.4247589111328125,0.017530624708122285,38.0,17.0,0.04735116,5.0,1.0,0.0,0.0,0.304415,0.994251,0.0,0.304415,0.0,0.0,0.0,0.0,0.0,0.0,0.0,0.0,0.0,0.0,0.0,0.0
omj_005,OpenMoji,sun,skeleton_c30_m4,flat_icon_fill,0.22558516,excellent,0.04735116,5,1,0.0,0,0.304415,0.994251,0.445585,0.0,0.0,0,1.0,1.0,0.0,0.0,0.0,0.0,0.0,0.0,0.0,0.0,0.0,0.0,0.0,0.0,0.0,0.0,0.0,0.0,0.0,0.0,0.0,0.0,0.0,0.0,0.0,0.0,1.0,0.0,0.4247589111328125,0.017530624708122285,38.0,17.0,0.04735116,5.0,1.0,0.0,0.0,0.304415,0.994251,0.0,0.304415,0.0,0.0,0.0,0.0,0.0,0.0,0.0,0.0,0.0,0.0,0.0,0.0
omj_005,OpenMoji,sun,skeleton_c30_m8,flat_icon_fill,0.20874876,excellent,0.01637516,2,0,0.0,0,0.269066,0.995217,0.480934,0.0,0.0,0,1.0,1.0,0.0,0.0,0.0,0.0,0.0,0.0,0.0,0.0,0.0,0.0,0.0,0.0,0.0,0.0,0.0,0.0,0.0,0.0,0.0,0.0,0.0,0.0,0.0,0.0,1.0,0.0,0.4247589111328125,0.017530624708122285,38.0,17.0,0.01637516,2.0,0.0,0.0,0.0,0.269066,0.995217,0.0,0.269066,0.0,0.0,0.0,0.0,0.0,0.0,0.0,0.0,0.0,0.0,0.0,0.0
omj_005,OpenMoji,sun,skeleton_c30_m12,flat_icon_fill,0.22524476,excellent,0.01637516,2,0,0.0,0,0.227826,0.994356,0.522174,0.0,0.0,0,1.0,1.0,0.0,0.0,0.0,0.0,0.0,0.0,0.0,0.0,0.0,0.0,0.0,0.0,0.0,0.0,0.0,0.0,0.0,0.0,0.0,0.0,0.0,0.0,0.0,0.0,1.0,0.0,0.4247589111328125,0.017530624708122285,38.0,17.0,0.01637516,2.0,0.0,0.0,0.0,0.227826,0.994356,0.0,0.227826,0.0,0.0,0.0,0.0,0.0,0.0,0.0,0.0,0.0,0.0,0.0,0.0
omj_005,OpenMoji,sun,skeleton_c30_m20,flat_icon_fill,0.22524476,excellent,0.01637516,2,0,0.0,0,0.227826,0.994356,0.522174,0.0,0.0,0,1.0,1.0,0.0,0.0,0.0,0.0,0.0,0.0,0.0,0.0,0.0,0.0,0.0,0.0,0.0,0.0,0.0,0.0,0.0,0.0,0.0,0.0,0.0,0.0,0.0,0.0,1.0,0.0,0.4247589111328125,0.017530624708122285,38.0,17.0,0.01637516,2.0,0.0,0.0,0.0,0.227826,0.994356,0.0,0.227826,0.0,0.0,0.0,0.0,0.0,0.0,0.0,0.0,0.0,0.0,0.0,0.0
omj_005,OpenMoji,sun,auto_evalrepair_r10_c20,flat_icon_fill,0.36576003,hard_fail,0.32576003,29,20,0.0,0,1.0,0.902626,0.0,0.0,0.04,0,1.0,0.0,1.0,0.0,0.0,0.0,0.0,0.0,0.0,0.0,0.0,0.0,0.0,0.0,0.0,0.0,0.0,0.0,0.0,0.0,0.0,0.0,0.0,0.0,0.0,0.0,1.0,0.0,0.4247589111328125,0.017530624708122285,38.0,17.0,0.32576003,29.0,20.0,0.0,0.0,1.0,0.902626,0.0,0.0,1.0,0.0,0.0,0.0,0.0,0.0,0.0,0.0,0.0,0.0,0.0,0.0
omj_005,OpenMoji,sun,auto_evalrepair_r15_c20,flat_icon_fill,0.36576003,hard_fail,0.32576003,29,20,0.0,0,1.0,0.902626,0.0,0.0,0.04,0,1.0,0.0,1.0,0.0,0.0,0.0,0.0,0.0,0.0,0.0,0.0,0.0,0.0,0.0,0.0,0.0,0.0,0.0,0.0,0.0,0.0,0.0,0.0,0.0,0.0,0.0,1.0,0.0,0.4247589111328125,0.017530624708122285,38.0,17.0,0.32576003,29.0,20.0,0.0,0.0,1.0,0.902626,0.0,0.0,1.0,0.0,0.0,0.0,0.0,0.0,0.0,0.0,0.0,0.0,0.0,0.0
omj_005,OpenMoji,sun,mask_fill_rows16_c6,flat_icon_fill,0.26721224,hard_fail,0.22721224,52,2,0.0,0,1.0,0.895109,0.0,0.0,0.04,0,1.0,0.0,0.0,1.0,0.0,0.0,0.0,0.0,0.0,0.0,0.0,0.0,0.0,0.0,16.0,0.0,0.0,0.0,0.0,0.0,0.0,0.0,0.0,0.0,0.0,0.0,1.0,0.0,0.4247589111328125,0.017530624708122285,38.0,17.0,0.22721224,52.0,2.0,0.0,0.0,1.0,0.895109,0.0,0.0,0.0,1.0,0.0,0.0,0.0,0.0,0.0,0.0,0.0,0.0,0.0,0.0
omj_005,OpenMoji,sun,mask_fill_edgewalk_rows16_p40,flat_icon_fill,0.11168015,pass,0.11168015,12,2,0.0,0,1.0,0.883462,0.0,0.0,0.0,0,1.0,0.0,0.0,1.0,1.0,0.0,0.0,0.0,0.0,0.0,0.0,0.0,0.0,0.0,16.0,40.0,0.0,0.0,0.0,0.0,0.0,0.0,0.0,0.0,0.0,0.0,1.0,0.0,0.4247589111328125,0.017530624708122285,38.0,17.0,0.11168015,12.0,2.0,0.0,0.0,1.0,0.883462,0.0,0.0,0.0,1.0,0.0,1.0,0.0,0.0,0.0,0.0,0.0,0.0,0.0,0.0
omj_005,OpenMoji,sun,mask_fill_edgewalk_nearestrow_rows16_p40,flat_icon_fill,0.12028483,pass,0.12028483,13,2,0.0,0,1.0,0.888595,0.0,0.0,0.0,0,1.0,0.0,0.0,1.0,1.0,1.0,1.0,0.0,0.0,0.0,0.0,0.0,0.0,0.0,16.0,40.0,0.0,0.0,0.0,0.0,0.0,0.0,0.0,0.0,0.0,0.0,1.0,0.0,0.4247589111328125,0.017530624708122285,38.0,17.0,0.12028483,13.0,2.0,0.0,0.0,1.0,0.888595,0.0,0.0,0.0,1.0,0.0,1.0,1.0,0.4247589111328125,0.0,0.0,0.0,0.0,0.0,0.0
omj_005,OpenMoji,sun,mask_fill_edgewalk_nearestrow_inset1_rows16_p40,flat_icon_fill,0.1120648,pass,0.1120648,12,2,0.0,0,0.998994,0.913568,0.0,0.0,0.0,0,1.0,0.0,0.0,1.0,1.0,1.0,0.0,1.0,1.0,0.0,1.0,0.0,0.0,0.0,16.0,40.0,0.0,0.0,0.0,0.0,0.0,0.0,0.0,0.0,0.0,0.0,1.0,0.0,0.4247589111328125,0.017530624708122285,38.0,17.0,0.1120648,12.0,2.0,0.0,0.0,0.998994,0.913568,0.0,0.0,0.0,0.998994,0.0,0.998994,0.998994,0.4247589111328125,0.4247589111328125,0.0,0.0,0.0,0.0,0.0
omj_005,OpenMoji,sun,mask_fill_edgewalk_nearestrow_inset2_rows16_p40,flat_icon_fill,0.08906568,excellent,0.08906568,10,1,0.0,0,0.997342,0.947187,0.0,0.0,0.0,1,1.0,0.0,0.0,1.0,1.0,1.0,0.0,1.0,0.0,1.0,2.0,0.0,0.0,0.0,16.0,40.0,0.0,0.0,0.0,0.0,0.0,0.0,0.0,0.0,0.0,0.0,1.0,0.0,0.4247589111328125,0.017530624708122285,38.0,17.0,0.08906568,10.0,1.0,0.0,0.0,0.997342,0.947187,0.0,0.0,0.0,0.997342,0.0,0.997342,0.997342,0.4247589111328125,0.4247589111328125,0.4247589111328125,0.0,0.0,0.0,0.0
omj_005,OpenMoji,sun,mask_fill_edgewalk_nearestrow_adapt_t3_m6_rows16_p40,flat_icon_fill,0.08906568,excellent,0.08906568,10,1,0.0,0,0.997342,0.947187,0.0,0.0,0.0,0,1.0,0.0,0.0,1.0,1.0,1.0,0.0,0.0,0.0,0.0,0.0,1.0,3.0,6.0,16.0,40.0,0.0,0.0,0.0,0.0,0.0,0.0,0.0,0.0,0.0,0.0,1.0,0.0,0.4247589111328125,0.017530624708122285,38.0,17.0,0.08906568,10.0,1.0,0.0,0.0,0.997342,0.947187,0.0,0.0,0.0,0.997342,0.0,0.997342,0.997342,0.4247589111328125,0.0,0.0,0.4247589111328125,0.017530624708122285,0.0,0.0
omj_005,OpenMoji,sun,mask_fill_edgewalk_nearestrow_adapt_t4_m8_rows16_p40,flat_icon_fill,0.08906568,excellent,0.08906568,10,1,0.0,0,0.997342,0.947187,0.0,0.0,0.0,0,1.0,0.0,0.0,1.0,1.0,1.0,0.0,0.0,0.0,0.0,0.0,1.0,4.0,8.0,16.0,40.0,0.0,0.0,0.0,0.0,0.0,0.0,0.0,0.0,0.0,0.0,1.0,0.0,0.4247589111328125,0.017530624708122285,38.0,17.0,0.08906568,10.0,1.0,0.0,0.0,0.997342,0.947187,0.0,0.0,0.0,0.997342,0.0,0.997342,0.997342,0.4247589111328125,0.0,0.0,0.4247589111328125,0.017530624708122285,0.0,0.0
omj_005,OpenMoji,sun,mask_fill_edgewalk_nearestrow_adapt_t2_m5_rows16_p40,flat_icon_fill,0.08906568,excellent,0.08906568,10,1,0.0,0,0.997342,0.947187,0.0,0.0,0.0,0,1.0,0.0,0.0,1.0,1.0,1.0,0.0,0.0,0.0,0.0,0.0,1.0,2.0,5.0,16.0,40.0,0.0,0.0,0.0,0.0,0.0,0.0,0.0,0.0,0.0,0.0,1.0,0.0,0.4247589111328125,0.017530624708122285,38.0,17.0,0.08906568,10.0,1.0,0.0,0.0,0.997342,0.947187,0.0,0.0,0.0,0.997342,0.0,0.997342,0.997342,0.4247589111328125,0.0,0.0,0.4247589111328125,0.017530624708122285,0.0,0.0
omj_005,OpenMoji,sun,outline_ext_in3,flat_icon_fill,0.17612203,warning,0.17612203,19,3,0.0,0,1.0,0.88335,0.0,0.0,0.0,0,1.0,0.0,0.0,0.0,0.0,0.0,0.0,0.0,0.0,0.0,0.0,0.0,0.0,0.0,0.0,0.0,0.0,1.0,0.0,0.0,0.0,0.0,0.0,0.0,0.0,0.0,1.0,0.0,0.4247589111328125,0.017530624708122285,38.0,17.0,0.17612203,19.0,3.0,0.0,0.0,1.0,0.88335,0.0,0.0,0.0,0.0,0.0,0.0,0.0,0.0,0.0,0.0,0.0,0.0,0.0,0.0
omj_005,OpenMoji,sun,styleaware,flat_icon_fill,0.11168015,pass,0.11168015,12,2,0.0,0,1.0,0.883462,0.0,0.0,0.0,0,1.0,0.0,0.0,0.0,0.0,0.0,0.0,0.0,0.0,0.0,0.0,0.0,0.0,0.0,0.0,0.0,1.0,0.0,0.0,0.0,0.0,0.0,0.0,0.0,0.0,0.0,1.0,0.0,0.4247589111328125,0.017530624708122285,38.0,17.0,0.11168015,12.0,2.0,0.0,0.0,1.0,0.883462,0.0,0.0,0.0,0.0,0.0,0.0,0.0,0.0,0.0,0.0,0.0,0.0,1.0,0.0
omj_005,OpenMoji,sun,satin,flat_icon_fill,0.17609963,warning,0.17609963,19,3,0.0,0,1.0,0.883462,0.0,0.0,0.0,0,1.0,0.0,0.0,0.0,0.0,0.0,0.0,0.0,0.0,0.0,0.0,0.0,0.0,0.0,0.0,0.0,0.0,0.0,1.0,0.0,0.0,0.0,0.0,0.0,0.0,0.0,1.0,0.0,0.4247589111328125,0.017530624708122285,38.0,17.0,0.17609963,19.0,3.0,0.0,0.0,1.0,0.883462,0.0,0.0,0.0,0.0,0.0,0.0,0.0,0.0,0.0,0.0,0.0,0.0,0.0,0.0
omj_005,OpenMoji,sun,satinrail,flat_icon_fill,0.17609963,warning,0.17609963,19,3,0.0,0,1.0,0.883462,0.0,0.0,0.0,0,1.0,0.0,0.0,0.0,0.0,0.0,0.0,0.0,0.0,0.0,0.0,0.0,0.0,0.0,0.0,0.0,0.0,0.0,1.0,1.0,0.0,0.0,0.0,0.0,0.0,0.0,1.0,0.0,0.4247589111328125,0.017530624708122285,38.0,17.0,0.17609963,19.0,3.0,0.0,0.0,1.0,0.883462,0.0,0.0,0.0,0.0,0.0,0.0,0.0,0.0,0.0,0.0,0.0,0.0,0.0,0.0
omj_005,OpenMoji,sun,dtsatin,flat_icon_fill,0.17612203,warning,0.17612203,19,3,0.0,0,1.0,0.883462,0.0,0.0,0.0,0,1.0,0.0,0.0,0.0,0.0,0.0,0.0,0.0,0.0,0.0,0.0,0.0,0.0,0.0,0.0,0.0,0.0,0.0,1.0,0.0,1.0,0.0,0.0,0.0,0.0,0.0,1.0,0.0,0.4247589111328125,0.017530624708122285,38.0,17.0,0.17612203,19.0,3.0,0.0,0.0,1.0,0.883462,0.0,0.0,0.0,0.0,0.0,0.0,0.0,0.0,0.0,0.0,0.0,0.0,0.0,0.0
omj_006,OpenMoji,cherry_blossom,skeleton_c20_m4,flat_icon_fill,0.26165755,excellent,0.08910835,10,1,0.0,0,0.318627,0.959974,0.431373,0.0,0.0,0,1.0,1.0,0.0,0.0,0.0,0.0,0.0,0.0,0.0,0.0,0.0,0.0,0.0,0.0,0.0,0.0,0.0,0.0,0.0,0.0,0.0,0.0,0.0,0.0,0.0,0.0,1.0,0.0,0.21478271484375,0.031187837453822108,96.0,13.0,0.08910835,10.0,1.0,0.0,0.0,0.318627,0.959974,0.0,0.318627,0.0,0.0,0.0,0.0,0.0,0.0,0.0,0.0,0.0,0.0,0.0,0.0
omj_006,OpenMoji,cherry_blossom,skeleton_c30_m4,flat_icon_fill,0.26165755,excellent,0.08910835,10,1,0.0,0,0.318627,0.959974,0.431373,0.0,0.0,0,1.0,1.0,0.0,0.0,0.0,0.0,0.0,0.0,0.0,0.0,0.0,0.0,0.0,0.0,0.0,0.0,0.0,0.0,0.0,0.0,0.0,0.0,0.0,0.0,0.0,0.0,1.0,0.0,0.21478271484375,0.031187837453822108,96.0,13.0,0.08910835,10.0,1.0,0.0,0.0,0.318627,0.959974,0.0,0.318627,0.0,0.0,0.0,0.0,0.0,0.0,0.0,0.0,0.0,0.0,0.0,0.0
omj_006,OpenMoji,cherry_blossom,skeleton_c30_m8,flat_icon_fill,0.24493464,excellent,0.07215824,8,1,0.0,0,0.318059,0.968,0.431941,0.0,0.0,0,1.0,1.0,0.0,0.0,0.0,0.0,0.0,0.0,0.0,0.0,0.0,0.0,0.0,0.0,0.0,0.0,0.0,0.0,0.0,0.0,0.0,0.0,0.0,0.0,0.0,0.0,1.0,0.0,0.21478271484375,0.031187837453822108,96.0,13.0,0.07215824,8.0,1.0,0.0,0.0,0.318059,0.968,0.0,0.318059,0.0,0.0,0.0,0.0,0.0,0.0,0.0,0.0,0.0,0.0,0.0,0.0
omj_006,OpenMoji,cherry_blossom,skeleton_c30_m12,flat_icon_fill,0.24493464,excellent,0.07215824,8,1,0.0,0,0.318059,0.968,0.431941,0.0,0.0,0,1.0,1.0,0.0,0.0,0.0,0.0,0.0,0.0,0.0,0.0,0.0,0.0,0.0,0.0,0.0,0.0,0.0,0.0,0.0,0.0,0.0,0.0,0.0,0.0,0.0,0.0,1.0,0.0,0.21478271484375,0.031187837453822108,96.0,13.0,0.07215824,8.0,1.0,0.0,0.0,0.318059,0.968,0.0,0.318059,0.0,0.0,0.0,0.0,0.0,0.0,0.0,0.0,0.0,0.0,0.0,0.0
omj_006,OpenMoji,cherry_blossom,skeleton_c30_m20,flat_icon_fill,0.26121744,excellent,0.07215824,8,1,0.0,0,0.277352,0.963475,0.472648,0.0,0.0,0,1.0,1.0,0.0,0.0,0.0,0.0,0.0,0.0,0.0,0.0,0.0,0.0,0.0,0.0,0.0,0.0,0.0,0.0,0.0,0.0,0.0,0.0,0.0,0.0,0.0,0.0,1.0,0.0,0.21478271484375,0.031187837453822108,96.0,13.0,0.07215824,8.0,1.0,0.0,0.0,0.277352,0.963475,0.0,0.277352,0.0,0.0,0.0,0.0,0.0,0.0,0.0,0.0,0.0,0.0,0.0,0.0
omj_006,OpenMoji,cherry_blossom,auto_evalrepair_r10_c20,flat_icon_fill,0.18598001,warning,0.18598001,11,16,0.0,0,0.987212,0.900525,0.0,0.0,0.0,0,1.0,0.0,1.0,0.0,0.0,0.0,0.0,0.0,0.0,0.0,0.0,0.0,0.0,0.0,0.0,0.0,0.0,0.0,0.0,0.0,0.0,0.0,0.0,0.0,0.0,0.0,1.0,0.0,0.21478271484375,0.031187837453822108,96.0,13.0,0.18598001,11.0,16.0,0.0,0.0,0.987212,0.900525,0.0,0.0,0.987212,0.0,0.0,0.0,0.0,0.0,0.0,0.0,0.0,0.0,0.0,0.0
omj_006,OpenMoji,cherry_blossom,auto_evalrepair_r15_c20,flat_icon_fill,0.18598001,warning,0.18598001,11,16,0.0,0,0.987212,0.900525,0.0,0.0,0.0,0,1.0,0.0,1.0,0.0,0.0,0.0,0.0,0.0,0.0,0.0,0.0,0.0,0.0,0.0,0.0,0.0,0.0,0.0,0.0,0.0,0.0,0.0,0.0,0.0,0.0,0.0,1.0,0.0,0.21478271484375,0.031187837453822108,96.0,13.0,0.18598001,11.0,16.0,0.0,0.0,0.987212,0.900525,0.0,0.0,0.987212,0.0,0.0,0.0,0.0,0.0,0.0,0.0,0.0,0.0,0.0,0.0
omj_006,OpenMoji,cherry_blossom,mask_fill_rows16_c6,flat_icon_fill,0.29714145,hard_fail,0.25714145,51,7,0.0,0,0.999929,0.857552,0.0,0.0,0.04,0,1.0,0.0,0.0,1.0,0.0,0.0,0.0,0.0,0.0,0.0,0.0,0.0,0.0,0.0,16.0,0.0,0.0,0.0,0.0,0.0,0.0,0.0,0.0,0.0,0.0,0.0,1.0,0.0,0.21478271484375,0.031187837453822108,96.0,13.0,0.25714145,51.0,7.0,0.0,0.0,0.999929,0.857552,0.0,0.0,0.0,0.999929,0.0,0.0,0.0,0.0,0.0,0.0,0.0,0.0,0.0,0.0
omj_006,OpenMoji,cherry_blossom,mask_fill_edgewalk_rows16_p40,flat_icon_fill,0.12026157,pass,0.12026157,7,1,2.5007,0,0.999929,0.848658,0.0,0.0,0.0,0,1.0,0.0,0.0,1.0,1.0,0.0,0.0,0.0,0.0,0.0,0.0,0.0,0.0,0.0,16.0,40.0,0.0,0.0,0.0,0.0,0.0,0.0,0.0,0.0,0.0,0.0,1.0,0.0,0.21478271484375,0.031187837453822108,96.0,13.0,0.12026157,7.0,1.0,2.5007,0.0,0.999929,0.848658,0.0,0.0,0.0,0.999929,0.0,0.999929,0.0,0.0,0.0,0.0,0.0,0.0,0.0,0.0
omj_006,OpenMoji,cherry_blossom,mask_fill_edgewalk_nearestrow_rows16_p40,flat_icon_fill,0.04749354,excellent,0.04749354,3,0,1.0141,0,0.999929,0.848914,0.0,0.0,0.0,0,1.0,0.0,0.0,1.0,1.0,1.0,1.0,0.0,0.0,0.0,0.0,0.0,0.0,0.0,16.0,40.0,0.0,0.0,0.0,0.0,0.0,0.0,0.0,0.0,0.0,0.0,1.0,0.0,0.21478271484375,0.031187837453822108,96.0,13.0,0.04749354,3.0,0.0,1.0141,0.0,0.999929,0.848914,0.0,0.0,0.0,0.999929,0.0,0.999929,0.999929,0.21478271484375,0.0,0.0,0.0,0.0,0.0,0.0
omj_006,OpenMoji,cherry_blossom,mask_fill_edgewalk_nearestrow_inset1_rows16_p40,flat_icon_fill,0.03581865,excellent,0.03581865,3,0,0.4955,0,0.998295,0.879569,0.0,0.0,0.0,0,1.0,0.0,0.0,1.0,1.0,1.0,0.0,1.0,1.0,0.0,1.0,0.0,0.0,0.0,16.0,40.0,0.0,0.0,0.0,0.0,0.0,0.0,0.0,0.0,0.0,0.0,1.0,0.0,0.21478271484375,0.031187837453822108,96.0,13.0,0.03581865,3.0,0.0,0.4955,0.0,0.998295,0.879569,0.0,0.0,0.0,0.998295,0.0,0.998295,0.998295,0.21478271484375,0.21478271484375,0.0,0.0,0.0,0.0,0.0
omj_006,OpenMoji,cherry_blossom,mask_fill_edgewalk_nearestrow_inset2_rows16_p40,flat_icon_fill,0.0246882,excellent,0.0246882,3,0,0.0,0,0.992683,0.916022,0.0,0.0,0.0,1,1.0,0.0,0.0,1.0,1.0,1.0,0.0,1.0,0.0,1.0,2.0,0.0,0.0,0.0,16.0,40.0,0.0,0.0,0.0,0.0,0.0,0.0,0.0,0.0,0.0,0.0,1.0,0.0,0.21478271484375,0.031187837453822108,96.0,13.0,0.0246882,3.0,0.0,0.0,0.0,0.992683,0.916022,0.0,0.0,0.0,0.992683,0.0,0.992683,0.992683,0.21478271484375,0.21478271484375,0.21478271484375,0.0,0.0,0.0,0.0
omj_006,OpenMoji,cherry_blossom,mask_fill_edgewalk_nearestrow_adapt_t3_m6_rows16_p40,flat_icon_fill,0.0246882,excellent,0.0246882,3,0,0.0,0,0.992683,0.916022,0.0,0.0,0.0,0,1.0,0.0,0.0,1.0,1.0,1.0,0.0,0.0,0.0,0.0,0.0,1.0,3.0,6.0,16.0,40.0,0.0,0.0,0.0,0.0,0.0,0.0,0.0,0.0,0.0,0.0,1.0,0.0,0.21478271484375,0.031187837453822108,96.0,13.0,0.0246882,3.0,0.0,0.0,0.0,0.992683,0.916022,0.0,0.0,0.0,0.992683,0.0,0.992683,0.992683,0.21478271484375,0.0,0.0,0.21478271484375,0.031187837453822108,0.0,0.0
omj_006,OpenMoji,cherry_blossom,mask_fill_edgewalk_nearestrow_adapt_t4_m8_rows16_p40,flat_icon_fill,0.0246882,excellent,0.0246882,3,0,0.0,0,0.992683,0.916022,0.0,0.0,0.0,0,1.0,0.0,0.0,1.0,1.0,1.0,0.0,0.0,0.0,0.0,0.0,1.0,4.0,8.0,16.0,40.0,0.0,0.0,0.0,0.0,0.0,0.0,0.0,0.0,0.0,0.0,1.0,0.0,0.21478271484375,0.031187837453822108,96.0,13.0,0.0246882,3.0,0.0,0.0,0.0,0.992683,0.916022,0.0,0.0,0.0,0.992683,0.0,0.992683,0.992683,0.21478271484375,0.0,0.0,0.21478271484375,0.031187837453822108,0.0,0.0
omj_006,OpenMoji,cherry_blossom,mask_fill_edgewalk_nearestrow_adapt_t2_m5_rows16_p40,flat_icon_fill,0.0246882,excellent,0.0246882,3,0,0.0,0,0.992683,0.916022,0.0,0.0,0.0,0,1.0,0.0,0.0,1.0,1.0,1.0,0.0,0.0,0.0,0.0,0.0,1.0,2.0,5.0,16.0,40.0,0.0,0.0,0.0,0.0,0.0,0.0,0.0,0.0,0.0,0.0,1.0,0.0,0.21478271484375,0.031187837453822108,96.0,13.0,0.0246882,3.0,0.0,0.0,0.0,0.992683,0.916022,0.0,0.0,0.0,0.992683,0.0,0.992683,0.992683,0.21478271484375,0.0,0.0,0.21478271484375,0.031187837453822108,0.0,0.0
omj_006,OpenMoji,cherry_blossom,outline_ext_in3,flat_icon_fill,0.17647445,pass,0.17647445,13,2,2.5007,0,0.999929,0.847483,0.0,0.0,0.0,0,1.0,0.0,0.0,0.0,0.0,0.0,0.0,0.0,0.0,0.0,0.0,0.0,0.0,0.0,0.0,0.0,0.0,1.0,0.0,0.0,0.0,0.0,0.0,0.0,0.0,0.0,1.0,0.0,0.21478271484375,0.031187837453822108,96.0,13.0,0.17647445,13.0,2.0,2.5007,0.0,0.999929,0.847483,0.0,0.0,0.0,0.0,0.0,0.0,0.0,0.0,0.0,0.0,0.0,0.0,0.0,0.0
omj_006,OpenMoji,cherry_blossom,styleaware,flat_icon_fill,0.12026157,pass,0.12026157,7,1,2.5007,0,0.999929,0.848658,0.0,0.0,0.0,0,1.0,0.0,0.0,0.0,0.0,0.0,0.0,0.0,0.0,0.0,0.0,0.0,0.0,0.0,0.0,0.0,1.0,0.0,0.0,0.0,0.0,0.0,0.0,0.0,0.0,0.0,1.0,0.0,0.21478271484375,0.031187837453822108,96.0,13.0,0.12026157,7.0,1.0,2.5007,0.0,0.999929,0.848658,0.0,0.0,0.0,0.0,0.0,0.0,0.0,0.0,0.0,0.0,0.0,0.0,0.999929,0.0
omj_006,OpenMoji,cherry_blossom,satin,flat_icon_fill,0.17646285,pass,0.17646285,13,2,2.5007,0,0.999929,0.848607,0.0,0.0,0.0,0,1.0,0.0,0.0,0.0,0.0,0.0,0.0,0.0,0.0,0.0,0.0,0.0,0.0,0.0,0.0,0.0,0.0,0.0,1.0,0.0,0.0,0.0,0.0,0.0,0.0,0.0,1.0,0.0,0.21478271484375,0.031187837453822108,96.0,13.0,0.17646285,13.0,2.0,2.5007,0.0,0.999929,0.848607,0.0,0.0,0.0,0.0,0.0,0.0,0.0,0.0,0.0,0.0,0.0,0.0,0.0,0.0
omj_006,OpenMoji,cherry_blossom,satinrail,flat_icon_fill,0.17646285,pass,0.17646285,13,2,2.5007,0,0.999929,0.848658,0.0,0.0,0.0,0,1.0,0.0,0.0,0.0,0.0,0.0,0.0,0.0,0.0,0.0,0.0,0.0,0.0,0.0,0.0,0.0,0.0,0.0,1.0,1.0,0.0,0.0,0.0,0.0,0.0,0.0,1.0,0.0,0.21478271484375,0.031187837453822108,96.0,13.0,0.17646285,13.0,2.0,2.5007,0.0,0.999929,0.848658,0.0,0.0,0.0,0.0,0.0,0.0,0.0,0.0,0.0,0.0,0.0,0.0,0.0,0.0
omj_006,OpenMoji,cherry_blossom,dtsatin,flat_icon_fill,0.17648323,pass,0.17648323,13,2,2.5007,0,1.0,0.847492,0.0,0.0,0.0,0,1.0,0.0,0.0,0.0,0.0,0.0,0.0,0.0,0.0,0.0,0.0,0.0,0.0,0.0,0.0,0.0,0.0,0.0,1.0,0.0,1.0,0.0,0.0,0.0,0.0,0.0,1.0,0.0,0.21478271484375,0.031187837453822108,96.0,13.0,0.17648323,13.0,2.0,2.5007,0.0,1.0,0.847492,0.0,0.0,0.0,0.0,0.0,0.0,0.0,0.0,0.0,0.0,0.0,0.0,0.0,0.0
omj_007,OpenMoji,ribbon,skeleton_c20_m4,flat_icon_fill,0.28249374,excellent,0.07284654,8,1,0.0,0,0.225882,1.0,0.524118,0.0,0.0,0,1.0,1.0,0.0,0.0,0.0,0.0,0.0,0.0,0.0,0.0,0.0,0.0,0.0,0.0,0.0,0.0,0.0,0.0,0.0,0.0,0.0,0.0,0.0,0.0,0.0,0.0,1.0,0.0,0.376129150390625,0.019188640973630832,51.0,27.0,0.07284654,8.0,1.0,0.0,0.0,0.225882,1.0,0.0,0.225882,0.0,0.0,0.0,0.0,0.0,0.0,0.0,0.0,0.0,0.0,0.0,0.0
omj_007,OpenMoji,ribbon,skeleton_c30_m4,flat_icon_fill,0.28249374,excellent,0.07284654,8,1,0.0,0,0.225882,1.0,0.524118,0.0,0.0,0,1.0,1.0,0.0,0.0,0.0,0.0,0.0,0.0,0.0,0.0,0.0,0.0,0.0,0.0,0.0,0.0,0.0,0.0,0.0,0.0,0.0,0.0,0.0,0.0,0.0,0.0,1.0,0.0,0.376129150390625,0.019188640973630832,51.0,27.0,0.07284654,8.0,1.0,0.0,0.0,0.225882,1.0,0.0,0.225882,0.0,0.0,0.0,0.0,0.0,0.0,0.0,0.0,0.0,0.0,0.0,0.0
omj_007,OpenMoji,ribbon,skeleton_c30_m8,flat_icon_fill,0.2731814,excellent,0.0474694,5,1,0.0,0,0.18572,1.0,0.56428,0.0,0.0,0,1.0,1.0,0.0,0.0,0.0,0.0,0.0,0.0,0.0,0.0,0.0,0.0,0.0,0.0,0.0,0.0,0.0,0.0,0.0,0.0,0.0,0.0,0.0,0.0,0.0,0.0,1.0,0.0,0.376129150390625,0.019188640973630832,51.0,27.0,0.0474694,5.0,1.0,0.0,0.0,0.18572,1.0,0.0,0.18572,0.0,0.0,0.0,0.0,0.0,0.0,0.0,0.0,0.0,0.0,0.0,0.0
omj_007,OpenMoji,ribbon,skeleton_c30_m12,flat_icon_fill,0.2792018,excellent,0.0474694,5,1,0.0,0,0.170669,1.0,0.579331,0.0,0.0,0,1.0,1.0,0.0,0.0,0.0,0.0,0.0,0.0,0.0,0.0,0.0,0.0,0.0,0.0,0.0,0.0,0.0,0.0,0.0,0.0,0.0,0.0,0.0,0.0,0.0,0.0,1.0,0.0,0.376129150390625,0.019188640973630832,51.0,27.0,0.0474694,5.0,1.0,0.0,0.0,0.170669,1.0,0.0,0.170669,0.0,0.0,0.0,0.0,0.0,0.0,0.0,0.0,0.0,0.0,0.0,0.0
omj_007,OpenMoji,ribbon,skeleton_c30_m20,flat_icon_fill,0.29653486,excellent,0.05556926,6,1,0.0,0,0.147586,1.0,0.602414,0.0,0.0,0,1.0,1.0,0.0,0.0,0.0,0.0,0.0,0.0,0.0,0.0,0.0,0.0,0.0,0.0,0.0,0.0,0.0,0.0,0.0,0.0,0.0,0.0,0.0,0.0,0.0,0.0,1.0,0.0,0.376129150390625,0.019188640973630832,51.0,27.0,0.05556926,6.0,1.0,0.0,0.0,0.147586,1.0,0.0,0.147586,0.0,0.0,0.0,0.0,0.0,0.0,0.0,0.0,0.0,0.0,0.0,0.0
omj_007,OpenMoji,ribbon,auto_evalrepair_r10_c20,flat_icon_fill,0.25005031,warning,0.25005031,21,13,0.0,0,0.973955,0.90412,0.0,0.0,0.0,0,1.0,0.0,1.0,0.0,0.0,0.0,0.0,0.0,0.0,0.0,0.0,0.0,0.0,0.0,0.0,0.0,0.0,0.0,0.0,0.0,0.0,0.0,0.0,0.0,0.0,0.0,1.0,0.0,0.376129150390625,0.019188640973630832,51.0,27.0,0.25005031,21.0,13.0,0.0,0.0,0.973955,0.90412,0.0,0.0,0.973955,0.0,0.0,0.0,0.0,0.0,0.0,0.0,0.0,0.0,0.0,0.0
omj_007,OpenMoji,ribbon,auto_evalrepair_r15_c20,flat_icon_fill,0.25005031,warning,0.25005031,21,13,0.0,0,0.973955,0.90412,0.0,0.0,0.0,0,1.0,0.0,1.0,0.0,0.0,0.0,0.0,0.0,0.0,0.0,0.0,0.0,0.0,0.0,0.0,0.0,0.0,0.0,0.0,0.0,0.0,0.0,0.0,0.0,0.0,0.0,1.0,0.0,0.376129150390625,0.019188640973630832,51.0,27.0,0.25005031,21.0,13.0,0.0,0.0,0.973955,0.90412,0.0,0.0,0.973955,0.0,0.0,0.0,0.0,0.0,0.0,0.0,0.0,0.0,0.0,0.0
omj_007,OpenMoji,ribbon,mask_fill_rows16_c6,flat_icon_fill,0.41026291,hard_fail,0.37026291,152,30,0.0,0,1.0,0.904322,0.0,0.0,0.04,0,1.0,0.0,0.0,1.0,0.0,0.0,0.0,0.0,0.0,0.0,0.0,0.0,0.0,0.0,16.0,0.0,0.0,0.0,0.0,0.0,0.0,0.0,0.0,0.0,0.0,0.0,1.0,0.0,0.376129150390625,0.019188640973630832,51.0,27.0,0.37026291,152.0,30.0,0.0,0.0,1.0,0.904322,0.0,0.0,0.0,1.0,0.0,0.0,0.0,0.0,0.0,0.0,0.0,0.0,0.0,0.0
omj_007,OpenMoji,ribbon,mask_fill_edgewalk_rows16_p40,flat_icon_fill,0.39872363,hard_fail,0.35872363,115,25,0.0,0,1.0,0.898029,0.0,0.0,0.04,0,1.0,0.0,0.0,1.0,1.0,0.0,0.0,0.0,0.0,0.0,0.0,0.0,0.0,0.0,16.0,40.0,0.0,0.0,0.0,0.0,0.0,0.0,0.0,0.0,0.0,0.0,1.0,0.0,0.376129150390625,0.019188640973630832,51.0,27.0,0.35872363,115.0,25.0,0.0,0.0,1.0,0.898029,0.0,0.0,0.0,1.0,0.0,1.0,0.0,0.0,0.0,0.0,0.0,0.0,0.0,0.0
omj_007,OpenMoji,ribbon,mask_fill_edgewalk_nearestrow_rows16_p40,flat_icon_fill,0.08082922,excellent,0.08082922,9,1,0.0,0,1.0,0.891565,0.0,0.0,0.0,1,1.0,0.0,0.0,1.0,1.0,1.0,1.0,0.0,0.0,0.0,0.0,0.0,0.0,0.0,16.0,40.0,0.0,0.0,0.0,0.0,0.0,0.0,0.0,0.0,0.0,0.0,1.0,0.0,0.376129150390625,0.019188640973630832,51.0,27.0,0.08082922,9.0,1.0,0.0,0.0,1.0,0.891565,0.0,0.0,0.0,1.0,0.0,1.0,1.0,0.376129150390625,0.0,0.0,0.0,0.0,0.0,0.0
omj_007,OpenMoji,ribbon,mask_fill_edgewalk_nearestrow_inset1_rows16_p40,flat_icon_fill,0.08897856,excellent,0.08897856,10,1,0.0,0,0.99931,0.911692,0.0,0.0,0.0,0,1.0,0.0,0.0,1.0,1.0,1.0,0.0,1.0,1.0,0.0,1.0,0.0,0.0,0.0,16.0,40.0,0.0,0.0,0.0,0.0,0.0,0.0,0.0,0.0,0.0,0.0,1.0,0.0,0.376129150390625,0.019188640973630832,51.0,27.0,0.08897856,10.0,1.0,0.0,0.0,0.99931,0.911692,0.0,0.0,0.0,0.99931,0.0,0.99931,0.99931,0.376129150390625,0.376129150390625,0.0,0.0,0.0,0.0,0.0
omj_007,OpenMoji,ribbon,mask_fill_edgewalk_nearestrow_inset2_rows16_p40,flat_icon_fill,0.08920968,excellent,0.08920968,10,1,0.0,0,0.998053,0.937076,0.0,0.0,0.0,0,1.0,0.0,0.0,1.0,1.0,1.0,0.0,1.0,0.0,1.0,2.0,0.0,0.0,0.0,16.0,40.0,0.0,0.0,0.0,0.0,0.0,0.0,0.0,0.0,0.0,0.0,1.0,0.0,0.376129150390625,0.019188640973630832,51.0,27.0,0.08920968,10.0,1.0,0.0,0.0,0.998053,0.937076,0.0,0.0,0.0,0.998053,0.0,0.998053,0.998053,0.376129150390625,0.376129150390625,0.376129150390625,0.0,0.0,0.0,0.0
omj_007,OpenMoji,ribbon,mask_fill_edgewalk_nearestrow_adapt_t3_m6_rows16_p40,flat_icon_fill,0.08920968,excellent,0.08920968,10,1,0.0,0,0.998053,0.937076,0.0,0.0,0.0,0,1.0,0.0,0.0,1.0,1.0,1.0,0.0,0.0,0.0,0.0,0.0,1.0,3.0,6.0,16.0,40.0,0.0,0.0,0.0,0.0,0.0,0.0,0.0,0.0,0.0,0.0,1.0,0.0,0.376129150390625,0.019188640973630832,51.0,27.0,0.08920968,10.0,1.0,0.0,0.0,0.998053,0.937076,0.0,0.0,0.0,0.998053,0.0,0.998053,0.998053,0.376129150390625,0.0,0.0,0.376129150390625,0.019188640973630832,0.0,0.0
omj_007,OpenMoji,ribbon,mask_fill_edgewalk_nearestrow_adapt_t4_m8_rows16_p40,flat_icon_fill,0.08920968,excellent,0.08920968,10,1,0.0,0,0.998053,0.937076,0.0,0.0,0.0,0,1.0,0.0,0.0,1.0,1.0,1.0,0.0,0.0,0.0,0.0,0.0,1.0,4.0,8.0,16.0,40.0,0.0,0.0,0.0,0.0,0.0,0.0,0.0,0.0,0.0,0.0,1.0,0.0,0.376129150390625,0.019188640973630832,51.0,27.0,0.08920968,10.0,1.0,0.0,0.0,0.998053,0.937076,0.0,0.0,0.0,0.998053,0.0,0.998053,0.998053,0.376129150390625,0.0,0.0,0.376129150390625,0.019188640973630832,0.0,0.0
omj_007,OpenMoji,ribbon,mask_fill_edgewalk_nearestrow_adapt_t2_m5_rows16_p40,flat_icon_fill,0.08920968,excellent,0.08920968,10,1,0.0,0,0.998053,0.937076,0.0,0.0,0.0,0,1.0,0.0,0.0,1.0,1.0,1.0,0.0,0.0,0.0,0.0,0.0,1.0,2.0,5.0,16.0,40.0,0.0,0.0,0.0,0.0,0.0,0.0,0.0,0.0,0.0,0.0,1.0,0.0,0.376129150390625,0.019188640973630832,51.0,27.0,0.08920968,10.0,1.0,0.0,0.0,0.998053,0.937076,0.0,0.0,0.0,0.998053,0.0,0.998053,0.998053,0.376129150390625,0.0,0.0,0.376129150390625,0.019188640973630832,0.0,0.0
omj_007,OpenMoji,ribbon,outline_ext_in3,flat_icon_fill,0.40076674,hard_fail,0.36076674,120,26,0.0,0,1.0,0.896461,0.0,0.0,0.04,0,1.0,0.0,0.0,0.0,0.0,0.0,0.0,0.0,0.0,0.0,0.0,0.0,0.0,0.0,0.0,0.0,0.0,1.0,0.0,0.0,0.0,0.0,0.0,0.0,0.0,0.0,1.0,0.0,0.376129150390625,0.019188640973630832,51.0,27.0,0.36076674,120.0,26.0,0.0,0.0,1.0,0.896461,0.0,0.0,0.0,0.0,0.0,0.0,0.0,0.0,0.0,0.0,0.0,0.0,0.0,0.0
omj_007,OpenMoji,ribbon,styleaware,flat_icon_fill,0.39872363,hard_fail,0.35872363,115,25,0.0,0,1.0,0.898029,0.0,0.0,0.04,0,1.0,0.0,0.0,0.0,0.0,0.0,0.0,0.0,0.0,0.0,0.0,0.0,0.0,0.0,0.0,0.0,1.0,0.0,0.0,0.0,0.0,0.0,0.0,0.0,0.0,0.0,1.0,0.0,0.376129150390625,0.019188640973630832,51.0,27.0,0.35872363,115.0,25.0,0.0,0.0,1.0,0.898029,0.0,0.0,0.0,0.0,0.0,0.0,0.0,0.0,0.0,0.0,0.0,0.0,1.0,0.0
omj_007,OpenMoji,ribbon,satin,flat_icon_fill,0.40075764,hard_fail,0.36075764,120,26,0.0,0,1.0,0.898029,0.0,0.0,0.04,0,1.0,0.0,0.0,0.0,0.0,0.0,0.0,0.0,0.0,0.0,0.0,0.0,0.0,0.0,0.0,0.0,0.0,0.0,1.0,0.0,0.0,0.0,0.0,0.0,0.0,0.0,1.0,0.0,0.376129150390625,0.019188640973630832,51.0,27.0,0.36075764,120.0,26.0,0.0,0.0,1.0,0.898029,0.0,0.0,0.0,0.0,0.0,0.0,0.0,0.0,0.0,0.0,0.0,0.0,0.0,0.0
omj_007,OpenMoji,ribbon,satinrail,flat_icon_fill,0.40075764,hard_fail,0.36075764,120,26,0.0,0,1.0,0.898029,0.0,0.0,0.04,0,1.0,0.0,0.0,0.0,0.0,0.0,0.0,0.0,0.0,0.0,0.0,0.0,0.0,0.0,0.0,0.0,0.0,0.0,1.0,1.0,0.0,0.0,0.0,0.0,0.0,0.0,1.0,0.0,0.376129150390625,0.019188640973630832,51.0,27.0,0.36075764,120.0,26.0,0.0,0.0,1.0,0.898029,0.0,0.0,0.0,0.0,0.0,0.0,0.0,0.0,0.0,0.0,0.0,0.0,0.0,0.0
omj_007,OpenMoji,ribbon,dtsatin,flat_icon_fill,0.40077186,hard_fail,0.36077186,121,26,0.0,0,1.0,0.897245,0.0,0.0,0.04,0,1.0,0.0,0.0,0.0,0.0,0.0,0.0,0.0,0.0,0.0,0.0,0.0,0.0,0.0,0.0,0.0,0.0,0.0,1.0,0.0,1.0,0.0,0.0,0.0,0.0,0.0,1.0,0.0,0.376129150390625,0.019188640973630832,51.0,27.0,0.36077186,121.0,26.0,0.0,0.0,1.0,0.897245,0.0,0.0,0.0,0.0,0.0,0.0,0.0,0.0,0.0,0.0,0.0,0.0,0.0,0.0
omj_008,OpenMoji,paw_prints,skeleton_c20_m4,flat_icon_fill,0.26914596,excellent,0.08296316,10,0,0.0,0,0.284543,0.987117,0.465457,0.0,0.0,0,1.0,1.0,0.0,0.0,0.0,0.0,0.0,0.0,0.0,0.0,0.0,0.0,0.0,0.0,0.0,0.0,0.0,0.0,0.0,0.0,0.0,0.0,0.0,0.0,0.0,0.0,1.0,0.0,0.2177734375,0.03160033632286995,23.0,18.0,0.08296316,10.0,0.0,0.0,0.0,0.284543,0.987117,0.0,0.284543,0.0,0.0,0.0,0.0,0.0,0.0,0.0,0.0,0.0,0.0,0.0,0.0
omj_008,OpenMoji,paw_prints,skeleton_c30_m4,flat_icon_fill,0.26914596,excellent,0.08296316,10,0,0.0,0,0.284543,0.987117,0.465457,0.0,0.0,0,1.0,1.0,0.0,0.0,0.0,0.0,0.0,0.0,0.0,0.0,0.0,0.0,0.0,0.0,0.0,0.0,0.0,0.0,0.0,0.0,0.0,0.0,0.0,0.0,0.0,0.0,1.0,0.0,0.2177734375,0.03160033632286995,23.0,18.0,0.08296316,10.0,0.0,0.0,0.0,0.284543,0.987117,0.0,0.284543,0.0,0.0,0.0,0.0,0.0,0.0,0.0,0.0,0.0,0.0,0.0,0.0
omj_008,OpenMoji,paw_prints,skeleton_c30_m8,flat_icon_fill,0.26014115,excellent,0.07463115,9,0,0.0,0,0.286225,0.980792,0.463775,0.0,0.0,0,1.0,1.0,0.0,0.0,0.0,0.0,0.0,0.0,0.0,0.0,0.0,0.0,0.0,0.0,0.0,0.0,0.0,0.0,0.0,0.0,0.0,0.0,0.0,0.0,0.0,0.0,1.0,0.0,0.2177734375,0.03160033632286995,23.0,18.0,0.07463115,9.0,0.0,0.0,0.0,0.286225,0.980792,0.0,0.286225,0.0,0.0,0.0,0.0,0.0,0.0,0.0,0.0,0.0,0.0,0.0,0.0
omj_008,OpenMoji,paw_prints,skeleton_c30_m12,flat_icon_fill,0.28070106,excellent,0.08302746,10,0,0.0,0,0.255816,0.983567,0.494184,0.0,0.0,0,1.0,1.0,0.0,0.0,0.0,0.0,0.0,0.0,0.0,0.0,0.0,0.0,0.0,0.0,0.0,0.0,0.0,0.0,0.0,0.0,0.0,0.0,0.0,0.0,0.0,0.0,1.0,0.0,0.2177734375,0.03160033632286995,23.0,18.0,0.08302746,10.0,0.0,0.0,0.0,0.255816,0.983567,0.0,0.255816,0.0,0.0,0.0,0.0,0.0,0.0,0.0,0.0,0.0,0.0,0.0,0.0
omj_008,OpenMoji,paw_prints,skeleton_c30_m20,flat_icon_fill,0.31730733,excellent,0.03317053,4,0,0.0,0,0.039658,1.0,0.710342,0.0,0.0,0,1.0,1.0,0.0,0.0,0.0,0.0,0.0,0.0,0.0,0.0,0.0,0.0,0.0,0.0,0.0,0.0,0.0,0.0,0.0,0.0,0.0,0.0,0.0,0.0,0.0,0.0,1.0,0.0,0.2177734375,0.03160033632286995,23.0,18.0,0.03317053,4.0,0.0,0.0,0.0,0.039658,1.0,0.0,0.039658,0.0,0.0,0.0,0.0,0.0,0.0,0.0,0.0,0.0,0.0,0.0,0.0
omj_008,OpenMoji,paw_prints,auto_evalrepair_r10_c20,flat_icon_fill,0.36943594,hard_fail,0.32943594,49,20,0.0,0,0.993694,0.816794,0.0,0.0,0.04,0,1.0,0.0,1.0,0.0,0.0,0.0,0.0,0.0,0.0,0.0,0.0,0.0,0.0,0.0,0.0,0.0,0.0,0.0,0.0,0.0,0.0,0.0,0.0,0.0,0.0,0.0,1.0,0.0,0.2177734375,0.03160033632286995,23.0,18.0,0.32943594,49.0,20.0,0.0,0.0,0.993694,0.816794,0.0,0.0,0.993694,0.0,0.0,0.0,0.0,0.0,0.0,0.0,0.0,0.0,0.0,0.0
omj_008,OpenMoji,paw_prints,auto_evalrepair_r15_c20,flat_icon_fill,0.36943594,hard_fail,0.32943594,49,20,0.0,0,0.993694,0.816794,0.0,0.0,0.04,0,1.0,0.0,1.0,0.0,0.0,0.0,0.0,0.0,0.0,0.0,0.0,0.0,0.0,0.0,0.0,0.0,0.0,0.0,0.0,0.0,0.0,0.0,0.0,0.0,0.0,0.0,1.0,0.0,0.2177734375,0.03160033632286995,23.0,18.0,0.32943594,49.0,20.0,0.0,0.0,0.993694,0.816794,0.0,0.0,0.993694,0.0,0.0,0.0,0.0,0.0,0.0,0.0,0.0,0.0,0.0,0.0
omj_008,OpenMoji,paw_prints,mask_fill_rows16_c6,flat_icon_fill,0.2805875,hard_fail,0.2405875,75,3,0.0,0,1.0,0.785773,0.0,0.0,0.04,0,1.0,0.0,0.0,1.0,0.0,0.0,0.0,0.0,0.0,0.0,0.0,0.0,0.0,0.0,16.0,0.0,0.0,0.0,0.0,0.0,0.0,0.0,0.0,0.0,0.0,0.0,1.0,0.0,0.2177734375,0.03160033632286995,23.0,18.0,0.2405875,75.0,3.0,0.0,0.0,1.0,0.785773,0.0,0.0,0.0,1.0,0.0,0.0,0.0,0.0,0.0,0.0,0.0,0.0,0.0,0.0
omj_008,OpenMoji,paw_prints,mask_fill_edgewalk_rows16_p40,flat_icon_fill,0.1405736,pass,0.1405736,14,2,0.4955,0,1.0,0.772922,0.0,0.0,0.0,0,1.0,0.0,0.0,1.0,1.0,0.0,0.0,0.0,0.0,0.0,0.0,0.0,0.0,0.0,16.0,40.0,0.0,0.0,0.0,0.0,0.0,0.0,0.0,0.0,0.0,0.0,1.0,0.0,0.2177734375,0.03160033632286995,23.0,18.0,0.1405736,14.0,2.0,0.4955,0.0,1.0,0.772922,0.0,0.0,0.0,1.0,0.0,1.0,0.0,0.0,0.0,0.0,0.0,0.0,0.0,0.0
omj_008,OpenMoji,paw_prints,mask_fill_edgewalk_nearestrow_rows16_p40,flat_icon_fill,0.06932126,excellent,0.06932126,7,0,0.4955,0,1.0,0.774768,0.0,0.0,0.0,0,1.0,0.0,0.0,1.0,1.0,1.0,1.0,0.0,0.0,0.0,0.0,0.0,0.0,0.0,16.0,40.0,0.0,0.0,0.0,0.0,0.0,0.0,0.0,0.0,0.0,0.0,1.0,0.0,0.2177734375,0.03160033632286995,23.0,18.0,0.06932126,7.0,0.0,0.4955,0.0,1.0,0.774768,0.0,0.0,0.0,1.0,0.0,1.0,1.0,0.2177734375,0.0,0.0,0.0,0.0,0.0,0.0
omj_008,OpenMoji,paw_prints,mask_fill_edgewalk_nearestrow_inset1_rows16_p40,flat_icon_fill,0.06088992,excellent,0.06088992,6,0,0.4955,0,0.99951,0.814631,0.0,0.0,0.0,1,1.0,0.0,0.0,1.0,1.0,1.0,0.0,1.0,1.0,0.0,1.0,0.0,0.0,0.0,16.0,40.0,0.0,0.0,0.0,0.0,0.0,0.0,0.0,0.0,0.0,0.0,1.0,0.0,0.2177734375,0.03160033632286995,23.0,18.0,0.06088992,6.0,0.0,0.4955,0.0,0.99951,0.814631,0.0,0.0,0.0,0.99951,0.0,0.99951,0.99951,0.2177734375,0.2177734375,0.0,0.0,0.0,0.0,0.0
omj_008,OpenMoji,paw_prints,mask_fill_edgewalk_nearestrow_inset2_rows16_p40,flat_icon_fill,0.09494591,excellent,0.09494591,10,2,0.0,0,0.995796,0.884987,0.0,0.0,0.0,0,1.0,0.0,0.0,1.0,1.0,1.0,0.0,1.0,0.0,1.0,2.0,0.0,0.0,0.0,16.0,40.0,0.0,0.0,0.0,0.0,0.0,0.0,0.0,0.0,0.0,0.0,1.0,0.0,0.2177734375,0.03160033632286995,23.0,18.0,0.09494591,10.0,2.0,0.0,0.0,0.995796,0.884987,0.0,0.0,0.0,0.995796,0.0,0.995796,0.995796,0.2177734375,0.2177734375,0.2177734375,0.0,0.0,0.0,0.0
omj_008,OpenMoji,paw_prints,mask_fill_edgewalk_nearestrow_adapt_t3_m6_rows16_p40,flat_icon_fill,0.09494591,excellent,0.09494591,10,2,0.0,0,0.995796,0.884987,0.0,0.0,0.0,0,1.0,0.0,0.0,1.0,1.0,1.0,0.0,0.0,0.0,0.0,0.0,1.0,3.0,6.0,16.0,40.0,0.0,0.0,0.0,0.0,0.0,0.0,0.0,0.0,0.0,0.0,1.0,0.0,0.2177734375,0.03160033632286995,23.0,18.0,0.09494591,10.0,2.0,0.0,0.0,0.995796,0.884987,0.0,0.0,0.0,0.995796,0.0,0.995796,0.995796,0.2177734375,0.0,0.0,0.2177734375,0.03160033632286995,0.0,0.0
omj_008,OpenMoji,paw_prints,mask_fill_edgewalk_nearestrow_adapt_t4_m8_rows16_p40,flat_icon_fill,0.09494591,excellent,0.09494591,10,2,0.0,0,0.995796,0.884987,0.0,0.0,0.0,0,1.0,0.0,0.0,1.0,1.0,1.0,0.0,0.0,0.0,0.0,0.0,1.0,4.0,8.0,16.0,40.0,0.0,0.0,0.0,0.0,0.0,0.0,0.0,0.0,0.0,0.0,1.0,0.0,0.2177734375,0.03160033632286995,23.0,18.0,0.09494591,10.0,2.0,0.0,0.0,0.995796,0.884987,0.0,0.0,0.0,0.995796,0.0,0.995796,0.995796,0.2177734375,0.0,0.0,0.2177734375,0.03160033632286995,0.0,0.0
omj_008,OpenMoji,paw_prints,mask_fill_edgewalk_nearestrow_adapt_t2_m5_rows16_p40,flat_icon_fill,0.09494591,excellent,0.09494591,10,2,0.0,0,0.995796,0.884987,0.0,0.0,0.0,0,1.0,0.0,0.0,1.0,1.0,1.0,0.0,0.0,0.0,0.0,0.0,1.0,2.0,5.0,16.0,40.0,0.0,0.0,0.0,0.0,0.0,0.0,0.0,0.0,0.0,0.0,1.0,0.0,0.2177734375,0.03160033632286995,23.0,18.0,0.09494591,10.0,2.0,0.0,0.0,0.995796,0.884987,0.0,0.0,0.0,0.995796,0.0,0.995796,0.995796,0.2177734375,0.0,0.0,0.2177734375,0.03160033632286995,0.0,0.0
omj_008,OpenMoji,paw_prints,outline_ext_in3,flat_icon_fill,0.12918458,pass,0.12918458,12,3,0.4955,0,1.0,0.771793,0.0,0.0,0.0,0,1.0,0.0,0.0,0.0,0.0,0.0,0.0,0.0,0.0,0.0,0.0,0.0,0.0,0.0,0.0,0.0,0.0,1.0,0.0,0.0,0.0,0.0,0.0,0.0,0.0,0.0,1.0,0.0,0.2177734375,0.03160033632286995,23.0,18.0,0.12918458,12.0,3.0,0.4955,0.0,1.0,0.771793,0.0,0.0,0.0,0.0,0.0,0.0,0.0,0.0,0.0,0.0,0.0,0.0,0.0,0.0
omj_008,OpenMoji,paw_prints,styleaware,flat_icon_fill,0.1405736,pass,0.1405736,14,2,0.4955,0,1.0,0.772922,0.0,0.0,0.0,0,1.0,0.0,0.0,0.0,0.0,0.0,0.0,0.0,0.0,0.0,0.0,0.0,0.0,0.0,0.0,0.0,1.0,0.0,0.0,0.0,0.0,0.0,0.0,0.0,0.0,0.0,1.0,0.0,0.2177734375,0.03160033632286995,23.0,18.0,0.1405736,14.0,2.0,0.4955,0.0,1.0,0.772922,0.0,0.0,0.0,0.0,0.0,0.0,0.0,0.0,0.0,0.0,0.0,0.0,1.0,0.0
omj_008,OpenMoji,paw_prints,satin,flat_icon_fill,0.12918417,pass,0.12918417,12,3,0.4955,0,1.0,0.772169,0.0,0.0,0.0,0,1.0,0.0,0.0,0.0,0.0,0.0,0.0,0.0,0.0,0.0,0.0,0.0,0.0,0.0,0.0,0.0,0.0,0.0,1.0,0.0,0.0,0.0,0.0,0.0,0.0,0.0,1.0,0.0,0.2177734375,0.03160033632286995,23.0,18.0,0.12918417,12.0,3.0,0.4955,0.0,1.0,0.772169,0.0,0.0,0.0,0.0,0.0,0.0,0.0,0.0,0.0,0.0,0.0,0.0,0.0,0.0
omj_008,OpenMoji,paw_prints,satinrail,flat_icon_fill,0.15513506,pass,0.15513506,12,3,1.6449,0,1.0,0.772253,0.0,0.0,0.0,0,1.0,0.0,0.0,0.0,0.0,0.0,0.0,0.0,0.0,0.0,0.0,0.0,0.0,0.0,0.0,0.0,0.0,0.0,1.0,1.0,0.0,0.0,0.0,0.0,0.0,0.0,1.0,0.0,0.2177734375,0.03160033632286995,23.0,18.0,0.15513506,12.0,3.0,1.6449,0.0,1.0,0.772253,0.0,0.0,0.0,0.0,0.0,0.0,0.0,0.0,0.0,0.0,0.0,0.0,0.0,0.0
omj_008,OpenMoji,paw_prints,dtsatin,flat_icon_fill,0.12926894,pass,0.12926894,12,3,0.4955,0,1.0,0.772044,0.0,0.0,0.0,0,1.0,0.0,0.0,0.0,0.0,0.0,0.0,0.0,0.0,0.0,0.0,0.0,0.0,0.0,0.0,0.0,0.0,0.0,1.0,0.0,1.0,0.0,0.0,0.0,0.0,0.0,1.0,0.0,0.2177734375,0.03160033632286995,23.0,18.0,0.12926894,12.0,3.0,0.4955,0.0,1.0,0.772044,0.0,0.0,0.0,0.0,0.0,0.0,0.0,0.0,0.0,0.0,0.0,0.0,0.0,0.0
omj_009,OpenMoji,lady_beetle,skeleton_c20_m4,flat_icon_fill,0.28464949,excellent,0.08306269,10,0,0.0,0,0.246033,0.886808,0.503967,0.0,0.0,0,1.0,1.0,0.0,0.0,0.0,0.0,0.0,0.0,0.0,0.0,0.0,0.0,0.0,0.0,0.0,0.0,0.0,0.0,0.0,0.0,0.0,0.0,0.0,0.0,0.0,0.0,1.0,0.0,0.2730712890625,0.0203956191327671,40.0,18.0,0.08306269,10.0,0.0,0.0,0.0,0.246033,0.886808,0.0,0.246033,0.0,0.0,0.0,0.0,0.0,0.0,0.0,0.0,0.0,0.0,0.0,0.0
omj_009,OpenMoji,lady_beetle,skeleton_c30_m4,flat_icon_fill,0.25504731,excellent,0.06620051,8,0,0.0,0,0.277883,0.897978,0.472117,0.0,0.0,0,1.0,1.0,0.0,0.0,0.0,0.0,0.0,0.0,0.0,0.0,0.0,0.0,0.0,0.0,0.0,0.0,0.0,0.0,0.0,0.0,0.0,0.0,0.0,0.0,0.0,0.0,1.0,0.0,0.2730712890625,0.0203956191327671,40.0,18.0,0.06620051,8.0,0.0,0.0,0.0,0.277883,0.897978,0.0,0.277883,0.0,0.0,0.0,0.0,0.0,0.0,0.0,0.0,0.0,0.0,0.0,0.0
omj_009,OpenMoji,lady_beetle,skeleton_c30_m8,flat_icon_fill,0.29019442,excellent,0.08301962,10,0,0.0,0,0.232063,0.891776,0.517937,0.0,0.0,0,1.0,1.0,0.0,0.0,0.0,0.0,0.0,0.0,0.0,0.0,0.0,0.0,0.0,0.0,0.0,0.0,0.0,0.0,0.0,0.0,0.0,0.0,0.0,0.0,0.0,0.0,1.0,0.0,0.2730712890625,0.0203956191327671,40.0,18.0,0.08301962,10.0,0.0,0.0,0.0,0.232063,0.891776,0.0,0.232063,0.0,0.0,0.0,0.0,0.0,0.0,0.0,0.0,0.0,0.0,0.0,0.0
omj_009,OpenMoji,lady_beetle,skeleton_c30_m12,flat_icon_fill,0.29019442,excellent,0.08301962,10,0,0.0,0,0.232063,0.891776,0.517937,0.0,0.0,0,1.0,1.0,0.0,0.0,0.0,0.0,0.0,0.0,0.0,0.0,0.0,0.0,0.0,0.0,0.0,0.0,0.0,0.0,0.0,0.0,0.0,0.0,0.0,0.0,0.0,0.0,1.0,0.0,0.2730712890625,0.0203956191327671,40.0,18.0,0.08301962,10.0,0.0,0.0,0.0,0.232063,0.891776,0.0,0.232063,0.0,0.0,0.0,0.0,0.0,0.0,0.0,0.0,0.0,0.0,0.0,0.0
omj_009,OpenMoji,lady_beetle,skeleton_c30_m20,flat_icon_fill,0.2835362,excellent,0.0641354,7,1,0.0,0,0.201498,0.90877,0.548502,0.0,0.0,0,1.0,1.0,0.0,0.0,0.0,0.0,0.0,0.0,0.0,0.0,0.0,0.0,0.0,0.0,0.0,0.0,0.0,0.0,0.0,0.0,0.0,0.0,0.0,0.0,0.0,0.0,1.0,0.0,0.2730712890625,0.0203956191327671,40.0,18.0,0.0641354,7.0,1.0,0.0,0.0,0.201498,0.90877,0.0,0.201498,0.0,0.0,0.0,0.0,0.0,0.0,0.0,0.0,0.0,0.0,0.0,0.0
omj_009,OpenMoji,lady_beetle,auto_evalrepair_r10_c20,flat_icon_fill,0.14656692,pass,0.14656692,12,8,0.0,0,0.988936,0.89792,0.0,0.0,0.0,0,1.0,0.0,1.0,0.0,0.0,0.0,0.0,0.0,0.0,0.0,0.0,0.0,0.0,0.0,0.0,0.0,0.0,0.0,0.0,0.0,0.0,0.0,0.0,0.0,0.0,0.0,1.0,0.0,0.2730712890625,0.0203956191327671,40.0,18.0,0.14656692,12.0,8.0,0.0,0.0,0.988936,0.89792,0.0,0.0,0.988936,0.0,0.0,0.0,0.0,0.0,0.0,0.0,0.0,0.0,0.0,0.0
omj_009,OpenMoji,lady_beetle,auto_evalrepair_r15_c20,flat_icon_fill,0.14656692,pass,0.14656692,12,8,0.0,0,0.988936,0.89792,0.0,0.0,0.0,0,1.0,0.0,1.0,0.0,0.0,0.0,0.0,0.0,0.0,0.0,0.0,0.0,0.0,0.0,0.0,0.0,0.0,0.0,0.0,0.0,0.0,0.0,0.0,0.0,0.0,0.0,1.0,0.0,0.2730712890625,0.0203956191327671,40.0,18.0,0.14656692,12.0,8.0,0.0,0.0,0.988936,0.89792,0.0,0.0,0.988936,0.0,0.0,0.0,0.0,0.0,0.0,0.0,0.0,0.0,0.0,0.0
omj_009,OpenMoji,lady_beetle,mask_fill_rows16_c6,flat_icon_fill,0.37913472,hard_fail,0.33913472,75,19,0.0,0,1.0,0.873657,0.0,0.0,0.04,0,1.0,0.0,0.0,1.0,0.0,0.0,0.0,0.0,0.0,0.0,0.0,0.0,0.0,0.0,16.0,0.0,0.0,0.0,0.0,0.0,0.0,0.0,0.0,0.0,0.0,0.0,1.0,0.0,0.2730712890625,0.0203956191327671,40.0,18.0,0.33913472,75.0,19.0,0.0,0.0,1.0,0.873657,0.0,0.0,0.0,1.0,0.0,0.0,0.0,0.0,0.0,0.0,0.0,0.0,0.0,0.0
omj_009,OpenMoji,lady_beetle,mask_fill_edgewalk_rows16_p40,flat_icon_fill,0.21015766,warning,0.21015766,18,4,1.6028,0,1.0,0.858404,0.0,0.0,0.0,0,1.0,0.0,0.0,1.0,1.0,0.0,0.0,0.0,0.0,0.0,0.0,0.0,0.0,0.0,16.0,40.0,0.0,0.0,0.0,0.0,0.0,0.0,0.0,0.0,0.0,0.0,1.0,0.0,0.2730712890625,0.0203956191327671,40.0,18.0,0.21015766,18.0,4.0,1.6028,0.0,1.0,0.858404,0.0,0.0,0.0,1.0,0.0,1.0,0.0,0.0,0.0,0.0,0.0,0.0,0.0,0.0
omj_009,OpenMoji,lady_beetle,mask_fill_edgewalk_nearestrow_rows16_p40,flat_icon_fill,0.09128345,excellent,0.09128345,7,1,1.2082,0,1.0,0.863957,0.0,0.0,0.0,0,1.0,0.0,0.0,1.0,1.0,1.0,1.0,0.0,0.0,0.0,0.0,0.0,0.0,0.0,16.0,40.0,0.0,0.0,0.0,0.0,0.0,0.0,0.0,0.0,0.0,0.0,1.0,0.0,0.2730712890625,0.0203956191327671,40.0,18.0,0.09128345,7.0,1.0,1.2082,0.0,1.0,0.863957,0.0,0.0,0.0,1.0,0.0,1.0,1.0,0.2730712890625,0.0,0.0,0.0,0.0,0.0,0.0
omj_009,OpenMoji,lady_beetle,mask_fill_edgewalk_nearestrow_inset1_rows16_p40,flat_icon_fill,0.09254193,excellent,0.09254193,6,1,1.6269,0,1.0,0.876138,0.0,0.0,0.0,0,1.0,0.0,0.0,1.0,1.0,1.0,0.0,1.0,1.0,0.0,1.0,0.0,0.0,0.0,16.0,40.0,0.0,0.0,0.0,0.0,0.0,0.0,0.0,0.0,0.0,0.0,1.0,0.0,0.2730712890625,0.0203956191327671,40.0,18.0,0.09254193,6.0,1.0,1.6269,0.0,1.0,0.876138,0.0,0.0,0.0,1.0,0.0,1.0,1.0,0.2730712890625,0.2730712890625,0.0,0.0,0.0,0.0,0.0
omj_009,OpenMoji,lady_beetle,mask_fill_edgewalk_nearestrow_inset2_rows16_p40,flat_icon_fill,0.05602895,excellent,0.05602895,6,1,0.0,0,0.994021,0.927864,0.0,0.0,0.0,1,1.0,0.0,0.0,1.0,1.0,1.0,0.0,1.0,0.0,1.0,2.0,0.0,0.0,0.0,16.0,40.0,0.0,0.0,0.0,0.0,0.0,0.0,0.0,0.0,0.0,0.0,1.0,0.0,0.2730712890625,0.0203956191327671,40.0,18.0,0.05602895,6.0,1.0,0.0,0.0,0.994021,0.927864,0.0,0.0,0.0,0.994021,0.0,0.994021,0.994021,0.2730712890625,0.2730712890625,0.2730712890625,0.0,0.0,0.0,0.0
omj_009,OpenMoji,lady_beetle,mask_fill_edgewalk_nearestrow_adapt_t3_m6_rows16_p40,flat_icon_fill,0.05602895,excellent,0.05602895,6,1,0.0,0,0.994021,0.927864,0.0,0.0,0.0,0,1.0,0.0,0.0,1.0,1.0,1.0,0.0,0.0,0.0,0.0,0.0,1.0,3.0,6.0,16.0,40.0,0.0,0.0,0.0,0.0,0.0,0.0,0.0,0.0,0.0,0.0,1.0,0.0,0.2730712890625,0.0203956191327671,40.0,18.0,0.05602895,6.0,1.0,0.0,0.0,0.994021,0.927864,0.0,0.0,0.0,0.994021,0.0,0.994021,0.994021,0.2730712890625,0.0,0.0,0.2730712890625,0.0203956191327671,0.0,0.0
omj_009,OpenMoji,lady_beetle,mask_fill_edgewalk_nearestrow_adapt_t4_m8_rows16_p40,flat_icon_fill,0.05602895,excellent,0.05602895,6,1,0.0,0,0.994021,0.927864,0.0,0.0,0.0,0,1.0,0.0,0.0,1.0,1.0,1.0,0.0,0.0,0.0,0.0,0.0,1.0,4.0,8.0,16.0,40.0,0.0,0.0,0.0,0.0,0.0,0.0,0.0,0.0,0.0,0.0,1.0,0.0,0.2730712890625,0.0203956191327671,40.0,18.0,0.05602895,6.0,1.0,0.0,0.0,0.994021,0.927864,0.0,0.0,0.0,0.994021,0.0,0.994021,0.994021,0.2730712890625,0.0,0.0,0.2730712890625,0.0203956191327671,0.0,0.0
omj_009,OpenMoji,lady_beetle,mask_fill_edgewalk_nearestrow_adapt_t2_m5_rows16_p40,flat_icon_fill,0.05602895,excellent,0.05602895,6,1,0.0,0,0.994021,0.927864,0.0,0.0,0.0,0,1.0,0.0,0.0,1.0,1.0,1.0,0.0,0.0,0.0,0.0,0.0,1.0,2.0,5.0,16.0,40.0,0.0,0.0,0.0,0.0,0.0,0.0,0.0,0.0,0.0,0.0,1.0,0.0,0.2730712890625,0.0203956191327671,40.0,18.0,0.05602895,6.0,1.0,0.0,0.0,0.994021,0.927864,0.0,0.0,0.0,0.994021,0.0,0.994021,0.994021,0.2730712890625,0.0,0.0,0.2730712890625,0.0203956191327671,0.0,0.0
omj_009,OpenMoji,lady_beetle,outline_ext_in3,flat_icon_fill,0.26614838,warning,0.26614838,24,5,1.6028,0,1.0,0.857828,0.0,0.0,0.0,0,1.0,0.0,0.0,0.0,0.0,0.0,0.0,0.0,0.0,0.0,0.0,0.0,0.0,0.0,0.0,0.0,0.0,1.0,0.0,0.0,0.0,0.0,0.0,0.0,0.0,0.0,1.0,0.0,0.2730712890625,0.0203956191327671,40.0,18.0,0.26614838,24.0,5.0,1.6028,0.0,1.0,0.857828,0.0,0.0,0.0,0.0,0.0,0.0,0.0,0.0,0.0,0.0,0.0,0.0,0.0,0.0
omj_009,OpenMoji,lady_beetle,styleaware,flat_icon_fill,0.21015766,warning,0.21015766,18,4,1.6028,0,1.0,0.858404,0.0,0.0,0.0,0,1.0,0.0,0.0,0.0,0.0,0.0,0.0,0.0,0.0,0.0,0.0,0.0,0.0,0.0,0.0,0.0,1.0,0.0,0.0,0.0,0.0,0.0,0.0,0.0,0.0,0.0,1.0,0.0,0.2730712890625,0.0203956191327671,40.0,18.0,0.21015766,18.0,4.0,1.6028,0.0,1.0,0.858404,0.0,0.0,0.0,0.0,0.0,0.0,0.0,0.0,0.0,0.0,0.0,0.0,1.0,0.0
omj_009,OpenMoji,lady_beetle,satin,flat_icon_fill,0.2580233,warning,0.2580233,23,5,1.6028,0,1.0,0.858404,0.0,0.0,0.0,0,1.0,0.0,0.0,0.0,0.0,0.0,0.0,0.0,0.0,0.0,0.0,0.0,0.0,0.0,0.0,0.0,0.0,0.0,1.0,0.0,0.0,0.0,0.0,0.0,0.0,0.0,1.0,0.0,0.2730712890625,0.0203956191327671,40.0,18.0,0.2580233,23.0,5.0,1.6028,0.0,1.0,0.858404,0.0,0.0,0.0,0.0,0.0,0.0,0.0,0.0,0.0,0.0,0.0,0.0,0.0,0.0
omj_009,OpenMoji,lady_beetle,satinrail,flat_icon_fill,0.2580233,warning,0.2580233,23,5,1.6028,0,1.0,0.858404,0.0,0.0,0.0,0,1.0,0.0,0.0,0.0,0.0,0.0,0.0,0.0,0.0,0.0,0.0,0.0,0.0,0.0,0.0,0.0,0.0,0.0,1.0,1.0,0.0,0.0,0.0,0.0,0.0,0.0,1.0,0.0,0.2730712890625,0.0203956191327671,40.0,18.0,0.2580233,23.0,5.0,1.6028,0.0,1.0,0.858404,0.0,0.0,0.0,0.0,0.0,0.0,0.0,0.0,0.0,0.0,0.0,0.0,0.0,0.0
omj_009,OpenMoji,lady_beetle,dtsatin,flat_icon_fill,0.2580682,warning,0.2580682,23,5,1.6028,0,1.0,0.85791,0.0,0.0,0.0,0,1.0,0.0,0.0,0.0,0.0,0.0,0.0,0.0,0.0,0.0,0.0,0.0,0.0,0.0,0.0,0.0,0.0,0.0,1.0,0.0,1.0,0.0,0.0,0.0,0.0,0.0,1.0,0.0,0.2730712890625,0.0203956191327671,40.0,18.0,0.2580682,23.0,5.0,1.6028,0.0,1.0,0.85791,0.0,0.0,0.0,0.0,0.0,0.0,0.0,0.0,0.0,0.0,0.0,0.0,0.0,0.0
omj_010,OpenMoji,seedling,skeleton_c20_m4,line_text_skeleton,0.06401391,excellent,0.06401391,7,1,0.0,0,0.45283,0.889646,0.0,0.0,0.0,0,1.0,1.0,0.0,0.0,0.0,0.0,0.0,0.0,0.0,0.0,0.0,0.0,0.0,0.0,0.0,0.0,0.0,0.0,0.0,0.0,0.0,0.0,0.0,0.0,0.0,0.0,1.0,1.1,0.0703582763671875,0.0687486445456517,95.0,15.0,0.06401391,7.0,1.0,0.0,0.0,0.45283,0.889646,1.1,0.45283,0.0,0.0,0.0,0.0,0.0,0.0,0.0,0.0,0.0,0.0,0.0,0.0
omj_010,OpenMoji,seedling,skeleton_c30_m4,line_text_skeleton,0.06401391,excellent,0.06401391,7,1,0.0,0,0.45283,0.889646,0.0,0.0,0.0,0,1.0,1.0,0.0,0.0,0.0,0.0,0.0,0.0,0.0,0.0,0.0,0.0,0.0,0.0,0.0,0.0,0.0,0.0,0.0,0.0,0.0,0.0,0.0,0.0,0.0,0.0,1.0,1.1,0.0703582763671875,0.0687486445456517,95.0,15.0,0.06401391,7.0,1.0,0.0,0.0,0.45283,0.889646,1.1,0.45283,0.0,0.0,0.0,0.0,0.0,0.0,0.0,0.0,0.0,0.0,0.0,0.0
omj_010,OpenMoji,seedling,skeleton_c30_m8,line_text_skeleton,0.07073006,excellent,0.05598686,6,1,0.0,0,0.413142,0.871455,0.036858,0.0,0.0,0,1.0,1.0,0.0,0.0,0.0,0.0,0.0,0.0,0.0,0.0,0.0,0.0,0.0,0.0,0.0,0.0,0.0,0.0,0.0,0.0,0.0,0.0,0.0,0.0,0.0,0.0,1.0,1.1,0.0703582763671875,0.0687486445456517,95.0,15.0,0.05598686,6.0,1.0,0.0,0.0,0.413142,0.871455,1.1,0.413142,0.0,0.0,0.0,0.0,0.0,0.0,0.0,0.0,0.0,0.0,0.0,0.0
omj_010,OpenMoji,seedling,skeleton_c30_m12,line_text_skeleton,0.10190029,excellent,0.04751309,5,1,0.0,0,0.314032,0.855792,0.135968,0.0,0.0,0,1.0,1.0,0.0,0.0,0.0,0.0,0.0,0.0,0.0,0.0,0.0,0.0,0.0,0.0,0.0,0.0,0.0,0.0,0.0,0.0,0.0,0.0,0.0,0.0,0.0,0.0,1.0,1.1,0.0703582763671875,0.0687486445456517,95.0,15.0,0.04751309,5.0,1.0,0.0,0.0,0.314032,0.855792,1.1,0.314032,0.0,0.0,0.0,0.0,0.0,0.0,0.0,0.0,0.0,0.0,0.0,0.0
omj_010,OpenMoji,seedling,skeleton_c30_m20,line_text_skeleton,0.09657808,excellent,0.01625288,2,0,0.0,0,0.249187,0.838074,0.200813,0.0,0.0,0,1.0,1.0,0.0,0.0,0.0,0.0,0.0,0.0,0.0,0.0,0.0,0.0,0.0,0.0,0.0,0.0,0.0,0.0,0.0,0.0,0.0,0.0,0.0,0.0,0.0,0.0,1.0,1.1,0.0703582763671875,0.0687486445456517,95.0,15.0,0.01625288,2.0,0.0,0.0,0.0,0.249187,0.838074,1.1,0.249187,0.0,0.0,0.0,0.0,0.0,0.0,0.0,0.0,0.0,0.0,0.0,0.0
omj_010,OpenMoji,seedling,auto_evalrepair_r10_c20,line_text_skeleton,0.06401391,excellent,0.06401391,7,1,0.0,0,0.45283,0.889646,0.0,0.0,0.0,0,1.0,0.0,1.0,0.0,0.0,0.0,0.0,0.0,0.0,0.0,0.0,0.0,0.0,0.0,0.0,0.0,0.0,0.0,0.0,0.0,0.0,0.0,0.0,0.0,0.0,0.0,1.0,1.1,0.0703582763671875,0.0687486445456517,95.0,15.0,0.06401391,7.0,1.0,0.0,0.0,0.45283,0.889646,0.0,0.0,0.45283,0.0,0.0,0.0,0.0,0.0,0.0,0.0,0.0,0.0,0.0,0.0
omj_010,OpenMoji,seedling,auto_evalrepair_r15_c20,line_text_skeleton,0.06401391,excellent,0.06401391,7,1,0.0,0,0.45283,0.889646,0.0,0.0,0.0,0,1.0,0.0,1.0,0.0,0.0,0.0,0.0,0.0,0.0,0.0,0.0,0.0,0.0,0.0,0.0,0.0,0.0,0.0,0.0,0.0,0.0,0.0,0.0,0.0,0.0,0.0,1.0,1.1,0.0703582763671875,0.0687486445456517,95.0,15.0,0.06401391,7.0,1.0,0.0,0.0,0.45283,0.889646,0.0,0.0,0.45283,0.0,0.0,0.0,0.0,0.0,0.0,0.0,0.0,0.0,0.0,0.0
omj_010,OpenMoji,seedling,mask_fill_rows16_c6,line_text_skeleton,0.1490758,warning,0.14633035,17,1,0.0,0,1.0,0.681697,0.0,0.018303,0.0,0,1.0,0.0,0.0,1.0,0.0,0.0,0.0,0.0,0.0,0.0,0.0,0.0,0.0,0.0,16.0,0.0,0.0,0.0,0.0,0.0,0.0,0.0,0.0,0.0,0.0,0.0,1.0,1.1,0.0703582763671875,0.0687486445456517,95.0,15.0,0.14633035,17.0,1.0,0.0,0.0,1.0,0.681697,0.0,0.0,0.0,1.0,1.1,0.0,0.0,0.0,0.0,0.0,0.0,0.0,0.0,0.0
omj_010,OpenMoji,seedling,mask_fill_edgewalk_rows16_p40,line_text_skeleton,0.06926814,excellent,0.06398694,7,1,0.0,0,1.0,0.664792,0.0,0.035208,0.0,0,1.0,0.0,0.0,1.0,1.0,0.0,0.0,0.0,0.0,0.0,0.0,0.0,0.0,0.0,16.0,40.0,0.0,0.0,0.0,0.0,0.0,0.0,0.0,0.0,0.0,0.0,1.0,1.1,0.0703582763671875,0.0687486445456517,95.0,15.0,0.06398694,7.0,1.0,0.0,0.0,1.0,0.664792,0.0,0.0,0.0,1.0,1.1,1.0,0.0,0.0,0.0,0.0,0.0,0.0,0.0,0.0
omj_010,OpenMoji,seedling,mask_fill_edgewalk_nearestrow_rows16_p40,line_text_skeleton,0.09882793,excellent,0.09490198,10,2,0.0,0,1.0,0.673827,0.0,0.026173,0.0,0,1.0,0.0,0.0,1.0,1.0,1.0,1.0,0.0,0.0,0.0,0.0,0.0,0.0,0.0,16.0,40.0,0.0,0.0,0.0,0.0,0.0,0.0,0.0,0.0,0.0,0.0,1.0,1.1,0.0703582763671875,0.0687486445456517,95.0,15.0,0.09490198,10.0,2.0,0.0,0.0,1.0,0.673827,0.0,0.0,0.0,1.0,1.1,1.0,1.0,0.0703582763671875,0.0,0.0,0.0,0.0,0.0,0.0
omj_010,OpenMoji,seedling,mask_fill_edgewalk_nearestrow_inset1_rows16_p40,line_text_skeleton,0.05579439,excellent,0.05579439,6,1,0.0,0,0.999133,0.743184,0.0,0.0,0.0,0,1.0,0.0,0.0,1.0,1.0,1.0,0.0,1.0,1.0,0.0,1.0,0.0,0.0,0.0,16.0,40.0,0.0,0.0,0.0,0.0,0.0,0.0,0.0,0.0,0.0,0.0,1.0,1.1,0.0703582763671875,0.0687486445456517,95.0,15.0,0.05579439,6.0,1.0,0.0,0.0,0.999133,0.743184,0.0,0.0,0.0,0.999133,1.1,0.999133,0.999133,0.0703582763671875,0.0703582763671875,0.0,0.0,0.0,0.0,0.0
omj_010,OpenMoji,seedling,mask_fill_edgewalk_nearestrow_inset2_rows16_p40,line_text_skeleton,0.05566039,excellent,0.05566039,6,1,0.0,0,0.988723,0.848344,0.0,0.0,0.0,0,1.0,0.0,0.0,1.0,1.0,1.0,0.0,1.0,0.0,1.0,2.0,0.0,0.0,0.0,16.0,40.0,0.0,0.0,0.0,0.0,0.0,0.0,0.0,0.0,0.0,0.0,1.0,1.1,0.0703582763671875,0.0687486445456517,95.0,15.0,0.05566039,6.0,1.0,0.0,0.0,0.988723,0.848344,0.0,0.0,0.0,0.988723,1.1,0.988723,0.988723,0.0703582763671875,0.0703582763671875,0.0703582763671875,0.0,0.0,0.0,0.0
omj_010,OpenMoji,seedling,mask_fill_edgewalk_nearestrow_adapt_t3_m6_rows16_p40,line_text_skeleton,0.05566039,excellent,0.05566039,6,1,0.0,0,0.988723,0.848344,0.0,0.0,0.0,0,1.0,0.0,0.0,1.0,1.0,1.0,0.0,0.0,0.0,0.0,0.0,1.0,3.0,6.0,16.0,40.0,0.0,0.0,0.0,0.0,0.0,0.0,0.0,0.0,0.0,0.0,1.0,1.1,0.0703582763671875,0.0687486445456517,95.0,15.0,0.05566039,6.0,1.0,0.0,0.0,0.988723,0.848344,0.0,0.0,0.0,0.988723,1.1,0.988723,0.988723,0.0703582763671875,0.0,0.0,0.0703582763671875,0.0687486445456517,0.0,0.0
omj_010,OpenMoji,seedling,mask_fill_edgewalk_nearestrow_adapt_t4_m8_rows16_p40,line_text_skeleton,0.05564696,excellent,0.05564696,6,1,0.0,0,0.992843,0.788223,0.0,0.0,0.0,1,1.0,0.0,0.0,1.0,1.0,1.0,0.0,0.0,0.0,0.0,0.0,1.0,4.0,8.0,16.0,40.0,0.0,0.0,0.0,0.0,0.0,0.0,0.0,0.0,0.0,0.0,1.0,1.1,0.0703582763671875,0.0687486445456517,95.0,15.0,0.05564696,6.0,1.0,0.0,0.0,0.992843,0.788223,0.0,0.0,0.0,0.992843,1.1,0.992843,0.992843,0.0703582763671875,0.0,0.0,0.0703582763671875,0.0687486445456517,0.0,0.0
omj_010,OpenMoji,seedling,mask_fill_edgewalk_nearestrow_adapt_t2_m5_rows16_p40,line_text_skeleton,0.05566039,excellent,0.05566039,6,1,0.0,0,0.988723,0.848344,0.0,0.0,0.0,0,1.0,0.0,0.0,1.0,1.0,1.0,0.0,0.0,0.0,0.0,0.0,1.0,2.0,5.0,16.0,40.0,0.0,0.0,0.0,0.0,0.0,0.0,0.0,0.0,0.0,0.0,1.0,1.1,0.0703582763671875,0.0687486445456517,95.0,15.0,0.05566039,6.0,1.0,0.0,0.0,0.988723,0.848344,0.0,0.0,0.0,0.988723,1.1,0.988723,0.988723,0.0703582763671875,0.0,0.0,0.0703582763671875,0.0687486445456517,0.0,0.0
omj_010,OpenMoji,seedling,outline_ext_in3,line_text_skeleton,0.10887108,pass,0.10351803,11,2,0.0,0,1.0,0.664313,0.0,0.035687,0.0,0,1.0,0.0,0.0,0.0,0.0,0.0,0.0,0.0,0.0,0.0,0.0,0.0,0.0,0.0,0.0,0.0,0.0,1.0,0.0,0.0,0.0,0.0,0.0,0.0,0.0,0.0,1.0,1.1,0.0703582763671875,0.0687486445456517,95.0,15.0,0.10351803,11.0,2.0,0.0,0.0,1.0,0.664313,0.0,0.0,0.0,0.0,0.0,0.0,0.0,0.0,0.0,0.0,0.0,0.0,0.0,0.0
omj_010,OpenMoji,seedling,styleaware,line_text_skeleton,0.08673181,excellent,0.08673181,9,2,0.0,0,0.994578,0.743274,0.0,0.0,0.0,0,1.0,0.0,0.0,0.0,0.0,0.0,0.0,0.0,0.0,0.0,0.0,0.0,0.0,0.0,0.0,0.0,1.0,0.0,0.0,0.0,0.0,0.0,0.0,0.0,0.0,0.0,1.0,1.1,0.0703582763671875,0.0687486445456517,95.0,15.0,0.08673181,9.0,2.0,0.0,0.0,0.994578,0.743274,0.0,0.0,0.0,0.0,0.0,0.0,0.0,0.0,0.0,0.0,0.0,0.0,0.994578,1.1
omj_010,OpenMoji,seedling,satin,line_text_skeleton,0.07769902,excellent,0.07213117,8,1,0.0,0,1.0,0.662881,0.0,0.037119,0.0,0,1.0,0.0,0.0,0.0,0.0,0.0,0.0,0.0,0.0,0.0,0.0,0.0,0.0,0.0,0.0,0.0,0.0,0.0,1.0,0.0,0.0,0.0,0.0,0.0,0.0,0.0,1.0,1.1,0.0703582763671875,0.0687486445456517,95.0,15.0,0.07213117,8.0,1.0,0.0,0.0,1.0,0.662881,0.0,0.0,0.0,0.0,0.0,0.0,0.0,0.0,0.0,0.0,0.0,0.0,0.0,0.0
omj_010,OpenMoji,seedling,satinrail,line_text_skeleton,0.06970541,excellent,0.06413756,7,1,0.0,0,1.0,0.662881,0.0,0.037119,0.0,0,1.0,0.0,0.0,0.0,0.0,0.0,0.0,0.0,0.0,0.0,0.0,0.0,0.0,0.0,0.0,0.0,0.0,0.0,1.0,1.0,0.0,0.0,0.0,0.0,0.0,0.0,1.0,1.1,0.0703582763671875,0.0687486445456517,95.0,15.0,0.06413756,7.0,1.0,0.0,0.0,1.0,0.662881,0.0,0.0,0.0,0.0,0.0,0.0,0.0,0.0,0.0,0.0,0.0,0.0,0.0,0.0
omj_010,OpenMoji,seedling,dtsatin,line_text_skeleton,0.06949716,excellent,0.06415851,7,1,0.0,0,1.0,0.664409,0.0,0.035591,0.0,0,1.0,0.0,0.0,0.0,0.0,0.0,0.0,0.0,0.0,0.0,0.0,0.0,0.0,0.0,0.0,0.0,0.0,0.0,1.0,0.0,1.0,0.0,0.0,0.0,0.0,0.0,1.0,1.1,0.0703582763671875,0.0687486445456517,95.0,15.0,0.06415851,7.0,1.0,0.0,0.0,1.0,0.664409,0.0,0.0,0.0,0.0,0.0,0.0,0.0,0.0,0.0,0.0,0.0,0.0,0.0,0.0
qd_001,QuickDraw,cat,skeleton_c20_m4,line_text_skeleton,0.18263391,warning,0.17708271,18,2,0.6731,0,0.9432,0.662992,0.0,0.037008,0.0,0,1.0,1.0,0.0,0.0,0.0,0.0,0.0,0.0,0.0,0.0,0.0,0.0,0.0,0.0,0.0,0.0,0.0,0.0,0.0,0.0,0.0,0.0,0.0,0.0,0.0,0.0,1.0,1.25,0.11578369140625,0.1713231418028466,621.0,15.0,0.17708271,18.0,2.0,0.6731,0.0,0.9432,0.662992,1.25,0.9432,0.0,0.0,0.0,0.0,0.0,0.0,0.0,0.0,0.0,0.0,0.0,0.0
qd_001,QuickDraw,cat,skeleton_c30_m4,line_text_skeleton,0.18263391,warning,0.17708271,18,2,0.6731,0,0.9432,0.662992,0.0,0.037008,0.0,0,1.0,1.0,0.0,0.0,0.0,0.0,0.0,0.0,0.0,0.0,0.0,0.0,0.0,0.0,0.0,0.0,0.0,0.0,0.0,0.0,0.0,0.0,0.0,0.0,0.0,0.0,1.0,1.25,0.11578369140625,0.1713231418028466,621.0,15.0,0.17708271,18.0,2.0,0.6731,0.0,0.9432,0.662992,1.25,0.9432,0.0,0.0,0.0,0.0,0.0,0.0,0.0,0.0,0.0,0.0,0.0,0.0
qd_001,QuickDraw,cat,skeleton_c30_m8,line_text_skeleton,0.1674949,warning,0.1621189,18,2,0.0,0,0.907749,0.66416,0.0,0.03584,0.0,0,1.0,1.0,0.0,0.0,0.0,0.0,0.0,0.0,0.0,0.0,0.0,0.0,0.0,0.0,0.0,0.0,0.0,0.0,0.0,0.0,0.0,0.0,0.0,0.0,0.0,0.0,1.0,1.25,0.11578369140625,0.1713231418028466,621.0,15.0,0.1621189,18.0,2.0,0.0,0.0,0.907749,0.66416,1.25,0.907749,0.0,0.0,0.0,0.0,0.0,0.0,0.0,0.0,0.0,0.0,0.0,0.0
qd_001,QuickDraw,cat,skeleton_c30_m12,line_text_skeleton,0.14265602,pass,0.13687547,15,2,0.0,0,0.893516,0.661463,0.0,0.038537,0.0,0,1.0,1.0,0.0,0.0,0.0,0.0,0.0,0.0,0.0,0.0,0.0,0.0,0.0,0.0,0.0,0.0,0.0,0.0,0.0,0.0,0.0,0.0,0.0,0.0,0.0,0.0,1.0,1.25,0.11578369140625,0.1713231418028466,621.0,15.0,0.13687547,15.0,2.0,0.0,0.0,0.893516,0.661463,1.25,0.893516,0.0,0.0,0.0,0.0,0.0,0.0,0.0,0.0,0.0,0.0,0.0,0.0
qd_001,QuickDraw,cat,skeleton_c30_m20,line_text_skeleton,0.14265602,pass,0.13687547,15,2,0.0,0,0.893516,0.661463,0.0,0.038537,0.0,0,1.0,1.0,0.0,0.0,0.0,0.0,0.0,0.0,0.0,0.0,0.0,0.0,0.0,0.0,0.0,0.0,0.0,0.0,0.0,0.0,0.0,0.0,0.0,0.0,0.0,0.0,1.0,1.25,0.11578369140625,0.1713231418028466,621.0,15.0,0.13687547,15.0,2.0,0.0,0.0,0.893516,0.661463,1.25,0.893516,0.0,0.0,0.0,0.0,0.0,0.0,0.0,0.0,0.0,0.0,0.0,0.0
qd_001,QuickDraw,cat,auto_evalrepair_r10_c20,line_text_skeleton,0.18263391,warning,0.17708271,18,2,0.6731,0,0.9432,0.662992,0.0,0.037008,0.0,0,1.0,0.0,1.0,0.0,0.0,0.0,0.0,0.0,0.0,0.0,0.0,0.0,0.0,0.0,0.0,0.0,0.0,0.0,0.0,0.0,0.0,0.0,0.0,0.0,0.0,0.0,1.0,1.25,0.11578369140625,0.1713231418028466,621.0,15.0,0.17708271,18.0,2.0,0.6731,0.0,0.9432,0.662992,0.0,0.0,0.9432,0.0,0.0,0.0,0.0,0.0,0.0,0.0,0.0,0.0,0.0,0.0
qd_001,QuickDraw,cat,auto_evalrepair_r15_c20,line_text_skeleton,0.18263391,warning,0.17708271,18,2,0.6731,0,0.9432,0.662992,0.0,0.037008,0.0,0,1.0,0.0,1.0,0.0,0.0,0.0,0.0,0.0,0.0,0.0,0.0,0.0,0.0,0.0,0.0,0.0,0.0,0.0,0.0,0.0,0.0,0.0,0.0,0.0,0.0,0.0,1.0,1.25,0.11578369140625,0.1713231418028466,621.0,15.0,0.17708271,18.0,2.0,0.6731,0.0,0.9432,0.662992,0.0,0.0,0.9432,0.0,0.0,0.0,0.0,0.0,0.0,0.0,0.0,0.0,0.0,0.0
qd_001,QuickDraw,cat,mask_fill_rows16_c6,line_text_skeleton,0.4595576,hard_fail,0.4,409,65,0.0,0,0.999605,0.569616,0.0,0.130384,0.04,0,1.0,0.0,0.0,1.0,0.0,0.0,0.0,0.0,0.0,0.0,0.0,0.0,0.0,0.0,16.0,0.0,0.0,0.0,0.0,0.0,0.0,0.0,0.0,0.0,0.0,0.0,1.0,1.25,0.11578369140625,0.1713231418028466,621.0,15.0,0.4,409.0,65.0,0.0,0.0,0.999605,0.569616,0.0,0.0,0.0,0.999605,1.25,0.0,0.0,0.0,0.0,0.0,0.0,0.0,0.0,0.0
qd_001,QuickDraw,cat,mask_fill_edgewalk_rows16_p40,line_text_skeleton,0.47971115,hard_fail,0.4,325,57,0.0,0,0.999868,0.435259,0.0,0.264741,0.04,0,1.0,0.0,0.0,1.0,1.0,0.0,0.0,0.0,0.0,0.0,0.0,0.0,0.0,0.0,16.0,40.0,0.0,0.0,0.0,0.0,0.0,0.0,0.0,0.0,0.0,0.0,1.0,1.25,0.11578369140625,0.1713231418028466,621.0,15.0,0.4,325.0,57.0,0.0,0.0,0.999868,0.435259,0.0,0.0,0.0,0.999868,1.25,0.999868,0.0,0.0,0.0,0.0,0.0,0.0,0.0,0.0
qd_001,QuickDraw,cat,mask_fill_edgewalk_nearestrow_rows16_p40,line_text_skeleton,0.12813765,excellent,0.09974865,10,1,0.4714,0,0.999605,0.51074,0.0,0.18926,0.0,0,1.0,0.0,0.0,1.0,1.0,1.0,1.0,0.0,0.0,0.0,0.0,0.0,0.0,0.0,16.0,40.0,0.0,0.0,0.0,0.0,0.0,0.0,0.0,0.0,0.0,0.0,1.0,1.25,0.11578369140625,0.1713231418028466,621.0,15.0,0.09974865,10.0,1.0,0.4714,0.0,0.999605,0.51074,0.0,0.0,0.0,0.999605,1.25,0.999605,0.999605,0.11578369140625,0.0,0.0,0.0,0.0,0.0,0.0
qd_001,QuickDraw,cat,mask_fill_edgewalk_nearestrow_inset1_rows16_p40,line_text_skeleton,0.14233422,pass,0.12922527,14,2,0.0,0,0.995124,0.612607,0.0,0.087393,0.0,0,1.0,0.0,0.0,1.0,1.0,1.0,0.0,1.0,1.0,0.0,1.0,0.0,0.0,0.0,16.0,40.0,0.0,0.0,0.0,0.0,0.0,0.0,0.0,0.0,0.0,0.0,1.0,1.25,0.11578369140625,0.1713231418028466,621.0,15.0,0.12922527,14.0,2.0,0.0,0.0,0.995124,0.612607,0.0,0.0,0.0,0.995124,1.25,0.995124,0.995124,0.11578369140625,0.11578369140625,0.0,0.0,0.0,0.0,0.0
qd_001,QuickDraw,cat,mask_fill_edgewalk_nearestrow_inset2_rows16_p40,line_text_skeleton,0.10116619,pass,0.09782929,11,1,0.0,0,0.947944,0.677754,0.0,0.022246,0.0,1,1.0,0.0,0.0,1.0,1.0,1.0,0.0,1.0,0.0,1.0,2.0,0.0,0.0,0.0,16.0,40.0,0.0,0.0,0.0,0.0,0.0,0.0,0.0,0.0,0.0,0.0,1.0,1.25,0.11578369140625,0.1713231418028466,621.0,15.0,0.09782929,11.0,1.0,0.0,0.0,0.947944,0.677754,0.0,0.0,0.0,0.947944,1.25,0.947944,0.947944,0.11578369140625,0.11578369140625,0.11578369140625,0.0,0.0,0.0,0.0
qd_001,QuickDraw,cat,mask_fill_edgewalk_nearestrow_adapt_t3_m6_rows16_p40,line_text_skeleton,0.10530968,pass,0.09780368,11,1,0.0,0,0.972457,0.64996,0.0,0.05004,0.0,0,1.0,0.0,0.0,1.0,1.0,1.0,0.0,0.0,0.0,0.0,0.0,1.0,3.0,6.0,16.0,40.0,0.0,0.0,0.0,0.0,0.0,0.0,0.0,0.0,0.0,0.0,1.0,1.25,0.11578369140625,0.1713231418028466,621.0,15.0,0.09780368,11.0,1.0,0.0,0.0,0.972457,0.64996,0.0,0.0,0.0,0.972457,1.25,0.972457,0.972457,0.11578369140625,0.0,0.0,0.11578369140625,0.1713231418028466,0.0,0.0
qd_001,QuickDraw,cat,mask_fill_edgewalk_nearestrow_adapt_t4_m8_rows16_p40,line_text_skeleton,0.10530968,pass,0.09780368,11,1,0.0,0,0.972457,0.64996,0.0,0.05004,0.0,0,1.0,0.0,0.0,1.0,1.0,1.0,0.0,0.0,0.0,0.0,0.0,1.0,4.0,8.0,16.0,40.0,0.0,0.0,0.0,0.0,0.0,0.0,0.0,0.0,0.0,0.0,1.0,1.25,0.11578369140625,0.1713231418028466,621.0,15.0,0.09780368,11.0,1.0,0.0,0.0,0.972457,0.64996,0.0,0.0,0.0,0.972457,1.25,0.972457,0.972457,0.11578369140625,0.0,0.0,0.11578369140625,0.1713231418028466,0.0,0.0
qd_001,QuickDraw,cat,mask_fill_edgewalk_nearestrow_adapt_t2_m5_rows16_p40,line_text_skeleton,0.10182739,pass,0.09782929,11,1,0.0,0,0.952161,0.673346,0.0,0.026654,0.0,0,1.0,0.0,0.0,1.0,1.0,1.0,0.0,0.0,0.0,0.0,0.0,1.0,2.0,5.0,16.0,40.0,0.0,0.0,0.0,0.0,0.0,0.0,0.0,0.0,0.0,0.0,1.0,1.25,0.11578369140625,0.1713231418028466,621.0,15.0,0.09782929,11.0,1.0,0.0,0.0,0.952161,0.673346,0.0,0.0,0.0,0.952161,1.25,0.952161,0.952161,0.11578369140625,0.0,0.0,0.11578369140625,0.1713231418028466,0.0,0.0
qd_001,QuickDraw,cat,outline_ext_in3,line_text_skeleton,0.47963615,hard_fail,0.4,339,59,0.0,0,0.999868,0.435759,0.0,0.264241,0.04,0,1.0,0.0,0.0,0.0,0.0,0.0,0.0,0.0,0.0,0.0,0.0,0.0,0.0,0.0,0.0,0.0,0.0,1.0,0.0,0.0,0.0,0.0,0.0,0.0,0.0,0.0,1.0,1.25,0.11578369140625,0.1713231418028466,621.0,15.0,0.4,339.0,59.0,0.0,0.0,0.999868,0.435759,0.0,0.0,0.0,0.0,0.0,0.0,0.0,0.0,0.0,0.0,0.0,0.0,0.0,0.0
qd_001,QuickDraw,cat,styleaware,line_text_skeleton,0.29980718,hard_fail,0.24889888,37,6,0.0,0,0.966131,0.627278,0.0,0.072722,0.04,0,1.0,0.0,0.0,0.0,0.0,0.0,0.0,0.0,0.0,0.0,0.0,0.0,0.0,0.0,0.0,0.0,1.0,0.0,0.0,0.0,0.0,0.0,0.0,0.0,0.0,0.0,1.0,1.25,0.11578369140625,0.1713231418028466,621.0,15.0,0.24889888,37.0,6.0,0.0,0.0,0.966131,0.627278,0.0,0.0,0.0,0.0,0.0,0.0,0.0,0.0,0.0,0.0,0.0,0.0,0.966131,1.25
qd_001,QuickDraw,cat,satin,line_text_skeleton,0.4796849,hard_fail,0.4,339,59,0.0,0,0.999868,0.435434,0.0,0.264566,0.04,0,1.0,0.0,0.0,0.0,0.0,0.0,0.0,0.0,0.0,0.0,0.0,0.0,0.0,0.0,0.0,0.0,0.0,0.0,1.0,0.0,0.0,0.0,0.0,0.0,0.0,0.0,1.0,1.25,0.11578369140625,0.1713231418028466,621.0,15.0,0.4,339.0,59.0,0.0,0.0,0.999868,0.435434,0.0,0.0,0.0,0.0,0.0,0.0,0.0,0.0,0.0,0.0,0.0,0.0,0.0,0.0
qd_001,QuickDraw,cat,satinrail,line_text_skeleton,0.4796999,hard_fail,0.4,339,59,0.0,0,0.999868,0.435334,0.0,0.264666,0.04,0,1.0,0.0,0.0,0.0,0.0,0.0,0.0,0.0,0.0,0.0,0.0,0.0,0.0,0.0,0.0,0.0,0.0,0.0,1.0,1.0,0.0,0.0,0.0,0.0,0.0,0.0,1.0,1.25,0.11578369140625,0.1713231418028466,621.0,15.0,0.4,339.0,59.0,0.0,0.0,0.999868,0.435334,0.0,0.0,0.0,0.0,0.0,0.0,0.0,0.0,0.0,0.0,0.0,0.0,0.0,0.0
qd_001,QuickDraw,cat,dtsatin,line_text_skeleton,0.47971115,hard_fail,0.4,325,57,0.0,0,0.999868,0.435259,0.0,0.264741,0.04,0,1.0,0.0,0.0,0.0,0.0,0.0,0.0,0.0,0.0,0.0,0.0,0.0,0.0,0.0,0.0,0.0,0.0,0.0,1.0,0.0,1.0,0.0,0.0,0.0,0.0,0.0,1.0,1.25,0.11578369140625,0.1713231418028466,621.0,15.0,0.4,325.0,57.0,0.0,0.0,0.999868,0.435259,0.0,0.0,0.0,0.0,0.0,0.0,0.0,0.0,0.0,0.0,0.0,0.0,0.0,0.0
qd_002,QuickDraw,dog,skeleton_c20_m4,line_text_skeleton,0.12013034,pass,0.12013034,13,2,0.0,0,0.968333,0.720632,0.0,0.0,0.0,0,1.0,1.0,0.0,0.0,0.0,0.0,0.0,0.0,0.0,0.0,0.0,0.0,0.0,0.0,0.0,0.0,0.0,0.0,0.0,0.0,0.0,0.0,0.0,0.0,0.0,0.0,1.0,1.25,0.125762939453125,0.15202620723125454,227.0,23.0,0.12013034,13.0,2.0,0.0,0.0,0.968333,0.720632,1.25,0.968333,0.0,0.0,0.0,0.0,0.0,0.0,0.0,0.0,0.0,0.0,0.0,0.0
qd_002,QuickDraw,dog,skeleton_c30_m4,line_text_skeleton,0.08928397,excellent,0.08928397,10,1,0.0,0,0.968333,0.712526,0.0,0.0,0.0,0,1.0,1.0,0.0,0.0,0.0,0.0,0.0,0.0,0.0,0.0,0.0,0.0,0.0,0.0,0.0,0.0,0.0,0.0,0.0,0.0,0.0,0.0,0.0,0.0,0.0,0.0,1.0,1.25,0.125762939453125,0.15202620723125454,227.0,23.0,0.08928397,10.0,1.0,0.0,0.0,0.968333,0.712526,1.25,0.968333,0.0,0.0,0.0,0.0,0.0,0.0,0.0,0.0,0.0,0.0,0.0,0.0
qd_002,QuickDraw,dog,skeleton_c30_m8,line_text_skeleton,0.08928397,excellent,0.08928397,10,1,0.0,0,0.960446,0.70302,0.0,0.0,0.0,0,1.0,1.0,0.0,0.0,0.0,0.0,0.0,0.0,0.0,0.0,0.0,0.0,0.0,0.0,0.0,0.0,0.0,0.0,0.0,0.0,0.0,0.0,0.0,0.0,0.0,0.0,1.0,1.25,0.125762939453125,0.15202620723125454,227.0,23.0,0.08928397,10.0,1.0,0.0,0.0,0.960446,0.70302,1.25,0.960446,0.0,0.0,0.0,0.0,0.0,0.0,0.0,0.0,0.0,0.0,0.0,0.0
qd_002,QuickDraw,dog,skeleton_c30_m12,line_text_skeleton,0.08928397,excellent,0.08928397,10,1,0.0,0,0.956564,0.702173,0.0,0.0,0.0,0,1.0,1.0,0.0,0.0,0.0,0.0,0.0,0.0,0.0,0.0,0.0,0.0,0.0,0.0,0.0,0.0,0.0,0.0,0.0,0.0,0.0,0.0,0.0,0.0,0.0,0.0,1.0,1.25,0.125762939453125,0.15202620723125454,227.0,23.0,0.08928397,10.0,1.0,0.0,0.0,0.956564,0.702173,1.25,0.956564,0.0,0.0,0.0,0.0,0.0,0.0,0.0,0.0,0.0,0.0,0.0,0.0
qd_002,QuickDraw,dog,skeleton_c30_m20,line_text_skeleton,0.09082102,excellent,0.08928397,10,1,0.0,0,0.940063,0.689753,0.0,0.010247,0.0,0,1.0,1.0,0.0,0.0,0.0,0.0,0.0,0.0,0.0,0.0,0.0,0.0,0.0,0.0,0.0,0.0,0.0,0.0,0.0,0.0,0.0,0.0,0.0,0.0,0.0,0.0,1.0,1.25,0.125762939453125,0.15202620723125454,227.0,23.0,0.08928397,10.0,1.0,0.0,0.0,0.940063,0.689753,1.25,0.940063,0.0,0.0,0.0,0.0,0.0,0.0,0.0,0.0,0.0,0.0,0.0,0.0
qd_002,QuickDraw,dog,auto_evalrepair_r10_c20,line_text_skeleton,0.12013034,pass,0.12013034,13,2,0.0,0,0.968333,0.720632,0.0,0.0,0.0,0,1.0,0.0,1.0,0.0,0.0,0.0,0.0,0.0,0.0,0.0,0.0,0.0,0.0,0.0,0.0,0.0,0.0,0.0,0.0,0.0,0.0,0.0,0.0,0.0,0.0,0.0,1.0,1.25,0.125762939453125,0.15202620723125454,227.0,23.0,0.12013034,13.0,2.0,0.0,0.0,0.968333,0.720632,0.0,0.0,0.968333,0.0,0.0,0.0,0.0,0.0,0.0,0.0,0.0,0.0,0.0,0.0
qd_002,QuickDraw,dog,auto_evalrepair_r15_c20,line_text_skeleton,0.12013034,pass,0.12013034,13,2,0.0,0,0.968333,0.720632,0.0,0.0,0.0,0,1.0,0.0,1.0,0.0,0.0,0.0,0.0,0.0,0.0,0.0,0.0,0.0,0.0,0.0,0.0,0.0,0.0,0.0,0.0,0.0,0.0,0.0,0.0,0.0,0.0,0.0,1.0,1.25,0.125762939453125,0.15202620723125454,227.0,23.0,0.12013034,13.0,2.0,0.0,0.0,0.968333,0.720632,0.0,0.0,0.968333,0.0,0.0,0.0,0.0,0.0,0.0,0.0,0.0,0.0,0.0,0.0
qd_002,QuickDraw,dog,mask_fill_rows16_c6,line_text_skeleton,0.45623045,hard_fail,0.4,317,44,0.0,0,0.999636,0.591797,0.0,0.108203,0.04,0,1.0,0.0,0.0,1.0,0.0,0.0,0.0,0.0,0.0,0.0,0.0,0.0,0.0,0.0,16.0,0.0,0.0,0.0,0.0,0.0,0.0,0.0,0.0,0.0,0.0,0.0,1.0,1.25,0.125762939453125,0.15202620723125454,227.0,23.0,0.4,317.0,44.0,0.0,0.0,0.999636,0.591797,0.0,0.0,0.0,0.999636,1.25,0.0,0.0,0.0,0.0,0.0,0.0,0.0,0.0,0.0
qd_002,QuickDraw,dog,mask_fill_edgewalk_rows16_p40,line_text_skeleton,0.5923675,hard_fail,0.5148855,193,33,5.7329,0,0.999636,0.45012,0.0,0.24988,0.04,0,1.0,0.0,0.0,1.0,1.0,0.0,0.0,0.0,0.0,0.0,0.0,0.0,0.0,0.0,16.0,40.0,0.0,0.0,0.0,0.0,0.0,0.0,0.0,0.0,0.0,0.0,1.0,1.25,0.125762939453125,0.15202620723125454,227.0,23.0,0.5148855,193.0,33.0,5.7329,0.0,0.999636,0.45012,0.0,0.0,0.0,0.999636,1.25,0.999636,0.0,0.0,0.0,0.0,0.0,0.0,0.0,0.0
qd_002,QuickDraw,dog,mask_fill_edgewalk_nearestrow_rows16_p40,line_text_skeleton,0.05880958,excellent,0.03337243,4,0,0.0,0,0.999636,0.530419,0.0,0.169581,0.0,0,1.0,0.0,0.0,1.0,1.0,1.0,1.0,0.0,0.0,0.0,0.0,0.0,0.0,0.0,16.0,40.0,0.0,0.0,0.0,0.0,0.0,0.0,0.0,0.0,0.0,0.0,1.0,1.25,0.125762939453125,0.15202620723125454,227.0,23.0,0.03337243,4.0,0.0,0.0,0.0,0.999636,0.530419,0.0,0.0,0.0,0.999636,1.25,0.999636,0.999636,0.125762939453125,0.0,0.0,0.0,0.0,0.0,0.0
qd_002,QuickDraw,dog,mask_fill_edgewalk_nearestrow_inset1_rows16_p40,line_text_skeleton,0.04827669,excellent,0.03336654,4,0,0.0,0,0.997816,0.600599,0.0,0.099401,0.0,1,1.0,0.0,0.0,1.0,1.0,1.0,0.0,1.0,1.0,0.0,1.0,0.0,0.0,0.0,16.0,40.0,0.0,0.0,0.0,0.0,0.0,0.0,0.0,0.0,0.0,0.0,1.0,1.25,0.125762939453125,0.15202620723125454,227.0,23.0,0.03336654,4.0,0.0,0.0,0.0,0.997816,0.600599,0.0,0.0,0.0,0.997816,1.25,0.997816,0.997816,0.125762939453125,0.125762939453125,0.0,0.0,0.0,0.0,0.0
qd_002,QuickDraw,dog,mask_fill_edgewalk_nearestrow_inset2_rows16_p40,line_text_skeleton,0.07256709,excellent,0.07256709,8,1,0.0,0,0.99175,0.723491,0.0,0.0,0.0,0,1.0,0.0,0.0,1.0,1.0,1.0,0.0,1.0,0.0,1.0,2.0,0.0,0.0,0.0,16.0,40.0,0.0,0.0,0.0,0.0,0.0,0.0,0.0,0.0,0.0,0.0,1.0,1.25,0.125762939453125,0.15202620723125454,227.0,23.0,0.07256709,8.0,1.0,0.0,0.0,0.99175,0.723491,0.0,0.0,0.0,0.99175,1.25,0.99175,0.99175,0.125762939453125,0.125762939453125,0.125762939453125,0.0,0.0,0.0,0.0
qd_002,QuickDraw,dog,mask_fill_edgewalk_nearestrow_adapt_t3_m6_rows16_p40,line_text_skeleton,0.07256709,excellent,0.07256709,8,1,0.0,0,0.99175,0.723491,0.0,0.0,0.0,0,1.0,0.0,0.0,1.0,1.0,1.0,0.0,0.0,0.0,0.0,0.0,1.0,3.0,6.0,16.0,40.0,0.0,0.0,0.0,0.0,0.0,0.0,0.0,0.0,0.0,0.0,1.0,1.25,0.125762939453125,0.15202620723125454,227.0,23.0,0.07256709,8.0,1.0,0.0,0.0,0.99175,0.723491,0.0,0.0,0.0,0.99175,1.25,0.99175,0.99175,0.125762939453125,0.0,0.0,0.125762939453125,0.15202620723125454,0.0,0.0
qd_002,QuickDraw,dog,mask_fill_edgewalk_nearestrow_adapt_t4_m8_rows16_p40,line_text_skeleton,0.07256709,excellent,0.07256709,8,1,0.0,0,0.99175,0.723491,0.0,0.0,0.0,0,1.0,0.0,0.0,1.0,1.0,1.0,0.0,0.0,0.0,0.0,0.0,1.0,4.0,8.0,16.0,40.0,0.0,0.0,0.0,0.0,0.0,0.0,0.0,0.0,0.0,0.0,1.0,1.25,0.125762939453125,0.15202620723125454,227.0,23.0,0.07256709,8.0,1.0,0.0,0.0,0.99175,0.723491,0.0,0.0,0.0,0.99175,1.25,0.99175,0.99175,0.125762939453125,0.0,0.0,0.125762939453125,0.15202620723125454,0.0,0.0
qd_002,QuickDraw,dog,mask_fill_edgewalk_nearestrow_adapt_t2_m5_rows16_p40,line_text_skeleton,0.07256709,excellent,0.07256709,8,1,0.0,0,0.99175,0.723491,0.0,0.0,0.0,0,1.0,0.0,0.0,1.0,1.0,1.0,0.0,0.0,0.0,0.0,0.0,1.0,2.0,5.0,16.0,40.0,0.0,0.0,0.0,0.0,0.0,0.0,0.0,0.0,0.0,0.0,1.0,1.25,0.125762939453125,0.15202620723125454,227.0,23.0,0.07256709,8.0,1.0,0.0,0.0,0.99175,0.723491,0.0,0.0,0.0,0.99175,1.25,0.99175,0.99175,0.125762939453125,0.0,0.0,0.125762939453125,0.15202620723125454,0.0,0.0
qd_002,QuickDraw,dog,outline_ext_in3,line_text_skeleton,0.59937052,hard_fail,0.52186722,211,36,5.7329,0,0.999757,0.449978,0.0,0.250022,0.04,0,1.0,0.0,0.0,0.0,0.0,0.0,0.0,0.0,0.0,0.0,0.0,0.0,0.0,0.0,0.0,0.0,0.0,1.0,0.0,0.0,0.0,0.0,0.0,0.0,0.0,0.0,1.0,1.25,0.125762939453125,0.15202620723125454,227.0,23.0,0.52186722,211.0,36.0,5.7329,0.0,0.999757,0.449978,0.0,0.0,0.0,0.0,0.0,0.0,0.0,0.0,0.0,0.0,0.0,0.0,0.0,0.0
qd_002,QuickDraw,dog,styleaware,line_text_skeleton,0.34637429,hard_fail,0.30149149,76,12,0.0,0,0.966998,0.667448,0.0,0.032552,0.04,0,1.0,0.0,0.0,0.0,0.0,0.0,0.0,0.0,0.0,0.0,0.0,0.0,0.0,0.0,0.0,0.0,1.0,0.0,0.0,0.0,0.0,0.0,0.0,0.0,0.0,0.0,1.0,1.25,0.125762939453125,0.15202620723125454,227.0,23.0,0.30149149,76.0,12.0,0.0,0.0,0.966998,0.667448,0.0,0.0,0.0,0.0,0.0,0.0,0.0,0.0,0.0,0.0,0.0,0.0,0.966998,1.25
qd_002,QuickDraw,dog,satin,line_text_skeleton,0.59518529,hard_fail,0.51766279,199,34,5.7329,0,0.999636,0.44985,0.0,0.25015,0.04,0,1.0,0.0,0.0,0.0,0.0,0.0,0.0,0.0,0.0,0.0,0.0,0.0,0.0,0.0,0.0,0.0,0.0,0.0,1.0,0.0,0.0,0.0,0.0,0.0,0.0,0.0,1.0,1.25,0.125762939453125,0.15202620723125454,227.0,23.0,0.51766279,199.0,34.0,5.7329,0.0,0.999636,0.44985,0.0,0.0,0.0,0.0,0.0,0.0,0.0,0.0,0.0,0.0,0.0,0.0,0.0,0.0
qd_002,QuickDraw,dog,satinrail,line_text_skeleton,0.59516684,hard_fail,0.51766279,199,34,5.7329,0,0.999636,0.449973,0.0,0.250027,0.04,0,1.0,0.0,0.0,0.0,0.0,0.0,0.0,0.0,0.0,0.0,0.0,0.0,0.0,0.0,0.0,0.0,0.0,0.0,1.0,1.0,0.0,0.0,0.0,0.0,0.0,0.0,1.0,1.25,0.125762939453125,0.15202620723125454,227.0,23.0,0.51766279,199.0,34.0,5.7329,0.0,0.999636,0.449973,0.0,0.0,0.0,0.0,0.0,0.0,0.0,0.0,0.0,0.0,0.0,0.0,0.0,0.0
qd_002,QuickDraw,dog,dtsatin,line_text_skeleton,0.59513218,hard_fail,0.51764658,199,34,5.7329,0,0.999636,0.450096,0.0,0.249904,0.04,0,1.0,0.0,0.0,0.0,0.0,0.0,0.0,0.0,0.0,0.0,0.0,0.0,0.0,0.0,0.0,0.0,0.0,0.0,1.0,0.0,1.0,0.0,0.0,0.0,0.0,0.0,1.0,1.25,0.125762939453125,0.15202620723125454,227.0,23.0,0.51764658,199.0,34.0,5.7329,0.0,0.999636,0.450096,0.0,0.0,0.0,0.0,0.0,0.0,0.0,0.0,0.0,0.0,0.0,0.0,0.0,0.0
qd_003,QuickDraw,fish,skeleton_c20_m4,line_text_skeleton,0.1120576,pass,0.10351225,11,2,0.0,0,0.993857,0.643031,0.0,0.056969,0.0,0,1.0,1.0,0.0,0.0,0.0,0.0,0.0,0.0,0.0,0.0,0.0,0.0,0.0,0.0,0.0,0.0,0.0,0.0,0.0,0.0,0.0,0.0,0.0,0.0,0.0,0.0,1.0,1.25,0.076995849609375,0.18212445501387237,326.0,15.0,0.10351225,11.0,2.0,0.0,0.0,0.993857,0.643031,1.25,0.993857,0.0,0.0,0.0,0.0,0.0,0.0,0.0,0.0,0.0,0.0,0.0,0.0
qd_003,QuickDraw,fish,skeleton_c30_m4,line_text_skeleton,0.1120576,pass,0.10351225,11,2,0.0,0,0.993857,0.643031,0.0,0.056969,0.0,0,1.0,1.0,0.0,0.0,0.0,0.0,0.0,0.0,0.0,0.0,0.0,0.0,0.0,0.0,0.0,0.0,0.0,0.0,0.0,0.0,0.0,0.0,0.0,0.0,0.0,0.0,1.0,1.25,0.076995849609375,0.18212445501387237,326.0,15.0,0.10351225,11.0,2.0,0.0,0.0,0.993857,0.643031,1.25,0.993857,0.0,0.0,0.0,0.0,0.0,0.0,0.0,0.0,0.0,0.0,0.0,0.0
qd_003,QuickDraw,fish,skeleton_c30_m8,line_text_skeleton,0.11239349,pass,0.10343534,11,2,0.0,0,0.980975,0.640279,0.0,0.059721,0.0,0,1.0,1.0,0.0,0.0,0.0,0.0,0.0,0.0,0.0,0.0,0.0,0.0,0.0,0.0,0.0,0.0,0.0,0.0,0.0,0.0,0.0,0.0,0.0,0.0,0.0,0.0,1.0,1.25,0.076995849609375,0.18212445501387237,326.0,15.0,0.10343534,11.0,2.0,0.0,0.0,0.980975,0.640279,1.25,0.980975,0.0,0.0,0.0,0.0,0.0,0.0,0.0,0.0,0.0,0.0,0.0,0.0
qd_003,QuickDraw,fish,skeleton_c30_m12,line_text_skeleton,0.11273489,pass,0.10343534,11,2,0.0,0,0.939556,0.638003,0.0,0.061997,0.0,0,1.0,1.0,0.0,0.0,0.0,0.0,0.0,0.0,0.0,0.0,0.0,0.0,0.0,0.0,0.0,0.0,0.0,0.0,0.0,0.0,0.0,0.0,0.0,0.0,0.0,0.0,1.0,1.25,0.076995849609375,0.18212445501387237,326.0,15.0,0.10343534,11.0,2.0,0.0,0.0,0.939556,0.638003,1.25,0.939556,0.0,0.0,0.0,0.0,0.0,0.0,0.0,0.0,0.0,0.0,0.0,0.0
qd_003,QuickDraw,fish,skeleton_c30_m20,line_text_skeleton,0.11312879,pass,0.10343534,11,2,0.0,0,0.916171,0.635377,0.0,0.064623,0.0,0,1.0,1.0,0.0,0.0,0.0,0.0,0.0,0.0,0.0,0.0,0.0,0.0,0.0,0.0,0.0,0.0,0.0,0.0,0.0,0.0,0.0,0.0,0.0,0.0,0.0,0.0,1.0,1.25,0.076995849609375,0.18212445501387237,326.0,15.0,0.10343534,11.0,2.0,0.0,0.0,0.916171,0.635377,1.25,0.916171,0.0,0.0,0.0,0.0,0.0,0.0,0.0,0.0,0.0,0.0,0.0,0.0
qd_003,QuickDraw,fish,auto_evalrepair_r10_c20,line_text_skeleton,0.1120576,pass,0.10351225,11,2,0.0,0,0.993857,0.643031,0.0,0.056969,0.0,0,1.0,0.0,1.0,0.0,0.0,0.0,0.0,0.0,0.0,0.0,0.0,0.0,0.0,0.0,0.0,0.0,0.0,0.0,0.0,0.0,0.0,0.0,0.0,0.0,0.0,0.0,1.0,1.25,0.076995849609375,0.18212445501387237,326.0,15.0,0.10351225,11.0,2.0,0.0,0.0,0.993857,0.643031,0.0,0.0,0.993857,0.0,0.0,0.0,0.0,0.0,0.0,0.0,0.0,0.0,0.0,0.0
qd_003,QuickDraw,fish,auto_evalrepair_r15_c20,line_text_skeleton,0.1120576,pass,0.10351225,11,2,0.0,0,0.993857,0.643031,0.0,0.056969,0.0,0,1.0,0.0,1.0,0.0,0.0,0.0,0.0,0.0,0.0,0.0,0.0,0.0,0.0,0.0,0.0,0.0,0.0,0.0,0.0,0.0,0.0,0.0,0.0,0.0,0.0,0.0,1.0,1.25,0.076995849609375,0.18212445501387237,326.0,15.0,0.10351225,11.0,2.0,0.0,0.0,0.993857,0.643031,0.0,0.0,0.993857,0.0,0.0,0.0,0.0,0.0,0.0,0.0,0.0,0.0,0.0,0.0
qd_003,QuickDraw,fish,mask_fill_rows16_c6,line_text_skeleton,0.42755492,hard_fail,0.36559537,141,21,0.0,0,0.998811,0.553603,0.0,0.146397,0.04,0,1.0,0.0,0.0,1.0,0.0,0.0,0.0,0.0,0.0,0.0,0.0,0.0,0.0,0.0,16.0,0.0,0.0,0.0,0.0,0.0,0.0,0.0,0.0,0.0,0.0,0.0,1.0,1.25,0.076995849609375,0.18212445501387237,326.0,15.0,0.36559537,141.0,21.0,0.0,0.0,0.998811,0.553603,0.0,0.0,0.0,0.998811,1.25,0.0,0.0,0.0,0.0,0.0,0.0,0.0,0.0,0.0
qd_003,QuickDraw,fish,mask_fill_edgewalk_rows16_p40,line_text_skeleton,0.43053507,hard_fail,0.34854557,76,14,1.698,0,0.998811,0.42007,0.0,0.27993,0.04,0,1.0,0.0,0.0,1.0,1.0,0.0,0.0,0.0,0.0,0.0,0.0,0.0,0.0,0.0,16.0,40.0,0.0,0.0,0.0,0.0,0.0,0.0,0.0,0.0,0.0,0.0,1.0,1.25,0.076995849609375,0.18212445501387237,326.0,15.0,0.34854557,76.0,14.0,1.698,0.0,0.998811,0.42007,0.0,0.0,0.0,0.998811,1.25,0.998811,0.0,0.0,0.0,0.0,0.0,0.0,0.0,0.0
qd_003,QuickDraw,fish,mask_fill_edgewalk_nearestrow_rows16_p40,line_text_skeleton,0.10484348,excellent,0.08132663,9,1,0.0,0,0.998811,0.543221,0.0,0.156779,0.0,0,1.0,0.0,0.0,1.0,1.0,1.0,1.0,0.0,0.0,0.0,0.0,0.0,0.0,0.0,16.0,40.0,0.0,0.0,0.0,0.0,0.0,0.0,0.0,0.0,0.0,0.0,1.0,1.25,0.076995849609375,0.18212445501387237,326.0,15.0,0.08132663,9.0,1.0,0.0,0.0,0.998811,0.543221,0.0,0.0,0.0,0.998811,1.25,0.998811,0.998811,0.076995849609375,0.0,0.0,0.0,0.0,0.0,0.0
qd_003,QuickDraw,fish,mask_fill_edgewalk_nearestrow_inset1_rows16_p40,line_text_skeleton,0.11019267,excellent,0.09513897,9,1,0.6083,0,0.996433,0.599642,0.0,0.100358,0.0,0,1.0,0.0,0.0,1.0,1.0,1.0,0.0,1.0,1.0,0.0,1.0,0.0,0.0,0.0,16.0,40.0,0.0,0.0,0.0,0.0,0.0,0.0,0.0,0.0,0.0,0.0,1.0,1.25,0.076995849609375,0.18212445501387237,326.0,15.0,0.09513897,9.0,1.0,0.6083,0.0,0.996433,0.599642,0.0,0.0,0.0,0.996433,1.25,0.996433,0.996433,0.076995849609375,0.076995849609375,0.0,0.0,0.0,0.0,0.0
qd_003,QuickDraw,fish,mask_fill_edgewalk_nearestrow_inset2_rows16_p40,line_text_skeleton,0.10108255,pass,0.0979036,11,1,0.0,0,0.978795,0.678807,0.0,0.021193,0.0,0,1.0,0.0,0.0,1.0,1.0,1.0,0.0,1.0,0.0,1.0,2.0,0.0,0.0,0.0,16.0,40.0,0.0,0.0,0.0,0.0,0.0,0.0,0.0,0.0,0.0,0.0,1.0,1.25,0.076995849609375,0.18212445501387237,326.0,15.0,0.0979036,11.0,1.0,0.0,0.0,0.978795,0.678807,0.0,0.0,0.0,0.978795,1.25,0.978795,0.978795,0.076995849609375,0.076995849609375,0.076995849609375,0.0,0.0,0.0,0.0
qd_003,QuickDraw,fish,mask_fill_edgewalk_nearestrow_adapt_t3_m6_rows16_p40,line_text_skeleton,0.09408961,excellent,0.08985826,10,1,0.0,0,0.987317,0.671791,0.0,0.028209,0.0,1,1.0,0.0,0.0,1.0,1.0,1.0,0.0,0.0,0.0,0.0,0.0,1.0,3.0,6.0,16.0,40.0,0.0,0.0,0.0,0.0,0.0,0.0,0.0,0.0,0.0,0.0,1.0,1.25,0.076995849609375,0.18212445501387237,326.0,15.0,0.08985826,10.0,1.0,0.0,0.0,0.987317,0.671791,0.0,0.0,0.0,0.987317,1.25,0.987317,0.987317,0.076995849609375,0.0,0.0,0.076995849609375,0.18212445501387237,0.0,0.0
qd_003,QuickDraw,fish,mask_fill_edgewalk_nearestrow_adapt_t4_m8_rows16_p40,line_text_skeleton,0.11019267,excellent,0.09513897,9,1,0.6083,0,0.996433,0.599642,0.0,0.100358,0.0,0,1.0,0.0,0.0,1.0,1.0,1.0,0.0,0.0,0.0,0.0,0.0,1.0,4.0,8.0,16.0,40.0,0.0,0.0,0.0,0.0,0.0,0.0,0.0,0.0,0.0,0.0,1.0,1.25,0.076995849609375,0.18212445501387237,326.0,15.0,0.09513897,9.0,1.0,0.6083,0.0,0.996433,0.599642,0.0,0.0,0.0,0.996433,1.25,0.996433,0.996433,0.076995849609375,0.0,0.0,0.076995849609375,0.18212445501387237,0.0,0.0
qd_003,QuickDraw,fish,mask_fill_edgewalk_nearestrow_adapt_t2_m5_rows16_p40,line_text_skeleton,0.09408961,excellent,0.08985826,10,1,0.0,0,0.987317,0.671791,0.0,0.028209,0.0,0,1.0,0.0,0.0,1.0,1.0,1.0,0.0,0.0,0.0,0.0,0.0,1.0,2.0,5.0,16.0,40.0,0.0,0.0,0.0,0.0,0.0,0.0,0.0,0.0,0.0,0.0,1.0,1.25,0.076995849609375,0.18212445501387237,326.0,15.0,0.08985826,10.0,1.0,0.0,0.0,0.987317,0.671791,0.0,0.0,0.0,0.987317,1.25,0.987317,0.987317,0.076995849609375,0.0,0.0,0.076995849609375,0.18212445501387237,0.0,0.0
qd_003,QuickDraw,fish,outline_ext_in3,line_text_skeleton,0.44731721,hard_fail,0.36541711,89,16,1.698,0,0.998811,0.420666,0.0,0.279334,0.04,0,1.0,0.0,0.0,0.0,0.0,0.0,0.0,0.0,0.0,0.0,0.0,0.0,0.0,0.0,0.0,0.0,0.0,1.0,0.0,0.0,0.0,0.0,0.0,0.0,0.0,0.0,1.0,1.25,0.076995849609375,0.18212445501387237,326.0,15.0,0.36541711,89.0,16.0,1.698,0.0,0.998811,0.420666,0.0,0.0,0.0,0.0,0.0,0.0,0.0,0.0,0.0,0.0,0.0,0.0,0.0,0.0
qd_003,QuickDraw,fish,styleaware,line_text_skeleton,0.32557603,hard_fail,0.26710083,39,7,0.4955,0,0.96413,0.576832,0.0,0.123168,0.04,0,1.0,0.0,0.0,0.0,0.0,0.0,0.0,0.0,0.0,0.0,0.0,0.0,0.0,0.0,0.0,0.0,1.0,0.0,0.0,0.0,0.0,0.0,0.0,0.0,0.0,0.0,1.0,1.25,0.076995849609375,0.18212445501387237,326.0,15.0,0.26710083,39.0,7.0,0.4955,0.0,0.96413,0.576832,0.0,0.0,0.0,0.0,0.0,0.0,0.0,0.0,0.0,0.0,0.0,0.0,0.96413,1.25
qd_003,QuickDraw,fish,satin,line_text_skeleton,0.43053507,hard_fail,0.34854557,76,14,1.698,0,0.998811,0.42007,0.0,0.27993,0.04,0,1.0,0.0,0.0,0.0,0.0,0.0,0.0,0.0,0.0,0.0,0.0,0.0,0.0,0.0,0.0,0.0,0.0,0.0,1.0,0.0,0.0,0.0,0.0,0.0,0.0,0.0,1.0,1.25,0.076995849609375,0.18212445501387237,326.0,15.0,0.34854557,76.0,14.0,1.698,0.0,0.998811,0.42007,0.0,0.0,0.0,0.0,0.0,0.0,0.0,0.0,0.0,0.0,0.0,0.0,0.0,0.0
qd_003,QuickDraw,fish,satinrail,line_text_skeleton,0.43053507,hard_fail,0.34854557,76,14,1.698,0,0.998811,0.42007,0.0,0.27993,0.04,0,1.0,0.0,0.0,0.0,0.0,0.0,0.0,0.0,0.0,0.0,0.0,0.0,0.0,0.0,0.0,0.0,0.0,0.0,1.0,1.0,0.0,0.0,0.0,0.0,0.0,0.0,1.0,1.25,0.076995849609375,0.18212445501387237,326.0,15.0,0.34854557,76.0,14.0,1.698,0.0,0.998811,0.42007,0.0,0.0,0.0,0.0,0.0,0.0,0.0,0.0,0.0,0.0,0.0,0.0,0.0,0.0
qd_003,QuickDraw,fish,dtsatin,line_text_skeleton,0.43053507,hard_fail,0.34854557,76,14,1.698,0,0.998811,0.42007,0.0,0.27993,0.04,0,1.0,0.0,0.0,0.0,0.0,0.0,0.0,0.0,0.0,0.0,0.0,0.0,0.0,0.0,0.0,0.0,0.0,0.0,1.0,0.0,1.0,0.0,0.0,0.0,0.0,0.0,1.0,1.25,0.076995849609375,0.18212445501387237,326.0,15.0,0.34854557,76.0,14.0,1.698,0.0,0.998811,0.42007,0.0,0.0,0.0,0.0,0.0,0.0,0.0,0.0,0.0,0.0,0.0,0.0,0.0,0.0
qd_004,QuickDraw,flower,skeleton_c20_m4,line_text_skeleton,0.09439353,pass,0.09116553,11,0,0.0,0,0.989997,0.67848,0.0,0.02152,0.0,0,1.0,1.0,0.0,0.0,0.0,0.0,0.0,0.0,0.0,0.0,0.0,0.0,0.0,0.0,0.0,0.0,0.0,0.0,0.0,0.0,0.0,0.0,0.0,0.0,0.0,0.0,1.0,1.25,0.089996337890625,0.16225839267548323,145.0,24.0,0.09116553,11.0,0.0,0.0,0.0,0.989997,0.67848,1.25,0.989997,0.0,0.0,0.0,0.0,0.0,0.0,0.0,0.0,0.0,0.0,0.0,0.0
qd_004,QuickDraw,flower,skeleton_c30_m4,line_text_skeleton,0.09439353,pass,0.09116553,11,0,0.0,0,0.989997,0.67848,0.0,0.02152,0.0,0,1.0,1.0,0.0,0.0,0.0,0.0,0.0,0.0,0.0,0.0,0.0,0.0,0.0,0.0,0.0,0.0,0.0,0.0,0.0,0.0,0.0,0.0,0.0,0.0,0.0,0.0,1.0,1.25,0.089996337890625,0.16225839267548323,145.0,24.0,0.09116553,11.0,0.0,0.0,0.0,0.989997,0.67848,1.25,0.989997,0.0,0.0,0.0,0.0,0.0,0.0,0.0,0.0,0.0,0.0,0.0,0.0
qd_004,QuickDraw,flower,skeleton_c30_m8,line_text_skeleton,0.10253631,pass,0.09772251,11,1,0.0,0,0.942862,0.667908,0.0,0.032092,0.0,0,1.0,1.0,0.0,0.0,0.0,0.0,0.0,0.0,0.0,0.0,0.0,0.0,0.0,0.0,0.0,0.0,0.0,0.0,0.0,0.0,0.0,0.0,0.0,0.0,0.0,0.0,1.0,1.25,0.089996337890625,0.16225839267548323,145.0,24.0,0.09772251,11.0,1.0,0.0,0.0,0.942862,0.667908,1.25,0.942862,0.0,0.0,0.0,0.0,0.0,0.0,0.0,0.0,0.0,0.0,0.0,0.0
qd_004,QuickDraw,flower,skeleton_c30_m12,line_text_skeleton,0.11132122,pass,0.10579852,12,1,0.0,0,0.914378,0.663182,0.0,0.036818,0.0,0,1.0,1.0,0.0,0.0,0.0,0.0,0.0,0.0,0.0,0.0,0.0,0.0,0.0,0.0,0.0,0.0,0.0,0.0,0.0,0.0,0.0,0.0,0.0,0.0,0.0,0.0,1.0,1.25,0.089996337890625,0.16225839267548323,145.0,24.0,0.10579852,12.0,1.0,0.0,0.0,0.914378,0.663182,1.25,0.914378,0.0,0.0,0.0,0.0,0.0,0.0,0.0,0.0,0.0,0.0,0.0,0.0
qd_004,QuickDraw,flower,skeleton_c30_m20,line_text_skeleton,0.07951266,excellent,0.07485846,9,0,0.0,0,0.885724,0.668972,0.0,0.031028,0.0,1,1.0,1.0,0.0,0.0,0.0,0.0,0.0,0.0,0.0,0.0,0.0,0.0,0.0,0.0,0.0,0.0,0.0,0.0,0.0,0.0,0.0,0.0,0.0,0.0,0.0,0.0,1.0,1.25,0.089996337890625,0.16225839267548323,145.0,24.0,0.07485846,9.0,0.0,0.0,0.0,0.885724,0.668972,1.25,0.885724,0.0,0.0,0.0,0.0,0.0,0.0,0.0,0.0,0.0,0.0,0.0,0.0
qd_004,QuickDraw,flower,auto_evalrepair_r10_c20,line_text_skeleton,0.09439353,pass,0.09116553,11,0,0.0,0,0.989997,0.67848,0.0,0.02152,0.0,0,1.0,0.0,1.0,0.0,0.0,0.0,0.0,0.0,0.0,0.0,0.0,0.0,0.0,0.0,0.0,0.0,0.0,0.0,0.0,0.0,0.0,0.0,0.0,0.0,0.0,0.0,1.0,1.25,0.089996337890625,0.16225839267548323,145.0,24.0,0.09116553,11.0,0.0,0.0,0.0,0.989997,0.67848,0.0,0.0,0.989997,0.0,0.0,0.0,0.0,0.0,0.0,0.0,0.0,0.0,0.0,0.0
qd_004,QuickDraw,flower,auto_evalrepair_r15_c20,line_text_skeleton,0.09439353,pass,0.09116553,11,0,0.0,0,0.989997,0.67848,0.0,0.02152,0.0,0,1.0,0.0,1.0,0.0,0.0,0.0,0.0,0.0,0.0,0.0,0.0,0.0,0.0,0.0,0.0,0.0,0.0,0.0,0.0,0.0,0.0,0.0,0.0,0.0,0.0,0.0,1.0,1.25,0.089996337890625,0.16225839267548323,145.0,24.0,0.09116553,11.0,0.0,0.0,0.0,0.989997,0.67848,0.0,0.0,0.989997,0.0,0.0,0.0,0.0,0.0,0.0,0.0,0.0,0.0,0.0,0.0
qd_004,QuickDraw,flower,mask_fill_rows16_c6,line_text_skeleton,0.43826971,hard_fail,0.37684251,172,30,0.0,0,0.999152,0.557152,0.0,0.142848,0.04,0,1.0,0.0,0.0,1.0,0.0,0.0,0.0,0.0,0.0,0.0,0.0,0.0,0.0,0.0,16.0,0.0,0.0,0.0,0.0,0.0,0.0,0.0,0.0,0.0,0.0,0.0,1.0,1.25,0.089996337890625,0.16225839267548323,145.0,24.0,0.37684251,172.0,30.0,0.0,0.0,0.999152,0.557152,0.0,0.0,0.0,0.999152,1.25,0.0,0.0,0.0,0.0,0.0,0.0,0.0,0.0,0.0
qd_004,QuickDraw,flower,mask_fill_edgewalk_rows16_p40,line_text_skeleton,0.44969115,hard_fail,0.37314545,117,25,0.5303,0,0.999152,0.456362,0.0,0.243638,0.04,0,1.0,0.0,0.0,1.0,1.0,0.0,0.0,0.0,0.0,0.0,0.0,0.0,0.0,0.0,16.0,40.0,0.0,0.0,0.0,0.0,0.0,0.0,0.0,0.0,0.0,0.0,1.0,1.25,0.089996337890625,0.16225839267548323,145.0,24.0,0.37314545,117.0,25.0,0.5303,0.0,0.999152,0.456362,0.0,0.0,0.0,0.999152,1.25,0.999152,0.0,0.0,0.0,0.0,0.0,0.0,0.0,0.0
qd_004,QuickDraw,flower,mask_fill_edgewalk_nearestrow_rows16_p40,line_text_skeleton,0.11910548,excellent,0.08963738,10,1,0.0,0,0.999152,0.503546,0.0,0.196454,0.0,0,1.0,0.0,0.0,1.0,1.0,1.0,1.0,0.0,0.0,0.0,0.0,0.0,0.0,0.0,16.0,40.0,0.0,0.0,0.0,0.0,0.0,0.0,0.0,0.0,0.0,0.0,1.0,1.25,0.089996337890625,0.16225839267548323,145.0,24.0,0.08963738,10.0,1.0,0.0,0.0,0.999152,0.503546,0.0,0.0,0.0,0.999152,1.25,0.999152,0.999152,0.089996337890625,0.0,0.0,0.0,0.0,0.0,0.0
qd_004,QuickDraw,flower,mask_fill_edgewalk_nearestrow_inset1_rows16_p40,line_text_skeleton,0.14193114,pass,0.12871089,14,2,0.0,0,0.986267,0.611865,0.0,0.088135,0.0,0,1.0,0.0,0.0,1.0,1.0,1.0,0.0,1.0,1.0,0.0,1.0,0.0,0.0,0.0,16.0,40.0,0.0,0.0,0.0,0.0,0.0,0.0,0.0,0.0,0.0,0.0,1.0,1.25,0.089996337890625,0.16225839267548323,145.0,24.0,0.12871089,14.0,2.0,0.0,0.0,0.986267,0.611865,0.0,0.0,0.0,0.986267,1.25,0.986267,0.986267,0.089996337890625,0.089996337890625,0.0,0.0,0.0,0.0,0.0
qd_004,QuickDraw,flower,mask_fill_edgewalk_nearestrow_inset2_rows16_p40,line_text_skeleton,0.10361583,pass,0.10361583,11,2,0.0,0,0.931333,0.710608,0.0,0.0,0.0,0,1.0,0.0,0.0,1.0,1.0,1.0,0.0,1.0,0.0,1.0,2.0,0.0,0.0,0.0,16.0,40.0,0.0,0.0,0.0,0.0,0.0,0.0,0.0,0.0,0.0,0.0,1.0,1.25,0.089996337890625,0.16225839267548323,145.0,24.0,0.10361583,11.0,2.0,0.0,0.0,0.931333,0.710608,0.0,0.0,0.0,0.931333,1.25,0.931333,0.931333,0.089996337890625,0.089996337890625,0.089996337890625,0.0,0.0,0.0,0.0
qd_004,QuickDraw,flower,mask_fill_edgewalk_nearestrow_adapt_t3_m6_rows16_p40,line_text_skeleton,0.13462811,pass,0.13462811,14,3,0.0,0,0.942862,0.706787,0.0,0.0,0.0,0,1.0,0.0,0.0,1.0,1.0,1.0,0.0,0.0,0.0,0.0,0.0,1.0,3.0,6.0,16.0,40.0,0.0,0.0,0.0,0.0,0.0,0.0,0.0,0.0,0.0,0.0,1.0,1.25,0.089996337890625,0.16225839267548323,145.0,24.0,0.13462811,14.0,3.0,0.0,0.0,0.942862,0.706787,0.0,0.0,0.0,0.942862,1.25,0.942862,0.942862,0.089996337890625,0.0,0.0,0.089996337890625,0.16225839267548323,0.0,0.0
qd_004,QuickDraw,flower,mask_fill_edgewalk_nearestrow_adapt_t4_m8_rows16_p40,line_text_skeleton,0.1422946,pass,0.12870895,14,2,0.0,0,0.986267,0.609429,0.0,0.090571,0.0,0,1.0,0.0,0.0,1.0,1.0,1.0,0.0,0.0,0.0,0.0,0.0,1.0,4.0,8.0,16.0,40.0,0.0,0.0,0.0,0.0,0.0,0.0,0.0,0.0,0.0,0.0,1.0,1.25,0.089996337890625,0.16225839267548323,145.0,24.0,0.12870895,14.0,2.0,0.0,0.0,0.986267,0.609429,0.0,0.0,0.0,0.986267,1.25,0.986267,0.986267,0.089996337890625,0.0,0.0,0.089996337890625,0.16225839267548323,0.0,0.0
qd_004,QuickDraw,flower,mask_fill_edgewalk_nearestrow_adapt_t2_m5_rows16_p40,line_text_skeleton,0.13462811,pass,0.13462811,14,3,0.0,0,0.942862,0.706787,0.0,0.0,0.0,0,1.0,0.0,0.0,1.0,1.0,1.0,0.0,0.0,0.0,0.0,0.0,1.0,2.0,5.0,16.0,40.0,0.0,0.0,0.0,0.0,0.0,0.0,0.0,0.0,0.0,0.0,1.0,1.25,0.089996337890625,0.16225839267548323,145.0,24.0,0.13462811,14.0,3.0,0.0,0.0,0.942862,0.706787,0.0,0.0,0.0,0.942862,1.25,0.942862,0.942862,0.089996337890625,0.0,0.0,0.089996337890625,0.16225839267548323,0.0,0.0
qd_004,QuickDraw,flower,outline_ext_in3,line_text_skeleton,0.45056895,hard_fail,0.3735704,118,25,0.5303,0,0.999152,0.453343,0.0,0.246657,0.04,0,1.0,0.0,0.0,0.0,0.0,0.0,0.0,0.0,0.0,0.0,0.0,0.0,0.0,0.0,0.0,0.0,0.0,1.0,0.0,0.0,0.0,0.0,0.0,0.0,0.0,0.0,1.0,1.25,0.089996337890625,0.16225839267548323,145.0,24.0,0.3735704,118.0,25.0,0.5303,0.0,0.999152,0.453343,0.0,0.0,0.0,0.0,0.0,0.0,0.0,0.0,0.0,0.0,0.0,0.0,0.0,0.0
qd_004,QuickDraw,flower,styleaware,line_text_skeleton,0.34580513,hard_fail,0.28243183,45,11,0.0,0,0.992031,0.544178,0.0,0.155822,0.04,0,1.0,0.0,0.0,0.0,0.0,0.0,0.0,0.0,0.0,0.0,0.0,0.0,0.0,0.0,0.0,0.0,1.0,0.0,0.0,0.0,0.0,0.0,0.0,0.0,0.0,0.0,1.0,1.25,0.089996337890625,0.16225839267548323,145.0,24.0,0.28243183,45.0,11.0,0.0,0.0,0.992031,0.544178,0.0,0.0,0.0,0.0,0.0,0.0,0.0,0.0,0.0,0.0,0.0,0.0,0.992031,1.25
qd_004,QuickDraw,flower,satin,line_text_skeleton,0.44969115,hard_fail,0.37314545,117,25,0.5303,0,0.999152,0.456362,0.0,0.243638,0.04,0,1.0,0.0,0.0,0.0,0.0,0.0,0.0,0.0,0.0,0.0,0.0,0.0,0.0,0.0,0.0,0.0,0.0,0.0,1.0,0.0,0.0,0.0,0.0,0.0,0.0,0.0,1.0,1.25,0.089996337890625,0.16225839267548323,145.0,24.0,0.37314545,117.0,25.0,0.5303,0.0,0.999152,0.456362,0.0,0.0,0.0,0.0,0.0,0.0,0.0,0.0,0.0,0.0,0.0,0.0,0.0,0.0
qd_004,QuickDraw,flower,satinrail,line_text_skeleton,0.44969115,hard_fail,0.37314545,117,25,0.5303,0,0.999152,0.456362,0.0,0.243638,0.04,0,1.0,0.0,0.0,0.0,0.0,0.0,0.0,0.0,0.0,0.0,0.0,0.0,0.0,0.0,0.0,0.0,0.0,0.0,1.0,1.0,0.0,0.0,0.0,0.0,0.0,0.0,1.0,1.25,0.089996337890625,0.16225839267548323,145.0,24.0,0.37314545,117.0,25.0,0.5303,0.0,0.999152,0.456362,0.0,0.0,0.0,0.0,0.0,0.0,0.0,0.0,0.0,0.0,0.0,0.0,0.0,0.0
qd_004,QuickDraw,flower,dtsatin,line_text_skeleton,0.44969115,hard_fail,0.37314545,117,25,0.5303,0,0.999152,0.456362,0.0,0.243638,0.04,0,1.0,0.0,0.0,0.0,0.0,0.0,0.0,0.0,0.0,0.0,0.0,0.0,0.0,0.0,0.0,0.0,0.0,0.0,1.0,0.0,1.0,0.0,0.0,0.0,0.0,0.0,1.0,1.25,0.089996337890625,0.16225839267548323,145.0,24.0,0.37314545,117.0,25.0,0.5303,0.0,0.999152,0.456362,0.0,0.0,0.0,0.0,0.0,0.0,0.0,0.0,0.0,0.0,0.0,0.0,0.0,0.0
qd_005,QuickDraw,bicycle,skeleton_c20_m4,line_text_skeleton,0.05068091,excellent,0.04719641,5,1,0.0,0,0.989125,0.67677,0.0,0.02323,0.0,0,1.0,1.0,0.0,0.0,0.0,0.0,0.0,0.0,0.0,0.0,0.0,0.0,0.0,0.0,0.0,0.0,0.0,0.0,0.0,0.0,0.0,0.0,0.0,0.0,0.0,0.0,1.0,1.25,0.11505126953125,0.16273209549071618,161.0,32.0,0.04719641,5.0,1.0,0.0,0.0,0.989125,0.67677,1.25,0.989125,0.0,0.0,0.0,0.0,0.0,0.0,0.0,0.0,0.0,0.0,0.0,0.0
qd_005,QuickDraw,bicycle,skeleton_c30_m4,line_text_skeleton,0.02216811,excellent,0.01639641,2,0,0.0,0,0.989125,0.661522,0.0,0.038478,0.0,1,1.0,1.0,0.0,0.0,0.0,0.0,0.0,0.0,0.0,0.0,0.0,0.0,0.0,0.0,0.0,0.0,0.0,0.0,0.0,0.0,0.0,0.0,0.0,0.0,0.0,0.0,1.0,1.25,0.11505126953125,0.16273209549071618,161.0,32.0,0.01639641,2.0,0.0,0.0,0.0,0.989125,0.661522,1.25,0.989125,0.0,0.0,0.0,0.0,0.0,0.0,0.0,0.0,0.0,0.0,0.0,0.0
qd_005,QuickDraw,bicycle,skeleton_c30_m8,line_text_skeleton,0.03893294,excellent,0.03318209,4,0,0.0,0,0.958355,0.661661,0.0,0.038339,0.0,0,1.0,1.0,0.0,0.0,0.0,0.0,0.0,0.0,0.0,0.0,0.0,0.0,0.0,0.0,0.0,0.0,0.0,0.0,0.0,0.0,0.0,0.0,0.0,0.0,0.0,0.0,1.0,1.25,0.11505126953125,0.16273209549071618,161.0,32.0,0.03318209,4.0,0.0,0.0,0.0,0.958355,0.661661,1.25,0.958355,0.0,0.0,0.0,0.0,0.0,0.0,0.0,0.0,0.0,0.0,0.0,0.0
qd_005,QuickDraw,bicycle,skeleton_c30_m12,line_text_skeleton,0.08385985,excellent,0.07769575,6,0,1.2445,0,0.923342,0.658906,0.0,0.041094,0.0,0,1.0,1.0,0.0,0.0,0.0,0.0,0.0,0.0,0.0,0.0,0.0,0.0,0.0,0.0,0.0,0.0,0.0,0.0,0.0,0.0,0.0,0.0,0.0,0.0,0.0,0.0,1.0,1.25,0.11505126953125,0.16273209549071618,161.0,32.0,0.07769575,6.0,0.0,1.2445,0.0,0.923342,0.658906,1.25,0.923342,0.0,0.0,0.0,0.0,0.0,0.0,0.0,0.0,0.0,0.0,0.0,0.0
qd_005,QuickDraw,bicycle,skeleton_c30_m20,line_text_skeleton,0.09954597,pass,0.09738897,11,1,0.0,0,0.879576,0.68562,0.0,0.01438,0.0,0,1.0,1.0,0.0,0.0,0.0,0.0,0.0,0.0,0.0,0.0,0.0,0.0,0.0,0.0,0.0,0.0,0.0,0.0,0.0,0.0,0.0,0.0,0.0,0.0,0.0,0.0,1.0,1.25,0.11505126953125,0.16273209549071618,161.0,32.0,0.09738897,11.0,1.0,0.0,0.0,0.879576,0.68562,1.25,0.879576,0.0,0.0,0.0,0.0,0.0,0.0,0.0,0.0,0.0,0.0,0.0,0.0
qd_005,QuickDraw,bicycle,auto_evalrepair_r10_c20,line_text_skeleton,0.05068091,excellent,0.04719641,5,1,0.0,0,0.989125,0.67677,0.0,0.02323,0.0,0,1.0,0.0,1.0,0.0,0.0,0.0,0.0,0.0,0.0,0.0,0.0,0.0,0.0,0.0,0.0,0.0,0.0,0.0,0.0,0.0,0.0,0.0,0.0,0.0,0.0,0.0,1.0,1.25,0.11505126953125,0.16273209549071618,161.0,32.0,0.04719641,5.0,1.0,0.0,0.0,0.989125,0.67677,0.0,0.0,0.989125,0.0,0.0,0.0,0.0,0.0,0.0,0.0,0.0,0.0,0.0,0.0
qd_005,QuickDraw,bicycle,auto_evalrepair_r15_c20,line_text_skeleton,0.05068091,excellent,0.04719641,5,1,0.0,0,0.989125,0.67677,0.0,0.02323,0.0,0,1.0,0.0,1.0,0.0,0.0,0.0,0.0,0.0,0.0,0.0,0.0,0.0,0.0,0.0,0.0,0.0,0.0,0.0,0.0,0.0,0.0,0.0,0.0,0.0,0.0,0.0,1.0,1.25,0.11505126953125,0.16273209549071618,161.0,32.0,0.04719641,5.0,1.0,0.0,0.0,0.989125,0.67677,0.0,0.0,0.989125,0.0,0.0,0.0,0.0,0.0,0.0,0.0,0.0,0.0,0.0,0.0
qd_005,QuickDraw,bicycle,mask_fill_rows16_c6,line_text_skeleton,0.45597995,hard_fail,0.4,352,53,0.0,0,1.0,0.593467,0.0,0.106533,0.04,0,1.0,0.0,0.0,1.0,0.0,0.0,0.0,0.0,0.0,0.0,0.0,0.0,0.0,0.0,16.0,0.0,0.0,0.0,0.0,0.0,0.0,0.0,0.0,0.0,0.0,0.0,1.0,1.25,0.11505126953125,0.16273209549071618,161.0,32.0,0.4,352.0,53.0,0.0,0.0,1.0,0.593467,0.0,0.0,0.0,1.0,1.25,0.0,0.0,0.0,0.0,0.0,0.0,0.0,0.0,0.0
qd_005,QuickDraw,bicycle,mask_fill_edgewalk_rows16_p40,line_text_skeleton,0.47691665,hard_fail,0.4,254,47,0.0,0,1.0,0.453889,0.0,0.246111,0.04,0,1.0,0.0,0.0,1.0,1.0,0.0,0.0,0.0,0.0,0.0,0.0,0.0,0.0,0.0,16.0,40.0,0.0,0.0,0.0,0.0,0.0,0.0,0.0,0.0,0.0,0.0,1.0,1.25,0.11505126953125,0.16273209549071618,161.0,32.0,0.4,254.0,47.0,0.0,0.0,1.0,0.453889,0.0,0.0,0.0,1.0,1.25,1.0,0.0,0.0,0.0,0.0,0.0,0.0,0.0,0.0
qd_005,QuickDraw,bicycle,mask_fill_edgewalk_nearestrow_rows16_p40,line_text_skeleton,0.14078548,pass,0.12055543,13,2,0.0,0,1.0,0.565133,0.0,0.134867,0.0,0,1.0,0.0,0.0,1.0,1.0,1.0,1.0,0.0,0.0,0.0,0.0,0.0,0.0,0.0,16.0,40.0,0.0,0.0,0.0,0.0,0.0,0.0,0.0,0.0,0.0,0.0,1.0,1.25,0.11505126953125,0.16273209549071618,161.0,32.0,0.12055543,13.0,2.0,0.0,0.0,1.0,0.565133,0.0,0.0,0.0,1.0,1.25,1.0,1.0,0.11505126953125,0.0,0.0,0.0,0.0,0.0,0.0
qd_005,QuickDraw,bicycle,mask_fill_edgewalk_nearestrow_inset1_rows16_p40,line_text_skeleton,0.08707152,excellent,0.07267287,8,1,0.0,0,0.983156,0.604009,0.0,0.095991,0.0,0,1.0,0.0,0.0,1.0,1.0,1.0,0.0,1.0,1.0,0.0,1.0,0.0,0.0,0.0,16.0,40.0,0.0,0.0,0.0,0.0,0.0,0.0,0.0,0.0,0.0,0.0,1.0,1.25,0.11505126953125,0.16273209549071618,161.0,32.0,0.07267287,8.0,1.0,0.0,0.0,0.983156,0.604009,0.0,0.0,0.0,0.983156,1.25,0.983156,0.983156,0.11505126953125,0.11505126953125,0.0,0.0,0.0,0.0,0.0
qd_005,QuickDraw,bicycle,mask_fill_edgewalk_nearestrow_inset2_rows16_p40,line_text_skeleton,0.07272604,excellent,0.07272604,8,1,0.0,0,0.96061,0.715005,0.0,0.0,0.0,0,1.0,0.0,0.0,1.0,1.0,1.0,0.0,1.0,0.0,1.0,2.0,0.0,0.0,0.0,16.0,40.0,0.0,0.0,0.0,0.0,0.0,0.0,0.0,0.0,0.0,0.0,1.0,1.25,0.11505126953125,0.16273209549071618,161.0,32.0,0.07272604,8.0,1.0,0.0,0.0,0.96061,0.715005,0.0,0.0,0.0,0.96061,1.25,0.96061,0.96061,0.11505126953125,0.11505126953125,0.11505126953125,0.0,0.0,0.0,0.0
qd_005,QuickDraw,bicycle,mask_fill_edgewalk_nearestrow_adapt_t3_m6_rows16_p40,line_text_skeleton,0.07272604,excellent,0.07272604,8,1,0.0,0,0.96061,0.715005,0.0,0.0,0.0,0,1.0,0.0,0.0,1.0,1.0,1.0,0.0,0.0,0.0,0.0,0.0,1.0,3.0,6.0,16.0,40.0,0.0,0.0,0.0,0.0,0.0,0.0,0.0,0.0,0.0,0.0,1.0,1.25,0.11505126953125,0.16273209549071618,161.0,32.0,0.07272604,8.0,1.0,0.0,0.0,0.96061,0.715005,0.0,0.0,0.0,0.96061,1.25,0.96061,0.96061,0.11505126953125,0.0,0.0,0.11505126953125,0.16273209549071618,0.0,0.0
qd_005,QuickDraw,bicycle,mask_fill_edgewalk_nearestrow_adapt_t4_m8_rows16_p40,line_text_skeleton,0.07272604,excellent,0.07272604,8,1,0.0,0,0.96061,0.715005,0.0,0.0,0.0,0,1.0,0.0,0.0,1.0,1.0,1.0,0.0,0.0,0.0,0.0,0.0,1.0,4.0,8.0,16.0,40.0,0.0,0.0,0.0,0.0,0.0,0.0,0.0,0.0,0.0,0.0,1.0,1.25,0.11505126953125,0.16273209549071618,161.0,32.0,0.07272604,8.0,1.0,0.0,0.0,0.96061,0.715005,0.0,0.0,0.0,0.96061,1.25,0.96061,0.96061,0.11505126953125,0.0,0.0,0.11505126953125,0.16273209549071618,0.0,0.0
qd_005,QuickDraw,bicycle,mask_fill_edgewalk_nearestrow_adapt_t2_m5_rows16_p40,line_text_skeleton,0.07272604,excellent,0.07272604,8,1,0.0,0,0.96061,0.715005,0.0,0.0,0.0,0,1.0,0.0,0.0,1.0,1.0,1.0,0.0,0.0,0.0,0.0,0.0,1.0,2.0,5.0,16.0,40.0,0.0,0.0,0.0,0.0,0.0,0.0,0.0,0.0,0.0,0.0,1.0,1.25,0.11505126953125,0.16273209549071618,161.0,32.0,0.07272604,8.0,1.0,0.0,0.0,0.96061,0.715005,0.0,0.0,0.0,0.96061,1.25,0.96061,0.96061,0.11505126953125,0.0,0.0,0.11505126953125,0.16273209549071618,0.0,0.0
qd_005,QuickDraw,bicycle,outline_ext_in3,line_text_skeleton,0.4770272,hard_fail,0.4,270,50,0.0,0,1.0,0.453152,0.0,0.246848,0.04,0,1.0,0.0,0.0,0.0,0.0,0.0,0.0,0.0,0.0,0.0,0.0,0.0,0.0,0.0,0.0,0.0,0.0,1.0,0.0,0.0,0.0,0.0,0.0,0.0,0.0,0.0,1.0,1.25,0.11505126953125,0.16273209549071618,161.0,32.0,0.4,270.0,50.0,0.0,0.0,1.0,0.453152,0.0,0.0,0.0,0.0,0.0,0.0,0.0,0.0,0.0,0.0,0.0,0.0,0.0,0.0
qd_005,QuickDraw,bicycle,styleaware,line_text_skeleton,0.37899017,hard_fail,0.32006122,83,15,0.0,0,0.969231,0.573807,0.0,0.126193,0.04,0,1.0,0.0,0.0,0.0,0.0,0.0,0.0,0.0,0.0,0.0,0.0,0.0,0.0,0.0,0.0,0.0,1.0,0.0,0.0,0.0,0.0,0.0,0.0,0.0,0.0,0.0,1.0,1.25,0.11505126953125,0.16273209549071618,161.0,32.0,0.32006122,83.0,15.0,0.0,0.0,0.969231,0.573807,0.0,0.0,0.0,0.0,0.0,0.0,0.0,0.0,0.0,0.0,0.0,0.0,0.969231,1.25
qd_005,QuickDraw,bicycle,satin,line_text_skeleton,0.477068,hard_fail,0.4,254,47,0.0,0,1.0,0.45288,0.0,0.24712,0.04,0,1.0,0.0,0.0,0.0,0.0,0.0,0.0,0.0,0.0,0.0,0.0,0.0,0.0,0.0,0.0,0.0,0.0,0.0,1.0,0.0,0.0,0.0,0.0,0.0,0.0,0.0,1.0,1.25,0.11505126953125,0.16273209549071618,161.0,32.0,0.4,254.0,47.0,0.0,0.0,1.0,0.45288,0.0,0.0,0.0,0.0,0.0,0.0,0.0,0.0,0.0,0.0,0.0,0.0,0.0,0.0
qd_005,QuickDraw,bicycle,satinrail,line_text_skeleton,0.4769618,hard_fail,0.4,254,47,0.0,0,1.0,0.453588,0.0,0.246412,0.04,0,1.0,0.0,0.0,0.0,0.0,0.0,0.0,0.0,0.0,0.0,0.0,0.0,0.0,0.0,0.0,0.0,0.0,0.0,1.0,1.0,0.0,0.0,0.0,0.0,0.0,0.0,1.0,1.25,0.11505126953125,0.16273209549071618,161.0,32.0,0.4,254.0,47.0,0.0,0.0,1.0,0.453588,0.0,0.0,0.0,0.0,0.0,0.0,0.0,0.0,0.0,0.0,0.0,0.0,0.0,0.0
qd_005,QuickDraw,bicycle,dtsatin,line_text_skeleton,0.47691665,hard_fail,0.4,254,47,0.0,0,1.0,0.453889,0.0,0.246111,0.04,0,1.0,0.0,0.0,0.0,0.0,0.0,0.0,0.0,0.0,0.0,0.0,0.0,0.0,0.0,0.0,0.0,0.0,0.0,1.0,0.0,1.0,0.0,0.0,0.0,0.0,0.0,1.0,1.25,0.11505126953125,0.16273209549071618,161.0,32.0,0.4,254.0,47.0,0.0,0.0,1.0,0.453889,0.0,0.0,0.0,0.0,0.0,0.0,0.0,0.0,0.0,0.0,0.0,0.0,0.0,0.0
qd_006,QuickDraw,bird,skeleton_c20_m4,line_text_skeleton,0.1073629,pass,0.10584235,12,1,0.0,0,0.967362,0.689863,0.0,0.010137,0.0,0,1.0,1.0,0.0,0.0,0.0,0.0,0.0,0.0,0.0,0.0,0.0,0.0,0.0,0.0,0.0,0.0,0.0,0.0,0.0,0.0,0.0,0.0,0.0,0.0,0.0,0.0,1.0,1.25,0.09210205078125,0.17428760768721008,204.0,27.0,0.10584235,12.0,1.0,0.0,0.0,0.967362,0.689863,1.25,0.967362,0.0,0.0,0.0,0.0,0.0,0.0,0.0,0.0,0.0,0.0,0.0,0.0
qd_006,QuickDraw,bird,skeleton_c30_m4,line_text_skeleton,0.1073629,pass,0.10584235,12,1,0.0,0,0.967362,0.689863,0.0,0.010137,0.0,0,1.0,1.0,0.0,0.0,0.0,0.0,0.0,0.0,0.0,0.0,0.0,0.0,0.0,0.0,0.0,0.0,0.0,0.0,0.0,0.0,0.0,0.0,0.0,0.0,0.0,0.0,1.0,1.25,0.09210205078125,0.17428760768721008,204.0,27.0,0.10584235,12.0,1.0,0.0,0.0,0.967362,0.689863,1.25,0.967362,0.0,0.0,0.0,0.0,0.0,0.0,0.0,0.0,0.0,0.0,0.0,0.0
qd_006,QuickDraw,bird,skeleton_c30_m8,line_text_skeleton,0.08259368,excellent,0.08144543,9,1,0.0,0,0.957422,0.692345,0.0,0.007655,0.0,0,1.0,1.0,0.0,0.0,0.0,0.0,0.0,0.0,0.0,0.0,0.0,0.0,0.0,0.0,0.0,0.0,0.0,0.0,0.0,0.0,0.0,0.0,0.0,0.0,0.0,0.0,1.0,1.25,0.09210205078125,0.17428760768721008,204.0,27.0,0.08144543,9.0,1.0,0.0,0.0,0.957422,0.692345,1.25,0.957422,0.0,0.0,0.0,0.0,0.0,0.0,0.0,0.0,0.0,0.0,0.0,0.0
qd_006,QuickDraw,bird,skeleton_c30_m12,line_text_skeleton,0.09235846,excellent,0.08969386,10,1,0.0,0,0.89778,0.682236,0.0,0.017764,0.0,0,1.0,1.0,0.0,0.0,0.0,0.0,0.0,0.0,0.0,0.0,0.0,0.0,0.0,0.0,0.0,0.0,0.0,0.0,0.0,0.0,0.0,0.0,0.0,0.0,0.0,0.0,1.0,1.25,0.09210205078125,0.17428760768721008,204.0,27.0,0.08969386,10.0,1.0,0.0,0.0,0.89778,0.682236,1.25,0.89778,0.0,0.0,0.0,0.0,0.0,0.0,0.0,0.0,0.0,0.0,0.0,0.0
qd_006,QuickDraw,bird,skeleton_c30_m20,line_text_skeleton,0.12050185,pass,0.11495155,13,1,0.0,0,0.808317,0.662998,0.0,0.037002,0.0,0,1.0,1.0,0.0,0.0,0.0,0.0,0.0,0.0,0.0,0.0,0.0,0.0,0.0,0.0,0.0,0.0,0.0,0.0,0.0,0.0,0.0,0.0,0.0,0.0,0.0,0.0,1.0,1.25,0.09210205078125,0.17428760768721008,204.0,27.0,0.11495155,13.0,1.0,0.0,0.0,0.808317,0.662998,1.25,0.808317,0.0,0.0,0.0,0.0,0.0,0.0,0.0,0.0,0.0,0.0,0.0,0.0
qd_006,QuickDraw,bird,auto_evalrepair_r10_c20,line_text_skeleton,0.1073629,pass,0.10584235,12,1,0.0,0,0.967362,0.689863,0.0,0.010137,0.0,0,1.0,0.0,1.0,0.0,0.0,0.0,0.0,0.0,0.0,0.0,0.0,0.0,0.0,0.0,0.0,0.0,0.0,0.0,0.0,0.0,0.0,0.0,0.0,0.0,0.0,0.0,1.0,1.25,0.09210205078125,0.17428760768721008,204.0,27.0,0.10584235,12.0,1.0,0.0,0.0,0.967362,0.689863,0.0,0.0,0.967362,0.0,0.0,0.0,0.0,0.0,0.0,0.0,0.0,0.0,0.0,0.0
qd_006,QuickDraw,bird,auto_evalrepair_r15_c20,line_text_skeleton,0.1073629,pass,0.10584235,12,1,0.0,0,0.967362,0.689863,0.0,0.010137,0.0,0,1.0,0.0,1.0,0.0,0.0,0.0,0.0,0.0,0.0,0.0,0.0,0.0,0.0,0.0,0.0,0.0,0.0,0.0,0.0,0.0,0.0,0.0,0.0,0.0,0.0,0.0,1.0,1.25,0.09210205078125,0.17428760768721008,204.0,27.0,0.10584235,12.0,1.0,0.0,0.0,0.967362,0.689863,0.0,0.0,0.967362,0.0,0.0,0.0,0.0,0.0,0.0,0.0,0.0,0.0,0.0,0.0
qd_006,QuickDraw,bird,mask_fill_rows16_c6,line_text_skeleton,0.41922117,hard_fail,0.36248057,139,28,0.0,0,0.999669,0.588396,0.0,0.111604,0.04,0,1.0,0.0,0.0,1.0,0.0,0.0,0.0,0.0,0.0,0.0,0.0,0.0,0.0,0.0,16.0,0.0,0.0,0.0,0.0,0.0,0.0,0.0,0.0,0.0,0.0,0.0,1.0,1.25,0.09210205078125,0.17428760768721008,204.0,27.0,0.36248057,139.0,28.0,0.0,0.0,0.999669,0.588396,0.0,0.0,0.0,0.999669,1.25,0.0,0.0,0.0,0.0,0.0,0.0,0.0,0.0,0.0
qd_006,QuickDraw,bird,mask_fill_edgewalk_rows16_p40,line_text_skeleton,0.38480251,hard_fail,0.30220596,35,7,2.1404,0,0.999669,0.416023,0.0,0.283977,0.04,0,1.0,0.0,0.0,1.0,1.0,0.0,0.0,0.0,0.0,0.0,0.0,0.0,0.0,0.0,16.0,40.0,0.0,0.0,0.0,0.0,0.0,0.0,0.0,0.0,0.0,0.0,1.0,1.25,0.09210205078125,0.17428760768721008,204.0,27.0,0.30220596,35.0,7.0,2.1404,0.0,0.999669,0.416023,0.0,0.0,0.0,0.999669,1.25,0.999669,0.0,0.0,0.0,0.0,0.0,0.0,0.0,0.0
qd_006,QuickDraw,bird,mask_fill_edgewalk_nearestrow_rows16_p40,line_text_skeleton,0.12671811,pass,0.10343541,11,2,0.0,0,0.999669,0.544782,0.0,0.155218,0.0,0,1.0,0.0,0.0,1.0,1.0,1.0,1.0,0.0,0.0,0.0,0.0,0.0,0.0,0.0,16.0,40.0,0.0,0.0,0.0,0.0,0.0,0.0,0.0,0.0,0.0,0.0,1.0,1.25,0.09210205078125,0.17428760768721008,204.0,27.0,0.10343541,11.0,2.0,0.0,0.0,0.999669,0.544782,0.0,0.0,0.0,0.999669,1.25,0.999669,0.999669,0.09210205078125,0.0,0.0,0.0,0.0,0.0,0.0
qd_006,QuickDraw,bird,mask_fill_edgewalk_nearestrow_inset1_rows16_p40,line_text_skeleton,0.08941619,excellent,0.08104619,9,1,0.0,0,0.988072,0.6442,0.0,0.0558,0.0,0,1.0,0.0,0.0,1.0,1.0,1.0,0.0,1.0,1.0,0.0,1.0,0.0,0.0,0.0,16.0,40.0,0.0,0.0,0.0,0.0,0.0,0.0,0.0,0.0,0.0,0.0,1.0,1.25,0.09210205078125,0.17428760768721008,204.0,27.0,0.08104619,9.0,1.0,0.0,0.0,0.988072,0.6442,0.0,0.0,0.0,0.988072,1.25,0.988072,0.988072,0.09210205078125,0.09210205078125,0.0,0.0,0.0,0.0,0.0
qd_006,QuickDraw,bird,mask_fill_edgewalk_nearestrow_inset2_rows16_p40,line_text_skeleton,0.08168134,excellent,0.08105764,9,1,0.0,0,0.94831,0.695842,0.0,0.004158,0.0,1,1.0,0.0,0.0,1.0,1.0,1.0,0.0,1.0,0.0,1.0,2.0,0.0,0.0,0.0,16.0,40.0,0.0,0.0,0.0,0.0,0.0,0.0,0.0,0.0,0.0,0.0,1.0,1.25,0.09210205078125,0.17428760768721008,204.0,27.0,0.08105764,9.0,1.0,0.0,0.0,0.94831,0.695842,0.0,0.0,0.0,0.94831,1.25,0.94831,0.94831,0.09210205078125,0.09210205078125,0.09210205078125,0.0,0.0,0.0,0.0
qd_006,QuickDraw,bird,mask_fill_edgewalk_nearestrow_adapt_t3_m6_rows16_p40,line_text_skeleton,0.08310355,excellent,0.0810433,9,1,0.0,0,0.94947,0.686265,0.0,0.013735,0.0,0,1.0,0.0,0.0,1.0,1.0,1.0,0.0,0.0,0.0,0.0,0.0,1.0,3.0,6.0,16.0,40.0,0.0,0.0,0.0,0.0,0.0,0.0,0.0,0.0,0.0,0.0,1.0,1.25,0.09210205078125,0.17428760768721008,204.0,27.0,0.0810433,9.0,1.0,0.0,0.0,0.94947,0.686265,0.0,0.0,0.0,0.94947,1.25,0.94947,0.94947,0.09210205078125,0.0,0.0,0.09210205078125,0.17428760768721008,0.0,0.0
qd_006,QuickDraw,bird,mask_fill_edgewalk_nearestrow_adapt_t4_m8_rows16_p40,line_text_skeleton,0.08310355,excellent,0.0810433,9,1,0.0,0,0.94947,0.686265,0.0,0.013735,0.0,0,1.0,0.0,0.0,1.0,1.0,1.0,0.0,0.0,0.0,0.0,0.0,1.0,4.0,8.0,16.0,40.0,0.0,0.0,0.0,0.0,0.0,0.0,0.0,0.0,0.0,0.0,1.0,1.25,0.09210205078125,0.17428760768721008,204.0,27.0,0.0810433,9.0,1.0,0.0,0.0,0.94947,0.686265,0.0,0.0,0.0,0.94947,1.25,0.94947,0.94947,0.09210205078125,0.0,0.0,0.09210205078125,0.17428760768721008,0.0,0.0
qd_006,QuickDraw,bird,mask_fill_edgewalk_nearestrow_adapt_t2_m5_rows16_p40,line_text_skeleton,0.08168134,excellent,0.08105764,9,1,0.0,0,0.94831,0.695842,0.0,0.004158,0.0,0,1.0,0.0,0.0,1.0,1.0,1.0,0.0,0.0,0.0,0.0,0.0,1.0,2.0,5.0,16.0,40.0,0.0,0.0,0.0,0.0,0.0,0.0,0.0,0.0,0.0,0.0,1.0,1.25,0.09210205078125,0.17428760768721008,204.0,27.0,0.08105764,9.0,1.0,0.0,0.0,0.94831,0.695842,0.0,0.0,0.0,0.94831,1.25,0.94831,0.94831,0.09210205078125,0.0,0.0,0.09210205078125,0.17428760768721008,0.0,0.0
qd_006,QuickDraw,bird,outline_ext_in3,line_text_skeleton,0.3841806,hard_fail,0.30130145,34,7,2.1404,0,0.999669,0.414139,0.0,0.285861,0.04,0,1.0,0.0,0.0,0.0,0.0,0.0,0.0,0.0,0.0,0.0,0.0,0.0,0.0,0.0,0.0,0.0,0.0,1.0,0.0,0.0,0.0,0.0,0.0,0.0,0.0,0.0,1.0,1.25,0.09210205078125,0.17428760768721008,204.0,27.0,0.30130145,34.0,7.0,2.1404,0.0,0.999669,0.414139,0.0,0.0,0.0,0.0,0.0,0.0,0.0,0.0,0.0,0.0,0.0,0.0,0.0,0.0
qd_006,QuickDraw,bird,styleaware,line_text_skeleton,0.2781946,warning,0.25176535,25,5,0.5483,0,0.986083,0.523805,0.0,0.176195,0.0,0,1.0,0.0,0.0,0.0,0.0,0.0,0.0,0.0,0.0,0.0,0.0,0.0,0.0,0.0,0.0,0.0,1.0,0.0,0.0,0.0,0.0,0.0,0.0,0.0,0.0,0.0,1.0,1.25,0.09210205078125,0.17428760768721008,204.0,27.0,0.25176535,25.0,5.0,0.5483,0.0,0.986083,0.523805,0.0,0.0,0.0,0.0,0.0,0.0,0.0,0.0,0.0,0.0,0.0,0.0,0.986083,1.25
qd_006,QuickDraw,bird,satin,line_text_skeleton,0.39080736,hard_fail,0.30821081,35,8,2.1404,0,0.999669,0.416023,0.0,0.283977,0.04,0,1.0,0.0,0.0,0.0,0.0,0.0,0.0,0.0,0.0,0.0,0.0,0.0,0.0,0.0,0.0,0.0,0.0,0.0,1.0,0.0,0.0,0.0,0.0,0.0,0.0,0.0,1.0,1.25,0.09210205078125,0.17428760768721008,204.0,27.0,0.30821081,35.0,8.0,2.1404,0.0,0.999669,0.416023,0.0,0.0,0.0,0.0,0.0,0.0,0.0,0.0,0.0,0.0,0.0,0.0,0.0,0.0
qd_006,QuickDraw,bird,satinrail,line_text_skeleton,0.39082812,hard_fail,0.30823157,35,8,2.1404,0,0.999669,0.416023,0.0,0.283977,0.04,0,1.0,0.0,0.0,0.0,0.0,0.0,0.0,0.0,0.0,0.0,0.0,0.0,0.0,0.0,0.0,0.0,0.0,0.0,1.0,1.0,0.0,0.0,0.0,0.0,0.0,0.0,1.0,1.25,0.09210205078125,0.17428760768721008,204.0,27.0,0.30823157,35.0,8.0,2.1404,0.0,0.999669,0.416023,0.0,0.0,0.0,0.0,0.0,0.0,0.0,0.0,0.0,0.0,0.0,0.0,0.0,0.0
qd_006,QuickDraw,bird,dtsatin,line_text_skeleton,0.38480251,hard_fail,0.30220596,35,7,2.1404,0,0.999669,0.416023,0.0,0.283977,0.04,0,1.0,0.0,0.0,0.0,0.0,0.0,0.0,0.0,0.0,0.0,0.0,0.0,0.0,0.0,0.0,0.0,0.0,0.0,1.0,0.0,1.0,0.0,0.0,0.0,0.0,0.0,1.0,1.25,0.09210205078125,0.17428760768721008,204.0,27.0,0.30220596,35.0,7.0,2.1404,0.0,0.999669,0.416023,0.0,0.0,0.0,0.0,0.0,0.0,0.0,0.0,0.0,0.0,0.0,0.0,0.0,0.0
qd_007,QuickDraw,moon,skeleton_c20_m4,line_text_skeleton,0.2730031,hard_fail,0.2266731,26,3,0.0,0,0.995417,0.6578,0.0,0.0422,0.04,0,1.0,1.0,0.0,0.0,0.0,0.0,0.0,0.0,0.0,0.0,0.0,0.0,0.0,0.0,0.0,0.0,0.0,0.0,0.0,0.0,0.0,0.0,0.0,0.0,0.0,0.0,1.0,1.25,0.123199462890625,0.18640079266782264,230.0,27.0,0.2266731,26.0,3.0,0.0,0.0,0.995417,0.6578,1.25,0.995417,0.0,0.0,0.0,0.0,0.0,0.0,0.0,0.0,0.0,0.0,0.0,0.0
qd_007,QuickDraw,moon,skeleton_c30_m4,line_text_skeleton,0.2730031,hard_fail,0.2266731,26,3,0.0,0,0.995417,0.6578,0.0,0.0422,0.04,0,1.0,1.0,0.0,0.0,0.0,0.0,0.0,0.0,0.0,0.0,0.0,0.0,0.0,0.0,0.0,0.0,0.0,0.0,0.0,0.0,0.0,0.0,0.0,0.0,0.0,0.0,1.0,1.25,0.123199462890625,0.18640079266782264,230.0,27.0,0.2266731,26.0,3.0,0.0,0.0,0.995417,0.6578,1.25,0.995417,0.0,0.0,0.0,0.0,0.0,0.0,0.0,0.0,0.0,0.0,0.0,0.0
qd_007,QuickDraw,moon,skeleton_c30_m8,line_text_skeleton,0.23244523,warning,0.22582468,25,3,0.0,0,0.957394,0.655863,0.0,0.044137,0.0,0,1.0,1.0,0.0,0.0,0.0,0.0,0.0,0.0,0.0,0.0,0.0,0.0,0.0,0.0,0.0,0.0,0.0,0.0,0.0,0.0,0.0,0.0,0.0,0.0,0.0,0.0,1.0,1.25,0.123199462890625,0.18640079266782264,230.0,27.0,0.22582468,25.0,3.0,0.0,0.0,0.957394,0.655863,1.25,0.957394,0.0,0.0,0.0,0.0,0.0,0.0,0.0,0.0,0.0,0.0,0.0,0.0
qd_007,QuickDraw,moon,skeleton_c30_m12,line_text_skeleton,0.2319469,warning,0.22604065,25,3,0.0,0,0.952564,0.660625,0.0,0.039375,0.0,0,1.0,1.0,0.0,0.0,0.0,0.0,0.0,0.0,0.0,0.0,0.0,0.0,0.0,0.0,0.0,0.0,0.0,0.0,0.0,0.0,0.0,0.0,0.0,0.0,0.0,0.0,1.0,1.25,0.123199462890625,0.18640079266782264,230.0,27.0,0.22604065,25.0,3.0,0.0,0.0,0.952564,0.660625,1.25,0.952564,0.0,0.0,0.0,0.0,0.0,0.0,0.0,0.0,0.0,0.0,0.0,0.0
qd_007,QuickDraw,moon,skeleton_c30_m20,line_text_skeleton,0.19236944,warning,0.18653714,21,2,0.0,0,0.919866,0.661118,0.0,0.038882,0.0,0,1.0,1.0,0.0,0.0,0.0,0.0,0.0,0.0,0.0,0.0,0.0,0.0,0.0,0.0,0.0,0.0,0.0,0.0,0.0,0.0,0.0,0.0,0.0,0.0,0.0,0.0,1.0,1.25,0.123199462890625,0.18640079266782264,230.0,27.0,0.18653714,21.0,2.0,0.0,0.0,0.919866,0.661118,1.25,0.919866,0.0,0.0,0.0,0.0,0.0,0.0,0.0,0.0,0.0,0.0,0.0,0.0
qd_007,QuickDraw,moon,auto_evalrepair_r10_c20,line_text_skeleton,0.2730031,hard_fail,0.2266731,26,3,0.0,0,0.995417,0.6578,0.0,0.0422,0.04,0,1.0,0.0,1.0,0.0,0.0,0.0,0.0,0.0,0.0,0.0,0.0,0.0,0.0,0.0,0.0,0.0,0.0,0.0,0.0,0.0,0.0,0.0,0.0,0.0,0.0,0.0,1.0,1.25,0.123199462890625,0.18640079266782264,230.0,27.0,0.2266731,26.0,3.0,0.0,0.0,0.995417,0.6578,0.0,0.0,0.995417,0.0,0.0,0.0,0.0,0.0,0.0,0.0,0.0,0.0,0.0,0.0
qd_007,QuickDraw,moon,auto_evalrepair_r15_c20,line_text_skeleton,0.2730031,hard_fail,0.2266731,26,3,0.0,0,0.995417,0.6578,0.0,0.0422,0.04,0,1.0,0.0,1.0,0.0,0.0,0.0,0.0,0.0,0.0,0.0,0.0,0.0,0.0,0.0,0.0,0.0,0.0,0.0,0.0,0.0,0.0,0.0,0.0,0.0,0.0,0.0,1.0,1.25,0.123199462890625,0.18640079266782264,230.0,27.0,0.2266731,26.0,3.0,0.0,0.0,0.995417,0.6578,0.0,0.0,0.995417,0.0,0.0,0.0,0.0,0.0,0.0,0.0,0.0,0.0,0.0,0.0
qd_007,QuickDraw,moon,mask_fill_rows16_c6,line_text_skeleton,0.46275215,hard_fail,0.4,560,76,0.0,0,1.0,0.548319,0.0,0.151681,0.04,0,1.0,0.0,0.0,1.0,0.0,0.0,0.0,0.0,0.0,0.0,0.0,0.0,0.0,0.0,16.0,0.0,0.0,0.0,0.0,0.0,0.0,0.0,0.0,0.0,0.0,0.0,1.0,1.25,0.123199462890625,0.18640079266782264,230.0,27.0,0.4,560.0,76.0,0.0,0.0,1.0,0.548319,0.0,0.0,0.0,1.0,1.25,0.0,0.0,0.0,0.0,0.0,0.0,0.0,0.0,0.0
qd_007,QuickDraw,moon,mask_fill_edgewalk_rows16_p40,line_text_skeleton,0.4766843,hard_fail,0.4,486,72,0.0,0,1.0,0.455438,0.0,0.244562,0.04,0,1.0,0.0,0.0,1.0,1.0,0.0,0.0,0.0,0.0,0.0,0.0,0.0,0.0,0.0,16.0,40.0,0.0,0.0,0.0,0.0,0.0,0.0,0.0,0.0,0.0,0.0,1.0,1.25,0.123199462890625,0.18640079266782264,230.0,27.0,0.4,486.0,72.0,0.0,0.0,1.0,0.455438,0.0,0.0,0.0,1.0,1.25,1.0,0.0,0.0,0.0,0.0,0.0,0.0,0.0,0.0
qd_007,QuickDraw,moon,mask_fill_edgewalk_nearestrow_rows16_p40,line_text_skeleton,0.22514954,warning,0.19944119,21,4,0.0,0,1.0,0.528611,0.0,0.171389,0.0,0,1.0,0.0,0.0,1.0,1.0,1.0,1.0,0.0,0.0,0.0,0.0,0.0,0.0,0.0,16.0,40.0,0.0,0.0,0.0,0.0,0.0,0.0,0.0,0.0,0.0,0.0,1.0,1.25,0.123199462890625,0.18640079266782264,230.0,27.0,0.19944119,21.0,4.0,0.0,0.0,1.0,0.528611,0.0,0.0,0.0,1.0,1.25,1.0,1.0,0.123199462890625,0.0,0.0,0.0,0.0,0.0,0.0
qd_007,QuickDraw,moon,mask_fill_edgewalk_nearestrow_inset1_rows16_p40,line_text_skeleton,0.15688845,pass,0.1429188,15,3,0.0,0,0.989225,0.606869,0.0,0.093131,0.0,0,1.0,0.0,0.0,1.0,1.0,1.0,0.0,1.0,1.0,0.0,1.0,0.0,0.0,0.0,16.0,40.0,0.0,0.0,0.0,0.0,0.0,0.0,0.0,0.0,0.0,0.0,1.0,1.25,0.123199462890625,0.18640079266782264,230.0,27.0,0.1429188,15.0,3.0,0.0,0.0,0.989225,0.606869,0.0,0.0,0.0,0.989225,1.25,0.989225,0.989225,0.123199462890625,0.123199462890625,0.0,0.0,0.0,0.0,0.0
qd_007,QuickDraw,moon,mask_fill_edgewalk_nearestrow_inset2_rows16_p40,line_text_skeleton,0.13462299,pass,0.12888579,14,2,0.0,0,0.933862,0.661752,0.0,0.038248,0.0,1,1.0,0.0,0.0,1.0,1.0,1.0,0.0,1.0,0.0,1.0,2.0,0.0,0.0,0.0,16.0,40.0,0.0,0.0,0.0,0.0,0.0,0.0,0.0,0.0,0.0,0.0,1.0,1.25,0.123199462890625,0.18640079266782264,230.0,27.0,0.12888579,14.0,2.0,0.0,0.0,0.933862,0.661752,0.0,0.0,0.0,0.933862,1.25,0.933862,0.933862,0.123199462890625,0.123199462890625,0.123199462890625,0.0,0.0,0.0,0.0
qd_007,QuickDraw,moon,mask_fill_edgewalk_nearestrow_adapt_t3_m6_rows16_p40,line_text_skeleton,0.1507978,pass,0.1429336,15,3,0.0,0,0.974486,0.647572,0.0,0.052428,0.0,0,1.0,0.0,0.0,1.0,1.0,1.0,0.0,0.0,0.0,0.0,0.0,1.0,3.0,6.0,16.0,40.0,0.0,0.0,0.0,0.0,0.0,0.0,0.0,0.0,0.0,0.0,1.0,1.25,0.123199462890625,0.18640079266782264,230.0,27.0,0.1429336,15.0,3.0,0.0,0.0,0.974486,0.647572,0.0,0.0,0.0,0.974486,1.25,0.974486,0.974486,0.123199462890625,0.0,0.0,0.123199462890625,0.18640079266782264,0.0,0.0
qd_007,QuickDraw,moon,mask_fill_edgewalk_nearestrow_adapt_t4_m8_rows16_p40,line_text_skeleton,0.15688845,pass,0.1429188,15,3,0.0,0,0.989225,0.606869,0.0,0.093131,0.0,0,1.0,0.0,0.0,1.0,1.0,1.0,0.0,0.0,0.0,0.0,0.0,1.0,4.0,8.0,16.0,40.0,0.0,0.0,0.0,0.0,0.0,0.0,0.0,0.0,0.0,0.0,1.0,1.25,0.123199462890625,0.18640079266782264,230.0,27.0,0.1429188,15.0,3.0,0.0,0.0,0.989225,0.606869,0.0,0.0,0.0,0.989225,1.25,0.989225,0.989225,0.123199462890625,0.0,0.0,0.123199462890625,0.18640079266782264,0.0,0.0
qd_007,QuickDraw,moon,mask_fill_edgewalk_nearestrow_adapt_t2_m5_rows16_p40,line_text_skeleton,0.1507978,pass,0.1429336,15,3,0.0,0,0.974486,0.647572,0.0,0.052428,0.0,0,1.0,0.0,0.0,1.0,1.0,1.0,0.0,0.0,0.0,0.0,0.0,1.0,2.0,5.0,16.0,40.0,0.0,0.0,0.0,0.0,0.0,0.0,0.0,0.0,0.0,0.0,1.0,1.25,0.123199462890625,0.18640079266782264,230.0,27.0,0.1429336,15.0,3.0,0.0,0.0,0.974486,0.647572,0.0,0.0,0.0,0.974486,1.25,0.974486,0.974486,0.123199462890625,0.0,0.0,0.123199462890625,0.18640079266782264,0.0,0.0
qd_007,QuickDraw,moon,outline_ext_in3,line_text_skeleton,0.4766882,hard_fail,0.4,500,74,0.0,0,1.0,0.455412,0.0,0.244588,0.04,0,1.0,0.0,0.0,0.0,0.0,0.0,0.0,0.0,0.0,0.0,0.0,0.0,0.0,0.0,0.0,0.0,0.0,1.0,0.0,0.0,0.0,0.0,0.0,0.0,0.0,0.0,1.0,1.25,0.123199462890625,0.18640079266782264,230.0,27.0,0.4,500.0,74.0,0.0,0.0,1.0,0.455412,0.0,0.0,0.0,0.0,0.0,0.0,0.0,0.0,0.0,0.0,0.0,0.0,0.0,0.0
qd_007,QuickDraw,moon,styleaware,line_text_skeleton,0.34559212,hard_fail,0.29787402,69,12,0.0,0,0.991454,0.648546,0.0,0.051454,0.04,0,1.0,0.0,0.0,0.0,0.0,0.0,0.0,0.0,0.0,0.0,0.0,0.0,0.0,0.0,0.0,0.0,1.0,0.0,0.0,0.0,0.0,0.0,0.0,0.0,0.0,0.0,1.0,1.25,0.123199462890625,0.18640079266782264,230.0,27.0,0.29787402,69.0,12.0,0.0,0.0,0.991454,0.648546,0.0,0.0,0.0,0.0,0.0,0.0,0.0,0.0,0.0,0.0,0.0,0.0,0.991454,1.25
qd_007,QuickDraw,moon,satin,line_text_skeleton,0.4766843,hard_fail,0.4,486,72,0.0,0,1.0,0.455438,0.0,0.244562,0.04,0,1.0,0.0,0.0,0.0,0.0,0.0,0.0,0.0,0.0,0.0,0.0,0.0,0.0,0.0,0.0,0.0,0.0,0.0,1.0,0.0,0.0,0.0,0.0,0.0,0.0,0.0,1.0,1.25,0.123199462890625,0.18640079266782264,230.0,27.0,0.4,486.0,72.0,0.0,0.0,1.0,0.455438,0.0,0.0,0.0,0.0,0.0,0.0,0.0,0.0,0.0,0.0,0.0,0.0,0.0,0.0
qd_007,QuickDraw,moon,satinrail,line_text_skeleton,0.4766843,hard_fail,0.4,486,72,0.0,0,1.0,0.455438,0.0,0.244562,0.04,0,1.0,0.0,0.0,0.0,0.0,0.0,0.0,0.0,0.0,0.0,0.0,0.0,0.0,0.0,0.0,0.0,0.0,0.0,1.0,1.0,0.0,0.0,0.0,0.0,0.0,0.0,1.0,1.25,0.123199462890625,0.18640079266782264,230.0,27.0,0.4,486.0,72.0,0.0,0.0,1.0,0.455438,0.0,0.0,0.0,0.0,0.0,0.0,0.0,0.0,0.0,0.0,0.0,0.0,0.0,0.0
qd_007,QuickDraw,moon,dtsatin,line_text_skeleton,0.4766843,hard_fail,0.4,486,72,0.0,0,1.0,0.455438,0.0,0.244562,0.04,0,1.0,0.0,0.0,0.0,0.0,0.0,0.0,0.0,0.0,0.0,0.0,0.0,0.0,0.0,0.0,0.0,0.0,0.0,1.0,0.0,1.0,0.0,0.0,0.0,0.0,0.0,1.0,1.25,0.123199462890625,0.18640079266782264,230.0,27.0,0.4,486.0,72.0,0.0,0.0,1.0,0.455438,0.0,0.0,0.0,0.0,0.0,0.0,0.0,0.0,0.0,0.0,0.0,0.0,0.0,0.0
qd_008,QuickDraw,star,skeleton_c20_m4,line_text_skeleton,0.11641339,pass,0.11241589,12,2,0.0,0,0.995764,0.67335,0.0,0.02665,0.0,0,1.0,1.0,0.0,0.0,0.0,0.0,0.0,0.0,0.0,0.0,0.0,0.0,0.0,0.0,0.0,0.0,0.0,0.0,0.0,0.0,0.0,0.0,0.0,0.0,0.0,0.0,1.0,1.25,0.090057373046875,0.17129786513046424,374.0,11.0,0.11241589,12.0,2.0,0.0,0.0,0.995764,0.67335,1.25,0.995764,0.0,0.0,0.0,0.0,0.0,0.0,0.0,0.0,0.0,0.0,0.0,0.0
qd_008,QuickDraw,star,skeleton_c30_m4,line_text_skeleton,0.11641339,pass,0.11241589,12,2,0.0,0,0.995764,0.67335,0.0,0.02665,0.0,0,1.0,1.0,0.0,0.0,0.0,0.0,0.0,0.0,0.0,0.0,0.0,0.0,0.0,0.0,0.0,0.0,0.0,0.0,0.0,0.0,0.0,0.0,0.0,0.0,0.0,0.0,1.0,1.25,0.090057373046875,0.17129786513046424,374.0,11.0,0.11241589,12.0,2.0,0.0,0.0,0.995764,0.67335,1.25,0.995764,0.0,0.0,0.0,0.0,0.0,0.0,0.0,0.0,0.0,0.0,0.0,0.0
qd_008,QuickDraw,star,skeleton_c30_m8,line_text_skeleton,0.13325391,pass,0.12903111,14,2,0.0,0,0.988648,0.671848,0.0,0.028152,0.0,0,1.0,1.0,0.0,0.0,0.0,0.0,0.0,0.0,0.0,0.0,0.0,0.0,0.0,0.0,0.0,0.0,0.0,0.0,0.0,0.0,0.0,0.0,0.0,0.0,0.0,0.0,1.0,1.25,0.090057373046875,0.17129786513046424,374.0,11.0,0.12903111,14.0,2.0,0.0,0.0,0.988648,0.671848,1.25,0.988648,0.0,0.0,0.0,0.0,0.0,0.0,0.0,0.0,0.0,0.0,0.0,0.0
qd_008,QuickDraw,star,skeleton_c30_m12,line_text_skeleton,0.13325391,pass,0.12903111,14,2,0.0,0,0.988648,0.671848,0.0,0.028152,0.0,0,1.0,1.0,0.0,0.0,0.0,0.0,0.0,0.0,0.0,0.0,0.0,0.0,0.0,0.0,0.0,0.0,0.0,0.0,0.0,0.0,0.0,0.0,0.0,0.0,0.0,0.0,1.0,1.25,0.090057373046875,0.17129786513046424,374.0,11.0,0.12903111,14.0,2.0,0.0,0.0,0.988648,0.671848,1.25,0.988648,0.0,0.0,0.0,0.0,0.0,0.0,0.0,0.0,0.0,0.0,0.0,0.0
qd_008,QuickDraw,star,skeleton_c30_m20,line_text_skeleton,0.14164761,pass,0.13715781,15,2,0.0,0,0.967977,0.670068,0.0,0.029932,0.0,0,1.0,1.0,0.0,0.0,0.0,0.0,0.0,0.0,0.0,0.0,0.0,0.0,0.0,0.0,0.0,0.0,0.0,0.0,0.0,0.0,0.0,0.0,0.0,0.0,0.0,0.0,1.0,1.25,0.090057373046875,0.17129786513046424,374.0,11.0,0.13715781,15.0,2.0,0.0,0.0,0.967977,0.670068,1.25,0.967977,0.0,0.0,0.0,0.0,0.0,0.0,0.0,0.0,0.0,0.0,0.0,0.0
qd_008,QuickDraw,star,auto_evalrepair_r10_c20,line_text_skeleton,0.11641339,pass,0.11241589,12,2,0.0,0,0.995764,0.67335,0.0,0.02665,0.0,0,1.0,0.0,1.0,0.0,0.0,0.0,0.0,0.0,0.0,0.0,0.0,0.0,0.0,0.0,0.0,0.0,0.0,0.0,0.0,0.0,0.0,0.0,0.0,0.0,0.0,0.0,1.0,1.25,0.090057373046875,0.17129786513046424,374.0,11.0,0.11241589,12.0,2.0,0.0,0.0,0.995764,0.67335,0.0,0.0,0.995764,0.0,0.0,0.0,0.0,0.0,0.0,0.0,0.0,0.0,0.0,0.0
qd_008,QuickDraw,star,auto_evalrepair_r15_c20,line_text_skeleton,0.11641339,pass,0.11241589,12,2,0.0,0,0.995764,0.67335,0.0,0.02665,0.0,0,1.0,0.0,1.0,0.0,0.0,0.0,0.0,0.0,0.0,0.0,0.0,0.0,0.0,0.0,0.0,0.0,0.0,0.0,0.0,0.0,0.0,0.0,0.0,0.0,0.0,0.0,1.0,1.25,0.090057373046875,0.17129786513046424,374.0,11.0,0.11241589,12.0,2.0,0.0,0.0,0.995764,0.67335,0.0,0.0,0.995764,0.0,0.0,0.0,0.0,0.0,0.0,0.0,0.0,0.0,0.0,0.0
qd_008,QuickDraw,star,mask_fill_rows16_c6,line_text_skeleton,0.46060805,hard_fail,0.4,345,49,0.0,0,0.999492,0.562613,0.0,0.137387,0.04,0,1.0,0.0,0.0,1.0,0.0,0.0,0.0,0.0,0.0,0.0,0.0,0.0,0.0,0.0,16.0,0.0,0.0,0.0,0.0,0.0,0.0,0.0,0.0,0.0,0.0,0.0,1.0,1.25,0.090057373046875,0.17129786513046424,374.0,11.0,0.4,345.0,49.0,0.0,0.0,0.999492,0.562613,0.0,0.0,0.0,0.999492,1.25,0.0,0.0,0.0,0.0,0.0,0.0,0.0,0.0,0.0
qd_008,QuickDraw,star,mask_fill_edgewalk_rows16_p40,line_text_skeleton,0.5168756,hard_fail,0.43852225,257,47,1.7121,0,0.999661,0.444311,0.0,0.255689,0.04,0,1.0,0.0,0.0,1.0,1.0,0.0,0.0,0.0,0.0,0.0,0.0,0.0,0.0,0.0,16.0,40.0,0.0,0.0,0.0,0.0,0.0,0.0,0.0,0.0,0.0,0.0,1.0,1.25,0.090057373046875,0.17129786513046424,374.0,11.0,0.43852225,257.0,47.0,1.7121,0.0,0.999661,0.444311,0.0,0.0,0.0,0.999661,1.25,0.999661,0.0,0.0,0.0,0.0,0.0,0.0,0.0,0.0
qd_008,QuickDraw,star,mask_fill_edgewalk_nearestrow_rows16_p40,line_text_skeleton,0.0964244,excellent,0.07243985,8,1,0.0,0,0.999492,0.540103,0.0,0.159897,0.0,0,1.0,0.0,0.0,1.0,1.0,1.0,1.0,0.0,0.0,0.0,0.0,0.0,0.0,0.0,16.0,40.0,0.0,0.0,0.0,0.0,0.0,0.0,0.0,0.0,0.0,0.0,1.0,1.25,0.090057373046875,0.17129786513046424,374.0,11.0,0.07243985,8.0,1.0,0.0,0.0,0.999492,0.540103,0.0,0.0,0.0,0.999492,1.25,0.999492,0.999492,0.090057373046875,0.0,0.0,0.0,0.0,0.0,0.0
qd_008,QuickDraw,star,mask_fill_edgewalk_nearestrow_inset1_rows16_p40,line_text_skeleton,0.13456047,pass,0.12007932,13,2,0.0,0,0.999153,0.603459,0.0,0.096541,0.0,0,1.0,0.0,0.0,1.0,1.0,1.0,0.0,1.0,1.0,0.0,1.0,0.0,0.0,0.0,16.0,40.0,0.0,0.0,0.0,0.0,0.0,0.0,0.0,0.0,0.0,0.0,1.0,1.25,0.090057373046875,0.17129786513046424,374.0,11.0,0.12007932,13.0,2.0,0.0,0.0,0.999153,0.603459,0.0,0.0,0.0,0.999153,1.25,0.999153,0.999153,0.090057373046875,0.090057373046875,0.0,0.0,0.0,0.0,0.0
qd_008,QuickDraw,star,mask_fill_edgewalk_nearestrow_inset2_rows16_p40,line_text_skeleton,0.03308916,excellent,0.03308916,4,0,0.0,0,0.990681,0.733626,0.0,0.0,0.0,1,1.0,0.0,0.0,1.0,1.0,1.0,0.0,1.0,0.0,1.0,2.0,0.0,0.0,0.0,16.0,40.0,0.0,0.0,0.0,0.0,0.0,0.0,0.0,0.0,0.0,0.0,1.0,1.25,0.090057373046875,0.17129786513046424,374.0,11.0,0.03308916,4.0,0.0,0.0,0.0,0.990681,0.733626,0.0,0.0,0.0,0.990681,1.25,0.990681,0.990681,0.090057373046875,0.090057373046875,0.090057373046875,0.0,0.0,0.0,0.0
qd_008,QuickDraw,star,mask_fill_edgewalk_nearestrow_adapt_t3_m6_rows16_p40,line_text_skeleton,0.03308916,excellent,0.03308916,4,0,0.0,0,0.990681,0.733626,0.0,0.0,0.0,0,1.0,0.0,0.0,1.0,1.0,1.0,0.0,0.0,0.0,0.0,0.0,1.0,3.0,6.0,16.0,40.0,0.0,0.0,0.0,0.0,0.0,0.0,0.0,0.0,0.0,0.0,1.0,1.25,0.090057373046875,0.17129786513046424,374.0,11.0,0.03308916,4.0,0.0,0.0,0.0,0.990681,0.733626,0.0,0.0,0.0,0.990681,1.25,0.990681,0.990681,0.090057373046875,0.0,0.0,0.090057373046875,0.17129786513046424,0.0,0.0
qd_008,QuickDraw,star,mask_fill_edgewalk_nearestrow_adapt_t4_m8_rows16_p40,line_text_skeleton,0.13456047,pass,0.12007932,13,2,0.0,0,0.999153,0.603459,0.0,0.096541,0.0,0,1.0,0.0,0.0,1.0,1.0,1.0,0.0,0.0,0.0,0.0,0.0,1.0,4.0,8.0,16.0,40.0,0.0,0.0,0.0,0.0,0.0,0.0,0.0,0.0,0.0,0.0,1.0,1.25,0.090057373046875,0.17129786513046424,374.0,11.0,0.12007932,13.0,2.0,0.0,0.0,0.999153,0.603459,0.0,0.0,0.0,0.999153,1.25,0.999153,0.999153,0.090057373046875,0.0,0.0,0.090057373046875,0.17129786513046424,0.0,0.0
qd_008,QuickDraw,star,mask_fill_edgewalk_nearestrow_adapt_t2_m5_rows16_p40,line_text_skeleton,0.03308916,excellent,0.03308916,4,0,0.0,0,0.990681,0.733626,0.0,0.0,0.0,0,1.0,0.0,0.0,1.0,1.0,1.0,0.0,0.0,0.0,0.0,0.0,1.0,2.0,5.0,16.0,40.0,0.0,0.0,0.0,0.0,0.0,0.0,0.0,0.0,0.0,0.0,1.0,1.25,0.090057373046875,0.17129786513046424,374.0,11.0,0.03308916,4.0,0.0,0.0,0.0,0.990681,0.733626,0.0,0.0,0.0,0.990681,1.25,0.990681,0.990681,0.090057373046875,0.0,0.0,0.090057373046875,0.17129786513046424,0.0,0.0
qd_008,QuickDraw,star,outline_ext_in3,line_text_skeleton,0.51689825,hard_fail,0.43852225,268,49,1.7121,0,1.0,0.44416,0.0,0.25584,0.04,0,1.0,0.0,0.0,0.0,0.0,0.0,0.0,0.0,0.0,0.0,0.0,0.0,0.0,0.0,0.0,0.0,0.0,1.0,0.0,0.0,0.0,0.0,0.0,0.0,0.0,0.0,1.0,1.25,0.090057373046875,0.17129786513046424,374.0,11.0,0.43852225,268.0,49.0,1.7121,0.0,1.0,0.44416,0.0,0.0,0.0,0.0,0.0,0.0,0.0,0.0,0.0,0.0,0.0,0.0,0.0,0.0
qd_008,QuickDraw,star,styleaware,line_text_skeleton,0.2880355,hard_fail,0.23359695,26,4,0.0,0,0.994917,0.603743,0.0,0.096257,0.04,0,1.0,0.0,0.0,0.0,0.0,0.0,0.0,0.0,0.0,0.0,0.0,0.0,0.0,0.0,0.0,0.0,1.0,0.0,0.0,0.0,0.0,0.0,0.0,0.0,0.0,0.0,1.0,1.25,0.090057373046875,0.17129786513046424,374.0,11.0,0.23359695,26.0,4.0,0.0,0.0,0.994917,0.603743,0.0,0.0,0.0,0.0,0.0,0.0,0.0,0.0,0.0,0.0,0.0,0.0,0.994917,1.25
qd_008,QuickDraw,star,satin,line_text_skeleton,0.5168756,hard_fail,0.43852225,257,47,1.7121,0,0.999661,0.444311,0.0,0.255689,0.04,0,1.0,0.0,0.0,0.0,0.0,0.0,0.0,0.0,0.0,0.0,0.0,0.0,0.0,0.0,0.0,0.0,0.0,0.0,1.0,0.0,0.0,0.0,0.0,0.0,0.0,0.0,1.0,1.25,0.090057373046875,0.17129786513046424,374.0,11.0,0.43852225,257.0,47.0,1.7121,0.0,0.999661,0.444311,0.0,0.0,0.0,0.0,0.0,0.0,0.0,0.0,0.0,0.0,0.0,0.0,0.0,0.0
qd_008,QuickDraw,star,satinrail,line_text_skeleton,0.5168756,hard_fail,0.43852225,257,47,1.7121,0,0.999661,0.444311,0.0,0.255689,0.04,0,1.0,0.0,0.0,0.0,0.0,0.0,0.0,0.0,0.0,0.0,0.0,0.0,0.0,0.0,0.0,0.0,0.0,0.0,1.0,1.0,0.0,0.0,0.0,0.0,0.0,0.0,1.0,1.25,0.090057373046875,0.17129786513046424,374.0,11.0,0.43852225,257.0,47.0,1.7121,0.0,0.999661,0.444311,0.0,0.0,0.0,0.0,0.0,0.0,0.0,0.0,0.0,0.0,0.0,0.0,0.0,0.0
qd_008,QuickDraw,star,dtsatin,line_text_skeleton,0.5168756,hard_fail,0.43852225,257,47,1.7121,0,0.999661,0.444311,0.0,0.255689,0.04,0,1.0,0.0,0.0,0.0,0.0,0.0,0.0,0.0,0.0,0.0,0.0,0.0,0.0,0.0,0.0,0.0,0.0,0.0,1.0,0.0,1.0,0.0,0.0,0.0,0.0,0.0,1.0,1.25,0.090057373046875,0.17129786513046424,374.0,11.0,0.43852225,257.0,47.0,1.7121,0.0,0.999661,0.444311,0.0,0.0,0.0,0.0,0.0,0.0,0.0,0.0,0.0,0.0,0.0,0.0,0.0,0.0
txt_001,Rendered text,AI,skeleton_c20_m4,line_text_skeleton,0.01645644,excellent,0.01645644,2,0,0.0,0,0.621229,0.9375,0.0,0.0,0.0,0,1.0,1.0,0.0,0.0,0.0,0.0,0.0,0.0,0.0,0.0,0.0,0.0,0.0,0.0,0.0,0.0,0.0,0.0,0.0,0.0,0.0,0.0,0.0,0.0,0.0,0.0,1.0,1.1,0.055633544921875,0.06801974766867801,79.0,6.0,0.01645644,2.0,0.0,0.0,0.0,0.621229,0.9375,1.1,0.621229,0.0,0.0,0.0,0.0,0.0,0.0,0.0,0.0,0.0,0.0,0.0,0.0
txt_001,Rendered text,AI,skeleton_c30_m4,line_text_skeleton,0.01645644,excellent,0.01645644,2,0,0.0,0,0.621229,0.9375,0.0,0.0,0.0,0,1.0,1.0,0.0,0.0,0.0,0.0,0.0,0.0,0.0,0.0,0.0,0.0,0.0,0.0,0.0,0.0,0.0,0.0,0.0,0.0,0.0,0.0,0.0,0.0,0.0,0.0,1.0,1.1,0.055633544921875,0.06801974766867801,79.0,6.0,0.01645644,2.0,0.0,0.0,0.0,0.621229,0.9375,1.1,0.621229,0.0,0.0,0.0,0.0,0.0,0.0,0.0,0.0,0.0,0.0,0.0,0.0
txt_001,Rendered text,AI,skeleton_c30_m8,line_text_skeleton,0.01645644,excellent,0.01645644,2,0,0.0,0,0.621229,0.9375,0.0,0.0,0.0,0,1.0,1.0,0.0,0.0,0.0,0.0,0.0,0.0,0.0,0.0,0.0,0.0,0.0,0.0,0.0,0.0,0.0,0.0,0.0,0.0,0.0,0.0,0.0,0.0,0.0,0.0,1.0,1.1,0.055633544921875,0.06801974766867801,79.0,6.0,0.01645644,2.0,0.0,0.0,0.0,0.621229,0.9375,1.1,0.621229,0.0,0.0,0.0,0.0,0.0,0.0,0.0,0.0,0.0,0.0,0.0,0.0
txt_001,Rendered text,AI,skeleton_c30_m12,line_text_skeleton,0.01645644,excellent,0.01645644,2,0,0.0,0,0.621229,0.9375,0.0,0.0,0.0,0,1.0,1.0,0.0,0.0,0.0,0.0,0.0,0.0,0.0,0.0,0.0,0.0,0.0,0.0,0.0,0.0,0.0,0.0,0.0,0.0,0.0,0.0,0.0,0.0,0.0,0.0,1.0,1.1,0.055633544921875,0.06801974766867801,79.0,6.0,0.01645644,2.0,0.0,0.0,0.0,0.621229,0.9375,1.1,0.621229,0.0,0.0,0.0,0.0,0.0,0.0,0.0,0.0,0.0,0.0,0.0,0.0
txt_001,Rendered text,AI,skeleton_c30_m20,line_text_skeleton,0.01645644,excellent,0.01645644,2,0,0.0,0,0.474218,0.942234,0.0,0.0,0.0,0,1.0,1.0,0.0,0.0,0.0,0.0,0.0,0.0,0.0,0.0,0.0,0.0,0.0,0.0,0.0,0.0,0.0,0.0,0.0,0.0,0.0,0.0,0.0,0.0,0.0,0.0,1.0,1.1,0.055633544921875,0.06801974766867801,79.0,6.0,0.01645644,2.0,0.0,0.0,0.0,0.474218,0.942234,1.1,0.474218,0.0,0.0,0.0,0.0,0.0,0.0,0.0,0.0,0.0,0.0,0.0,0.0
txt_001,Rendered text,AI,auto_evalrepair_r10_c20,line_text_skeleton,0.01645644,excellent,0.01645644,2,0,0.0,0,0.621229,0.9375,0.0,0.0,0.0,0,1.0,0.0,1.0,0.0,0.0,0.0,0.0,0.0,0.0,0.0,0.0,0.0,0.0,0.0,0.0,0.0,0.0,0.0,0.0,0.0,0.0,0.0,0.0,0.0,0.0,0.0,1.0,1.1,0.055633544921875,0.06801974766867801,79.0,6.0,0.01645644,2.0,0.0,0.0,0.0,0.621229,0.9375,0.0,0.0,0.621229,0.0,0.0,0.0,0.0,0.0,0.0,0.0,0.0,0.0,0.0,0.0
txt_001,Rendered text,AI,auto_evalrepair_r15_c20,line_text_skeleton,0.01645644,excellent,0.01645644,2,0,0.0,0,0.621229,0.9375,0.0,0.0,0.0,0,1.0,0.0,1.0,0.0,0.0,0.0,0.0,0.0,0.0,0.0,0.0,0.0,0.0,0.0,0.0,0.0,0.0,0.0,0.0,0.0,0.0,0.0,0.0,0.0,0.0,0.0,1.0,1.1,0.055633544921875,0.06801974766867801,79.0,6.0,0.01645644,2.0,0.0,0.0,0.0,0.621229,0.9375,0.0,0.0,0.621229,0.0,0.0,0.0,0.0,0.0,0.0,0.0,0.0,0.0,0.0,0.0
txt_001,Rendered text,AI,mask_fill_rows16_c6,line_text_skeleton,0.25325394,hard_fail,0.21325394,47,0,0.0,0,1.0,0.733602,0.0,0.0,0.04,0,1.0,0.0,0.0,1.0,0.0,0.0,0.0,0.0,0.0,0.0,0.0,0.0,0.0,0.0,16.0,0.0,0.0,0.0,0.0,0.0,0.0,0.0,0.0,0.0,0.0,0.0,1.0,1.1,0.055633544921875,0.06801974766867801,79.0,6.0,0.21325394,47.0,0.0,0.0,0.0,1.0,0.733602,0.0,0.0,0.0,1.0,1.1,0.0,0.0,0.0,0.0,0.0,0.0,0.0,0.0,0.0
txt_001,Rendered text,AI,mask_fill_edgewalk_rows16_p40,line_text_skeleton,0.01606625,excellent,0.008,1,0,0.0,0,1.0,0.646225,0.0,0.053775,0.0,0,1.0,0.0,0.0,1.0,1.0,0.0,0.0,0.0,0.0,0.0,0.0,0.0,0.0,0.0,16.0,40.0,0.0,0.0,0.0,0.0,0.0,0.0,0.0,0.0,0.0,0.0,1.0,1.1,0.055633544921875,0.06801974766867801,79.0,6.0,0.008,1.0,0.0,0.0,0.0,1.0,0.646225,0.0,0.0,0.0,1.0,1.1,1.0,0.0,0.0,0.0,0.0,0.0,0.0,0.0,0.0
txt_001,Rendered text,AI,mask_fill_edgewalk_nearestrow_rows16_p40,line_text_skeleton,0.00896735,excellent,0.008,1,0,0.0,0,1.0,0.693551,0.0,0.006449,0.0,0,1.0,0.0,0.0,1.0,1.0,1.0,1.0,0.0,0.0,0.0,0.0,0.0,0.0,0.0,16.0,40.0,0.0,0.0,0.0,0.0,0.0,0.0,0.0,0.0,0.0,0.0,1.0,1.1,0.055633544921875,0.06801974766867801,79.0,6.0,0.008,1.0,0.0,0.0,0.0,1.0,0.693551,0.0,0.0,0.0,1.0,1.1,1.0,1.0,0.055633544921875,0.0,0.0,0.0,0.0,0.0,0.0
txt_001,Rendered text,AI,mask_fill_edgewalk_nearestrow_inset1_rows16_p40,line_text_skeleton,0.008,excellent,0.008,1,0,0.0,0,0.986012,0.760203,0.0,0.0,0.0,1,1.0,0.0,0.0,1.0,1.0,1.0,0.0,1.0,1.0,0.0,1.0,0.0,0.0,0.0,16.0,40.0,0.0,0.0,0.0,0.0,0.0,0.0,0.0,0.0,0.0,0.0,1.0,1.1,0.055633544921875,0.06801974766867801,79.0,6.0,0.008,1.0,0.0,0.0,0.0,0.986012,0.760203,0.0,0.0,0.0,0.986012,1.1,0.986012,0.986012,0.055633544921875,0.055633544921875,0.0,0.0,0.0,0.0,0.0
txt_001,Rendered text,AI,mask_fill_edgewalk_nearestrow_inset2_rows16_p40,line_text_skeleton,0.008,excellent,0.008,1,0,0.0,0,0.996709,0.836556,0.0,0.0,0.0,0,1.0,0.0,0.0,1.0,1.0,1.0,0.0,1.0,0.0,1.0,2.0,0.0,0.0,0.0,16.0,40.0,0.0,0.0,0.0,0.0,0.0,0.0,0.0,0.0,0.0,0.0,1.0,1.1,0.055633544921875,0.06801974766867801,79.0,6.0,0.008,1.0,0.0,0.0,0.0,0.996709,0.836556,0.0,0.0,0.0,0.996709,1.1,0.996709,0.996709,0.055633544921875,0.055633544921875,0.055633544921875,0.0,0.0,0.0,0.0
txt_001,Rendered text,AI,mask_fill_edgewalk_nearestrow_adapt_t3_m6_rows16_p40,line_text_skeleton,0.008,excellent,0.008,1,0,0.0,0,0.996709,0.836556,0.0,0.0,0.0,0,1.0,0.0,0.0,1.0,1.0,1.0,0.0,0.0,0.0,0.0,0.0,1.0,3.0,6.0,16.0,40.0,0.0,0.0,0.0,0.0,0.0,0.0,0.0,0.0,0.0,0.0,1.0,1.1,0.055633544921875,0.06801974766867801,79.0,6.0,0.008,1.0,0.0,0.0,0.0,0.996709,0.836556,0.0,0.0,0.0,0.996709,1.1,0.996709,0.996709,0.055633544921875,0.0,0.0,0.055633544921875,0.06801974766867801,0.0,0.0
txt_001,Rendered text,AI,mask_fill_edgewalk_nearestrow_adapt_t4_m8_rows16_p40,line_text_skeleton,0.008,excellent,0.008,1,0,0.0,0,0.996709,0.836556,0.0,0.0,0.0,0,1.0,0.0,0.0,1.0,1.0,1.0,0.0,0.0,0.0,0.0,0.0,1.0,4.0,8.0,16.0,40.0,0.0,0.0,0.0,0.0,0.0,0.0,0.0,0.0,0.0,0.0,1.0,1.1,0.055633544921875,0.06801974766867801,79.0,6.0,0.008,1.0,0.0,0.0,0.0,0.996709,0.836556,0.0,0.0,0.0,0.996709,1.1,0.996709,0.996709,0.055633544921875,0.0,0.0,0.055633544921875,0.06801974766867801,0.0,0.0
txt_001,Rendered text,AI,mask_fill_edgewalk_nearestrow_adapt_t2_m5_rows16_p40,line_text_skeleton,0.008,excellent,0.008,1,0,0.0,0,0.996709,0.836556,0.0,0.0,0.0,0,1.0,0.0,0.0,1.0,1.0,1.0,0.0,0.0,0.0,0.0,0.0,1.0,2.0,5.0,16.0,40.0,0.0,0.0,0.0,0.0,0.0,0.0,0.0,0.0,0.0,0.0,1.0,1.1,0.055633544921875,0.06801974766867801,79.0,6.0,0.008,1.0,0.0,0.0,0.0,0.996709,0.836556,0.0,0.0,0.0,0.996709,1.1,0.996709,0.996709,0.055633544921875,0.0,0.0,0.055633544921875,0.06801974766867801,0.0,0.0
txt_001,Rendered text,AI,outline_ext_in3,line_text_skeleton,0.0160835,excellent,0.008,1,0,0.0,0,1.0,0.64611,0.0,0.05389,0.0,0,1.0,0.0,0.0,0.0,0.0,0.0,0.0,0.0,0.0,0.0,0.0,0.0,0.0,0.0,0.0,0.0,0.0,1.0,0.0,0.0,0.0,0.0,0.0,0.0,0.0,0.0,1.0,1.1,0.055633544921875,0.06801974766867801,79.0,6.0,0.008,1.0,0.0,0.0,0.0,1.0,0.64611,0.0,0.0,0.0,0.0,0.0,0.0,0.0,0.0,0.0,0.0,0.0,0.0,0.0,0.0
txt_001,Rendered text,AI,styleaware,line_text_skeleton,0.01606625,excellent,0.008,1,0,0.0,0,1.0,0.646225,0.0,0.053775,0.0,0,1.0,0.0,0.0,0.0,0.0,0.0,0.0,0.0,0.0,0.0,0.0,0.0,0.0,0.0,0.0,0.0,1.0,0.0,0.0,0.0,0.0,0.0,0.0,0.0,0.0,0.0,1.0,1.1,0.055633544921875,0.06801974766867801,79.0,6.0,0.008,1.0,0.0,0.0,0.0,1.0,0.646225,0.0,0.0,0.0,0.0,0.0,0.0,0.0,0.0,0.0,0.0,0.0,0.0,1.0,1.1
txt_001,Rendered text,AI,satin,line_text_skeleton,0.01606625,excellent,0.008,1,0,0.0,0,1.0,0.646225,0.0,0.053775,0.0,0,1.0,0.0,0.0,0.0,0.0,0.0,0.0,0.0,0.0,0.0,0.0,0.0,0.0,0.0,0.0,0.0,0.0,0.0,1.0,0.0,0.0,0.0,0.0,0.0,0.0,0.0,1.0,1.1,0.055633544921875,0.06801974766867801,79.0,6.0,0.008,1.0,0.0,0.0,0.0,1.0,0.646225,0.0,0.0,0.0,0.0,0.0,0.0,0.0,0.0,0.0,0.0,0.0,0.0,0.0,0.0
txt_001,Rendered text,AI,satinrail,line_text_skeleton,0.01606625,excellent,0.008,1,0,0.0,0,1.0,0.646225,0.0,0.053775,0.0,0,1.0,0.0,0.0,0.0,0.0,0.0,0.0,0.0,0.0,0.0,0.0,0.0,0.0,0.0,0.0,0.0,0.0,0.0,1.0,1.0,0.0,0.0,0.0,0.0,0.0,0.0,1.0,1.1,0.055633544921875,0.06801974766867801,79.0,6.0,0.008,1.0,0.0,0.0,0.0,1.0,0.646225,0.0,0.0,0.0,0.0,0.0,0.0,0.0,0.0,0.0,0.0,0.0,0.0,0.0,0.0
txt_001,Rendered text,AI,dtsatin,line_text_skeleton,0.0161006,excellent,0.008,1,0,0.0,0,1.0,0.645996,0.0,0.054004,0.0,0,1.0,0.0,0.0,0.0,0.0,0.0,0.0,0.0,0.0,0.0,0.0,0.0,0.0,0.0,0.0,0.0,0.0,0.0,1.0,0.0,1.0,0.0,0.0,0.0,0.0,0.0,1.0,1.1,0.055633544921875,0.06801974766867801,79.0,6.0,0.008,1.0,0.0,0.0,0.0,1.0,0.645996,0.0,0.0,0.0,0.0,0.0,0.0,0.0,0.0,0.0,0.0,0.0,0.0,0.0,0.0
txt_002,Rendered text,DST,skeleton_c20_m4,line_text_skeleton,0.04130528,excellent,0.04130528,5,0,0.0,0,0.674542,0.912433,0.0,0.0,0.0,0,1.0,1.0,0.0,0.0,0.0,0.0,0.0,0.0,0.0,0.0,0.0,0.0,0.0,0.0,0.0,0.0,0.0,0.0,0.0,0.0,0.0,0.0,0.0,0.0,0.0,0.0,1.0,1.25,0.111724853515625,0.08385686970773013,198.0,9.0,0.04130528,5.0,0.0,0.0,0.0,0.674542,0.912433,1.25,0.674542,0.0,0.0,0.0,0.0,0.0,0.0,0.0,0.0,0.0,0.0,0.0,0.0
txt_002,Rendered text,DST,skeleton_c30_m4,line_text_skeleton,0.04130528,excellent,0.04130528,5,0,0.0,0,0.674542,0.912433,0.0,0.0,0.0,0,1.0,1.0,0.0,0.0,0.0,0.0,0.0,0.0,0.0,0.0,0.0,0.0,0.0,0.0,0.0,0.0,0.0,0.0,0.0,0.0,0.0,0.0,0.0,0.0,0.0,0.0,1.0,1.25,0.111724853515625,0.08385686970773013,198.0,9.0,0.04130528,5.0,0.0,0.0,0.0,0.674542,0.912433,1.25,0.674542,0.0,0.0,0.0,0.0,0.0,0.0,0.0,0.0,0.0,0.0,0.0,0.0
txt_002,Rendered text,DST,skeleton_c30_m8,line_text_skeleton,0.04130528,excellent,0.04130528,5,0,0.0,0,0.67304,0.909393,0.0,0.0,0.0,0,1.0,1.0,0.0,0.0,0.0,0.0,0.0,0.0,0.0,0.0,0.0,0.0,0.0,0.0,0.0,0.0,0.0,0.0,0.0,0.0,0.0,0.0,0.0,0.0,0.0,0.0,1.0,1.25,0.111724853515625,0.08385686970773013,198.0,9.0,0.04130528,5.0,0.0,0.0,0.0,0.67304,0.909393,1.25,0.67304,0.0,0.0,0.0,0.0,0.0,0.0,0.0,0.0,0.0,0.0,0.0,0.0
txt_002,Rendered text,DST,skeleton_c30_m12,line_text_skeleton,0.04130528,excellent,0.04130528,5,0,0.0,0,0.662524,0.908427,0.0,0.0,0.0,0,1.0,1.0,0.0,0.0,0.0,0.0,0.0,0.0,0.0,0.0,0.0,0.0,0.0,0.0,0.0,0.0,0.0,0.0,0.0,0.0,0.0,0.0,0.0,0.0,0.0,0.0,1.0,1.25,0.111724853515625,0.08385686970773013,198.0,9.0,0.04130528,5.0,0.0,0.0,0.0,0.662524,0.908427,1.25,0.662524,0.0,0.0,0.0,0.0,0.0,0.0,0.0,0.0,0.0,0.0,0.0,0.0
txt_002,Rendered text,DST,skeleton_c30_m20,line_text_skeleton,0.04130528,excellent,0.04130528,5,0,0.0,0,0.662524,0.908427,0.0,0.0,0.0,0,1.0,1.0,0.0,0.0,0.0,0.0,0.0,0.0,0.0,0.0,0.0,0.0,0.0,0.0,0.0,0.0,0.0,0.0,0.0,0.0,0.0,0.0,0.0,0.0,0.0,0.0,1.0,1.25,0.111724853515625,0.08385686970773013,198.0,9.0,0.04130528,5.0,0.0,0.0,0.0,0.662524,0.908427,1.25,0.662524,0.0,0.0,0.0,0.0,0.0,0.0,0.0,0.0,0.0,0.0,0.0,0.0
txt_002,Rendered text,DST,auto_evalrepair_r10_c20,line_text_skeleton,0.04130528,excellent,0.04130528,5,0,0.0,0,0.674542,0.912433,0.0,0.0,0.0,0,1.0,0.0,1.0,0.0,0.0,0.0,0.0,0.0,0.0,0.0,0.0,0.0,0.0,0.0,0.0,0.0,0.0,0.0,0.0,0.0,0.0,0.0,0.0,0.0,0.0,0.0,1.0,1.25,0.111724853515625,0.08385686970773013,198.0,9.0,0.04130528,5.0,0.0,0.0,0.0,0.674542,0.912433,0.0,0.0,0.674542,0.0,0.0,0.0,0.0,0.0,0.0,0.0,0.0,0.0,0.0,0.0
txt_002,Rendered text,DST,auto_evalrepair_r15_c20,line_text_skeleton,0.04130528,excellent,0.04130528,5,0,0.0,0,0.674542,0.912433,0.0,0.0,0.0,0,1.0,0.0,1.0,0.0,0.0,0.0,0.0,0.0,0.0,0.0,0.0,0.0,0.0,0.0,0.0,0.0,0.0,0.0,0.0,0.0,0.0,0.0,0.0,0.0,0.0,0.0,1.0,1.25,0.111724853515625,0.08385686970773013,198.0,9.0,0.04130528,5.0,0.0,0.0,0.0,0.674542,0.912433,0.0,0.0,0.674542,0.0,0.0,0.0,0.0,0.0,0.0,0.0,0.0,0.0,0.0,0.0
txt_002,Rendered text,DST,mask_fill_rows16_c6,line_text_skeleton,0.28886555,hard_fail,0.24886555,63,5,0.0,0,1.0,0.744787,0.0,0.0,0.04,0,1.0,0.0,0.0,1.0,0.0,0.0,0.0,0.0,0.0,0.0,0.0,0.0,0.0,0.0,16.0,0.0,0.0,0.0,0.0,0.0,0.0,0.0,0.0,0.0,0.0,0.0,1.0,1.25,0.111724853515625,0.08385686970773013,198.0,9.0,0.24886555,63.0,5.0,0.0,0.0,1.0,0.744787,0.0,0.0,0.0,1.0,1.25,0.0,0.0,0.0,0.0,0.0,0.0,0.0,0.0,0.0
txt_002,Rendered text,DST,mask_fill_edgewalk_rows16_p40,line_text_skeleton,0.04887115,excellent,0.0475234,5,1,0.0,0,1.0,0.691015,0.0,0.008985,0.0,0,1.0,0.0,0.0,1.0,1.0,0.0,0.0,0.0,0.0,0.0,0.0,0.0,0.0,0.0,16.0,40.0,0.0,0.0,0.0,0.0,0.0,0.0,0.0,0.0,0.0,0.0,1.0,1.25,0.111724853515625,0.08385686970773013,198.0,9.0,0.0475234,5.0,1.0,0.0,0.0,1.0,0.691015,0.0,0.0,0.0,1.0,1.25,1.0,0.0,0.0,0.0,0.0,0.0,0.0,0.0,0.0
txt_002,Rendered text,DST,mask_fill_edgewalk_nearestrow_rows16_p40,line_text_skeleton,0.01619731,excellent,0.01619731,2,0,0.0,0,1.0,0.72495,0.0,0.0,0.0,1,1.0,0.0,0.0,1.0,1.0,1.0,1.0,0.0,0.0,0.0,0.0,0.0,0.0,0.0,16.0,40.0,0.0,0.0,0.0,0.0,0.0,0.0,0.0,0.0,0.0,0.0,1.0,1.25,0.111724853515625,0.08385686970773013,198.0,9.0,0.01619731,2.0,0.0,0.0,0.0,1.0,0.72495,0.0,0.0,0.0,1.0,1.25,1.0,1.0,0.111724853515625,0.0,0.0,0.0,0.0,0.0,0.0
txt_002,Rendered text,DST,mask_fill_edgewalk_nearestrow_inset1_rows16_p40,line_text_skeleton,0.04732806,excellent,0.04732806,5,1,0.0,0,0.991532,0.778052,0.0,0.0,0.0,0,1.0,0.0,0.0,1.0,1.0,1.0,0.0,1.0,1.0,0.0,1.0,0.0,0.0,0.0,16.0,40.0,0.0,0.0,0.0,0.0,0.0,0.0,0.0,0.0,0.0,0.0,1.0,1.25,0.111724853515625,0.08385686970773013,198.0,9.0,0.04732806,5.0,1.0,0.0,0.0,0.991532,0.778052,0.0,0.0,0.0,0.991532,1.25,0.991532,0.991532,0.111724853515625,0.111724853515625,0.0,0.0,0.0,0.0,0.0
txt_002,Rendered text,DST,mask_fill_edgewalk_nearestrow_inset2_rows16_p40,line_text_skeleton,0.04727158,excellent,0.04727158,5,1,0.0,0,0.972412,0.845305,0.0,0.0,0.0,0,1.0,0.0,0.0,1.0,1.0,1.0,0.0,1.0,0.0,1.0,2.0,0.0,0.0,0.0,16.0,40.0,0.0,0.0,0.0,0.0,0.0,0.0,0.0,0.0,0.0,0.0,1.0,1.25,0.111724853515625,0.08385686970773013,198.0,9.0,0.04727158,5.0,1.0,0.0,0.0,0.972412,0.845305,0.0,0.0,0.0,0.972412,1.25,0.972412,0.972412,0.111724853515625,0.111724853515625,0.111724853515625,0.0,0.0,0.0,0.0
txt_002,Rendered text,DST,mask_fill_edgewalk_nearestrow_adapt_t3_m6_rows16_p40,line_text_skeleton,0.04727158,excellent,0.04727158,5,1,0.0,0,0.972412,0.845305,0.0,0.0,0.0,0,1.0,0.0,0.0,1.0,1.0,1.0,0.0,0.0,0.0,0.0,0.0,1.0,3.0,6.0,16.0,40.0,0.0,0.0,0.0,0.0,0.0,0.0,0.0,0.0,0.0,0.0,1.0,1.25,0.111724853515625,0.08385686970773013,198.0,9.0,0.04727158,5.0,1.0,0.0,0.0,0.972412,0.845305,0.0,0.0,0.0,0.972412,1.25,0.972412,0.972412,0.111724853515625,0.0,0.0,0.111724853515625,0.08385686970773013,0.0,0.0
txt_002,Rendered text,DST,mask_fill_edgewalk_nearestrow_adapt_t4_m8_rows16_p40,line_text_skeleton,0.04727158,excellent,0.04727158,5,1,0.0,0,0.972412,0.845305,0.0,0.0,0.0,0,1.0,0.0,0.0,1.0,1.0,1.0,0.0,0.0,0.0,0.0,0.0,1.0,4.0,8.0,16.0,40.0,0.0,0.0,0.0,0.0,0.0,0.0,0.0,0.0,0.0,0.0,1.0,1.25,0.111724853515625,0.08385686970773013,198.0,9.0,0.04727158,5.0,1.0,0.0,0.0,0.972412,0.845305,0.0,0.0,0.0,0.972412,1.25,0.972412,0.972412,0.111724853515625,0.0,0.0,0.111724853515625,0.08385686970773013,0.0,0.0
txt_002,Rendered text,DST,mask_fill_edgewalk_nearestrow_adapt_t2_m5_rows16_p40,line_text_skeleton,0.04727158,excellent,0.04727158,5,1,0.0,0,0.972412,0.845305,0.0,0.0,0.0,0,1.0,0.0,0.0,1.0,1.0,1.0,0.0,0.0,0.0,0.0,0.0,1.0,2.0,5.0,16.0,40.0,0.0,0.0,0.0,0.0,0.0,0.0,0.0,0.0,0.0,0.0,1.0,1.25,0.111724853515625,0.08385686970773013,198.0,9.0,0.04727158,5.0,1.0,0.0,0.0,0.972412,0.845305,0.0,0.0,0.0,0.972412,1.25,0.972412,0.972412,0.111724853515625,0.0,0.0,0.111724853515625,0.08385686970773013,0.0,0.0
txt_002,Rendered text,DST,outline_ext_in3,line_text_skeleton,0.0672025,excellent,0.06408565,7,1,0.0,0,1.0,0.679221,0.0,0.020779,0.0,0,1.0,0.0,0.0,0.0,0.0,0.0,0.0,0.0,0.0,0.0,0.0,0.0,0.0,0.0,0.0,0.0,0.0,1.0,0.0,0.0,0.0,0.0,0.0,0.0,0.0,0.0,1.0,1.25,0.111724853515625,0.08385686970773013,198.0,9.0,0.06408565,7.0,1.0,0.0,0.0,1.0,0.679221,0.0,0.0,0.0,0.0,0.0,0.0,0.0,0.0,0.0,0.0,0.0,0.0,0.0,0.0
txt_002,Rendered text,DST,styleaware,line_text_skeleton,0.05561601,excellent,0.05561601,6,1,0.0,0,0.727943,0.813492,0.0,0.0,0.0,0,1.0,0.0,0.0,0.0,0.0,0.0,0.0,0.0,0.0,0.0,0.0,0.0,0.0,0.0,0.0,0.0,1.0,0.0,0.0,0.0,0.0,0.0,0.0,0.0,0.0,0.0,1.0,1.25,0.111724853515625,0.08385686970773013,198.0,9.0,0.05561601,6.0,1.0,0.0,0.0,0.727943,0.813492,0.0,0.0,0.0,0.0,0.0,0.0,0.0,0.0,0.0,0.0,0.0,0.0,0.727943,1.25
txt_002,Rendered text,DST,satin,line_text_skeleton,0.01927636,excellent,0.01619731,2,0,0.0,0,1.0,0.679473,0.0,0.020527,0.0,0,1.0,0.0,0.0,0.0,0.0,0.0,0.0,0.0,0.0,0.0,0.0,0.0,0.0,0.0,0.0,0.0,0.0,0.0,1.0,0.0,0.0,0.0,0.0,0.0,0.0,0.0,1.0,1.25,0.111724853515625,0.08385686970773013,198.0,9.0,0.01619731,2.0,0.0,0.0,0.0,1.0,0.679473,0.0,0.0,0.0,0.0,0.0,0.0,0.0,0.0,0.0,0.0,0.0,0.0,0.0,0.0
txt_002,Rendered text,DST,satinrail,line_text_skeleton,0.01897276,excellent,0.01619731,2,0,0.0,0,1.0,0.681497,0.0,0.018503,0.0,0,1.0,0.0,0.0,0.0,0.0,0.0,0.0,0.0,0.0,0.0,0.0,0.0,0.0,0.0,0.0,0.0,0.0,0.0,1.0,1.0,0.0,0.0,0.0,0.0,0.0,0.0,1.0,1.25,0.111724853515625,0.08385686970773013,198.0,9.0,0.01619731,2.0,0.0,0.0,0.0,1.0,0.681497,0.0,0.0,0.0,0.0,0.0,0.0,0.0,0.0,0.0,0.0,0.0,0.0,0.0,0.0
txt_002,Rendered text,DST,dtsatin,line_text_skeleton,0.06678635,excellent,0.0640109,7,1,0.0,0,1.0,0.681497,0.0,0.018503,0.0,0,1.0,0.0,0.0,0.0,0.0,0.0,0.0,0.0,0.0,0.0,0.0,0.0,0.0,0.0,0.0,0.0,0.0,0.0,1.0,0.0,1.0,0.0,0.0,0.0,0.0,0.0,1.0,1.25,0.111724853515625,0.08385686970773013,198.0,9.0,0.0640109,7.0,1.0,0.0,0.0,1.0,0.681497,0.0,0.0,0.0,0.0,0.0,0.0,0.0,0.0,0.0,0.0,0.0,0.0,0.0,0.0
txt_003,Rendered text,WKU,skeleton_c20_m4,line_text_skeleton,0.04955262,excellent,0.04955262,6,0,0.0,0,0.594058,0.936261,0.0,0.0,0.0,0,1.0,1.0,0.0,0.0,0.0,0.0,0.0,0.0,0.0,0.0,0.0,0.0,0.0,0.0,0.0,0.0,0.0,0.0,0.0,0.0,0.0,0.0,0.0,0.0,0.0,0.0,1.0,1.25,0.1407318115234375,0.07502981676244172,215.0,6.0,0.04955262,6.0,0.0,0.0,0.0,0.594058,0.936261,1.25,0.594058,0.0,0.0,0.0,0.0,0.0,0.0,0.0,0.0,0.0,0.0,0.0,0.0
txt_003,Rendered text,WKU,skeleton_c30_m4,line_text_skeleton,0.03285763,excellent,0.03285763,4,0,0.0,0,0.609455,0.923899,0.0,0.0,0.0,1,1.0,1.0,0.0,0.0,0.0,0.0,0.0,0.0,0.0,0.0,0.0,0.0,0.0,0.0,0.0,0.0,0.0,0.0,0.0,0.0,0.0,0.0,0.0,0.0,0.0,0.0,1.0,1.25,0.1407318115234375,0.07502981676244172,215.0,6.0,0.03285763,4.0,0.0,0.0,0.0,0.609455,0.923899,1.25,0.609455,0.0,0.0,0.0,0.0,0.0,0.0,0.0,0.0,0.0,0.0,0.0,0.0
txt_003,Rendered text,WKU,skeleton_c30_m8,line_text_skeleton,0.03285763,excellent,0.03285763,4,0,0.0,0,0.609455,0.923899,0.0,0.0,0.0,0,1.0,1.0,0.0,0.0,0.0,0.0,0.0,0.0,0.0,0.0,0.0,0.0,0.0,0.0,0.0,0.0,0.0,0.0,0.0,0.0,0.0,0.0,0.0,0.0,0.0,0.0,1.0,1.25,0.1407318115234375,0.07502981676244172,215.0,6.0,0.03285763,4.0,0.0,0.0,0.0,0.609455,0.923899,1.25,0.609455,0.0,0.0,0.0,0.0,0.0,0.0,0.0,0.0,0.0,0.0,0.0,0.0
txt_003,Rendered text,WKU,skeleton_c30_m12,line_text_skeleton,0.03285763,excellent,0.03285763,4,0,0.0,0,0.589288,0.921499,0.0,0.0,0.0,0,1.0,1.0,0.0,0.0,0.0,0.0,0.0,0.0,0.0,0.0,0.0,0.0,0.0,0.0,0.0,0.0,0.0,0.0,0.0,0.0,0.0,0.0,0.0,0.0,0.0,0.0,1.0,1.25,0.1407318115234375,0.07502981676244172,215.0,6.0,0.03285763,4.0,0.0,0.0,0.0,0.589288,0.921499,1.25,0.589288,0.0,0.0,0.0,0.0,0.0,0.0,0.0,0.0,0.0,0.0,0.0,0.0
txt_003,Rendered text,WKU,skeleton_c30_m20,line_text_skeleton,0.03285763,excellent,0.03285763,4,0,0.0,0,0.589288,0.921499,0.0,0.0,0.0,0,1.0,1.0,0.0,0.0,0.0,0.0,0.0,0.0,0.0,0.0,0.0,0.0,0.0,0.0,0.0,0.0,0.0,0.0,0.0,0.0,0.0,0.0,0.0,0.0,0.0,0.0,1.0,1.25,0.1407318115234375,0.07502981676244172,215.0,6.0,0.03285763,4.0,0.0,0.0,0.0,0.589288,0.921499,1.25,0.589288,0.0,0.0,0.0,0.0,0.0,0.0,0.0,0.0,0.0,0.0,0.0,0.0
txt_003,Rendered text,WKU,auto_evalrepair_r10_c20,line_text_skeleton,0.04955262,excellent,0.04955262,6,0,0.0,0,0.594058,0.936261,0.0,0.0,0.0,0,1.0,0.0,1.0,0.0,0.0,0.0,0.0,0.0,0.0,0.0,0.0,0.0,0.0,0.0,0.0,0.0,0.0,0.0,0.0,0.0,0.0,0.0,0.0,0.0,0.0,0.0,1.0,1.25,0.1407318115234375,0.07502981676244172,215.0,6.0,0.04955262,6.0,0.0,0.0,0.0,0.594058,0.936261,0.0,0.0,0.594058,0.0,0.0,0.0,0.0,0.0,0.0,0.0,0.0,0.0,0.0,0.0
txt_003,Rendered text,WKU,auto_evalrepair_r15_c20,line_text_skeleton,0.04955262,excellent,0.04955262,6,0,0.0,0,0.594058,0.936261,0.0,0.0,0.0,0,1.0,0.0,1.0,0.0,0.0,0.0,0.0,0.0,0.0,0.0,0.0,0.0,0.0,0.0,0.0,0.0,0.0,0.0,0.0,0.0,0.0,0.0,0.0,0.0,0.0,0.0,1.0,1.25,0.1407318115234375,0.07502981676244172,215.0,6.0,0.04955262,6.0,0.0,0.0,0.0,0.594058,0.936261,0.0,0.0,0.594058,0.0,0.0,0.0,0.0,0.0,0.0,0.0,0.0,0.0,0.0,0.0
txt_003,Rendered text,WKU,mask_fill_rows16_c6,line_text_skeleton,0.32535907,hard_fail,0.28535907,162,7,0.0,0,1.0,0.73625,0.0,0.0,0.04,0,1.0,0.0,0.0,1.0,0.0,0.0,0.0,0.0,0.0,0.0,0.0,0.0,0.0,0.0,16.0,0.0,0.0,0.0,0.0,0.0,0.0,0.0,0.0,0.0,0.0,0.0,1.0,1.25,0.1407318115234375,0.07502981676244172,215.0,6.0,0.28535907,162.0,7.0,0.0,0.0,1.0,0.73625,0.0,0.0,0.0,1.0,1.25,0.0,0.0,0.0,0.0,0.0,0.0,0.0,0.0,0.0
txt_003,Rendered text,WKU,mask_fill_edgewalk_rows16_p40,line_text_skeleton,0.33039642,hard_fail,0.28281557,46,7,1.1314,0,1.0,0.649461,0.0,0.050539,0.04,0,1.0,0.0,0.0,1.0,1.0,0.0,0.0,0.0,0.0,0.0,0.0,0.0,0.0,0.0,16.0,40.0,0.0,0.0,0.0,0.0,0.0,0.0,0.0,0.0,0.0,0.0,1.0,1.25,0.1407318115234375,0.07502981676244172,215.0,6.0,0.28281557,46.0,7.0,1.1314,0.0,1.0,0.649461,0.0,0.0,0.0,1.0,1.25,1.0,0.0,0.0,0.0,0.0,0.0,0.0,0.0,0.0
txt_003,Rendered text,WKU,mask_fill_edgewalk_nearestrow_rows16_p40,line_text_skeleton,0.03306889,excellent,0.03294724,4,0,0.0,0,1.0,0.699189,0.0,0.000811,0.0,0,1.0,0.0,0.0,1.0,1.0,1.0,1.0,0.0,0.0,0.0,0.0,0.0,0.0,0.0,16.0,40.0,0.0,0.0,0.0,0.0,0.0,0.0,0.0,0.0,0.0,0.0,1.0,1.25,0.1407318115234375,0.07502981676244172,215.0,6.0,0.03294724,4.0,0.0,0.0,0.0,1.0,0.699189,0.0,0.0,0.0,1.0,1.25,1.0,1.0,0.1407318115234375,0.0,0.0,0.0,0.0,0.0,0.0
txt_003,Rendered text,WKU,mask_fill_edgewalk_nearestrow_inset1_rows16_p40,line_text_skeleton,0.03294437,excellent,0.03294437,4,0,0.0,0,0.992627,0.753064,0.0,0.0,0.0,0,1.0,0.0,0.0,1.0,1.0,1.0,0.0,1.0,1.0,0.0,1.0,0.0,0.0,0.0,16.0,40.0,0.0,0.0,0.0,0.0,0.0,0.0,0.0,0.0,0.0,0.0,1.0,1.25,0.1407318115234375,0.07502981676244172,215.0,6.0,0.03294437,4.0,0.0,0.0,0.0,0.992627,0.753064,0.0,0.0,0.0,0.992627,1.25,0.992627,0.992627,0.1407318115234375,0.1407318115234375,0.0,0.0,0.0,0.0,0.0
txt_003,Rendered text,WKU,mask_fill_edgewalk_nearestrow_inset2_rows16_p40,line_text_skeleton,0.03293545,excellent,0.03293545,4,0,0.0,0,0.996639,0.759544,0.0,0.0,0.0,0,1.0,0.0,0.0,1.0,1.0,1.0,0.0,1.0,0.0,1.0,2.0,0.0,0.0,0.0,16.0,40.0,0.0,0.0,0.0,0.0,0.0,0.0,0.0,0.0,0.0,0.0,1.0,1.25,0.1407318115234375,0.07502981676244172,215.0,6.0,0.03293545,4.0,0.0,0.0,0.0,0.996639,0.759544,0.0,0.0,0.0,0.996639,1.25,0.996639,0.996639,0.1407318115234375,0.1407318115234375,0.1407318115234375,0.0,0.0,0.0,0.0
txt_003,Rendered text,WKU,mask_fill_edgewalk_nearestrow_adapt_t3_m6_rows16_p40,line_text_skeleton,0.03293545,excellent,0.03293545,4,0,0.0,0,0.996639,0.759544,0.0,0.0,0.0,0,1.0,0.0,0.0,1.0,1.0,1.0,0.0,0.0,0.0,0.0,0.0,1.0,3.0,6.0,16.0,40.0,0.0,0.0,0.0,0.0,0.0,0.0,0.0,0.0,0.0,0.0,1.0,1.25,0.1407318115234375,0.07502981676244172,215.0,6.0,0.03293545,4.0,0.0,0.0,0.0,0.996639,0.759544,0.0,0.0,0.0,0.996639,1.25,0.996639,0.996639,0.1407318115234375,0.0,0.0,0.1407318115234375,0.07502981676244172,0.0,0.0
txt_003,Rendered text,WKU,mask_fill_edgewalk_nearestrow_adapt_t4_m8_rows16_p40,line_text_skeleton,0.03293545,excellent,0.03293545,4,0,0.0,0,0.996639,0.759544,0.0,0.0,0.0,0,1.0,0.0,0.0,1.0,1.0,1.0,0.0,0.0,0.0,0.0,0.0,1.0,4.0,8.0,16.0,40.0,0.0,0.0,0.0,0.0,0.0,0.0,0.0,0.0,0.0,0.0,1.0,1.25,0.1407318115234375,0.07502981676244172,215.0,6.0,0.03293545,4.0,0.0,0.0,0.0,0.996639,0.759544,0.0,0.0,0.0,0.996639,1.25,0.996639,0.996639,0.1407318115234375,0.0,0.0,0.1407318115234375,0.07502981676244172,0.0,0.0
txt_003,Rendered text,WKU,mask_fill_edgewalk_nearestrow_adapt_t2_m5_rows16_p40,line_text_skeleton,0.03293545,excellent,0.03293545,4,0,0.0,0,0.996639,0.759544,0.0,0.0,0.0,0,1.0,0.0,0.0,1.0,1.0,1.0,0.0,0.0,0.0,0.0,0.0,1.0,2.0,5.0,16.0,40.0,0.0,0.0,0.0,0.0,0.0,0.0,0.0,0.0,0.0,0.0,1.0,1.25,0.1407318115234375,0.07502981676244172,215.0,6.0,0.03293545,4.0,0.0,0.0,0.0,0.996639,0.759544,0.0,0.0,0.0,0.996639,1.25,0.996639,0.996639,0.1407318115234375,0.0,0.0,0.1407318115234375,0.07502981676244172,0.0,0.0
txt_003,Rendered text,WKU,outline_ext_in3,line_text_skeleton,0.34638789,hard_fail,0.29880704,57,9,1.1314,0,1.0,0.649461,0.0,0.050539,0.04,0,1.0,0.0,0.0,0.0,0.0,0.0,0.0,0.0,0.0,0.0,0.0,0.0,0.0,0.0,0.0,0.0,0.0,1.0,0.0,0.0,0.0,0.0,0.0,0.0,0.0,0.0,1.0,1.25,0.1407318115234375,0.07502981676244172,215.0,6.0,0.29880704,57.0,9.0,1.1314,0.0,1.0,0.649461,0.0,0.0,0.0,0.0,0.0,0.0,0.0,0.0,0.0,0.0,0.0,0.0,0.0,0.0
txt_003,Rendered text,WKU,styleaware,line_text_skeleton,0.33039642,hard_fail,0.28281557,46,7,1.1314,0,1.0,0.649461,0.0,0.050539,0.04,0,1.0,0.0,0.0,0.0,0.0,0.0,0.0,0.0,0.0,0.0,0.0,0.0,0.0,0.0,0.0,0.0,1.0,0.0,0.0,0.0,0.0,0.0,0.0,0.0,0.0,0.0,1.0,1.25,0.1407318115234375,0.07502981676244172,215.0,6.0,0.28281557,46.0,7.0,1.1314,0.0,1.0,0.649461,0.0,0.0,0.0,0.0,0.0,0.0,0.0,0.0,0.0,0.0,0.0,0.0,1.0,1.25
txt_003,Rendered text,WKU,satin,line_text_skeleton,0.34619896,hard_fail,0.29857701,56,9,1.1314,0,1.0,0.649187,0.0,0.050813,0.04,0,1.0,0.0,0.0,0.0,0.0,0.0,0.0,0.0,0.0,0.0,0.0,0.0,0.0,0.0,0.0,0.0,0.0,0.0,1.0,0.0,0.0,0.0,0.0,0.0,0.0,0.0,1.0,1.25,0.1407318115234375,0.07502981676244172,215.0,6.0,0.29857701,56.0,9.0,1.1314,0.0,1.0,0.649187,0.0,0.0,0.0,0.0,0.0,0.0,0.0,0.0,0.0,0.0,0.0,0.0,0.0,0.0
txt_003,Rendered text,WKU,satinrail,line_text_skeleton,0.34621649,hard_fail,0.29862199,57,9,1.1314,0,1.0,0.64937,0.0,0.05063,0.04,0,1.0,0.0,0.0,0.0,0.0,0.0,0.0,0.0,0.0,0.0,0.0,0.0,0.0,0.0,0.0,0.0,0.0,0.0,1.0,1.0,0.0,0.0,0.0,0.0,0.0,0.0,1.0,1.25,0.1407318115234375,0.07502981676244172,215.0,6.0,0.29862199,57.0,9.0,1.1314,0.0,1.0,0.64937,0.0,0.0,0.0,0.0,0.0,0.0,0.0,0.0,0.0,0.0,0.0,0.0,0.0,0.0
txt_003,Rendered text,WKU,dtsatin,line_text_skeleton,0.34661468,hard_fail,0.29903383,58,9,1.1314,0,1.0,0.649461,0.0,0.050539,0.04,0,1.0,0.0,0.0,0.0,0.0,0.0,0.0,0.0,0.0,0.0,0.0,0.0,0.0,0.0,0.0,0.0,0.0,0.0,1.0,0.0,1.0,0.0,0.0,0.0,0.0,0.0,1.0,1.25,0.1407318115234375,0.07502981676244172,215.0,6.0,0.29903383,58.0,9.0,1.1314,0.0,1.0,0.649461,0.0,0.0,0.0,0.0,0.0,0.0,0.0,0.0,0.0,0.0,0.0,0.0,0.0,0.0
txt_004,Rendered text,2026,skeleton_c20_m4,line_text_skeleton,0.08885311,excellent,0.08885311,10,1,0.0,0,0.651574,0.912042,0.0,0.0,0.0,0,1.0,1.0,0.0,0.0,0.0,0.0,0.0,0.0,0.0,0.0,0.0,0.0,0.0,0.0,0.0,0.0,0.0,0.0,0.0,0.0,0.0,0.0,0.0,0.0,0.0,0.0,1.0,1.25,0.1381683349609375,0.07388183324130315,172.0,12.0,0.08885311,10.0,1.0,0.0,0.0,0.651574,0.912042,1.25,0.651574,0.0,0.0,0.0,0.0,0.0,0.0,0.0,0.0,0.0,0.0,0.0,0.0
txt_004,Rendered text,2026,skeleton_c30_m4,line_text_skeleton,0.08885311,excellent,0.08885311,10,1,0.0,0,0.651574,0.912042,0.0,0.0,0.0,0,1.0,1.0,0.0,0.0,0.0,0.0,0.0,0.0,0.0,0.0,0.0,0.0,0.0,0.0,0.0,0.0,0.0,0.0,0.0,0.0,0.0,0.0,0.0,0.0,0.0,0.0,1.0,1.25,0.1381683349609375,0.07388183324130315,172.0,12.0,0.08885311,10.0,1.0,0.0,0.0,0.651574,0.912042,1.25,0.651574,0.0,0.0,0.0,0.0,0.0,0.0,0.0,0.0,0.0,0.0,0.0,0.0
txt_004,Rendered text,2026,skeleton_c30_m8,line_text_skeleton,0.10256911,excellent,0.10256911,10,1,0.6096,0,0.632689,0.934736,0.0,0.0,0.0,0,1.0,1.0,0.0,0.0,0.0,0.0,0.0,0.0,0.0,0.0,0.0,0.0,0.0,0.0,0.0,0.0,0.0,0.0,0.0,0.0,0.0,0.0,0.0,0.0,0.0,0.0,1.0,1.25,0.1381683349609375,0.07388183324130315,172.0,12.0,0.10256911,10.0,1.0,0.6096,0.0,0.632689,0.934736,1.25,0.632689,0.0,0.0,0.0,0.0,0.0,0.0,0.0,0.0,0.0,0.0,0.0,0.0
txt_004,Rendered text,2026,skeleton_c30_m12,line_text_skeleton,0.10257221,excellent,0.10257221,10,1,0.6096,0,0.619658,0.933455,0.0,0.0,0.0,0,1.0,1.0,0.0,0.0,0.0,0.0,0.0,0.0,0.0,0.0,0.0,0.0,0.0,0.0,0.0,0.0,0.0,0.0,0.0,0.0,0.0,0.0,0.0,0.0,0.0,0.0,1.0,1.25,0.1381683349609375,0.07388183324130315,172.0,12.0,0.10257221,10.0,1.0,0.6096,0.0,0.619658,0.933455,1.25,0.619658,0.0,0.0,0.0,0.0,0.0,0.0,0.0,0.0,0.0,0.0,0.0,0.0
txt_004,Rendered text,2026,skeleton_c30_m20,line_text_skeleton,0.10257221,excellent,0.10257221,10,1,0.6096,0,0.619658,0.933455,0.0,0.0,0.0,0,1.0,1.0,0.0,0.0,0.0,0.0,0.0,0.0,0.0,0.0,0.0,0.0,0.0,0.0,0.0,0.0,0.0,0.0,0.0,0.0,0.0,0.0,0.0,0.0,0.0,0.0,1.0,1.25,0.1381683349609375,0.07388183324130315,172.0,12.0,0.10257221,10.0,1.0,0.6096,0.0,0.619658,0.933455,1.25,0.619658,0.0,0.0,0.0,0.0,0.0,0.0,0.0,0.0,0.0,0.0,0.0,0.0
txt_004,Rendered text,2026,auto_evalrepair_r10_c20,line_text_skeleton,0.08885311,excellent,0.08885311,10,1,0.0,0,0.651574,0.912042,0.0,0.0,0.0,0,1.0,0.0,1.0,0.0,0.0,0.0,0.0,0.0,0.0,0.0,0.0,0.0,0.0,0.0,0.0,0.0,0.0,0.0,0.0,0.0,0.0,0.0,0.0,0.0,0.0,0.0,1.0,1.25,0.1381683349609375,0.07388183324130315,172.0,12.0,0.08885311,10.0,1.0,0.0,0.0,0.651574,0.912042,0.0,0.0,0.651574,0.0,0.0,0.0,0.0,0.0,0.0,0.0,0.0,0.0,0.0,0.0
txt_004,Rendered text,2026,auto_evalrepair_r15_c20,line_text_skeleton,0.08885311,excellent,0.08885311,10,1,0.0,0,0.651574,0.912042,0.0,0.0,0.0,0,1.0,0.0,1.0,0.0,0.0,0.0,0.0,0.0,0.0,0.0,0.0,0.0,0.0,0.0,0.0,0.0,0.0,0.0,0.0,0.0,0.0,0.0,0.0,0.0,0.0,0.0,1.0,1.25,0.1381683349609375,0.07388183324130315,172.0,12.0,0.08885311,10.0,1.0,0.0,0.0,0.651574,0.912042,0.0,0.0,0.651574,0.0,0.0,0.0,0.0,0.0,0.0,0.0,0.0,0.0,0.0,0.0
txt_004,Rendered text,2026,mask_fill_rows16_c6,line_text_skeleton,0.33373988,hard_fail,0.29373988,137,9,0.0,0,1.0,0.744961,0.0,0.0,0.04,0,1.0,0.0,0.0,1.0,0.0,0.0,0.0,0.0,0.0,0.0,0.0,0.0,0.0,0.0,16.0,0.0,0.0,0.0,0.0,0.0,0.0,0.0,0.0,0.0,0.0,0.0,1.0,1.25,0.1381683349609375,0.07388183324130315,172.0,12.0,0.29373988,137.0,9.0,0.0,0.0,1.0,0.744961,0.0,0.0,0.0,1.0,1.25,0.0,0.0,0.0,0.0,0.0,0.0,0.0,0.0,0.0
txt_004,Rendered text,2026,mask_fill_edgewalk_rows16_p40,line_text_skeleton,0.31538673,hard_fail,0.27081188,50,9,0.0,0,1.0,0.669501,0.0,0.030499,0.04,0,1.0,0.0,0.0,1.0,1.0,0.0,0.0,0.0,0.0,0.0,0.0,0.0,0.0,0.0,16.0,40.0,0.0,0.0,0.0,0.0,0.0,0.0,0.0,0.0,0.0,0.0,1.0,1.25,0.1381683349609375,0.07388183324130315,172.0,12.0,0.27081188,50.0,9.0,0.0,0.0,1.0,0.669501,0.0,0.0,0.0,1.0,1.25,1.0,0.0,0.0,0.0,0.0,0.0,0.0,0.0,0.0
txt_004,Rendered text,2026,mask_fill_edgewalk_nearestrow_rows16_p40,line_text_skeleton,0.0246597,excellent,0.0246597,3,0,0.0,0,1.0,0.709028,0.0,0.0,0.0,1,1.0,0.0,0.0,1.0,1.0,1.0,1.0,0.0,0.0,0.0,0.0,0.0,0.0,0.0,16.0,40.0,0.0,0.0,0.0,0.0,0.0,0.0,0.0,0.0,0.0,0.0,1.0,1.25,0.1381683349609375,0.07388183324130315,172.0,12.0,0.0246597,3.0,0.0,0.0,0.0,1.0,0.709028,0.0,0.0,0.0,1.0,1.25,1.0,1.0,0.1381683349609375,0.0,0.0,0.0,0.0,0.0,0.0
txt_004,Rendered text,2026,mask_fill_edgewalk_nearestrow_inset1_rows16_p40,line_text_skeleton,0.05065254,excellent,0.05065254,3,0,1.1554,0,0.989398,0.763508,0.0,0.0,0.0,0,1.0,0.0,0.0,1.0,1.0,1.0,0.0,1.0,1.0,0.0,1.0,0.0,0.0,0.0,16.0,40.0,0.0,0.0,0.0,0.0,0.0,0.0,0.0,0.0,0.0,0.0,1.0,1.25,0.1381683349609375,0.07388183324130315,172.0,12.0,0.05065254,3.0,0.0,1.1554,0.0,0.989398,0.763508,0.0,0.0,0.0,0.989398,1.25,0.989398,0.989398,0.1381683349609375,0.1381683349609375,0.0,0.0,0.0,0.0,0.0
txt_004,Rendered text,2026,mask_fill_edgewalk_nearestrow_inset2_rows16_p40,line_text_skeleton,0.06417366,excellent,0.06417366,7,1,0.0,0,0.991717,0.832406,0.0,0.0,0.0,0,1.0,0.0,0.0,1.0,1.0,1.0,0.0,1.0,0.0,1.0,2.0,0.0,0.0,0.0,16.0,40.0,0.0,0.0,0.0,0.0,0.0,0.0,0.0,0.0,0.0,0.0,1.0,1.25,0.1381683349609375,0.07388183324130315,172.0,12.0,0.06417366,7.0,1.0,0.0,0.0,0.991717,0.832406,0.0,0.0,0.0,0.991717,1.25,0.991717,0.991717,0.1381683349609375,0.1381683349609375,0.1381683349609375,0.0,0.0,0.0,0.0
txt_004,Rendered text,2026,mask_fill_edgewalk_nearestrow_adapt_t3_m6_rows16_p40,line_text_skeleton,0.06417366,excellent,0.06417366,7,1,0.0,0,0.991717,0.832406,0.0,0.0,0.0,0,1.0,0.0,0.0,1.0,1.0,1.0,0.0,0.0,0.0,0.0,0.0,1.0,3.0,6.0,16.0,40.0,0.0,0.0,0.0,0.0,0.0,0.0,0.0,0.0,0.0,0.0,1.0,1.25,0.1381683349609375,0.07388183324130315,172.0,12.0,0.06417366,7.0,1.0,0.0,0.0,0.991717,0.832406,0.0,0.0,0.0,0.991717,1.25,0.991717,0.991717,0.1381683349609375,0.0,0.0,0.1381683349609375,0.07388183324130315,0.0,0.0
txt_004,Rendered text,2026,mask_fill_edgewalk_nearestrow_adapt_t4_m8_rows16_p40,line_text_skeleton,0.06417366,excellent,0.06417366,7,1,0.0,0,0.991717,0.832406,0.0,0.0,0.0,0,1.0,0.0,0.0,1.0,1.0,1.0,0.0,0.0,0.0,0.0,0.0,1.0,4.0,8.0,16.0,40.0,0.0,0.0,0.0,0.0,0.0,0.0,0.0,0.0,0.0,0.0,1.0,1.25,0.1381683349609375,0.07388183324130315,172.0,12.0,0.06417366,7.0,1.0,0.0,0.0,0.991717,0.832406,0.0,0.0,0.0,0.991717,1.25,0.991717,0.991717,0.1381683349609375,0.0,0.0,0.1381683349609375,0.07388183324130315,0.0,0.0
txt_004,Rendered text,2026,mask_fill_edgewalk_nearestrow_adapt_t2_m5_rows16_p40,line_text_skeleton,0.06417366,excellent,0.06417366,7,1,0.0,0,0.991717,0.832406,0.0,0.0,0.0,0,1.0,0.0,0.0,1.0,1.0,1.0,0.0,0.0,0.0,0.0,0.0,1.0,2.0,5.0,16.0,40.0,0.0,0.0,0.0,0.0,0.0,0.0,0.0,0.0,0.0,0.0,1.0,1.25,0.1381683349609375,0.07388183324130315,172.0,12.0,0.06417366,7.0,1.0,0.0,0.0,0.991717,0.832406,0.0,0.0,0.0,0.991717,1.25,0.991717,0.991717,0.1381683349609375,0.0,0.0,0.1381683349609375,0.07388183324130315,0.0,0.0
txt_004,Rendered text,2026,outline_ext_in3,line_text_skeleton,0.32362278,hard_fail,0.27850148,55,10,0.0,0,1.0,0.665858,0.0,0.034142,0.04,0,1.0,0.0,0.0,0.0,0.0,0.0,0.0,0.0,0.0,0.0,0.0,0.0,0.0,0.0,0.0,0.0,0.0,1.0,0.0,0.0,0.0,0.0,0.0,0.0,0.0,0.0,1.0,1.25,0.1381683349609375,0.07388183324130315,172.0,12.0,0.27850148,55.0,10.0,0.0,0.0,1.0,0.665858,0.0,0.0,0.0,0.0,0.0,0.0,0.0,0.0,0.0,0.0,0.0,0.0,0.0,0.0
txt_004,Rendered text,2026,styleaware,line_text_skeleton,0.31538673,hard_fail,0.27081188,50,9,0.0,0,1.0,0.669501,0.0,0.030499,0.04,0,1.0,0.0,0.0,0.0,0.0,0.0,0.0,0.0,0.0,0.0,0.0,0.0,0.0,0.0,0.0,0.0,1.0,0.0,0.0,0.0,0.0,0.0,0.0,0.0,0.0,0.0,1.0,1.25,0.1381683349609375,0.07388183324130315,172.0,12.0,0.27081188,50.0,9.0,0.0,0.0,1.0,0.669501,0.0,0.0,0.0,0.0,0.0,0.0,0.0,0.0,0.0,0.0,0.0,0.0,1.0,1.25
txt_004,Rendered text,2026,satin,line_text_skeleton,0.32306684,hard_fail,0.27807049,53,10,0.0,0,1.0,0.666691,0.0,0.033309,0.04,0,1.0,0.0,0.0,0.0,0.0,0.0,0.0,0.0,0.0,0.0,0.0,0.0,0.0,0.0,0.0,0.0,0.0,0.0,1.0,0.0,0.0,0.0,0.0,0.0,0.0,0.0,1.0,1.25,0.1381683349609375,0.07388183324130315,172.0,12.0,0.27807049,53.0,10.0,0.0,0.0,1.0,0.666691,0.0,0.0,0.0,0.0,0.0,0.0,0.0,0.0,0.0,0.0,0.0,0.0,0.0,0.0
txt_004,Rendered text,2026,satinrail,line_text_skeleton,0.32275664,hard_fail,0.27807049,53,10,0.0,0,1.0,0.668759,0.0,0.031241,0.04,0,1.0,0.0,0.0,0.0,0.0,0.0,0.0,0.0,0.0,0.0,0.0,0.0,0.0,0.0,0.0,0.0,0.0,0.0,1.0,1.0,0.0,0.0,0.0,0.0,0.0,0.0,1.0,1.25,0.1381683349609375,0.07388183324130315,172.0,12.0,0.27807049,53.0,10.0,0.0,0.0,1.0,0.668759,0.0,0.0,0.0,0.0,0.0,0.0,0.0,0.0,0.0,0.0,0.0,0.0,0.0,0.0
txt_004,Rendered text,2026,dtsatin,line_text_skeleton,0.32301647,hard_fail,0.27827857,54,10,0.0,0,1.0,0.668414,0.0,0.031586,0.04,0,1.0,0.0,0.0,0.0,0.0,0.0,0.0,0.0,0.0,0.0,0.0,0.0,0.0,0.0,0.0,0.0,0.0,0.0,1.0,0.0,1.0,0.0,0.0,0.0,0.0,0.0,1.0,1.25,0.1381683349609375,0.07388183324130315,172.0,12.0,0.27827857,54.0,10.0,0.0,0.0,1.0,0.668414,0.0,0.0,0.0,0.0,0.0,0.0,0.0,0.0,0.0,0.0,0.0,0.0,0.0,0.0
txt_005,Rendered text,HELLO,skeleton_c20_m4,line_text_skeleton,0.07470171,excellent,0.07470171,9,0,0.0,0,0.691275,0.873939,0.0,0.0,0.0,0,1.0,1.0,0.0,0.0,0.0,0.0,0.0,0.0,0.0,0.0,0.0,0.0,0.0,0.0,0.0,0.0,0.0,0.0,0.0,0.0,0.0,0.0,0.0,0.0,0.0,0.0,1.0,1.25,0.1432342529296875,0.07947160967295196,170.0,10.0,0.07470171,9.0,0.0,0.0,0.0,0.691275,0.873939,1.25,0.691275,0.0,0.0,0.0,0.0,0.0,0.0,0.0,0.0,0.0,0.0,0.0,0.0
txt_005,Rendered text,HELLO,skeleton_c30_m4,line_text_skeleton,0.05804891,excellent,0.05804891,7,0,0.0,0,0.71109,0.860291,0.0,0.0,0.0,1,1.0,1.0,0.0,0.0,0.0,0.0,0.0,0.0,0.0,0.0,0.0,0.0,0.0,0.0,0.0,0.0,0.0,0.0,0.0,0.0,0.0,0.0,0.0,0.0,0.0,0.0,1.0,1.25,0.1432342529296875,0.07947160967295196,170.0,10.0,0.05804891,7.0,0.0,0.0,0.0,0.71109,0.860291,1.25,0.71109,0.0,0.0,0.0,0.0,0.0,0.0,0.0,0.0,0.0,0.0,0.0,0.0
txt_005,Rendered text,HELLO,skeleton_c30_m8,line_text_skeleton,0.05804891,excellent,0.05804891,7,0,0.0,0,0.71109,0.860291,0.0,0.0,0.0,0,1.0,1.0,0.0,0.0,0.0,0.0,0.0,0.0,0.0,0.0,0.0,0.0,0.0,0.0,0.0,0.0,0.0,0.0,0.0,0.0,0.0,0.0,0.0,0.0,0.0,0.0,1.0,1.25,0.1432342529296875,0.07947160967295196,170.0,10.0,0.05804891,7.0,0.0,0.0,0.0,0.71109,0.860291,1.25,0.71109,0.0,0.0,0.0,0.0,0.0,0.0,0.0,0.0,0.0,0.0,0.0,0.0
txt_005,Rendered text,HELLO,skeleton_c30_m12,line_text_skeleton,0.05804891,excellent,0.05804891,7,0,0.0,0,0.71109,0.860291,0.0,0.0,0.0,0,1.0,1.0,0.0,0.0,0.0,0.0,0.0,0.0,0.0,0.0,0.0,0.0,0.0,0.0,0.0,0.0,0.0,0.0,0.0,0.0,0.0,0.0,0.0,0.0,0.0,0.0,1.0,1.25,0.1432342529296875,0.07947160967295196,170.0,10.0,0.05804891,7.0,0.0,0.0,0.0,0.71109,0.860291,1.25,0.71109,0.0,0.0,0.0,0.0,0.0,0.0,0.0,0.0,0.0,0.0,0.0,0.0
txt_005,Rendered text,HELLO,skeleton_c30_m20,line_text_skeleton,0.05804891,excellent,0.05804891,7,0,0.0,0,0.681368,0.858178,0.0,0.0,0.0,0,1.0,1.0,0.0,0.0,0.0,0.0,0.0,0.0,0.0,0.0,0.0,0.0,0.0,0.0,0.0,0.0,0.0,0.0,0.0,0.0,0.0,0.0,0.0,0.0,0.0,0.0,1.0,1.25,0.1432342529296875,0.07947160967295196,170.0,10.0,0.05804891,7.0,0.0,0.0,0.0,0.681368,0.858178,1.25,0.681368,0.0,0.0,0.0,0.0,0.0,0.0,0.0,0.0,0.0,0.0,0.0,0.0
txt_005,Rendered text,HELLO,auto_evalrepair_r10_c20,line_text_skeleton,0.07470171,excellent,0.07470171,9,0,0.0,0,0.691275,0.873939,0.0,0.0,0.0,0,1.0,0.0,1.0,0.0,0.0,0.0,0.0,0.0,0.0,0.0,0.0,0.0,0.0,0.0,0.0,0.0,0.0,0.0,0.0,0.0,0.0,0.0,0.0,0.0,0.0,0.0,1.0,1.25,0.1432342529296875,0.07947160967295196,170.0,10.0,0.07470171,9.0,0.0,0.0,0.0,0.691275,0.873939,0.0,0.0,0.691275,0.0,0.0,0.0,0.0,0.0,0.0,0.0,0.0,0.0,0.0,0.0
txt_005,Rendered text,HELLO,auto_evalrepair_r15_c20,line_text_skeleton,0.07470171,excellent,0.07470171,9,0,0.0,0,0.691275,0.873939,0.0,0.0,0.0,0,1.0,0.0,1.0,0.0,0.0,0.0,0.0,0.0,0.0,0.0,0.0,0.0,0.0,0.0,0.0,0.0,0.0,0.0,0.0,0.0,0.0,0.0,0.0,0.0,0.0,0.0,1.0,1.25,0.1432342529296875,0.07947160967295196,170.0,10.0,0.07470171,9.0,0.0,0.0,0.0,0.691275,0.873939,0.0,0.0,0.691275,0.0,0.0,0.0,0.0,0.0,0.0,0.0,0.0,0.0,0.0,0.0
txt_005,Rendered text,HELLO,mask_fill_rows16_c6,line_text_skeleton,0.27286489,hard_fail,0.23286489,66,2,0.0,0,0.999893,0.72367,0.0,0.0,0.04,0,1.0,0.0,0.0,1.0,0.0,0.0,0.0,0.0,0.0,0.0,0.0,0.0,0.0,0.0,16.0,0.0,0.0,0.0,0.0,0.0,0.0,0.0,0.0,0.0,0.0,0.0,1.0,1.25,0.1432342529296875,0.07947160967295196,170.0,10.0,0.23286489,66.0,2.0,0.0,0.0,0.999893,0.72367,0.0,0.0,0.0,0.999893,1.25,0.0,0.0,0.0,0.0,0.0,0.0,0.0,0.0,0.0
txt_005,Rendered text,HELLO,mask_fill_edgewalk_rows16_p40,line_text_skeleton,0.17378355,warning,0.170415,19,2,0.0,0,0.999893,0.677543,0.0,0.022457,0.0,0,1.0,0.0,0.0,1.0,1.0,0.0,0.0,0.0,0.0,0.0,0.0,0.0,0.0,0.0,16.0,40.0,0.0,0.0,0.0,0.0,0.0,0.0,0.0,0.0,0.0,0.0,1.0,1.25,0.1432342529296875,0.07947160967295196,170.0,10.0,0.170415,19.0,2.0,0.0,0.0,0.999893,0.677543,0.0,0.0,0.0,0.999893,1.25,0.999893,0.0,0.0,0.0,0.0,0.0,0.0,0.0,0.0
txt_005,Rendered text,HELLO,mask_fill_edgewalk_nearestrow_rows16_p40,line_text_skeleton,0.13704633,pass,0.13704633,15,2,0.0,0,0.999893,0.705927,0.0,0.0,0.0,0,1.0,0.0,0.0,1.0,1.0,1.0,1.0,0.0,0.0,0.0,0.0,0.0,0.0,0.0,16.0,40.0,0.0,0.0,0.0,0.0,0.0,0.0,0.0,0.0,0.0,0.0,1.0,1.25,0.1432342529296875,0.07947160967295196,170.0,10.0,0.13704633,15.0,2.0,0.0,0.0,0.999893,0.705927,0.0,0.0,0.0,0.999893,1.25,0.999893,0.999893,0.1432342529296875,0.0,0.0,0.0,0.0,0.0,0.0
txt_005,Rendered text,HELLO,mask_fill_edgewalk_nearestrow_inset1_rows16_p40,line_text_skeleton,0.13440787,pass,0.13440787,14,3,0.0,0,0.982422,0.765375,0.0,0.0,0.0,0,1.0,0.0,0.0,1.0,1.0,1.0,0.0,1.0,1.0,0.0,1.0,0.0,0.0,0.0,16.0,40.0,0.0,0.0,0.0,0.0,0.0,0.0,0.0,0.0,0.0,0.0,1.0,1.25,0.1432342529296875,0.07947160967295196,170.0,10.0,0.13440787,14.0,3.0,0.0,0.0,0.982422,0.765375,0.0,0.0,0.0,0.982422,1.25,0.982422,0.982422,0.1432342529296875,0.1432342529296875,0.0,0.0,0.0,0.0,0.0
txt_005,Rendered text,HELLO,mask_fill_edgewalk_nearestrow_inset2_rows16_p40,line_text_skeleton,0.14271031,pass,0.14271031,15,3,0.0,0,0.985405,0.821273,0.0,0.0,0.0,0,1.0,0.0,0.0,1.0,1.0,1.0,0.0,1.0,0.0,1.0,2.0,0.0,0.0,0.0,16.0,40.0,0.0,0.0,0.0,0.0,0.0,0.0,0.0,0.0,0.0,0.0,1.0,1.25,0.1432342529296875,0.07947160967295196,170.0,10.0,0.14271031,15.0,3.0,0.0,0.0,0.985405,0.821273,0.0,0.0,0.0,0.985405,1.25,0.985405,0.985405,0.1432342529296875,0.1432342529296875,0.1432342529296875,0.0,0.0,0.0,0.0
txt_005,Rendered text,HELLO,mask_fill_edgewalk_nearestrow_adapt_t3_m6_rows16_p40,line_text_skeleton,0.14271031,pass,0.14271031,15,3,0.0,0,0.985405,0.821273,0.0,0.0,0.0,0,1.0,0.0,0.0,1.0,1.0,1.0,0.0,0.0,0.0,0.0,0.0,1.0,3.0,6.0,16.0,40.0,0.0,0.0,0.0,0.0,0.0,0.0,0.0,0.0,0.0,0.0,1.0,1.25,0.1432342529296875,0.07947160967295196,170.0,10.0,0.14271031,15.0,3.0,0.0,0.0,0.985405,0.821273,0.0,0.0,0.0,0.985405,1.25,0.985405,0.985405,0.1432342529296875,0.0,0.0,0.1432342529296875,0.07947160967295196,0.0,0.0
txt_005,Rendered text,HELLO,mask_fill_edgewalk_nearestrow_adapt_t4_m8_rows16_p40,line_text_skeleton,0.14271031,pass,0.14271031,15,3,0.0,0,0.985405,0.821273,0.0,0.0,0.0,0,1.0,0.0,0.0,1.0,1.0,1.0,0.0,0.0,0.0,0.0,0.0,1.0,4.0,8.0,16.0,40.0,0.0,0.0,0.0,0.0,0.0,0.0,0.0,0.0,0.0,0.0,1.0,1.25,0.1432342529296875,0.07947160967295196,170.0,10.0,0.14271031,15.0,3.0,0.0,0.0,0.985405,0.821273,0.0,0.0,0.0,0.985405,1.25,0.985405,0.985405,0.1432342529296875,0.0,0.0,0.1432342529296875,0.07947160967295196,0.0,0.0
txt_005,Rendered text,HELLO,mask_fill_edgewalk_nearestrow_adapt_t2_m5_rows16_p40,line_text_skeleton,0.14271031,pass,0.14271031,15,3,0.0,0,0.985405,0.821273,0.0,0.0,0.0,0,1.0,0.0,0.0,1.0,1.0,1.0,0.0,0.0,0.0,0.0,0.0,1.0,2.0,5.0,16.0,40.0,0.0,0.0,0.0,0.0,0.0,0.0,0.0,0.0,0.0,0.0,1.0,1.25,0.1432342529296875,0.07947160967295196,170.0,10.0,0.14271031,15.0,3.0,0.0,0.0,0.985405,0.821273,0.0,0.0,0.0,0.985405,1.25,0.985405,0.985405,0.1432342529296875,0.0,0.0,0.1432342529296875,0.07947160967295196,0.0,0.0
txt_005,Rendered text,HELLO,outline_ext_in3,line_text_skeleton,0.19146812,warning,0.18677087,21,2,0.0,0,1.0,0.668685,0.0,0.031315,0.0,0,1.0,0.0,0.0,0.0,0.0,0.0,0.0,0.0,0.0,0.0,0.0,0.0,0.0,0.0,0.0,0.0,0.0,1.0,0.0,0.0,0.0,0.0,0.0,0.0,0.0,0.0,1.0,1.25,0.1432342529296875,0.07947160967295196,170.0,10.0,0.18677087,21.0,2.0,0.0,0.0,1.0,0.668685,0.0,0.0,0.0,0.0,0.0,0.0,0.0,0.0,0.0,0.0,0.0,0.0,0.0,0.0
txt_005,Rendered text,HELLO,styleaware,line_text_skeleton,0.1205728,pass,0.1205728,13,2,0.0,0,0.909236,0.723244,0.0,0.0,0.0,0,1.0,0.0,0.0,0.0,0.0,0.0,0.0,0.0,0.0,0.0,0.0,0.0,0.0,0.0,0.0,0.0,1.0,0.0,0.0,0.0,0.0,0.0,0.0,0.0,0.0,0.0,1.0,1.25,0.1432342529296875,0.07947160967295196,170.0,10.0,0.1205728,13.0,2.0,0.0,0.0,0.909236,0.723244,0.0,0.0,0.0,0.0,0.0,0.0,0.0,0.0,0.0,0.0,0.0,0.0,0.909236,1.25
txt_005,Rendered text,HELLO,satin,line_text_skeleton,0.19181248,warning,0.18678403,21,2,0.0,0,0.999893,0.666477,0.0,0.033523,0.0,0,1.0,0.0,0.0,0.0,0.0,0.0,0.0,0.0,0.0,0.0,0.0,0.0,0.0,0.0,0.0,0.0,0.0,0.0,1.0,0.0,0.0,0.0,0.0,0.0,0.0,0.0,1.0,1.25,0.1432342529296875,0.07947160967295196,170.0,10.0,0.18678403,21.0,2.0,0.0,0.0,0.999893,0.666477,0.0,0.0,0.0,0.0,0.0,0.0,0.0,0.0,0.0,0.0,0.0,0.0,0.0,0.0
txt_005,Rendered text,HELLO,satinrail,line_text_skeleton,0.19167899,warning,0.18674294,21,2,0.0,0,0.999893,0.667093,0.0,0.032907,0.0,0,1.0,0.0,0.0,0.0,0.0,0.0,0.0,0.0,0.0,0.0,0.0,0.0,0.0,0.0,0.0,0.0,0.0,0.0,1.0,1.0,0.0,0.0,0.0,0.0,0.0,0.0,1.0,1.25,0.1432342529296875,0.07947160967295196,170.0,10.0,0.18674294,21.0,2.0,0.0,0.0,0.999893,0.667093,0.0,0.0,0.0,0.0,0.0,0.0,0.0,0.0,0.0,0.0,0.0,0.0,0.0,0.0
txt_005,Rendered text,HELLO,dtsatin,line_text_skeleton,0.19118581,warning,0.18674296,21,2,0.0,0,0.999893,0.670381,0.0,0.029619,0.0,0,1.0,0.0,0.0,0.0,0.0,0.0,0.0,0.0,0.0,0.0,0.0,0.0,0.0,0.0,0.0,0.0,0.0,0.0,1.0,0.0,1.0,0.0,0.0,0.0,0.0,0.0,1.0,1.25,0.1432342529296875,0.07947160967295196,170.0,10.0,0.18674296,21.0,2.0,0.0,0.0,0.999893,0.670381,0.0,0.0,0.0,0.0,0.0,0.0,0.0,0.0,0.0,0.0,0.0,0.0,0.0,0.0
