config_id,heldout_samples,mean_train_objective,config.unified_weight,config.coverage_profile,config.coverage_weight,config.precision_weight,config.jump_weight,config.trim_weight,config.off_mask_weight,config.visible_weight,config.hard_fail_penalty,config.min_coverage,config.adaptive_flat_min_coverage,config.adaptive_line_min_coverage,config.min_precision,config.jump_scale,config.trim_scale,config.style_aware_max_off_mask_mm,config.style_aware_max_jump_count,config.style_aware_max_trim_count,config.style_aware_min_precision,config.style_aware_min_coverage,config.mask_fill_max_off_mask_mm,config.mask_fill_max_jump_count,config.mask_fill_max_trim_count,config.mask_fill_min_precision,config.mask_fill_min_coverage,samples,hard_fail,mean_calibrated_score,mean_unified_loss,mean_jump_count,mean_trim_count,mean_off_mask_stitch_length_mm,mean_visible_connector_count,mean_coverage_ratio,mean_effective_min_coverage,mean_coverage_margin,mean_stitch_precision_ratio,chosen_counts_json,coverage_profile_counts_json,pareto_dominated,m2_43_pareto_score
217,33,0.05079758,1.0,public_balanced,0.2,0.1,0.0,0.0,0.05,0.05,0.04,0.8,0.84,0.58,0.78,20.0,8.0,0.5,24.0,5.0,0.68,0.78,0.5,24.0,5.0,0.68,0.78,33,0,0.057047,0.049596,5.393939,0.69697,0.03003,0.0,0.965657,0.752727,0.21293,0.806913,"{""auto_evalrepair_r10_c20"": 2, ""mask_fill_edgewalk_nearestrow_inset1_rows16_p40"": 6, ""mask_fill_edgewalk_nearestrow_inset2_rows16_p40"": 11, ""mask_fill_edgewalk_nearestrow_rows16_p40"": 4, ""mask_fill_edgewalk_nearestrow_safeadt_t2m5_r055_a64_rows16_p40"": 6, ""mask_fill_edgewalk_rows16_p40"": 1, ""skeleton_c30_m20"": 1, ""skeleton_c30_m4"": 2}","{""public_balanced"": 33}",False,0.05293811
220,33,0.05079758,1.0,public_balanced,0.2,0.1,0.0,0.01,0.05,0.05,0.04,0.8,0.84,0.58,0.78,20.0,8.0,0.5,24.0,5.0,0.68,0.78,0.5,24.0,5.0,0.68,0.78,33,0,0.057918,0.049596,5.393939,0.69697,0.03003,0.0,0.965657,0.752727,0.21293,0.806913,"{""auto_evalrepair_r10_c20"": 2, ""mask_fill_edgewalk_nearestrow_inset1_rows16_p40"": 6, ""mask_fill_edgewalk_nearestrow_inset2_rows16_p40"": 11, ""mask_fill_edgewalk_nearestrow_rows16_p40"": 4, ""mask_fill_edgewalk_nearestrow_safeadt_t2m5_r055_a64_rows16_p40"": 6, ""mask_fill_edgewalk_rows16_p40"": 1, ""skeleton_c30_m20"": 1, ""skeleton_c30_m4"": 2}","{""public_balanced"": 33}",False,0.05293811
223,33,0.05079758,1.0,public_balanced,0.2,0.1,0.01,0.0,0.05,0.05,0.04,0.8,0.84,0.58,0.78,20.0,8.0,0.5,24.0,5.0,0.68,0.78,0.5,24.0,5.0,0.68,0.78,33,0,0.059744,0.049596,5.393939,0.69697,0.03003,0.0,0.965657,0.752727,0.21293,0.806913,"{""auto_evalrepair_r10_c20"": 2, ""mask_fill_edgewalk_nearestrow_inset1_rows16_p40"": 6, ""mask_fill_edgewalk_nearestrow_inset2_rows16_p40"": 11, ""mask_fill_edgewalk_nearestrow_rows16_p40"": 4, ""mask_fill_edgewalk_nearestrow_safeadt_t2m5_r055_a64_rows16_p40"": 6, ""mask_fill_edgewalk_rows16_p40"": 1, ""skeleton_c30_m20"": 1, ""skeleton_c30_m4"": 2}","{""public_balanced"": 33}",False,0.05293811
226,33,0.05079758,1.0,public_balanced,0.2,0.1,0.01,0.01,0.05,0.05,0.04,0.8,0.84,0.58,0.78,20.0,8.0,0.5,24.0,5.0,0.68,0.78,0.5,24.0,5.0,0.68,0.78,33,0,0.060615,0.049596,5.393939,0.69697,0.03003,0.0,0.965657,0.752727,0.21293,0.806913,"{""auto_evalrepair_r10_c20"": 2, ""mask_fill_edgewalk_nearestrow_inset1_rows16_p40"": 6, ""mask_fill_edgewalk_nearestrow_inset2_rows16_p40"": 11, ""mask_fill_edgewalk_nearestrow_rows16_p40"": 4, ""mask_fill_edgewalk_nearestrow_safeadt_t2m5_r055_a64_rows16_p40"": 6, ""mask_fill_edgewalk_rows16_p40"": 1, ""skeleton_c30_m20"": 1, ""skeleton_c30_m4"": 2}","{""public_balanced"": 33}",False,0.05293811
1,33,0.05080001,1.0,global,0.2,0.1,0.0,0.0,0.05,0.05,0.04,0.8,0.84,0.58,0.78,20.0,8.0,0.5,24.0,5.0,0.68,0.78,0.5,24.0,5.0,0.68,0.78,33,0,0.056626,0.049599,5.393939,0.69697,0.03003,0.0,0.97739,0.8,0.17739,0.801932,"{""auto_evalrepair_r10_c20"": 2, ""mask_fill_edgewalk_nearestrow_inset1_rows16_p40"": 6, ""mask_fill_edgewalk_nearestrow_inset2_rows16_p40"": 12, ""mask_fill_edgewalk_nearestrow_rows16_p40"": 4, ""mask_fill_edgewalk_nearestrow_safeadt_t2m5_r055_a64_rows16_p40"": 6, ""mask_fill_edgewalk_rows16_p40"": 1, ""skeleton_c30_m20"": 1, ""skeleton_c30_m4"": 1}","{""global"": 33}",False,0.05294111
4,33,0.05080001,1.0,global,0.2,0.1,0.0,0.01,0.05,0.05,0.04,0.8,0.84,0.58,0.78,20.0,8.0,0.5,24.0,5.0,0.68,0.78,0.5,24.0,5.0,0.68,0.78,33,0,0.057498,0.049599,5.393939,0.69697,0.03003,0.0,0.97739,0.8,0.17739,0.801932,"{""auto_evalrepair_r10_c20"": 2, ""mask_fill_edgewalk_nearestrow_inset1_rows16_p40"": 6, ""mask_fill_edgewalk_nearestrow_inset2_rows16_p40"": 12, ""mask_fill_edgewalk_nearestrow_rows16_p40"": 4, ""mask_fill_edgewalk_nearestrow_safeadt_t2m5_r055_a64_rows16_p40"": 6, ""mask_fill_edgewalk_rows16_p40"": 1, ""skeleton_c30_m20"": 1, ""skeleton_c30_m4"": 1}","{""global"": 33}",False,0.05294111
7,33,0.05080001,1.0,global,0.2,0.1,0.01,0.0,0.05,0.05,0.04,0.8,0.84,0.58,0.78,20.0,8.0,0.5,24.0,5.0,0.68,0.78,0.5,24.0,5.0,0.68,0.78,33,0,0.059323,0.049599,5.393939,0.69697,0.03003,0.0,0.97739,0.8,0.17739,0.801932,"{""auto_evalrepair_r10_c20"": 2, ""mask_fill_edgewalk_nearestrow_inset1_rows16_p40"": 6, ""mask_fill_edgewalk_nearestrow_inset2_rows16_p40"": 12, ""mask_fill_edgewalk_nearestrow_rows16_p40"": 4, ""mask_fill_edgewalk_nearestrow_safeadt_t2m5_r055_a64_rows16_p40"": 6, ""mask_fill_edgewalk_rows16_p40"": 1, ""skeleton_c30_m20"": 1, ""skeleton_c30_m4"": 1}","{""global"": 33}",False,0.05294111
10,33,0.05080001,1.0,global,0.2,0.1,0.01,0.01,0.05,0.05,0.04,0.8,0.84,0.58,0.78,20.0,8.0,0.5,24.0,5.0,0.68,0.78,0.5,24.0,5.0,0.68,0.78,33,0,0.060194,0.049599,5.393939,0.69697,0.03003,0.0,0.97739,0.8,0.17739,0.801932,"{""auto_evalrepair_r10_c20"": 2, ""mask_fill_edgewalk_nearestrow_inset1_rows16_p40"": 6, ""mask_fill_edgewalk_nearestrow_inset2_rows16_p40"": 12, ""mask_fill_edgewalk_nearestrow_rows16_p40"": 4, ""mask_fill_edgewalk_nearestrow_safeadt_t2m5_r055_a64_rows16_p40"": 6, ""mask_fill_edgewalk_rows16_p40"": 1, ""skeleton_c30_m20"": 1, ""skeleton_c30_m4"": 1}","{""global"": 33}",False,0.05294111
37,33,0.05080001,1.0,global,0.35,0.1,0.0,0.0,0.05,0.05,0.04,0.8,0.84,0.58,0.78,20.0,8.0,0.5,24.0,5.0,0.68,0.78,0.5,24.0,5.0,0.68,0.78,33,0,0.057131,0.049599,5.393939,0.69697,0.03003,0.0,0.97739,0.8,0.17739,0.801932,"{""auto_evalrepair_r10_c20"": 2, ""mask_fill_edgewalk_nearestrow_inset1_rows16_p40"": 6, ""mask_fill_edgewalk_nearestrow_inset2_rows16_p40"": 12, ""mask_fill_edgewalk_nearestrow_rows16_p40"": 4, ""mask_fill_edgewalk_nearestrow_safeadt_t2m5_r055_a64_rows16_p40"": 6, ""mask_fill_edgewalk_rows16_p40"": 1, ""skeleton_c30_m20"": 1, ""skeleton_c30_m4"": 1}","{""global"": 33}",False,0.05294111
40,33,0.05080001,1.0,global,0.35,0.1,0.0,0.01,0.05,0.05,0.04,0.8,0.84,0.58,0.78,20.0,8.0,0.5,24.0,5.0,0.68,0.78,0.5,24.0,5.0,0.68,0.78,33,0,0.058002,0.049599,5.393939,0.69697,0.03003,0.0,0.97739,0.8,0.17739,0.801932,"{""auto_evalrepair_r10_c20"": 2, ""mask_fill_edgewalk_nearestrow_inset1_rows16_p40"": 6, ""mask_fill_edgewalk_nearestrow_inset2_rows16_p40"": 12, ""mask_fill_edgewalk_nearestrow_rows16_p40"": 4, ""mask_fill_edgewalk_nearestrow_safeadt_t2m5_r055_a64_rows16_p40"": 6, ""mask_fill_edgewalk_rows16_p40"": 1, ""skeleton_c30_m20"": 1, ""skeleton_c30_m4"": 1}","{""global"": 33}",False,0.05294111
43,33,0.05080001,1.0,global,0.35,0.1,0.01,0.0,0.05,0.05,0.04,0.8,0.84,0.58,0.78,20.0,8.0,0.5,24.0,5.0,0.68,0.78,0.5,24.0,5.0,0.68,0.78,33,0,0.059828,0.049599,5.393939,0.69697,0.03003,0.0,0.97739,0.8,0.17739,0.801932,"{""auto_evalrepair_r10_c20"": 2, ""mask_fill_edgewalk_nearestrow_inset1_rows16_p40"": 6, ""mask_fill_edgewalk_nearestrow_inset2_rows16_p40"": 12, ""mask_fill_edgewalk_nearestrow_rows16_p40"": 4, ""mask_fill_edgewalk_nearestrow_safeadt_t2m5_r055_a64_rows16_p40"": 6, ""mask_fill_edgewalk_rows16_p40"": 1, ""skeleton_c30_m20"": 1, ""skeleton_c30_m4"": 1}","{""global"": 33}",False,0.05294111
46,33,0.05080001,1.0,global,0.35,0.1,0.01,0.01,0.05,0.05,0.04,0.8,0.84,0.58,0.78,20.0,8.0,0.5,24.0,5.0,0.68,0.78,0.5,24.0,5.0,0.68,0.78,33,0,0.060699,0.049599,5.393939,0.69697,0.03003,0.0,0.97739,0.8,0.17739,0.801932,"{""auto_evalrepair_r10_c20"": 2, ""mask_fill_edgewalk_nearestrow_inset1_rows16_p40"": 6, ""mask_fill_edgewalk_nearestrow_inset2_rows16_p40"": 12, ""mask_fill_edgewalk_nearestrow_rows16_p40"": 4, ""mask_fill_edgewalk_nearestrow_safeadt_t2m5_r055_a64_rows16_p40"": 6, ""mask_fill_edgewalk_rows16_p40"": 1, ""skeleton_c30_m20"": 1, ""skeleton_c30_m4"": 1}","{""global"": 33}",False,0.05294111
216,33,0.05115593,1.0,public_balanced,0.2,0.1,0.0,0.0,0.02,0.05,0.04,0.8,0.84,0.58,0.78,20.0,8.0,0.5,24.0,5.0,0.68,0.78,0.5,24.0,5.0,0.68,0.78,33,0,0.056106,0.049158,5.484848,0.424242,0.049952,0.0,0.967005,0.752727,0.214278,0.806487,"{""auto_evalrepair_r10_c20"": 1, ""mask_fill_edgewalk_nearestrow_inset1_rows16_p40"": 6, ""mask_fill_edgewalk_nearestrow_inset2_rows16_p40"": 11, ""mask_fill_edgewalk_nearestrow_rows16_p40"": 4, ""mask_fill_edgewalk_nearestrow_safeadt_t2m5_r055_a64_rows16_p40"": 6, ""mask_fill_edgewalk_rows16_p40"": 2, ""skeleton_c30_m20"": 1, ""skeleton_c30_m4"": 2}","{""public_balanced"": 33}",False,0.05311972
0,33,0.05115823,1.0,global,0.2,0.1,0.0,0.0,0.02,0.05,0.04,0.8,0.84,0.58,0.78,20.0,8.0,0.5,24.0,5.0,0.68,0.78,0.5,24.0,5.0,0.68,0.78,33,0,0.055685,0.04916,5.484848,0.424242,0.049952,0.0,0.978737,0.8,0.178737,0.801506,"{""auto_evalrepair_r10_c20"": 1, ""mask_fill_edgewalk_nearestrow_inset1_rows16_p40"": 6, ""mask_fill_edgewalk_nearestrow_inset2_rows16_p40"": 12, ""mask_fill_edgewalk_nearestrow_rows16_p40"": 4, ""mask_fill_edgewalk_nearestrow_safeadt_t2m5_r055_a64_rows16_p40"": 6, ""mask_fill_edgewalk_rows16_p40"": 2, ""skeleton_c30_m20"": 1, ""skeleton_c30_m4"": 1}","{""global"": 33}",False,0.05312172
36,33,0.05115823,1.0,global,0.35,0.1,0.0,0.0,0.02,0.05,0.04,0.8,0.84,0.58,0.78,20.0,8.0,0.5,24.0,5.0,0.68,0.78,0.5,24.0,5.0,0.68,0.78,33,0,0.05619,0.04916,5.484848,0.424242,0.049952,0.0,0.978737,0.8,0.178737,0.801506,"{""auto_evalrepair_r10_c20"": 1, ""mask_fill_edgewalk_nearestrow_inset1_rows16_p40"": 6, ""mask_fill_edgewalk_nearestrow_inset2_rows16_p40"": 12, ""mask_fill_edgewalk_nearestrow_rows16_p40"": 4, ""mask_fill_edgewalk_nearestrow_safeadt_t2m5_r055_a64_rows16_p40"": 6, ""mask_fill_edgewalk_rows16_p40"": 2, ""skeleton_c30_m20"": 1, ""skeleton_c30_m4"": 1}","{""global"": 33}",False,0.05312172
221,33,0.05122892,1.0,public_balanced,0.2,0.1,0.0,0.01,0.1,0.05,0.04,0.8,0.84,0.58,0.78,20.0,8.0,0.5,24.0,5.0,0.68,0.78,0.5,24.0,5.0,0.68,0.78,33,0,0.059026,0.050628,5.515152,0.757576,0.015015,0.0,0.965544,0.752727,0.212817,0.809045,"{""auto_evalrepair_r10_c20"": 2, ""mask_fill_edgewalk_nearestrow_inset1_rows16_p40"": 5, ""mask_fill_edgewalk_nearestrow_inset2_rows16_p40"": 12, ""mask_fill_edgewalk_nearestrow_rows16_p40"": 4, ""mask_fill_edgewalk_nearestrow_safeadt_t2m5_r055_a64_rows16_p40"": 6, ""mask_fill_edgewalk_rows16_p40"": 1, ""skeleton_c30_m20"": 1, ""skeleton_c30_m4"": 2}","{""public_balanced"": 33}",False,0.05345133
227,33,0.05122892,1.0,public_balanced,0.2,0.1,0.01,0.01,0.1,0.05,0.04,0.8,0.84,0.58,0.78,20.0,8.0,0.5,24.0,5.0,0.68,0.78,0.5,24.0,5.0,0.68,0.78,33,0,0.061783,0.050628,5.515152,0.757576,0.015015,0.0,0.965544,0.752727,0.212817,0.809045,"{""auto_evalrepair_r10_c20"": 2, ""mask_fill_edgewalk_nearestrow_inset1_rows16_p40"": 5, ""mask_fill_edgewalk_nearestrow_inset2_rows16_p40"": 12, ""mask_fill_edgewalk_nearestrow_rows16_p40"": 4, ""mask_fill_edgewalk_nearestrow_safeadt_t2m5_r055_a64_rows16_p40"": 6, ""mask_fill_edgewalk_rows16_p40"": 1, ""skeleton_c30_m20"": 1, ""skeleton_c30_m4"": 2}","{""public_balanced"": 33}",False,0.05345133
5,33,0.05123138,1.0,global,0.2,0.1,0.0,0.01,0.1,0.05,0.04,0.8,0.84,0.58,0.78,20.0,8.0,0.5,24.0,5.0,0.68,0.78,0.5,24.0,5.0,0.68,0.78,33,0,0.058605,0.050631,5.515152,0.757576,0.015015,0.0,0.977277,0.8,0.177277,0.804064,"{""auto_evalrepair_r10_c20"": 2, ""mask_fill_edgewalk_nearestrow_inset1_rows16_p40"": 5, ""mask_fill_edgewalk_nearestrow_inset2_rows16_p40"": 13, ""mask_fill_edgewalk_nearestrow_rows16_p40"": 4, ""mask_fill_edgewalk_nearestrow_safeadt_t2m5_r055_a64_rows16_p40"": 6, ""mask_fill_edgewalk_rows16_p40"": 1, ""skeleton_c30_m20"": 1, ""skeleton_c30_m4"": 1}","{""global"": 33}",False,0.05345433
11,33,0.05123138,1.0,global,0.2,0.1,0.01,0.01,0.1,0.05,0.04,0.8,0.84,0.58,0.78,20.0,8.0,0.5,24.0,5.0,0.68,0.78,0.5,24.0,5.0,0.68,0.78,33,0,0.061363,0.050631,5.515152,0.757576,0.015015,0.0,0.977277,0.8,0.177277,0.804064,"{""auto_evalrepair_r10_c20"": 2, ""mask_fill_edgewalk_nearestrow_inset1_rows16_p40"": 5, ""mask_fill_edgewalk_nearestrow_inset2_rows16_p40"": 13, ""mask_fill_edgewalk_nearestrow_rows16_p40"": 4, ""mask_fill_edgewalk_nearestrow_safeadt_t2m5_r055_a64_rows16_p40"": 6, ""mask_fill_edgewalk_rows16_p40"": 1, ""skeleton_c30_m20"": 1, ""skeleton_c30_m4"": 1}","{""global"": 33}",False,0.05345433
41,33,0.05123138,1.0,global,0.35,0.1,0.0,0.01,0.1,0.05,0.04,0.8,0.84,0.58,0.78,20.0,8.0,0.5,24.0,5.0,0.68,0.78,0.5,24.0,5.0,0.68,0.78,33,0,0.05911,0.050631,5.515152,0.757576,0.015015,0.0,0.977277,0.8,0.177277,0.804064,"{""auto_evalrepair_r10_c20"": 2, ""mask_fill_edgewalk_nearestrow_inset1_rows16_p40"": 5, ""mask_fill_edgewalk_nearestrow_inset2_rows16_p40"": 13, ""mask_fill_edgewalk_nearestrow_rows16_p40"": 4, ""mask_fill_edgewalk_nearestrow_safeadt_t2m5_r055_a64_rows16_p40"": 6, ""mask_fill_edgewalk_rows16_p40"": 1, ""skeleton_c30_m20"": 1, ""skeleton_c30_m4"": 1}","{""global"": 33}",False,0.05345433
47,33,0.05123138,1.0,global,0.35,0.1,0.01,0.01,0.1,0.05,0.04,0.8,0.84,0.58,0.78,20.0,8.0,0.5,24.0,5.0,0.68,0.78,0.5,24.0,5.0,0.68,0.78,33,0,0.061868,0.050631,5.515152,0.757576,0.015015,0.0,0.977277,0.8,0.177277,0.804064,"{""auto_evalrepair_r10_c20"": 2, ""mask_fill_edgewalk_nearestrow_inset1_rows16_p40"": 5, ""mask_fill_edgewalk_nearestrow_inset2_rows16_p40"": 13, ""mask_fill_edgewalk_nearestrow_rows16_p40"": 4, ""mask_fill_edgewalk_nearestrow_safeadt_t2m5_r055_a64_rows16_p40"": 6, ""mask_fill_edgewalk_rows16_p40"": 1, ""skeleton_c30_m20"": 1, ""skeleton_c30_m4"": 1}","{""global"": 33}",False,0.05345433
222,33,0.05138296,1.0,public_balanced,0.2,0.1,0.01,0.0,0.02,0.05,0.04,0.8,0.84,0.58,0.78,20.0,8.0,0.5,24.0,5.0,0.68,0.78,0.5,24.0,5.0,0.68,0.78,33,0,0.058796,0.049039,5.272727,0.666667,0.0586,0.0,0.965742,0.752727,0.213015,0.806098,"{""auto_evalrepair_r10_c20"": 2, ""mask_fill_edgewalk_nearestrow_inset1_rows16_p40"": 6, ""mask_fill_edgewalk_nearestrow_inset2_rows16_p40"": 10, ""mask_fill_edgewalk_nearestrow_rows16_p40"": 4, ""mask_fill_edgewalk_nearestrow_safeadt_t2m5_r055_a64_rows16_p40"": 7, ""mask_fill_edgewalk_rows16_p40"": 1, ""skeleton_c30_m20"": 1, ""skeleton_c30_m4"": 2}","{""public_balanced"": 33}",False,0.05346482
6,33,0.05138536,1.0,global,0.2,0.1,0.01,0.0,0.02,0.05,0.04,0.8,0.84,0.58,0.78,20.0,8.0,0.5,24.0,5.0,0.68,0.78,0.5,24.0,5.0,0.68,0.78,33,0,0.058376,0.049041,5.272727,0.666667,0.0586,0.0,0.977475,0.8,0.177475,0.801117,"{""auto_evalrepair_r10_c20"": 2, ""mask_fill_edgewalk_nearestrow_inset1_rows16_p40"": 6, ""mask_fill_edgewalk_nearestrow_inset2_rows16_p40"": 11, ""mask_fill_edgewalk_nearestrow_rows16_p40"": 4, ""mask_fill_edgewalk_nearestrow_safeadt_t2m5_r055_a64_rows16_p40"": 7, ""mask_fill_edgewalk_rows16_p40"": 1, ""skeleton_c30_m20"": 1, ""skeleton_c30_m4"": 1}","{""global"": 33}",False,0.05346682
42,33,0.05138536,1.0,global,0.35,0.1,0.01,0.0,0.02,0.05,0.04,0.8,0.84,0.58,0.78,20.0,8.0,0.5,24.0,5.0,0.68,0.78,0.5,24.0,5.0,0.68,0.78,33,0,0.058881,0.049041,5.272727,0.666667,0.0586,0.0,0.977475,0.8,0.177475,0.801117,"{""auto_evalrepair_r10_c20"": 2, ""mask_fill_edgewalk_nearestrow_inset1_rows16_p40"": 6, ""mask_fill_edgewalk_nearestrow_inset2_rows16_p40"": 11, ""mask_fill_edgewalk_nearestrow_rows16_p40"": 4, ""mask_fill_edgewalk_nearestrow_safeadt_t2m5_r055_a64_rows16_p40"": 7, ""mask_fill_edgewalk_rows16_p40"": 1, ""skeleton_c30_m20"": 1, ""skeleton_c30_m4"": 1}","{""global"": 33}",False,0.05346682
219,33,0.05174124,1.0,public_balanced,0.2,0.1,0.0,0.01,0.02,0.05,0.04,0.8,0.84,0.58,0.78,20.0,8.0,0.5,24.0,5.0,0.68,0.78,0.5,24.0,5.0,0.68,0.78,33,0,0.056612,0.0486,5.363636,0.393939,0.078521,0.0,0.96709,0.752727,0.214363,0.805672,"{""auto_evalrepair_r10_c20"": 1, ""mask_fill_edgewalk_nearestrow_inset1_rows16_p40"": 6, ""mask_fill_edgewalk_nearestrow_inset2_rows16_p40"": 10, ""mask_fill_edgewalk_nearestrow_rows16_p40"": 4, ""mask_fill_edgewalk_nearestrow_safeadt_t2m5_r055_a64_rows16_p40"": 7, ""mask_fill_edgewalk_rows16_p40"": 2, ""skeleton_c30_m20"": 1, ""skeleton_c30_m4"": 2}","{""public_balanced"": 33}",False,0.05364539
225,33,0.05174124,1.0,public_balanced,0.2,0.1,0.01,0.01,0.02,0.05,0.04,0.8,0.84,0.58,0.78,20.0,8.0,0.5,24.0,5.0,0.68,0.78,0.5,24.0,5.0,0.68,0.78,33,0,0.059294,0.0486,5.363636,0.393939,0.078521,0.0,0.96709,0.752727,0.214363,0.805672,"{""auto_evalrepair_r10_c20"": 1, ""mask_fill_edgewalk_nearestrow_inset1_rows16_p40"": 6, ""mask_fill_edgewalk_nearestrow_inset2_rows16_p40"": 10, ""mask_fill_edgewalk_nearestrow_rows16_p40"": 4, ""mask_fill_edgewalk_nearestrow_safeadt_t2m5_r055_a64_rows16_p40"": 7, ""mask_fill_edgewalk_rows16_p40"": 2, ""skeleton_c30_m20"": 1, ""skeleton_c30_m4"": 2}","{""public_balanced"": 33}",False,0.05364539
3,33,0.05174361,1.0,global,0.2,0.1,0.0,0.01,0.02,0.05,0.04,0.8,0.84,0.58,0.78,20.0,8.0,0.5,24.0,5.0,0.68,0.78,0.5,24.0,5.0,0.68,0.78,33,0,0.056192,0.048603,5.363636,0.393939,0.078521,0.0,0.978823,0.8,0.178823,0.800692,"{""auto_evalrepair_r10_c20"": 1, ""mask_fill_edgewalk_nearestrow_inset1_rows16_p40"": 6, ""mask_fill_edgewalk_nearestrow_inset2_rows16_p40"": 11, ""mask_fill_edgewalk_nearestrow_rows16_p40"": 4, ""mask_fill_edgewalk_nearestrow_safeadt_t2m5_r055_a64_rows16_p40"": 7, ""mask_fill_edgewalk_rows16_p40"": 2, ""skeleton_c30_m20"": 1, ""skeleton_c30_m4"": 1}","{""global"": 33}",False,0.05364839
9,33,0.05174361,1.0,global,0.2,0.1,0.01,0.01,0.02,0.05,0.04,0.8,0.84,0.58,0.78,20.0,8.0,0.5,24.0,5.0,0.68,0.78,0.5,24.0,5.0,0.68,0.78,33,0,0.058874,0.048603,5.363636,0.393939,0.078521,0.0,0.978823,0.8,0.178823,0.800692,"{""auto_evalrepair_r10_c20"": 1, ""mask_fill_edgewalk_nearestrow_inset1_rows16_p40"": 6, ""mask_fill_edgewalk_nearestrow_inset2_rows16_p40"": 11, ""mask_fill_edgewalk_nearestrow_rows16_p40"": 4, ""mask_fill_edgewalk_nearestrow_safeadt_t2m5_r055_a64_rows16_p40"": 7, ""mask_fill_edgewalk_rows16_p40"": 2, ""skeleton_c30_m20"": 1, ""skeleton_c30_m4"": 1}","{""global"": 33}",False,0.05364839
39,33,0.05174361,1.0,global,0.35,0.1,0.0,0.01,0.02,0.05,0.04,0.8,0.84,0.58,0.78,20.0,8.0,0.5,24.0,5.0,0.68,0.78,0.5,24.0,5.0,0.68,0.78,33,0,0.056697,0.048603,5.363636,0.393939,0.078521,0.0,0.978823,0.8,0.178823,0.800692,"{""auto_evalrepair_r10_c20"": 1, ""mask_fill_edgewalk_nearestrow_inset1_rows16_p40"": 6, ""mask_fill_edgewalk_nearestrow_inset2_rows16_p40"": 11, ""mask_fill_edgewalk_nearestrow_rows16_p40"": 4, ""mask_fill_edgewalk_nearestrow_safeadt_t2m5_r055_a64_rows16_p40"": 7, ""mask_fill_edgewalk_rows16_p40"": 2, ""skeleton_c30_m20"": 1, ""skeleton_c30_m4"": 1}","{""global"": 33}",False,0.05364839
45,33,0.05174361,1.0,global,0.35,0.1,0.01,0.01,0.02,0.05,0.04,0.8,0.84,0.58,0.78,20.0,8.0,0.5,24.0,5.0,0.68,0.78,0.5,24.0,5.0,0.68,0.78,33,0,0.059378,0.048603,5.363636,0.393939,0.078521,0.0,0.978823,0.8,0.178823,0.800692,"{""auto_evalrepair_r10_c20"": 1, ""mask_fill_edgewalk_nearestrow_inset1_rows16_p40"": 6, ""mask_fill_edgewalk_nearestrow_inset2_rows16_p40"": 11, ""mask_fill_edgewalk_nearestrow_rows16_p40"": 4, ""mask_fill_edgewalk_nearestrow_safeadt_t2m5_r055_a64_rows16_p40"": 7, ""mask_fill_edgewalk_rows16_p40"": 2, ""skeleton_c30_m20"": 1, ""skeleton_c30_m4"": 1}","{""global"": 33}",False,0.05364839
218,33,0.05197606,1.0,public_balanced,0.2,0.1,0.0,0.0,0.1,0.05,0.04,0.8,0.84,0.58,0.78,20.0,8.0,0.5,24.0,5.0,0.68,0.78,0.5,24.0,5.0,0.68,0.78,33,0,0.057925,0.051976,5.545455,1.0,0.0,0.0,0.965216,0.752727,0.212489,0.811208,"{""auto_evalrepair_r10_c20"": 3, ""mask_fill_edgewalk_nearestrow_inset1_rows16_p40"": 5, ""mask_fill_edgewalk_nearestrow_inset2_rows16_p40"": 12, ""mask_fill_edgewalk_nearestrow_rows16_p40"": 3, ""mask_fill_edgewalk_nearestrow_safeadt_t2m5_r055_a64_rows16_p40"": 6, ""mask_fill_edgewalk_rows16_p40"": 1, ""skeleton_c30_m20"": 1, ""skeleton_c30_m4"": 2}","{""public_balanced"": 33}",False,0.05438964
224,33,0.05197606,1.0,public_balanced,0.2,0.1,0.01,0.0,0.1,0.05,0.04,0.8,0.84,0.58,0.78,20.0,8.0,0.5,24.0,5.0,0.68,0.78,0.5,24.0,5.0,0.68,0.78,33,0,0.060698,0.051976,5.545455,1.0,0.0,0.0,0.965216,0.752727,0.212489,0.811208,"{""auto_evalrepair_r10_c20"": 3, ""mask_fill_edgewalk_nearestrow_inset1_rows16_p40"": 5, ""mask_fill_edgewalk_nearestrow_inset2_rows16_p40"": 12, ""mask_fill_edgewalk_nearestrow_rows16_p40"": 3, ""mask_fill_edgewalk_nearestrow_safeadt_t2m5_r055_a64_rows16_p40"": 6, ""mask_fill_edgewalk_rows16_p40"": 1, ""skeleton_c30_m20"": 1, ""skeleton_c30_m4"": 2}","{""public_balanced"": 33}",False,0.05438964
2,33,0.05197848,1.0,global,0.2,0.1,0.0,0.0,0.1,0.05,0.04,0.8,0.84,0.58,0.78,20.0,8.0,0.5,24.0,5.0,0.68,0.78,0.5,24.0,5.0,0.68,0.78,33,0,0.057504,0.051978,5.545455,1.0,0.0,0.0,0.976949,0.8,0.176949,0.806228,"{""auto_evalrepair_r10_c20"": 3, ""mask_fill_edgewalk_nearestrow_inset1_rows16_p40"": 5, ""mask_fill_edgewalk_nearestrow_inset2_rows16_p40"": 13, ""mask_fill_edgewalk_nearestrow_rows16_p40"": 3, ""mask_fill_edgewalk_nearestrow_safeadt_t2m5_r055_a64_rows16_p40"": 6, ""mask_fill_edgewalk_rows16_p40"": 1, ""skeleton_c30_m20"": 1, ""skeleton_c30_m4"": 1}","{""global"": 33}",False,0.05439164
8,33,0.05197848,1.0,global,0.2,0.1,0.01,0.0,0.1,0.05,0.04,0.8,0.84,0.58,0.78,20.0,8.0,0.5,24.0,5.0,0.68,0.78,0.5,24.0,5.0,0.68,0.78,33,0,0.060277,0.051978,5.545455,1.0,0.0,0.0,0.976949,0.8,0.176949,0.806228,"{""auto_evalrepair_r10_c20"": 3, ""mask_fill_edgewalk_nearestrow_inset1_rows16_p40"": 5, ""mask_fill_edgewalk_nearestrow_inset2_rows16_p40"": 13, ""mask_fill_edgewalk_nearestrow_rows16_p40"": 3, ""mask_fill_edgewalk_nearestrow_safeadt_t2m5_r055_a64_rows16_p40"": 6, ""mask_fill_edgewalk_rows16_p40"": 1, ""skeleton_c30_m20"": 1, ""skeleton_c30_m4"": 1}","{""global"": 33}",False,0.05439164
38,33,0.05197848,1.0,global,0.35,0.1,0.0,0.0,0.1,0.05,0.04,0.8,0.84,0.58,0.78,20.0,8.0,0.5,24.0,5.0,0.68,0.78,0.5,24.0,5.0,0.68,0.78,33,0,0.058009,0.051978,5.545455,1.0,0.0,0.0,0.976949,0.8,0.176949,0.806228,"{""auto_evalrepair_r10_c20"": 3, ""mask_fill_edgewalk_nearestrow_inset1_rows16_p40"": 5, ""mask_fill_edgewalk_nearestrow_inset2_rows16_p40"": 13, ""mask_fill_edgewalk_nearestrow_rows16_p40"": 3, ""mask_fill_edgewalk_nearestrow_safeadt_t2m5_r055_a64_rows16_p40"": 6, ""mask_fill_edgewalk_rows16_p40"": 1, ""skeleton_c30_m20"": 1, ""skeleton_c30_m4"": 1}","{""global"": 33}",False,0.05439164
44,33,0.05197848,1.0,global,0.35,0.1,0.01,0.0,0.1,0.05,0.04,0.8,0.84,0.58,0.78,20.0,8.0,0.5,24.0,5.0,0.68,0.78,0.5,24.0,5.0,0.68,0.78,33,0,0.060782,0.051978,5.545455,1.0,0.0,0.0,0.976949,0.8,0.176949,0.806228,"{""auto_evalrepair_r10_c20"": 3, ""mask_fill_edgewalk_nearestrow_inset1_rows16_p40"": 5, ""mask_fill_edgewalk_nearestrow_inset2_rows16_p40"": 13, ""mask_fill_edgewalk_nearestrow_rows16_p40"": 3, ""mask_fill_edgewalk_nearestrow_safeadt_t2m5_r055_a64_rows16_p40"": 6, ""mask_fill_edgewalk_rows16_p40"": 1, ""skeleton_c30_m20"": 1, ""skeleton_c30_m4"": 1}","{""global"": 33}",False,0.05439164
253,33,0.05224177,1.0,public_balanced,0.35,0.1,0.0,0.0,0.05,0.05,0.04,0.8,0.84,0.58,0.78,20.0,8.0,0.5,24.0,5.0,0.68,0.78,0.5,24.0,5.0,0.68,0.78,33,0,0.057333,0.051041,5.545455,0.727273,0.03003,0.0,0.97498,0.752727,0.222253,0.805857,"{""auto_evalrepair_r10_c20"": 1, ""mask_fill_edgewalk_nearestrow_inset1_rows16_p40"": 6, ""mask_fill_edgewalk_nearestrow_inset2_rows16_p40"": 12, ""mask_fill_edgewalk_nearestrow_rows16_p40"": 4, ""mask_fill_edgewalk_nearestrow_safeadt_t2m5_r055_a64_rows16_p40"": 6, ""mask_fill_edgewalk_rows16_p40"": 1, ""skeleton_c30_m20"": 1, ""skeleton_c30_m4"": 2}","{""public_balanced"": 33}",False,0.05445129
256,33,0.05224177,1.0,public_balanced,0.35,0.1,0.0,0.01,0.05,0.05,0.04,0.8,0.84,0.58,0.78,20.0,8.0,0.5,24.0,5.0,0.68,0.78,0.5,24.0,5.0,0.68,0.78,33,0,0.058242,0.051041,5.545455,0.727273,0.03003,0.0,0.97498,0.752727,0.222253,0.805857,"{""auto_evalrepair_r10_c20"": 1, ""mask_fill_edgewalk_nearestrow_inset1_rows16_p40"": 6, ""mask_fill_edgewalk_nearestrow_inset2_rows16_p40"": 12, ""mask_fill_edgewalk_nearestrow_rows16_p40"": 4, ""mask_fill_edgewalk_nearestrow_safeadt_t2m5_r055_a64_rows16_p40"": 6, ""mask_fill_edgewalk_rows16_p40"": 1, ""skeleton_c30_m20"": 1, ""skeleton_c30_m4"": 2}","{""public_balanced"": 33}",False,0.05445129
259,33,0.05224177,1.0,public_balanced,0.35,0.1,0.01,0.0,0.05,0.05,0.04,0.8,0.84,0.58,0.78,20.0,8.0,0.5,24.0,5.0,0.68,0.78,0.5,24.0,5.0,0.68,0.78,33,0,0.060106,0.051041,5.545455,0.727273,0.03003,0.0,0.97498,0.752727,0.222253,0.805857,"{""auto_evalrepair_r10_c20"": 1, ""mask_fill_edgewalk_nearestrow_inset1_rows16_p40"": 6, ""mask_fill_edgewalk_nearestrow_inset2_rows16_p40"": 12, ""mask_fill_edgewalk_nearestrow_rows16_p40"": 4, ""mask_fill_edgewalk_nearestrow_safeadt_t2m5_r055_a64_rows16_p40"": 6, ""mask_fill_edgewalk_rows16_p40"": 1, ""skeleton_c30_m20"": 1, ""skeleton_c30_m4"": 2}","{""public_balanced"": 33}",False,0.05445129
262,33,0.05224177,1.0,public_balanced,0.35,0.1,0.01,0.01,0.05,0.05,0.04,0.8,0.84,0.58,0.78,20.0,8.0,0.5,24.0,5.0,0.68,0.78,0.5,24.0,5.0,0.68,0.78,33,0,0.061015,0.051041,5.545455,0.727273,0.03003,0.0,0.97498,0.752727,0.222253,0.805857,"{""auto_evalrepair_r10_c20"": 1, ""mask_fill_edgewalk_nearestrow_inset1_rows16_p40"": 6, ""mask_fill_edgewalk_nearestrow_inset2_rows16_p40"": 12, ""mask_fill_edgewalk_nearestrow_rows16_p40"": 4, ""mask_fill_edgewalk_nearestrow_safeadt_t2m5_r055_a64_rows16_p40"": 6, ""mask_fill_edgewalk_rows16_p40"": 1, ""skeleton_c30_m20"": 1, ""skeleton_c30_m4"": 2}","{""public_balanced"": 33}",False,0.05445129
289,33,0.05224177,1.0,public_balanced,0.5,0.1,0.0,0.0,0.05,0.05,0.04,0.8,0.84,0.58,0.78,20.0,8.0,0.5,24.0,5.0,0.68,0.78,0.5,24.0,5.0,0.68,0.78,33,0,0.057333,0.051041,5.545455,0.727273,0.03003,0.0,0.97498,0.752727,0.222253,0.805857,"{""auto_evalrepair_r10_c20"": 1, ""mask_fill_edgewalk_nearestrow_inset1_rows16_p40"": 6, ""mask_fill_edgewalk_nearestrow_inset2_rows16_p40"": 12, ""mask_fill_edgewalk_nearestrow_rows16_p40"": 4, ""mask_fill_edgewalk_nearestrow_safeadt_t2m5_r055_a64_rows16_p40"": 6, ""mask_fill_edgewalk_rows16_p40"": 1, ""skeleton_c30_m20"": 1, ""skeleton_c30_m4"": 2}","{""public_balanced"": 33}",False,0.05445129
292,33,0.05224177,1.0,public_balanced,0.5,0.1,0.0,0.01,0.05,0.05,0.04,0.8,0.84,0.58,0.78,20.0,8.0,0.5,24.0,5.0,0.68,0.78,0.5,24.0,5.0,0.68,0.78,33,0,0.058242,0.051041,5.545455,0.727273,0.03003,0.0,0.97498,0.752727,0.222253,0.805857,"{""auto_evalrepair_r10_c20"": 1, ""mask_fill_edgewalk_nearestrow_inset1_rows16_p40"": 6, ""mask_fill_edgewalk_nearestrow_inset2_rows16_p40"": 12, ""mask_fill_edgewalk_nearestrow_rows16_p40"": 4, ""mask_fill_edgewalk_nearestrow_safeadt_t2m5_r055_a64_rows16_p40"": 6, ""mask_fill_edgewalk_rows16_p40"": 1, ""skeleton_c30_m20"": 1, ""skeleton_c30_m4"": 2}","{""public_balanced"": 33}",False,0.05445129
295,33,0.05224177,1.0,public_balanced,0.5,0.1,0.01,0.0,0.05,0.05,0.04,0.8,0.84,0.58,0.78,20.0,8.0,0.5,24.0,5.0,0.68,0.78,0.5,24.0,5.0,0.68,0.78,33,0,0.060106,0.051041,5.545455,0.727273,0.03003,0.0,0.97498,0.752727,0.222253,0.805857,"{""auto_evalrepair_r10_c20"": 1, ""mask_fill_edgewalk_nearestrow_inset1_rows16_p40"": 6, ""mask_fill_edgewalk_nearestrow_inset2_rows16_p40"": 12, ""mask_fill_edgewalk_nearestrow_rows16_p40"": 4, ""mask_fill_edgewalk_nearestrow_safeadt_t2m5_r055_a64_rows16_p40"": 6, ""mask_fill_edgewalk_rows16_p40"": 1, ""skeleton_c30_m20"": 1, ""skeleton_c30_m4"": 2}","{""public_balanced"": 33}",False,0.05445129
298,33,0.05224177,1.0,public_balanced,0.5,0.1,0.01,0.01,0.05,0.05,0.04,0.8,0.84,0.58,0.78,20.0,8.0,0.5,24.0,5.0,0.68,0.78,0.5,24.0,5.0,0.68,0.78,33,0,0.061015,0.051041,5.545455,0.727273,0.03003,0.0,0.97498,0.752727,0.222253,0.805857,"{""auto_evalrepair_r10_c20"": 1, ""mask_fill_edgewalk_nearestrow_inset1_rows16_p40"": 6, ""mask_fill_edgewalk_nearestrow_inset2_rows16_p40"": 12, ""mask_fill_edgewalk_nearestrow_rows16_p40"": 4, ""mask_fill_edgewalk_nearestrow_safeadt_t2m5_r055_a64_rows16_p40"": 6, ""mask_fill_edgewalk_rows16_p40"": 1, ""skeleton_c30_m20"": 1, ""skeleton_c30_m4"": 2}","{""public_balanced"": 33}",False,0.05445129
73,33,0.05224413,1.0,global,0.5,0.1,0.0,0.0,0.05,0.05,0.04,0.8,0.84,0.58,0.78,20.0,8.0,0.5,24.0,5.0,0.68,0.78,0.5,24.0,5.0,0.68,0.78,33,0,0.057397,0.051043,5.545455,0.727273,0.03003,0.0,0.986713,0.8,0.186713,0.800876,"{""auto_evalrepair_r10_c20"": 1, ""mask_fill_edgewalk_nearestrow_inset1_rows16_p40"": 6, ""mask_fill_edgewalk_nearestrow_inset2_rows16_p40"": 13, ""mask_fill_edgewalk_nearestrow_rows16_p40"": 4, ""mask_fill_edgewalk_nearestrow_safeadt_t2m5_r055_a64_rows16_p40"": 6, ""mask_fill_edgewalk_rows16_p40"": 1, ""skeleton_c30_m20"": 1, ""skeleton_c30_m4"": 1}","{""global"": 33}",False,0.05445329
76,33,0.05224413,1.0,global,0.5,0.1,0.0,0.01,0.05,0.05,0.04,0.8,0.84,0.58,0.78,20.0,8.0,0.5,24.0,5.0,0.68,0.78,0.5,24.0,5.0,0.68,0.78,33,0,0.058306,0.051043,5.545455,0.727273,0.03003,0.0,0.986713,0.8,0.186713,0.800876,"{""auto_evalrepair_r10_c20"": 1, ""mask_fill_edgewalk_nearestrow_inset1_rows16_p40"": 6, ""mask_fill_edgewalk_nearestrow_inset2_rows16_p40"": 13, ""mask_fill_edgewalk_nearestrow_rows16_p40"": 4, ""mask_fill_edgewalk_nearestrow_safeadt_t2m5_r055_a64_rows16_p40"": 6, ""mask_fill_edgewalk_rows16_p40"": 1, ""skeleton_c30_m20"": 1, ""skeleton_c30_m4"": 1}","{""global"": 33}",False,0.05445329
79,33,0.05224413,1.0,global,0.5,0.1,0.01,0.0,0.05,0.05,0.04,0.8,0.84,0.58,0.78,20.0,8.0,0.5,24.0,5.0,0.68,0.78,0.5,24.0,5.0,0.68,0.78,33,0,0.06017,0.051043,5.545455,0.727273,0.03003,0.0,0.986713,0.8,0.186713,0.800876,"{""auto_evalrepair_r10_c20"": 1, ""mask_fill_edgewalk_nearestrow_inset1_rows16_p40"": 6, ""mask_fill_edgewalk_nearestrow_inset2_rows16_p40"": 13, ""mask_fill_edgewalk_nearestrow_rows16_p40"": 4, ""mask_fill_edgewalk_nearestrow_safeadt_t2m5_r055_a64_rows16_p40"": 6, ""mask_fill_edgewalk_rows16_p40"": 1, ""skeleton_c30_m20"": 1, ""skeleton_c30_m4"": 1}","{""global"": 33}",False,0.05445329
82,33,0.05224413,1.0,global,0.5,0.1,0.01,0.01,0.05,0.05,0.04,0.8,0.84,0.58,0.78,20.0,8.0,0.5,24.0,5.0,0.68,0.78,0.5,24.0,5.0,0.68,0.78,33,0,0.061079,0.051043,5.545455,0.727273,0.03003,0.0,0.986713,0.8,0.186713,0.800876,"{""auto_evalrepair_r10_c20"": 1, ""mask_fill_edgewalk_nearestrow_inset1_rows16_p40"": 6, ""mask_fill_edgewalk_nearestrow_inset2_rows16_p40"": 13, ""mask_fill_edgewalk_nearestrow_rows16_p40"": 4, ""mask_fill_edgewalk_nearestrow_safeadt_t2m5_r055_a64_rows16_p40"": 6, ""mask_fill_edgewalk_rows16_p40"": 1, ""skeleton_c30_m20"": 1, ""skeleton_c30_m4"": 1}","{""global"": 33}",False,0.05445329
13,33,0.05225568,1.0,global,0.2,0.2,0.0,0.0,0.05,0.05,0.04,0.8,0.84,0.58,0.78,20.0,8.0,0.5,24.0,5.0,0.68,0.78,0.5,24.0,5.0,0.68,0.78,33,0,0.060725,0.051054,5.545455,0.727273,0.03003,0.0,0.976747,0.8,0.176747,0.812983,"{""auto_evalrepair_r10_c20"": 2, ""mask_fill_edgewalk_nearestrow_inset1_rows16_p40"": 6, ""mask_fill_edgewalk_nearestrow_inset2_rows16_p40"": 13, ""mask_fill_edgewalk_nearestrow_rows16_p40"": 4, ""mask_fill_edgewalk_nearestrow_safeadt_t2m5_r055_a64_rows16_p40"": 5, ""mask_fill_edgewalk_rows16_p40"": 1, ""skeleton_c30_m20"": 1, ""skeleton_c30_m4"": 1}","{""global"": 33}",False,0.05446429
16,33,0.05225568,1.0,global,0.2,0.2,0.0,0.01,0.05,0.05,0.04,0.8,0.84,0.58,0.78,20.0,8.0,0.5,24.0,5.0,0.68,0.78,0.5,24.0,5.0,0.68,0.78,33,0,0.061634,0.051054,5.545455,0.727273,0.03003,0.0,0.976747,0.8,0.176747,0.812983,"{""auto_evalrepair_r10_c20"": 2, ""mask_fill_edgewalk_nearestrow_inset1_rows16_p40"": 6, ""mask_fill_edgewalk_nearestrow_inset2_rows16_p40"": 13, ""mask_fill_edgewalk_nearestrow_rows16_p40"": 4, ""mask_fill_edgewalk_nearestrow_safeadt_t2m5_r055_a64_rows16_p40"": 5, ""mask_fill_edgewalk_rows16_p40"": 1, ""skeleton_c30_m20"": 1, ""skeleton_c30_m4"": 1}","{""global"": 33}",False,0.05446429
19,33,0.05225568,1.0,global,0.2,0.2,0.01,0.0,0.05,0.05,0.04,0.8,0.84,0.58,0.78,20.0,8.0,0.5,24.0,5.0,0.68,0.78,0.5,24.0,5.0,0.68,0.78,33,0,0.063497,0.051054,5.545455,0.727273,0.03003,0.0,0.976747,0.8,0.176747,0.812983,"{""auto_evalrepair_r10_c20"": 2, ""mask_fill_edgewalk_nearestrow_inset1_rows16_p40"": 6, ""mask_fill_edgewalk_nearestrow_inset2_rows16_p40"": 13, ""mask_fill_edgewalk_nearestrow_rows16_p40"": 4, ""mask_fill_edgewalk_nearestrow_safeadt_t2m5_r055_a64_rows16_p40"": 5, ""mask_fill_edgewalk_rows16_p40"": 1, ""skeleton_c30_m20"": 1, ""skeleton_c30_m4"": 1}","{""global"": 33}",False,0.05446429
22,33,0.05225568,1.0,global,0.2,0.2,0.01,0.01,0.05,0.05,0.04,0.8,0.84,0.58,0.78,20.0,8.0,0.5,24.0,5.0,0.68,0.78,0.5,24.0,5.0,0.68,0.78,33,0,0.064406,0.051054,5.545455,0.727273,0.03003,0.0,0.976747,0.8,0.176747,0.812983,"{""auto_evalrepair_r10_c20"": 2, ""mask_fill_edgewalk_nearestrow_inset1_rows16_p40"": 6, ""mask_fill_edgewalk_nearestrow_inset2_rows16_p40"": 13, ""mask_fill_edgewalk_nearestrow_rows16_p40"": 4, ""mask_fill_edgewalk_nearestrow_safeadt_t2m5_r055_a64_rows16_p40"": 5, ""mask_fill_edgewalk_rows16_p40"": 1, ""skeleton_c30_m20"": 1, ""skeleton_c30_m4"": 1}","{""global"": 33}",False,0.05446429
49,33,0.05225568,1.0,global,0.35,0.2,0.0,0.0,0.05,0.05,0.04,0.8,0.84,0.58,0.78,20.0,8.0,0.5,24.0,5.0,0.68,0.78,0.5,24.0,5.0,0.68,0.78,33,0,0.061229,0.051054,5.545455,0.727273,0.03003,0.0,0.976747,0.8,0.176747,0.812983,"{""auto_evalrepair_r10_c20"": 2, ""mask_fill_edgewalk_nearestrow_inset1_rows16_p40"": 6, ""mask_fill_edgewalk_nearestrow_inset2_rows16_p40"": 13, ""mask_fill_edgewalk_nearestrow_rows16_p40"": 4, ""mask_fill_edgewalk_nearestrow_safeadt_t2m5_r055_a64_rows16_p40"": 5, ""mask_fill_edgewalk_rows16_p40"": 1, ""skeleton_c30_m20"": 1, ""skeleton_c30_m4"": 1}","{""global"": 33}",False,0.05446429
52,33,0.05225568,1.0,global,0.35,0.2,0.0,0.01,0.05,0.05,0.04,0.8,0.84,0.58,0.78,20.0,8.0,0.5,24.0,5.0,0.68,0.78,0.5,24.0,5.0,0.68,0.78,33,0,0.062139,0.051054,5.545455,0.727273,0.03003,0.0,0.976747,0.8,0.176747,0.812983,"{""auto_evalrepair_r10_c20"": 2, ""mask_fill_edgewalk_nearestrow_inset1_rows16_p40"": 6, ""mask_fill_edgewalk_nearestrow_inset2_rows16_p40"": 13, ""mask_fill_edgewalk_nearestrow_rows16_p40"": 4, ""mask_fill_edgewalk_nearestrow_safeadt_t2m5_r055_a64_rows16_p40"": 5, ""mask_fill_edgewalk_rows16_p40"": 1, ""skeleton_c30_m20"": 1, ""skeleton_c30_m4"": 1}","{""global"": 33}",False,0.05446429
55,33,0.05225568,1.0,global,0.35,0.2,0.01,0.0,0.05,0.05,0.04,0.8,0.84,0.58,0.78,20.0,8.0,0.5,24.0,5.0,0.68,0.78,0.5,24.0,5.0,0.68,0.78,33,0,0.064002,0.051054,5.545455,0.727273,0.03003,0.0,0.976747,0.8,0.176747,0.812983,"{""auto_evalrepair_r10_c20"": 2, ""mask_fill_edgewalk_nearestrow_inset1_rows16_p40"": 6, ""mask_fill_edgewalk_nearestrow_inset2_rows16_p40"": 13, ""mask_fill_edgewalk_nearestrow_rows16_p40"": 4, ""mask_fill_edgewalk_nearestrow_safeadt_t2m5_r055_a64_rows16_p40"": 5, ""mask_fill_edgewalk_rows16_p40"": 1, ""skeleton_c30_m20"": 1, ""skeleton_c30_m4"": 1}","{""global"": 33}",False,0.05446429
58,33,0.05225568,1.0,global,0.35,0.2,0.01,0.01,0.05,0.05,0.04,0.8,0.84,0.58,0.78,20.0,8.0,0.5,24.0,5.0,0.68,0.78,0.5,24.0,5.0,0.68,0.78,33,0,0.064911,0.051054,5.545455,0.727273,0.03003,0.0,0.976747,0.8,0.176747,0.812983,"{""auto_evalrepair_r10_c20"": 2, ""mask_fill_edgewalk_nearestrow_inset1_rows16_p40"": 6, ""mask_fill_edgewalk_nearestrow_inset2_rows16_p40"": 13, ""mask_fill_edgewalk_nearestrow_rows16_p40"": 4, ""mask_fill_edgewalk_nearestrow_safeadt_t2m5_r055_a64_rows16_p40"": 5, ""mask_fill_edgewalk_rows16_p40"": 1, ""skeleton_c30_m20"": 1, ""skeleton_c30_m4"": 1}","{""global"": 33}",False,0.05446429
252,33,0.05260011,1.0,public_balanced,0.35,0.1,0.0,0.0,0.02,0.05,0.04,0.8,0.84,0.58,0.78,20.0,8.0,0.5,24.0,5.0,0.68,0.78,0.5,24.0,5.0,0.68,0.78,33,0,0.056392,0.050602,5.636364,0.454545,0.049952,0.0,0.976328,0.752727,0.223601,0.805431,"{""mask_fill_edgewalk_nearestrow_inset1_rows16_p40"": 6, ""mask_fill_edgewalk_nearestrow_inset2_rows16_p40"": 12, ""mask_fill_edgewalk_nearestrow_rows16_p40"": 4, ""mask_fill_edgewalk_nearestrow_safeadt_t2m5_r055_a64_rows16_p40"": 6, ""mask_fill_edgewalk_rows16_p40"": 2, ""skeleton_c30_m20"": 1, ""skeleton_c30_m4"": 2}","{""public_balanced"": 33}",False,0.0546319
288,33,0.05260011,1.0,public_balanced,0.5,0.1,0.0,0.0,0.02,0.05,0.04,0.8,0.84,0.58,0.78,20.0,8.0,0.5,24.0,5.0,0.68,0.78,0.5,24.0,5.0,0.68,0.78,33,0,0.056392,0.050602,5.636364,0.454545,0.049952,0.0,0.976328,0.752727,0.223601,0.805431,"{""mask_fill_edgewalk_nearestrow_inset1_rows16_p40"": 6, ""mask_fill_edgewalk_nearestrow_inset2_rows16_p40"": 12, ""mask_fill_edgewalk_nearestrow_rows16_p40"": 4, ""mask_fill_edgewalk_nearestrow_safeadt_t2m5_r055_a64_rows16_p40"": 6, ""mask_fill_edgewalk_rows16_p40"": 2, ""skeleton_c30_m20"": 1, ""skeleton_c30_m4"": 2}","{""public_balanced"": 33}",False,0.0546319
72,33,0.05260247,1.0,global,0.5,0.1,0.0,0.0,0.02,0.05,0.04,0.8,0.84,0.58,0.78,20.0,8.0,0.5,24.0,5.0,0.68,0.78,0.5,24.0,5.0,0.68,0.78,33,0,0.056456,0.050604,5.636364,0.454545,0.049952,0.0,0.988061,0.8,0.188061,0.800451,"{""mask_fill_edgewalk_nearestrow_inset1_rows16_p40"": 6, ""mask_fill_edgewalk_nearestrow_inset2_rows16_p40"": 13, ""mask_fill_edgewalk_nearestrow_rows16_p40"": 4, ""mask_fill_edgewalk_nearestrow_safeadt_t2m5_r055_a64_rows16_p40"": 6, ""mask_fill_edgewalk_rows16_p40"": 2, ""skeleton_c30_m20"": 1, ""skeleton_c30_m4"": 1}","{""global"": 33}",False,0.0546339
12,33,0.05261396,1.0,global,0.2,0.2,0.0,0.0,0.02,0.05,0.04,0.8,0.84,0.58,0.78,20.0,8.0,0.5,24.0,5.0,0.68,0.78,0.5,24.0,5.0,0.68,0.78,33,0,0.059784,0.050616,5.636364,0.454545,0.049952,0.0,0.978095,0.8,0.178095,0.812558,"{""auto_evalrepair_r10_c20"": 1, ""mask_fill_edgewalk_nearestrow_inset1_rows16_p40"": 6, ""mask_fill_edgewalk_nearestrow_inset2_rows16_p40"": 13, ""mask_fill_edgewalk_nearestrow_rows16_p40"": 4, ""mask_fill_edgewalk_nearestrow_safeadt_t2m5_r055_a64_rows16_p40"": 5, ""mask_fill_edgewalk_rows16_p40"": 2, ""skeleton_c30_m20"": 1, ""skeleton_c30_m4"": 1}","{""global"": 33}",False,0.0546459
48,33,0.05261396,1.0,global,0.35,0.2,0.0,0.0,0.02,0.05,0.04,0.8,0.84,0.58,0.78,20.0,8.0,0.5,24.0,5.0,0.68,0.78,0.5,24.0,5.0,0.68,0.78,33,0,0.060288,0.050616,5.636364,0.454545,0.049952,0.0,0.978095,0.8,0.178095,0.812558,"{""auto_evalrepair_r10_c20"": 1, ""mask_fill_edgewalk_nearestrow_inset1_rows16_p40"": 6, ""mask_fill_edgewalk_nearestrow_inset2_rows16_p40"": 13, ""mask_fill_edgewalk_nearestrow_rows16_p40"": 4, ""mask_fill_edgewalk_nearestrow_safeadt_t2m5_r055_a64_rows16_p40"": 5, ""mask_fill_edgewalk_rows16_p40"": 2, ""skeleton_c30_m20"": 1, ""skeleton_c30_m4"": 1}","{""global"": 33}",False,0.0546459
257,33,0.0526732,1.0,public_balanced,0.35,0.1,0.0,0.01,0.1,0.05,0.04,0.8,0.84,0.58,0.78,20.0,8.0,0.5,24.0,5.0,0.68,0.78,0.5,24.0,5.0,0.68,0.78,33,0,0.05935,0.052073,5.666667,0.787879,0.015015,0.0,0.974867,0.752727,0.22214,0.807989,"{""auto_evalrepair_r10_c20"": 1, ""mask_fill_edgewalk_nearestrow_inset1_rows16_p40"": 5, ""mask_fill_edgewalk_nearestrow_inset2_rows16_p40"": 13, ""mask_fill_edgewalk_nearestrow_rows16_p40"": 4, ""mask_fill_edgewalk_nearestrow_safeadt_t2m5_r055_a64_rows16_p40"": 6, ""mask_fill_edgewalk_rows16_p40"": 1, ""skeleton_c30_m20"": 1, ""skeleton_c30_m4"": 2}","{""public_balanced"": 33}",False,0.05496451
263,33,0.0526732,1.0,public_balanced,0.35,0.1,0.01,0.01,0.1,0.05,0.04,0.8,0.84,0.58,0.78,20.0,8.0,0.5,24.0,5.0,0.68,0.78,0.5,24.0,5.0,0.68,0.78,33,0,0.062183,0.052073,5.666667,0.787879,0.015015,0.0,0.974867,0.752727,0.22214,0.807989,"{""auto_evalrepair_r10_c20"": 1, ""mask_fill_edgewalk_nearestrow_inset1_rows16_p40"": 5, ""mask_fill_edgewalk_nearestrow_inset2_rows16_p40"": 13, ""mask_fill_edgewalk_nearestrow_rows16_p40"": 4, ""mask_fill_edgewalk_nearestrow_safeadt_t2m5_r055_a64_rows16_p40"": 6, ""mask_fill_edgewalk_rows16_p40"": 1, ""skeleton_c30_m20"": 1, ""skeleton_c30_m4"": 2}","{""public_balanced"": 33}",False,0.05496451
293,33,0.0526732,1.0,public_balanced,0.5,0.1,0.0,0.01,0.1,0.05,0.04,0.8,0.84,0.58,0.78,20.0,8.0,0.5,24.0,5.0,0.68,0.78,0.5,24.0,5.0,0.68,0.78,33,0,0.05935,0.052073,5.666667,0.787879,0.015015,0.0,0.974867,0.752727,0.22214,0.807989,"{""auto_evalrepair_r10_c20"": 1, ""mask_fill_edgewalk_nearestrow_inset1_rows16_p40"": 5, ""mask_fill_edgewalk_nearestrow_inset2_rows16_p40"": 13, ""mask_fill_edgewalk_nearestrow_rows16_p40"": 4, ""mask_fill_edgewalk_nearestrow_safeadt_t2m5_r055_a64_rows16_p40"": 6, ""mask_fill_edgewalk_rows16_p40"": 1, ""skeleton_c30_m20"": 1, ""skeleton_c30_m4"": 2}","{""public_balanced"": 33}",False,0.05496451
299,33,0.0526732,1.0,public_balanced,0.5,0.1,0.01,0.01,0.1,0.05,0.04,0.8,0.84,0.58,0.78,20.0,8.0,0.5,24.0,5.0,0.68,0.78,0.5,24.0,5.0,0.68,0.78,33,0,0.062183,0.052073,5.666667,0.787879,0.015015,0.0,0.974867,0.752727,0.22214,0.807989,"{""auto_evalrepair_r10_c20"": 1, ""mask_fill_edgewalk_nearestrow_inset1_rows16_p40"": 5, ""mask_fill_edgewalk_nearestrow_inset2_rows16_p40"": 13, ""mask_fill_edgewalk_nearestrow_rows16_p40"": 4, ""mask_fill_edgewalk_nearestrow_safeadt_t2m5_r055_a64_rows16_p40"": 6, ""mask_fill_edgewalk_rows16_p40"": 1, ""skeleton_c30_m20"": 1, ""skeleton_c30_m4"": 2}","{""public_balanced"": 33}",False,0.05496451
77,33,0.05267547,1.0,global,0.5,0.1,0.0,0.01,0.1,0.05,0.04,0.8,0.84,0.58,0.78,20.0,8.0,0.5,24.0,5.0,0.68,0.78,0.5,24.0,5.0,0.68,0.78,33,0,0.059414,0.052075,5.666667,0.787879,0.015015,0.0,0.9866,0.8,0.1866,0.803008,"{""auto_evalrepair_r10_c20"": 1, ""mask_fill_edgewalk_nearestrow_inset1_rows16_p40"": 5, ""mask_fill_edgewalk_nearestrow_inset2_rows16_p40"": 14, ""mask_fill_edgewalk_nearestrow_rows16_p40"": 4, ""mask_fill_edgewalk_nearestrow_safeadt_t2m5_r055_a64_rows16_p40"": 6, ""mask_fill_edgewalk_rows16_p40"": 1, ""skeleton_c30_m20"": 1, ""skeleton_c30_m4"": 1}","{""global"": 33}",False,0.05496651
83,33,0.05267547,1.0,global,0.5,0.1,0.01,0.01,0.1,0.05,0.04,0.8,0.84,0.58,0.78,20.0,8.0,0.5,24.0,5.0,0.68,0.78,0.5,24.0,5.0,0.68,0.78,33,0,0.062247,0.052075,5.666667,0.787879,0.015015,0.0,0.9866,0.8,0.1866,0.803008,"{""auto_evalrepair_r10_c20"": 1, ""mask_fill_edgewalk_nearestrow_inset1_rows16_p40"": 5, ""mask_fill_edgewalk_nearestrow_inset2_rows16_p40"": 14, ""mask_fill_edgewalk_nearestrow_rows16_p40"": 4, ""mask_fill_edgewalk_nearestrow_safeadt_t2m5_r055_a64_rows16_p40"": 6, ""mask_fill_edgewalk_rows16_p40"": 1, ""skeleton_c30_m20"": 1, ""skeleton_c30_m4"": 1}","{""global"": 33}",False,0.05496651
258,33,0.05282717,1.0,public_balanced,0.35,0.1,0.01,0.0,0.02,0.05,0.04,0.8,0.84,0.58,0.78,20.0,8.0,0.5,24.0,5.0,0.68,0.78,0.5,24.0,5.0,0.68,0.78,33,0,0.059158,0.050483,5.424242,0.69697,0.0586,0.0,0.975066,0.752727,0.222339,0.805042,"{""auto_evalrepair_r10_c20"": 1, ""mask_fill_edgewalk_nearestrow_inset1_rows16_p40"": 6, ""mask_fill_edgewalk_nearestrow_inset2_rows16_p40"": 11, ""mask_fill_edgewalk_nearestrow_rows16_p40"": 4, ""mask_fill_edgewalk_nearestrow_safeadt_t2m5_r055_a64_rows16_p40"": 7, ""mask_fill_edgewalk_rows16_p40"": 1, ""skeleton_c30_m20"": 1, ""skeleton_c30_m4"": 2}","{""public_balanced"": 33}",False,0.054977
294,33,0.05282717,1.0,public_balanced,0.5,0.1,0.01,0.0,0.02,0.05,0.04,0.8,0.84,0.58,0.78,20.0,8.0,0.5,24.0,5.0,0.68,0.78,0.5,24.0,5.0,0.68,0.78,33,0,0.059158,0.050483,5.424242,0.69697,0.0586,0.0,0.975066,0.752727,0.222339,0.805042,"{""auto_evalrepair_r10_c20"": 1, ""mask_fill_edgewalk_nearestrow_inset1_rows16_p40"": 6, ""mask_fill_edgewalk_nearestrow_inset2_rows16_p40"": 11, ""mask_fill_edgewalk_nearestrow_rows16_p40"": 4, ""mask_fill_edgewalk_nearestrow_safeadt_t2m5_r055_a64_rows16_p40"": 7, ""mask_fill_edgewalk_rows16_p40"": 1, ""skeleton_c30_m20"": 1, ""skeleton_c30_m4"": 2}","{""public_balanced"": 33}",False,0.054977
17,33,0.05268702,1.0,global,0.2,0.2,0.0,0.01,0.1,0.05,0.04,0.8,0.84,0.58,0.78,20.0,8.0,0.5,24.0,5.0,0.68,0.78,0.5,24.0,5.0,0.68,0.78,33,0,0.062741,0.052086,5.666667,0.787879,0.015015,0.0,0.976634,0.8,0.176634,0.815115,"{""auto_evalrepair_r10_c20"": 2, ""mask_fill_edgewalk_nearestrow_inset1_rows16_p40"": 5, ""mask_fill_edgewalk_nearestrow_inset2_rows16_p40"": 14, ""mask_fill_edgewalk_nearestrow_rows16_p40"": 4, ""mask_fill_edgewalk_nearestrow_safeadt_t2m5_r055_a64_rows16_p40"": 5, ""mask_fill_edgewalk_rows16_p40"": 1, ""skeleton_c30_m20"": 1, ""skeleton_c30_m4"": 1}","{""global"": 33}",False,0.05497751
23,33,0.05268702,1.0,global,0.2,0.2,0.01,0.01,0.1,0.05,0.04,0.8,0.84,0.58,0.78,20.0,8.0,0.5,24.0,5.0,0.68,0.78,0.5,24.0,5.0,0.68,0.78,33,0,0.065575,0.052086,5.666667,0.787879,0.015015,0.0,0.976634,0.8,0.176634,0.815115,"{""auto_evalrepair_r10_c20"": 2, ""mask_fill_edgewalk_nearestrow_inset1_rows16_p40"": 5, ""mask_fill_edgewalk_nearestrow_inset2_rows16_p40"": 14, ""mask_fill_edgewalk_nearestrow_rows16_p40"": 4, ""mask_fill_edgewalk_nearestrow_safeadt_t2m5_r055_a64_rows16_p40"": 5, ""mask_fill_edgewalk_rows16_p40"": 1, ""skeleton_c30_m20"": 1, ""skeleton_c30_m4"": 1}","{""global"": 33}",False,0.05497751
53,33,0.05268702,1.0,global,0.35,0.2,0.0,0.01,0.1,0.05,0.04,0.8,0.84,0.58,0.78,20.0,8.0,0.5,24.0,5.0,0.68,0.78,0.5,24.0,5.0,0.68,0.78,33,0,0.063246,0.052086,5.666667,0.787879,0.015015,0.0,0.976634,0.8,0.176634,0.815115,"{""auto_evalrepair_r10_c20"": 2, ""mask_fill_edgewalk_nearestrow_inset1_rows16_p40"": 5, ""mask_fill_edgewalk_nearestrow_inset2_rows16_p40"": 14, ""mask_fill_edgewalk_nearestrow_rows16_p40"": 4, ""mask_fill_edgewalk_nearestrow_safeadt_t2m5_r055_a64_rows16_p40"": 5, ""mask_fill_edgewalk_rows16_p40"": 1, ""skeleton_c30_m20"": 1, ""skeleton_c30_m4"": 1}","{""global"": 33}",False,0.05497751
59,33,0.05268702,1.0,global,0.35,0.2,0.01,0.01,0.1,0.05,0.04,0.8,0.84,0.58,0.78,20.0,8.0,0.5,24.0,5.0,0.68,0.78,0.5,24.0,5.0,0.68,0.78,33,0,0.06608,0.052086,5.666667,0.787879,0.015015,0.0,0.976634,0.8,0.176634,0.815115,"{""auto_evalrepair_r10_c20"": 2, ""mask_fill_edgewalk_nearestrow_inset1_rows16_p40"": 5, ""mask_fill_edgewalk_nearestrow_inset2_rows16_p40"": 14, ""mask_fill_edgewalk_nearestrow_rows16_p40"": 4, ""mask_fill_edgewalk_nearestrow_safeadt_t2m5_r055_a64_rows16_p40"": 5, ""mask_fill_edgewalk_rows16_p40"": 1, ""skeleton_c30_m20"": 1, ""skeleton_c30_m4"": 1}","{""global"": 33}",False,0.05497751
78,33,0.05282945,1.0,global,0.5,0.1,0.01,0.0,0.02,0.05,0.04,0.8,0.84,0.58,0.78,20.0,8.0,0.5,24.0,5.0,0.68,0.78,0.5,24.0,5.0,0.68,0.78,33,0,0.059222,0.050485,5.424242,0.69697,0.0586,0.0,0.986799,0.8,0.186799,0.800062,"{""auto_evalrepair_r10_c20"": 1, ""mask_fill_edgewalk_nearestrow_inset1_rows16_p40"": 6, ""mask_fill_edgewalk_nearestrow_inset2_rows16_p40"": 12, ""mask_fill_edgewalk_nearestrow_rows16_p40"": 4, ""mask_fill_edgewalk_nearestrow_safeadt_t2m5_r055_a64_rows16_p40"": 7, ""mask_fill_edgewalk_rows16_p40"": 1, ""skeleton_c30_m20"": 1, ""skeleton_c30_m4"": 1}","{""global"": 33}",False,0.054979
18,33,0.05284102,1.0,global,0.2,0.2,0.01,0.0,0.02,0.05,0.04,0.8,0.84,0.58,0.78,20.0,8.0,0.5,24.0,5.0,0.68,0.78,0.5,24.0,5.0,0.68,0.78,33,0,0.06255,0.050497,5.424242,0.69697,0.0586,0.0,0.976833,0.8,0.176833,0.812169,"{""auto_evalrepair_r10_c20"": 2, ""mask_fill_edgewalk_nearestrow_inset1_rows16_p40"": 6, ""mask_fill_edgewalk_nearestrow_inset2_rows16_p40"": 12, ""mask_fill_edgewalk_nearestrow_rows16_p40"": 4, ""mask_fill_edgewalk_nearestrow_safeadt_t2m5_r055_a64_rows16_p40"": 6, ""mask_fill_edgewalk_rows16_p40"": 1, ""skeleton_c30_m20"": 1, ""skeleton_c30_m4"": 1}","{""global"": 33}",False,0.054991
54,33,0.05284102,1.0,global,0.35,0.2,0.01,0.0,0.02,0.05,0.04,0.8,0.84,0.58,0.78,20.0,8.0,0.5,24.0,5.0,0.68,0.78,0.5,24.0,5.0,0.68,0.78,33,0,0.063055,0.050497,5.424242,0.69697,0.0586,0.0,0.976833,0.8,0.176833,0.812169,"{""auto_evalrepair_r10_c20"": 2, ""mask_fill_edgewalk_nearestrow_inset1_rows16_p40"": 6, ""mask_fill_edgewalk_nearestrow_inset2_rows16_p40"": 12, ""mask_fill_edgewalk_nearestrow_rows16_p40"": 4, ""mask_fill_edgewalk_nearestrow_safeadt_t2m5_r055_a64_rows16_p40"": 6, ""mask_fill_edgewalk_rows16_p40"": 1, ""skeleton_c30_m20"": 1, ""skeleton_c30_m4"": 1}","{""global"": 33}",False,0.054991
255,33,0.0531854,1.0,public_balanced,0.35,0.1,0.0,0.01,0.02,0.05,0.04,0.8,0.84,0.58,0.78,20.0,8.0,0.5,24.0,5.0,0.68,0.78,0.5,24.0,5.0,0.68,0.78,33,0,0.056936,0.050045,5.515152,0.424242,0.078521,0.0,0.976414,0.752727,0.223687,0.804616,"{""mask_fill_edgewalk_nearestrow_inset1_rows16_p40"": 6, ""mask_fill_edgewalk_nearestrow_inset2_rows16_p40"": 11, ""mask_fill_edgewalk_nearestrow_rows16_p40"": 4, ""mask_fill_edgewalk_nearestrow_safeadt_t2m5_r055_a64_rows16_p40"": 7, ""mask_fill_edgewalk_rows16_p40"": 2, ""skeleton_c30_m20"": 1, ""skeleton_c30_m4"": 2}","{""public_balanced"": 33}",False,0.05515857
261,33,0.0531854,1.0,public_balanced,0.35,0.1,0.01,0.01,0.02,0.05,0.04,0.8,0.84,0.58,0.78,20.0,8.0,0.5,24.0,5.0,0.68,0.78,0.5,24.0,5.0,0.68,0.78,33,0,0.059694,0.050045,5.515152,0.424242,0.078521,0.0,0.976414,0.752727,0.223687,0.804616,"{""mask_fill_edgewalk_nearestrow_inset1_rows16_p40"": 6, ""mask_fill_edgewalk_nearestrow_inset2_rows16_p40"": 11, ""mask_fill_edgewalk_nearestrow_rows16_p40"": 4, ""mask_fill_edgewalk_nearestrow_safeadt_t2m5_r055_a64_rows16_p40"": 7, ""mask_fill_edgewalk_rows16_p40"": 2, ""skeleton_c30_m20"": 1, ""skeleton_c30_m4"": 2}","{""public_balanced"": 33}",False,0.05515857
291,33,0.0531854,1.0,public_balanced,0.5,0.1,0.0,0.01,0.02,0.05,0.04,0.8,0.84,0.58,0.78,20.0,8.0,0.5,24.0,5.0,0.68,0.78,0.5,24.0,5.0,0.68,0.78,33,0,0.056936,0.050045,5.515152,0.424242,0.078521,0.0,0.976414,0.752727,0.223687,0.804616,"{""mask_fill_edgewalk_nearestrow_inset1_rows16_p40"": 6, ""mask_fill_edgewalk_nearestrow_inset2_rows16_p40"": 11, ""mask_fill_edgewalk_nearestrow_rows16_p40"": 4, ""mask_fill_edgewalk_nearestrow_safeadt_t2m5_r055_a64_rows16_p40"": 7, ""mask_fill_edgewalk_rows16_p40"": 2, ""skeleton_c30_m20"": 1, ""skeleton_c30_m4"": 2}","{""public_balanced"": 33}",False,0.05515857
297,33,0.0531854,1.0,public_balanced,0.5,0.1,0.01,0.01,0.02,0.05,0.04,0.8,0.84,0.58,0.78,20.0,8.0,0.5,24.0,5.0,0.68,0.78,0.5,24.0,5.0,0.68,0.78,33,0,0.059694,0.050045,5.515152,0.424242,0.078521,0.0,0.976414,0.752727,0.223687,0.804616,"{""mask_fill_edgewalk_nearestrow_inset1_rows16_p40"": 6, ""mask_fill_edgewalk_nearestrow_inset2_rows16_p40"": 11, ""mask_fill_edgewalk_nearestrow_rows16_p40"": 4, ""mask_fill_edgewalk_nearestrow_safeadt_t2m5_r055_a64_rows16_p40"": 7, ""mask_fill_edgewalk_rows16_p40"": 2, ""skeleton_c30_m20"": 1, ""skeleton_c30_m4"": 2}","{""public_balanced"": 33}",False,0.05515857
75,33,0.05318785,1.0,global,0.5,0.1,0.0,0.01,0.02,0.05,0.04,0.8,0.84,0.58,0.78,20.0,8.0,0.5,24.0,5.0,0.68,0.78,0.5,24.0,5.0,0.68,0.78,33,0,0.057,0.050047,5.515152,0.424242,0.078521,0.0,0.988146,0.8,0.188146,0.799636,"{""mask_fill_edgewalk_nearestrow_inset1_rows16_p40"": 6, ""mask_fill_edgewalk_nearestrow_inset2_rows16_p40"": 12, ""mask_fill_edgewalk_nearestrow_rows16_p40"": 4, ""mask_fill_edgewalk_nearestrow_safeadt_t2m5_r055_a64_rows16_p40"": 7, ""mask_fill_edgewalk_rows16_p40"": 2, ""skeleton_c30_m20"": 1, ""skeleton_c30_m4"": 1}","{""global"": 33}",False,0.05516057
81,33,0.05318785,1.0,global,0.5,0.1,0.01,0.01,0.02,0.05,0.04,0.8,0.84,0.58,0.78,20.0,8.0,0.5,24.0,5.0,0.68,0.78,0.5,24.0,5.0,0.68,0.78,33,0,0.059758,0.050047,5.515152,0.424242,0.078521,0.0,0.988146,0.8,0.188146,0.799636,"{""mask_fill_edgewalk_nearestrow_inset1_rows16_p40"": 6, ""mask_fill_edgewalk_nearestrow_inset2_rows16_p40"": 12, ""mask_fill_edgewalk_nearestrow_rows16_p40"": 4, ""mask_fill_edgewalk_nearestrow_safeadt_t2m5_r055_a64_rows16_p40"": 7, ""mask_fill_edgewalk_rows16_p40"": 2, ""skeleton_c30_m20"": 1, ""skeleton_c30_m4"": 1}","{""global"": 33}",False,0.05516057
15,33,0.0531994,1.0,global,0.2,0.2,0.0,0.01,0.02,0.05,0.04,0.8,0.84,0.58,0.78,20.0,8.0,0.5,24.0,5.0,0.68,0.78,0.5,24.0,5.0,0.68,0.78,33,0,0.060328,0.050058,5.515152,0.424242,0.078521,0.0,0.978181,0.8,0.178181,0.811743,"{""auto_evalrepair_r10_c20"": 1, ""mask_fill_edgewalk_nearestrow_inset1_rows16_p40"": 6, ""mask_fill_edgewalk_nearestrow_inset2_rows16_p40"": 12, ""mask_fill_edgewalk_nearestrow_rows16_p40"": 4, ""mask_fill_edgewalk_nearestrow_safeadt_t2m5_r055_a64_rows16_p40"": 6, ""mask_fill_edgewalk_rows16_p40"": 2, ""skeleton_c30_m20"": 1, ""skeleton_c30_m4"": 1}","{""global"": 33}",False,0.05517157
21,33,0.0531994,1.0,global,0.2,0.2,0.01,0.01,0.02,0.05,0.04,0.8,0.84,0.58,0.78,20.0,8.0,0.5,24.0,5.0,0.68,0.78,0.5,24.0,5.0,0.68,0.78,33,0,0.063085,0.050058,5.515152,0.424242,0.078521,0.0,0.978181,0.8,0.178181,0.811743,"{""auto_evalrepair_r10_c20"": 1, ""mask_fill_edgewalk_nearestrow_inset1_rows16_p40"": 6, ""mask_fill_edgewalk_nearestrow_inset2_rows16_p40"": 12, ""mask_fill_edgewalk_nearestrow_rows16_p40"": 4, ""mask_fill_edgewalk_nearestrow_safeadt_t2m5_r055_a64_rows16_p40"": 6, ""mask_fill_edgewalk_rows16_p40"": 2, ""skeleton_c30_m20"": 1, ""skeleton_c30_m4"": 1}","{""global"": 33}",False,0.05517157
51,33,0.0531994,1.0,global,0.35,0.2,0.0,0.01,0.02,0.05,0.04,0.8,0.84,0.58,0.78,20.0,8.0,0.5,24.0,5.0,0.68,0.78,0.5,24.0,5.0,0.68,0.78,33,0,0.060833,0.050058,5.515152,0.424242,0.078521,0.0,0.978181,0.8,0.178181,0.811743,"{""auto_evalrepair_r10_c20"": 1, ""mask_fill_edgewalk_nearestrow_inset1_rows16_p40"": 6, ""mask_fill_edgewalk_nearestrow_inset2_rows16_p40"": 12, ""mask_fill_edgewalk_nearestrow_rows16_p40"": 4, ""mask_fill_edgewalk_nearestrow_safeadt_t2m5_r055_a64_rows16_p40"": 6, ""mask_fill_edgewalk_rows16_p40"": 2, ""skeleton_c30_m20"": 1, ""skeleton_c30_m4"": 1}","{""global"": 33}",False,0.05517157
57,33,0.0531994,1.0,global,0.35,0.2,0.01,0.01,0.02,0.05,0.04,0.8,0.84,0.58,0.78,20.0,8.0,0.5,24.0,5.0,0.68,0.78,0.5,24.0,5.0,0.68,0.78,33,0,0.06359,0.050058,5.515152,0.424242,0.078521,0.0,0.978181,0.8,0.178181,0.811743,"{""auto_evalrepair_r10_c20"": 1, ""mask_fill_edgewalk_nearestrow_inset1_rows16_p40"": 6, ""mask_fill_edgewalk_nearestrow_inset2_rows16_p40"": 12, ""mask_fill_edgewalk_nearestrow_rows16_p40"": 4, ""mask_fill_edgewalk_nearestrow_safeadt_t2m5_r055_a64_rows16_p40"": 6, ""mask_fill_edgewalk_rows16_p40"": 2, ""skeleton_c30_m20"": 1, ""skeleton_c30_m4"": 1}","{""global"": 33}",False,0.05517157
229,33,0.05301389,1.0,public_balanced,0.2,0.2,0.0,0.0,0.05,0.05,0.04,0.8,0.84,0.58,0.78,20.0,8.0,0.5,24.0,5.0,0.68,0.78,0.5,24.0,5.0,0.68,0.78,33,0,0.060711,0.051813,5.636364,0.727273,0.03003,0.0,0.955359,0.752727,0.202632,0.825994,"{""auto_evalrepair_r10_c20"": 2, ""mask_fill_edgewalk_nearestrow_inset1_rows16_p40"": 6, ""mask_fill_edgewalk_nearestrow_inset2_rows16_p40"": 12, ""mask_fill_edgewalk_nearestrow_rows16_p40"": 4, ""mask_fill_edgewalk_nearestrow_safeadt_t2m5_r055_a64_rows16_p40"": 4, ""mask_fill_edgewalk_rows16_p40"": 1, ""skeleton_c30_m20"": 2, ""skeleton_c30_m4"": 2}","{""public_balanced"": 33}",False,0.05525056
232,33,0.05301389,1.0,public_balanced,0.2,0.2,0.0,0.01,0.05,0.05,0.04,0.8,0.84,0.58,0.78,20.0,8.0,0.5,24.0,5.0,0.68,0.78,0.5,24.0,5.0,0.68,0.78,33,0,0.06162,0.051813,5.636364,0.727273,0.03003,0.0,0.955359,0.752727,0.202632,0.825994,"{""auto_evalrepair_r10_c20"": 2, ""mask_fill_edgewalk_nearestrow_inset1_rows16_p40"": 6, ""mask_fill_edgewalk_nearestrow_inset2_rows16_p40"": 12, ""mask_fill_edgewalk_nearestrow_rows16_p40"": 4, ""mask_fill_edgewalk_nearestrow_safeadt_t2m5_r055_a64_rows16_p40"": 4, ""mask_fill_edgewalk_rows16_p40"": 1, ""skeleton_c30_m20"": 2, ""skeleton_c30_m4"": 2}","{""public_balanced"": 33}",False,0.05525056
235,33,0.05301389,1.0,public_balanced,0.2,0.2,0.01,0.0,0.05,0.05,0.04,0.8,0.84,0.58,0.78,20.0,8.0,0.5,24.0,5.0,0.68,0.78,0.5,24.0,5.0,0.68,0.78,33,0,0.063529,0.051813,5.636364,0.727273,0.03003,0.0,0.955359,0.752727,0.202632,0.825994,"{""auto_evalrepair_r10_c20"": 2, ""mask_fill_edgewalk_nearestrow_inset1_rows16_p40"": 6, ""mask_fill_edgewalk_nearestrow_inset2_rows16_p40"": 12, ""mask_fill_edgewalk_nearestrow_rows16_p40"": 4, ""mask_fill_edgewalk_nearestrow_safeadt_t2m5_r055_a64_rows16_p40"": 4, ""mask_fill_edgewalk_rows16_p40"": 1, ""skeleton_c30_m20"": 2, ""skeleton_c30_m4"": 2}","{""public_balanced"": 33}",False,0.05525056
238,33,0.05301389,1.0,public_balanced,0.2,0.2,0.01,0.01,0.05,0.05,0.04,0.8,0.84,0.58,0.78,20.0,8.0,0.5,24.0,5.0,0.68,0.78,0.5,24.0,5.0,0.68,0.78,33,0,0.064439,0.051813,5.636364,0.727273,0.03003,0.0,0.955359,0.752727,0.202632,0.825994,"{""auto_evalrepair_r10_c20"": 2, ""mask_fill_edgewalk_nearestrow_inset1_rows16_p40"": 6, ""mask_fill_edgewalk_nearestrow_inset2_rows16_p40"": 12, ""mask_fill_edgewalk_nearestrow_rows16_p40"": 4, ""mask_fill_edgewalk_nearestrow_safeadt_t2m5_r055_a64_rows16_p40"": 4, ""mask_fill_edgewalk_rows16_p40"": 1, ""skeleton_c30_m20"": 2, ""skeleton_c30_m4"": 2}","{""public_balanced"": 33}",False,0.05525056
228,33,0.05337211,1.0,public_balanced,0.2,0.2,0.0,0.0,0.02,0.05,0.04,0.8,0.84,0.58,0.78,20.0,8.0,0.5,24.0,5.0,0.68,0.78,0.5,24.0,5.0,0.68,0.78,33,0,0.05977,0.051374,5.727273,0.454545,0.049952,0.0,0.956706,0.752727,0.203979,0.825568,"{""auto_evalrepair_r10_c20"": 1, ""mask_fill_edgewalk_nearestrow_inset1_rows16_p40"": 6, ""mask_fill_edgewalk_nearestrow_inset2_rows16_p40"": 12, ""mask_fill_edgewalk_nearestrow_rows16_p40"": 4, ""mask_fill_edgewalk_nearestrow_safeadt_t2m5_r055_a64_rows16_p40"": 4, ""mask_fill_edgewalk_rows16_p40"": 2, ""skeleton_c30_m20"": 2, ""skeleton_c30_m4"": 2}","{""public_balanced"": 33}",False,0.05543117
233,33,0.0534452,1.0,public_balanced,0.2,0.2,0.0,0.01,0.1,0.05,0.04,0.8,0.84,0.58,0.78,20.0,8.0,0.5,24.0,5.0,0.68,0.78,0.5,24.0,5.0,0.68,0.78,33,0,0.062728,0.052845,5.757576,0.787879,0.015015,0.0,0.955246,0.752727,0.202519,0.828126,"{""auto_evalrepair_r10_c20"": 2, ""mask_fill_edgewalk_nearestrow_inset1_rows16_p40"": 5, ""mask_fill_edgewalk_nearestrow_inset2_rows16_p40"": 13, ""mask_fill_edgewalk_nearestrow_rows16_p40"": 4, ""mask_fill_edgewalk_nearestrow_safeadt_t2m5_r055_a64_rows16_p40"": 4, ""mask_fill_edgewalk_rows16_p40"": 1, ""skeleton_c30_m20"": 2, ""skeleton_c30_m4"": 2}","{""public_balanced"": 33}",False,0.05576378
239,33,0.0534452,1.0,public_balanced,0.2,0.2,0.01,0.01,0.1,0.05,0.04,0.8,0.84,0.58,0.78,20.0,8.0,0.5,24.0,5.0,0.68,0.78,0.5,24.0,5.0,0.68,0.78,33,0,0.065607,0.052845,5.757576,0.787879,0.015015,0.0,0.955246,0.752727,0.202519,0.828126,"{""auto_evalrepair_r10_c20"": 2, ""mask_fill_edgewalk_nearestrow_inset1_rows16_p40"": 5, ""mask_fill_edgewalk_nearestrow_inset2_rows16_p40"": 13, ""mask_fill_edgewalk_nearestrow_rows16_p40"": 4, ""mask_fill_edgewalk_nearestrow_safeadt_t2m5_r055_a64_rows16_p40"": 4, ""mask_fill_edgewalk_rows16_p40"": 1, ""skeleton_c30_m20"": 2, ""skeleton_c30_m4"": 2}","{""public_balanced"": 33}",False,0.05576378
234,33,0.05359917,1.0,public_balanced,0.2,0.2,0.01,0.0,0.02,0.05,0.04,0.8,0.84,0.58,0.78,20.0,8.0,0.5,24.0,5.0,0.68,0.78,0.5,24.0,5.0,0.68,0.78,33,0,0.062582,0.051255,5.515152,0.69697,0.0586,0.0,0.955444,0.752727,0.202717,0.825179,"{""auto_evalrepair_r10_c20"": 2, ""mask_fill_edgewalk_nearestrow_inset1_rows16_p40"": 6, ""mask_fill_edgewalk_nearestrow_inset2_rows16_p40"": 11, ""mask_fill_edgewalk_nearestrow_rows16_p40"": 4, ""mask_fill_edgewalk_nearestrow_safeadt_t2m5_r055_a64_rows16_p40"": 5, ""mask_fill_edgewalk_rows16_p40"": 1, ""skeleton_c30_m20"": 2, ""skeleton_c30_m4"": 2}","{""public_balanced"": 33}",False,0.05577627
254,33,0.05342024,1.0,public_balanced,0.35,0.1,0.0,0.0,0.1,0.05,0.04,0.8,0.84,0.58,0.78,20.0,8.0,0.5,24.0,5.0,0.68,0.78,0.5,24.0,5.0,0.68,0.78,33,0,0.058211,0.05342,5.69697,1.030303,0.0,0.0,0.974539,0.752727,0.221812,0.810153,"{""auto_evalrepair_r10_c20"": 2, ""mask_fill_edgewalk_nearestrow_inset1_rows16_p40"": 5, ""mask_fill_edgewalk_nearestrow_inset2_rows16_p40"": 13, ""mask_fill_edgewalk_nearestrow_rows16_p40"": 3, ""mask_fill_edgewalk_nearestrow_safeadt_t2m5_r055_a64_rows16_p40"": 6, ""mask_fill_edgewalk_rows16_p40"": 1, ""skeleton_c30_m20"": 1, ""skeleton_c30_m4"": 2}","{""public_balanced"": 33}",False,0.05590182
260,33,0.05342024,1.0,public_balanced,0.35,0.1,0.01,0.0,0.1,0.05,0.04,0.8,0.84,0.58,0.78,20.0,8.0,0.5,24.0,5.0,0.68,0.78,0.5,24.0,5.0,0.68,0.78,33,0,0.06106,0.05342,5.69697,1.030303,0.0,0.0,0.974539,0.752727,0.221812,0.810153,"{""auto_evalrepair_r10_c20"": 2, ""mask_fill_edgewalk_nearestrow_inset1_rows16_p40"": 5, ""mask_fill_edgewalk_nearestrow_inset2_rows16_p40"": 13, ""mask_fill_edgewalk_nearestrow_rows16_p40"": 3, ""mask_fill_edgewalk_nearestrow_safeadt_t2m5_r055_a64_rows16_p40"": 6, ""mask_fill_edgewalk_rows16_p40"": 1, ""skeleton_c30_m20"": 1, ""skeleton_c30_m4"": 2}","{""public_balanced"": 33}",False,0.05590182
290,33,0.05342024,1.0,public_balanced,0.5,0.1,0.0,0.0,0.1,0.05,0.04,0.8,0.84,0.58,0.78,20.0,8.0,0.5,24.0,5.0,0.68,0.78,0.5,24.0,5.0,0.68,0.78,33,0,0.058211,0.05342,5.69697,1.030303,0.0,0.0,0.974539,0.752727,0.221812,0.810153,"{""auto_evalrepair_r10_c20"": 2, ""mask_fill_edgewalk_nearestrow_inset1_rows16_p40"": 5, ""mask_fill_edgewalk_nearestrow_inset2_rows16_p40"": 13, ""mask_fill_edgewalk_nearestrow_rows16_p40"": 3, ""mask_fill_edgewalk_nearestrow_safeadt_t2m5_r055_a64_rows16_p40"": 6, ""mask_fill_edgewalk_rows16_p40"": 1, ""skeleton_c30_m20"": 1, ""skeleton_c30_m4"": 2}","{""public_balanced"": 33}",False,0.05590182
296,33,0.05342024,1.0,public_balanced,0.5,0.1,0.01,0.0,0.1,0.05,0.04,0.8,0.84,0.58,0.78,20.0,8.0,0.5,24.0,5.0,0.68,0.78,0.5,24.0,5.0,0.68,0.78,33,0,0.06106,0.05342,5.69697,1.030303,0.0,0.0,0.974539,0.752727,0.221812,0.810153,"{""auto_evalrepair_r10_c20"": 2, ""mask_fill_edgewalk_nearestrow_inset1_rows16_p40"": 5, ""mask_fill_edgewalk_nearestrow_inset2_rows16_p40"": 13, ""mask_fill_edgewalk_nearestrow_rows16_p40"": 3, ""mask_fill_edgewalk_nearestrow_safeadt_t2m5_r055_a64_rows16_p40"": 6, ""mask_fill_edgewalk_rows16_p40"": 1, ""skeleton_c30_m20"": 1, ""skeleton_c30_m4"": 2}","{""public_balanced"": 33}",False,0.05590182
74,33,0.05342261,1.0,global,0.5,0.1,0.0,0.0,0.1,0.05,0.04,0.8,0.84,0.58,0.78,20.0,8.0,0.5,24.0,5.0,0.68,0.78,0.5,24.0,5.0,0.68,0.78,33,0,0.058275,0.053423,5.69697,1.030303,0.0,0.0,0.986272,0.8,0.186272,0.805172,"{""auto_evalrepair_r10_c20"": 2, ""mask_fill_edgewalk_nearestrow_inset1_rows16_p40"": 5, ""mask_fill_edgewalk_nearestrow_inset2_rows16_p40"": 14, ""mask_fill_edgewalk_nearestrow_rows16_p40"": 3, ""mask_fill_edgewalk_nearestrow_safeadt_t2m5_r055_a64_rows16_p40"": 6, ""mask_fill_edgewalk_rows16_p40"": 1, ""skeleton_c30_m20"": 1, ""skeleton_c30_m4"": 1}","{""global"": 33}",False,0.05590482
80,33,0.05342261,1.0,global,0.5,0.1,0.01,0.0,0.1,0.05,0.04,0.8,0.84,0.58,0.78,20.0,8.0,0.5,24.0,5.0,0.68,0.78,0.5,24.0,5.0,0.68,0.78,33,0,0.061124,0.053423,5.69697,1.030303,0.0,0.0,0.986272,0.8,0.186272,0.805172,"{""auto_evalrepair_r10_c20"": 2, ""mask_fill_edgewalk_nearestrow_inset1_rows16_p40"": 5, ""mask_fill_edgewalk_nearestrow_inset2_rows16_p40"": 14, ""mask_fill_edgewalk_nearestrow_rows16_p40"": 3, ""mask_fill_edgewalk_nearestrow_safeadt_t2m5_r055_a64_rows16_p40"": 6, ""mask_fill_edgewalk_rows16_p40"": 1, ""skeleton_c30_m20"": 1, ""skeleton_c30_m4"": 1}","{""global"": 33}",False,0.05590482
14,33,0.05343415,1.0,global,0.2,0.2,0.0,0.0,0.1,0.05,0.04,0.8,0.84,0.58,0.78,20.0,8.0,0.5,24.0,5.0,0.68,0.78,0.5,24.0,5.0,0.68,0.78,33,0,0.061603,0.053434,5.69697,1.030303,0.0,0.0,0.976306,0.8,0.176306,0.817279,"{""auto_evalrepair_r10_c20"": 3, ""mask_fill_edgewalk_nearestrow_inset1_rows16_p40"": 5, ""mask_fill_edgewalk_nearestrow_inset2_rows16_p40"": 14, ""mask_fill_edgewalk_nearestrow_rows16_p40"": 3, ""mask_fill_edgewalk_nearestrow_safeadt_t2m5_r055_a64_rows16_p40"": 5, ""mask_fill_edgewalk_rows16_p40"": 1, ""skeleton_c30_m20"": 1, ""skeleton_c30_m4"": 1}","{""global"": 33}",False,0.05591582
20,33,0.05343415,1.0,global,0.2,0.2,0.01,0.0,0.1,0.05,0.04,0.8,0.84,0.58,0.78,20.0,8.0,0.5,24.0,5.0,0.68,0.78,0.5,24.0,5.0,0.68,0.78,33,0,0.064451,0.053434,5.69697,1.030303,0.0,0.0,0.976306,0.8,0.176306,0.817279,"{""auto_evalrepair_r10_c20"": 3, ""mask_fill_edgewalk_nearestrow_inset1_rows16_p40"": 5, ""mask_fill_edgewalk_nearestrow_inset2_rows16_p40"": 14, ""mask_fill_edgewalk_nearestrow_rows16_p40"": 3, ""mask_fill_edgewalk_nearestrow_safeadt_t2m5_r055_a64_rows16_p40"": 5, ""mask_fill_edgewalk_rows16_p40"": 1, ""skeleton_c30_m20"": 1, ""skeleton_c30_m4"": 1}","{""global"": 33}",False,0.05591582
50,33,0.05343415,1.0,global,0.35,0.2,0.0,0.0,0.1,0.05,0.04,0.8,0.84,0.58,0.78,20.0,8.0,0.5,24.0,5.0,0.68,0.78,0.5,24.0,5.0,0.68,0.78,33,0,0.062108,0.053434,5.69697,1.030303,0.0,0.0,0.976306,0.8,0.176306,0.817279,"{""auto_evalrepair_r10_c20"": 3, ""mask_fill_edgewalk_nearestrow_inset1_rows16_p40"": 5, ""mask_fill_edgewalk_nearestrow_inset2_rows16_p40"": 14, ""mask_fill_edgewalk_nearestrow_rows16_p40"": 3, ""mask_fill_edgewalk_nearestrow_safeadt_t2m5_r055_a64_rows16_p40"": 5, ""mask_fill_edgewalk_rows16_p40"": 1, ""skeleton_c30_m20"": 1, ""skeleton_c30_m4"": 1}","{""global"": 33}",False,0.05591582
56,33,0.05343415,1.0,global,0.35,0.2,0.01,0.0,0.1,0.05,0.04,0.8,0.84,0.58,0.78,20.0,8.0,0.5,24.0,5.0,0.68,0.78,0.5,24.0,5.0,0.68,0.78,33,0,0.064956,0.053434,5.69697,1.030303,0.0,0.0,0.976306,0.8,0.176306,0.817279,"{""auto_evalrepair_r10_c20"": 3, ""mask_fill_edgewalk_nearestrow_inset1_rows16_p40"": 5, ""mask_fill_edgewalk_nearestrow_inset2_rows16_p40"": 14, ""mask_fill_edgewalk_nearestrow_rows16_p40"": 3, ""mask_fill_edgewalk_nearestrow_safeadt_t2m5_r055_a64_rows16_p40"": 5, ""mask_fill_edgewalk_rows16_p40"": 1, ""skeleton_c30_m20"": 1, ""skeleton_c30_m4"": 1}","{""global"": 33}",False,0.05591582
231,33,0.05395761,1.0,public_balanced,0.2,0.2,0.0,0.01,0.02,0.05,0.04,0.8,0.84,0.58,0.78,20.0,8.0,0.5,24.0,5.0,0.68,0.78,0.5,24.0,5.0,0.68,0.78,33,0,0.060315,0.050817,5.606061,0.424242,0.078521,0.0,0.956792,0.752727,0.204065,0.824754,"{""auto_evalrepair_r10_c20"": 1, ""mask_fill_edgewalk_nearestrow_inset1_rows16_p40"": 6, ""mask_fill_edgewalk_nearestrow_inset2_rows16_p40"": 11, ""mask_fill_edgewalk_nearestrow_rows16_p40"": 4, ""mask_fill_edgewalk_nearestrow_safeadt_t2m5_r055_a64_rows16_p40"": 5, ""mask_fill_edgewalk_rows16_p40"": 2, ""skeleton_c30_m20"": 2, ""skeleton_c30_m4"": 2}","{""public_balanced"": 33}",False,0.05595784
237,33,0.05395761,1.0,public_balanced,0.2,0.2,0.01,0.01,0.02,0.05,0.04,0.8,0.84,0.58,0.78,20.0,8.0,0.5,24.0,5.0,0.68,0.78,0.5,24.0,5.0,0.68,0.78,33,0,0.063118,0.050817,5.606061,0.424242,0.078521,0.0,0.956792,0.752727,0.204065,0.824754,"{""auto_evalrepair_r10_c20"": 1, ""mask_fill_edgewalk_nearestrow_inset1_rows16_p40"": 6, ""mask_fill_edgewalk_nearestrow_inset2_rows16_p40"": 11, ""mask_fill_edgewalk_nearestrow_rows16_p40"": 4, ""mask_fill_edgewalk_nearestrow_safeadt_t2m5_r055_a64_rows16_p40"": 5, ""mask_fill_edgewalk_rows16_p40"": 2, ""skeleton_c30_m20"": 2, ""skeleton_c30_m4"": 2}","{""public_balanced"": 33}",False,0.05595784
85,33,0.05369977,1.0,global,0.5,0.2,0.0,0.0,0.05,0.05,0.04,0.8,0.84,0.58,0.78,20.0,8.0,0.5,24.0,5.0,0.68,0.78,0.5,24.0,5.0,0.68,0.78,33,0,0.061495,0.052499,5.69697,0.757576,0.03003,0.0,0.98607,0.8,0.18607,0.811927,"{""auto_evalrepair_r10_c20"": 1, ""mask_fill_edgewalk_nearestrow_inset1_rows16_p40"": 6, ""mask_fill_edgewalk_nearestrow_inset2_rows16_p40"": 14, ""mask_fill_edgewalk_nearestrow_rows16_p40"": 4, ""mask_fill_edgewalk_nearestrow_safeadt_t2m5_r055_a64_rows16_p40"": 5, ""mask_fill_edgewalk_rows16_p40"": 1, ""skeleton_c30_m20"": 1, ""skeleton_c30_m4"": 1}","{""global"": 33}",False,0.05597747
88,33,0.05369977,1.0,global,0.5,0.2,0.0,0.01,0.05,0.05,0.04,0.8,0.84,0.58,0.78,20.0,8.0,0.5,24.0,5.0,0.68,0.78,0.5,24.0,5.0,0.68,0.78,33,0,0.062442,0.052499,5.69697,0.757576,0.03003,0.0,0.98607,0.8,0.18607,0.811927,"{""auto_evalrepair_r10_c20"": 1, ""mask_fill_edgewalk_nearestrow_inset1_rows16_p40"": 6, ""mask_fill_edgewalk_nearestrow_inset2_rows16_p40"": 14, ""mask_fill_edgewalk_nearestrow_rows16_p40"": 4, ""mask_fill_edgewalk_nearestrow_safeadt_t2m5_r055_a64_rows16_p40"": 5, ""mask_fill_edgewalk_rows16_p40"": 1, ""skeleton_c30_m20"": 1, ""skeleton_c30_m4"": 1}","{""global"": 33}",False,0.05597747
91,33,0.05369977,1.0,global,0.5,0.2,0.01,0.0,0.05,0.05,0.04,0.8,0.84,0.58,0.78,20.0,8.0,0.5,24.0,5.0,0.68,0.78,0.5,24.0,5.0,0.68,0.78,33,0,0.064344,0.052499,5.69697,0.757576,0.03003,0.0,0.98607,0.8,0.18607,0.811927,"{""auto_evalrepair_r10_c20"": 1, ""mask_fill_edgewalk_nearestrow_inset1_rows16_p40"": 6, ""mask_fill_edgewalk_nearestrow_inset2_rows16_p40"": 14, ""mask_fill_edgewalk_nearestrow_rows16_p40"": 4, ""mask_fill_edgewalk_nearestrow_safeadt_t2m5_r055_a64_rows16_p40"": 5, ""mask_fill_edgewalk_rows16_p40"": 1, ""skeleton_c30_m20"": 1, ""skeleton_c30_m4"": 1}","{""global"": 33}",False,0.05597747
94,33,0.05369977,1.0,global,0.5,0.2,0.01,0.01,0.05,0.05,0.04,0.8,0.84,0.58,0.78,20.0,8.0,0.5,24.0,5.0,0.68,0.78,0.5,24.0,5.0,0.68,0.78,33,0,0.065291,0.052499,5.69697,0.757576,0.03003,0.0,0.98607,0.8,0.18607,0.811927,"{""auto_evalrepair_r10_c20"": 1, ""mask_fill_edgewalk_nearestrow_inset1_rows16_p40"": 6, ""mask_fill_edgewalk_nearestrow_inset2_rows16_p40"": 14, ""mask_fill_edgewalk_nearestrow_rows16_p40"": 4, ""mask_fill_edgewalk_nearestrow_safeadt_t2m5_r055_a64_rows16_p40"": 5, ""mask_fill_edgewalk_rows16_p40"": 1, ""skeleton_c30_m20"": 1, ""skeleton_c30_m4"": 1}","{""global"": 33}",False,0.05597747
84,33,0.0540582,1.0,global,0.5,0.2,0.0,0.0,0.02,0.05,0.04,0.8,0.84,0.58,0.78,20.0,8.0,0.5,24.0,5.0,0.68,0.78,0.5,24.0,5.0,0.68,0.78,33,0,0.060554,0.05206,5.787879,0.484848,0.049952,0.0,0.987418,0.8,0.187418,0.811502,"{""mask_fill_edgewalk_nearestrow_inset1_rows16_p40"": 6, ""mask_fill_edgewalk_nearestrow_inset2_rows16_p40"": 14, ""mask_fill_edgewalk_nearestrow_rows16_p40"": 4, ""mask_fill_edgewalk_nearestrow_safeadt_t2m5_r055_a64_rows16_p40"": 5, ""mask_fill_edgewalk_rows16_p40"": 2, ""skeleton_c30_m20"": 1, ""skeleton_c30_m4"": 1}","{""global"": 33}",False,0.05615808
89,33,0.05413117,1.0,global,0.5,0.2,0.0,0.01,0.1,0.05,0.04,0.8,0.84,0.58,0.78,20.0,8.0,0.5,24.0,5.0,0.68,0.78,0.5,24.0,5.0,0.68,0.78,33,0,0.06355,0.053531,5.818182,0.818182,0.015015,0.0,0.985958,0.8,0.185958,0.814059,"{""auto_evalrepair_r10_c20"": 1, ""mask_fill_edgewalk_nearestrow_inset1_rows16_p40"": 5, ""mask_fill_edgewalk_nearestrow_inset2_rows16_p40"": 15, ""mask_fill_edgewalk_nearestrow_rows16_p40"": 4, ""mask_fill_edgewalk_nearestrow_safeadt_t2m5_r055_a64_rows16_p40"": 5, ""mask_fill_edgewalk_rows16_p40"": 1, ""skeleton_c30_m20"": 1, ""skeleton_c30_m4"": 1}","{""global"": 33}",False,0.05649069
95,33,0.05413117,1.0,global,0.5,0.2,0.01,0.01,0.1,0.05,0.04,0.8,0.84,0.58,0.78,20.0,8.0,0.5,24.0,5.0,0.68,0.78,0.5,24.0,5.0,0.68,0.78,33,0,0.066459,0.053531,5.818182,0.818182,0.015015,0.0,0.985958,0.8,0.185958,0.814059,"{""auto_evalrepair_r10_c20"": 1, ""mask_fill_edgewalk_nearestrow_inset1_rows16_p40"": 5, ""mask_fill_edgewalk_nearestrow_inset2_rows16_p40"": 15, ""mask_fill_edgewalk_nearestrow_rows16_p40"": 4, ""mask_fill_edgewalk_nearestrow_safeadt_t2m5_r055_a64_rows16_p40"": 5, ""mask_fill_edgewalk_rows16_p40"": 1, ""skeleton_c30_m20"": 1, ""skeleton_c30_m4"": 1}","{""global"": 33}",False,0.05649069
90,33,0.05428517,1.0,global,0.5,0.2,0.01,0.0,0.02,0.05,0.04,0.8,0.84,0.58,0.78,20.0,8.0,0.5,24.0,5.0,0.68,0.78,0.5,24.0,5.0,0.68,0.78,33,0,0.063396,0.051941,5.575758,0.727273,0.0586,0.0,0.986156,0.8,0.186156,0.811113,"{""auto_evalrepair_r10_c20"": 1, ""mask_fill_edgewalk_nearestrow_inset1_rows16_p40"": 6, ""mask_fill_edgewalk_nearestrow_inset2_rows16_p40"": 13, ""mask_fill_edgewalk_nearestrow_rows16_p40"": 4, ""mask_fill_edgewalk_nearestrow_safeadt_t2m5_r055_a64_rows16_p40"": 6, ""mask_fill_edgewalk_rows16_p40"": 1, ""skeleton_c30_m20"": 1, ""skeleton_c30_m4"": 1}","{""global"": 33}",False,0.05650318
87,33,0.05464349,1.0,global,0.5,0.2,0.0,0.01,0.02,0.05,0.04,0.8,0.84,0.58,0.78,20.0,8.0,0.5,24.0,5.0,0.68,0.78,0.5,24.0,5.0,0.68,0.78,33,0,0.061137,0.051503,5.666667,0.454545,0.078521,0.0,0.987504,0.8,0.187504,0.810687,"{""mask_fill_edgewalk_nearestrow_inset1_rows16_p40"": 6, ""mask_fill_edgewalk_nearestrow_inset2_rows16_p40"": 13, ""mask_fill_edgewalk_nearestrow_rows16_p40"": 4, ""mask_fill_edgewalk_nearestrow_safeadt_t2m5_r055_a64_rows16_p40"": 6, ""mask_fill_edgewalk_rows16_p40"": 2, ""skeleton_c30_m20"": 1, ""skeleton_c30_m4"": 1}","{""global"": 33}",False,0.05668475
93,33,0.05464349,1.0,global,0.5,0.2,0.01,0.01,0.02,0.05,0.04,0.8,0.84,0.58,0.78,20.0,8.0,0.5,24.0,5.0,0.68,0.78,0.5,24.0,5.0,0.68,0.78,33,0,0.06397,0.051503,5.666667,0.454545,0.078521,0.0,0.987504,0.8,0.187504,0.810687,"{""mask_fill_edgewalk_nearestrow_inset1_rows16_p40"": 6, ""mask_fill_edgewalk_nearestrow_inset2_rows16_p40"": 13, ""mask_fill_edgewalk_nearestrow_rows16_p40"": 4, ""mask_fill_edgewalk_nearestrow_safeadt_t2m5_r055_a64_rows16_p40"": 6, ""mask_fill_edgewalk_rows16_p40"": 2, ""skeleton_c30_m20"": 1, ""skeleton_c30_m4"": 1}","{""global"": 33}",False,0.05668475
230,33,0.05419233,1.0,public_balanced,0.2,0.2,0.0,0.0,0.1,0.05,0.04,0.8,0.84,0.58,0.78,20.0,8.0,0.5,24.0,5.0,0.68,0.78,0.5,24.0,5.0,0.68,0.78,33,0,0.061589,0.054192,5.787879,1.030303,0.0,0.0,0.954918,0.752727,0.202191,0.83029,"{""auto_evalrepair_r10_c20"": 3, ""mask_fill_edgewalk_nearestrow_inset1_rows16_p40"": 5, ""mask_fill_edgewalk_nearestrow_inset2_rows16_p40"": 13, ""mask_fill_edgewalk_nearestrow_rows16_p40"": 3, ""mask_fill_edgewalk_nearestrow_safeadt_t2m5_r055_a64_rows16_p40"": 4, ""mask_fill_edgewalk_rows16_p40"": 1, ""skeleton_c30_m20"": 2, ""skeleton_c30_m4"": 2}","{""public_balanced"": 33}",False,0.05670109
236,33,0.05419233,1.0,public_balanced,0.2,0.2,0.01,0.0,0.1,0.05,0.04,0.8,0.84,0.58,0.78,20.0,8.0,0.5,24.0,5.0,0.68,0.78,0.5,24.0,5.0,0.68,0.78,33,0,0.064483,0.054192,5.787879,1.030303,0.0,0.0,0.954918,0.752727,0.202191,0.83029,"{""auto_evalrepair_r10_c20"": 3, ""mask_fill_edgewalk_nearestrow_inset1_rows16_p40"": 5, ""mask_fill_edgewalk_nearestrow_inset2_rows16_p40"": 13, ""mask_fill_edgewalk_nearestrow_rows16_p40"": 3, ""mask_fill_edgewalk_nearestrow_safeadt_t2m5_r055_a64_rows16_p40"": 4, ""mask_fill_edgewalk_rows16_p40"": 1, ""skeleton_c30_m20"": 2, ""skeleton_c30_m4"": 2}","{""public_balanced"": 33}",False,0.05670109
241,33,0.05444925,1.0,public_balanced,0.2,0.35,0.0,0.0,0.05,0.05,0.04,0.8,0.84,0.58,0.78,20.0,8.0,0.5,24.0,5.0,0.68,0.78,0.5,24.0,5.0,0.68,0.78,33,0,0.065225,0.053248,5.787879,0.757576,0.03003,0.0,0.954853,0.752727,0.202126,0.832639,"{""auto_evalrepair_r10_c20"": 2, ""mask_fill_edgewalk_nearestrow_inset1_rows16_p40"": 5, ""mask_fill_edgewalk_nearestrow_inset2_rows16_p40"": 14, ""mask_fill_edgewalk_nearestrow_rows16_p40"": 4, ""mask_fill_edgewalk_nearestrow_safeadt_t2m5_r055_a64_rows16_p40"": 3, ""mask_fill_edgewalk_rows16_p40"": 1, ""skeleton_c30_m20"": 2, ""skeleton_c30_m4"": 2}","{""public_balanced"": 33}",False,0.05675375
244,33,0.05444925,1.0,public_balanced,0.2,0.35,0.0,0.01,0.05,0.05,0.04,0.8,0.84,0.58,0.78,20.0,8.0,0.5,24.0,5.0,0.68,0.78,0.5,24.0,5.0,0.68,0.78,33,0,0.066172,0.053248,5.787879,0.757576,0.03003,0.0,0.954853,0.752727,0.202126,0.832639,"{""auto_evalrepair_r10_c20"": 2, ""mask_fill_edgewalk_nearestrow_inset1_rows16_p40"": 5, ""mask_fill_edgewalk_nearestrow_inset2_rows16_p40"": 14, ""mask_fill_edgewalk_nearestrow_rows16_p40"": 4, ""mask_fill_edgewalk_nearestrow_safeadt_t2m5_r055_a64_rows16_p40"": 3, ""mask_fill_edgewalk_rows16_p40"": 1, ""skeleton_c30_m20"": 2, ""skeleton_c30_m4"": 2}","{""public_balanced"": 33}",False,0.05675375
247,33,0.05444925,1.0,public_balanced,0.2,0.35,0.01,0.0,0.05,0.05,0.04,0.8,0.84,0.58,0.78,20.0,8.0,0.5,24.0,5.0,0.68,0.78,0.5,24.0,5.0,0.68,0.78,33,0,0.068119,0.053248,5.787879,0.757576,0.03003,0.0,0.954853,0.752727,0.202126,0.832639,"{""auto_evalrepair_r10_c20"": 2, ""mask_fill_edgewalk_nearestrow_inset1_rows16_p40"": 5, ""mask_fill_edgewalk_nearestrow_inset2_rows16_p40"": 14, ""mask_fill_edgewalk_nearestrow_rows16_p40"": 4, ""mask_fill_edgewalk_nearestrow_safeadt_t2m5_r055_a64_rows16_p40"": 3, ""mask_fill_edgewalk_rows16_p40"": 1, ""skeleton_c30_m20"": 2, ""skeleton_c30_m4"": 2}","{""public_balanced"": 33}",False,0.05675375
250,33,0.05444925,1.0,public_balanced,0.2,0.35,0.01,0.01,0.05,0.05,0.04,0.8,0.84,0.58,0.78,20.0,8.0,0.5,24.0,5.0,0.68,0.78,0.5,24.0,5.0,0.68,0.78,33,0,0.069066,0.053248,5.787879,0.757576,0.03003,0.0,0.954853,0.752727,0.202126,0.832639,"{""auto_evalrepair_r10_c20"": 2, ""mask_fill_edgewalk_nearestrow_inset1_rows16_p40"": 5, ""mask_fill_edgewalk_nearestrow_inset2_rows16_p40"": 14, ""mask_fill_edgewalk_nearestrow_rows16_p40"": 4, ""mask_fill_edgewalk_nearestrow_safeadt_t2m5_r055_a64_rows16_p40"": 3, ""mask_fill_edgewalk_rows16_p40"": 1, ""skeleton_c30_m20"": 2, ""skeleton_c30_m4"": 2}","{""public_balanced"": 33}",False,0.05675375
25,33,0.05445155,1.0,global,0.2,0.35,0.0,0.0,0.05,0.05,0.04,0.8,0.84,0.58,0.78,20.0,8.0,0.5,24.0,5.0,0.68,0.78,0.5,24.0,5.0,0.68,0.78,33,0,0.065498,0.05325,5.787879,0.757576,0.03003,0.0,0.967486,0.8,0.167486,0.827722,"{""auto_evalrepair_r10_c20"": 2, ""mask_fill_edgewalk_nearestrow_inset1_rows16_p40"": 5, ""mask_fill_edgewalk_nearestrow_inset2_rows16_p40"": 15, ""mask_fill_edgewalk_nearestrow_rows16_p40"": 4, ""mask_fill_edgewalk_nearestrow_safeadt_t2m5_r055_a64_rows16_p40"": 3, ""mask_fill_edgewalk_rows16_p40"": 1, ""skeleton_c30_m20"": 1, ""skeleton_c30_m4"": 2}","{""global"": 33}",False,0.05675575
28,33,0.05445155,1.0,global,0.2,0.35,0.0,0.01,0.05,0.05,0.04,0.8,0.84,0.58,0.78,20.0,8.0,0.5,24.0,5.0,0.68,0.78,0.5,24.0,5.0,0.68,0.78,33,0,0.066445,0.05325,5.787879,0.757576,0.03003,0.0,0.967486,0.8,0.167486,0.827722,"{""auto_evalrepair_r10_c20"": 2, ""mask_fill_edgewalk_nearestrow_inset1_rows16_p40"": 5, ""mask_fill_edgewalk_nearestrow_inset2_rows16_p40"": 15, ""mask_fill_edgewalk_nearestrow_rows16_p40"": 4, ""mask_fill_edgewalk_nearestrow_safeadt_t2m5_r055_a64_rows16_p40"": 3, ""mask_fill_edgewalk_rows16_p40"": 1, ""skeleton_c30_m20"": 1, ""skeleton_c30_m4"": 2}","{""global"": 33}",False,0.05675575
31,33,0.05445155,1.0,global,0.2,0.35,0.01,0.0,0.05,0.05,0.04,0.8,0.84,0.58,0.78,20.0,8.0,0.5,24.0,5.0,0.68,0.78,0.5,24.0,5.0,0.68,0.78,33,0,0.068392,0.05325,5.787879,0.757576,0.03003,0.0,0.967486,0.8,0.167486,0.827722,"{""auto_evalrepair_r10_c20"": 2, ""mask_fill_edgewalk_nearestrow_inset1_rows16_p40"": 5, ""mask_fill_edgewalk_nearestrow_inset2_rows16_p40"": 15, ""mask_fill_edgewalk_nearestrow_rows16_p40"": 4, ""mask_fill_edgewalk_nearestrow_safeadt_t2m5_r055_a64_rows16_p40"": 3, ""mask_fill_edgewalk_rows16_p40"": 1, ""skeleton_c30_m20"": 1, ""skeleton_c30_m4"": 2}","{""global"": 33}",False,0.05675575
34,33,0.05445155,1.0,global,0.2,0.35,0.01,0.01,0.05,0.05,0.04,0.8,0.84,0.58,0.78,20.0,8.0,0.5,24.0,5.0,0.68,0.78,0.5,24.0,5.0,0.68,0.78,33,0,0.069339,0.05325,5.787879,0.757576,0.03003,0.0,0.967486,0.8,0.167486,0.827722,"{""auto_evalrepair_r10_c20"": 2, ""mask_fill_edgewalk_nearestrow_inset1_rows16_p40"": 5, ""mask_fill_edgewalk_nearestrow_inset2_rows16_p40"": 15, ""mask_fill_edgewalk_nearestrow_rows16_p40"": 4, ""mask_fill_edgewalk_nearestrow_safeadt_t2m5_r055_a64_rows16_p40"": 3, ""mask_fill_edgewalk_rows16_p40"": 1, ""skeleton_c30_m20"": 1, ""skeleton_c30_m4"": 2}","{""global"": 33}",False,0.05675575
61,33,0.05445155,1.0,global,0.35,0.35,0.0,0.0,0.05,0.05,0.04,0.8,0.84,0.58,0.78,20.0,8.0,0.5,24.0,5.0,0.68,0.78,0.5,24.0,5.0,0.68,0.78,33,0,0.066408,0.05325,5.787879,0.757576,0.03003,0.0,0.967486,0.8,0.167486,0.827722,"{""auto_evalrepair_r10_c20"": 2, ""mask_fill_edgewalk_nearestrow_inset1_rows16_p40"": 5, ""mask_fill_edgewalk_nearestrow_inset2_rows16_p40"": 15, ""mask_fill_edgewalk_nearestrow_rows16_p40"": 4, ""mask_fill_edgewalk_nearestrow_safeadt_t2m5_r055_a64_rows16_p40"": 3, ""mask_fill_edgewalk_rows16_p40"": 1, ""skeleton_c30_m20"": 1, ""skeleton_c30_m4"": 2}","{""global"": 33}",False,0.05675575
64,33,0.05445155,1.0,global,0.35,0.35,0.0,0.01,0.05,0.05,0.04,0.8,0.84,0.58,0.78,20.0,8.0,0.5,24.0,5.0,0.68,0.78,0.5,24.0,5.0,0.68,0.78,33,0,0.067355,0.05325,5.787879,0.757576,0.03003,0.0,0.967486,0.8,0.167486,0.827722,"{""auto_evalrepair_r10_c20"": 2, ""mask_fill_edgewalk_nearestrow_inset1_rows16_p40"": 5, ""mask_fill_edgewalk_nearestrow_inset2_rows16_p40"": 15, ""mask_fill_edgewalk_nearestrow_rows16_p40"": 4, ""mask_fill_edgewalk_nearestrow_safeadt_t2m5_r055_a64_rows16_p40"": 3, ""mask_fill_edgewalk_rows16_p40"": 1, ""skeleton_c30_m20"": 1, ""skeleton_c30_m4"": 2}","{""global"": 33}",False,0.05675575
67,33,0.05445155,1.0,global,0.35,0.35,0.01,0.0,0.05,0.05,0.04,0.8,0.84,0.58,0.78,20.0,8.0,0.5,24.0,5.0,0.68,0.78,0.5,24.0,5.0,0.68,0.78,33,0,0.069302,0.05325,5.787879,0.757576,0.03003,0.0,0.967486,0.8,0.167486,0.827722,"{""auto_evalrepair_r10_c20"": 2, ""mask_fill_edgewalk_nearestrow_inset1_rows16_p40"": 5, ""mask_fill_edgewalk_nearestrow_inset2_rows16_p40"": 15, ""mask_fill_edgewalk_nearestrow_rows16_p40"": 4, ""mask_fill_edgewalk_nearestrow_safeadt_t2m5_r055_a64_rows16_p40"": 3, ""mask_fill_edgewalk_rows16_p40"": 1, ""skeleton_c30_m20"": 1, ""skeleton_c30_m4"": 2}","{""global"": 33}",False,0.05675575
70,33,0.05445155,1.0,global,0.35,0.35,0.01,0.01,0.05,0.05,0.04,0.8,0.84,0.58,0.78,20.0,8.0,0.5,24.0,5.0,0.68,0.78,0.5,24.0,5.0,0.68,0.78,33,0,0.070248,0.05325,5.787879,0.757576,0.03003,0.0,0.967486,0.8,0.167486,0.827722,"{""auto_evalrepair_r10_c20"": 2, ""mask_fill_edgewalk_nearestrow_inset1_rows16_p40"": 5, ""mask_fill_edgewalk_nearestrow_inset2_rows16_p40"": 15, ""mask_fill_edgewalk_nearestrow_rows16_p40"": 4, ""mask_fill_edgewalk_nearestrow_safeadt_t2m5_r055_a64_rows16_p40"": 3, ""mask_fill_edgewalk_rows16_p40"": 1, ""skeleton_c30_m20"": 1, ""skeleton_c30_m4"": 2}","{""global"": 33}",False,0.05675575
240,33,0.05480759,1.0,public_balanced,0.2,0.35,0.0,0.0,0.02,0.05,0.04,0.8,0.84,0.58,0.78,20.0,8.0,0.5,24.0,5.0,0.68,0.78,0.5,24.0,5.0,0.68,0.78,33,0,0.064284,0.052809,5.878788,0.484848,0.049952,0.0,0.956201,0.752727,0.203474,0.832213,"{""auto_evalrepair_r10_c20"": 1, ""mask_fill_edgewalk_nearestrow_inset1_rows16_p40"": 5, ""mask_fill_edgewalk_nearestrow_inset2_rows16_p40"": 14, ""mask_fill_edgewalk_nearestrow_rows16_p40"": 4, ""mask_fill_edgewalk_nearestrow_safeadt_t2m5_r055_a64_rows16_p40"": 3, ""mask_fill_edgewalk_rows16_p40"": 2, ""skeleton_c30_m20"": 2, ""skeleton_c30_m4"": 2}","{""public_balanced"": 33}",False,0.05693435
24,33,0.05480987,1.0,global,0.2,0.35,0.0,0.0,0.02,0.05,0.04,0.8,0.84,0.58,0.78,20.0,8.0,0.5,24.0,5.0,0.68,0.78,0.5,24.0,5.0,0.68,0.78,33,0,0.064557,0.052812,5.878788,0.484848,0.049952,0.0,0.968834,0.8,0.168834,0.827297,"{""auto_evalrepair_r10_c20"": 1, ""mask_fill_edgewalk_nearestrow_inset1_rows16_p40"": 5, ""mask_fill_edgewalk_nearestrow_inset2_rows16_p40"": 15, ""mask_fill_edgewalk_nearestrow_rows16_p40"": 4, ""mask_fill_edgewalk_nearestrow_safeadt_t2m5_r055_a64_rows16_p40"": 3, ""mask_fill_edgewalk_rows16_p40"": 2, ""skeleton_c30_m20"": 1, ""skeleton_c30_m4"": 2}","{""global"": 33}",False,0.05693735
60,33,0.05480987,1.0,global,0.35,0.35,0.0,0.0,0.02,0.05,0.04,0.8,0.84,0.58,0.78,20.0,8.0,0.5,24.0,5.0,0.68,0.78,0.5,24.0,5.0,0.68,0.78,33,0,0.065467,0.052812,5.878788,0.484848,0.049952,0.0,0.968834,0.8,0.168834,0.827297,"{""auto_evalrepair_r10_c20"": 1, ""mask_fill_edgewalk_nearestrow_inset1_rows16_p40"": 5, ""mask_fill_edgewalk_nearestrow_inset2_rows16_p40"": 15, ""mask_fill_edgewalk_nearestrow_rows16_p40"": 4, ""mask_fill_edgewalk_nearestrow_safeadt_t2m5_r055_a64_rows16_p40"": 3, ""mask_fill_edgewalk_rows16_p40"": 2, ""skeleton_c30_m20"": 1, ""skeleton_c30_m4"": 2}","{""global"": 33}",False,0.05693735
245,33,0.05488056,1.0,public_balanced,0.2,0.35,0.0,0.01,0.1,0.05,0.04,0.8,0.84,0.58,0.78,20.0,8.0,0.5,24.0,5.0,0.68,0.78,0.5,24.0,5.0,0.68,0.78,33,0,0.06728,0.05428,5.909091,0.818182,0.015015,0.0,0.95474,0.752727,0.202013,0.834771,"{""auto_evalrepair_r10_c20"": 2, ""mask_fill_edgewalk_nearestrow_inset1_rows16_p40"": 4, ""mask_fill_edgewalk_nearestrow_inset2_rows16_p40"": 15, ""mask_fill_edgewalk_nearestrow_rows16_p40"": 4, ""mask_fill_edgewalk_nearestrow_safeadt_t2m5_r055_a64_rows16_p40"": 3, ""mask_fill_edgewalk_rows16_p40"": 1, ""skeleton_c30_m20"": 2, ""skeleton_c30_m4"": 2}","{""public_balanced"": 33}",False,0.05726696
251,33,0.05488056,1.0,public_balanced,0.2,0.35,0.01,0.01,0.1,0.05,0.04,0.8,0.84,0.58,0.78,20.0,8.0,0.5,24.0,5.0,0.68,0.78,0.5,24.0,5.0,0.68,0.78,33,0,0.070234,0.05428,5.909091,0.818182,0.015015,0.0,0.95474,0.752727,0.202013,0.834771,"{""auto_evalrepair_r10_c20"": 2, ""mask_fill_edgewalk_nearestrow_inset1_rows16_p40"": 4, ""mask_fill_edgewalk_nearestrow_inset2_rows16_p40"": 15, ""mask_fill_edgewalk_nearestrow_rows16_p40"": 4, ""mask_fill_edgewalk_nearestrow_safeadt_t2m5_r055_a64_rows16_p40"": 3, ""mask_fill_edgewalk_rows16_p40"": 1, ""skeleton_c30_m20"": 2, ""skeleton_c30_m4"": 2}","{""public_balanced"": 33}",False,0.05726696
29,33,0.05488302,1.0,global,0.2,0.35,0.0,0.01,0.1,0.05,0.04,0.8,0.84,0.58,0.78,20.0,8.0,0.5,24.0,5.0,0.68,0.78,0.5,24.0,5.0,0.68,0.78,33,0,0.067553,0.054282,5.909091,0.818182,0.015015,0.0,0.967374,0.8,0.167374,0.829854,"{""auto_evalrepair_r10_c20"": 2, ""mask_fill_edgewalk_nearestrow_inset1_rows16_p40"": 4, ""mask_fill_edgewalk_nearestrow_inset2_rows16_p40"": 16, ""mask_fill_edgewalk_nearestrow_rows16_p40"": 4, ""mask_fill_edgewalk_nearestrow_safeadt_t2m5_r055_a64_rows16_p40"": 3, ""mask_fill_edgewalk_rows16_p40"": 1, ""skeleton_c30_m20"": 1, ""skeleton_c30_m4"": 2}","{""global"": 33}",False,0.05726896
35,33,0.05488302,1.0,global,0.2,0.35,0.01,0.01,0.1,0.05,0.04,0.8,0.84,0.58,0.78,20.0,8.0,0.5,24.0,5.0,0.68,0.78,0.5,24.0,5.0,0.68,0.78,33,0,0.070508,0.054282,5.909091,0.818182,0.015015,0.0,0.967374,0.8,0.167374,0.829854,"{""auto_evalrepair_r10_c20"": 2, ""mask_fill_edgewalk_nearestrow_inset1_rows16_p40"": 4, ""mask_fill_edgewalk_nearestrow_inset2_rows16_p40"": 16, ""mask_fill_edgewalk_nearestrow_rows16_p40"": 4, ""mask_fill_edgewalk_nearestrow_safeadt_t2m5_r055_a64_rows16_p40"": 3, ""mask_fill_edgewalk_rows16_p40"": 1, ""skeleton_c30_m20"": 1, ""skeleton_c30_m4"": 2}","{""global"": 33}",False,0.05726896
65,33,0.05488302,1.0,global,0.35,0.35,0.0,0.01,0.1,0.05,0.04,0.8,0.84,0.58,0.78,20.0,8.0,0.5,24.0,5.0,0.68,0.78,0.5,24.0,5.0,0.68,0.78,33,0,0.068462,0.054282,5.909091,0.818182,0.015015,0.0,0.967374,0.8,0.167374,0.829854,"{""auto_evalrepair_r10_c20"": 2, ""mask_fill_edgewalk_nearestrow_inset1_rows16_p40"": 4, ""mask_fill_edgewalk_nearestrow_inset2_rows16_p40"": 16, ""mask_fill_edgewalk_nearestrow_rows16_p40"": 4, ""mask_fill_edgewalk_nearestrow_safeadt_t2m5_r055_a64_rows16_p40"": 3, ""mask_fill_edgewalk_rows16_p40"": 1, ""skeleton_c30_m20"": 1, ""skeleton_c30_m4"": 2}","{""global"": 33}",False,0.05726896
71,33,0.05488302,1.0,global,0.35,0.35,0.01,0.01,0.1,0.05,0.04,0.8,0.84,0.58,0.78,20.0,8.0,0.5,24.0,5.0,0.68,0.78,0.5,24.0,5.0,0.68,0.78,33,0,0.071417,0.054282,5.909091,0.818182,0.015015,0.0,0.967374,0.8,0.167374,0.829854,"{""auto_evalrepair_r10_c20"": 2, ""mask_fill_edgewalk_nearestrow_inset1_rows16_p40"": 4, ""mask_fill_edgewalk_nearestrow_inset2_rows16_p40"": 16, ""mask_fill_edgewalk_nearestrow_rows16_p40"": 4, ""mask_fill_edgewalk_nearestrow_safeadt_t2m5_r055_a64_rows16_p40"": 3, ""mask_fill_edgewalk_rows16_p40"": 1, ""skeleton_c30_m20"": 1, ""skeleton_c30_m4"": 2}","{""global"": 33}",False,0.05726896
246,33,0.05503454,1.0,public_balanced,0.2,0.35,0.01,0.0,0.02,0.05,0.04,0.8,0.84,0.58,0.78,20.0,8.0,0.5,24.0,5.0,0.68,0.78,0.5,24.0,5.0,0.68,0.78,33,0,0.067172,0.052691,5.666667,0.727273,0.0586,0.0,0.954938,0.752727,0.202211,0.831824,"{""auto_evalrepair_r10_c20"": 2, ""mask_fill_edgewalk_nearestrow_inset1_rows16_p40"": 5, ""mask_fill_edgewalk_nearestrow_inset2_rows16_p40"": 13, ""mask_fill_edgewalk_nearestrow_rows16_p40"": 4, ""mask_fill_edgewalk_nearestrow_safeadt_t2m5_r055_a64_rows16_p40"": 4, ""mask_fill_edgewalk_rows16_p40"": 1, ""skeleton_c30_m20"": 2, ""skeleton_c30_m4"": 2}","{""public_balanced"": 33}",False,0.05728045
30,33,0.05503696,1.0,global,0.2,0.35,0.01,0.0,0.02,0.05,0.04,0.8,0.84,0.58,0.78,20.0,8.0,0.5,24.0,5.0,0.68,0.78,0.5,24.0,5.0,0.68,0.78,33,0,0.067445,0.052693,5.666667,0.727273,0.0586,0.0,0.967572,0.8,0.167572,0.826908,"{""auto_evalrepair_r10_c20"": 2, ""mask_fill_edgewalk_nearestrow_inset1_rows16_p40"": 5, ""mask_fill_edgewalk_nearestrow_inset2_rows16_p40"": 14, ""mask_fill_edgewalk_nearestrow_rows16_p40"": 4, ""mask_fill_edgewalk_nearestrow_safeadt_t2m5_r055_a64_rows16_p40"": 4, ""mask_fill_edgewalk_rows16_p40"": 1, ""skeleton_c30_m20"": 1, ""skeleton_c30_m4"": 2}","{""global"": 33}",False,0.05728245
66,33,0.05503696,1.0,global,0.35,0.35,0.01,0.0,0.02,0.05,0.04,0.8,0.84,0.58,0.78,20.0,8.0,0.5,24.0,5.0,0.68,0.78,0.5,24.0,5.0,0.68,0.78,33,0,0.068354,0.052693,5.666667,0.727273,0.0586,0.0,0.967572,0.8,0.167572,0.826908,"{""auto_evalrepair_r10_c20"": 2, ""mask_fill_edgewalk_nearestrow_inset1_rows16_p40"": 5, ""mask_fill_edgewalk_nearestrow_inset2_rows16_p40"": 14, ""mask_fill_edgewalk_nearestrow_rows16_p40"": 4, ""mask_fill_edgewalk_nearestrow_safeadt_t2m5_r055_a64_rows16_p40"": 4, ""mask_fill_edgewalk_rows16_p40"": 1, ""skeleton_c30_m20"": 1, ""skeleton_c30_m4"": 2}","{""global"": 33}",False,0.05728245
86,33,0.05487827,1.0,global,0.5,0.2,0.0,0.0,0.1,0.05,0.04,0.8,0.84,0.58,0.78,20.0,8.0,0.5,24.0,5.0,0.68,0.78,0.5,24.0,5.0,0.68,0.78,33,0,0.062374,0.054878,5.848485,1.060606,0.0,0.0,0.985629,0.8,0.185629,0.816223,"{""auto_evalrepair_r10_c20"": 2, ""mask_fill_edgewalk_nearestrow_inset1_rows16_p40"": 5, ""mask_fill_edgewalk_nearestrow_inset2_rows16_p40"": 15, ""mask_fill_edgewalk_nearestrow_rows16_p40"": 3, ""mask_fill_edgewalk_nearestrow_safeadt_t2m5_r055_a64_rows16_p40"": 5, ""mask_fill_edgewalk_rows16_p40"": 1, ""skeleton_c30_m20"": 1, ""skeleton_c30_m4"": 1}","{""global"": 33}",False,0.057428
92,33,0.05487827,1.0,global,0.5,0.2,0.01,0.0,0.1,0.05,0.04,0.8,0.84,0.58,0.78,20.0,8.0,0.5,24.0,5.0,0.68,0.78,0.5,24.0,5.0,0.68,0.78,33,0,0.065298,0.054878,5.848485,1.060606,0.0,0.0,0.985629,0.8,0.185629,0.816223,"{""auto_evalrepair_r10_c20"": 2, ""mask_fill_edgewalk_nearestrow_inset1_rows16_p40"": 5, ""mask_fill_edgewalk_nearestrow_inset2_rows16_p40"": 15, ""mask_fill_edgewalk_nearestrow_rows16_p40"": 3, ""mask_fill_edgewalk_nearestrow_safeadt_t2m5_r055_a64_rows16_p40"": 5, ""mask_fill_edgewalk_rows16_p40"": 1, ""skeleton_c30_m20"": 1, ""skeleton_c30_m4"": 1}","{""global"": 33}",False,0.057428
243,33,0.05539294,1.0,public_balanced,0.2,0.35,0.0,0.01,0.02,0.05,0.04,0.8,0.84,0.58,0.78,20.0,8.0,0.5,24.0,5.0,0.68,0.78,0.5,24.0,5.0,0.68,0.78,33,0,0.064866,0.052252,5.757576,0.454545,0.078521,0.0,0.956286,0.752727,0.203559,0.831398,"{""auto_evalrepair_r10_c20"": 1, ""mask_fill_edgewalk_nearestrow_inset1_rows16_p40"": 5, ""mask_fill_edgewalk_nearestrow_inset2_rows16_p40"": 13, ""mask_fill_edgewalk_nearestrow_rows16_p40"": 4, ""mask_fill_edgewalk_nearestrow_safeadt_t2m5_r055_a64_rows16_p40"": 4, ""mask_fill_edgewalk_rows16_p40"": 2, ""skeleton_c30_m20"": 2, ""skeleton_c30_m4"": 2}","{""public_balanced"": 33}",False,0.05746102
249,33,0.05539294,1.0,public_balanced,0.2,0.35,0.01,0.01,0.02,0.05,0.04,0.8,0.84,0.58,0.78,20.0,8.0,0.5,24.0,5.0,0.68,0.78,0.5,24.0,5.0,0.68,0.78,33,0,0.067745,0.052252,5.757576,0.454545,0.078521,0.0,0.956286,0.752727,0.203559,0.831398,"{""auto_evalrepair_r10_c20"": 1, ""mask_fill_edgewalk_nearestrow_inset1_rows16_p40"": 5, ""mask_fill_edgewalk_nearestrow_inset2_rows16_p40"": 13, ""mask_fill_edgewalk_nearestrow_rows16_p40"": 4, ""mask_fill_edgewalk_nearestrow_safeadt_t2m5_r055_a64_rows16_p40"": 4, ""mask_fill_edgewalk_rows16_p40"": 2, ""skeleton_c30_m20"": 2, ""skeleton_c30_m4"": 2}","{""public_balanced"": 33}",False,0.05746102
27,33,0.05539524,1.0,global,0.2,0.35,0.0,0.01,0.02,0.05,0.04,0.8,0.84,0.58,0.78,20.0,8.0,0.5,24.0,5.0,0.68,0.78,0.5,24.0,5.0,0.68,0.78,33,0,0.06514,0.052254,5.757576,0.454545,0.078521,0.0,0.96892,0.8,0.16892,0.826482,"{""auto_evalrepair_r10_c20"": 1, ""mask_fill_edgewalk_nearestrow_inset1_rows16_p40"": 5, ""mask_fill_edgewalk_nearestrow_inset2_rows16_p40"": 14, ""mask_fill_edgewalk_nearestrow_rows16_p40"": 4, ""mask_fill_edgewalk_nearestrow_safeadt_t2m5_r055_a64_rows16_p40"": 4, ""mask_fill_edgewalk_rows16_p40"": 2, ""skeleton_c30_m20"": 1, ""skeleton_c30_m4"": 2}","{""global"": 33}",False,0.05746302
33,33,0.05539524,1.0,global,0.2,0.35,0.01,0.01,0.02,0.05,0.04,0.8,0.84,0.58,0.78,20.0,8.0,0.5,24.0,5.0,0.68,0.78,0.5,24.0,5.0,0.68,0.78,33,0,0.068018,0.052254,5.757576,0.454545,0.078521,0.0,0.96892,0.8,0.16892,0.826482,"{""auto_evalrepair_r10_c20"": 1, ""mask_fill_edgewalk_nearestrow_inset1_rows16_p40"": 5, ""mask_fill_edgewalk_nearestrow_inset2_rows16_p40"": 14, ""mask_fill_edgewalk_nearestrow_rows16_p40"": 4, ""mask_fill_edgewalk_nearestrow_safeadt_t2m5_r055_a64_rows16_p40"": 4, ""mask_fill_edgewalk_rows16_p40"": 2, ""skeleton_c30_m20"": 1, ""skeleton_c30_m4"": 2}","{""global"": 33}",False,0.05746302
63,33,0.05539524,1.0,global,0.35,0.35,0.0,0.01,0.02,0.05,0.04,0.8,0.84,0.58,0.78,20.0,8.0,0.5,24.0,5.0,0.68,0.78,0.5,24.0,5.0,0.68,0.78,33,0,0.066049,0.052254,5.757576,0.454545,0.078521,0.0,0.96892,0.8,0.16892,0.826482,"{""auto_evalrepair_r10_c20"": 1, ""mask_fill_edgewalk_nearestrow_inset1_rows16_p40"": 5, ""mask_fill_edgewalk_nearestrow_inset2_rows16_p40"": 14, ""mask_fill_edgewalk_nearestrow_rows16_p40"": 4, ""mask_fill_edgewalk_nearestrow_safeadt_t2m5_r055_a64_rows16_p40"": 4, ""mask_fill_edgewalk_rows16_p40"": 2, ""skeleton_c30_m20"": 1, ""skeleton_c30_m4"": 2}","{""global"": 33}",False,0.05746302
69,33,0.05539524,1.0,global,0.35,0.35,0.01,0.01,0.02,0.05,0.04,0.8,0.84,0.58,0.78,20.0,8.0,0.5,24.0,5.0,0.68,0.78,0.5,24.0,5.0,0.68,0.78,33,0,0.068928,0.052254,5.757576,0.454545,0.078521,0.0,0.96892,0.8,0.16892,0.826482,"{""auto_evalrepair_r10_c20"": 1, ""mask_fill_edgewalk_nearestrow_inset1_rows16_p40"": 5, ""mask_fill_edgewalk_nearestrow_inset2_rows16_p40"": 14, ""mask_fill_edgewalk_nearestrow_rows16_p40"": 4, ""mask_fill_edgewalk_nearestrow_safeadt_t2m5_r055_a64_rows16_p40"": 4, ""mask_fill_edgewalk_rows16_p40"": 2, ""skeleton_c30_m20"": 1, ""skeleton_c30_m4"": 2}","{""global"": 33}",False,0.05746302
97,33,0.05513522,1.0,global,0.5,0.35,0.0,0.0,0.05,0.05,0.04,0.8,0.84,0.58,0.78,20.0,8.0,0.5,24.0,5.0,0.68,0.78,0.5,24.0,5.0,0.68,0.78,33,0,0.066951,0.053934,5.848485,0.787879,0.03003,0.0,0.985564,0.8,0.185564,0.818572,"{""auto_evalrepair_r10_c20"": 1, ""mask_fill_edgewalk_nearestrow_inset1_rows16_p40"": 5, ""mask_fill_edgewalk_nearestrow_inset2_rows16_p40"": 16, ""mask_fill_edgewalk_nearestrow_rows16_p40"": 4, ""mask_fill_edgewalk_nearestrow_safeadt_t2m5_r055_a64_rows16_p40"": 4, ""mask_fill_edgewalk_rows16_p40"": 1, ""skeleton_c30_m20"": 1, ""skeleton_c30_m4"": 1}","{""global"": 33}",False,0.05748065
100,33,0.05513522,1.0,global,0.5,0.35,0.0,0.01,0.05,0.05,0.04,0.8,0.84,0.58,0.78,20.0,8.0,0.5,24.0,5.0,0.68,0.78,0.5,24.0,5.0,0.68,0.78,33,0,0.067936,0.053934,5.848485,0.787879,0.03003,0.0,0.985564,0.8,0.185564,0.818572,"{""auto_evalrepair_r10_c20"": 1, ""mask_fill_edgewalk_nearestrow_inset1_rows16_p40"": 5, ""mask_fill_edgewalk_nearestrow_inset2_rows16_p40"": 16, ""mask_fill_edgewalk_nearestrow_rows16_p40"": 4, ""mask_fill_edgewalk_nearestrow_safeadt_t2m5_r055_a64_rows16_p40"": 4, ""mask_fill_edgewalk_rows16_p40"": 1, ""skeleton_c30_m20"": 1, ""skeleton_c30_m4"": 1}","{""global"": 33}",False,0.05748065
103,33,0.05513522,1.0,global,0.5,0.35,0.01,0.0,0.05,0.05,0.04,0.8,0.84,0.58,0.78,20.0,8.0,0.5,24.0,5.0,0.68,0.78,0.5,24.0,5.0,0.68,0.78,33,0,0.069876,0.053934,5.848485,0.787879,0.03003,0.0,0.985564,0.8,0.185564,0.818572,"{""auto_evalrepair_r10_c20"": 1, ""mask_fill_edgewalk_nearestrow_inset1_rows16_p40"": 5, ""mask_fill_edgewalk_nearestrow_inset2_rows16_p40"": 16, ""mask_fill_edgewalk_nearestrow_rows16_p40"": 4, ""mask_fill_edgewalk_nearestrow_safeadt_t2m5_r055_a64_rows16_p40"": 4, ""mask_fill_edgewalk_rows16_p40"": 1, ""skeleton_c30_m20"": 1, ""skeleton_c30_m4"": 1}","{""global"": 33}",False,0.05748065
106,33,0.05513522,1.0,global,0.5,0.35,0.01,0.01,0.05,0.05,0.04,0.8,0.84,0.58,0.78,20.0,8.0,0.5,24.0,5.0,0.68,0.78,0.5,24.0,5.0,0.68,0.78,33,0,0.070861,0.053934,5.848485,0.787879,0.03003,0.0,0.985564,0.8,0.185564,0.818572,"{""auto_evalrepair_r10_c20"": 1, ""mask_fill_edgewalk_nearestrow_inset1_rows16_p40"": 5, ""mask_fill_edgewalk_nearestrow_inset2_rows16_p40"": 16, ""mask_fill_edgewalk_nearestrow_rows16_p40"": 4, ""mask_fill_edgewalk_nearestrow_safeadt_t2m5_r055_a64_rows16_p40"": 4, ""mask_fill_edgewalk_rows16_p40"": 1, ""skeleton_c30_m20"": 1, ""skeleton_c30_m4"": 1}","{""global"": 33}",False,0.05748065
96,33,0.0554935,1.0,global,0.5,0.35,0.0,0.0,0.02,0.05,0.04,0.8,0.84,0.58,0.78,20.0,8.0,0.5,24.0,5.0,0.68,0.78,0.5,24.0,5.0,0.68,0.78,33,0,0.06601,0.053495,5.939394,0.515152,0.049952,0.0,0.986912,0.8,0.186912,0.818147,"{""mask_fill_edgewalk_nearestrow_inset1_rows16_p40"": 5, ""mask_fill_edgewalk_nearestrow_inset2_rows16_p40"": 16, ""mask_fill_edgewalk_nearestrow_rows16_p40"": 4, ""mask_fill_edgewalk_nearestrow_safeadt_t2m5_r055_a64_rows16_p40"": 4, ""mask_fill_edgewalk_rows16_p40"": 2, ""skeleton_c30_m20"": 1, ""skeleton_c30_m4"": 1}","{""global"": 33}",False,0.05766126
101,33,0.05556659,1.0,global,0.5,0.35,0.0,0.01,0.1,0.05,0.04,0.8,0.84,0.58,0.78,20.0,8.0,0.5,24.0,5.0,0.68,0.78,0.5,24.0,5.0,0.68,0.78,33,0,0.069044,0.054966,5.969697,0.848485,0.015015,0.0,0.985452,0.8,0.185452,0.820704,"{""auto_evalrepair_r10_c20"": 1, ""mask_fill_edgewalk_nearestrow_inset1_rows16_p40"": 4, ""mask_fill_edgewalk_nearestrow_inset2_rows16_p40"": 17, ""mask_fill_edgewalk_nearestrow_rows16_p40"": 4, ""mask_fill_edgewalk_nearestrow_safeadt_t2m5_r055_a64_rows16_p40"": 4, ""mask_fill_edgewalk_rows16_p40"": 1, ""skeleton_c30_m20"": 1, ""skeleton_c30_m4"": 1}","{""global"": 33}",False,0.05799387
107,33,0.05556659,1.0,global,0.5,0.35,0.01,0.01,0.1,0.05,0.04,0.8,0.84,0.58,0.78,20.0,8.0,0.5,24.0,5.0,0.68,0.78,0.5,24.0,5.0,0.68,0.78,33,0,0.072029,0.054966,5.969697,0.848485,0.015015,0.0,0.985452,0.8,0.185452,0.820704,"{""auto_evalrepair_r10_c20"": 1, ""mask_fill_edgewalk_nearestrow_inset1_rows16_p40"": 4, ""mask_fill_edgewalk_nearestrow_inset2_rows16_p40"": 17, ""mask_fill_edgewalk_nearestrow_rows16_p40"": 4, ""mask_fill_edgewalk_nearestrow_safeadt_t2m5_r055_a64_rows16_p40"": 4, ""mask_fill_edgewalk_rows16_p40"": 1, ""skeleton_c30_m20"": 1, ""skeleton_c30_m4"": 1}","{""global"": 33}",False,0.05799387
102,33,0.05572057,1.0,global,0.5,0.35,0.01,0.0,0.02,0.05,0.04,0.8,0.84,0.58,0.78,20.0,8.0,0.5,24.0,5.0,0.68,0.78,0.5,24.0,5.0,0.68,0.78,33,0,0.068928,0.053377,5.727273,0.757576,0.0586,0.0,0.98565,0.8,0.18565,0.817758,"{""auto_evalrepair_r10_c20"": 1, ""mask_fill_edgewalk_nearestrow_inset1_rows16_p40"": 5, ""mask_fill_edgewalk_nearestrow_inset2_rows16_p40"": 15, ""mask_fill_edgewalk_nearestrow_rows16_p40"": 4, ""mask_fill_edgewalk_nearestrow_safeadt_t2m5_r055_a64_rows16_p40"": 5, ""mask_fill_edgewalk_rows16_p40"": 1, ""skeleton_c30_m20"": 1, ""skeleton_c30_m4"": 1}","{""global"": 33}",False,0.05800736
99,33,0.05607888,1.0,global,0.5,0.35,0.0,0.01,0.02,0.05,0.04,0.8,0.84,0.58,0.78,20.0,8.0,0.5,24.0,5.0,0.68,0.78,0.5,24.0,5.0,0.68,0.78,33,0,0.066631,0.052938,5.818182,0.484848,0.078521,0.0,0.986998,0.8,0.186998,0.817332,"{""mask_fill_edgewalk_nearestrow_inset1_rows16_p40"": 5, ""mask_fill_edgewalk_nearestrow_inset2_rows16_p40"": 15, ""mask_fill_edgewalk_nearestrow_rows16_p40"": 4, ""mask_fill_edgewalk_nearestrow_safeadt_t2m5_r055_a64_rows16_p40"": 5, ""mask_fill_edgewalk_rows16_p40"": 2, ""skeleton_c30_m20"": 1, ""skeleton_c30_m4"": 1}","{""global"": 33}",False,0.05818793
105,33,0.05607888,1.0,global,0.5,0.35,0.01,0.01,0.02,0.05,0.04,0.8,0.84,0.58,0.78,20.0,8.0,0.5,24.0,5.0,0.68,0.78,0.5,24.0,5.0,0.68,0.78,33,0,0.06954,0.052938,5.818182,0.484848,0.078521,0.0,0.986998,0.8,0.186998,0.817332,"{""mask_fill_edgewalk_nearestrow_inset1_rows16_p40"": 5, ""mask_fill_edgewalk_nearestrow_inset2_rows16_p40"": 15, ""mask_fill_edgewalk_nearestrow_rows16_p40"": 4, ""mask_fill_edgewalk_nearestrow_safeadt_t2m5_r055_a64_rows16_p40"": 5, ""mask_fill_edgewalk_rows16_p40"": 2, ""skeleton_c30_m20"": 1, ""skeleton_c30_m4"": 1}","{""global"": 33}",False,0.05818793
242,33,0.05562773,1.0,public_balanced,0.2,0.35,0.0,0.0,0.1,0.05,0.04,0.8,0.84,0.58,0.78,20.0,8.0,0.5,24.0,5.0,0.68,0.78,0.5,24.0,5.0,0.68,0.78,33,0,0.066103,0.055628,5.939394,1.060606,0.0,0.0,0.954412,0.752727,0.201685,0.836935,"{""auto_evalrepair_r10_c20"": 3, ""mask_fill_edgewalk_nearestrow_inset1_rows16_p40"": 4, ""mask_fill_edgewalk_nearestrow_inset2_rows16_p40"": 15, ""mask_fill_edgewalk_nearestrow_rows16_p40"": 3, ""mask_fill_edgewalk_nearestrow_safeadt_t2m5_r055_a64_rows16_p40"": 3, ""mask_fill_edgewalk_rows16_p40"": 1, ""skeleton_c30_m20"": 2, ""skeleton_c30_m4"": 2}","{""public_balanced"": 33}",False,0.05820527
248,33,0.05562773,1.0,public_balanced,0.2,0.35,0.01,0.0,0.1,0.05,0.04,0.8,0.84,0.58,0.78,20.0,8.0,0.5,24.0,5.0,0.68,0.78,0.5,24.0,5.0,0.68,0.78,33,0,0.069073,0.055628,5.939394,1.060606,0.0,0.0,0.954412,0.752727,0.201685,0.836935,"{""auto_evalrepair_r10_c20"": 3, ""mask_fill_edgewalk_nearestrow_inset1_rows16_p40"": 4, ""mask_fill_edgewalk_nearestrow_inset2_rows16_p40"": 15, ""mask_fill_edgewalk_nearestrow_rows16_p40"": 3, ""mask_fill_edgewalk_nearestrow_safeadt_t2m5_r055_a64_rows16_p40"": 3, ""mask_fill_edgewalk_rows16_p40"": 1, ""skeleton_c30_m20"": 2, ""skeleton_c30_m4"": 2}","{""public_balanced"": 33}",False,0.05820527
26,33,0.05562997,1.0,global,0.2,0.35,0.0,0.0,0.1,0.05,0.04,0.8,0.84,0.58,0.78,20.0,8.0,0.5,24.0,5.0,0.68,0.78,0.5,24.0,5.0,0.68,0.78,33,0,0.066377,0.05563,5.939394,1.060606,0.0,0.0,0.967045,0.8,0.167045,0.832018,"{""auto_evalrepair_r10_c20"": 3, ""mask_fill_edgewalk_nearestrow_inset1_rows16_p40"": 4, ""mask_fill_edgewalk_nearestrow_inset2_rows16_p40"": 16, ""mask_fill_edgewalk_nearestrow_rows16_p40"": 3, ""mask_fill_edgewalk_nearestrow_safeadt_t2m5_r055_a64_rows16_p40"": 3, ""mask_fill_edgewalk_rows16_p40"": 1, ""skeleton_c30_m20"": 1, ""skeleton_c30_m4"": 2}","{""global"": 33}",False,0.05820727
32,33,0.05562997,1.0,global,0.2,0.35,0.01,0.0,0.1,0.05,0.04,0.8,0.84,0.58,0.78,20.0,8.0,0.5,24.0,5.0,0.68,0.78,0.5,24.0,5.0,0.68,0.78,33,0,0.069346,0.05563,5.939394,1.060606,0.0,0.0,0.967045,0.8,0.167045,0.832018,"{""auto_evalrepair_r10_c20"": 3, ""mask_fill_edgewalk_nearestrow_inset1_rows16_p40"": 4, ""mask_fill_edgewalk_nearestrow_inset2_rows16_p40"": 16, ""mask_fill_edgewalk_nearestrow_rows16_p40"": 3, ""mask_fill_edgewalk_nearestrow_safeadt_t2m5_r055_a64_rows16_p40"": 3, ""mask_fill_edgewalk_rows16_p40"": 1, ""skeleton_c30_m20"": 1, ""skeleton_c30_m4"": 2}","{""global"": 33}",False,0.05820727
62,33,0.05562997,1.0,global,0.35,0.35,0.0,0.0,0.1,0.05,0.04,0.8,0.84,0.58,0.78,20.0,8.0,0.5,24.0,5.0,0.68,0.78,0.5,24.0,5.0,0.68,0.78,33,0,0.067286,0.05563,5.939394,1.060606,0.0,0.0,0.967045,0.8,0.167045,0.832018,"{""auto_evalrepair_r10_c20"": 3, ""mask_fill_edgewalk_nearestrow_inset1_rows16_p40"": 4, ""mask_fill_edgewalk_nearestrow_inset2_rows16_p40"": 16, ""mask_fill_edgewalk_nearestrow_rows16_p40"": 3, ""mask_fill_edgewalk_nearestrow_safeadt_t2m5_r055_a64_rows16_p40"": 3, ""mask_fill_edgewalk_rows16_p40"": 1, ""skeleton_c30_m20"": 1, ""skeleton_c30_m4"": 2}","{""global"": 33}",False,0.05820727
68,33,0.05562997,1.0,global,0.35,0.35,0.01,0.0,0.1,0.05,0.04,0.8,0.84,0.58,0.78,20.0,8.0,0.5,24.0,5.0,0.68,0.78,0.5,24.0,5.0,0.68,0.78,33,0,0.070255,0.05563,5.939394,1.060606,0.0,0.0,0.967045,0.8,0.167045,0.832018,"{""auto_evalrepair_r10_c20"": 3, ""mask_fill_edgewalk_nearestrow_inset1_rows16_p40"": 4, ""mask_fill_edgewalk_nearestrow_inset2_rows16_p40"": 16, ""mask_fill_edgewalk_nearestrow_rows16_p40"": 3, ""mask_fill_edgewalk_nearestrow_safeadt_t2m5_r055_a64_rows16_p40"": 3, ""mask_fill_edgewalk_rows16_p40"": 1, ""skeleton_c30_m20"": 1, ""skeleton_c30_m4"": 2}","{""global"": 33}",False,0.05820727
277,33,0.05589334,1.0,public_balanced,0.35,0.35,0.0,0.0,0.05,0.05,0.04,0.8,0.84,0.58,0.78,20.0,8.0,0.5,24.0,5.0,0.68,0.78,0.5,24.0,5.0,0.68,0.78,33,0,0.065511,0.054692,5.939394,0.787879,0.03003,0.0,0.964176,0.752727,0.211449,0.831583,"{""auto_evalrepair_r10_c20"": 1, ""mask_fill_edgewalk_nearestrow_inset1_rows16_p40"": 5, ""mask_fill_edgewalk_nearestrow_inset2_rows16_p40"": 15, ""mask_fill_edgewalk_nearestrow_rows16_p40"": 4, ""mask_fill_edgewalk_nearestrow_safeadt_t2m5_r055_a64_rows16_p40"": 3, ""mask_fill_edgewalk_rows16_p40"": 1, ""skeleton_c30_m20"": 2, ""skeleton_c30_m4"": 2}","{""public_balanced"": 33}",False,0.05826593
280,33,0.05589334,1.0,public_balanced,0.35,0.35,0.0,0.01,0.05,0.05,0.04,0.8,0.84,0.58,0.78,20.0,8.0,0.5,24.0,5.0,0.68,0.78,0.5,24.0,5.0,0.68,0.78,33,0,0.066496,0.054692,5.939394,0.787879,0.03003,0.0,0.964176,0.752727,0.211449,0.831583,"{""auto_evalrepair_r10_c20"": 1, ""mask_fill_edgewalk_nearestrow_inset1_rows16_p40"": 5, ""mask_fill_edgewalk_nearestrow_inset2_rows16_p40"": 15, ""mask_fill_edgewalk_nearestrow_rows16_p40"": 4, ""mask_fill_edgewalk_nearestrow_safeadt_t2m5_r055_a64_rows16_p40"": 3, ""mask_fill_edgewalk_rows16_p40"": 1, ""skeleton_c30_m20"": 2, ""skeleton_c30_m4"": 2}","{""public_balanced"": 33}",False,0.05826593
283,33,0.05589334,1.0,public_balanced,0.35,0.35,0.01,0.0,0.05,0.05,0.04,0.8,0.84,0.58,0.78,20.0,8.0,0.5,24.0,5.0,0.68,0.78,0.5,24.0,5.0,0.68,0.78,33,0,0.068481,0.054692,5.939394,0.787879,0.03003,0.0,0.964176,0.752727,0.211449,0.831583,"{""auto_evalrepair_r10_c20"": 1, ""mask_fill_edgewalk_nearestrow_inset1_rows16_p40"": 5, ""mask_fill_edgewalk_nearestrow_inset2_rows16_p40"": 15, ""mask_fill_edgewalk_nearestrow_rows16_p40"": 4, ""mask_fill_edgewalk_nearestrow_safeadt_t2m5_r055_a64_rows16_p40"": 3, ""mask_fill_edgewalk_rows16_p40"": 1, ""skeleton_c30_m20"": 2, ""skeleton_c30_m4"": 2}","{""public_balanced"": 33}",False,0.05826593
286,33,0.05589334,1.0,public_balanced,0.35,0.35,0.01,0.01,0.05,0.05,0.04,0.8,0.84,0.58,0.78,20.0,8.0,0.5,24.0,5.0,0.68,0.78,0.5,24.0,5.0,0.68,0.78,33,0,0.069466,0.054692,5.939394,0.787879,0.03003,0.0,0.964176,0.752727,0.211449,0.831583,"{""auto_evalrepair_r10_c20"": 1, ""mask_fill_edgewalk_nearestrow_inset1_rows16_p40"": 5, ""mask_fill_edgewalk_nearestrow_inset2_rows16_p40"": 15, ""mask_fill_edgewalk_nearestrow_rows16_p40"": 4, ""mask_fill_edgewalk_nearestrow_safeadt_t2m5_r055_a64_rows16_p40"": 3, ""mask_fill_edgewalk_rows16_p40"": 1, ""skeleton_c30_m20"": 2, ""skeleton_c30_m4"": 2}","{""public_balanced"": 33}",False,0.05826593
313,33,0.05589334,1.0,public_balanced,0.5,0.35,0.0,0.0,0.05,0.05,0.04,0.8,0.84,0.58,0.78,20.0,8.0,0.5,24.0,5.0,0.68,0.78,0.5,24.0,5.0,0.68,0.78,33,0,0.065511,0.054692,5.939394,0.787879,0.03003,0.0,0.964176,0.752727,0.211449,0.831583,"{""auto_evalrepair_r10_c20"": 1, ""mask_fill_edgewalk_nearestrow_inset1_rows16_p40"": 5, ""mask_fill_edgewalk_nearestrow_inset2_rows16_p40"": 15, ""mask_fill_edgewalk_nearestrow_rows16_p40"": 4, ""mask_fill_edgewalk_nearestrow_safeadt_t2m5_r055_a64_rows16_p40"": 3, ""mask_fill_edgewalk_rows16_p40"": 1, ""skeleton_c30_m20"": 2, ""skeleton_c30_m4"": 2}","{""public_balanced"": 33}",False,0.05826593
316,33,0.05589334,1.0,public_balanced,0.5,0.35,0.0,0.01,0.05,0.05,0.04,0.8,0.84,0.58,0.78,20.0,8.0,0.5,24.0,5.0,0.68,0.78,0.5,24.0,5.0,0.68,0.78,33,0,0.066496,0.054692,5.939394,0.787879,0.03003,0.0,0.964176,0.752727,0.211449,0.831583,"{""auto_evalrepair_r10_c20"": 1, ""mask_fill_edgewalk_nearestrow_inset1_rows16_p40"": 5, ""mask_fill_edgewalk_nearestrow_inset2_rows16_p40"": 15, ""mask_fill_edgewalk_nearestrow_rows16_p40"": 4, ""mask_fill_edgewalk_nearestrow_safeadt_t2m5_r055_a64_rows16_p40"": 3, ""mask_fill_edgewalk_rows16_p40"": 1, ""skeleton_c30_m20"": 2, ""skeleton_c30_m4"": 2}","{""public_balanced"": 33}",False,0.05826593
319,33,0.05589334,1.0,public_balanced,0.5,0.35,0.01,0.0,0.05,0.05,0.04,0.8,0.84,0.58,0.78,20.0,8.0,0.5,24.0,5.0,0.68,0.78,0.5,24.0,5.0,0.68,0.78,33,0,0.068481,0.054692,5.939394,0.787879,0.03003,0.0,0.964176,0.752727,0.211449,0.831583,"{""auto_evalrepair_r10_c20"": 1, ""mask_fill_edgewalk_nearestrow_inset1_rows16_p40"": 5, ""mask_fill_edgewalk_nearestrow_inset2_rows16_p40"": 15, ""mask_fill_edgewalk_nearestrow_rows16_p40"": 4, ""mask_fill_edgewalk_nearestrow_safeadt_t2m5_r055_a64_rows16_p40"": 3, ""mask_fill_edgewalk_rows16_p40"": 1, ""skeleton_c30_m20"": 2, ""skeleton_c30_m4"": 2}","{""public_balanced"": 33}",False,0.05826593
322,33,0.05589334,1.0,public_balanced,0.5,0.35,0.01,0.01,0.05,0.05,0.04,0.8,0.84,0.58,0.78,20.0,8.0,0.5,24.0,5.0,0.68,0.78,0.5,24.0,5.0,0.68,0.78,33,0,0.069466,0.054692,5.939394,0.787879,0.03003,0.0,0.964176,0.752727,0.211449,0.831583,"{""auto_evalrepair_r10_c20"": 1, ""mask_fill_edgewalk_nearestrow_inset1_rows16_p40"": 5, ""mask_fill_edgewalk_nearestrow_inset2_rows16_p40"": 15, ""mask_fill_edgewalk_nearestrow_rows16_p40"": 4, ""mask_fill_edgewalk_nearestrow_safeadt_t2m5_r055_a64_rows16_p40"": 3, ""mask_fill_edgewalk_rows16_p40"": 1, ""skeleton_c30_m20"": 2, ""skeleton_c30_m4"": 2}","{""public_balanced"": 33}",False,0.05826593
276,33,0.05625172,1.0,public_balanced,0.35,0.35,0.0,0.0,0.02,0.05,0.04,0.8,0.84,0.58,0.78,20.0,8.0,0.5,24.0,5.0,0.68,0.78,0.5,24.0,5.0,0.68,0.78,33,0,0.06457,0.054254,6.030303,0.515152,0.049952,0.0,0.965524,0.752727,0.212797,0.831157,"{""mask_fill_edgewalk_nearestrow_inset1_rows16_p40"": 5, ""mask_fill_edgewalk_nearestrow_inset2_rows16_p40"": 15, ""mask_fill_edgewalk_nearestrow_rows16_p40"": 4, ""mask_fill_edgewalk_nearestrow_safeadt_t2m5_r055_a64_rows16_p40"": 3, ""mask_fill_edgewalk_rows16_p40"": 2, ""skeleton_c30_m20"": 2, ""skeleton_c30_m4"": 2}","{""public_balanced"": 33}",False,0.05844753
312,33,0.05625172,1.0,public_balanced,0.5,0.35,0.0,0.0,0.02,0.05,0.04,0.8,0.84,0.58,0.78,20.0,8.0,0.5,24.0,5.0,0.68,0.78,0.5,24.0,5.0,0.68,0.78,33,0,0.06457,0.054254,6.030303,0.515152,0.049952,0.0,0.965524,0.752727,0.212797,0.831157,"{""mask_fill_edgewalk_nearestrow_inset1_rows16_p40"": 5, ""mask_fill_edgewalk_nearestrow_inset2_rows16_p40"": 15, ""mask_fill_edgewalk_nearestrow_rows16_p40"": 4, ""mask_fill_edgewalk_nearestrow_safeadt_t2m5_r055_a64_rows16_p40"": 3, ""mask_fill_edgewalk_rows16_p40"": 2, ""skeleton_c30_m20"": 2, ""skeleton_c30_m4"": 2}","{""public_balanced"": 33}",False,0.05844753
281,33,0.05632471,1.0,public_balanced,0.35,0.35,0.0,0.01,0.1,0.05,0.04,0.8,0.84,0.58,0.78,20.0,8.0,0.5,24.0,5.0,0.68,0.78,0.5,24.0,5.0,0.68,0.78,33,0,0.067604,0.055724,6.060606,0.848485,0.015015,0.0,0.964063,0.752727,0.211336,0.833715,"{""auto_evalrepair_r10_c20"": 1, ""mask_fill_edgewalk_nearestrow_inset1_rows16_p40"": 4, ""mask_fill_edgewalk_nearestrow_inset2_rows16_p40"": 16, ""mask_fill_edgewalk_nearestrow_rows16_p40"": 4, ""mask_fill_edgewalk_nearestrow_safeadt_t2m5_r055_a64_rows16_p40"": 3, ""mask_fill_edgewalk_rows16_p40"": 1, ""skeleton_c30_m20"": 2, ""skeleton_c30_m4"": 2}","{""public_balanced"": 33}",False,0.05877915
287,33,0.05632471,1.0,public_balanced,0.35,0.35,0.01,0.01,0.1,0.05,0.04,0.8,0.84,0.58,0.78,20.0,8.0,0.5,24.0,5.0,0.68,0.78,0.5,24.0,5.0,0.68,0.78,33,0,0.070634,0.055724,6.060606,0.848485,0.015015,0.0,0.964063,0.752727,0.211336,0.833715,"{""auto_evalrepair_r10_c20"": 1, ""mask_fill_edgewalk_nearestrow_inset1_rows16_p40"": 4, ""mask_fill_edgewalk_nearestrow_inset2_rows16_p40"": 16, ""mask_fill_edgewalk_nearestrow_rows16_p40"": 4, ""mask_fill_edgewalk_nearestrow_safeadt_t2m5_r055_a64_rows16_p40"": 3, ""mask_fill_edgewalk_rows16_p40"": 1, ""skeleton_c30_m20"": 2, ""skeleton_c30_m4"": 2}","{""public_balanced"": 33}",False,0.05877915
317,33,0.05632471,1.0,public_balanced,0.5,0.35,0.0,0.01,0.1,0.05,0.04,0.8,0.84,0.58,0.78,20.0,8.0,0.5,24.0,5.0,0.68,0.78,0.5,24.0,5.0,0.68,0.78,33,0,0.067604,0.055724,6.060606,0.848485,0.015015,0.0,0.964063,0.752727,0.211336,0.833715,"{""auto_evalrepair_r10_c20"": 1, ""mask_fill_edgewalk_nearestrow_inset1_rows16_p40"": 4, ""mask_fill_edgewalk_nearestrow_inset2_rows16_p40"": 16, ""mask_fill_edgewalk_nearestrow_rows16_p40"": 4, ""mask_fill_edgewalk_nearestrow_safeadt_t2m5_r055_a64_rows16_p40"": 3, ""mask_fill_edgewalk_rows16_p40"": 1, ""skeleton_c30_m20"": 2, ""skeleton_c30_m4"": 2}","{""public_balanced"": 33}",False,0.05877915
323,33,0.05632471,1.0,public_balanced,0.5,0.35,0.01,0.01,0.1,0.05,0.04,0.8,0.84,0.58,0.78,20.0,8.0,0.5,24.0,5.0,0.68,0.78,0.5,24.0,5.0,0.68,0.78,33,0,0.070634,0.055724,6.060606,0.848485,0.015015,0.0,0.964063,0.752727,0.211336,0.833715,"{""auto_evalrepair_r10_c20"": 1, ""mask_fill_edgewalk_nearestrow_inset1_rows16_p40"": 4, ""mask_fill_edgewalk_nearestrow_inset2_rows16_p40"": 16, ""mask_fill_edgewalk_nearestrow_rows16_p40"": 4, ""mask_fill_edgewalk_nearestrow_safeadt_t2m5_r055_a64_rows16_p40"": 3, ""mask_fill_edgewalk_rows16_p40"": 1, ""skeleton_c30_m20"": 2, ""skeleton_c30_m4"": 2}","{""public_balanced"": 33}",False,0.05877915
282,33,0.05647872,1.0,public_balanced,0.35,0.35,0.01,0.0,0.02,0.05,0.04,0.8,0.84,0.58,0.78,20.0,8.0,0.5,24.0,5.0,0.68,0.78,0.5,24.0,5.0,0.68,0.78,33,0,0.067533,0.054135,5.818182,0.757576,0.0586,0.0,0.964262,0.752727,0.211535,0.830768,"{""auto_evalrepair_r10_c20"": 1, ""mask_fill_edgewalk_nearestrow_inset1_rows16_p40"": 5, ""mask_fill_edgewalk_nearestrow_inset2_rows16_p40"": 14, ""mask_fill_edgewalk_nearestrow_rows16_p40"": 4, ""mask_fill_edgewalk_nearestrow_safeadt_t2m5_r055_a64_rows16_p40"": 4, ""mask_fill_edgewalk_rows16_p40"": 1, ""skeleton_c30_m20"": 2, ""skeleton_c30_m4"": 2}","{""public_balanced"": 33}",False,0.05879264
318,33,0.05647872,1.0,public_balanced,0.5,0.35,0.01,0.0,0.02,0.05,0.04,0.8,0.84,0.58,0.78,20.0,8.0,0.5,24.0,5.0,0.68,0.78,0.5,24.0,5.0,0.68,0.78,33,0,0.067533,0.054135,5.818182,0.757576,0.0586,0.0,0.964262,0.752727,0.211535,0.830768,"{""auto_evalrepair_r10_c20"": 1, ""mask_fill_edgewalk_nearestrow_inset1_rows16_p40"": 5, ""mask_fill_edgewalk_nearestrow_inset2_rows16_p40"": 14, ""mask_fill_edgewalk_nearestrow_rows16_p40"": 4, ""mask_fill_edgewalk_nearestrow_safeadt_t2m5_r055_a64_rows16_p40"": 4, ""mask_fill_edgewalk_rows16_p40"": 1, ""skeleton_c30_m20"": 2, ""skeleton_c30_m4"": 2}","{""public_balanced"": 33}",False,0.05879264
98,33,0.05631364,1.0,global,0.5,0.35,0.0,0.0,0.1,0.05,0.04,0.8,0.84,0.58,0.78,20.0,8.0,0.5,24.0,5.0,0.68,0.78,0.5,24.0,5.0,0.68,0.78,33,0,0.06783,0.056314,6.0,1.090909,0.0,0.0,0.985123,0.8,0.185123,0.822868,"{""auto_evalrepair_r10_c20"": 2, ""mask_fill_edgewalk_nearestrow_inset1_rows16_p40"": 4, ""mask_fill_edgewalk_nearestrow_inset2_rows16_p40"": 17, ""mask_fill_edgewalk_nearestrow_rows16_p40"": 3, ""mask_fill_edgewalk_nearestrow_safeadt_t2m5_r055_a64_rows16_p40"": 4, ""mask_fill_edgewalk_rows16_p40"": 1, ""skeleton_c30_m20"": 1, ""skeleton_c30_m4"": 1}","{""global"": 33}",False,0.05893218
104,33,0.05631364,1.0,global,0.5,0.35,0.01,0.0,0.1,0.05,0.04,0.8,0.84,0.58,0.78,20.0,8.0,0.5,24.0,5.0,0.68,0.78,0.5,24.0,5.0,0.68,0.78,33,0,0.07083,0.056314,6.0,1.090909,0.0,0.0,0.985123,0.8,0.185123,0.822868,"{""auto_evalrepair_r10_c20"": 2, ""mask_fill_edgewalk_nearestrow_inset1_rows16_p40"": 4, ""mask_fill_edgewalk_nearestrow_inset2_rows16_p40"": 17, ""mask_fill_edgewalk_nearestrow_rows16_p40"": 3, ""mask_fill_edgewalk_nearestrow_safeadt_t2m5_r055_a64_rows16_p40"": 4, ""mask_fill_edgewalk_rows16_p40"": 1, ""skeleton_c30_m20"": 1, ""skeleton_c30_m4"": 1}","{""global"": 33}",False,0.05893218
279,33,0.05683703,1.0,public_balanced,0.35,0.35,0.0,0.01,0.02,0.05,0.04,0.8,0.84,0.58,0.78,20.0,8.0,0.5,24.0,5.0,0.68,0.78,0.5,24.0,5.0,0.68,0.78,33,0,0.06519,0.053696,5.909091,0.484848,0.078521,0.0,0.96561,0.752727,0.212883,0.830343,"{""mask_fill_edgewalk_nearestrow_inset1_rows16_p40"": 5, ""mask_fill_edgewalk_nearestrow_inset2_rows16_p40"": 14, ""mask_fill_edgewalk_nearestrow_rows16_p40"": 4, ""mask_fill_edgewalk_nearestrow_safeadt_t2m5_r055_a64_rows16_p40"": 4, ""mask_fill_edgewalk_rows16_p40"": 2, ""skeleton_c30_m20"": 2, ""skeleton_c30_m4"": 2}","{""public_balanced"": 33}",False,0.0589732
285,33,0.05683703,1.0,public_balanced,0.35,0.35,0.01,0.01,0.02,0.05,0.04,0.8,0.84,0.58,0.78,20.0,8.0,0.5,24.0,5.0,0.68,0.78,0.5,24.0,5.0,0.68,0.78,33,0,0.068145,0.053696,5.909091,0.484848,0.078521,0.0,0.96561,0.752727,0.212883,0.830343,"{""mask_fill_edgewalk_nearestrow_inset1_rows16_p40"": 5, ""mask_fill_edgewalk_nearestrow_inset2_rows16_p40"": 14, ""mask_fill_edgewalk_nearestrow_rows16_p40"": 4, ""mask_fill_edgewalk_nearestrow_safeadt_t2m5_r055_a64_rows16_p40"": 4, ""mask_fill_edgewalk_rows16_p40"": 2, ""skeleton_c30_m20"": 2, ""skeleton_c30_m4"": 2}","{""public_balanced"": 33}",False,0.0589732
315,33,0.05683703,1.0,public_balanced,0.5,0.35,0.0,0.01,0.02,0.05,0.04,0.8,0.84,0.58,0.78,20.0,8.0,0.5,24.0,5.0,0.68,0.78,0.5,24.0,5.0,0.68,0.78,33,0,0.06519,0.053696,5.909091,0.484848,0.078521,0.0,0.96561,0.752727,0.212883,0.830343,"{""mask_fill_edgewalk_nearestrow_inset1_rows16_p40"": 5, ""mask_fill_edgewalk_nearestrow_inset2_rows16_p40"": 14, ""mask_fill_edgewalk_nearestrow_rows16_p40"": 4, ""mask_fill_edgewalk_nearestrow_safeadt_t2m5_r055_a64_rows16_p40"": 4, ""mask_fill_edgewalk_rows16_p40"": 2, ""skeleton_c30_m20"": 2, ""skeleton_c30_m4"": 2}","{""public_balanced"": 33}",False,0.0589732
321,33,0.05683703,1.0,public_balanced,0.5,0.35,0.01,0.01,0.02,0.05,0.04,0.8,0.84,0.58,0.78,20.0,8.0,0.5,24.0,5.0,0.68,0.78,0.5,24.0,5.0,0.68,0.78,33,0,0.068145,0.053696,5.909091,0.484848,0.078521,0.0,0.96561,0.752727,0.212883,0.830343,"{""mask_fill_edgewalk_nearestrow_inset1_rows16_p40"": 5, ""mask_fill_edgewalk_nearestrow_inset2_rows16_p40"": 14, ""mask_fill_edgewalk_nearestrow_rows16_p40"": 4, ""mask_fill_edgewalk_nearestrow_safeadt_t2m5_r055_a64_rows16_p40"": 4, ""mask_fill_edgewalk_rows16_p40"": 2, ""skeleton_c30_m20"": 2, ""skeleton_c30_m4"": 2}","{""public_balanced"": 33}",False,0.0589732
278,33,0.05707182,1.0,public_balanced,0.35,0.35,0.0,0.0,0.1,0.05,0.04,0.8,0.84,0.58,0.78,20.0,8.0,0.5,24.0,5.0,0.68,0.78,0.5,24.0,5.0,0.68,0.78,33,0,0.066389,0.057072,6.090909,1.090909,0.0,0.0,0.963735,0.752727,0.211008,0.835879,"{""auto_evalrepair_r10_c20"": 2, ""mask_fill_edgewalk_nearestrow_inset1_rows16_p40"": 4, ""mask_fill_edgewalk_nearestrow_inset2_rows16_p40"": 16, ""mask_fill_edgewalk_nearestrow_rows16_p40"": 3, ""mask_fill_edgewalk_nearestrow_safeadt_t2m5_r055_a64_rows16_p40"": 3, ""mask_fill_edgewalk_rows16_p40"": 1, ""skeleton_c30_m20"": 2, ""skeleton_c30_m4"": 2}","{""public_balanced"": 33}",False,0.05971745
284,33,0.05707182,1.0,public_balanced,0.35,0.35,0.01,0.0,0.1,0.05,0.04,0.8,0.84,0.58,0.78,20.0,8.0,0.5,24.0,5.0,0.68,0.78,0.5,24.0,5.0,0.68,0.78,33,0,0.069435,0.057072,6.090909,1.090909,0.0,0.0,0.963735,0.752727,0.211008,0.835879,"{""auto_evalrepair_r10_c20"": 2, ""mask_fill_edgewalk_nearestrow_inset1_rows16_p40"": 4, ""mask_fill_edgewalk_nearestrow_inset2_rows16_p40"": 16, ""mask_fill_edgewalk_nearestrow_rows16_p40"": 3, ""mask_fill_edgewalk_nearestrow_safeadt_t2m5_r055_a64_rows16_p40"": 3, ""mask_fill_edgewalk_rows16_p40"": 1, ""skeleton_c30_m20"": 2, ""skeleton_c30_m4"": 2}","{""public_balanced"": 33}",False,0.05971745
314,33,0.05707182,1.0,public_balanced,0.5,0.35,0.0,0.0,0.1,0.05,0.04,0.8,0.84,0.58,0.78,20.0,8.0,0.5,24.0,5.0,0.68,0.78,0.5,24.0,5.0,0.68,0.78,33,0,0.066389,0.057072,6.090909,1.090909,0.0,0.0,0.963735,0.752727,0.211008,0.835879,"{""auto_evalrepair_r10_c20"": 2, ""mask_fill_edgewalk_nearestrow_inset1_rows16_p40"": 4, ""mask_fill_edgewalk_nearestrow_inset2_rows16_p40"": 16, ""mask_fill_edgewalk_nearestrow_rows16_p40"": 3, ""mask_fill_edgewalk_nearestrow_safeadt_t2m5_r055_a64_rows16_p40"": 3, ""mask_fill_edgewalk_rows16_p40"": 1, ""skeleton_c30_m20"": 2, ""skeleton_c30_m4"": 2}","{""public_balanced"": 33}",False,0.05971745
320,33,0.05707182,1.0,public_balanced,0.5,0.35,0.01,0.0,0.1,0.05,0.04,0.8,0.84,0.58,0.78,20.0,8.0,0.5,24.0,5.0,0.68,0.78,0.5,24.0,5.0,0.68,0.78,33,0,0.069435,0.057072,6.090909,1.090909,0.0,0.0,0.963735,0.752727,0.211008,0.835879,"{""auto_evalrepair_r10_c20"": 2, ""mask_fill_edgewalk_nearestrow_inset1_rows16_p40"": 4, ""mask_fill_edgewalk_nearestrow_inset2_rows16_p40"": 16, ""mask_fill_edgewalk_nearestrow_rows16_p40"": 3, ""mask_fill_edgewalk_nearestrow_safeadt_t2m5_r055_a64_rows16_p40"": 3, ""mask_fill_edgewalk_rows16_p40"": 1, ""skeleton_c30_m20"": 2, ""skeleton_c30_m4"": 2}","{""public_balanced"": 33}",False,0.05971745
