config_id,train_objective,config.unified_weight,config.coverage_profile,config.coverage_weight,config.precision_weight,config.jump_weight,config.trim_weight,config.off_mask_weight,config.visible_weight,config.hard_fail_penalty,config.min_coverage,config.adaptive_flat_min_coverage,config.adaptive_line_min_coverage,config.min_precision,config.jump_scale,config.trim_scale,config.style_aware_max_off_mask_mm,config.style_aware_max_jump_count,config.style_aware_max_trim_count,config.style_aware_min_precision,config.style_aware_min_coverage,config.mask_fill_max_off_mask_mm,config.mask_fill_max_jump_count,config.mask_fill_max_trim_count,config.mask_fill_min_precision,config.mask_fill_min_coverage,train.samples,train.hard_fail,train.mean_calibrated_score,train.mean_unified_loss,train.mean_jump_count,train.mean_trim_count,train.mean_off_mask_stitch_length_mm,train.mean_visible_connector_count,train.mean_coverage_ratio,train.mean_effective_min_coverage,train.mean_coverage_margin,train.mean_stitch_precision_ratio,train.coverage_profile_counts,test.samples,test.hard_fail,test.mean_calibrated_score,test.mean_unified_loss,test.mean_jump_count,test.mean_trim_count,test.mean_off_mask_stitch_length_mm,test.mean_visible_connector_count,test.mean_coverage_ratio,test.mean_effective_min_coverage,test.mean_coverage_margin,test.mean_stitch_precision_ratio,test.coverage_profile_counts
0,0.09244584,1.0,public_balanced,0.35,0.05,0.0,0.0,0.02,0.05,0.04,0.8,0.84,0.58,0.72,20.0,8.0,0.5,24.0,5.0,0.68,0.78,0.5,24.0,5.0,0.68,0.78,17,0,0.100797,0.090899,8.411765,3.411765,0.038671,0.0,0.944574,0.747059,0.197515,0.812034,{'public_balanced': 17},16,0,0.140859,0.113644,10.5,3.75,0.187262,0.0,0.834832,0.75875,0.076082,0.843961,{'public_balanced': 16}
1,0.09175,1.0,public_balanced,0.35,0.05,0.0,0.0,0.05,0.05,0.04,0.8,0.84,0.58,0.72,20.0,8.0,0.5,24.0,5.0,0.68,0.78,0.5,24.0,5.0,0.68,0.78,17,0,0.100875,0.09175,8.235294,3.941176,0.0,0.0,0.941958,0.747059,0.194899,0.812861,{'public_balanced': 17},16,0,0.142769,0.117751,10.75,4.6875,0.030969,0.0,0.834037,0.75875,0.075287,0.847202,{'public_balanced': 16}
2,0.09175,1.0,public_balanced,0.35,0.05,0.0,0.0,0.1,0.05,0.04,0.8,0.84,0.58,0.72,20.0,8.0,0.5,24.0,5.0,0.68,0.78,0.5,24.0,5.0,0.68,0.78,17,0,0.100875,0.09175,8.235294,3.941176,0.0,0.0,0.941958,0.747059,0.194899,0.812861,{'public_balanced': 17},16,0,0.144318,0.117751,10.75,4.6875,0.030969,0.0,0.834037,0.75875,0.075287,0.847202,{'public_balanced': 16}
3,0.09175,1.0,public_balanced,0.35,0.05,0.0,0.0,0.2,0.05,0.04,0.8,0.84,0.58,0.72,20.0,8.0,0.5,24.0,5.0,0.68,0.78,0.5,24.0,5.0,0.68,0.78,17,0,0.100875,0.09175,8.235294,3.941176,0.0,0.0,0.941958,0.747059,0.194899,0.812861,{'public_balanced': 17},16,0,0.147415,0.117751,10.75,4.6875,0.030969,0.0,0.834037,0.75875,0.075287,0.847202,{'public_balanced': 16}
4,0.09244584,1.0,public_balanced,0.35,0.05,0.0,0.01,0.02,0.05,0.04,0.8,0.84,0.58,0.72,20.0,8.0,0.5,24.0,5.0,0.68,0.78,0.5,24.0,5.0,0.68,0.78,17,0,0.105061,0.090899,8.411765,3.411765,0.038671,0.0,0.944574,0.747059,0.197515,0.812034,{'public_balanced': 17},16,0,0.145546,0.113644,10.5,3.75,0.187262,0.0,0.834832,0.75875,0.076082,0.843961,{'public_balanced': 16}
5,0.09175,1.0,public_balanced,0.35,0.05,0.0,0.01,0.05,0.05,0.04,0.8,0.84,0.58,0.72,20.0,8.0,0.5,24.0,5.0,0.68,0.78,0.5,24.0,5.0,0.68,0.78,17,0,0.105801,0.09175,8.235294,3.941176,0.0,0.0,0.941958,0.747059,0.194899,0.812861,{'public_balanced': 17},16,0,0.148629,0.117751,10.75,4.6875,0.030969,0.0,0.834037,0.75875,0.075287,0.847202,{'public_balanced': 16}
6,0.09175,1.0,public_balanced,0.35,0.05,0.0,0.01,0.1,0.05,0.04,0.8,0.84,0.58,0.72,20.0,8.0,0.5,24.0,5.0,0.68,0.78,0.5,24.0,5.0,0.68,0.78,17,0,0.105801,0.09175,8.235294,3.941176,0.0,0.0,0.941958,0.747059,0.194899,0.812861,{'public_balanced': 17},16,0,0.150177,0.117751,10.75,4.6875,0.030969,0.0,0.834037,0.75875,0.075287,0.847202,{'public_balanced': 16}
7,0.09175,1.0,public_balanced,0.35,0.05,0.0,0.01,0.2,0.05,0.04,0.8,0.84,0.58,0.72,20.0,8.0,0.5,24.0,5.0,0.68,0.78,0.5,24.0,5.0,0.68,0.78,17,0,0.105801,0.09175,8.235294,3.941176,0.0,0.0,0.941958,0.747059,0.194899,0.812861,{'public_balanced': 17},16,0,0.153274,0.117751,10.75,4.6875,0.030969,0.0,0.834037,0.75875,0.075287,0.847202,{'public_balanced': 16}
8,0.09244584,1.0,public_balanced,0.35,0.05,0.0,0.02,0.02,0.05,0.04,0.8,0.84,0.58,0.72,20.0,8.0,0.5,24.0,5.0,0.68,0.78,0.5,24.0,5.0,0.68,0.78,17,0,0.109326,0.090899,8.411765,3.411765,0.038671,0.0,0.944574,0.747059,0.197515,0.812034,{'public_balanced': 17},16,0,0.15001,0.100983,9.5,3.0,0.187262,0.0,0.785567,0.75875,0.026817,0.849953,{'public_balanced': 16}
9,0.09244584,1.0,public_balanced,0.35,0.05,0.0,0.02,0.05,0.05,0.04,0.8,0.84,0.58,0.72,20.0,8.0,0.5,24.0,5.0,0.68,0.78,0.5,24.0,5.0,0.68,0.78,17,0,0.110486,0.090899,8.411765,3.411765,0.038671,0.0,0.944574,0.747059,0.197515,0.812034,{'public_balanced': 17},16,0,0.154264,0.10509,9.75,3.9375,0.030969,0.0,0.784772,0.75875,0.026022,0.853195,{'public_balanced': 16}
10,0.09175,1.0,public_balanced,0.35,0.05,0.0,0.02,0.1,0.05,0.04,0.8,0.84,0.58,0.72,20.0,8.0,0.5,24.0,5.0,0.68,0.78,0.5,24.0,5.0,0.68,0.78,17,0,0.110727,0.09175,8.235294,3.941176,0.0,0.0,0.941958,0.747059,0.194899,0.812861,{'public_balanced': 17},16,0,0.155813,0.10509,9.75,3.9375,0.030969,0.0,0.784772,0.75875,0.026022,0.853195,{'public_balanced': 16}
11,0.09175,1.0,public_balanced,0.35,0.05,0.0,0.02,0.2,0.05,0.04,0.8,0.84,0.58,0.72,20.0,8.0,0.5,24.0,5.0,0.68,0.78,0.5,24.0,5.0,0.68,0.78,17,0,0.110727,0.09175,8.235294,3.941176,0.0,0.0,0.941958,0.747059,0.194899,0.812861,{'public_balanced': 17},16,0,0.15891,0.10509,9.75,3.9375,0.030969,0.0,0.784772,0.75875,0.026022,0.853195,{'public_balanced': 16}
12,0.09175,1.0,public_balanced,0.35,0.05,0.01,0.0,0.02,0.05,0.04,0.8,0.84,0.58,0.72,20.0,8.0,0.5,24.0,5.0,0.68,0.78,0.5,24.0,5.0,0.68,0.78,17,0,0.104992,0.09175,8.235294,3.941176,0.0,0.0,0.941958,0.747059,0.194899,0.812861,{'public_balanced': 17},16,0,0.146109,0.113644,10.5,3.75,0.187262,0.0,0.834832,0.75875,0.076082,0.843961,{'public_balanced': 16}
13,0.09175,1.0,public_balanced,0.35,0.05,0.01,0.0,0.05,0.05,0.04,0.8,0.84,0.58,0.72,20.0,8.0,0.5,24.0,5.0,0.68,0.78,0.5,24.0,5.0,0.68,0.78,17,0,0.104992,0.09175,8.235294,3.941176,0.0,0.0,0.941958,0.747059,0.194899,0.812861,{'public_balanced': 17},16,0,0.148144,0.117751,10.75,4.6875,0.030969,0.0,0.834037,0.75875,0.075287,0.847202,{'public_balanced': 16}
14,0.09175,1.0,public_balanced,0.35,0.05,0.01,0.0,0.1,0.05,0.04,0.8,0.84,0.58,0.72,20.0,8.0,0.5,24.0,5.0,0.68,0.78,0.5,24.0,5.0,0.68,0.78,17,0,0.104992,0.09175,8.235294,3.941176,0.0,0.0,0.941958,0.747059,0.194899,0.812861,{'public_balanced': 17},16,0,0.149693,0.117751,10.75,4.6875,0.030969,0.0,0.834037,0.75875,0.075287,0.847202,{'public_balanced': 16}
15,0.09175,1.0,public_balanced,0.35,0.05,0.01,0.0,0.2,0.05,0.04,0.8,0.84,0.58,0.72,20.0,8.0,0.5,24.0,5.0,0.68,0.78,0.5,24.0,5.0,0.68,0.78,17,0,0.104992,0.09175,8.235294,3.941176,0.0,0.0,0.941958,0.747059,0.194899,0.812861,{'public_balanced': 17},16,0,0.15279,0.117751,10.75,4.6875,0.030969,0.0,0.834037,0.75875,0.075287,0.847202,{'public_balanced': 16}
16,0.09244584,1.0,public_balanced,0.35,0.05,0.01,0.01,0.02,0.05,0.04,0.8,0.84,0.58,0.72,20.0,8.0,0.5,24.0,5.0,0.68,0.78,0.5,24.0,5.0,0.68,0.78,17,0,0.109267,0.090899,8.411765,3.411765,0.038671,0.0,0.944574,0.747059,0.197515,0.812034,{'public_balanced': 17},16,0,0.150796,0.113644,10.5,3.75,0.187262,0.0,0.834832,0.75875,0.076082,0.843961,{'public_balanced': 16}
17,0.09175,1.0,public_balanced,0.35,0.05,0.01,0.01,0.05,0.05,0.04,0.8,0.84,0.58,0.72,20.0,8.0,0.5,24.0,5.0,0.68,0.78,0.5,24.0,5.0,0.68,0.78,17,0,0.109919,0.09175,8.235294,3.941176,0.0,0.0,0.941958,0.747059,0.194899,0.812861,{'public_balanced': 17},16,0,0.154004,0.117751,10.75,4.6875,0.030969,0.0,0.834037,0.75875,0.075287,0.847202,{'public_balanced': 16}
18,0.09175,1.0,public_balanced,0.35,0.05,0.01,0.01,0.1,0.05,0.04,0.8,0.84,0.58,0.72,20.0,8.0,0.5,24.0,5.0,0.68,0.78,0.5,24.0,5.0,0.68,0.78,17,0,0.109919,0.09175,8.235294,3.941176,0.0,0.0,0.941958,0.747059,0.194899,0.812861,{'public_balanced': 17},16,0,0.155552,0.117751,10.75,4.6875,0.030969,0.0,0.834037,0.75875,0.075287,0.847202,{'public_balanced': 16}
19,0.09175,1.0,public_balanced,0.35,0.05,0.01,0.01,0.2,0.05,0.04,0.8,0.84,0.58,0.72,20.0,8.0,0.5,24.0,5.0,0.68,0.78,0.5,24.0,5.0,0.68,0.78,17,0,0.109919,0.09175,8.235294,3.941176,0.0,0.0,0.941958,0.747059,0.194899,0.812861,{'public_balanced': 17},16,0,0.158649,0.117751,10.75,4.6875,0.030969,0.0,0.834037,0.75875,0.075287,0.847202,{'public_balanced': 16}
20,0.09244584,1.0,public_balanced,0.35,0.05,0.01,0.02,0.02,0.05,0.04,0.8,0.84,0.58,0.72,20.0,8.0,0.5,24.0,5.0,0.68,0.78,0.5,24.0,5.0,0.68,0.78,17,0,0.113532,0.090899,8.411765,3.411765,0.038671,0.0,0.944574,0.747059,0.197515,0.812034,{'public_balanced': 17},16,0,0.15476,0.100983,9.5,3.0,0.187262,0.0,0.785567,0.75875,0.026817,0.849953,{'public_balanced': 16}
21,0.09244584,1.0,public_balanced,0.35,0.05,0.01,0.02,0.05,0.05,0.04,0.8,0.84,0.58,0.72,20.0,8.0,0.5,24.0,5.0,0.68,0.78,0.5,24.0,5.0,0.68,0.78,17,0,0.114692,0.090899,8.411765,3.411765,0.038671,0.0,0.944574,0.747059,0.197515,0.812034,{'public_balanced': 17},16,0,0.159139,0.10509,9.75,3.9375,0.030969,0.0,0.784772,0.75875,0.026022,0.853195,{'public_balanced': 16}
22,0.09175,1.0,public_balanced,0.35,0.05,0.01,0.02,0.1,0.05,0.04,0.8,0.84,0.58,0.72,20.0,8.0,0.5,24.0,5.0,0.68,0.78,0.5,24.0,5.0,0.68,0.78,17,0,0.114845,0.09175,8.235294,3.941176,0.0,0.0,0.941958,0.747059,0.194899,0.812861,{'public_balanced': 17},16,0,0.160688,0.10509,9.75,3.9375,0.030969,0.0,0.784772,0.75875,0.026022,0.853195,{'public_balanced': 16}
23,0.09175,1.0,public_balanced,0.35,0.05,0.01,0.02,0.2,0.05,0.04,0.8,0.84,0.58,0.72,20.0,8.0,0.5,24.0,5.0,0.68,0.78,0.5,24.0,5.0,0.68,0.78,17,0,0.114845,0.09175,8.235294,3.941176,0.0,0.0,0.941958,0.747059,0.194899,0.812861,{'public_balanced': 17},16,0,0.163785,0.10509,9.75,3.9375,0.030969,0.0,0.784772,0.75875,0.026022,0.853195,{'public_balanced': 16}
24,0.09175,1.0,public_balanced,0.35,0.05,0.02,0.0,0.02,0.05,0.04,0.8,0.84,0.58,0.72,20.0,8.0,0.5,24.0,5.0,0.68,0.78,0.5,24.0,5.0,0.68,0.78,17,0,0.10911,0.09175,8.235294,3.941176,0.0,0.0,0.941958,0.747059,0.194899,0.812861,{'public_balanced': 17},16,0,0.151359,0.113644,10.5,3.75,0.187262,0.0,0.834832,0.75875,0.076082,0.843961,{'public_balanced': 16}
25,0.09175,1.0,public_balanced,0.35,0.05,0.02,0.0,0.05,0.05,0.04,0.8,0.84,0.58,0.72,20.0,8.0,0.5,24.0,5.0,0.68,0.78,0.5,24.0,5.0,0.68,0.78,17,0,0.10911,0.09175,8.235294,3.941176,0.0,0.0,0.941958,0.747059,0.194899,0.812861,{'public_balanced': 17},16,0,0.153519,0.117751,10.75,4.6875,0.030969,0.0,0.834037,0.75875,0.075287,0.847202,{'public_balanced': 16}
26,0.09175,1.0,public_balanced,0.35,0.05,0.02,0.0,0.1,0.05,0.04,0.8,0.84,0.58,0.72,20.0,8.0,0.5,24.0,5.0,0.68,0.78,0.5,24.0,5.0,0.68,0.78,17,0,0.10911,0.09175,8.235294,3.941176,0.0,0.0,0.941958,0.747059,0.194899,0.812861,{'public_balanced': 17},16,0,0.155068,0.117751,10.75,4.6875,0.030969,0.0,0.834037,0.75875,0.075287,0.847202,{'public_balanced': 16}
27,0.09175,1.0,public_balanced,0.35,0.05,0.02,0.0,0.2,0.05,0.04,0.8,0.84,0.58,0.72,20.0,8.0,0.5,24.0,5.0,0.68,0.78,0.5,24.0,5.0,0.68,0.78,17,0,0.10911,0.09175,8.235294,3.941176,0.0,0.0,0.941958,0.747059,0.194899,0.812861,{'public_balanced': 17},16,0,0.158165,0.117751,10.75,4.6875,0.030969,0.0,0.834037,0.75875,0.075287,0.847202,{'public_balanced': 16}
28,0.09244584,1.0,public_balanced,0.35,0.05,0.02,0.01,0.02,0.05,0.04,0.8,0.84,0.58,0.72,20.0,8.0,0.5,24.0,5.0,0.68,0.78,0.5,24.0,5.0,0.68,0.78,17,0,0.113473,0.090899,8.411765,3.411765,0.038671,0.0,0.944574,0.747059,0.197515,0.812034,{'public_balanced': 17},16,0,0.15576,0.100983,9.5,3.0,0.187262,0.0,0.785567,0.75875,0.026817,0.849953,{'public_balanced': 16}
29,0.09175,1.0,public_balanced,0.35,0.05,0.02,0.01,0.05,0.05,0.04,0.8,0.84,0.58,0.72,20.0,8.0,0.5,24.0,5.0,0.68,0.78,0.5,24.0,5.0,0.68,0.78,17,0,0.114036,0.09175,8.235294,3.941176,0.0,0.0,0.941958,0.747059,0.194899,0.812861,{'public_balanced': 17},16,0,0.159092,0.10509,9.75,3.9375,0.030969,0.0,0.784772,0.75875,0.026022,0.853195,{'public_balanced': 16}
30,0.09175,1.0,public_balanced,0.35,0.05,0.02,0.01,0.1,0.05,0.04,0.8,0.84,0.58,0.72,20.0,8.0,0.5,24.0,5.0,0.68,0.78,0.5,24.0,5.0,0.68,0.78,17,0,0.114036,0.09175,8.235294,3.941176,0.0,0.0,0.941958,0.747059,0.194899,0.812861,{'public_balanced': 17},16,0,0.160641,0.10509,9.75,3.9375,0.030969,0.0,0.784772,0.75875,0.026022,0.853195,{'public_balanced': 16}
31,0.09175,1.0,public_balanced,0.35,0.05,0.02,0.01,0.2,0.05,0.04,0.8,0.84,0.58,0.72,20.0,8.0,0.5,24.0,5.0,0.68,0.78,0.5,24.0,5.0,0.68,0.78,17,0,0.114036,0.09175,8.235294,3.941176,0.0,0.0,0.941958,0.747059,0.194899,0.812861,{'public_balanced': 17},16,0,0.163738,0.10509,9.75,3.9375,0.030969,0.0,0.784772,0.75875,0.026022,0.853195,{'public_balanced': 16}
32,0.09244584,1.0,public_balanced,0.35,0.05,0.02,0.02,0.02,0.05,0.04,0.8,0.84,0.58,0.72,20.0,8.0,0.5,24.0,5.0,0.68,0.78,0.5,24.0,5.0,0.68,0.78,17,0,0.117738,0.090899,8.411765,3.411765,0.038671,0.0,0.944574,0.747059,0.197515,0.812034,{'public_balanced': 17},16,0,0.15951,0.100983,9.5,3.0,0.187262,0.0,0.785567,0.75875,0.026817,0.849953,{'public_balanced': 16}
33,0.09244584,1.0,public_balanced,0.35,0.05,0.02,0.02,0.05,0.05,0.04,0.8,0.84,0.58,0.72,20.0,8.0,0.5,24.0,5.0,0.68,0.78,0.5,24.0,5.0,0.68,0.78,17,0,0.118898,0.090899,8.411765,3.411765,0.038671,0.0,0.944574,0.747059,0.197515,0.812034,{'public_balanced': 17},16,0,0.164014,0.10509,9.75,3.9375,0.030969,0.0,0.784772,0.75875,0.026022,0.853195,{'public_balanced': 16}
34,0.09175,1.0,public_balanced,0.35,0.05,0.02,0.02,0.1,0.05,0.04,0.8,0.84,0.58,0.72,20.0,8.0,0.5,24.0,5.0,0.68,0.78,0.5,24.0,5.0,0.68,0.78,17,0,0.118963,0.09175,8.235294,3.941176,0.0,0.0,0.941958,0.747059,0.194899,0.812861,{'public_balanced': 17},16,0,0.165563,0.10509,9.75,3.9375,0.030969,0.0,0.784772,0.75875,0.026022,0.853195,{'public_balanced': 16}
35,0.09175,1.0,public_balanced,0.35,0.05,0.02,0.02,0.2,0.05,0.04,0.8,0.84,0.58,0.72,20.0,8.0,0.5,24.0,5.0,0.68,0.78,0.5,24.0,5.0,0.68,0.78,17,0,0.118963,0.09175,8.235294,3.941176,0.0,0.0,0.941958,0.747059,0.194899,0.812861,{'public_balanced': 17},16,0,0.16866,0.10509,9.75,3.9375,0.030969,0.0,0.784772,0.75875,0.026022,0.853195,{'public_balanced': 16}
36,0.09294284,1.0,public_balanced,0.35,0.15,0.0,0.0,0.02,0.05,0.04,0.8,0.84,0.58,0.72,20.0,8.0,0.5,24.0,5.0,0.68,0.78,0.5,24.0,5.0,0.68,0.78,17,0,0.102789,0.091396,8.470588,3.411765,0.038671,0.0,0.922293,0.747059,0.175234,0.829168,{'public_balanced': 17},16,0,0.142036,0.113644,10.5,3.75,0.187262,0.0,0.834832,0.75875,0.076082,0.843961,{'public_balanced': 16}
37,0.092247,1.0,public_balanced,0.35,0.15,0.0,0.0,0.05,0.05,0.04,0.8,0.84,0.58,0.72,20.0,8.0,0.5,24.0,5.0,0.68,0.78,0.5,24.0,5.0,0.68,0.78,17,0,0.102867,0.092247,8.294118,3.941176,0.0,0.0,0.919677,0.747059,0.172618,0.829994,{'public_balanced': 17},16,0,0.143947,0.117751,10.75,4.6875,0.030969,0.0,0.834037,0.75875,0.075287,0.847202,{'public_balanced': 16}
38,0.092247,1.0,public_balanced,0.35,0.15,0.0,0.0,0.1,0.05,0.04,0.8,0.84,0.58,0.72,20.0,8.0,0.5,24.0,5.0,0.68,0.78,0.5,24.0,5.0,0.68,0.78,17,0,0.102867,0.092247,8.294118,3.941176,0.0,0.0,0.919677,0.747059,0.172618,0.829994,{'public_balanced': 17},16,0,0.145495,0.117751,10.75,4.6875,0.030969,0.0,0.834037,0.75875,0.075287,0.847202,{'public_balanced': 16}
39,0.092247,1.0,public_balanced,0.35,0.15,0.0,0.0,0.2,0.05,0.04,0.8,0.84,0.58,0.72,20.0,8.0,0.5,24.0,5.0,0.68,0.78,0.5,24.0,5.0,0.68,0.78,17,0,0.102867,0.092247,8.294118,3.941176,0.0,0.0,0.919677,0.747059,0.172618,0.829994,{'public_balanced': 17},16,0,0.148592,0.117751,10.75,4.6875,0.030969,0.0,0.834037,0.75875,0.075287,0.847202,{'public_balanced': 16}
40,0.09294284,1.0,public_balanced,0.35,0.15,0.0,0.01,0.02,0.05,0.04,0.8,0.84,0.58,0.72,20.0,8.0,0.5,24.0,5.0,0.68,0.78,0.5,24.0,5.0,0.68,0.78,17,0,0.107054,0.091396,8.470588,3.411765,0.038671,0.0,0.922293,0.747059,0.175234,0.829168,{'public_balanced': 17},16,0,0.146724,0.113644,10.5,3.75,0.187262,0.0,0.834832,0.75875,0.076082,0.843961,{'public_balanced': 16}
41,0.092247,1.0,public_balanced,0.35,0.15,0.0,0.01,0.05,0.05,0.04,0.8,0.84,0.58,0.72,20.0,8.0,0.5,24.0,5.0,0.68,0.78,0.5,24.0,5.0,0.68,0.78,17,0,0.107793,0.092247,8.294118,3.941176,0.0,0.0,0.919677,0.747059,0.172618,0.829994,{'public_balanced': 17},16,0,0.149806,0.117751,10.75,4.6875,0.030969,0.0,0.834037,0.75875,0.075287,0.847202,{'public_balanced': 16}
42,0.092247,1.0,public_balanced,0.35,0.15,0.0,0.01,0.1,0.05,0.04,0.8,0.84,0.58,0.72,20.0,8.0,0.5,24.0,5.0,0.68,0.78,0.5,24.0,5.0,0.68,0.78,17,0,0.107793,0.092247,8.294118,3.941176,0.0,0.0,0.919677,0.747059,0.172618,0.829994,{'public_balanced': 17},16,0,0.151355,0.117751,10.75,4.6875,0.030969,0.0,0.834037,0.75875,0.075287,0.847202,{'public_balanced': 16}
43,0.092247,1.0,public_balanced,0.35,0.15,0.0,0.01,0.2,0.05,0.04,0.8,0.84,0.58,0.72,20.0,8.0,0.5,24.0,5.0,0.68,0.78,0.5,24.0,5.0,0.68,0.78,17,0,0.107793,0.092247,8.294118,3.941176,0.0,0.0,0.919677,0.747059,0.172618,0.829994,{'public_balanced': 17},16,0,0.154452,0.117751,10.75,4.6875,0.030969,0.0,0.834037,0.75875,0.075287,0.847202,{'public_balanced': 16}
44,0.09294284,1.0,public_balanced,0.35,0.15,0.0,0.02,0.02,0.05,0.04,0.8,0.84,0.58,0.72,20.0,8.0,0.5,24.0,5.0,0.68,0.78,0.5,24.0,5.0,0.68,0.78,17,0,0.111318,0.091396,8.470588,3.411765,0.038671,0.0,0.922293,0.747059,0.175234,0.829168,{'public_balanced': 17},16,0,0.151187,0.100983,9.5,3.0,0.187262,0.0,0.785567,0.75875,0.026817,0.849953,{'public_balanced': 16}
45,0.09294284,1.0,public_balanced,0.35,0.15,0.0,0.02,0.05,0.05,0.04,0.8,0.84,0.58,0.72,20.0,8.0,0.5,24.0,5.0,0.68,0.78,0.5,24.0,5.0,0.68,0.78,17,0,0.112478,0.091396,8.470588,3.411765,0.038671,0.0,0.922293,0.747059,0.175234,0.829168,{'public_balanced': 17},16,0,0.155442,0.10509,9.75,3.9375,0.030969,0.0,0.784772,0.75875,0.026022,0.853195,{'public_balanced': 16}
46,0.092247,1.0,public_balanced,0.35,0.15,0.0,0.02,0.1,0.05,0.04,0.8,0.84,0.58,0.72,20.0,8.0,0.5,24.0,5.0,0.68,0.78,0.5,24.0,5.0,0.68,0.78,17,0,0.11272,0.092247,8.294118,3.941176,0.0,0.0,0.919677,0.747059,0.172618,0.829994,{'public_balanced': 17},16,0,0.15699,0.10509,9.75,3.9375,0.030969,0.0,0.784772,0.75875,0.026022,0.853195,{'public_balanced': 16}
47,0.092247,1.0,public_balanced,0.35,0.15,0.0,0.02,0.2,0.05,0.04,0.8,0.84,0.58,0.72,20.0,8.0,0.5,24.0,5.0,0.68,0.78,0.5,24.0,5.0,0.68,0.78,17,0,0.11272,0.092247,8.294118,3.941176,0.0,0.0,0.919677,0.747059,0.172618,0.829994,{'public_balanced': 17},16,0,0.160087,0.10509,9.75,3.9375,0.030969,0.0,0.784772,0.75875,0.026022,0.853195,{'public_balanced': 16}
48,0.092247,1.0,public_balanced,0.35,0.15,0.01,0.0,0.02,0.05,0.04,0.8,0.84,0.58,0.72,20.0,8.0,0.5,24.0,5.0,0.68,0.78,0.5,24.0,5.0,0.68,0.78,17,0,0.107014,0.092247,8.294118,3.941176,0.0,0.0,0.919677,0.747059,0.172618,0.829994,{'public_balanced': 17},16,0,0.147286,0.113644,10.5,3.75,0.187262,0.0,0.834832,0.75875,0.076082,0.843961,{'public_balanced': 16}
49,0.092247,1.0,public_balanced,0.35,0.15,0.01,0.0,0.05,0.05,0.04,0.8,0.84,0.58,0.72,20.0,8.0,0.5,24.0,5.0,0.68,0.78,0.5,24.0,5.0,0.68,0.78,17,0,0.107014,0.092247,8.294118,3.941176,0.0,0.0,0.919677,0.747059,0.172618,0.829994,{'public_balanced': 17},16,0,0.149322,0.117751,10.75,4.6875,0.030969,0.0,0.834037,0.75875,0.075287,0.847202,{'public_balanced': 16}
50,0.092247,1.0,public_balanced,0.35,0.15,0.01,0.0,0.1,0.05,0.04,0.8,0.84,0.58,0.72,20.0,8.0,0.5,24.0,5.0,0.68,0.78,0.5,24.0,5.0,0.68,0.78,17,0,0.107014,0.092247,8.294118,3.941176,0.0,0.0,0.919677,0.747059,0.172618,0.829994,{'public_balanced': 17},16,0,0.15087,0.117751,10.75,4.6875,0.030969,0.0,0.834037,0.75875,0.075287,0.847202,{'public_balanced': 16}
51,0.092247,1.0,public_balanced,0.35,0.15,0.01,0.0,0.2,0.05,0.04,0.8,0.84,0.58,0.72,20.0,8.0,0.5,24.0,5.0,0.68,0.78,0.5,24.0,5.0,0.68,0.78,17,0,0.107014,0.092247,8.294118,3.941176,0.0,0.0,0.919677,0.747059,0.172618,0.829994,{'public_balanced': 17},16,0,0.153967,0.117751,10.75,4.6875,0.030969,0.0,0.834037,0.75875,0.075287,0.847202,{'public_balanced': 16}
52,0.09294284,1.0,public_balanced,0.35,0.15,0.01,0.01,0.02,0.05,0.04,0.8,0.84,0.58,0.72,20.0,8.0,0.5,24.0,5.0,0.68,0.78,0.5,24.0,5.0,0.68,0.78,17,0,0.111289,0.091396,8.470588,3.411765,0.038671,0.0,0.922293,0.747059,0.175234,0.829168,{'public_balanced': 17},16,0,0.151974,0.113644,10.5,3.75,0.187262,0.0,0.834832,0.75875,0.076082,0.843961,{'public_balanced': 16}
53,0.092247,1.0,public_balanced,0.35,0.15,0.01,0.01,0.05,0.05,0.04,0.8,0.84,0.58,0.72,20.0,8.0,0.5,24.0,5.0,0.68,0.78,0.5,24.0,5.0,0.68,0.78,17,0,0.11194,0.092247,8.294118,3.941176,0.0,0.0,0.919677,0.747059,0.172618,0.829994,{'public_balanced': 17},16,0,0.155181,0.117751,10.75,4.6875,0.030969,0.0,0.834037,0.75875,0.075287,0.847202,{'public_balanced': 16}
54,0.092247,1.0,public_balanced,0.35,0.15,0.01,0.01,0.1,0.05,0.04,0.8,0.84,0.58,0.72,20.0,8.0,0.5,24.0,5.0,0.68,0.78,0.5,24.0,5.0,0.68,0.78,17,0,0.11194,0.092247,8.294118,3.941176,0.0,0.0,0.919677,0.747059,0.172618,0.829994,{'public_balanced': 17},16,0,0.15673,0.117751,10.75,4.6875,0.030969,0.0,0.834037,0.75875,0.075287,0.847202,{'public_balanced': 16}
55,0.092247,1.0,public_balanced,0.35,0.15,0.01,0.01,0.2,0.05,0.04,0.8,0.84,0.58,0.72,20.0,8.0,0.5,24.0,5.0,0.68,0.78,0.5,24.0,5.0,0.68,0.78,17,0,0.11194,0.092247,8.294118,3.941176,0.0,0.0,0.919677,0.747059,0.172618,0.829994,{'public_balanced': 17},16,0,0.159827,0.117751,10.75,4.6875,0.030969,0.0,0.834037,0.75875,0.075287,0.847202,{'public_balanced': 16}
56,0.09294284,1.0,public_balanced,0.35,0.15,0.01,0.02,0.02,0.05,0.04,0.8,0.84,0.58,0.72,20.0,8.0,0.5,24.0,5.0,0.68,0.78,0.5,24.0,5.0,0.68,0.78,17,0,0.115554,0.091396,8.470588,3.411765,0.038671,0.0,0.922293,0.747059,0.175234,0.829168,{'public_balanced': 17},16,0,0.155937,0.100983,9.5,3.0,0.187262,0.0,0.785567,0.75875,0.026817,0.849953,{'public_balanced': 16}
57,0.09294284,1.0,public_balanced,0.35,0.15,0.01,0.02,0.05,0.05,0.04,0.8,0.84,0.58,0.72,20.0,8.0,0.5,24.0,5.0,0.68,0.78,0.5,24.0,5.0,0.68,0.78,17,0,0.116714,0.091396,8.470588,3.411765,0.038671,0.0,0.922293,0.747059,0.175234,0.829168,{'public_balanced': 17},16,0,0.160317,0.10509,9.75,3.9375,0.030969,0.0,0.784772,0.75875,0.026022,0.853195,{'public_balanced': 16}
58,0.092247,1.0,public_balanced,0.35,0.15,0.01,0.02,0.1,0.05,0.04,0.8,0.84,0.58,0.72,20.0,8.0,0.5,24.0,5.0,0.68,0.78,0.5,24.0,5.0,0.68,0.78,17,0,0.116867,0.092247,8.294118,3.941176,0.0,0.0,0.919677,0.747059,0.172618,0.829994,{'public_balanced': 17},16,0,0.161865,0.10509,9.75,3.9375,0.030969,0.0,0.784772,0.75875,0.026022,0.853195,{'public_balanced': 16}
59,0.092247,1.0,public_balanced,0.35,0.15,0.01,0.02,0.2,0.05,0.04,0.8,0.84,0.58,0.72,20.0,8.0,0.5,24.0,5.0,0.68,0.78,0.5,24.0,5.0,0.68,0.78,17,0,0.116867,0.092247,8.294118,3.941176,0.0,0.0,0.919677,0.747059,0.172618,0.829994,{'public_balanced': 17},16,0,0.164962,0.10509,9.75,3.9375,0.030969,0.0,0.784772,0.75875,0.026022,0.853195,{'public_balanced': 16}
60,0.092247,1.0,public_balanced,0.35,0.15,0.02,0.0,0.02,0.05,0.04,0.8,0.84,0.58,0.72,20.0,8.0,0.5,24.0,5.0,0.68,0.78,0.5,24.0,5.0,0.68,0.78,17,0,0.111161,0.092247,8.294118,3.941176,0.0,0.0,0.919677,0.747059,0.172618,0.829994,{'public_balanced': 17},16,0,0.152536,0.113644,10.5,3.75,0.187262,0.0,0.834832,0.75875,0.076082,0.843961,{'public_balanced': 16}
61,0.092247,1.0,public_balanced,0.35,0.15,0.02,0.0,0.05,0.05,0.04,0.8,0.84,0.58,0.72,20.0,8.0,0.5,24.0,5.0,0.68,0.78,0.5,24.0,5.0,0.68,0.78,17,0,0.111161,0.092247,8.294118,3.941176,0.0,0.0,0.919677,0.747059,0.172618,0.829994,{'public_balanced': 17},16,0,0.154697,0.117751,10.75,4.6875,0.030969,0.0,0.834037,0.75875,0.075287,0.847202,{'public_balanced': 16}
62,0.092247,1.0,public_balanced,0.35,0.15,0.02,0.0,0.1,0.05,0.04,0.8,0.84,0.58,0.72,20.0,8.0,0.5,24.0,5.0,0.68,0.78,0.5,24.0,5.0,0.68,0.78,17,0,0.111161,0.092247,8.294118,3.941176,0.0,0.0,0.919677,0.747059,0.172618,0.829994,{'public_balanced': 17},16,0,0.156245,0.117751,10.75,4.6875,0.030969,0.0,0.834037,0.75875,0.075287,0.847202,{'public_balanced': 16}
63,0.092247,1.0,public_balanced,0.35,0.15,0.02,0.0,0.2,0.05,0.04,0.8,0.84,0.58,0.72,20.0,8.0,0.5,24.0,5.0,0.68,0.78,0.5,24.0,5.0,0.68,0.78,17,0,0.111161,0.092247,8.294118,3.941176,0.0,0.0,0.919677,0.747059,0.172618,0.829994,{'public_balanced': 17},16,0,0.159342,0.117751,10.75,4.6875,0.030969,0.0,0.834037,0.75875,0.075287,0.847202,{'public_balanced': 16}
64,0.09294284,1.0,public_balanced,0.35,0.15,0.02,0.01,0.02,0.05,0.04,0.8,0.84,0.58,0.72,20.0,8.0,0.5,24.0,5.0,0.68,0.78,0.5,24.0,5.0,0.68,0.78,17,0,0.115524,0.091396,8.470588,3.411765,0.038671,0.0,0.922293,0.747059,0.175234,0.829168,{'public_balanced': 17},16,0,0.156937,0.100983,9.5,3.0,0.187262,0.0,0.785567,0.75875,0.026817,0.849953,{'public_balanced': 16}
65,0.092247,1.0,public_balanced,0.35,0.15,0.02,0.01,0.05,0.05,0.04,0.8,0.84,0.58,0.72,20.0,8.0,0.5,24.0,5.0,0.68,0.78,0.5,24.0,5.0,0.68,0.78,17,0,0.116087,0.092247,8.294118,3.941176,0.0,0.0,0.919677,0.747059,0.172618,0.829994,{'public_balanced': 17},16,0,0.16027,0.10509,9.75,3.9375,0.030969,0.0,0.784772,0.75875,0.026022,0.853195,{'public_balanced': 16}
66,0.092247,1.0,public_balanced,0.35,0.15,0.02,0.01,0.1,0.05,0.04,0.8,0.84,0.58,0.72,20.0,8.0,0.5,24.0,5.0,0.68,0.78,0.5,24.0,5.0,0.68,0.78,17,0,0.116087,0.092247,8.294118,3.941176,0.0,0.0,0.919677,0.747059,0.172618,0.829994,{'public_balanced': 17},16,0,0.161818,0.10509,9.75,3.9375,0.030969,0.0,0.784772,0.75875,0.026022,0.853195,{'public_balanced': 16}
67,0.092247,1.0,public_balanced,0.35,0.15,0.02,0.01,0.2,0.05,0.04,0.8,0.84,0.58,0.72,20.0,8.0,0.5,24.0,5.0,0.68,0.78,0.5,24.0,5.0,0.68,0.78,17,0,0.116087,0.092247,8.294118,3.941176,0.0,0.0,0.919677,0.747059,0.172618,0.829994,{'public_balanced': 17},16,0,0.164915,0.10509,9.75,3.9375,0.030969,0.0,0.784772,0.75875,0.026022,0.853195,{'public_balanced': 16}
68,0.09294284,1.0,public_balanced,0.35,0.15,0.02,0.02,0.02,0.05,0.04,0.8,0.84,0.58,0.72,20.0,8.0,0.5,24.0,5.0,0.68,0.78,0.5,24.0,5.0,0.68,0.78,17,0,0.119789,0.091396,8.470588,3.411765,0.038671,0.0,0.922293,0.747059,0.175234,0.829168,{'public_balanced': 17},16,0,0.160687,0.100983,9.5,3.0,0.187262,0.0,0.785567,0.75875,0.026817,0.849953,{'public_balanced': 16}
69,0.09294284,1.0,public_balanced,0.35,0.15,0.02,0.02,0.05,0.05,0.04,0.8,0.84,0.58,0.72,20.0,8.0,0.5,24.0,5.0,0.68,0.78,0.5,24.0,5.0,0.68,0.78,17,0,0.120949,0.091396,8.470588,3.411765,0.038671,0.0,0.922293,0.747059,0.175234,0.829168,{'public_balanced': 17},16,0,0.165192,0.10509,9.75,3.9375,0.030969,0.0,0.784772,0.75875,0.026022,0.853195,{'public_balanced': 16}
70,0.092247,1.0,public_balanced,0.35,0.15,0.02,0.02,0.1,0.05,0.04,0.8,0.84,0.58,0.72,20.0,8.0,0.5,24.0,5.0,0.68,0.78,0.5,24.0,5.0,0.68,0.78,17,0,0.121014,0.092247,8.294118,3.941176,0.0,0.0,0.919677,0.747059,0.172618,0.829994,{'public_balanced': 17},16,0,0.16674,0.10509,9.75,3.9375,0.030969,0.0,0.784772,0.75875,0.026022,0.853195,{'public_balanced': 16}
71,0.092247,1.0,public_balanced,0.35,0.15,0.02,0.02,0.2,0.05,0.04,0.8,0.84,0.58,0.72,20.0,8.0,0.5,24.0,5.0,0.68,0.78,0.5,24.0,5.0,0.68,0.78,17,0,0.121014,0.092247,8.294118,3.941176,0.0,0.0,0.919677,0.747059,0.172618,0.829994,{'public_balanced': 17},16,0,0.169837,0.10509,9.75,3.9375,0.030969,0.0,0.784772,0.75875,0.026022,0.853195,{'public_balanced': 16}
72,0.09294284,1.0,public_balanced,0.35,0.3,0.0,0.0,0.02,0.05,0.04,0.8,0.84,0.58,0.72,20.0,8.0,0.5,24.0,5.0,0.68,0.78,0.5,24.0,5.0,0.68,0.78,17,0,0.105356,0.091396,8.470588,3.411765,0.038671,0.0,0.922293,0.747059,0.175234,0.829168,{'public_balanced': 17},16,0,0.143803,0.113644,10.5,3.75,0.187262,0.0,0.834832,0.75875,0.076082,0.843961,{'public_balanced': 16}
73,0.092247,1.0,public_balanced,0.35,0.3,0.0,0.0,0.05,0.05,0.04,0.8,0.84,0.58,0.72,20.0,8.0,0.5,24.0,5.0,0.68,0.78,0.5,24.0,5.0,0.68,0.78,17,0,0.105434,0.092247,8.294118,3.941176,0.0,0.0,0.919677,0.747059,0.172618,0.829994,{'public_balanced': 17},16,0,0.145713,0.117751,10.75,4.6875,0.030969,0.0,0.834037,0.75875,0.075287,0.847202,{'public_balanced': 16}
74,0.092247,1.0,public_balanced,0.35,0.3,0.0,0.0,0.1,0.05,0.04,0.8,0.84,0.58,0.72,20.0,8.0,0.5,24.0,5.0,0.68,0.78,0.5,24.0,5.0,0.68,0.78,17,0,0.105434,0.092247,8.294118,3.941176,0.0,0.0,0.919677,0.747059,0.172618,0.829994,{'public_balanced': 17},16,0,0.147262,0.117751,10.75,4.6875,0.030969,0.0,0.834037,0.75875,0.075287,0.847202,{'public_balanced': 16}
75,0.092247,1.0,public_balanced,0.35,0.3,0.0,0.0,0.2,0.05,0.04,0.8,0.84,0.58,0.72,20.0,8.0,0.5,24.0,5.0,0.68,0.78,0.5,24.0,5.0,0.68,0.78,17,0,0.105434,0.092247,8.294118,3.941176,0.0,0.0,0.919677,0.747059,0.172618,0.829994,{'public_balanced': 17},16,0,0.150358,0.117751,10.75,4.6875,0.030969,0.0,0.834037,0.75875,0.075287,0.847202,{'public_balanced': 16}
76,0.09294284,1.0,public_balanced,0.35,0.3,0.0,0.01,0.02,0.05,0.04,0.8,0.84,0.58,0.72,20.0,8.0,0.5,24.0,5.0,0.68,0.78,0.5,24.0,5.0,0.68,0.78,17,0,0.109621,0.091396,8.470588,3.411765,0.038671,0.0,0.922293,0.747059,0.175234,0.829168,{'public_balanced': 17},16,0,0.14849,0.113644,10.5,3.75,0.187262,0.0,0.834832,0.75875,0.076082,0.843961,{'public_balanced': 16}
77,0.092247,1.0,public_balanced,0.35,0.3,0.0,0.01,0.05,0.05,0.04,0.8,0.84,0.58,0.72,20.0,8.0,0.5,24.0,5.0,0.68,0.78,0.5,24.0,5.0,0.68,0.78,17,0,0.110361,0.092247,8.294118,3.941176,0.0,0.0,0.919677,0.747059,0.172618,0.829994,{'public_balanced': 17},16,0,0.151572,0.117751,10.75,4.6875,0.030969,0.0,0.834037,0.75875,0.075287,0.847202,{'public_balanced': 16}
78,0.092247,1.0,public_balanced,0.35,0.3,0.0,0.01,0.1,0.05,0.04,0.8,0.84,0.58,0.72,20.0,8.0,0.5,24.0,5.0,0.68,0.78,0.5,24.0,5.0,0.68,0.78,17,0,0.110361,0.092247,8.294118,3.941176,0.0,0.0,0.919677,0.747059,0.172618,0.829994,{'public_balanced': 17},16,0,0.153121,0.117751,10.75,4.6875,0.030969,0.0,0.834037,0.75875,0.075287,0.847202,{'public_balanced': 16}
79,0.092247,1.0,public_balanced,0.35,0.3,0.0,0.01,0.2,0.05,0.04,0.8,0.84,0.58,0.72,20.0,8.0,0.5,24.0,5.0,0.68,0.78,0.5,24.0,5.0,0.68,0.78,17,0,0.110361,0.092247,8.294118,3.941176,0.0,0.0,0.919677,0.747059,0.172618,0.829994,{'public_balanced': 17},16,0,0.156218,0.117751,10.75,4.6875,0.030969,0.0,0.834037,0.75875,0.075287,0.847202,{'public_balanced': 16}
80,0.09294284,1.0,public_balanced,0.35,0.3,0.0,0.02,0.02,0.05,0.04,0.8,0.84,0.58,0.72,20.0,8.0,0.5,24.0,5.0,0.68,0.78,0.5,24.0,5.0,0.68,0.78,17,0,0.113886,0.091396,8.470588,3.411765,0.038671,0.0,0.922293,0.747059,0.175234,0.829168,{'public_balanced': 17},16,0,0.152954,0.100983,9.5,3.0,0.187262,0.0,0.785567,0.75875,0.026817,0.849953,{'public_balanced': 16}
81,0.09294284,1.0,public_balanced,0.35,0.3,0.0,0.02,0.05,0.05,0.04,0.8,0.84,0.58,0.72,20.0,8.0,0.5,24.0,5.0,0.68,0.78,0.5,24.0,5.0,0.68,0.78,17,0,0.115046,0.091396,8.470588,3.411765,0.038671,0.0,0.922293,0.747059,0.175234,0.829168,{'public_balanced': 17},16,0,0.157208,0.10509,9.75,3.9375,0.030969,0.0,0.784772,0.75875,0.026022,0.853195,{'public_balanced': 16}
82,0.092247,1.0,public_balanced,0.35,0.3,0.0,0.02,0.1,0.05,0.04,0.8,0.84,0.58,0.72,20.0,8.0,0.5,24.0,5.0,0.68,0.78,0.5,24.0,5.0,0.68,0.78,17,0,0.115287,0.092247,8.294118,3.941176,0.0,0.0,0.919677,0.747059,0.172618,0.829994,{'public_balanced': 17},16,0,0.158756,0.10509,9.75,3.9375,0.030969,0.0,0.784772,0.75875,0.026022,0.853195,{'public_balanced': 16}
83,0.092247,1.0,public_balanced,0.35,0.3,0.0,0.02,0.2,0.05,0.04,0.8,0.84,0.58,0.72,20.0,8.0,0.5,24.0,5.0,0.68,0.78,0.5,24.0,5.0,0.68,0.78,17,0,0.115287,0.092247,8.294118,3.941176,0.0,0.0,0.919677,0.747059,0.172618,0.829994,{'public_balanced': 17},16,0,0.161853,0.10509,9.75,3.9375,0.030969,0.0,0.784772,0.75875,0.026022,0.853195,{'public_balanced': 16}
84,0.092247,1.0,public_balanced,0.35,0.3,0.01,0.0,0.02,0.05,0.04,0.8,0.84,0.58,0.72,20.0,8.0,0.5,24.0,5.0,0.68,0.78,0.5,24.0,5.0,0.68,0.78,17,0,0.109581,0.092247,8.294118,3.941176,0.0,0.0,0.919677,0.747059,0.172618,0.829994,{'public_balanced': 17},16,0,0.149053,0.113644,10.5,3.75,0.187262,0.0,0.834832,0.75875,0.076082,0.843961,{'public_balanced': 16}
85,0.092247,1.0,public_balanced,0.35,0.3,0.01,0.0,0.05,0.05,0.04,0.8,0.84,0.58,0.72,20.0,8.0,0.5,24.0,5.0,0.68,0.78,0.5,24.0,5.0,0.68,0.78,17,0,0.109581,0.092247,8.294118,3.941176,0.0,0.0,0.919677,0.747059,0.172618,0.829994,{'public_balanced': 17},16,0,0.151088,0.117751,10.75,4.6875,0.030969,0.0,0.834037,0.75875,0.075287,0.847202,{'public_balanced': 16}
86,0.092247,1.0,public_balanced,0.35,0.3,0.01,0.0,0.1,0.05,0.04,0.8,0.84,0.58,0.72,20.0,8.0,0.5,24.0,5.0,0.68,0.78,0.5,24.0,5.0,0.68,0.78,17,0,0.109581,0.092247,8.294118,3.941176,0.0,0.0,0.919677,0.747059,0.172618,0.829994,{'public_balanced': 17},16,0,0.152637,0.117751,10.75,4.6875,0.030969,0.0,0.834037,0.75875,0.075287,0.847202,{'public_balanced': 16}
87,0.092247,1.0,public_balanced,0.35,0.3,0.01,0.0,0.2,0.05,0.04,0.8,0.84,0.58,0.72,20.0,8.0,0.5,24.0,5.0,0.68,0.78,0.5,24.0,5.0,0.68,0.78,17,0,0.109581,0.092247,8.294118,3.941176,0.0,0.0,0.919677,0.747059,0.172618,0.829994,{'public_balanced': 17},16,0,0.155733,0.117751,10.75,4.6875,0.030969,0.0,0.834037,0.75875,0.075287,0.847202,{'public_balanced': 16}
88,0.09294284,1.0,public_balanced,0.35,0.3,0.01,0.01,0.02,0.05,0.04,0.8,0.84,0.58,0.72,20.0,8.0,0.5,24.0,5.0,0.68,0.78,0.5,24.0,5.0,0.68,0.78,17,0,0.113856,0.091396,8.470588,3.411765,0.038671,0.0,0.922293,0.747059,0.175234,0.829168,{'public_balanced': 17},16,0,0.15374,0.113644,10.5,3.75,0.187262,0.0,0.834832,0.75875,0.076082,0.843961,{'public_balanced': 16}
89,0.092247,1.0,public_balanced,0.35,0.3,0.01,0.01,0.05,0.05,0.04,0.8,0.84,0.58,0.72,20.0,8.0,0.5,24.0,5.0,0.68,0.78,0.5,24.0,5.0,0.68,0.78,17,0,0.114508,0.092247,8.294118,3.941176,0.0,0.0,0.919677,0.747059,0.172618,0.829994,{'public_balanced': 17},16,0,0.156947,0.117751,10.75,4.6875,0.030969,0.0,0.834037,0.75875,0.075287,0.847202,{'public_balanced': 16}
90,0.092247,1.0,public_balanced,0.35,0.3,0.01,0.01,0.1,0.05,0.04,0.8,0.84,0.58,0.72,20.0,8.0,0.5,24.0,5.0,0.68,0.78,0.5,24.0,5.0,0.68,0.78,17,0,0.114508,0.092247,8.294118,3.941176,0.0,0.0,0.919677,0.747059,0.172618,0.829994,{'public_balanced': 17},16,0,0.158496,0.117751,10.75,4.6875,0.030969,0.0,0.834037,0.75875,0.075287,0.847202,{'public_balanced': 16}
91,0.092247,1.0,public_balanced,0.35,0.3,0.01,0.01,0.2,0.05,0.04,0.8,0.84,0.58,0.72,20.0,8.0,0.5,24.0,5.0,0.68,0.78,0.5,24.0,5.0,0.68,0.78,17,0,0.114508,0.092247,8.294118,3.941176,0.0,0.0,0.919677,0.747059,0.172618,0.829994,{'public_balanced': 17},16,0,0.161593,0.117751,10.75,4.6875,0.030969,0.0,0.834037,0.75875,0.075287,0.847202,{'public_balanced': 16}
92,0.09294284,1.0,public_balanced,0.35,0.3,0.01,0.02,0.02,0.05,0.04,0.8,0.84,0.58,0.72,20.0,8.0,0.5,24.0,5.0,0.68,0.78,0.5,24.0,5.0,0.68,0.78,17,0,0.118121,0.091396,8.470588,3.411765,0.038671,0.0,0.922293,0.747059,0.175234,0.829168,{'public_balanced': 17},16,0,0.157704,0.100983,9.5,3.0,0.187262,0.0,0.785567,0.75875,0.026817,0.849953,{'public_balanced': 16}
93,0.09294284,1.0,public_balanced,0.35,0.3,0.01,0.02,0.05,0.05,0.04,0.8,0.84,0.58,0.72,20.0,8.0,0.5,24.0,5.0,0.68,0.78,0.5,24.0,5.0,0.68,0.78,17,0,0.119281,0.091396,8.470588,3.411765,0.038671,0.0,0.922293,0.747059,0.175234,0.829168,{'public_balanced': 17},16,0,0.162083,0.10509,9.75,3.9375,0.030969,0.0,0.784772,0.75875,0.026022,0.853195,{'public_balanced': 16}
94,0.092247,1.0,public_balanced,0.35,0.3,0.01,0.02,0.1,0.05,0.04,0.8,0.84,0.58,0.72,20.0,8.0,0.5,24.0,5.0,0.68,0.78,0.5,24.0,5.0,0.68,0.78,17,0,0.119434,0.092247,8.294118,3.941176,0.0,0.0,0.919677,0.747059,0.172618,0.829994,{'public_balanced': 17},16,0,0.163631,0.10509,9.75,3.9375,0.030969,0.0,0.784772,0.75875,0.026022,0.853195,{'public_balanced': 16}
95,0.092247,1.0,public_balanced,0.35,0.3,0.01,0.02,0.2,0.05,0.04,0.8,0.84,0.58,0.72,20.0,8.0,0.5,24.0,5.0,0.68,0.78,0.5,24.0,5.0,0.68,0.78,17,0,0.119434,0.092247,8.294118,3.941176,0.0,0.0,0.919677,0.747059,0.172618,0.829994,{'public_balanced': 17},16,0,0.166728,0.10509,9.75,3.9375,0.030969,0.0,0.784772,0.75875,0.026022,0.853195,{'public_balanced': 16}
96,0.092247,1.0,public_balanced,0.35,0.3,0.02,0.0,0.02,0.05,0.04,0.8,0.84,0.58,0.72,20.0,8.0,0.5,24.0,5.0,0.68,0.78,0.5,24.0,5.0,0.68,0.78,17,0,0.113728,0.092247,8.294118,3.941176,0.0,0.0,0.919677,0.747059,0.172618,0.829994,{'public_balanced': 17},16,0,0.154303,0.113644,10.5,3.75,0.187262,0.0,0.834832,0.75875,0.076082,0.843961,{'public_balanced': 16}
97,0.092247,1.0,public_balanced,0.35,0.3,0.02,0.0,0.05,0.05,0.04,0.8,0.84,0.58,0.72,20.0,8.0,0.5,24.0,5.0,0.68,0.78,0.5,24.0,5.0,0.68,0.78,17,0,0.113728,0.092247,8.294118,3.941176,0.0,0.0,0.919677,0.747059,0.172618,0.829994,{'public_balanced': 17},16,0,0.156463,0.117751,10.75,4.6875,0.030969,0.0,0.834037,0.75875,0.075287,0.847202,{'public_balanced': 16}
98,0.092247,1.0,public_balanced,0.35,0.3,0.02,0.0,0.1,0.05,0.04,0.8,0.84,0.58,0.72,20.0,8.0,0.5,24.0,5.0,0.68,0.78,0.5,24.0,5.0,0.68,0.78,17,0,0.113728,0.092247,8.294118,3.941176,0.0,0.0,0.919677,0.747059,0.172618,0.829994,{'public_balanced': 17},16,0,0.158012,0.117751,10.75,4.6875,0.030969,0.0,0.834037,0.75875,0.075287,0.847202,{'public_balanced': 16}
99,0.092247,1.0,public_balanced,0.35,0.3,0.02,0.0,0.2,0.05,0.04,0.8,0.84,0.58,0.72,20.0,8.0,0.5,24.0,5.0,0.68,0.78,0.5,24.0,5.0,0.68,0.78,17,0,0.113728,0.092247,8.294118,3.941176,0.0,0.0,0.919677,0.747059,0.172618,0.829994,{'public_balanced': 17},16,0,0.161108,0.117751,10.75,4.6875,0.030969,0.0,0.834037,0.75875,0.075287,0.847202,{'public_balanced': 16}
100,0.09294284,1.0,public_balanced,0.35,0.3,0.02,0.01,0.02,0.05,0.04,0.8,0.84,0.58,0.72,20.0,8.0,0.5,24.0,5.0,0.68,0.78,0.5,24.0,5.0,0.68,0.78,17,0,0.118092,0.091396,8.470588,3.411765,0.038671,0.0,0.922293,0.747059,0.175234,0.829168,{'public_balanced': 17},16,0,0.158704,0.100983,9.5,3.0,0.187262,0.0,0.785567,0.75875,0.026817,0.849953,{'public_balanced': 16}
101,0.092247,1.0,public_balanced,0.35,0.3,0.02,0.01,0.05,0.05,0.04,0.8,0.84,0.58,0.72,20.0,8.0,0.5,24.0,5.0,0.68,0.78,0.5,24.0,5.0,0.68,0.78,17,0,0.118655,0.092247,8.294118,3.941176,0.0,0.0,0.919677,0.747059,0.172618,0.829994,{'public_balanced': 17},16,0,0.162036,0.10509,9.75,3.9375,0.030969,0.0,0.784772,0.75875,0.026022,0.853195,{'public_balanced': 16}
102,0.092247,1.0,public_balanced,0.35,0.3,0.02,0.01,0.1,0.05,0.04,0.8,0.84,0.58,0.72,20.0,8.0,0.5,24.0,5.0,0.68,0.78,0.5,24.0,5.0,0.68,0.78,17,0,0.118655,0.092247,8.294118,3.941176,0.0,0.0,0.919677,0.747059,0.172618,0.829994,{'public_balanced': 17},16,0,0.163584,0.10509,9.75,3.9375,0.030969,0.0,0.784772,0.75875,0.026022,0.853195,{'public_balanced': 16}
103,0.092247,1.0,public_balanced,0.35,0.3,0.02,0.01,0.2,0.05,0.04,0.8,0.84,0.58,0.72,20.0,8.0,0.5,24.0,5.0,0.68,0.78,0.5,24.0,5.0,0.68,0.78,17,0,0.118655,0.092247,8.294118,3.941176,0.0,0.0,0.919677,0.747059,0.172618,0.829994,{'public_balanced': 17},16,0,0.166681,0.10509,9.75,3.9375,0.030969,0.0,0.784772,0.75875,0.026022,0.853195,{'public_balanced': 16}
104,0.09294284,1.0,public_balanced,0.35,0.3,0.02,0.02,0.02,0.05,0.04,0.8,0.84,0.58,0.72,20.0,8.0,0.5,24.0,5.0,0.68,0.78,0.5,24.0,5.0,0.68,0.78,17,0,0.122356,0.091396,8.470588,3.411765,0.038671,0.0,0.922293,0.747059,0.175234,0.829168,{'public_balanced': 17},16,0,0.162454,0.100983,9.5,3.0,0.187262,0.0,0.785567,0.75875,0.026817,0.849953,{'public_balanced': 16}
105,0.09294284,1.0,public_balanced,0.35,0.3,0.02,0.02,0.05,0.05,0.04,0.8,0.84,0.58,0.72,20.0,8.0,0.5,24.0,5.0,0.68,0.78,0.5,24.0,5.0,0.68,0.78,17,0,0.123516,0.091396,8.470588,3.411765,0.038671,0.0,0.922293,0.747059,0.175234,0.829168,{'public_balanced': 17},16,0,0.166958,0.10509,9.75,3.9375,0.030969,0.0,0.784772,0.75875,0.026022,0.853195,{'public_balanced': 16}
106,0.092247,1.0,public_balanced,0.35,0.3,0.02,0.02,0.1,0.05,0.04,0.8,0.84,0.58,0.72,20.0,8.0,0.5,24.0,5.0,0.68,0.78,0.5,24.0,5.0,0.68,0.78,17,0,0.123581,0.092247,8.294118,3.941176,0.0,0.0,0.919677,0.747059,0.172618,0.829994,{'public_balanced': 17},16,0,0.168506,0.10509,9.75,3.9375,0.030969,0.0,0.784772,0.75875,0.026022,0.853195,{'public_balanced': 16}
107,0.092247,1.0,public_balanced,0.35,0.3,0.02,0.02,0.2,0.05,0.04,0.8,0.84,0.58,0.72,20.0,8.0,0.5,24.0,5.0,0.68,0.78,0.5,24.0,5.0,0.68,0.78,17,0,0.123581,0.092247,8.294118,3.941176,0.0,0.0,0.919677,0.747059,0.172618,0.829994,{'public_balanced': 17},16,0,0.171603,0.10509,9.75,3.9375,0.030969,0.0,0.784772,0.75875,0.026022,0.853195,{'public_balanced': 16}
108,0.09244584,1.0,public_balanced,0.5,0.05,0.0,0.0,0.02,0.05,0.04,0.8,0.84,0.58,0.72,20.0,8.0,0.5,24.0,5.0,0.68,0.78,0.5,24.0,5.0,0.68,0.78,17,0,0.104247,0.090899,8.411765,3.411765,0.038671,0.0,0.944574,0.747059,0.197515,0.812034,{'public_balanced': 17},16,0,0.150665,0.113644,10.5,3.75,0.187262,0.0,0.834832,0.75875,0.076082,0.843961,{'public_balanced': 16}
109,0.09175,1.0,public_balanced,0.5,0.05,0.0,0.0,0.05,0.05,0.04,0.8,0.84,0.58,0.72,20.0,8.0,0.5,24.0,5.0,0.68,0.78,0.5,24.0,5.0,0.68,0.78,17,0,0.104325,0.09175,8.235294,3.941176,0.0,0.0,0.941958,0.747059,0.194899,0.812861,{'public_balanced': 17},16,0,0.152576,0.117751,10.75,4.6875,0.030969,0.0,0.834037,0.75875,0.075287,0.847202,{'public_balanced': 16}
110,0.09175,1.0,public_balanced,0.5,0.05,0.0,0.0,0.1,0.05,0.04,0.8,0.84,0.58,0.72,20.0,8.0,0.5,24.0,5.0,0.68,0.78,0.5,24.0,5.0,0.68,0.78,17,0,0.104325,0.09175,8.235294,3.941176,0.0,0.0,0.941958,0.747059,0.194899,0.812861,{'public_balanced': 17},16,0,0.154124,0.117751,10.75,4.6875,0.030969,0.0,0.834037,0.75875,0.075287,0.847202,{'public_balanced': 16}
111,0.09175,1.0,public_balanced,0.5,0.05,0.0,0.0,0.2,0.05,0.04,0.8,0.84,0.58,0.72,20.0,8.0,0.5,24.0,5.0,0.68,0.78,0.5,24.0,5.0,0.68,0.78,17,0,0.104325,0.09175,8.235294,3.941176,0.0,0.0,0.941958,0.747059,0.194899,0.812861,{'public_balanced': 17},16,0,0.157221,0.117751,10.75,4.6875,0.030969,0.0,0.834037,0.75875,0.075287,0.847202,{'public_balanced': 16}
112,0.09244584,1.0,public_balanced,0.5,0.05,0.0,0.01,0.02,0.05,0.04,0.8,0.84,0.58,0.72,20.0,8.0,0.5,24.0,5.0,0.68,0.78,0.5,24.0,5.0,0.68,0.78,17,0,0.108512,0.090899,8.411765,3.411765,0.038671,0.0,0.944574,0.747059,0.197515,0.812034,{'public_balanced': 17},16,0,0.155352,0.113644,10.5,3.75,0.187262,0.0,0.834832,0.75875,0.076082,0.843961,{'public_balanced': 16}
113,0.09175,1.0,public_balanced,0.5,0.05,0.0,0.01,0.05,0.05,0.04,0.8,0.84,0.58,0.72,20.0,8.0,0.5,24.0,5.0,0.68,0.78,0.5,24.0,5.0,0.68,0.78,17,0,0.109252,0.09175,8.235294,3.941176,0.0,0.0,0.941958,0.747059,0.194899,0.812861,{'public_balanced': 17},16,0,0.158435,0.117751,10.75,4.6875,0.030969,0.0,0.834037,0.75875,0.075287,0.847202,{'public_balanced': 16}
114,0.09175,1.0,public_balanced,0.5,0.05,0.0,0.01,0.1,0.05,0.04,0.8,0.84,0.58,0.72,20.0,8.0,0.5,24.0,5.0,0.68,0.78,0.5,24.0,5.0,0.68,0.78,17,0,0.109252,0.09175,8.235294,3.941176,0.0,0.0,0.941958,0.747059,0.194899,0.812861,{'public_balanced': 17},16,0,0.159983,0.117751,10.75,4.6875,0.030969,0.0,0.834037,0.75875,0.075287,0.847202,{'public_balanced': 16}
115,0.09175,1.0,public_balanced,0.5,0.05,0.0,0.01,0.2,0.05,0.04,0.8,0.84,0.58,0.72,20.0,8.0,0.5,24.0,5.0,0.68,0.78,0.5,24.0,5.0,0.68,0.78,17,0,0.109252,0.09175,8.235294,3.941176,0.0,0.0,0.941958,0.747059,0.194899,0.812861,{'public_balanced': 17},16,0,0.16308,0.117751,10.75,4.6875,0.030969,0.0,0.834037,0.75875,0.075287,0.847202,{'public_balanced': 16}
116,0.09244584,1.0,public_balanced,0.5,0.05,0.0,0.02,0.02,0.05,0.04,0.8,0.84,0.58,0.72,20.0,8.0,0.5,24.0,5.0,0.68,0.78,0.5,24.0,5.0,0.68,0.78,17,0,0.112777,0.090899,8.411765,3.411765,0.038671,0.0,0.944574,0.747059,0.197515,0.812034,{'public_balanced': 17},16,0,0.16004,0.113644,10.5,3.75,0.187262,0.0,0.834832,0.75875,0.076082,0.843961,{'public_balanced': 16}
117,0.09244584,1.0,public_balanced,0.5,0.05,0.0,0.02,0.05,0.05,0.04,0.8,0.84,0.58,0.72,20.0,8.0,0.5,24.0,5.0,0.68,0.78,0.5,24.0,5.0,0.68,0.78,17,0,0.113937,0.090899,8.411765,3.411765,0.038671,0.0,0.944574,0.747059,0.197515,0.812034,{'public_balanced': 17},16,0,0.164294,0.117751,10.75,4.6875,0.030969,0.0,0.834037,0.75875,0.075287,0.847202,{'public_balanced': 16}
118,0.09175,1.0,public_balanced,0.5,0.05,0.0,0.02,0.1,0.05,0.04,0.8,0.84,0.58,0.72,20.0,8.0,0.5,24.0,5.0,0.68,0.78,0.5,24.0,5.0,0.68,0.78,17,0,0.114178,0.09175,8.235294,3.941176,0.0,0.0,0.941958,0.747059,0.194899,0.812861,{'public_balanced': 17},16,0,0.165843,0.117751,10.75,4.6875,0.030969,0.0,0.834037,0.75875,0.075287,0.847202,{'public_balanced': 16}
119,0.09175,1.0,public_balanced,0.5,0.05,0.0,0.02,0.2,0.05,0.04,0.8,0.84,0.58,0.72,20.0,8.0,0.5,24.0,5.0,0.68,0.78,0.5,24.0,5.0,0.68,0.78,17,0,0.114178,0.09175,8.235294,3.941176,0.0,0.0,0.941958,0.747059,0.194899,0.812861,{'public_balanced': 17},16,0,0.16894,0.117751,10.75,4.6875,0.030969,0.0,0.834037,0.75875,0.075287,0.847202,{'public_balanced': 16}
120,0.09175,1.0,public_balanced,0.5,0.05,0.01,0.0,0.02,0.05,0.04,0.8,0.84,0.58,0.72,20.0,8.0,0.5,24.0,5.0,0.68,0.78,0.5,24.0,5.0,0.68,0.78,17,0,0.108443,0.09175,8.235294,3.941176,0.0,0.0,0.941958,0.747059,0.194899,0.812861,{'public_balanced': 17},16,0,0.155915,0.113644,10.5,3.75,0.187262,0.0,0.834832,0.75875,0.076082,0.843961,{'public_balanced': 16}
121,0.09175,1.0,public_balanced,0.5,0.05,0.01,0.0,0.05,0.05,0.04,0.8,0.84,0.58,0.72,20.0,8.0,0.5,24.0,5.0,0.68,0.78,0.5,24.0,5.0,0.68,0.78,17,0,0.108443,0.09175,8.235294,3.941176,0.0,0.0,0.941958,0.747059,0.194899,0.812861,{'public_balanced': 17},16,0,0.157951,0.117751,10.75,4.6875,0.030969,0.0,0.834037,0.75875,0.075287,0.847202,{'public_balanced': 16}
122,0.09175,1.0,public_balanced,0.5,0.05,0.01,0.0,0.1,0.05,0.04,0.8,0.84,0.58,0.72,20.0,8.0,0.5,24.0,5.0,0.68,0.78,0.5,24.0,5.0,0.68,0.78,17,0,0.108443,0.09175,8.235294,3.941176,0.0,0.0,0.941958,0.747059,0.194899,0.812861,{'public_balanced': 17},16,0,0.159499,0.117751,10.75,4.6875,0.030969,0.0,0.834037,0.75875,0.075287,0.847202,{'public_balanced': 16}
123,0.09175,1.0,public_balanced,0.5,0.05,0.01,0.0,0.2,0.05,0.04,0.8,0.84,0.58,0.72,20.0,8.0,0.5,24.0,5.0,0.68,0.78,0.5,24.0,5.0,0.68,0.78,17,0,0.108443,0.09175,8.235294,3.941176,0.0,0.0,0.941958,0.747059,0.194899,0.812861,{'public_balanced': 17},16,0,0.162596,0.117751,10.75,4.6875,0.030969,0.0,0.834037,0.75875,0.075287,0.847202,{'public_balanced': 16}
124,0.09244584,1.0,public_balanced,0.5,0.05,0.01,0.01,0.02,0.05,0.04,0.8,0.84,0.58,0.72,20.0,8.0,0.5,24.0,5.0,0.68,0.78,0.5,24.0,5.0,0.68,0.78,17,0,0.112718,0.090899,8.411765,3.411765,0.038671,0.0,0.944574,0.747059,0.197515,0.812034,{'public_balanced': 17},16,0,0.160602,0.113644,10.5,3.75,0.187262,0.0,0.834832,0.75875,0.076082,0.843961,{'public_balanced': 16}
125,0.09175,1.0,public_balanced,0.5,0.05,0.01,0.01,0.05,0.05,0.04,0.8,0.84,0.58,0.72,20.0,8.0,0.5,24.0,5.0,0.68,0.78,0.5,24.0,5.0,0.68,0.78,17,0,0.113369,0.09175,8.235294,3.941176,0.0,0.0,0.941958,0.747059,0.194899,0.812861,{'public_balanced': 17},16,0,0.16381,0.117751,10.75,4.6875,0.030969,0.0,0.834037,0.75875,0.075287,0.847202,{'public_balanced': 16}
126,0.09175,1.0,public_balanced,0.5,0.05,0.01,0.01,0.1,0.05,0.04,0.8,0.84,0.58,0.72,20.0,8.0,0.5,24.0,5.0,0.68,0.78,0.5,24.0,5.0,0.68,0.78,17,0,0.113369,0.09175,8.235294,3.941176,0.0,0.0,0.941958,0.747059,0.194899,0.812861,{'public_balanced': 17},16,0,0.165358,0.117751,10.75,4.6875,0.030969,0.0,0.834037,0.75875,0.075287,0.847202,{'public_balanced': 16}
127,0.09175,1.0,public_balanced,0.5,0.05,0.01,0.01,0.2,0.05,0.04,0.8,0.84,0.58,0.72,20.0,8.0,0.5,24.0,5.0,0.68,0.78,0.5,24.0,5.0,0.68,0.78,17,0,0.113369,0.09175,8.235294,3.941176,0.0,0.0,0.941958,0.747059,0.194899,0.812861,{'public_balanced': 17},16,0,0.168455,0.117751,10.75,4.6875,0.030969,0.0,0.834037,0.75875,0.075287,0.847202,{'public_balanced': 16}
128,0.09244584,1.0,public_balanced,0.5,0.05,0.01,0.02,0.02,0.05,0.04,0.8,0.84,0.58,0.72,20.0,8.0,0.5,24.0,5.0,0.68,0.78,0.5,24.0,5.0,0.68,0.78,17,0,0.116983,0.090899,8.411765,3.411765,0.038671,0.0,0.944574,0.747059,0.197515,0.812034,{'public_balanced': 17},16,0,0.16529,0.113644,10.5,3.75,0.187262,0.0,0.834832,0.75875,0.076082,0.843961,{'public_balanced': 16}
129,0.09244584,1.0,public_balanced,0.5,0.05,0.01,0.02,0.05,0.05,0.04,0.8,0.84,0.58,0.72,20.0,8.0,0.5,24.0,5.0,0.68,0.78,0.5,24.0,5.0,0.68,0.78,17,0,0.118143,0.090899,8.411765,3.411765,0.038671,0.0,0.944574,0.747059,0.197515,0.812034,{'public_balanced': 17},16,0,0.169669,0.117751,10.75,4.6875,0.030969,0.0,0.834037,0.75875,0.075287,0.847202,{'public_balanced': 16}
130,0.09175,1.0,public_balanced,0.5,0.05,0.01,0.02,0.1,0.05,0.04,0.8,0.84,0.58,0.72,20.0,8.0,0.5,24.0,5.0,0.68,0.78,0.5,24.0,5.0,0.68,0.78,17,0,0.118296,0.09175,8.235294,3.941176,0.0,0.0,0.941958,0.747059,0.194899,0.812861,{'public_balanced': 17},16,0,0.171218,0.117751,10.75,4.6875,0.030969,0.0,0.834037,0.75875,0.075287,0.847202,{'public_balanced': 16}
131,0.09175,1.0,public_balanced,0.5,0.05,0.01,0.02,0.2,0.05,0.04,0.8,0.84,0.58,0.72,20.0,8.0,0.5,24.0,5.0,0.68,0.78,0.5,24.0,5.0,0.68,0.78,17,0,0.118296,0.09175,8.235294,3.941176,0.0,0.0,0.941958,0.747059,0.194899,0.812861,{'public_balanced': 17},16,0,0.174315,0.117751,10.75,4.6875,0.030969,0.0,0.834037,0.75875,0.075287,0.847202,{'public_balanced': 16}
132,0.09175,1.0,public_balanced,0.5,0.05,0.02,0.0,0.02,0.05,0.04,0.8,0.84,0.58,0.72,20.0,8.0,0.5,24.0,5.0,0.68,0.78,0.5,24.0,5.0,0.68,0.78,17,0,0.112561,0.09175,8.235294,3.941176,0.0,0.0,0.941958,0.747059,0.194899,0.812861,{'public_balanced': 17},16,0,0.161165,0.113644,10.5,3.75,0.187262,0.0,0.834832,0.75875,0.076082,0.843961,{'public_balanced': 16}
133,0.09175,1.0,public_balanced,0.5,0.05,0.02,0.0,0.05,0.05,0.04,0.8,0.84,0.58,0.72,20.0,8.0,0.5,24.0,5.0,0.68,0.78,0.5,24.0,5.0,0.68,0.78,17,0,0.112561,0.09175,8.235294,3.941176,0.0,0.0,0.941958,0.747059,0.194899,0.812861,{'public_balanced': 17},16,0,0.163326,0.117751,10.75,4.6875,0.030969,0.0,0.834037,0.75875,0.075287,0.847202,{'public_balanced': 16}
134,0.09175,1.0,public_balanced,0.5,0.05,0.02,0.0,0.1,0.05,0.04,0.8,0.84,0.58,0.72,20.0,8.0,0.5,24.0,5.0,0.68,0.78,0.5,24.0,5.0,0.68,0.78,17,0,0.112561,0.09175,8.235294,3.941176,0.0,0.0,0.941958,0.747059,0.194899,0.812861,{'public_balanced': 17},16,0,0.164874,0.117751,10.75,4.6875,0.030969,0.0,0.834037,0.75875,0.075287,0.847202,{'public_balanced': 16}
135,0.09175,1.0,public_balanced,0.5,0.05,0.02,0.0,0.2,0.05,0.04,0.8,0.84,0.58,0.72,20.0,8.0,0.5,24.0,5.0,0.68,0.78,0.5,24.0,5.0,0.68,0.78,17,0,0.112561,0.09175,8.235294,3.941176,0.0,0.0,0.941958,0.747059,0.194899,0.812861,{'public_balanced': 17},16,0,0.167971,0.117751,10.75,4.6875,0.030969,0.0,0.834037,0.75875,0.075287,0.847202,{'public_balanced': 16}
136,0.09244584,1.0,public_balanced,0.5,0.05,0.02,0.01,0.02,0.05,0.04,0.8,0.84,0.58,0.72,20.0,8.0,0.5,24.0,5.0,0.68,0.78,0.5,24.0,5.0,0.68,0.78,17,0,0.116924,0.090899,8.411765,3.411765,0.038671,0.0,0.944574,0.747059,0.197515,0.812034,{'public_balanced': 17},16,0,0.165852,0.113644,10.5,3.75,0.187262,0.0,0.834832,0.75875,0.076082,0.843961,{'public_balanced': 16}
137,0.09175,1.0,public_balanced,0.5,0.05,0.02,0.01,0.05,0.05,0.04,0.8,0.84,0.58,0.72,20.0,8.0,0.5,24.0,5.0,0.68,0.78,0.5,24.0,5.0,0.68,0.78,17,0,0.117487,0.09175,8.235294,3.941176,0.0,0.0,0.941958,0.747059,0.194899,0.812861,{'public_balanced': 17},16,0,0.169185,0.117751,10.75,4.6875,0.030969,0.0,0.834037,0.75875,0.075287,0.847202,{'public_balanced': 16}
138,0.09175,1.0,public_balanced,0.5,0.05,0.02,0.01,0.1,0.05,0.04,0.8,0.84,0.58,0.72,20.0,8.0,0.5,24.0,5.0,0.68,0.78,0.5,24.0,5.0,0.68,0.78,17,0,0.117487,0.09175,8.235294,3.941176,0.0,0.0,0.941958,0.747059,0.194899,0.812861,{'public_balanced': 17},16,0,0.170733,0.117751,10.75,4.6875,0.030969,0.0,0.834037,0.75875,0.075287,0.847202,{'public_balanced': 16}
139,0.09175,1.0,public_balanced,0.5,0.05,0.02,0.01,0.2,0.05,0.04,0.8,0.84,0.58,0.72,20.0,8.0,0.5,24.0,5.0,0.68,0.78,0.5,24.0,5.0,0.68,0.78,17,0,0.117487,0.09175,8.235294,3.941176,0.0,0.0,0.941958,0.747059,0.194899,0.812861,{'public_balanced': 17},16,0,0.17383,0.117751,10.75,4.6875,0.030969,0.0,0.834037,0.75875,0.075287,0.847202,{'public_balanced': 16}
140,0.09244584,1.0,public_balanced,0.5,0.05,0.02,0.02,0.02,0.05,0.04,0.8,0.84,0.58,0.72,20.0,8.0,0.5,24.0,5.0,0.68,0.78,0.5,24.0,5.0,0.68,0.78,17,0,0.121189,0.090899,8.411765,3.411765,0.038671,0.0,0.944574,0.747059,0.197515,0.812034,{'public_balanced': 17},16,0,0.17054,0.113644,10.5,3.75,0.187262,0.0,0.834832,0.75875,0.076082,0.843961,{'public_balanced': 16}
141,0.09244584,1.0,public_balanced,0.5,0.05,0.02,0.02,0.05,0.05,0.04,0.8,0.84,0.58,0.72,20.0,8.0,0.5,24.0,5.0,0.68,0.78,0.5,24.0,5.0,0.68,0.78,17,0,0.122349,0.090899,8.411765,3.411765,0.038671,0.0,0.944574,0.747059,0.197515,0.812034,{'public_balanced': 17},16,0,0.175044,0.117751,10.75,4.6875,0.030969,0.0,0.834037,0.75875,0.075287,0.847202,{'public_balanced': 16}
142,0.09175,1.0,public_balanced,0.5,0.05,0.02,0.02,0.1,0.05,0.04,0.8,0.84,0.58,0.72,20.0,8.0,0.5,24.0,5.0,0.68,0.78,0.5,24.0,5.0,0.68,0.78,17,0,0.122414,0.09175,8.235294,3.941176,0.0,0.0,0.941958,0.747059,0.194899,0.812861,{'public_balanced': 17},16,0,0.176593,0.117751,10.75,4.6875,0.030969,0.0,0.834037,0.75875,0.075287,0.847202,{'public_balanced': 16}
143,0.09175,1.0,public_balanced,0.5,0.05,0.02,0.02,0.2,0.05,0.04,0.8,0.84,0.58,0.72,20.0,8.0,0.5,24.0,5.0,0.68,0.78,0.5,24.0,5.0,0.68,0.78,17,0,0.122414,0.09175,8.235294,3.941176,0.0,0.0,0.941958,0.747059,0.194899,0.812861,{'public_balanced': 17},16,0,0.17969,0.117751,10.75,4.6875,0.030969,0.0,0.834037,0.75875,0.075287,0.847202,{'public_balanced': 16}
144,0.09294284,1.0,public_balanced,0.5,0.15,0.0,0.0,0.02,0.05,0.04,0.8,0.84,0.58,0.72,20.0,8.0,0.5,24.0,5.0,0.68,0.78,0.5,24.0,5.0,0.68,0.78,17,0,0.10624,0.091396,8.470588,3.411765,0.038671,0.0,0.922293,0.747059,0.175234,0.829168,{'public_balanced': 17},16,0,0.151842,0.113644,10.5,3.75,0.187262,0.0,0.834832,0.75875,0.076082,0.843961,{'public_balanced': 16}
145,0.092247,1.0,public_balanced,0.5,0.15,0.0,0.0,0.05,0.05,0.04,0.8,0.84,0.58,0.72,20.0,8.0,0.5,24.0,5.0,0.68,0.78,0.5,24.0,5.0,0.68,0.78,17,0,0.106317,0.092247,8.294118,3.941176,0.0,0.0,0.919677,0.747059,0.172618,0.829994,{'public_balanced': 17},16,0,0.153753,0.117751,10.75,4.6875,0.030969,0.0,0.834037,0.75875,0.075287,0.847202,{'public_balanced': 16}
146,0.092247,1.0,public_balanced,0.5,0.15,0.0,0.0,0.1,0.05,0.04,0.8,0.84,0.58,0.72,20.0,8.0,0.5,24.0,5.0,0.68,0.78,0.5,24.0,5.0,0.68,0.78,17,0,0.106317,0.092247,8.294118,3.941176,0.0,0.0,0.919677,0.747059,0.172618,0.829994,{'public_balanced': 17},16,0,0.155301,0.117751,10.75,4.6875,0.030969,0.0,0.834037,0.75875,0.075287,0.847202,{'public_balanced': 16}
147,0.092247,1.0,public_balanced,0.5,0.15,0.0,0.0,0.2,0.05,0.04,0.8,0.84,0.58,0.72,20.0,8.0,0.5,24.0,5.0,0.68,0.78,0.5,24.0,5.0,0.68,0.78,17,0,0.106317,0.092247,8.294118,3.941176,0.0,0.0,0.919677,0.747059,0.172618,0.829994,{'public_balanced': 17},16,0,0.158398,0.117751,10.75,4.6875,0.030969,0.0,0.834037,0.75875,0.075287,0.847202,{'public_balanced': 16}
148,0.09294284,1.0,public_balanced,0.5,0.15,0.0,0.01,0.02,0.05,0.04,0.8,0.84,0.58,0.72,20.0,8.0,0.5,24.0,5.0,0.68,0.78,0.5,24.0,5.0,0.68,0.78,17,0,0.110504,0.091396,8.470588,3.411765,0.038671,0.0,0.922293,0.747059,0.175234,0.829168,{'public_balanced': 17},16,0,0.15653,0.113644,10.5,3.75,0.187262,0.0,0.834832,0.75875,0.076082,0.843961,{'public_balanced': 16}
149,0.092247,1.0,public_balanced,0.5,0.15,0.0,0.01,0.05,0.05,0.04,0.8,0.84,0.58,0.72,20.0,8.0,0.5,24.0,5.0,0.68,0.78,0.5,24.0,5.0,0.68,0.78,17,0,0.111244,0.092247,8.294118,3.941176,0.0,0.0,0.919677,0.747059,0.172618,0.829994,{'public_balanced': 17},16,0,0.159612,0.117751,10.75,4.6875,0.030969,0.0,0.834037,0.75875,0.075287,0.847202,{'public_balanced': 16}
150,0.092247,1.0,public_balanced,0.5,0.15,0.0,0.01,0.1,0.05,0.04,0.8,0.84,0.58,0.72,20.0,8.0,0.5,24.0,5.0,0.68,0.78,0.5,24.0,5.0,0.68,0.78,17,0,0.111244,0.092247,8.294118,3.941176,0.0,0.0,0.919677,0.747059,0.172618,0.829994,{'public_balanced': 17},16,0,0.161161,0.117751,10.75,4.6875,0.030969,0.0,0.834037,0.75875,0.075287,0.847202,{'public_balanced': 16}
151,0.092247,1.0,public_balanced,0.5,0.15,0.0,0.01,0.2,0.05,0.04,0.8,0.84,0.58,0.72,20.0,8.0,0.5,24.0,5.0,0.68,0.78,0.5,24.0,5.0,0.68,0.78,17,0,0.111244,0.092247,8.294118,3.941176,0.0,0.0,0.919677,0.747059,0.172618,0.829994,{'public_balanced': 17},16,0,0.164258,0.117751,10.75,4.6875,0.030969,0.0,0.834037,0.75875,0.075287,0.847202,{'public_balanced': 16}
152,0.09294284,1.0,public_balanced,0.5,0.15,0.0,0.02,0.02,0.05,0.04,0.8,0.84,0.58,0.72,20.0,8.0,0.5,24.0,5.0,0.68,0.78,0.5,24.0,5.0,0.68,0.78,17,0,0.114769,0.091396,8.470588,3.411765,0.038671,0.0,0.922293,0.747059,0.175234,0.829168,{'public_balanced': 17},16,0,0.161217,0.113644,10.5,3.75,0.187262,0.0,0.834832,0.75875,0.076082,0.843961,{'public_balanced': 16}
153,0.09294284,1.0,public_balanced,0.5,0.15,0.0,0.02,0.05,0.05,0.04,0.8,0.84,0.58,0.72,20.0,8.0,0.5,24.0,5.0,0.68,0.78,0.5,24.0,5.0,0.68,0.78,17,0,0.115929,0.091396,8.470588,3.411765,0.038671,0.0,0.922293,0.747059,0.175234,0.829168,{'public_balanced': 17},16,0,0.165472,0.117751,10.75,4.6875,0.030969,0.0,0.834037,0.75875,0.075287,0.847202,{'public_balanced': 16}
154,0.092247,1.0,public_balanced,0.5,0.15,0.0,0.02,0.1,0.05,0.04,0.8,0.84,0.58,0.72,20.0,8.0,0.5,24.0,5.0,0.68,0.78,0.5,24.0,5.0,0.68,0.78,17,0,0.11617,0.092247,8.294118,3.941176,0.0,0.0,0.919677,0.747059,0.172618,0.829994,{'public_balanced': 17},16,0,0.16702,0.117751,10.75,4.6875,0.030969,0.0,0.834037,0.75875,0.075287,0.847202,{'public_balanced': 16}
155,0.092247,1.0,public_balanced,0.5,0.15,0.0,0.02,0.2,0.05,0.04,0.8,0.84,0.58,0.72,20.0,8.0,0.5,24.0,5.0,0.68,0.78,0.5,24.0,5.0,0.68,0.78,17,0,0.11617,0.092247,8.294118,3.941176,0.0,0.0,0.919677,0.747059,0.172618,0.829994,{'public_balanced': 17},16,0,0.170117,0.117751,10.75,4.6875,0.030969,0.0,0.834037,0.75875,0.075287,0.847202,{'public_balanced': 16}
156,0.092247,1.0,public_balanced,0.5,0.15,0.01,0.0,0.02,0.05,0.04,0.8,0.84,0.58,0.72,20.0,8.0,0.5,24.0,5.0,0.68,0.78,0.5,24.0,5.0,0.68,0.78,17,0,0.110465,0.092247,8.294118,3.941176,0.0,0.0,0.919677,0.747059,0.172618,0.829994,{'public_balanced': 17},16,0,0.157092,0.113644,10.5,3.75,0.187262,0.0,0.834832,0.75875,0.076082,0.843961,{'public_balanced': 16}
157,0.092247,1.0,public_balanced,0.5,0.15,0.01,0.0,0.05,0.05,0.04,0.8,0.84,0.58,0.72,20.0,8.0,0.5,24.0,5.0,0.68,0.78,0.5,24.0,5.0,0.68,0.78,17,0,0.110465,0.092247,8.294118,3.941176,0.0,0.0,0.919677,0.747059,0.172618,0.829994,{'public_balanced': 17},16,0,0.159128,0.117751,10.75,4.6875,0.030969,0.0,0.834037,0.75875,0.075287,0.847202,{'public_balanced': 16}
158,0.092247,1.0,public_balanced,0.5,0.15,0.01,0.0,0.1,0.05,0.04,0.8,0.84,0.58,0.72,20.0,8.0,0.5,24.0,5.0,0.68,0.78,0.5,24.0,5.0,0.68,0.78,17,0,0.110465,0.092247,8.294118,3.941176,0.0,0.0,0.919677,0.747059,0.172618,0.829994,{'public_balanced': 17},16,0,0.160676,0.117751,10.75,4.6875,0.030969,0.0,0.834037,0.75875,0.075287,0.847202,{'public_balanced': 16}
159,0.092247,1.0,public_balanced,0.5,0.15,0.01,0.0,0.2,0.05,0.04,0.8,0.84,0.58,0.72,20.0,8.0,0.5,24.0,5.0,0.68,0.78,0.5,24.0,5.0,0.68,0.78,17,0,0.110465,0.092247,8.294118,3.941176,0.0,0.0,0.919677,0.747059,0.172618,0.829994,{'public_balanced': 17},16,0,0.163773,0.117751,10.75,4.6875,0.030969,0.0,0.834037,0.75875,0.075287,0.847202,{'public_balanced': 16}
160,0.09294284,1.0,public_balanced,0.5,0.15,0.01,0.01,0.02,0.05,0.04,0.8,0.84,0.58,0.72,20.0,8.0,0.5,24.0,5.0,0.68,0.78,0.5,24.0,5.0,0.68,0.78,17,0,0.11474,0.091396,8.470588,3.411765,0.038671,0.0,0.922293,0.747059,0.175234,0.829168,{'public_balanced': 17},16,0,0.16178,0.113644,10.5,3.75,0.187262,0.0,0.834832,0.75875,0.076082,0.843961,{'public_balanced': 16}
161,0.092247,1.0,public_balanced,0.5,0.15,0.01,0.01,0.05,0.05,0.04,0.8,0.84,0.58,0.72,20.0,8.0,0.5,24.0,5.0,0.68,0.78,0.5,24.0,5.0,0.68,0.78,17,0,0.115391,0.092247,8.294118,3.941176,0.0,0.0,0.919677,0.747059,0.172618,0.829994,{'public_balanced': 17},16,0,0.164987,0.117751,10.75,4.6875,0.030969,0.0,0.834037,0.75875,0.075287,0.847202,{'public_balanced': 16}
162,0.092247,1.0,public_balanced,0.5,0.15,0.01,0.01,0.1,0.05,0.04,0.8,0.84,0.58,0.72,20.0,8.0,0.5,24.0,5.0,0.68,0.78,0.5,24.0,5.0,0.68,0.78,17,0,0.115391,0.092247,8.294118,3.941176,0.0,0.0,0.919677,0.747059,0.172618,0.829994,{'public_balanced': 17},16,0,0.166536,0.117751,10.75,4.6875,0.030969,0.0,0.834037,0.75875,0.075287,0.847202,{'public_balanced': 16}
163,0.092247,1.0,public_balanced,0.5,0.15,0.01,0.01,0.2,0.05,0.04,0.8,0.84,0.58,0.72,20.0,8.0,0.5,24.0,5.0,0.68,0.78,0.5,24.0,5.0,0.68,0.78,17,0,0.115391,0.092247,8.294118,3.941176,0.0,0.0,0.919677,0.747059,0.172618,0.829994,{'public_balanced': 17},16,0,0.169633,0.117751,10.75,4.6875,0.030969,0.0,0.834037,0.75875,0.075287,0.847202,{'public_balanced': 16}
164,0.09294284,1.0,public_balanced,0.5,0.15,0.01,0.02,0.02,0.05,0.04,0.8,0.84,0.58,0.72,20.0,8.0,0.5,24.0,5.0,0.68,0.78,0.5,24.0,5.0,0.68,0.78,17,0,0.119004,0.091396,8.470588,3.411765,0.038671,0.0,0.922293,0.747059,0.175234,0.829168,{'public_balanced': 17},16,0,0.166467,0.113644,10.5,3.75,0.187262,0.0,0.834832,0.75875,0.076082,0.843961,{'public_balanced': 16}
165,0.09294284,1.0,public_balanced,0.5,0.15,0.01,0.02,0.05,0.05,0.04,0.8,0.84,0.58,0.72,20.0,8.0,0.5,24.0,5.0,0.68,0.78,0.5,24.0,5.0,0.68,0.78,17,0,0.120164,0.091396,8.470588,3.411765,0.038671,0.0,0.922293,0.747059,0.175234,0.829168,{'public_balanced': 17},16,0,0.170847,0.117751,10.75,4.6875,0.030969,0.0,0.834037,0.75875,0.075287,0.847202,{'public_balanced': 16}
166,0.092247,1.0,public_balanced,0.5,0.15,0.01,0.02,0.1,0.05,0.04,0.8,0.84,0.58,0.72,20.0,8.0,0.5,24.0,5.0,0.68,0.78,0.5,24.0,5.0,0.68,0.78,17,0,0.120317,0.092247,8.294118,3.941176,0.0,0.0,0.919677,0.747059,0.172618,0.829994,{'public_balanced': 17},16,0,0.172395,0.117751,10.75,4.6875,0.030969,0.0,0.834037,0.75875,0.075287,0.847202,{'public_balanced': 16}
167,0.092247,1.0,public_balanced,0.5,0.15,0.01,0.02,0.2,0.05,0.04,0.8,0.84,0.58,0.72,20.0,8.0,0.5,24.0,5.0,0.68,0.78,0.5,24.0,5.0,0.68,0.78,17,0,0.120317,0.092247,8.294118,3.941176,0.0,0.0,0.919677,0.747059,0.172618,0.829994,{'public_balanced': 17},16,0,0.175492,0.117751,10.75,4.6875,0.030969,0.0,0.834037,0.75875,0.075287,0.847202,{'public_balanced': 16}
168,0.092247,1.0,public_balanced,0.5,0.15,0.02,0.0,0.02,0.05,0.04,0.8,0.84,0.58,0.72,20.0,8.0,0.5,24.0,5.0,0.68,0.78,0.5,24.0,5.0,0.68,0.78,17,0,0.114612,0.092247,8.294118,3.941176,0.0,0.0,0.919677,0.747059,0.172618,0.829994,{'public_balanced': 17},16,0,0.162342,0.113644,10.5,3.75,0.187262,0.0,0.834832,0.75875,0.076082,0.843961,{'public_balanced': 16}
169,0.092247,1.0,public_balanced,0.5,0.15,0.02,0.0,0.05,0.05,0.04,0.8,0.84,0.58,0.72,20.0,8.0,0.5,24.0,5.0,0.68,0.78,0.5,24.0,5.0,0.68,0.78,17,0,0.114612,0.092247,8.294118,3.941176,0.0,0.0,0.919677,0.747059,0.172618,0.829994,{'public_balanced': 17},16,0,0.164503,0.117751,10.75,4.6875,0.030969,0.0,0.834037,0.75875,0.075287,0.847202,{'public_balanced': 16}
170,0.092247,1.0,public_balanced,0.5,0.15,0.02,0.0,0.1,0.05,0.04,0.8,0.84,0.58,0.72,20.0,8.0,0.5,24.0,5.0,0.68,0.78,0.5,24.0,5.0,0.68,0.78,17,0,0.114612,0.092247,8.294118,3.941176,0.0,0.0,0.919677,0.747059,0.172618,0.829994,{'public_balanced': 17},16,0,0.166051,0.117751,10.75,4.6875,0.030969,0.0,0.834037,0.75875,0.075287,0.847202,{'public_balanced': 16}
171,0.092247,1.0,public_balanced,0.5,0.15,0.02,0.0,0.2,0.05,0.04,0.8,0.84,0.58,0.72,20.0,8.0,0.5,24.0,5.0,0.68,0.78,0.5,24.0,5.0,0.68,0.78,17,0,0.114612,0.092247,8.294118,3.941176,0.0,0.0,0.919677,0.747059,0.172618,0.829994,{'public_balanced': 17},16,0,0.169148,0.117751,10.75,4.6875,0.030969,0.0,0.834037,0.75875,0.075287,0.847202,{'public_balanced': 16}
172,0.09294284,1.0,public_balanced,0.5,0.15,0.02,0.01,0.02,0.05,0.04,0.8,0.84,0.58,0.72,20.0,8.0,0.5,24.0,5.0,0.68,0.78,0.5,24.0,5.0,0.68,0.78,17,0,0.118975,0.091396,8.470588,3.411765,0.038671,0.0,0.922293,0.747059,0.175234,0.829168,{'public_balanced': 17},16,0,0.16703,0.113644,10.5,3.75,0.187262,0.0,0.834832,0.75875,0.076082,0.843961,{'public_balanced': 16}
173,0.092247,1.0,public_balanced,0.5,0.15,0.02,0.01,0.05,0.05,0.04,0.8,0.84,0.58,0.72,20.0,8.0,0.5,24.0,5.0,0.68,0.78,0.5,24.0,5.0,0.68,0.78,17,0,0.119538,0.092247,8.294118,3.941176,0.0,0.0,0.919677,0.747059,0.172618,0.829994,{'public_balanced': 17},16,0,0.170362,0.117751,10.75,4.6875,0.030969,0.0,0.834037,0.75875,0.075287,0.847202,{'public_balanced': 16}
174,0.092247,1.0,public_balanced,0.5,0.15,0.02,0.01,0.1,0.05,0.04,0.8,0.84,0.58,0.72,20.0,8.0,0.5,24.0,5.0,0.68,0.78,0.5,24.0,5.0,0.68,0.78,17,0,0.119538,0.092247,8.294118,3.941176,0.0,0.0,0.919677,0.747059,0.172618,0.829994,{'public_balanced': 17},16,0,0.171911,0.117751,10.75,4.6875,0.030969,0.0,0.834037,0.75875,0.075287,0.847202,{'public_balanced': 16}
175,0.092247,1.0,public_balanced,0.5,0.15,0.02,0.01,0.2,0.05,0.04,0.8,0.84,0.58,0.72,20.0,8.0,0.5,24.0,5.0,0.68,0.78,0.5,24.0,5.0,0.68,0.78,17,0,0.119538,0.092247,8.294118,3.941176,0.0,0.0,0.919677,0.747059,0.172618,0.829994,{'public_balanced': 17},16,0,0.175008,0.117751,10.75,4.6875,0.030969,0.0,0.834037,0.75875,0.075287,0.847202,{'public_balanced': 16}
176,0.09294284,1.0,public_balanced,0.5,0.15,0.02,0.02,0.02,0.05,0.04,0.8,0.84,0.58,0.72,20.0,8.0,0.5,24.0,5.0,0.68,0.78,0.5,24.0,5.0,0.68,0.78,17,0,0.12324,0.091396,8.470588,3.411765,0.038671,0.0,0.922293,0.747059,0.175234,0.829168,{'public_balanced': 17},16,0,0.171717,0.113644,10.5,3.75,0.187262,0.0,0.834832,0.75875,0.076082,0.843961,{'public_balanced': 16}
177,0.09294284,1.0,public_balanced,0.5,0.15,0.02,0.02,0.05,0.05,0.04,0.8,0.84,0.58,0.72,20.0,8.0,0.5,24.0,5.0,0.68,0.78,0.5,24.0,5.0,0.68,0.78,17,0,0.1244,0.091396,8.470588,3.411765,0.038671,0.0,0.922293,0.747059,0.175234,0.829168,{'public_balanced': 17},16,0,0.176222,0.117751,10.75,4.6875,0.030969,0.0,0.834037,0.75875,0.075287,0.847202,{'public_balanced': 16}
178,0.092247,1.0,public_balanced,0.5,0.15,0.02,0.02,0.1,0.05,0.04,0.8,0.84,0.58,0.72,20.0,8.0,0.5,24.0,5.0,0.68,0.78,0.5,24.0,5.0,0.68,0.78,17,0,0.124465,0.092247,8.294118,3.941176,0.0,0.0,0.919677,0.747059,0.172618,0.829994,{'public_balanced': 17},16,0,0.17777,0.117751,10.75,4.6875,0.030969,0.0,0.834037,0.75875,0.075287,0.847202,{'public_balanced': 16}
179,0.092247,1.0,public_balanced,0.5,0.15,0.02,0.02,0.2,0.05,0.04,0.8,0.84,0.58,0.72,20.0,8.0,0.5,24.0,5.0,0.68,0.78,0.5,24.0,5.0,0.68,0.78,17,0,0.124465,0.092247,8.294118,3.941176,0.0,0.0,0.919677,0.747059,0.172618,0.829994,{'public_balanced': 17},16,0,0.180867,0.117751,10.75,4.6875,0.030969,0.0,0.834037,0.75875,0.075287,0.847202,{'public_balanced': 16}
180,0.09294284,1.0,public_balanced,0.5,0.3,0.0,0.0,0.02,0.05,0.04,0.8,0.84,0.58,0.72,20.0,8.0,0.5,24.0,5.0,0.68,0.78,0.5,24.0,5.0,0.68,0.78,17,0,0.108807,0.091396,8.470588,3.411765,0.038671,0.0,0.922293,0.747059,0.175234,0.829168,{'public_balanced': 17},16,0,0.153609,0.113644,10.5,3.75,0.187262,0.0,0.834832,0.75875,0.076082,0.843961,{'public_balanced': 16}
181,0.092247,1.0,public_balanced,0.5,0.3,0.0,0.0,0.05,0.05,0.04,0.8,0.84,0.58,0.72,20.0,8.0,0.5,24.0,5.0,0.68,0.78,0.5,24.0,5.0,0.68,0.78,17,0,0.108885,0.092247,8.294118,3.941176,0.0,0.0,0.919677,0.747059,0.172618,0.829994,{'public_balanced': 17},16,0,0.155519,0.117751,10.75,4.6875,0.030969,0.0,0.834037,0.75875,0.075287,0.847202,{'public_balanced': 16}
182,0.092247,1.0,public_balanced,0.5,0.3,0.0,0.0,0.1,0.05,0.04,0.8,0.84,0.58,0.72,20.0,8.0,0.5,24.0,5.0,0.68,0.78,0.5,24.0,5.0,0.68,0.78,17,0,0.108885,0.092247,8.294118,3.941176,0.0,0.0,0.919677,0.747059,0.172618,0.829994,{'public_balanced': 17},16,0,0.157068,0.117751,10.75,4.6875,0.030969,0.0,0.834037,0.75875,0.075287,0.847202,{'public_balanced': 16}
183,0.092247,1.0,public_balanced,0.5,0.3,0.0,0.0,0.2,0.05,0.04,0.8,0.84,0.58,0.72,20.0,8.0,0.5,24.0,5.0,0.68,0.78,0.5,24.0,5.0,0.68,0.78,17,0,0.108885,0.092247,8.294118,3.941176,0.0,0.0,0.919677,0.747059,0.172618,0.829994,{'public_balanced': 17},16,0,0.160165,0.117751,10.75,4.6875,0.030969,0.0,0.834037,0.75875,0.075287,0.847202,{'public_balanced': 16}
184,0.09294284,1.0,public_balanced,0.5,0.3,0.0,0.01,0.02,0.05,0.04,0.8,0.84,0.58,0.72,20.0,8.0,0.5,24.0,5.0,0.68,0.78,0.5,24.0,5.0,0.68,0.78,17,0,0.113072,0.091396,8.470588,3.411765,0.038671,0.0,0.922293,0.747059,0.175234,0.829168,{'public_balanced': 17},16,0,0.158296,0.113644,10.5,3.75,0.187262,0.0,0.834832,0.75875,0.076082,0.843961,{'public_balanced': 16}
185,0.092247,1.0,public_balanced,0.5,0.3,0.0,0.01,0.05,0.05,0.04,0.8,0.84,0.58,0.72,20.0,8.0,0.5,24.0,5.0,0.68,0.78,0.5,24.0,5.0,0.68,0.78,17,0,0.113811,0.092247,8.294118,3.941176,0.0,0.0,0.919677,0.747059,0.172618,0.829994,{'public_balanced': 17},16,0,0.161379,0.117751,10.75,4.6875,0.030969,0.0,0.834037,0.75875,0.075287,0.847202,{'public_balanced': 16}
186,0.092247,1.0,public_balanced,0.5,0.3,0.0,0.01,0.1,0.05,0.04,0.8,0.84,0.58,0.72,20.0,8.0,0.5,24.0,5.0,0.68,0.78,0.5,24.0,5.0,0.68,0.78,17,0,0.113811,0.092247,8.294118,3.941176,0.0,0.0,0.919677,0.747059,0.172618,0.829994,{'public_balanced': 17},16,0,0.162927,0.117751,10.75,4.6875,0.030969,0.0,0.834037,0.75875,0.075287,0.847202,{'public_balanced': 16}
187,0.092247,1.0,public_balanced,0.5,0.3,0.0,0.01,0.2,0.05,0.04,0.8,0.84,0.58,0.72,20.0,8.0,0.5,24.0,5.0,0.68,0.78,0.5,24.0,5.0,0.68,0.78,17,0,0.113811,0.092247,8.294118,3.941176,0.0,0.0,0.919677,0.747059,0.172618,0.829994,{'public_balanced': 17},16,0,0.166024,0.117751,10.75,4.6875,0.030969,0.0,0.834037,0.75875,0.075287,0.847202,{'public_balanced': 16}
188,0.09294284,1.0,public_balanced,0.5,0.3,0.0,0.02,0.02,0.05,0.04,0.8,0.84,0.58,0.72,20.0,8.0,0.5,24.0,5.0,0.68,0.78,0.5,24.0,5.0,0.68,0.78,17,0,0.117337,0.091396,8.470588,3.411765,0.038671,0.0,0.922293,0.747059,0.175234,0.829168,{'public_balanced': 17},16,0,0.162984,0.113644,10.5,3.75,0.187262,0.0,0.834832,0.75875,0.076082,0.843961,{'public_balanced': 16}
189,0.09294284,1.0,public_balanced,0.5,0.3,0.0,0.02,0.05,0.05,0.04,0.8,0.84,0.58,0.72,20.0,8.0,0.5,24.0,5.0,0.68,0.78,0.5,24.0,5.0,0.68,0.78,17,0,0.118497,0.091396,8.470588,3.411765,0.038671,0.0,0.922293,0.747059,0.175234,0.829168,{'public_balanced': 17},16,0,0.167238,0.117751,10.75,4.6875,0.030969,0.0,0.834037,0.75875,0.075287,0.847202,{'public_balanced': 16}
190,0.092247,1.0,public_balanced,0.5,0.3,0.0,0.02,0.1,0.05,0.04,0.8,0.84,0.58,0.72,20.0,8.0,0.5,24.0,5.0,0.68,0.78,0.5,24.0,5.0,0.68,0.78,17,0,0.118738,0.092247,8.294118,3.941176,0.0,0.0,0.919677,0.747059,0.172618,0.829994,{'public_balanced': 17},16,0,0.168786,0.117751,10.75,4.6875,0.030969,0.0,0.834037,0.75875,0.075287,0.847202,{'public_balanced': 16}
191,0.092247,1.0,public_balanced,0.5,0.3,0.0,0.02,0.2,0.05,0.04,0.8,0.84,0.58,0.72,20.0,8.0,0.5,24.0,5.0,0.68,0.78,0.5,24.0,5.0,0.68,0.78,17,0,0.118738,0.092247,8.294118,3.941176,0.0,0.0,0.919677,0.747059,0.172618,0.829994,{'public_balanced': 17},16,0,0.171883,0.117751,10.75,4.6875,0.030969,0.0,0.834037,0.75875,0.075287,0.847202,{'public_balanced': 16}
192,0.092247,1.0,public_balanced,0.5,0.3,0.01,0.0,0.02,0.05,0.04,0.8,0.84,0.58,0.72,20.0,8.0,0.5,24.0,5.0,0.68,0.78,0.5,24.0,5.0,0.68,0.78,17,0,0.113032,0.092247,8.294118,3.941176,0.0,0.0,0.919677,0.747059,0.172618,0.829994,{'public_balanced': 17},16,0,0.158859,0.113644,10.5,3.75,0.187262,0.0,0.834832,0.75875,0.076082,0.843961,{'public_balanced': 16}
193,0.092247,1.0,public_balanced,0.5,0.3,0.01,0.0,0.05,0.05,0.04,0.8,0.84,0.58,0.72,20.0,8.0,0.5,24.0,5.0,0.68,0.78,0.5,24.0,5.0,0.68,0.78,17,0,0.113032,0.092247,8.294118,3.941176,0.0,0.0,0.919677,0.747059,0.172618,0.829994,{'public_balanced': 17},16,0,0.160894,0.117751,10.75,4.6875,0.030969,0.0,0.834037,0.75875,0.075287,0.847202,{'public_balanced': 16}
194,0.092247,1.0,public_balanced,0.5,0.3,0.01,0.0,0.1,0.05,0.04,0.8,0.84,0.58,0.72,20.0,8.0,0.5,24.0,5.0,0.68,0.78,0.5,24.0,5.0,0.68,0.78,17,0,0.113032,0.092247,8.294118,3.941176,0.0,0.0,0.919677,0.747059,0.172618,0.829994,{'public_balanced': 17},16,0,0.162443,0.117751,10.75,4.6875,0.030969,0.0,0.834037,0.75875,0.075287,0.847202,{'public_balanced': 16}
195,0.092247,1.0,public_balanced,0.5,0.3,0.01,0.0,0.2,0.05,0.04,0.8,0.84,0.58,0.72,20.0,8.0,0.5,24.0,5.0,0.68,0.78,0.5,24.0,5.0,0.68,0.78,17,0,0.113032,0.092247,8.294118,3.941176,0.0,0.0,0.919677,0.747059,0.172618,0.829994,{'public_balanced': 17},16,0,0.16554,0.117751,10.75,4.6875,0.030969,0.0,0.834037,0.75875,0.075287,0.847202,{'public_balanced': 16}
196,0.09294284,1.0,public_balanced,0.5,0.3,0.01,0.01,0.02,0.05,0.04,0.8,0.84,0.58,0.72,20.0,8.0,0.5,24.0,5.0,0.68,0.78,0.5,24.0,5.0,0.68,0.78,17,0,0.117307,0.091396,8.470588,3.411765,0.038671,0.0,0.922293,0.747059,0.175234,0.829168,{'public_balanced': 17},16,0,0.163546,0.113644,10.5,3.75,0.187262,0.0,0.834832,0.75875,0.076082,0.843961,{'public_balanced': 16}
197,0.092247,1.0,public_balanced,0.5,0.3,0.01,0.01,0.05,0.05,0.04,0.8,0.84,0.58,0.72,20.0,8.0,0.5,24.0,5.0,0.68,0.78,0.5,24.0,5.0,0.68,0.78,17,0,0.117959,0.092247,8.294118,3.941176,0.0,0.0,0.919677,0.747059,0.172618,0.829994,{'public_balanced': 17},16,0,0.166754,0.117751,10.75,4.6875,0.030969,0.0,0.834037,0.75875,0.075287,0.847202,{'public_balanced': 16}
198,0.092247,1.0,public_balanced,0.5,0.3,0.01,0.01,0.1,0.05,0.04,0.8,0.84,0.58,0.72,20.0,8.0,0.5,24.0,5.0,0.68,0.78,0.5,24.0,5.0,0.68,0.78,17,0,0.117959,0.092247,8.294118,3.941176,0.0,0.0,0.919677,0.747059,0.172618,0.829994,{'public_balanced': 17},16,0,0.168302,0.117751,10.75,4.6875,0.030969,0.0,0.834037,0.75875,0.075287,0.847202,{'public_balanced': 16}
199,0.092247,1.0,public_balanced,0.5,0.3,0.01,0.01,0.2,0.05,0.04,0.8,0.84,0.58,0.72,20.0,8.0,0.5,24.0,5.0,0.68,0.78,0.5,24.0,5.0,0.68,0.78,17,0,0.117959,0.092247,8.294118,3.941176,0.0,0.0,0.919677,0.747059,0.172618,0.829994,{'public_balanced': 17},16,0,0.171399,0.117751,10.75,4.6875,0.030969,0.0,0.834037,0.75875,0.075287,0.847202,{'public_balanced': 16}
200,0.09294284,1.0,public_balanced,0.5,0.3,0.01,0.02,0.02,0.05,0.04,0.8,0.84,0.58,0.72,20.0,8.0,0.5,24.0,5.0,0.68,0.78,0.5,24.0,5.0,0.68,0.78,17,0,0.121572,0.091396,8.470588,3.411765,0.038671,0.0,0.922293,0.747059,0.175234,0.829168,{'public_balanced': 17},16,0,0.168234,0.113644,10.5,3.75,0.187262,0.0,0.834832,0.75875,0.076082,0.843961,{'public_balanced': 16}
201,0.09294284,1.0,public_balanced,0.5,0.3,0.01,0.02,0.05,0.05,0.04,0.8,0.84,0.58,0.72,20.0,8.0,0.5,24.0,5.0,0.68,0.78,0.5,24.0,5.0,0.68,0.78,17,0,0.122732,0.091396,8.470588,3.411765,0.038671,0.0,0.922293,0.747059,0.175234,0.829168,{'public_balanced': 17},16,0,0.172613,0.117751,10.75,4.6875,0.030969,0.0,0.834037,0.75875,0.075287,0.847202,{'public_balanced': 16}
202,0.092247,1.0,public_balanced,0.5,0.3,0.01,0.02,0.1,0.05,0.04,0.8,0.84,0.58,0.72,20.0,8.0,0.5,24.0,5.0,0.68,0.78,0.5,24.0,5.0,0.68,0.78,17,0,0.122885,0.092247,8.294118,3.941176,0.0,0.0,0.919677,0.747059,0.172618,0.829994,{'public_balanced': 17},16,0,0.174161,0.117751,10.75,4.6875,0.030969,0.0,0.834037,0.75875,0.075287,0.847202,{'public_balanced': 16}
203,0.092247,1.0,public_balanced,0.5,0.3,0.01,0.02,0.2,0.05,0.04,0.8,0.84,0.58,0.72,20.0,8.0,0.5,24.0,5.0,0.68,0.78,0.5,24.0,5.0,0.68,0.78,17,0,0.122885,0.092247,8.294118,3.941176,0.0,0.0,0.919677,0.747059,0.172618,0.829994,{'public_balanced': 17},16,0,0.177258,0.117751,10.75,4.6875,0.030969,0.0,0.834037,0.75875,0.075287,0.847202,{'public_balanced': 16}
204,0.092247,1.0,public_balanced,0.5,0.3,0.02,0.0,0.02,0.05,0.04,0.8,0.84,0.58,0.72,20.0,8.0,0.5,24.0,5.0,0.68,0.78,0.5,24.0,5.0,0.68,0.78,17,0,0.117179,0.092247,8.294118,3.941176,0.0,0.0,0.919677,0.747059,0.172618,0.829994,{'public_balanced': 17},16,0,0.164109,0.113644,10.5,3.75,0.187262,0.0,0.834832,0.75875,0.076082,0.843961,{'public_balanced': 16}
205,0.092247,1.0,public_balanced,0.5,0.3,0.02,0.0,0.05,0.05,0.04,0.8,0.84,0.58,0.72,20.0,8.0,0.5,24.0,5.0,0.68,0.78,0.5,24.0,5.0,0.68,0.78,17,0,0.117179,0.092247,8.294118,3.941176,0.0,0.0,0.919677,0.747059,0.172618,0.829994,{'public_balanced': 17},16,0,0.166269,0.117751,10.75,4.6875,0.030969,0.0,0.834037,0.75875,0.075287,0.847202,{'public_balanced': 16}
206,0.092247,1.0,public_balanced,0.5,0.3,0.02,0.0,0.1,0.05,0.04,0.8,0.84,0.58,0.72,20.0,8.0,0.5,24.0,5.0,0.68,0.78,0.5,24.0,5.0,0.68,0.78,17,0,0.117179,0.092247,8.294118,3.941176,0.0,0.0,0.919677,0.747059,0.172618,0.829994,{'public_balanced': 17},16,0,0.167818,0.117751,10.75,4.6875,0.030969,0.0,0.834037,0.75875,0.075287,0.847202,{'public_balanced': 16}
207,0.092247,1.0,public_balanced,0.5,0.3,0.02,0.0,0.2,0.05,0.04,0.8,0.84,0.58,0.72,20.0,8.0,0.5,24.0,5.0,0.68,0.78,0.5,24.0,5.0,0.68,0.78,17,0,0.117179,0.092247,8.294118,3.941176,0.0,0.0,0.919677,0.747059,0.172618,0.829994,{'public_balanced': 17},16,0,0.170915,0.117751,10.75,4.6875,0.030969,0.0,0.834037,0.75875,0.075287,0.847202,{'public_balanced': 16}
208,0.09294284,1.0,public_balanced,0.5,0.3,0.02,0.01,0.02,0.05,0.04,0.8,0.84,0.58,0.72,20.0,8.0,0.5,24.0,5.0,0.68,0.78,0.5,24.0,5.0,0.68,0.78,17,0,0.121542,0.091396,8.470588,3.411765,0.038671,0.0,0.922293,0.747059,0.175234,0.829168,{'public_balanced': 17},16,0,0.168796,0.113644,10.5,3.75,0.187262,0.0,0.834832,0.75875,0.076082,0.843961,{'public_balanced': 16}
209,0.092247,1.0,public_balanced,0.5,0.3,0.02,0.01,0.05,0.05,0.04,0.8,0.84,0.58,0.72,20.0,8.0,0.5,24.0,5.0,0.68,0.78,0.5,24.0,5.0,0.68,0.78,17,0,0.122106,0.092247,8.294118,3.941176,0.0,0.0,0.919677,0.747059,0.172618,0.829994,{'public_balanced': 17},16,0,0.172129,0.117751,10.75,4.6875,0.030969,0.0,0.834037,0.75875,0.075287,0.847202,{'public_balanced': 16}
210,0.092247,1.0,public_balanced,0.5,0.3,0.02,0.01,0.1,0.05,0.04,0.8,0.84,0.58,0.72,20.0,8.0,0.5,24.0,5.0,0.68,0.78,0.5,24.0,5.0,0.68,0.78,17,0,0.122106,0.092247,8.294118,3.941176,0.0,0.0,0.919677,0.747059,0.172618,0.829994,{'public_balanced': 17},16,0,0.173677,0.117751,10.75,4.6875,0.030969,0.0,0.834037,0.75875,0.075287,0.847202,{'public_balanced': 16}
211,0.092247,1.0,public_balanced,0.5,0.3,0.02,0.01,0.2,0.05,0.04,0.8,0.84,0.58,0.72,20.0,8.0,0.5,24.0,5.0,0.68,0.78,0.5,24.0,5.0,0.68,0.78,17,0,0.122106,0.092247,8.294118,3.941176,0.0,0.0,0.919677,0.747059,0.172618,0.829994,{'public_balanced': 17},16,0,0.176774,0.117751,10.75,4.6875,0.030969,0.0,0.834037,0.75875,0.075287,0.847202,{'public_balanced': 16}
212,0.09294284,1.0,public_balanced,0.5,0.3,0.02,0.02,0.02,0.05,0.04,0.8,0.84,0.58,0.72,20.0,8.0,0.5,24.0,5.0,0.68,0.78,0.5,24.0,5.0,0.68,0.78,17,0,0.125807,0.091396,8.470588,3.411765,0.038671,0.0,0.922293,0.747059,0.175234,0.829168,{'public_balanced': 17},16,0,0.173484,0.113644,10.5,3.75,0.187262,0.0,0.834832,0.75875,0.076082,0.843961,{'public_balanced': 16}
213,0.09294284,1.0,public_balanced,0.5,0.3,0.02,0.02,0.05,0.05,0.04,0.8,0.84,0.58,0.72,20.0,8.0,0.5,24.0,5.0,0.68,0.78,0.5,24.0,5.0,0.68,0.78,17,0,0.126967,0.091396,8.470588,3.411765,0.038671,0.0,0.922293,0.747059,0.175234,0.829168,{'public_balanced': 17},16,0,0.177988,0.117751,10.75,4.6875,0.030969,0.0,0.834037,0.75875,0.075287,0.847202,{'public_balanced': 16}
214,0.092247,1.0,public_balanced,0.5,0.3,0.02,0.02,0.1,0.05,0.04,0.8,0.84,0.58,0.72,20.0,8.0,0.5,24.0,5.0,0.68,0.78,0.5,24.0,5.0,0.68,0.78,17,0,0.127032,0.092247,8.294118,3.941176,0.0,0.0,0.919677,0.747059,0.172618,0.829994,{'public_balanced': 17},16,0,0.179536,0.117751,10.75,4.6875,0.030969,0.0,0.834037,0.75875,0.075287,0.847202,{'public_balanced': 16}
215,0.092247,1.0,public_balanced,0.5,0.3,0.02,0.02,0.2,0.05,0.04,0.8,0.84,0.58,0.72,20.0,8.0,0.5,24.0,5.0,0.68,0.78,0.5,24.0,5.0,0.68,0.78,17,0,0.127032,0.092247,8.294118,3.941176,0.0,0.0,0.919677,0.747059,0.172618,0.829994,{'public_balanced': 17},16,0,0.182633,0.117751,10.75,4.6875,0.030969,0.0,0.834037,0.75875,0.075287,0.847202,{'public_balanced': 16}
216,0.09244584,1.0,public_balanced,0.7,0.05,0.0,0.0,0.02,0.05,0.04,0.8,0.84,0.58,0.72,20.0,8.0,0.5,24.0,5.0,0.68,0.78,0.5,24.0,5.0,0.68,0.78,17,0,0.108849,0.090899,8.411765,3.411765,0.038671,0.0,0.944574,0.747059,0.197515,0.812034,{'public_balanced': 17},16,0,0.163719,0.121364,11.25,3.875,0.218231,0.0,0.854272,0.75875,0.095522,0.839188,{'public_balanced': 16}
217,0.09175,1.0,public_balanced,0.7,0.05,0.0,0.0,0.05,0.05,0.04,0.8,0.84,0.58,0.72,20.0,8.0,0.5,24.0,5.0,0.68,0.78,0.5,24.0,5.0,0.68,0.78,17,0,0.108926,0.09175,8.235294,3.941176,0.0,0.0,0.941958,0.747059,0.194899,0.812861,{'public_balanced': 17},16,0,0.16565,0.117751,10.75,4.6875,0.030969,0.0,0.834037,0.75875,0.075287,0.847202,{'public_balanced': 16}
218,0.09175,1.0,public_balanced,0.7,0.05,0.0,0.0,0.1,0.05,0.04,0.8,0.84,0.58,0.72,20.0,8.0,0.5,24.0,5.0,0.68,0.78,0.5,24.0,5.0,0.68,0.78,17,0,0.108926,0.09175,8.235294,3.941176,0.0,0.0,0.941958,0.747059,0.194899,0.812861,{'public_balanced': 17},16,0,0.167199,0.117751,10.75,4.6875,0.030969,0.0,0.834037,0.75875,0.075287,0.847202,{'public_balanced': 16}
219,0.09175,1.0,public_balanced,0.7,0.05,0.0,0.0,0.2,0.05,0.04,0.8,0.84,0.58,0.72,20.0,8.0,0.5,24.0,5.0,0.68,0.78,0.5,24.0,5.0,0.68,0.78,17,0,0.108926,0.09175,8.235294,3.941176,0.0,0.0,0.941958,0.747059,0.194899,0.812861,{'public_balanced': 17},16,0,0.170296,0.117751,10.75,4.6875,0.030969,0.0,0.834037,0.75875,0.075287,0.847202,{'public_balanced': 16}
220,0.09244584,1.0,public_balanced,0.7,0.05,0.0,0.01,0.02,0.05,0.04,0.8,0.84,0.58,0.72,20.0,8.0,0.5,24.0,5.0,0.68,0.78,0.5,24.0,5.0,0.68,0.78,17,0,0.113113,0.090899,8.411765,3.411765,0.038671,0.0,0.944574,0.747059,0.197515,0.812034,{'public_balanced': 17},16,0,0.168427,0.113644,10.5,3.75,0.187262,0.0,0.834832,0.75875,0.076082,0.843961,{'public_balanced': 16}
221,0.09175,1.0,public_balanced,0.7,0.05,0.0,0.01,0.05,0.05,0.04,0.8,0.84,0.58,0.72,20.0,8.0,0.5,24.0,5.0,0.68,0.78,0.5,24.0,5.0,0.68,0.78,17,0,0.113853,0.09175,8.235294,3.941176,0.0,0.0,0.941958,0.747059,0.194899,0.812861,{'public_balanced': 17},16,0,0.17151,0.117751,10.75,4.6875,0.030969,0.0,0.834037,0.75875,0.075287,0.847202,{'public_balanced': 16}
222,0.09175,1.0,public_balanced,0.7,0.05,0.0,0.01,0.1,0.05,0.04,0.8,0.84,0.58,0.72,20.0,8.0,0.5,24.0,5.0,0.68,0.78,0.5,24.0,5.0,0.68,0.78,17,0,0.113853,0.09175,8.235294,3.941176,0.0,0.0,0.941958,0.747059,0.194899,0.812861,{'public_balanced': 17},16,0,0.173058,0.117751,10.75,4.6875,0.030969,0.0,0.834037,0.75875,0.075287,0.847202,{'public_balanced': 16}
223,0.09175,1.0,public_balanced,0.7,0.05,0.0,0.01,0.2,0.05,0.04,0.8,0.84,0.58,0.72,20.0,8.0,0.5,24.0,5.0,0.68,0.78,0.5,24.0,5.0,0.68,0.78,17,0,0.113853,0.09175,8.235294,3.941176,0.0,0.0,0.941958,0.747059,0.194899,0.812861,{'public_balanced': 17},16,0,0.176155,0.117751,10.75,4.6875,0.030969,0.0,0.834037,0.75875,0.075287,0.847202,{'public_balanced': 16}
224,0.09244584,1.0,public_balanced,0.7,0.05,0.0,0.02,0.02,0.05,0.04,0.8,0.84,0.58,0.72,20.0,8.0,0.5,24.0,5.0,0.68,0.78,0.5,24.0,5.0,0.68,0.78,17,0,0.117378,0.090899,8.411765,3.411765,0.038671,0.0,0.944574,0.747059,0.197515,0.812034,{'public_balanced': 17},16,0,0.173115,0.113644,10.5,3.75,0.187262,0.0,0.834832,0.75875,0.076082,0.843961,{'public_balanced': 16}
225,0.09244584,1.0,public_balanced,0.7,0.05,0.0,0.02,0.05,0.05,0.04,0.8,0.84,0.58,0.72,20.0,8.0,0.5,24.0,5.0,0.68,0.78,0.5,24.0,5.0,0.68,0.78,17,0,0.118538,0.090899,8.411765,3.411765,0.038671,0.0,0.944574,0.747059,0.197515,0.812034,{'public_balanced': 17},16,0,0.177369,0.117751,10.75,4.6875,0.030969,0.0,0.834037,0.75875,0.075287,0.847202,{'public_balanced': 16}
226,0.09175,1.0,public_balanced,0.7,0.05,0.0,0.02,0.1,0.05,0.04,0.8,0.84,0.58,0.72,20.0,8.0,0.5,24.0,5.0,0.68,0.78,0.5,24.0,5.0,0.68,0.78,17,0,0.118779,0.09175,8.235294,3.941176,0.0,0.0,0.941958,0.747059,0.194899,0.812861,{'public_balanced': 17},16,0,0.178918,0.117751,10.75,4.6875,0.030969,0.0,0.834037,0.75875,0.075287,0.847202,{'public_balanced': 16}
227,0.09175,1.0,public_balanced,0.7,0.05,0.0,0.02,0.2,0.05,0.04,0.8,0.84,0.58,0.72,20.0,8.0,0.5,24.0,5.0,0.68,0.78,0.5,24.0,5.0,0.68,0.78,17,0,0.118779,0.09175,8.235294,3.941176,0.0,0.0,0.941958,0.747059,0.194899,0.812861,{'public_balanced': 17},16,0,0.182014,0.117751,10.75,4.6875,0.030969,0.0,0.834037,0.75875,0.075287,0.847202,{'public_balanced': 16}
228,0.09175,1.0,public_balanced,0.7,0.05,0.01,0.0,0.02,0.05,0.04,0.8,0.84,0.58,0.72,20.0,8.0,0.5,24.0,5.0,0.68,0.78,0.5,24.0,5.0,0.68,0.78,17,0,0.113044,0.09175,8.235294,3.941176,0.0,0.0,0.941958,0.747059,0.194899,0.812861,{'public_balanced': 17},16,0,0.16899,0.113644,10.5,3.75,0.187262,0.0,0.834832,0.75875,0.076082,0.843961,{'public_balanced': 16}
229,0.09175,1.0,public_balanced,0.7,0.05,0.01,0.0,0.05,0.05,0.04,0.8,0.84,0.58,0.72,20.0,8.0,0.5,24.0,5.0,0.68,0.78,0.5,24.0,5.0,0.68,0.78,17,0,0.113044,0.09175,8.235294,3.941176,0.0,0.0,0.941958,0.747059,0.194899,0.812861,{'public_balanced': 17},16,0,0.171025,0.117751,10.75,4.6875,0.030969,0.0,0.834037,0.75875,0.075287,0.847202,{'public_balanced': 16}
230,0.09175,1.0,public_balanced,0.7,0.05,0.01,0.0,0.1,0.05,0.04,0.8,0.84,0.58,0.72,20.0,8.0,0.5,24.0,5.0,0.68,0.78,0.5,24.0,5.0,0.68,0.78,17,0,0.113044,0.09175,8.235294,3.941176,0.0,0.0,0.941958,0.747059,0.194899,0.812861,{'public_balanced': 17},16,0,0.172574,0.117751,10.75,4.6875,0.030969,0.0,0.834037,0.75875,0.075287,0.847202,{'public_balanced': 16}
231,0.09175,1.0,public_balanced,0.7,0.05,0.01,0.0,0.2,0.05,0.04,0.8,0.84,0.58,0.72,20.0,8.0,0.5,24.0,5.0,0.68,0.78,0.5,24.0,5.0,0.68,0.78,17,0,0.113044,0.09175,8.235294,3.941176,0.0,0.0,0.941958,0.747059,0.194899,0.812861,{'public_balanced': 17},16,0,0.175671,0.117751,10.75,4.6875,0.030969,0.0,0.834037,0.75875,0.075287,0.847202,{'public_balanced': 16}
232,0.09244584,1.0,public_balanced,0.7,0.05,0.01,0.01,0.02,0.05,0.04,0.8,0.84,0.58,0.72,20.0,8.0,0.5,24.0,5.0,0.68,0.78,0.5,24.0,5.0,0.68,0.78,17,0,0.117319,0.090899,8.411765,3.411765,0.038671,0.0,0.944574,0.747059,0.197515,0.812034,{'public_balanced': 17},16,0,0.173677,0.113644,10.5,3.75,0.187262,0.0,0.834832,0.75875,0.076082,0.843961,{'public_balanced': 16}
233,0.09175,1.0,public_balanced,0.7,0.05,0.01,0.01,0.05,0.05,0.04,0.8,0.84,0.58,0.72,20.0,8.0,0.5,24.0,5.0,0.68,0.78,0.5,24.0,5.0,0.68,0.78,17,0,0.117971,0.09175,8.235294,3.941176,0.0,0.0,0.941958,0.747059,0.194899,0.812861,{'public_balanced': 17},16,0,0.176885,0.117751,10.75,4.6875,0.030969,0.0,0.834037,0.75875,0.075287,0.847202,{'public_balanced': 16}
234,0.09175,1.0,public_balanced,0.7,0.05,0.01,0.01,0.1,0.05,0.04,0.8,0.84,0.58,0.72,20.0,8.0,0.5,24.0,5.0,0.68,0.78,0.5,24.0,5.0,0.68,0.78,17,0,0.117971,0.09175,8.235294,3.941176,0.0,0.0,0.941958,0.747059,0.194899,0.812861,{'public_balanced': 17},16,0,0.178433,0.117751,10.75,4.6875,0.030969,0.0,0.834037,0.75875,0.075287,0.847202,{'public_balanced': 16}
235,0.09175,1.0,public_balanced,0.7,0.05,0.01,0.01,0.2,0.05,0.04,0.8,0.84,0.58,0.72,20.0,8.0,0.5,24.0,5.0,0.68,0.78,0.5,24.0,5.0,0.68,0.78,17,0,0.117971,0.09175,8.235294,3.941176,0.0,0.0,0.941958,0.747059,0.194899,0.812861,{'public_balanced': 17},16,0,0.18153,0.117751,10.75,4.6875,0.030969,0.0,0.834037,0.75875,0.075287,0.847202,{'public_balanced': 16}
236,0.09244584,1.0,public_balanced,0.7,0.05,0.01,0.02,0.02,0.05,0.04,0.8,0.84,0.58,0.72,20.0,8.0,0.5,24.0,5.0,0.68,0.78,0.5,24.0,5.0,0.68,0.78,17,0,0.121584,0.090899,8.411765,3.411765,0.038671,0.0,0.944574,0.747059,0.197515,0.812034,{'public_balanced': 17},16,0,0.178365,0.113644,10.5,3.75,0.187262,0.0,0.834832,0.75875,0.076082,0.843961,{'public_balanced': 16}
237,0.09244584,1.0,public_balanced,0.7,0.05,0.01,0.02,0.05,0.05,0.04,0.8,0.84,0.58,0.72,20.0,8.0,0.5,24.0,5.0,0.68,0.78,0.5,24.0,5.0,0.68,0.78,17,0,0.122744,0.090899,8.411765,3.411765,0.038671,0.0,0.944574,0.747059,0.197515,0.812034,{'public_balanced': 17},16,0,0.182744,0.117751,10.75,4.6875,0.030969,0.0,0.834037,0.75875,0.075287,0.847202,{'public_balanced': 16}
238,0.09175,1.0,public_balanced,0.7,0.05,0.01,0.02,0.1,0.05,0.04,0.8,0.84,0.58,0.72,20.0,8.0,0.5,24.0,5.0,0.68,0.78,0.5,24.0,5.0,0.68,0.78,17,0,0.122897,0.09175,8.235294,3.941176,0.0,0.0,0.941958,0.747059,0.194899,0.812861,{'public_balanced': 17},16,0,0.184293,0.117751,10.75,4.6875,0.030969,0.0,0.834037,0.75875,0.075287,0.847202,{'public_balanced': 16}
239,0.09175,1.0,public_balanced,0.7,0.05,0.01,0.02,0.2,0.05,0.04,0.8,0.84,0.58,0.72,20.0,8.0,0.5,24.0,5.0,0.68,0.78,0.5,24.0,5.0,0.68,0.78,17,0,0.122897,0.09175,8.235294,3.941176,0.0,0.0,0.941958,0.747059,0.194899,0.812861,{'public_balanced': 17},16,0,0.187389,0.117751,10.75,4.6875,0.030969,0.0,0.834037,0.75875,0.075287,0.847202,{'public_balanced': 16}
240,0.09175,1.0,public_balanced,0.7,0.05,0.02,0.0,0.02,0.05,0.04,0.8,0.84,0.58,0.72,20.0,8.0,0.5,24.0,5.0,0.68,0.78,0.5,24.0,5.0,0.68,0.78,17,0,0.117162,0.09175,8.235294,3.941176,0.0,0.0,0.941958,0.747059,0.194899,0.812861,{'public_balanced': 17},16,0,0.17424,0.113644,10.5,3.75,0.187262,0.0,0.834832,0.75875,0.076082,0.843961,{'public_balanced': 16}
241,0.09175,1.0,public_balanced,0.7,0.05,0.02,0.0,0.05,0.05,0.04,0.8,0.84,0.58,0.72,20.0,8.0,0.5,24.0,5.0,0.68,0.78,0.5,24.0,5.0,0.68,0.78,17,0,0.117162,0.09175,8.235294,3.941176,0.0,0.0,0.941958,0.747059,0.194899,0.812861,{'public_balanced': 17},16,0,0.1764,0.117751,10.75,4.6875,0.030969,0.0,0.834037,0.75875,0.075287,0.847202,{'public_balanced': 16}
242,0.09175,1.0,public_balanced,0.7,0.05,0.02,0.0,0.1,0.05,0.04,0.8,0.84,0.58,0.72,20.0,8.0,0.5,24.0,5.0,0.68,0.78,0.5,24.0,5.0,0.68,0.78,17,0,0.117162,0.09175,8.235294,3.941176,0.0,0.0,0.941958,0.747059,0.194899,0.812861,{'public_balanced': 17},16,0,0.177949,0.117751,10.75,4.6875,0.030969,0.0,0.834037,0.75875,0.075287,0.847202,{'public_balanced': 16}
243,0.09175,1.0,public_balanced,0.7,0.05,0.02,0.0,0.2,0.05,0.04,0.8,0.84,0.58,0.72,20.0,8.0,0.5,24.0,5.0,0.68,0.78,0.5,24.0,5.0,0.68,0.78,17,0,0.117162,0.09175,8.235294,3.941176,0.0,0.0,0.941958,0.747059,0.194899,0.812861,{'public_balanced': 17},16,0,0.181046,0.117751,10.75,4.6875,0.030969,0.0,0.834037,0.75875,0.075287,0.847202,{'public_balanced': 16}
244,0.09244584,1.0,public_balanced,0.7,0.05,0.02,0.01,0.02,0.05,0.04,0.8,0.84,0.58,0.72,20.0,8.0,0.5,24.0,5.0,0.68,0.78,0.5,24.0,5.0,0.68,0.78,17,0,0.121525,0.090899,8.411765,3.411765,0.038671,0.0,0.944574,0.747059,0.197515,0.812034,{'public_balanced': 17},16,0,0.178927,0.113644,10.5,3.75,0.187262,0.0,0.834832,0.75875,0.076082,0.843961,{'public_balanced': 16}
245,0.09175,1.0,public_balanced,0.7,0.05,0.02,0.01,0.05,0.05,0.04,0.8,0.84,0.58,0.72,20.0,8.0,0.5,24.0,5.0,0.68,0.78,0.5,24.0,5.0,0.68,0.78,17,0,0.122088,0.09175,8.235294,3.941176,0.0,0.0,0.941958,0.747059,0.194899,0.812861,{'public_balanced': 17},16,0,0.18226,0.117751,10.75,4.6875,0.030969,0.0,0.834037,0.75875,0.075287,0.847202,{'public_balanced': 16}
246,0.09175,1.0,public_balanced,0.7,0.05,0.02,0.01,0.1,0.05,0.04,0.8,0.84,0.58,0.72,20.0,8.0,0.5,24.0,5.0,0.68,0.78,0.5,24.0,5.0,0.68,0.78,17,0,0.122088,0.09175,8.235294,3.941176,0.0,0.0,0.941958,0.747059,0.194899,0.812861,{'public_balanced': 17},16,0,0.183808,0.117751,10.75,4.6875,0.030969,0.0,0.834037,0.75875,0.075287,0.847202,{'public_balanced': 16}
247,0.09175,1.0,public_balanced,0.7,0.05,0.02,0.01,0.2,0.05,0.04,0.8,0.84,0.58,0.72,20.0,8.0,0.5,24.0,5.0,0.68,0.78,0.5,24.0,5.0,0.68,0.78,17,0,0.122088,0.09175,8.235294,3.941176,0.0,0.0,0.941958,0.747059,0.194899,0.812861,{'public_balanced': 17},16,0,0.186905,0.117751,10.75,4.6875,0.030969,0.0,0.834037,0.75875,0.075287,0.847202,{'public_balanced': 16}
248,0.09244584,1.0,public_balanced,0.7,0.05,0.02,0.02,0.02,0.05,0.04,0.8,0.84,0.58,0.72,20.0,8.0,0.5,24.0,5.0,0.68,0.78,0.5,24.0,5.0,0.68,0.78,17,0,0.12579,0.090899,8.411765,3.411765,0.038671,0.0,0.944574,0.747059,0.197515,0.812034,{'public_balanced': 17},16,0,0.183615,0.113644,10.5,3.75,0.187262,0.0,0.834832,0.75875,0.076082,0.843961,{'public_balanced': 16}
249,0.09244584,1.0,public_balanced,0.7,0.05,0.02,0.02,0.05,0.05,0.04,0.8,0.84,0.58,0.72,20.0,8.0,0.5,24.0,5.0,0.68,0.78,0.5,24.0,5.0,0.68,0.78,17,0,0.12695,0.090899,8.411765,3.411765,0.038671,0.0,0.944574,0.747059,0.197515,0.812034,{'public_balanced': 17},16,0,0.188119,0.117751,10.75,4.6875,0.030969,0.0,0.834037,0.75875,0.075287,0.847202,{'public_balanced': 16}
250,0.09175,1.0,public_balanced,0.7,0.05,0.02,0.02,0.1,0.05,0.04,0.8,0.84,0.58,0.72,20.0,8.0,0.5,24.0,5.0,0.68,0.78,0.5,24.0,5.0,0.68,0.78,17,0,0.127015,0.09175,8.235294,3.941176,0.0,0.0,0.941958,0.747059,0.194899,0.812861,{'public_balanced': 17},16,0,0.189668,0.117751,10.75,4.6875,0.030969,0.0,0.834037,0.75875,0.075287,0.847202,{'public_balanced': 16}
251,0.09175,1.0,public_balanced,0.7,0.05,0.02,0.02,0.2,0.05,0.04,0.8,0.84,0.58,0.72,20.0,8.0,0.5,24.0,5.0,0.68,0.78,0.5,24.0,5.0,0.68,0.78,17,0,0.127015,0.09175,8.235294,3.941176,0.0,0.0,0.941958,0.747059,0.194899,0.812861,{'public_balanced': 17},16,0,0.192764,0.117751,10.75,4.6875,0.030969,0.0,0.834037,0.75875,0.075287,0.847202,{'public_balanced': 16}
252,0.09294284,1.0,public_balanced,0.7,0.15,0.0,0.0,0.02,0.05,0.04,0.8,0.84,0.58,0.72,20.0,8.0,0.5,24.0,5.0,0.68,0.78,0.5,24.0,5.0,0.68,0.78,17,0,0.110841,0.091396,8.470588,3.411765,0.038671,0.0,0.922293,0.747059,0.175234,0.829168,{'public_balanced': 17},16,0,0.164896,0.121364,11.25,3.875,0.218231,0.0,0.854272,0.75875,0.095522,0.839188,{'public_balanced': 16}
253,0.092247,1.0,public_balanced,0.7,0.15,0.0,0.0,0.05,0.05,0.04,0.8,0.84,0.58,0.72,20.0,8.0,0.5,24.0,5.0,0.68,0.78,0.5,24.0,5.0,0.68,0.78,17,0,0.110919,0.092247,8.294118,3.941176,0.0,0.0,0.919677,0.747059,0.172618,0.829994,{'public_balanced': 17},16,0,0.166828,0.117751,10.75,4.6875,0.030969,0.0,0.834037,0.75875,0.075287,0.847202,{'public_balanced': 16}
254,0.092247,1.0,public_balanced,0.7,0.15,0.0,0.0,0.1,0.05,0.04,0.8,0.84,0.58,0.72,20.0,8.0,0.5,24.0,5.0,0.68,0.78,0.5,24.0,5.0,0.68,0.78,17,0,0.110919,0.092247,8.294118,3.941176,0.0,0.0,0.919677,0.747059,0.172618,0.829994,{'public_balanced': 17},16,0,0.168376,0.117751,10.75,4.6875,0.030969,0.0,0.834037,0.75875,0.075287,0.847202,{'public_balanced': 16}
255,0.092247,1.0,public_balanced,0.7,0.15,0.0,0.0,0.2,0.05,0.04,0.8,0.84,0.58,0.72,20.0,8.0,0.5,24.0,5.0,0.68,0.78,0.5,24.0,5.0,0.68,0.78,17,0,0.110919,0.092247,8.294118,3.941176,0.0,0.0,0.919677,0.747059,0.172618,0.829994,{'public_balanced': 17},16,0,0.171473,0.117751,10.75,4.6875,0.030969,0.0,0.834037,0.75875,0.075287,0.847202,{'public_balanced': 16}
256,0.09294284,1.0,public_balanced,0.7,0.15,0.0,0.01,0.02,0.05,0.04,0.8,0.84,0.58,0.72,20.0,8.0,0.5,24.0,5.0,0.68,0.78,0.5,24.0,5.0,0.68,0.78,17,0,0.115105,0.091396,8.470588,3.411765,0.038671,0.0,0.922293,0.747059,0.175234,0.829168,{'public_balanced': 17},16,0,0.169605,0.113644,10.5,3.75,0.187262,0.0,0.834832,0.75875,0.076082,0.843961,{'public_balanced': 16}
257,0.092247,1.0,public_balanced,0.7,0.15,0.0,0.01,0.05,0.05,0.04,0.8,0.84,0.58,0.72,20.0,8.0,0.5,24.0,5.0,0.68,0.78,0.5,24.0,5.0,0.68,0.78,17,0,0.115845,0.092247,8.294118,3.941176,0.0,0.0,0.919677,0.747059,0.172618,0.829994,{'public_balanced': 17},16,0,0.172687,0.117751,10.75,4.6875,0.030969,0.0,0.834037,0.75875,0.075287,0.847202,{'public_balanced': 16}
258,0.092247,1.0,public_balanced,0.7,0.15,0.0,0.01,0.1,0.05,0.04,0.8,0.84,0.58,0.72,20.0,8.0,0.5,24.0,5.0,0.68,0.78,0.5,24.0,5.0,0.68,0.78,17,0,0.115845,0.092247,8.294118,3.941176,0.0,0.0,0.919677,0.747059,0.172618,0.829994,{'public_balanced': 17},16,0,0.174236,0.117751,10.75,4.6875,0.030969,0.0,0.834037,0.75875,0.075287,0.847202,{'public_balanced': 16}
259,0.092247,1.0,public_balanced,0.7,0.15,0.0,0.01,0.2,0.05,0.04,0.8,0.84,0.58,0.72,20.0,8.0,0.5,24.0,5.0,0.68,0.78,0.5,24.0,5.0,0.68,0.78,17,0,0.115845,0.092247,8.294118,3.941176,0.0,0.0,0.919677,0.747059,0.172618,0.829994,{'public_balanced': 17},16,0,0.177332,0.117751,10.75,4.6875,0.030969,0.0,0.834037,0.75875,0.075287,0.847202,{'public_balanced': 16}
260,0.09294284,1.0,public_balanced,0.7,0.15,0.0,0.02,0.02,0.05,0.04,0.8,0.84,0.58,0.72,20.0,8.0,0.5,24.0,5.0,0.68,0.78,0.5,24.0,5.0,0.68,0.78,17,0,0.11937,0.091396,8.470588,3.411765,0.038671,0.0,0.922293,0.747059,0.175234,0.829168,{'public_balanced': 17},16,0,0.174292,0.113644,10.5,3.75,0.187262,0.0,0.834832,0.75875,0.076082,0.843961,{'public_balanced': 16}
261,0.09294284,1.0,public_balanced,0.7,0.15,0.0,0.02,0.05,0.05,0.04,0.8,0.84,0.58,0.72,20.0,8.0,0.5,24.0,5.0,0.68,0.78,0.5,24.0,5.0,0.68,0.78,17,0,0.12053,0.091396,8.470588,3.411765,0.038671,0.0,0.922293,0.747059,0.175234,0.829168,{'public_balanced': 17},16,0,0.178547,0.117751,10.75,4.6875,0.030969,0.0,0.834037,0.75875,0.075287,0.847202,{'public_balanced': 16}
262,0.092247,1.0,public_balanced,0.7,0.15,0.0,0.02,0.1,0.05,0.04,0.8,0.84,0.58,0.72,20.0,8.0,0.5,24.0,5.0,0.68,0.78,0.5,24.0,5.0,0.68,0.78,17,0,0.120771,0.092247,8.294118,3.941176,0.0,0.0,0.919677,0.747059,0.172618,0.829994,{'public_balanced': 17},16,0,0.180095,0.117751,10.75,4.6875,0.030969,0.0,0.834037,0.75875,0.075287,0.847202,{'public_balanced': 16}
263,0.092247,1.0,public_balanced,0.7,0.15,0.0,0.02,0.2,0.05,0.04,0.8,0.84,0.58,0.72,20.0,8.0,0.5,24.0,5.0,0.68,0.78,0.5,24.0,5.0,0.68,0.78,17,0,0.120771,0.092247,8.294118,3.941176,0.0,0.0,0.919677,0.747059,0.172618,0.829994,{'public_balanced': 17},16,0,0.183192,0.117751,10.75,4.6875,0.030969,0.0,0.834037,0.75875,0.075287,0.847202,{'public_balanced': 16}
264,0.092247,1.0,public_balanced,0.7,0.15,0.01,0.0,0.02,0.05,0.04,0.8,0.84,0.58,0.72,20.0,8.0,0.5,24.0,5.0,0.68,0.78,0.5,24.0,5.0,0.68,0.78,17,0,0.115066,0.092247,8.294118,3.941176,0.0,0.0,0.919677,0.747059,0.172618,0.829994,{'public_balanced': 17},16,0,0.170167,0.113644,10.5,3.75,0.187262,0.0,0.834832,0.75875,0.076082,0.843961,{'public_balanced': 16}
265,0.092247,1.0,public_balanced,0.7,0.15,0.01,0.0,0.05,0.05,0.04,0.8,0.84,0.58,0.72,20.0,8.0,0.5,24.0,5.0,0.68,0.78,0.5,24.0,5.0,0.68,0.78,17,0,0.115066,0.092247,8.294118,3.941176,0.0,0.0,0.919677,0.747059,0.172618,0.829994,{'public_balanced': 17},16,0,0.172203,0.117751,10.75,4.6875,0.030969,0.0,0.834037,0.75875,0.075287,0.847202,{'public_balanced': 16}
266,0.092247,1.0,public_balanced,0.7,0.15,0.01,0.0,0.1,0.05,0.04,0.8,0.84,0.58,0.72,20.0,8.0,0.5,24.0,5.0,0.68,0.78,0.5,24.0,5.0,0.68,0.78,17,0,0.115066,0.092247,8.294118,3.941176,0.0,0.0,0.919677,0.747059,0.172618,0.829994,{'public_balanced': 17},16,0,0.173751,0.117751,10.75,4.6875,0.030969,0.0,0.834037,0.75875,0.075287,0.847202,{'public_balanced': 16}
267,0.092247,1.0,public_balanced,0.7,0.15,0.01,0.0,0.2,0.05,0.04,0.8,0.84,0.58,0.72,20.0,8.0,0.5,24.0,5.0,0.68,0.78,0.5,24.0,5.0,0.68,0.78,17,0,0.115066,0.092247,8.294118,3.941176,0.0,0.0,0.919677,0.747059,0.172618,0.829994,{'public_balanced': 17},16,0,0.176848,0.117751,10.75,4.6875,0.030969,0.0,0.834037,0.75875,0.075287,0.847202,{'public_balanced': 16}
268,0.09294284,1.0,public_balanced,0.7,0.15,0.01,0.01,0.02,0.05,0.04,0.8,0.84,0.58,0.72,20.0,8.0,0.5,24.0,5.0,0.68,0.78,0.5,24.0,5.0,0.68,0.78,17,0,0.119341,0.091396,8.470588,3.411765,0.038671,0.0,0.922293,0.747059,0.175234,0.829168,{'public_balanced': 17},16,0,0.174855,0.113644,10.5,3.75,0.187262,0.0,0.834832,0.75875,0.076082,0.843961,{'public_balanced': 16}
269,0.092247,1.0,public_balanced,0.7,0.15,0.01,0.01,0.05,0.05,0.04,0.8,0.84,0.58,0.72,20.0,8.0,0.5,24.0,5.0,0.68,0.78,0.5,24.0,5.0,0.68,0.78,17,0,0.119992,0.092247,8.294118,3.941176,0.0,0.0,0.919677,0.747059,0.172618,0.829994,{'public_balanced': 17},16,0,0.178062,0.117751,10.75,4.6875,0.030969,0.0,0.834037,0.75875,0.075287,0.847202,{'public_balanced': 16}
270,0.092247,1.0,public_balanced,0.7,0.15,0.01,0.01,0.1,0.05,0.04,0.8,0.84,0.58,0.72,20.0,8.0,0.5,24.0,5.0,0.68,0.78,0.5,24.0,5.0,0.68,0.78,17,0,0.119992,0.092247,8.294118,3.941176,0.0,0.0,0.919677,0.747059,0.172618,0.829994,{'public_balanced': 17},16,0,0.179611,0.117751,10.75,4.6875,0.030969,0.0,0.834037,0.75875,0.075287,0.847202,{'public_balanced': 16}
271,0.092247,1.0,public_balanced,0.7,0.15,0.01,0.01,0.2,0.05,0.04,0.8,0.84,0.58,0.72,20.0,8.0,0.5,24.0,5.0,0.68,0.78,0.5,24.0,5.0,0.68,0.78,17,0,0.119992,0.092247,8.294118,3.941176,0.0,0.0,0.919677,0.747059,0.172618,0.829994,{'public_balanced': 17},16,0,0.182707,0.117751,10.75,4.6875,0.030969,0.0,0.834037,0.75875,0.075287,0.847202,{'public_balanced': 16}
272,0.09294284,1.0,public_balanced,0.7,0.15,0.01,0.02,0.02,0.05,0.04,0.8,0.84,0.58,0.72,20.0,8.0,0.5,24.0,5.0,0.68,0.78,0.5,24.0,5.0,0.68,0.78,17,0,0.123605,0.091396,8.470588,3.411765,0.038671,0.0,0.922293,0.747059,0.175234,0.829168,{'public_balanced': 17},16,0,0.179542,0.113644,10.5,3.75,0.187262,0.0,0.834832,0.75875,0.076082,0.843961,{'public_balanced': 16}
273,0.09294284,1.0,public_balanced,0.7,0.15,0.01,0.02,0.05,0.05,0.04,0.8,0.84,0.58,0.72,20.0,8.0,0.5,24.0,5.0,0.68,0.78,0.5,24.0,5.0,0.68,0.78,17,0,0.124766,0.091396,8.470588,3.411765,0.038671,0.0,0.922293,0.747059,0.175234,0.829168,{'public_balanced': 17},16,0,0.183922,0.117751,10.75,4.6875,0.030969,0.0,0.834037,0.75875,0.075287,0.847202,{'public_balanced': 16}
274,0.092247,1.0,public_balanced,0.7,0.15,0.01,0.02,0.1,0.05,0.04,0.8,0.84,0.58,0.72,20.0,8.0,0.5,24.0,5.0,0.68,0.78,0.5,24.0,5.0,0.68,0.78,17,0,0.124919,0.092247,8.294118,3.941176,0.0,0.0,0.919677,0.747059,0.172618,0.829994,{'public_balanced': 17},16,0,0.18547,0.117751,10.75,4.6875,0.030969,0.0,0.834037,0.75875,0.075287,0.847202,{'public_balanced': 16}
275,0.092247,1.0,public_balanced,0.7,0.15,0.01,0.02,0.2,0.05,0.04,0.8,0.84,0.58,0.72,20.0,8.0,0.5,24.0,5.0,0.68,0.78,0.5,24.0,5.0,0.68,0.78,17,0,0.124919,0.092247,8.294118,3.941176,0.0,0.0,0.919677,0.747059,0.172618,0.829994,{'public_balanced': 17},16,0,0.188567,0.117751,10.75,4.6875,0.030969,0.0,0.834037,0.75875,0.075287,0.847202,{'public_balanced': 16}
276,0.092247,1.0,public_balanced,0.7,0.15,0.02,0.0,0.02,0.05,0.04,0.8,0.84,0.58,0.72,20.0,8.0,0.5,24.0,5.0,0.68,0.78,0.5,24.0,5.0,0.68,0.78,17,0,0.119213,0.092247,8.294118,3.941176,0.0,0.0,0.919677,0.747059,0.172618,0.829994,{'public_balanced': 17},16,0,0.175417,0.113644,10.5,3.75,0.187262,0.0,0.834832,0.75875,0.076082,0.843961,{'public_balanced': 16}
277,0.092247,1.0,public_balanced,0.7,0.15,0.02,0.0,0.05,0.05,0.04,0.8,0.84,0.58,0.72,20.0,8.0,0.5,24.0,5.0,0.68,0.78,0.5,24.0,5.0,0.68,0.78,17,0,0.119213,0.092247,8.294118,3.941176,0.0,0.0,0.919677,0.747059,0.172618,0.829994,{'public_balanced': 17},16,0,0.177578,0.117751,10.75,4.6875,0.030969,0.0,0.834037,0.75875,0.075287,0.847202,{'public_balanced': 16}
278,0.092247,1.0,public_balanced,0.7,0.15,0.02,0.0,0.1,0.05,0.04,0.8,0.84,0.58,0.72,20.0,8.0,0.5,24.0,5.0,0.68,0.78,0.5,24.0,5.0,0.68,0.78,17,0,0.119213,0.092247,8.294118,3.941176,0.0,0.0,0.919677,0.747059,0.172618,0.829994,{'public_balanced': 17},16,0,0.179126,0.117751,10.75,4.6875,0.030969,0.0,0.834037,0.75875,0.075287,0.847202,{'public_balanced': 16}
279,0.092247,1.0,public_balanced,0.7,0.15,0.02,0.0,0.2,0.05,0.04,0.8,0.84,0.58,0.72,20.0,8.0,0.5,24.0,5.0,0.68,0.78,0.5,24.0,5.0,0.68,0.78,17,0,0.119213,0.092247,8.294118,3.941176,0.0,0.0,0.919677,0.747059,0.172618,0.829994,{'public_balanced': 17},16,0,0.182223,0.117751,10.75,4.6875,0.030969,0.0,0.834037,0.75875,0.075287,0.847202,{'public_balanced': 16}
280,0.09294284,1.0,public_balanced,0.7,0.15,0.02,0.01,0.02,0.05,0.04,0.8,0.84,0.58,0.72,20.0,8.0,0.5,24.0,5.0,0.68,0.78,0.5,24.0,5.0,0.68,0.78,17,0,0.123576,0.091396,8.470588,3.411765,0.038671,0.0,0.922293,0.747059,0.175234,0.829168,{'public_balanced': 17},16,0,0.180105,0.113644,10.5,3.75,0.187262,0.0,0.834832,0.75875,0.076082,0.843961,{'public_balanced': 16}
281,0.092247,1.0,public_balanced,0.7,0.15,0.02,0.01,0.05,0.05,0.04,0.8,0.84,0.58,0.72,20.0,8.0,0.5,24.0,5.0,0.68,0.78,0.5,24.0,5.0,0.68,0.78,17,0,0.124139,0.092247,8.294118,3.941176,0.0,0.0,0.919677,0.747059,0.172618,0.829994,{'public_balanced': 17},16,0,0.183437,0.117751,10.75,4.6875,0.030969,0.0,0.834037,0.75875,0.075287,0.847202,{'public_balanced': 16}
282,0.092247,1.0,public_balanced,0.7,0.15,0.02,0.01,0.1,0.05,0.04,0.8,0.84,0.58,0.72,20.0,8.0,0.5,24.0,5.0,0.68,0.78,0.5,24.0,5.0,0.68,0.78,17,0,0.124139,0.092247,8.294118,3.941176,0.0,0.0,0.919677,0.747059,0.172618,0.829994,{'public_balanced': 17},16,0,0.184986,0.117751,10.75,4.6875,0.030969,0.0,0.834037,0.75875,0.075287,0.847202,{'public_balanced': 16}
283,0.092247,1.0,public_balanced,0.7,0.15,0.02,0.01,0.2,0.05,0.04,0.8,0.84,0.58,0.72,20.0,8.0,0.5,24.0,5.0,0.68,0.78,0.5,24.0,5.0,0.68,0.78,17,0,0.124139,0.092247,8.294118,3.941176,0.0,0.0,0.919677,0.747059,0.172618,0.829994,{'public_balanced': 17},16,0,0.188082,0.117751,10.75,4.6875,0.030969,0.0,0.834037,0.75875,0.075287,0.847202,{'public_balanced': 16}
284,0.09294284,1.0,public_balanced,0.7,0.15,0.02,0.02,0.02,0.05,0.04,0.8,0.84,0.58,0.72,20.0,8.0,0.5,24.0,5.0,0.68,0.78,0.5,24.0,5.0,0.68,0.78,17,0,0.127841,0.091396,8.470588,3.411765,0.038671,0.0,0.922293,0.747059,0.175234,0.829168,{'public_balanced': 17},16,0,0.184792,0.113644,10.5,3.75,0.187262,0.0,0.834832,0.75875,0.076082,0.843961,{'public_balanced': 16}
285,0.09294284,1.0,public_balanced,0.7,0.15,0.02,0.02,0.05,0.05,0.04,0.8,0.84,0.58,0.72,20.0,8.0,0.5,24.0,5.0,0.68,0.78,0.5,24.0,5.0,0.68,0.78,17,0,0.129001,0.091396,8.470588,3.411765,0.038671,0.0,0.922293,0.747059,0.175234,0.829168,{'public_balanced': 17},16,0,0.189297,0.117751,10.75,4.6875,0.030969,0.0,0.834037,0.75875,0.075287,0.847202,{'public_balanced': 16}
286,0.092247,1.0,public_balanced,0.7,0.15,0.02,0.02,0.1,0.05,0.04,0.8,0.84,0.58,0.72,20.0,8.0,0.5,24.0,5.0,0.68,0.78,0.5,24.0,5.0,0.68,0.78,17,0,0.129066,0.092247,8.294118,3.941176,0.0,0.0,0.919677,0.747059,0.172618,0.829994,{'public_balanced': 17},16,0,0.190845,0.117751,10.75,4.6875,0.030969,0.0,0.834037,0.75875,0.075287,0.847202,{'public_balanced': 16}
287,0.092247,1.0,public_balanced,0.7,0.15,0.02,0.02,0.2,0.05,0.04,0.8,0.84,0.58,0.72,20.0,8.0,0.5,24.0,5.0,0.68,0.78,0.5,24.0,5.0,0.68,0.78,17,0,0.129066,0.092247,8.294118,3.941176,0.0,0.0,0.919677,0.747059,0.172618,0.829994,{'public_balanced': 17},16,0,0.193942,0.117751,10.75,4.6875,0.030969,0.0,0.834037,0.75875,0.075287,0.847202,{'public_balanced': 16}
288,0.09294284,1.0,public_balanced,0.7,0.3,0.0,0.0,0.02,0.05,0.04,0.8,0.84,0.58,0.72,20.0,8.0,0.5,24.0,5.0,0.68,0.78,0.5,24.0,5.0,0.68,0.78,17,0,0.113408,0.091396,8.470588,3.411765,0.038671,0.0,0.922293,0.747059,0.175234,0.829168,{'public_balanced': 17},16,0,0.166662,0.121364,11.25,3.875,0.218231,0.0,0.854272,0.75875,0.095522,0.839188,{'public_balanced': 16}
289,0.092247,1.0,public_balanced,0.7,0.3,0.0,0.0,0.05,0.05,0.04,0.8,0.84,0.58,0.72,20.0,8.0,0.5,24.0,5.0,0.68,0.78,0.5,24.0,5.0,0.68,0.78,17,0,0.113486,0.092247,8.294118,3.941176,0.0,0.0,0.919677,0.747059,0.172618,0.829994,{'public_balanced': 17},16,0,0.168594,0.117751,10.75,4.6875,0.030969,0.0,0.834037,0.75875,0.075287,0.847202,{'public_balanced': 16}
290,0.092247,1.0,public_balanced,0.7,0.3,0.0,0.0,0.1,0.05,0.04,0.8,0.84,0.58,0.72,20.0,8.0,0.5,24.0,5.0,0.68,0.78,0.5,24.0,5.0,0.68,0.78,17,0,0.113486,0.092247,8.294118,3.941176,0.0,0.0,0.919677,0.747059,0.172618,0.829994,{'public_balanced': 17},16,0,0.170142,0.117751,10.75,4.6875,0.030969,0.0,0.834037,0.75875,0.075287,0.847202,{'public_balanced': 16}
291,0.092247,1.0,public_balanced,0.7,0.3,0.0,0.0,0.2,0.05,0.04,0.8,0.84,0.58,0.72,20.0,8.0,0.5,24.0,5.0,0.68,0.78,0.5,24.0,5.0,0.68,0.78,17,0,0.113486,0.092247,8.294118,3.941176,0.0,0.0,0.919677,0.747059,0.172618,0.829994,{'public_balanced': 17},16,0,0.173239,0.117751,10.75,4.6875,0.030969,0.0,0.834037,0.75875,0.075287,0.847202,{'public_balanced': 16}
292,0.09294284,1.0,public_balanced,0.7,0.3,0.0,0.01,0.02,0.05,0.04,0.8,0.84,0.58,0.72,20.0,8.0,0.5,24.0,5.0,0.68,0.78,0.5,24.0,5.0,0.68,0.78,17,0,0.117673,0.091396,8.470588,3.411765,0.038671,0.0,0.922293,0.747059,0.175234,0.829168,{'public_balanced': 17},16,0,0.171371,0.113644,10.5,3.75,0.187262,0.0,0.834832,0.75875,0.076082,0.843961,{'public_balanced': 16}
293,0.092247,1.0,public_balanced,0.7,0.3,0.0,0.01,0.05,0.05,0.04,0.8,0.84,0.58,0.72,20.0,8.0,0.5,24.0,5.0,0.68,0.78,0.5,24.0,5.0,0.68,0.78,17,0,0.118413,0.092247,8.294118,3.941176,0.0,0.0,0.919677,0.747059,0.172618,0.829994,{'public_balanced': 17},16,0,0.174453,0.117751,10.75,4.6875,0.030969,0.0,0.834037,0.75875,0.075287,0.847202,{'public_balanced': 16}
294,0.092247,1.0,public_balanced,0.7,0.3,0.0,0.01,0.1,0.05,0.04,0.8,0.84,0.58,0.72,20.0,8.0,0.5,24.0,5.0,0.68,0.78,0.5,24.0,5.0,0.68,0.78,17,0,0.118413,0.092247,8.294118,3.941176,0.0,0.0,0.919677,0.747059,0.172618,0.829994,{'public_balanced': 17},16,0,0.176002,0.117751,10.75,4.6875,0.030969,0.0,0.834037,0.75875,0.075287,0.847202,{'public_balanced': 16}
295,0.092247,1.0,public_balanced,0.7,0.3,0.0,0.01,0.2,0.05,0.04,0.8,0.84,0.58,0.72,20.0,8.0,0.5,24.0,5.0,0.68,0.78,0.5,24.0,5.0,0.68,0.78,17,0,0.118413,0.092247,8.294118,3.941176,0.0,0.0,0.919677,0.747059,0.172618,0.829994,{'public_balanced': 17},16,0,0.179099,0.117751,10.75,4.6875,0.030969,0.0,0.834037,0.75875,0.075287,0.847202,{'public_balanced': 16}
296,0.09294284,1.0,public_balanced,0.7,0.3,0.0,0.02,0.02,0.05,0.04,0.8,0.84,0.58,0.72,20.0,8.0,0.5,24.0,5.0,0.68,0.78,0.5,24.0,5.0,0.68,0.78,17,0,0.121938,0.091396,8.470588,3.411765,0.038671,0.0,0.922293,0.747059,0.175234,0.829168,{'public_balanced': 17},16,0,0.176058,0.113644,10.5,3.75,0.187262,0.0,0.834832,0.75875,0.076082,0.843961,{'public_balanced': 16}
297,0.09294284,1.0,public_balanced,0.7,0.3,0.0,0.02,0.05,0.05,0.04,0.8,0.84,0.58,0.72,20.0,8.0,0.5,24.0,5.0,0.68,0.78,0.5,24.0,5.0,0.68,0.78,17,0,0.123098,0.091396,8.470588,3.411765,0.038671,0.0,0.922293,0.747059,0.175234,0.829168,{'public_balanced': 17},16,0,0.180313,0.117751,10.75,4.6875,0.030969,0.0,0.834037,0.75875,0.075287,0.847202,{'public_balanced': 16}
298,0.092247,1.0,public_balanced,0.7,0.3,0.0,0.02,0.1,0.05,0.04,0.8,0.84,0.58,0.72,20.0,8.0,0.5,24.0,5.0,0.68,0.78,0.5,24.0,5.0,0.68,0.78,17,0,0.123339,0.092247,8.294118,3.941176,0.0,0.0,0.919677,0.747059,0.172618,0.829994,{'public_balanced': 17},16,0,0.181861,0.117751,10.75,4.6875,0.030969,0.0,0.834037,0.75875,0.075287,0.847202,{'public_balanced': 16}
299,0.092247,1.0,public_balanced,0.7,0.3,0.0,0.02,0.2,0.05,0.04,0.8,0.84,0.58,0.72,20.0,8.0,0.5,24.0,5.0,0.68,0.78,0.5,24.0,5.0,0.68,0.78,17,0,0.123339,0.092247,8.294118,3.941176,0.0,0.0,0.919677,0.747059,0.172618,0.829994,{'public_balanced': 17},16,0,0.184958,0.117751,10.75,4.6875,0.030969,0.0,0.834037,0.75875,0.075287,0.847202,{'public_balanced': 16}
300,0.092247,1.0,public_balanced,0.7,0.3,0.01,0.0,0.02,0.05,0.04,0.8,0.84,0.58,0.72,20.0,8.0,0.5,24.0,5.0,0.68,0.78,0.5,24.0,5.0,0.68,0.78,17,0,0.117633,0.092247,8.294118,3.941176,0.0,0.0,0.919677,0.747059,0.172618,0.829994,{'public_balanced': 17},16,0,0.171933,0.113644,10.5,3.75,0.187262,0.0,0.834832,0.75875,0.076082,0.843961,{'public_balanced': 16}
301,0.092247,1.0,public_balanced,0.7,0.3,0.01,0.0,0.05,0.05,0.04,0.8,0.84,0.58,0.72,20.0,8.0,0.5,24.0,5.0,0.68,0.78,0.5,24.0,5.0,0.68,0.78,17,0,0.117633,0.092247,8.294118,3.941176,0.0,0.0,0.919677,0.747059,0.172618,0.829994,{'public_balanced': 17},16,0,0.173969,0.117751,10.75,4.6875,0.030969,0.0,0.834037,0.75875,0.075287,0.847202,{'public_balanced': 16}
302,0.092247,1.0,public_balanced,0.7,0.3,0.01,0.0,0.1,0.05,0.04,0.8,0.84,0.58,0.72,20.0,8.0,0.5,24.0,5.0,0.68,0.78,0.5,24.0,5.0,0.68,0.78,17,0,0.117633,0.092247,8.294118,3.941176,0.0,0.0,0.919677,0.747059,0.172618,0.829994,{'public_balanced': 17},16,0,0.175517,0.117751,10.75,4.6875,0.030969,0.0,0.834037,0.75875,0.075287,0.847202,{'public_balanced': 16}
303,0.092247,1.0,public_balanced,0.7,0.3,0.01,0.0,0.2,0.05,0.04,0.8,0.84,0.58,0.72,20.0,8.0,0.5,24.0,5.0,0.68,0.78,0.5,24.0,5.0,0.68,0.78,17,0,0.117633,0.092247,8.294118,3.941176,0.0,0.0,0.919677,0.747059,0.172618,0.829994,{'public_balanced': 17},16,0,0.178614,0.117751,10.75,4.6875,0.030969,0.0,0.834037,0.75875,0.075287,0.847202,{'public_balanced': 16}
304,0.09294284,1.0,public_balanced,0.7,0.3,0.01,0.01,0.02,0.05,0.04,0.8,0.84,0.58,0.72,20.0,8.0,0.5,24.0,5.0,0.68,0.78,0.5,24.0,5.0,0.68,0.78,17,0,0.121908,0.091396,8.470588,3.411765,0.038671,0.0,0.922293,0.747059,0.175234,0.829168,{'public_balanced': 17},16,0,0.176621,0.113644,10.5,3.75,0.187262,0.0,0.834832,0.75875,0.076082,0.843961,{'public_balanced': 16}
305,0.092247,1.0,public_balanced,0.7,0.3,0.01,0.01,0.05,0.05,0.04,0.8,0.84,0.58,0.72,20.0,8.0,0.5,24.0,5.0,0.68,0.78,0.5,24.0,5.0,0.68,0.78,17,0,0.12256,0.092247,8.294118,3.941176,0.0,0.0,0.919677,0.747059,0.172618,0.829994,{'public_balanced': 17},16,0,0.179828,0.117751,10.75,4.6875,0.030969,0.0,0.834037,0.75875,0.075287,0.847202,{'public_balanced': 16}
306,0.092247,1.0,public_balanced,0.7,0.3,0.01,0.01,0.1,0.05,0.04,0.8,0.84,0.58,0.72,20.0,8.0,0.5,24.0,5.0,0.68,0.78,0.5,24.0,5.0,0.68,0.78,17,0,0.12256,0.092247,8.294118,3.941176,0.0,0.0,0.919677,0.747059,0.172618,0.829994,{'public_balanced': 17},16,0,0.181377,0.117751,10.75,4.6875,0.030969,0.0,0.834037,0.75875,0.075287,0.847202,{'public_balanced': 16}
307,0.092247,1.0,public_balanced,0.7,0.3,0.01,0.01,0.2,0.05,0.04,0.8,0.84,0.58,0.72,20.0,8.0,0.5,24.0,5.0,0.68,0.78,0.5,24.0,5.0,0.68,0.78,17,0,0.12256,0.092247,8.294118,3.941176,0.0,0.0,0.919677,0.747059,0.172618,0.829994,{'public_balanced': 17},16,0,0.184474,0.117751,10.75,4.6875,0.030969,0.0,0.834037,0.75875,0.075287,0.847202,{'public_balanced': 16}
308,0.09294284,1.0,public_balanced,0.7,0.3,0.01,0.02,0.02,0.05,0.04,0.8,0.84,0.58,0.72,20.0,8.0,0.5,24.0,5.0,0.68,0.78,0.5,24.0,5.0,0.68,0.78,17,0,0.126173,0.091396,8.470588,3.411765,0.038671,0.0,0.922293,0.747059,0.175234,0.829168,{'public_balanced': 17},16,0,0.181308,0.113644,10.5,3.75,0.187262,0.0,0.834832,0.75875,0.076082,0.843961,{'public_balanced': 16}
309,0.09294284,1.0,public_balanced,0.7,0.3,0.01,0.02,0.05,0.05,0.04,0.8,0.84,0.58,0.72,20.0,8.0,0.5,24.0,5.0,0.68,0.78,0.5,24.0,5.0,0.68,0.78,17,0,0.127333,0.091396,8.470588,3.411765,0.038671,0.0,0.922293,0.747059,0.175234,0.829168,{'public_balanced': 17},16,0,0.185688,0.117751,10.75,4.6875,0.030969,0.0,0.834037,0.75875,0.075287,0.847202,{'public_balanced': 16}
310,0.092247,1.0,public_balanced,0.7,0.3,0.01,0.02,0.1,0.05,0.04,0.8,0.84,0.58,0.72,20.0,8.0,0.5,24.0,5.0,0.68,0.78,0.5,24.0,5.0,0.68,0.78,17,0,0.127486,0.092247,8.294118,3.941176,0.0,0.0,0.919677,0.747059,0.172618,0.829994,{'public_balanced': 17},16,0,0.187236,0.117751,10.75,4.6875,0.030969,0.0,0.834037,0.75875,0.075287,0.847202,{'public_balanced': 16}
311,0.092247,1.0,public_balanced,0.7,0.3,0.01,0.02,0.2,0.05,0.04,0.8,0.84,0.58,0.72,20.0,8.0,0.5,24.0,5.0,0.68,0.78,0.5,24.0,5.0,0.68,0.78,17,0,0.127486,0.092247,8.294118,3.941176,0.0,0.0,0.919677,0.747059,0.172618,0.829994,{'public_balanced': 17},16,0,0.190333,0.117751,10.75,4.6875,0.030969,0.0,0.834037,0.75875,0.075287,0.847202,{'public_balanced': 16}
312,0.092247,1.0,public_balanced,0.7,0.3,0.02,0.0,0.02,0.05,0.04,0.8,0.84,0.58,0.72,20.0,8.0,0.5,24.0,5.0,0.68,0.78,0.5,24.0,5.0,0.68,0.78,17,0,0.12178,0.092247,8.294118,3.941176,0.0,0.0,0.919677,0.747059,0.172618,0.829994,{'public_balanced': 17},16,0,0.177183,0.113644,10.5,3.75,0.187262,0.0,0.834832,0.75875,0.076082,0.843961,{'public_balanced': 16}
313,0.092247,1.0,public_balanced,0.7,0.3,0.02,0.0,0.05,0.05,0.04,0.8,0.84,0.58,0.72,20.0,8.0,0.5,24.0,5.0,0.68,0.78,0.5,24.0,5.0,0.68,0.78,17,0,0.12178,0.092247,8.294118,3.941176,0.0,0.0,0.919677,0.747059,0.172618,0.829994,{'public_balanced': 17},16,0,0.179344,0.117751,10.75,4.6875,0.030969,0.0,0.834037,0.75875,0.075287,0.847202,{'public_balanced': 16}
314,0.092247,1.0,public_balanced,0.7,0.3,0.02,0.0,0.1,0.05,0.04,0.8,0.84,0.58,0.72,20.0,8.0,0.5,24.0,5.0,0.68,0.78,0.5,24.0,5.0,0.68,0.78,17,0,0.12178,0.092247,8.294118,3.941176,0.0,0.0,0.919677,0.747059,0.172618,0.829994,{'public_balanced': 17},16,0,0.180892,0.117751,10.75,4.6875,0.030969,0.0,0.834037,0.75875,0.075287,0.847202,{'public_balanced': 16}
315,0.092247,1.0,public_balanced,0.7,0.3,0.02,0.0,0.2,0.05,0.04,0.8,0.84,0.58,0.72,20.0,8.0,0.5,24.0,5.0,0.68,0.78,0.5,24.0,5.0,0.68,0.78,17,0,0.12178,0.092247,8.294118,3.941176,0.0,0.0,0.919677,0.747059,0.172618,0.829994,{'public_balanced': 17},16,0,0.183989,0.117751,10.75,4.6875,0.030969,0.0,0.834037,0.75875,0.075287,0.847202,{'public_balanced': 16}
316,0.09294284,1.0,public_balanced,0.7,0.3,0.02,0.01,0.02,0.05,0.04,0.8,0.84,0.58,0.72,20.0,8.0,0.5,24.0,5.0,0.68,0.78,0.5,24.0,5.0,0.68,0.78,17,0,0.126144,0.091396,8.470588,3.411765,0.038671,0.0,0.922293,0.747059,0.175234,0.829168,{'public_balanced': 17},16,0,0.181871,0.113644,10.5,3.75,0.187262,0.0,0.834832,0.75875,0.076082,0.843961,{'public_balanced': 16}
317,0.092247,1.0,public_balanced,0.7,0.3,0.02,0.01,0.05,0.05,0.04,0.8,0.84,0.58,0.72,20.0,8.0,0.5,24.0,5.0,0.68,0.78,0.5,24.0,5.0,0.68,0.78,17,0,0.126707,0.092247,8.294118,3.941176,0.0,0.0,0.919677,0.747059,0.172618,0.829994,{'public_balanced': 17},16,0,0.185203,0.117751,10.75,4.6875,0.030969,0.0,0.834037,0.75875,0.075287,0.847202,{'public_balanced': 16}
318,0.092247,1.0,public_balanced,0.7,0.3,0.02,0.01,0.1,0.05,0.04,0.8,0.84,0.58,0.72,20.0,8.0,0.5,24.0,5.0,0.68,0.78,0.5,24.0,5.0,0.68,0.78,17,0,0.126707,0.092247,8.294118,3.941176,0.0,0.0,0.919677,0.747059,0.172618,0.829994,{'public_balanced': 17},16,0,0.186752,0.117751,10.75,4.6875,0.030969,0.0,0.834037,0.75875,0.075287,0.847202,{'public_balanced': 16}
319,0.092247,1.0,public_balanced,0.7,0.3,0.02,0.01,0.2,0.05,0.04,0.8,0.84,0.58,0.72,20.0,8.0,0.5,24.0,5.0,0.68,0.78,0.5,24.0,5.0,0.68,0.78,17,0,0.126707,0.092247,8.294118,3.941176,0.0,0.0,0.919677,0.747059,0.172618,0.829994,{'public_balanced': 17},16,0,0.189849,0.117751,10.75,4.6875,0.030969,0.0,0.834037,0.75875,0.075287,0.847202,{'public_balanced': 16}
320,0.09294284,1.0,public_balanced,0.7,0.3,0.02,0.02,0.02,0.05,0.04,0.8,0.84,0.58,0.72,20.0,8.0,0.5,24.0,5.0,0.68,0.78,0.5,24.0,5.0,0.68,0.78,17,0,0.130408,0.091396,8.470588,3.411765,0.038671,0.0,0.922293,0.747059,0.175234,0.829168,{'public_balanced': 17},16,0,0.186558,0.113644,10.5,3.75,0.187262,0.0,0.834832,0.75875,0.076082,0.843961,{'public_balanced': 16}
321,0.09294284,1.0,public_balanced,0.7,0.3,0.02,0.02,0.05,0.05,0.04,0.8,0.84,0.58,0.72,20.0,8.0,0.5,24.0,5.0,0.68,0.78,0.5,24.0,5.0,0.68,0.78,17,0,0.131568,0.091396,8.470588,3.411765,0.038671,0.0,0.922293,0.747059,0.175234,0.829168,{'public_balanced': 17},16,0,0.191063,0.117751,10.75,4.6875,0.030969,0.0,0.834037,0.75875,0.075287,0.847202,{'public_balanced': 16}
322,0.092247,1.0,public_balanced,0.7,0.3,0.02,0.02,0.1,0.05,0.04,0.8,0.84,0.58,0.72,20.0,8.0,0.5,24.0,5.0,0.68,0.78,0.5,24.0,5.0,0.68,0.78,17,0,0.131633,0.092247,8.294118,3.941176,0.0,0.0,0.919677,0.747059,0.172618,0.829994,{'public_balanced': 17},16,0,0.192611,0.117751,10.75,4.6875,0.030969,0.0,0.834037,0.75875,0.075287,0.847202,{'public_balanced': 16}
323,0.092247,1.0,public_balanced,0.7,0.3,0.02,0.02,0.2,0.05,0.04,0.8,0.84,0.58,0.72,20.0,8.0,0.5,24.0,5.0,0.68,0.78,0.5,24.0,5.0,0.68,0.78,17,0,0.131633,0.092247,8.294118,3.941176,0.0,0.0,0.919677,0.747059,0.172618,0.829994,{'public_balanced': 17},16,0,0.195708,0.117751,10.75,4.6875,0.030969,0.0,0.834037,0.75875,0.075287,0.847202,{'public_balanced': 16}
324,0.09244584,1.0,public_balanced,0.9,0.05,0.0,0.0,0.02,0.05,0.04,0.8,0.84,0.58,0.72,20.0,8.0,0.5,24.0,5.0,0.68,0.78,0.5,24.0,5.0,0.68,0.78,17,0,0.11345,0.090899,8.411765,3.411765,0.038671,0.0,0.944574,0.747059,0.197515,0.812034,{'public_balanced': 17},16,0,0.174405,0.121364,11.25,3.875,0.218231,0.0,0.854272,0.75875,0.095522,0.839188,{'public_balanced': 16}
325,0.09175,1.0,public_balanced,0.9,0.05,0.0,0.0,0.05,0.05,0.04,0.8,0.84,0.58,0.72,20.0,8.0,0.5,24.0,5.0,0.68,0.78,0.5,24.0,5.0,0.68,0.78,17,0,0.113527,0.09175,8.235294,3.941176,0.0,0.0,0.941958,0.747059,0.194899,0.812861,{'public_balanced': 17},16,0,0.177244,0.125471,11.5,4.8125,0.061937,0.0,0.853477,0.75875,0.094727,0.84243,{'public_balanced': 16}
326,0.09175,1.0,public_balanced,0.9,0.05,0.0,0.0,0.1,0.05,0.04,0.8,0.84,0.58,0.72,20.0,8.0,0.5,24.0,5.0,0.68,0.78,0.5,24.0,5.0,0.68,0.78,17,0,0.113527,0.09175,8.235294,3.941176,0.0,0.0,0.941958,0.747059,0.194899,0.812861,{'public_balanced': 17},16,0,0.180274,0.117751,10.75,4.6875,0.030969,0.0,0.834037,0.75875,0.075287,0.847202,{'public_balanced': 16}
327,0.09175,1.0,public_balanced,0.9,0.05,0.0,0.0,0.2,0.05,0.04,0.8,0.84,0.58,0.72,20.0,8.0,0.5,24.0,5.0,0.68,0.78,0.5,24.0,5.0,0.68,0.78,17,0,0.113527,0.09175,8.235294,3.941176,0.0,0.0,0.941958,0.747059,0.194899,0.812861,{'public_balanced': 17},16,0,0.18337,0.117751,10.75,4.6875,0.030969,0.0,0.834037,0.75875,0.075287,0.847202,{'public_balanced': 16}
328,0.09244584,1.0,public_balanced,0.9,0.05,0.0,0.01,0.02,0.05,0.04,0.8,0.84,0.58,0.72,20.0,8.0,0.5,24.0,5.0,0.68,0.78,0.5,24.0,5.0,0.68,0.78,17,0,0.117714,0.090899,8.411765,3.411765,0.038671,0.0,0.944574,0.747059,0.197515,0.812034,{'public_balanced': 17},16,0,0.179249,0.121364,11.25,3.875,0.218231,0.0,0.854272,0.75875,0.095522,0.839188,{'public_balanced': 16}
329,0.09175,1.0,public_balanced,0.9,0.05,0.0,0.01,0.05,0.05,0.04,0.8,0.84,0.58,0.72,20.0,8.0,0.5,24.0,5.0,0.68,0.78,0.5,24.0,5.0,0.68,0.78,17,0,0.118454,0.09175,8.235294,3.941176,0.0,0.0,0.941958,0.747059,0.194899,0.812861,{'public_balanced': 17},16,0,0.18326,0.125471,11.5,4.8125,0.061937,0.0,0.853477,0.75875,0.094727,0.84243,{'public_balanced': 16}
330,0.09175,1.0,public_balanced,0.9,0.05,0.0,0.01,0.1,0.05,0.04,0.8,0.84,0.58,0.72,20.0,8.0,0.5,24.0,5.0,0.68,0.78,0.5,24.0,5.0,0.68,0.78,17,0,0.118454,0.09175,8.235294,3.941176,0.0,0.0,0.941958,0.747059,0.194899,0.812861,{'public_balanced': 17},16,0,0.186133,0.117751,10.75,4.6875,0.030969,0.0,0.834037,0.75875,0.075287,0.847202,{'public_balanced': 16}
331,0.09175,1.0,public_balanced,0.9,0.05,0.0,0.01,0.2,0.05,0.04,0.8,0.84,0.58,0.72,20.0,8.0,0.5,24.0,5.0,0.68,0.78,0.5,24.0,5.0,0.68,0.78,17,0,0.118454,0.09175,8.235294,3.941176,0.0,0.0,0.941958,0.747059,0.194899,0.812861,{'public_balanced': 17},16,0,0.18923,0.117751,10.75,4.6875,0.030969,0.0,0.834037,0.75875,0.075287,0.847202,{'public_balanced': 16}
332,0.09244584,1.0,public_balanced,0.9,0.05,0.0,0.02,0.02,0.05,0.04,0.8,0.84,0.58,0.72,20.0,8.0,0.5,24.0,5.0,0.68,0.78,0.5,24.0,5.0,0.68,0.78,17,0,0.121979,0.090899,8.411765,3.411765,0.038671,0.0,0.944574,0.747059,0.197515,0.812034,{'public_balanced': 17},16,0,0.184092,0.121364,11.25,3.875,0.218231,0.0,0.854272,0.75875,0.095522,0.839188,{'public_balanced': 16}
333,0.09244584,1.0,public_balanced,0.9,0.05,0.0,0.02,0.05,0.05,0.04,0.8,0.84,0.58,0.72,20.0,8.0,0.5,24.0,5.0,0.68,0.78,0.5,24.0,5.0,0.68,0.78,17,0,0.123139,0.090899,8.411765,3.411765,0.038671,0.0,0.944574,0.747059,0.197515,0.812034,{'public_balanced': 17},16,0,0.189276,0.125471,11.5,4.8125,0.061937,0.0,0.853477,0.75875,0.094727,0.84243,{'public_balanced': 16}
334,0.09175,1.0,public_balanced,0.9,0.05,0.0,0.02,0.1,0.05,0.04,0.8,0.84,0.58,0.72,20.0,8.0,0.5,24.0,5.0,0.68,0.78,0.5,24.0,5.0,0.68,0.78,17,0,0.12338,0.09175,8.235294,3.941176,0.0,0.0,0.941958,0.747059,0.194899,0.812861,{'public_balanced': 17},16,0,0.191992,0.117751,10.75,4.6875,0.030969,0.0,0.834037,0.75875,0.075287,0.847202,{'public_balanced': 16}
335,0.09175,1.0,public_balanced,0.9,0.05,0.0,0.02,0.2,0.05,0.04,0.8,0.84,0.58,0.72,20.0,8.0,0.5,24.0,5.0,0.68,0.78,0.5,24.0,5.0,0.68,0.78,17,0,0.12338,0.09175,8.235294,3.941176,0.0,0.0,0.941958,0.747059,0.194899,0.812861,{'public_balanced': 17},16,0,0.195089,0.117751,10.75,4.6875,0.030969,0.0,0.834037,0.75875,0.075287,0.847202,{'public_balanced': 16}
336,0.09175,1.0,public_balanced,0.9,0.05,0.01,0.0,0.02,0.05,0.04,0.8,0.84,0.58,0.72,20.0,8.0,0.5,24.0,5.0,0.68,0.78,0.5,24.0,5.0,0.68,0.78,17,0,0.117645,0.09175,8.235294,3.941176,0.0,0.0,0.941958,0.747059,0.194899,0.812861,{'public_balanced': 17},16,0,0.18003,0.121364,11.25,3.875,0.218231,0.0,0.854272,0.75875,0.095522,0.839188,{'public_balanced': 16}
337,0.09175,1.0,public_balanced,0.9,0.05,0.01,0.0,0.05,0.05,0.04,0.8,0.84,0.58,0.72,20.0,8.0,0.5,24.0,5.0,0.68,0.78,0.5,24.0,5.0,0.68,0.78,17,0,0.117645,0.09175,8.235294,3.941176,0.0,0.0,0.941958,0.747059,0.194899,0.812861,{'public_balanced': 17},16,0,0.182994,0.125471,11.5,4.8125,0.061937,0.0,0.853477,0.75875,0.094727,0.84243,{'public_balanced': 16}
338,0.09175,1.0,public_balanced,0.9,0.05,0.01,0.0,0.1,0.05,0.04,0.8,0.84,0.58,0.72,20.0,8.0,0.5,24.0,5.0,0.68,0.78,0.5,24.0,5.0,0.68,0.78,17,0,0.117645,0.09175,8.235294,3.941176,0.0,0.0,0.941958,0.747059,0.194899,0.812861,{'public_balanced': 17},16,0,0.185649,0.117751,10.75,4.6875,0.030969,0.0,0.834037,0.75875,0.075287,0.847202,{'public_balanced': 16}
339,0.09175,1.0,public_balanced,0.9,0.05,0.01,0.0,0.2,0.05,0.04,0.8,0.84,0.58,0.72,20.0,8.0,0.5,24.0,5.0,0.68,0.78,0.5,24.0,5.0,0.68,0.78,17,0,0.117645,0.09175,8.235294,3.941176,0.0,0.0,0.941958,0.747059,0.194899,0.812861,{'public_balanced': 17},16,0,0.188745,0.117751,10.75,4.6875,0.030969,0.0,0.834037,0.75875,0.075287,0.847202,{'public_balanced': 16}
340,0.09244584,1.0,public_balanced,0.9,0.05,0.01,0.01,0.02,0.05,0.04,0.8,0.84,0.58,0.72,20.0,8.0,0.5,24.0,5.0,0.68,0.78,0.5,24.0,5.0,0.68,0.78,17,0,0.12192,0.090899,8.411765,3.411765,0.038671,0.0,0.944574,0.747059,0.197515,0.812034,{'public_balanced': 17},16,0,0.184874,0.121364,11.25,3.875,0.218231,0.0,0.854272,0.75875,0.095522,0.839188,{'public_balanced': 16}
341,0.09175,1.0,public_balanced,0.9,0.05,0.01,0.01,0.05,0.05,0.04,0.8,0.84,0.58,0.72,20.0,8.0,0.5,24.0,5.0,0.68,0.78,0.5,24.0,5.0,0.68,0.78,17,0,0.122572,0.09175,8.235294,3.941176,0.0,0.0,0.941958,0.747059,0.194899,0.812861,{'public_balanced': 17},16,0,0.18901,0.125471,11.5,4.8125,0.061937,0.0,0.853477,0.75875,0.094727,0.84243,{'public_balanced': 16}
342,0.09175,1.0,public_balanced,0.9,0.05,0.01,0.01,0.1,0.05,0.04,0.8,0.84,0.58,0.72,20.0,8.0,0.5,24.0,5.0,0.68,0.78,0.5,24.0,5.0,0.68,0.78,17,0,0.122572,0.09175,8.235294,3.941176,0.0,0.0,0.941958,0.747059,0.194899,0.812861,{'public_balanced': 17},16,0,0.191508,0.117751,10.75,4.6875,0.030969,0.0,0.834037,0.75875,0.075287,0.847202,{'public_balanced': 16}
343,0.09175,1.0,public_balanced,0.9,0.05,0.01,0.01,0.2,0.05,0.04,0.8,0.84,0.58,0.72,20.0,8.0,0.5,24.0,5.0,0.68,0.78,0.5,24.0,5.0,0.68,0.78,17,0,0.122572,0.09175,8.235294,3.941176,0.0,0.0,0.941958,0.747059,0.194899,0.812861,{'public_balanced': 17},16,0,0.194605,0.117751,10.75,4.6875,0.030969,0.0,0.834037,0.75875,0.075287,0.847202,{'public_balanced': 16}
344,0.09244584,1.0,public_balanced,0.9,0.05,0.01,0.02,0.02,0.05,0.04,0.8,0.84,0.58,0.72,20.0,8.0,0.5,24.0,5.0,0.68,0.78,0.5,24.0,5.0,0.68,0.78,17,0,0.126185,0.090899,8.411765,3.411765,0.038671,0.0,0.944574,0.747059,0.197515,0.812034,{'public_balanced': 17},16,0,0.189717,0.121364,11.25,3.875,0.218231,0.0,0.854272,0.75875,0.095522,0.839188,{'public_balanced': 16}
345,0.09244584,1.0,public_balanced,0.9,0.05,0.01,0.02,0.05,0.05,0.04,0.8,0.84,0.58,0.72,20.0,8.0,0.5,24.0,5.0,0.68,0.78,0.5,24.0,5.0,0.68,0.78,17,0,0.127345,0.090899,8.411765,3.411765,0.038671,0.0,0.944574,0.747059,0.197515,0.812034,{'public_balanced': 17},16,0,0.195026,0.125471,11.5,4.8125,0.061937,0.0,0.853477,0.75875,0.094727,0.84243,{'public_balanced': 16}
346,0.09175,1.0,public_balanced,0.9,0.05,0.01,0.02,0.1,0.05,0.04,0.8,0.84,0.58,0.72,20.0,8.0,0.5,24.0,5.0,0.68,0.78,0.5,24.0,5.0,0.68,0.78,17,0,0.127498,0.09175,8.235294,3.941176,0.0,0.0,0.941958,0.747059,0.194899,0.812861,{'public_balanced': 17},16,0,0.197367,0.117751,10.75,4.6875,0.030969,0.0,0.834037,0.75875,0.075287,0.847202,{'public_balanced': 16}
347,0.09175,1.0,public_balanced,0.9,0.05,0.01,0.02,0.2,0.05,0.04,0.8,0.84,0.58,0.72,20.0,8.0,0.5,24.0,5.0,0.68,0.78,0.5,24.0,5.0,0.68,0.78,17,0,0.127498,0.09175,8.235294,3.941176,0.0,0.0,0.941958,0.747059,0.194899,0.812861,{'public_balanced': 17},16,0,0.200464,0.117751,10.75,4.6875,0.030969,0.0,0.834037,0.75875,0.075287,0.847202,{'public_balanced': 16}
348,0.09175,1.0,public_balanced,0.9,0.05,0.02,0.0,0.02,0.05,0.04,0.8,0.84,0.58,0.72,20.0,8.0,0.5,24.0,5.0,0.68,0.78,0.5,24.0,5.0,0.68,0.78,17,0,0.121763,0.09175,8.235294,3.941176,0.0,0.0,0.941958,0.747059,0.194899,0.812861,{'public_balanced': 17},16,0,0.185655,0.121364,11.25,3.875,0.218231,0.0,0.854272,0.75875,0.095522,0.839188,{'public_balanced': 16}
349,0.09175,1.0,public_balanced,0.9,0.05,0.02,0.0,0.05,0.05,0.04,0.8,0.84,0.58,0.72,20.0,8.0,0.5,24.0,5.0,0.68,0.78,0.5,24.0,5.0,0.68,0.78,17,0,0.121763,0.09175,8.235294,3.941176,0.0,0.0,0.941958,0.747059,0.194899,0.812861,{'public_balanced': 17},16,0,0.188744,0.125471,11.5,4.8125,0.061937,0.0,0.853477,0.75875,0.094727,0.84243,{'public_balanced': 16}
350,0.09175,1.0,public_balanced,0.9,0.05,0.02,0.0,0.1,0.05,0.04,0.8,0.84,0.58,0.72,20.0,8.0,0.5,24.0,5.0,0.68,0.78,0.5,24.0,5.0,0.68,0.78,17,0,0.121763,0.09175,8.235294,3.941176,0.0,0.0,0.941958,0.747059,0.194899,0.812861,{'public_balanced': 17},16,0,0.191024,0.117751,10.75,4.6875,0.030969,0.0,0.834037,0.75875,0.075287,0.847202,{'public_balanced': 16}
351,0.09175,1.0,public_balanced,0.9,0.05,0.02,0.0,0.2,0.05,0.04,0.8,0.84,0.58,0.72,20.0,8.0,0.5,24.0,5.0,0.68,0.78,0.5,24.0,5.0,0.68,0.78,17,0,0.121763,0.09175,8.235294,3.941176,0.0,0.0,0.941958,0.747059,0.194899,0.812861,{'public_balanced': 17},16,0,0.19412,0.117751,10.75,4.6875,0.030969,0.0,0.834037,0.75875,0.075287,0.847202,{'public_balanced': 16}
352,0.09244584,1.0,public_balanced,0.9,0.05,0.02,0.01,0.02,0.05,0.04,0.8,0.84,0.58,0.72,20.0,8.0,0.5,24.0,5.0,0.68,0.78,0.5,24.0,5.0,0.68,0.78,17,0,0.126126,0.090899,8.411765,3.411765,0.038671,0.0,0.944574,0.747059,0.197515,0.812034,{'public_balanced': 17},16,0,0.190499,0.121364,11.25,3.875,0.218231,0.0,0.854272,0.75875,0.095522,0.839188,{'public_balanced': 16}
353,0.09175,1.0,public_balanced,0.9,0.05,0.02,0.01,0.05,0.05,0.04,0.8,0.84,0.58,0.72,20.0,8.0,0.5,24.0,5.0,0.68,0.78,0.5,24.0,5.0,0.68,0.78,17,0,0.126689,0.09175,8.235294,3.941176,0.0,0.0,0.941958,0.747059,0.194899,0.812861,{'public_balanced': 17},16,0,0.19476,0.125471,11.5,4.8125,0.061937,0.0,0.853477,0.75875,0.094727,0.84243,{'public_balanced': 16}
354,0.09175,1.0,public_balanced,0.9,0.05,0.02,0.01,0.1,0.05,0.04,0.8,0.84,0.58,0.72,20.0,8.0,0.5,24.0,5.0,0.68,0.78,0.5,24.0,5.0,0.68,0.78,17,0,0.126689,0.09175,8.235294,3.941176,0.0,0.0,0.941958,0.747059,0.194899,0.812861,{'public_balanced': 17},16,0,0.196883,0.117751,10.75,4.6875,0.030969,0.0,0.834037,0.75875,0.075287,0.847202,{'public_balanced': 16}
355,0.09175,1.0,public_balanced,0.9,0.05,0.02,0.01,0.2,0.05,0.04,0.8,0.84,0.58,0.72,20.0,8.0,0.5,24.0,5.0,0.68,0.78,0.5,24.0,5.0,0.68,0.78,17,0,0.126689,0.09175,8.235294,3.941176,0.0,0.0,0.941958,0.747059,0.194899,0.812861,{'public_balanced': 17},16,0,0.19998,0.117751,10.75,4.6875,0.030969,0.0,0.834037,0.75875,0.075287,0.847202,{'public_balanced': 16}
356,0.09244584,1.0,public_balanced,0.9,0.05,0.02,0.02,0.02,0.05,0.04,0.8,0.84,0.58,0.72,20.0,8.0,0.5,24.0,5.0,0.68,0.78,0.5,24.0,5.0,0.68,0.78,17,0,0.130391,0.090899,8.411765,3.411765,0.038671,0.0,0.944574,0.747059,0.197515,0.812034,{'public_balanced': 17},16,0,0.195342,0.121364,11.25,3.875,0.218231,0.0,0.854272,0.75875,0.095522,0.839188,{'public_balanced': 16}
357,0.09244584,1.0,public_balanced,0.9,0.05,0.02,0.02,0.05,0.05,0.04,0.8,0.84,0.58,0.72,20.0,8.0,0.5,24.0,5.0,0.68,0.78,0.5,24.0,5.0,0.68,0.78,17,0,0.131551,0.090899,8.411765,3.411765,0.038671,0.0,0.944574,0.747059,0.197515,0.812034,{'public_balanced': 17},16,0,0.200776,0.125471,11.5,4.8125,0.061937,0.0,0.853477,0.75875,0.094727,0.84243,{'public_balanced': 16}
358,0.09175,1.0,public_balanced,0.9,0.05,0.02,0.02,0.1,0.05,0.04,0.8,0.84,0.58,0.72,20.0,8.0,0.5,24.0,5.0,0.68,0.78,0.5,24.0,5.0,0.68,0.78,17,0,0.131616,0.09175,8.235294,3.941176,0.0,0.0,0.941958,0.747059,0.194899,0.812861,{'public_balanced': 17},16,0,0.202742,0.117751,10.75,4.6875,0.030969,0.0,0.834037,0.75875,0.075287,0.847202,{'public_balanced': 16}
359,0.09175,1.0,public_balanced,0.9,0.05,0.02,0.02,0.2,0.05,0.04,0.8,0.84,0.58,0.72,20.0,8.0,0.5,24.0,5.0,0.68,0.78,0.5,24.0,5.0,0.68,0.78,17,0,0.131616,0.09175,8.235294,3.941176,0.0,0.0,0.941958,0.747059,0.194899,0.812861,{'public_balanced': 17},16,0,0.205839,0.117751,10.75,4.6875,0.030969,0.0,0.834037,0.75875,0.075287,0.847202,{'public_balanced': 16}
360,0.09294284,1.0,public_balanced,0.9,0.15,0.0,0.0,0.02,0.05,0.04,0.8,0.84,0.58,0.72,20.0,8.0,0.5,24.0,5.0,0.68,0.78,0.5,24.0,5.0,0.68,0.78,17,0,0.115442,0.091396,8.470588,3.411765,0.038671,0.0,0.922293,0.747059,0.175234,0.829168,{'public_balanced': 17},16,0,0.175582,0.121364,11.25,3.875,0.218231,0.0,0.854272,0.75875,0.095522,0.839188,{'public_balanced': 16}
361,0.092247,1.0,public_balanced,0.9,0.15,0.0,0.0,0.05,0.05,0.04,0.8,0.84,0.58,0.72,20.0,8.0,0.5,24.0,5.0,0.68,0.78,0.5,24.0,5.0,0.68,0.78,17,0,0.11552,0.092247,8.294118,3.941176,0.0,0.0,0.919677,0.747059,0.172618,0.829994,{'public_balanced': 17},16,0,0.178422,0.125471,11.5,4.8125,0.061937,0.0,0.853477,0.75875,0.094727,0.84243,{'public_balanced': 16}
362,0.092247,1.0,public_balanced,0.9,0.15,0.0,0.0,0.1,0.05,0.04,0.8,0.84,0.58,0.72,20.0,8.0,0.5,24.0,5.0,0.68,0.78,0.5,24.0,5.0,0.68,0.78,17,0,0.11552,0.092247,8.294118,3.941176,0.0,0.0,0.919677,0.747059,0.172618,0.829994,{'public_balanced': 17},16,0,0.181451,0.117751,10.75,4.6875,0.030969,0.0,0.834037,0.75875,0.075287,0.847202,{'public_balanced': 16}
363,0.092247,1.0,public_balanced,0.9,0.15,0.0,0.0,0.2,0.05,0.04,0.8,0.84,0.58,0.72,20.0,8.0,0.5,24.0,5.0,0.68,0.78,0.5,24.0,5.0,0.68,0.78,17,0,0.11552,0.092247,8.294118,3.941176,0.0,0.0,0.919677,0.747059,0.172618,0.829994,{'public_balanced': 17},16,0,0.184548,0.117751,10.75,4.6875,0.030969,0.0,0.834037,0.75875,0.075287,0.847202,{'public_balanced': 16}
364,0.09294284,1.0,public_balanced,0.9,0.15,0.0,0.01,0.02,0.05,0.04,0.8,0.84,0.58,0.72,20.0,8.0,0.5,24.0,5.0,0.68,0.78,0.5,24.0,5.0,0.68,0.78,17,0,0.119706,0.091396,8.470588,3.411765,0.038671,0.0,0.922293,0.747059,0.175234,0.829168,{'public_balanced': 17},16,0,0.180426,0.121364,11.25,3.875,0.218231,0.0,0.854272,0.75875,0.095522,0.839188,{'public_balanced': 16}
365,0.092247,1.0,public_balanced,0.9,0.15,0.0,0.01,0.05,0.05,0.04,0.8,0.84,0.58,0.72,20.0,8.0,0.5,24.0,5.0,0.68,0.78,0.5,24.0,5.0,0.68,0.78,17,0,0.120446,0.092247,8.294118,3.941176,0.0,0.0,0.919677,0.747059,0.172618,0.829994,{'public_balanced': 17},16,0,0.184438,0.125471,11.5,4.8125,0.061937,0.0,0.853477,0.75875,0.094727,0.84243,{'public_balanced': 16}
366,0.092247,1.0,public_balanced,0.9,0.15,0.0,0.01,0.1,0.05,0.04,0.8,0.84,0.58,0.72,20.0,8.0,0.5,24.0,5.0,0.68,0.78,0.5,24.0,5.0,0.68,0.78,17,0,0.120446,0.092247,8.294118,3.941176,0.0,0.0,0.919677,0.747059,0.172618,0.829994,{'public_balanced': 17},16,0,0.18731,0.117751,10.75,4.6875,0.030969,0.0,0.834037,0.75875,0.075287,0.847202,{'public_balanced': 16}
367,0.092247,1.0,public_balanced,0.9,0.15,0.0,0.01,0.2,0.05,0.04,0.8,0.84,0.58,0.72,20.0,8.0,0.5,24.0,5.0,0.68,0.78,0.5,24.0,5.0,0.68,0.78,17,0,0.120446,0.092247,8.294118,3.941176,0.0,0.0,0.919677,0.747059,0.172618,0.829994,{'public_balanced': 17},16,0,0.190407,0.117751,10.75,4.6875,0.030969,0.0,0.834037,0.75875,0.075287,0.847202,{'public_balanced': 16}
368,0.09294284,1.0,public_balanced,0.9,0.15,0.0,0.02,0.02,0.05,0.04,0.8,0.84,0.58,0.72,20.0,8.0,0.5,24.0,5.0,0.68,0.78,0.5,24.0,5.0,0.68,0.78,17,0,0.123971,0.091396,8.470588,3.411765,0.038671,0.0,0.922293,0.747059,0.175234,0.829168,{'public_balanced': 17},16,0,0.18527,0.121364,11.25,3.875,0.218231,0.0,0.854272,0.75875,0.095522,0.839188,{'public_balanced': 16}
369,0.09294284,1.0,public_balanced,0.9,0.15,0.0,0.02,0.05,0.05,0.04,0.8,0.84,0.58,0.72,20.0,8.0,0.5,24.0,5.0,0.68,0.78,0.5,24.0,5.0,0.68,0.78,17,0,0.125131,0.091396,8.470588,3.411765,0.038671,0.0,0.922293,0.747059,0.175234,0.829168,{'public_balanced': 17},16,0,0.190453,0.125471,11.5,4.8125,0.061937,0.0,0.853477,0.75875,0.094727,0.84243,{'public_balanced': 16}
370,0.092247,1.0,public_balanced,0.9,0.15,0.0,0.02,0.1,0.05,0.04,0.8,0.84,0.58,0.72,20.0,8.0,0.5,24.0,5.0,0.68,0.78,0.5,24.0,5.0,0.68,0.78,17,0,0.125373,0.092247,8.294118,3.941176,0.0,0.0,0.919677,0.747059,0.172618,0.829994,{'public_balanced': 17},16,0,0.19317,0.117751,10.75,4.6875,0.030969,0.0,0.834037,0.75875,0.075287,0.847202,{'public_balanced': 16}
371,0.092247,1.0,public_balanced,0.9,0.15,0.0,0.02,0.2,0.05,0.04,0.8,0.84,0.58,0.72,20.0,8.0,0.5,24.0,5.0,0.68,0.78,0.5,24.0,5.0,0.68,0.78,17,0,0.125373,0.092247,8.294118,3.941176,0.0,0.0,0.919677,0.747059,0.172618,0.829994,{'public_balanced': 17},16,0,0.196267,0.117751,10.75,4.6875,0.030969,0.0,0.834037,0.75875,0.075287,0.847202,{'public_balanced': 16}
372,0.092247,1.0,public_balanced,0.9,0.15,0.01,0.0,0.02,0.05,0.04,0.8,0.84,0.58,0.72,20.0,8.0,0.5,24.0,5.0,0.68,0.78,0.5,24.0,5.0,0.68,0.78,17,0,0.119667,0.092247,8.294118,3.941176,0.0,0.0,0.919677,0.747059,0.172618,0.829994,{'public_balanced': 17},16,0,0.181207,0.121364,11.25,3.875,0.218231,0.0,0.854272,0.75875,0.095522,0.839188,{'public_balanced': 16}
373,0.092247,1.0,public_balanced,0.9,0.15,0.01,0.0,0.05,0.05,0.04,0.8,0.84,0.58,0.72,20.0,8.0,0.5,24.0,5.0,0.68,0.78,0.5,24.0,5.0,0.68,0.78,17,0,0.119667,0.092247,8.294118,3.941176,0.0,0.0,0.919677,0.747059,0.172618,0.829994,{'public_balanced': 17},16,0,0.184172,0.125471,11.5,4.8125,0.061937,0.0,0.853477,0.75875,0.094727,0.84243,{'public_balanced': 16}
374,0.092247,1.0,public_balanced,0.9,0.15,0.01,0.0,0.1,0.05,0.04,0.8,0.84,0.58,0.72,20.0,8.0,0.5,24.0,5.0,0.68,0.78,0.5,24.0,5.0,0.68,0.78,17,0,0.119667,0.092247,8.294118,3.941176,0.0,0.0,0.919677,0.747059,0.172618,0.829994,{'public_balanced': 17},16,0,0.186826,0.117751,10.75,4.6875,0.030969,0.0,0.834037,0.75875,0.075287,0.847202,{'public_balanced': 16}
375,0.092247,1.0,public_balanced,0.9,0.15,0.01,0.0,0.2,0.05,0.04,0.8,0.84,0.58,0.72,20.0,8.0,0.5,24.0,5.0,0.68,0.78,0.5,24.0,5.0,0.68,0.78,17,0,0.119667,0.092247,8.294118,3.941176,0.0,0.0,0.919677,0.747059,0.172618,0.829994,{'public_balanced': 17},16,0,0.189923,0.117751,10.75,4.6875,0.030969,0.0,0.834037,0.75875,0.075287,0.847202,{'public_balanced': 16}
376,0.09294284,1.0,public_balanced,0.9,0.15,0.01,0.01,0.02,0.05,0.04,0.8,0.84,0.58,0.72,20.0,8.0,0.5,24.0,5.0,0.68,0.78,0.5,24.0,5.0,0.68,0.78,17,0,0.123942,0.091396,8.470588,3.411765,0.038671,0.0,0.922293,0.747059,0.175234,0.829168,{'public_balanced': 17},16,0,0.186051,0.121364,11.25,3.875,0.218231,0.0,0.854272,0.75875,0.095522,0.839188,{'public_balanced': 16}
377,0.092247,1.0,public_balanced,0.9,0.15,0.01,0.01,0.05,0.05,0.04,0.8,0.84,0.58,0.72,20.0,8.0,0.5,24.0,5.0,0.68,0.78,0.5,24.0,5.0,0.68,0.78,17,0,0.124593,0.092247,8.294118,3.941176,0.0,0.0,0.919677,0.747059,0.172618,0.829994,{'public_balanced': 17},16,0,0.190188,0.125471,11.5,4.8125,0.061937,0.0,0.853477,0.75875,0.094727,0.84243,{'public_balanced': 16}
378,0.092247,1.0,public_balanced,0.9,0.15,0.01,0.01,0.1,0.05,0.04,0.8,0.84,0.58,0.72,20.0,8.0,0.5,24.0,5.0,0.68,0.78,0.5,24.0,5.0,0.68,0.78,17,0,0.124593,0.092247,8.294118,3.941176,0.0,0.0,0.919677,0.747059,0.172618,0.829994,{'public_balanced': 17},16,0,0.192685,0.117751,10.75,4.6875,0.030969,0.0,0.834037,0.75875,0.075287,0.847202,{'public_balanced': 16}
379,0.092247,1.0,public_balanced,0.9,0.15,0.01,0.01,0.2,0.05,0.04,0.8,0.84,0.58,0.72,20.0,8.0,0.5,24.0,5.0,0.68,0.78,0.5,24.0,5.0,0.68,0.78,17,0,0.124593,0.092247,8.294118,3.941176,0.0,0.0,0.919677,0.747059,0.172618,0.829994,{'public_balanced': 17},16,0,0.195782,0.117751,10.75,4.6875,0.030969,0.0,0.834037,0.75875,0.075287,0.847202,{'public_balanced': 16}
380,0.09294284,1.0,public_balanced,0.9,0.15,0.01,0.02,0.02,0.05,0.04,0.8,0.84,0.58,0.72,20.0,8.0,0.5,24.0,5.0,0.68,0.78,0.5,24.0,5.0,0.68,0.78,17,0,0.128206,0.091396,8.470588,3.411765,0.038671,0.0,0.922293,0.747059,0.175234,0.829168,{'public_balanced': 17},16,0,0.190895,0.121364,11.25,3.875,0.218231,0.0,0.854272,0.75875,0.095522,0.839188,{'public_balanced': 16}
381,0.09294284,1.0,public_balanced,0.9,0.15,0.01,0.02,0.05,0.05,0.04,0.8,0.84,0.58,0.72,20.0,8.0,0.5,24.0,5.0,0.68,0.78,0.5,24.0,5.0,0.68,0.78,17,0,0.129367,0.091396,8.470588,3.411765,0.038671,0.0,0.922293,0.747059,0.175234,0.829168,{'public_balanced': 17},16,0,0.196203,0.125471,11.5,4.8125,0.061937,0.0,0.853477,0.75875,0.094727,0.84243,{'public_balanced': 16}
382,0.092247,1.0,public_balanced,0.9,0.15,0.01,0.02,0.1,0.05,0.04,0.8,0.84,0.58,0.72,20.0,8.0,0.5,24.0,5.0,0.68,0.78,0.5,24.0,5.0,0.68,0.78,17,0,0.12952,0.092247,8.294118,3.941176,0.0,0.0,0.919677,0.747059,0.172618,0.829994,{'public_balanced': 17},16,0,0.198545,0.117751,10.75,4.6875,0.030969,0.0,0.834037,0.75875,0.075287,0.847202,{'public_balanced': 16}
383,0.092247,1.0,public_balanced,0.9,0.15,0.01,0.02,0.2,0.05,0.04,0.8,0.84,0.58,0.72,20.0,8.0,0.5,24.0,5.0,0.68,0.78,0.5,24.0,5.0,0.68,0.78,17,0,0.12952,0.092247,8.294118,3.941176,0.0,0.0,0.919677,0.747059,0.172618,0.829994,{'public_balanced': 17},16,0,0.201642,0.117751,10.75,4.6875,0.030969,0.0,0.834037,0.75875,0.075287,0.847202,{'public_balanced': 16}
384,0.092247,1.0,public_balanced,0.9,0.15,0.02,0.0,0.02,0.05,0.04,0.8,0.84,0.58,0.72,20.0,8.0,0.5,24.0,5.0,0.68,0.78,0.5,24.0,5.0,0.68,0.78,17,0,0.123814,0.092247,8.294118,3.941176,0.0,0.0,0.919677,0.747059,0.172618,0.829994,{'public_balanced': 17},16,0,0.186832,0.121364,11.25,3.875,0.218231,0.0,0.854272,0.75875,0.095522,0.839188,{'public_balanced': 16}
385,0.092247,1.0,public_balanced,0.9,0.15,0.02,0.0,0.05,0.05,0.04,0.8,0.84,0.58,0.72,20.0,8.0,0.5,24.0,5.0,0.68,0.78,0.5,24.0,5.0,0.68,0.78,17,0,0.123814,0.092247,8.294118,3.941176,0.0,0.0,0.919677,0.747059,0.172618,0.829994,{'public_balanced': 17},16,0,0.189922,0.125471,11.5,4.8125,0.061937,0.0,0.853477,0.75875,0.094727,0.84243,{'public_balanced': 16}
386,0.092247,1.0,public_balanced,0.9,0.15,0.02,0.0,0.1,0.05,0.04,0.8,0.84,0.58,0.72,20.0,8.0,0.5,24.0,5.0,0.68,0.78,0.5,24.0,5.0,0.68,0.78,17,0,0.123814,0.092247,8.294118,3.941176,0.0,0.0,0.919677,0.747059,0.172618,0.829994,{'public_balanced': 17},16,0,0.192201,0.117751,10.75,4.6875,0.030969,0.0,0.834037,0.75875,0.075287,0.847202,{'public_balanced': 16}
387,0.092247,1.0,public_balanced,0.9,0.15,0.02,0.0,0.2,0.05,0.04,0.8,0.84,0.58,0.72,20.0,8.0,0.5,24.0,5.0,0.68,0.78,0.5,24.0,5.0,0.68,0.78,17,0,0.123814,0.092247,8.294118,3.941176,0.0,0.0,0.919677,0.747059,0.172618,0.829994,{'public_balanced': 17},16,0,0.195298,0.117751,10.75,4.6875,0.030969,0.0,0.834037,0.75875,0.075287,0.847202,{'public_balanced': 16}
388,0.09294284,1.0,public_balanced,0.9,0.15,0.02,0.01,0.02,0.05,0.04,0.8,0.84,0.58,0.72,20.0,8.0,0.5,24.0,5.0,0.68,0.78,0.5,24.0,5.0,0.68,0.78,17,0,0.128177,0.091396,8.470588,3.411765,0.038671,0.0,0.922293,0.747059,0.175234,0.829168,{'public_balanced': 17},16,0,0.191676,0.121364,11.25,3.875,0.218231,0.0,0.854272,0.75875,0.095522,0.839188,{'public_balanced': 16}
389,0.092247,1.0,public_balanced,0.9,0.15,0.02,0.01,0.05,0.05,0.04,0.8,0.84,0.58,0.72,20.0,8.0,0.5,24.0,5.0,0.68,0.78,0.5,24.0,5.0,0.68,0.78,17,0,0.12874,0.092247,8.294118,3.941176,0.0,0.0,0.919677,0.747059,0.172618,0.829994,{'public_balanced': 17},16,0,0.195938,0.125471,11.5,4.8125,0.061937,0.0,0.853477,0.75875,0.094727,0.84243,{'public_balanced': 16}
390,0.092247,1.0,public_balanced,0.9,0.15,0.02,0.01,0.1,0.05,0.04,0.8,0.84,0.58,0.72,20.0,8.0,0.5,24.0,5.0,0.68,0.78,0.5,24.0,5.0,0.68,0.78,17,0,0.12874,0.092247,8.294118,3.941176,0.0,0.0,0.919677,0.747059,0.172618,0.829994,{'public_balanced': 17},16,0,0.19806,0.117751,10.75,4.6875,0.030969,0.0,0.834037,0.75875,0.075287,0.847202,{'public_balanced': 16}
391,0.092247,1.0,public_balanced,0.9,0.15,0.02,0.01,0.2,0.05,0.04,0.8,0.84,0.58,0.72,20.0,8.0,0.5,24.0,5.0,0.68,0.78,0.5,24.0,5.0,0.68,0.78,17,0,0.12874,0.092247,8.294118,3.941176,0.0,0.0,0.919677,0.747059,0.172618,0.829994,{'public_balanced': 17},16,0,0.201157,0.117751,10.75,4.6875,0.030969,0.0,0.834037,0.75875,0.075287,0.847202,{'public_balanced': 16}
392,0.09294284,1.0,public_balanced,0.9,0.15,0.02,0.02,0.02,0.05,0.04,0.8,0.84,0.58,0.72,20.0,8.0,0.5,24.0,5.0,0.68,0.78,0.5,24.0,5.0,0.68,0.78,17,0,0.132442,0.091396,8.470588,3.411765,0.038671,0.0,0.922293,0.747059,0.175234,0.829168,{'public_balanced': 17},16,0,0.19652,0.121364,11.25,3.875,0.218231,0.0,0.854272,0.75875,0.095522,0.839188,{'public_balanced': 16}
393,0.09294284,1.0,public_balanced,0.9,0.15,0.02,0.02,0.05,0.05,0.04,0.8,0.84,0.58,0.72,20.0,8.0,0.5,24.0,5.0,0.68,0.78,0.5,24.0,5.0,0.68,0.78,17,0,0.133602,0.091396,8.470588,3.411765,0.038671,0.0,0.922293,0.747059,0.175234,0.829168,{'public_balanced': 17},16,0,0.201953,0.125471,11.5,4.8125,0.061937,0.0,0.853477,0.75875,0.094727,0.84243,{'public_balanced': 16}
394,0.092247,1.0,public_balanced,0.9,0.15,0.02,0.02,0.1,0.05,0.04,0.8,0.84,0.58,0.72,20.0,8.0,0.5,24.0,5.0,0.68,0.78,0.5,24.0,5.0,0.68,0.78,17,0,0.133667,0.092247,8.294118,3.941176,0.0,0.0,0.919677,0.747059,0.172618,0.829994,{'public_balanced': 17},16,0,0.20392,0.117751,10.75,4.6875,0.030969,0.0,0.834037,0.75875,0.075287,0.847202,{'public_balanced': 16}
395,0.092247,1.0,public_balanced,0.9,0.15,0.02,0.02,0.2,0.05,0.04,0.8,0.84,0.58,0.72,20.0,8.0,0.5,24.0,5.0,0.68,0.78,0.5,24.0,5.0,0.68,0.78,17,0,0.133667,0.092247,8.294118,3.941176,0.0,0.0,0.919677,0.747059,0.172618,0.829994,{'public_balanced': 17},16,0,0.207017,0.117751,10.75,4.6875,0.030969,0.0,0.834037,0.75875,0.075287,0.847202,{'public_balanced': 16}
396,0.09294284,1.0,public_balanced,0.9,0.3,0.0,0.0,0.02,0.05,0.04,0.8,0.84,0.58,0.72,20.0,8.0,0.5,24.0,5.0,0.68,0.78,0.5,24.0,5.0,0.68,0.78,17,0,0.118009,0.091396,8.470588,3.411765,0.038671,0.0,0.922293,0.747059,0.175234,0.829168,{'public_balanced': 17},16,0,0.177349,0.121364,11.25,3.875,0.218231,0.0,0.854272,0.75875,0.095522,0.839188,{'public_balanced': 16}
397,0.092247,1.0,public_balanced,0.9,0.3,0.0,0.0,0.05,0.05,0.04,0.8,0.84,0.58,0.72,20.0,8.0,0.5,24.0,5.0,0.68,0.78,0.5,24.0,5.0,0.68,0.78,17,0,0.118087,0.092247,8.294118,3.941176,0.0,0.0,0.919677,0.747059,0.172618,0.829994,{'public_balanced': 17},16,0,0.180188,0.125471,11.5,4.8125,0.061937,0.0,0.853477,0.75875,0.094727,0.84243,{'public_balanced': 16}
398,0.092247,1.0,public_balanced,0.9,0.3,0.0,0.0,0.1,0.05,0.04,0.8,0.84,0.58,0.72,20.0,8.0,0.5,24.0,5.0,0.68,0.78,0.5,24.0,5.0,0.68,0.78,17,0,0.118087,0.092247,8.294118,3.941176,0.0,0.0,0.919677,0.747059,0.172618,0.829994,{'public_balanced': 17},16,0,0.183217,0.117751,10.75,4.6875,0.030969,0.0,0.834037,0.75875,0.075287,0.847202,{'public_balanced': 16}
399,0.092247,1.0,public_balanced,0.9,0.3,0.0,0.0,0.2,0.05,0.04,0.8,0.84,0.58,0.72,20.0,8.0,0.5,24.0,5.0,0.68,0.78,0.5,24.0,5.0,0.68,0.78,17,0,0.118087,0.092247,8.294118,3.941176,0.0,0.0,0.919677,0.747059,0.172618,0.829994,{'public_balanced': 17},16,0,0.186314,0.117751,10.75,4.6875,0.030969,0.0,0.834037,0.75875,0.075287,0.847202,{'public_balanced': 16}
400,0.09294284,1.0,public_balanced,0.9,0.3,0.0,0.01,0.02,0.05,0.04,0.8,0.84,0.58,0.72,20.0,8.0,0.5,24.0,5.0,0.68,0.78,0.5,24.0,5.0,0.68,0.78,17,0,0.122274,0.091396,8.470588,3.411765,0.038671,0.0,0.922293,0.747059,0.175234,0.829168,{'public_balanced': 17},16,0,0.182192,0.121364,11.25,3.875,0.218231,0.0,0.854272,0.75875,0.095522,0.839188,{'public_balanced': 16}
401,0.092247,1.0,public_balanced,0.9,0.3,0.0,0.01,0.05,0.05,0.04,0.8,0.84,0.58,0.72,20.0,8.0,0.5,24.0,5.0,0.68,0.78,0.5,24.0,5.0,0.68,0.78,17,0,0.123014,0.092247,8.294118,3.941176,0.0,0.0,0.919677,0.747059,0.172618,0.829994,{'public_balanced': 17},16,0,0.186204,0.125471,11.5,4.8125,0.061937,0.0,0.853477,0.75875,0.094727,0.84243,{'public_balanced': 16}
402,0.092247,1.0,public_balanced,0.9,0.3,0.0,0.01,0.1,0.05,0.04,0.8,0.84,0.58,0.72,20.0,8.0,0.5,24.0,5.0,0.68,0.78,0.5,24.0,5.0,0.68,0.78,17,0,0.123014,0.092247,8.294118,3.941176,0.0,0.0,0.919677,0.747059,0.172618,0.829994,{'public_balanced': 17},16,0,0.189077,0.117751,10.75,4.6875,0.030969,0.0,0.834037,0.75875,0.075287,0.847202,{'public_balanced': 16}
403,0.092247,1.0,public_balanced,0.9,0.3,0.0,0.01,0.2,0.05,0.04,0.8,0.84,0.58,0.72,20.0,8.0,0.5,24.0,5.0,0.68,0.78,0.5,24.0,5.0,0.68,0.78,17,0,0.123014,0.092247,8.294118,3.941176,0.0,0.0,0.919677,0.747059,0.172618,0.829994,{'public_balanced': 17},16,0,0.192173,0.117751,10.75,4.6875,0.030969,0.0,0.834037,0.75875,0.075287,0.847202,{'public_balanced': 16}
404,0.09294284,1.0,public_balanced,0.9,0.3,0.0,0.02,0.02,0.05,0.04,0.8,0.84,0.58,0.72,20.0,8.0,0.5,24.0,5.0,0.68,0.78,0.5,24.0,5.0,0.68,0.78,17,0,0.126539,0.091396,8.470588,3.411765,0.038671,0.0,0.922293,0.747059,0.175234,0.829168,{'public_balanced': 17},16,0,0.187036,0.121364,11.25,3.875,0.218231,0.0,0.854272,0.75875,0.095522,0.839188,{'public_balanced': 16}
405,0.09294284,1.0,public_balanced,0.9,0.3,0.0,0.02,0.05,0.05,0.04,0.8,0.84,0.58,0.72,20.0,8.0,0.5,24.0,5.0,0.68,0.78,0.5,24.0,5.0,0.68,0.78,17,0,0.127699,0.091396,8.470588,3.411765,0.038671,0.0,0.922293,0.747059,0.175234,0.829168,{'public_balanced': 17},16,0,0.192219,0.125471,11.5,4.8125,0.061937,0.0,0.853477,0.75875,0.094727,0.84243,{'public_balanced': 16}
406,0.092247,1.0,public_balanced,0.9,0.3,0.0,0.02,0.1,0.05,0.04,0.8,0.84,0.58,0.72,20.0,8.0,0.5,24.0,5.0,0.68,0.78,0.5,24.0,5.0,0.68,0.78,17,0,0.12794,0.092247,8.294118,3.941176,0.0,0.0,0.919677,0.747059,0.172618,0.829994,{'public_balanced': 17},16,0,0.194936,0.117751,10.75,4.6875,0.030969,0.0,0.834037,0.75875,0.075287,0.847202,{'public_balanced': 16}
407,0.092247,1.0,public_balanced,0.9,0.3,0.0,0.02,0.2,0.05,0.04,0.8,0.84,0.58,0.72,20.0,8.0,0.5,24.0,5.0,0.68,0.78,0.5,24.0,5.0,0.68,0.78,17,0,0.12794,0.092247,8.294118,3.941176,0.0,0.0,0.919677,0.747059,0.172618,0.829994,{'public_balanced': 17},16,0,0.198033,0.117751,10.75,4.6875,0.030969,0.0,0.834037,0.75875,0.075287,0.847202,{'public_balanced': 16}
408,0.092247,1.0,public_balanced,0.9,0.3,0.01,0.0,0.02,0.05,0.04,0.8,0.84,0.58,0.72,20.0,8.0,0.5,24.0,5.0,0.68,0.78,0.5,24.0,5.0,0.68,0.78,17,0,0.122234,0.092247,8.294118,3.941176,0.0,0.0,0.919677,0.747059,0.172618,0.829994,{'public_balanced': 17},16,0,0.182974,0.121364,11.25,3.875,0.218231,0.0,0.854272,0.75875,0.095522,0.839188,{'public_balanced': 16}
409,0.092247,1.0,public_balanced,0.9,0.3,0.01,0.0,0.05,0.05,0.04,0.8,0.84,0.58,0.72,20.0,8.0,0.5,24.0,5.0,0.68,0.78,0.5,24.0,5.0,0.68,0.78,17,0,0.122234,0.092247,8.294118,3.941176,0.0,0.0,0.919677,0.747059,0.172618,0.829994,{'public_balanced': 17},16,0,0.185938,0.125471,11.5,4.8125,0.061937,0.0,0.853477,0.75875,0.094727,0.84243,{'public_balanced': 16}
410,0.092247,1.0,public_balanced,0.9,0.3,0.01,0.0,0.1,0.05,0.04,0.8,0.84,0.58,0.72,20.0,8.0,0.5,24.0,5.0,0.68,0.78,0.5,24.0,5.0,0.68,0.78,17,0,0.122234,0.092247,8.294118,3.941176,0.0,0.0,0.919677,0.747059,0.172618,0.829994,{'public_balanced': 17},16,0,0.188592,0.117751,10.75,4.6875,0.030969,0.0,0.834037,0.75875,0.075287,0.847202,{'public_balanced': 16}
411,0.092247,1.0,public_balanced,0.9,0.3,0.01,0.0,0.2,0.05,0.04,0.8,0.84,0.58,0.72,20.0,8.0,0.5,24.0,5.0,0.68,0.78,0.5,24.0,5.0,0.68,0.78,17,0,0.122234,0.092247,8.294118,3.941176,0.0,0.0,0.919677,0.747059,0.172618,0.829994,{'public_balanced': 17},16,0,0.191689,0.117751,10.75,4.6875,0.030969,0.0,0.834037,0.75875,0.075287,0.847202,{'public_balanced': 16}
412,0.09294284,1.0,public_balanced,0.9,0.3,0.01,0.01,0.02,0.05,0.04,0.8,0.84,0.58,0.72,20.0,8.0,0.5,24.0,5.0,0.68,0.78,0.5,24.0,5.0,0.68,0.78,17,0,0.126509,0.091396,8.470588,3.411765,0.038671,0.0,0.922293,0.747059,0.175234,0.829168,{'public_balanced': 17},16,0,0.187817,0.121364,11.25,3.875,0.218231,0.0,0.854272,0.75875,0.095522,0.839188,{'public_balanced': 16}
413,0.092247,1.0,public_balanced,0.9,0.3,0.01,0.01,0.05,0.05,0.04,0.8,0.84,0.58,0.72,20.0,8.0,0.5,24.0,5.0,0.68,0.78,0.5,24.0,5.0,0.68,0.78,17,0,0.127161,0.092247,8.294118,3.941176,0.0,0.0,0.919677,0.747059,0.172618,0.829994,{'public_balanced': 17},16,0,0.191954,0.125471,11.5,4.8125,0.061937,0.0,0.853477,0.75875,0.094727,0.84243,{'public_balanced': 16}
414,0.092247,1.0,public_balanced,0.9,0.3,0.01,0.01,0.1,0.05,0.04,0.8,0.84,0.58,0.72,20.0,8.0,0.5,24.0,5.0,0.68,0.78,0.5,24.0,5.0,0.68,0.78,17,0,0.127161,0.092247,8.294118,3.941176,0.0,0.0,0.919677,0.747059,0.172618,0.829994,{'public_balanced': 17},16,0,0.194452,0.117751,10.75,4.6875,0.030969,0.0,0.834037,0.75875,0.075287,0.847202,{'public_balanced': 16}
415,0.092247,1.0,public_balanced,0.9,0.3,0.01,0.01,0.2,0.05,0.04,0.8,0.84,0.58,0.72,20.0,8.0,0.5,24.0,5.0,0.68,0.78,0.5,24.0,5.0,0.68,0.78,17,0,0.127161,0.092247,8.294118,3.941176,0.0,0.0,0.919677,0.747059,0.172618,0.829994,{'public_balanced': 17},16,0,0.197548,0.117751,10.75,4.6875,0.030969,0.0,0.834037,0.75875,0.075287,0.847202,{'public_balanced': 16}
416,0.09294284,1.0,public_balanced,0.9,0.3,0.01,0.02,0.02,0.05,0.04,0.8,0.84,0.58,0.72,20.0,8.0,0.5,24.0,5.0,0.68,0.78,0.5,24.0,5.0,0.68,0.78,17,0,0.130774,0.091396,8.470588,3.411765,0.038671,0.0,0.922293,0.747059,0.175234,0.829168,{'public_balanced': 17},16,0,0.192661,0.121364,11.25,3.875,0.218231,0.0,0.854272,0.75875,0.095522,0.839188,{'public_balanced': 16}
417,0.09294284,1.0,public_balanced,0.9,0.3,0.01,0.02,0.05,0.05,0.04,0.8,0.84,0.58,0.72,20.0,8.0,0.5,24.0,5.0,0.68,0.78,0.5,24.0,5.0,0.68,0.78,17,0,0.131934,0.091396,8.470588,3.411765,0.038671,0.0,0.922293,0.747059,0.175234,0.829168,{'public_balanced': 17},16,0,0.197969,0.125471,11.5,4.8125,0.061937,0.0,0.853477,0.75875,0.094727,0.84243,{'public_balanced': 16}
418,0.092247,1.0,public_balanced,0.9,0.3,0.01,0.02,0.1,0.05,0.04,0.8,0.84,0.58,0.72,20.0,8.0,0.5,24.0,5.0,0.68,0.78,0.5,24.0,5.0,0.68,0.78,17,0,0.132087,0.092247,8.294118,3.941176,0.0,0.0,0.919677,0.747059,0.172618,0.829994,{'public_balanced': 17},16,0,0.200311,0.117751,10.75,4.6875,0.030969,0.0,0.834037,0.75875,0.075287,0.847202,{'public_balanced': 16}
419,0.092247,1.0,public_balanced,0.9,0.3,0.01,0.02,0.2,0.05,0.04,0.8,0.84,0.58,0.72,20.0,8.0,0.5,24.0,5.0,0.68,0.78,0.5,24.0,5.0,0.68,0.78,17,0,0.132087,0.092247,8.294118,3.941176,0.0,0.0,0.919677,0.747059,0.172618,0.829994,{'public_balanced': 17},16,0,0.203408,0.117751,10.75,4.6875,0.030969,0.0,0.834037,0.75875,0.075287,0.847202,{'public_balanced': 16}
420,0.092247,1.0,public_balanced,0.9,0.3,0.02,0.0,0.02,0.05,0.04,0.8,0.84,0.58,0.72,20.0,8.0,0.5,24.0,5.0,0.68,0.78,0.5,24.0,5.0,0.68,0.78,17,0,0.126381,0.092247,8.294118,3.941176,0.0,0.0,0.919677,0.747059,0.172618,0.829994,{'public_balanced': 17},16,0,0.188599,0.121364,11.25,3.875,0.218231,0.0,0.854272,0.75875,0.095522,0.839188,{'public_balanced': 16}
421,0.092247,1.0,public_balanced,0.9,0.3,0.02,0.0,0.05,0.05,0.04,0.8,0.84,0.58,0.72,20.0,8.0,0.5,24.0,5.0,0.68,0.78,0.5,24.0,5.0,0.68,0.78,17,0,0.126381,0.092247,8.294118,3.941176,0.0,0.0,0.919677,0.747059,0.172618,0.829994,{'public_balanced': 17},16,0,0.191688,0.125471,11.5,4.8125,0.061937,0.0,0.853477,0.75875,0.094727,0.84243,{'public_balanced': 16}
422,0.092247,1.0,public_balanced,0.9,0.3,0.02,0.0,0.1,0.05,0.04,0.8,0.84,0.58,0.72,20.0,8.0,0.5,24.0,5.0,0.68,0.78,0.5,24.0,5.0,0.68,0.78,17,0,0.126381,0.092247,8.294118,3.941176,0.0,0.0,0.919677,0.747059,0.172618,0.829994,{'public_balanced': 17},16,0,0.193967,0.117751,10.75,4.6875,0.030969,0.0,0.834037,0.75875,0.075287,0.847202,{'public_balanced': 16}
423,0.092247,1.0,public_balanced,0.9,0.3,0.02,0.0,0.2,0.05,0.04,0.8,0.84,0.58,0.72,20.0,8.0,0.5,24.0,5.0,0.68,0.78,0.5,24.0,5.0,0.68,0.78,17,0,0.126381,0.092247,8.294118,3.941176,0.0,0.0,0.919677,0.747059,0.172618,0.829994,{'public_balanced': 17},16,0,0.197064,0.117751,10.75,4.6875,0.030969,0.0,0.834037,0.75875,0.075287,0.847202,{'public_balanced': 16}
424,0.09294284,1.0,public_balanced,0.9,0.3,0.02,0.01,0.02,0.05,0.04,0.8,0.84,0.58,0.72,20.0,8.0,0.5,24.0,5.0,0.68,0.78,0.5,24.0,5.0,0.68,0.78,17,0,0.130745,0.091396,8.470588,3.411765,0.038671,0.0,0.922293,0.747059,0.175234,0.829168,{'public_balanced': 17},16,0,0.193442,0.121364,11.25,3.875,0.218231,0.0,0.854272,0.75875,0.095522,0.839188,{'public_balanced': 16}
425,0.092247,1.0,public_balanced,0.9,0.3,0.02,0.01,0.05,0.05,0.04,0.8,0.84,0.58,0.72,20.0,8.0,0.5,24.0,5.0,0.68,0.78,0.5,24.0,5.0,0.68,0.78,17,0,0.131308,0.092247,8.294118,3.941176,0.0,0.0,0.919677,0.747059,0.172618,0.829994,{'public_balanced': 17},16,0,0.197704,0.125471,11.5,4.8125,0.061937,0.0,0.853477,0.75875,0.094727,0.84243,{'public_balanced': 16}
426,0.092247,1.0,public_balanced,0.9,0.3,0.02,0.01,0.1,0.05,0.04,0.8,0.84,0.58,0.72,20.0,8.0,0.5,24.0,5.0,0.68,0.78,0.5,24.0,5.0,0.68,0.78,17,0,0.131308,0.092247,8.294118,3.941176,0.0,0.0,0.919677,0.747059,0.172618,0.829994,{'public_balanced': 17},16,0,0.199827,0.117751,10.75,4.6875,0.030969,0.0,0.834037,0.75875,0.075287,0.847202,{'public_balanced': 16}
427,0.092247,1.0,public_balanced,0.9,0.3,0.02,0.01,0.2,0.05,0.04,0.8,0.84,0.58,0.72,20.0,8.0,0.5,24.0,5.0,0.68,0.78,0.5,24.0,5.0,0.68,0.78,17,0,0.131308,0.092247,8.294118,3.941176,0.0,0.0,0.919677,0.747059,0.172618,0.829994,{'public_balanced': 17},16,0,0.202923,0.117751,10.75,4.6875,0.030969,0.0,0.834037,0.75875,0.075287,0.847202,{'public_balanced': 16}
428,0.09294284,1.0,public_balanced,0.9,0.3,0.02,0.02,0.02,0.05,0.04,0.8,0.84,0.58,0.72,20.0,8.0,0.5,24.0,5.0,0.68,0.78,0.5,24.0,5.0,0.68,0.78,17,0,0.135009,0.091396,8.470588,3.411765,0.038671,0.0,0.922293,0.747059,0.175234,0.829168,{'public_balanced': 17},16,0,0.198286,0.121364,11.25,3.875,0.218231,0.0,0.854272,0.75875,0.095522,0.839188,{'public_balanced': 16}
429,0.09294284,1.0,public_balanced,0.9,0.3,0.02,0.02,0.05,0.05,0.04,0.8,0.84,0.58,0.72,20.0,8.0,0.5,24.0,5.0,0.68,0.78,0.5,24.0,5.0,0.68,0.78,17,0,0.136169,0.091396,8.470588,3.411765,0.038671,0.0,0.922293,0.747059,0.175234,0.829168,{'public_balanced': 17},16,0,0.203719,0.125471,11.5,4.8125,0.061937,0.0,0.853477,0.75875,0.094727,0.84243,{'public_balanced': 16}
430,0.092247,1.0,public_balanced,0.9,0.3,0.02,0.02,0.1,0.05,0.04,0.8,0.84,0.58,0.72,20.0,8.0,0.5,24.0,5.0,0.68,0.78,0.5,24.0,5.0,0.68,0.78,17,0,0.136234,0.092247,8.294118,3.941176,0.0,0.0,0.919677,0.747059,0.172618,0.829994,{'public_balanced': 17},16,0,0.205686,0.117751,10.75,4.6875,0.030969,0.0,0.834037,0.75875,0.075287,0.847202,{'public_balanced': 16}
431,0.092247,1.0,public_balanced,0.9,0.3,0.02,0.02,0.2,0.05,0.04,0.8,0.84,0.58,0.72,20.0,8.0,0.5,24.0,5.0,0.68,0.78,0.5,24.0,5.0,0.68,0.78,17,0,0.136234,0.092247,8.294118,3.941176,0.0,0.0,0.919677,0.747059,0.172618,0.829994,{'public_balanced': 17},16,0,0.208783,0.117751,10.75,4.6875,0.030969,0.0,0.834037,0.75875,0.075287,0.847202,{'public_balanced': 16}
432,0.09244584,1.0,public_conservative,0.35,0.05,0.0,0.0,0.02,0.05,0.04,0.8,0.84,0.58,0.72,20.0,8.0,0.5,24.0,5.0,0.68,0.78,0.5,24.0,5.0,0.68,0.78,17,0,0.10162,0.090899,8.411765,3.411765,0.038671,0.0,0.944574,0.788235,0.156339,0.812034,{'public_conservative': 17},16,0,0.144371,0.113644,10.5,3.75,0.187262,0.0,0.834832,0.800625,0.034207,0.843961,{'public_conservative': 16}
433,0.09175,1.0,public_conservative,0.35,0.05,0.0,0.0,0.05,0.05,0.04,0.8,0.84,0.58,0.72,20.0,8.0,0.5,24.0,5.0,0.68,0.78,0.5,24.0,5.0,0.68,0.78,17,0,0.101698,0.09175,8.235294,3.941176,0.0,0.0,0.941958,0.788235,0.153723,0.812861,{'public_conservative': 17},16,0,0.146281,0.117751,10.75,4.6875,0.030969,0.0,0.834037,0.800625,0.033412,0.847202,{'public_conservative': 16}
434,0.09175,1.0,public_conservative,0.35,0.05,0.0,0.0,0.1,0.05,0.04,0.8,0.84,0.58,0.72,20.0,8.0,0.5,24.0,5.0,0.68,0.78,0.5,24.0,5.0,0.68,0.78,17,0,0.101698,0.09175,8.235294,3.941176,0.0,0.0,0.941958,0.788235,0.153723,0.812861,{'public_conservative': 17},16,0,0.14783,0.117751,10.75,4.6875,0.030969,0.0,0.834037,0.800625,0.033412,0.847202,{'public_conservative': 16}
435,0.09175,1.0,public_conservative,0.35,0.05,0.0,0.0,0.2,0.05,0.04,0.8,0.84,0.58,0.72,20.0,8.0,0.5,24.0,5.0,0.68,0.78,0.5,24.0,5.0,0.68,0.78,17,0,0.101698,0.09175,8.235294,3.941176,0.0,0.0,0.941958,0.788235,0.153723,0.812861,{'public_conservative': 17},16,0,0.150927,0.117751,10.75,4.6875,0.030969,0.0,0.834037,0.800625,0.033412,0.847202,{'public_conservative': 16}
436,0.09244584,1.0,public_conservative,0.35,0.05,0.0,0.01,0.02,0.05,0.04,0.8,0.84,0.58,0.72,20.0,8.0,0.5,24.0,5.0,0.68,0.78,0.5,24.0,5.0,0.68,0.78,17,0,0.105885,0.090899,8.411765,3.411765,0.038671,0.0,0.944574,0.788235,0.156339,0.812034,{'public_conservative': 17},16,0,0.149058,0.113644,10.5,3.75,0.187262,0.0,0.834832,0.800625,0.034207,0.843961,{'public_conservative': 16}
437,0.09175,1.0,public_conservative,0.35,0.05,0.0,0.01,0.05,0.05,0.04,0.8,0.84,0.58,0.72,20.0,8.0,0.5,24.0,5.0,0.68,0.78,0.5,24.0,5.0,0.68,0.78,17,0,0.106625,0.09175,8.235294,3.941176,0.0,0.0,0.941958,0.788235,0.153723,0.812861,{'public_conservative': 17},16,0,0.152141,0.117751,10.75,4.6875,0.030969,0.0,0.834037,0.800625,0.033412,0.847202,{'public_conservative': 16}
438,0.09175,1.0,public_conservative,0.35,0.05,0.0,0.01,0.1,0.05,0.04,0.8,0.84,0.58,0.72,20.0,8.0,0.5,24.0,5.0,0.68,0.78,0.5,24.0,5.0,0.68,0.78,17,0,0.106625,0.09175,8.235294,3.941176,0.0,0.0,0.941958,0.788235,0.153723,0.812861,{'public_conservative': 17},16,0,0.153689,0.117751,10.75,4.6875,0.030969,0.0,0.834037,0.800625,0.033412,0.847202,{'public_conservative': 16}
439,0.09175,1.0,public_conservative,0.35,0.05,0.0,0.01,0.2,0.05,0.04,0.8,0.84,0.58,0.72,20.0,8.0,0.5,24.0,5.0,0.68,0.78,0.5,24.0,5.0,0.68,0.78,17,0,0.106625,0.09175,8.235294,3.941176,0.0,0.0,0.941958,0.788235,0.153723,0.812861,{'public_conservative': 17},16,0,0.156786,0.117751,10.75,4.6875,0.030969,0.0,0.834037,0.800625,0.033412,0.847202,{'public_conservative': 16}
440,0.09244584,1.0,public_conservative,0.35,0.05,0.0,0.02,0.02,0.05,0.04,0.8,0.84,0.58,0.72,20.0,8.0,0.5,24.0,5.0,0.68,0.78,0.5,24.0,5.0,0.68,0.78,17,0,0.11015,0.090899,8.411765,3.411765,0.038671,0.0,0.944574,0.788235,0.156339,0.812034,{'public_conservative': 17},16,0,0.153746,0.113644,10.5,3.75,0.187262,0.0,0.834832,0.800625,0.034207,0.843961,{'public_conservative': 16}
441,0.09244584,1.0,public_conservative,0.35,0.05,0.0,0.02,0.05,0.05,0.04,0.8,0.84,0.58,0.72,20.0,8.0,0.5,24.0,5.0,0.68,0.78,0.5,24.0,5.0,0.68,0.78,17,0,0.11131,0.090899,8.411765,3.411765,0.038671,0.0,0.944574,0.788235,0.156339,0.812034,{'public_conservative': 17},16,0,0.158,0.117751,10.75,4.6875,0.030969,0.0,0.834037,0.800625,0.033412,0.847202,{'public_conservative': 16}
442,0.09175,1.0,public_conservative,0.35,0.05,0.0,0.02,0.1,0.05,0.04,0.8,0.84,0.58,0.72,20.0,8.0,0.5,24.0,5.0,0.68,0.78,0.5,24.0,5.0,0.68,0.78,17,0,0.111551,0.09175,8.235294,3.941176,0.0,0.0,0.941958,0.788235,0.153723,0.812861,{'public_conservative': 17},16,0,0.159549,0.117751,10.75,4.6875,0.030969,0.0,0.834037,0.800625,0.033412,0.847202,{'public_conservative': 16}
443,0.09175,1.0,public_conservative,0.35,0.05,0.0,0.02,0.2,0.05,0.04,0.8,0.84,0.58,0.72,20.0,8.0,0.5,24.0,5.0,0.68,0.78,0.5,24.0,5.0,0.68,0.78,17,0,0.111551,0.09175,8.235294,3.941176,0.0,0.0,0.941958,0.788235,0.153723,0.812861,{'public_conservative': 17},16,0,0.162645,0.117751,10.75,4.6875,0.030969,0.0,0.834037,0.800625,0.033412,0.847202,{'public_conservative': 16}
444,0.09175,1.0,public_conservative,0.35,0.05,0.01,0.0,0.02,0.05,0.04,0.8,0.84,0.58,0.72,20.0,8.0,0.5,24.0,5.0,0.68,0.78,0.5,24.0,5.0,0.68,0.78,17,0,0.105816,0.09175,8.235294,3.941176,0.0,0.0,0.941958,0.788235,0.153723,0.812861,{'public_conservative': 17},16,0,0.149621,0.113644,10.5,3.75,0.187262,0.0,0.834832,0.800625,0.034207,0.843961,{'public_conservative': 16}
445,0.09175,1.0,public_conservative,0.35,0.05,0.01,0.0,0.05,0.05,0.04,0.8,0.84,0.58,0.72,20.0,8.0,0.5,24.0,5.0,0.68,0.78,0.5,24.0,5.0,0.68,0.78,17,0,0.105816,0.09175,8.235294,3.941176,0.0,0.0,0.941958,0.788235,0.153723,0.812861,{'public_conservative': 17},16,0,0.151656,0.117751,10.75,4.6875,0.030969,0.0,0.834037,0.800625,0.033412,0.847202,{'public_conservative': 16}
446,0.09175,1.0,public_conservative,0.35,0.05,0.01,0.0,0.1,0.05,0.04,0.8,0.84,0.58,0.72,20.0,8.0,0.5,24.0,5.0,0.68,0.78,0.5,24.0,5.0,0.68,0.78,17,0,0.105816,0.09175,8.235294,3.941176,0.0,0.0,0.941958,0.788235,0.153723,0.812861,{'public_conservative': 17},16,0,0.153205,0.117751,10.75,4.6875,0.030969,0.0,0.834037,0.800625,0.033412,0.847202,{'public_conservative': 16}
447,0.09175,1.0,public_conservative,0.35,0.05,0.01,0.0,0.2,0.05,0.04,0.8,0.84,0.58,0.72,20.0,8.0,0.5,24.0,5.0,0.68,0.78,0.5,24.0,5.0,0.68,0.78,17,0,0.105816,0.09175,8.235294,3.941176,0.0,0.0,0.941958,0.788235,0.153723,0.812861,{'public_conservative': 17},16,0,0.156302,0.117751,10.75,4.6875,0.030969,0.0,0.834037,0.800625,0.033412,0.847202,{'public_conservative': 16}
448,0.09244584,1.0,public_conservative,0.35,0.05,0.01,0.01,0.02,0.05,0.04,0.8,0.84,0.58,0.72,20.0,8.0,0.5,24.0,5.0,0.68,0.78,0.5,24.0,5.0,0.68,0.78,17,0,0.110091,0.090899,8.411765,3.411765,0.038671,0.0,0.944574,0.788235,0.156339,0.812034,{'public_conservative': 17},16,0,0.154308,0.113644,10.5,3.75,0.187262,0.0,0.834832,0.800625,0.034207,0.843961,{'public_conservative': 16}
449,0.09175,1.0,public_conservative,0.35,0.05,0.01,0.01,0.05,0.05,0.04,0.8,0.84,0.58,0.72,20.0,8.0,0.5,24.0,5.0,0.68,0.78,0.5,24.0,5.0,0.68,0.78,17,0,0.110742,0.09175,8.235294,3.941176,0.0,0.0,0.941958,0.788235,0.153723,0.812861,{'public_conservative': 17},16,0,0.157516,0.117751,10.75,4.6875,0.030969,0.0,0.834037,0.800625,0.033412,0.847202,{'public_conservative': 16}
450,0.09175,1.0,public_conservative,0.35,0.05,0.01,0.01,0.1,0.05,0.04,0.8,0.84,0.58,0.72,20.0,8.0,0.5,24.0,5.0,0.68,0.78,0.5,24.0,5.0,0.68,0.78,17,0,0.110742,0.09175,8.235294,3.941176,0.0,0.0,0.941958,0.788235,0.153723,0.812861,{'public_conservative': 17},16,0,0.159064,0.117751,10.75,4.6875,0.030969,0.0,0.834037,0.800625,0.033412,0.847202,{'public_conservative': 16}
451,0.09175,1.0,public_conservative,0.35,0.05,0.01,0.01,0.2,0.05,0.04,0.8,0.84,0.58,0.72,20.0,8.0,0.5,24.0,5.0,0.68,0.78,0.5,24.0,5.0,0.68,0.78,17,0,0.110742,0.09175,8.235294,3.941176,0.0,0.0,0.941958,0.788235,0.153723,0.812861,{'public_conservative': 17},16,0,0.162161,0.117751,10.75,4.6875,0.030969,0.0,0.834037,0.800625,0.033412,0.847202,{'public_conservative': 16}
452,0.09244584,1.0,public_conservative,0.35,0.05,0.01,0.02,0.02,0.05,0.04,0.8,0.84,0.58,0.72,20.0,8.0,0.5,24.0,5.0,0.68,0.78,0.5,24.0,5.0,0.68,0.78,17,0,0.114355,0.090899,8.411765,3.411765,0.038671,0.0,0.944574,0.788235,0.156339,0.812034,{'public_conservative': 17},16,0,0.158996,0.113644,10.5,3.75,0.187262,0.0,0.834832,0.800625,0.034207,0.843961,{'public_conservative': 16}
453,0.09244584,1.0,public_conservative,0.35,0.05,0.01,0.02,0.05,0.05,0.04,0.8,0.84,0.58,0.72,20.0,8.0,0.5,24.0,5.0,0.68,0.78,0.5,24.0,5.0,0.68,0.78,17,0,0.115516,0.090899,8.411765,3.411765,0.038671,0.0,0.944574,0.788235,0.156339,0.812034,{'public_conservative': 17},16,0,0.163375,0.117751,10.75,4.6875,0.030969,0.0,0.834037,0.800625,0.033412,0.847202,{'public_conservative': 16}
454,0.09175,1.0,public_conservative,0.35,0.05,0.01,0.02,0.1,0.05,0.04,0.8,0.84,0.58,0.72,20.0,8.0,0.5,24.0,5.0,0.68,0.78,0.5,24.0,5.0,0.68,0.78,17,0,0.115669,0.09175,8.235294,3.941176,0.0,0.0,0.941958,0.788235,0.153723,0.812861,{'public_conservative': 17},16,0,0.164924,0.117751,10.75,4.6875,0.030969,0.0,0.834037,0.800625,0.033412,0.847202,{'public_conservative': 16}
455,0.09175,1.0,public_conservative,0.35,0.05,0.01,0.02,0.2,0.05,0.04,0.8,0.84,0.58,0.72,20.0,8.0,0.5,24.0,5.0,0.68,0.78,0.5,24.0,5.0,0.68,0.78,17,0,0.115669,0.09175,8.235294,3.941176,0.0,0.0,0.941958,0.788235,0.153723,0.812861,{'public_conservative': 17},16,0,0.16802,0.117751,10.75,4.6875,0.030969,0.0,0.834037,0.800625,0.033412,0.847202,{'public_conservative': 16}
456,0.09175,1.0,public_conservative,0.35,0.05,0.02,0.0,0.02,0.05,0.04,0.8,0.84,0.58,0.72,20.0,8.0,0.5,24.0,5.0,0.68,0.78,0.5,24.0,5.0,0.68,0.78,17,0,0.109933,0.09175,8.235294,3.941176,0.0,0.0,0.941958,0.788235,0.153723,0.812861,{'public_conservative': 17},16,0,0.154871,0.113644,10.5,3.75,0.187262,0.0,0.834832,0.800625,0.034207,0.843961,{'public_conservative': 16}
457,0.09175,1.0,public_conservative,0.35,0.05,0.02,0.0,0.05,0.05,0.04,0.8,0.84,0.58,0.72,20.0,8.0,0.5,24.0,5.0,0.68,0.78,0.5,24.0,5.0,0.68,0.78,17,0,0.109933,0.09175,8.235294,3.941176,0.0,0.0,0.941958,0.788235,0.153723,0.812861,{'public_conservative': 17},16,0,0.157031,0.117751,10.75,4.6875,0.030969,0.0,0.834037,0.800625,0.033412,0.847202,{'public_conservative': 16}
458,0.09175,1.0,public_conservative,0.35,0.05,0.02,0.0,0.1,0.05,0.04,0.8,0.84,0.58,0.72,20.0,8.0,0.5,24.0,5.0,0.68,0.78,0.5,24.0,5.0,0.68,0.78,17,0,0.109933,0.09175,8.235294,3.941176,0.0,0.0,0.941958,0.788235,0.153723,0.812861,{'public_conservative': 17},16,0,0.15858,0.117751,10.75,4.6875,0.030969,0.0,0.834037,0.800625,0.033412,0.847202,{'public_conservative': 16}
459,0.09175,1.0,public_conservative,0.35,0.05,0.02,0.0,0.2,0.05,0.04,0.8,0.84,0.58,0.72,20.0,8.0,0.5,24.0,5.0,0.68,0.78,0.5,24.0,5.0,0.68,0.78,17,0,0.109933,0.09175,8.235294,3.941176,0.0,0.0,0.941958,0.788235,0.153723,0.812861,{'public_conservative': 17},16,0,0.161677,0.117751,10.75,4.6875,0.030969,0.0,0.834037,0.800625,0.033412,0.847202,{'public_conservative': 16}
460,0.09244584,1.0,public_conservative,0.35,0.05,0.02,0.01,0.02,0.05,0.04,0.8,0.84,0.58,0.72,20.0,8.0,0.5,24.0,5.0,0.68,0.78,0.5,24.0,5.0,0.68,0.78,17,0,0.114297,0.090899,8.411765,3.411765,0.038671,0.0,0.944574,0.788235,0.156339,0.812034,{'public_conservative': 17},16,0,0.159558,0.113644,10.5,3.75,0.187262,0.0,0.834832,0.800625,0.034207,0.843961,{'public_conservative': 16}
461,0.09175,1.0,public_conservative,0.35,0.05,0.02,0.01,0.05,0.05,0.04,0.8,0.84,0.58,0.72,20.0,8.0,0.5,24.0,5.0,0.68,0.78,0.5,24.0,5.0,0.68,0.78,17,0,0.11486,0.09175,8.235294,3.941176,0.0,0.0,0.941958,0.788235,0.153723,0.812861,{'public_conservative': 17},16,0,0.162891,0.117751,10.75,4.6875,0.030969,0.0,0.834037,0.800625,0.033412,0.847202,{'public_conservative': 16}
462,0.09175,1.0,public_conservative,0.35,0.05,0.02,0.01,0.1,0.05,0.04,0.8,0.84,0.58,0.72,20.0,8.0,0.5,24.0,5.0,0.68,0.78,0.5,24.0,5.0,0.68,0.78,17,0,0.11486,0.09175,8.235294,3.941176,0.0,0.0,0.941958,0.788235,0.153723,0.812861,{'public_conservative': 17},16,0,0.164439,0.117751,10.75,4.6875,0.030969,0.0,0.834037,0.800625,0.033412,0.847202,{'public_conservative': 16}
463,0.09175,1.0,public_conservative,0.35,0.05,0.02,0.01,0.2,0.05,0.04,0.8,0.84,0.58,0.72,20.0,8.0,0.5,24.0,5.0,0.68,0.78,0.5,24.0,5.0,0.68,0.78,17,0,0.11486,0.09175,8.235294,3.941176,0.0,0.0,0.941958,0.788235,0.153723,0.812861,{'public_conservative': 17},16,0,0.167536,0.117751,10.75,4.6875,0.030969,0.0,0.834037,0.800625,0.033412,0.847202,{'public_conservative': 16}
464,0.09244584,1.0,public_conservative,0.35,0.05,0.02,0.02,0.02,0.05,0.04,0.8,0.84,0.58,0.72,20.0,8.0,0.5,24.0,5.0,0.68,0.78,0.5,24.0,5.0,0.68,0.78,17,0,0.118561,0.090899,8.411765,3.411765,0.038671,0.0,0.944574,0.788235,0.156339,0.812034,{'public_conservative': 17},16,0,0.163897,0.100983,9.5,3.0,0.187262,0.0,0.785567,0.800625,-0.015058,0.849953,{'public_conservative': 16}
465,0.09244584,1.0,public_conservative,0.35,0.05,0.02,0.02,0.05,0.05,0.04,0.8,0.84,0.58,0.72,20.0,8.0,0.5,24.0,5.0,0.68,0.78,0.5,24.0,5.0,0.68,0.78,17,0,0.119721,0.090899,8.411765,3.411765,0.038671,0.0,0.944574,0.788235,0.156339,0.812034,{'public_conservative': 17},16,0,0.168401,0.10509,9.75,3.9375,0.030969,0.0,0.784772,0.800625,-0.015853,0.853195,{'public_conservative': 16}
466,0.09175,1.0,public_conservative,0.35,0.05,0.02,0.02,0.1,0.05,0.04,0.8,0.84,0.58,0.72,20.0,8.0,0.5,24.0,5.0,0.68,0.78,0.5,24.0,5.0,0.68,0.78,17,0,0.119786,0.09175,8.235294,3.941176,0.0,0.0,0.941958,0.788235,0.153723,0.812861,{'public_conservative': 17},16,0,0.16995,0.10509,9.75,3.9375,0.030969,0.0,0.784772,0.800625,-0.015853,0.853195,{'public_conservative': 16}
467,0.09175,1.0,public_conservative,0.35,0.05,0.02,0.02,0.2,0.05,0.04,0.8,0.84,0.58,0.72,20.0,8.0,0.5,24.0,5.0,0.68,0.78,0.5,24.0,5.0,0.68,0.78,17,0,0.119786,0.09175,8.235294,3.941176,0.0,0.0,0.941958,0.788235,0.153723,0.812861,{'public_conservative': 17},16,0,0.173046,0.10509,9.75,3.9375,0.030969,0.0,0.784772,0.800625,-0.015853,0.853195,{'public_conservative': 16}
468,0.09244584,1.0,public_conservative,0.35,0.15,0.0,0.0,0.02,0.05,0.04,0.8,0.84,0.58,0.72,20.0,8.0,0.5,24.0,5.0,0.68,0.78,0.5,24.0,5.0,0.68,0.78,17,0,0.103766,0.090899,8.411765,3.411765,0.038671,0.0,0.944574,0.788235,0.156339,0.812034,{'public_conservative': 17},16,0,0.145548,0.113644,10.5,3.75,0.187262,0.0,0.834832,0.800625,0.034207,0.843961,{'public_conservative': 16}
469,0.09175,1.0,public_conservative,0.35,0.15,0.0,0.0,0.05,0.05,0.04,0.8,0.84,0.58,0.72,20.0,8.0,0.5,24.0,5.0,0.68,0.78,0.5,24.0,5.0,0.68,0.78,17,0,0.103844,0.09175,8.235294,3.941176,0.0,0.0,0.941958,0.788235,0.153723,0.812861,{'public_conservative': 17},16,0,0.147459,0.117751,10.75,4.6875,0.030969,0.0,0.834037,0.800625,0.033412,0.847202,{'public_conservative': 16}
470,0.09175,1.0,public_conservative,0.35,0.15,0.0,0.0,0.1,0.05,0.04,0.8,0.84,0.58,0.72,20.0,8.0,0.5,24.0,5.0,0.68,0.78,0.5,24.0,5.0,0.68,0.78,17,0,0.103844,0.09175,8.235294,3.941176,0.0,0.0,0.941958,0.788235,0.153723,0.812861,{'public_conservative': 17},16,0,0.149007,0.117751,10.75,4.6875,0.030969,0.0,0.834037,0.800625,0.033412,0.847202,{'public_conservative': 16}
471,0.09175,1.0,public_conservative,0.35,0.15,0.0,0.0,0.2,0.05,0.04,0.8,0.84,0.58,0.72,20.0,8.0,0.5,24.0,5.0,0.68,0.78,0.5,24.0,5.0,0.68,0.78,17,0,0.103844,0.09175,8.235294,3.941176,0.0,0.0,0.941958,0.788235,0.153723,0.812861,{'public_conservative': 17},16,0,0.152104,0.117751,10.75,4.6875,0.030969,0.0,0.834037,0.800625,0.033412,0.847202,{'public_conservative': 16}
472,0.09244584,1.0,public_conservative,0.35,0.15,0.0,0.01,0.02,0.05,0.04,0.8,0.84,0.58,0.72,20.0,8.0,0.5,24.0,5.0,0.68,0.78,0.5,24.0,5.0,0.68,0.78,17,0,0.108031,0.090899,8.411765,3.411765,0.038671,0.0,0.944574,0.788235,0.156339,0.812034,{'public_conservative': 17},16,0,0.150236,0.113644,10.5,3.75,0.187262,0.0,0.834832,0.800625,0.034207,0.843961,{'public_conservative': 16}
473,0.09175,1.0,public_conservative,0.35,0.15,0.0,0.01,0.05,0.05,0.04,0.8,0.84,0.58,0.72,20.0,8.0,0.5,24.0,5.0,0.68,0.78,0.5,24.0,5.0,0.68,0.78,17,0,0.10877,0.09175,8.235294,3.941176,0.0,0.0,0.941958,0.788235,0.153723,0.812861,{'public_conservative': 17},16,0,0.153318,0.117751,10.75,4.6875,0.030969,0.0,0.834037,0.800625,0.033412,0.847202,{'public_conservative': 16}
474,0.09175,1.0,public_conservative,0.35,0.15,0.0,0.01,0.1,0.05,0.04,0.8,0.84,0.58,0.72,20.0,8.0,0.5,24.0,5.0,0.68,0.78,0.5,24.0,5.0,0.68,0.78,17,0,0.10877,0.09175,8.235294,3.941176,0.0,0.0,0.941958,0.788235,0.153723,0.812861,{'public_conservative': 17},16,0,0.154867,0.117751,10.75,4.6875,0.030969,0.0,0.834037,0.800625,0.033412,0.847202,{'public_conservative': 16}
475,0.09175,1.0,public_conservative,0.35,0.15,0.0,0.01,0.2,0.05,0.04,0.8,0.84,0.58,0.72,20.0,8.0,0.5,24.0,5.0,0.68,0.78,0.5,24.0,5.0,0.68,0.78,17,0,0.10877,0.09175,8.235294,3.941176,0.0,0.0,0.941958,0.788235,0.153723,0.812861,{'public_conservative': 17},16,0,0.157964,0.117751,10.75,4.6875,0.030969,0.0,0.834037,0.800625,0.033412,0.847202,{'public_conservative': 16}
476,0.09244584,1.0,public_conservative,0.35,0.15,0.0,0.02,0.02,0.05,0.04,0.8,0.84,0.58,0.72,20.0,8.0,0.5,24.0,5.0,0.68,0.78,0.5,24.0,5.0,0.68,0.78,17,0,0.112295,0.090899,8.411765,3.411765,0.038671,0.0,0.944574,0.788235,0.156339,0.812034,{'public_conservative': 17},16,0,0.154923,0.113644,10.5,3.75,0.187262,0.0,0.834832,0.800625,0.034207,0.843961,{'public_conservative': 16}
477,0.09244584,1.0,public_conservative,0.35,0.15,0.0,0.02,0.05,0.05,0.04,0.8,0.84,0.58,0.72,20.0,8.0,0.5,24.0,5.0,0.68,0.78,0.5,24.0,5.0,0.68,0.78,17,0,0.113455,0.090899,8.411765,3.411765,0.038671,0.0,0.944574,0.788235,0.156339,0.812034,{'public_conservative': 17},16,0,0.159178,0.117751,10.75,4.6875,0.030969,0.0,0.834037,0.800625,0.033412,0.847202,{'public_conservative': 16}
478,0.09175,1.0,public_conservative,0.35,0.15,0.0,0.02,0.1,0.05,0.04,0.8,0.84,0.58,0.72,20.0,8.0,0.5,24.0,5.0,0.68,0.78,0.5,24.0,5.0,0.68,0.78,17,0,0.113697,0.09175,8.235294,3.941176,0.0,0.0,0.941958,0.788235,0.153723,0.812861,{'public_conservative': 17},16,0,0.160726,0.117751,10.75,4.6875,0.030969,0.0,0.834037,0.800625,0.033412,0.847202,{'public_conservative': 16}
479,0.09175,1.0,public_conservative,0.35,0.15,0.0,0.02,0.2,0.05,0.04,0.8,0.84,0.58,0.72,20.0,8.0,0.5,24.0,5.0,0.68,0.78,0.5,24.0,5.0,0.68,0.78,17,0,0.113697,0.09175,8.235294,3.941176,0.0,0.0,0.941958,0.788235,0.153723,0.812861,{'public_conservative': 17},16,0,0.163823,0.117751,10.75,4.6875,0.030969,0.0,0.834037,0.800625,0.033412,0.847202,{'public_conservative': 16}
480,0.09175,1.0,public_conservative,0.35,0.15,0.01,0.0,0.02,0.05,0.04,0.8,0.84,0.58,0.72,20.0,8.0,0.5,24.0,5.0,0.68,0.78,0.5,24.0,5.0,0.68,0.78,17,0,0.107961,0.09175,8.235294,3.941176,0.0,0.0,0.941958,0.788235,0.153723,0.812861,{'public_conservative': 17},16,0,0.150798,0.113644,10.5,3.75,0.187262,0.0,0.834832,0.800625,0.034207,0.843961,{'public_conservative': 16}
481,0.09175,1.0,public_conservative,0.35,0.15,0.01,0.0,0.05,0.05,0.04,0.8,0.84,0.58,0.72,20.0,8.0,0.5,24.0,5.0,0.68,0.78,0.5,24.0,5.0,0.68,0.78,17,0,0.107961,0.09175,8.235294,3.941176,0.0,0.0,0.941958,0.788235,0.153723,0.812861,{'public_conservative': 17},16,0,0.152834,0.117751,10.75,4.6875,0.030969,0.0,0.834037,0.800625,0.033412,0.847202,{'public_conservative': 16}
482,0.09175,1.0,public_conservative,0.35,0.15,0.01,0.0,0.1,0.05,0.04,0.8,0.84,0.58,0.72,20.0,8.0,0.5,24.0,5.0,0.68,0.78,0.5,24.0,5.0,0.68,0.78,17,0,0.107961,0.09175,8.235294,3.941176,0.0,0.0,0.941958,0.788235,0.153723,0.812861,{'public_conservative': 17},16,0,0.154382,0.117751,10.75,4.6875,0.030969,0.0,0.834037,0.800625,0.033412,0.847202,{'public_conservative': 16}
483,0.09175,1.0,public_conservative,0.35,0.15,0.01,0.0,0.2,0.05,0.04,0.8,0.84,0.58,0.72,20.0,8.0,0.5,24.0,5.0,0.68,0.78,0.5,24.0,5.0,0.68,0.78,17,0,0.107961,0.09175,8.235294,3.941176,0.0,0.0,0.941958,0.788235,0.153723,0.812861,{'public_conservative': 17},16,0,0.157479,0.117751,10.75,4.6875,0.030969,0.0,0.834037,0.800625,0.033412,0.847202,{'public_conservative': 16}
484,0.09244584,1.0,public_conservative,0.35,0.15,0.01,0.01,0.02,0.05,0.04,0.8,0.84,0.58,0.72,20.0,8.0,0.5,24.0,5.0,0.68,0.78,0.5,24.0,5.0,0.68,0.78,17,0,0.112236,0.090899,8.411765,3.411765,0.038671,0.0,0.944574,0.788235,0.156339,0.812034,{'public_conservative': 17},16,0,0.155486,0.113644,10.5,3.75,0.187262,0.0,0.834832,0.800625,0.034207,0.843961,{'public_conservative': 16}
485,0.09175,1.0,public_conservative,0.35,0.15,0.01,0.01,0.05,0.05,0.04,0.8,0.84,0.58,0.72,20.0,8.0,0.5,24.0,5.0,0.68,0.78,0.5,24.0,5.0,0.68,0.78,17,0,0.112888,0.09175,8.235294,3.941176,0.0,0.0,0.941958,0.788235,0.153723,0.812861,{'public_conservative': 17},16,0,0.158693,0.117751,10.75,4.6875,0.030969,0.0,0.834037,0.800625,0.033412,0.847202,{'public_conservative': 16}
486,0.09175,1.0,public_conservative,0.35,0.15,0.01,0.01,0.1,0.05,0.04,0.8,0.84,0.58,0.72,20.0,8.0,0.5,24.0,5.0,0.68,0.78,0.5,24.0,5.0,0.68,0.78,17,0,0.112888,0.09175,8.235294,3.941176,0.0,0.0,0.941958,0.788235,0.153723,0.812861,{'public_conservative': 17},16,0,0.160242,0.117751,10.75,4.6875,0.030969,0.0,0.834037,0.800625,0.033412,0.847202,{'public_conservative': 16}
487,0.09175,1.0,public_conservative,0.35,0.15,0.01,0.01,0.2,0.05,0.04,0.8,0.84,0.58,0.72,20.0,8.0,0.5,24.0,5.0,0.68,0.78,0.5,24.0,5.0,0.68,0.78,17,0,0.112888,0.09175,8.235294,3.941176,0.0,0.0,0.941958,0.788235,0.153723,0.812861,{'public_conservative': 17},16,0,0.163339,0.117751,10.75,4.6875,0.030969,0.0,0.834037,0.800625,0.033412,0.847202,{'public_conservative': 16}
488,0.09244584,1.0,public_conservative,0.35,0.15,0.01,0.02,0.02,0.05,0.04,0.8,0.84,0.58,0.72,20.0,8.0,0.5,24.0,5.0,0.68,0.78,0.5,24.0,5.0,0.68,0.78,17,0,0.116501,0.090899,8.411765,3.411765,0.038671,0.0,0.944574,0.788235,0.156339,0.812034,{'public_conservative': 17},16,0,0.160173,0.113644,10.5,3.75,0.187262,0.0,0.834832,0.800625,0.034207,0.843961,{'public_conservative': 16}
489,0.09244584,1.0,public_conservative,0.35,0.15,0.01,0.02,0.05,0.05,0.04,0.8,0.84,0.58,0.72,20.0,8.0,0.5,24.0,5.0,0.68,0.78,0.5,24.0,5.0,0.68,0.78,17,0,0.117661,0.090899,8.411765,3.411765,0.038671,0.0,0.944574,0.788235,0.156339,0.812034,{'public_conservative': 17},16,0,0.164553,0.117751,10.75,4.6875,0.030969,0.0,0.834037,0.800625,0.033412,0.847202,{'public_conservative': 16}
490,0.09175,1.0,public_conservative,0.35,0.15,0.01,0.02,0.1,0.05,0.04,0.8,0.84,0.58,0.72,20.0,8.0,0.5,24.0,5.0,0.68,0.78,0.5,24.0,5.0,0.68,0.78,17,0,0.117814,0.09175,8.235294,3.941176,0.0,0.0,0.941958,0.788235,0.153723,0.812861,{'public_conservative': 17},16,0,0.166101,0.117751,10.75,4.6875,0.030969,0.0,0.834037,0.800625,0.033412,0.847202,{'public_conservative': 16}
491,0.09175,1.0,public_conservative,0.35,0.15,0.01,0.02,0.2,0.05,0.04,0.8,0.84,0.58,0.72,20.0,8.0,0.5,24.0,5.0,0.68,0.78,0.5,24.0,5.0,0.68,0.78,17,0,0.117814,0.09175,8.235294,3.941176,0.0,0.0,0.941958,0.788235,0.153723,0.812861,{'public_conservative': 17},16,0,0.169198,0.117751,10.75,4.6875,0.030969,0.0,0.834037,0.800625,0.033412,0.847202,{'public_conservative': 16}
492,0.09175,1.0,public_conservative,0.35,0.15,0.02,0.0,0.02,0.05,0.04,0.8,0.84,0.58,0.72,20.0,8.0,0.5,24.0,5.0,0.68,0.78,0.5,24.0,5.0,0.68,0.78,17,0,0.112079,0.09175,8.235294,3.941176,0.0,0.0,0.941958,0.788235,0.153723,0.812861,{'public_conservative': 17},16,0,0.156048,0.113644,10.5,3.75,0.187262,0.0,0.834832,0.800625,0.034207,0.843961,{'public_conservative': 16}
493,0.09175,1.0,public_conservative,0.35,0.15,0.02,0.0,0.05,0.05,0.04,0.8,0.84,0.58,0.72,20.0,8.0,0.5,24.0,5.0,0.68,0.78,0.5,24.0,5.0,0.68,0.78,17,0,0.112079,0.09175,8.235294,3.941176,0.0,0.0,0.941958,0.788235,0.153723,0.812861,{'public_conservative': 17},16,0,0.158209,0.117751,10.75,4.6875,0.030969,0.0,0.834037,0.800625,0.033412,0.847202,{'public_conservative': 16}
494,0.09175,1.0,public_conservative,0.35,0.15,0.02,0.0,0.1,0.05,0.04,0.8,0.84,0.58,0.72,20.0,8.0,0.5,24.0,5.0,0.68,0.78,0.5,24.0,5.0,0.68,0.78,17,0,0.112079,0.09175,8.235294,3.941176,0.0,0.0,0.941958,0.788235,0.153723,0.812861,{'public_conservative': 17},16,0,0.159757,0.117751,10.75,4.6875,0.030969,0.0,0.834037,0.800625,0.033412,0.847202,{'public_conservative': 16}
495,0.09175,1.0,public_conservative,0.35,0.15,0.02,0.0,0.2,0.05,0.04,0.8,0.84,0.58,0.72,20.0,8.0,0.5,24.0,5.0,0.68,0.78,0.5,24.0,5.0,0.68,0.78,17,0,0.112079,0.09175,8.235294,3.941176,0.0,0.0,0.941958,0.788235,0.153723,0.812861,{'public_conservative': 17},16,0,0.162854,0.117751,10.75,4.6875,0.030969,0.0,0.834037,0.800625,0.033412,0.847202,{'public_conservative': 16}
496,0.09244584,1.0,public_conservative,0.35,0.15,0.02,0.01,0.02,0.05,0.04,0.8,0.84,0.58,0.72,20.0,8.0,0.5,24.0,5.0,0.68,0.78,0.5,24.0,5.0,0.68,0.78,17,0,0.116442,0.090899,8.411765,3.411765,0.038671,0.0,0.944574,0.788235,0.156339,0.812034,{'public_conservative': 17},16,0,0.160736,0.113644,10.5,3.75,0.187262,0.0,0.834832,0.800625,0.034207,0.843961,{'public_conservative': 16}
497,0.09175,1.0,public_conservative,0.35,0.15,0.02,0.01,0.05,0.05,0.04,0.8,0.84,0.58,0.72,20.0,8.0,0.5,24.0,5.0,0.68,0.78,0.5,24.0,5.0,0.68,0.78,17,0,0.117005,0.09175,8.235294,3.941176,0.0,0.0,0.941958,0.788235,0.153723,0.812861,{'public_conservative': 17},16,0,0.164068,0.117751,10.75,4.6875,0.030969,0.0,0.834037,0.800625,0.033412,0.847202,{'public_conservative': 16}
498,0.09175,1.0,public_conservative,0.35,0.15,0.02,0.01,0.1,0.05,0.04,0.8,0.84,0.58,0.72,20.0,8.0,0.5,24.0,5.0,0.68,0.78,0.5,24.0,5.0,0.68,0.78,17,0,0.117005,0.09175,8.235294,3.941176,0.0,0.0,0.941958,0.788235,0.153723,0.812861,{'public_conservative': 17},16,0,0.165617,0.117751,10.75,4.6875,0.030969,0.0,0.834037,0.800625,0.033412,0.847202,{'public_conservative': 16}
499,0.09175,1.0,public_conservative,0.35,0.15,0.02,0.01,0.2,0.05,0.04,0.8,0.84,0.58,0.72,20.0,8.0,0.5,24.0,5.0,0.68,0.78,0.5,24.0,5.0,0.68,0.78,17,0,0.117005,0.09175,8.235294,3.941176,0.0,0.0,0.941958,0.788235,0.153723,0.812861,{'public_conservative': 17},16,0,0.168714,0.117751,10.75,4.6875,0.030969,0.0,0.834037,0.800625,0.033412,0.847202,{'public_conservative': 16}
500,0.09244584,1.0,public_conservative,0.35,0.15,0.02,0.02,0.02,0.05,0.04,0.8,0.84,0.58,0.72,20.0,8.0,0.5,24.0,5.0,0.68,0.78,0.5,24.0,5.0,0.68,0.78,17,0,0.120707,0.090899,8.411765,3.411765,0.038671,0.0,0.944574,0.788235,0.156339,0.812034,{'public_conservative': 17},16,0,0.165074,0.100983,9.5,3.0,0.187262,0.0,0.785567,0.800625,-0.015058,0.849953,{'public_conservative': 16}
501,0.09244584,1.0,public_conservative,0.35,0.15,0.02,0.02,0.05,0.05,0.04,0.8,0.84,0.58,0.72,20.0,8.0,0.5,24.0,5.0,0.68,0.78,0.5,24.0,5.0,0.68,0.78,17,0,0.121867,0.090899,8.411765,3.411765,0.038671,0.0,0.944574,0.788235,0.156339,0.812034,{'public_conservative': 17},16,0,0.169579,0.10509,9.75,3.9375,0.030969,0.0,0.784772,0.800625,-0.015853,0.853195,{'public_conservative': 16}
502,0.09175,1.0,public_conservative,0.35,0.15,0.02,0.02,0.1,0.05,0.04,0.8,0.84,0.58,0.72,20.0,8.0,0.5,24.0,5.0,0.68,0.78,0.5,24.0,5.0,0.68,0.78,17,0,0.121932,0.09175,8.235294,3.941176,0.0,0.0,0.941958,0.788235,0.153723,0.812861,{'public_conservative': 17},16,0,0.171127,0.10509,9.75,3.9375,0.030969,0.0,0.784772,0.800625,-0.015853,0.853195,{'public_conservative': 16}
503,0.09175,1.0,public_conservative,0.35,0.15,0.02,0.02,0.2,0.05,0.04,0.8,0.84,0.58,0.72,20.0,8.0,0.5,24.0,5.0,0.68,0.78,0.5,24.0,5.0,0.68,0.78,17,0,0.121932,0.09175,8.235294,3.941176,0.0,0.0,0.941958,0.788235,0.153723,0.812861,{'public_conservative': 17},16,0,0.174224,0.10509,9.75,3.9375,0.030969,0.0,0.784772,0.800625,-0.015853,0.853195,{'public_conservative': 16}
504,0.09294284,1.0,public_conservative,0.35,0.3,0.0,0.0,0.02,0.05,0.04,0.8,0.84,0.58,0.72,20.0,8.0,0.5,24.0,5.0,0.68,0.78,0.5,24.0,5.0,0.68,0.78,17,0,0.106772,0.091396,8.470588,3.411765,0.038671,0.0,0.922293,0.788235,0.134058,0.829168,{'public_conservative': 17},16,0,0.147314,0.113644,10.5,3.75,0.187262,0.0,0.834832,0.800625,0.034207,0.843961,{'public_conservative': 16}
505,0.092247,1.0,public_conservative,0.35,0.3,0.0,0.0,0.05,0.05,0.04,0.8,0.84,0.58,0.72,20.0,8.0,0.5,24.0,5.0,0.68,0.78,0.5,24.0,5.0,0.68,0.78,17,0,0.10685,0.092247,8.294118,3.941176,0.0,0.0,0.919677,0.788235,0.131442,0.829994,{'public_conservative': 17},16,0,0.149225,0.117751,10.75,4.6875,0.030969,0.0,0.834037,0.800625,0.033412,0.847202,{'public_conservative': 16}
506,0.092247,1.0,public_conservative,0.35,0.3,0.0,0.0,0.1,0.05,0.04,0.8,0.84,0.58,0.72,20.0,8.0,0.5,24.0,5.0,0.68,0.78,0.5,24.0,5.0,0.68,0.78,17,0,0.10685,0.092247,8.294118,3.941176,0.0,0.0,0.919677,0.788235,0.131442,0.829994,{'public_conservative': 17},16,0,0.150773,0.117751,10.75,4.6875,0.030969,0.0,0.834037,0.800625,0.033412,0.847202,{'public_conservative': 16}
507,0.092247,1.0,public_conservative,0.35,0.3,0.0,0.0,0.2,0.05,0.04,0.8,0.84,0.58,0.72,20.0,8.0,0.5,24.0,5.0,0.68,0.78,0.5,24.0,5.0,0.68,0.78,17,0,0.10685,0.092247,8.294118,3.941176,0.0,0.0,0.919677,0.788235,0.131442,0.829994,{'public_conservative': 17},16,0,0.15387,0.117751,10.75,4.6875,0.030969,0.0,0.834037,0.800625,0.033412,0.847202,{'public_conservative': 16}
508,0.09294284,1.0,public_conservative,0.35,0.3,0.0,0.01,0.02,0.05,0.04,0.8,0.84,0.58,0.72,20.0,8.0,0.5,24.0,5.0,0.68,0.78,0.5,24.0,5.0,0.68,0.78,17,0,0.111037,0.091396,8.470588,3.411765,0.038671,0.0,0.922293,0.788235,0.134058,0.829168,{'public_conservative': 17},16,0,0.152002,0.113644,10.5,3.75,0.187262,0.0,0.834832,0.800625,0.034207,0.843961,{'public_conservative': 16}
509,0.092247,1.0,public_conservative,0.35,0.3,0.0,0.01,0.05,0.05,0.04,0.8,0.84,0.58,0.72,20.0,8.0,0.5,24.0,5.0,0.68,0.78,0.5,24.0,5.0,0.68,0.78,17,0,0.111777,0.092247,8.294118,3.941176,0.0,0.0,0.919677,0.788235,0.131442,0.829994,{'public_conservative': 17},16,0,0.155084,0.117751,10.75,4.6875,0.030969,0.0,0.834037,0.800625,0.033412,0.847202,{'public_conservative': 16}
510,0.092247,1.0,public_conservative,0.35,0.3,0.0,0.01,0.1,0.05,0.04,0.8,0.84,0.58,0.72,20.0,8.0,0.5,24.0,5.0,0.68,0.78,0.5,24.0,5.0,0.68,0.78,17,0,0.111777,0.092247,8.294118,3.941176,0.0,0.0,0.919677,0.788235,0.131442,0.829994,{'public_conservative': 17},16,0,0.156633,0.117751,10.75,4.6875,0.030969,0.0,0.834037,0.800625,0.033412,0.847202,{'public_conservative': 16}
511,0.092247,1.0,public_conservative,0.35,0.3,0.0,0.01,0.2,0.05,0.04,0.8,0.84,0.58,0.72,20.0,8.0,0.5,24.0,5.0,0.68,0.78,0.5,24.0,5.0,0.68,0.78,17,0,0.111777,0.092247,8.294118,3.941176,0.0,0.0,0.919677,0.788235,0.131442,0.829994,{'public_conservative': 17},16,0,0.15973,0.117751,10.75,4.6875,0.030969,0.0,0.834037,0.800625,0.033412,0.847202,{'public_conservative': 16}
512,0.09294284,1.0,public_conservative,0.35,0.3,0.0,0.02,0.02,0.05,0.04,0.8,0.84,0.58,0.72,20.0,8.0,0.5,24.0,5.0,0.68,0.78,0.5,24.0,5.0,0.68,0.78,17,0,0.115302,0.091396,8.470588,3.411765,0.038671,0.0,0.922293,0.788235,0.134058,0.829168,{'public_conservative': 17},16,0,0.156689,0.113644,10.5,3.75,0.187262,0.0,0.834832,0.800625,0.034207,0.843961,{'public_conservative': 16}
513,0.09294284,1.0,public_conservative,0.35,0.3,0.0,0.02,0.05,0.05,0.04,0.8,0.84,0.58,0.72,20.0,8.0,0.5,24.0,5.0,0.68,0.78,0.5,24.0,5.0,0.68,0.78,17,0,0.116462,0.091396,8.470588,3.411765,0.038671,0.0,0.922293,0.788235,0.134058,0.829168,{'public_conservative': 17},16,0,0.160944,0.117751,10.75,4.6875,0.030969,0.0,0.834037,0.800625,0.033412,0.847202,{'public_conservative': 16}
514,0.092247,1.0,public_conservative,0.35,0.3,0.0,0.02,0.1,0.05,0.04,0.8,0.84,0.58,0.72,20.0,8.0,0.5,24.0,5.0,0.68,0.78,0.5,24.0,5.0,0.68,0.78,17,0,0.116703,0.092247,8.294118,3.941176,0.0,0.0,0.919677,0.788235,0.131442,0.829994,{'public_conservative': 17},16,0,0.162492,0.117751,10.75,4.6875,0.030969,0.0,0.834037,0.800625,0.033412,0.847202,{'public_conservative': 16}
515,0.092247,1.0,public_conservative,0.35,0.3,0.0,0.02,0.2,0.05,0.04,0.8,0.84,0.58,0.72,20.0,8.0,0.5,24.0,5.0,0.68,0.78,0.5,24.0,5.0,0.68,0.78,17,0,0.116703,0.092247,8.294118,3.941176,0.0,0.0,0.919677,0.788235,0.131442,0.829994,{'public_conservative': 17},16,0,0.165589,0.117751,10.75,4.6875,0.030969,0.0,0.834037,0.800625,0.033412,0.847202,{'public_conservative': 16}
516,0.092247,1.0,public_conservative,0.35,0.3,0.01,0.0,0.02,0.05,0.04,0.8,0.84,0.58,0.72,20.0,8.0,0.5,24.0,5.0,0.68,0.78,0.5,24.0,5.0,0.68,0.78,17,0,0.110997,0.092247,8.294118,3.941176,0.0,0.0,0.919677,0.788235,0.131442,0.829994,{'public_conservative': 17},16,0,0.152564,0.113644,10.5,3.75,0.187262,0.0,0.834832,0.800625,0.034207,0.843961,{'public_conservative': 16}
517,0.092247,1.0,public_conservative,0.35,0.3,0.01,0.0,0.05,0.05,0.04,0.8,0.84,0.58,0.72,20.0,8.0,0.5,24.0,5.0,0.68,0.78,0.5,24.0,5.0,0.68,0.78,17,0,0.110997,0.092247,8.294118,3.941176,0.0,0.0,0.919677,0.788235,0.131442,0.829994,{'public_conservative': 17},16,0,0.1546,0.117751,10.75,4.6875,0.030969,0.0,0.834037,0.800625,0.033412,0.847202,{'public_conservative': 16}
518,0.092247,1.0,public_conservative,0.35,0.3,0.01,0.0,0.1,0.05,0.04,0.8,0.84,0.58,0.72,20.0,8.0,0.5,24.0,5.0,0.68,0.78,0.5,24.0,5.0,0.68,0.78,17,0,0.110997,0.092247,8.294118,3.941176,0.0,0.0,0.919677,0.788235,0.131442,0.829994,{'public_conservative': 17},16,0,0.156148,0.117751,10.75,4.6875,0.030969,0.0,0.834037,0.800625,0.033412,0.847202,{'public_conservative': 16}
519,0.092247,1.0,public_conservative,0.35,0.3,0.01,0.0,0.2,0.05,0.04,0.8,0.84,0.58,0.72,20.0,8.0,0.5,24.0,5.0,0.68,0.78,0.5,24.0,5.0,0.68,0.78,17,0,0.110997,0.092247,8.294118,3.941176,0.0,0.0,0.919677,0.788235,0.131442,0.829994,{'public_conservative': 17},16,0,0.159245,0.117751,10.75,4.6875,0.030969,0.0,0.834037,0.800625,0.033412,0.847202,{'public_conservative': 16}
520,0.09294284,1.0,public_conservative,0.35,0.3,0.01,0.01,0.02,0.05,0.04,0.8,0.84,0.58,0.72,20.0,8.0,0.5,24.0,5.0,0.68,0.78,0.5,24.0,5.0,0.68,0.78,17,0,0.115272,0.091396,8.470588,3.411765,0.038671,0.0,0.922293,0.788235,0.134058,0.829168,{'public_conservative': 17},16,0,0.157252,0.113644,10.5,3.75,0.187262,0.0,0.834832,0.800625,0.034207,0.843961,{'public_conservative': 16}
521,0.092247,1.0,public_conservative,0.35,0.3,0.01,0.01,0.05,0.05,0.04,0.8,0.84,0.58,0.72,20.0,8.0,0.5,24.0,5.0,0.68,0.78,0.5,24.0,5.0,0.68,0.78,17,0,0.115924,0.092247,8.294118,3.941176,0.0,0.0,0.919677,0.788235,0.131442,0.829994,{'public_conservative': 17},16,0,0.160459,0.117751,10.75,4.6875,0.030969,0.0,0.834037,0.800625,0.033412,0.847202,{'public_conservative': 16}
522,0.092247,1.0,public_conservative,0.35,0.3,0.01,0.01,0.1,0.05,0.04,0.8,0.84,0.58,0.72,20.0,8.0,0.5,24.0,5.0,0.68,0.78,0.5,24.0,5.0,0.68,0.78,17,0,0.115924,0.092247,8.294118,3.941176,0.0,0.0,0.919677,0.788235,0.131442,0.829994,{'public_conservative': 17},16,0,0.162008,0.117751,10.75,4.6875,0.030969,0.0,0.834037,0.800625,0.033412,0.847202,{'public_conservative': 16}
523,0.092247,1.0,public_conservative,0.35,0.3,0.01,0.01,0.2,0.05,0.04,0.8,0.84,0.58,0.72,20.0,8.0,0.5,24.0,5.0,0.68,0.78,0.5,24.0,5.0,0.68,0.78,17,0,0.115924,0.092247,8.294118,3.941176,0.0,0.0,0.919677,0.788235,0.131442,0.829994,{'public_conservative': 17},16,0,0.165105,0.117751,10.75,4.6875,0.030969,0.0,0.834037,0.800625,0.033412,0.847202,{'public_conservative': 16}
524,0.09294284,1.0,public_conservative,0.35,0.3,0.01,0.02,0.02,0.05,0.04,0.8,0.84,0.58,0.72,20.0,8.0,0.5,24.0,5.0,0.68,0.78,0.5,24.0,5.0,0.68,0.78,17,0,0.119537,0.091396,8.470588,3.411765,0.038671,0.0,0.922293,0.788235,0.134058,0.829168,{'public_conservative': 17},16,0,0.161939,0.113644,10.5,3.75,0.187262,0.0,0.834832,0.800625,0.034207,0.843961,{'public_conservative': 16}
525,0.09294284,1.0,public_conservative,0.35,0.3,0.01,0.02,0.05,0.05,0.04,0.8,0.84,0.58,0.72,20.0,8.0,0.5,24.0,5.0,0.68,0.78,0.5,24.0,5.0,0.68,0.78,17,0,0.120697,0.091396,8.470588,3.411765,0.038671,0.0,0.922293,0.788235,0.134058,0.829168,{'public_conservative': 17},16,0,0.166319,0.117751,10.75,4.6875,0.030969,0.0,0.834037,0.800625,0.033412,0.847202,{'public_conservative': 16}
526,0.092247,1.0,public_conservative,0.35,0.3,0.01,0.02,0.1,0.05,0.04,0.8,0.84,0.58,0.72,20.0,8.0,0.5,24.0,5.0,0.68,0.78,0.5,24.0,5.0,0.68,0.78,17,0,0.12085,0.092247,8.294118,3.941176,0.0,0.0,0.919677,0.788235,0.131442,0.829994,{'public_conservative': 17},16,0,0.167867,0.117751,10.75,4.6875,0.030969,0.0,0.834037,0.800625,0.033412,0.847202,{'public_conservative': 16}
527,0.092247,1.0,public_conservative,0.35,0.3,0.01,0.02,0.2,0.05,0.04,0.8,0.84,0.58,0.72,20.0,8.0,0.5,24.0,5.0,0.68,0.78,0.5,24.0,5.0,0.68,0.78,17,0,0.12085,0.092247,8.294118,3.941176,0.0,0.0,0.919677,0.788235,0.131442,0.829994,{'public_conservative': 17},16,0,0.170964,0.117751,10.75,4.6875,0.030969,0.0,0.834037,0.800625,0.033412,0.847202,{'public_conservative': 16}
528,0.092247,1.0,public_conservative,0.35,0.3,0.02,0.0,0.02,0.05,0.04,0.8,0.84,0.58,0.72,20.0,8.0,0.5,24.0,5.0,0.68,0.78,0.5,24.0,5.0,0.68,0.78,17,0,0.115144,0.092247,8.294118,3.941176,0.0,0.0,0.919677,0.788235,0.131442,0.829994,{'public_conservative': 17},16,0,0.157814,0.113644,10.5,3.75,0.187262,0.0,0.834832,0.800625,0.034207,0.843961,{'public_conservative': 16}
529,0.092247,1.0,public_conservative,0.35,0.3,0.02,0.0,0.05,0.05,0.04,0.8,0.84,0.58,0.72,20.0,8.0,0.5,24.0,5.0,0.68,0.78,0.5,24.0,5.0,0.68,0.78,17,0,0.115144,0.092247,8.294118,3.941176,0.0,0.0,0.919677,0.788235,0.131442,0.829994,{'public_conservative': 17},16,0,0.159975,0.117751,10.75,4.6875,0.030969,0.0,0.834037,0.800625,0.033412,0.847202,{'public_conservative': 16}
530,0.092247,1.0,public_conservative,0.35,0.3,0.02,0.0,0.1,0.05,0.04,0.8,0.84,0.58,0.72,20.0,8.0,0.5,24.0,5.0,0.68,0.78,0.5,24.0,5.0,0.68,0.78,17,0,0.115144,0.092247,8.294118,3.941176,0.0,0.0,0.919677,0.788235,0.131442,0.829994,{'public_conservative': 17},16,0,0.161523,0.117751,10.75,4.6875,0.030969,0.0,0.834037,0.800625,0.033412,0.847202,{'public_conservative': 16}
531,0.092247,1.0,public_conservative,0.35,0.3,0.02,0.0,0.2,0.05,0.04,0.8,0.84,0.58,0.72,20.0,8.0,0.5,24.0,5.0,0.68,0.78,0.5,24.0,5.0,0.68,0.78,17,0,0.115144,0.092247,8.294118,3.941176,0.0,0.0,0.919677,0.788235,0.131442,0.829994,{'public_conservative': 17},16,0,0.16462,0.117751,10.75,4.6875,0.030969,0.0,0.834037,0.800625,0.033412,0.847202,{'public_conservative': 16}
532,0.09294284,1.0,public_conservative,0.35,0.3,0.02,0.01,0.02,0.05,0.04,0.8,0.84,0.58,0.72,20.0,8.0,0.5,24.0,5.0,0.68,0.78,0.5,24.0,5.0,0.68,0.78,17,0,0.119508,0.091396,8.470588,3.411765,0.038671,0.0,0.922293,0.788235,0.134058,0.829168,{'public_conservative': 17},16,0,0.162502,0.113644,10.5,3.75,0.187262,0.0,0.834832,0.800625,0.034207,0.843961,{'public_conservative': 16}
533,0.092247,1.0,public_conservative,0.35,0.3,0.02,0.01,0.05,0.05,0.04,0.8,0.84,0.58,0.72,20.0,8.0,0.5,24.0,5.0,0.68,0.78,0.5,24.0,5.0,0.68,0.78,17,0,0.120071,0.092247,8.294118,3.941176,0.0,0.0,0.919677,0.788235,0.131442,0.829994,{'public_conservative': 17},16,0,0.165834,0.117751,10.75,4.6875,0.030969,0.0,0.834037,0.800625,0.033412,0.847202,{'public_conservative': 16}
534,0.092247,1.0,public_conservative,0.35,0.3,0.02,0.01,0.1,0.05,0.04,0.8,0.84,0.58,0.72,20.0,8.0,0.5,24.0,5.0,0.68,0.78,0.5,24.0,5.0,0.68,0.78,17,0,0.120071,0.092247,8.294118,3.941176,0.0,0.0,0.919677,0.788235,0.131442,0.829994,{'public_conservative': 17},16,0,0.167383,0.117751,10.75,4.6875,0.030969,0.0,0.834037,0.800625,0.033412,0.847202,{'public_conservative': 16}
535,0.092247,1.0,public_conservative,0.35,0.3,0.02,0.01,0.2,0.05,0.04,0.8,0.84,0.58,0.72,20.0,8.0,0.5,24.0,5.0,0.68,0.78,0.5,24.0,5.0,0.68,0.78,17,0,0.120071,0.092247,8.294118,3.941176,0.0,0.0,0.919677,0.788235,0.131442,0.829994,{'public_conservative': 17},16,0,0.17048,0.117751,10.75,4.6875,0.030969,0.0,0.834037,0.800625,0.033412,0.847202,{'public_conservative': 16}
536,0.09294284,1.0,public_conservative,0.35,0.3,0.02,0.02,0.02,0.05,0.04,0.8,0.84,0.58,0.72,20.0,8.0,0.5,24.0,5.0,0.68,0.78,0.5,24.0,5.0,0.68,0.78,17,0,0.123772,0.091396,8.470588,3.411765,0.038671,0.0,0.922293,0.788235,0.134058,0.829168,{'public_conservative': 17},16,0,0.166841,0.100983,9.5,3.0,0.187262,0.0,0.785567,0.800625,-0.015058,0.849953,{'public_conservative': 16}
537,0.09294284,1.0,public_conservative,0.35,0.3,0.02,0.02,0.05,0.05,0.04,0.8,0.84,0.58,0.72,20.0,8.0,0.5,24.0,5.0,0.68,0.78,0.5,24.0,5.0,0.68,0.78,17,0,0.124932,0.091396,8.470588,3.411765,0.038671,0.0,0.922293,0.788235,0.134058,0.829168,{'public_conservative': 17},16,0,0.171345,0.10509,9.75,3.9375,0.030969,0.0,0.784772,0.800625,-0.015853,0.853195,{'public_conservative': 16}
538,0.092247,1.0,public_conservative,0.35,0.3,0.02,0.02,0.1,0.05,0.04,0.8,0.84,0.58,0.72,20.0,8.0,0.5,24.0,5.0,0.68,0.78,0.5,24.0,5.0,0.68,0.78,17,0,0.124997,0.092247,8.294118,3.941176,0.0,0.0,0.919677,0.788235,0.131442,0.829994,{'public_conservative': 17},16,0,0.172893,0.10509,9.75,3.9375,0.030969,0.0,0.784772,0.800625,-0.015853,0.853195,{'public_conservative': 16}
539,0.092247,1.0,public_conservative,0.35,0.3,0.02,0.02,0.2,0.05,0.04,0.8,0.84,0.58,0.72,20.0,8.0,0.5,24.0,5.0,0.68,0.78,0.5,24.0,5.0,0.68,0.78,17,0,0.124997,0.092247,8.294118,3.941176,0.0,0.0,0.919677,0.788235,0.131442,0.829994,{'public_conservative': 17},16,0,0.17599,0.10509,9.75,3.9375,0.030969,0.0,0.784772,0.800625,-0.015853,0.853195,{'public_conservative': 16}
540,0.09244584,1.0,public_conservative,0.5,0.05,0.0,0.0,0.02,0.05,0.04,0.8,0.84,0.58,0.72,20.0,8.0,0.5,24.0,5.0,0.68,0.78,0.5,24.0,5.0,0.68,0.78,17,0,0.105424,0.090899,8.411765,3.411765,0.038671,0.0,0.944574,0.788235,0.156339,0.812034,{'public_conservative': 17},16,0,0.155682,0.113644,10.5,3.75,0.187262,0.0,0.834832,0.800625,0.034207,0.843961,{'public_conservative': 16}
541,0.09175,1.0,public_conservative,0.5,0.05,0.0,0.0,0.05,0.05,0.04,0.8,0.84,0.58,0.72,20.0,8.0,0.5,24.0,5.0,0.68,0.78,0.5,24.0,5.0,0.68,0.78,17,0,0.105502,0.09175,8.235294,3.941176,0.0,0.0,0.941958,0.788235,0.153723,0.812861,{'public_conservative': 17},16,0,0.157593,0.117751,10.75,4.6875,0.030969,0.0,0.834037,0.800625,0.033412,0.847202,{'public_conservative': 16}
542,0.09175,1.0,public_conservative,0.5,0.05,0.0,0.0,0.1,0.05,0.04,0.8,0.84,0.58,0.72,20.0,8.0,0.5,24.0,5.0,0.68,0.78,0.5,24.0,5.0,0.68,0.78,17,0,0.105502,0.09175,8.235294,3.941176,0.0,0.0,0.941958,0.788235,0.153723,0.812861,{'public_conservative': 17},16,0,0.159141,0.117751,10.75,4.6875,0.030969,0.0,0.834037,0.800625,0.033412,0.847202,{'public_conservative': 16}
543,0.09175,1.0,public_conservative,0.5,0.05,0.0,0.0,0.2,0.05,0.04,0.8,0.84,0.58,0.72,20.0,8.0,0.5,24.0,5.0,0.68,0.78,0.5,24.0,5.0,0.68,0.78,17,0,0.105502,0.09175,8.235294,3.941176,0.0,0.0,0.941958,0.788235,0.153723,0.812861,{'public_conservative': 17},16,0,0.162238,0.117751,10.75,4.6875,0.030969,0.0,0.834037,0.800625,0.033412,0.847202,{'public_conservative': 16}
544,0.09244584,1.0,public_conservative,0.5,0.05,0.0,0.01,0.02,0.05,0.04,0.8,0.84,0.58,0.72,20.0,8.0,0.5,24.0,5.0,0.68,0.78,0.5,24.0,5.0,0.68,0.78,17,0,0.109689,0.090899,8.411765,3.411765,0.038671,0.0,0.944574,0.788235,0.156339,0.812034,{'public_conservative': 17},16,0,0.160369,0.113644,10.5,3.75,0.187262,0.0,0.834832,0.800625,0.034207,0.843961,{'public_conservative': 16}
545,0.09175,1.0,public_conservative,0.5,0.05,0.0,0.01,0.05,0.05,0.04,0.8,0.84,0.58,0.72,20.0,8.0,0.5,24.0,5.0,0.68,0.78,0.5,24.0,5.0,0.68,0.78,17,0,0.110428,0.09175,8.235294,3.941176,0.0,0.0,0.941958,0.788235,0.153723,0.812861,{'public_conservative': 17},16,0,0.163452,0.117751,10.75,4.6875,0.030969,0.0,0.834037,0.800625,0.033412,0.847202,{'public_conservative': 16}
546,0.09175,1.0,public_conservative,0.5,0.05,0.0,0.01,0.1,0.05,0.04,0.8,0.84,0.58,0.72,20.0,8.0,0.5,24.0,5.0,0.68,0.78,0.5,24.0,5.0,0.68,0.78,17,0,0.110428,0.09175,8.235294,3.941176,0.0,0.0,0.941958,0.788235,0.153723,0.812861,{'public_conservative': 17},16,0,0.165,0.117751,10.75,4.6875,0.030969,0.0,0.834037,0.800625,0.033412,0.847202,{'public_conservative': 16}
547,0.09175,1.0,public_conservative,0.5,0.05,0.0,0.01,0.2,0.05,0.04,0.8,0.84,0.58,0.72,20.0,8.0,0.5,24.0,5.0,0.68,0.78,0.5,24.0,5.0,0.68,0.78,17,0,0.110428,0.09175,8.235294,3.941176,0.0,0.0,0.941958,0.788235,0.153723,0.812861,{'public_conservative': 17},16,0,0.168097,0.117751,10.75,4.6875,0.030969,0.0,0.834037,0.800625,0.033412,0.847202,{'public_conservative': 16}
548,0.09244584,1.0,public_conservative,0.5,0.05,0.0,0.02,0.02,0.05,0.04,0.8,0.84,0.58,0.72,20.0,8.0,0.5,24.0,5.0,0.68,0.78,0.5,24.0,5.0,0.68,0.78,17,0,0.113953,0.090899,8.411765,3.411765,0.038671,0.0,0.944574,0.788235,0.156339,0.812034,{'public_conservative': 17},16,0,0.165057,0.113644,10.5,3.75,0.187262,0.0,0.834832,0.800625,0.034207,0.843961,{'public_conservative': 16}
549,0.09244584,1.0,public_conservative,0.5,0.05,0.0,0.02,0.05,0.05,0.04,0.8,0.84,0.58,0.72,20.0,8.0,0.5,24.0,5.0,0.68,0.78,0.5,24.0,5.0,0.68,0.78,17,0,0.115113,0.090899,8.411765,3.411765,0.038671,0.0,0.944574,0.788235,0.156339,0.812034,{'public_conservative': 17},16,0,0.169311,0.117751,10.75,4.6875,0.030969,0.0,0.834037,0.800625,0.033412,0.847202,{'public_conservative': 16}
550,0.09175,1.0,public_conservative,0.5,0.05,0.0,0.02,0.1,0.05,0.04,0.8,0.84,0.58,0.72,20.0,8.0,0.5,24.0,5.0,0.68,0.78,0.5,24.0,5.0,0.68,0.78,17,0,0.115355,0.09175,8.235294,3.941176,0.0,0.0,0.941958,0.788235,0.153723,0.812861,{'public_conservative': 17},16,0,0.17086,0.117751,10.75,4.6875,0.030969,0.0,0.834037,0.800625,0.033412,0.847202,{'public_conservative': 16}
551,0.09175,1.0,public_conservative,0.5,0.05,0.0,0.02,0.2,0.05,0.04,0.8,0.84,0.58,0.72,20.0,8.0,0.5,24.0,5.0,0.68,0.78,0.5,24.0,5.0,0.68,0.78,17,0,0.115355,0.09175,8.235294,3.941176,0.0,0.0,0.941958,0.788235,0.153723,0.812861,{'public_conservative': 17},16,0,0.173957,0.117751,10.75,4.6875,0.030969,0.0,0.834037,0.800625,0.033412,0.847202,{'public_conservative': 16}
552,0.09175,1.0,public_conservative,0.5,0.05,0.01,0.0,0.02,0.05,0.04,0.8,0.84,0.58,0.72,20.0,8.0,0.5,24.0,5.0,0.68,0.78,0.5,24.0,5.0,0.68,0.78,17,0,0.109619,0.09175,8.235294,3.941176,0.0,0.0,0.941958,0.788235,0.153723,0.812861,{'public_conservative': 17},16,0,0.160932,0.113644,10.5,3.75,0.187262,0.0,0.834832,0.800625,0.034207,0.843961,{'public_conservative': 16}
553,0.09175,1.0,public_conservative,0.5,0.05,0.01,0.0,0.05,0.05,0.04,0.8,0.84,0.58,0.72,20.0,8.0,0.5,24.0,5.0,0.68,0.78,0.5,24.0,5.0,0.68,0.78,17,0,0.109619,0.09175,8.235294,3.941176,0.0,0.0,0.941958,0.788235,0.153723,0.812861,{'public_conservative': 17},16,0,0.162968,0.117751,10.75,4.6875,0.030969,0.0,0.834037,0.800625,0.033412,0.847202,{'public_conservative': 16}
554,0.09175,1.0,public_conservative,0.5,0.05,0.01,0.0,0.1,0.05,0.04,0.8,0.84,0.58,0.72,20.0,8.0,0.5,24.0,5.0,0.68,0.78,0.5,24.0,5.0,0.68,0.78,17,0,0.109619,0.09175,8.235294,3.941176,0.0,0.0,0.941958,0.788235,0.153723,0.812861,{'public_conservative': 17},16,0,0.164516,0.117751,10.75,4.6875,0.030969,0.0,0.834037,0.800625,0.033412,0.847202,{'public_conservative': 16}
555,0.09175,1.0,public_conservative,0.5,0.05,0.01,0.0,0.2,0.05,0.04,0.8,0.84,0.58,0.72,20.0,8.0,0.5,24.0,5.0,0.68,0.78,0.5,24.0,5.0,0.68,0.78,17,0,0.109619,0.09175,8.235294,3.941176,0.0,0.0,0.941958,0.788235,0.153723,0.812861,{'public_conservative': 17},16,0,0.167613,0.117751,10.75,4.6875,0.030969,0.0,0.834037,0.800625,0.033412,0.847202,{'public_conservative': 16}
556,0.09244584,1.0,public_conservative,0.5,0.05,0.01,0.01,0.02,0.05,0.04,0.8,0.84,0.58,0.72,20.0,8.0,0.5,24.0,5.0,0.68,0.78,0.5,24.0,5.0,0.68,0.78,17,0,0.113895,0.090899,8.411765,3.411765,0.038671,0.0,0.944574,0.788235,0.156339,0.812034,{'public_conservative': 17},16,0,0.165619,0.113644,10.5,3.75,0.187262,0.0,0.834832,0.800625,0.034207,0.843961,{'public_conservative': 16}
557,0.09175,1.0,public_conservative,0.5,0.05,0.01,0.01,0.05,0.05,0.04,0.8,0.84,0.58,0.72,20.0,8.0,0.5,24.0,5.0,0.68,0.78,0.5,24.0,5.0,0.68,0.78,17,0,0.114546,0.09175,8.235294,3.941176,0.0,0.0,0.941958,0.788235,0.153723,0.812861,{'public_conservative': 17},16,0,0.168827,0.117751,10.75,4.6875,0.030969,0.0,0.834037,0.800625,0.033412,0.847202,{'public_conservative': 16}
558,0.09175,1.0,public_conservative,0.5,0.05,0.01,0.01,0.1,0.05,0.04,0.8,0.84,0.58,0.72,20.0,8.0,0.5,24.0,5.0,0.68,0.78,0.5,24.0,5.0,0.68,0.78,17,0,0.114546,0.09175,8.235294,3.941176,0.0,0.0,0.941958,0.788235,0.153723,0.812861,{'public_conservative': 17},16,0,0.170375,0.117751,10.75,4.6875,0.030969,0.0,0.834037,0.800625,0.033412,0.847202,{'public_conservative': 16}
559,0.09175,1.0,public_conservative,0.5,0.05,0.01,0.01,0.2,0.05,0.04,0.8,0.84,0.58,0.72,20.0,8.0,0.5,24.0,5.0,0.68,0.78,0.5,24.0,5.0,0.68,0.78,17,0,0.114546,0.09175,8.235294,3.941176,0.0,0.0,0.941958,0.788235,0.153723,0.812861,{'public_conservative': 17},16,0,0.173472,0.117751,10.75,4.6875,0.030969,0.0,0.834037,0.800625,0.033412,0.847202,{'public_conservative': 16}
560,0.09244584,1.0,public_conservative,0.5,0.05,0.01,0.02,0.02,0.05,0.04,0.8,0.84,0.58,0.72,20.0,8.0,0.5,24.0,5.0,0.68,0.78,0.5,24.0,5.0,0.68,0.78,17,0,0.118159,0.090899,8.411765,3.411765,0.038671,0.0,0.944574,0.788235,0.156339,0.812034,{'public_conservative': 17},16,0,0.170307,0.113644,10.5,3.75,0.187262,0.0,0.834832,0.800625,0.034207,0.843961,{'public_conservative': 16}
561,0.09244584,1.0,public_conservative,0.5,0.05,0.01,0.02,0.05,0.05,0.04,0.8,0.84,0.58,0.72,20.0,8.0,0.5,24.0,5.0,0.68,0.78,0.5,24.0,5.0,0.68,0.78,17,0,0.119319,0.090899,8.411765,3.411765,0.038671,0.0,0.944574,0.788235,0.156339,0.812034,{'public_conservative': 17},16,0,0.174686,0.117751,10.75,4.6875,0.030969,0.0,0.834037,0.800625,0.033412,0.847202,{'public_conservative': 16}
562,0.09175,1.0,public_conservative,0.5,0.05,0.01,0.02,0.1,0.05,0.04,0.8,0.84,0.58,0.72,20.0,8.0,0.5,24.0,5.0,0.68,0.78,0.5,24.0,5.0,0.68,0.78,17,0,0.119472,0.09175,8.235294,3.941176,0.0,0.0,0.941958,0.788235,0.153723,0.812861,{'public_conservative': 17},16,0,0.176235,0.117751,10.75,4.6875,0.030969,0.0,0.834037,0.800625,0.033412,0.847202,{'public_conservative': 16}
563,0.09175,1.0,public_conservative,0.5,0.05,0.01,0.02,0.2,0.05,0.04,0.8,0.84,0.58,0.72,20.0,8.0,0.5,24.0,5.0,0.68,0.78,0.5,24.0,5.0,0.68,0.78,17,0,0.119472,0.09175,8.235294,3.941176,0.0,0.0,0.941958,0.788235,0.153723,0.812861,{'public_conservative': 17},16,0,0.179332,0.117751,10.75,4.6875,0.030969,0.0,0.834037,0.800625,0.033412,0.847202,{'public_conservative': 16}
564,0.09175,1.0,public_conservative,0.5,0.05,0.02,0.0,0.02,0.05,0.04,0.8,0.84,0.58,0.72,20.0,8.0,0.5,24.0,5.0,0.68,0.78,0.5,24.0,5.0,0.68,0.78,17,0,0.113737,0.09175,8.235294,3.941176,0.0,0.0,0.941958,0.788235,0.153723,0.812861,{'public_conservative': 17},16,0,0.166182,0.113644,10.5,3.75,0.187262,0.0,0.834832,0.800625,0.034207,0.843961,{'public_conservative': 16}
565,0.09175,1.0,public_conservative,0.5,0.05,0.02,0.0,0.05,0.05,0.04,0.8,0.84,0.58,0.72,20.0,8.0,0.5,24.0,5.0,0.68,0.78,0.5,24.0,5.0,0.68,0.78,17,0,0.113737,0.09175,8.235294,3.941176,0.0,0.0,0.941958,0.788235,0.153723,0.812861,{'public_conservative': 17},16,0,0.168343,0.117751,10.75,4.6875,0.030969,0.0,0.834037,0.800625,0.033412,0.847202,{'public_conservative': 16}
566,0.09175,1.0,public_conservative,0.5,0.05,0.02,0.0,0.1,0.05,0.04,0.8,0.84,0.58,0.72,20.0,8.0,0.5,24.0,5.0,0.68,0.78,0.5,24.0,5.0,0.68,0.78,17,0,0.113737,0.09175,8.235294,3.941176,0.0,0.0,0.941958,0.788235,0.153723,0.812861,{'public_conservative': 17},16,0,0.169891,0.117751,10.75,4.6875,0.030969,0.0,0.834037,0.800625,0.033412,0.847202,{'public_conservative': 16}
567,0.09175,1.0,public_conservative,0.5,0.05,0.02,0.0,0.2,0.05,0.04,0.8,0.84,0.58,0.72,20.0,8.0,0.5,24.0,5.0,0.68,0.78,0.5,24.0,5.0,0.68,0.78,17,0,0.113737,0.09175,8.235294,3.941176,0.0,0.0,0.941958,0.788235,0.153723,0.812861,{'public_conservative': 17},16,0,0.172988,0.117751,10.75,4.6875,0.030969,0.0,0.834037,0.800625,0.033412,0.847202,{'public_conservative': 16}
568,0.09244584,1.0,public_conservative,0.5,0.05,0.02,0.01,0.02,0.05,0.04,0.8,0.84,0.58,0.72,20.0,8.0,0.5,24.0,5.0,0.68,0.78,0.5,24.0,5.0,0.68,0.78,17,0,0.1181,0.090899,8.411765,3.411765,0.038671,0.0,0.944574,0.788235,0.156339,0.812034,{'public_conservative': 17},16,0,0.170869,0.113644,10.5,3.75,0.187262,0.0,0.834832,0.800625,0.034207,0.843961,{'public_conservative': 16}
569,0.09175,1.0,public_conservative,0.5,0.05,0.02,0.01,0.05,0.05,0.04,0.8,0.84,0.58,0.72,20.0,8.0,0.5,24.0,5.0,0.68,0.78,0.5,24.0,5.0,0.68,0.78,17,0,0.118664,0.09175,8.235294,3.941176,0.0,0.0,0.941958,0.788235,0.153723,0.812861,{'public_conservative': 17},16,0,0.174202,0.117751,10.75,4.6875,0.030969,0.0,0.834037,0.800625,0.033412,0.847202,{'public_conservative': 16}
570,0.09175,1.0,public_conservative,0.5,0.05,0.02,0.01,0.1,0.05,0.04,0.8,0.84,0.58,0.72,20.0,8.0,0.5,24.0,5.0,0.68,0.78,0.5,24.0,5.0,0.68,0.78,17,0,0.118664,0.09175,8.235294,3.941176,0.0,0.0,0.941958,0.788235,0.153723,0.812861,{'public_conservative': 17},16,0,0.17575,0.117751,10.75,4.6875,0.030969,0.0,0.834037,0.800625,0.033412,0.847202,{'public_conservative': 16}
571,0.09175,1.0,public_conservative,0.5,0.05,0.02,0.01,0.2,0.05,0.04,0.8,0.84,0.58,0.72,20.0,8.0,0.5,24.0,5.0,0.68,0.78,0.5,24.0,5.0,0.68,0.78,17,0,0.118664,0.09175,8.235294,3.941176,0.0,0.0,0.941958,0.788235,0.153723,0.812861,{'public_conservative': 17},16,0,0.178847,0.117751,10.75,4.6875,0.030969,0.0,0.834037,0.800625,0.033412,0.847202,{'public_conservative': 16}
572,0.09244584,1.0,public_conservative,0.5,0.05,0.02,0.02,0.02,0.05,0.04,0.8,0.84,0.58,0.72,20.0,8.0,0.5,24.0,5.0,0.68,0.78,0.5,24.0,5.0,0.68,0.78,17,0,0.122365,0.090899,8.411765,3.411765,0.038671,0.0,0.944574,0.788235,0.156339,0.812034,{'public_conservative': 17},16,0,0.175557,0.113644,10.5,3.75,0.187262,0.0,0.834832,0.800625,0.034207,0.843961,{'public_conservative': 16}
573,0.09244584,1.0,public_conservative,0.5,0.05,0.02,0.02,0.05,0.05,0.04,0.8,0.84,0.58,0.72,20.0,8.0,0.5,24.0,5.0,0.68,0.78,0.5,24.0,5.0,0.68,0.78,17,0,0.123525,0.090899,8.411765,3.411765,0.038671,0.0,0.944574,0.788235,0.156339,0.812034,{'public_conservative': 17},16,0,0.180061,0.117751,10.75,4.6875,0.030969,0.0,0.834037,0.800625,0.033412,0.847202,{'public_conservative': 16}
574,0.09175,1.0,public_conservative,0.5,0.05,0.02,0.02,0.1,0.05,0.04,0.8,0.84,0.58,0.72,20.0,8.0,0.5,24.0,5.0,0.68,0.78,0.5,24.0,5.0,0.68,0.78,17,0,0.12359,0.09175,8.235294,3.941176,0.0,0.0,0.941958,0.788235,0.153723,0.812861,{'public_conservative': 17},16,0,0.18161,0.117751,10.75,4.6875,0.030969,0.0,0.834037,0.800625,0.033412,0.847202,{'public_conservative': 16}
575,0.09175,1.0,public_conservative,0.5,0.05,0.02,0.02,0.2,0.05,0.04,0.8,0.84,0.58,0.72,20.0,8.0,0.5,24.0,5.0,0.68,0.78,0.5,24.0,5.0,0.68,0.78,17,0,0.12359,0.09175,8.235294,3.941176,0.0,0.0,0.941958,0.788235,0.153723,0.812861,{'public_conservative': 17},16,0,0.184707,0.117751,10.75,4.6875,0.030969,0.0,0.834037,0.800625,0.033412,0.847202,{'public_conservative': 16}
576,0.09244584,1.0,public_conservative,0.5,0.15,0.0,0.0,0.02,0.05,0.04,0.8,0.84,0.58,0.72,20.0,8.0,0.5,24.0,5.0,0.68,0.78,0.5,24.0,5.0,0.68,0.78,17,0,0.10757,0.090899,8.411765,3.411765,0.038671,0.0,0.944574,0.788235,0.156339,0.812034,{'public_conservative': 17},16,0,0.156859,0.113644,10.5,3.75,0.187262,0.0,0.834832,0.800625,0.034207,0.843961,{'public_conservative': 16}
577,0.09175,1.0,public_conservative,0.5,0.15,0.0,0.0,0.05,0.05,0.04,0.8,0.84,0.58,0.72,20.0,8.0,0.5,24.0,5.0,0.68,0.78,0.5,24.0,5.0,0.68,0.78,17,0,0.107647,0.09175,8.235294,3.941176,0.0,0.0,0.941958,0.788235,0.153723,0.812861,{'public_conservative': 17},16,0,0.15877,0.117751,10.75,4.6875,0.030969,0.0,0.834037,0.800625,0.033412,0.847202,{'public_conservative': 16}
578,0.09175,1.0,public_conservative,0.5,0.15,0.0,0.0,0.1,0.05,0.04,0.8,0.84,0.58,0.72,20.0,8.0,0.5,24.0,5.0,0.68,0.78,0.5,24.0,5.0,0.68,0.78,17,0,0.107647,0.09175,8.235294,3.941176,0.0,0.0,0.941958,0.788235,0.153723,0.812861,{'public_conservative': 17},16,0,0.160318,0.117751,10.75,4.6875,0.030969,0.0,0.834037,0.800625,0.033412,0.847202,{'public_conservative': 16}
579,0.09175,1.0,public_conservative,0.5,0.15,0.0,0.0,0.2,0.05,0.04,0.8,0.84,0.58,0.72,20.0,8.0,0.5,24.0,5.0,0.68,0.78,0.5,24.0,5.0,0.68,0.78,17,0,0.107647,0.09175,8.235294,3.941176,0.0,0.0,0.941958,0.788235,0.153723,0.812861,{'public_conservative': 17},16,0,0.163415,0.117751,10.75,4.6875,0.030969,0.0,0.834037,0.800625,0.033412,0.847202,{'public_conservative': 16}
580,0.09244584,1.0,public_conservative,0.5,0.15,0.0,0.01,0.02,0.05,0.04,0.8,0.84,0.58,0.72,20.0,8.0,0.5,24.0,5.0,0.68,0.78,0.5,24.0,5.0,0.68,0.78,17,0,0.111834,0.090899,8.411765,3.411765,0.038671,0.0,0.944574,0.788235,0.156339,0.812034,{'public_conservative': 17},16,0,0.161547,0.113644,10.5,3.75,0.187262,0.0,0.834832,0.800625,0.034207,0.843961,{'public_conservative': 16}
581,0.09175,1.0,public_conservative,0.5,0.15,0.0,0.01,0.05,0.05,0.04,0.8,0.84,0.58,0.72,20.0,8.0,0.5,24.0,5.0,0.68,0.78,0.5,24.0,5.0,0.68,0.78,17,0,0.112574,0.09175,8.235294,3.941176,0.0,0.0,0.941958,0.788235,0.153723,0.812861,{'public_conservative': 17},16,0,0.164629,0.117751,10.75,4.6875,0.030969,0.0,0.834037,0.800625,0.033412,0.847202,{'public_conservative': 16}
582,0.09175,1.0,public_conservative,0.5,0.15,0.0,0.01,0.1,0.05,0.04,0.8,0.84,0.58,0.72,20.0,8.0,0.5,24.0,5.0,0.68,0.78,0.5,24.0,5.0,0.68,0.78,17,0,0.112574,0.09175,8.235294,3.941176,0.0,0.0,0.941958,0.788235,0.153723,0.812861,{'public_conservative': 17},16,0,0.166178,0.117751,10.75,4.6875,0.030969,0.0,0.834037,0.800625,0.033412,0.847202,{'public_conservative': 16}
583,0.09175,1.0,public_conservative,0.5,0.15,0.0,0.01,0.2,0.05,0.04,0.8,0.84,0.58,0.72,20.0,8.0,0.5,24.0,5.0,0.68,0.78,0.5,24.0,5.0,0.68,0.78,17,0,0.112574,0.09175,8.235294,3.941176,0.0,0.0,0.941958,0.788235,0.153723,0.812861,{'public_conservative': 17},16,0,0.169275,0.117751,10.75,4.6875,0.030969,0.0,0.834037,0.800625,0.033412,0.847202,{'public_conservative': 16}
584,0.09244584,1.0,public_conservative,0.5,0.15,0.0,0.02,0.02,0.05,0.04,0.8,0.84,0.58,0.72,20.0,8.0,0.5,24.0,5.0,0.68,0.78,0.5,24.0,5.0,0.68,0.78,17,0,0.116099,0.090899,8.411765,3.411765,0.038671,0.0,0.944574,0.788235,0.156339,0.812034,{'public_conservative': 17},16,0,0.166234,0.113644,10.5,3.75,0.187262,0.0,0.834832,0.800625,0.034207,0.843961,{'public_conservative': 16}
585,0.09244584,1.0,public_conservative,0.5,0.15,0.0,0.02,0.05,0.05,0.04,0.8,0.84,0.58,0.72,20.0,8.0,0.5,24.0,5.0,0.68,0.78,0.5,24.0,5.0,0.68,0.78,17,0,0.117259,0.090899,8.411765,3.411765,0.038671,0.0,0.944574,0.788235,0.156339,0.812034,{'public_conservative': 17},16,0,0.170489,0.117751,10.75,4.6875,0.030969,0.0,0.834037,0.800625,0.033412,0.847202,{'public_conservative': 16}
586,0.09175,1.0,public_conservative,0.5,0.15,0.0,0.02,0.1,0.05,0.04,0.8,0.84,0.58,0.72,20.0,8.0,0.5,24.0,5.0,0.68,0.78,0.5,24.0,5.0,0.68,0.78,17,0,0.1175,0.09175,8.235294,3.941176,0.0,0.0,0.941958,0.788235,0.153723,0.812861,{'public_conservative': 17},16,0,0.172037,0.117751,10.75,4.6875,0.030969,0.0,0.834037,0.800625,0.033412,0.847202,{'public_conservative': 16}
587,0.09175,1.0,public_conservative,0.5,0.15,0.0,0.02,0.2,0.05,0.04,0.8,0.84,0.58,0.72,20.0,8.0,0.5,24.0,5.0,0.68,0.78,0.5,24.0,5.0,0.68,0.78,17,0,0.1175,0.09175,8.235294,3.941176,0.0,0.0,0.941958,0.788235,0.153723,0.812861,{'public_conservative': 17},16,0,0.175134,0.117751,10.75,4.6875,0.030969,0.0,0.834037,0.800625,0.033412,0.847202,{'public_conservative': 16}
588,0.09175,1.0,public_conservative,0.5,0.15,0.01,0.0,0.02,0.05,0.04,0.8,0.84,0.58,0.72,20.0,8.0,0.5,24.0,5.0,0.68,0.78,0.5,24.0,5.0,0.68,0.78,17,0,0.111765,0.09175,8.235294,3.941176,0.0,0.0,0.941958,0.788235,0.153723,0.812861,{'public_conservative': 17},16,0,0.162109,0.113644,10.5,3.75,0.187262,0.0,0.834832,0.800625,0.034207,0.843961,{'public_conservative': 16}
589,0.09175,1.0,public_conservative,0.5,0.15,0.01,0.0,0.05,0.05,0.04,0.8,0.84,0.58,0.72,20.0,8.0,0.5,24.0,5.0,0.68,0.78,0.5,24.0,5.0,0.68,0.78,17,0,0.111765,0.09175,8.235294,3.941176,0.0,0.0,0.941958,0.788235,0.153723,0.812861,{'public_conservative': 17},16,0,0.164145,0.117751,10.75,4.6875,0.030969,0.0,0.834037,0.800625,0.033412,0.847202,{'public_conservative': 16}
590,0.09175,1.0,public_conservative,0.5,0.15,0.01,0.0,0.1,0.05,0.04,0.8,0.84,0.58,0.72,20.0,8.0,0.5,24.0,5.0,0.68,0.78,0.5,24.0,5.0,0.68,0.78,17,0,0.111765,0.09175,8.235294,3.941176,0.0,0.0,0.941958,0.788235,0.153723,0.812861,{'public_conservative': 17},16,0,0.165693,0.117751,10.75,4.6875,0.030969,0.0,0.834037,0.800625,0.033412,0.847202,{'public_conservative': 16}
591,0.09175,1.0,public_conservative,0.5,0.15,0.01,0.0,0.2,0.05,0.04,0.8,0.84,0.58,0.72,20.0,8.0,0.5,24.0,5.0,0.68,0.78,0.5,24.0,5.0,0.68,0.78,17,0,0.111765,0.09175,8.235294,3.941176,0.0,0.0,0.941958,0.788235,0.153723,0.812861,{'public_conservative': 17},16,0,0.16879,0.117751,10.75,4.6875,0.030969,0.0,0.834037,0.800625,0.033412,0.847202,{'public_conservative': 16}
592,0.09244584,1.0,public_conservative,0.5,0.15,0.01,0.01,0.02,0.05,0.04,0.8,0.84,0.58,0.72,20.0,8.0,0.5,24.0,5.0,0.68,0.78,0.5,24.0,5.0,0.68,0.78,17,0,0.11604,0.090899,8.411765,3.411765,0.038671,0.0,0.944574,0.788235,0.156339,0.812034,{'public_conservative': 17},16,0,0.166797,0.113644,10.5,3.75,0.187262,0.0,0.834832,0.800625,0.034207,0.843961,{'public_conservative': 16}
593,0.09175,1.0,public_conservative,0.5,0.15,0.01,0.01,0.05,0.05,0.04,0.8,0.84,0.58,0.72,20.0,8.0,0.5,24.0,5.0,0.68,0.78,0.5,24.0,5.0,0.68,0.78,17,0,0.116692,0.09175,8.235294,3.941176,0.0,0.0,0.941958,0.788235,0.153723,0.812861,{'public_conservative': 17},16,0,0.170004,0.117751,10.75,4.6875,0.030969,0.0,0.834037,0.800625,0.033412,0.847202,{'public_conservative': 16}
594,0.09175,1.0,public_conservative,0.5,0.15,0.01,0.01,0.1,0.05,0.04,0.8,0.84,0.58,0.72,20.0,8.0,0.5,24.0,5.0,0.68,0.78,0.5,24.0,5.0,0.68,0.78,17,0,0.116692,0.09175,8.235294,3.941176,0.0,0.0,0.941958,0.788235,0.153723,0.812861,{'public_conservative': 17},16,0,0.171553,0.117751,10.75,4.6875,0.030969,0.0,0.834037,0.800625,0.033412,0.847202,{'public_conservative': 16}
595,0.09175,1.0,public_conservative,0.5,0.15,0.01,0.01,0.2,0.05,0.04,0.8,0.84,0.58,0.72,20.0,8.0,0.5,24.0,5.0,0.68,0.78,0.5,24.0,5.0,0.68,0.78,17,0,0.116692,0.09175,8.235294,3.941176,0.0,0.0,0.941958,0.788235,0.153723,0.812861,{'public_conservative': 17},16,0,0.17465,0.117751,10.75,4.6875,0.030969,0.0,0.834037,0.800625,0.033412,0.847202,{'public_conservative': 16}
596,0.09244584,1.0,public_conservative,0.5,0.15,0.01,0.02,0.02,0.05,0.04,0.8,0.84,0.58,0.72,20.0,8.0,0.5,24.0,5.0,0.68,0.78,0.5,24.0,5.0,0.68,0.78,17,0,0.120305,0.090899,8.411765,3.411765,0.038671,0.0,0.944574,0.788235,0.156339,0.812034,{'public_conservative': 17},16,0,0.171484,0.113644,10.5,3.75,0.187262,0.0,0.834832,0.800625,0.034207,0.843961,{'public_conservative': 16}
597,0.09244584,1.0,public_conservative,0.5,0.15,0.01,0.02,0.05,0.05,0.04,0.8,0.84,0.58,0.72,20.0,8.0,0.5,24.0,5.0,0.68,0.78,0.5,24.0,5.0,0.68,0.78,17,0,0.121465,0.090899,8.411765,3.411765,0.038671,0.0,0.944574,0.788235,0.156339,0.812034,{'public_conservative': 17},16,0,0.175864,0.117751,10.75,4.6875,0.030969,0.0,0.834037,0.800625,0.033412,0.847202,{'public_conservative': 16}
598,0.09175,1.0,public_conservative,0.5,0.15,0.01,0.02,0.1,0.05,0.04,0.8,0.84,0.58,0.72,20.0,8.0,0.5,24.0,5.0,0.68,0.78,0.5,24.0,5.0,0.68,0.78,17,0,0.121618,0.09175,8.235294,3.941176,0.0,0.0,0.941958,0.788235,0.153723,0.812861,{'public_conservative': 17},16,0,0.177412,0.117751,10.75,4.6875,0.030969,0.0,0.834037,0.800625,0.033412,0.847202,{'public_conservative': 16}
599,0.09175,1.0,public_conservative,0.5,0.15,0.01,0.02,0.2,0.05,0.04,0.8,0.84,0.58,0.72,20.0,8.0,0.5,24.0,5.0,0.68,0.78,0.5,24.0,5.0,0.68,0.78,17,0,0.121618,0.09175,8.235294,3.941176,0.0,0.0,0.941958,0.788235,0.153723,0.812861,{'public_conservative': 17},16,0,0.180509,0.117751,10.75,4.6875,0.030969,0.0,0.834037,0.800625,0.033412,0.847202,{'public_conservative': 16}
600,0.09175,1.0,public_conservative,0.5,0.15,0.02,0.0,0.02,0.05,0.04,0.8,0.84,0.58,0.72,20.0,8.0,0.5,24.0,5.0,0.68,0.78,0.5,24.0,5.0,0.68,0.78,17,0,0.115883,0.09175,8.235294,3.941176,0.0,0.0,0.941958,0.788235,0.153723,0.812861,{'public_conservative': 17},16,0,0.167359,0.113644,10.5,3.75,0.187262,0.0,0.834832,0.800625,0.034207,0.843961,{'public_conservative': 16}
601,0.09175,1.0,public_conservative,0.5,0.15,0.02,0.0,0.05,0.05,0.04,0.8,0.84,0.58,0.72,20.0,8.0,0.5,24.0,5.0,0.68,0.78,0.5,24.0,5.0,0.68,0.78,17,0,0.115883,0.09175,8.235294,3.941176,0.0,0.0,0.941958,0.788235,0.153723,0.812861,{'public_conservative': 17},16,0,0.16952,0.117751,10.75,4.6875,0.030969,0.0,0.834037,0.800625,0.033412,0.847202,{'public_conservative': 16}
602,0.09175,1.0,public_conservative,0.5,0.15,0.02,0.0,0.1,0.05,0.04,0.8,0.84,0.58,0.72,20.0,8.0,0.5,24.0,5.0,0.68,0.78,0.5,24.0,5.0,0.68,0.78,17,0,0.115883,0.09175,8.235294,3.941176,0.0,0.0,0.941958,0.788235,0.153723,0.812861,{'public_conservative': 17},16,0,0.171068,0.117751,10.75,4.6875,0.030969,0.0,0.834037,0.800625,0.033412,0.847202,{'public_conservative': 16}
603,0.09175,1.0,public_conservative,0.5,0.15,0.02,0.0,0.2,0.05,0.04,0.8,0.84,0.58,0.72,20.0,8.0,0.5,24.0,5.0,0.68,0.78,0.5,24.0,5.0,0.68,0.78,17,0,0.115883,0.09175,8.235294,3.941176,0.0,0.0,0.941958,0.788235,0.153723,0.812861,{'public_conservative': 17},16,0,0.174165,0.117751,10.75,4.6875,0.030969,0.0,0.834037,0.800625,0.033412,0.847202,{'public_conservative': 16}
604,0.09244584,1.0,public_conservative,0.5,0.15,0.02,0.01,0.02,0.05,0.04,0.8,0.84,0.58,0.72,20.0,8.0,0.5,24.0,5.0,0.68,0.78,0.5,24.0,5.0,0.68,0.78,17,0,0.120246,0.090899,8.411765,3.411765,0.038671,0.0,0.944574,0.788235,0.156339,0.812034,{'public_conservative': 17},16,0,0.172047,0.113644,10.5,3.75,0.187262,0.0,0.834832,0.800625,0.034207,0.843961,{'public_conservative': 16}
605,0.09175,1.0,public_conservative,0.5,0.15,0.02,0.01,0.05,0.05,0.04,0.8,0.84,0.58,0.72,20.0,8.0,0.5,24.0,5.0,0.68,0.78,0.5,24.0,5.0,0.68,0.78,17,0,0.120809,0.09175,8.235294,3.941176,0.0,0.0,0.941958,0.788235,0.153723,0.812861,{'public_conservative': 17},16,0,0.175379,0.117751,10.75,4.6875,0.030969,0.0,0.834037,0.800625,0.033412,0.847202,{'public_conservative': 16}
606,0.09175,1.0,public_conservative,0.5,0.15,0.02,0.01,0.1,0.05,0.04,0.8,0.84,0.58,0.72,20.0,8.0,0.5,24.0,5.0,0.68,0.78,0.5,24.0,5.0,0.68,0.78,17,0,0.120809,0.09175,8.235294,3.941176,0.0,0.0,0.941958,0.788235,0.153723,0.812861,{'public_conservative': 17},16,0,0.176928,0.117751,10.75,4.6875,0.030969,0.0,0.834037,0.800625,0.033412,0.847202,{'public_conservative': 16}
607,0.09175,1.0,public_conservative,0.5,0.15,0.02,0.01,0.2,0.05,0.04,0.8,0.84,0.58,0.72,20.0,8.0,0.5,24.0,5.0,0.68,0.78,0.5,24.0,5.0,0.68,0.78,17,0,0.120809,0.09175,8.235294,3.941176,0.0,0.0,0.941958,0.788235,0.153723,0.812861,{'public_conservative': 17},16,0,0.180025,0.117751,10.75,4.6875,0.030969,0.0,0.834037,0.800625,0.033412,0.847202,{'public_conservative': 16}
608,0.09244584,1.0,public_conservative,0.5,0.15,0.02,0.02,0.02,0.05,0.04,0.8,0.84,0.58,0.72,20.0,8.0,0.5,24.0,5.0,0.68,0.78,0.5,24.0,5.0,0.68,0.78,17,0,0.124511,0.090899,8.411765,3.411765,0.038671,0.0,0.944574,0.788235,0.156339,0.812034,{'public_conservative': 17},16,0,0.176734,0.113644,10.5,3.75,0.187262,0.0,0.834832,0.800625,0.034207,0.843961,{'public_conservative': 16}
609,0.09244584,1.0,public_conservative,0.5,0.15,0.02,0.02,0.05,0.05,0.04,0.8,0.84,0.58,0.72,20.0,8.0,0.5,24.0,5.0,0.68,0.78,0.5,24.0,5.0,0.68,0.78,17,0,0.125671,0.090899,8.411765,3.411765,0.038671,0.0,0.944574,0.788235,0.156339,0.812034,{'public_conservative': 17},16,0,0.181239,0.117751,10.75,4.6875,0.030969,0.0,0.834037,0.800625,0.033412,0.847202,{'public_conservative': 16}
610,0.09175,1.0,public_conservative,0.5,0.15,0.02,0.02,0.1,0.05,0.04,0.8,0.84,0.58,0.72,20.0,8.0,0.5,24.0,5.0,0.68,0.78,0.5,24.0,5.0,0.68,0.78,17,0,0.125736,0.09175,8.235294,3.941176,0.0,0.0,0.941958,0.788235,0.153723,0.812861,{'public_conservative': 17},16,0,0.182787,0.117751,10.75,4.6875,0.030969,0.0,0.834037,0.800625,0.033412,0.847202,{'public_conservative': 16}
611,0.09175,1.0,public_conservative,0.5,0.15,0.02,0.02,0.2,0.05,0.04,0.8,0.84,0.58,0.72,20.0,8.0,0.5,24.0,5.0,0.68,0.78,0.5,24.0,5.0,0.68,0.78,17,0,0.125736,0.09175,8.235294,3.941176,0.0,0.0,0.941958,0.788235,0.153723,0.812861,{'public_conservative': 17},16,0,0.185884,0.117751,10.75,4.6875,0.030969,0.0,0.834037,0.800625,0.033412,0.847202,{'public_conservative': 16}
612,0.09244584,1.0,public_conservative,0.5,0.3,0.0,0.0,0.02,0.05,0.04,0.8,0.84,0.58,0.72,20.0,8.0,0.5,24.0,5.0,0.68,0.78,0.5,24.0,5.0,0.68,0.78,17,0,0.110788,0.090899,8.411765,3.411765,0.038671,0.0,0.944574,0.788235,0.156339,0.812034,{'public_conservative': 17},16,0,0.158626,0.113644,10.5,3.75,0.187262,0.0,0.834832,0.800625,0.034207,0.843961,{'public_conservative': 16}
613,0.09175,1.0,public_conservative,0.5,0.3,0.0,0.0,0.05,0.05,0.04,0.8,0.84,0.58,0.72,20.0,8.0,0.5,24.0,5.0,0.68,0.78,0.5,24.0,5.0,0.68,0.78,17,0,0.110866,0.09175,8.235294,3.941176,0.0,0.0,0.941958,0.788235,0.153723,0.812861,{'public_conservative': 17},16,0,0.160536,0.117751,10.75,4.6875,0.030969,0.0,0.834037,0.800625,0.033412,0.847202,{'public_conservative': 16}
614,0.09175,1.0,public_conservative,0.5,0.3,0.0,0.0,0.1,0.05,0.04,0.8,0.84,0.58,0.72,20.0,8.0,0.5,24.0,5.0,0.68,0.78,0.5,24.0,5.0,0.68,0.78,17,0,0.110866,0.09175,8.235294,3.941176,0.0,0.0,0.941958,0.788235,0.153723,0.812861,{'public_conservative': 17},16,0,0.162085,0.117751,10.75,4.6875,0.030969,0.0,0.834037,0.800625,0.033412,0.847202,{'public_conservative': 16}
615,0.09175,1.0,public_conservative,0.5,0.3,0.0,0.0,0.2,0.05,0.04,0.8,0.84,0.58,0.72,20.0,8.0,0.5,24.0,5.0,0.68,0.78,0.5,24.0,5.0,0.68,0.78,17,0,0.110866,0.09175,8.235294,3.941176,0.0,0.0,0.941958,0.788235,0.153723,0.812861,{'public_conservative': 17},16,0,0.165182,0.117751,10.75,4.6875,0.030969,0.0,0.834037,0.800625,0.033412,0.847202,{'public_conservative': 16}
616,0.09244584,1.0,public_conservative,0.5,0.3,0.0,0.01,0.02,0.05,0.04,0.8,0.84,0.58,0.72,20.0,8.0,0.5,24.0,5.0,0.68,0.78,0.5,24.0,5.0,0.68,0.78,17,0,0.115053,0.090899,8.411765,3.411765,0.038671,0.0,0.944574,0.788235,0.156339,0.812034,{'public_conservative': 17},16,0,0.163313,0.113644,10.5,3.75,0.187262,0.0,0.834832,0.800625,0.034207,0.843961,{'public_conservative': 16}
617,0.09175,1.0,public_conservative,0.5,0.3,0.0,0.01,0.05,0.05,0.04,0.8,0.84,0.58,0.72,20.0,8.0,0.5,24.0,5.0,0.68,0.78,0.5,24.0,5.0,0.68,0.78,17,0,0.115792,0.09175,8.235294,3.941176,0.0,0.0,0.941958,0.788235,0.153723,0.812861,{'public_conservative': 17},16,0,0.166396,0.117751,10.75,4.6875,0.030969,0.0,0.834037,0.800625,0.033412,0.847202,{'public_conservative': 16}
618,0.09175,1.0,public_conservative,0.5,0.3,0.0,0.01,0.1,0.05,0.04,0.8,0.84,0.58,0.72,20.0,8.0,0.5,24.0,5.0,0.68,0.78,0.5,24.0,5.0,0.68,0.78,17,0,0.115792,0.09175,8.235294,3.941176,0.0,0.0,0.941958,0.788235,0.153723,0.812861,{'public_conservative': 17},16,0,0.167944,0.117751,10.75,4.6875,0.030969,0.0,0.834037,0.800625,0.033412,0.847202,{'public_conservative': 16}
619,0.09175,1.0,public_conservative,0.5,0.3,0.0,0.01,0.2,0.05,0.04,0.8,0.84,0.58,0.72,20.0,8.0,0.5,24.0,5.0,0.68,0.78,0.5,24.0,5.0,0.68,0.78,17,0,0.115792,0.09175,8.235294,3.941176,0.0,0.0,0.941958,0.788235,0.153723,0.812861,{'public_conservative': 17},16,0,0.171041,0.117751,10.75,4.6875,0.030969,0.0,0.834037,0.800625,0.033412,0.847202,{'public_conservative': 16}
620,0.09244584,1.0,public_conservative,0.5,0.3,0.0,0.02,0.02,0.05,0.04,0.8,0.84,0.58,0.72,20.0,8.0,0.5,24.0,5.0,0.68,0.78,0.5,24.0,5.0,0.68,0.78,17,0,0.119318,0.090899,8.411765,3.411765,0.038671,0.0,0.944574,0.788235,0.156339,0.812034,{'public_conservative': 17},16,0,0.168001,0.113644,10.5,3.75,0.187262,0.0,0.834832,0.800625,0.034207,0.843961,{'public_conservative': 16}
621,0.09244584,1.0,public_conservative,0.5,0.3,0.0,0.02,0.05,0.05,0.04,0.8,0.84,0.58,0.72,20.0,8.0,0.5,24.0,5.0,0.68,0.78,0.5,24.0,5.0,0.68,0.78,17,0,0.120478,0.090899,8.411765,3.411765,0.038671,0.0,0.944574,0.788235,0.156339,0.812034,{'public_conservative': 17},16,0,0.172255,0.117751,10.75,4.6875,0.030969,0.0,0.834037,0.800625,0.033412,0.847202,{'public_conservative': 16}
622,0.09175,1.0,public_conservative,0.5,0.3,0.0,0.02,0.1,0.05,0.04,0.8,0.84,0.58,0.72,20.0,8.0,0.5,24.0,5.0,0.68,0.78,0.5,24.0,5.0,0.68,0.78,17,0,0.120719,0.09175,8.235294,3.941176,0.0,0.0,0.941958,0.788235,0.153723,0.812861,{'public_conservative': 17},16,0,0.173803,0.117751,10.75,4.6875,0.030969,0.0,0.834037,0.800625,0.033412,0.847202,{'public_conservative': 16}
623,0.09175,1.0,public_conservative,0.5,0.3,0.0,0.02,0.2,0.05,0.04,0.8,0.84,0.58,0.72,20.0,8.0,0.5,24.0,5.0,0.68,0.78,0.5,24.0,5.0,0.68,0.78,17,0,0.120719,0.09175,8.235294,3.941176,0.0,0.0,0.941958,0.788235,0.153723,0.812861,{'public_conservative': 17},16,0,0.1769,0.117751,10.75,4.6875,0.030969,0.0,0.834037,0.800625,0.033412,0.847202,{'public_conservative': 16}
624,0.09175,1.0,public_conservative,0.5,0.3,0.01,0.0,0.02,0.05,0.04,0.8,0.84,0.58,0.72,20.0,8.0,0.5,24.0,5.0,0.68,0.78,0.5,24.0,5.0,0.68,0.78,17,0,0.114984,0.09175,8.235294,3.941176,0.0,0.0,0.941958,0.788235,0.153723,0.812861,{'public_conservative': 17},16,0,0.163876,0.113644,10.5,3.75,0.187262,0.0,0.834832,0.800625,0.034207,0.843961,{'public_conservative': 16}
625,0.09175,1.0,public_conservative,0.5,0.3,0.01,0.0,0.05,0.05,0.04,0.8,0.84,0.58,0.72,20.0,8.0,0.5,24.0,5.0,0.68,0.78,0.5,24.0,5.0,0.68,0.78,17,0,0.114984,0.09175,8.235294,3.941176,0.0,0.0,0.941958,0.788235,0.153723,0.812861,{'public_conservative': 17},16,0,0.165911,0.117751,10.75,4.6875,0.030969,0.0,0.834037,0.800625,0.033412,0.847202,{'public_conservative': 16}
626,0.09175,1.0,public_conservative,0.5,0.3,0.01,0.0,0.1,0.05,0.04,0.8,0.84,0.58,0.72,20.0,8.0,0.5,24.0,5.0,0.68,0.78,0.5,24.0,5.0,0.68,0.78,17,0,0.114984,0.09175,8.235294,3.941176,0.0,0.0,0.941958,0.788235,0.153723,0.812861,{'public_conservative': 17},16,0,0.16746,0.117751,10.75,4.6875,0.030969,0.0,0.834037,0.800625,0.033412,0.847202,{'public_conservative': 16}
627,0.09175,1.0,public_conservative,0.5,0.3,0.01,0.0,0.2,0.05,0.04,0.8,0.84,0.58,0.72,20.0,8.0,0.5,24.0,5.0,0.68,0.78,0.5,24.0,5.0,0.68,0.78,17,0,0.114984,0.09175,8.235294,3.941176,0.0,0.0,0.941958,0.788235,0.153723,0.812861,{'public_conservative': 17},16,0,0.170557,0.117751,10.75,4.6875,0.030969,0.0,0.834037,0.800625,0.033412,0.847202,{'public_conservative': 16}
628,0.09244584,1.0,public_conservative,0.5,0.3,0.01,0.01,0.02,0.05,0.04,0.8,0.84,0.58,0.72,20.0,8.0,0.5,24.0,5.0,0.68,0.78,0.5,24.0,5.0,0.68,0.78,17,0,0.119259,0.090899,8.411765,3.411765,0.038671,0.0,0.944574,0.788235,0.156339,0.812034,{'public_conservative': 17},16,0,0.168563,0.113644,10.5,3.75,0.187262,0.0,0.834832,0.800625,0.034207,0.843961,{'public_conservative': 16}
629,0.09175,1.0,public_conservative,0.5,0.3,0.01,0.01,0.05,0.05,0.04,0.8,0.84,0.58,0.72,20.0,8.0,0.5,24.0,5.0,0.68,0.78,0.5,24.0,5.0,0.68,0.78,17,0,0.11991,0.09175,8.235294,3.941176,0.0,0.0,0.941958,0.788235,0.153723,0.812861,{'public_conservative': 17},16,0,0.171771,0.117751,10.75,4.6875,0.030969,0.0,0.834037,0.800625,0.033412,0.847202,{'public_conservative': 16}
630,0.09175,1.0,public_conservative,0.5,0.3,0.01,0.01,0.1,0.05,0.04,0.8,0.84,0.58,0.72,20.0,8.0,0.5,24.0,5.0,0.68,0.78,0.5,24.0,5.0,0.68,0.78,17,0,0.11991,0.09175,8.235294,3.941176,0.0,0.0,0.941958,0.788235,0.153723,0.812861,{'public_conservative': 17},16,0,0.173319,0.117751,10.75,4.6875,0.030969,0.0,0.834037,0.800625,0.033412,0.847202,{'public_conservative': 16}
631,0.09175,1.0,public_conservative,0.5,0.3,0.01,0.01,0.2,0.05,0.04,0.8,0.84,0.58,0.72,20.0,8.0,0.5,24.0,5.0,0.68,0.78,0.5,24.0,5.0,0.68,0.78,17,0,0.11991,0.09175,8.235294,3.941176,0.0,0.0,0.941958,0.788235,0.153723,0.812861,{'public_conservative': 17},16,0,0.176416,0.117751,10.75,4.6875,0.030969,0.0,0.834037,0.800625,0.033412,0.847202,{'public_conservative': 16}
632,0.09244584,1.0,public_conservative,0.5,0.3,0.01,0.02,0.02,0.05,0.04,0.8,0.84,0.58,0.72,20.0,8.0,0.5,24.0,5.0,0.68,0.78,0.5,24.0,5.0,0.68,0.78,17,0,0.123523,0.090899,8.411765,3.411765,0.038671,0.0,0.944574,0.788235,0.156339,0.812034,{'public_conservative': 17},16,0,0.173251,0.113644,10.5,3.75,0.187262,0.0,0.834832,0.800625,0.034207,0.843961,{'public_conservative': 16}
633,0.09244584,1.0,public_conservative,0.5,0.3,0.01,0.02,0.05,0.05,0.04,0.8,0.84,0.58,0.72,20.0,8.0,0.5,24.0,5.0,0.68,0.78,0.5,24.0,5.0,0.68,0.78,17,0,0.124684,0.090899,8.411765,3.411765,0.038671,0.0,0.944574,0.788235,0.156339,0.812034,{'public_conservative': 17},16,0,0.17763,0.117751,10.75,4.6875,0.030969,0.0,0.834037,0.800625,0.033412,0.847202,{'public_conservative': 16}
634,0.09175,1.0,public_conservative,0.5,0.3,0.01,0.02,0.1,0.05,0.04,0.8,0.84,0.58,0.72,20.0,8.0,0.5,24.0,5.0,0.68,0.78,0.5,24.0,5.0,0.68,0.78,17,0,0.124837,0.09175,8.235294,3.941176,0.0,0.0,0.941958,0.788235,0.153723,0.812861,{'public_conservative': 17},16,0,0.179178,0.117751,10.75,4.6875,0.030969,0.0,0.834037,0.800625,0.033412,0.847202,{'public_conservative': 16}
635,0.09175,1.0,public_conservative,0.5,0.3,0.01,0.02,0.2,0.05,0.04,0.8,0.84,0.58,0.72,20.0,8.0,0.5,24.0,5.0,0.68,0.78,0.5,24.0,5.0,0.68,0.78,17,0,0.124837,0.09175,8.235294,3.941176,0.0,0.0,0.941958,0.788235,0.153723,0.812861,{'public_conservative': 17},16,0,0.182275,0.117751,10.75,4.6875,0.030969,0.0,0.834037,0.800625,0.033412,0.847202,{'public_conservative': 16}
636,0.09175,1.0,public_conservative,0.5,0.3,0.02,0.0,0.02,0.05,0.04,0.8,0.84,0.58,0.72,20.0,8.0,0.5,24.0,5.0,0.68,0.78,0.5,24.0,5.0,0.68,0.78,17,0,0.119101,0.09175,8.235294,3.941176,0.0,0.0,0.941958,0.788235,0.153723,0.812861,{'public_conservative': 17},16,0,0.169126,0.113644,10.5,3.75,0.187262,0.0,0.834832,0.800625,0.034207,0.843961,{'public_conservative': 16}
637,0.09175,1.0,public_conservative,0.5,0.3,0.02,0.0,0.05,0.05,0.04,0.8,0.84,0.58,0.72,20.0,8.0,0.5,24.0,5.0,0.68,0.78,0.5,24.0,5.0,0.68,0.78,17,0,0.119101,0.09175,8.235294,3.941176,0.0,0.0,0.941958,0.788235,0.153723,0.812861,{'public_conservative': 17},16,0,0.171286,0.117751,10.75,4.6875,0.030969,0.0,0.834037,0.800625,0.033412,0.847202,{'public_conservative': 16}
638,0.09175,1.0,public_conservative,0.5,0.3,0.02,0.0,0.1,0.05,0.04,0.8,0.84,0.58,0.72,20.0,8.0,0.5,24.0,5.0,0.68,0.78,0.5,24.0,5.0,0.68,0.78,17,0,0.119101,0.09175,8.235294,3.941176,0.0,0.0,0.941958,0.788235,0.153723,0.812861,{'public_conservative': 17},16,0,0.172835,0.117751,10.75,4.6875,0.030969,0.0,0.834037,0.800625,0.033412,0.847202,{'public_conservative': 16}
639,0.09175,1.0,public_conservative,0.5,0.3,0.02,0.0,0.2,0.05,0.04,0.8,0.84,0.58,0.72,20.0,8.0,0.5,24.0,5.0,0.68,0.78,0.5,24.0,5.0,0.68,0.78,17,0,0.119101,0.09175,8.235294,3.941176,0.0,0.0,0.941958,0.788235,0.153723,0.812861,{'public_conservative': 17},16,0,0.175932,0.117751,10.75,4.6875,0.030969,0.0,0.834037,0.800625,0.033412,0.847202,{'public_conservative': 16}
640,0.09244584,1.0,public_conservative,0.5,0.3,0.02,0.01,0.02,0.05,0.04,0.8,0.84,0.58,0.72,20.0,8.0,0.5,24.0,5.0,0.68,0.78,0.5,24.0,5.0,0.68,0.78,17,0,0.123465,0.090899,8.411765,3.411765,0.038671,0.0,0.944574,0.788235,0.156339,0.812034,{'public_conservative': 17},16,0,0.173813,0.113644,10.5,3.75,0.187262,0.0,0.834832,0.800625,0.034207,0.843961,{'public_conservative': 16}
641,0.09175,1.0,public_conservative,0.5,0.3,0.02,0.01,0.05,0.05,0.04,0.8,0.84,0.58,0.72,20.0,8.0,0.5,24.0,5.0,0.68,0.78,0.5,24.0,5.0,0.68,0.78,17,0,0.124028,0.09175,8.235294,3.941176,0.0,0.0,0.941958,0.788235,0.153723,0.812861,{'public_conservative': 17},16,0,0.177146,0.117751,10.75,4.6875,0.030969,0.0,0.834037,0.800625,0.033412,0.847202,{'public_conservative': 16}
642,0.09175,1.0,public_conservative,0.5,0.3,0.02,0.01,0.1,0.05,0.04,0.8,0.84,0.58,0.72,20.0,8.0,0.5,24.0,5.0,0.68,0.78,0.5,24.0,5.0,0.68,0.78,17,0,0.124028,0.09175,8.235294,3.941176,0.0,0.0,0.941958,0.788235,0.153723,0.812861,{'public_conservative': 17},16,0,0.178694,0.117751,10.75,4.6875,0.030969,0.0,0.834037,0.800625,0.033412,0.847202,{'public_conservative': 16}
643,0.09175,1.0,public_conservative,0.5,0.3,0.02,0.01,0.2,0.05,0.04,0.8,0.84,0.58,0.72,20.0,8.0,0.5,24.0,5.0,0.68,0.78,0.5,24.0,5.0,0.68,0.78,17,0,0.124028,0.09175,8.235294,3.941176,0.0,0.0,0.941958,0.788235,0.153723,0.812861,{'public_conservative': 17},16,0,0.181791,0.117751,10.75,4.6875,0.030969,0.0,0.834037,0.800625,0.033412,0.847202,{'public_conservative': 16}
644,0.09244584,1.0,public_conservative,0.5,0.3,0.02,0.02,0.02,0.05,0.04,0.8,0.84,0.58,0.72,20.0,8.0,0.5,24.0,5.0,0.68,0.78,0.5,24.0,5.0,0.68,0.78,17,0,0.127729,0.090899,8.411765,3.411765,0.038671,0.0,0.944574,0.788235,0.156339,0.812034,{'public_conservative': 17},16,0,0.178501,0.113644,10.5,3.75,0.187262,0.0,0.834832,0.800625,0.034207,0.843961,{'public_conservative': 16}
645,0.09244584,1.0,public_conservative,0.5,0.3,0.02,0.02,0.05,0.05,0.04,0.8,0.84,0.58,0.72,20.0,8.0,0.5,24.0,5.0,0.68,0.78,0.5,24.0,5.0,0.68,0.78,17,0,0.128889,0.090899,8.411765,3.411765,0.038671,0.0,0.944574,0.788235,0.156339,0.812034,{'public_conservative': 17},16,0,0.183005,0.117751,10.75,4.6875,0.030969,0.0,0.834037,0.800625,0.033412,0.847202,{'public_conservative': 16}
646,0.09175,1.0,public_conservative,0.5,0.3,0.02,0.02,0.1,0.05,0.04,0.8,0.84,0.58,0.72,20.0,8.0,0.5,24.0,5.0,0.68,0.78,0.5,24.0,5.0,0.68,0.78,17,0,0.128954,0.09175,8.235294,3.941176,0.0,0.0,0.941958,0.788235,0.153723,0.812861,{'public_conservative': 17},16,0,0.184553,0.117751,10.75,4.6875,0.030969,0.0,0.834037,0.800625,0.033412,0.847202,{'public_conservative': 16}
647,0.09175,1.0,public_conservative,0.5,0.3,0.02,0.02,0.2,0.05,0.04,0.8,0.84,0.58,0.72,20.0,8.0,0.5,24.0,5.0,0.68,0.78,0.5,24.0,5.0,0.68,0.78,17,0,0.128954,0.09175,8.235294,3.941176,0.0,0.0,0.941958,0.788235,0.153723,0.812861,{'public_conservative': 17},16,0,0.18765,0.117751,10.75,4.6875,0.030969,0.0,0.834037,0.800625,0.033412,0.847202,{'public_conservative': 16}
648,0.09244584,1.0,public_conservative,0.7,0.05,0.0,0.0,0.02,0.05,0.04,0.8,0.84,0.58,0.72,20.0,8.0,0.5,24.0,5.0,0.68,0.78,0.5,24.0,5.0,0.68,0.78,17,0,0.110496,0.090899,8.411765,3.411765,0.038671,0.0,0.944574,0.788235,0.156339,0.812034,{'public_conservative': 17},16,0,0.168993,0.121364,11.25,3.875,0.218231,0.0,0.854272,0.800625,0.053647,0.839188,{'public_conservative': 16}
649,0.09175,1.0,public_conservative,0.7,0.05,0.0,0.0,0.05,0.05,0.04,0.8,0.84,0.58,0.72,20.0,8.0,0.5,24.0,5.0,0.68,0.78,0.5,24.0,5.0,0.68,0.78,17,0,0.110573,0.09175,8.235294,3.941176,0.0,0.0,0.941958,0.788235,0.153723,0.812861,{'public_conservative': 17},16,0,0.171832,0.125471,11.5,4.8125,0.061937,0.0,0.853477,0.800625,0.052852,0.84243,{'public_conservative': 16}
650,0.09175,1.0,public_conservative,0.7,0.05,0.0,0.0,0.1,0.05,0.04,0.8,0.84,0.58,0.72,20.0,8.0,0.5,24.0,5.0,0.68,0.78,0.5,24.0,5.0,0.68,0.78,17,0,0.110573,0.09175,8.235294,3.941176,0.0,0.0,0.941958,0.788235,0.153723,0.812861,{'public_conservative': 17},16,0,0.174223,0.117751,10.75,4.6875,0.030969,0.0,0.834037,0.800625,0.033412,0.847202,{'public_conservative': 16}
651,0.09175,1.0,public_conservative,0.7,0.05,0.0,0.0,0.2,0.05,0.04,0.8,0.84,0.58,0.72,20.0,8.0,0.5,24.0,5.0,0.68,0.78,0.5,24.0,5.0,0.68,0.78,17,0,0.110573,0.09175,8.235294,3.941176,0.0,0.0,0.941958,0.788235,0.153723,0.812861,{'public_conservative': 17},16,0,0.177319,0.117751,10.75,4.6875,0.030969,0.0,0.834037,0.800625,0.033412,0.847202,{'public_conservative': 16}
652,0.09244584,1.0,public_conservative,0.7,0.05,0.0,0.01,0.02,0.05,0.04,0.8,0.84,0.58,0.72,20.0,8.0,0.5,24.0,5.0,0.68,0.78,0.5,24.0,5.0,0.68,0.78,17,0,0.11476,0.090899,8.411765,3.411765,0.038671,0.0,0.944574,0.788235,0.156339,0.812034,{'public_conservative': 17},16,0,0.173836,0.121364,11.25,3.875,0.218231,0.0,0.854272,0.800625,0.053647,0.839188,{'public_conservative': 16}
653,0.09175,1.0,public_conservative,0.7,0.05,0.0,0.01,0.05,0.05,0.04,0.8,0.84,0.58,0.72,20.0,8.0,0.5,24.0,5.0,0.68,0.78,0.5,24.0,5.0,0.68,0.78,17,0,0.1155,0.09175,8.235294,3.941176,0.0,0.0,0.941958,0.788235,0.153723,0.812861,{'public_conservative': 17},16,0,0.177848,0.125471,11.5,4.8125,0.061937,0.0,0.853477,0.800625,0.052852,0.84243,{'public_conservative': 16}
654,0.09175,1.0,public_conservative,0.7,0.05,0.0,0.01,0.1,0.05,0.04,0.8,0.84,0.58,0.72,20.0,8.0,0.5,24.0,5.0,0.68,0.78,0.5,24.0,5.0,0.68,0.78,17,0,0.1155,0.09175,8.235294,3.941176,0.0,0.0,0.941958,0.788235,0.153723,0.812861,{'public_conservative': 17},16,0,0.180082,0.117751,10.75,4.6875,0.030969,0.0,0.834037,0.800625,0.033412,0.847202,{'public_conservative': 16}
655,0.09175,1.0,public_conservative,0.7,0.05,0.0,0.01,0.2,0.05,0.04,0.8,0.84,0.58,0.72,20.0,8.0,0.5,24.0,5.0,0.68,0.78,0.5,24.0,5.0,0.68,0.78,17,0,0.1155,0.09175,8.235294,3.941176,0.0,0.0,0.941958,0.788235,0.153723,0.812861,{'public_conservative': 17},16,0,0.183179,0.117751,10.75,4.6875,0.030969,0.0,0.834037,0.800625,0.033412,0.847202,{'public_conservative': 16}
656,0.09244584,1.0,public_conservative,0.7,0.05,0.0,0.02,0.02,0.05,0.04,0.8,0.84,0.58,0.72,20.0,8.0,0.5,24.0,5.0,0.68,0.78,0.5,24.0,5.0,0.68,0.78,17,0,0.119025,0.090899,8.411765,3.411765,0.038671,0.0,0.944574,0.788235,0.156339,0.812034,{'public_conservative': 17},16,0,0.17868,0.121364,11.25,3.875,0.218231,0.0,0.854272,0.800625,0.053647,0.839188,{'public_conservative': 16}
657,0.09244584,1.0,public_conservative,0.7,0.05,0.0,0.02,0.05,0.05,0.04,0.8,0.84,0.58,0.72,20.0,8.0,0.5,24.0,5.0,0.68,0.78,0.5,24.0,5.0,0.68,0.78,17,0,0.120185,0.090899,8.411765,3.411765,0.038671,0.0,0.944574,0.788235,0.156339,0.812034,{'public_conservative': 17},16,0,0.183863,0.125471,11.5,4.8125,0.061937,0.0,0.853477,0.800625,0.052852,0.84243,{'public_conservative': 16}
658,0.09175,1.0,public_conservative,0.7,0.05,0.0,0.02,0.1,0.05,0.04,0.8,0.84,0.58,0.72,20.0,8.0,0.5,24.0,5.0,0.68,0.78,0.5,24.0,5.0,0.68,0.78,17,0,0.120426,0.09175,8.235294,3.941176,0.0,0.0,0.941958,0.788235,0.153723,0.812861,{'public_conservative': 17},16,0,0.185941,0.117751,10.75,4.6875,0.030969,0.0,0.834037,0.800625,0.033412,0.847202,{'public_conservative': 16}
659,0.09175,1.0,public_conservative,0.7,0.05,0.0,0.02,0.2,0.05,0.04,0.8,0.84,0.58,0.72,20.0,8.0,0.5,24.0,5.0,0.68,0.78,0.5,24.0,5.0,0.68,0.78,17,0,0.120426,0.09175,8.235294,3.941176,0.0,0.0,0.941958,0.788235,0.153723,0.812861,{'public_conservative': 17},16,0,0.189038,0.117751,10.75,4.6875,0.030969,0.0,0.834037,0.800625,0.033412,0.847202,{'public_conservative': 16}
660,0.09175,1.0,public_conservative,0.7,0.05,0.01,0.0,0.02,0.05,0.04,0.8,0.84,0.58,0.72,20.0,8.0,0.5,24.0,5.0,0.68,0.78,0.5,24.0,5.0,0.68,0.78,17,0,0.114691,0.09175,8.235294,3.941176,0.0,0.0,0.941958,0.788235,0.153723,0.812861,{'public_conservative': 17},16,0,0.174618,0.121364,11.25,3.875,0.218231,0.0,0.854272,0.800625,0.053647,0.839188,{'public_conservative': 16}
661,0.09175,1.0,public_conservative,0.7,0.05,0.01,0.0,0.05,0.05,0.04,0.8,0.84,0.58,0.72,20.0,8.0,0.5,24.0,5.0,0.68,0.78,0.5,24.0,5.0,0.68,0.78,17,0,0.114691,0.09175,8.235294,3.941176,0.0,0.0,0.941958,0.788235,0.153723,0.812861,{'public_conservative': 17},16,0,0.177582,0.125471,11.5,4.8125,0.061937,0.0,0.853477,0.800625,0.052852,0.84243,{'public_conservative': 16}
662,0.09175,1.0,public_conservative,0.7,0.05,0.01,0.0,0.1,0.05,0.04,0.8,0.84,0.58,0.72,20.0,8.0,0.5,24.0,5.0,0.68,0.78,0.5,24.0,5.0,0.68,0.78,17,0,0.114691,0.09175,8.235294,3.941176,0.0,0.0,0.941958,0.788235,0.153723,0.812861,{'public_conservative': 17},16,0,0.179598,0.117751,10.75,4.6875,0.030969,0.0,0.834037,0.800625,0.033412,0.847202,{'public_conservative': 16}
663,0.09175,1.0,public_conservative,0.7,0.05,0.01,0.0,0.2,0.05,0.04,0.8,0.84,0.58,0.72,20.0,8.0,0.5,24.0,5.0,0.68,0.78,0.5,24.0,5.0,0.68,0.78,17,0,0.114691,0.09175,8.235294,3.941176,0.0,0.0,0.941958,0.788235,0.153723,0.812861,{'public_conservative': 17},16,0,0.182694,0.117751,10.75,4.6875,0.030969,0.0,0.834037,0.800625,0.033412,0.847202,{'public_conservative': 16}
664,0.09244584,1.0,public_conservative,0.7,0.05,0.01,0.01,0.02,0.05,0.04,0.8,0.84,0.58,0.72,20.0,8.0,0.5,24.0,5.0,0.68,0.78,0.5,24.0,5.0,0.68,0.78,17,0,0.118966,0.090899,8.411765,3.411765,0.038671,0.0,0.944574,0.788235,0.156339,0.812034,{'public_conservative': 17},16,0,0.179461,0.121364,11.25,3.875,0.218231,0.0,0.854272,0.800625,0.053647,0.839188,{'public_conservative': 16}
665,0.09175,1.0,public_conservative,0.7,0.05,0.01,0.01,0.05,0.05,0.04,0.8,0.84,0.58,0.72,20.0,8.0,0.5,24.0,5.0,0.68,0.78,0.5,24.0,5.0,0.68,0.78,17,0,0.119618,0.09175,8.235294,3.941176,0.0,0.0,0.941958,0.788235,0.153723,0.812861,{'public_conservative': 17},16,0,0.183598,0.125471,11.5,4.8125,0.061937,0.0,0.853477,0.800625,0.052852,0.84243,{'public_conservative': 16}
666,0.09175,1.0,public_conservative,0.7,0.05,0.01,0.01,0.1,0.05,0.04,0.8,0.84,0.58,0.72,20.0,8.0,0.5,24.0,5.0,0.68,0.78,0.5,24.0,5.0,0.68,0.78,17,0,0.119618,0.09175,8.235294,3.941176,0.0,0.0,0.941958,0.788235,0.153723,0.812861,{'public_conservative': 17},16,0,0.185457,0.117751,10.75,4.6875,0.030969,0.0,0.834037,0.800625,0.033412,0.847202,{'public_conservative': 16}
667,0.09175,1.0,public_conservative,0.7,0.05,0.01,0.01,0.2,0.05,0.04,0.8,0.84,0.58,0.72,20.0,8.0,0.5,24.0,5.0,0.68,0.78,0.5,24.0,5.0,0.68,0.78,17,0,0.119618,0.09175,8.235294,3.941176,0.0,0.0,0.941958,0.788235,0.153723,0.812861,{'public_conservative': 17},16,0,0.188554,0.117751,10.75,4.6875,0.030969,0.0,0.834037,0.800625,0.033412,0.847202,{'public_conservative': 16}
668,0.09244584,1.0,public_conservative,0.7,0.05,0.01,0.02,0.02,0.05,0.04,0.8,0.84,0.58,0.72,20.0,8.0,0.5,24.0,5.0,0.68,0.78,0.5,24.0,5.0,0.68,0.78,17,0,0.123231,0.090899,8.411765,3.411765,0.038671,0.0,0.944574,0.788235,0.156339,0.812034,{'public_conservative': 17},16,0,0.184305,0.121364,11.25,3.875,0.218231,0.0,0.854272,0.800625,0.053647,0.839188,{'public_conservative': 16}
669,0.09244584,1.0,public_conservative,0.7,0.05,0.01,0.02,0.05,0.05,0.04,0.8,0.84,0.58,0.72,20.0,8.0,0.5,24.0,5.0,0.68,0.78,0.5,24.0,5.0,0.68,0.78,17,0,0.124391,0.090899,8.411765,3.411765,0.038671,0.0,0.944574,0.788235,0.156339,0.812034,{'public_conservative': 17},16,0,0.189613,0.125471,11.5,4.8125,0.061937,0.0,0.853477,0.800625,0.052852,0.84243,{'public_conservative': 16}
670,0.09175,1.0,public_conservative,0.7,0.05,0.01,0.02,0.1,0.05,0.04,0.8,0.84,0.58,0.72,20.0,8.0,0.5,24.0,5.0,0.68,0.78,0.5,24.0,5.0,0.68,0.78,17,0,0.124544,0.09175,8.235294,3.941176,0.0,0.0,0.941958,0.788235,0.153723,0.812861,{'public_conservative': 17},16,0,0.191316,0.117751,10.75,4.6875,0.030969,0.0,0.834037,0.800625,0.033412,0.847202,{'public_conservative': 16}
671,0.09175,1.0,public_conservative,0.7,0.05,0.01,0.02,0.2,0.05,0.04,0.8,0.84,0.58,0.72,20.0,8.0,0.5,24.0,5.0,0.68,0.78,0.5,24.0,5.0,0.68,0.78,17,0,0.124544,0.09175,8.235294,3.941176,0.0,0.0,0.941958,0.788235,0.153723,0.812861,{'public_conservative': 17},16,0,0.194413,0.117751,10.75,4.6875,0.030969,0.0,0.834037,0.800625,0.033412,0.847202,{'public_conservative': 16}
672,0.09175,1.0,public_conservative,0.7,0.05,0.02,0.0,0.02,0.05,0.04,0.8,0.84,0.58,0.72,20.0,8.0,0.5,24.0,5.0,0.68,0.78,0.5,24.0,5.0,0.68,0.78,17,0,0.118809,0.09175,8.235294,3.941176,0.0,0.0,0.941958,0.788235,0.153723,0.812861,{'public_conservative': 17},16,0,0.180243,0.121364,11.25,3.875,0.218231,0.0,0.854272,0.800625,0.053647,0.839188,{'public_conservative': 16}
673,0.09175,1.0,public_conservative,0.7,0.05,0.02,0.0,0.05,0.05,0.04,0.8,0.84,0.58,0.72,20.0,8.0,0.5,24.0,5.0,0.68,0.78,0.5,24.0,5.0,0.68,0.78,17,0,0.118809,0.09175,8.235294,3.941176,0.0,0.0,0.941958,0.788235,0.153723,0.812861,{'public_conservative': 17},16,0,0.183332,0.125471,11.5,4.8125,0.061937,0.0,0.853477,0.800625,0.052852,0.84243,{'public_conservative': 16}
674,0.09175,1.0,public_conservative,0.7,0.05,0.02,0.0,0.1,0.05,0.04,0.8,0.84,0.58,0.72,20.0,8.0,0.5,24.0,5.0,0.68,0.78,0.5,24.0,5.0,0.68,0.78,17,0,0.118809,0.09175,8.235294,3.941176,0.0,0.0,0.941958,0.788235,0.153723,0.812861,{'public_conservative': 17},16,0,0.184973,0.117751,10.75,4.6875,0.030969,0.0,0.834037,0.800625,0.033412,0.847202,{'public_conservative': 16}
675,0.09175,1.0,public_conservative,0.7,0.05,0.02,0.0,0.2,0.05,0.04,0.8,0.84,0.58,0.72,20.0,8.0,0.5,24.0,5.0,0.68,0.78,0.5,24.0,5.0,0.68,0.78,17,0,0.118809,0.09175,8.235294,3.941176,0.0,0.0,0.941958,0.788235,0.153723,0.812861,{'public_conservative': 17},16,0,0.188069,0.117751,10.75,4.6875,0.030969,0.0,0.834037,0.800625,0.033412,0.847202,{'public_conservative': 16}
676,0.09244584,1.0,public_conservative,0.7,0.05,0.02,0.01,0.02,0.05,0.04,0.8,0.84,0.58,0.72,20.0,8.0,0.5,24.0,5.0,0.68,0.78,0.5,24.0,5.0,0.68,0.78,17,0,0.123172,0.090899,8.411765,3.411765,0.038671,0.0,0.944574,0.788235,0.156339,0.812034,{'public_conservative': 17},16,0,0.185086,0.121364,11.25,3.875,0.218231,0.0,0.854272,0.800625,0.053647,0.839188,{'public_conservative': 16}
677,0.09175,1.0,public_conservative,0.7,0.05,0.02,0.01,0.05,0.05,0.04,0.8,0.84,0.58,0.72,20.0,8.0,0.5,24.0,5.0,0.68,0.78,0.5,24.0,5.0,0.68,0.78,17,0,0.123735,0.09175,8.235294,3.941176,0.0,0.0,0.941958,0.788235,0.153723,0.812861,{'public_conservative': 17},16,0,0.189284,0.117751,10.75,4.6875,0.030969,0.0,0.834037,0.800625,0.033412,0.847202,{'public_conservative': 16}
678,0.09175,1.0,public_conservative,0.7,0.05,0.02,0.01,0.1,0.05,0.04,0.8,0.84,0.58,0.72,20.0,8.0,0.5,24.0,5.0,0.68,0.78,0.5,24.0,5.0,0.68,0.78,17,0,0.123735,0.09175,8.235294,3.941176,0.0,0.0,0.941958,0.788235,0.153723,0.812861,{'public_conservative': 17},16,0,0.190832,0.117751,10.75,4.6875,0.030969,0.0,0.834037,0.800625,0.033412,0.847202,{'public_conservative': 16}
679,0.09175,1.0,public_conservative,0.7,0.05,0.02,0.01,0.2,0.05,0.04,0.8,0.84,0.58,0.72,20.0,8.0,0.5,24.0,5.0,0.68,0.78,0.5,24.0,5.0,0.68,0.78,17,0,0.123735,0.09175,8.235294,3.941176,0.0,0.0,0.941958,0.788235,0.153723,0.812861,{'public_conservative': 17},16,0,0.193929,0.117751,10.75,4.6875,0.030969,0.0,0.834037,0.800625,0.033412,0.847202,{'public_conservative': 16}
680,0.09244584,1.0,public_conservative,0.7,0.05,0.02,0.02,0.02,0.05,0.04,0.8,0.84,0.58,0.72,20.0,8.0,0.5,24.0,5.0,0.68,0.78,0.5,24.0,5.0,0.68,0.78,17,0,0.127437,0.090899,8.411765,3.411765,0.038671,0.0,0.944574,0.788235,0.156339,0.812034,{'public_conservative': 17},16,0,0.18993,0.121364,11.25,3.875,0.218231,0.0,0.854272,0.800625,0.053647,0.839188,{'public_conservative': 16}
681,0.09244584,1.0,public_conservative,0.7,0.05,0.02,0.02,0.05,0.05,0.04,0.8,0.84,0.58,0.72,20.0,8.0,0.5,24.0,5.0,0.68,0.78,0.5,24.0,5.0,0.68,0.78,17,0,0.128597,0.090899,8.411765,3.411765,0.038671,0.0,0.944574,0.788235,0.156339,0.812034,{'public_conservative': 17},16,0,0.195143,0.117751,10.75,4.6875,0.030969,0.0,0.834037,0.800625,0.033412,0.847202,{'public_conservative': 16}
682,0.09175,1.0,public_conservative,0.7,0.05,0.02,0.02,0.1,0.05,0.04,0.8,0.84,0.58,0.72,20.0,8.0,0.5,24.0,5.0,0.68,0.78,0.5,24.0,5.0,0.68,0.78,17,0,0.128662,0.09175,8.235294,3.941176,0.0,0.0,0.941958,0.788235,0.153723,0.812861,{'public_conservative': 17},16,0,0.196691,0.117751,10.75,4.6875,0.030969,0.0,0.834037,0.800625,0.033412,0.847202,{'public_conservative': 16}
683,0.09175,1.0,public_conservative,0.7,0.05,0.02,0.02,0.2,0.05,0.04,0.8,0.84,0.58,0.72,20.0,8.0,0.5,24.0,5.0,0.68,0.78,0.5,24.0,5.0,0.68,0.78,17,0,0.128662,0.09175,8.235294,3.941176,0.0,0.0,0.941958,0.788235,0.153723,0.812861,{'public_conservative': 17},16,0,0.199788,0.117751,10.75,4.6875,0.030969,0.0,0.834037,0.800625,0.033412,0.847202,{'public_conservative': 16}
684,0.09244584,1.0,public_conservative,0.7,0.15,0.0,0.0,0.02,0.05,0.04,0.8,0.84,0.58,0.72,20.0,8.0,0.5,24.0,5.0,0.68,0.78,0.5,24.0,5.0,0.68,0.78,17,0,0.112641,0.090899,8.411765,3.411765,0.038671,0.0,0.944574,0.788235,0.156339,0.812034,{'public_conservative': 17},16,0,0.17017,0.121364,11.25,3.875,0.218231,0.0,0.854272,0.800625,0.053647,0.839188,{'public_conservative': 16}
685,0.09175,1.0,public_conservative,0.7,0.15,0.0,0.0,0.05,0.05,0.04,0.8,0.84,0.58,0.72,20.0,8.0,0.5,24.0,5.0,0.68,0.78,0.5,24.0,5.0,0.68,0.78,17,0,0.112719,0.09175,8.235294,3.941176,0.0,0.0,0.941958,0.788235,0.153723,0.812861,{'public_conservative': 17},16,0,0.17301,0.125471,11.5,4.8125,0.061937,0.0,0.853477,0.800625,0.052852,0.84243,{'public_conservative': 16}
686,0.09175,1.0,public_conservative,0.7,0.15,0.0,0.0,0.1,0.05,0.04,0.8,0.84,0.58,0.72,20.0,8.0,0.5,24.0,5.0,0.68,0.78,0.5,24.0,5.0,0.68,0.78,17,0,0.112719,0.09175,8.235294,3.941176,0.0,0.0,0.941958,0.788235,0.153723,0.812861,{'public_conservative': 17},16,0,0.1754,0.117751,10.75,4.6875,0.030969,0.0,0.834037,0.800625,0.033412,0.847202,{'public_conservative': 16}
687,0.09175,1.0,public_conservative,0.7,0.15,0.0,0.0,0.2,0.05,0.04,0.8,0.84,0.58,0.72,20.0,8.0,0.5,24.0,5.0,0.68,0.78,0.5,24.0,5.0,0.68,0.78,17,0,0.112719,0.09175,8.235294,3.941176,0.0,0.0,0.941958,0.788235,0.153723,0.812861,{'public_conservative': 17},16,0,0.178497,0.117751,10.75,4.6875,0.030969,0.0,0.834037,0.800625,0.033412,0.847202,{'public_conservative': 16}
688,0.09244584,1.0,public_conservative,0.7,0.15,0.0,0.01,0.02,0.05,0.04,0.8,0.84,0.58,0.72,20.0,8.0,0.5,24.0,5.0,0.68,0.78,0.5,24.0,5.0,0.68,0.78,17,0,0.116906,0.090899,8.411765,3.411765,0.038671,0.0,0.944574,0.788235,0.156339,0.812034,{'public_conservative': 17},16,0,0.175014,0.121364,11.25,3.875,0.218231,0.0,0.854272,0.800625,0.053647,0.839188,{'public_conservative': 16}
689,0.09175,1.0,public_conservative,0.7,0.15,0.0,0.01,0.05,0.05,0.04,0.8,0.84,0.58,0.72,20.0,8.0,0.5,24.0,5.0,0.68,0.78,0.5,24.0,5.0,0.68,0.78,17,0,0.117646,0.09175,8.235294,3.941176,0.0,0.0,0.941958,0.788235,0.153723,0.812861,{'public_conservative': 17},16,0,0.179025,0.125471,11.5,4.8125,0.061937,0.0,0.853477,0.800625,0.052852,0.84243,{'public_conservative': 16}
690,0.09175,1.0,public_conservative,0.7,0.15,0.0,0.01,0.1,0.05,0.04,0.8,0.84,0.58,0.72,20.0,8.0,0.5,24.0,5.0,0.68,0.78,0.5,24.0,5.0,0.68,0.78,17,0,0.117646,0.09175,8.235294,3.941176,0.0,0.0,0.941958,0.788235,0.153723,0.812861,{'public_conservative': 17},16,0,0.181259,0.117751,10.75,4.6875,0.030969,0.0,0.834037,0.800625,0.033412,0.847202,{'public_conservative': 16}
691,0.09175,1.0,public_conservative,0.7,0.15,0.0,0.01,0.2,0.05,0.04,0.8,0.84,0.58,0.72,20.0,8.0,0.5,24.0,5.0,0.68,0.78,0.5,24.0,5.0,0.68,0.78,17,0,0.117646,0.09175,8.235294,3.941176,0.0,0.0,0.941958,0.788235,0.153723,0.812861,{'public_conservative': 17},16,0,0.184356,0.117751,10.75,4.6875,0.030969,0.0,0.834037,0.800625,0.033412,0.847202,{'public_conservative': 16}
692,0.09244584,1.0,public_conservative,0.7,0.15,0.0,0.02,0.02,0.05,0.04,0.8,0.84,0.58,0.72,20.0,8.0,0.5,24.0,5.0,0.68,0.78,0.5,24.0,5.0,0.68,0.78,17,0,0.121171,0.090899,8.411765,3.411765,0.038671,0.0,0.944574,0.788235,0.156339,0.812034,{'public_conservative': 17},16,0,0.179857,0.121364,11.25,3.875,0.218231,0.0,0.854272,0.800625,0.053647,0.839188,{'public_conservative': 16}
693,0.09244584,1.0,public_conservative,0.7,0.15,0.0,0.02,0.05,0.05,0.04,0.8,0.84,0.58,0.72,20.0,8.0,0.5,24.0,5.0,0.68,0.78,0.5,24.0,5.0,0.68,0.78,17,0,0.122331,0.090899,8.411765,3.411765,0.038671,0.0,0.944574,0.788235,0.156339,0.812034,{'public_conservative': 17},16,0,0.185041,0.125471,11.5,4.8125,0.061937,0.0,0.853477,0.800625,0.052852,0.84243,{'public_conservative': 16}
694,0.09175,1.0,public_conservative,0.7,0.15,0.0,0.02,0.1,0.05,0.04,0.8,0.84,0.58,0.72,20.0,8.0,0.5,24.0,5.0,0.68,0.78,0.5,24.0,5.0,0.68,0.78,17,0,0.122572,0.09175,8.235294,3.941176,0.0,0.0,0.941958,0.788235,0.153723,0.812861,{'public_conservative': 17},16,0,0.187119,0.117751,10.75,4.6875,0.030969,0.0,0.834037,0.800625,0.033412,0.847202,{'public_conservative': 16}
695,0.09175,1.0,public_conservative,0.7,0.15,0.0,0.02,0.2,0.05,0.04,0.8,0.84,0.58,0.72,20.0,8.0,0.5,24.0,5.0,0.68,0.78,0.5,24.0,5.0,0.68,0.78,17,0,0.122572,0.09175,8.235294,3.941176,0.0,0.0,0.941958,0.788235,0.153723,0.812861,{'public_conservative': 17},16,0,0.190216,0.117751,10.75,4.6875,0.030969,0.0,0.834037,0.800625,0.033412,0.847202,{'public_conservative': 16}
696,0.09175,1.0,public_conservative,0.7,0.15,0.01,0.0,0.02,0.05,0.04,0.8,0.84,0.58,0.72,20.0,8.0,0.5,24.0,5.0,0.68,0.78,0.5,24.0,5.0,0.68,0.78,17,0,0.116837,0.09175,8.235294,3.941176,0.0,0.0,0.941958,0.788235,0.153723,0.812861,{'public_conservative': 17},16,0,0.175795,0.121364,11.25,3.875,0.218231,0.0,0.854272,0.800625,0.053647,0.839188,{'public_conservative': 16}
697,0.09175,1.0,public_conservative,0.7,0.15,0.01,0.0,0.05,0.05,0.04,0.8,0.84,0.58,0.72,20.0,8.0,0.5,24.0,5.0,0.68,0.78,0.5,24.0,5.0,0.68,0.78,17,0,0.116837,0.09175,8.235294,3.941176,0.0,0.0,0.941958,0.788235,0.153723,0.812861,{'public_conservative': 17},16,0,0.17876,0.125471,11.5,4.8125,0.061937,0.0,0.853477,0.800625,0.052852,0.84243,{'public_conservative': 16}
698,0.09175,1.0,public_conservative,0.7,0.15,0.01,0.0,0.1,0.05,0.04,0.8,0.84,0.58,0.72,20.0,8.0,0.5,24.0,5.0,0.68,0.78,0.5,24.0,5.0,0.68,0.78,17,0,0.116837,0.09175,8.235294,3.941176,0.0,0.0,0.941958,0.788235,0.153723,0.812861,{'public_conservative': 17},16,0,0.180775,0.117751,10.75,4.6875,0.030969,0.0,0.834037,0.800625,0.033412,0.847202,{'public_conservative': 16}
699,0.09175,1.0,public_conservative,0.7,0.15,0.01,0.0,0.2,0.05,0.04,0.8,0.84,0.58,0.72,20.0,8.0,0.5,24.0,5.0,0.68,0.78,0.5,24.0,5.0,0.68,0.78,17,0,0.116837,0.09175,8.235294,3.941176,0.0,0.0,0.941958,0.788235,0.153723,0.812861,{'public_conservative': 17},16,0,0.183872,0.117751,10.75,4.6875,0.030969,0.0,0.834037,0.800625,0.033412,0.847202,{'public_conservative': 16}
700,0.09244584,1.0,public_conservative,0.7,0.15,0.01,0.01,0.02,0.05,0.04,0.8,0.84,0.58,0.72,20.0,8.0,0.5,24.0,5.0,0.68,0.78,0.5,24.0,5.0,0.68,0.78,17,0,0.121112,0.090899,8.411765,3.411765,0.038671,0.0,0.944574,0.788235,0.156339,0.812034,{'public_conservative': 17},16,0,0.180639,0.121364,11.25,3.875,0.218231,0.0,0.854272,0.800625,0.053647,0.839188,{'public_conservative': 16}
701,0.09175,1.0,public_conservative,0.7,0.15,0.01,0.01,0.05,0.05,0.04,0.8,0.84,0.58,0.72,20.0,8.0,0.5,24.0,5.0,0.68,0.78,0.5,24.0,5.0,0.68,0.78,17,0,0.121763,0.09175,8.235294,3.941176,0.0,0.0,0.941958,0.788235,0.153723,0.812861,{'public_conservative': 17},16,0,0.184775,0.125471,11.5,4.8125,0.061937,0.0,0.853477,0.800625,0.052852,0.84243,{'public_conservative': 16}
702,0.09175,1.0,public_conservative,0.7,0.15,0.01,0.01,0.1,0.05,0.04,0.8,0.84,0.58,0.72,20.0,8.0,0.5,24.0,5.0,0.68,0.78,0.5,24.0,5.0,0.68,0.78,17,0,0.121763,0.09175,8.235294,3.941176,0.0,0.0,0.941958,0.788235,0.153723,0.812861,{'public_conservative': 17},16,0,0.186634,0.117751,10.75,4.6875,0.030969,0.0,0.834037,0.800625,0.033412,0.847202,{'public_conservative': 16}
703,0.09175,1.0,public_conservative,0.7,0.15,0.01,0.01,0.2,0.05,0.04,0.8,0.84,0.58,0.72,20.0,8.0,0.5,24.0,5.0,0.68,0.78,0.5,24.0,5.0,0.68,0.78,17,0,0.121763,0.09175,8.235294,3.941176,0.0,0.0,0.941958,0.788235,0.153723,0.812861,{'public_conservative': 17},16,0,0.189731,0.117751,10.75,4.6875,0.030969,0.0,0.834037,0.800625,0.033412,0.847202,{'public_conservative': 16}
704,0.09244584,1.0,public_conservative,0.7,0.15,0.01,0.02,0.02,0.05,0.04,0.8,0.84,0.58,0.72,20.0,8.0,0.5,24.0,5.0,0.68,0.78,0.5,24.0,5.0,0.68,0.78,17,0,0.125377,0.090899,8.411765,3.411765,0.038671,0.0,0.944574,0.788235,0.156339,0.812034,{'public_conservative': 17},16,0,0.185482,0.121364,11.25,3.875,0.218231,0.0,0.854272,0.800625,0.053647,0.839188,{'public_conservative': 16}
705,0.09244584,1.0,public_conservative,0.7,0.15,0.01,0.02,0.05,0.05,0.04,0.8,0.84,0.58,0.72,20.0,8.0,0.5,24.0,5.0,0.68,0.78,0.5,24.0,5.0,0.68,0.78,17,0,0.126537,0.090899,8.411765,3.411765,0.038671,0.0,0.944574,0.788235,0.156339,0.812034,{'public_conservative': 17},16,0,0.190791,0.125471,11.5,4.8125,0.061937,0.0,0.853477,0.800625,0.052852,0.84243,{'public_conservative': 16}
706,0.09175,1.0,public_conservative,0.7,0.15,0.01,0.02,0.1,0.05,0.04,0.8,0.84,0.58,0.72,20.0,8.0,0.5,24.0,5.0,0.68,0.78,0.5,24.0,5.0,0.68,0.78,17,0,0.12669,0.09175,8.235294,3.941176,0.0,0.0,0.941958,0.788235,0.153723,0.812861,{'public_conservative': 17},16,0,0.192494,0.117751,10.75,4.6875,0.030969,0.0,0.834037,0.800625,0.033412,0.847202,{'public_conservative': 16}
707,0.09175,1.0,public_conservative,0.7,0.15,0.01,0.02,0.2,0.05,0.04,0.8,0.84,0.58,0.72,20.0,8.0,0.5,24.0,5.0,0.68,0.78,0.5,24.0,5.0,0.68,0.78,17,0,0.12669,0.09175,8.235294,3.941176,0.0,0.0,0.941958,0.788235,0.153723,0.812861,{'public_conservative': 17},16,0,0.195591,0.117751,10.75,4.6875,0.030969,0.0,0.834037,0.800625,0.033412,0.847202,{'public_conservative': 16}
708,0.09175,1.0,public_conservative,0.7,0.15,0.02,0.0,0.02,0.05,0.04,0.8,0.84,0.58,0.72,20.0,8.0,0.5,24.0,5.0,0.68,0.78,0.5,24.0,5.0,0.68,0.78,17,0,0.120954,0.09175,8.235294,3.941176,0.0,0.0,0.941958,0.788235,0.153723,0.812861,{'public_conservative': 17},16,0,0.18142,0.121364,11.25,3.875,0.218231,0.0,0.854272,0.800625,0.053647,0.839188,{'public_conservative': 16}
709,0.09175,1.0,public_conservative,0.7,0.15,0.02,0.0,0.05,0.05,0.04,0.8,0.84,0.58,0.72,20.0,8.0,0.5,24.0,5.0,0.68,0.78,0.5,24.0,5.0,0.68,0.78,17,0,0.120954,0.09175,8.235294,3.941176,0.0,0.0,0.941958,0.788235,0.153723,0.812861,{'public_conservative': 17},16,0,0.18451,0.125471,11.5,4.8125,0.061937,0.0,0.853477,0.800625,0.052852,0.84243,{'public_conservative': 16}
710,0.09175,1.0,public_conservative,0.7,0.15,0.02,0.0,0.1,0.05,0.04,0.8,0.84,0.58,0.72,20.0,8.0,0.5,24.0,5.0,0.68,0.78,0.5,24.0,5.0,0.68,0.78,17,0,0.120954,0.09175,8.235294,3.941176,0.0,0.0,0.941958,0.788235,0.153723,0.812861,{'public_conservative': 17},16,0,0.18615,0.117751,10.75,4.6875,0.030969,0.0,0.834037,0.800625,0.033412,0.847202,{'public_conservative': 16}
711,0.09175,1.0,public_conservative,0.7,0.15,0.02,0.0,0.2,0.05,0.04,0.8,0.84,0.58,0.72,20.0,8.0,0.5,24.0,5.0,0.68,0.78,0.5,24.0,5.0,0.68,0.78,17,0,0.120954,0.09175,8.235294,3.941176,0.0,0.0,0.941958,0.788235,0.153723,0.812861,{'public_conservative': 17},16,0,0.189247,0.117751,10.75,4.6875,0.030969,0.0,0.834037,0.800625,0.033412,0.847202,{'public_conservative': 16}
712,0.09244584,1.0,public_conservative,0.7,0.15,0.02,0.01,0.02,0.05,0.04,0.8,0.84,0.58,0.72,20.0,8.0,0.5,24.0,5.0,0.68,0.78,0.5,24.0,5.0,0.68,0.78,17,0,0.125318,0.090899,8.411765,3.411765,0.038671,0.0,0.944574,0.788235,0.156339,0.812034,{'public_conservative': 17},16,0,0.186264,0.121364,11.25,3.875,0.218231,0.0,0.854272,0.800625,0.053647,0.839188,{'public_conservative': 16}
713,0.09175,1.0,public_conservative,0.7,0.15,0.02,0.01,0.05,0.05,0.04,0.8,0.84,0.58,0.72,20.0,8.0,0.5,24.0,5.0,0.68,0.78,0.5,24.0,5.0,0.68,0.78,17,0,0.125881,0.09175,8.235294,3.941176,0.0,0.0,0.941958,0.788235,0.153723,0.812861,{'public_conservative': 17},16,0,0.190461,0.117751,10.75,4.6875,0.030969,0.0,0.834037,0.800625,0.033412,0.847202,{'public_conservative': 16}
714,0.09175,1.0,public_conservative,0.7,0.15,0.02,0.01,0.1,0.05,0.04,0.8,0.84,0.58,0.72,20.0,8.0,0.5,24.0,5.0,0.68,0.78,0.5,24.0,5.0,0.68,0.78,17,0,0.125881,0.09175,8.235294,3.941176,0.0,0.0,0.941958,0.788235,0.153723,0.812861,{'public_conservative': 17},16,0,0.192009,0.117751,10.75,4.6875,0.030969,0.0,0.834037,0.800625,0.033412,0.847202,{'public_conservative': 16}
715,0.09175,1.0,public_conservative,0.7,0.15,0.02,0.01,0.2,0.05,0.04,0.8,0.84,0.58,0.72,20.0,8.0,0.5,24.0,5.0,0.68,0.78,0.5,24.0,5.0,0.68,0.78,17,0,0.125881,0.09175,8.235294,3.941176,0.0,0.0,0.941958,0.788235,0.153723,0.812861,{'public_conservative': 17},16,0,0.195106,0.117751,10.75,4.6875,0.030969,0.0,0.834037,0.800625,0.033412,0.847202,{'public_conservative': 16}
716,0.09244584,1.0,public_conservative,0.7,0.15,0.02,0.02,0.02,0.05,0.04,0.8,0.84,0.58,0.72,20.0,8.0,0.5,24.0,5.0,0.68,0.78,0.5,24.0,5.0,0.68,0.78,17,0,0.129582,0.090899,8.411765,3.411765,0.038671,0.0,0.944574,0.788235,0.156339,0.812034,{'public_conservative': 17},16,0,0.191107,0.121364,11.25,3.875,0.218231,0.0,0.854272,0.800625,0.053647,0.839188,{'public_conservative': 16}
717,0.09244584,1.0,public_conservative,0.7,0.15,0.02,0.02,0.05,0.05,0.04,0.8,0.84,0.58,0.72,20.0,8.0,0.5,24.0,5.0,0.68,0.78,0.5,24.0,5.0,0.68,0.78,17,0,0.130743,0.090899,8.411765,3.411765,0.038671,0.0,0.944574,0.788235,0.156339,0.812034,{'public_conservative': 17},16,0,0.19632,0.117751,10.75,4.6875,0.030969,0.0,0.834037,0.800625,0.033412,0.847202,{'public_conservative': 16}
718,0.09175,1.0,public_conservative,0.7,0.15,0.02,0.02,0.1,0.05,0.04,0.8,0.84,0.58,0.72,20.0,8.0,0.5,24.0,5.0,0.68,0.78,0.5,24.0,5.0,0.68,0.78,17,0,0.130807,0.09175,8.235294,3.941176,0.0,0.0,0.941958,0.788235,0.153723,0.812861,{'public_conservative': 17},16,0,0.197869,0.117751,10.75,4.6875,0.030969,0.0,0.834037,0.800625,0.033412,0.847202,{'public_conservative': 16}
719,0.09175,1.0,public_conservative,0.7,0.15,0.02,0.02,0.2,0.05,0.04,0.8,0.84,0.58,0.72,20.0,8.0,0.5,24.0,5.0,0.68,0.78,0.5,24.0,5.0,0.68,0.78,17,0,0.130807,0.09175,8.235294,3.941176,0.0,0.0,0.941958,0.788235,0.153723,0.812861,{'public_conservative': 17},16,0,0.200966,0.117751,10.75,4.6875,0.030969,0.0,0.834037,0.800625,0.033412,0.847202,{'public_conservative': 16}
720,0.09244584,1.0,public_conservative,0.7,0.3,0.0,0.0,0.02,0.05,0.04,0.8,0.84,0.58,0.72,20.0,8.0,0.5,24.0,5.0,0.68,0.78,0.5,24.0,5.0,0.68,0.78,17,0,0.11586,0.090899,8.411765,3.411765,0.038671,0.0,0.944574,0.788235,0.156339,0.812034,{'public_conservative': 17},16,0,0.171936,0.121364,11.25,3.875,0.218231,0.0,0.854272,0.800625,0.053647,0.839188,{'public_conservative': 16}
721,0.09175,1.0,public_conservative,0.7,0.3,0.0,0.0,0.05,0.05,0.04,0.8,0.84,0.58,0.72,20.0,8.0,0.5,24.0,5.0,0.68,0.78,0.5,24.0,5.0,0.68,0.78,17,0,0.115938,0.09175,8.235294,3.941176,0.0,0.0,0.941958,0.788235,0.153723,0.812861,{'public_conservative': 17},16,0,0.174776,0.125471,11.5,4.8125,0.061937,0.0,0.853477,0.800625,0.052852,0.84243,{'public_conservative': 16}
722,0.09175,1.0,public_conservative,0.7,0.3,0.0,0.0,0.1,0.05,0.04,0.8,0.84,0.58,0.72,20.0,8.0,0.5,24.0,5.0,0.68,0.78,0.5,24.0,5.0,0.68,0.78,17,0,0.115938,0.09175,8.235294,3.941176,0.0,0.0,0.941958,0.788235,0.153723,0.812861,{'public_conservative': 17},16,0,0.177166,0.117751,10.75,4.6875,0.030969,0.0,0.834037,0.800625,0.033412,0.847202,{'public_conservative': 16}
723,0.09175,1.0,public_conservative,0.7,0.3,0.0,0.0,0.2,0.05,0.04,0.8,0.84,0.58,0.72,20.0,8.0,0.5,24.0,5.0,0.68,0.78,0.5,24.0,5.0,0.68,0.78,17,0,0.115938,0.09175,8.235294,3.941176,0.0,0.0,0.941958,0.788235,0.153723,0.812861,{'public_conservative': 17},16,0,0.180263,0.117751,10.75,4.6875,0.030969,0.0,0.834037,0.800625,0.033412,0.847202,{'public_conservative': 16}
724,0.09244584,1.0,public_conservative,0.7,0.3,0.0,0.01,0.02,0.05,0.04,0.8,0.84,0.58,0.72,20.0,8.0,0.5,24.0,5.0,0.68,0.78,0.5,24.0,5.0,0.68,0.78,17,0,0.120124,0.090899,8.411765,3.411765,0.038671,0.0,0.944574,0.788235,0.156339,0.812034,{'public_conservative': 17},16,0,0.17678,0.121364,11.25,3.875,0.218231,0.0,0.854272,0.800625,0.053647,0.839188,{'public_conservative': 16}
725,0.09175,1.0,public_conservative,0.7,0.3,0.0,0.01,0.05,0.05,0.04,0.8,0.84,0.58,0.72,20.0,8.0,0.5,24.0,5.0,0.68,0.78,0.5,24.0,5.0,0.68,0.78,17,0,0.120864,0.09175,8.235294,3.941176,0.0,0.0,0.941958,0.788235,0.153723,0.812861,{'public_conservative': 17},16,0,0.180791,0.125471,11.5,4.8125,0.061937,0.0,0.853477,0.800625,0.052852,0.84243,{'public_conservative': 16}
726,0.09175,1.0,public_conservative,0.7,0.3,0.0,0.01,0.1,0.05,0.04,0.8,0.84,0.58,0.72,20.0,8.0,0.5,24.0,5.0,0.68,0.78,0.5,24.0,5.0,0.68,0.78,17,0,0.120864,0.09175,8.235294,3.941176,0.0,0.0,0.941958,0.788235,0.153723,0.812861,{'public_conservative': 17},16,0,0.183026,0.117751,10.75,4.6875,0.030969,0.0,0.834037,0.800625,0.033412,0.847202,{'public_conservative': 16}
727,0.09175,1.0,public_conservative,0.7,0.3,0.0,0.01,0.2,0.05,0.04,0.8,0.84,0.58,0.72,20.0,8.0,0.5,24.0,5.0,0.68,0.78,0.5,24.0,5.0,0.68,0.78,17,0,0.120864,0.09175,8.235294,3.941176,0.0,0.0,0.941958,0.788235,0.153723,0.812861,{'public_conservative': 17},16,0,0.186123,0.117751,10.75,4.6875,0.030969,0.0,0.834037,0.800625,0.033412,0.847202,{'public_conservative': 16}
728,0.09244584,1.0,public_conservative,0.7,0.3,0.0,0.02,0.02,0.05,0.04,0.8,0.84,0.58,0.72,20.0,8.0,0.5,24.0,5.0,0.68,0.78,0.5,24.0,5.0,0.68,0.78,17,0,0.124389,0.090899,8.411765,3.411765,0.038671,0.0,0.944574,0.788235,0.156339,0.812034,{'public_conservative': 17},16,0,0.181624,0.121364,11.25,3.875,0.218231,0.0,0.854272,0.800625,0.053647,0.839188,{'public_conservative': 16}
729,0.09244584,1.0,public_conservative,0.7,0.3,0.0,0.02,0.05,0.05,0.04,0.8,0.84,0.58,0.72,20.0,8.0,0.5,24.0,5.0,0.68,0.78,0.5,24.0,5.0,0.68,0.78,17,0,0.125549,0.090899,8.411765,3.411765,0.038671,0.0,0.944574,0.788235,0.156339,0.812034,{'public_conservative': 17},16,0,0.186807,0.125471,11.5,4.8125,0.061937,0.0,0.853477,0.800625,0.052852,0.84243,{'public_conservative': 16}
730,0.09175,1.0,public_conservative,0.7,0.3,0.0,0.02,0.1,0.05,0.04,0.8,0.84,0.58,0.72,20.0,8.0,0.5,24.0,5.0,0.68,0.78,0.5,24.0,5.0,0.68,0.78,17,0,0.125791,0.09175,8.235294,3.941176,0.0,0.0,0.941958,0.788235,0.153723,0.812861,{'public_conservative': 17},16,0,0.188885,0.117751,10.75,4.6875,0.030969,0.0,0.834037,0.800625,0.033412,0.847202,{'public_conservative': 16}
731,0.09175,1.0,public_conservative,0.7,0.3,0.0,0.02,0.2,0.05,0.04,0.8,0.84,0.58,0.72,20.0,8.0,0.5,24.0,5.0,0.68,0.78,0.5,24.0,5.0,0.68,0.78,17,0,0.125791,0.09175,8.235294,3.941176,0.0,0.0,0.941958,0.788235,0.153723,0.812861,{'public_conservative': 17},16,0,0.191982,0.117751,10.75,4.6875,0.030969,0.0,0.834037,0.800625,0.033412,0.847202,{'public_conservative': 16}
732,0.09175,1.0,public_conservative,0.7,0.3,0.01,0.0,0.02,0.05,0.04,0.8,0.84,0.58,0.72,20.0,8.0,0.5,24.0,5.0,0.68,0.78,0.5,24.0,5.0,0.68,0.78,17,0,0.120055,0.09175,8.235294,3.941176,0.0,0.0,0.941958,0.788235,0.153723,0.812861,{'public_conservative': 17},16,0,0.177561,0.121364,11.25,3.875,0.218231,0.0,0.854272,0.800625,0.053647,0.839188,{'public_conservative': 16}
733,0.09175,1.0,public_conservative,0.7,0.3,0.01,0.0,0.05,0.05,0.04,0.8,0.84,0.58,0.72,20.0,8.0,0.5,24.0,5.0,0.68,0.78,0.5,24.0,5.0,0.68,0.78,17,0,0.120055,0.09175,8.235294,3.941176,0.0,0.0,0.941958,0.788235,0.153723,0.812861,{'public_conservative': 17},16,0,0.180526,0.125471,11.5,4.8125,0.061937,0.0,0.853477,0.800625,0.052852,0.84243,{'public_conservative': 16}
734,0.09175,1.0,public_conservative,0.7,0.3,0.01,0.0,0.1,0.05,0.04,0.8,0.84,0.58,0.72,20.0,8.0,0.5,24.0,5.0,0.68,0.78,0.5,24.0,5.0,0.68,0.78,17,0,0.120055,0.09175,8.235294,3.941176,0.0,0.0,0.941958,0.788235,0.153723,0.812861,{'public_conservative': 17},16,0,0.182541,0.117751,10.75,4.6875,0.030969,0.0,0.834037,0.800625,0.033412,0.847202,{'public_conservative': 16}
735,0.09175,1.0,public_conservative,0.7,0.3,0.01,0.0,0.2,0.05,0.04,0.8,0.84,0.58,0.72,20.0,8.0,0.5,24.0,5.0,0.68,0.78,0.5,24.0,5.0,0.68,0.78,17,0,0.120055,0.09175,8.235294,3.941176,0.0,0.0,0.941958,0.788235,0.153723,0.812861,{'public_conservative': 17},16,0,0.185638,0.117751,10.75,4.6875,0.030969,0.0,0.834037,0.800625,0.033412,0.847202,{'public_conservative': 16}
736,0.09244584,1.0,public_conservative,0.7,0.3,0.01,0.01,0.02,0.05,0.04,0.8,0.84,0.58,0.72,20.0,8.0,0.5,24.0,5.0,0.68,0.78,0.5,24.0,5.0,0.68,0.78,17,0,0.12433,0.090899,8.411765,3.411765,0.038671,0.0,0.944574,0.788235,0.156339,0.812034,{'public_conservative': 17},16,0,0.182405,0.121364,11.25,3.875,0.218231,0.0,0.854272,0.800625,0.053647,0.839188,{'public_conservative': 16}
737,0.09175,1.0,public_conservative,0.7,0.3,0.01,0.01,0.05,0.05,0.04,0.8,0.84,0.58,0.72,20.0,8.0,0.5,24.0,5.0,0.68,0.78,0.5,24.0,5.0,0.68,0.78,17,0,0.124982,0.09175,8.235294,3.941176,0.0,0.0,0.941958,0.788235,0.153723,0.812861,{'public_conservative': 17},16,0,0.186541,0.125471,11.5,4.8125,0.061937,0.0,0.853477,0.800625,0.052852,0.84243,{'public_conservative': 16}
738,0.09175,1.0,public_conservative,0.7,0.3,0.01,0.01,0.1,0.05,0.04,0.8,0.84,0.58,0.72,20.0,8.0,0.5,24.0,5.0,0.68,0.78,0.5,24.0,5.0,0.68,0.78,17,0,0.124982,0.09175,8.235294,3.941176,0.0,0.0,0.941958,0.788235,0.153723,0.812861,{'public_conservative': 17},16,0,0.188401,0.117751,10.75,4.6875,0.030969,0.0,0.834037,0.800625,0.033412,0.847202,{'public_conservative': 16}
739,0.09175,1.0,public_conservative,0.7,0.3,0.01,0.01,0.2,0.05,0.04,0.8,0.84,0.58,0.72,20.0,8.0,0.5,24.0,5.0,0.68,0.78,0.5,24.0,5.0,0.68,0.78,17,0,0.124982,0.09175,8.235294,3.941176,0.0,0.0,0.941958,0.788235,0.153723,0.812861,{'public_conservative': 17},16,0,0.191498,0.117751,10.75,4.6875,0.030969,0.0,0.834037,0.800625,0.033412,0.847202,{'public_conservative': 16}
740,0.09244584,1.0,public_conservative,0.7,0.3,0.01,0.02,0.02,0.05,0.04,0.8,0.84,0.58,0.72,20.0,8.0,0.5,24.0,5.0,0.68,0.78,0.5,24.0,5.0,0.68,0.78,17,0,0.128595,0.090899,8.411765,3.411765,0.038671,0.0,0.944574,0.788235,0.156339,0.812034,{'public_conservative': 17},16,0,0.187249,0.121364,11.25,3.875,0.218231,0.0,0.854272,0.800625,0.053647,0.839188,{'public_conservative': 16}
741,0.09244584,1.0,public_conservative,0.7,0.3,0.01,0.02,0.05,0.05,0.04,0.8,0.84,0.58,0.72,20.0,8.0,0.5,24.0,5.0,0.68,0.78,0.5,24.0,5.0,0.68,0.78,17,0,0.129755,0.090899,8.411765,3.411765,0.038671,0.0,0.944574,0.788235,0.156339,0.812034,{'public_conservative': 17},16,0,0.192557,0.125471,11.5,4.8125,0.061937,0.0,0.853477,0.800625,0.052852,0.84243,{'public_conservative': 16}
742,0.09175,1.0,public_conservative,0.7,0.3,0.01,0.02,0.1,0.05,0.04,0.8,0.84,0.58,0.72,20.0,8.0,0.5,24.0,5.0,0.68,0.78,0.5,24.0,5.0,0.68,0.78,17,0,0.129908,0.09175,8.235294,3.941176,0.0,0.0,0.941958,0.788235,0.153723,0.812861,{'public_conservative': 17},16,0,0.19426,0.117751,10.75,4.6875,0.030969,0.0,0.834037,0.800625,0.033412,0.847202,{'public_conservative': 16}
743,0.09175,1.0,public_conservative,0.7,0.3,0.01,0.02,0.2,0.05,0.04,0.8,0.84,0.58,0.72,20.0,8.0,0.5,24.0,5.0,0.68,0.78,0.5,24.0,5.0,0.68,0.78,17,0,0.129908,0.09175,8.235294,3.941176,0.0,0.0,0.941958,0.788235,0.153723,0.812861,{'public_conservative': 17},16,0,0.197357,0.117751,10.75,4.6875,0.030969,0.0,0.834037,0.800625,0.033412,0.847202,{'public_conservative': 16}
744,0.09175,1.0,public_conservative,0.7,0.3,0.02,0.0,0.02,0.05,0.04,0.8,0.84,0.58,0.72,20.0,8.0,0.5,24.0,5.0,0.68,0.78,0.5,24.0,5.0,0.68,0.78,17,0,0.124173,0.09175,8.235294,3.941176,0.0,0.0,0.941958,0.788235,0.153723,0.812861,{'public_conservative': 17},16,0,0.183186,0.121364,11.25,3.875,0.218231,0.0,0.854272,0.800625,0.053647,0.839188,{'public_conservative': 16}
745,0.09175,1.0,public_conservative,0.7,0.3,0.02,0.0,0.05,0.05,0.04,0.8,0.84,0.58,0.72,20.0,8.0,0.5,24.0,5.0,0.68,0.78,0.5,24.0,5.0,0.68,0.78,17,0,0.124173,0.09175,8.235294,3.941176,0.0,0.0,0.941958,0.788235,0.153723,0.812861,{'public_conservative': 17},16,0,0.186276,0.125471,11.5,4.8125,0.061937,0.0,0.853477,0.800625,0.052852,0.84243,{'public_conservative': 16}
746,0.09175,1.0,public_conservative,0.7,0.3,0.02,0.0,0.1,0.05,0.04,0.8,0.84,0.58,0.72,20.0,8.0,0.5,24.0,5.0,0.68,0.78,0.5,24.0,5.0,0.68,0.78,17,0,0.124173,0.09175,8.235294,3.941176,0.0,0.0,0.941958,0.788235,0.153723,0.812861,{'public_conservative': 17},16,0,0.187916,0.117751,10.75,4.6875,0.030969,0.0,0.834037,0.800625,0.033412,0.847202,{'public_conservative': 16}
747,0.09175,1.0,public_conservative,0.7,0.3,0.02,0.0,0.2,0.05,0.04,0.8,0.84,0.58,0.72,20.0,8.0,0.5,24.0,5.0,0.68,0.78,0.5,24.0,5.0,0.68,0.78,17,0,0.124173,0.09175,8.235294,3.941176,0.0,0.0,0.941958,0.788235,0.153723,0.812861,{'public_conservative': 17},16,0,0.191013,0.117751,10.75,4.6875,0.030969,0.0,0.834037,0.800625,0.033412,0.847202,{'public_conservative': 16}
748,0.09244584,1.0,public_conservative,0.7,0.3,0.02,0.01,0.02,0.05,0.04,0.8,0.84,0.58,0.72,20.0,8.0,0.5,24.0,5.0,0.68,0.78,0.5,24.0,5.0,0.68,0.78,17,0,0.128536,0.090899,8.411765,3.411765,0.038671,0.0,0.944574,0.788235,0.156339,0.812034,{'public_conservative': 17},16,0,0.18803,0.121364,11.25,3.875,0.218231,0.0,0.854272,0.800625,0.053647,0.839188,{'public_conservative': 16}
749,0.09175,1.0,public_conservative,0.7,0.3,0.02,0.01,0.05,0.05,0.04,0.8,0.84,0.58,0.72,20.0,8.0,0.5,24.0,5.0,0.68,0.78,0.5,24.0,5.0,0.68,0.78,17,0,0.129099,0.09175,8.235294,3.941176,0.0,0.0,0.941958,0.788235,0.153723,0.812861,{'public_conservative': 17},16,0,0.192227,0.117751,10.75,4.6875,0.030969,0.0,0.834037,0.800625,0.033412,0.847202,{'public_conservative': 16}
750,0.09175,1.0,public_conservative,0.7,0.3,0.02,0.01,0.1,0.05,0.04,0.8,0.84,0.58,0.72,20.0,8.0,0.5,24.0,5.0,0.68,0.78,0.5,24.0,5.0,0.68,0.78,17,0,0.129099,0.09175,8.235294,3.941176,0.0,0.0,0.941958,0.788235,0.153723,0.812861,{'public_conservative': 17},16,0,0.193776,0.117751,10.75,4.6875,0.030969,0.0,0.834037,0.800625,0.033412,0.847202,{'public_conservative': 16}
751,0.09175,1.0,public_conservative,0.7,0.3,0.02,0.01,0.2,0.05,0.04,0.8,0.84,0.58,0.72,20.0,8.0,0.5,24.0,5.0,0.68,0.78,0.5,24.0,5.0,0.68,0.78,17,0,0.129099,0.09175,8.235294,3.941176,0.0,0.0,0.941958,0.788235,0.153723,0.812861,{'public_conservative': 17},16,0,0.196873,0.117751,10.75,4.6875,0.030969,0.0,0.834037,0.800625,0.033412,0.847202,{'public_conservative': 16}
752,0.09244584,1.0,public_conservative,0.7,0.3,0.02,0.02,0.02,0.05,0.04,0.8,0.84,0.58,0.72,20.0,8.0,0.5,24.0,5.0,0.68,0.78,0.5,24.0,5.0,0.68,0.78,17,0,0.132801,0.090899,8.411765,3.411765,0.038671,0.0,0.944574,0.788235,0.156339,0.812034,{'public_conservative': 17},16,0,0.192874,0.121364,11.25,3.875,0.218231,0.0,0.854272,0.800625,0.053647,0.839188,{'public_conservative': 16}
753,0.09244584,1.0,public_conservative,0.7,0.3,0.02,0.02,0.05,0.05,0.04,0.8,0.84,0.58,0.72,20.0,8.0,0.5,24.0,5.0,0.68,0.78,0.5,24.0,5.0,0.68,0.78,17,0,0.133961,0.090899,8.411765,3.411765,0.038671,0.0,0.944574,0.788235,0.156339,0.812034,{'public_conservative': 17},16,0,0.198087,0.117751,10.75,4.6875,0.030969,0.0,0.834037,0.800625,0.033412,0.847202,{'public_conservative': 16}
754,0.09175,1.0,public_conservative,0.7,0.3,0.02,0.02,0.1,0.05,0.04,0.8,0.84,0.58,0.72,20.0,8.0,0.5,24.0,5.0,0.68,0.78,0.5,24.0,5.0,0.68,0.78,17,0,0.134026,0.09175,8.235294,3.941176,0.0,0.0,0.941958,0.788235,0.153723,0.812861,{'public_conservative': 17},16,0,0.199635,0.117751,10.75,4.6875,0.030969,0.0,0.834037,0.800625,0.033412,0.847202,{'public_conservative': 16}
755,0.09175,1.0,public_conservative,0.7,0.3,0.02,0.02,0.2,0.05,0.04,0.8,0.84,0.58,0.72,20.0,8.0,0.5,24.0,5.0,0.68,0.78,0.5,24.0,5.0,0.68,0.78,17,0,0.134026,0.09175,8.235294,3.941176,0.0,0.0,0.941958,0.788235,0.153723,0.812861,{'public_conservative': 17},16,0,0.202732,0.117751,10.75,4.6875,0.030969,0.0,0.834037,0.800625,0.033412,0.847202,{'public_conservative': 16}
756,0.09244584,1.0,public_conservative,0.9,0.05,0.0,0.0,0.02,0.05,0.04,0.8,0.84,0.58,0.72,20.0,8.0,0.5,24.0,5.0,0.68,0.78,0.5,24.0,5.0,0.68,0.78,17,0,0.115567,0.090899,8.411765,3.411765,0.038671,0.0,0.944574,0.788235,0.156339,0.812034,{'public_conservative': 17},16,0,0.181185,0.121364,11.25,3.875,0.218231,0.0,0.854272,0.800625,0.053647,0.839188,{'public_conservative': 16}
757,0.09175,1.0,public_conservative,0.9,0.05,0.0,0.0,0.05,0.05,0.04,0.8,0.84,0.58,0.72,20.0,8.0,0.5,24.0,5.0,0.68,0.78,0.5,24.0,5.0,0.68,0.78,17,0,0.115645,0.09175,8.235294,3.941176,0.0,0.0,0.941958,0.788235,0.153723,0.812861,{'public_conservative': 17},16,0,0.184025,0.125471,11.5,4.8125,0.061937,0.0,0.853477,0.800625,0.052852,0.84243,{'public_conservative': 16}
758,0.09175,1.0,public_conservative,0.9,0.05,0.0,0.0,0.1,0.05,0.04,0.8,0.84,0.58,0.72,20.0,8.0,0.5,24.0,5.0,0.68,0.78,0.5,24.0,5.0,0.68,0.78,17,0,0.115645,0.09175,8.235294,3.941176,0.0,0.0,0.941958,0.788235,0.153723,0.812861,{'public_conservative': 17},16,0,0.187122,0.125471,11.5,4.8125,0.061937,0.0,0.853477,0.800625,0.052852,0.84243,{'public_conservative': 16}
759,0.09175,1.0,public_conservative,0.9,0.05,0.0,0.0,0.2,0.05,0.04,0.8,0.84,0.58,0.72,20.0,8.0,0.5,24.0,5.0,0.68,0.78,0.5,24.0,5.0,0.68,0.78,17,0,0.115645,0.09175,8.235294,3.941176,0.0,0.0,0.941958,0.788235,0.153723,0.812861,{'public_conservative': 17},16,0,0.192401,0.117751,10.75,4.6875,0.030969,0.0,0.834037,0.800625,0.033412,0.847202,{'public_conservative': 16}
760,0.09244584,1.0,public_conservative,0.9,0.05,0.0,0.01,0.02,0.05,0.04,0.8,0.84,0.58,0.72,20.0,8.0,0.5,24.0,5.0,0.68,0.78,0.5,24.0,5.0,0.68,0.78,17,0,0.119832,0.090899,8.411765,3.411765,0.038671,0.0,0.944574,0.788235,0.156339,0.812034,{'public_conservative': 17},16,0,0.186029,0.121364,11.25,3.875,0.218231,0.0,0.854272,0.800625,0.053647,0.839188,{'public_conservative': 16}
761,0.09175,1.0,public_conservative,0.9,0.05,0.0,0.01,0.05,0.05,0.04,0.8,0.84,0.58,0.72,20.0,8.0,0.5,24.0,5.0,0.68,0.78,0.5,24.0,5.0,0.68,0.78,17,0,0.120572,0.09175,8.235294,3.941176,0.0,0.0,0.941958,0.788235,0.153723,0.812861,{'public_conservative': 17},16,0,0.190041,0.125471,11.5,4.8125,0.061937,0.0,0.853477,0.800625,0.052852,0.84243,{'public_conservative': 16}
762,0.09175,1.0,public_conservative,0.9,0.05,0.0,0.01,0.1,0.05,0.04,0.8,0.84,0.58,0.72,20.0,8.0,0.5,24.0,5.0,0.68,0.78,0.5,24.0,5.0,0.68,0.78,17,0,0.120572,0.09175,8.235294,3.941176,0.0,0.0,0.941958,0.788235,0.153723,0.812861,{'public_conservative': 17},16,0,0.193138,0.125471,11.5,4.8125,0.061937,0.0,0.853477,0.800625,0.052852,0.84243,{'public_conservative': 16}
763,0.09175,1.0,public_conservative,0.9,0.05,0.0,0.01,0.2,0.05,0.04,0.8,0.84,0.58,0.72,20.0,8.0,0.5,24.0,5.0,0.68,0.78,0.5,24.0,5.0,0.68,0.78,17,0,0.120572,0.09175,8.235294,3.941176,0.0,0.0,0.941958,0.788235,0.153723,0.812861,{'public_conservative': 17},16,0,0.19826,0.117751,10.75,4.6875,0.030969,0.0,0.834037,0.800625,0.033412,0.847202,{'public_conservative': 16}
764,0.09244584,1.0,public_conservative,0.9,0.05,0.0,0.02,0.02,0.05,0.04,0.8,0.84,0.58,0.72,20.0,8.0,0.5,24.0,5.0,0.68,0.78,0.5,24.0,5.0,0.68,0.78,17,0,0.124097,0.090899,8.411765,3.411765,0.038671,0.0,0.944574,0.788235,0.156339,0.812034,{'public_conservative': 17},16,0,0.190873,0.121364,11.25,3.875,0.218231,0.0,0.854272,0.800625,0.053647,0.839188,{'public_conservative': 16}
765,0.09244584,1.0,public_conservative,0.9,0.05,0.0,0.02,0.05,0.05,0.04,0.8,0.84,0.58,0.72,20.0,8.0,0.5,24.0,5.0,0.68,0.78,0.5,24.0,5.0,0.68,0.78,17,0,0.125257,0.090899,8.411765,3.411765,0.038671,0.0,0.944574,0.788235,0.156339,0.812034,{'public_conservative': 17},16,0,0.196056,0.125471,11.5,4.8125,0.061937,0.0,0.853477,0.800625,0.052852,0.84243,{'public_conservative': 16}
766,0.09175,1.0,public_conservative,0.9,0.05,0.0,0.02,0.1,0.05,0.04,0.8,0.84,0.58,0.72,20.0,8.0,0.5,24.0,5.0,0.68,0.78,0.5,24.0,5.0,0.68,0.78,17,0,0.125498,0.09175,8.235294,3.941176,0.0,0.0,0.941958,0.788235,0.153723,0.812861,{'public_conservative': 17},16,0,0.199153,0.125471,11.5,4.8125,0.061937,0.0,0.853477,0.800625,0.052852,0.84243,{'public_conservative': 16}
767,0.09175,1.0,public_conservative,0.9,0.05,0.0,0.02,0.2,0.05,0.04,0.8,0.84,0.58,0.72,20.0,8.0,0.5,24.0,5.0,0.68,0.78,0.5,24.0,5.0,0.68,0.78,17,0,0.125498,0.09175,8.235294,3.941176,0.0,0.0,0.941958,0.788235,0.153723,0.812861,{'public_conservative': 17},16,0,0.20412,0.117751,10.75,4.6875,0.030969,0.0,0.834037,0.800625,0.033412,0.847202,{'public_conservative': 16}
768,0.09175,1.0,public_conservative,0.9,0.05,0.01,0.0,0.02,0.05,0.04,0.8,0.84,0.58,0.72,20.0,8.0,0.5,24.0,5.0,0.68,0.78,0.5,24.0,5.0,0.68,0.78,17,0,0.119763,0.09175,8.235294,3.941176,0.0,0.0,0.941958,0.788235,0.153723,0.812861,{'public_conservative': 17},16,0,0.18681,0.121364,11.25,3.875,0.218231,0.0,0.854272,0.800625,0.053647,0.839188,{'public_conservative': 16}
769,0.09175,1.0,public_conservative,0.9,0.05,0.01,0.0,0.05,0.05,0.04,0.8,0.84,0.58,0.72,20.0,8.0,0.5,24.0,5.0,0.68,0.78,0.5,24.0,5.0,0.68,0.78,17,0,0.119763,0.09175,8.235294,3.941176,0.0,0.0,0.941958,0.788235,0.153723,0.812861,{'public_conservative': 17},16,0,0.189775,0.125471,11.5,4.8125,0.061937,0.0,0.853477,0.800625,0.052852,0.84243,{'public_conservative': 16}
770,0.09175,1.0,public_conservative,0.9,0.05,0.01,0.0,0.1,0.05,0.04,0.8,0.84,0.58,0.72,20.0,8.0,0.5,24.0,5.0,0.68,0.78,0.5,24.0,5.0,0.68,0.78,17,0,0.119763,0.09175,8.235294,3.941176,0.0,0.0,0.941958,0.788235,0.153723,0.812861,{'public_conservative': 17},16,0,0.192872,0.125471,11.5,4.8125,0.061937,0.0,0.853477,0.800625,0.052852,0.84243,{'public_conservative': 16}
771,0.09175,1.0,public_conservative,0.9,0.05,0.01,0.0,0.2,0.05,0.04,0.8,0.84,0.58,0.72,20.0,8.0,0.5,24.0,5.0,0.68,0.78,0.5,24.0,5.0,0.68,0.78,17,0,0.119763,0.09175,8.235294,3.941176,0.0,0.0,0.941958,0.788235,0.153723,0.812861,{'public_conservative': 17},16,0,0.197776,0.117751,10.75,4.6875,0.030969,0.0,0.834037,0.800625,0.033412,0.847202,{'public_conservative': 16}
772,0.09244584,1.0,public_conservative,0.9,0.05,0.01,0.01,0.02,0.05,0.04,0.8,0.84,0.58,0.72,20.0,8.0,0.5,24.0,5.0,0.68,0.78,0.5,24.0,5.0,0.68,0.78,17,0,0.124038,0.090899,8.411765,3.411765,0.038671,0.0,0.944574,0.788235,0.156339,0.812034,{'public_conservative': 17},16,0,0.191654,0.121364,11.25,3.875,0.218231,0.0,0.854272,0.800625,0.053647,0.839188,{'public_conservative': 16}
773,0.09175,1.0,public_conservative,0.9,0.05,0.01,0.01,0.05,0.05,0.04,0.8,0.84,0.58,0.72,20.0,8.0,0.5,24.0,5.0,0.68,0.78,0.5,24.0,5.0,0.68,0.78,17,0,0.124689,0.09175,8.235294,3.941176,0.0,0.0,0.941958,0.788235,0.153723,0.812861,{'public_conservative': 17},16,0,0.195791,0.125471,11.5,4.8125,0.061937,0.0,0.853477,0.800625,0.052852,0.84243,{'public_conservative': 16}
774,0.09175,1.0,public_conservative,0.9,0.05,0.01,0.01,0.1,0.05,0.04,0.8,0.84,0.58,0.72,20.0,8.0,0.5,24.0,5.0,0.68,0.78,0.5,24.0,5.0,0.68,0.78,17,0,0.124689,0.09175,8.235294,3.941176,0.0,0.0,0.941958,0.788235,0.153723,0.812861,{'public_conservative': 17},16,0,0.198888,0.125471,11.5,4.8125,0.061937,0.0,0.853477,0.800625,0.052852,0.84243,{'public_conservative': 16}
775,0.09175,1.0,public_conservative,0.9,0.05,0.01,0.01,0.2,0.05,0.04,0.8,0.84,0.58,0.72,20.0,8.0,0.5,24.0,5.0,0.68,0.78,0.5,24.0,5.0,0.68,0.78,17,0,0.124689,0.09175,8.235294,3.941176,0.0,0.0,0.941958,0.788235,0.153723,0.812861,{'public_conservative': 17},16,0,0.203635,0.117751,10.75,4.6875,0.030969,0.0,0.834037,0.800625,0.033412,0.847202,{'public_conservative': 16}
776,0.09244584,1.0,public_conservative,0.9,0.05,0.01,0.02,0.02,0.05,0.04,0.8,0.84,0.58,0.72,20.0,8.0,0.5,24.0,5.0,0.68,0.78,0.5,24.0,5.0,0.68,0.78,17,0,0.128303,0.090899,8.411765,3.411765,0.038671,0.0,0.944574,0.788235,0.156339,0.812034,{'public_conservative': 17},16,0,0.196498,0.121364,11.25,3.875,0.218231,0.0,0.854272,0.800625,0.053647,0.839188,{'public_conservative': 16}
777,0.09244584,1.0,public_conservative,0.9,0.05,0.01,0.02,0.05,0.05,0.04,0.8,0.84,0.58,0.72,20.0,8.0,0.5,24.0,5.0,0.68,0.78,0.5,24.0,5.0,0.68,0.78,17,0,0.129463,0.090899,8.411765,3.411765,0.038671,0.0,0.944574,0.788235,0.156339,0.812034,{'public_conservative': 17},16,0,0.201806,0.125471,11.5,4.8125,0.061937,0.0,0.853477,0.800625,0.052852,0.84243,{'public_conservative': 16}
778,0.09175,1.0,public_conservative,0.9,0.05,0.01,0.02,0.1,0.05,0.04,0.8,0.84,0.58,0.72,20.0,8.0,0.5,24.0,5.0,0.68,0.78,0.5,24.0,5.0,0.68,0.78,17,0,0.129616,0.09175,8.235294,3.941176,0.0,0.0,0.941958,0.788235,0.153723,0.812861,{'public_conservative': 17},16,0,0.204903,0.125471,11.5,4.8125,0.061937,0.0,0.853477,0.800625,0.052852,0.84243,{'public_conservative': 16}
779,0.09175,1.0,public_conservative,0.9,0.05,0.01,0.02,0.2,0.05,0.04,0.8,0.84,0.58,0.72,20.0,8.0,0.5,24.0,5.0,0.68,0.78,0.5,24.0,5.0,0.68,0.78,17,0,0.129616,0.09175,8.235294,3.941176,0.0,0.0,0.941958,0.788235,0.153723,0.812861,{'public_conservative': 17},16,0,0.209495,0.117751,10.75,4.6875,0.030969,0.0,0.834037,0.800625,0.033412,0.847202,{'public_conservative': 16}
780,0.09175,1.0,public_conservative,0.9,0.05,0.02,0.0,0.02,0.05,0.04,0.8,0.84,0.58,0.72,20.0,8.0,0.5,24.0,5.0,0.68,0.78,0.5,24.0,5.0,0.68,0.78,17,0,0.12388,0.09175,8.235294,3.941176,0.0,0.0,0.941958,0.788235,0.153723,0.812861,{'public_conservative': 17},16,0,0.192435,0.121364,11.25,3.875,0.218231,0.0,0.854272,0.800625,0.053647,0.839188,{'public_conservative': 16}
781,0.09175,1.0,public_conservative,0.9,0.05,0.02,0.0,0.05,0.05,0.04,0.8,0.84,0.58,0.72,20.0,8.0,0.5,24.0,5.0,0.68,0.78,0.5,24.0,5.0,0.68,0.78,17,0,0.12388,0.09175,8.235294,3.941176,0.0,0.0,0.941958,0.788235,0.153723,0.812861,{'public_conservative': 17},16,0,0.195525,0.125471,11.5,4.8125,0.061937,0.0,0.853477,0.800625,0.052852,0.84243,{'public_conservative': 16}
782,0.09175,1.0,public_conservative,0.9,0.05,0.02,0.0,0.1,0.05,0.04,0.8,0.84,0.58,0.72,20.0,8.0,0.5,24.0,5.0,0.68,0.78,0.5,24.0,5.0,0.68,0.78,17,0,0.12388,0.09175,8.235294,3.941176,0.0,0.0,0.941958,0.788235,0.153723,0.812861,{'public_conservative': 17},16,0,0.198622,0.125471,11.5,4.8125,0.061937,0.0,0.853477,0.800625,0.052852,0.84243,{'public_conservative': 16}
783,0.09175,1.0,public_conservative,0.9,0.05,0.02,0.0,0.2,0.05,0.04,0.8,0.84,0.58,0.72,20.0,8.0,0.5,24.0,5.0,0.68,0.78,0.5,24.0,5.0,0.68,0.78,17,0,0.12388,0.09175,8.235294,3.941176,0.0,0.0,0.941958,0.788235,0.153723,0.812861,{'public_conservative': 17},16,0,0.203151,0.117751,10.75,4.6875,0.030969,0.0,0.834037,0.800625,0.033412,0.847202,{'public_conservative': 16}
784,0.09244584,1.0,public_conservative,0.9,0.05,0.02,0.01,0.02,0.05,0.04,0.8,0.84,0.58,0.72,20.0,8.0,0.5,24.0,5.0,0.68,0.78,0.5,24.0,5.0,0.68,0.78,17,0,0.128244,0.090899,8.411765,3.411765,0.038671,0.0,0.944574,0.788235,0.156339,0.812034,{'public_conservative': 17},16,0,0.197279,0.121364,11.25,3.875,0.218231,0.0,0.854272,0.800625,0.053647,0.839188,{'public_conservative': 16}
785,0.09175,1.0,public_conservative,0.9,0.05,0.02,0.01,0.05,0.05,0.04,0.8,0.84,0.58,0.72,20.0,8.0,0.5,24.0,5.0,0.68,0.78,0.5,24.0,5.0,0.68,0.78,17,0,0.128807,0.09175,8.235294,3.941176,0.0,0.0,0.941958,0.788235,0.153723,0.812861,{'public_conservative': 17},16,0,0.201541,0.125471,11.5,4.8125,0.061937,0.0,0.853477,0.800625,0.052852,0.84243,{'public_conservative': 16}
786,0.09175,1.0,public_conservative,0.9,0.05,0.02,0.01,0.1,0.05,0.04,0.8,0.84,0.58,0.72,20.0,8.0,0.5,24.0,5.0,0.68,0.78,0.5,24.0,5.0,0.68,0.78,17,0,0.128807,0.09175,8.235294,3.941176,0.0,0.0,0.941958,0.788235,0.153723,0.812861,{'public_conservative': 17},16,0,0.204638,0.125471,11.5,4.8125,0.061937,0.0,0.853477,0.800625,0.052852,0.84243,{'public_conservative': 16}
787,0.09175,1.0,public_conservative,0.9,0.05,0.02,0.01,0.2,0.05,0.04,0.8,0.84,0.58,0.72,20.0,8.0,0.5,24.0,5.0,0.68,0.78,0.5,24.0,5.0,0.68,0.78,17,0,0.128807,0.09175,8.235294,3.941176,0.0,0.0,0.941958,0.788235,0.153723,0.812861,{'public_conservative': 17},16,0,0.20901,0.117751,10.75,4.6875,0.030969,0.0,0.834037,0.800625,0.033412,0.847202,{'public_conservative': 16}
788,0.09244584,1.0,public_conservative,0.9,0.05,0.02,0.02,0.02,0.05,0.04,0.8,0.84,0.58,0.72,20.0,8.0,0.5,24.0,5.0,0.68,0.78,0.5,24.0,5.0,0.68,0.78,17,0,0.132508,0.090899,8.411765,3.411765,0.038671,0.0,0.944574,0.788235,0.156339,0.812034,{'public_conservative': 17},16,0,0.202123,0.121364,11.25,3.875,0.218231,0.0,0.854272,0.800625,0.053647,0.839188,{'public_conservative': 16}
789,0.09244584,1.0,public_conservative,0.9,0.05,0.02,0.02,0.05,0.05,0.04,0.8,0.84,0.58,0.72,20.0,8.0,0.5,24.0,5.0,0.68,0.78,0.5,24.0,5.0,0.68,0.78,17,0,0.133669,0.090899,8.411765,3.411765,0.038671,0.0,0.944574,0.788235,0.156339,0.812034,{'public_conservative': 17},16,0,0.207556,0.125471,11.5,4.8125,0.061937,0.0,0.853477,0.800625,0.052852,0.84243,{'public_conservative': 16}
790,0.09175,1.0,public_conservative,0.9,0.05,0.02,0.02,0.1,0.05,0.04,0.8,0.84,0.58,0.72,20.0,8.0,0.5,24.0,5.0,0.68,0.78,0.5,24.0,5.0,0.68,0.78,17,0,0.133733,0.09175,8.235294,3.941176,0.0,0.0,0.941958,0.788235,0.153723,0.812861,{'public_conservative': 17},16,0,0.210653,0.125471,11.5,4.8125,0.061937,0.0,0.853477,0.800625,0.052852,0.84243,{'public_conservative': 16}
791,0.09175,1.0,public_conservative,0.9,0.05,0.02,0.02,0.2,0.05,0.04,0.8,0.84,0.58,0.72,20.0,8.0,0.5,24.0,5.0,0.68,0.78,0.5,24.0,5.0,0.68,0.78,17,0,0.133733,0.09175,8.235294,3.941176,0.0,0.0,0.941958,0.788235,0.153723,0.812861,{'public_conservative': 17},16,0,0.21487,0.117751,10.75,4.6875,0.030969,0.0,0.834037,0.800625,0.033412,0.847202,{'public_conservative': 16}
792,0.09244584,1.0,public_conservative,0.9,0.15,0.0,0.0,0.02,0.05,0.04,0.8,0.84,0.58,0.72,20.0,8.0,0.5,24.0,5.0,0.68,0.78,0.5,24.0,5.0,0.68,0.78,17,0,0.117713,0.090899,8.411765,3.411765,0.038671,0.0,0.944574,0.788235,0.156339,0.812034,{'public_conservative': 17},16,0,0.182363,0.121364,11.25,3.875,0.218231,0.0,0.854272,0.800625,0.053647,0.839188,{'public_conservative': 16}
793,0.09175,1.0,public_conservative,0.9,0.15,0.0,0.0,0.05,0.05,0.04,0.8,0.84,0.58,0.72,20.0,8.0,0.5,24.0,5.0,0.68,0.78,0.5,24.0,5.0,0.68,0.78,17,0,0.117791,0.09175,8.235294,3.941176,0.0,0.0,0.941958,0.788235,0.153723,0.812861,{'public_conservative': 17},16,0,0.185203,0.125471,11.5,4.8125,0.061937,0.0,0.853477,0.800625,0.052852,0.84243,{'public_conservative': 16}
794,0.09175,1.0,public_conservative,0.9,0.15,0.0,0.0,0.1,0.05,0.04,0.8,0.84,0.58,0.72,20.0,8.0,0.5,24.0,5.0,0.68,0.78,0.5,24.0,5.0,0.68,0.78,17,0,0.117791,0.09175,8.235294,3.941176,0.0,0.0,0.941958,0.788235,0.153723,0.812861,{'public_conservative': 17},16,0,0.188299,0.125471,11.5,4.8125,0.061937,0.0,0.853477,0.800625,0.052852,0.84243,{'public_conservative': 16}
795,0.09175,1.0,public_conservative,0.9,0.15,0.0,0.0,0.2,0.05,0.04,0.8,0.84,0.58,0.72,20.0,8.0,0.5,24.0,5.0,0.68,0.78,0.5,24.0,5.0,0.68,0.78,17,0,0.117791,0.09175,8.235294,3.941176,0.0,0.0,0.941958,0.788235,0.153723,0.812861,{'public_conservative': 17},16,0,0.193579,0.117751,10.75,4.6875,0.030969,0.0,0.834037,0.800625,0.033412,0.847202,{'public_conservative': 16}
796,0.09244584,1.0,public_conservative,0.9,0.15,0.0,0.01,0.02,0.05,0.04,0.8,0.84,0.58,0.72,20.0,8.0,0.5,24.0,5.0,0.68,0.78,0.5,24.0,5.0,0.68,0.78,17,0,0.121978,0.090899,8.411765,3.411765,0.038671,0.0,0.944574,0.788235,0.156339,0.812034,{'public_conservative': 17},16,0,0.187207,0.121364,11.25,3.875,0.218231,0.0,0.854272,0.800625,0.053647,0.839188,{'public_conservative': 16}
797,0.09175,1.0,public_conservative,0.9,0.15,0.0,0.01,0.05,0.05,0.04,0.8,0.84,0.58,0.72,20.0,8.0,0.5,24.0,5.0,0.68,0.78,0.5,24.0,5.0,0.68,0.78,17,0,0.122717,0.09175,8.235294,3.941176,0.0,0.0,0.941958,0.788235,0.153723,0.812861,{'public_conservative': 17},16,0,0.191218,0.125471,11.5,4.8125,0.061937,0.0,0.853477,0.800625,0.052852,0.84243,{'public_conservative': 16}
798,0.09175,1.0,public_conservative,0.9,0.15,0.0,0.01,0.1,0.05,0.04,0.8,0.84,0.58,0.72,20.0,8.0,0.5,24.0,5.0,0.68,0.78,0.5,24.0,5.0,0.68,0.78,17,0,0.122717,0.09175,8.235294,3.941176,0.0,0.0,0.941958,0.788235,0.153723,0.812861,{'public_conservative': 17},16,0,0.194315,0.125471,11.5,4.8125,0.061937,0.0,0.853477,0.800625,0.052852,0.84243,{'public_conservative': 16}
799,0.09175,1.0,public_conservative,0.9,0.15,0.0,0.01,0.2,0.05,0.04,0.8,0.84,0.58,0.72,20.0,8.0,0.5,24.0,5.0,0.68,0.78,0.5,24.0,5.0,0.68,0.78,17,0,0.122717,0.09175,8.235294,3.941176,0.0,0.0,0.941958,0.788235,0.153723,0.812861,{'public_conservative': 17},16,0,0.199438,0.117751,10.75,4.6875,0.030969,0.0,0.834037,0.800625,0.033412,0.847202,{'public_conservative': 16}
800,0.09244584,1.0,public_conservative,0.9,0.15,0.0,0.02,0.02,0.05,0.04,0.8,0.84,0.58,0.72,20.0,8.0,0.5,24.0,5.0,0.68,0.78,0.5,24.0,5.0,0.68,0.78,17,0,0.126242,0.090899,8.411765,3.411765,0.038671,0.0,0.944574,0.788235,0.156339,0.812034,{'public_conservative': 17},16,0,0.19205,0.121364,11.25,3.875,0.218231,0.0,0.854272,0.800625,0.053647,0.839188,{'public_conservative': 16}
801,0.09244584,1.0,public_conservative,0.9,0.15,0.0,0.02,0.05,0.05,0.04,0.8,0.84,0.58,0.72,20.0,8.0,0.5,24.0,5.0,0.68,0.78,0.5,24.0,5.0,0.68,0.78,17,0,0.127402,0.090899,8.411765,3.411765,0.038671,0.0,0.944574,0.788235,0.156339,0.812034,{'public_conservative': 17},16,0,0.197234,0.125471,11.5,4.8125,0.061937,0.0,0.853477,0.800625,0.052852,0.84243,{'public_conservative': 16}
802,0.09175,1.0,public_conservative,0.9,0.15,0.0,0.02,0.1,0.05,0.04,0.8,0.84,0.58,0.72,20.0,8.0,0.5,24.0,5.0,0.68,0.78,0.5,24.0,5.0,0.68,0.78,17,0,0.127644,0.09175,8.235294,3.941176,0.0,0.0,0.941958,0.788235,0.153723,0.812861,{'public_conservative': 17},16,0,0.200331,0.125471,11.5,4.8125,0.061937,0.0,0.853477,0.800625,0.052852,0.84243,{'public_conservative': 16}
803,0.09175,1.0,public_conservative,0.9,0.15,0.0,0.02,0.2,0.05,0.04,0.8,0.84,0.58,0.72,20.0,8.0,0.5,24.0,5.0,0.68,0.78,0.5,24.0,5.0,0.68,0.78,17,0,0.127644,0.09175,8.235294,3.941176,0.0,0.0,0.941958,0.788235,0.153723,0.812861,{'public_conservative': 17},16,0,0.205297,0.117751,10.75,4.6875,0.030969,0.0,0.834037,0.800625,0.033412,0.847202,{'public_conservative': 16}
804,0.09175,1.0,public_conservative,0.9,0.15,0.01,0.0,0.02,0.05,0.04,0.8,0.84,0.58,0.72,20.0,8.0,0.5,24.0,5.0,0.68,0.78,0.5,24.0,5.0,0.68,0.78,17,0,0.121908,0.09175,8.235294,3.941176,0.0,0.0,0.941958,0.788235,0.153723,0.812861,{'public_conservative': 17},16,0,0.187988,0.121364,11.25,3.875,0.218231,0.0,0.854272,0.800625,0.053647,0.839188,{'public_conservative': 16}
805,0.09175,1.0,public_conservative,0.9,0.15,0.01,0.0,0.05,0.05,0.04,0.8,0.84,0.58,0.72,20.0,8.0,0.5,24.0,5.0,0.68,0.78,0.5,24.0,5.0,0.68,0.78,17,0,0.121908,0.09175,8.235294,3.941176,0.0,0.0,0.941958,0.788235,0.153723,0.812861,{'public_conservative': 17},16,0,0.190953,0.125471,11.5,4.8125,0.061937,0.0,0.853477,0.800625,0.052852,0.84243,{'public_conservative': 16}
806,0.09175,1.0,public_conservative,0.9,0.15,0.01,0.0,0.1,0.05,0.04,0.8,0.84,0.58,0.72,20.0,8.0,0.5,24.0,5.0,0.68,0.78,0.5,24.0,5.0,0.68,0.78,17,0,0.121908,0.09175,8.235294,3.941176,0.0,0.0,0.941958,0.788235,0.153723,0.812861,{'public_conservative': 17},16,0,0.194049,0.125471,11.5,4.8125,0.061937,0.0,0.853477,0.800625,0.052852,0.84243,{'public_conservative': 16}
807,0.09175,1.0,public_conservative,0.9,0.15,0.01,0.0,0.2,0.05,0.04,0.8,0.84,0.58,0.72,20.0,8.0,0.5,24.0,5.0,0.68,0.78,0.5,24.0,5.0,0.68,0.78,17,0,0.121908,0.09175,8.235294,3.941176,0.0,0.0,0.941958,0.788235,0.153723,0.812861,{'public_conservative': 17},16,0,0.198954,0.117751,10.75,4.6875,0.030969,0.0,0.834037,0.800625,0.033412,0.847202,{'public_conservative': 16}
808,0.09244584,1.0,public_conservative,0.9,0.15,0.01,0.01,0.02,0.05,0.04,0.8,0.84,0.58,0.72,20.0,8.0,0.5,24.0,5.0,0.68,0.78,0.5,24.0,5.0,0.68,0.78,17,0,0.126184,0.090899,8.411765,3.411765,0.038671,0.0,0.944574,0.788235,0.156339,0.812034,{'public_conservative': 17},16,0,0.192832,0.121364,11.25,3.875,0.218231,0.0,0.854272,0.800625,0.053647,0.839188,{'public_conservative': 16}
809,0.09175,1.0,public_conservative,0.9,0.15,0.01,0.01,0.05,0.05,0.04,0.8,0.84,0.58,0.72,20.0,8.0,0.5,24.0,5.0,0.68,0.78,0.5,24.0,5.0,0.68,0.78,17,0,0.126835,0.09175,8.235294,3.941176,0.0,0.0,0.941958,0.788235,0.153723,0.812861,{'public_conservative': 17},16,0,0.196968,0.125471,11.5,4.8125,0.061937,0.0,0.853477,0.800625,0.052852,0.84243,{'public_conservative': 16}
810,0.09175,1.0,public_conservative,0.9,0.15,0.01,0.01,0.1,0.05,0.04,0.8,0.84,0.58,0.72,20.0,8.0,0.5,24.0,5.0,0.68,0.78,0.5,24.0,5.0,0.68,0.78,17,0,0.126835,0.09175,8.235294,3.941176,0.0,0.0,0.941958,0.788235,0.153723,0.812861,{'public_conservative': 17},16,0,0.200065,0.125471,11.5,4.8125,0.061937,0.0,0.853477,0.800625,0.052852,0.84243,{'public_conservative': 16}
811,0.09175,1.0,public_conservative,0.9,0.15,0.01,0.01,0.2,0.05,0.04,0.8,0.84,0.58,0.72,20.0,8.0,0.5,24.0,5.0,0.68,0.78,0.5,24.0,5.0,0.68,0.78,17,0,0.126835,0.09175,8.235294,3.941176,0.0,0.0,0.941958,0.788235,0.153723,0.812861,{'public_conservative': 17},16,0,0.204813,0.117751,10.75,4.6875,0.030969,0.0,0.834037,0.800625,0.033412,0.847202,{'public_conservative': 16}
812,0.09244584,1.0,public_conservative,0.9,0.15,0.01,0.02,0.02,0.05,0.04,0.8,0.84,0.58,0.72,20.0,8.0,0.5,24.0,5.0,0.68,0.78,0.5,24.0,5.0,0.68,0.78,17,0,0.130448,0.090899,8.411765,3.411765,0.038671,0.0,0.944574,0.788235,0.156339,0.812034,{'public_conservative': 17},16,0,0.197675,0.121364,11.25,3.875,0.218231,0.0,0.854272,0.800625,0.053647,0.839188,{'public_conservative': 16}
813,0.09244584,1.0,public_conservative,0.9,0.15,0.01,0.02,0.05,0.05,0.04,0.8,0.84,0.58,0.72,20.0,8.0,0.5,24.0,5.0,0.68,0.78,0.5,24.0,5.0,0.68,0.78,17,0,0.131608,0.090899,8.411765,3.411765,0.038671,0.0,0.944574,0.788235,0.156339,0.812034,{'public_conservative': 17},16,0,0.202984,0.125471,11.5,4.8125,0.061937,0.0,0.853477,0.800625,0.052852,0.84243,{'public_conservative': 16}
814,0.09175,1.0,public_conservative,0.9,0.15,0.01,0.02,0.1,0.05,0.04,0.8,0.84,0.58,0.72,20.0,8.0,0.5,24.0,5.0,0.68,0.78,0.5,24.0,5.0,0.68,0.78,17,0,0.131761,0.09175,8.235294,3.941176,0.0,0.0,0.941958,0.788235,0.153723,0.812861,{'public_conservative': 17},16,0,0.206081,0.125471,11.5,4.8125,0.061937,0.0,0.853477,0.800625,0.052852,0.84243,{'public_conservative': 16}
815,0.09175,1.0,public_conservative,0.9,0.15,0.01,0.02,0.2,0.05,0.04,0.8,0.84,0.58,0.72,20.0,8.0,0.5,24.0,5.0,0.68,0.78,0.5,24.0,5.0,0.68,0.78,17,0,0.131761,0.09175,8.235294,3.941176,0.0,0.0,0.941958,0.788235,0.153723,0.812861,{'public_conservative': 17},16,0,0.210672,0.117751,10.75,4.6875,0.030969,0.0,0.834037,0.800625,0.033412,0.847202,{'public_conservative': 16}
816,0.09175,1.0,public_conservative,0.9,0.15,0.02,0.0,0.02,0.05,0.04,0.8,0.84,0.58,0.72,20.0,8.0,0.5,24.0,5.0,0.68,0.78,0.5,24.0,5.0,0.68,0.78,17,0,0.126026,0.09175,8.235294,3.941176,0.0,0.0,0.941958,0.788235,0.153723,0.812861,{'public_conservative': 17},16,0,0.193613,0.121364,11.25,3.875,0.218231,0.0,0.854272,0.800625,0.053647,0.839188,{'public_conservative': 16}
817,0.09175,1.0,public_conservative,0.9,0.15,0.02,0.0,0.05,0.05,0.04,0.8,0.84,0.58,0.72,20.0,8.0,0.5,24.0,5.0,0.68,0.78,0.5,24.0,5.0,0.68,0.78,17,0,0.126026,0.09175,8.235294,3.941176,0.0,0.0,0.941958,0.788235,0.153723,0.812861,{'public_conservative': 17},16,0,0.196703,0.125471,11.5,4.8125,0.061937,0.0,0.853477,0.800625,0.052852,0.84243,{'public_conservative': 16}
818,0.09175,1.0,public_conservative,0.9,0.15,0.02,0.0,0.1,0.05,0.04,0.8,0.84,0.58,0.72,20.0,8.0,0.5,24.0,5.0,0.68,0.78,0.5,24.0,5.0,0.68,0.78,17,0,0.126026,0.09175,8.235294,3.941176,0.0,0.0,0.941958,0.788235,0.153723,0.812861,{'public_conservative': 17},16,0,0.199799,0.125471,11.5,4.8125,0.061937,0.0,0.853477,0.800625,0.052852,0.84243,{'public_conservative': 16}
819,0.09175,1.0,public_conservative,0.9,0.15,0.02,0.0,0.2,0.05,0.04,0.8,0.84,0.58,0.72,20.0,8.0,0.5,24.0,5.0,0.68,0.78,0.5,24.0,5.0,0.68,0.78,17,0,0.126026,0.09175,8.235294,3.941176,0.0,0.0,0.941958,0.788235,0.153723,0.812861,{'public_conservative': 17},16,0,0.204329,0.117751,10.75,4.6875,0.030969,0.0,0.834037,0.800625,0.033412,0.847202,{'public_conservative': 16}
820,0.09244584,1.0,public_conservative,0.9,0.15,0.02,0.01,0.02,0.05,0.04,0.8,0.84,0.58,0.72,20.0,8.0,0.5,24.0,5.0,0.68,0.78,0.5,24.0,5.0,0.68,0.78,17,0,0.130389,0.090899,8.411765,3.411765,0.038671,0.0,0.944574,0.788235,0.156339,0.812034,{'public_conservative': 17},16,0,0.198457,0.121364,11.25,3.875,0.218231,0.0,0.854272,0.800625,0.053647,0.839188,{'public_conservative': 16}
821,0.09175,1.0,public_conservative,0.9,0.15,0.02,0.01,0.05,0.05,0.04,0.8,0.84,0.58,0.72,20.0,8.0,0.5,24.0,5.0,0.68,0.78,0.5,24.0,5.0,0.68,0.78,17,0,0.130953,0.09175,8.235294,3.941176,0.0,0.0,0.941958,0.788235,0.153723,0.812861,{'public_conservative': 17},16,0,0.202718,0.125471,11.5,4.8125,0.061937,0.0,0.853477,0.800625,0.052852,0.84243,{'public_conservative': 16}
822,0.09175,1.0,public_conservative,0.9,0.15,0.02,0.01,0.1,0.05,0.04,0.8,0.84,0.58,0.72,20.0,8.0,0.5,24.0,5.0,0.68,0.78,0.5,24.0,5.0,0.68,0.78,17,0,0.130953,0.09175,8.235294,3.941176,0.0,0.0,0.941958,0.788235,0.153723,0.812861,{'public_conservative': 17},16,0,0.205815,0.125471,11.5,4.8125,0.061937,0.0,0.853477,0.800625,0.052852,0.84243,{'public_conservative': 16}
823,0.09175,1.0,public_conservative,0.9,0.15,0.02,0.01,0.2,0.05,0.04,0.8,0.84,0.58,0.72,20.0,8.0,0.5,24.0,5.0,0.68,0.78,0.5,24.0,5.0,0.68,0.78,17,0,0.130953,0.09175,8.235294,3.941176,0.0,0.0,0.941958,0.788235,0.153723,0.812861,{'public_conservative': 17},16,0,0.210188,0.117751,10.75,4.6875,0.030969,0.0,0.834037,0.800625,0.033412,0.847202,{'public_conservative': 16}
824,0.09244584,1.0,public_conservative,0.9,0.15,0.02,0.02,0.02,0.05,0.04,0.8,0.84,0.58,0.72,20.0,8.0,0.5,24.0,5.0,0.68,0.78,0.5,24.0,5.0,0.68,0.78,17,0,0.134654,0.090899,8.411765,3.411765,0.038671,0.0,0.944574,0.788235,0.156339,0.812034,{'public_conservative': 17},16,0,0.2033,0.121364,11.25,3.875,0.218231,0.0,0.854272,0.800625,0.053647,0.839188,{'public_conservative': 16}
825,0.09244584,1.0,public_conservative,0.9,0.15,0.02,0.02,0.05,0.05,0.04,0.8,0.84,0.58,0.72,20.0,8.0,0.5,24.0,5.0,0.68,0.78,0.5,24.0,5.0,0.68,0.78,17,0,0.135814,0.090899,8.411765,3.411765,0.038671,0.0,0.944574,0.788235,0.156339,0.812034,{'public_conservative': 17},16,0,0.208734,0.125471,11.5,4.8125,0.061937,0.0,0.853477,0.800625,0.052852,0.84243,{'public_conservative': 16}
826,0.09175,1.0,public_conservative,0.9,0.15,0.02,0.02,0.1,0.05,0.04,0.8,0.84,0.58,0.72,20.0,8.0,0.5,24.0,5.0,0.68,0.78,0.5,24.0,5.0,0.68,0.78,17,0,0.135879,0.09175,8.235294,3.941176,0.0,0.0,0.941958,0.788235,0.153723,0.812861,{'public_conservative': 17},16,0,0.211831,0.125471,11.5,4.8125,0.061937,0.0,0.853477,0.800625,0.052852,0.84243,{'public_conservative': 16}
827,0.09175,1.0,public_conservative,0.9,0.15,0.02,0.02,0.2,0.05,0.04,0.8,0.84,0.58,0.72,20.0,8.0,0.5,24.0,5.0,0.68,0.78,0.5,24.0,5.0,0.68,0.78,17,0,0.135879,0.09175,8.235294,3.941176,0.0,0.0,0.941958,0.788235,0.153723,0.812861,{'public_conservative': 17},16,0,0.216047,0.117751,10.75,4.6875,0.030969,0.0,0.834037,0.800625,0.033412,0.847202,{'public_conservative': 16}
828,0.09244584,1.0,public_conservative,0.9,0.3,0.0,0.0,0.02,0.05,0.04,0.8,0.84,0.58,0.72,20.0,8.0,0.5,24.0,5.0,0.68,0.78,0.5,24.0,5.0,0.68,0.78,17,0,0.120931,0.090899,8.411765,3.411765,0.038671,0.0,0.944574,0.788235,0.156339,0.812034,{'public_conservative': 17},16,0,0.184129,0.121364,11.25,3.875,0.218231,0.0,0.854272,0.800625,0.053647,0.839188,{'public_conservative': 16}
829,0.09175,1.0,public_conservative,0.9,0.3,0.0,0.0,0.05,0.05,0.04,0.8,0.84,0.58,0.72,20.0,8.0,0.5,24.0,5.0,0.68,0.78,0.5,24.0,5.0,0.68,0.78,17,0,0.121009,0.09175,8.235294,3.941176,0.0,0.0,0.941958,0.788235,0.153723,0.812861,{'public_conservative': 17},16,0,0.186969,0.125471,11.5,4.8125,0.061937,0.0,0.853477,0.800625,0.052852,0.84243,{'public_conservative': 16}
830,0.09175,1.0,public_conservative,0.9,0.3,0.0,0.0,0.1,0.05,0.04,0.8,0.84,0.58,0.72,20.0,8.0,0.5,24.0,5.0,0.68,0.78,0.5,24.0,5.0,0.68,0.78,17,0,0.121009,0.09175,8.235294,3.941176,0.0,0.0,0.941958,0.788235,0.153723,0.812861,{'public_conservative': 17},16,0,0.190066,0.125471,11.5,4.8125,0.061937,0.0,0.853477,0.800625,0.052852,0.84243,{'public_conservative': 16}
831,0.09175,1.0,public_conservative,0.9,0.3,0.0,0.0,0.2,0.05,0.04,0.8,0.84,0.58,0.72,20.0,8.0,0.5,24.0,5.0,0.68,0.78,0.5,24.0,5.0,0.68,0.78,17,0,0.121009,0.09175,8.235294,3.941176,0.0,0.0,0.941958,0.788235,0.153723,0.812861,{'public_conservative': 17},16,0,0.195345,0.117751,10.75,4.6875,0.030969,0.0,0.834037,0.800625,0.033412,0.847202,{'public_conservative': 16}
832,0.09244584,1.0,public_conservative,0.9,0.3,0.0,0.01,0.02,0.05,0.04,0.8,0.84,0.58,0.72,20.0,8.0,0.5,24.0,5.0,0.68,0.78,0.5,24.0,5.0,0.68,0.78,17,0,0.125196,0.090899,8.411765,3.411765,0.038671,0.0,0.944574,0.788235,0.156339,0.812034,{'public_conservative': 17},16,0,0.188973,0.121364,11.25,3.875,0.218231,0.0,0.854272,0.800625,0.053647,0.839188,{'public_conservative': 16}
833,0.09175,1.0,public_conservative,0.9,0.3,0.0,0.01,0.05,0.05,0.04,0.8,0.84,0.58,0.72,20.0,8.0,0.5,24.0,5.0,0.68,0.78,0.5,24.0,5.0,0.68,0.78,17,0,0.125936,0.09175,8.235294,3.941176,0.0,0.0,0.941958,0.788235,0.153723,0.812861,{'public_conservative': 17},16,0,0.192984,0.125471,11.5,4.8125,0.061937,0.0,0.853477,0.800625,0.052852,0.84243,{'public_conservative': 16}
834,0.09175,1.0,public_conservative,0.9,0.3,0.0,0.01,0.1,0.05,0.04,0.8,0.84,0.58,0.72,20.0,8.0,0.5,24.0,5.0,0.68,0.78,0.5,24.0,5.0,0.68,0.78,17,0,0.125936,0.09175,8.235294,3.941176,0.0,0.0,0.941958,0.788235,0.153723,0.812861,{'public_conservative': 17},16,0,0.196081,0.125471,11.5,4.8125,0.061937,0.0,0.853477,0.800625,0.052852,0.84243,{'public_conservative': 16}
835,0.09175,1.0,public_conservative,0.9,0.3,0.0,0.01,0.2,0.05,0.04,0.8,0.84,0.58,0.72,20.0,8.0,0.5,24.0,5.0,0.68,0.78,0.5,24.0,5.0,0.68,0.78,17,0,0.125936,0.09175,8.235294,3.941176,0.0,0.0,0.941958,0.788235,0.153723,0.812861,{'public_conservative': 17},16,0,0.201204,0.117751,10.75,4.6875,0.030969,0.0,0.834037,0.800625,0.033412,0.847202,{'public_conservative': 16}
836,0.09244584,1.0,public_conservative,0.9,0.3,0.0,0.02,0.02,0.05,0.04,0.8,0.84,0.58,0.72,20.0,8.0,0.5,24.0,5.0,0.68,0.78,0.5,24.0,5.0,0.68,0.78,17,0,0.129461,0.090899,8.411765,3.411765,0.038671,0.0,0.944574,0.788235,0.156339,0.812034,{'public_conservative': 17},16,0,0.193817,0.121364,11.25,3.875,0.218231,0.0,0.854272,0.800625,0.053647,0.839188,{'public_conservative': 16}
837,0.09244584,1.0,public_conservative,0.9,0.3,0.0,0.02,0.05,0.05,0.04,0.8,0.84,0.58,0.72,20.0,8.0,0.5,24.0,5.0,0.68,0.78,0.5,24.0,5.0,0.68,0.78,17,0,0.130621,0.090899,8.411765,3.411765,0.038671,0.0,0.944574,0.788235,0.156339,0.812034,{'public_conservative': 17},16,0,0.199,0.125471,11.5,4.8125,0.061937,0.0,0.853477,0.800625,0.052852,0.84243,{'public_conservative': 16}
838,0.09175,1.0,public_conservative,0.9,0.3,0.0,0.02,0.1,0.05,0.04,0.8,0.84,0.58,0.72,20.0,8.0,0.5,24.0,5.0,0.68,0.78,0.5,24.0,5.0,0.68,0.78,17,0,0.130862,0.09175,8.235294,3.941176,0.0,0.0,0.941958,0.788235,0.153723,0.812861,{'public_conservative': 17},16,0,0.202097,0.125471,11.5,4.8125,0.061937,0.0,0.853477,0.800625,0.052852,0.84243,{'public_conservative': 16}
839,0.09175,1.0,public_conservative,0.9,0.3,0.0,0.02,0.2,0.05,0.04,0.8,0.84,0.58,0.72,20.0,8.0,0.5,24.0,5.0,0.68,0.78,0.5,24.0,5.0,0.68,0.78,17,0,0.130862,0.09175,8.235294,3.941176,0.0,0.0,0.941958,0.788235,0.153723,0.812861,{'public_conservative': 17},16,0,0.207063,0.117751,10.75,4.6875,0.030969,0.0,0.834037,0.800625,0.033412,0.847202,{'public_conservative': 16}
840,0.09175,1.0,public_conservative,0.9,0.3,0.01,0.0,0.02,0.05,0.04,0.8,0.84,0.58,0.72,20.0,8.0,0.5,24.0,5.0,0.68,0.78,0.5,24.0,5.0,0.68,0.78,17,0,0.125127,0.09175,8.235294,3.941176,0.0,0.0,0.941958,0.788235,0.153723,0.812861,{'public_conservative': 17},16,0,0.189754,0.121364,11.25,3.875,0.218231,0.0,0.854272,0.800625,0.053647,0.839188,{'public_conservative': 16}
841,0.09175,1.0,public_conservative,0.9,0.3,0.01,0.0,0.05,0.05,0.04,0.8,0.84,0.58,0.72,20.0,8.0,0.5,24.0,5.0,0.68,0.78,0.5,24.0,5.0,0.68,0.78,17,0,0.125127,0.09175,8.235294,3.941176,0.0,0.0,0.941958,0.788235,0.153723,0.812861,{'public_conservative': 17},16,0,0.192719,0.125471,11.5,4.8125,0.061937,0.0,0.853477,0.800625,0.052852,0.84243,{'public_conservative': 16}
842,0.09175,1.0,public_conservative,0.9,0.3,0.01,0.0,0.1,0.05,0.04,0.8,0.84,0.58,0.72,20.0,8.0,0.5,24.0,5.0,0.68,0.78,0.5,24.0,5.0,0.68,0.78,17,0,0.125127,0.09175,8.235294,3.941176,0.0,0.0,0.941958,0.788235,0.153723,0.812861,{'public_conservative': 17},16,0,0.195816,0.125471,11.5,4.8125,0.061937,0.0,0.853477,0.800625,0.052852,0.84243,{'public_conservative': 16}
843,0.09175,1.0,public_conservative,0.9,0.3,0.01,0.0,0.2,0.05,0.04,0.8,0.84,0.58,0.72,20.0,8.0,0.5,24.0,5.0,0.68,0.78,0.5,24.0,5.0,0.68,0.78,17,0,0.125127,0.09175,8.235294,3.941176,0.0,0.0,0.941958,0.788235,0.153723,0.812861,{'public_conservative': 17},16,0,0.20072,0.117751,10.75,4.6875,0.030969,0.0,0.834037,0.800625,0.033412,0.847202,{'public_conservative': 16}
844,0.09244584,1.0,public_conservative,0.9,0.3,0.01,0.01,0.02,0.05,0.04,0.8,0.84,0.58,0.72,20.0,8.0,0.5,24.0,5.0,0.68,0.78,0.5,24.0,5.0,0.68,0.78,17,0,0.129402,0.090899,8.411765,3.411765,0.038671,0.0,0.944574,0.788235,0.156339,0.812034,{'public_conservative': 17},16,0,0.194598,0.121364,11.25,3.875,0.218231,0.0,0.854272,0.800625,0.053647,0.839188,{'public_conservative': 16}
845,0.09175,1.0,public_conservative,0.9,0.3,0.01,0.01,0.05,0.05,0.04,0.8,0.84,0.58,0.72,20.0,8.0,0.5,24.0,5.0,0.68,0.78,0.5,24.0,5.0,0.68,0.78,17,0,0.130053,0.09175,8.235294,3.941176,0.0,0.0,0.941958,0.788235,0.153723,0.812861,{'public_conservative': 17},16,0,0.198734,0.125471,11.5,4.8125,0.061937,0.0,0.853477,0.800625,0.052852,0.84243,{'public_conservative': 16}
846,0.09175,1.0,public_conservative,0.9,0.3,0.01,0.01,0.1,0.05,0.04,0.8,0.84,0.58,0.72,20.0,8.0,0.5,24.0,5.0,0.68,0.78,0.5,24.0,5.0,0.68,0.78,17,0,0.130053,0.09175,8.235294,3.941176,0.0,0.0,0.941958,0.788235,0.153723,0.812861,{'public_conservative': 17},16,0,0.201831,0.125471,11.5,4.8125,0.061937,0.0,0.853477,0.800625,0.052852,0.84243,{'public_conservative': 16}
847,0.09175,1.0,public_conservative,0.9,0.3,0.01,0.01,0.2,0.05,0.04,0.8,0.84,0.58,0.72,20.0,8.0,0.5,24.0,5.0,0.68,0.78,0.5,24.0,5.0,0.68,0.78,17,0,0.130053,0.09175,8.235294,3.941176,0.0,0.0,0.941958,0.788235,0.153723,0.812861,{'public_conservative': 17},16,0,0.206579,0.117751,10.75,4.6875,0.030969,0.0,0.834037,0.800625,0.033412,0.847202,{'public_conservative': 16}
848,0.09244584,1.0,public_conservative,0.9,0.3,0.01,0.02,0.02,0.05,0.04,0.8,0.84,0.58,0.72,20.0,8.0,0.5,24.0,5.0,0.68,0.78,0.5,24.0,5.0,0.68,0.78,17,0,0.133667,0.090899,8.411765,3.411765,0.038671,0.0,0.944574,0.788235,0.156339,0.812034,{'public_conservative': 17},16,0,0.199442,0.121364,11.25,3.875,0.218231,0.0,0.854272,0.800625,0.053647,0.839188,{'public_conservative': 16}
849,0.09244584,1.0,public_conservative,0.9,0.3,0.01,0.02,0.05,0.05,0.04,0.8,0.84,0.58,0.72,20.0,8.0,0.5,24.0,5.0,0.68,0.78,0.5,24.0,5.0,0.68,0.78,17,0,0.134827,0.090899,8.411765,3.411765,0.038671,0.0,0.944574,0.788235,0.156339,0.812034,{'public_conservative': 17},16,0,0.20475,0.125471,11.5,4.8125,0.061937,0.0,0.853477,0.800625,0.052852,0.84243,{'public_conservative': 16}
850,0.09175,1.0,public_conservative,0.9,0.3,0.01,0.02,0.1,0.05,0.04,0.8,0.84,0.58,0.72,20.0,8.0,0.5,24.0,5.0,0.68,0.78,0.5,24.0,5.0,0.68,0.78,17,0,0.13498,0.09175,8.235294,3.941176,0.0,0.0,0.941958,0.788235,0.153723,0.812861,{'public_conservative': 17},16,0,0.207847,0.125471,11.5,4.8125,0.061937,0.0,0.853477,0.800625,0.052852,0.84243,{'public_conservative': 16}
851,0.09175,1.0,public_conservative,0.9,0.3,0.01,0.02,0.2,0.05,0.04,0.8,0.84,0.58,0.72,20.0,8.0,0.5,24.0,5.0,0.68,0.78,0.5,24.0,5.0,0.68,0.78,17,0,0.13498,0.09175,8.235294,3.941176,0.0,0.0,0.941958,0.788235,0.153723,0.812861,{'public_conservative': 17},16,0,0.212438,0.117751,10.75,4.6875,0.030969,0.0,0.834037,0.800625,0.033412,0.847202,{'public_conservative': 16}
852,0.09175,1.0,public_conservative,0.9,0.3,0.02,0.0,0.02,0.05,0.04,0.8,0.84,0.58,0.72,20.0,8.0,0.5,24.0,5.0,0.68,0.78,0.5,24.0,5.0,0.68,0.78,17,0,0.129245,0.09175,8.235294,3.941176,0.0,0.0,0.941958,0.788235,0.153723,0.812861,{'public_conservative': 17},16,0,0.195379,0.121364,11.25,3.875,0.218231,0.0,0.854272,0.800625,0.053647,0.839188,{'public_conservative': 16}
853,0.09175,1.0,public_conservative,0.9,0.3,0.02,0.0,0.05,0.05,0.04,0.8,0.84,0.58,0.72,20.0,8.0,0.5,24.0,5.0,0.68,0.78,0.5,24.0,5.0,0.68,0.78,17,0,0.129245,0.09175,8.235294,3.941176,0.0,0.0,0.941958,0.788235,0.153723,0.812861,{'public_conservative': 17},16,0,0.198469,0.125471,11.5,4.8125,0.061937,0.0,0.853477,0.800625,0.052852,0.84243,{'public_conservative': 16}
854,0.09175,1.0,public_conservative,0.9,0.3,0.02,0.0,0.1,0.05,0.04,0.8,0.84,0.58,0.72,20.0,8.0,0.5,24.0,5.0,0.68,0.78,0.5,24.0,5.0,0.68,0.78,17,0,0.129245,0.09175,8.235294,3.941176,0.0,0.0,0.941958,0.788235,0.153723,0.812861,{'public_conservative': 17},16,0,0.201566,0.125471,11.5,4.8125,0.061937,0.0,0.853477,0.800625,0.052852,0.84243,{'public_conservative': 16}
855,0.09175,1.0,public_conservative,0.9,0.3,0.02,0.0,0.2,0.05,0.04,0.8,0.84,0.58,0.72,20.0,8.0,0.5,24.0,5.0,0.68,0.78,0.5,24.0,5.0,0.68,0.78,17,0,0.129245,0.09175,8.235294,3.941176,0.0,0.0,0.941958,0.788235,0.153723,0.812861,{'public_conservative': 17},16,0,0.206095,0.117751,10.75,4.6875,0.030969,0.0,0.834037,0.800625,0.033412,0.847202,{'public_conservative': 16}
856,0.09244584,1.0,public_conservative,0.9,0.3,0.02,0.01,0.02,0.05,0.04,0.8,0.84,0.58,0.72,20.0,8.0,0.5,24.0,5.0,0.68,0.78,0.5,24.0,5.0,0.68,0.78,17,0,0.133608,0.090899,8.411765,3.411765,0.038671,0.0,0.944574,0.788235,0.156339,0.812034,{'public_conservative': 17},16,0,0.200223,0.121364,11.25,3.875,0.218231,0.0,0.854272,0.800625,0.053647,0.839188,{'public_conservative': 16}
857,0.09175,1.0,public_conservative,0.9,0.3,0.02,0.01,0.05,0.05,0.04,0.8,0.84,0.58,0.72,20.0,8.0,0.5,24.0,5.0,0.68,0.78,0.5,24.0,5.0,0.68,0.78,17,0,0.134171,0.09175,8.235294,3.941176,0.0,0.0,0.941958,0.788235,0.153723,0.812861,{'public_conservative': 17},16,0,0.204484,0.125471,11.5,4.8125,0.061937,0.0,0.853477,0.800625,0.052852,0.84243,{'public_conservative': 16}
858,0.09175,1.0,public_conservative,0.9,0.3,0.02,0.01,0.1,0.05,0.04,0.8,0.84,0.58,0.72,20.0,8.0,0.5,24.0,5.0,0.68,0.78,0.5,24.0,5.0,0.68,0.78,17,0,0.134171,0.09175,8.235294,3.941176,0.0,0.0,0.941958,0.788235,0.153723,0.812861,{'public_conservative': 17},16,0,0.207581,0.125471,11.5,4.8125,0.061937,0.0,0.853477,0.800625,0.052852,0.84243,{'public_conservative': 16}
859,0.09175,1.0,public_conservative,0.9,0.3,0.02,0.01,0.2,0.05,0.04,0.8,0.84,0.58,0.72,20.0,8.0,0.5,24.0,5.0,0.68,0.78,0.5,24.0,5.0,0.68,0.78,17,0,0.134171,0.09175,8.235294,3.941176,0.0,0.0,0.941958,0.788235,0.153723,0.812861,{'public_conservative': 17},16,0,0.211954,0.117751,10.75,4.6875,0.030969,0.0,0.834037,0.800625,0.033412,0.847202,{'public_conservative': 16}
860,0.09244584,1.0,public_conservative,0.9,0.3,0.02,0.02,0.02,0.05,0.04,0.8,0.84,0.58,0.72,20.0,8.0,0.5,24.0,5.0,0.68,0.78,0.5,24.0,5.0,0.68,0.78,17,0,0.137873,0.090899,8.411765,3.411765,0.038671,0.0,0.944574,0.788235,0.156339,0.812034,{'public_conservative': 17},16,0,0.205067,0.121364,11.25,3.875,0.218231,0.0,0.854272,0.800625,0.053647,0.839188,{'public_conservative': 16}
861,0.09244584,1.0,public_conservative,0.9,0.3,0.02,0.02,0.05,0.05,0.04,0.8,0.84,0.58,0.72,20.0,8.0,0.5,24.0,5.0,0.68,0.78,0.5,24.0,5.0,0.68,0.78,17,0,0.139033,0.090899,8.411765,3.411765,0.038671,0.0,0.944574,0.788235,0.156339,0.812034,{'public_conservative': 17},16,0,0.2105,0.125471,11.5,4.8125,0.061937,0.0,0.853477,0.800625,0.052852,0.84243,{'public_conservative': 16}
862,0.09175,1.0,public_conservative,0.9,0.3,0.02,0.02,0.1,0.05,0.04,0.8,0.84,0.58,0.72,20.0,8.0,0.5,24.0,5.0,0.68,0.78,0.5,24.0,5.0,0.68,0.78,17,0,0.139098,0.09175,8.235294,3.941176,0.0,0.0,0.941958,0.788235,0.153723,0.812861,{'public_conservative': 17},16,0,0.213597,0.125471,11.5,4.8125,0.061937,0.0,0.853477,0.800625,0.052852,0.84243,{'public_conservative': 16}
863,0.09175,1.0,public_conservative,0.9,0.3,0.02,0.02,0.2,0.05,0.04,0.8,0.84,0.58,0.72,20.0,8.0,0.5,24.0,5.0,0.68,0.78,0.5,24.0,5.0,0.68,0.78,17,0,0.139098,0.09175,8.235294,3.941176,0.0,0.0,0.941958,0.788235,0.153723,0.812861,{'public_conservative': 17},16,0,0.217813,0.117751,10.75,4.6875,0.030969,0.0,0.834037,0.800625,0.033412,0.847202,{'public_conservative': 16}
