sample_id,source_name,category,candidate,dst_path,target_mask_path,quality_level,unified_loss,jump_count,trim_count,off_mask_stitch_length_mm,visible_connector_count,jump_path_mm,visible_connector_length_mm,target_pixels,adaptive_target_pixels,stitch_pixels,overlap_pixels,off_target_pixels,adaptive_overlap_pixels,adaptive_off_target_pixels,coverage_ratio,stitch_precision_ratio,adaptive_coverage_ratio,adaptive_stitch_precision_ratio,overfill_outside_adaptive_ratio,line_radius_px,adaptive_precision_radius_px,target_width_mm,balanced_score
qd_001,QuickDraw,cat,public_benchmark_v1_core20_auto_hybrid_skeleton_connect12_trimcap20,results\public_benchmark_v1_core20_auto_hybrid_skeleton_connect12_trimcap20\qd_001\prediction.dst,datasets\public_benchmark_v1_ext33\quickdraw_10\qd_001_mask.png,warning,0.20998867,22,2,0.6731,0,213.8726,0.0,7588,11839,10669,7157,3512,10301,368,0.9432,0.670822,0.87009,0.965508,0.034492,2,2,90.0,0.32005287
qd_001,QuickDraw,cat,public_benchmark_v1_core20_source_aware_hybrid_skeleton,results\public_benchmark_v1_core20_source_aware_hybrid_skeleton\qd_001\prediction.dst,datasets\public_benchmark_v1_ext33\quickdraw_10\qd_001_mask.png,hard_fail,0.26921151,44,9,0.0,0,475.3598,0.0,7588,11839,10374,7086,3288,10184,190,0.933843,0.683054,0.860208,0.981685,0.018315,2,2,90.0,0.47647911
qd_001,QuickDraw,cat,public_benchmark_v1_core20_source_aware_hybrid_skeleton_connect12,results\public_benchmark_v1_core20_source_aware_hybrid_skeleton_connect12\qd_001\prediction.dst,datasets\public_benchmark_v1_ext33\quickdraw_10\qd_001_mask.png,warning,0.20998867,22,2,0.6731,0,213.8726,0.0,7588,11839,10669,7157,3512,10301,368,0.9432,0.670822,0.87009,0.965508,0.034492,2,2,90.0,0.32005287
qd_001,QuickDraw,cat,public_benchmark_v1_core20_source_aware_hybrid_skeleton_connect12_trimcap20,results\public_benchmark_v1_core20_source_aware_hybrid_skeleton_connect12_trimcap20\qd_001\prediction.dst,datasets\public_benchmark_v1_ext33\quickdraw_10\qd_001_mask.png,warning,0.20998867,22,2,0.6731,0,213.8726,0.0,7588,11839,10669,7157,3512,10301,368,0.9432,0.670822,0.87009,0.965508,0.034492,2,2,90.0,0.32005287
qd_001,QuickDraw,cat,public_benchmark_v1_ext33_all_skeleton_connect20_trimcap20,results\public_benchmark_v1_ext33_all_skeleton_connect20_trimcap20\qd_001\prediction.dst,datasets\public_benchmark_v1_ext33\quickdraw_10\qd_001_mask.png,warning,0.17708271,18,2,0.6731,0,185.5613,0.0,7588,11839,10795,7157,3638,10320,475,0.9432,0.662992,0.871695,0.955998,0.044002,2,2,90.0,0.27095431
qd_001,QuickDraw,cat,public_benchmark_v1_ext33_all_skeleton_connect30_min12_trimcap20,results\public_benchmark_v1_ext33_all_skeleton_connect30_min12_trimcap20\qd_001\prediction.dst,datasets\public_benchmark_v1_ext33\quickdraw_10\qd_001_mask.png,pass,0.13687547,15,2,0.0,0,152.3585,0.0,7588,11839,10250,6780,3470,9887,363,0.893516,0.661463,0.835121,0.964585,0.035415,2,2,90.0,0.22037967
qd_001,QuickDraw,cat,public_benchmark_v1_ext33_all_skeleton_connect30_min20_trimcap20,results\public_benchmark_v1_ext33_all_skeleton_connect30_min20_trimcap20\qd_001\prediction.dst,datasets\public_benchmark_v1_ext33\quickdraw_10\qd_001_mask.png,pass,0.13687547,15,2,0.0,0,152.3585,0.0,7588,11839,10250,6780,3470,9887,363,0.893516,0.661463,0.835121,0.964585,0.035415,2,2,90.0,0.22037967
qd_001,QuickDraw,cat,public_benchmark_v1_ext33_all_skeleton_connect30_min8_trimcap20,results\public_benchmark_v1_ext33_all_skeleton_connect30_min8_trimcap20\qd_001\prediction.dst,datasets\public_benchmark_v1_ext33\quickdraw_10\qd_001_mask.png,warning,0.1621189,18,2,0.0,0,191.2157,0.0,7588,11839,10371,6888,3483,10008,363,0.907749,0.66416,0.845342,0.964999,0.035001,2,2,90.0,0.25525794
qd_001,QuickDraw,cat,public_benchmark_v1_ext33_all_skeleton_connect30_trimcap20,results\public_benchmark_v1_ext33_all_skeleton_connect30_trimcap20\qd_001\prediction.dst,datasets\public_benchmark_v1_ext33\quickdraw_10\qd_001_mask.png,warning,0.17708271,18,2,0.6731,0,185.5613,0.0,7588,11839,10795,7157,3638,10320,475,0.9432,0.662992,0.871695,0.955998,0.044002,2,2,90.0,0.27095431
qd_001,QuickDraw,cat,public_benchmark_v1_ext33_auto_hybrid_evalrepair_r10_c20_trimcap20,results\public_benchmark_v1_ext33_auto_hybrid_evalrepair_r10_c20_trimcap20\qd_001\prediction.dst,datasets\public_benchmark_v1_ext33\quickdraw_10\qd_001_mask.png,warning,0.17708271,18,2,0.6731,0,185.5613,0.0,7588,11839,10795,7157,3638,10320,475,0.9432,0.662992,0.871695,0.955998,0.044002,2,2,90.0,0.27095431
qd_001,QuickDraw,cat,public_benchmark_v1_ext33_auto_hybrid_evalrepair_r10_inside085_c20_trimcap20,results\public_benchmark_v1_ext33_auto_hybrid_evalrepair_r10_inside085_c20_trimcap20\qd_001\prediction.dst,datasets\public_benchmark_v1_ext33\quickdraw_10\qd_001_mask.png,warning,0.17708271,18,2,0.6731,0,185.5613,0.0,7588,11839,10795,7157,3638,10320,475,0.9432,0.662992,0.871695,0.955998,0.044002,2,2,90.0,0.27095431
qd_001,QuickDraw,cat,public_benchmark_v1_ext33_auto_hybrid_evalrepair_r10_inside090_c20_trimcap20,results\public_benchmark_v1_ext33_auto_hybrid_evalrepair_r10_inside090_c20_trimcap20\qd_001\prediction.dst,datasets\public_benchmark_v1_ext33\quickdraw_10\qd_001_mask.png,warning,0.17708271,18,2,0.6731,0,185.5613,0.0,7588,11839,10795,7157,3638,10320,475,0.9432,0.662992,0.871695,0.955998,0.044002,2,2,90.0,0.27095431
qd_001,QuickDraw,cat,public_benchmark_v1_ext33_auto_hybrid_evalrepair_r15_c20_trimcap20,results\public_benchmark_v1_ext33_auto_hybrid_evalrepair_r15_c20_trimcap20\qd_001\prediction.dst,datasets\public_benchmark_v1_ext33\quickdraw_10\qd_001_mask.png,warning,0.17708271,18,2,0.6731,0,185.5613,0.0,7588,11839,10795,7157,3638,10320,475,0.9432,0.662992,0.871695,0.955998,0.044002,2,2,90.0,0.27095431
qd_001,QuickDraw,cat,public_benchmark_v1_ext33_auto_hybrid_evalrepair_r15_inside090_c20_trimcap20,results\public_benchmark_v1_ext33_auto_hybrid_evalrepair_r15_inside090_c20_trimcap20\qd_001\prediction.dst,datasets\public_benchmark_v1_ext33\quickdraw_10\qd_001_mask.png,warning,0.17708271,18,2,0.6731,0,185.5613,0.0,7588,11839,10795,7157,3638,10320,475,0.9432,0.662992,0.871695,0.955998,0.044002,2,2,90.0,0.27095431
qd_001,QuickDraw,cat,public_benchmark_v1_ext33_auto_hybrid_r10_c16_trimcap20,results\public_benchmark_v1_ext33_auto_hybrid_r10_c16_trimcap20\qd_001\prediction.dst,datasets\public_benchmark_v1_ext33\quickdraw_10\qd_001_mask.png,warning,0.19359507,20,2,0.6731,0,201.5726,0.0,7588,11839,10669,7157,3512,10301,368,0.9432,0.670822,0.87009,0.965508,0.034492,2,2,90.0,0.29565927
qd_001,QuickDraw,cat,public_benchmark_v1_ext33_auto_hybrid_r10_c20_trimcap20,results\public_benchmark_v1_ext33_auto_hybrid_r10_c20_trimcap20\qd_001\prediction.dst,datasets\public_benchmark_v1_ext33\quickdraw_10\qd_001_mask.png,warning,0.17708271,18,2,0.6731,0,185.5613,0.0,7588,11839,10795,7157,3638,10320,475,0.9432,0.662992,0.871695,0.955998,0.044002,2,2,90.0,0.27095431
qd_001,QuickDraw,cat,public_benchmark_v1_ext33_auto_hybrid_r125_c16_trimcap20,results\public_benchmark_v1_ext33_auto_hybrid_r125_c16_trimcap20\qd_001\prediction.dst,datasets\public_benchmark_v1_ext33\quickdraw_10\qd_001_mask.png,warning,0.19359507,20,2,0.6731,0,201.5726,0.0,7588,11839,10669,7157,3512,10301,368,0.9432,0.670822,0.87009,0.965508,0.034492,2,2,90.0,0.29565927
qd_001,QuickDraw,cat,public_benchmark_v1_ext33_auto_hybrid_r125_c20_trimcap20,results\public_benchmark_v1_ext33_auto_hybrid_r125_c20_trimcap20\qd_001\prediction.dst,datasets\public_benchmark_v1_ext33\quickdraw_10\qd_001_mask.png,warning,0.17708271,18,2,0.6731,0,185.5613,0.0,7588,11839,10795,7157,3638,10320,475,0.9432,0.662992,0.871695,0.955998,0.044002,2,2,90.0,0.27095431
qd_001,QuickDraw,cat,public_benchmark_v1_ext33_auto_hybrid_skeleton_connect12_trimcap20,results\public_benchmark_v1_ext33_auto_hybrid_skeleton_connect12_trimcap20\qd_001\prediction.dst,datasets\public_benchmark_v1_ext33\quickdraw_10\qd_001_mask.png,warning,0.20998867,22,2,0.6731,0,213.8726,0.0,7588,11839,10669,7157,3512,10301,368,0.9432,0.670822,0.87009,0.965508,0.034492,2,2,90.0,0.32005287
qd_001,QuickDraw,cat,public_benchmark_v1_ext33_b0_m2_1_globalrepair20,results\public_benchmark_v1_ext33_b0_m2_1_globalrepair20\qd_001\prediction.dst,datasets\public_benchmark_v1_ext33\quickdraw_10\qd_001_mask.png,hard_fail,0.41631126,12,3,5743.7377,1294,72.2269,4873.7494,7588,11839,24639,7397,17242,11000,13639,0.974829,0.300215,0.929133,0.446447,0.553553,2,2,90.0,161.50197446
qd_001,QuickDraw,cat,public_benchmark_v1_ext33_m2_4_coverage_rerank,results\public_benchmark_v1_ext33_m2_4_coverage_rerank\qd_001\prediction.dst,datasets\public_benchmark_v1_ext33\quickdraw_10\qd_001_mask.png,warning,0.17708271,18,2,0.6731,0,185.5613,0.0,7588,11839,10795,7157,3638,10320,475,0.9432,0.662992,0.871695,0.955998,0.044002,2,2,90.0,0.27095431
qd_001,QuickDraw,cat,public_benchmark_v1_ext33_m2_4_coverage_rerank_connect30,results\public_benchmark_v1_ext33_m2_4_coverage_rerank_connect30\qd_001\prediction.dst,datasets\public_benchmark_v1_ext33\quickdraw_10\qd_001_mask.png,warning,0.17708271,18,2,0.6731,0,185.5613,0.0,7588,11839,10795,7157,3638,10320,475,0.9432,0.662992,0.871695,0.955998,0.044002,2,2,90.0,0.27095431
qd_001,QuickDraw,cat,public_benchmark_v1_ext33_m2_4_coverage_rerank_min12,results\public_benchmark_v1_ext33_m2_4_coverage_rerank_min12\qd_001\prediction.dst,datasets\public_benchmark_v1_ext33\quickdraw_10\qd_001_mask.png,pass,0.13687547,15,2,0.0,0,152.3585,0.0,7588,11839,10250,6780,3470,9887,363,0.893516,0.661463,0.835121,0.964585,0.035415,2,2,90.0,0.22037967
qd_001,QuickDraw,cat,public_benchmark_v1_ext33_m2_4_coverage_rerank_min20,results\public_benchmark_v1_ext33_m2_4_coverage_rerank_min20\qd_001\prediction.dst,datasets\public_benchmark_v1_ext33\quickdraw_10\qd_001_mask.png,pass,0.13687547,15,2,0.0,0,152.3585,0.0,7588,11839,10250,6780,3470,9887,363,0.893516,0.661463,0.835121,0.964585,0.035415,2,2,90.0,0.22037967
qd_001,QuickDraw,cat,public_benchmark_v1_ext33_m2_4_coverage_rerank_min8,results\public_benchmark_v1_ext33_m2_4_coverage_rerank_min8\qd_001\prediction.dst,datasets\public_benchmark_v1_ext33\quickdraw_10\qd_001_mask.png,warning,0.1621189,18,2,0.0,0,191.2157,0.0,7588,11839,10371,6888,3483,10008,363,0.907749,0.66416,0.845342,0.964999,0.035001,2,2,90.0,0.25525794
qd_001,QuickDraw,cat,public_benchmark_v1_ext33_m2_51_sweeptuned_gate_balanced_applied,results\public_benchmark_v1_ext33_m2_51_sweeptuned_gate_balanced_applied\qd_001\prediction.dst,datasets\public_benchmark_v1_ext33\quickdraw_10\qd_001_mask.png,pass,0.09780368,11,1,0.0,0,118.865,0.0,7588,11839,11353,7379,3974,10212,1141,0.972457,0.64996,0.862573,0.899498,0.100502,2,2,90.0,0.15377868
qd_001,QuickDraw,cat,public_benchmark_v1_ext33_m2_51_sweeptuned_gate_low_jump_applied,results\public_benchmark_v1_ext33_m2_51_sweeptuned_gate_low_jump_applied\qd_001\prediction.dst,datasets\public_benchmark_v1_ext33\quickdraw_10\qd_001_mask.png,excellent,0.09974865,10,1,0.4714,0,98.1922,0.0,7588,11839,14851,7585,7266,11575,3276,0.999605,0.51074,0.977701,0.779409,0.220591,2,2,90.0,0.16575721
qd_001,QuickDraw,cat,public_benchmark_v1_ext33_m2_55_line_domain_guard_low_jump,results\public_benchmark_v1_ext33_m2_55_line_domain_guard_low_jump\qd_001\prediction.dst,datasets\public_benchmark_v1_ext33\quickdraw_10\qd_001_mask.png,excellent,0.09974865,10,1,0.4714,0,98.1922,0.0,7588,11839,14851,7585,7266,11575,3276,0.999605,0.51074,0.977701,0.779409,0.220591,2,2,90.0,0.16575721
qd_001,QuickDraw,cat,public_benchmark_v1_ext33_m2_56_line_stroke_d0_c12_i090,results\public_benchmark_v1_ext33_m2_56_line_stroke_d0_c12_i090\qd_001\prediction.dst,datasets\public_benchmark_v1_ext33\quickdraw_10\qd_001_mask.png,warning,0.18687799,21,2,0.0,0,214.9373,0.0,7588,11839,10179,6888,3291,9987,192,0.907749,0.676687,0.843568,0.981138,0.018862,2,2,90.0,0.29222991
qd_001,QuickDraw,cat,public_benchmark_v1_ext33_m2_56_line_stroke_d0_c12_i090_min12,results\public_benchmark_v1_ext33_m2_56_line_stroke_d0_c12_i090_min12\qd_001\prediction.dst,datasets\public_benchmark_v1_ext33\quickdraw_10\qd_001_mask.png,warning,0.16163456,18,2,0.0,0,176.0801,0.0,7588,11839,10028,6756,3272,9836,192,0.890353,0.673714,0.830813,0.980854,0.019146,2,2,90.0,0.25790876
qd_001,QuickDraw,cat,public_benchmark_v1_ext33_m2_56_line_stroke_d0_c12_i090_min20,results\public_benchmark_v1_ext33_m2_56_line_stroke_d0_c12_i090_min20\qd_001\prediction.dst,datasets\public_benchmark_v1_ext33\quickdraw_10\qd_001_mask.png,warning,0.16163456,18,2,0.0,0,176.0801,0.0,7588,11839,10028,6756,3272,9836,192,0.890353,0.673714,0.830813,0.980854,0.019146,2,2,90.0,0.25790876
qd_001,QuickDraw,cat,public_benchmark_v1_ext33_m2_56_line_stroke_d0_c12_i090_min30,results\public_benchmark_v1_ext33_m2_56_line_stroke_d0_c12_i090_min30\qd_001\prediction.dst,datasets\public_benchmark_v1_ext33\quickdraw_10\qd_001_mask.png,warning,0.16994785,19,2,0.0,0,185.8702,0.0,7588,11839,9751,6596,3155,9577,174,0.869267,0.676443,0.808937,0.982156,0.017844,2,2,90.0,0.27453405
qd_001,QuickDraw,cat,public_benchmark_v1_ext33_m2_56_line_stroke_d0_c8_i095,results\public_benchmark_v1_ext33_m2_56_line_stroke_d0_c8_i095\qd_001\prediction.dst,datasets\public_benchmark_v1_ext33\quickdraw_10\qd_001_mask.png,warning,0.21978079,25,2,0.0,0,243.1498,0.0,7588,11839,10381,7092,3289,10191,190,0.934634,0.683171,0.860799,0.981697,0.018303,2,2,90.0,0.33691419
qd_001,QuickDraw,cat,public_benchmark_v1_ext33_m2_56_line_stroke_d1_c10_i090,results\public_benchmark_v1_ext33_m2_56_line_stroke_d1_c10_i090\qd_001\prediction.dst,datasets\public_benchmark_v1_ext33\quickdraw_10\qd_001_mask.png,warning,0.21978079,25,2,0.0,0,243.1498,0.0,7588,11839,10381,7092,3289,10191,190,0.934634,0.683171,0.860799,0.981697,0.018303,2,2,90.0,0.33691419
qd_001,QuickDraw,cat,public_benchmark_v1_ext33_m2_56_line_stroke_d1_c12_i090_min20,results\public_benchmark_v1_ext33_m2_56_line_stroke_d1_c12_i090_min20\qd_001\prediction.dst,datasets\public_benchmark_v1_ext33\quickdraw_10\qd_001_mask.png,warning,0.16163456,18,2,0.0,0,176.0801,0.0,7588,11839,10028,6756,3272,9836,192,0.890353,0.673714,0.830813,0.980854,0.019146,2,2,90.0,0.25790876
qd_001,QuickDraw,cat,public_benchmark_v1_ext33_m2_56_line_stroke_d1_c6_i095,results\public_benchmark_v1_ext33_m2_56_line_stroke_d1_c6_i095\qd_001\prediction.dst,datasets\public_benchmark_v1_ext33\quickdraw_10\qd_001_mask.png,warning,0.19522966,22,2,0.0,0,225.9268,0.0,7588,11839,10133,6866,3267,9944,189,0.90485,0.677588,0.839936,0.981348,0.018652,2,2,90.0,0.30524934
qd_001,QuickDraw,cat,public_benchmark_v1_ext33_m2_56_line_stroke_d2_c12_i085_min20,results\public_benchmark_v1_ext33_m2_56_line_stroke_d2_c12_i085_min20\qd_001\prediction.dst,datasets\public_benchmark_v1_ext33\quickdraw_10\qd_001_mask.png,warning,0.16163456,18,2,0.0,0,176.0801,0.0,7588,11839,10028,6756,3272,9836,192,0.890353,0.673714,0.830813,0.980854,0.019146,2,2,90.0,0.25790876
qd_001,QuickDraw,cat,public_benchmark_v1_ext33_m2_56_line_stroke_d3_c18,results\public_benchmark_v1_ext33_m2_56_line_stroke_d3_c18\qd_001\prediction.dst,datasets\public_benchmark_v1_ext33\quickdraw_10\qd_001_mask.png,hard_fail,0.45134304,19,2,11.1646,4,196.1387,10.5333,7588,11839,10619,7114,3505,10255,364,0.937533,0.669931,0.866205,0.965722,0.034278,2,2,90.0,0.9752418
qd_001,QuickDraw,cat,public_benchmark_v1_ext33_m2_56_line_stroke_selector_probe,results\public_benchmark_v1_ext33_m2_56_line_stroke_selector_probe\qd_001\prediction.dst,datasets\public_benchmark_v1_ext33\quickdraw_10\qd_001_mask.png,excellent,0.09974865,10,1,0.4714,0,98.1922,0.0,7588,11839,14851,7585,7266,11575,3276,0.999605,0.51074,0.977701,0.779409,0.220591,2,2,90.0,0.16575721
qd_001,QuickDraw,cat,public_benchmark_v1_ext33_m2_57_topology_open_d0_c12_i090_min12,results\public_benchmark_v1_ext33_m2_57_topology_open_d0_c12_i090_min12\qd_001\prediction.dst,datasets\public_benchmark_v1_ext33\quickdraw_10\qd_001_mask.png,warning,0.15374211,17,2,0.0,0,179.4408,0.0,7588,11839,10029,6769,3260,9837,192,0.892066,0.674943,0.830898,0.980856,0.019144,2,2,90.0,0.24586907
qd_001,QuickDraw,cat,public_benchmark_v1_ext33_m2_57_topology_open_d0_c12_i090_min20,results\public_benchmark_v1_ext33_m2_57_topology_open_d0_c12_i090_min20\qd_001\prediction.dst,datasets\public_benchmark_v1_ext33\quickdraw_10\qd_001_mask.png,warning,0.15374211,17,2,0.0,0,179.4408,0.0,7588,11839,10029,6769,3260,9837,192,0.892066,0.674943,0.830898,0.980856,0.019144,2,2,90.0,0.24586907
qd_001,QuickDraw,cat,public_benchmark_v1_ext33_m2_57_topology_open_d0_c12_i090_min30,results\public_benchmark_v1_ext33_m2_57_topology_open_d0_c12_i090_min30\qd_001\prediction.dst,datasets\public_benchmark_v1_ext33\quickdraw_10\qd_001_mask.png,warning,0.14520046,16,2,0.0,0,162.5143,0.0,7588,11839,9752,6609,3143,9578,174,0.87098,0.677707,0.809021,0.982158,0.017842,2,2,90.0,0.23763954
qd_001,QuickDraw,cat,public_benchmark_v1_ext33_m2_57_topology_open_d0_c16_i085_min20,results\public_benchmark_v1_ext33_m2_57_topology_open_d0_c16_i085_min20\qd_001\prediction.dst,datasets\public_benchmark_v1_ext33\quickdraw_10\qd_001_mask.png,warning,0.15374211,17,2,0.0,0,179.4408,0.0,7588,11839,10029,6769,3260,9837,192,0.892066,0.674943,0.830898,0.980856,0.019144,2,2,90.0,0.24586907
qd_001,QuickDraw,cat,public_benchmark_v1_ext33_m2_57_topology_open_d0_c20_i080_min30,results\public_benchmark_v1_ext33_m2_57_topology_open_d0_c20_i080_min30\qd_001\prediction.dst,datasets\public_benchmark_v1_ext33\quickdraw_10\qd_001_mask.png,warning,0.14520046,16,2,0.0,0,162.5143,0.0,7588,11839,9752,6609,3143,9578,174,0.87098,0.677707,0.809021,0.982158,0.017842,2,2,90.0,0.23763954
qd_001,QuickDraw,cat,public_benchmark_v1_ext33_m2_57_topology_open_d0_c20_i080_min40,results\public_benchmark_v1_ext33_m2_57_topology_open_d0_c20_i080_min40\qd_001\prediction.dst,datasets\public_benchmark_v1_ext33\quickdraw_10\qd_001_mask.png,pass,0.09748031,11,1,0.0,0,108.7598,0.0,7588,11839,9372,6261,3111,9204,168,0.825119,0.668054,0.777431,0.982074,0.017926,2,2,90.0,0.17537907
qd_001,QuickDraw,cat,public_benchmark_v1_ext33_m2_57_topology_open_d0_c24_i075_min40,results\public_benchmark_v1_ext33_m2_57_topology_open_d0_c24_i075_min40\qd_001\prediction.dst,datasets\public_benchmark_v1_ext33\quickdraw_10\qd_001_mask.png,pass,0.09748031,11,1,0.0,0,108.7598,0.0,7588,11839,9372,6261,3111,9204,168,0.825119,0.668054,0.777431,0.982074,0.017926,2,2,90.0,0.17537907
qd_001,QuickDraw,cat,public_benchmark_v1_ext33_m2_57_topology_open_d0_c24_i075_min60,results\public_benchmark_v1_ext33_m2_57_topology_open_d0_c24_i075_min60\qd_001\prediction.dst,datasets\public_benchmark_v1_ext33\quickdraw_10\qd_001_mask.png,pass,0.09748031,11,1,0.0,0,108.7598,0.0,7588,11839,9372,6261,3111,9204,168,0.825119,0.668054,0.777431,0.982074,0.017926,2,2,90.0,0.17537907
qd_001,QuickDraw,cat,public_benchmark_v1_ext33_m2_57_topology_open_d0_c30_i070_min100,results\public_benchmark_v1_ext33_m2_57_topology_open_d0_c30_i070_min100\qd_001\prediction.dst,datasets\public_benchmark_v1_ext33\quickdraw_10\qd_001_mask.png,excellent,0.0811162,9,1,0.0,0,97.3812,0.0,7588,11839,7915,5226,2689,7756,159,0.688719,0.660265,0.655123,0.979912,0.020088,2,2,90.0,0.17660392
qd_001,QuickDraw,cat,public_benchmark_v1_ext33_m2_57_topology_open_d0_c30_i070_min80,results\public_benchmark_v1_ext33_m2_57_topology_open_d0_c30_i070_min80\qd_001\prediction.dst,datasets\public_benchmark_v1_ext33\quickdraw_10\qd_001_mask.png,pass,0.09748031,11,1,0.0,0,108.7598,0.0,7588,11839,9372,6261,3111,9204,168,0.825119,0.668054,0.777431,0.982074,0.017926,2,2,90.0,0.17537907
qd_001,QuickDraw,cat,public_benchmark_v1_ext33_m2_57_topology_open_d1_c16_i085_min20,results\public_benchmark_v1_ext33_m2_57_topology_open_d1_c16_i085_min20\qd_001\prediction.dst,datasets\public_benchmark_v1_ext33\quickdraw_10\qd_001_mask.png,warning,0.15374211,17,2,0.0,0,179.4408,0.0,7588,11839,10029,6769,3260,9837,192,0.892066,0.674943,0.830898,0.980856,0.019144,2,2,90.0,0.24586907
qd_001,QuickDraw,cat,public_benchmark_v1_ext33_m2_57_topology_open_d1_c20_i080_min20,results\public_benchmark_v1_ext33_m2_57_topology_open_d1_c20_i080_min20\qd_001\prediction.dst,datasets\public_benchmark_v1_ext33\quickdraw_10\qd_001_mask.png,warning,0.15374211,17,2,0.0,0,179.4408,0.0,7588,11839,10029,6769,3260,9837,192,0.892066,0.674943,0.830898,0.980856,0.019144,2,2,90.0,0.24586907
qd_001,QuickDraw,cat,public_benchmark_v1_ext33_m2_57_topology_open_d1_c24_i070_min60,results\public_benchmark_v1_ext33_m2_57_topology_open_d1_c24_i070_min60\qd_001\prediction.dst,datasets\public_benchmark_v1_ext33\quickdraw_10\qd_001_mask.png,pass,0.09748031,11,1,0.0,0,108.7598,0.0,7588,11839,9372,6261,3111,9204,168,0.825119,0.668054,0.777431,0.982074,0.017926,2,2,90.0,0.17537907
qd_001,QuickDraw,cat,public_benchmark_v1_ext33_m2_57_topology_open_d1_c24_i075_min40,results\public_benchmark_v1_ext33_m2_57_topology_open_d1_c24_i075_min40\qd_001\prediction.dst,datasets\public_benchmark_v1_ext33\quickdraw_10\qd_001_mask.png,pass,0.09748031,11,1,0.0,0,108.7598,0.0,7588,11839,9372,6261,3111,9204,168,0.825119,0.668054,0.777431,0.982074,0.017926,2,2,90.0,0.17537907
qd_001,QuickDraw,cat,public_benchmark_v1_ext33_m2_57_topology_open_d1_c30_i065_min80,results\public_benchmark_v1_ext33_m2_57_topology_open_d1_c30_i065_min80\qd_001\prediction.dst,datasets\public_benchmark_v1_ext33\quickdraw_10\qd_001_mask.png,warning,0.30599679,9,1,7.063,2,89.6548,6.4385,7588,11839,9645,6334,3311,9318,327,0.834739,0.656713,0.78706,0.966096,0.033904,2,2,90.0,0.60460047
qd_001,QuickDraw,cat,public_benchmark_v1_ext33_m2_57_topology_open_d2_c20_i075_min20,results\public_benchmark_v1_ext33_m2_57_topology_open_d2_c20_i075_min20\qd_001\prediction.dst,datasets\public_benchmark_v1_ext33\quickdraw_10\qd_001_mask.png,warning,0.15374211,17,2,0.0,0,179.4408,0.0,7588,11839,10029,6769,3260,9837,192,0.892066,0.674943,0.830898,0.980856,0.019144,2,2,90.0,0.24586907
qd_001,QuickDraw,cat,public_benchmark_v1_ext33_m2_57_topology_relative_rescue,results\public_benchmark_v1_ext33_m2_57_topology_relative_rescue\qd_001\prediction.dst,datasets\public_benchmark_v1_ext33\quickdraw_10\qd_001_mask.png,excellent,0.09974865,10,1,0.4714,0,98.1922,0.0,7588,11839,14851,7585,7266,11575,3276,0.999605,0.51074,0.977701,0.779409,0.220591,2,2,90.0,0.16575721
qd_001,QuickDraw,cat,public_benchmark_v1_ext33_m2_57_topology_selector_probe_min100,results\public_benchmark_v1_ext33_m2_57_topology_selector_probe_min100\qd_001\prediction.dst,datasets\public_benchmark_v1_ext33\quickdraw_10\qd_001_mask.png,excellent,0.09974865,10,1,0.4714,0,98.1922,0.0,7588,11839,14851,7585,7266,11575,3276,0.999605,0.51074,0.977701,0.779409,0.220591,2,2,90.0,0.16575721
qd_001,QuickDraw,cat,public_benchmark_v1_ext33_m2_57_topology_selector_probe_min100_j14,results\public_benchmark_v1_ext33_m2_57_topology_selector_probe_min100_j14\qd_001\prediction.dst,datasets\public_benchmark_v1_ext33\quickdraw_10\qd_001_mask.png,pass,0.09782929,11,1,0.0,0,119.6652,0.0,7588,11839,10613,7193,3420,9780,833,0.947944,0.677754,0.826083,0.921511,0.078489,2,2,90.0,0.16006381
qd_001,QuickDraw,cat,public_benchmark_v1_ext33_m2_58_coverage_aware_relative_rescue,results\public_benchmark_v1_ext33_m2_58_coverage_aware_relative_rescue\qd_001\prediction.dst,datasets\public_benchmark_v1_ext33\quickdraw_10\qd_001_mask.png,excellent,0.09974865,10,1,0.4714,0,98.1922,0.0,7588,11839,14851,7585,7266,11575,3276,0.999605,0.51074,0.977701,0.779409,0.220591,2,2,90.0,0.16575721
qd_001,QuickDraw,cat,public_benchmark_v1_ext33_m2_59_anchored_quality_rescue_selector,results\public_benchmark_v1_ext33_m2_59_anchored_quality_rescue_selector\qd_001\prediction.dst,datasets\public_benchmark_v1_ext33\quickdraw_10\qd_001_mask.png,excellent,0.09974865,10,1,0.4714,0,98.1922,0.0,7588,11839,14851,7585,7266,11575,3276,0.999605,0.51074,0.977701,0.779409,0.220591,2,2,90.0,0.16575721
qd_001,QuickDraw,cat,public_benchmark_v1_ext33_m2_59_grouped_topology_g_d0_c16_i085_s4_min12_p80,results\public_benchmark_v1_ext33_m2_59_grouped_topology_g_d0_c16_i085_s4_min12_p80\qd_001\prediction.dst,datasets\public_benchmark_v1_ext33\quickdraw_10\qd_001_mask.png,warning,0.16184442,18,2,0.0,0,182.638,0.0,7588,11839,10029,6769,3260,9837,192,0.892066,0.674943,0.830898,0.980856,0.019144,2,2,90.0,0.25797138
qd_001,QuickDraw,cat,public_benchmark_v1_ext33_m2_59_grouped_topology_g_d0_c16_i090_s3_min20_p80,results\public_benchmark_v1_ext33_m2_59_grouped_topology_g_d0_c16_i090_s3_min20_p80\qd_001\prediction.dst,datasets\public_benchmark_v1_ext33\quickdraw_10\qd_001_mask.png,warning,0.16184442,18,2,0.0,0,182.638,0.0,7588,11839,10029,6769,3260,9837,192,0.892066,0.674943,0.830898,0.980856,0.019144,2,2,90.0,0.25797138
qd_001,QuickDraw,cat,public_benchmark_v1_ext33_m2_59_grouped_topology_g_d0_c18_i092_s4_min12_p100,results\public_benchmark_v1_ext33_m2_59_grouped_topology_g_d0_c18_i092_s4_min12_p100\qd_001\prediction.dst,datasets\public_benchmark_v1_ext33\quickdraw_10\qd_001_mask.png,warning,0.16184442,18,2,0.0,0,182.638,0.0,7588,11839,10029,6769,3260,9837,192,0.892066,0.674943,0.830898,0.980856,0.019144,2,2,90.0,0.25797138
qd_001,QuickDraw,cat,public_benchmark_v1_ext33_m2_59_grouped_topology_g_d0_c18_i095_s3_min12_p120,results\public_benchmark_v1_ext33_m2_59_grouped_topology_g_d0_c18_i095_s3_min12_p120\qd_001\prediction.dst,datasets\public_benchmark_v1_ext33\quickdraw_10\qd_001_mask.png,warning,0.16184442,18,2,0.0,0,182.638,0.0,7588,11839,10029,6769,3260,9837,192,0.892066,0.674943,0.830898,0.980856,0.019144,2,2,90.0,0.25797138
qd_001,QuickDraw,cat,public_benchmark_v1_ext33_m2_59_grouped_topology_g_d0_c20_i080_s5_min12_p80,results\public_benchmark_v1_ext33_m2_59_grouped_topology_g_d0_c20_i080_s5_min12_p80\qd_001\prediction.dst,datasets\public_benchmark_v1_ext33\quickdraw_10\qd_001_mask.png,warning,0.16184442,18,2,0.0,0,182.638,0.0,7588,11839,10029,6769,3260,9837,192,0.892066,0.674943,0.830898,0.980856,0.019144,2,2,90.0,0.25797138
qd_001,QuickDraw,cat,public_benchmark_v1_ext33_m2_59_grouped_topology_g_d0_c20_i090_s4_min12_p100,results\public_benchmark_v1_ext33_m2_59_grouped_topology_g_d0_c20_i090_s4_min12_p100\qd_001\prediction.dst,datasets\public_benchmark_v1_ext33\quickdraw_10\qd_001_mask.png,warning,0.16184442,18,2,0.0,0,182.638,0.0,7588,11839,10029,6769,3260,9837,192,0.892066,0.674943,0.830898,0.980856,0.019144,2,2,90.0,0.25797138
qd_001,QuickDraw,cat,public_benchmark_v1_ext33_m2_59_grouped_topology_g_d0_c20_i095_s4_min12_p100,results\public_benchmark_v1_ext33_m2_59_grouped_topology_g_d0_c20_i095_s4_min12_p100\qd_001\prediction.dst,datasets\public_benchmark_v1_ext33\quickdraw_10\qd_001_mask.png,warning,0.16184442,18,2,0.0,0,182.638,0.0,7588,11839,10029,6769,3260,9837,192,0.892066,0.674943,0.830898,0.980856,0.019144,2,2,90.0,0.25797138
qd_001,QuickDraw,cat,public_benchmark_v1_ext33_m2_59_grouped_topology_g_d0_c24_i075_s6_min20_p80,results\public_benchmark_v1_ext33_m2_59_grouped_topology_g_d0_c24_i075_s6_min20_p80\qd_001\prediction.dst,datasets\public_benchmark_v1_ext33\quickdraw_10\qd_001_mask.png,warning,0.16184442,18,2,0.0,0,182.638,0.0,7588,11839,10029,6769,3260,9837,192,0.892066,0.674943,0.830898,0.980856,0.019144,2,2,90.0,0.25797138
qd_001,QuickDraw,cat,public_benchmark_v1_ext33_m2_59_grouped_topology_g_d0_c30_i070_s8_min30_p100,results\public_benchmark_v1_ext33_m2_59_grouped_topology_g_d0_c30_i070_s8_min30_p100\qd_001\prediction.dst,datasets\public_benchmark_v1_ext33\quickdraw_10\qd_001_mask.png,warning,0.14520046,16,2,0.0,0,162.5143,0.0,7588,11839,9752,6609,3143,9578,174,0.87098,0.677707,0.809021,0.982158,0.017842,2,2,90.0,0.23763954
qd_001,QuickDraw,cat,public_benchmark_v1_ext33_m2_59_grouped_topology_g_d1_c20_i075_s5_min12_p80,results\public_benchmark_v1_ext33_m2_59_grouped_topology_g_d1_c20_i075_s5_min12_p80\qd_001\prediction.dst,datasets\public_benchmark_v1_ext33\quickdraw_10\qd_001_mask.png,warning,0.16184442,18,2,0.0,0,182.638,0.0,7588,11839,10029,6769,3260,9837,192,0.892066,0.674943,0.830898,0.980856,0.019144,2,2,90.0,0.25797138
qd_001,QuickDraw,cat,public_benchmark_v1_ext33_m2_59_quality_rescue_selector,results\public_benchmark_v1_ext33_m2_59_quality_rescue_selector\qd_001\prediction.dst,datasets\public_benchmark_v1_ext33\quickdraw_10\qd_001_mask.png,pass,0.09782929,11,1,0.0,0,119.6652,0.0,7588,11839,10613,7193,3420,9780,833,0.947944,0.677754,0.826083,0.921511,0.078489,2,2,90.0,0.16006381
qd_001,QuickDraw,cat,public_benchmark_v1_ext33_m2_5_learned_selector_applied,results\public_benchmark_v1_ext33_m2_5_learned_selector_applied\qd_001\prediction.dst,datasets\public_benchmark_v1_ext33\quickdraw_10\qd_001_mask.png,pass,0.13687547,15,2,0.0,0,152.3585,0.0,7588,11839,10250,6780,3470,9887,363,0.893516,0.661463,0.835121,0.964585,0.035415,2,2,90.0,0.22037967
qd_001,QuickDraw,cat,public_benchmark_v1_ext33_m2_60_maskpath_combo_rescue_selector,results\public_benchmark_v1_ext33_m2_60_maskpath_combo_rescue_selector\qd_001\prediction.dst,datasets\public_benchmark_v1_ext33\quickdraw_10\qd_001_mask.png,excellent,0.09974865,10,1,0.4714,0,98.1922,0.0,7588,11839,14851,7585,7266,11575,3276,0.999605,0.51074,0.977701,0.779409,0.220591,2,2,90.0,0.16575721
qd_001,QuickDraw,cat,public_benchmark_v1_ext33_m2_60_maskpath_mp_d0_r0_c20_i095_route24_f20_min12,results\public_benchmark_v1_ext33_m2_60_maskpath_mp_d0_r0_c20_i095_route24_f20_min12\qd_001\prediction.dst,datasets\public_benchmark_v1_ext33\quickdraw_10\qd_001_mask.png,warning,0.16184442,18,2,0.0,0,182.638,0.0,7588,11839,10029,6769,3260,9837,192,0.892066,0.674943,0.830898,0.980856,0.019144,2,2,90.0,0.25797138
qd_001,QuickDraw,cat,public_benchmark_v1_ext33_m2_60_maskpath_mp_d0_r0_c20_i095_route32_f26_min12,results\public_benchmark_v1_ext33_m2_60_maskpath_mp_d0_r0_c20_i095_route32_f26_min12\qd_001\prediction.dst,datasets\public_benchmark_v1_ext33\quickdraw_10\qd_001_mask.png,warning,0.16184442,18,2,0.0,0,182.638,0.0,7588,11839,10029,6769,3260,9837,192,0.892066,0.674943,0.830898,0.980856,0.019144,2,2,90.0,0.25797138
qd_001,QuickDraw,cat,public_benchmark_v1_ext33_m2_60_maskpath_mp_d0_r0_c20_i095_route32_f26_min20,results\public_benchmark_v1_ext33_m2_60_maskpath_mp_d0_r0_c20_i095_route32_f26_min20\qd_001\prediction.dst,datasets\public_benchmark_v1_ext33\quickdraw_10\qd_001_mask.png,warning,0.16184442,18,2,0.0,0,182.638,0.0,7588,11839,10029,6769,3260,9837,192,0.892066,0.674943,0.830898,0.980856,0.019144,2,2,90.0,0.25797138
qd_001,QuickDraw,cat,public_benchmark_v1_ext33_m2_60_maskpath_mp_d0_r0_c24_i090_route36_f30_min12,results\public_benchmark_v1_ext33_m2_60_maskpath_mp_d0_r0_c24_i090_route36_f30_min12\qd_001\prediction.dst,datasets\public_benchmark_v1_ext33\quickdraw_10\qd_001_mask.png,warning,0.16184442,18,2,0.0,0,182.638,0.0,7588,11839,10029,6769,3260,9837,192,0.892066,0.674943,0.830898,0.980856,0.019144,2,2,90.0,0.25797138
qd_001,QuickDraw,cat,public_benchmark_v1_ext33_m2_60_maskpath_mp_d0_r1_c20_i095_route32_f26_min12,results\public_benchmark_v1_ext33_m2_60_maskpath_mp_d0_r1_c20_i095_route32_f26_min12\qd_001\prediction.dst,datasets\public_benchmark_v1_ext33\quickdraw_10\qd_001_mask.png,warning,0.16184442,18,2,0.0,0,182.638,0.0,7588,11839,10029,6769,3260,9837,192,0.892066,0.674943,0.830898,0.980856,0.019144,2,2,90.0,0.25797138
qd_001,QuickDraw,cat,public_benchmark_v1_ext33_m2_60_maskpath_mp_d0_r1_c24_i090_route36_f30_min12,results\public_benchmark_v1_ext33_m2_60_maskpath_mp_d0_r1_c24_i090_route36_f30_min12\qd_001\prediction.dst,datasets\public_benchmark_v1_ext33\quickdraw_10\qd_001_mask.png,warning,0.16184442,18,2,0.0,0,182.638,0.0,7588,11839,10029,6769,3260,9837,192,0.892066,0.674943,0.830898,0.980856,0.019144,2,2,90.0,0.25797138
qd_001,QuickDraw,cat,public_benchmark_v1_ext33_m2_60_maskpath_rescue_selector,results\public_benchmark_v1_ext33_m2_60_maskpath_rescue_selector\qd_001\prediction.dst,datasets\public_benchmark_v1_ext33\quickdraw_10\qd_001_mask.png,excellent,0.09974865,10,1,0.4714,0,98.1922,0.0,7588,11839,14851,7585,7266,11575,3276,0.999605,0.51074,0.977701,0.779409,0.220591,2,2,90.0,0.16575721
qd_001,QuickDraw,cat,public_benchmark_v1_ext33_m2_61_segment_graph_sg_d0_l035_c20_i095_r32_f26_min12,results\public_benchmark_v1_ext33_m2_61_segment_graph_sg_d0_l035_c20_i095_r32_f26_min12\qd_001\prediction.dst,datasets\public_benchmark_v1_ext33\quickdraw_10\qd_001_mask.png,warning,0.15947069,17,3,0.0,0,170.9591,0.0,7588,11839,10029,6769,3260,9837,192,0.892066,0.674943,0.830898,0.980856,0.019144,2,2,90.0,0.25359765
qd_001,QuickDraw,cat,public_benchmark_v1_ext33_m2_61_segment_graph_sg_d0_l050_c24_i090_r36_f30_min12,results\public_benchmark_v1_ext33_m2_61_segment_graph_sg_d0_l050_c24_i090_r36_f30_min12\qd_001\prediction.dst,datasets\public_benchmark_v1_ext33\quickdraw_10\qd_001_mask.png,warning,0.15947069,17,3,0.0,0,170.9591,0.0,7588,11839,10029,6769,3260,9837,192,0.892066,0.674943,0.830898,0.980856,0.019144,2,2,90.0,0.25359765
qd_001,QuickDraw,cat,public_benchmark_v1_ext33_m2_61_segment_graph_sg_d0_l070_c20_i095_r32_f26_min12,results\public_benchmark_v1_ext33_m2_61_segment_graph_sg_d0_l070_c20_i095_r32_f26_min12\qd_001\prediction.dst,datasets\public_benchmark_v1_ext33\quickdraw_10\qd_001_mask.png,pass,0.13098813,15,1,0.0,0,155.8792,0.0,7588,11839,10029,6769,3260,9837,192,0.892066,0.674943,0.830898,0.980856,0.019144,2,2,90.0,0.21311509
qd_001,QuickDraw,cat,public_benchmark_v1_ext33_m2_61_segment_graph_sg_d1_l050_c20_i095_r32_f26_min12,results\public_benchmark_v1_ext33_m2_61_segment_graph_sg_d1_l050_c20_i095_r32_f26_min12\qd_001\prediction.dst,datasets\public_benchmark_v1_ext33\quickdraw_10\qd_001_mask.png,warning,0.15947069,17,3,0.0,0,170.9591,0.0,7588,11839,10029,6769,3260,9837,192,0.892066,0.674943,0.830898,0.980856,0.019144,2,2,90.0,0.25359765
qd_001,QuickDraw,cat,public_benchmark_v1_ext33_m2_61_segment_graph_sg_euler_d0_l000_c20_i095_r32_f26_min12,results\public_benchmark_v1_ext33_m2_61_segment_graph_sg_euler_d0_l000_c20_i095_r32_f26_min12\qd_001\prediction.dst,datasets\public_benchmark_v1_ext33\quickdraw_10\qd_001_mask.png,warning,0.16184442,18,2,0.0,0,182.638,0.0,7588,11839,10029,6769,3260,9837,192,0.892066,0.674943,0.830898,0.980856,0.019144,2,2,90.0,0.25797138
qd_001,QuickDraw,cat,public_benchmark_v1_ext33_m2_61_segment_graph_sg_euler_d0_l020_c24_i090_r36_f30_min12,results\public_benchmark_v1_ext33_m2_61_segment_graph_sg_euler_d0_l020_c24_i090_r36_f30_min12\qd_001\prediction.dst,datasets\public_benchmark_v1_ext33\quickdraw_10\qd_001_mask.png,warning,0.15137906,16,3,0.0,0,168.0956,0.0,7588,11839,10029,6769,3260,9837,192,0.892066,0.674943,0.830898,0.980856,0.019144,2,2,90.0,0.24150602
qd_001,QuickDraw,cat,public_benchmark_v1_ext33_m2_61_segment_graph_sg_euler_d0_l035_c20_i095_r32_f26_min12,results\public_benchmark_v1_ext33_m2_61_segment_graph_sg_euler_d0_l035_c20_i095_r32_f26_min12\qd_001\prediction.dst,datasets\public_benchmark_v1_ext33\quickdraw_10\qd_001_mask.png,warning,0.15947069,17,3,0.0,0,170.9591,0.0,7588,11839,10029,6769,3260,9837,192,0.892066,0.674943,0.830898,0.980856,0.019144,2,2,90.0,0.25359765
qd_001,QuickDraw,cat,public_benchmark_v1_ext33_m2_62_precision_rescue_selector,results\public_benchmark_v1_ext33_m2_62_precision_rescue_selector\qd_001\prediction.dst,datasets\public_benchmark_v1_ext33\quickdraw_10\qd_001_mask.png,pass,0.09782929,11,1,0.0,0,119.6652,0.0,7588,11839,10613,7193,3420,9780,833,0.947944,0.677754,0.826083,0.921511,0.078489,2,2,90.0,0.16006381
qd_001,QuickDraw,cat,public_benchmark_v1_ext33_m2_64_text_precision_rescue_selector,results\public_benchmark_v1_ext33_m2_64_text_precision_rescue_selector\qd_001\prediction.dst,datasets\public_benchmark_v1_ext33\quickdraw_10\qd_001_mask.png,pass,0.09782929,11,1,0.0,0,119.6652,0.0,7588,11839,10613,7193,3420,9780,833,0.947944,0.677754,0.826083,0.921511,0.078489,2,2,90.0,0.16006381
qd_001,QuickDraw,cat,public_benchmark_v1_ext33_m2_65_text_legibility_rescue_selector,results\public_benchmark_v1_ext33_m2_65_text_legibility_rescue_selector\qd_001\prediction.dst,datasets\public_benchmark_v1_ext33\quickdraw_10\qd_001_mask.png,pass,0.09782929,11,1,0.0,0,119.6652,0.0,7588,11839,10613,7193,3420,9780,833,0.947944,0.677754,0.826083,0.921511,0.078489,2,2,90.0,0.16006381
qd_001,QuickDraw,cat,public_benchmark_v1_ext33_m2_66_profile_switcher,results\public_benchmark_v1_ext33_m2_66_profile_switcher\qd_001\prediction.dst,datasets\public_benchmark_v1_ext33\quickdraw_10\qd_001_mask.png,pass,0.09782929,11,1,0.0,0,119.6652,0.0,7588,11839,10613,7193,3420,9780,833,0.947944,0.677754,0.826083,0.921511,0.078489,2,2,90.0,0.16006381
qd_001,QuickDraw,cat,public_benchmark_v1_ext33_m2_67_line_art_profile,results\public_benchmark_v1_ext33_m2_67_line_art_profile\qd_001\prediction.dst,datasets\public_benchmark_v1_ext33\quickdraw_10\qd_001_mask.png,pass,0.09782929,11,1,0.0,0,119.6652,0.0,7588,11839,10613,7193,3420,9780,833,0.947944,0.677754,0.826083,0.921511,0.078489,2,2,90.0,0.16006381
qd_001,QuickDraw,cat,public_benchmark_v1_ext33_m2_68_shape_aware_profile,results\public_benchmark_v1_ext33_m2_68_shape_aware_profile\qd_001\prediction.dst,datasets\public_benchmark_v1_ext33\quickdraw_10\qd_001_mask.png,pass,0.09782929,11,1,0.0,0,119.6652,0.0,7588,11839,10613,7193,3420,9780,833,0.947944,0.677754,0.826083,0.921511,0.078489,2,2,90.0,0.16006381
qd_001,QuickDraw,cat,public_benchmark_v1_ext33_m2_69_text_wku_profile,results\public_benchmark_v1_ext33_m2_69_text_wku_profile\qd_001\prediction.dst,datasets\public_benchmark_v1_ext33\quickdraw_10\qd_001_mask.png,pass,0.09782929,11,1,0.0,0,119.6652,0.0,7588,11839,10613,7193,3420,9780,833,0.947944,0.677754,0.826083,0.921511,0.078489,2,2,90.0,0.16006381
qd_001,QuickDraw,cat,public_benchmark_v1_ext33_mask_fill_edgewalk_dtsatin_o3_i8_s14_p90,results\public_benchmark_v1_ext33_mask_fill_edgewalk_dtsatin_o3_i8_s14_p90\qd_001\prediction.dst,datasets\public_benchmark_v1_ext33\quickdraw_10\qd_001_mask.png,hard_fail,0.4,325,57,0.0,0,3596.6694,0.0,7588,11839,17431,7587,9844,11653,5778,0.999868,0.435259,0.984289,0.668522,0.331478,2,2,90.0,1.85103648
qd_001,QuickDraw,cat,public_benchmark_v1_ext33_mask_fill_edgewalk_dtsatin_o3_i9_s7,results\public_benchmark_v1_ext33_mask_fill_edgewalk_dtsatin_o3_i9_s7\qd_001\prediction.dst,datasets\public_benchmark_v1_ext33\quickdraw_10\qd_001_mask.png,hard_fail,0.4,325,57,0.0,0,3596.6694,0.0,7588,11839,17431,7587,9844,11653,5778,0.999868,0.435259,0.984289,0.668522,0.331478,2,2,90.0,1.85103648
qd_001,QuickDraw,cat,public_benchmark_v1_ext33_mask_fill_edgewalk_nearest_rows16_p40,results\public_benchmark_v1_ext33_mask_fill_edgewalk_nearest_rows16_p40\qd_001\prediction.dst,datasets\public_benchmark_v1_ext33\quickdraw_10\qd_001_mask.png,hard_fail,0.4,327,57,0.0,0,3619.6361,0.0,7588,11839,17142,7587,9555,11655,5487,0.999868,0.442597,0.984458,0.679909,0.320091,2,2,90.0,1.85721456
qd_001,QuickDraw,cat,public_benchmark_v1_ext33_mask_fill_edgewalk_nearestrow_adapt_t2_m5_rows16_p40,results\public_benchmark_v1_ext33_mask_fill_edgewalk_nearestrow_adapt_t2_m5_rows16_p40\qd_001\prediction.dst,datasets\public_benchmark_v1_ext33\quickdraw_10\qd_001_mask.png,pass,0.09782929,11,1,0.0,0,119.6652,0.0,7588,11839,10730,7225,3505,9859,871,0.952161,0.673346,0.832756,0.918826,0.081174,2,2,90.0,0.15892569
qd_001,QuickDraw,cat,public_benchmark_v1_ext33_mask_fill_edgewalk_nearestrow_adapt_t3_m6_rows16_p40,results\public_benchmark_v1_ext33_mask_fill_edgewalk_nearestrow_adapt_t3_m6_rows16_p40\qd_001\prediction.dst,datasets\public_benchmark_v1_ext33\quickdraw_10\qd_001_mask.png,pass,0.09780368,11,1,0.0,0,118.865,0.0,7588,11839,11353,7379,3974,10212,1141,0.972457,0.64996,0.862573,0.899498,0.100502,2,2,90.0,0.15377868
qd_001,QuickDraw,cat,public_benchmark_v1_ext33_mask_fill_edgewalk_nearestrow_adapt_t4_m8_rows16_p40,results\public_benchmark_v1_ext33_mask_fill_edgewalk_nearestrow_adapt_t4_m8_rows16_p40\qd_001\prediction.dst,datasets\public_benchmark_v1_ext33\quickdraw_10\qd_001_mask.png,pass,0.09780368,11,1,0.0,0,118.865,0.0,7588,11839,11353,7379,3974,10212,1141,0.972457,0.64996,0.862573,0.899498,0.100502,2,2,90.0,0.15377868
qd_001,QuickDraw,cat,public_benchmark_v1_ext33_mask_fill_edgewalk_nearestrow_evalfill_rows16_p40,results\public_benchmark_v1_ext33_mask_fill_edgewalk_nearestrow_evalfill_rows16_p40\qd_001\prediction.dst,datasets\public_benchmark_v1_ext33\quickdraw_10\qd_001_mask.png,pass,0.19188323,12,1,3.8144,0,126.851,0.0,7588,11839,28351,7588,20763,11839,16512,1.0,0.267645,1.0,0.417587,0.582413,2,2,90.0,0.35721331
qd_001,QuickDraw,cat,public_benchmark_v1_ext33_mask_fill_edgewalk_nearestrow_inset1_rows16_p40,results\public_benchmark_v1_ext33_mask_fill_edgewalk_nearestrow_inset1_rows16_p40\qd_001\prediction.dst,datasets\public_benchmark_v1_ext33\quickdraw_10\qd_001_mask.png,pass,0.12922527,14,2,0.0,0,163.2898,0.0,7588,11839,12326,7551,4775,11195,1131,0.995124,0.612607,0.945604,0.908243,0.091757,2,2,90.0,0.18922527
qd_001,QuickDraw,cat,public_benchmark_v1_ext33_mask_fill_edgewalk_nearestrow_inset2_rows16_p40,results\public_benchmark_v1_ext33_mask_fill_edgewalk_nearestrow_inset2_rows16_p40\qd_001\prediction.dst,datasets\public_benchmark_v1_ext33\quickdraw_10\qd_001_mask.png,pass,0.09782929,11,1,0.0,0,119.6652,0.0,7588,11839,10613,7193,3420,9780,833,0.947944,0.677754,0.826083,0.921511,0.078489,2,2,90.0,0.16006381
qd_001,QuickDraw,cat,public_benchmark_v1_ext33_mask_fill_edgewalk_nearestrow_qdirect_rows16_p40,results\public_benchmark_v1_ext33_mask_fill_edgewalk_nearestrow_qdirect_rows16_p40\qd_001\prediction.dst,datasets\public_benchmark_v1_ext33\quickdraw_10\qd_001_mask.png,excellent,0.09974865,10,1,0.4714,0,98.1922,0.0,7588,11839,14851,7585,7266,11575,3276,0.999605,0.51074,0.977701,0.779409,0.220591,2,2,90.0,0.16575721
qd_001,QuickDraw,cat,public_benchmark_v1_ext33_mask_fill_edgewalk_nearestrow_qpath090_rows16_p40,results\public_benchmark_v1_ext33_mask_fill_edgewalk_nearestrow_qpath090_rows16_p40\qd_001\prediction.dst,datasets\public_benchmark_v1_ext33\quickdraw_10\qd_001_mask.png,excellent,0.09974865,10,1,0.4714,0,98.1922,0.0,7588,11839,14851,7585,7266,11575,3276,0.999605,0.51074,0.977701,0.779409,0.220591,2,2,90.0,0.16575721
qd_001,QuickDraw,cat,public_benchmark_v1_ext33_mask_fill_edgewalk_nearestrow_qpath095_rows16_p40,results\public_benchmark_v1_ext33_mask_fill_edgewalk_nearestrow_qpath095_rows16_p40\qd_001\prediction.dst,datasets\public_benchmark_v1_ext33\quickdraw_10\qd_001_mask.png,excellent,0.09974865,10,1,0.4714,0,98.1922,0.0,7588,11839,14851,7585,7266,11575,3276,0.999605,0.51074,0.977701,0.779409,0.220591,2,2,90.0,0.16575721
qd_001,QuickDraw,cat,public_benchmark_v1_ext33_mask_fill_edgewalk_nearestrow_quantvalid_rows16_p40,results\public_benchmark_v1_ext33_mask_fill_edgewalk_nearestrow_quantvalid_rows16_p40\qd_001\prediction.dst,datasets\public_benchmark_v1_ext33\quickdraw_10\qd_001_mask.png,excellent,0.09974865,10,1,0.4714,0,98.1922,0.0,7588,11839,14851,7585,7266,11575,3276,0.999605,0.51074,0.977701,0.779409,0.220591,2,2,90.0,0.16575721
qd_001,QuickDraw,cat,public_benchmark_v1_ext33_mask_fill_edgewalk_nearestrow_rows16_p40,results\public_benchmark_v1_ext33_mask_fill_edgewalk_nearestrow_rows16_p40\qd_001\prediction.dst,datasets\public_benchmark_v1_ext33\quickdraw_10\qd_001_mask.png,excellent,0.09974865,10,1,0.4714,0,98.1922,0.0,7588,11839,14851,7585,7266,11575,3276,0.999605,0.51074,0.977701,0.779409,0.220591,2,2,90.0,0.16575721
qd_001,QuickDraw,cat,public_benchmark_v1_ext33_mask_fill_edgewalk_nearestrow_safeadt_rows16_p40,results\public_benchmark_v1_ext33_mask_fill_edgewalk_nearestrow_safeadt_rows16_p40\qd_001\prediction.dst,datasets\public_benchmark_v1_ext33\quickdraw_10\qd_001_mask.png,warning,0.18332493,18,3,0.6915,0,180.1931,0.0,7588,11839,24606,7588,17018,11839,12767,1.0,0.30838,1.0,0.481143,0.518857,2,2,90.0,0.33525705
qd_001,QuickDraw,cat,public_benchmark_v1_ext33_mask_fill_edgewalk_nearestrow_safeadt_t2m5_r035_a32_rows16_p40,results\public_benchmark_v1_ext33_mask_fill_edgewalk_nearestrow_safeadt_t2m5_r035_a32_rows16_p40\qd_001\prediction.dst,datasets\public_benchmark_v1_ext33\quickdraw_10\qd_001_mask.png,warning,0.18332493,18,3,0.6915,0,180.1931,0.0,7588,11839,24606,7588,17018,11839,12767,1.0,0.30838,1.0,0.481143,0.518857,2,2,90.0,0.33525705
qd_001,QuickDraw,cat,public_benchmark_v1_ext33_mask_fill_edgewalk_nearestrow_safeadt_t2m5_r055_a64_rows16_p40,results\public_benchmark_v1_ext33_mask_fill_edgewalk_nearestrow_safeadt_t2m5_r055_a64_rows16_p40\qd_001\prediction.dst,datasets\public_benchmark_v1_ext33\quickdraw_10\qd_001_mask.png,warning,0.18332493,18,3,0.6915,0,180.1931,0.0,7588,11839,24606,7588,17018,11839,12767,1.0,0.30838,1.0,0.481143,0.518857,2,2,90.0,0.33525705
qd_001,QuickDraw,cat,public_benchmark_v1_ext33_mask_fill_edgewalk_nearestrow_segvalid_rows16_p40,results\public_benchmark_v1_ext33_mask_fill_edgewalk_nearestrow_segvalid_rows16_p40\qd_001\prediction.dst,datasets\public_benchmark_v1_ext33\quickdraw_10\qd_001_mask.png,excellent,0.09974865,10,1,0.4714,0,98.1922,0.0,7588,11839,14851,7585,7266,11575,3276,0.999605,0.51074,0.977701,0.779409,0.220591,2,2,90.0,0.16575721
qd_001,QuickDraw,cat,public_benchmark_v1_ext33_mask_fill_edgewalk_nearestrow_strict_p20_rows16,results\public_benchmark_v1_ext33_mask_fill_edgewalk_nearestrow_strict_p20_rows16\qd_001\prediction.dst,datasets\public_benchmark_v1_ext33\quickdraw_10\qd_001_mask.png,pass,0.13683701,15,2,0.0,0,151.1567,0.0,7588,11839,14051,7585,6466,11543,2508,0.999605,0.539819,0.974998,0.821507,0.178493,2,2,90.0,0.21339589
qd_001,QuickDraw,cat,public_benchmark_v1_ext33_mask_fill_edgewalk_nearestrow_strict_p40_rows16,results\public_benchmark_v1_ext33_mask_fill_edgewalk_nearestrow_strict_p40_rows16\qd_001\prediction.dst,datasets\public_benchmark_v1_ext33\quickdraw_10\qd_001_mask.png,excellent,0.09974865,10,1,0.4714,0,98.1922,0.0,7588,11839,14851,7585,7266,11575,3276,0.999605,0.51074,0.977701,0.779409,0.220591,2,2,90.0,0.16575721
qd_001,QuickDraw,cat,public_benchmark_v1_ext33_mask_fill_edgewalk_outline_ext_in2_rows16_p40,results\public_benchmark_v1_ext33_mask_fill_edgewalk_outline_ext_in2_rows16_p40\qd_001\prediction.dst,datasets\public_benchmark_v1_ext33\quickdraw_10\qd_001_mask.png,hard_fail,0.4,331,58,0.0,0,3678.5628,0.0,7588,11839,17961,7588,10373,11803,6158,1.0,0.422471,0.996959,0.657146,0.342854,2,2,90.0,1.87885664
qd_001,QuickDraw,cat,public_benchmark_v1_ext33_mask_fill_edgewalk_outline_ext_in3_rows16_p40,results\public_benchmark_v1_ext33_mask_fill_edgewalk_outline_ext_in3_rows16_p40\qd_001\prediction.dst,datasets\public_benchmark_v1_ext33\quickdraw_10\qd_001_mask.png,hard_fail,0.4,339,59,0.0,0,3764.272,0.0,7588,11839,17411,7587,9824,11682,5729,0.999868,0.435759,0.986739,0.670955,0.329045,2,2,90.0,1.9106472
qd_001,QuickDraw,cat,public_benchmark_v1_ext33_mask_fill_edgewalk_outline_ext_rows16_p40,results\public_benchmark_v1_ext33_mask_fill_edgewalk_outline_ext_rows16_p40\qd_001\prediction.dst,datasets\public_benchmark_v1_ext33\quickdraw_10\qd_001_mask.png,hard_fail,0.4,331,58,0.0,0,3676.966,0.0,7588,11839,19244,7588,11656,11837,7407,1.0,0.394305,0.999831,0.615101,0.384899,2,2,90.0,1.88558384
qd_001,QuickDraw,cat,public_benchmark_v1_ext33_mask_fill_edgewalk_outline_rows16_p40,results\public_benchmark_v1_ext33_mask_fill_edgewalk_outline_rows16_p40\qd_001\prediction.dst,datasets\public_benchmark_v1_ext33\quickdraw_10\qd_001_mask.png,hard_fail,0.4,331,58,0.0,0,3676.966,0.0,7588,11839,19239,7588,11651,11837,7402,1.0,0.394407,0.999831,0.615261,0.384739,2,2,90.0,1.88555824
qd_001,QuickDraw,cat,public_benchmark_v1_ext33_mask_fill_edgewalk_rows16_p24,results\public_benchmark_v1_ext33_mask_fill_edgewalk_rows16_p24\qd_001\prediction.dst,datasets\public_benchmark_v1_ext33\quickdraw_10\qd_001_mask.png,hard_fail,0.4,364,65,0.0,0,3989.7129,0.0,7588,11839,15367,7585,7782,11568,3799,0.999605,0.49359,0.97711,0.752782,0.247218,2,2,90.0,2.00955488
qd_001,QuickDraw,cat,public_benchmark_v1_ext33_mask_fill_edgewalk_rows16_p40,results\public_benchmark_v1_ext33_mask_fill_edgewalk_rows16_p40\qd_001\prediction.dst,datasets\public_benchmark_v1_ext33\quickdraw_10\qd_001_mask.png,hard_fail,0.4,325,57,0.0,0,3596.6694,0.0,7588,11839,17431,7587,9844,11653,5778,0.999868,0.435259,0.984289,0.668522,0.331478,2,2,90.0,1.85103648
qd_001,QuickDraw,cat,public_benchmark_v1_ext33_mask_fill_edgewalk_rows20_p24,results\public_benchmark_v1_ext33_mask_fill_edgewalk_rows20_p24\qd_001\prediction.dst,datasets\public_benchmark_v1_ext33\quickdraw_10\qd_001_mask.png,hard_fail,0.424003,285,52,1.0668,0,3093.8061,0.0,7588,11839,15046,7549,7497,11371,3675,0.99486,0.501728,0.96047,0.755749,0.244251,2,2,90.0,1.70175116
qd_001,QuickDraw,cat,public_benchmark_v1_ext33_mask_fill_edgewalk_satin_w4_s6_i3,results\public_benchmark_v1_ext33_mask_fill_edgewalk_satin_w4_s6_i3\qd_001\prediction.dst,datasets\public_benchmark_v1_ext33\quickdraw_10\qd_001_mask.png,hard_fail,0.4,339,59,0.0,0,3763.6497,0.0,7588,11839,17415,7587,9828,11674,5741,0.999868,0.435659,0.986063,0.670342,0.329658,2,2,90.0,1.91074528
qd_001,QuickDraw,cat,public_benchmark_v1_ext33_mask_fill_edgewalk_satin_w6_s5_i3,results\public_benchmark_v1_ext33_mask_fill_edgewalk_satin_w6_s5_i3\qd_001\prediction.dst,datasets\public_benchmark_v1_ext33\quickdraw_10\qd_001_mask.png,hard_fail,0.4,338,59,0.0,0,3760.2758,0.0,7588,11839,17439,7587,9852,11676,5763,0.999868,0.435059,0.986232,0.669534,0.330466,2,2,90.0,1.90687456
qd_001,QuickDraw,cat,public_benchmark_v1_ext33_mask_fill_edgewalk_satin_w8_s7_i4,results\public_benchmark_v1_ext33_mask_fill_edgewalk_satin_w8_s7_i4\qd_001\prediction.dst,datasets\public_benchmark_v1_ext33\quickdraw_10\qd_001_mask.png,hard_fail,0.4,339,59,0.0,0,3764.4305,0.0,7588,11839,17424,7587,9837,11654,5770,0.999868,0.435434,0.984374,0.668848,0.331152,2,2,90.0,1.91098432
qd_001,QuickDraw,cat,public_benchmark_v1_ext33_mask_fill_edgewalk_satinrail_w10_s8_i5,results\public_benchmark_v1_ext33_mask_fill_edgewalk_satinrail_w10_s8_i5\qd_001\prediction.dst,datasets\public_benchmark_v1_ext33\quickdraw_10\qd_001_mask.png,hard_fail,0.4,325,57,0.0,0,3596.6694,0.0,7588,11839,17418,7587,9831,11654,5764,0.999868,0.435584,0.984374,0.669078,0.330922,2,2,90.0,1.85094752
qd_001,QuickDraw,cat,public_benchmark_v1_ext33_mask_fill_edgewalk_satinrail_w6_s6_i3,results\public_benchmark_v1_ext33_mask_fill_edgewalk_satinrail_w6_s6_i3\qd_001\prediction.dst,datasets\public_benchmark_v1_ext33\quickdraw_10\qd_001_mask.png,hard_fail,0.4,339,59,0.0,0,3761.2263,0.0,7588,11839,17420,7587,9833,11669,5751,0.999868,0.435534,0.985641,0.669862,0.330138,2,2,90.0,1.91082208
qd_001,QuickDraw,cat,public_benchmark_v1_ext33_mask_fill_edgewalk_satinrail_w8_s7_i4,results\public_benchmark_v1_ext33_mask_fill_edgewalk_satinrail_w8_s7_i4\qd_001\prediction.dst,datasets\public_benchmark_v1_ext33\quickdraw_10\qd_001_mask.png,hard_fail,0.4,339,59,0.0,0,3759.2664,0.0,7588,11839,17428,7587,9841,11654,5774,0.999868,0.435334,0.984374,0.668694,0.331306,2,2,90.0,1.91100896
qd_001,QuickDraw,cat,public_benchmark_v1_ext33_mask_fill_edgewalk_styleaware_r008_d45,results\public_benchmark_v1_ext33_mask_fill_edgewalk_styleaware_r008_d45\qd_001\prediction.dst,datasets\public_benchmark_v1_ext33\quickdraw_10\qd_001_mask.png,hard_fail,0.24889888,37,6,0.0,0,403.09,0.0,7588,11839,11687,7331,4356,10624,1063,0.966131,0.627278,0.897373,0.909044,0.090956,2,2,90.0,0.41512364
qd_001,QuickDraw,cat,public_benchmark_v1_ext33_mask_fill_nearestrow_strict_short_rows16,results\public_benchmark_v1_ext33_mask_fill_nearestrow_strict_short_rows16\qd_001\prediction.dst,datasets\public_benchmark_v1_ext33\quickdraw_10\qd_001_mask.png,warning,0.21080019,24,2,0.0,0,212.5059,0.0,7588,11839,13576,7585,5991,11501,2075,0.999605,0.558707,0.97145,0.847157,0.152843,2,2,90.0,0.31925507
qd_001,QuickDraw,cat,public_benchmark_v1_ext33_mask_fill_rows12_c10,results\public_benchmark_v1_ext33_mask_fill_rows12_c10\qd_001\prediction.dst,datasets\public_benchmark_v1_ext33\quickdraw_10\qd_001_mask.png,hard_fail,0.4,606,97,0.0,0,6514.4957,0.0,7588,11839,14894,7588,7306,11835,3059,1.0,0.509467,0.999662,0.794615,0.205385,2,2,90.0,3.0348616
qd_001,QuickDraw,cat,public_benchmark_v1_ext33_mask_fill_rows12_c6,results\public_benchmark_v1_ext33_mask_fill_rows12_c6\qd_001\prediction.dst,datasets\public_benchmark_v1_ext33\quickdraw_10\qd_001_mask.png,hard_fail,0.4,621,97,0.0,0,6635.777,0.0,7588,11839,14568,7588,6980,11835,2733,1.0,0.520868,0.999662,0.812397,0.187603,2,2,90.0,3.09201648
qd_001,QuickDraw,cat,public_benchmark_v1_ext33_mask_fill_rows16_c12_in025,results\public_benchmark_v1_ext33_mask_fill_rows16_c12_in025\qd_001\prediction.dst,datasets\public_benchmark_v1_ext33\quickdraw_10\qd_001_mask.png,hard_fail,0.466375,392,65,2.95,0,4235.763,0.0,7588,11839,14105,7585,6520,11535,2570,0.999605,0.537753,0.974322,0.817795,0.182205,2,2,90.0,2.2070278
qd_001,QuickDraw,cat,public_benchmark_v1_ext33_mask_fill_rows16_c12_in050,results\public_benchmark_v1_ext33_mask_fill_rows16_c12_in050\qd_001\prediction.dst,datasets\public_benchmark_v1_ext33\quickdraw_10\qd_001_mask.png,hard_fail,0.466375,392,65,2.95,0,4235.763,0.0,7588,11839,14105,7585,6520,11535,2570,0.999605,0.537753,0.974322,0.817795,0.182205,2,2,90.0,2.2070278
qd_001,QuickDraw,cat,public_benchmark_v1_ext33_mask_fill_rows16_c6,results\public_benchmark_v1_ext33_mask_fill_rows16_c6\qd_001\prediction.dst,datasets\public_benchmark_v1_ext33\quickdraw_10\qd_001_mask.png,hard_fail,0.4,409,65,0.0,0,4392.5575,0.0,7588,11839,13316,7585,5731,11494,1822,0.999605,0.569616,0.970859,0.863172,0.136828,2,2,90.0,2.17189248
qd_001,QuickDraw,cat,public_benchmark_v1_ext33_mask_fill_rows20_c12_in050,results\public_benchmark_v1_ext33_mask_fill_rows20_c12_in050\qd_001\prediction.dst,datasets\public_benchmark_v1_ext33\quickdraw_10\qd_001_mask.png,hard_fail,0.414625,309,52,0.65,0,3297.3487,0.0,7588,11839,13557,7542,6015,11282,2275,0.993938,0.556318,0.952952,0.83219,0.16781,2,2,90.0,1.7719746
qd_002,QuickDraw,dog,public_benchmark_v1_core20_auto_hybrid_skeleton_connect12_trimcap20,results\public_benchmark_v1_core20_auto_hybrid_skeleton_connect12_trimcap20\qd_002\prediction.dst,datasets\public_benchmark_v1_ext33\quickdraw_10\qd_002_mask.png,warning,0.16160438,18,2,0.0,0,175.1369,0.0,8242,12300,10893,7949,2944,10576,317,0.96445,0.729735,0.859837,0.970899,0.029101,2,2,90.0,0.24846794
qd_002,QuickDraw,dog,public_benchmark_v1_core20_source_aware_hybrid_skeleton,results\public_benchmark_v1_core20_source_aware_hybrid_skeleton\qd_002\prediction.dst,datasets\public_benchmark_v1_ext33\quickdraw_10\qd_002_mask.png,hard_fail,0.31389547,87,14,0.0,0,934.2335,0.0,8242,12300,10485,7891,2594,10381,104,0.957413,0.752599,0.843984,0.990081,0.009919,2,2,90.0,0.70322435
qd_002,QuickDraw,dog,public_benchmark_v1_core20_source_aware_hybrid_skeleton_connect12,results\public_benchmark_v1_core20_source_aware_hybrid_skeleton_connect12\qd_002\prediction.dst,datasets\public_benchmark_v1_ext33\quickdraw_10\qd_002_mask.png,warning,0.16160438,18,2,0.0,0,175.1369,0.0,8242,12300,10893,7949,2944,10576,317,0.96445,0.729735,0.859837,0.970899,0.029101,2,2,90.0,0.24846794
qd_002,QuickDraw,dog,public_benchmark_v1_core20_source_aware_hybrid_skeleton_connect12_trimcap20,results\public_benchmark_v1_core20_source_aware_hybrid_skeleton_connect12_trimcap20\qd_002\prediction.dst,datasets\public_benchmark_v1_ext33\quickdraw_10\qd_002_mask.png,warning,0.16160438,18,2,0.0,0,175.1369,0.0,8242,12300,10893,7949,2944,10576,317,0.96445,0.729735,0.859837,0.970899,0.029101,2,2,90.0,0.24846794
qd_002,QuickDraw,dog,public_benchmark_v1_ext33_all_skeleton_connect20_trimcap20,results\public_benchmark_v1_ext33_all_skeleton_connect20_trimcap20\qd_002\prediction.dst,datasets\public_benchmark_v1_ext33\quickdraw_10\qd_002_mask.png,pass,0.12013034,13,2,0.0,0,129.073,0.0,8242,12300,11075,7981,3094,10646,429,0.968333,0.720632,0.865528,0.961264,0.038736,2,2,90.0,0.18600034
qd_002,QuickDraw,dog,public_benchmark_v1_ext33_all_skeleton_connect30_min12_trimcap20,results\public_benchmark_v1_ext33_all_skeleton_connect30_min12_trimcap20\qd_002\prediction.dst,datasets\public_benchmark_v1_ext33\quickdraw_10\qd_002_mask.png,excellent,0.08928397,10,1,0.0,0,102.624,0.0,8242,12300,11228,7884,3344,10608,620,0.956564,0.702173,0.862439,0.944781,0.055219,2,2,90.0,0.14246617
qd_002,QuickDraw,dog,public_benchmark_v1_ext33_all_skeleton_connect30_min20_trimcap20,results\public_benchmark_v1_ext33_all_skeleton_connect30_min20_trimcap20\qd_002\prediction.dst,datasets\public_benchmark_v1_ext33\quickdraw_10\qd_002_mask.png,excellent,0.08928397,10,1,0.0,0,102.624,0.0,8242,12300,11233,7748,3485,10459,774,0.940063,0.689753,0.850325,0.931096,0.068904,2,2,90.0,0.14523993
qd_002,QuickDraw,dog,public_benchmark_v1_ext33_all_skeleton_connect30_min8_trimcap20,results\public_benchmark_v1_ext33_all_skeleton_connect30_min8_trimcap20\qd_002\prediction.dst,datasets\public_benchmark_v1_ext33\quickdraw_10\qd_002_mask.png,excellent,0.08928397,10,1,0.0,0,102.624,0.0,8242,12300,11260,7916,3344,10646,614,0.960446,0.70302,0.865528,0.945471,0.054529,2,2,90.0,0.14178493
qd_002,QuickDraw,dog,public_benchmark_v1_ext33_all_skeleton_connect30_trimcap20,results\public_benchmark_v1_ext33_all_skeleton_connect30_trimcap20\qd_002\prediction.dst,datasets\public_benchmark_v1_ext33\quickdraw_10\qd_002_mask.png,excellent,0.08928397,10,1,0.0,0,102.624,0.0,8242,12300,11201,7981,3220,10713,488,0.968333,0.712526,0.870976,0.956432,0.043568,2,2,90.0,0.14050021
qd_002,QuickDraw,dog,public_benchmark_v1_ext33_auto_hybrid_evalrepair_r10_c20_trimcap20,results\public_benchmark_v1_ext33_auto_hybrid_evalrepair_r10_c20_trimcap20\qd_002\prediction.dst,datasets\public_benchmark_v1_ext33\quickdraw_10\qd_002_mask.png,pass,0.12013034,13,2,0.0,0,129.073,0.0,8242,12300,11075,7981,3094,10646,429,0.968333,0.720632,0.865528,0.961264,0.038736,2,2,90.0,0.18600034
qd_002,QuickDraw,dog,public_benchmark_v1_ext33_auto_hybrid_evalrepair_r10_inside085_c20_trimcap20,results\public_benchmark_v1_ext33_auto_hybrid_evalrepair_r10_inside085_c20_trimcap20\qd_002\prediction.dst,datasets\public_benchmark_v1_ext33\quickdraw_10\qd_002_mask.png,pass,0.12013034,13,2,0.0,0,129.073,0.0,8242,12300,11075,7981,3094,10646,429,0.968333,0.720632,0.865528,0.961264,0.038736,2,2,90.0,0.18600034
qd_002,QuickDraw,dog,public_benchmark_v1_ext33_auto_hybrid_evalrepair_r10_inside090_c20_trimcap20,results\public_benchmark_v1_ext33_auto_hybrid_evalrepair_r10_inside090_c20_trimcap20\qd_002\prediction.dst,datasets\public_benchmark_v1_ext33\quickdraw_10\qd_002_mask.png,pass,0.12013034,13,2,0.0,0,129.073,0.0,8242,12300,11075,7981,3094,10646,429,0.968333,0.720632,0.865528,0.961264,0.038736,2,2,90.0,0.18600034
qd_002,QuickDraw,dog,public_benchmark_v1_ext33_auto_hybrid_evalrepair_r15_c20_trimcap20,results\public_benchmark_v1_ext33_auto_hybrid_evalrepair_r15_c20_trimcap20\qd_002\prediction.dst,datasets\public_benchmark_v1_ext33\quickdraw_10\qd_002_mask.png,pass,0.12013034,13,2,0.0,0,129.073,0.0,8242,12300,11075,7981,3094,10646,429,0.968333,0.720632,0.865528,0.961264,0.038736,2,2,90.0,0.18600034
qd_002,QuickDraw,dog,public_benchmark_v1_ext33_auto_hybrid_evalrepair_r15_inside090_c20_trimcap20,results\public_benchmark_v1_ext33_auto_hybrid_evalrepair_r15_inside090_c20_trimcap20\qd_002\prediction.dst,datasets\public_benchmark_v1_ext33\quickdraw_10\qd_002_mask.png,pass,0.12013034,13,2,0.0,0,129.073,0.0,8242,12300,11075,7981,3094,10646,429,0.968333,0.720632,0.865528,0.961264,0.038736,2,2,90.0,0.18600034
qd_002,QuickDraw,dog,public_benchmark_v1_ext33_auto_hybrid_r10_c16_trimcap20,results\public_benchmark_v1_ext33_auto_hybrid_r10_c16_trimcap20\qd_002\prediction.dst,datasets\public_benchmark_v1_ext33\quickdraw_10\qd_002_mask.png,pass,0.13673415,15,2,0.0,0,147.9423,0.0,8242,12300,10993,7981,3012,10617,376,0.968333,0.726007,0.863171,0.965796,0.034204,2,2,90.0,0.21088699
qd_002,QuickDraw,dog,public_benchmark_v1_ext33_auto_hybrid_r10_c20_trimcap20,results\public_benchmark_v1_ext33_auto_hybrid_r10_c20_trimcap20\qd_002\prediction.dst,datasets\public_benchmark_v1_ext33\quickdraw_10\qd_002_mask.png,pass,0.12013034,13,2,0.0,0,129.073,0.0,8242,12300,11075,7981,3094,10646,429,0.968333,0.720632,0.865528,0.961264,0.038736,2,2,90.0,0.18600034
qd_002,QuickDraw,dog,public_benchmark_v1_ext33_auto_hybrid_r125_c16_trimcap20,results\public_benchmark_v1_ext33_auto_hybrid_r125_c16_trimcap20\qd_002\prediction.dst,datasets\public_benchmark_v1_ext33\quickdraw_10\qd_002_mask.png,pass,0.13673415,15,2,0.0,0,147.9423,0.0,8242,12300,10993,7981,3012,10617,376,0.968333,0.726007,0.863171,0.965796,0.034204,2,2,90.0,0.21088699
qd_002,QuickDraw,dog,public_benchmark_v1_ext33_auto_hybrid_r125_c20_trimcap20,results\public_benchmark_v1_ext33_auto_hybrid_r125_c20_trimcap20\qd_002\prediction.dst,datasets\public_benchmark_v1_ext33\quickdraw_10\qd_002_mask.png,pass,0.12013034,13,2,0.0,0,129.073,0.0,8242,12300,11075,7981,3094,10646,429,0.968333,0.720632,0.865528,0.961264,0.038736,2,2,90.0,0.18600034
qd_002,QuickDraw,dog,public_benchmark_v1_ext33_auto_hybrid_skeleton_connect12_trimcap20,results\public_benchmark_v1_ext33_auto_hybrid_skeleton_connect12_trimcap20\qd_002\prediction.dst,datasets\public_benchmark_v1_ext33\quickdraw_10\qd_002_mask.png,warning,0.16160438,18,2,0.0,0,175.1369,0.0,8242,12300,10893,7949,2944,10576,317,0.96445,0.729735,0.859837,0.970899,0.029101,2,2,90.0,0.24846794
qd_002,QuickDraw,dog,public_benchmark_v1_ext33_b0_m2_1_globalrepair20,results\public_benchmark_v1_ext33_b0_m2_1_globalrepair20\qd_002\prediction.dst,datasets\public_benchmark_v1_ext33\quickdraw_10\qd_002_mask.png,hard_fail,0.52525521,33,3,7284.4015,1688,226.7254,6376.7955,8242,12300,29837,8124,21713,11612,18225,0.985683,0.272279,0.944065,0.389181,0.610819,2,2,90.0,208.62900125
qd_002,QuickDraw,dog,public_benchmark_v1_ext33_m2_4_coverage_rerank,results\public_benchmark_v1_ext33_m2_4_coverage_rerank\qd_002\prediction.dst,datasets\public_benchmark_v1_ext33\quickdraw_10\qd_002_mask.png,pass,0.12013034,13,2,0.0,0,129.073,0.0,8242,12300,11075,7981,3094,10646,429,0.968333,0.720632,0.865528,0.961264,0.038736,2,2,90.0,0.18600034
qd_002,QuickDraw,dog,public_benchmark_v1_ext33_m2_4_coverage_rerank_connect30,results\public_benchmark_v1_ext33_m2_4_coverage_rerank_connect30\qd_002\prediction.dst,datasets\public_benchmark_v1_ext33\quickdraw_10\qd_002_mask.png,excellent,0.08928397,10,1,0.0,0,102.624,0.0,8242,12300,11201,7981,3220,10713,488,0.968333,0.712526,0.870976,0.956432,0.043568,2,2,90.0,0.14050021
qd_002,QuickDraw,dog,public_benchmark_v1_ext33_m2_4_coverage_rerank_min12,results\public_benchmark_v1_ext33_m2_4_coverage_rerank_min12\qd_002\prediction.dst,datasets\public_benchmark_v1_ext33\quickdraw_10\qd_002_mask.png,excellent,0.08928397,10,1,0.0,0,102.624,0.0,8242,12300,11228,7884,3344,10608,620,0.956564,0.702173,0.862439,0.944781,0.055219,2,2,90.0,0.14246617
qd_002,QuickDraw,dog,public_benchmark_v1_ext33_m2_4_coverage_rerank_min20,results\public_benchmark_v1_ext33_m2_4_coverage_rerank_min20\qd_002\prediction.dst,datasets\public_benchmark_v1_ext33\quickdraw_10\qd_002_mask.png,excellent,0.08928397,10,1,0.0,0,102.624,0.0,8242,12300,11233,7748,3485,10459,774,0.940063,0.689753,0.850325,0.931096,0.068904,2,2,90.0,0.14523993
qd_002,QuickDraw,dog,public_benchmark_v1_ext33_m2_4_coverage_rerank_min8,results\public_benchmark_v1_ext33_m2_4_coverage_rerank_min8\qd_002\prediction.dst,datasets\public_benchmark_v1_ext33\quickdraw_10\qd_002_mask.png,excellent,0.08928397,10,1,0.0,0,102.624,0.0,8242,12300,11260,7916,3344,10646,614,0.960446,0.70302,0.865528,0.945471,0.054529,2,2,90.0,0.14178493
qd_002,QuickDraw,dog,public_benchmark_v1_ext33_m2_51_sweeptuned_gate_balanced_applied,results\public_benchmark_v1_ext33_m2_51_sweeptuned_gate_balanced_applied\qd_002\prediction.dst,datasets\public_benchmark_v1_ext33\quickdraw_10\qd_002_mask.png,excellent,0.03337243,4,0,0.0,0,42.8883,0.0,8242,12300,15533,8239,7294,12091,3442,0.999636,0.530419,0.983008,0.778407,0.221593,2,2,90.0,0.06882731
qd_002,QuickDraw,dog,public_benchmark_v1_ext33_m2_51_sweeptuned_gate_low_jump_applied,results\public_benchmark_v1_ext33_m2_51_sweeptuned_gate_low_jump_applied\qd_002\prediction.dst,datasets\public_benchmark_v1_ext33\quickdraw_10\qd_002_mask.png,excellent,0.03336654,4,0,0.0,0,42.7043,0.0,8242,12300,13693,8224,5469,11831,1862,0.997816,0.600599,0.96187,0.864018,0.135982,2,2,90.0,0.05512366
qd_002,QuickDraw,dog,public_benchmark_v1_ext33_m2_55_line_domain_guard_low_jump,results\public_benchmark_v1_ext33_m2_55_line_domain_guard_low_jump\qd_002\prediction.dst,datasets\public_benchmark_v1_ext33\quickdraw_10\qd_002_mask.png,excellent,0.03336654,4,0,0.0,0,42.7043,0.0,8242,12300,13693,8224,5469,11831,1862,0.997816,0.600599,0.96187,0.864018,0.135982,2,2,90.0,0.05512366
qd_002,QuickDraw,dog,public_benchmark_v1_ext33_m2_56_line_stroke_d0_c12_i090,results\public_benchmark_v1_ext33_m2_56_line_stroke_d0_c12_i090\qd_002\prediction.dst,datasets\public_benchmark_v1_ext33\quickdraw_10\qd_002_mask.png,warning,0.20291593,23,2,0.0,0,216.1227,0.0,8242,12300,10438,7811,2627,10325,113,0.947707,0.748323,0.839431,0.989174,0.010826,2,2,90.0,0.31356765
qd_002,QuickDraw,dog,public_benchmark_v1_ext33_m2_56_line_stroke_d0_c12_i090_min12,results\public_benchmark_v1_ext33_m2_56_line_stroke_d0_c12_i090_min12\qd_002\prediction.dst,datasets\public_benchmark_v1_ext33\quickdraw_10\qd_002_mask.png,warning,0.20292592,23,2,0.0,0,216.435,0.0,8242,12300,10345,7722,2623,10222,123,0.936909,0.746448,0.831057,0.98811,0.01189,2,2,90.0,0.31544636
qd_002,QuickDraw,dog,public_benchmark_v1_ext33_m2_56_line_stroke_d0_c12_i090_min20,results\public_benchmark_v1_ext33_m2_56_line_stroke_d0_c12_i090_min20\qd_002\prediction.dst,datasets\public_benchmark_v1_ext33\quickdraw_10\qd_002_mask.png,warning,0.21124677,24,2,0.0,0,226.4617,0.0,8242,12300,9957,7442,2515,9838,119,0.902936,0.747414,0.799837,0.988049,0.011951,2,2,90.0,0.33423145
qd_002,QuickDraw,dog,public_benchmark_v1_ext33_m2_56_line_stroke_d0_c12_i090_min30,results\public_benchmark_v1_ext33_m2_56_line_stroke_d0_c12_i090_min30\qd_002\prediction.dst,datasets\public_benchmark_v1_ext33\quickdraw_10\qd_002_mask.png,warning,0.20115217,22,3,0.0,0,223.5054,0.0,8242,12300,9630,7177,2453,9487,143,0.870784,0.745275,0.771301,0.985151,0.014849,2,2,90.0,0.32413333
qd_002,QuickDraw,dog,public_benchmark_v1_ext33_m2_56_line_stroke_d0_c8_i095,results\public_benchmark_v1_ext33_m2_56_line_stroke_d0_c8_i095\qd_002\prediction.dst,datasets\public_benchmark_v1_ext33\quickdraw_10\qd_002_mask.png,warning,0.20303535,23,2,0.0,0,219.8548,0.0,8242,12300,10581,7924,2657,10468,113,0.961417,0.74889,0.851057,0.98932,0.01068,2,2,90.0,0.31119515
qd_002,QuickDraw,dog,public_benchmark_v1_ext33_m2_56_line_stroke_d1_c10_i090,results\public_benchmark_v1_ext33_m2_56_line_stroke_d1_c10_i090\qd_002\prediction.dst,datasets\public_benchmark_v1_ext33\quickdraw_10\qd_002_mask.png,warning,0.20207443,21,2,0.6915,0,203.6151,0.0,8242,12300,10648,7944,2704,10516,132,0.963844,0.746056,0.854959,0.987603,0.012397,2,2,90.0,0.30848683
qd_002,QuickDraw,dog,public_benchmark_v1_ext33_m2_56_line_stroke_d1_c12_i090_min20,results\public_benchmark_v1_ext33_m2_56_line_stroke_d1_c12_i090_min20\qd_002\prediction.dst,datasets\public_benchmark_v1_ext33\quickdraw_10\qd_002_mask.png,warning,0.21940488,23,2,0.7302,0,217.9805,0.0,8242,12300,10062,7507,2555,9929,133,0.910823,0.746074,0.807236,0.986782,0.013218,2,2,90.0,0.34417272
qd_002,QuickDraw,dog,public_benchmark_v1_ext33_m2_56_line_stroke_d1_c6_i095,results\public_benchmark_v1_ext33_m2_56_line_stroke_d1_c6_i095\qd_002\prediction.dst,datasets\public_benchmark_v1_ext33\quickdraw_10\qd_002_mask.png,warning,0.21942227,25,2,0.0,0,231.9458,0.0,8242,12300,10395,7802,2593,10291,104,0.946615,0.750553,0.836667,0.989995,0.010005,2,2,90.0,0.33849303
qd_002,QuickDraw,dog,public_benchmark_v1_ext33_m2_56_line_stroke_d2_c12_i085_min20,results\public_benchmark_v1_ext33_m2_56_line_stroke_d2_c12_i085_min20\qd_002\prediction.dst,datasets\public_benchmark_v1_ext33\quickdraw_10\qd_002_mask.png,warning,0.21940488,23,2,0.7302,0,217.9805,0.0,8242,12300,10062,7507,2555,9929,133,0.910823,0.746074,0.807236,0.986782,0.013218,2,2,90.0,0.34417272
qd_002,QuickDraw,dog,public_benchmark_v1_ext33_m2_56_line_stroke_d3_c18,results\public_benchmark_v1_ext33_m2_56_line_stroke_d3_c18\qd_002\prediction.dst,datasets\public_benchmark_v1_ext33\quickdraw_10\qd_002_mask.png,hard_fail,0.43229952,16,2,17.8271,5,157.2224,13.6342,8242,12300,10910,7981,2929,10603,307,0.968333,0.731531,0.862033,0.971861,0.028139,2,2,90.0,1.08885992
qd_002,QuickDraw,dog,public_benchmark_v1_ext33_m2_56_line_stroke_selector_probe,results\public_benchmark_v1_ext33_m2_56_line_stroke_selector_probe\qd_002\prediction.dst,datasets\public_benchmark_v1_ext33\quickdraw_10\qd_002_mask.png,excellent,0.03336654,4,0,0.0,0,42.7043,0.0,8242,12300,13693,8224,5469,11831,1862,0.997816,0.600599,0.96187,0.864018,0.135982,2,2,90.0,0.05512366
qd_002,QuickDraw,dog,public_benchmark_v1_ext33_m2_57_topology_open_d0_c12_i090_min12,results\public_benchmark_v1_ext33_m2_57_topology_open_d0_c12_i090_min12\qd_002\prediction.dst,datasets\public_benchmark_v1_ext33\quickdraw_10\qd_002_mask.png,pass,0.13667042,15,2,0.0,0,145.9505,0.0,8242,12300,10334,7765,2569,10230,104,0.942126,0.751403,0.831707,0.989936,0.010064,2,2,90.0,0.2166955
qd_002,QuickDraw,dog,public_benchmark_v1_ext33_m2_57_topology_open_d0_c12_i090_min20,results\public_benchmark_v1_ext33_m2_57_topology_open_d0_c12_i090_min20\qd_002\prediction.dst,datasets\public_benchmark_v1_ext33\quickdraw_10\qd_002_mask.png,warning,0.14480652,16,2,0.0,0,150.2036,0.0,8242,12300,10050,7557,2493,9950,100,0.916889,0.75194,0.808943,0.99005,0.00995,2,2,90.0,0.23358224
qd_002,QuickDraw,dog,public_benchmark_v1_ext33_m2_57_topology_open_d0_c12_i090_min30,results\public_benchmark_v1_ext33_m2_57_topology_open_d0_c12_i090_min30\qd_002\prediction.dst,datasets\public_benchmark_v1_ext33\quickdraw_10\qd_002_mask.png,warning,0.15333092,17,2,0.0,0,166.5914,0.0,8242,12300,9480,7096,2384,9384,96,0.860956,0.748523,0.762927,0.989873,0.010127,2,2,90.0,0.2561032
qd_002,QuickDraw,dog,public_benchmark_v1_ext33_m2_57_topology_open_d0_c16_i085_min20,results\public_benchmark_v1_ext33_m2_57_topology_open_d0_c16_i085_min20\qd_002\prediction.dst,datasets\public_benchmark_v1_ext33\quickdraw_10\qd_002_mask.png,warning,0.14480652,16,2,0.0,0,150.2036,0.0,8242,12300,10050,7557,2493,9950,100,0.916889,0.75194,0.808943,0.99005,0.00995,2,2,90.0,0.23358224
qd_002,QuickDraw,dog,public_benchmark_v1_ext33_m2_57_topology_open_d0_c20_i080_min30,results\public_benchmark_v1_ext33_m2_57_topology_open_d0_c20_i080_min30\qd_002\prediction.dst,datasets\public_benchmark_v1_ext33\quickdraw_10\qd_002_mask.png,pass,0.13671332,15,2,0.0,0,147.2914,0.0,8242,12300,9721,7308,2413,9625,96,0.886678,0.751775,0.78252,0.990124,0.009876,2,2,90.0,0.22707668
qd_002,QuickDraw,dog,public_benchmark_v1_ext33_m2_57_topology_open_d0_c20_i080_min40,results\public_benchmark_v1_ext33_m2_57_topology_open_d0_c20_i080_min40\qd_002\prediction.dst,datasets\public_benchmark_v1_ext33\quickdraw_10\qd_002_mask.png,pass,0.13678916,15,2,0.0,0,149.6612,0.0,8242,12300,9309,6934,2375,9213,96,0.841301,0.744871,0.749024,0.989687,0.010313,2,2,90.0,0.2348022
qd_002,QuickDraw,dog,public_benchmark_v1_ext33_m2_57_topology_open_d0_c24_i075_min40,results\public_benchmark_v1_ext33_m2_57_topology_open_d0_c24_i075_min40\qd_002\prediction.dst,datasets\public_benchmark_v1_ext33\quickdraw_10\qd_002_mask.png,pass,0.13678916,15,2,0.0,0,149.6612,0.0,8242,12300,9309,6934,2375,9213,96,0.841301,0.744871,0.749024,0.989687,0.010313,2,2,90.0,0.2348022
qd_002,QuickDraw,dog,public_benchmark_v1_ext33_m2_57_topology_open_d0_c24_i075_min60,results\public_benchmark_v1_ext33_m2_57_topology_open_d0_c24_i075_min60\qd_002\prediction.dst,datasets\public_benchmark_v1_ext33\quickdraw_10\qd_002_mask.png,pass,0.13681797,15,2,0.0,0,150.5616,0.0,8242,12300,7371,5487,1884,7291,80,0.665736,0.744404,0.592764,0.989147,0.010853,2,2,90.0,0.26762741
qd_002,QuickDraw,dog,public_benchmark_v1_ext33_m2_57_topology_open_d0_c30_i070_min100,results\public_benchmark_v1_ext33_m2_57_topology_open_d0_c30_i070_min100\qd_002\prediction.dst,datasets\public_benchmark_v1_ext33\quickdraw_10\qd_002_mask.png,pass,0.15091259,7,0,2.7023,1,64.3429,2.6926,8242,12300,6195,4624,1571,6104,91,0.561029,0.746408,0.49626,0.985311,0.014689,2,2,90.0,0.37270207
qd_002,QuickDraw,dog,public_benchmark_v1_ext33_m2_57_topology_open_d0_c30_i070_min80,results\public_benchmark_v1_ext33_m2_57_topology_open_d0_c30_i070_min80\qd_002\prediction.dst,datasets\public_benchmark_v1_ext33\quickdraw_10\qd_002_mask.png,pass,0.19035146,11,1,2.7023,1,109.3075,2.6926,8242,12300,6878,5079,1799,6774,104,0.616234,0.738441,0.550732,0.984879,0.015121,2,2,90.0,0.4191879
qd_002,QuickDraw,dog,public_benchmark_v1_ext33_m2_57_topology_open_d1_c16_i085_min20,results\public_benchmark_v1_ext33_m2_57_topology_open_d1_c16_i085_min20\qd_002\prediction.dst,datasets\public_benchmark_v1_ext33\quickdraw_10\qd_002_mask.png,pass,0.22266231,15,2,2.4299,1,140.303,2.4166,8242,12300,10105,7577,2528,9981,124,0.919316,0.749827,0.811463,0.987729,0.012271,2,2,90.0,0.41124047
qd_002,QuickDraw,dog,public_benchmark_v1_ext33_m2_57_topology_open_d1_c20_i080_min20,results\public_benchmark_v1_ext33_m2_57_topology_open_d1_c20_i080_min20\qd_002\prediction.dst,datasets\public_benchmark_v1_ext33\quickdraw_10\qd_002_mask.png,pass,0.22266231,15,2,2.4299,1,140.303,2.4166,8242,12300,10105,7577,2528,9981,124,0.919316,0.749827,0.811463,0.987729,0.012271,2,2,90.0,0.41124047
qd_002,QuickDraw,dog,public_benchmark_v1_ext33_m2_57_topology_open_d1_c24_i070_min60,results\public_benchmark_v1_ext33_m2_57_topology_open_d1_c24_i070_min60\qd_002\prediction.dst,datasets\public_benchmark_v1_ext33\quickdraw_10\qd_002_mask.png,pass,0.2213304,14,2,2.7023,1,139.8995,2.6926,8242,12300,7579,5629,1950,7475,104,0.682965,0.74271,0.607724,0.986278,0.013722,2,2,90.0,0.45198932
qd_002,QuickDraw,dog,public_benchmark_v1_ext33_m2_57_topology_open_d1_c24_i075_min40,results\public_benchmark_v1_ext33_m2_57_topology_open_d1_c24_i075_min40\qd_002\prediction.dst,datasets\public_benchmark_v1_ext33\quickdraw_10\qd_002_mask.png,pass,0.21464496,14,2,2.4299,1,139.7607,2.4166,8242,12300,9364,6954,2410,9244,120,0.843727,0.742631,0.751545,0.987185,0.012815,2,2,90.0,0.4124604
qd_002,QuickDraw,dog,public_benchmark_v1_ext33_m2_57_topology_open_d1_c30_i065_min80,results\public_benchmark_v1_ext33_m2_57_topology_open_d1_c30_i065_min80\qd_002\prediction.dst,datasets\public_benchmark_v1_ext33\quickdraw_10\qd_002_mask.png,warning,0.25739896,10,1,4.6822,2,105.3477,4.6725,8242,12300,6918,5088,1830,6793,125,0.617326,0.735473,0.552276,0.981931,0.018069,2,2,90.0,0.58176176
qd_002,QuickDraw,dog,public_benchmark_v1_ext33_m2_57_topology_open_d2_c20_i075_min20,results\public_benchmark_v1_ext33_m2_57_topology_open_d2_c20_i075_min20\qd_002\prediction.dst,datasets\public_benchmark_v1_ext33\quickdraw_10\qd_002_mask.png,warning,0.28801396,14,2,4.3404,2,136.4821,4.3271,8242,12300,10129,7577,2552,9987,142,0.919316,0.74805,0.811951,0.985981,0.014019,2,2,90.0,0.57163856
qd_002,QuickDraw,dog,public_benchmark_v1_ext33_m2_57_topology_relative_rescue,results\public_benchmark_v1_ext33_m2_57_topology_relative_rescue\qd_002\prediction.dst,datasets\public_benchmark_v1_ext33\quickdraw_10\qd_002_mask.png,excellent,0.03336654,4,0,0.0,0,42.7043,0.0,8242,12300,13693,8224,5469,11831,1862,0.997816,0.600599,0.96187,0.864018,0.135982,2,2,90.0,0.05512366
qd_002,QuickDraw,dog,public_benchmark_v1_ext33_m2_57_topology_selector_probe_min100,results\public_benchmark_v1_ext33_m2_57_topology_selector_probe_min100\qd_002\prediction.dst,datasets\public_benchmark_v1_ext33\quickdraw_10\qd_002_mask.png,excellent,0.03336654,4,0,0.0,0,42.7043,0.0,8242,12300,13693,8224,5469,11831,1862,0.997816,0.600599,0.96187,0.864018,0.135982,2,2,90.0,0.05512366
qd_002,QuickDraw,dog,public_benchmark_v1_ext33_m2_57_topology_selector_probe_min100_j14,results\public_benchmark_v1_ext33_m2_57_topology_selector_probe_min100_j14\qd_002\prediction.dst,datasets\public_benchmark_v1_ext33\quickdraw_10\qd_002_mask.png,excellent,0.03336654,4,0,0.0,0,42.7043,0.0,8242,12300,13693,8224,5469,11831,1862,0.997816,0.600599,0.96187,0.864018,0.135982,2,2,90.0,0.05512366
qd_002,QuickDraw,dog,public_benchmark_v1_ext33_m2_58_coverage_aware_relative_rescue,results\public_benchmark_v1_ext33_m2_58_coverage_aware_relative_rescue\qd_002\prediction.dst,datasets\public_benchmark_v1_ext33\quickdraw_10\qd_002_mask.png,excellent,0.03336654,4,0,0.0,0,42.7043,0.0,8242,12300,13693,8224,5469,11831,1862,0.997816,0.600599,0.96187,0.864018,0.135982,2,2,90.0,0.05512366
qd_002,QuickDraw,dog,public_benchmark_v1_ext33_m2_59_anchored_quality_rescue_selector,results\public_benchmark_v1_ext33_m2_59_anchored_quality_rescue_selector\qd_002\prediction.dst,datasets\public_benchmark_v1_ext33\quickdraw_10\qd_002_mask.png,excellent,0.03336654,4,0,0.0,0,42.7043,0.0,8242,12300,13693,8224,5469,11831,1862,0.997816,0.600599,0.96187,0.864018,0.135982,2,2,90.0,0.05512366
qd_002,QuickDraw,dog,public_benchmark_v1_ext33_m2_59_grouped_topology_g_d0_c16_i085_s4_min12_p80,results\public_benchmark_v1_ext33_m2_59_grouped_topology_g_d0_c16_i085_s4_min12_p80\qd_002\prediction.dst,datasets\public_benchmark_v1_ext33\quickdraw_10\qd_002_mask.png,warning,0.16793128,18,3,0.0,0,185.3526,0.0,8242,12300,10398,7802,2596,10280,118,0.946615,0.750337,0.835772,0.988652,0.011348,2,2,90.0,0.26110944
qd_002,QuickDraw,dog,public_benchmark_v1_ext33_m2_59_grouped_topology_g_d0_c16_i090_s3_min20_p80,results\public_benchmark_v1_ext33_m2_59_grouped_topology_g_d0_c16_i090_s3_min20_p80\qd_002\prediction.dst,datasets\public_benchmark_v1_ext33\quickdraw_10\qd_002_mask.png,warning,0.16806761,18,3,0.0,0,189.6128,0.0,8242,12300,10115,7595,2520,10001,114,0.9215,0.750865,0.813089,0.98873,0.01127,2,2,90.0,0.26597693
qd_002,QuickDraw,dog,public_benchmark_v1_ext33_m2_59_grouped_topology_g_d0_c18_i092_s4_min12_p100,results\public_benchmark_v1_ext33_m2_59_grouped_topology_g_d0_c18_i092_s4_min12_p100\qd_002\prediction.dst,datasets\public_benchmark_v1_ext33\quickdraw_10\qd_002_mask.png,warning,0.16793128,18,3,0.0,0,185.3526,0.0,8242,12300,10398,7802,2596,10280,118,0.946615,0.750337,0.835772,0.988652,0.011348,2,2,90.0,0.26110944
qd_002,QuickDraw,dog,public_benchmark_v1_ext33_m2_59_grouped_topology_g_d0_c18_i095_s3_min12_p120,results\public_benchmark_v1_ext33_m2_59_grouped_topology_g_d0_c18_i095_s3_min12_p120\qd_002\prediction.dst,datasets\public_benchmark_v1_ext33\quickdraw_10\qd_002_mask.png,warning,0.16793128,18,3,0.0,0,185.3526,0.0,8242,12300,10398,7802,2596,10280,118,0.946615,0.750337,0.835772,0.988652,0.011348,2,2,90.0,0.26110944
qd_002,QuickDraw,dog,public_benchmark_v1_ext33_m2_59_grouped_topology_g_d0_c20_i080_s5_min12_p80,results\public_benchmark_v1_ext33_m2_59_grouped_topology_g_d0_c20_i080_s5_min12_p80\qd_002\prediction.dst,datasets\public_benchmark_v1_ext33\quickdraw_10\qd_002_mask.png,warning,0.20511238,17,3,2.0194,0,177.3713,0.0,8242,12300,10415,7802,2613,10281,134,0.946615,0.749112,0.835854,0.987134,0.012866,2,2,90.0,0.3144747
qd_002,QuickDraw,dog,public_benchmark_v1_ext33_m2_59_grouped_topology_g_d0_c20_i090_s4_min12_p100,results\public_benchmark_v1_ext33_m2_59_grouped_topology_g_d0_c20_i090_s4_min12_p100\qd_002\prediction.dst,datasets\public_benchmark_v1_ext33\quickdraw_10\qd_002_mask.png,warning,0.16793128,18,3,0.0,0,185.3526,0.0,8242,12300,10398,7802,2596,10280,118,0.946615,0.750337,0.835772,0.988652,0.011348,2,2,90.0,0.26110944
qd_002,QuickDraw,dog,public_benchmark_v1_ext33_m2_59_grouped_topology_g_d0_c20_i095_s4_min12_p100,results\public_benchmark_v1_ext33_m2_59_grouped_topology_g_d0_c20_i095_s4_min12_p100\qd_002\prediction.dst,datasets\public_benchmark_v1_ext33\quickdraw_10\qd_002_mask.png,warning,0.16793128,18,3,0.0,0,185.3526,0.0,8242,12300,10398,7802,2596,10280,118,0.946615,0.750337,0.835772,0.988652,0.011348,2,2,90.0,0.26110944
qd_002,QuickDraw,dog,public_benchmark_v1_ext33_m2_59_grouped_topology_g_d0_c24_i075_s6_min20_p80,results\public_benchmark_v1_ext33_m2_59_grouped_topology_g_d0_c24_i075_s6_min20_p80\qd_002\prediction.dst,datasets\public_benchmark_v1_ext33\quickdraw_10\qd_002_mask.png,warning,0.20524871,17,3,2.0194,0,181.6316,0.0,8242,12300,10132,7595,2537,10002,130,0.9215,0.749605,0.813171,0.987169,0.012831,2,2,90.0,0.31934219
qd_002,QuickDraw,dog,public_benchmark_v1_ext33_m2_59_grouped_topology_g_d0_c30_i070_s8_min30_p100,results\public_benchmark_v1_ext33_m2_59_grouped_topology_g_d0_c30_i070_s8_min30_p100\qd_002\prediction.dst,datasets\public_benchmark_v1_ext33\quickdraw_10\qd_002_mask.png,warning,0.23341377,17,3,1.9105,1,185.6205,1.9105,8242,12300,9810,7346,2464,9682,128,0.891289,0.748828,0.787154,0.986952,0.013048,2,2,90.0,0.43195717
qd_002,QuickDraw,dog,public_benchmark_v1_ext33_m2_59_grouped_topology_g_d1_c20_i075_s5_min12_p80,results\public_benchmark_v1_ext33_m2_59_grouped_topology_g_d1_c20_i075_s5_min12_p80\qd_002\prediction.dst,datasets\public_benchmark_v1_ext33\quickdraw_10\qd_002_mask.png,warning,0.36637801,17,3,6.4292,2,174.8338,4.3965,8242,12300,10401,7776,2625,10236,165,0.94346,0.74762,0.832195,0.984136,0.015864,2,2,90.0,0.68052981
qd_002,QuickDraw,dog,public_benchmark_v1_ext33_m2_59_quality_rescue_selector,results\public_benchmark_v1_ext33_m2_59_quality_rescue_selector\qd_002\prediction.dst,datasets\public_benchmark_v1_ext33\quickdraw_10\qd_002_mask.png,excellent,0.03336654,4,0,0.0,0,42.7043,0.0,8242,12300,13693,8224,5469,11831,1862,0.997816,0.600599,0.96187,0.864018,0.135982,2,2,90.0,0.05512366
qd_002,QuickDraw,dog,public_benchmark_v1_ext33_m2_5_learned_selector_applied,results\public_benchmark_v1_ext33_m2_5_learned_selector_applied\qd_002\prediction.dst,datasets\public_benchmark_v1_ext33\quickdraw_10\qd_002_mask.png,excellent,0.08928397,10,1,0.0,0,102.624,0.0,8242,12300,11228,7884,3344,10608,620,0.956564,0.702173,0.862439,0.944781,0.055219,2,2,90.0,0.14246617
qd_002,QuickDraw,dog,public_benchmark_v1_ext33_m2_60_maskpath_combo_rescue_selector,results\public_benchmark_v1_ext33_m2_60_maskpath_combo_rescue_selector\qd_002\prediction.dst,datasets\public_benchmark_v1_ext33\quickdraw_10\qd_002_mask.png,excellent,0.03336654,4,0,0.0,0,42.7043,0.0,8242,12300,13693,8224,5469,11831,1862,0.997816,0.600599,0.96187,0.864018,0.135982,2,2,90.0,0.05512366
qd_002,QuickDraw,dog,public_benchmark_v1_ext33_m2_60_maskpath_mp_d0_r0_c20_i095_route24_f20_min12,results\public_benchmark_v1_ext33_m2_60_maskpath_mp_d0_r0_c20_i095_route24_f20_min12\qd_002\prediction.dst,datasets\public_benchmark_v1_ext33\quickdraw_10\qd_002_mask.png,warning,0.15967588,17,3,0.0,0,177.3713,0.0,8242,12300,10407,7802,2605,10281,126,0.946615,0.749688,0.835854,0.987893,0.012107,2,2,90.0,0.2488442
qd_002,QuickDraw,dog,public_benchmark_v1_ext33_m2_60_maskpath_mp_d0_r0_c20_i095_route32_f26_min12,results\public_benchmark_v1_ext33_m2_60_maskpath_mp_d0_r0_c20_i095_route32_f26_min12\qd_002\prediction.dst,datasets\public_benchmark_v1_ext33\quickdraw_10\qd_002_mask.png,pass,0.14300743,15,3,0.0,0,156.4821,0.0,8242,12300,10606,7862,2744,10407,199,0.953895,0.741279,0.846098,0.981237,0.018763,2,2,90.0,0.22236407
qd_002,QuickDraw,dog,public_benchmark_v1_ext33_m2_60_maskpath_mp_d0_r0_c20_i095_route32_f26_min20,results\public_benchmark_v1_ext33_m2_60_maskpath_mp_d0_r0_c20_i095_route32_f26_min20\qd_002\prediction.dst,datasets\public_benchmark_v1_ext33\quickdraw_10\qd_002_mask.png,pass,0.14314375,15,3,0.0,0,160.7423,0.0,8242,12300,10323,7655,2668,10128,195,0.928779,0.741548,0.823415,0.98111,0.01889,2,2,90.0,0.22723163
qd_002,QuickDraw,dog,public_benchmark_v1_ext33_m2_60_maskpath_mp_d0_r0_c24_i090_route36_f30_min12,results\public_benchmark_v1_ext33_m2_60_maskpath_mp_d0_r0_c24_i090_route36_f30_min12\qd_002\prediction.dst,datasets\public_benchmark_v1_ext33\quickdraw_10\qd_002_mask.png,pass,0.14300743,15,3,0.0,0,156.4821,0.0,8242,12300,10606,7862,2744,10407,199,0.953895,0.741279,0.846098,0.981237,0.018763,2,2,90.0,0.22236407
qd_002,QuickDraw,dog,public_benchmark_v1_ext33_m2_60_maskpath_mp_d0_r1_c20_i095_route32_f26_min12,results\public_benchmark_v1_ext33_m2_60_maskpath_mp_d0_r1_c20_i095_route32_f26_min12\qd_002\prediction.dst,datasets\public_benchmark_v1_ext33\quickdraw_10\qd_002_mask.png,hard_fail,0.32300743,15,3,9.9512,0,156.4821,0.0,8242,12300,10636,7866,2770,10414,222,0.95438,0.739564,0.846667,0.979127,0.020873,2,2,90.0,0.50176899
qd_002,QuickDraw,dog,public_benchmark_v1_ext33_m2_60_maskpath_mp_d0_r1_c24_i090_route36_f30_min12,results\public_benchmark_v1_ext33_m2_60_maskpath_mp_d0_r1_c24_i090_route36_f30_min12\qd_002\prediction.dst,datasets\public_benchmark_v1_ext33\quickdraw_10\qd_002_mask.png,hard_fail,0.32300743,15,3,9.9512,0,156.4821,0.0,8242,12300,10636,7866,2770,10414,222,0.95438,0.739564,0.846667,0.979127,0.020873,2,2,90.0,0.50176899
qd_002,QuickDraw,dog,public_benchmark_v1_ext33_m2_60_maskpath_rescue_selector,results\public_benchmark_v1_ext33_m2_60_maskpath_rescue_selector\qd_002\prediction.dst,datasets\public_benchmark_v1_ext33\quickdraw_10\qd_002_mask.png,excellent,0.03336654,4,0,0.0,0,42.7043,0.0,8242,12300,13693,8224,5469,11831,1862,0.997816,0.600599,0.96187,0.864018,0.135982,2,2,90.0,0.05512366
qd_002,QuickDraw,dog,public_benchmark_v1_ext33_m2_61_segment_graph_sg_d0_l035_c20_i095_r32_f26_min12,results\public_benchmark_v1_ext33_m2_61_segment_graph_sg_d0_l035_c20_i095_r32_f26_min12\qd_002\prediction.dst,datasets\public_benchmark_v1_ext33\quickdraw_10\qd_002_mask.png,warning,0.20737902,22,4,0.0,0,230.5943,0.0,8242,12300,10627,7856,2771,10400,227,0.953167,0.739249,0.845528,0.978639,0.021361,2,2,90.0,0.3168623
qd_002,QuickDraw,dog,public_benchmark_v1_ext33_m2_61_segment_graph_sg_d0_l050_c24_i090_r36_f30_min12,results\public_benchmark_v1_ext33_m2_61_segment_graph_sg_d0_l050_c24_i090_r36_f30_min12\qd_002\prediction.dst,datasets\public_benchmark_v1_ext33\quickdraw_10\qd_002_mask.png,warning,0.17667621,19,3,0.0,0,208.6315,0.0,8242,12300,10780,7804,2976,10396,384,0.946858,0.723933,0.845203,0.964378,0.035622,2,2,90.0,0.27270321
qd_002,QuickDraw,dog,public_benchmark_v1_ext33_m2_61_segment_graph_sg_d0_l070_c20_i095_r32_f26_min12,results\public_benchmark_v1_ext33_m2_61_segment_graph_sg_d0_l070_c20_i095_r32_f26_min12\qd_002\prediction.dst,datasets\public_benchmark_v1_ext33\quickdraw_10\qd_002_mask.png,warning,0.17667621,19,3,0.0,0,208.6315,0.0,8242,12300,10721,7797,2924,10371,350,0.946008,0.727264,0.843171,0.967354,0.032646,2,2,90.0,0.27301505
qd_002,QuickDraw,dog,public_benchmark_v1_ext33_m2_61_segment_graph_sg_d1_l050_c20_i095_r32_f26_min12,results\public_benchmark_v1_ext33_m2_61_segment_graph_sg_d1_l050_c20_i095_r32_f26_min12\qd_002\prediction.dst,datasets\public_benchmark_v1_ext33\quickdraw_10\qd_002_mask.png,hard_fail,0.35667621,19,3,16.6462,0,208.6315,0.0,8242,12300,10744,7794,2950,10366,378,0.945644,0.725428,0.842764,0.964818,0.035182,2,2,90.0,0.61955501
qd_002,QuickDraw,dog,public_benchmark_v1_ext33_m2_61_segment_graph_sg_euler_d0_l000_c20_i095_r32_f26_min12,results\public_benchmark_v1_ext33_m2_61_segment_graph_sg_euler_d0_l000_c20_i095_r32_f26_min12\qd_002\prediction.dst,datasets\public_benchmark_v1_ext33\quickdraw_10\qd_002_mask.png,pass,0.11219154,12,2,0.0,0,130.9856,0.0,8242,12300,10649,7787,2862,10374,275,0.944795,0.731242,0.843415,0.974176,0.025824,2,2,90.0,0.17859814
qd_002,QuickDraw,dog,public_benchmark_v1_ext33_m2_61_segment_graph_sg_euler_d0_l020_c24_i090_r36_f30_min12,results\public_benchmark_v1_ext33_m2_61_segment_graph_sg_euler_d0_l020_c24_i090_r36_f30_min12\qd_002\prediction.dst,datasets\public_benchmark_v1_ext33\quickdraw_10\qd_002_mask.png,warning,0.17656313,19,3,0.0,0,205.0978,0.0,8242,12300,10953,7905,3048,10561,392,0.959112,0.72172,0.858618,0.964211,0.035789,2,2,90.0,0.27000001
qd_002,QuickDraw,dog,public_benchmark_v1_ext33_m2_61_segment_graph_sg_euler_d0_l035_c20_i095_r32_f26_min12,results\public_benchmark_v1_ext33_m2_61_segment_graph_sg_euler_d0_l035_c20_i095_r32_f26_min12\qd_002\prediction.dst,datasets\public_benchmark_v1_ext33\quickdraw_10\qd_002_mask.png,warning,0.20737902,22,4,0.0,0,230.5943,0.0,8242,12300,10627,7856,2771,10400,227,0.953167,0.739249,0.845528,0.978639,0.021361,2,2,90.0,0.3168623
qd_002,QuickDraw,dog,public_benchmark_v1_ext33_m2_64_text_precision_rescue_selector,results\public_benchmark_v1_ext33_m2_64_text_precision_rescue_selector\qd_002\prediction.dst,datasets\public_benchmark_v1_ext33\quickdraw_10\qd_002_mask.png,excellent,0.03336654,4,0,0.0,0,42.7043,0.0,8242,12300,13693,8224,5469,11831,1862,0.997816,0.600599,0.96187,0.864018,0.135982,2,2,90.0,0.05512366
qd_002,QuickDraw,dog,public_benchmark_v1_ext33_m2_65_text_legibility_rescue_selector,results\public_benchmark_v1_ext33_m2_65_text_legibility_rescue_selector\qd_002\prediction.dst,datasets\public_benchmark_v1_ext33\quickdraw_10\qd_002_mask.png,excellent,0.03336654,4,0,0.0,0,42.7043,0.0,8242,12300,13693,8224,5469,11831,1862,0.997816,0.600599,0.96187,0.864018,0.135982,2,2,90.0,0.05512366
qd_002,QuickDraw,dog,public_benchmark_v1_ext33_m2_66_profile_switcher,results\public_benchmark_v1_ext33_m2_66_profile_switcher\qd_002\prediction.dst,datasets\public_benchmark_v1_ext33\quickdraw_10\qd_002_mask.png,excellent,0.03336654,4,0,0.0,0,42.7043,0.0,8242,12300,13693,8224,5469,11831,1862,0.997816,0.600599,0.96187,0.864018,0.135982,2,2,90.0,0.05512366
qd_002,QuickDraw,dog,public_benchmark_v1_ext33_m2_67_line_art_profile,results\public_benchmark_v1_ext33_m2_67_line_art_profile\qd_002\prediction.dst,datasets\public_benchmark_v1_ext33\quickdraw_10\qd_002_mask.png,pass,0.13667042,15,2,0.0,0,145.9505,0.0,8242,12300,10334,7765,2569,10230,104,0.942126,0.751403,0.831707,0.989936,0.010064,2,2,90.0,0.2166955
qd_002,QuickDraw,dog,public_benchmark_v1_ext33_m2_68_shape_aware_profile,results\public_benchmark_v1_ext33_m2_68_shape_aware_profile\qd_002\prediction.dst,datasets\public_benchmark_v1_ext33\quickdraw_10\qd_002_mask.png,pass,0.13667042,15,2,0.0,0,145.9505,0.0,8242,12300,10334,7765,2569,10230,104,0.942126,0.751403,0.831707,0.989936,0.010064,2,2,90.0,0.2166955
qd_002,QuickDraw,dog,public_benchmark_v1_ext33_m2_69_text_wku_profile,results\public_benchmark_v1_ext33_m2_69_text_wku_profile\qd_002\prediction.dst,datasets\public_benchmark_v1_ext33\quickdraw_10\qd_002_mask.png,pass,0.13667042,15,2,0.0,0,145.9505,0.0,8242,12300,10334,7765,2569,10230,104,0.942126,0.751403,0.831707,0.989936,0.010064,2,2,90.0,0.2166955
qd_002,QuickDraw,dog,public_benchmark_v1_ext33_mask_fill_edgewalk_dtsatin_o3_i8_s14_p90,results\public_benchmark_v1_ext33_mask_fill_edgewalk_dtsatin_o3_i8_s14_p90\qd_002\prediction.dst,datasets\public_benchmark_v1_ext33\quickdraw_10\qd_002_mask.png,hard_fail,0.51764658,199,34,5.7329,0,2145.5104,0.0,8242,12300,18304,8239,10065,12137,6167,0.999636,0.45012,0.986748,0.663079,0.336921,2,2,90.0,1.47688294
qd_002,QuickDraw,dog,public_benchmark_v1_ext33_mask_fill_edgewalk_dtsatin_o3_i9_s7,results\public_benchmark_v1_ext33_mask_fill_edgewalk_dtsatin_o3_i9_s7\qd_002\prediction.dst,datasets\public_benchmark_v1_ext33\quickdraw_10\qd_002_mask.png,hard_fail,0.51764658,199,34,5.7329,0,2145.5104,0.0,8242,12300,18305,8239,10066,12138,6167,0.999636,0.450096,0.986829,0.663098,0.336902,2,2,90.0,1.4768799
qd_002,QuickDraw,dog,public_benchmark_v1_ext33_mask_fill_edgewalk_nearest_rows16_p40,results\public_benchmark_v1_ext33_mask_fill_edgewalk_nearest_rows16_p40\qd_002\prediction.dst,datasets\public_benchmark_v1_ext33\quickdraw_10\qd_002_mask.png,hard_fail,0.5148855,193,33,5.7329,0,2059.2267,0.0,8242,12300,18304,8239,10065,12137,6167,0.999636,0.45012,0.986748,0.663079,0.336921,2,2,90.0,1.44812186
qd_002,QuickDraw,dog,public_benchmark_v1_ext33_mask_fill_edgewalk_nearestrow_adapt_t2_m5_rows16_p40,results\public_benchmark_v1_ext33_mask_fill_edgewalk_nearestrow_adapt_t2_m5_rows16_p40\qd_002\prediction.dst,datasets\public_benchmark_v1_ext33\quickdraw_10\qd_002_mask.png,excellent,0.07256709,8,1,0.0,0,80.2215,0.0,8242,12300,11298,8174,3124,10893,405,0.99175,0.723491,0.88561,0.964153,0.035847,2,2,90.0,0.11309389
qd_002,QuickDraw,dog,public_benchmark_v1_ext33_mask_fill_edgewalk_nearestrow_adapt_t3_m6_rows16_p40,results\public_benchmark_v1_ext33_mask_fill_edgewalk_nearestrow_adapt_t3_m6_rows16_p40\qd_002\prediction.dst,datasets\public_benchmark_v1_ext33\quickdraw_10\qd_002_mask.png,excellent,0.07256709,8,1,0.0,0,80.2215,0.0,8242,12300,11298,8174,3124,10893,405,0.99175,0.723491,0.88561,0.964153,0.035847,2,2,90.0,0.11309389
qd_002,QuickDraw,dog,public_benchmark_v1_ext33_mask_fill_edgewalk_nearestrow_adapt_t4_m8_rows16_p40,results\public_benchmark_v1_ext33_mask_fill_edgewalk_nearestrow_adapt_t4_m8_rows16_p40\qd_002\prediction.dst,datasets\public_benchmark_v1_ext33\quickdraw_10\qd_002_mask.png,excellent,0.07256709,8,1,0.0,0,80.2215,0.0,8242,12300,11298,8174,3124,10893,405,0.99175,0.723491,0.88561,0.964153,0.035847,2,2,90.0,0.11309389
qd_002,QuickDraw,dog,public_benchmark_v1_ext33_mask_fill_edgewalk_nearestrow_evalfill_rows16_p40,results\public_benchmark_v1_ext33_mask_fill_edgewalk_nearestrow_evalfill_rows16_p40\qd_002\prediction.dst,datasets\public_benchmark_v1_ext33\quickdraw_10\qd_002_mask.png,excellent,0.11264831,8,1,1.7669,0,90.4082,0.0,8242,12300,25768,8242,17526,12300,13468,1.0,0.319854,1.0,0.477336,0.522664,2,2,90.0,0.23194355
qd_002,QuickDraw,dog,public_benchmark_v1_ext33_mask_fill_edgewalk_nearestrow_inset1_rows16_p40,results\public_benchmark_v1_ext33_mask_fill_edgewalk_nearestrow_inset1_rows16_p40\qd_002\prediction.dst,datasets\public_benchmark_v1_ext33\quickdraw_10\qd_002_mask.png,excellent,0.03336654,4,0,0.0,0,42.7043,0.0,8242,12300,13693,8224,5469,11831,1862,0.997816,0.600599,0.96187,0.864018,0.135982,2,2,90.0,0.05512366
qd_002,QuickDraw,dog,public_benchmark_v1_ext33_mask_fill_edgewalk_nearestrow_inset2_rows16_p40,results\public_benchmark_v1_ext33_mask_fill_edgewalk_nearestrow_inset2_rows16_p40\qd_002\prediction.dst,datasets\public_benchmark_v1_ext33\quickdraw_10\qd_002_mask.png,excellent,0.07256709,8,1,0.0,0,80.2215,0.0,8242,12300,11298,8174,3124,10893,405,0.99175,0.723491,0.88561,0.964153,0.035847,2,2,90.0,0.11309389
qd_002,QuickDraw,dog,public_benchmark_v1_ext33_mask_fill_edgewalk_nearestrow_qdirect_rows16_p40,results\public_benchmark_v1_ext33_mask_fill_edgewalk_nearestrow_qdirect_rows16_p40\qd_002\prediction.dst,datasets\public_benchmark_v1_ext33\quickdraw_10\qd_002_mask.png,excellent,0.03337243,4,0,0.0,0,42.8883,0.0,8242,12300,15533,8239,7294,12091,3442,0.999636,0.530419,0.983008,0.778407,0.221593,2,2,90.0,0.06882731
qd_002,QuickDraw,dog,public_benchmark_v1_ext33_mask_fill_edgewalk_nearestrow_qpath090_rows16_p40,results\public_benchmark_v1_ext33_mask_fill_edgewalk_nearestrow_qpath090_rows16_p40\qd_002\prediction.dst,datasets\public_benchmark_v1_ext33\quickdraw_10\qd_002_mask.png,excellent,0.03337243,4,0,0.0,0,42.8883,0.0,8242,12300,15533,8239,7294,12091,3442,0.999636,0.530419,0.983008,0.778407,0.221593,2,2,90.0,0.06882731
qd_002,QuickDraw,dog,public_benchmark_v1_ext33_mask_fill_edgewalk_nearestrow_qpath095_rows16_p40,results\public_benchmark_v1_ext33_mask_fill_edgewalk_nearestrow_qpath095_rows16_p40\qd_002\prediction.dst,datasets\public_benchmark_v1_ext33\quickdraw_10\qd_002_mask.png,excellent,0.03337243,4,0,0.0,0,42.8883,0.0,8242,12300,15533,8239,7294,12091,3442,0.999636,0.530419,0.983008,0.778407,0.221593,2,2,90.0,0.06882731
qd_002,QuickDraw,dog,public_benchmark_v1_ext33_mask_fill_edgewalk_nearestrow_quantvalid_rows16_p40,results\public_benchmark_v1_ext33_mask_fill_edgewalk_nearestrow_quantvalid_rows16_p40\qd_002\prediction.dst,datasets\public_benchmark_v1_ext33\quickdraw_10\qd_002_mask.png,excellent,0.03337243,4,0,0.0,0,42.8883,0.0,8242,12300,15533,8239,7294,12091,3442,0.999636,0.530419,0.983008,0.778407,0.221593,2,2,90.0,0.06882731
qd_002,QuickDraw,dog,public_benchmark_v1_ext33_mask_fill_edgewalk_nearestrow_rows16_p40,results\public_benchmark_v1_ext33_mask_fill_edgewalk_nearestrow_rows16_p40\qd_002\prediction.dst,datasets\public_benchmark_v1_ext33\quickdraw_10\qd_002_mask.png,excellent,0.03337243,4,0,0.0,0,42.8883,0.0,8242,12300,15533,8239,7294,12091,3442,0.999636,0.530419,0.983008,0.778407,0.221593,2,2,90.0,0.06882731
qd_002,QuickDraw,dog,public_benchmark_v1_ext33_mask_fill_edgewalk_nearestrow_safeadt_rows16_p40,results\public_benchmark_v1_ext33_mask_fill_edgewalk_nearestrow_safeadt_rows16_p40\qd_002\prediction.dst,datasets\public_benchmark_v1_ext33\quickdraw_10\qd_002_mask.png,excellent,0.0813874,9,1,0.0,0,105.8564,0.0,8242,12300,22755,8242,14513,12300,10455,1.0,0.362206,1.0,0.540541,0.459459,2,2,90.0,0.17690084
qd_002,QuickDraw,dog,public_benchmark_v1_ext33_mask_fill_edgewalk_nearestrow_safeadt_t2m5_r035_a32_rows16_p40,results\public_benchmark_v1_ext33_mask_fill_edgewalk_nearestrow_safeadt_t2m5_r035_a32_rows16_p40\qd_002\prediction.dst,datasets\public_benchmark_v1_ext33\quickdraw_10\qd_002_mask.png,excellent,0.0813874,9,1,0.0,0,105.8564,0.0,8242,12300,22755,8242,14513,12300,10455,1.0,0.362206,1.0,0.540541,0.459459,2,2,90.0,0.17690084
qd_002,QuickDraw,dog,public_benchmark_v1_ext33_mask_fill_edgewalk_nearestrow_safeadt_t2m5_r055_a64_rows16_p40,results\public_benchmark_v1_ext33_mask_fill_edgewalk_nearestrow_safeadt_t2m5_r055_a64_rows16_p40\qd_002\prediction.dst,datasets\public_benchmark_v1_ext33\quickdraw_10\qd_002_mask.png,excellent,0.0813874,9,1,0.0,0,105.8564,0.0,8242,12300,22755,8242,14513,12300,10455,1.0,0.362206,1.0,0.540541,0.459459,2,2,90.0,0.17690084
qd_002,QuickDraw,dog,public_benchmark_v1_ext33_mask_fill_edgewalk_nearestrow_segvalid_rows16_p40,results\public_benchmark_v1_ext33_mask_fill_edgewalk_nearestrow_segvalid_rows16_p40\qd_002\prediction.dst,datasets\public_benchmark_v1_ext33\quickdraw_10\qd_002_mask.png,excellent,0.03337243,4,0,0.0,0,42.8883,0.0,8242,12300,15533,8239,7294,12091,3442,0.999636,0.530419,0.983008,0.778407,0.221593,2,2,90.0,0.06882731
qd_002,QuickDraw,dog,public_benchmark_v1_ext33_mask_fill_edgewalk_nearestrow_strict_p20_rows16,results\public_benchmark_v1_ext33_mask_fill_edgewalk_nearestrow_strict_p20_rows16\qd_002\prediction.dst,datasets\public_benchmark_v1_ext33\quickdraw_10\qd_002_mask.png,excellent,0.09558183,10,2,0.0,0,111.9321,0.0,8242,12300,14428,8239,6189,12089,2339,0.999636,0.571042,0.982846,0.837885,0.162115,2,2,90.0,0.14952023
qd_002,QuickDraw,dog,public_benchmark_v1_ext33_mask_fill_edgewalk_nearestrow_strict_p40_rows16,results\public_benchmark_v1_ext33_mask_fill_edgewalk_nearestrow_strict_p40_rows16\qd_002\prediction.dst,datasets\public_benchmark_v1_ext33\quickdraw_10\qd_002_mask.png,excellent,0.03337243,4,0,0.0,0,42.8883,0.0,8242,12300,15533,8239,7294,12091,3442,0.999636,0.530419,0.983008,0.778407,0.221593,2,2,90.0,0.06882731
qd_002,QuickDraw,dog,public_benchmark_v1_ext33_mask_fill_edgewalk_outline_ext_in2_rows16_p40,results\public_benchmark_v1_ext33_mask_fill_edgewalk_outline_ext_in2_rows16_p40\qd_002\prediction.dst,datasets\public_benchmark_v1_ext33\quickdraw_10\qd_002_mask.png,hard_fail,0.51680634,198,34,5.7329,0,2119.2529,0.0,8242,12300,18446,8241,10205,12269,6177,0.999879,0.446764,0.99748,0.665131,0.334869,2,2,90.0,1.47171438
qd_002,QuickDraw,dog,public_benchmark_v1_ext33_mask_fill_edgewalk_outline_ext_in3_rows16_p40,results\public_benchmark_v1_ext33_mask_fill_edgewalk_outline_ext_in3_rows16_p40\qd_002\prediction.dst,datasets\public_benchmark_v1_ext33\quickdraw_10\qd_002_mask.png,hard_fail,0.52186722,211,36,5.7329,0,2277.4054,0.0,8242,12300,18312,8240,10072,12142,6170,0.999757,0.449978,0.987154,0.663062,0.336938,2,2,90.0,1.5331063
qd_002,QuickDraw,dog,public_benchmark_v1_ext33_mask_fill_edgewalk_outline_ext_rows16_p40,results\public_benchmark_v1_ext33_mask_fill_edgewalk_outline_ext_rows16_p40\qd_002\prediction.dst,datasets\public_benchmark_v1_ext33\quickdraw_10\qd_002_mask.png,hard_fail,0.51680451,198,34,5.7329,0,2119.1957,0.0,8242,12300,18966,8241,10725,12277,6689,0.999879,0.434514,0.99813,0.647316,0.352684,2,2,90.0,1.47456295
qd_002,QuickDraw,dog,public_benchmark_v1_ext33_mask_fill_edgewalk_outline_rows16_p40,results\public_benchmark_v1_ext33_mask_fill_edgewalk_outline_rows16_p40\qd_002\prediction.dst,datasets\public_benchmark_v1_ext33\quickdraw_10\qd_002_mask.png,hard_fail,0.52066274,209,36,5.7329,0,2239.7652,0.0,8242,12300,19531,8242,11289,12300,7231,1.0,0.421996,1.0,0.629768,0.370232,2,2,90.0,1.52922886
qd_002,QuickDraw,dog,public_benchmark_v1_ext33_mask_fill_edgewalk_rows16_p24,results\public_benchmark_v1_ext33_mask_fill_edgewalk_rows16_p24\qd_002\prediction.dst,datasets\public_benchmark_v1_ext33\quickdraw_10\qd_002_mask.png,hard_fail,0.4106065,263,44,0.4714,0,2681.7267,0.0,8242,12300,15999,8239,7760,12123,3876,0.999636,0.51497,0.98561,0.757735,0.242265,2,2,90.0,1.5780829
qd_002,QuickDraw,dog,public_benchmark_v1_ext33_mask_fill_edgewalk_rows16_p40,results\public_benchmark_v1_ext33_mask_fill_edgewalk_rows16_p40\qd_002\prediction.dst,datasets\public_benchmark_v1_ext33\quickdraw_10\qd_002_mask.png,hard_fail,0.5148855,193,33,5.7329,0,2059.2267,0.0,8242,12300,18304,8239,10065,12137,6167,0.999636,0.45012,0.986748,0.663079,0.336921,2,2,90.0,1.44812186
qd_002,QuickDraw,dog,public_benchmark_v1_ext33_mask_fill_edgewalk_rows20_p24,results\public_benchmark_v1_ext33_mask_fill_edgewalk_rows20_p24\qd_002\prediction.dst,datasets\public_benchmark_v1_ext33\quickdraw_10\qd_002_mask.png,hard_fail,0.40987208,238,39,0.4714,0,2477.0493,0.0,8242,12300,15495,8230,7265,12007,3488,0.998544,0.531139,0.976179,0.774895,0.225105,2,2,90.0,1.46460288
qd_002,QuickDraw,dog,public_benchmark_v1_ext33_mask_fill_edgewalk_satin_w4_s6_i3,results\public_benchmark_v1_ext33_mask_fill_edgewalk_satin_w4_s6_i3\qd_002\prediction.dst,datasets\public_benchmark_v1_ext33\quickdraw_10\qd_002_mask.png,hard_fail,0.52181898,210,36,5.7329,0,2275.8979,0.0,8242,12300,18425,8240,10185,12156,6269,0.999757,0.447218,0.988293,0.659756,0.340244,2,2,90.0,1.52958702
qd_002,QuickDraw,dog,public_benchmark_v1_ext33_mask_fill_edgewalk_satin_w6_s5_i3,results\public_benchmark_v1_ext33_mask_fill_edgewalk_satin_w6_s5_i3\qd_002\prediction.dst,datasets\public_benchmark_v1_ext33\quickdraw_10\qd_002_mask.png,hard_fail,0.52182959,211,36,5.7329,0,2276.2294,0.0,8242,12300,18444,8240,10204,12156,6288,0.999757,0.446758,0.988293,0.659076,0.340924,2,2,90.0,1.53370643
qd_002,QuickDraw,dog,public_benchmark_v1_ext33_mask_fill_edgewalk_satin_w8_s7_i4,results\public_benchmark_v1_ext33_mask_fill_edgewalk_satin_w8_s7_i4\qd_002\prediction.dst,datasets\public_benchmark_v1_ext33\quickdraw_10\qd_002_mask.png,hard_fail,0.51766279,199,34,5.7329,0,2146.0169,0.0,8242,12300,18315,8239,10076,12137,6178,0.999636,0.44985,0.986748,0.662681,0.337319,2,2,90.0,1.47696283
qd_002,QuickDraw,dog,public_benchmark_v1_ext33_mask_fill_edgewalk_satinrail_w10_s8_i5,results\public_benchmark_v1_ext33_mask_fill_edgewalk_satinrail_w10_s8_i5\qd_002\prediction.dst,datasets\public_benchmark_v1_ext33\quickdraw_10\qd_002_mask.png,hard_fail,0.51767208,199,34,5.7329,0,2146.3072,0.0,8242,12300,18304,8239,10065,12137,6167,0.999636,0.45012,0.986748,0.663079,0.336921,2,2,90.0,1.47690844
qd_002,QuickDraw,dog,public_benchmark_v1_ext33_mask_fill_edgewalk_satinrail_w6_s6_i3,results\public_benchmark_v1_ext33_mask_fill_edgewalk_satinrail_w6_s6_i3\qd_002\prediction.dst,datasets\public_benchmark_v1_ext33\quickdraw_10\qd_002_mask.png,hard_fail,0.52179842,211,36,5.7329,0,2275.2552,0.0,8242,12300,18392,8240,10152,12155,6237,0.999757,0.448021,0.988211,0.660885,0.339115,2,2,90.0,1.53338582
qd_002,QuickDraw,dog,public_benchmark_v1_ext33_mask_fill_edgewalk_satinrail_w8_s7_i4,results\public_benchmark_v1_ext33_mask_fill_edgewalk_satinrail_w8_s7_i4\qd_002\prediction.dst,datasets\public_benchmark_v1_ext33\quickdraw_10\qd_002_mask.png,hard_fail,0.51766279,199,34,5.7329,0,2146.0169,0.0,8242,12300,18310,8239,10071,12137,6173,0.999636,0.449973,0.986748,0.662862,0.337138,2,2,90.0,1.47693387
qd_002,QuickDraw,dog,public_benchmark_v1_ext33_mask_fill_edgewalk_styleaware_r008_d45,results\public_benchmark_v1_ext33_mask_fill_edgewalk_styleaware_r008_d45\qd_002\prediction.dst,datasets\public_benchmark_v1_ext33\quickdraw_10\qd_002_mask.png,hard_fail,0.30149149,76,12,0.0,0,921.6092,0.0,8242,12300,11941,7970,3971,10641,1300,0.966998,0.667448,0.865122,0.891131,0.108869,2,2,90.0,0.64093605
qd_002,QuickDraw,dog,public_benchmark_v1_ext33_mask_fill_nearestrow_strict_short_rows16,results\public_benchmark_v1_ext33_mask_fill_nearestrow_strict_short_rows16\qd_002\prediction.dst,datasets\public_benchmark_v1_ext33\quickdraw_10\qd_002_mask.png,pass,0.12850082,14,2,0.0,0,140.6506,0.0,8242,12300,14308,8239,6069,12084,2224,0.999636,0.575832,0.982439,0.844562,0.155438,2,2,90.0,0.1973709
qd_002,QuickDraw,dog,public_benchmark_v1_ext33_mask_fill_rows12_c10,results\public_benchmark_v1_ext33_mask_fill_rows12_c10\qd_002\prediction.dst,datasets\public_benchmark_v1_ext33\quickdraw_10\qd_002_mask.png,hard_fail,0.4,507,70,0.0,0,5055.3183,0.0,8242,12300,14976,8242,6734,12297,2679,1.0,0.550347,0.999756,0.821114,0.178886,2,2,90.0,2.58062176
qd_002,QuickDraw,dog,public_benchmark_v1_ext33_mask_fill_rows12_c6,results\public_benchmark_v1_ext33_mask_fill_rows12_c6\qd_002\prediction.dst,datasets\public_benchmark_v1_ext33\quickdraw_10\qd_002_mask.png,hard_fail,0.4,521,70,0.0,0,5166.3521,0.0,8242,12300,14723,8242,6481,12297,2426,1.0,0.559804,0.999756,0.835224,0.164776,2,2,90.0,2.63436416
qd_002,QuickDraw,dog,public_benchmark_v1_ext33_mask_fill_rows16_c12_in025,results\public_benchmark_v1_ext33_mask_fill_rows16_c12_in025\qd_002\prediction.dst,datasets\public_benchmark_v1_ext33\quickdraw_10\qd_002_mask.png,hard_fail,0.64493333,304,44,10.5738,2,2994.9687,5.8,8242,12300,14582,8239,6343,12087,2495,0.999636,0.565012,0.982683,0.828899,0.171101,2,2,90.0,2.22604749
qd_002,QuickDraw,dog,public_benchmark_v1_ext33_mask_fill_rows16_c12_in050,results\public_benchmark_v1_ext33_mask_fill_rows16_c12_in050\qd_002\prediction.dst,datasets\public_benchmark_v1_ext33\quickdraw_10\qd_002_mask.png,hard_fail,0.64493333,304,44,10.5738,2,2994.9687,5.8,8242,12300,14582,8239,6343,12087,2495,0.999636,0.565012,0.982683,0.828899,0.171101,2,2,90.0,2.22604749
qd_002,QuickDraw,dog,public_benchmark_v1_ext33_mask_fill_rows16_c6,results\public_benchmark_v1_ext33_mask_fill_rows16_c6\qd_002\prediction.dst,datasets\public_benchmark_v1_ext33\quickdraw_10\qd_002_mask.png,hard_fail,0.4,317,44,0.0,0,3115.0745,0.0,8242,12300,13922,8239,5683,12083,1839,0.999636,0.591797,0.982358,0.867907,0.132093,2,2,90.0,1.76113488
qd_002,QuickDraw,dog,public_benchmark_v1_ext33_mask_fill_rows20_c12_in050,results\public_benchmark_v1_ext33_mask_fill_rows20_c12_in050\qd_002\prediction.dst,datasets\public_benchmark_v1_ext33\quickdraw_10\qd_002_mask.png,hard_fail,0.55740942,265,39,5.5619,1,2697.3006,2.8,8242,12300,14155,8227,5928,11890,2265,0.99818,0.581208,0.966667,0.839986,0.160014,2,2,90.0,1.84063066
qd_003,QuickDraw,fish,public_benchmark_v1_core20_auto_hybrid_skeleton_connect12_trimcap20,results\public_benchmark_v1_core20_auto_hybrid_skeleton_connect12_trimcap20\qd_003\prediction.dst,datasets\public_benchmark_v1_ext33\quickdraw_10\qd_003_mask.png,pass,0.1200026,13,2,0.0,0,125.0813,0.0,5046,7947,7756,5015,2741,7427,329,0.993857,0.646596,0.934567,0.957581,0.042419,2,2,90.0,0.17665456
qd_003,QuickDraw,fish,public_benchmark_v1_core20_source_aware_hybrid_skeleton,results\public_benchmark_v1_core20_source_aware_hybrid_skeleton\qd_003\prediction.dst,datasets\public_benchmark_v1_ext33\quickdraw_10\qd_003_mask.png,hard_fail,0.29759316,69,12,0.0,0,799.7862,0.0,5046,7947,7277,4864,2413,7170,107,0.963932,0.668407,0.902227,0.985296,0.014704,2,2,90.0,0.60341136
qd_003,QuickDraw,fish,public_benchmark_v1_core20_source_aware_hybrid_skeleton_connect12,results\public_benchmark_v1_core20_source_aware_hybrid_skeleton_connect12\qd_003\prediction.dst,datasets\public_benchmark_v1_ext33\quickdraw_10\qd_003_mask.png,pass,0.1200026,13,2,0.0,0,125.0813,0.0,5046,7947,7756,5015,2741,7427,329,0.993857,0.646596,0.934567,0.957581,0.042419,2,2,90.0,0.17665456
qd_003,QuickDraw,fish,public_benchmark_v1_core20_source_aware_hybrid_skeleton_connect12_trimcap20,results\public_benchmark_v1_core20_source_aware_hybrid_skeleton_connect12_trimcap20\qd_003\prediction.dst,datasets\public_benchmark_v1_ext33\quickdraw_10\qd_003_mask.png,pass,0.1200026,13,2,0.0,0,125.0813,0.0,5046,7947,7756,5015,2741,7427,329,0.993857,0.646596,0.934567,0.957581,0.042419,2,2,90.0,0.17665456
qd_003,QuickDraw,fish,public_benchmark_v1_ext33_all_skeleton_connect20_trimcap20,results\public_benchmark_v1_ext33_all_skeleton_connect20_trimcap20\qd_003\prediction.dst,datasets\public_benchmark_v1_ext33\quickdraw_10\qd_003_mask.png,pass,0.10351225,11,2,0.0,0,109.7577,0.0,5046,7947,7799,5015,2784,7427,372,0.993857,0.643031,0.934567,0.952302,0.047698,2,2,90.0,0.15216421
qd_003,QuickDraw,fish,public_benchmark_v1_ext33_all_skeleton_connect30_min12_trimcap20,results\public_benchmark_v1_ext33_all_skeleton_connect30_min12_trimcap20\qd_003\prediction.dst,datasets\public_benchmark_v1_ext33\quickdraw_10\qd_003_mask.png,pass,0.10343534,11,2,0.0,0,107.3544,0.0,5046,7947,7431,4741,2690,7089,342,0.939556,0.638003,0.892035,0.953977,0.046023,2,2,90.0,0.16042666
qd_003,QuickDraw,fish,public_benchmark_v1_ext33_all_skeleton_connect30_min20_trimcap20,results\public_benchmark_v1_ext33_all_skeleton_connect30_min20_trimcap20\qd_003\prediction.dst,datasets\public_benchmark_v1_ext33\quickdraw_10\qd_003_mask.png,pass,0.10343534,11,2,0.0,0,107.3544,0.0,5046,7947,7276,4623,2653,6931,345,0.916171,0.635377,0.872153,0.952584,0.047416,2,2,90.0,0.1646833
qd_003,QuickDraw,fish,public_benchmark_v1_ext33_all_skeleton_connect30_min8_trimcap20,results\public_benchmark_v1_ext33_all_skeleton_connect30_min8_trimcap20\qd_003\prediction.dst,datasets\public_benchmark_v1_ext33\quickdraw_10\qd_003_mask.png,pass,0.10343534,11,2,0.0,0,107.3544,0.0,5046,7947,7731,4950,2781,7348,383,0.980975,0.640279,0.924626,0.950459,0.049541,2,2,90.0,0.15328022
qd_003,QuickDraw,fish,public_benchmark_v1_ext33_all_skeleton_connect30_trimcap20,results\public_benchmark_v1_ext33_all_skeleton_connect30_trimcap20\qd_003\prediction.dst,datasets\public_benchmark_v1_ext33\quickdraw_10\qd_003_mask.png,pass,0.10351225,11,2,0.0,0,109.7577,0.0,5046,7947,7799,5015,2784,7427,372,0.993857,0.643031,0.934567,0.952302,0.047698,2,2,90.0,0.15216421
qd_003,QuickDraw,fish,public_benchmark_v1_ext33_auto_hybrid_evalrepair_r10_c20_trimcap20,results\public_benchmark_v1_ext33_auto_hybrid_evalrepair_r10_c20_trimcap20\qd_003\prediction.dst,datasets\public_benchmark_v1_ext33\quickdraw_10\qd_003_mask.png,pass,0.10351225,11,2,0.0,0,109.7577,0.0,5046,7947,7799,5015,2784,7427,372,0.993857,0.643031,0.934567,0.952302,0.047698,2,2,90.0,0.15216421
qd_003,QuickDraw,fish,public_benchmark_v1_ext33_auto_hybrid_evalrepair_r10_inside085_c20_trimcap20,results\public_benchmark_v1_ext33_auto_hybrid_evalrepair_r10_inside085_c20_trimcap20\qd_003\prediction.dst,datasets\public_benchmark_v1_ext33\quickdraw_10\qd_003_mask.png,pass,0.10351225,11,2,0.0,0,109.7577,0.0,5046,7947,7799,5015,2784,7427,372,0.993857,0.643031,0.934567,0.952302,0.047698,2,2,90.0,0.15216421
qd_003,QuickDraw,fish,public_benchmark_v1_ext33_auto_hybrid_evalrepair_r10_inside090_c20_trimcap20,results\public_benchmark_v1_ext33_auto_hybrid_evalrepair_r10_inside090_c20_trimcap20\qd_003\prediction.dst,datasets\public_benchmark_v1_ext33\quickdraw_10\qd_003_mask.png,pass,0.10351225,11,2,0.0,0,109.7577,0.0,5046,7947,7799,5015,2784,7427,372,0.993857,0.643031,0.934567,0.952302,0.047698,2,2,90.0,0.15216421
qd_003,QuickDraw,fish,public_benchmark_v1_ext33_auto_hybrid_evalrepair_r15_c20_trimcap20,results\public_benchmark_v1_ext33_auto_hybrid_evalrepair_r15_c20_trimcap20\qd_003\prediction.dst,datasets\public_benchmark_v1_ext33\quickdraw_10\qd_003_mask.png,pass,0.10351225,11,2,0.0,0,109.7577,0.0,5046,7947,7799,5015,2784,7427,372,0.993857,0.643031,0.934567,0.952302,0.047698,2,2,90.0,0.15216421
qd_003,QuickDraw,fish,public_benchmark_v1_ext33_auto_hybrid_evalrepair_r15_inside090_c20_trimcap20,results\public_benchmark_v1_ext33_auto_hybrid_evalrepair_r15_inside090_c20_trimcap20\qd_003\prediction.dst,datasets\public_benchmark_v1_ext33\quickdraw_10\qd_003_mask.png,pass,0.10351225,11,2,0.0,0,109.7577,0.0,5046,7947,7799,5015,2784,7427,372,0.993857,0.643031,0.934567,0.952302,0.047698,2,2,90.0,0.15216421
qd_003,QuickDraw,fish,public_benchmark_v1_ext33_auto_hybrid_r10_c16_trimcap20,results\public_benchmark_v1_ext33_auto_hybrid_r10_c16_trimcap20\qd_003\prediction.dst,datasets\public_benchmark_v1_ext33\quickdraw_10\qd_003_mask.png,pass,0.10351225,11,2,0.0,0,109.7577,0.0,5046,7947,7799,5015,2784,7427,372,0.993857,0.643031,0.934567,0.952302,0.047698,2,2,90.0,0.15216421
qd_003,QuickDraw,fish,public_benchmark_v1_ext33_auto_hybrid_r10_c20_trimcap20,results\public_benchmark_v1_ext33_auto_hybrid_r10_c20_trimcap20\qd_003\prediction.dst,datasets\public_benchmark_v1_ext33\quickdraw_10\qd_003_mask.png,pass,0.10351225,11,2,0.0,0,109.7577,0.0,5046,7947,7799,5015,2784,7427,372,0.993857,0.643031,0.934567,0.952302,0.047698,2,2,90.0,0.15216421
qd_003,QuickDraw,fish,public_benchmark_v1_ext33_auto_hybrid_r125_c16_trimcap20,results\public_benchmark_v1_ext33_auto_hybrid_r125_c16_trimcap20\qd_003\prediction.dst,datasets\public_benchmark_v1_ext33\quickdraw_10\qd_003_mask.png,pass,0.10351225,11,2,0.0,0,109.7577,0.0,5046,7947,7799,5015,2784,7427,372,0.993857,0.643031,0.934567,0.952302,0.047698,2,2,90.0,0.15216421
qd_003,QuickDraw,fish,public_benchmark_v1_ext33_auto_hybrid_r125_c20_trimcap20,results\public_benchmark_v1_ext33_auto_hybrid_r125_c20_trimcap20\qd_003\prediction.dst,datasets\public_benchmark_v1_ext33\quickdraw_10\qd_003_mask.png,pass,0.10351225,11,2,0.0,0,109.7577,0.0,5046,7947,7799,5015,2784,7427,372,0.993857,0.643031,0.934567,0.952302,0.047698,2,2,90.0,0.15216421
qd_003,QuickDraw,fish,public_benchmark_v1_ext33_auto_hybrid_skeleton_connect12_trimcap20,results\public_benchmark_v1_ext33_auto_hybrid_skeleton_connect12_trimcap20\qd_003\prediction.dst,datasets\public_benchmark_v1_ext33\quickdraw_10\qd_003_mask.png,pass,0.1200026,13,2,0.0,0,125.0813,0.0,5046,7947,7756,5015,2741,7427,329,0.993857,0.646596,0.934567,0.957581,0.042419,2,2,90.0,0.17665456
qd_003,QuickDraw,fish,public_benchmark_v1_ext33_b0_m2_1_globalrepair20,results\public_benchmark_v1_ext33_b0_m2_1_globalrepair20\qd_003\prediction.dst,datasets\public_benchmark_v1_ext33\quickdraw_10\qd_003_mask.png,hard_fail,0.44099086,15,3,3425.707,768,93.4645,2810.5417,5046,7947,17728,4942,12786,7301,10427,0.97939,0.278768,0.918711,0.411834,0.588166,2,2,90.0,96.2847709
qd_003,QuickDraw,fish,public_benchmark_v1_ext33_m2_4_coverage_rerank,results\public_benchmark_v1_ext33_m2_4_coverage_rerank\qd_003\prediction.dst,datasets\public_benchmark_v1_ext33\quickdraw_10\qd_003_mask.png,pass,0.10351225,11,2,0.0,0,109.7577,0.0,5046,7947,7799,5015,2784,7427,372,0.993857,0.643031,0.934567,0.952302,0.047698,2,2,90.0,0.15216421
qd_003,QuickDraw,fish,public_benchmark_v1_ext33_m2_4_coverage_rerank_connect30,results\public_benchmark_v1_ext33_m2_4_coverage_rerank_connect30\qd_003\prediction.dst,datasets\public_benchmark_v1_ext33\quickdraw_10\qd_003_mask.png,pass,0.10351225,11,2,0.0,0,109.7577,0.0,5046,7947,7799,5015,2784,7427,372,0.993857,0.643031,0.934567,0.952302,0.047698,2,2,90.0,0.15216421
qd_003,QuickDraw,fish,public_benchmark_v1_ext33_m2_4_coverage_rerank_min12,results\public_benchmark_v1_ext33_m2_4_coverage_rerank_min12\qd_003\prediction.dst,datasets\public_benchmark_v1_ext33\quickdraw_10\qd_003_mask.png,pass,0.10351225,11,2,0.0,0,109.7577,0.0,5046,7947,7799,5015,2784,7427,372,0.993857,0.643031,0.934567,0.952302,0.047698,2,2,90.0,0.15216421
qd_003,QuickDraw,fish,public_benchmark_v1_ext33_m2_4_coverage_rerank_min20,results\public_benchmark_v1_ext33_m2_4_coverage_rerank_min20\qd_003\prediction.dst,datasets\public_benchmark_v1_ext33\quickdraw_10\qd_003_mask.png,pass,0.10351225,11,2,0.0,0,109.7577,0.0,5046,7947,7799,5015,2784,7427,372,0.993857,0.643031,0.934567,0.952302,0.047698,2,2,90.0,0.15216421
qd_003,QuickDraw,fish,public_benchmark_v1_ext33_m2_4_coverage_rerank_min8,results\public_benchmark_v1_ext33_m2_4_coverage_rerank_min8\qd_003\prediction.dst,datasets\public_benchmark_v1_ext33\quickdraw_10\qd_003_mask.png,pass,0.10351225,11,2,0.0,0,109.7577,0.0,5046,7947,7799,5015,2784,7427,372,0.993857,0.643031,0.934567,0.952302,0.047698,2,2,90.0,0.15216421
qd_003,QuickDraw,fish,public_benchmark_v1_ext33_m2_51_sweeptuned_gate_balanced_applied,results\public_benchmark_v1_ext33_m2_51_sweeptuned_gate_balanced_applied\qd_003\prediction.dst,datasets\public_benchmark_v1_ext33\quickdraw_10\qd_003_mask.png,excellent,0.04986571,6,0,0.0,0,58.3034,0.0,5046,7947,16064,5046,11018,7947,8117,1.0,0.314119,1.0,0.494709,0.505291,2,2,90.0,0.13871227
qd_003,QuickDraw,fish,public_benchmark_v1_ext33_m2_51_sweeptuned_gate_low_jump_applied,results\public_benchmark_v1_ext33_m2_51_sweeptuned_gate_low_jump_applied\qd_003\prediction.dst,datasets\public_benchmark_v1_ext33\quickdraw_10\qd_003_mask.png,excellent,0.04986571,6,0,0.0,0,58.3034,0.0,5046,7947,16064,5046,11018,7947,8117,1.0,0.314119,1.0,0.494709,0.505291,2,2,90.0,0.13871227
qd_003,QuickDraw,fish,public_benchmark_v1_ext33_m2_55_line_domain_guard_low_jump,results\public_benchmark_v1_ext33_m2_55_line_domain_guard_low_jump\qd_003\prediction.dst,datasets\public_benchmark_v1_ext33\quickdraw_10\qd_003_mask.png,excellent,0.04986571,6,0,0.0,0,58.3034,0.0,5046,7947,16064,5046,11018,7947,8117,1.0,0.314119,1.0,0.494709,0.505291,2,2,90.0,0.13871227
qd_003,QuickDraw,fish,public_benchmark_v1_ext33_m2_56_line_stroke_d0_c12_i090,results\public_benchmark_v1_ext33_m2_56_line_stroke_d0_c12_i090\qd_003\prediction.dst,datasets\public_benchmark_v1_ext33\quickdraw_10\qd_003_mask.png,pass,0.1365082,15,2,0.0,0,140.8811,0.0,5046,7947,7426,4949,2477,7317,109,0.980777,0.666442,0.920725,0.985322,0.014678,2,2,90.0,0.2028212
qd_003,QuickDraw,fish,public_benchmark_v1_ext33_m2_56_line_stroke_d0_c12_i090_min12,results\public_benchmark_v1_ext33_m2_56_line_stroke_d0_c12_i090_min12\qd_003\prediction.dst,datasets\public_benchmark_v1_ext33\quickdraw_10\qd_003_mask.png,pass,0.12829478,14,2,0.0,0,134.212,0.0,5046,7947,7157,4734,2423,7050,107,0.938169,0.66145,0.887127,0.98505,0.01495,2,2,90.0,0.19798602
qd_003,QuickDraw,fish,public_benchmark_v1_ext33_m2_56_line_stroke_d0_c12_i090_min20,results\public_benchmark_v1_ext33_m2_56_line_stroke_d0_c12_i090_min20\qd_003\prediction.dst,datasets\public_benchmark_v1_ext33\quickdraw_10\qd_003_mask.png,pass,0.12828856,14,2,0.0,0,134.0175,0.0,5046,7947,6984,4608,2376,6877,107,0.913199,0.659794,0.865358,0.984679,0.015321,2,2,90.0,0.20258968
qd_003,QuickDraw,fish,public_benchmark_v1_ext33_m2_56_line_stroke_d0_c12_i090_min30,results\public_benchmark_v1_ext33_m2_56_line_stroke_d0_c12_i090_min30\qd_003\prediction.dst,datasets\public_benchmark_v1_ext33\quickdraw_10\qd_003_mask.png,pass,0.12828856,14,2,0.0,0,134.0175,0.0,5046,7947,6984,4608,2376,6877,107,0.913199,0.659794,0.865358,0.984679,0.015321,2,2,90.0,0.20258968
qd_003,QuickDraw,fish,public_benchmark_v1_ext33_m2_56_line_stroke_d0_c8_i095,results\public_benchmark_v1_ext33_m2_56_line_stroke_d0_c8_i095\qd_003\prediction.dst,datasets\public_benchmark_v1_ext33\quickdraw_10\qd_003_mask.png,warning,0.153165,17,2,0.0,0,161.4062,0.0,5046,7947,7284,4864,2420,7177,107,0.963932,0.667765,0.903108,0.98531,0.01469,2,2,90.0,0.23087748
qd_003,QuickDraw,fish,public_benchmark_v1_ext33_m2_56_line_stroke_d1_c10_i090,results\public_benchmark_v1_ext33_m2_56_line_stroke_d1_c10_i090\qd_003\prediction.dst,datasets\public_benchmark_v1_ext33\quickdraw_10\qd_003_mask.png,warning,0.153165,17,2,0.0,0,161.4062,0.0,5046,7947,7284,4864,2420,7177,107,0.963932,0.667765,0.903108,0.98531,0.01469,2,2,90.0,0.23087748
qd_003,QuickDraw,fish,public_benchmark_v1_ext33_m2_56_line_stroke_d1_c12_i090_min20,results\public_benchmark_v1_ext33_m2_56_line_stroke_d1_c12_i090_min20\qd_003\prediction.dst,datasets\public_benchmark_v1_ext33\quickdraw_10\qd_003_mask.png,pass,0.12828856,14,2,0.0,0,134.0175,0.0,5046,7947,6984,4608,2376,6877,107,0.913199,0.659794,0.865358,0.984679,0.015321,2,2,90.0,0.20258968
qd_003,QuickDraw,fish,public_benchmark_v1_ext33_m2_56_line_stroke_d1_c6_i095,results\public_benchmark_v1_ext33_m2_56_line_stroke_d1_c6_i095\qd_003\prediction.dst,datasets\public_benchmark_v1_ext33\quickdraw_10\qd_003_mask.png,warning,0.15306916,17,2,0.0,0,158.4112,0.0,5046,7947,7208,4797,2411,7101,107,0.950654,0.665511,0.893545,0.985155,0.014845,2,2,90.0,0.23299144
qd_003,QuickDraw,fish,public_benchmark_v1_ext33_m2_56_line_stroke_d2_c12_i085_min20,results\public_benchmark_v1_ext33_m2_56_line_stroke_d2_c12_i085_min20\qd_003\prediction.dst,datasets\public_benchmark_v1_ext33\quickdraw_10\qd_003_mask.png,pass,0.12828856,14,2,0.0,0,134.0175,0.0,5046,7947,6984,4608,2376,6877,107,0.913199,0.659794,0.865358,0.984679,0.015321,2,2,90.0,0.20258968
qd_003,QuickDraw,fish,public_benchmark_v1_ext33_m2_56_line_stroke_d3_c18,results\public_benchmark_v1_ext33_m2_56_line_stroke_d3_c18\qd_003\prediction.dst,datasets\public_benchmark_v1_ext33\quickdraw_10\qd_003_mask.png,hard_fail,0.39506461,12,2,16.5491,4,117.044,11.6596,5046,7947,7714,5015,2699,7419,295,0.993857,0.650117,0.93356,0.961758,0.038242,2,2,90.0,0.93332841
qd_003,QuickDraw,fish,public_benchmark_v1_ext33_m2_56_line_stroke_selector_probe,results\public_benchmark_v1_ext33_m2_56_line_stroke_selector_probe\qd_003\prediction.dst,datasets\public_benchmark_v1_ext33\quickdraw_10\qd_003_mask.png,excellent,0.04986571,6,0,0.0,0,58.3034,0.0,5046,7947,16064,5046,11018,7947,8117,1.0,0.314119,1.0,0.494709,0.505291,2,2,90.0,0.13871227
qd_003,QuickDraw,fish,public_benchmark_v1_ext33_m2_57_topology_open_d0_c12_i090_min12,results\public_benchmark_v1_ext33_m2_57_topology_open_d0_c12_i090_min12\qd_003\prediction.dst,datasets\public_benchmark_v1_ext33\quickdraw_10\qd_003_mask.png,pass,0.13062002,15,1,0.0,0,144.3757,0.0,5046,7947,7211,4777,2434,7101,110,0.94669,0.66246,0.893545,0.984746,0.015254,2,2,90.0,0.20085942
qd_003,QuickDraw,fish,public_benchmark_v1_ext33_m2_57_topology_open_d0_c12_i090_min20,results\public_benchmark_v1_ext33_m2_57_topology_open_d0_c12_i090_min20\qd_003\prediction.dst,datasets\public_benchmark_v1_ext33\quickdraw_10\qd_003_mask.png,pass,0.13064927,15,1,0.0,0,145.2896,0.0,5046,7947,7007,4625,2382,6899,108,0.916568,0.660054,0.868126,0.984587,0.015413,2,2,90.0,0.20634871
qd_003,QuickDraw,fish,public_benchmark_v1_ext33_m2_57_topology_open_d0_c12_i090_min30,results\public_benchmark_v1_ext33_m2_57_topology_open_d0_c12_i090_min30\qd_003\prediction.dst,datasets\public_benchmark_v1_ext33\quickdraw_10\qd_003_mask.png,pass,0.13064927,15,1,0.0,0,145.2896,0.0,5046,7947,7007,4625,2382,6899,108,0.916568,0.660054,0.868126,0.984587,0.015413,2,2,90.0,0.20634871
qd_003,QuickDraw,fish,public_benchmark_v1_ext33_m2_57_topology_open_d0_c16_i085_min20,results\public_benchmark_v1_ext33_m2_57_topology_open_d0_c16_i085_min20\qd_003\prediction.dst,datasets\public_benchmark_v1_ext33\quickdraw_10\qd_003_mask.png,pass,0.13064927,15,1,0.0,0,145.2896,0.0,5046,7947,7007,4625,2382,6899,108,0.916568,0.660054,0.868126,0.984587,0.015413,2,2,90.0,0.20634871
qd_003,QuickDraw,fish,public_benchmark_v1_ext33_m2_57_topology_open_d0_c20_i080_min30,results\public_benchmark_v1_ext33_m2_57_topology_open_d0_c20_i080_min30\qd_003\prediction.dst,datasets\public_benchmark_v1_ext33\quickdraw_10\qd_003_mask.png,pass,0.13064927,15,1,0.0,0,145.2896,0.0,5046,7947,7007,4625,2382,6899,108,0.916568,0.660054,0.868126,0.984587,0.015413,2,2,90.0,0.20634871
qd_003,QuickDraw,fish,public_benchmark_v1_ext33_m2_57_topology_open_d0_c20_i080_min40,results\public_benchmark_v1_ext33_m2_57_topology_open_d0_c20_i080_min40\qd_003\prediction.dst,datasets\public_benchmark_v1_ext33\quickdraw_10\qd_003_mask.png,pass,0.12065822,13,2,0.0,0,145.5694,0.0,5046,7947,5664,3766,1898,5589,75,0.746334,0.664901,0.703284,0.986758,0.013242,2,2,90.0,0.22375742
qd_003,QuickDraw,fish,public_benchmark_v1_ext33_m2_57_topology_open_d0_c24_i075_min40,results\public_benchmark_v1_ext33_m2_57_topology_open_d0_c24_i075_min40\qd_003\prediction.dst,datasets\public_benchmark_v1_ext33\quickdraw_10\qd_003_mask.png,pass,0.12065822,13,2,0.0,0,145.5694,0.0,5046,7947,5664,3766,1898,5589,75,0.746334,0.664901,0.703284,0.986758,0.013242,2,2,90.0,0.22375742
qd_003,QuickDraw,fish,public_benchmark_v1_ext33_m2_57_topology_open_d0_c24_i075_min60,results\public_benchmark_v1_ext33_m2_57_topology_open_d0_c24_i075_min60\qd_003\prediction.dst,datasets\public_benchmark_v1_ext33\quickdraw_10\qd_003_mask.png,excellent,0.07241251,8,1,0.0,0,75.391,0.0,5046,7947,4751,3182,1569,4702,49,0.630598,0.669754,0.59167,0.989686,0.010314,2,2,90.0,0.17616427
qd_003,QuickDraw,fish,public_benchmark_v1_ext33_m2_57_topology_open_d0_c30_i070_min100,results\public_benchmark_v1_ext33_m2_57_topology_open_d0_c30_i070_min100\qd_003\prediction.dst,datasets\public_benchmark_v1_ext33\quickdraw_10\qd_003_mask.png,excellent,0.03317388,4,0,0.0,0,36.6838,0.0,5046,7947,4082,2771,1311,4062,20,0.549148,0.678834,0.511136,0.9951,0.0049,2,2,90.0,0.13510572
qd_003,QuickDraw,fish,public_benchmark_v1_ext33_m2_57_topology_open_d0_c30_i070_min80,results\public_benchmark_v1_ext33_m2_57_topology_open_d0_c30_i070_min80\qd_003\prediction.dst,datasets\public_benchmark_v1_ext33\quickdraw_10\qd_003_mask.png,excellent,0.07241251,8,1,0.0,0,75.391,0.0,5046,7947,4751,3182,1569,4702,49,0.630598,0.669754,0.59167,0.989686,0.010314,2,2,90.0,0.17616427
qd_003,QuickDraw,fish,public_benchmark_v1_ext33_m2_57_topology_open_d1_c16_i085_min20,results\public_benchmark_v1_ext33_m2_57_topology_open_d1_c16_i085_min20\qd_003\prediction.dst,datasets\public_benchmark_v1_ext33\quickdraw_10\qd_003_mask.png,pass,0.13064927,15,1,0.0,0,145.2896,0.0,5046,7947,7007,4625,2382,6899,108,0.916568,0.660054,0.868126,0.984587,0.015413,2,2,90.0,0.20634871
qd_003,QuickDraw,fish,public_benchmark_v1_ext33_m2_57_topology_open_d1_c20_i080_min20,results\public_benchmark_v1_ext33_m2_57_topology_open_d1_c20_i080_min20\qd_003\prediction.dst,datasets\public_benchmark_v1_ext33\quickdraw_10\qd_003_mask.png,pass,0.13064927,15,1,0.0,0,145.2896,0.0,5046,7947,7007,4625,2382,6899,108,0.916568,0.660054,0.868126,0.984587,0.015413,2,2,90.0,0.20634871
qd_003,QuickDraw,fish,public_benchmark_v1_ext33_m2_57_topology_open_d1_c24_i070_min60,results\public_benchmark_v1_ext33_m2_57_topology_open_d1_c24_i070_min60\qd_003\prediction.dst,datasets\public_benchmark_v1_ext33\quickdraw_10\qd_003_mask.png,excellent,0.07241251,8,1,0.0,0,75.391,0.0,5046,7947,4751,3182,1569,4702,49,0.630598,0.669754,0.59167,0.989686,0.010314,2,2,90.0,0.17616427
qd_003,QuickDraw,fish,public_benchmark_v1_ext33_m2_57_topology_open_d1_c24_i075_min40,results\public_benchmark_v1_ext33_m2_57_topology_open_d1_c24_i075_min40\qd_003\prediction.dst,datasets\public_benchmark_v1_ext33\quickdraw_10\qd_003_mask.png,pass,0.12065822,13,2,0.0,0,145.5694,0.0,5046,7947,5664,3766,1898,5589,75,0.746334,0.664901,0.703284,0.986758,0.013242,2,2,90.0,0.22375742
qd_003,QuickDraw,fish,public_benchmark_v1_ext33_m2_57_topology_open_d1_c30_i065_min80,results\public_benchmark_v1_ext33_m2_57_topology_open_d1_c30_i065_min80\qd_003\prediction.dst,datasets\public_benchmark_v1_ext33\quickdraw_10\qd_003_mask.png,excellent,0.07241251,8,1,0.0,0,75.391,0.0,5046,7947,4751,3182,1569,4702,49,0.630598,0.669754,0.59167,0.989686,0.010314,2,2,90.0,0.17616427
qd_003,QuickDraw,fish,public_benchmark_v1_ext33_m2_57_topology_open_d2_c20_i075_min20,results\public_benchmark_v1_ext33_m2_57_topology_open_d2_c20_i075_min20\qd_003\prediction.dst,datasets\public_benchmark_v1_ext33\quickdraw_10\qd_003_mask.png,hard_fail,0.350673,12,1,10.005,2,126.6271,5.6438,5046,7947,7134,4629,2505,6919,215,0.91736,0.648865,0.870643,0.969863,0.030137,2,2,90.0,0.67405704
qd_003,QuickDraw,fish,public_benchmark_v1_ext33_m2_57_topology_relative_rescue,results\public_benchmark_v1_ext33_m2_57_topology_relative_rescue\qd_003\prediction.dst,datasets\public_benchmark_v1_ext33\quickdraw_10\qd_003_mask.png,excellent,0.04986571,6,0,0.0,0,58.3034,0.0,5046,7947,16064,5046,11018,7947,8117,1.0,0.314119,1.0,0.494709,0.505291,2,2,90.0,0.13871227
qd_003,QuickDraw,fish,public_benchmark_v1_ext33_m2_57_topology_selector_probe_min100,results\public_benchmark_v1_ext33_m2_57_topology_selector_probe_min100\qd_003\prediction.dst,datasets\public_benchmark_v1_ext33\quickdraw_10\qd_003_mask.png,excellent,0.04986571,6,0,0.0,0,58.3034,0.0,5046,7947,16064,5046,11018,7947,8117,1.0,0.314119,1.0,0.494709,0.505291,2,2,90.0,0.13871227
qd_003,QuickDraw,fish,public_benchmark_v1_ext33_m2_57_topology_selector_probe_min100_j14,results\public_benchmark_v1_ext33_m2_57_topology_selector_probe_min100_j14\qd_003\prediction.dst,datasets\public_benchmark_v1_ext33\quickdraw_10\qd_003_mask.png,excellent,0.04986571,6,0,0.0,0,58.3034,0.0,5046,7947,16064,5046,11018,7947,8117,1.0,0.314119,1.0,0.494709,0.505291,2,2,90.0,0.13871227
qd_003,QuickDraw,fish,public_benchmark_v1_ext33_m2_58_coverage_aware_relative_rescue,results\public_benchmark_v1_ext33_m2_58_coverage_aware_relative_rescue\qd_003\prediction.dst,datasets\public_benchmark_v1_ext33\quickdraw_10\qd_003_mask.png,excellent,0.04986571,6,0,0.0,0,58.3034,0.0,5046,7947,16064,5046,11018,7947,8117,1.0,0.314119,1.0,0.494709,0.505291,2,2,90.0,0.13871227
qd_003,QuickDraw,fish,public_benchmark_v1_ext33_m2_59_anchored_quality_rescue_selector,results\public_benchmark_v1_ext33_m2_59_anchored_quality_rescue_selector\qd_003\prediction.dst,datasets\public_benchmark_v1_ext33\quickdraw_10\qd_003_mask.png,excellent,0.04986571,6,0,0.0,0,58.3034,0.0,5046,7947,16064,5046,11018,7947,8117,1.0,0.314119,1.0,0.494709,0.505291,2,2,90.0,0.13871227
qd_003,QuickDraw,fish,public_benchmark_v1_ext33_m2_59_grouped_topology_g_d0_c16_i085_s4_min12_p80,results\public_benchmark_v1_ext33_m2_59_grouped_topology_g_d0_c16_i085_s4_min12_p80\qd_003\prediction.dst,datasets\public_benchmark_v1_ext33\quickdraw_10\qd_003_mask.png,pass,0.13062947,15,1,0.0,0,144.6708,0.0,5046,7947,7209,4775,2434,7099,110,0.946294,0.662366,0.893293,0.984741,0.015259,2,2,90.0,0.20093079
qd_003,QuickDraw,fish,public_benchmark_v1_ext33_m2_59_grouped_topology_g_d0_c16_i090_s3_min20_p80,results\public_benchmark_v1_ext33_m2_59_grouped_topology_g_d0_c16_i090_s3_min20_p80\qd_003\prediction.dst,datasets\public_benchmark_v1_ext33\quickdraw_10\qd_003_mask.png,pass,0.13065404,15,1,0.0,0,145.4388,0.0,5046,7947,7007,4625,2382,6899,108,0.916568,0.660054,0.868126,0.984587,0.015413,2,2,90.0,0.20635348
qd_003,QuickDraw,fish,public_benchmark_v1_ext33_m2_59_grouped_topology_g_d0_c18_i092_s4_min12_p100,results\public_benchmark_v1_ext33_m2_59_grouped_topology_g_d0_c18_i092_s4_min12_p100\qd_003\prediction.dst,datasets\public_benchmark_v1_ext33\quickdraw_10\qd_003_mask.png,pass,0.13062947,15,1,0.0,0,144.6708,0.0,5046,7947,7209,4775,2434,7099,110,0.946294,0.662366,0.893293,0.984741,0.015259,2,2,90.0,0.20093079
qd_003,QuickDraw,fish,public_benchmark_v1_ext33_m2_59_grouped_topology_g_d0_c18_i095_s3_min12_p120,results\public_benchmark_v1_ext33_m2_59_grouped_topology_g_d0_c18_i095_s3_min12_p120\qd_003\prediction.dst,datasets\public_benchmark_v1_ext33\quickdraw_10\qd_003_mask.png,pass,0.13062947,15,1,0.0,0,144.6708,0.0,5046,7947,7209,4775,2434,7099,110,0.946294,0.662366,0.893293,0.984741,0.015259,2,2,90.0,0.20093079
qd_003,QuickDraw,fish,public_benchmark_v1_ext33_m2_59_grouped_topology_g_d0_c20_i080_s5_min12_p80,results\public_benchmark_v1_ext33_m2_59_grouped_topology_g_d0_c20_i080_s5_min12_p80\qd_003\prediction.dst,datasets\public_benchmark_v1_ext33\quickdraw_10\qd_003_mask.png,pass,0.13062947,15,1,0.0,0,144.6708,0.0,5046,7947,7209,4775,2434,7099,110,0.946294,0.662366,0.893293,0.984741,0.015259,2,2,90.0,0.20093079
qd_003,QuickDraw,fish,public_benchmark_v1_ext33_m2_59_grouped_topology_g_d0_c20_i090_s4_min12_p100,results\public_benchmark_v1_ext33_m2_59_grouped_topology_g_d0_c20_i090_s4_min12_p100\qd_003\prediction.dst,datasets\public_benchmark_v1_ext33\quickdraw_10\qd_003_mask.png,pass,0.13062947,15,1,0.0,0,144.6708,0.0,5046,7947,7209,4775,2434,7099,110,0.946294,0.662366,0.893293,0.984741,0.015259,2,2,90.0,0.20093079
qd_003,QuickDraw,fish,public_benchmark_v1_ext33_m2_59_grouped_topology_g_d0_c20_i095_s4_min12_p100,results\public_benchmark_v1_ext33_m2_59_grouped_topology_g_d0_c20_i095_s4_min12_p100\qd_003\prediction.dst,datasets\public_benchmark_v1_ext33\quickdraw_10\qd_003_mask.png,pass,0.13062947,15,1,0.0,0,144.6708,0.0,5046,7947,7209,4775,2434,7099,110,0.946294,0.662366,0.893293,0.984741,0.015259,2,2,90.0,0.20093079
qd_003,QuickDraw,fish,public_benchmark_v1_ext33_m2_59_grouped_topology_g_d0_c24_i075_s6_min20_p80,results\public_benchmark_v1_ext33_m2_59_grouped_topology_g_d0_c24_i075_s6_min20_p80\qd_003\prediction.dst,datasets\public_benchmark_v1_ext33\quickdraw_10\qd_003_mask.png,pass,0.17326072,14,1,2.2556,0,140.9288,0.0,5046,7947,7053,4628,2425,6917,136,0.917162,0.656175,0.870391,0.980717,0.019283,2,2,90.0,0.26719684
qd_003,QuickDraw,fish,public_benchmark_v1_ext33_m2_59_grouped_topology_g_d0_c30_i070_s8_min30_p100,results\public_benchmark_v1_ext33_m2_59_grouped_topology_g_d0_c30_i070_s8_min30_p100\qd_003\prediction.dst,datasets\public_benchmark_v1_ext33\quickdraw_10\qd_003_mask.png,pass,0.17326072,14,1,2.2556,0,140.9288,0.0,5046,7947,7053,4628,2425,6917,136,0.917162,0.656175,0.870391,0.980717,0.019283,2,2,90.0,0.26719684
qd_003,QuickDraw,fish,public_benchmark_v1_ext33_m2_59_grouped_topology_g_d1_c20_i075_s5_min12_p80,results\public_benchmark_v1_ext33_m2_59_grouped_topology_g_d1_c20_i075_s5_min12_p80\qd_003\prediction.dst,datasets\public_benchmark_v1_ext33\quickdraw_10\qd_003_mask.png,pass,0.1732267,14,1,2.2556,0,139.8657,0.0,5046,7947,7257,4780,2477,7119,138,0.947285,0.658674,0.89581,0.980984,0.019016,2,2,90.0,0.2617027
qd_003,QuickDraw,fish,public_benchmark_v1_ext33_m2_59_quality_rescue_selector,results\public_benchmark_v1_ext33_m2_59_quality_rescue_selector\qd_003\prediction.dst,datasets\public_benchmark_v1_ext33\quickdraw_10\qd_003_mask.png,excellent,0.04986571,6,0,0.0,0,58.3034,0.0,5046,7947,16064,5046,11018,7947,8117,1.0,0.314119,1.0,0.494709,0.505291,2,2,90.0,0.13871227
qd_003,QuickDraw,fish,public_benchmark_v1_ext33_m2_5_learned_selector_applied,results\public_benchmark_v1_ext33_m2_5_learned_selector_applied\qd_003\prediction.dst,datasets\public_benchmark_v1_ext33\quickdraw_10\qd_003_mask.png,pass,0.10343534,11,2,0.0,0,107.3544,0.0,5046,7947,7431,4741,2690,7089,342,0.939556,0.638003,0.892035,0.953977,0.046023,2,2,90.0,0.16042666
qd_003,QuickDraw,fish,public_benchmark_v1_ext33_m2_60_maskpath_combo_rescue_selector,results\public_benchmark_v1_ext33_m2_60_maskpath_combo_rescue_selector\qd_003\prediction.dst,datasets\public_benchmark_v1_ext33\quickdraw_10\qd_003_mask.png,excellent,0.04986571,6,0,0.0,0,58.3034,0.0,5046,7947,16064,5046,11018,7947,8117,1.0,0.314119,1.0,0.494709,0.505291,2,2,90.0,0.13871227
qd_003,QuickDraw,fish,public_benchmark_v1_ext33_m2_60_maskpath_mp_d0_r0_c20_i095_route24_f20_min12,results\public_benchmark_v1_ext33_m2_60_maskpath_mp_d0_r0_c20_i095_route24_f20_min12\qd_003\prediction.dst,datasets\public_benchmark_v1_ext33\quickdraw_10\qd_003_mask.png,pass,0.13062947,15,1,0.0,0,144.6708,0.0,5046,7947,7209,4775,2434,7099,110,0.946294,0.662366,0.893293,0.984741,0.015259,2,2,90.0,0.20093079
qd_003,QuickDraw,fish,public_benchmark_v1_ext33_m2_60_maskpath_mp_d0_r0_c20_i095_route32_f26_min12,results\public_benchmark_v1_ext33_m2_60_maskpath_mp_d0_r0_c20_i095_route32_f26_min12\qd_003\prediction.dst,datasets\public_benchmark_v1_ext33\quickdraw_10\qd_003_mask.png,pass,0.11420583,13,1,0.0,0,131.4323,0.0,5046,7947,7303,4789,2514,7126,177,0.949069,0.655758,0.896691,0.975763,0.024237,2,2,90.0,0.17587739
qd_003,QuickDraw,fish,public_benchmark_v1_ext33_m2_60_maskpath_mp_d0_r0_c20_i095_route32_f26_min20,results\public_benchmark_v1_ext33_m2_60_maskpath_mp_d0_r0_c20_i095_route32_f26_min20\qd_003\prediction.dst,datasets\public_benchmark_v1_ext33\quickdraw_10\qd_003_mask.png,pass,0.11420583,13,1,0.0,0,131.4323,0.0,5046,7947,7078,4641,2437,6916,162,0.919738,0.655694,0.870266,0.977112,0.022888,2,2,90.0,0.18139487
qd_003,QuickDraw,fish,public_benchmark_v1_ext33_m2_60_maskpath_mp_d0_r0_c24_i090_route36_f30_min12,results\public_benchmark_v1_ext33_m2_60_maskpath_mp_d0_r0_c24_i090_route36_f30_min12\qd_003\prediction.dst,datasets\public_benchmark_v1_ext33\quickdraw_10\qd_003_mask.png,pass,0.11420583,13,1,0.0,0,131.4323,0.0,5046,7947,7303,4789,2514,7126,177,0.949069,0.655758,0.896691,0.975763,0.024237,2,2,90.0,0.17587739
qd_003,QuickDraw,fish,public_benchmark_v1_ext33_m2_60_maskpath_mp_d0_r1_c20_i095_route32_f26_min12,results\public_benchmark_v1_ext33_m2_60_maskpath_mp_d0_r1_c20_i095_route32_f26_min12\qd_003\prediction.dst,datasets\public_benchmark_v1_ext33\quickdraw_10\qd_003_mask.png,hard_fail,0.29420583,13,1,9.2855,0,131.4323,0.0,5046,7947,7311,4784,2527,7121,190,0.948078,0.654356,0.896061,0.974012,0.025988,2,2,90.0,0.44888727
qd_003,QuickDraw,fish,public_benchmark_v1_ext33_m2_60_maskpath_mp_d0_r1_c24_i090_route36_f30_min12,results\public_benchmark_v1_ext33_m2_60_maskpath_mp_d0_r1_c24_i090_route36_f30_min12\qd_003\prediction.dst,datasets\public_benchmark_v1_ext33\quickdraw_10\qd_003_mask.png,hard_fail,0.29420583,13,1,9.2855,0,131.4323,0.0,5046,7947,7311,4784,2527,7121,190,0.948078,0.654356,0.896061,0.974012,0.025988,2,2,90.0,0.44888727
qd_003,QuickDraw,fish,public_benchmark_v1_ext33_m2_60_maskpath_rescue_selector,results\public_benchmark_v1_ext33_m2_60_maskpath_rescue_selector\qd_003\prediction.dst,datasets\public_benchmark_v1_ext33\quickdraw_10\qd_003_mask.png,excellent,0.04986571,6,0,0.0,0,58.3034,0.0,5046,7947,16064,5046,11018,7947,8117,1.0,0.314119,1.0,0.494709,0.505291,2,2,90.0,0.13871227
qd_003,QuickDraw,fish,public_benchmark_v1_ext33_m2_61_segment_graph_sg_d0_l035_c20_i095_r32_f26_min12,results\public_benchmark_v1_ext33_m2_61_segment_graph_sg_d0_l035_c20_i095_r32_f26_min12\qd_003\prediction.dst,datasets\public_benchmark_v1_ext33\quickdraw_10\qd_003_mask.png,excellent,0.08439483,6,1,1.2761,0,52.5807,0.0,5046,7947,7440,4881,2559,7246,194,0.967301,0.656048,0.911791,0.973925,0.026075,2,2,90.0,0.12755683
qd_003,QuickDraw,fish,public_benchmark_v1_ext33_m2_61_segment_graph_sg_d0_l050_c24_i090_r36_f30_min12,results\public_benchmark_v1_ext33_m2_61_segment_graph_sg_d0_l050_c24_i090_r36_f30_min12\qd_003\prediction.dst,datasets\public_benchmark_v1_ext33\quickdraw_10\qd_003_mask.png,excellent,0.08439483,6,1,1.2761,0,52.5807,0.0,5046,7947,7437,4871,2566,7231,206,0.965319,0.654968,0.909903,0.972301,0.027699,2,2,90.0,0.12794195
qd_003,QuickDraw,fish,public_benchmark_v1_ext33_m2_61_segment_graph_sg_d0_l070_c20_i095_r32_f26_min12,results\public_benchmark_v1_ext33_m2_61_segment_graph_sg_d0_l070_c20_i095_r32_f26_min12\qd_003\prediction.dst,datasets\public_benchmark_v1_ext33\quickdraw_10\qd_003_mask.png,excellent,0.08439483,6,1,1.2761,0,52.5807,0.0,5046,7947,7440,4881,2559,7246,194,0.967301,0.656048,0.911791,0.973925,0.026075,2,2,90.0,0.12755683
qd_003,QuickDraw,fish,public_benchmark_v1_ext33_m2_61_segment_graph_sg_d1_l050_c20_i095_r32_f26_min12,results\public_benchmark_v1_ext33_m2_61_segment_graph_sg_d1_l050_c20_i095_r32_f26_min12\qd_003\prediction.dst,datasets\public_benchmark_v1_ext33\quickdraw_10\qd_003_mask.png,hard_fail,0.23568258,6,1,10.5516,0,52.5807,0.0,5046,7947,7446,4872,2574,7239,207,0.965517,0.654311,0.91091,0.9722,0.0278,2,2,90.0,0.37184802
qd_003,QuickDraw,fish,public_benchmark_v1_ext33_m2_61_segment_graph_sg_euler_d0_l000_c20_i095_r32_f26_min12,results\public_benchmark_v1_ext33_m2_61_segment_graph_sg_euler_d0_l000_c20_i095_r32_f26_min12\qd_003\prediction.dst,datasets\public_benchmark_v1_ext33\quickdraw_10\qd_003_mask.png,pass,0.11420583,13,1,0.0,0,131.4323,0.0,5046,7947,7303,4789,2514,7126,177,0.949069,0.655758,0.896691,0.975763,0.024237,2,2,90.0,0.17587739
qd_003,QuickDraw,fish,public_benchmark_v1_ext33_m2_61_segment_graph_sg_euler_d0_l020_c24_i090_r36_f30_min12,results\public_benchmark_v1_ext33_m2_61_segment_graph_sg_euler_d0_l020_c24_i090_r36_f30_min12\qd_003\prediction.dst,datasets\public_benchmark_v1_ext33\quickdraw_10\qd_003_mask.png,excellent,0.08439483,6,1,1.2761,0,52.5807,0.0,5046,7947,7437,4871,2566,7231,206,0.965319,0.654968,0.909903,0.972301,0.027699,2,2,90.0,0.12794195
qd_003,QuickDraw,fish,public_benchmark_v1_ext33_m2_61_segment_graph_sg_euler_d0_l035_c20_i095_r32_f26_min12,results\public_benchmark_v1_ext33_m2_61_segment_graph_sg_euler_d0_l035_c20_i095_r32_f26_min12\qd_003\prediction.dst,datasets\public_benchmark_v1_ext33\quickdraw_10\qd_003_mask.png,excellent,0.08439483,6,1,1.2761,0,52.5807,0.0,5046,7947,7440,4881,2559,7246,194,0.967301,0.656048,0.911791,0.973925,0.026075,2,2,90.0,0.12755683
qd_003,QuickDraw,fish,public_benchmark_v1_ext33_m2_62_precision_rescue_selector,results\public_benchmark_v1_ext33_m2_62_precision_rescue_selector\qd_003\prediction.dst,datasets\public_benchmark_v1_ext33\quickdraw_10\qd_003_mask.png,excellent,0.08985826,10,1,0.0,0,120.5705,0.0,5046,7947,7416,4982,2434,6902,514,0.987317,0.671791,0.868504,0.93069,0.06931,2,2,90.0,0.14043778
qd_003,QuickDraw,fish,public_benchmark_v1_ext33_m2_64_text_precision_rescue_selector,results\public_benchmark_v1_ext33_m2_64_text_precision_rescue_selector\qd_003\prediction.dst,datasets\public_benchmark_v1_ext33\quickdraw_10\qd_003_mask.png,excellent,0.08985826,10,1,0.0,0,120.5705,0.0,5046,7947,7416,4982,2434,6902,514,0.987317,0.671791,0.868504,0.93069,0.06931,2,2,90.0,0.14043778
qd_003,QuickDraw,fish,public_benchmark_v1_ext33_m2_65_text_legibility_rescue_selector,results\public_benchmark_v1_ext33_m2_65_text_legibility_rescue_selector\qd_003\prediction.dst,datasets\public_benchmark_v1_ext33\quickdraw_10\qd_003_mask.png,excellent,0.08985826,10,1,0.0,0,120.5705,0.0,5046,7947,7416,4982,2434,6902,514,0.987317,0.671791,0.868504,0.93069,0.06931,2,2,90.0,0.14043778
qd_003,QuickDraw,fish,public_benchmark_v1_ext33_m2_66_profile_switcher,results\public_benchmark_v1_ext33_m2_66_profile_switcher\qd_003\prediction.dst,datasets\public_benchmark_v1_ext33\quickdraw_10\qd_003_mask.png,excellent,0.08985826,10,1,0.0,0,120.5705,0.0,5046,7947,7416,4982,2434,6902,514,0.987317,0.671791,0.868504,0.93069,0.06931,2,2,90.0,0.14043778
qd_003,QuickDraw,fish,public_benchmark_v1_ext33_m2_67_line_art_profile,results\public_benchmark_v1_ext33_m2_67_line_art_profile\qd_003\prediction.dst,datasets\public_benchmark_v1_ext33\quickdraw_10\qd_003_mask.png,excellent,0.08985826,10,1,0.0,0,120.5705,0.0,5046,7947,7416,4982,2434,6902,514,0.987317,0.671791,0.868504,0.93069,0.06931,2,2,90.0,0.14043778
qd_003,QuickDraw,fish,public_benchmark_v1_ext33_m2_68_shape_aware_profile,results\public_benchmark_v1_ext33_m2_68_shape_aware_profile\qd_003\prediction.dst,datasets\public_benchmark_v1_ext33\quickdraw_10\qd_003_mask.png,excellent,0.08985826,10,1,0.0,0,120.5705,0.0,5046,7947,7416,4982,2434,6902,514,0.987317,0.671791,0.868504,0.93069,0.06931,2,2,90.0,0.14043778
qd_003,QuickDraw,fish,public_benchmark_v1_ext33_m2_69_text_wku_profile,results\public_benchmark_v1_ext33_m2_69_text_wku_profile\qd_003\prediction.dst,datasets\public_benchmark_v1_ext33\quickdraw_10\qd_003_mask.png,excellent,0.08985826,10,1,0.0,0,120.5705,0.0,5046,7947,7416,4982,2434,6902,514,0.987317,0.671791,0.868504,0.93069,0.06931,2,2,90.0,0.14043778
qd_003,QuickDraw,fish,public_benchmark_v1_ext33_mask_fill_edgewalk_dtsatin_o3_i8_s14_p90,results\public_benchmark_v1_ext33_mask_fill_edgewalk_dtsatin_o3_i8_s14_p90\qd_003\prediction.dst,datasets\public_benchmark_v1_ext33\quickdraw_10\qd_003_mask.png,hard_fail,0.34854557,76,14,1.698,0,823.1427,0.0,5046,7947,11998,5040,6958,7784,4214,0.998811,0.42007,0.979489,0.648775,0.351225,2,2,90.0,0.73772157
qd_003,QuickDraw,fish,public_benchmark_v1_ext33_mask_fill_edgewalk_dtsatin_o3_i9_s7,results\public_benchmark_v1_ext33_mask_fill_edgewalk_dtsatin_o3_i9_s7\qd_003\prediction.dst,datasets\public_benchmark_v1_ext33\quickdraw_10\qd_003_mask.png,hard_fail,0.34854557,76,14,1.698,0,823.1427,0.0,5046,7947,11998,5040,6958,7784,4214,0.998811,0.42007,0.979489,0.648775,0.351225,2,2,90.0,0.73772157
qd_003,QuickDraw,fish,public_benchmark_v1_ext33_mask_fill_edgewalk_nearest_rows16_p40,results\public_benchmark_v1_ext33_mask_fill_edgewalk_nearest_rows16_p40\qd_003\prediction.dst,datasets\public_benchmark_v1_ext33\quickdraw_10\qd_003_mask.png,hard_fail,0.34854557,76,14,1.698,0,823.1427,0.0,5046,7947,11998,5040,6958,7784,4214,0.998811,0.42007,0.979489,0.648775,0.351225,2,2,90.0,0.73772157
qd_003,QuickDraw,fish,public_benchmark_v1_ext33_mask_fill_edgewalk_nearestrow_adapt_t2_m5_rows16_p40,results\public_benchmark_v1_ext33_mask_fill_edgewalk_nearestrow_adapt_t2_m5_rows16_p40\qd_003\prediction.dst,datasets\public_benchmark_v1_ext33\quickdraw_10\qd_003_mask.png,excellent,0.08985826,10,1,0.0,0,120.5705,0.0,5046,7947,7416,4982,2434,6902,514,0.987317,0.671791,0.868504,0.93069,0.06931,2,2,90.0,0.14043778
qd_003,QuickDraw,fish,public_benchmark_v1_ext33_mask_fill_edgewalk_nearestrow_adapt_t3_m6_rows16_p40,results\public_benchmark_v1_ext33_mask_fill_edgewalk_nearestrow_adapt_t3_m6_rows16_p40\qd_003\prediction.dst,datasets\public_benchmark_v1_ext33\quickdraw_10\qd_003_mask.png,excellent,0.08985826,10,1,0.0,0,120.5705,0.0,5046,7947,7416,4982,2434,6902,514,0.987317,0.671791,0.868504,0.93069,0.06931,2,2,90.0,0.14043778
qd_003,QuickDraw,fish,public_benchmark_v1_ext33_mask_fill_edgewalk_nearestrow_adapt_t4_m8_rows16_p40,results\public_benchmark_v1_ext33_mask_fill_edgewalk_nearestrow_adapt_t4_m8_rows16_p40\qd_003\prediction.dst,datasets\public_benchmark_v1_ext33\quickdraw_10\qd_003_mask.png,excellent,0.09513897,9,1,0.6083,0,107.882,0.0,5046,7947,8385,5028,3357,7444,941,0.996433,0.599642,0.936706,0.887776,0.112224,2,2,90.0,0.14157309
qd_003,QuickDraw,fish,public_benchmark_v1_ext33_mask_fill_edgewalk_nearestrow_evalfill_rows16_p40,results\public_benchmark_v1_ext33_mask_fill_edgewalk_nearestrow_evalfill_rows16_p40\qd_003\prediction.dst,datasets\public_benchmark_v1_ext33\quickdraw_10\qd_003_mask.png,excellent,0.11168882,8,1,1.7178,0,94.9476,0.0,5046,7947,18140,5046,13094,7947,10193,1.0,0.27817,1.0,0.438093,0.561907,2,2,90.0,0.23677194
qd_003,QuickDraw,fish,public_benchmark_v1_ext33_mask_fill_edgewalk_nearestrow_inset1_rows16_p40,results\public_benchmark_v1_ext33_mask_fill_edgewalk_nearestrow_inset1_rows16_p40\qd_003\prediction.dst,datasets\public_benchmark_v1_ext33\quickdraw_10\qd_003_mask.png,excellent,0.09513897,9,1,0.6083,0,107.882,0.0,5046,7947,8385,5028,3357,7444,941,0.996433,0.599642,0.936706,0.887776,0.112224,2,2,90.0,0.14157309
qd_003,QuickDraw,fish,public_benchmark_v1_ext33_mask_fill_edgewalk_nearestrow_inset2_rows16_p40,results\public_benchmark_v1_ext33_mask_fill_edgewalk_nearestrow_inset2_rows16_p40\qd_003\prediction.dst,datasets\public_benchmark_v1_ext33\quickdraw_10\qd_003_mask.png,pass,0.0979036,11,1,0.0,0,121.9874,0.0,5046,7947,7276,4939,2337,6786,490,0.978795,0.678807,0.853907,0.932655,0.067345,2,2,90.0,0.15433116
qd_003,QuickDraw,fish,public_benchmark_v1_ext33_mask_fill_edgewalk_nearestrow_qdirect_rows16_p40,results\public_benchmark_v1_ext33_mask_fill_edgewalk_nearestrow_qdirect_rows16_p40\qd_003\prediction.dst,datasets\public_benchmark_v1_ext33\quickdraw_10\qd_003_mask.png,excellent,0.08132663,9,1,0.0,0,103.9571,0.0,5046,7947,9278,5040,4238,7696,1582,0.998811,0.543221,0.968416,0.829489,0.170511,2,2,90.0,0.13060839
qd_003,QuickDraw,fish,public_benchmark_v1_ext33_mask_fill_edgewalk_nearestrow_qpath090_rows16_p40,results\public_benchmark_v1_ext33_mask_fill_edgewalk_nearestrow_qpath090_rows16_p40\qd_003\prediction.dst,datasets\public_benchmark_v1_ext33\quickdraw_10\qd_003_mask.png,excellent,0.08132663,9,1,0.0,0,103.9571,0.0,5046,7947,9278,5040,4238,7696,1582,0.998811,0.543221,0.968416,0.829489,0.170511,2,2,90.0,0.13060839
qd_003,QuickDraw,fish,public_benchmark_v1_ext33_mask_fill_edgewalk_nearestrow_qpath095_rows16_p40,results\public_benchmark_v1_ext33_mask_fill_edgewalk_nearestrow_qpath095_rows16_p40\qd_003\prediction.dst,datasets\public_benchmark_v1_ext33\quickdraw_10\qd_003_mask.png,excellent,0.08132663,9,1,0.0,0,103.9571,0.0,5046,7947,9278,5040,4238,7696,1582,0.998811,0.543221,0.968416,0.829489,0.170511,2,2,90.0,0.13060839
qd_003,QuickDraw,fish,public_benchmark_v1_ext33_mask_fill_edgewalk_nearestrow_quantvalid_rows16_p40,results\public_benchmark_v1_ext33_mask_fill_edgewalk_nearestrow_quantvalid_rows16_p40\qd_003\prediction.dst,datasets\public_benchmark_v1_ext33\quickdraw_10\qd_003_mask.png,excellent,0.08132663,9,1,0.0,0,103.9571,0.0,5046,7947,9278,5040,4238,7696,1582,0.998811,0.543221,0.968416,0.829489,0.170511,2,2,90.0,0.13060839
qd_003,QuickDraw,fish,public_benchmark_v1_ext33_mask_fill_edgewalk_nearestrow_rows16_p40,results\public_benchmark_v1_ext33_mask_fill_edgewalk_nearestrow_rows16_p40\qd_003\prediction.dst,datasets\public_benchmark_v1_ext33\quickdraw_10\qd_003_mask.png,excellent,0.08132663,9,1,0.0,0,103.9571,0.0,5046,7947,9278,5040,4238,7696,1582,0.998811,0.543221,0.968416,0.829489,0.170511,2,2,90.0,0.13060839
qd_003,QuickDraw,fish,public_benchmark_v1_ext33_mask_fill_edgewalk_nearestrow_safeadt_rows16_p40,results\public_benchmark_v1_ext33_mask_fill_edgewalk_nearestrow_safeadt_rows16_p40\qd_003\prediction.dst,datasets\public_benchmark_v1_ext33\quickdraw_10\qd_003_mask.png,excellent,0.04986571,6,0,0.0,0,58.3034,0.0,5046,7947,16064,5046,11018,7947,8117,1.0,0.314119,1.0,0.494709,0.505291,2,2,90.0,0.13871227
qd_003,QuickDraw,fish,public_benchmark_v1_ext33_mask_fill_edgewalk_nearestrow_safeadt_t2m5_r035_a32_rows16_p40,results\public_benchmark_v1_ext33_mask_fill_edgewalk_nearestrow_safeadt_t2m5_r035_a32_rows16_p40\qd_003\prediction.dst,datasets\public_benchmark_v1_ext33\quickdraw_10\qd_003_mask.png,excellent,0.04986571,6,0,0.0,0,58.3034,0.0,5046,7947,16064,5046,11018,7947,8117,1.0,0.314119,1.0,0.494709,0.505291,2,2,90.0,0.13871227
qd_003,QuickDraw,fish,public_benchmark_v1_ext33_mask_fill_edgewalk_nearestrow_safeadt_t2m5_r055_a64_rows16_p40,results\public_benchmark_v1_ext33_mask_fill_edgewalk_nearestrow_safeadt_t2m5_r055_a64_rows16_p40\qd_003\prediction.dst,datasets\public_benchmark_v1_ext33\quickdraw_10\qd_003_mask.png,excellent,0.04986571,6,0,0.0,0,58.3034,0.0,5046,7947,16064,5046,11018,7947,8117,1.0,0.314119,1.0,0.494709,0.505291,2,2,90.0,0.13871227
qd_003,QuickDraw,fish,public_benchmark_v1_ext33_mask_fill_edgewalk_nearestrow_segvalid_rows16_p40,results\public_benchmark_v1_ext33_mask_fill_edgewalk_nearestrow_segvalid_rows16_p40\qd_003\prediction.dst,datasets\public_benchmark_v1_ext33\quickdraw_10\qd_003_mask.png,excellent,0.08132663,9,1,0.0,0,103.9571,0.0,5046,7947,9278,5040,4238,7696,1582,0.998811,0.543221,0.968416,0.829489,0.170511,2,2,90.0,0.13060839
qd_003,QuickDraw,fish,public_benchmark_v1_ext33_mask_fill_edgewalk_nearestrow_strict_p20_rows16,results\public_benchmark_v1_ext33_mask_fill_edgewalk_nearestrow_strict_p20_rows16\qd_003\prediction.dst,datasets\public_benchmark_v1_ext33\quickdraw_10\qd_003_mask.png,pass,0.11222939,12,2,0.0,0,132.1685,0.0,5046,7947,9178,5040,4138,7694,1484,0.998811,0.549139,0.968164,0.838309,0.161691,2,2,90.0,0.17409995
qd_003,QuickDraw,fish,public_benchmark_v1_ext33_mask_fill_edgewalk_nearestrow_strict_p40_rows16,results\public_benchmark_v1_ext33_mask_fill_edgewalk_nearestrow_strict_p40_rows16\qd_003\prediction.dst,datasets\public_benchmark_v1_ext33\quickdraw_10\qd_003_mask.png,excellent,0.08132663,9,1,0.0,0,103.9571,0.0,5046,7947,9278,5040,4238,7696,1582,0.998811,0.543221,0.968416,0.829489,0.170511,2,2,90.0,0.13060839
qd_003,QuickDraw,fish,public_benchmark_v1_ext33_mask_fill_edgewalk_outline_ext_in2_rows16_p40,results\public_benchmark_v1_ext33_mask_fill_edgewalk_outline_ext_in2_rows16_p40\qd_003\prediction.dst,datasets\public_benchmark_v1_ext33\quickdraw_10\qd_003_mask.png,hard_fail,0.36553599,89,16,1.698,0,979.0935,0.0,5046,7947,12137,5044,7093,7912,4225,0.999604,0.415589,0.995596,0.651891,0.348109,2,2,90.0,0.81021343
qd_003,QuickDraw,fish,public_benchmark_v1_ext33_mask_fill_edgewalk_outline_ext_in3_rows16_p40,results\public_benchmark_v1_ext33_mask_fill_edgewalk_outline_ext_in3_rows16_p40\qd_003\prediction.dst,datasets\public_benchmark_v1_ext33\quickdraw_10\qd_003_mask.png,hard_fail,0.36541711,89,16,1.698,0,975.3785,0.0,5046,7947,11981,5040,6941,7784,4197,0.998811,0.420666,0.979489,0.649695,0.350305,2,2,90.0,0.81044591
qd_003,QuickDraw,fish,public_benchmark_v1_ext33_mask_fill_edgewalk_outline_ext_rows16_p40,results\public_benchmark_v1_ext33_mask_fill_edgewalk_outline_ext_rows16_p40\qd_003\prediction.dst,datasets\public_benchmark_v1_ext33\quickdraw_10\qd_003_mask.png,hard_fail,0.36557567,89,16,1.698,0,980.3333,0.0,5046,7947,12806,5046,7760,7947,4859,1.0,0.394034,1.0,0.620568,0.379432,2,2,90.0,0.81526479
qd_003,QuickDraw,fish,public_benchmark_v1_ext33_mask_fill_edgewalk_outline_rows16_p40,results\public_benchmark_v1_ext33_mask_fill_edgewalk_outline_rows16_p40\qd_003\prediction.dst,datasets\public_benchmark_v1_ext33\quickdraw_10\qd_003_mask.png,hard_fail,0.36534449,88,16,1.698,0,973.109,0.0,5046,7947,12828,5046,7782,7947,4881,1.0,0.393358,1.0,0.619504,0.380496,2,2,90.0,0.81120385
qd_003,QuickDraw,fish,public_benchmark_v1_ext33_mask_fill_edgewalk_rows16_p24,results\public_benchmark_v1_ext33_mask_fill_edgewalk_rows16_p24\qd_003\prediction.dst,datasets\public_benchmark_v1_ext33\quickdraw_10\qd_003_mask.png,hard_fail,0.38146172,103,21,1.1795,0,1091.3427,0.0,5046,7947,10559,5040,5519,7745,2814,0.998811,0.477318,0.974582,0.733497,0.266503,2,2,90.0,0.8738972
qd_003,QuickDraw,fish,public_benchmark_v1_ext33_mask_fill_edgewalk_rows16_p40,results\public_benchmark_v1_ext33_mask_fill_edgewalk_rows16_p40\qd_003\prediction.dst,datasets\public_benchmark_v1_ext33\quickdraw_10\qd_003_mask.png,hard_fail,0.34854557,76,14,1.698,0,823.1427,0.0,5046,7947,11998,5040,6958,7784,4214,0.998811,0.42007,0.979489,0.648775,0.351225,2,2,90.0,0.73772157
qd_003,QuickDraw,fish,public_benchmark_v1_ext33_mask_fill_edgewalk_rows20_p24,results\public_benchmark_v1_ext33_mask_fill_edgewalk_rows20_p24\qd_003\prediction.dst,datasets\public_benchmark_v1_ext33\quickdraw_10\qd_003_mask.png,hard_fail,0.34740644,98,19,0.0,0,1043.9512,0.0,5046,7947,10617,5022,5595,7676,2941,0.995244,0.473015,0.965899,0.722991,0.277009,2,2,90.0,0.80572788
qd_003,QuickDraw,fish,public_benchmark_v1_ext33_mask_fill_edgewalk_satin_w4_s6_i3,results\public_benchmark_v1_ext33_mask_fill_edgewalk_satin_w4_s6_i3\qd_003\prediction.dst,datasets\public_benchmark_v1_ext33\quickdraw_10\qd_003_mask.png,hard_fail,0.36542472,89,16,1.698,0,975.6163,0.0,5046,7947,12007,5040,6967,7790,4217,0.998811,0.419755,0.980244,0.648788,0.351212,2,2,90.0,0.81059864
qd_003,QuickDraw,fish,public_benchmark_v1_ext33_mask_fill_edgewalk_satin_w6_s5_i3,results\public_benchmark_v1_ext33_mask_fill_edgewalk_satin_w6_s5_i3\qd_003\prediction.dst,datasets\public_benchmark_v1_ext33\quickdraw_10\qd_003_mask.png,hard_fail,0.36533681,89,16,1.698,0,972.8692,0.0,5046,7947,12028,5040,6988,7792,4236,0.998811,0.419022,0.980496,0.647822,0.352178,2,2,90.0,0.81066529
qd_003,QuickDraw,fish,public_benchmark_v1_ext33_mask_fill_edgewalk_satin_w8_s7_i4,results\public_benchmark_v1_ext33_mask_fill_edgewalk_satin_w8_s7_i4\qd_003\prediction.dst,datasets\public_benchmark_v1_ext33\quickdraw_10\qd_003_mask.png,hard_fail,0.34854557,76,14,1.698,0,823.1427,0.0,5046,7947,11998,5040,6958,7784,4214,0.998811,0.42007,0.979489,0.648775,0.351225,2,2,90.0,0.73772157
qd_003,QuickDraw,fish,public_benchmark_v1_ext33_mask_fill_edgewalk_satinrail_w10_s8_i5,results\public_benchmark_v1_ext33_mask_fill_edgewalk_satinrail_w10_s8_i5\qd_003\prediction.dst,datasets\public_benchmark_v1_ext33\quickdraw_10\qd_003_mask.png,hard_fail,0.34854557,76,14,1.698,0,823.1427,0.0,5046,7947,11998,5040,6958,7784,4214,0.998811,0.42007,0.979489,0.648775,0.351225,2,2,90.0,0.73772157
qd_003,QuickDraw,fish,public_benchmark_v1_ext33_mask_fill_edgewalk_satinrail_w6_s6_i3,results\public_benchmark_v1_ext33_mask_fill_edgewalk_satinrail_w6_s6_i3\qd_003\prediction.dst,datasets\public_benchmark_v1_ext33\quickdraw_10\qd_003_mask.png,hard_fail,0.36535628,89,16,1.698,0,973.4775,0.0,5046,7947,12021,5040,6981,7794,4227,0.998811,0.419266,0.980747,0.648365,0.351635,2,2,90.0,0.81059788
qd_003,QuickDraw,fish,public_benchmark_v1_ext33_mask_fill_edgewalk_satinrail_w8_s7_i4,results\public_benchmark_v1_ext33_mask_fill_edgewalk_satinrail_w8_s7_i4\qd_003\prediction.dst,datasets\public_benchmark_v1_ext33\quickdraw_10\qd_003_mask.png,hard_fail,0.34854557,76,14,1.698,0,823.1427,0.0,5046,7947,11998,5040,6958,7784,4214,0.998811,0.42007,0.979489,0.648775,0.351225,2,2,90.0,0.73772157
qd_003,QuickDraw,fish,public_benchmark_v1_ext33_mask_fill_edgewalk_styleaware_r008_d45,results\public_benchmark_v1_ext33_mask_fill_edgewalk_styleaware_r008_d45\qd_003\prediction.dst,datasets\public_benchmark_v1_ext33\quickdraw_10\qd_003_mask.png,hard_fail,0.26710083,39,7,0.4955,0,436.0026,0.0,5046,7947,8434,4865,3569,7241,1193,0.96413,0.576832,0.911161,0.858549,0.141451,2,2,90.0,0.45341827
qd_003,QuickDraw,fish,public_benchmark_v1_ext33_mask_fill_nearestrow_strict_short_rows16,results\public_benchmark_v1_ext33_mask_fill_nearestrow_strict_short_rows16\qd_003\prediction.dst,datasets\public_benchmark_v1_ext33\quickdraw_10\qd_003_mask.png,pass,0.12895263,14,2,0.0,0,154.7698,0.0,5046,7947,9059,5040,4019,7681,1378,0.998811,0.556353,0.966528,0.847886,0.152114,2,2,90.0,0.19729087
qd_003,QuickDraw,fish,public_benchmark_v1_ext33_mask_fill_rows12_c10,results\public_benchmark_v1_ext33_mask_fill_rows12_c10\qd_003\prediction.dst,datasets\public_benchmark_v1_ext33\quickdraw_10\qd_003_mask.png,hard_fail,0.39283948,224,35,0.0,0,2276.2339,0.0,5046,7947,10227,5046,5181,7939,2288,1.0,0.4934,0.998993,0.776278,0.223722,2,2,90.0,1.378635
qd_003,QuickDraw,fish,public_benchmark_v1_ext33_mask_fill_rows12_c6,results\public_benchmark_v1_ext33_mask_fill_rows12_c6\qd_003\prediction.dst,datasets\public_benchmark_v1_ext33\quickdraw_10\qd_003_mask.png,hard_fail,0.39685856,239,35,0.0,0,2401.8301,0.0,5046,7947,9911,5046,4865,7939,1972,1.0,0.509131,0.998993,0.801029,0.198971,2,2,90.0,1.43869392
qd_003,QuickDraw,fish,public_benchmark_v1_ext33_mask_fill_rows16_c12_in025,results\public_benchmark_v1_ext33_mask_fill_rows16_c12_in025\qd_003\prediction.dst,datasets\public_benchmark_v1_ext33\quickdraw_10\qd_003_mask.png,hard_fail,0.42536902,127,21,2.85,0,1288.8757,0.0,5046,7947,9885,5040,4845,7702,2183,0.998811,0.509863,0.969171,0.77916,0.22084,2,2,90.0,1.02320342
qd_003,QuickDraw,fish,public_benchmark_v1_ext33_mask_fill_rows16_c12_in050,results\public_benchmark_v1_ext33_mask_fill_rows16_c12_in050\qd_003\prediction.dst,datasets\public_benchmark_v1_ext33\quickdraw_10\qd_003_mask.png,hard_fail,0.42536902,127,21,2.85,0,1288.8757,0.0,5046,7947,9885,5040,4845,7702,2183,0.998811,0.509863,0.969171,0.77916,0.22084,2,2,90.0,1.02320342
qd_003,QuickDraw,fish,public_benchmark_v1_ext33_mask_fill_rows16_c6,results\public_benchmark_v1_ext33_mask_fill_rows16_c6\qd_003\prediction.dst,datasets\public_benchmark_v1_ext33\quickdraw_10\qd_003_mask.png,hard_fail,0.36559537,141,21,0.0,0,1424.8552,0.0,5046,7947,9104,5040,4064,7680,1424,0.998811,0.553603,0.966402,0.843585,0.156415,2,2,90.0,0.98062177
qd_003,QuickDraw,fish,public_benchmark_v1_ext33_mask_fill_rows20_c12_in050,results\public_benchmark_v1_ext33_mask_fill_rows20_c12_in050\qd_003\prediction.dst,datasets\public_benchmark_v1_ext33\quickdraw_10\qd_003_mask.png,hard_fail,0.41794674,120,19,2.875,0,1226.8513,0.0,5046,7947,9488,4991,4497,7516,1972,0.9891,0.526033,0.945766,0.792159,0.207841,2,2,90.0,0.9819513
qd_004,QuickDraw,flower,public_benchmark_v1_core20_auto_hybrid_skeleton_connect12_trimcap20,results\public_benchmark_v1_core20_auto_hybrid_skeleton_connect12_trimcap20\qd_004\prediction.dst,datasets\public_benchmark_v1_ext33\quickdraw_10\qd_004_mask.png,pass,0.11617141,14,0,0.0,0,130.3565,0.0,5898,9169,8394,5832,2562,8079,315,0.98881,0.694782,0.881121,0.962473,0.037527,2,2,90.0,0.17923689
qd_004,QuickDraw,flower,public_benchmark_v1_core20_source_aware_hybrid_skeleton,results\public_benchmark_v1_core20_source_aware_hybrid_skeleton\qd_004\prediction.dst,datasets\public_benchmark_v1_ext33\quickdraw_10\qd_004_mask.png,hard_fail,0.31897238,66,16,0.0,0,717.8869,0.0,5898,9169,8066,5811,2255,7996,70,0.985249,0.720431,0.872069,0.991322,0.008678,2,2,90.0,0.6231241
qd_004,QuickDraw,flower,public_benchmark_v1_core20_source_aware_hybrid_skeleton_connect12,results\public_benchmark_v1_core20_source_aware_hybrid_skeleton_connect12\qd_004\prediction.dst,datasets\public_benchmark_v1_ext33\quickdraw_10\qd_004_mask.png,pass,0.11617141,14,0,0.0,0,130.3565,0.0,5898,9169,8394,5832,2562,8079,315,0.98881,0.694782,0.881121,0.962473,0.037527,2,2,90.0,0.17923689
qd_004,QuickDraw,flower,public_benchmark_v1_core20_source_aware_hybrid_skeleton_connect12_trimcap20,results\public_benchmark_v1_core20_source_aware_hybrid_skeleton_connect12_trimcap20\qd_004\prediction.dst,datasets\public_benchmark_v1_ext33\quickdraw_10\qd_004_mask.png,pass,0.11617141,14,0,0.0,0,130.3565,0.0,5898,9169,8394,5832,2562,8079,315,0.98881,0.694782,0.881121,0.962473,0.037527,2,2,90.0,0.17923689
qd_004,QuickDraw,flower,public_benchmark_v1_ext33_all_skeleton_connect20_trimcap20,results\public_benchmark_v1_ext33_all_skeleton_connect20_trimcap20\qd_004\prediction.dst,datasets\public_benchmark_v1_ext33\quickdraw_10\qd_004_mask.png,pass,0.09116553,11,0,0.0,0,98.9229,0.0,5898,9169,8606,5839,2767,8142,464,0.989997,0.67848,0.887992,0.946084,0.053916,2,2,90.0,0.14140649
qd_004,QuickDraw,flower,public_benchmark_v1_ext33_all_skeleton_connect30_min12_trimcap20,results\public_benchmark_v1_ext33_all_skeleton_connect30_min12_trimcap20\qd_004\prediction.dst,datasets\public_benchmark_v1_ext33\quickdraw_10\qd_004_mask.png,pass,0.10579852,12,1,0.0,0,118.7038,0.0,5898,9169,8132,5393,2739,7601,531,0.914378,0.663182,0.828989,0.934702,0.065298,2,2,90.0,0.1743696
qd_004,QuickDraw,flower,public_benchmark_v1_ext33_all_skeleton_connect30_min20_trimcap20,results\public_benchmark_v1_ext33_all_skeleton_connect30_min20_trimcap20\qd_004\prediction.dst,datasets\public_benchmark_v1_ext33\quickdraw_10\qd_004_mask.png,excellent,0.07485846,9,0,0.0,0,89.327,0.0,5898,9169,7809,5224,2585,7307,502,0.885724,0.668972,0.796924,0.935715,0.064285,2,2,90.0,0.13556966
qd_004,QuickDraw,flower,public_benchmark_v1_ext33_all_skeleton_connect30_min8_trimcap20,results\public_benchmark_v1_ext33_all_skeleton_connect30_min8_trimcap20\qd_004\prediction.dst,datasets\public_benchmark_v1_ext33\quickdraw_10\qd_004_mask.png,pass,0.09772251,11,1,0.0,0,116.3283,0.0,5898,9169,8326,5561,2765,7802,524,0.942862,0.667908,0.850911,0.937065,0.062935,2,2,90.0,0.15738423
qd_004,QuickDraw,flower,public_benchmark_v1_ext33_all_skeleton_connect30_trimcap20,results\public_benchmark_v1_ext33_all_skeleton_connect30_trimcap20\qd_004\prediction.dst,datasets\public_benchmark_v1_ext33\quickdraw_10\qd_004_mask.png,pass,0.09116553,11,0,0.0,0,98.9229,0.0,5898,9169,8606,5839,2767,8142,464,0.989997,0.67848,0.887992,0.946084,0.053916,2,2,90.0,0.14140649
qd_004,QuickDraw,flower,public_benchmark_v1_ext33_auto_hybrid_evalrepair_r10_c20_trimcap20,results\public_benchmark_v1_ext33_auto_hybrid_evalrepair_r10_c20_trimcap20\qd_004\prediction.dst,datasets\public_benchmark_v1_ext33\quickdraw_10\qd_004_mask.png,pass,0.09116553,11,0,0.0,0,98.9229,0.0,5898,9169,8606,5839,2767,8142,464,0.989997,0.67848,0.887992,0.946084,0.053916,2,2,90.0,0.14140649
qd_004,QuickDraw,flower,public_benchmark_v1_ext33_auto_hybrid_evalrepair_r10_inside085_c20_trimcap20,results\public_benchmark_v1_ext33_auto_hybrid_evalrepair_r10_inside085_c20_trimcap20\qd_004\prediction.dst,datasets\public_benchmark_v1_ext33\quickdraw_10\qd_004_mask.png,pass,0.09116553,11,0,0.0,0,98.9229,0.0,5898,9169,8606,5839,2767,8142,464,0.989997,0.67848,0.887992,0.946084,0.053916,2,2,90.0,0.14140649
qd_004,QuickDraw,flower,public_benchmark_v1_ext33_auto_hybrid_evalrepair_r10_inside090_c20_trimcap20,results\public_benchmark_v1_ext33_auto_hybrid_evalrepair_r10_inside090_c20_trimcap20\qd_004\prediction.dst,datasets\public_benchmark_v1_ext33\quickdraw_10\qd_004_mask.png,pass,0.09116553,11,0,0.0,0,98.9229,0.0,5898,9169,8606,5839,2767,8142,464,0.989997,0.67848,0.887992,0.946084,0.053916,2,2,90.0,0.14140649
qd_004,QuickDraw,flower,public_benchmark_v1_ext33_auto_hybrid_evalrepair_r15_c20_trimcap20,results\public_benchmark_v1_ext33_auto_hybrid_evalrepair_r15_c20_trimcap20\qd_004\prediction.dst,datasets\public_benchmark_v1_ext33\quickdraw_10\qd_004_mask.png,pass,0.09116553,11,0,0.0,0,98.9229,0.0,5898,9169,8606,5839,2767,8142,464,0.989997,0.67848,0.887992,0.946084,0.053916,2,2,90.0,0.14140649
qd_004,QuickDraw,flower,public_benchmark_v1_ext33_auto_hybrid_evalrepair_r15_inside090_c20_trimcap20,results\public_benchmark_v1_ext33_auto_hybrid_evalrepair_r15_inside090_c20_trimcap20\qd_004\prediction.dst,datasets\public_benchmark_v1_ext33\quickdraw_10\qd_004_mask.png,pass,0.09116553,11,0,0.0,0,98.9229,0.0,5898,9169,8606,5839,2767,8142,464,0.989997,0.67848,0.887992,0.946084,0.053916,2,2,90.0,0.14140649
qd_004,QuickDraw,flower,public_benchmark_v1_ext33_auto_hybrid_r10_c16_trimcap20,results\public_benchmark_v1_ext33_auto_hybrid_r10_c16_trimcap20\qd_004\prediction.dst,datasets\public_benchmark_v1_ext33\quickdraw_10\qd_004_mask.png,pass,0.1077053,13,0,0.0,0,115.7905,0.0,5898,9169,8509,5838,2671,8108,401,0.989827,0.686097,0.884284,0.952873,0.047127,2,2,90.0,0.16639122
qd_004,QuickDraw,flower,public_benchmark_v1_ext33_auto_hybrid_r10_c20_trimcap20,results\public_benchmark_v1_ext33_auto_hybrid_r10_c20_trimcap20\qd_004\prediction.dst,datasets\public_benchmark_v1_ext33\quickdraw_10\qd_004_mask.png,pass,0.09116553,11,0,0.0,0,98.9229,0.0,5898,9169,8606,5839,2767,8142,464,0.989997,0.67848,0.887992,0.946084,0.053916,2,2,90.0,0.14140649
qd_004,QuickDraw,flower,public_benchmark_v1_ext33_auto_hybrid_r125_c16_trimcap20,results\public_benchmark_v1_ext33_auto_hybrid_r125_c16_trimcap20\qd_004\prediction.dst,datasets\public_benchmark_v1_ext33\quickdraw_10\qd_004_mask.png,pass,0.1077053,13,0,0.0,0,115.7905,0.0,5898,9169,8509,5838,2671,8108,401,0.989827,0.686097,0.884284,0.952873,0.047127,2,2,90.0,0.16639122
qd_004,QuickDraw,flower,public_benchmark_v1_ext33_auto_hybrid_r125_c20_trimcap20,results\public_benchmark_v1_ext33_auto_hybrid_r125_c20_trimcap20\qd_004\prediction.dst,datasets\public_benchmark_v1_ext33\quickdraw_10\qd_004_mask.png,pass,0.09116553,11,0,0.0,0,98.9229,0.0,5898,9169,8606,5839,2767,8142,464,0.989997,0.67848,0.887992,0.946084,0.053916,2,2,90.0,0.14140649
qd_004,QuickDraw,flower,public_benchmark_v1_ext33_auto_hybrid_skeleton_connect12_trimcap20,results\public_benchmark_v1_ext33_auto_hybrid_skeleton_connect12_trimcap20\qd_004\prediction.dst,datasets\public_benchmark_v1_ext33\quickdraw_10\qd_004_mask.png,pass,0.11617141,14,0,0.0,0,130.3565,0.0,5898,9169,8394,5832,2562,8079,315,0.98881,0.694782,0.881121,0.962473,0.037527,2,2,90.0,0.17923689
qd_004,QuickDraw,flower,public_benchmark_v1_ext33_b0_m2_1_globalrepair20,results\public_benchmark_v1_ext33_b0_m2_1_globalrepair20\qd_004\prediction.dst,datasets\public_benchmark_v1_ext33\quickdraw_10\qd_004_mask.png,hard_fail,0.36326142,7,1,4105.0975,803,39.4194,2956.6144,5898,9169,18867,5663,13204,8354,10513,0.960156,0.300154,0.911114,0.442784,0.557216,2,2,90.0,105.76244482
qd_004,QuickDraw,flower,public_benchmark_v1_ext33_m2_4_coverage_rerank,results\public_benchmark_v1_ext33_m2_4_coverage_rerank\qd_004\prediction.dst,datasets\public_benchmark_v1_ext33\quickdraw_10\qd_004_mask.png,pass,0.09116553,11,0,0.0,0,98.9229,0.0,5898,9169,8606,5839,2767,8142,464,0.989997,0.67848,0.887992,0.946084,0.053916,2,2,90.0,0.14140649
qd_004,QuickDraw,flower,public_benchmark_v1_ext33_m2_4_coverage_rerank_connect30,results\public_benchmark_v1_ext33_m2_4_coverage_rerank_connect30\qd_004\prediction.dst,datasets\public_benchmark_v1_ext33\quickdraw_10\qd_004_mask.png,pass,0.09116553,11,0,0.0,0,98.9229,0.0,5898,9169,8606,5839,2767,8142,464,0.989997,0.67848,0.887992,0.946084,0.053916,2,2,90.0,0.14140649
qd_004,QuickDraw,flower,public_benchmark_v1_ext33_m2_4_coverage_rerank_min12,results\public_benchmark_v1_ext33_m2_4_coverage_rerank_min12\qd_004\prediction.dst,datasets\public_benchmark_v1_ext33\quickdraw_10\qd_004_mask.png,pass,0.09116553,11,0,0.0,0,98.9229,0.0,5898,9169,8606,5839,2767,8142,464,0.989997,0.67848,0.887992,0.946084,0.053916,2,2,90.0,0.14140649
qd_004,QuickDraw,flower,public_benchmark_v1_ext33_m2_4_coverage_rerank_min20,results\public_benchmark_v1_ext33_m2_4_coverage_rerank_min20\qd_004\prediction.dst,datasets\public_benchmark_v1_ext33\quickdraw_10\qd_004_mask.png,excellent,0.07485846,9,0,0.0,0,89.327,0.0,5898,9169,7809,5224,2585,7307,502,0.885724,0.668972,0.796924,0.935715,0.064285,2,2,90.0,0.13556966
qd_004,QuickDraw,flower,public_benchmark_v1_ext33_m2_4_coverage_rerank_min8,results\public_benchmark_v1_ext33_m2_4_coverage_rerank_min8\qd_004\prediction.dst,datasets\public_benchmark_v1_ext33\quickdraw_10\qd_004_mask.png,pass,0.09116553,11,0,0.0,0,98.9229,0.0,5898,9169,8606,5839,2767,8142,464,0.989997,0.67848,0.887992,0.946084,0.053916,2,2,90.0,0.14140649
qd_004,QuickDraw,flower,public_benchmark_v1_ext33_m2_51_sweeptuned_gate_balanced_applied,results\public_benchmark_v1_ext33_m2_51_sweeptuned_gate_balanced_applied\qd_004\prediction.dst,datasets\public_benchmark_v1_ext33\quickdraw_10\qd_004_mask.png,pass,0.09116553,11,0,0.0,0,98.9229,0.0,5898,9169,8606,5839,2767,8142,464,0.989997,0.67848,0.887992,0.946084,0.053916,2,2,90.0,0.14140649
qd_004,QuickDraw,flower,public_benchmark_v1_ext33_m2_51_sweeptuned_gate_low_jump_applied,results\public_benchmark_v1_ext33_m2_51_sweeptuned_gate_low_jump_applied\qd_004\prediction.dst,datasets\public_benchmark_v1_ext33\quickdraw_10\qd_004_mask.png,excellent,0.07485846,9,0,0.0,0,89.327,0.0,5898,9169,7809,5224,2585,7307,502,0.885724,0.668972,0.796924,0.935715,0.064285,2,2,90.0,0.13556966
qd_004,QuickDraw,flower,public_benchmark_v1_ext33_m2_55_line_domain_guard_low_jump,results\public_benchmark_v1_ext33_m2_55_line_domain_guard_low_jump\qd_004\prediction.dst,datasets\public_benchmark_v1_ext33\quickdraw_10\qd_004_mask.png,excellent,0.07485846,9,0,0.0,0,89.327,0.0,5898,9169,7809,5224,2585,7307,502,0.885724,0.668972,0.796924,0.935715,0.064285,2,2,90.0,0.13556966
qd_004,QuickDraw,flower,public_benchmark_v1_ext33_m2_56_line_stroke_d0_c12_i090,results\public_benchmark_v1_ext33_m2_56_line_stroke_d0_c12_i090\qd_004\prediction.dst,datasets\public_benchmark_v1_ext33\quickdraw_10\qd_004_mask.png,warning,0.15584235,18,1,0.0,0,182.5734,0.0,5898,9169,7698,5509,2189,7637,61,0.934045,0.71564,0.832915,0.992076,0.007924,2,2,90.0,0.24636895
qd_004,QuickDraw,flower,public_benchmark_v1_ext33_m2_56_line_stroke_d0_c12_i090_min12,results\public_benchmark_v1_ext33_m2_56_line_stroke_d0_c12_i090_min12\qd_004\prediction.dst,datasets\public_benchmark_v1_ext33\quickdraw_10\qd_004_mask.png,warning,0.18033992,21,1,0.0,0,198.1225,0.0,5898,9169,7477,5337,2140,7417,60,0.904883,0.713789,0.808921,0.991975,0.008025,2,2,90.0,0.28807876
qd_004,QuickDraw,flower,public_benchmark_v1_ext33_m2_56_line_stroke_d0_c12_i090_min20,results\public_benchmark_v1_ext33_m2_56_line_stroke_d0_c12_i090_min20\qd_004\prediction.dst,datasets\public_benchmark_v1_ext33\quickdraw_10\qd_004_mask.png,warning,0.14939974,18,0,0.0,0,168.742,0.0,5898,9169,7061,5076,1985,7017,44,0.860631,0.718878,0.765296,0.993769,0.006231,2,2,90.0,0.25191374
qd_004,QuickDraw,flower,public_benchmark_v1_ext33_m2_56_line_stroke_d0_c12_i090_min30,results\public_benchmark_v1_ext33_m2_56_line_stroke_d0_c12_i090_min30\qd_004\prediction.dst,datasets\public_benchmark_v1_ext33\quickdraw_10\qd_004_mask.png,warning,0.14736525,17,1,0.0,0,167.664,0.0,5898,9169,6440,4628,1812,6400,40,0.784673,0.718634,0.698004,0.993789,0.006211,2,2,90.0,0.26203093
qd_004,QuickDraw,flower,public_benchmark_v1_ext33_m2_56_line_stroke_d0_c8_i095,results\public_benchmark_v1_ext33_m2_56_line_stroke_d0_c8_i095\qd_004\prediction.dst,datasets\public_benchmark_v1_ext33\quickdraw_10\qd_004_mask.png,warning,0.15742573,19,0,0.0,0,169.5542,0.0,5898,9169,8102,5828,2274,8026,76,0.988132,0.719329,0.875341,0.99062,0.00938,2,2,90.0,0.24118481
qd_004,QuickDraw,flower,public_benchmark_v1_ext33_m2_56_line_stroke_d1_c10_i090,results\public_benchmark_v1_ext33_m2_56_line_stroke_d1_c10_i090\qd_004\prediction.dst,datasets\public_benchmark_v1_ext33\quickdraw_10\qd_004_mask.png,warning,0.19835607,18,0,2.184,0,163.0021,0.0,5898,9169,8129,5831,2298,8035,94,0.98864,0.717308,0.876322,0.988436,0.011564,2,2,90.0,0.29983743
qd_004,QuickDraw,flower,public_benchmark_v1_ext33_m2_56_line_stroke_d1_c12_i090_min20,results\public_benchmark_v1_ext33_m2_56_line_stroke_d1_c12_i090_min20\qd_004\prediction.dst,datasets\public_benchmark_v1_ext33\quickdraw_10\qd_004_mask.png,warning,0.14939974,18,0,0.0,0,168.742,0.0,5898,9169,7061,5076,1985,7017,44,0.860631,0.718878,0.765296,0.993769,0.006231,2,2,90.0,0.25191374
qd_004,QuickDraw,flower,public_benchmark_v1_ext33_m2_56_line_stroke_d1_c6_i095,results\public_benchmark_v1_ext33_m2_56_line_stroke_d1_c6_i095\qd_004\prediction.dst,datasets\public_benchmark_v1_ext33\quickdraw_10\qd_004_mask.png,warning,0.15584235,18,1,0.0,0,182.5734,0.0,5898,9169,7698,5509,2189,7637,61,0.934045,0.71564,0.832915,0.992076,0.007924,2,2,90.0,0.24636895
qd_004,QuickDraw,flower,public_benchmark_v1_ext33_m2_56_line_stroke_d2_c12_i085_min20,results\public_benchmark_v1_ext33_m2_56_line_stroke_d2_c12_i085_min20\qd_004\prediction.dst,datasets\public_benchmark_v1_ext33\quickdraw_10\qd_004_mask.png,warning,0.25677467,17,0,3.7347,1,161.1829,2.4597,5898,9169,7132,5091,2041,7047,85,0.863174,0.713825,0.768568,0.988082,0.011918,2,2,90.0,0.47203959
qd_004,QuickDraw,flower,public_benchmark_v1_ext33_m2_56_line_stroke_d3_c18,results\public_benchmark_v1_ext33_m2_56_line_stroke_d3_c18\qd_004\prediction.dst,datasets\public_benchmark_v1_ext33\quickdraw_10\qd_004_mask.png,hard_fail,0.38258153,11,0,31.4199,6,98.9229,15.708,5898,9169,8606,5839,2767,8142,464,0.989997,0.67848,0.887992,0.946084,0.053916,2,2,90.0,1.22702149
qd_004,QuickDraw,flower,public_benchmark_v1_ext33_m2_56_line_stroke_selector_probe,results\public_benchmark_v1_ext33_m2_56_line_stroke_selector_probe\qd_004\prediction.dst,datasets\public_benchmark_v1_ext33\quickdraw_10\qd_004_mask.png,excellent,0.07485846,9,0,0.0,0,89.327,0.0,5898,9169,7809,5224,2585,7307,502,0.885724,0.668972,0.796924,0.935715,0.064285,2,2,90.0,0.13556966
qd_004,QuickDraw,flower,public_benchmark_v1_ext33_m2_57_topology_open_d0_c12_i090_min12,results\public_benchmark_v1_ext33_m2_57_topology_open_d0_c12_i090_min12\qd_004\prediction.dst,datasets\public_benchmark_v1_ext33\quickdraw_10\qd_004_mask.png,warning,0.15388796,17,2,0.0,0,183.9987,0.0,5898,9169,7596,5418,2178,7527,69,0.918616,0.71327,0.820918,0.990916,0.009084,2,2,90.0,0.24508852
qd_004,QuickDraw,flower,public_benchmark_v1_ext33_m2_57_topology_open_d0_c12_i090_min20,results\public_benchmark_v1_ext33_m2_57_topology_open_d0_c12_i090_min20\qd_004\prediction.dst,datasets\public_benchmark_v1_ext33\quickdraw_10\qd_004_mask.png,pass,0.12076292,13,2,0.0,0,148.8412,0.0,5898,9169,7184,5152,2032,7115,69,0.873516,0.717149,0.775984,0.990395,0.009605,2,2,90.0,0.20496356
qd_004,QuickDraw,flower,public_benchmark_v1_ext33_m2_57_topology_open_d0_c12_i090_min30,results\public_benchmark_v1_ext33_m2_57_topology_open_d0_c12_i090_min30\qd_004\prediction.dst,datasets\public_benchmark_v1_ext33\quickdraw_10\qd_004_mask.png,excellent,0.08972345,10,1,0.0,0,116.3578,0.0,5898,9169,6482,4635,1847,6417,65,0.78586,0.715057,0.699858,0.989972,0.010028,2,2,90.0,0.17607169
qd_004,QuickDraw,flower,public_benchmark_v1_ext33_m2_57_topology_open_d0_c16_i085_min20,results\public_benchmark_v1_ext33_m2_57_topology_open_d0_c16_i085_min20\qd_004\prediction.dst,datasets\public_benchmark_v1_ext33\quickdraw_10\qd_004_mask.png,pass,0.12076292,13,2,0.0,0,148.8412,0.0,5898,9169,7184,5152,2032,7115,69,0.873516,0.717149,0.775984,0.990395,0.009605,2,2,90.0,0.20496356
qd_004,QuickDraw,flower,public_benchmark_v1_ext33_m2_57_topology_open_d0_c20_i080_min30,results\public_benchmark_v1_ext33_m2_57_topology_open_d0_c20_i080_min30\qd_004\prediction.dst,datasets\public_benchmark_v1_ext33\quickdraw_10\qd_004_mask.png,excellent,0.08972345,10,1,0.0,0,116.3578,0.0,5898,9169,6482,4635,1847,6417,65,0.78586,0.715057,0.699858,0.989972,0.010028,2,2,90.0,0.17607169
qd_004,QuickDraw,flower,public_benchmark_v1_ext33_m2_57_topology_open_d0_c20_i080_min40,results\public_benchmark_v1_ext33_m2_57_topology_open_d0_c20_i080_min40\qd_004\prediction.dst,datasets\public_benchmark_v1_ext33\quickdraw_10\qd_004_mask.png,excellent,0.07299566,8,1,0.0,0,93.6145,0.0,5898,9169,6203,4420,1783,6140,63,0.749407,0.712558,0.669648,0.989844,0.010156,2,2,90.0,0.15788534
qd_004,QuickDraw,flower,public_benchmark_v1_ext33_m2_57_topology_open_d0_c24_i075_min40,results\public_benchmark_v1_ext33_m2_57_topology_open_d0_c24_i075_min40\qd_004\prediction.dst,datasets\public_benchmark_v1_ext33\quickdraw_10\qd_004_mask.png,excellent,0.07299566,8,1,0.0,0,93.6145,0.0,5898,9169,6203,4420,1783,6140,63,0.749407,0.712558,0.669648,0.989844,0.010156,2,2,90.0,0.15788534
qd_004,QuickDraw,flower,public_benchmark_v1_ext33_m2_57_topology_open_d0_c24_i075_min60,results\public_benchmark_v1_ext33_m2_57_topology_open_d0_c24_i075_min60\qd_004\prediction.dst,datasets\public_benchmark_v1_ext33\quickdraw_10\qd_004_mask.png,excellent,0.07309062,8,1,0.0,0,96.582,0.0,5898,9169,5448,3904,1544,5410,38,0.661919,0.716593,0.590032,0.993025,0.006975,2,2,90.0,0.17453326
qd_004,QuickDraw,flower,public_benchmark_v1_ext33_m2_57_topology_open_d0_c30_i070_min100,results\public_benchmark_v1_ext33_m2_57_topology_open_d0_c30_i070_min100\qd_004\prediction.dst,datasets\public_benchmark_v1_ext33\quickdraw_10\qd_004_mask.png,excellent,0.07319857,8,1,0.0,0,99.9554,0.0,5898,9169,3290,2314,976,3260,30,0.392336,0.703343,0.355546,0.990881,0.009119,2,2,90.0,0.22434617
qd_004,QuickDraw,flower,public_benchmark_v1_ext33_m2_57_topology_open_d0_c30_i070_min80,results\public_benchmark_v1_ext33_m2_57_topology_open_d0_c30_i070_min80\qd_004\prediction.dst,datasets\public_benchmark_v1_ext33\quickdraw_10\qd_004_mask.png,excellent,0.07319857,8,1,0.0,0,99.9554,0.0,5898,9169,4171,2959,1212,4133,38,0.501695,0.709422,0.450758,0.990889,0.009111,2,2,90.0,0.20417201
qd_004,QuickDraw,flower,public_benchmark_v1_ext33_m2_57_topology_open_d1_c16_i085_min20,results\public_benchmark_v1_ext33_m2_57_topology_open_d1_c16_i085_min20\qd_004\prediction.dst,datasets\public_benchmark_v1_ext33\quickdraw_10\qd_004_mask.png,pass,0.12076292,13,2,0.0,0,148.8412,0.0,5898,9169,7184,5152,2032,7115,69,0.873516,0.717149,0.775984,0.990395,0.009605,2,2,90.0,0.20496356
qd_004,QuickDraw,flower,public_benchmark_v1_ext33_m2_57_topology_open_d1_c20_i080_min20,results\public_benchmark_v1_ext33_m2_57_topology_open_d1_c20_i080_min20\qd_004\prediction.dst,datasets\public_benchmark_v1_ext33\quickdraw_10\qd_004_mask.png,pass,0.12076292,13,2,0.0,0,148.8412,0.0,5898,9169,7184,5152,2032,7115,69,0.873516,0.717149,0.775984,0.990395,0.009605,2,2,90.0,0.20496356
qd_004,QuickDraw,flower,public_benchmark_v1_ext33_m2_57_topology_open_d1_c24_i070_min60,results\public_benchmark_v1_ext33_m2_57_topology_open_d1_c24_i070_min60\qd_004\prediction.dst,datasets\public_benchmark_v1_ext33\quickdraw_10\qd_004_mask.png,warning,0.19892917,7,1,4.5499,1,83.5736,2.6077,5898,9169,5702,4025,1677,5596,106,0.682435,0.705893,0.610317,0.98141,0.01859,2,2,90.0,0.41779533
qd_004,QuickDraw,flower,public_benchmark_v1_ext33_m2_57_topology_open_d1_c24_i075_min40,results\public_benchmark_v1_ext33_m2_57_topology_open_d1_c24_i075_min40\qd_004\prediction.dst,datasets\public_benchmark_v1_ext33\quickdraw_10\qd_004_mask.png,excellent,0.07299566,8,1,0.0,0,93.6145,0.0,5898,9169,6203,4420,1783,6140,63,0.749407,0.712558,0.669648,0.989844,0.010156,2,2,90.0,0.15788534
qd_004,QuickDraw,flower,public_benchmark_v1_ext33_m2_57_topology_open_d1_c30_i065_min80,results\public_benchmark_v1_ext33_m2_57_topology_open_d1_c30_i065_min80\qd_004\prediction.dst,datasets\public_benchmark_v1_ext33\quickdraw_10\qd_004_mask.png,excellent,0.07319857,8,1,0.0,0,99.9554,0.0,5898,9169,4171,2959,1212,4133,38,0.501695,0.709422,0.450758,0.990889,0.009111,2,2,90.0,0.20417201
qd_004,QuickDraw,flower,public_benchmark_v1_ext33_m2_57_topology_open_d2_c20_i075_min20,results\public_benchmark_v1_ext33_m2_57_topology_open_d2_c20_i075_min20\qd_004\prediction.dst,datasets\public_benchmark_v1_ext33\quickdraw_10\qd_004_mask.png,warning,0.24233108,12,2,4.3676,1,138.8003,2.4759,5898,9169,7243,5152,2091,7122,121,0.873516,0.711307,0.776748,0.983294,0.016706,2,2,90.0,0.44611604
qd_004,QuickDraw,flower,public_benchmark_v1_ext33_m2_57_topology_relative_rescue,results\public_benchmark_v1_ext33_m2_57_topology_relative_rescue\qd_004\prediction.dst,datasets\public_benchmark_v1_ext33\quickdraw_10\qd_004_mask.png,excellent,0.07485846,9,0,0.0,0,89.327,0.0,5898,9169,7809,5224,2585,7307,502,0.885724,0.668972,0.796924,0.935715,0.064285,2,2,90.0,0.13556966
qd_004,QuickDraw,flower,public_benchmark_v1_ext33_m2_57_topology_selector_probe_min100,results\public_benchmark_v1_ext33_m2_57_topology_selector_probe_min100\qd_004\prediction.dst,datasets\public_benchmark_v1_ext33\quickdraw_10\qd_004_mask.png,excellent,0.07485846,9,0,0.0,0,89.327,0.0,5898,9169,7809,5224,2585,7307,502,0.885724,0.668972,0.796924,0.935715,0.064285,2,2,90.0,0.13556966
qd_004,QuickDraw,flower,public_benchmark_v1_ext33_m2_57_topology_selector_probe_min100_j14,results\public_benchmark_v1_ext33_m2_57_topology_selector_probe_min100_j14\qd_004\prediction.dst,datasets\public_benchmark_v1_ext33\quickdraw_10\qd_004_mask.png,excellent,0.07485846,9,0,0.0,0,89.327,0.0,5898,9169,7809,5224,2585,7307,502,0.885724,0.668972,0.796924,0.935715,0.064285,2,2,90.0,0.13556966
qd_004,QuickDraw,flower,public_benchmark_v1_ext33_m2_58_coverage_aware_relative_rescue,results\public_benchmark_v1_ext33_m2_58_coverage_aware_relative_rescue\qd_004\prediction.dst,datasets\public_benchmark_v1_ext33\quickdraw_10\qd_004_mask.png,excellent,0.07485846,9,0,0.0,0,89.327,0.0,5898,9169,7809,5224,2585,7307,502,0.885724,0.668972,0.796924,0.935715,0.064285,2,2,90.0,0.13556966
qd_004,QuickDraw,flower,public_benchmark_v1_ext33_m2_59_anchored_quality_rescue_selector,results\public_benchmark_v1_ext33_m2_59_anchored_quality_rescue_selector\qd_004\prediction.dst,datasets\public_benchmark_v1_ext33\quickdraw_10\qd_004_mask.png,excellent,0.07485846,9,0,0.0,0,89.327,0.0,5898,9169,7809,5224,2585,7307,502,0.885724,0.668972,0.796924,0.935715,0.064285,2,2,90.0,0.13556966
qd_004,QuickDraw,flower,public_benchmark_v1_ext33_m2_59_grouped_topology_g_d0_c16_i085_s4_min12_p80,results\public_benchmark_v1_ext33_m2_59_grouped_topology_g_d0_c16_i085_s4_min12_p80\qd_004\prediction.dst,datasets\public_benchmark_v1_ext33\quickdraw_10\qd_004_mask.png,pass,0.1594784,15,1,1.276,0,149.0126,0.0,5898,9169,7593,5410,2183,7519,74,0.91726,0.712498,0.820046,0.990254,0.009746,2,2,90.0,0.25365208
qd_004,QuickDraw,flower,public_benchmark_v1_ext33_m2_59_grouped_topology_g_d0_c16_i090_s3_min20_p80,results\public_benchmark_v1_ext33_m2_59_grouped_topology_g_d0_c16_i090_s3_min20_p80\qd_004\prediction.dst,datasets\public_benchmark_v1_ext33\quickdraw_10\qd_004_mask.png,pass,0.11425418,13,1,0.0,0,132.943,0.0,5898,9169,7173,5141,2032,7104,69,0.871651,0.716715,0.774785,0.990381,0.009619,2,2,90.0,0.1967479
qd_004,QuickDraw,flower,public_benchmark_v1_ext33_m2_59_grouped_topology_g_d0_c18_i092_s4_min12_p100,results\public_benchmark_v1_ext33_m2_59_grouped_topology_g_d0_c18_i092_s4_min12_p100\qd_004\prediction.dst,datasets\public_benchmark_v1_ext33\quickdraw_10\qd_004_mask.png,warning,0.13909505,16,1,0.0,0,159.2204,0.0,5898,9169,7585,5407,2178,7516,69,0.916751,0.712854,0.819719,0.990903,0.009097,2,2,90.0,0.22458869
qd_004,QuickDraw,flower,public_benchmark_v1_ext33_m2_59_grouped_topology_g_d0_c18_i095_s3_min12_p120,results\public_benchmark_v1_ext33_m2_59_grouped_topology_g_d0_c18_i095_s3_min12_p120\qd_004\prediction.dst,datasets\public_benchmark_v1_ext33\quickdraw_10\qd_004_mask.png,warning,0.13909505,16,1,0.0,0,159.2204,0.0,5898,9169,7585,5407,2178,7516,69,0.916751,0.712854,0.819719,0.990903,0.009097,2,2,90.0,0.22458869
qd_004,QuickDraw,flower,public_benchmark_v1_ext33_m2_59_grouped_topology_g_d0_c20_i080_s5_min12_p80,results\public_benchmark_v1_ext33_m2_59_grouped_topology_g_d0_c20_i080_s5_min12_p80\qd_004\prediction.dst,datasets\public_benchmark_v1_ext33\quickdraw_10\qd_004_mask.png,pass,0.1594784,15,1,1.276,0,149.0126,0.0,5898,9169,7593,5410,2183,7519,74,0.91726,0.712498,0.820046,0.990254,0.009746,2,2,90.0,0.25365208
qd_004,QuickDraw,flower,public_benchmark_v1_ext33_m2_59_grouped_topology_g_d0_c20_i090_s4_min12_p100,results\public_benchmark_v1_ext33_m2_59_grouped_topology_g_d0_c20_i090_s4_min12_p100\qd_004\prediction.dst,datasets\public_benchmark_v1_ext33\quickdraw_10\qd_004_mask.png,warning,0.13909505,16,1,0.0,0,159.2204,0.0,5898,9169,7585,5407,2178,7516,69,0.916751,0.712854,0.819719,0.990903,0.009097,2,2,90.0,0.22458869
qd_004,QuickDraw,flower,public_benchmark_v1_ext33_m2_59_grouped_topology_g_d0_c20_i095_s4_min12_p100,results\public_benchmark_v1_ext33_m2_59_grouped_topology_g_d0_c20_i095_s4_min12_p100\qd_004\prediction.dst,datasets\public_benchmark_v1_ext33\quickdraw_10\qd_004_mask.png,warning,0.13909505,16,1,0.0,0,159.2204,0.0,5898,9169,7585,5407,2178,7516,69,0.916751,0.712854,0.819719,0.990903,0.009097,2,2,90.0,0.22458869
qd_004,QuickDraw,flower,public_benchmark_v1_ext33_m2_59_grouped_topology_g_d0_c24_i075_s6_min20_p80,results\public_benchmark_v1_ext33_m2_59_grouped_topology_g_d0_c24_i075_s6_min20_p80\qd_004\prediction.dst,datasets\public_benchmark_v1_ext33\quickdraw_10\qd_004_mask.png,pass,0.13463753,12,1,1.276,0,122.7352,0.0,5898,9169,7181,5144,2037,7107,74,0.87216,0.716335,0.775112,0.989695,0.010305,2,2,90.0,0.22581129
qd_004,QuickDraw,flower,public_benchmark_v1_ext33_m2_59_grouped_topology_g_d0_c30_i070_s8_min30_p100,results\public_benchmark_v1_ext33_m2_59_grouped_topology_g_d0_c30_i070_s8_min30_p100\qd_004\prediction.dst,datasets\public_benchmark_v1_ext33\quickdraw_10\qd_004_mask.png,excellent,0.08972345,10,1,0.0,0,116.3578,0.0,5898,9169,6482,4635,1847,6417,65,0.78586,0.715057,0.699858,0.989972,0.010028,2,2,90.0,0.17607169
qd_004,QuickDraw,flower,public_benchmark_v1_ext33_m2_59_grouped_topology_g_d1_c20_i075_s5_min12_p80,results\public_benchmark_v1_ext33_m2_59_grouped_topology_g_d1_c20_i075_s5_min12_p80\qd_004\prediction.dst,datasets\public_benchmark_v1_ext33\quickdraw_10\qd_004_mask.png,warning,0.31064322,13,1,7.3025,1,129.3282,2.7659,5898,9169,7744,5423,2321,7577,167,0.919464,0.700284,0.826371,0.978435,0.021565,2,2,90.0,0.53614658
qd_004,QuickDraw,flower,public_benchmark_v1_ext33_m2_59_quality_rescue_selector,results\public_benchmark_v1_ext33_m2_59_quality_rescue_selector\qd_004\prediction.dst,datasets\public_benchmark_v1_ext33\quickdraw_10\qd_004_mask.png,excellent,0.07485846,9,0,0.0,0,89.327,0.0,5898,9169,7809,5224,2585,7307,502,0.885724,0.668972,0.796924,0.935715,0.064285,2,2,90.0,0.13556966
qd_004,QuickDraw,flower,public_benchmark_v1_ext33_m2_5_learned_selector_applied,results\public_benchmark_v1_ext33_m2_5_learned_selector_applied\qd_004\prediction.dst,datasets\public_benchmark_v1_ext33\quickdraw_10\qd_004_mask.png,pass,0.09116553,11,0,0.0,0,98.9229,0.0,5898,9169,8606,5839,2767,8142,464,0.989997,0.67848,0.887992,0.946084,0.053916,2,2,90.0,0.14140649
qd_004,QuickDraw,flower,public_benchmark_v1_ext33_m2_60_maskpath_combo_rescue_selector,results\public_benchmark_v1_ext33_m2_60_maskpath_combo_rescue_selector\qd_004\prediction.dst,datasets\public_benchmark_v1_ext33\quickdraw_10\qd_004_mask.png,excellent,0.06436886,7,1,0.0,0,74.027,0.0,5898,9169,7440,5252,2188,7253,187,0.890471,0.705914,0.791035,0.974866,0.025134,2,2,90.0,0.11940698
qd_004,QuickDraw,flower,public_benchmark_v1_ext33_m2_60_maskpath_mp_d0_r0_c20_i095_route24_f20_min12,results\public_benchmark_v1_ext33_m2_60_maskpath_mp_d0_r0_c20_i095_route24_f20_min12\qd_004\prediction.dst,datasets\public_benchmark_v1_ext33\quickdraw_10\qd_004_mask.png,excellent,0.07266845,8,1,0.0,0,83.3891,0.0,5898,9169,7829,5466,2363,7612,217,0.926755,0.698173,0.830189,0.972283,0.027717,2,2,90.0,0.12410537
qd_004,QuickDraw,flower,public_benchmark_v1_ext33_m2_60_maskpath_mp_d0_r0_c20_i095_route32_f26_min12,results\public_benchmark_v1_ext33_m2_60_maskpath_mp_d0_r0_c20_i095_route32_f26_min12\qd_004\prediction.dst,datasets\public_benchmark_v1_ext33\quickdraw_10\qd_004_mask.png,excellent,0.07266845,8,1,0.0,0,83.3891,0.0,5898,9169,7829,5466,2363,7612,217,0.926755,0.698173,0.830189,0.972283,0.027717,2,2,90.0,0.12410537
qd_004,QuickDraw,flower,public_benchmark_v1_ext33_m2_60_maskpath_mp_d0_r0_c20_i095_route32_f26_min20,results\public_benchmark_v1_ext33_m2_60_maskpath_mp_d0_r0_c20_i095_route32_f26_min20\qd_004\prediction.dst,datasets\public_benchmark_v1_ext33\quickdraw_10\qd_004_mask.png,excellent,0.06436886,7,1,0.0,0,74.027,0.0,5898,9169,7440,5252,2188,7253,187,0.890471,0.705914,0.791035,0.974866,0.025134,2,2,90.0,0.11940698
qd_004,QuickDraw,flower,public_benchmark_v1_ext33_m2_60_maskpath_mp_d0_r0_c24_i090_route36_f30_min12,results\public_benchmark_v1_ext33_m2_60_maskpath_mp_d0_r0_c24_i090_route36_f30_min12\qd_004\prediction.dst,datasets\public_benchmark_v1_ext33\quickdraw_10\qd_004_mask.png,excellent,0.07266845,8,1,0.0,0,83.3891,0.0,5898,9169,7829,5466,2363,7612,217,0.926755,0.698173,0.830189,0.972283,0.027717,2,2,90.0,0.12410537
qd_004,QuickDraw,flower,public_benchmark_v1_ext33_m2_60_maskpath_mp_d0_r1_c20_i095_route32_f26_min12,results\public_benchmark_v1_ext33_m2_60_maskpath_mp_d0_r1_c20_i095_route32_f26_min12\qd_004\prediction.dst,datasets\public_benchmark_v1_ext33\quickdraw_10\qd_004_mask.png,hard_fail,0.25266845,8,1,14.0399,0,83.3891,0.0,5898,9169,7877,5456,2421,7605,272,0.925059,0.692649,0.829425,0.965469,0.034531,2,2,90.0,0.44473173
qd_004,QuickDraw,flower,public_benchmark_v1_ext33_m2_60_maskpath_mp_d0_r1_c24_i090_route36_f30_min12,results\public_benchmark_v1_ext33_m2_60_maskpath_mp_d0_r1_c24_i090_route36_f30_min12\qd_004\prediction.dst,datasets\public_benchmark_v1_ext33\quickdraw_10\qd_004_mask.png,hard_fail,0.25266845,8,1,14.0399,0,83.3891,0.0,5898,9169,7877,5456,2421,7605,272,0.925059,0.692649,0.829425,0.965469,0.034531,2,2,90.0,0.44473173
qd_004,QuickDraw,flower,public_benchmark_v1_ext33_m2_60_maskpath_rescue_selector,results\public_benchmark_v1_ext33_m2_60_maskpath_rescue_selector\qd_004\prediction.dst,datasets\public_benchmark_v1_ext33\quickdraw_10\qd_004_mask.png,excellent,0.07266845,8,1,0.0,0,83.3891,0.0,5898,9169,7829,5466,2363,7612,217,0.926755,0.698173,0.830189,0.972283,0.027717,2,2,90.0,0.12410537
qd_004,QuickDraw,flower,public_benchmark_v1_ext33_m2_61_segment_graph_sg_d0_l035_c20_i095_r32_f26_min12,results\public_benchmark_v1_ext33_m2_61_segment_graph_sg_d0_l035_c20_i095_r32_f26_min12\qd_004\prediction.dst,datasets\public_benchmark_v1_ext33\quickdraw_10\qd_004_mask.png,excellent,0.09528847,10,2,0.0,0,102.7647,0.0,5898,9169,7934,5408,2526,7575,359,0.916921,0.681623,0.826153,0.954752,0.045248,2,2,90.0,0.15799643
qd_004,QuickDraw,flower,public_benchmark_v1_ext33_m2_61_segment_graph_sg_d0_l050_c24_i090_r36_f30_min12,results\public_benchmark_v1_ext33_m2_61_segment_graph_sg_d0_l050_c24_i090_r36_f30_min12\qd_004\prediction.dst,datasets\public_benchmark_v1_ext33\quickdraw_10\qd_004_mask.png,excellent,0.07232715,8,1,0.0,0,72.7235,0.0,5898,9169,8016,5424,2592,7619,397,0.919634,0.676647,0.830952,0.950474,0.049526,2,2,90.0,0.12424219
qd_004,QuickDraw,flower,public_benchmark_v1_ext33_m2_61_segment_graph_sg_d0_l070_c20_i095_r32_f26_min12,results\public_benchmark_v1_ext33_m2_61_segment_graph_sg_d0_l070_c20_i095_r32_f26_min12\qd_004\prediction.dst,datasets\public_benchmark_v1_ext33\quickdraw_10\qd_004_mask.png,pass,0.10353805,11,2,0.0,0,110.564,0.0,5898,9169,7816,5403,2413,7557,259,0.916073,0.691274,0.82419,0.966863,0.033137,2,2,90.0,0.17054941
qd_004,QuickDraw,flower,public_benchmark_v1_ext33_m2_61_segment_graph_sg_d1_l050_c20_i095_r32_f26_min12,results\public_benchmark_v1_ext33_m2_61_segment_graph_sg_d1_l050_c20_i095_r32_f26_min12\qd_004\prediction.dst,datasets\public_benchmark_v1_ext33\quickdraw_10\qd_004_mask.png,hard_fail,0.27528847,10,2,27.316,0,102.7647,0.0,5898,9169,8000,5397,2603,7567,433,0.915056,0.674625,0.825281,0.945875,0.054125,2,2,90.0,0.61141027
qd_004,QuickDraw,flower,public_benchmark_v1_ext33_m2_61_segment_graph_sg_euler_d0_l000_c20_i095_r32_f26_min12,results\public_benchmark_v1_ext33_m2_61_segment_graph_sg_euler_d0_l000_c20_i095_r32_f26_min12\qd_004\prediction.dst,datasets\public_benchmark_v1_ext33\quickdraw_10\qd_004_mask.png,excellent,0.07293616,8,1,0.0,0,91.755,0.0,5898,9169,7807,5435,2372,7593,214,0.921499,0.69617,0.828116,0.972589,0.027411,2,2,90.0,0.12504232
qd_004,QuickDraw,flower,public_benchmark_v1_ext33_m2_61_segment_graph_sg_euler_d0_l020_c24_i090_r36_f30_min12,results\public_benchmark_v1_ext33_m2_61_segment_graph_sg_euler_d0_l020_c24_i090_r36_f30_min12\qd_004\prediction.dst,datasets\public_benchmark_v1_ext33\quickdraw_10\qd_004_mask.png,excellent,0.07268693,8,1,0.0,0,83.9665,0.0,5898,9169,8060,5460,2600,7676,384,0.925738,0.677419,0.837169,0.952357,0.047643,2,2,90.0,0.12336761
qd_004,QuickDraw,flower,public_benchmark_v1_ext33_m2_61_segment_graph_sg_euler_d0_l035_c20_i095_r32_f26_min12,results\public_benchmark_v1_ext33_m2_61_segment_graph_sg_euler_d0_l035_c20_i095_r32_f26_min12\qd_004\prediction.dst,datasets\public_benchmark_v1_ext33\quickdraw_10\qd_004_mask.png,excellent,0.09524432,10,2,0.0,0,101.3851,0.0,5898,9169,7934,5408,2526,7575,359,0.916921,0.681623,0.826153,0.954752,0.045248,2,2,90.0,0.15795228
qd_004,QuickDraw,flower,public_benchmark_v1_ext33_m2_64_text_precision_rescue_selector,results\public_benchmark_v1_ext33_m2_64_text_precision_rescue_selector\qd_004\prediction.dst,datasets\public_benchmark_v1_ext33\quickdraw_10\qd_004_mask.png,excellent,0.07266845,8,1,0.0,0,83.3891,0.0,5898,9169,7829,5466,2363,7612,217,0.926755,0.698173,0.830189,0.972283,0.027717,2,2,90.0,0.12410537
qd_004,QuickDraw,flower,public_benchmark_v1_ext33_m2_65_text_legibility_rescue_selector,results\public_benchmark_v1_ext33_m2_65_text_legibility_rescue_selector\qd_004\prediction.dst,datasets\public_benchmark_v1_ext33\quickdraw_10\qd_004_mask.png,excellent,0.07266845,8,1,0.0,0,83.3891,0.0,5898,9169,7829,5466,2363,7612,217,0.926755,0.698173,0.830189,0.972283,0.027717,2,2,90.0,0.12410537
qd_004,QuickDraw,flower,public_benchmark_v1_ext33_m2_66_profile_switcher,results\public_benchmark_v1_ext33_m2_66_profile_switcher\qd_004\prediction.dst,datasets\public_benchmark_v1_ext33\quickdraw_10\qd_004_mask.png,excellent,0.07266845,8,1,0.0,0,83.3891,0.0,5898,9169,7829,5466,2363,7612,217,0.926755,0.698173,0.830189,0.972283,0.027717,2,2,90.0,0.12410537
qd_004,QuickDraw,flower,public_benchmark_v1_ext33_m2_67_line_art_profile,results\public_benchmark_v1_ext33_m2_67_line_art_profile\qd_004\prediction.dst,datasets\public_benchmark_v1_ext33\quickdraw_10\qd_004_mask.png,excellent,0.07266845,8,1,0.0,0,83.3891,0.0,5898,9169,7829,5466,2363,7612,217,0.926755,0.698173,0.830189,0.972283,0.027717,2,2,90.0,0.12410537
qd_004,QuickDraw,flower,public_benchmark_v1_ext33_m2_68_shape_aware_profile,results\public_benchmark_v1_ext33_m2_68_shape_aware_profile\qd_004\prediction.dst,datasets\public_benchmark_v1_ext33\quickdraw_10\qd_004_mask.png,excellent,0.07266845,8,1,0.0,0,83.3891,0.0,5898,9169,7829,5466,2363,7612,217,0.926755,0.698173,0.830189,0.972283,0.027717,2,2,90.0,0.12410537
qd_004,QuickDraw,flower,public_benchmark_v1_ext33_m2_69_text_wku_profile,results\public_benchmark_v1_ext33_m2_69_text_wku_profile\qd_004\prediction.dst,datasets\public_benchmark_v1_ext33\quickdraw_10\qd_004_mask.png,excellent,0.07266845,8,1,0.0,0,83.3891,0.0,5898,9169,7829,5466,2363,7612,217,0.926755,0.698173,0.830189,0.972283,0.027717,2,2,90.0,0.12410537
qd_004,QuickDraw,flower,public_benchmark_v1_ext33_mask_fill_edgewalk_dtsatin_o3_i8_s14_p90,results\public_benchmark_v1_ext33_mask_fill_edgewalk_dtsatin_o3_i8_s14_p90\qd_004\prediction.dst,datasets\public_benchmark_v1_ext33\quickdraw_10\qd_004_mask.png,hard_fail,0.37314545,117,25,0.5303,0,1287.9282,0.0,5898,9169,12913,5893,7020,9057,3856,0.999152,0.456362,0.987785,0.701386,0.298614,2,2,90.0,0.92822669
qd_004,QuickDraw,flower,public_benchmark_v1_ext33_mask_fill_edgewalk_dtsatin_o3_i9_s7,results\public_benchmark_v1_ext33_mask_fill_edgewalk_dtsatin_o3_i9_s7\qd_004\prediction.dst,datasets\public_benchmark_v1_ext33\quickdraw_10\qd_004_mask.png,hard_fail,0.37314545,117,25,0.5303,0,1287.9282,0.0,5898,9169,12913,5893,7020,9057,3856,0.999152,0.456362,0.987785,0.701386,0.298614,2,2,90.0,0.92822669
qd_004,QuickDraw,flower,public_benchmark_v1_ext33_mask_fill_edgewalk_nearest_rows16_p40,results\public_benchmark_v1_ext33_mask_fill_edgewalk_nearest_rows16_p40\qd_004\prediction.dst,datasets\public_benchmark_v1_ext33\quickdraw_10\qd_004_mask.png,hard_fail,0.37314545,117,25,0.5303,0,1287.9282,0.0,5898,9169,12913,5893,7020,9057,3856,0.999152,0.456362,0.987785,0.701386,0.298614,2,2,90.0,0.92822669
qd_004,QuickDraw,flower,public_benchmark_v1_ext33_mask_fill_edgewalk_nearestrow_adapt_t2_m5_rows16_p40,results\public_benchmark_v1_ext33_mask_fill_edgewalk_nearestrow_adapt_t2_m5_rows16_p40\qd_004\prediction.dst,datasets\public_benchmark_v1_ext33\quickdraw_10\qd_004_mask.png,pass,0.13462811,14,3,0.0,0,144.6283,0.0,5898,9169,7868,5561,2307,7511,357,0.942862,0.706787,0.819173,0.954626,0.045374,2,2,90.0,0.21409839
qd_004,QuickDraw,flower,public_benchmark_v1_ext33_mask_fill_edgewalk_nearestrow_adapt_t3_m6_rows16_p40,results\public_benchmark_v1_ext33_mask_fill_edgewalk_nearestrow_adapt_t3_m6_rows16_p40\qd_004\prediction.dst,datasets\public_benchmark_v1_ext33\quickdraw_10\qd_004_mask.png,pass,0.13462811,14,3,0.0,0,144.6283,0.0,5898,9169,7868,5561,2307,7511,357,0.942862,0.706787,0.819173,0.954626,0.045374,2,2,90.0,0.21409839
qd_004,QuickDraw,flower,public_benchmark_v1_ext33_mask_fill_edgewalk_nearestrow_adapt_t4_m8_rows16_p40,results\public_benchmark_v1_ext33_mask_fill_edgewalk_nearestrow_adapt_t4_m8_rows16_p40\qd_004\prediction.dst,datasets\public_benchmark_v1_ext33\quickdraw_10\qd_004_mask.png,pass,0.12870895,14,2,0.0,0,147.1547,0.0,5898,9169,9545,5817,3728,8536,1009,0.986267,0.609429,0.930963,0.89429,0.10571,2,2,90.0,0.19070699
qd_004,QuickDraw,flower,public_benchmark_v1_ext33_mask_fill_edgewalk_nearestrow_evalfill_rows16_p40,results\public_benchmark_v1_ext33_mask_fill_edgewalk_nearestrow_evalfill_rows16_p40\qd_004\prediction.dst,datasets\public_benchmark_v1_ext33\quickdraw_10\qd_004_mask.png,pass,0.15174432,12,2,1.7612,0,128.6661,0.0,5898,9169,20799,5898,14901,9169,11630,1.0,0.283571,1.0,0.440839,0.559161,2,2,90.0,0.29482208
qd_004,QuickDraw,flower,public_benchmark_v1_ext33_mask_fill_edgewalk_nearestrow_inset1_rows16_p40,results\public_benchmark_v1_ext33_mask_fill_edgewalk_nearestrow_inset1_rows16_p40\qd_004\prediction.dst,datasets\public_benchmark_v1_ext33\quickdraw_10\qd_004_mask.png,pass,0.12871089,14,2,0.0,0,147.2153,0.0,5898,9169,9507,5817,3690,8522,985,0.986267,0.611865,0.929436,0.896392,0.103608,2,2,90.0,0.19055585
qd_004,QuickDraw,flower,public_benchmark_v1_ext33_mask_fill_edgewalk_nearestrow_inset2_rows16_p40,results\public_benchmark_v1_ext33_mask_fill_edgewalk_nearestrow_inset2_rows16_p40\qd_004\prediction.dst,datasets\public_benchmark_v1_ext33\quickdraw_10\qd_004_mask.png,pass,0.10361583,11,2,0.0,0,112.9946,0.0,5898,9169,7730,5493,2237,7387,343,0.931333,0.710608,0.805649,0.955627,0.044373,2,2,90.0,0.17163131
qd_004,QuickDraw,flower,public_benchmark_v1_ext33_mask_fill_edgewalk_nearestrow_qdirect_rows16_p40,results\public_benchmark_v1_ext33_mask_fill_edgewalk_nearestrow_qdirect_rows16_p40\qd_004\prediction.dst,datasets\public_benchmark_v1_ext33\quickdraw_10\qd_004_mask.png,excellent,0.08963738,10,1,0.0,0,113.668,0.0,5898,9169,11703,5893,5810,9009,2694,0.999152,0.503546,0.98255,0.769803,0.230197,2,2,90.0,0.1524689
qd_004,QuickDraw,flower,public_benchmark_v1_ext33_mask_fill_edgewalk_nearestrow_qpath090_rows16_p40,results\public_benchmark_v1_ext33_mask_fill_edgewalk_nearestrow_qpath090_rows16_p40\qd_004\prediction.dst,datasets\public_benchmark_v1_ext33\quickdraw_10\qd_004_mask.png,excellent,0.08963738,10,1,0.0,0,113.668,0.0,5898,9169,11703,5893,5810,9009,2694,0.999152,0.503546,0.98255,0.769803,0.230197,2,2,90.0,0.1524689
qd_004,QuickDraw,flower,public_benchmark_v1_ext33_mask_fill_edgewalk_nearestrow_qpath095_rows16_p40,results\public_benchmark_v1_ext33_mask_fill_edgewalk_nearestrow_qpath095_rows16_p40\qd_004\prediction.dst,datasets\public_benchmark_v1_ext33\quickdraw_10\qd_004_mask.png,excellent,0.08963738,10,1,0.0,0,113.668,0.0,5898,9169,11703,5893,5810,9009,2694,0.999152,0.503546,0.98255,0.769803,0.230197,2,2,90.0,0.1524689
qd_004,QuickDraw,flower,public_benchmark_v1_ext33_mask_fill_edgewalk_nearestrow_quantvalid_rows16_p40,results\public_benchmark_v1_ext33_mask_fill_edgewalk_nearestrow_quantvalid_rows16_p40\qd_004\prediction.dst,datasets\public_benchmark_v1_ext33\quickdraw_10\qd_004_mask.png,excellent,0.08963738,10,1,0.0,0,113.668,0.0,5898,9169,11703,5893,5810,9009,2694,0.999152,0.503546,0.98255,0.769803,0.230197,2,2,90.0,0.1524689
qd_004,QuickDraw,flower,public_benchmark_v1_ext33_mask_fill_edgewalk_nearestrow_rows16_p40,results\public_benchmark_v1_ext33_mask_fill_edgewalk_nearestrow_rows16_p40\qd_004\prediction.dst,datasets\public_benchmark_v1_ext33\quickdraw_10\qd_004_mask.png,excellent,0.08963738,10,1,0.0,0,113.668,0.0,5898,9169,11703,5893,5810,9009,2694,0.999152,0.503546,0.98255,0.769803,0.230197,2,2,90.0,0.1524689
qd_004,QuickDraw,flower,public_benchmark_v1_ext33_mask_fill_edgewalk_nearestrow_safeadt_rows16_p40,results\public_benchmark_v1_ext33_mask_fill_edgewalk_nearestrow_safeadt_rows16_p40\qd_004\prediction.dst,datasets\public_benchmark_v1_ext33\quickdraw_10\qd_004_mask.png,excellent,0.09537368,10,2,0.0,0,105.4274,0.0,5898,9169,18586,5898,12688,9169,9417,1.0,0.317336,1.0,0.493328,0.506672,2,2,90.0,0.2044412
qd_004,QuickDraw,flower,public_benchmark_v1_ext33_mask_fill_edgewalk_nearestrow_safeadt_t2m5_r035_a32_rows16_p40,results\public_benchmark_v1_ext33_mask_fill_edgewalk_nearestrow_safeadt_t2m5_r035_a32_rows16_p40\qd_004\prediction.dst,datasets\public_benchmark_v1_ext33\quickdraw_10\qd_004_mask.png,excellent,0.0954158,10,2,0.0,0,106.7436,0.0,5898,9169,18491,5898,12593,9169,9322,1.0,0.318966,1.0,0.495863,0.504137,2,2,90.0,0.20407772
qd_004,QuickDraw,flower,public_benchmark_v1_ext33_mask_fill_edgewalk_nearestrow_safeadt_t2m5_r055_a64_rows16_p40,results\public_benchmark_v1_ext33_mask_fill_edgewalk_nearestrow_safeadt_t2m5_r055_a64_rows16_p40\qd_004\prediction.dst,datasets\public_benchmark_v1_ext33\quickdraw_10\qd_004_mask.png,excellent,0.0954158,10,2,0.0,0,106.7436,0.0,5898,9169,18491,5898,12593,9169,9322,1.0,0.318966,1.0,0.495863,0.504137,2,2,90.0,0.20407772
qd_004,QuickDraw,flower,public_benchmark_v1_ext33_mask_fill_edgewalk_nearestrow_segvalid_rows16_p40,results\public_benchmark_v1_ext33_mask_fill_edgewalk_nearestrow_segvalid_rows16_p40\qd_004\prediction.dst,datasets\public_benchmark_v1_ext33\quickdraw_10\qd_004_mask.png,excellent,0.08963738,10,1,0.0,0,113.668,0.0,5898,9169,11703,5893,5810,9009,2694,0.999152,0.503546,0.98255,0.769803,0.230197,2,2,90.0,0.1524689
qd_004,QuickDraw,flower,public_benchmark_v1_ext33_mask_fill_edgewalk_nearestrow_strict_p20_rows16,results\public_benchmark_v1_ext33_mask_fill_edgewalk_nearestrow_strict_p20_rows16\qd_004\prediction.dst,datasets\public_benchmark_v1_ext33\quickdraw_10\qd_004_mask.png,pass,0.1372013,15,2,0.0,0,162.5407,0.0,5898,9169,10986,5893,5093,8999,1987,0.999152,0.53641,0.981459,0.819133,0.180867,2,2,90.0,0.21414002
qd_004,QuickDraw,flower,public_benchmark_v1_ext33_mask_fill_edgewalk_nearestrow_strict_p40_rows16,results\public_benchmark_v1_ext33_mask_fill_edgewalk_nearestrow_strict_p40_rows16\qd_004\prediction.dst,datasets\public_benchmark_v1_ext33\quickdraw_10\qd_004_mask.png,excellent,0.08963738,10,1,0.0,0,113.668,0.0,5898,9169,11703,5893,5810,9009,2694,0.999152,0.503546,0.98255,0.769803,0.230197,2,2,90.0,0.1524689
qd_004,QuickDraw,flower,public_benchmark_v1_ext33_mask_fill_edgewalk_outline_ext_in2_rows16_p40,results\public_benchmark_v1_ext33_mask_fill_edgewalk_outline_ext_in2_rows16_p40\qd_004\prediction.dst,datasets\public_benchmark_v1_ext33\quickdraw_10\qd_004_mask.png,hard_fail,0.37428791,121,25,0.5303,0,1323.63,0.0,5898,9169,12966,5896,7070,9103,3863,0.999661,0.454728,0.992802,0.702067,0.297933,2,2,90.0,0.94526019
qd_004,QuickDraw,flower,public_benchmark_v1_ext33_mask_fill_edgewalk_outline_ext_in3_rows16_p40,results\public_benchmark_v1_ext33_mask_fill_edgewalk_outline_ext_in3_rows16_p40\qd_004\prediction.dst,datasets\public_benchmark_v1_ext33\quickdraw_10\qd_004_mask.png,hard_fail,0.3735704,118,25,0.5303,0,1301.2077,0.0,5898,9169,12999,5893,7106,9059,3940,0.999152,0.453343,0.988003,0.6969,0.3031,2,2,90.0,0.9333694
qd_004,QuickDraw,flower,public_benchmark_v1_ext33_mask_fill_edgewalk_outline_ext_rows16_p40,results\public_benchmark_v1_ext33_mask_fill_edgewalk_outline_ext_rows16_p40\qd_004\prediction.dst,datasets\public_benchmark_v1_ext33\quickdraw_10\qd_004_mask.png,hard_fail,0.37428701,121,25,0.5303,0,1323.602,0.0,5898,9169,13384,5896,7488,9113,4271,0.999661,0.440526,0.993892,0.680888,0.319112,2,2,90.0,0.94864793
qd_004,QuickDraw,flower,public_benchmark_v1_ext33_mask_fill_edgewalk_outline_rows16_p40,results\public_benchmark_v1_ext33_mask_fill_edgewalk_outline_rows16_p40\qd_004\prediction.dst,datasets\public_benchmark_v1_ext33\quickdraw_10\qd_004_mask.png,hard_fail,0.37419758,121,25,0.5303,0,1320.8072,0.0,5898,9169,13767,5898,7869,9163,4604,1.0,0.428416,0.999346,0.665577,0.334423,2,2,90.0,0.95100826
qd_004,QuickDraw,flower,public_benchmark_v1_ext33_mask_fill_edgewalk_rows16_p24,results\public_benchmark_v1_ext33_mask_fill_edgewalk_rows16_p24\qd_004\prediction.dst,datasets\public_benchmark_v1_ext33\quickdraw_10\qd_004_mask.png,hard_fail,0.37975034,138,30,0.5303,0,1494.3308,0.0,5898,9169,11928,5893,6035,9037,2891,0.999152,0.494048,0.985604,0.757629,0.242371,2,2,90.0,1.0198327
qd_004,QuickDraw,flower,public_benchmark_v1_ext33_mask_fill_edgewalk_rows16_p40,results\public_benchmark_v1_ext33_mask_fill_edgewalk_rows16_p40\qd_004\prediction.dst,datasets\public_benchmark_v1_ext33\quickdraw_10\qd_004_mask.png,hard_fail,0.37314545,117,25,0.5303,0,1287.9282,0.0,5898,9169,12913,5893,7020,9057,3856,0.999152,0.456362,0.987785,0.701386,0.298614,2,2,90.0,0.92822669
qd_004,QuickDraw,flower,public_benchmark_v1_ext33_mask_fill_edgewalk_rows20_p24,results\public_benchmark_v1_ext33_mask_fill_edgewalk_rows20_p24\qd_004\prediction.dst,datasets\public_benchmark_v1_ext33\quickdraw_10\qd_004_mask.png,hard_fail,0.37368162,121,25,0.5303,0,1304.6834,0.0,5898,9169,11537,5853,5684,8792,2745,0.99237,0.507324,0.958883,0.76207,0.23793,2,2,90.0,0.93505342
qd_004,QuickDraw,flower,public_benchmark_v1_ext33_mask_fill_edgewalk_satin_w4_s6_i3,results\public_benchmark_v1_ext33_mask_fill_edgewalk_satin_w4_s6_i3\qd_004\prediction.dst,datasets\public_benchmark_v1_ext33\quickdraw_10\qd_004_mask.png,hard_fail,0.37450556,121,26,0.5303,0,1330.4316,0.0,5898,9169,13001,5893,7108,9063,3938,0.999152,0.453273,0.988439,0.6971,0.3029,2,2,90.0,0.94827256
qd_004,QuickDraw,flower,public_benchmark_v1_ext33_mask_fill_edgewalk_satin_w6_s5_i3,results\public_benchmark_v1_ext33_mask_fill_edgewalk_satin_w6_s5_i3\qd_004\prediction.dst,datasets\public_benchmark_v1_ext33\quickdraw_10\qd_004_mask.png,hard_fail,0.37450016,121,26,0.5303,0,1330.2629,0.0,5898,9169,13043,5893,7150,9066,3977,0.999152,0.451813,0.988766,0.695085,0.304915,2,2,90.0,0.94858956
qd_004,QuickDraw,flower,public_benchmark_v1_ext33_mask_fill_edgewalk_satin_w8_s7_i4,results\public_benchmark_v1_ext33_mask_fill_edgewalk_satin_w8_s7_i4\qd_004\prediction.dst,datasets\public_benchmark_v1_ext33\quickdraw_10\qd_004_mask.png,hard_fail,0.37314545,117,25,0.5303,0,1287.9282,0.0,5898,9169,12913,5893,7020,9057,3856,0.999152,0.456362,0.987785,0.701386,0.298614,2,2,90.0,0.92822669
qd_004,QuickDraw,flower,public_benchmark_v1_ext33_mask_fill_edgewalk_satinrail_w10_s8_i5,results\public_benchmark_v1_ext33_mask_fill_edgewalk_satinrail_w10_s8_i5\qd_004\prediction.dst,datasets\public_benchmark_v1_ext33\quickdraw_10\qd_004_mask.png,hard_fail,0.37314545,117,25,0.5303,0,1287.9282,0.0,5898,9169,12913,5893,7020,9057,3856,0.999152,0.456362,0.987785,0.701386,0.298614,2,2,90.0,0.92822669
qd_004,QuickDraw,flower,public_benchmark_v1_ext33_mask_fill_edgewalk_satinrail_w6_s6_i3,results\public_benchmark_v1_ext33_mask_fill_edgewalk_satinrail_w6_s6_i3\qd_004\prediction.dst,datasets\public_benchmark_v1_ext33\quickdraw_10\qd_004_mask.png,hard_fail,0.37450556,121,26,0.5303,0,1330.4316,0.0,5898,9169,13016,5893,7123,9066,3950,0.999152,0.45275,0.988766,0.696527,0.303473,2,2,90.0,0.94836424
qd_004,QuickDraw,flower,public_benchmark_v1_ext33_mask_fill_edgewalk_satinrail_w8_s7_i4,results\public_benchmark_v1_ext33_mask_fill_edgewalk_satinrail_w8_s7_i4\qd_004\prediction.dst,datasets\public_benchmark_v1_ext33\quickdraw_10\qd_004_mask.png,hard_fail,0.37314545,117,25,0.5303,0,1287.9282,0.0,5898,9169,12913,5893,7020,9057,3856,0.999152,0.456362,0.987785,0.701386,0.298614,2,2,90.0,0.92822669
qd_004,QuickDraw,flower,public_benchmark_v1_ext33_mask_fill_edgewalk_styleaware_r008_d45,results\public_benchmark_v1_ext33_mask_fill_edgewalk_styleaware_r008_d45\qd_004\prediction.dst,datasets\public_benchmark_v1_ext33\quickdraw_10\qd_004_mask.png,hard_fail,0.28243183,45,11,0.0,0,513.4948,0.0,5898,9169,10752,5851,4901,8330,2422,0.992031,0.544178,0.908496,0.77474,0.22526,2,2,90.0,0.50825391
qd_004,QuickDraw,flower,public_benchmark_v1_ext33_mask_fill_nearestrow_strict_short_rows16,results\public_benchmark_v1_ext33_mask_fill_nearestrow_strict_short_rows16\qd_004\prediction.dst,datasets\public_benchmark_v1_ext33\quickdraw_10\qd_004_mask.png,warning,0.20273548,23,2,0.0,0,210.4836,0.0,5898,9169,10730,5893,4837,8983,1747,0.999152,0.549208,0.979714,0.837185,0.162815,2,2,90.0,0.30878588
qd_004,QuickDraw,flower,public_benchmark_v1_ext33_mask_fill_rows12_c10,results\public_benchmark_v1_ext33_mask_fill_rows12_c10\qd_004\prediction.dst,datasets\public_benchmark_v1_ext33\quickdraw_10\qd_004_mask.png,hard_fail,0.4,277,50,0.0,0,2887.8028,0.0,5898,9169,11624,5898,5726,9167,2457,1.0,0.507398,0.999782,0.788627,0.211373,2,2,90.0,1.62581968
qd_004,QuickDraw,flower,public_benchmark_v1_ext33_mask_fill_rows12_c6,results\public_benchmark_v1_ext33_mask_fill_rows12_c6\qd_004\prediction.dst,datasets\public_benchmark_v1_ext33\quickdraw_10\qd_004_mask.png,hard_fail,0.4,294,50,0.0,0,3022.4028,0.0,5898,9169,11230,5898,5332,9167,2063,1.0,0.5252,0.999782,0.816296,0.183704,2,2,90.0,1.68939264
qd_004,QuickDraw,flower,public_benchmark_v1_ext33_mask_fill_rows16_c12_in025,results\public_benchmark_v1_ext33_mask_fill_rows16_c12_in025\qd_004\prediction.dst,datasets\public_benchmark_v1_ext33\quickdraw_10\qd_004_mask.png,hard_fail,0.64982499,156,30,12.375,3,1632.0308,8.8,5898,9169,11330,5893,5437,8972,2358,0.999152,0.520124,0.978515,0.79188,0.20812,2,2,90.0,1.71487419
qd_004,QuickDraw,flower,public_benchmark_v1_ext33_mask_fill_rows16_c12_in050,results\public_benchmark_v1_ext33_mask_fill_rows16_c12_in050\qd_004\prediction.dst,datasets\public_benchmark_v1_ext33\quickdraw_10\qd_004_mask.png,hard_fail,0.64982499,156,30,12.375,3,1632.0308,8.8,5898,9169,11330,5893,5437,8972,2358,0.999152,0.520124,0.978515,0.79188,0.20812,2,2,90.0,1.71487419
qd_004,QuickDraw,flower,public_benchmark_v1_ext33_mask_fill_rows16_c6,results\public_benchmark_v1_ext33_mask_fill_rows16_c6\qd_004\prediction.dst,datasets\public_benchmark_v1_ext33\quickdraw_10\qd_004_mask.png,hard_fail,0.37684251,172,30,0.0,0,1776.3284,0.0,5898,9169,10577,5893,4684,8967,1610,0.999152,0.557152,0.977969,0.847783,0.152217,2,2,90.0,1.13319723
qd_004,QuickDraw,flower,public_benchmark_v1_ext33_mask_fill_rows20_c12_in050,results\public_benchmark_v1_ext33_mask_fill_rows20_c12_in050\qd_004\prediction.dst,datasets\public_benchmark_v1_ext33\quickdraw_10\qd_004_mask.png,hard_fail,0.52162994,135,25,5.5,1,1425.4147,2.8,5898,9169,10685,5851,4834,8730,1955,0.992031,0.54759,0.952121,0.817033,0.182967,2,2,90.0,1.25990466
qd_005,QuickDraw,bicycle,public_benchmark_v1_core20_auto_hybrid_skeleton_connect12_trimcap20,results\public_benchmark_v1_core20_auto_hybrid_skeleton_connect12_trimcap20\qd_005\prediction.dst,datasets\public_benchmark_v1_ext33\quickdraw_10\qd_005_mask.png,pass,0.14796047,13,1,1.4866,0,140.9991,0.0,7540,11320,10464,1924,8540,2862,7602,0.255172,0.183869,0.252827,0.273509,0.726491,2,2,90.0,0.45751203
qd_005,QuickDraw,bicycle,public_benchmark_v1_core20_source_aware_hybrid_skeleton,results\public_benchmark_v1_core20_source_aware_hybrid_skeleton\qd_005\prediction.dst,datasets\public_benchmark_v1_ext33\quickdraw_10\qd_005_mask.png,hard_fail,0.31930703,85,15,0.0,0,915.8447,0.0,7540,11320,9983,1795,8188,2657,7326,0.238064,0.179806,0.234717,0.266152,0.733848,2,2,90.0,0.93471155
qd_005,QuickDraw,bicycle,public_benchmark_v1_core20_source_aware_hybrid_skeleton_connect12,results\public_benchmark_v1_core20_source_aware_hybrid_skeleton_connect12\qd_005\prediction.dst,datasets\public_benchmark_v1_ext33\quickdraw_10\qd_005_mask.png,pass,0.14796047,13,1,1.4866,0,140.9991,0.0,7540,11320,10464,1924,8540,2862,7602,0.255172,0.183869,0.252827,0.273509,0.726491,2,2,90.0,0.45751203
qd_005,QuickDraw,bicycle,public_benchmark_v1_core20_source_aware_hybrid_skeleton_connect12_trimcap20,results\public_benchmark_v1_core20_source_aware_hybrid_skeleton_connect12_trimcap20\qd_005\prediction.dst,datasets\public_benchmark_v1_ext33\quickdraw_10\qd_005_mask.png,pass,0.14796047,13,1,1.4866,0,140.9991,0.0,7540,11320,10464,1924,8540,2862,7602,0.255172,0.183869,0.252827,0.273509,0.726491,2,2,90.0,0.45751203
qd_005,QuickDraw,bicycle,public_benchmark_v1_ext33_all_skeleton_connect20_trimcap20,results\public_benchmark_v1_ext33_all_skeleton_connect20_trimcap20\qd_005\prediction.dst,datasets\public_benchmark_v1_ext33\quickdraw_10\qd_005_mask.png,excellent,0.04719641,5,1,0.0,0,37.3879,0.0,7540,11320,11020,7458,3562,10260,760,0.989125,0.67677,0.90636,0.931034,0.068966,2,2,90.0,0.07323321
qd_005,QuickDraw,bicycle,public_benchmark_v1_ext33_all_skeleton_connect30_min12_trimcap20,results\public_benchmark_v1_ext33_all_skeleton_connect30_min12_trimcap20\qd_005\prediction.dst,datasets\public_benchmark_v1_ext33\quickdraw_10\qd_005_mask.png,excellent,0.07769575,6,0,1.2445,0,52.953,0.0,7540,11320,10566,6962,3604,9591,975,0.923342,0.658906,0.847261,0.907723,0.092277,2,2,90.0,0.12980207
qd_005,QuickDraw,bicycle,public_benchmark_v1_ext33_all_skeleton_connect30_min20_trimcap20,results\public_benchmark_v1_ext33_all_skeleton_connect30_min20_trimcap20\qd_005\prediction.dst,datasets\public_benchmark_v1_ext33\quickdraw_10\qd_005_mask.png,pass,0.09738897,11,1,0.0,0,105.9053,0.0,7540,11320,9673,6632,3041,9093,580,0.879576,0.68562,0.803269,0.940039,0.059961,2,2,90.0,0.16783061
qd_005,QuickDraw,bicycle,public_benchmark_v1_ext33_all_skeleton_connect30_min8_trimcap20,results\public_benchmark_v1_ext33_all_skeleton_connect30_min8_trimcap20\qd_005\prediction.dst,datasets\public_benchmark_v1_ext33\quickdraw_10\qd_005_mask.png,excellent,0.03318209,4,0,0.0,0,36.9403,0.0,7540,11320,10921,7226,3695,9965,956,0.958355,0.661661,0.8803,0.912462,0.087538,2,2,90.0,0.05807769
qd_005,QuickDraw,bicycle,public_benchmark_v1_ext33_all_skeleton_connect30_trimcap20,results\public_benchmark_v1_ext33_all_skeleton_connect30_trimcap20\qd_005\prediction.dst,datasets\public_benchmark_v1_ext33\quickdraw_10\qd_005_mask.png,excellent,0.01639641,2,0,0.0,0,12.3879,0.0,7540,11320,11274,7458,3816,10276,998,0.989125,0.661522,0.907774,0.911478,0.088522,2,2,90.0,0.02826353
qd_005,QuickDraw,bicycle,public_benchmark_v1_ext33_auto_hybrid_evalrepair_r10_c20_trimcap20,results\public_benchmark_v1_ext33_auto_hybrid_evalrepair_r10_c20_trimcap20\qd_005\prediction.dst,datasets\public_benchmark_v1_ext33\quickdraw_10\qd_005_mask.png,excellent,0.04719641,5,1,0.0,0,37.3879,0.0,7540,11320,11020,7458,3562,10260,760,0.989125,0.67677,0.90636,0.931034,0.068966,2,2,90.0,0.07323321
qd_005,QuickDraw,bicycle,public_benchmark_v1_ext33_auto_hybrid_evalrepair_r10_inside085_c20_trimcap20,results\public_benchmark_v1_ext33_auto_hybrid_evalrepair_r10_inside085_c20_trimcap20\qd_005\prediction.dst,datasets\public_benchmark_v1_ext33\quickdraw_10\qd_005_mask.png,excellent,0.04719641,5,1,0.0,0,37.3879,0.0,7540,11320,11020,7458,3562,10260,760,0.989125,0.67677,0.90636,0.931034,0.068966,2,2,90.0,0.07323321
qd_005,QuickDraw,bicycle,public_benchmark_v1_ext33_auto_hybrid_evalrepair_r10_inside090_c20_trimcap20,results\public_benchmark_v1_ext33_auto_hybrid_evalrepair_r10_inside090_c20_trimcap20\qd_005\prediction.dst,datasets\public_benchmark_v1_ext33\quickdraw_10\qd_005_mask.png,excellent,0.04719641,5,1,0.0,0,37.3879,0.0,7540,11320,11020,7458,3562,10260,760,0.989125,0.67677,0.90636,0.931034,0.068966,2,2,90.0,0.07323321
qd_005,QuickDraw,bicycle,public_benchmark_v1_ext33_auto_hybrid_evalrepair_r15_c20_trimcap20,results\public_benchmark_v1_ext33_auto_hybrid_evalrepair_r15_c20_trimcap20\qd_005\prediction.dst,datasets\public_benchmark_v1_ext33\quickdraw_10\qd_005_mask.png,excellent,0.04719641,5,1,0.0,0,37.3879,0.0,7540,11320,11020,7458,3562,10260,760,0.989125,0.67677,0.90636,0.931034,0.068966,2,2,90.0,0.07323321
qd_005,QuickDraw,bicycle,public_benchmark_v1_ext33_auto_hybrid_evalrepair_r15_inside090_c20_trimcap20,results\public_benchmark_v1_ext33_auto_hybrid_evalrepair_r15_inside090_c20_trimcap20\qd_005\prediction.dst,datasets\public_benchmark_v1_ext33\quickdraw_10\qd_005_mask.png,excellent,0.04719641,5,1,0.0,0,37.3879,0.0,7540,11320,11020,7458,3562,10260,760,0.989125,0.67677,0.90636,0.931034,0.068966,2,2,90.0,0.07323321
qd_005,QuickDraw,bicycle,public_benchmark_v1_ext33_auto_hybrid_r10_c16_trimcap20,results\public_benchmark_v1_ext33_auto_hybrid_r10_c16_trimcap20\qd_005\prediction.dst,datasets\public_benchmark_v1_ext33\quickdraw_10\qd_005_mask.png,excellent,0.08039106,9,1,0.0,0,74.7207,0.0,7540,11320,10587,7405,3182,10155,432,0.982095,0.699443,0.897085,0.959195,0.040805,2,2,90.0,0.12354086
qd_005,QuickDraw,bicycle,public_benchmark_v1_ext33_auto_hybrid_r10_c20_trimcap20,results\public_benchmark_v1_ext33_auto_hybrid_r10_c20_trimcap20\qd_005\prediction.dst,datasets\public_benchmark_v1_ext33\quickdraw_10\qd_005_mask.png,excellent,0.04719641,5,1,0.0,0,37.3879,0.0,7540,11320,11020,7458,3562,10260,760,0.989125,0.67677,0.90636,0.931034,0.068966,2,2,90.0,0.07323321
qd_005,QuickDraw,bicycle,public_benchmark_v1_ext33_auto_hybrid_r125_c16_trimcap20,results\public_benchmark_v1_ext33_auto_hybrid_r125_c16_trimcap20\qd_005\prediction.dst,datasets\public_benchmark_v1_ext33\quickdraw_10\qd_005_mask.png,excellent,0.08039106,9,1,0.0,0,74.7207,0.0,7540,11320,10587,7405,3182,10155,432,0.982095,0.699443,0.897085,0.959195,0.040805,2,2,90.0,0.12354086
qd_005,QuickDraw,bicycle,public_benchmark_v1_ext33_auto_hybrid_r125_c20_trimcap20,results\public_benchmark_v1_ext33_auto_hybrid_r125_c20_trimcap20\qd_005\prediction.dst,datasets\public_benchmark_v1_ext33\quickdraw_10\qd_005_mask.png,excellent,0.04719641,5,1,0.0,0,37.3879,0.0,7540,11320,11020,7458,3562,10260,760,0.989125,0.67677,0.90636,0.931034,0.068966,2,2,90.0,0.07323321
qd_005,QuickDraw,bicycle,public_benchmark_v1_ext33_auto_hybrid_skeleton_connect12_trimcap20,results\public_benchmark_v1_ext33_auto_hybrid_skeleton_connect12_trimcap20\qd_005\prediction.dst,datasets\public_benchmark_v1_ext33\quickdraw_10\qd_005_mask.png,pass,0.12173146,14,1,0.0,0,116.6082,0.0,7540,11320,10308,7351,2957,10048,260,0.974934,0.713135,0.887633,0.974777,0.025223,2,2,90.0,0.18642078
qd_005,QuickDraw,bicycle,public_benchmark_v1_ext33_b0_m2_1_globalrepair20,results\public_benchmark_v1_ext33_b0_m2_1_globalrepair20\qd_005\prediction.dst,datasets\public_benchmark_v1_ext33\quickdraw_10\qd_005_mask.png,hard_fail,0.49282239,22,2,3336.669,748,150.6998,2732.5078,7540,11320,17909,7279,10630,10350,7559,0.965385,0.406444,0.914311,0.577922,0.422078,2,2,90.0,93.84729675
qd_005,QuickDraw,bicycle,public_benchmark_v1_ext33_m2_4_coverage_rerank,results\public_benchmark_v1_ext33_m2_4_coverage_rerank\qd_005\prediction.dst,datasets\public_benchmark_v1_ext33\quickdraw_10\qd_005_mask.png,excellent,0.04719641,5,1,0.0,0,37.3879,0.0,7540,11320,11020,7458,3562,10260,760,0.989125,0.67677,0.90636,0.931034,0.068966,2,2,90.0,0.07323321
qd_005,QuickDraw,bicycle,public_benchmark_v1_ext33_m2_4_coverage_rerank_connect30,results\public_benchmark_v1_ext33_m2_4_coverage_rerank_connect30\qd_005\prediction.dst,datasets\public_benchmark_v1_ext33\quickdraw_10\qd_005_mask.png,excellent,0.01639641,2,0,0.0,0,12.3879,0.0,7540,11320,11274,7458,3816,10276,998,0.989125,0.661522,0.907774,0.911478,0.088522,2,2,90.0,0.02826353
qd_005,QuickDraw,bicycle,public_benchmark_v1_ext33_m2_4_coverage_rerank_min12,results\public_benchmark_v1_ext33_m2_4_coverage_rerank_min12\qd_005\prediction.dst,datasets\public_benchmark_v1_ext33\quickdraw_10\qd_005_mask.png,excellent,0.04719641,5,1,0.0,0,37.3879,0.0,7540,11320,11020,7458,3562,10260,760,0.989125,0.67677,0.90636,0.931034,0.068966,2,2,90.0,0.07323321
qd_005,QuickDraw,bicycle,public_benchmark_v1_ext33_m2_4_coverage_rerank_min20,results\public_benchmark_v1_ext33_m2_4_coverage_rerank_min20\qd_005\prediction.dst,datasets\public_benchmark_v1_ext33\quickdraw_10\qd_005_mask.png,excellent,0.04719641,5,1,0.0,0,37.3879,0.0,7540,11320,11020,7458,3562,10260,760,0.989125,0.67677,0.90636,0.931034,0.068966,2,2,90.0,0.07323321
qd_005,QuickDraw,bicycle,public_benchmark_v1_ext33_m2_4_coverage_rerank_min8,results\public_benchmark_v1_ext33_m2_4_coverage_rerank_min8\qd_005\prediction.dst,datasets\public_benchmark_v1_ext33\quickdraw_10\qd_005_mask.png,excellent,0.03318209,4,0,0.0,0,36.9403,0.0,7540,11320,10921,7226,3695,9965,956,0.958355,0.661661,0.8803,0.912462,0.087538,2,2,90.0,0.05807769
qd_005,QuickDraw,bicycle,public_benchmark_v1_ext33_m2_51_sweeptuned_gate_balanced_applied,results\public_benchmark_v1_ext33_m2_51_sweeptuned_gate_balanced_applied\qd_005\prediction.dst,datasets\public_benchmark_v1_ext33\quickdraw_10\qd_005_mask.png,excellent,0.01639641,2,0,0.0,0,12.3879,0.0,7540,11320,11274,7458,3816,10276,998,0.989125,0.661522,0.907774,0.911478,0.088522,2,2,90.0,0.02826353
qd_005,QuickDraw,bicycle,public_benchmark_v1_ext33_m2_51_sweeptuned_gate_low_jump_applied,results\public_benchmark_v1_ext33_m2_51_sweeptuned_gate_low_jump_applied\qd_005\prediction.dst,datasets\public_benchmark_v1_ext33\quickdraw_10\qd_005_mask.png,excellent,0.01639641,2,0,0.0,0,12.3879,0.0,7540,11320,11274,7458,3816,10276,998,0.989125,0.661522,0.907774,0.911478,0.088522,2,2,90.0,0.02826353
qd_005,QuickDraw,bicycle,public_benchmark_v1_ext33_m2_55_line_domain_guard_low_jump,results\public_benchmark_v1_ext33_m2_55_line_domain_guard_low_jump\qd_005\prediction.dst,datasets\public_benchmark_v1_ext33\quickdraw_10\qd_005_mask.png,excellent,0.01639641,2,0,0.0,0,12.3879,0.0,7540,11320,11274,7458,3816,10276,998,0.989125,0.661522,0.907774,0.911478,0.088522,2,2,90.0,0.02826353
qd_005,QuickDraw,bicycle,public_benchmark_v1_ext33_m2_56_line_stroke_d0_c12_i090,results\public_benchmark_v1_ext33_m2_56_line_stroke_d0_c12_i090\qd_005\prediction.dst,datasets\public_benchmark_v1_ext33\quickdraw_10\qd_005_mask.png,warning,0.18519396,18,1,1.3285,0,165.7098,0.0,7540,11320,9724,7069,2655,9627,97,0.937533,0.726964,0.850442,0.990025,0.009975,2,2,90.0,0.28662328
qd_005,QuickDraw,bicycle,public_benchmark_v1_ext33_m2_56_line_stroke_d0_c12_i090_min12,results\public_benchmark_v1_ext33_m2_56_line_stroke_d0_c12_i090_min12\qd_005\prediction.dst,datasets\public_benchmark_v1_ext33\quickdraw_10\qd_005_mask.png,warning,0.17059859,18,1,0.6755,0,168.745,0.0,7540,11320,9456,6862,2594,9340,116,0.91008,0.725677,0.825088,0.987733,0.012267,2,2,90.0,0.27073663
qd_005,QuickDraw,bicycle,public_benchmark_v1_ext33_m2_56_line_stroke_d0_c12_i090_min20,results\public_benchmark_v1_ext33_m2_56_line_stroke_d0_c12_i090_min20\qd_005\prediction.dst,datasets\public_benchmark_v1_ext33\quickdraw_10\qd_005_mask.png,warning,0.16389607,19,1,0.0,0,184.2522,0.0,7540,11320,9008,6576,2432,8927,81,0.872149,0.730018,0.788604,0.991008,0.008992,2,2,90.0,0.26869167
qd_005,QuickDraw,bicycle,public_benchmark_v1_ext33_m2_56_line_stroke_d0_c12_i090_min30,results\public_benchmark_v1_ext33_m2_56_line_stroke_d0_c12_i090_min30\qd_005\prediction.dst,datasets\public_benchmark_v1_ext33\quickdraw_10\qd_005_mask.png,warning,0.16136852,18,2,0.0,0,167.7664,0.0,7540,11320,8161,5953,2208,8085,76,0.789523,0.729445,0.714223,0.990687,0.009313,2,2,90.0,0.27969992
qd_005,QuickDraw,bicycle,public_benchmark_v1_ext33_m2_56_line_stroke_d0_c8_i095,results\public_benchmark_v1_ext33_m2_56_line_stroke_d0_c8_i095\qd_005\prediction.dst,datasets\public_benchmark_v1_ext33\quickdraw_10\qd_005_mask.png,warning,0.16314941,19,1,0.0,0,160.9191,0.0,7540,11320,10062,7323,2739,9974,88,0.97122,0.727788,0.881095,0.991254,0.008746,2,2,90.0,0.24892041
qd_005,QuickDraw,bicycle,public_benchmark_v1_ext33_m2_56_line_stroke_d1_c10_i090,results\public_benchmark_v1_ext33_m2_56_line_stroke_d1_c10_i090\qd_005\prediction.dst,datasets\public_benchmark_v1_ext33\quickdraw_10\qd_005_mask.png,warning,0.18776731,17,1,1.8271,0,145.5486,0.0,7540,11320,10087,7323,2764,9980,107,0.97122,0.725984,0.881625,0.989392,0.010608,2,2,90.0,0.28374571
qd_005,QuickDraw,bicycle,public_benchmark_v1_ext33_m2_56_line_stroke_d1_c12_i090_min20,results\public_benchmark_v1_ext33_m2_56_line_stroke_d1_c12_i090_min20\qd_005\prediction.dst,datasets\public_benchmark_v1_ext33\quickdraw_10\qd_005_mask.png,warning,0.2473769,17,1,4.4467,0,166.4421,0.0,7540,11320,9071,6576,2495,8938,133,0.872149,0.724948,0.789576,0.985338,0.014662,2,2,90.0,0.38852286
qd_005,QuickDraw,bicycle,public_benchmark_v1_ext33_m2_56_line_stroke_d1_c6_i095,results\public_benchmark_v1_ext33_m2_56_line_stroke_d1_c6_i095\qd_005\prediction.dst,datasets\public_benchmark_v1_ext33\quickdraw_10\qd_005_mask.png,warning,0.20999086,21,1,1.3285,0,190.6128,0.0,7540,11320,9710,7069,2641,9616,94,0.937533,0.728012,0.84947,0.990319,0.009681,2,2,90.0,0.32353682
qd_005,QuickDraw,bicycle,public_benchmark_v1_ext33_m2_56_line_stroke_d2_c12_i085_min20,results\public_benchmark_v1_ext33_m2_56_line_stroke_d2_c12_i085_min20\qd_005\prediction.dst,datasets\public_benchmark_v1_ext33\quickdraw_10\qd_005_mask.png,hard_fail,0.35135537,16,1,9.4435,1,155.0469,2.8636,7540,11320,9148,6576,2572,8943,205,0.872149,0.718846,0.790018,0.977591,0.022409,2,2,90.0,0.61841629
qd_005,QuickDraw,bicycle,public_benchmark_v1_ext33_m2_56_line_stroke_d3_c18,results\public_benchmark_v1_ext33_m2_56_line_stroke_d3_c18\qd_005\prediction.dst,datasets\public_benchmark_v1_ext33\quickdraw_10\qd_005_mask.png,hard_fail,0.36471591,10,1,15.0469,3,89.6783,7.9231,7540,11320,10400,7405,2995,10140,260,0.982095,0.712019,0.89576,0.975,0.025,2,2,90.0,0.80249371
qd_005,QuickDraw,bicycle,public_benchmark_v1_ext33_m2_56_line_stroke_selector_probe,results\public_benchmark_v1_ext33_m2_56_line_stroke_selector_probe\qd_005\prediction.dst,datasets\public_benchmark_v1_ext33\quickdraw_10\qd_005_mask.png,excellent,0.01639641,2,0,0.0,0,12.3879,0.0,7540,11320,11274,7458,3816,10276,998,0.989125,0.661522,0.907774,0.911478,0.088522,2,2,90.0,0.02826353
qd_005,QuickDraw,bicycle,public_benchmark_v1_ext33_m2_57_topology_open_d0_c12_i090_min12,results\public_benchmark_v1_ext33_m2_57_topology_open_d0_c12_i090_min12\qd_005\prediction.dst,datasets\public_benchmark_v1_ext33\quickdraw_10\qd_005_mask.png,warning,0.16125972,18,2,0.0,0,164.3662,0.0,7540,11320,9620,7013,2607,9544,76,0.930106,0.729002,0.84311,0.9921,0.0079,2,2,90.0,0.25287804
qd_005,QuickDraw,bicycle,public_benchmark_v1_ext33_m2_57_topology_open_d0_c12_i090_min20,results\public_benchmark_v1_ext33_m2_57_topology_open_d0_c12_i090_min20\qd_005\prediction.dst,datasets\public_benchmark_v1_ext33\quickdraw_10\qd_005_mask.png,warning,0.17793108,20,2,0.0,0,185.3463,0.0,7540,11320,9201,6720,2481,9125,76,0.891247,0.730355,0.806095,0.99174,0.00826,2,2,90.0,0.28509992
qd_005,QuickDraw,bicycle,public_benchmark_v1_ext33_m2_57_topology_open_d0_c12_i090_min30,results\public_benchmark_v1_ext33_m2_57_topology_open_d0_c12_i090_min30\qd_005\prediction.dst,datasets\public_benchmark_v1_ext33\quickdraw_10\qd_005_mask.png,warning,0.17830698,20,2,0.0,0,197.0932,0.0,7540,11320,8126,5926,2200,8052,74,0.785942,0.729264,0.711307,0.990893,0.009107,2,2,90.0,0.30527478
qd_005,QuickDraw,bicycle,public_benchmark_v1_ext33_m2_57_topology_open_d0_c16_i085_min20,results\public_benchmark_v1_ext33_m2_57_topology_open_d0_c16_i085_min20\qd_005\prediction.dst,datasets\public_benchmark_v1_ext33\quickdraw_10\qd_005_mask.png,warning,0.16029826,16,2,0.6792,0,156.7581,0.0,7540,11320,9352,6752,2600,9224,128,0.895491,0.721985,0.814841,0.986313,0.013687,2,2,90.0,0.25687006
qd_005,QuickDraw,bicycle,public_benchmark_v1_ext33_m2_57_topology_open_d0_c20_i080_min30,results\public_benchmark_v1_ext33_m2_57_topology_open_d0_c20_i080_min30\qd_005\prediction.dst,datasets\public_benchmark_v1_ext33\quickdraw_10\qd_005_mask.png,warning,0.20242817,17,2,2.1763,0,170.6694,0.0,7540,11320,8462,6103,2359,8322,140,0.809416,0.721224,0.735159,0.983455,0.016545,2,2,90.0,0.33441881
qd_005,QuickDraw,bicycle,public_benchmark_v1_ext33_m2_57_topology_open_d0_c20_i080_min40,results\public_benchmark_v1_ext33_m2_57_topology_open_d0_c20_i080_min40\qd_005\prediction.dst,datasets\public_benchmark_v1_ext33\quickdraw_10\qd_005_mask.png,pass,0.16009206,11,1,2.7793,0,111.1816,0.0,7540,11320,7144,5083,2061,6999,145,0.674138,0.711506,0.618286,0.979703,0.020297,2,2,90.0,0.2969597
qd_005,QuickDraw,bicycle,public_benchmark_v1_ext33_m2_57_topology_open_d0_c24_i075_min40,results\public_benchmark_v1_ext33_m2_57_topology_open_d0_c24_i075_min40\qd_005\prediction.dst,datasets\public_benchmark_v1_ext33\quickdraw_10\qd_005_mask.png,pass,0.16009206,11,1,2.7793,0,111.1816,0.0,7540,11320,7144,5083,2061,6999,145,0.674138,0.711506,0.618286,0.979703,0.020297,2,2,90.0,0.2969597
qd_005,QuickDraw,bicycle,public_benchmark_v1_ext33_m2_57_topology_open_d0_c24_i075_min60,results\public_benchmark_v1_ext33_m2_57_topology_open_d0_c24_i075_min60\qd_005\prediction.dst,datasets\public_benchmark_v1_ext33\quickdraw_10\qd_005_mask.png,pass,0.10343767,11,2,0.0,0,107.4272,0.0,7540,11320,4383,3144,1239,4315,68,0.416976,0.717317,0.381184,0.984486,0.015514,2,2,90.0,0.26353751
qd_005,QuickDraw,bicycle,public_benchmark_v1_ext33_m2_57_topology_open_d0_c30_i070_min100,results\public_benchmark_v1_ext33_m2_57_topology_open_d0_c30_i070_min100\qd_005\prediction.dst,datasets\public_benchmark_v1_ext33\quickdraw_10\qd_005_mask.png,excellent,0.05573121,6,1,0.0,0,54.1003,0.0,7540,11320,2320,1673,647,2312,8,0.221883,0.721121,0.20424,0.996552,0.003448,2,2,90.0,0.23067177
qd_005,QuickDraw,bicycle,public_benchmark_v1_ext33_m2_57_topology_open_d0_c30_i070_min80,results\public_benchmark_v1_ext33_m2_57_topology_open_d0_c30_i070_min80\qd_005\prediction.dst,datasets\public_benchmark_v1_ext33\quickdraw_10\qd_005_mask.png,excellent,0.09524867,10,2,0.0,0,101.521,0.0,7540,11320,3144,2278,866,3121,23,0.302122,0.724555,0.275707,0.992684,0.007316,2,2,90.0,0.27319407
qd_005,QuickDraw,bicycle,public_benchmark_v1_ext33_m2_57_topology_open_d1_c16_i085_min20,results\public_benchmark_v1_ext33_m2_57_topology_open_d1_c16_i085_min20\qd_005\prediction.dst,datasets\public_benchmark_v1_ext33\quickdraw_10\qd_005_mask.png,pass,0.20089134,15,2,2.8554,0,145.1512,0.0,7540,11320,9600,6897,2703,9429,171,0.914721,0.718437,0.832951,0.982187,0.017812,2,2,90.0,0.31151354
qd_005,QuickDraw,bicycle,public_benchmark_v1_ext33_m2_57_topology_open_d1_c20_i080_min20,results\public_benchmark_v1_ext33_m2_57_topology_open_d1_c20_i080_min20\qd_005\prediction.dst,datasets\public_benchmark_v1_ext33\quickdraw_10\qd_005_mask.png,pass,0.20089134,15,2,2.8554,0,145.1512,0.0,7540,11320,9600,6897,2703,9429,171,0.914721,0.718437,0.832951,0.982187,0.017812,2,2,90.0,0.31151354
qd_005,QuickDraw,bicycle,public_benchmark_v1_ext33_m2_57_topology_open_d1_c24_i070_min60,results\public_benchmark_v1_ext33_m2_57_topology_open_d1_c24_i070_min60\qd_005\prediction.dst,datasets\public_benchmark_v1_ext33\quickdraw_10\qd_005_mask.png,pass,0.10343767,11,2,0.0,0,107.4272,0.0,7540,11320,4383,3144,1239,4315,68,0.416976,0.717317,0.381184,0.984486,0.015514,2,2,90.0,0.26353751
qd_005,QuickDraw,bicycle,public_benchmark_v1_ext33_m2_57_topology_open_d1_c24_i075_min40,results\public_benchmark_v1_ext33_m2_57_topology_open_d1_c24_i075_min40\qd_005\prediction.dst,datasets\public_benchmark_v1_ext33\quickdraw_10\qd_005_mask.png,pass,0.16009206,11,1,2.7793,0,111.1816,0.0,7540,11320,7144,5083,2061,6999,145,0.674138,0.711506,0.618286,0.979703,0.020297,2,2,90.0,0.2969597
qd_005,QuickDraw,bicycle,public_benchmark_v1_ext33_m2_57_topology_open_d1_c30_i065_min80,results\public_benchmark_v1_ext33_m2_57_topology_open_d1_c30_i065_min80\qd_005\prediction.dst,datasets\public_benchmark_v1_ext33\quickdraw_10\qd_005_mask.png,excellent,0.09524867,10,2,0.0,0,101.521,0.0,7540,11320,3144,2278,866,3121,23,0.302122,0.724555,0.275707,0.992684,0.007316,2,2,90.0,0.27319407
qd_005,QuickDraw,bicycle,public_benchmark_v1_ext33_m2_57_topology_open_d2_c20_i075_min20,results\public_benchmark_v1_ext33_m2_57_topology_open_d2_c20_i075_min20\qd_005\prediction.dst,datasets\public_benchmark_v1_ext33\quickdraw_10\qd_005_mask.png,pass,0.20089134,15,2,2.8554,0,145.1512,0.0,7540,11320,9600,6897,2703,9429,171,0.914721,0.718437,0.832951,0.982187,0.017812,2,2,90.0,0.31151354
qd_005,QuickDraw,bicycle,public_benchmark_v1_ext33_m2_57_topology_relative_rescue,results\public_benchmark_v1_ext33_m2_57_topology_relative_rescue\qd_005\prediction.dst,datasets\public_benchmark_v1_ext33\quickdraw_10\qd_005_mask.png,excellent,0.01639641,2,0,0.0,0,12.3879,0.0,7540,11320,11274,7458,3816,10276,998,0.989125,0.661522,0.907774,0.911478,0.088522,2,2,90.0,0.02826353
qd_005,QuickDraw,bicycle,public_benchmark_v1_ext33_m2_57_topology_selector_probe_min100,results\public_benchmark_v1_ext33_m2_57_topology_selector_probe_min100\qd_005\prediction.dst,datasets\public_benchmark_v1_ext33\quickdraw_10\qd_005_mask.png,excellent,0.01639641,2,0,0.0,0,12.3879,0.0,7540,11320,11274,7458,3816,10276,998,0.989125,0.661522,0.907774,0.911478,0.088522,2,2,90.0,0.02826353
qd_005,QuickDraw,bicycle,public_benchmark_v1_ext33_m2_57_topology_selector_probe_min100_j14,results\public_benchmark_v1_ext33_m2_57_topology_selector_probe_min100_j14\qd_005\prediction.dst,datasets\public_benchmark_v1_ext33\quickdraw_10\qd_005_mask.png,excellent,0.01639641,2,0,0.0,0,12.3879,0.0,7540,11320,11274,7458,3816,10276,998,0.989125,0.661522,0.907774,0.911478,0.088522,2,2,90.0,0.02826353
qd_005,QuickDraw,bicycle,public_benchmark_v1_ext33_m2_58_coverage_aware_relative_rescue,results\public_benchmark_v1_ext33_m2_58_coverage_aware_relative_rescue\qd_005\prediction.dst,datasets\public_benchmark_v1_ext33\quickdraw_10\qd_005_mask.png,excellent,0.01639641,2,0,0.0,0,12.3879,0.0,7540,11320,11274,7458,3816,10276,998,0.989125,0.661522,0.907774,0.911478,0.088522,2,2,90.0,0.02826353
qd_005,QuickDraw,bicycle,public_benchmark_v1_ext33_m2_59_anchored_quality_rescue_selector,results\public_benchmark_v1_ext33_m2_59_anchored_quality_rescue_selector\qd_005\prediction.dst,datasets\public_benchmark_v1_ext33\quickdraw_10\qd_005_mask.png,excellent,0.01639641,2,0,0.0,0,12.3879,0.0,7540,11320,11274,7458,3816,10276,998,0.989125,0.661522,0.907774,0.911478,0.088522,2,2,90.0,0.02826353
qd_005,QuickDraw,bicycle,public_benchmark_v1_ext33_m2_59_grouped_topology_g_d0_c16_i085_s4_min12_p80,results\public_benchmark_v1_ext33_m2_59_grouped_topology_g_d0_c16_i085_s4_min12_p80\qd_005\prediction.dst,datasets\public_benchmark_v1_ext33\quickdraw_10\qd_005_mask.png,pass,0.14376293,14,2,0.6792,0,140.029,0.0,7540,11320,9767,7045,2722,9639,128,0.93435,0.721306,0.851502,0.986895,0.013105,2,2,90.0,0.22482669
qd_005,QuickDraw,bicycle,public_benchmark_v1_ext33_m2_59_grouped_topology_g_d0_c16_i090_s3_min20_p80,results\public_benchmark_v1_ext33_m2_59_grouped_topology_g_d0_c16_i090_s3_min20_p80\qd_005\prediction.dst,datasets\public_benchmark_v1_ext33\quickdraw_10\qd_005_mask.png,warning,0.16043429,16,2,0.6792,0,161.0091,0.0,7540,11320,9348,6752,2596,9220,128,0.895491,0.722294,0.814488,0.986307,0.013693,2,2,90.0,0.25704845
qd_005,QuickDraw,bicycle,public_benchmark_v1_ext33_m2_59_grouped_topology_g_d0_c18_i092_s4_min12_p100,results\public_benchmark_v1_ext33_m2_59_grouped_topology_g_d0_c18_i092_s4_min12_p100\qd_005\prediction.dst,datasets\public_benchmark_v1_ext33\quickdraw_10\qd_005_mask.png,pass,0.14376293,14,2,0.6792,0,140.029,0.0,7540,11320,9767,7045,2722,9639,128,0.93435,0.721306,0.851502,0.986895,0.013105,2,2,90.0,0.22482669
qd_005,QuickDraw,bicycle,public_benchmark_v1_ext33_m2_59_grouped_topology_g_d0_c18_i095_s3_min12_p120,results\public_benchmark_v1_ext33_m2_59_grouped_topology_g_d0_c18_i095_s3_min12_p120\qd_005\prediction.dst,datasets\public_benchmark_v1_ext33\quickdraw_10\qd_005_mask.png,pass,0.14376293,14,2,0.6792,0,140.029,0.0,7540,11320,9767,7045,2722,9639,128,0.93435,0.721306,0.851502,0.986895,0.013105,2,2,90.0,0.22482669
qd_005,QuickDraw,bicycle,public_benchmark_v1_ext33_m2_59_grouped_topology_g_d0_c20_i080_s5_min12_p80,results\public_benchmark_v1_ext33_m2_59_grouped_topology_g_d0_c20_i080_s5_min12_p80\qd_005\prediction.dst,datasets\public_benchmark_v1_ext33\quickdraw_10\qd_005_mask.png,pass,0.14376293,14,2,0.6792,0,140.029,0.0,7540,11320,9767,7045,2722,9639,128,0.93435,0.721306,0.851502,0.986895,0.013105,2,2,90.0,0.22482669
qd_005,QuickDraw,bicycle,public_benchmark_v1_ext33_m2_59_grouped_topology_g_d0_c20_i090_s4_min12_p100,results\public_benchmark_v1_ext33_m2_59_grouped_topology_g_d0_c20_i090_s4_min12_p100\qd_005\prediction.dst,datasets\public_benchmark_v1_ext33\quickdraw_10\qd_005_mask.png,pass,0.14376293,14,2,0.6792,0,140.029,0.0,7540,11320,9767,7045,2722,9639,128,0.93435,0.721306,0.851502,0.986895,0.013105,2,2,90.0,0.22482669
qd_005,QuickDraw,bicycle,public_benchmark_v1_ext33_m2_59_grouped_topology_g_d0_c20_i095_s4_min12_p100,results\public_benchmark_v1_ext33_m2_59_grouped_topology_g_d0_c20_i095_s4_min12_p100\qd_005\prediction.dst,datasets\public_benchmark_v1_ext33\quickdraw_10\qd_005_mask.png,pass,0.14376293,14,2,0.6792,0,140.029,0.0,7540,11320,9767,7045,2722,9639,128,0.93435,0.721306,0.851502,0.986895,0.013105,2,2,90.0,0.22482669
qd_005,QuickDraw,bicycle,public_benchmark_v1_ext33_m2_59_grouped_topology_g_d0_c24_i075_s6_min20_p80,results\public_benchmark_v1_ext33_m2_59_grouped_topology_g_d0_c24_i075_s6_min20_p80\qd_005\prediction.dst,datasets\public_benchmark_v1_ext33\quickdraw_10\qd_005_mask.png,pass,0.1843065,13,2,2.8554,0,126.8751,0.0,7540,11320,9628,6897,2731,9450,178,0.914721,0.716348,0.834806,0.981512,0.018488,2,2,90.0,0.2867061
qd_005,QuickDraw,bicycle,public_benchmark_v1_ext33_m2_59_grouped_topology_g_d0_c30_i070_s8_min30_p100,results\public_benchmark_v1_ext33_m2_59_grouped_topology_g_d0_c30_i070_s8_min30_p100\qd_005\prediction.dst,datasets\public_benchmark_v1_ext33\quickdraw_10\qd_005_mask.png,warning,0.29029954,15,2,6.8154,0,154.7824,0.0,7540,11320,8590,6152,2438,8398,192,0.815915,0.716182,0.741873,0.977648,0.022352,2,2,90.0,0.45935558
qd_005,QuickDraw,bicycle,public_benchmark_v1_ext33_m2_59_grouped_topology_g_d1_c20_i075_s5_min12_p80,results\public_benchmark_v1_ext33_m2_59_grouped_topology_g_d1_c20_i075_s5_min12_p80\qd_005\prediction.dst,datasets\public_benchmark_v1_ext33\quickdraw_10\qd_005_mask.png,pass,0.1678303,12,1,2.7585,0,117.6267,0.0,7540,11320,9849,7129,2720,9724,125,0.945491,0.72383,0.859011,0.987308,0.012692,2,2,90.0,0.2578947
qd_005,QuickDraw,bicycle,public_benchmark_v1_ext33_m2_59_quality_rescue_selector,results\public_benchmark_v1_ext33_m2_59_quality_rescue_selector\qd_005\prediction.dst,datasets\public_benchmark_v1_ext33\quickdraw_10\qd_005_mask.png,excellent,0.01639641,2,0,0.0,0,12.3879,0.0,7540,11320,11274,7458,3816,10276,998,0.989125,0.661522,0.907774,0.911478,0.088522,2,2,90.0,0.02826353
qd_005,QuickDraw,bicycle,public_benchmark_v1_ext33_m2_5_learned_selector_applied,results\public_benchmark_v1_ext33_m2_5_learned_selector_applied\qd_005\prediction.dst,datasets\public_benchmark_v1_ext33\quickdraw_10\qd_005_mask.png,excellent,0.04719641,5,1,0.0,0,37.3879,0.0,7540,11320,11020,7458,3562,10260,760,0.989125,0.67677,0.90636,0.931034,0.068966,2,2,90.0,0.07323321
qd_005,QuickDraw,bicycle,public_benchmark_v1_ext33_m2_60_maskpath_combo_rescue_selector,results\public_benchmark_v1_ext33_m2_60_maskpath_combo_rescue_selector\qd_005\prediction.dst,datasets\public_benchmark_v1_ext33\quickdraw_10\qd_005_mask.png,excellent,0.01639641,2,0,0.0,0,12.3879,0.0,7540,11320,11274,7458,3816,10276,998,0.989125,0.661522,0.907774,0.911478,0.088522,2,2,90.0,0.02826353
qd_005,QuickDraw,bicycle,public_benchmark_v1_ext33_m2_60_maskpath_mp_d0_r0_c20_i095_route24_f20_min12,results\public_benchmark_v1_ext33_m2_60_maskpath_mp_d0_r0_c20_i095_route24_f20_min12\qd_005\prediction.dst,datasets\public_benchmark_v1_ext33\quickdraw_10\qd_005_mask.png,pass,0.11877523,11,2,0.6792,0,109.1634,0.0,7540,11320,10012,7156,2856,9825,187,0.949072,0.714742,0.867933,0.981322,0.018678,2,2,90.0,0.18468951
qd_005,QuickDraw,bicycle,public_benchmark_v1_ext33_m2_60_maskpath_mp_d0_r0_c20_i095_route32_f26_min12,results\public_benchmark_v1_ext33_m2_60_maskpath_mp_d0_r0_c20_i095_route32_f26_min12\qd_005\prediction.dst,datasets\public_benchmark_v1_ext33\quickdraw_10\qd_005_mask.png,pass,0.11877523,11,2,0.6792,0,109.1634,0.0,7540,11320,10012,7156,2856,9825,187,0.949072,0.714742,0.867933,0.981322,0.018678,2,2,90.0,0.18468951
qd_005,QuickDraw,bicycle,public_benchmark_v1_ext33_m2_60_maskpath_mp_d0_r0_c20_i095_route32_f26_min20,results\public_benchmark_v1_ext33_m2_60_maskpath_mp_d0_r0_c20_i095_route32_f26_min20\qd_005\prediction.dst,datasets\public_benchmark_v1_ext33\quickdraw_10\qd_005_mask.png,pass,0.11877523,11,2,0.6792,0,109.1634,0.0,7540,11320,10014,7109,2905,9751,263,0.942838,0.709906,0.861396,0.973737,0.026263,2,2,90.0,0.18597267
qd_005,QuickDraw,bicycle,public_benchmark_v1_ext33_m2_60_maskpath_mp_d0_r0_c24_i090_route36_f30_min12,results\public_benchmark_v1_ext33_m2_60_maskpath_mp_d0_r0_c24_i090_route36_f30_min12\qd_005\prediction.dst,datasets\public_benchmark_v1_ext33\quickdraw_10\qd_005_mask.png,pass,0.11877523,11,2,0.6792,0,109.1634,0.0,7540,11320,9960,7156,2804,9805,155,0.949072,0.718474,0.866166,0.984438,0.015562,2,2,90.0,0.18490155
qd_005,QuickDraw,bicycle,public_benchmark_v1_ext33_m2_60_maskpath_mp_d0_r1_c20_i095_route32_f26_min12,results\public_benchmark_v1_ext33_m2_60_maskpath_mp_d0_r1_c20_i095_route32_f26_min12\qd_005\prediction.dst,datasets\public_benchmark_v1_ext33\quickdraw_10\qd_005_mask.png,pass,0.18212623,11,2,3.4948,0,109.1634,0.0,7540,11320,10016,7150,2866,9820,196,0.948276,0.713858,0.867491,0.980431,0.019569,2,2,90.0,0.27631323
qd_005,QuickDraw,bicycle,public_benchmark_v1_ext33_m2_60_maskpath_mp_d0_r1_c24_i090_route36_f30_min12,results\public_benchmark_v1_ext33_m2_60_maskpath_mp_d0_r1_c24_i090_route36_f30_min12\qd_005\prediction.dst,datasets\public_benchmark_v1_ext33\quickdraw_10\qd_005_mask.png,pass,0.18212623,11,2,3.4948,0,109.1634,0.0,7540,11320,9964,7150,2814,9800,164,0.948276,0.717583,0.865724,0.983541,0.016459,2,2,90.0,0.27652527
qd_005,QuickDraw,bicycle,public_benchmark_v1_ext33_m2_60_maskpath_rescue_selector,results\public_benchmark_v1_ext33_m2_60_maskpath_rescue_selector\qd_005\prediction.dst,datasets\public_benchmark_v1_ext33\quickdraw_10\qd_005_mask.png,excellent,0.01639641,2,0,0.0,0,12.3879,0.0,7540,11320,11274,7458,3816,10276,998,0.989125,0.661522,0.907774,0.911478,0.088522,2,2,90.0,0.02826353
qd_005,QuickDraw,bicycle,public_benchmark_v1_ext33_m2_61_segment_graph_sg_d0_l035_c20_i095_r32_f26_min12,results\public_benchmark_v1_ext33_m2_61_segment_graph_sg_d0_l035_c20_i095_r32_f26_min12\qd_005\prediction.dst,datasets\public_benchmark_v1_ext33\quickdraw_10\qd_005_mask.png,excellent,0.07251586,8,1,0.0,0,78.6207,0.0,7540,11320,10389,7200,3189,9953,436,0.954907,0.693041,0.87924,0.958033,0.041967,2,2,90.0,0.1158145
qd_005,QuickDraw,bicycle,public_benchmark_v1_ext33_m2_61_segment_graph_sg_d0_l050_c24_i090_r36_f30_min12,results\public_benchmark_v1_ext33_m2_61_segment_graph_sg_d0_l050_c24_i090_r36_f30_min12\qd_005\prediction.dst,datasets\public_benchmark_v1_ext33\quickdraw_10\qd_005_mask.png,excellent,0.07251586,8,1,0.0,0,78.6207,0.0,7540,11320,10389,7200,3189,9950,439,0.954907,0.693041,0.878975,0.957744,0.042256,2,2,90.0,0.1158463
qd_005,QuickDraw,bicycle,public_benchmark_v1_ext33_m2_61_segment_graph_sg_d0_l070_c20_i095_r32_f26_min12,results\public_benchmark_v1_ext33_m2_61_segment_graph_sg_d0_l070_c20_i095_r32_f26_min12\qd_005\prediction.dst,datasets\public_benchmark_v1_ext33\quickdraw_10\qd_005_mask.png,excellent,0.07251586,8,1,0.0,0,78.6207,0.0,7540,11320,10389,7200,3189,9953,436,0.954907,0.693041,0.87924,0.958033,0.041967,2,2,90.0,0.1158145
qd_005,QuickDraw,bicycle,public_benchmark_v1_ext33_m2_61_segment_graph_sg_d1_l050_c20_i095_r32_f26_min12,results\public_benchmark_v1_ext33_m2_61_segment_graph_sg_d1_l050_c20_i095_r32_f26_min12\qd_005\prediction.dst,datasets\public_benchmark_v1_ext33\quickdraw_10\qd_005_mask.png,hard_fail,0.25251586,8,1,53.6361,0,78.6207,0.0,7540,11320,10502,7194,3308,9946,556,0.954111,0.685012,0.878622,0.947058,0.052942,2,2,90.0,0.83231334
qd_005,QuickDraw,bicycle,public_benchmark_v1_ext33_m2_61_segment_graph_sg_euler_d0_l000_c20_i095_r32_f26_min12,results\public_benchmark_v1_ext33_m2_61_segment_graph_sg_euler_d0_l000_c20_i095_r32_f26_min12\qd_005\prediction.dst,datasets\public_benchmark_v1_ext33\quickdraw_10\qd_005_mask.png,excellent,0.08146832,9,1,0.0,0,108.3849,0.0,7540,11320,10094,7106,2988,9749,345,0.94244,0.703983,0.861219,0.965821,0.034179,2,2,90.0,0.13192684
qd_005,QuickDraw,bicycle,public_benchmark_v1_ext33_m2_61_segment_graph_sg_euler_d0_l020_c24_i090_r36_f30_min12,results\public_benchmark_v1_ext33_m2_61_segment_graph_sg_euler_d0_l020_c24_i090_r36_f30_min12\qd_005\prediction.dst,datasets\public_benchmark_v1_ext33\quickdraw_10\qd_005_mask.png,excellent,0.07251586,8,1,0.0,0,78.6207,0.0,7540,11320,10389,7200,3189,9950,439,0.954907,0.693041,0.878975,0.957744,0.042256,2,2,90.0,0.1158463
qd_005,QuickDraw,bicycle,public_benchmark_v1_ext33_m2_61_segment_graph_sg_euler_d0_l035_c20_i095_r32_f26_min12,results\public_benchmark_v1_ext33_m2_61_segment_graph_sg_euler_d0_l035_c20_i095_r32_f26_min12\qd_005\prediction.dst,datasets\public_benchmark_v1_ext33\quickdraw_10\qd_005_mask.png,excellent,0.07251586,8,1,0.0,0,78.6207,0.0,7540,11320,10389,7200,3189,9953,436,0.954907,0.693041,0.87924,0.958033,0.041967,2,2,90.0,0.1158145
qd_005,QuickDraw,bicycle,public_benchmark_v1_ext33_m2_64_text_precision_rescue_selector,results\public_benchmark_v1_ext33_m2_64_text_precision_rescue_selector\qd_005\prediction.dst,datasets\public_benchmark_v1_ext33\quickdraw_10\qd_005_mask.png,excellent,0.01639641,2,0,0.0,0,12.3879,0.0,7540,11320,11274,7458,3816,10276,998,0.989125,0.661522,0.907774,0.911478,0.088522,2,2,90.0,0.02826353
qd_005,QuickDraw,bicycle,public_benchmark_v1_ext33_m2_65_text_legibility_rescue_selector,results\public_benchmark_v1_ext33_m2_65_text_legibility_rescue_selector\qd_005\prediction.dst,datasets\public_benchmark_v1_ext33\quickdraw_10\qd_005_mask.png,excellent,0.01639641,2,0,0.0,0,12.3879,0.0,7540,11320,11274,7458,3816,10276,998,0.989125,0.661522,0.907774,0.911478,0.088522,2,2,90.0,0.02826353
qd_005,QuickDraw,bicycle,public_benchmark_v1_ext33_m2_66_profile_switcher,results\public_benchmark_v1_ext33_m2_66_profile_switcher\qd_005\prediction.dst,datasets\public_benchmark_v1_ext33\quickdraw_10\qd_005_mask.png,excellent,0.01639641,2,0,0.0,0,12.3879,0.0,7540,11320,11274,7458,3816,10276,998,0.989125,0.661522,0.907774,0.911478,0.088522,2,2,90.0,0.02826353
qd_005,QuickDraw,bicycle,public_benchmark_v1_ext33_m2_67_line_art_profile,results\public_benchmark_v1_ext33_m2_67_line_art_profile\qd_005\prediction.dst,datasets\public_benchmark_v1_ext33\quickdraw_10\qd_005_mask.png,excellent,0.01639641,2,0,0.0,0,12.3879,0.0,7540,11320,11274,7458,3816,10276,998,0.989125,0.661522,0.907774,0.911478,0.088522,2,2,90.0,0.02826353
qd_005,QuickDraw,bicycle,public_benchmark_v1_ext33_m2_68_shape_aware_profile,results\public_benchmark_v1_ext33_m2_68_shape_aware_profile\qd_005\prediction.dst,datasets\public_benchmark_v1_ext33\quickdraw_10\qd_005_mask.png,excellent,0.01639641,2,0,0.0,0,12.3879,0.0,7540,11320,11274,7458,3816,10276,998,0.989125,0.661522,0.907774,0.911478,0.088522,2,2,90.0,0.02826353
qd_005,QuickDraw,bicycle,public_benchmark_v1_ext33_m2_69_text_wku_profile,results\public_benchmark_v1_ext33_m2_69_text_wku_profile\qd_005\prediction.dst,datasets\public_benchmark_v1_ext33\quickdraw_10\qd_005_mask.png,excellent,0.01639641,2,0,0.0,0,12.3879,0.0,7540,11320,11274,7458,3816,10276,998,0.989125,0.661522,0.907774,0.911478,0.088522,2,2,90.0,0.02826353
qd_005,QuickDraw,bicycle,public_benchmark_v1_ext33_mask_fill_edgewalk_dtsatin_o3_i8_s14_p90,results\public_benchmark_v1_ext33_mask_fill_edgewalk_dtsatin_o3_i8_s14_p90\qd_005\prediction.dst,datasets\public_benchmark_v1_ext33\quickdraw_10\qd_005_mask.png,hard_fail,0.4,254,47,0.0,0,2817.0534,0.0,7540,11320,16612,7540,9072,11163,5449,1.0,0.453889,0.986131,0.671984,0.328016,2,2,90.0,1.54648256
qd_005,QuickDraw,bicycle,public_benchmark_v1_ext33_mask_fill_edgewalk_dtsatin_o3_i9_s7,results\public_benchmark_v1_ext33_mask_fill_edgewalk_dtsatin_o3_i9_s7\qd_005\prediction.dst,datasets\public_benchmark_v1_ext33\quickdraw_10\qd_005_mask.png,hard_fail,0.4,254,47,0.0,0,2817.0534,0.0,7540,11320,16612,7540,9072,11163,5449,1.0,0.453889,0.986131,0.671984,0.328016,2,2,90.0,1.54648256
qd_005,QuickDraw,bicycle,public_benchmark_v1_ext33_mask_fill_edgewalk_nearest_rows16_p40,results\public_benchmark_v1_ext33_mask_fill_edgewalk_nearest_rows16_p40\qd_005\prediction.dst,datasets\public_benchmark_v1_ext33\quickdraw_10\qd_005_mask.png,hard_fail,0.4,254,47,0.0,0,2817.0534,0.0,7540,11320,16612,7540,9072,11163,5449,1.0,0.453889,0.986131,0.671984,0.328016,2,2,90.0,1.54648256
qd_005,QuickDraw,bicycle,public_benchmark_v1_ext33_mask_fill_edgewalk_nearestrow_adapt_t2_m5_rows16_p40,results\public_benchmark_v1_ext33_mask_fill_edgewalk_nearestrow_adapt_t2_m5_rows16_p40\qd_005\prediction.dst,datasets\public_benchmark_v1_ext33\quickdraw_10\qd_005_mask.png,excellent,0.07272604,8,1,0.0,0,85.1889,0.0,7540,11320,10130,7243,2887,9682,448,0.96061,0.715005,0.8553,0.955775,0.044225,2,2,90.0,0.11844124
qd_005,QuickDraw,bicycle,public_benchmark_v1_ext33_mask_fill_edgewalk_nearestrow_adapt_t3_m6_rows16_p40,results\public_benchmark_v1_ext33_mask_fill_edgewalk_nearestrow_adapt_t3_m6_rows16_p40\qd_005\prediction.dst,datasets\public_benchmark_v1_ext33\quickdraw_10\qd_005_mask.png,excellent,0.07272604,8,1,0.0,0,85.1889,0.0,7540,11320,10130,7243,2887,9682,448,0.96061,0.715005,0.8553,0.955775,0.044225,2,2,90.0,0.11844124
qd_005,QuickDraw,bicycle,public_benchmark_v1_ext33_mask_fill_edgewalk_nearestrow_adapt_t4_m8_rows16_p40,results\public_benchmark_v1_ext33_mask_fill_edgewalk_nearestrow_adapt_t4_m8_rows16_p40\qd_005\prediction.dst,datasets\public_benchmark_v1_ext33\quickdraw_10\qd_005_mask.png,excellent,0.07272604,8,1,0.0,0,85.1889,0.0,7540,11320,10130,7243,2887,9682,448,0.96061,0.715005,0.8553,0.955775,0.044225,2,2,90.0,0.11844124
qd_005,QuickDraw,bicycle,public_benchmark_v1_ext33_mask_fill_edgewalk_nearestrow_evalfill_rows16_p40,results\public_benchmark_v1_ext33_mask_fill_edgewalk_nearestrow_evalfill_rows16_p40\qd_005\prediction.dst,datasets\public_benchmark_v1_ext33\quickdraw_10\qd_005_mask.png,pass,0.13137763,9,1,2.2413,0,92.137,0.0,7540,11320,23669,7540,16129,11320,12349,1.0,0.31856,1.0,0.478263,0.521737,2,2,90.0,0.25926855
qd_005,QuickDraw,bicycle,public_benchmark_v1_ext33_mask_fill_edgewalk_nearestrow_inset1_rows16_p40,results\public_benchmark_v1_ext33_mask_fill_edgewalk_nearestrow_inset1_rows16_p40\qd_005\prediction.dst,datasets\public_benchmark_v1_ext33\quickdraw_10\qd_005_mask.png,excellent,0.07267287,8,1,0.0,0,83.5273,0.0,7540,11320,12273,7413,4860,10619,1654,0.983156,0.604009,0.938074,0.865233,0.134767,2,2,90.0,0.11246671
qd_005,QuickDraw,bicycle,public_benchmark_v1_ext33_mask_fill_edgewalk_nearestrow_inset2_rows16_p40,results\public_benchmark_v1_ext33_mask_fill_edgewalk_nearestrow_inset2_rows16_p40\qd_005\prediction.dst,datasets\public_benchmark_v1_ext33\quickdraw_10\qd_005_mask.png,excellent,0.07272604,8,1,0.0,0,85.1889,0.0,7540,11320,10130,7243,2887,9682,448,0.96061,0.715005,0.8553,0.955775,0.044225,2,2,90.0,0.11844124
qd_005,QuickDraw,bicycle,public_benchmark_v1_ext33_mask_fill_edgewalk_nearestrow_qdirect_rows16_p40,results\public_benchmark_v1_ext33_mask_fill_edgewalk_nearestrow_qdirect_rows16_p40\qd_005\prediction.dst,datasets\public_benchmark_v1_ext33\quickdraw_10\qd_005_mask.png,pass,0.12055543,13,2,0.0,0,142.3573,0.0,7540,11320,13342,7540,5802,11098,2244,1.0,0.565133,0.980389,0.831809,0.168191,2,2,90.0,0.18746599
qd_005,QuickDraw,bicycle,public_benchmark_v1_ext33_mask_fill_edgewalk_nearestrow_qpath090_rows16_p40,results\public_benchmark_v1_ext33_mask_fill_edgewalk_nearestrow_qpath090_rows16_p40\qd_005\prediction.dst,datasets\public_benchmark_v1_ext33\quickdraw_10\qd_005_mask.png,pass,0.12055543,13,2,0.0,0,142.3573,0.0,7540,11320,13342,7540,5802,11098,2244,1.0,0.565133,0.980389,0.831809,0.168191,2,2,90.0,0.18746599
qd_005,QuickDraw,bicycle,public_benchmark_v1_ext33_mask_fill_edgewalk_nearestrow_qpath095_rows16_p40,results\public_benchmark_v1_ext33_mask_fill_edgewalk_nearestrow_qpath095_rows16_p40\qd_005\prediction.dst,datasets\public_benchmark_v1_ext33\quickdraw_10\qd_005_mask.png,pass,0.12055543,13,2,0.0,0,142.3573,0.0,7540,11320,13342,7540,5802,11098,2244,1.0,0.565133,0.980389,0.831809,0.168191,2,2,90.0,0.18746599
qd_005,QuickDraw,bicycle,public_benchmark_v1_ext33_mask_fill_edgewalk_nearestrow_quantvalid_rows16_p40,results\public_benchmark_v1_ext33_mask_fill_edgewalk_nearestrow_quantvalid_rows16_p40\qd_005\prediction.dst,datasets\public_benchmark_v1_ext33\quickdraw_10\qd_005_mask.png,pass,0.12055543,13,2,0.0,0,142.3573,0.0,7540,11320,13342,7540,5802,11098,2244,1.0,0.565133,0.980389,0.831809,0.168191,2,2,90.0,0.18746599
qd_005,QuickDraw,bicycle,public_benchmark_v1_ext33_mask_fill_edgewalk_nearestrow_rows16_p40,results\public_benchmark_v1_ext33_mask_fill_edgewalk_nearestrow_rows16_p40\qd_005\prediction.dst,datasets\public_benchmark_v1_ext33\quickdraw_10\qd_005_mask.png,pass,0.12055543,13,2,0.0,0,142.3573,0.0,7540,11320,13342,7540,5802,11098,2244,1.0,0.565133,0.980389,0.831809,0.168191,2,2,90.0,0.18746599
qd_005,QuickDraw,bicycle,public_benchmark_v1_ext33_mask_fill_edgewalk_nearestrow_safeadt_rows16_p40,results\public_benchmark_v1_ext33_mask_fill_edgewalk_nearestrow_safeadt_rows16_p40\qd_005\prediction.dst,datasets\public_benchmark_v1_ext33\quickdraw_10\qd_005_mask.png,pass,0.11233227,12,2,0.0,0,135.3833,0.0,7540,11320,21166,7540,13626,11320,9846,1.0,0.356232,1.0,0.53482,0.46518,2,2,90.0,0.22276107
qd_005,QuickDraw,bicycle,public_benchmark_v1_ext33_mask_fill_edgewalk_nearestrow_safeadt_t2m5_r035_a32_rows16_p40,results\public_benchmark_v1_ext33_mask_fill_edgewalk_nearestrow_safeadt_t2m5_r035_a32_rows16_p40\qd_005\prediction.dst,datasets\public_benchmark_v1_ext33\quickdraw_10\qd_005_mask.png,pass,0.11233227,12,2,0.0,0,135.3833,0.0,7540,11320,21166,7540,13626,11320,9846,1.0,0.356232,1.0,0.53482,0.46518,2,2,90.0,0.22276107
qd_005,QuickDraw,bicycle,public_benchmark_v1_ext33_mask_fill_edgewalk_nearestrow_safeadt_t2m5_r055_a64_rows16_p40,results\public_benchmark_v1_ext33_mask_fill_edgewalk_nearestrow_safeadt_t2m5_r055_a64_rows16_p40\qd_005\prediction.dst,datasets\public_benchmark_v1_ext33\quickdraw_10\qd_005_mask.png,pass,0.11233227,12,2,0.0,0,135.3833,0.0,7540,11320,21166,7540,13626,11320,9846,1.0,0.356232,1.0,0.53482,0.46518,2,2,90.0,0.22276107
qd_005,QuickDraw,bicycle,public_benchmark_v1_ext33_mask_fill_edgewalk_nearestrow_segvalid_rows16_p40,results\public_benchmark_v1_ext33_mask_fill_edgewalk_nearestrow_segvalid_rows16_p40\qd_005\prediction.dst,datasets\public_benchmark_v1_ext33\quickdraw_10\qd_005_mask.png,pass,0.12055543,13,2,0.0,0,142.3573,0.0,7540,11320,13342,7540,5802,11098,2244,1.0,0.565133,0.980389,0.831809,0.168191,2,2,90.0,0.18746599
qd_005,QuickDraw,bicycle,public_benchmark_v1_ext33_mask_fill_edgewalk_nearestrow_strict_p20_rows16,results\public_benchmark_v1_ext33_mask_fill_edgewalk_nearestrow_strict_p20_rows16\qd_005\prediction.dst,datasets\public_benchmark_v1_ext33\quickdraw_10\qd_005_mask.png,pass,0.12055543,13,2,0.0,0,142.3573,0.0,7540,11320,13342,7540,5802,11098,2244,1.0,0.565133,0.980389,0.831809,0.168191,2,2,90.0,0.18746599
qd_005,QuickDraw,bicycle,public_benchmark_v1_ext33_mask_fill_edgewalk_nearestrow_strict_p40_rows16,results\public_benchmark_v1_ext33_mask_fill_edgewalk_nearestrow_strict_p40_rows16\qd_005\prediction.dst,datasets\public_benchmark_v1_ext33\quickdraw_10\qd_005_mask.png,pass,0.12055543,13,2,0.0,0,142.3573,0.0,7540,11320,13342,7540,5802,11098,2244,1.0,0.565133,0.980389,0.831809,0.168191,2,2,90.0,0.18746599
qd_005,QuickDraw,bicycle,public_benchmark_v1_ext33_mask_fill_edgewalk_outline_ext_in2_rows16_p40,results\public_benchmark_v1_ext33_mask_fill_edgewalk_outline_ext_in2_rows16_p40\qd_005\prediction.dst,datasets\public_benchmark_v1_ext33\quickdraw_10\qd_005_mask.png,hard_fail,0.4,259,48,0.0,0,2878.6579,0.0,7540,11320,16798,7540,9258,11306,5492,1.0,0.448863,0.998763,0.673056,0.326944,2,2,90.0,1.56831104
qd_005,QuickDraw,bicycle,public_benchmark_v1_ext33_mask_fill_edgewalk_outline_ext_in3_rows16_p40,results\public_benchmark_v1_ext33_mask_fill_edgewalk_outline_ext_in3_rows16_p40\qd_005\prediction.dst,datasets\public_benchmark_v1_ext33\quickdraw_10\qd_005_mask.png,hard_fail,0.4,270,50,0.0,0,3000.1031,0.0,7540,11320,16639,7540,9099,11167,5472,1.0,0.453152,0.986484,0.671134,0.328866,2,2,90.0,1.61661856
qd_005,QuickDraw,bicycle,public_benchmark_v1_ext33_mask_fill_edgewalk_outline_ext_rows16_p40,results\public_benchmark_v1_ext33_mask_fill_edgewalk_outline_ext_rows16_p40\qd_005\prediction.dst,datasets\public_benchmark_v1_ext33\quickdraw_10\qd_005_mask.png,hard_fail,0.4,259,48,0.0,0,2878.8295,0.0,7540,11320,17450,7540,9910,11318,6132,1.0,0.432092,0.999823,0.648596,0.351404,2,2,90.0,1.57222464
qd_005,QuickDraw,bicycle,public_benchmark_v1_ext33_mask_fill_edgewalk_outline_rows16_p40,results\public_benchmark_v1_ext33_mask_fill_edgewalk_outline_rows16_p40\qd_005\prediction.dst,datasets\public_benchmark_v1_ext33\quickdraw_10\qd_005_mask.png,hard_fail,0.4,280,52,0.0,0,3108.8162,0.0,7540,11320,17536,7540,9996,11318,6218,1.0,0.429973,0.999823,0.645415,0.354585,2,2,90.0,1.6647336
qd_005,QuickDraw,bicycle,public_benchmark_v1_ext33_mask_fill_edgewalk_rows16_p24,results\public_benchmark_v1_ext33_mask_fill_edgewalk_rows16_p24\qd_005\prediction.dst,datasets\public_benchmark_v1_ext33\quickdraw_10\qd_005_mask.png,hard_fail,0.4,272,53,0.0,0,2991.0557,0.0,7540,11320,15954,7540,8414,11150,4804,1.0,0.472609,0.984982,0.698884,0.301116,2,2,90.0,1.62617856
qd_005,QuickDraw,bicycle,public_benchmark_v1_ext33_mask_fill_edgewalk_rows16_p40,results\public_benchmark_v1_ext33_mask_fill_edgewalk_rows16_p40\qd_005\prediction.dst,datasets\public_benchmark_v1_ext33\quickdraw_10\qd_005_mask.png,hard_fail,0.4,254,47,0.0,0,2817.0534,0.0,7540,11320,16612,7540,9072,11163,5449,1.0,0.453889,0.986131,0.671984,0.328016,2,2,90.0,1.54648256
qd_005,QuickDraw,bicycle,public_benchmark_v1_ext33_mask_fill_edgewalk_rows20_p24,results\public_benchmark_v1_ext33_mask_fill_edgewalk_rows20_p24\qd_005\prediction.dst,datasets\public_benchmark_v1_ext33\quickdraw_10\qd_005_mask.png,hard_fail,0.41237854,223,42,0.6083,0,2459.1183,0.0,7540,11320,15590,7529,8061,11043,4547,0.998541,0.482938,0.97553,0.708339,0.291661,2,2,90.0,1.4251273
qd_005,QuickDraw,bicycle,public_benchmark_v1_ext33_mask_fill_edgewalk_satin_w4_s6_i3,results\public_benchmark_v1_ext33_mask_fill_edgewalk_satin_w4_s6_i3\qd_005\prediction.dst,datasets\public_benchmark_v1_ext33\quickdraw_10\qd_005_mask.png,hard_fail,0.4,265,49,0.0,0,2942.4058,0.0,7540,11320,16708,7540,9168,11169,5539,1.0,0.451281,0.986661,0.668482,0.331518,2,2,90.0,1.59504288
qd_005,QuickDraw,bicycle,public_benchmark_v1_ext33_mask_fill_edgewalk_satin_w6_s5_i3,results\public_benchmark_v1_ext33_mask_fill_edgewalk_satin_w6_s5_i3\qd_005\prediction.dst,datasets\public_benchmark_v1_ext33\quickdraw_10\qd_005_mask.png,hard_fail,0.4,265,49,0.0,0,2941.4335,0.0,7540,11320,16750,7540,9210,11171,5579,1.0,0.450149,0.986837,0.666925,0.333075,2,2,90.0,1.595292
qd_005,QuickDraw,bicycle,public_benchmark_v1_ext33_mask_fill_edgewalk_satin_w8_s7_i4,results\public_benchmark_v1_ext33_mask_fill_edgewalk_satin_w8_s7_i4\qd_005\prediction.dst,datasets\public_benchmark_v1_ext33\quickdraw_10\qd_005_mask.png,hard_fail,0.4,254,47,0.0,0,2817.0534,0.0,7540,11320,16649,7540,9109,11176,5473,1.0,0.45288,0.987279,0.671272,0.328728,2,2,90.0,1.54659648
qd_005,QuickDraw,bicycle,public_benchmark_v1_ext33_mask_fill_edgewalk_satinrail_w10_s8_i5,results\public_benchmark_v1_ext33_mask_fill_edgewalk_satinrail_w10_s8_i5\qd_005\prediction.dst,datasets\public_benchmark_v1_ext33\quickdraw_10\qd_005_mask.png,hard_fail,0.4,254,47,0.0,0,2817.0534,0.0,7540,11320,16614,7540,9074,11163,5451,1.0,0.453834,0.986131,0.671903,0.328097,2,2,90.0,1.54649552
qd_005,QuickDraw,bicycle,public_benchmark_v1_ext33_mask_fill_edgewalk_satinrail_w6_s6_i3,results\public_benchmark_v1_ext33_mask_fill_edgewalk_satinrail_w6_s6_i3\qd_005\prediction.dst,datasets\public_benchmark_v1_ext33\quickdraw_10\qd_005_mask.png,hard_fail,0.4,265,49,0.0,0,2942.7053,0.0,7540,11320,16694,7540,9154,11169,5525,1.0,0.451659,0.986661,0.669043,0.330957,2,2,90.0,1.59495312
qd_005,QuickDraw,bicycle,public_benchmark_v1_ext33_mask_fill_edgewalk_satinrail_w8_s7_i4,results\public_benchmark_v1_ext33_mask_fill_edgewalk_satinrail_w8_s7_i4\qd_005\prediction.dst,datasets\public_benchmark_v1_ext33\quickdraw_10\qd_005_mask.png,hard_fail,0.4,254,47,0.0,0,2817.0534,0.0,7540,11320,16623,7540,9083,11166,5457,1.0,0.453588,0.986396,0.67172,0.32828,2,2,90.0,1.5465248
qd_005,QuickDraw,bicycle,public_benchmark_v1_ext33_mask_fill_edgewalk_styleaware_r008_d45,results\public_benchmark_v1_ext33_mask_fill_edgewalk_styleaware_r008_d45\qd_005\prediction.dst,datasets\public_benchmark_v1_ext33\quickdraw_10\qd_005_mask.png,hard_fail,0.32006122,83,15,0.0,0,939.4131,0.0,7540,11320,12736,7308,5428,10251,2485,0.969231,0.573807,0.905565,0.804884,0.195116,2,2,90.0,0.7022735
qd_005,QuickDraw,bicycle,public_benchmark_v1_ext33_mask_fill_nearestrow_strict_short_rows16,results\public_benchmark_v1_ext33_mask_fill_nearestrow_strict_short_rows16\qd_005\prediction.dst,datasets\public_benchmark_v1_ext33\quickdraw_10\qd_005_mask.png,warning,0.19465915,22,2,0.0,0,208.0984,0.0,7540,11320,13103,7540,5563,11073,2030,1.0,0.575441,0.97818,0.845074,0.154926,2,2,90.0,0.29544731
qd_005,QuickDraw,bicycle,public_benchmark_v1_ext33_mask_fill_rows12_c10,results\public_benchmark_v1_ext33_mask_fill_rows12_c10\qd_005\prediction.dst,datasets\public_benchmark_v1_ext33\quickdraw_10\qd_005_mask.png,hard_fail,0.4,563,88,0.0,0,5892.4515,0.0,7540,11320,14105,7540,6565,11318,2787,1.0,0.534562,0.999823,0.80241,0.19759,2,2,90.0,2.8436144
qd_005,QuickDraw,bicycle,public_benchmark_v1_ext33_mask_fill_rows12_c6,results\public_benchmark_v1_ext33_mask_fill_rows12_c6\qd_005\prediction.dst,datasets\public_benchmark_v1_ext33\quickdraw_10\qd_005_mask.png,hard_fail,0.4,583,88,0.0,0,6058.2515,0.0,7540,11320,13562,7540,6022,11318,2244,1.0,0.555965,0.999823,0.834538,0.165462,2,2,90.0,2.91847392
qd_005,QuickDraw,bicycle,public_benchmark_v1_ext33_mask_fill_rows16_c12_in025,results\public_benchmark_v1_ext33_mask_fill_rows16_c12_in025\qd_005\prediction.dst,datasets\public_benchmark_v1_ext33\quickdraw_10\qd_005_mask.png,hard_fail,0.7,316,53,54.775,10,3304.8557,28.6,7540,11320,14863,7540,7323,11095,3768,1.0,0.5073,0.980124,0.746485,0.253515,2,2,90.0,3.4423124
qd_005,QuickDraw,bicycle,public_benchmark_v1_ext33_mask_fill_rows16_c12_in050,results\public_benchmark_v1_ext33_mask_fill_rows16_c12_in050\qd_005\prediction.dst,datasets\public_benchmark_v1_ext33\quickdraw_10\qd_005_mask.png,hard_fail,0.7,316,53,54.775,10,3304.8557,28.6,7540,11320,14863,7540,7323,11095,3768,1.0,0.5073,0.980124,0.746485,0.253515,2,2,90.0,3.4423124
qd_005,QuickDraw,bicycle,public_benchmark_v1_ext33_mask_fill_rows16_c6,results\public_benchmark_v1_ext33_mask_fill_rows16_c6\qd_005\prediction.dst,datasets\public_benchmark_v1_ext33\quickdraw_10\qd_005_mask.png,hard_fail,0.4,352,53,0.0,0,3647.5968,0.0,7540,11320,12705,7540,5165,11064,1641,1.0,0.593467,0.977385,0.870838,0.129162,2,2,90.0,1.91866592
qd_005,QuickDraw,bicycle,public_benchmark_v1_ext33_mask_fill_rows20_c12_in050,results\public_benchmark_v1_ext33_mask_fill_rows20_c12_in050\qd_005\prediction.dst,datasets\public_benchmark_v1_ext33\quickdraw_10\qd_005_mask.png,hard_fail,0.6946,269,42,35.75,6,2782.3183,17.3,7540,11320,14033,7507,6526,10885,3148,0.995623,0.534953,0.961572,0.775672,0.224328,2,2,90.0,2.71199248
qd_006,QuickDraw,bird,public_benchmark_v1_ext33_all_skeleton_connect20_trimcap20,results\public_benchmark_v1_ext33_all_skeleton_connect20_trimcap20\qd_006\prediction.dst,datasets\public_benchmark_v1_ext33\quickdraw_10\qd_006_mask.png,pass,0.10584235,12,1,0.0,0,120.0733,0.0,6036,9168,8464,5839,2625,8227,237,0.967362,0.689863,0.89736,0.971999,0.028001,2,2,90.0,0.16197019
qd_006,QuickDraw,bird,public_benchmark_v1_ext33_all_skeleton_connect30_min12_trimcap20,results\public_benchmark_v1_ext33_all_skeleton_connect30_min12_trimcap20\qd_006\prediction.dst,datasets\public_benchmark_v1_ext33\quickdraw_10\qd_006_mask.png,excellent,0.08969386,10,1,0.0,0,115.4331,0.0,6036,9168,7943,5419,2524,7704,239,0.89778,0.682236,0.840314,0.969911,0.030089,2,2,90.0,0.15023378
qd_006,QuickDraw,bird,public_benchmark_v1_ext33_all_skeleton_connect30_min20_trimcap20,results\public_benchmark_v1_ext33_all_skeleton_connect30_min20_trimcap20\qd_006\prediction.dst,datasets\public_benchmark_v1_ext33\quickdraw_10\qd_006_mask.png,pass,0.11495155,13,1,0.0,0,154.7358,0.0,6036,9168,7359,4879,2480,7075,284,0.808317,0.662998,0.771706,0.961408,0.038592,2,2,90.0,0.20288147
qd_006,QuickDraw,bird,public_benchmark_v1_ext33_all_skeleton_connect30_min8_trimcap20,results\public_benchmark_v1_ext33_all_skeleton_connect30_min8_trimcap20\qd_006\prediction.dst,datasets\public_benchmark_v1_ext33\quickdraw_10\qd_006_mask.png,excellent,0.08144543,9,1,0.0,0,107.6698,0.0,6036,9168,8347,5779,2568,8197,150,0.957422,0.692345,0.894088,0.982029,0.017971,2,2,90.0,0.12676111
qd_006,QuickDraw,bird,public_benchmark_v1_ext33_all_skeleton_connect30_trimcap20,results\public_benchmark_v1_ext33_all_skeleton_connect30_trimcap20\qd_006\prediction.dst,datasets\public_benchmark_v1_ext33\quickdraw_10\qd_006_mask.png,pass,0.10584235,12,1,0.0,0,120.0733,0.0,6036,9168,8464,5839,2625,8227,237,0.967362,0.689863,0.89736,0.971999,0.028001,2,2,90.0,0.16197019
qd_006,QuickDraw,bird,public_benchmark_v1_ext33_auto_hybrid_evalrepair_r10_c20_trimcap20,results\public_benchmark_v1_ext33_auto_hybrid_evalrepair_r10_c20_trimcap20\qd_006\prediction.dst,datasets\public_benchmark_v1_ext33\quickdraw_10\qd_006_mask.png,pass,0.10584235,12,1,0.0,0,120.0733,0.0,6036,9168,8464,5839,2625,8227,237,0.967362,0.689863,0.89736,0.971999,0.028001,2,2,90.0,0.16197019
qd_006,QuickDraw,bird,public_benchmark_v1_ext33_auto_hybrid_evalrepair_r10_inside085_c20_trimcap20,results\public_benchmark_v1_ext33_auto_hybrid_evalrepair_r10_inside085_c20_trimcap20\qd_006\prediction.dst,datasets\public_benchmark_v1_ext33\quickdraw_10\qd_006_mask.png,pass,0.10584235,12,1,0.0,0,120.0733,0.0,6036,9168,8464,5839,2625,8227,237,0.967362,0.689863,0.89736,0.971999,0.028001,2,2,90.0,0.16197019
qd_006,QuickDraw,bird,public_benchmark_v1_ext33_auto_hybrid_evalrepair_r10_inside090_c20_trimcap20,results\public_benchmark_v1_ext33_auto_hybrid_evalrepair_r10_inside090_c20_trimcap20\qd_006\prediction.dst,datasets\public_benchmark_v1_ext33\quickdraw_10\qd_006_mask.png,pass,0.10584235,12,1,0.0,0,120.0733,0.0,6036,9168,8464,5839,2625,8227,237,0.967362,0.689863,0.89736,0.971999,0.028001,2,2,90.0,0.16197019
qd_006,QuickDraw,bird,public_benchmark_v1_ext33_auto_hybrid_evalrepair_r15_c20_trimcap20,results\public_benchmark_v1_ext33_auto_hybrid_evalrepair_r15_c20_trimcap20\qd_006\prediction.dst,datasets\public_benchmark_v1_ext33\quickdraw_10\qd_006_mask.png,pass,0.10584235,12,1,0.0,0,120.0733,0.0,6036,9168,8464,5839,2625,8227,237,0.967362,0.689863,0.89736,0.971999,0.028001,2,2,90.0,0.16197019
qd_006,QuickDraw,bird,public_benchmark_v1_ext33_auto_hybrid_evalrepair_r15_inside090_c20_trimcap20,results\public_benchmark_v1_ext33_auto_hybrid_evalrepair_r15_inside090_c20_trimcap20\qd_006\prediction.dst,datasets\public_benchmark_v1_ext33\quickdraw_10\qd_006_mask.png,pass,0.10584235,12,1,0.0,0,120.0733,0.0,6036,9168,8464,5839,2625,8227,237,0.967362,0.689863,0.89736,0.971999,0.028001,2,2,90.0,0.16197019
qd_006,QuickDraw,bird,public_benchmark_v1_ext33_auto_hybrid_r10_c16_trimcap20,results\public_benchmark_v1_ext33_auto_hybrid_r10_c16_trimcap20\qd_006\prediction.dst,datasets\public_benchmark_v1_ext33\quickdraw_10\qd_006_mask.png,pass,0.10584235,12,1,0.0,0,120.0733,0.0,6036,9168,8464,5839,2625,8227,237,0.967362,0.689863,0.89736,0.971999,0.028001,2,2,90.0,0.16197019
qd_006,QuickDraw,bird,public_benchmark_v1_ext33_auto_hybrid_r10_c20_trimcap20,results\public_benchmark_v1_ext33_auto_hybrid_r10_c20_trimcap20\qd_006\prediction.dst,datasets\public_benchmark_v1_ext33\quickdraw_10\qd_006_mask.png,pass,0.10584235,12,1,0.0,0,120.0733,0.0,6036,9168,8464,5839,2625,8227,237,0.967362,0.689863,0.89736,0.971999,0.028001,2,2,90.0,0.16197019
qd_006,QuickDraw,bird,public_benchmark_v1_ext33_auto_hybrid_r125_c16_trimcap20,results\public_benchmark_v1_ext33_auto_hybrid_r125_c16_trimcap20\qd_006\prediction.dst,datasets\public_benchmark_v1_ext33\quickdraw_10\qd_006_mask.png,pass,0.10584235,12,1,0.0,0,120.0733,0.0,6036,9168,8464,5839,2625,8227,237,0.967362,0.689863,0.89736,0.971999,0.028001,2,2,90.0,0.16197019
qd_006,QuickDraw,bird,public_benchmark_v1_ext33_auto_hybrid_r125_c20_trimcap20,results\public_benchmark_v1_ext33_auto_hybrid_r125_c20_trimcap20\qd_006\prediction.dst,datasets\public_benchmark_v1_ext33\quickdraw_10\qd_006_mask.png,pass,0.10584235,12,1,0.0,0,120.0733,0.0,6036,9168,8464,5839,2625,8227,237,0.967362,0.689863,0.89736,0.971999,0.028001,2,2,90.0,0.16197019
qd_006,QuickDraw,bird,public_benchmark_v1_ext33_auto_hybrid_skeleton_connect12_trimcap20,results\public_benchmark_v1_ext33_auto_hybrid_skeleton_connect12_trimcap20\qd_006\prediction.dst,datasets\public_benchmark_v1_ext33\quickdraw_10\qd_006_mask.png,pass,0.10584235,12,1,0.0,0,120.0733,0.0,6036,9168,8464,5839,2625,8227,237,0.967362,0.689863,0.89736,0.971999,0.028001,2,2,90.0,0.16197019
qd_006,QuickDraw,bird,public_benchmark_v1_ext33_b0_m2_1_globalrepair20,results\public_benchmark_v1_ext33_b0_m2_1_globalrepair20\qd_006\prediction.dst,datasets\public_benchmark_v1_ext33\quickdraw_10\qd_006_mask.png,hard_fail,0.50909044,24,2,2861.6509,581,159.0763,2075.4228,6036,9168,16165,5919,10246,8498,7667,0.980616,0.366161,0.92692,0.525704,0.474296,2,2,90.0,75.7670564
qd_006,QuickDraw,bird,public_benchmark_v1_ext33_m2_4_coverage_rerank,results\public_benchmark_v1_ext33_m2_4_coverage_rerank\qd_006\prediction.dst,datasets\public_benchmark_v1_ext33\quickdraw_10\qd_006_mask.png,pass,0.10584235,12,1,0.0,0,120.0733,0.0,6036,9168,8464,5839,2625,8227,237,0.967362,0.689863,0.89736,0.971999,0.028001,2,2,90.0,0.16197019
qd_006,QuickDraw,bird,public_benchmark_v1_ext33_m2_4_coverage_rerank_connect30,results\public_benchmark_v1_ext33_m2_4_coverage_rerank_connect30\qd_006\prediction.dst,datasets\public_benchmark_v1_ext33\quickdraw_10\qd_006_mask.png,pass,0.10584235,12,1,0.0,0,120.0733,0.0,6036,9168,8464,5839,2625,8227,237,0.967362,0.689863,0.89736,0.971999,0.028001,2,2,90.0,0.16197019
qd_006,QuickDraw,bird,public_benchmark_v1_ext33_m2_4_coverage_rerank_min12,results\public_benchmark_v1_ext33_m2_4_coverage_rerank_min12\qd_006\prediction.dst,datasets\public_benchmark_v1_ext33\quickdraw_10\qd_006_mask.png,excellent,0.08969386,10,1,0.0,0,115.4331,0.0,6036,9168,7943,5419,2524,7704,239,0.89778,0.682236,0.840314,0.969911,0.030089,2,2,90.0,0.15023378
qd_006,QuickDraw,bird,public_benchmark_v1_ext33_m2_4_coverage_rerank_min20,results\public_benchmark_v1_ext33_m2_4_coverage_rerank_min20\qd_006\prediction.dst,datasets\public_benchmark_v1_ext33\quickdraw_10\qd_006_mask.png,pass,0.10584235,12,1,0.0,0,120.0733,0.0,6036,9168,8464,5839,2625,8227,237,0.967362,0.689863,0.89736,0.971999,0.028001,2,2,90.0,0.16197019
qd_006,QuickDraw,bird,public_benchmark_v1_ext33_m2_4_coverage_rerank_min8,results\public_benchmark_v1_ext33_m2_4_coverage_rerank_min8\qd_006\prediction.dst,datasets\public_benchmark_v1_ext33\quickdraw_10\qd_006_mask.png,excellent,0.08144543,9,1,0.0,0,107.6698,0.0,6036,9168,8347,5779,2568,8197,150,0.957422,0.692345,0.894088,0.982029,0.017971,2,2,90.0,0.12676111
qd_006,QuickDraw,bird,public_benchmark_v1_ext33_m2_51_sweeptuned_gate_balanced_applied,results\public_benchmark_v1_ext33_m2_51_sweeptuned_gate_balanced_applied\qd_006\prediction.dst,datasets\public_benchmark_v1_ext33\quickdraw_10\qd_006_mask.png,excellent,0.0810433,9,1,0.0,0,95.1031,0.0,6036,9168,8351,5731,2620,7691,660,0.94947,0.686265,0.838896,0.920968,0.079032,2,2,90.0,0.13361818
qd_006,QuickDraw,bird,public_benchmark_v1_ext33_m2_51_sweeptuned_gate_low_jump_applied,results\public_benchmark_v1_ext33_m2_51_sweeptuned_gate_low_jump_applied\qd_006\prediction.dst,datasets\public_benchmark_v1_ext33\quickdraw_10\qd_006_mask.png,excellent,0.08144543,9,1,0.0,0,107.6698,0.0,6036,9168,8347,5779,2568,8197,150,0.957422,0.692345,0.894088,0.982029,0.017971,2,2,90.0,0.12676111
qd_006,QuickDraw,bird,public_benchmark_v1_ext33_m2_55_line_domain_guard_low_jump,results\public_benchmark_v1_ext33_m2_55_line_domain_guard_low_jump\qd_006\prediction.dst,datasets\public_benchmark_v1_ext33\quickdraw_10\qd_006_mask.png,excellent,0.08105764,9,1,0.0,0,95.5513,0.0,6036,9168,8226,5724,2502,7601,625,0.94831,0.695842,0.829079,0.924021,0.075979,2,2,90.0,0.13490336
qd_006,QuickDraw,bird,public_benchmark_v1_ext33_m2_56_line_stroke_d0_c12_i090,results\public_benchmark_v1_ext33_m2_56_line_stroke_d0_c12_i090\qd_006\prediction.dst,datasets\public_benchmark_v1_ext33\quickdraw_10\qd_006_mask.png,pass,0.1205597,13,2,0.0,0,142.4906,0.0,6036,9168,8310,5777,2533,8180,130,0.957091,0.695187,0.892234,0.984356,0.015644,2,2,90.0,0.18412434
qd_006,QuickDraw,bird,public_benchmark_v1_ext33_m2_56_line_stroke_d0_c12_i090_min12,results\public_benchmark_v1_ext33_m2_56_line_stroke_d0_c12_i090_min12\qd_006\prediction.dst,datasets\public_benchmark_v1_ext33\quickdraw_10\qd_006_mask.png,warning,0.14558433,16,2,0.0,0,174.5104,0.0,6036,9168,7704,5382,2322,7597,107,0.89165,0.698598,0.828643,0.986111,0.013889,2,2,90.0,0.23401517
qd_006,QuickDraw,bird,public_benchmark_v1_ext33_m2_56_line_stroke_d0_c12_i090_min20,results\public_benchmark_v1_ext33_m2_56_line_stroke_d0_c12_i090_min20\qd_006\prediction.dst,datasets\public_benchmark_v1_ext33\quickdraw_10\qd_006_mask.png,warning,0.14791009,17,1,0.0,0,184.6903,0.0,6036,9168,7067,4823,2244,6962,105,0.799039,0.682468,0.75938,0.985142,0.014858,2,2,90.0,0.25406137
qd_006,QuickDraw,bird,public_benchmark_v1_ext33_m2_56_line_stroke_d0_c12_i090_min30,results\public_benchmark_v1_ext33_m2_56_line_stroke_d0_c12_i090_min30\qd_006\prediction.dst,datasets\public_benchmark_v1_ext33\quickdraw_10\qd_006_mask.png,pass,0.11998885,13,2,0.0,0,124.6515,0.0,6036,9168,6424,4382,2042,6336,88,0.725977,0.68213,0.691099,0.986301,0.013699,2,2,90.0,0.22617881
qd_006,QuickDraw,bird,public_benchmark_v1_ext33_m2_56_line_stroke_d0_c8_i095,results\public_benchmark_v1_ext33_m2_56_line_stroke_d0_c8_i095\qd_006\prediction.dst,datasets\public_benchmark_v1_ext33\quickdraw_10\qd_006_mask.png,warning,0.13887066,16,1,0.0,0,152.2081,0.0,6036,9168,8319,5834,2485,8200,119,0.966534,0.701286,0.894415,0.985695,0.014305,2,2,90.0,0.21141814
qd_006,QuickDraw,bird,public_benchmark_v1_ext33_m2_56_line_stroke_d1_c10_i090,results\public_benchmark_v1_ext33_m2_56_line_stroke_d1_c10_i090\qd_006\prediction.dst,datasets\public_benchmark_v1_ext33\quickdraw_10\qd_006_mask.png,pass,0.14857454,14,1,1.1643,0,136.8059,0.0,6036,9168,8361,5835,2526,8213,148,0.9667,0.697883,0.895833,0.982299,0.017701,2,2,90.0,0.22458158
qd_006,QuickDraw,bird,public_benchmark_v1_ext33_m2_56_line_stroke_d1_c12_i090_min20,results\public_benchmark_v1_ext33_m2_56_line_stroke_d1_c12_i090_min20\qd_006\prediction.dst,datasets\public_benchmark_v1_ext33\quickdraw_10\qd_006_mask.png,pass,0.23966631,15,1,3.4206,1,171.1045,2.2804,6036,9168,7159,4845,2314,7008,151,0.802684,0.67677,0.764398,0.978908,0.021092,2,2,90.0,0.45112983
qd_006,QuickDraw,bird,public_benchmark_v1_ext33_m2_56_line_stroke_d1_c6_i095,results\public_benchmark_v1_ext33_m2_56_line_stroke_d1_c6_i095\qd_006\prediction.dst,datasets\public_benchmark_v1_ext33\quickdraw_10\qd_006_mask.png,warning,0.17028782,19,2,0.0,0,196.4945,0.0,6036,9168,8193,5729,2464,8084,109,0.949139,0.699255,0.881763,0.986696,0.013304,2,2,90.0,0.25974514
qd_006,QuickDraw,bird,public_benchmark_v1_ext33_m2_56_line_stroke_d2_c12_i085_min20,results\public_benchmark_v1_ext33_m2_56_line_stroke_d2_c12_i085_min20\qd_006\prediction.dst,datasets\public_benchmark_v1_ext33\quickdraw_10\qd_006_mask.png,warning,0.28018184,14,1,5.5891,1,162.4882,2.2804,6036,9168,7223,4867,2356,7044,179,0.806329,0.67382,0.768325,0.975218,0.024782,2,2,90.0,0.50856752
qd_006,QuickDraw,bird,public_benchmark_v1_ext33_m2_56_line_stroke_d3_c18,results\public_benchmark_v1_ext33_m2_56_line_stroke_d3_c18\qd_006\prediction.dst,datasets\public_benchmark_v1_ext33\quickdraw_10\qd_006_mask.png,pass,0.14024234,13,1,1.1643,0,126.4246,0.0,6036,9168,8374,5839,2535,8222,152,0.967362,0.697277,0.896815,0.981849,0.018151,2,2,90.0,0.21207858
qd_006,QuickDraw,bird,public_benchmark_v1_ext33_m2_56_line_stroke_selector_probe,results\public_benchmark_v1_ext33_m2_56_line_stroke_selector_probe\qd_006\prediction.dst,datasets\public_benchmark_v1_ext33\quickdraw_10\qd_006_mask.png,excellent,0.08105764,9,1,0.0,0,95.5513,0.0,6036,9168,8226,5724,2502,7601,625,0.94831,0.695842,0.829079,0.924021,0.075979,2,2,90.0,0.13490336
qd_006,QuickDraw,bird,public_benchmark_v1_ext33_m2_57_topology_open_d0_c12_i090_min12,results\public_benchmark_v1_ext33_m2_57_topology_open_d0_c12_i090_min12\qd_006\prediction.dst,datasets\public_benchmark_v1_ext33\quickdraw_10\qd_006_mask.png,pass,0.13050874,15,1,0.0,0,140.898,0.0,6036,9168,7725,5389,2336,7615,110,0.89281,0.697605,0.830606,0.985761,0.014239,2,2,90.0,0.21261122
qd_006,QuickDraw,bird,public_benchmark_v1_ext33_m2_57_topology_open_d0_c12_i090_min20,results\public_benchmark_v1_ext33_m2_57_topology_open_d0_c12_i090_min20\qd_006\prediction.dst,datasets\public_benchmark_v1_ext33\quickdraw_10\qd_006_mask.png,warning,0.13929447,16,1,0.0,0,165.4521,0.0,6036,9168,6974,4760,2214,6869,105,0.788602,0.682535,0.749236,0.984944,0.015056,2,2,90.0,0.24349799
qd_006,QuickDraw,bird,public_benchmark_v1_ext33_m2_57_topology_open_d0_c12_i090_min30,results\public_benchmark_v1_ext33_m2_57_topology_open_d0_c12_i090_min30\qd_006\prediction.dst,datasets\public_benchmark_v1_ext33\quickdraw_10\qd_006_mask.png,pass,0.12223144,14,1,0.0,0,132.2324,0.0,6036,9168,6325,4314,2011,6237,88,0.714712,0.682055,0.680301,0.986087,0.013913,2,2,90.0,0.23261836
qd_006,QuickDraw,bird,public_benchmark_v1_ext33_m2_57_topology_open_d0_c16_i085_min20,results\public_benchmark_v1_ext33_m2_57_topology_open_d0_c16_i085_min20\qd_006\prediction.dst,datasets\public_benchmark_v1_ext33\quickdraw_10\qd_006_mask.png,warning,0.13929447,16,1,0.0,0,165.4521,0.0,6036,9168,6974,4760,2214,6869,105,0.788602,0.682535,0.749236,0.984944,0.015056,2,2,90.0,0.24349799
qd_006,QuickDraw,bird,public_benchmark_v1_ext33_m2_57_topology_open_d0_c20_i080_min30,results\public_benchmark_v1_ext33_m2_57_topology_open_d0_c20_i080_min30\qd_006\prediction.dst,datasets\public_benchmark_v1_ext33\quickdraw_10\qd_006_mask.png,pass,0.12223144,14,1,0.0,0,132.2324,0.0,6036,9168,6325,4314,2011,6237,88,0.714712,0.682055,0.680301,0.986087,0.013913,2,2,90.0,0.23261836
qd_006,QuickDraw,bird,public_benchmark_v1_ext33_m2_57_topology_open_d0_c20_i080_min40,results\public_benchmark_v1_ext33_m2_57_topology_open_d0_c20_i080_min40\qd_006\prediction.dst,datasets\public_benchmark_v1_ext33\quickdraw_10\qd_006_mask.png,pass,0.11420405,13,1,0.0,0,131.3767,0.0,6036,9168,6055,4139,1916,5972,83,0.685719,0.683567,0.651396,0.986292,0.013708,2,2,90.0,0.22637901
qd_006,QuickDraw,bird,public_benchmark_v1_ext33_m2_57_topology_open_d0_c24_i075_min40,results\public_benchmark_v1_ext33_m2_57_topology_open_d0_c24_i075_min40\qd_006\prediction.dst,datasets\public_benchmark_v1_ext33\quickdraw_10\qd_006_mask.png,pass,0.11420405,13,1,0.0,0,131.3767,0.0,6036,9168,6055,4139,1916,5972,83,0.685719,0.683567,0.651396,0.986292,0.013708,2,2,90.0,0.22637901
qd_006,QuickDraw,bird,public_benchmark_v1_ext33_m2_57_topology_open_d0_c24_i075_min60,results\public_benchmark_v1_ext33_m2_57_topology_open_d0_c24_i075_min60\qd_006\prediction.dst,datasets\public_benchmark_v1_ext33\quickdraw_10\qd_006_mask.png,pass,0.10576546,12,1,0.0,0,117.6705,0.0,6036,9168,5092,3412,1680,5023,69,0.565275,0.670071,0.547884,0.986449,0.013551,2,2,90.0,0.23599738
qd_006,QuickDraw,bird,public_benchmark_v1_ext33_m2_57_topology_open_d0_c30_i070_min100,results\public_benchmark_v1_ext33_m2_57_topology_open_d0_c30_i070_min100\qd_006\prediction.dst,datasets\public_benchmark_v1_ext33\quickdraw_10\qd_006_mask.png,excellent,0.0472934,5,1,0.0,0,40.4186,0.0,6036,9168,3443,2337,1106,3389,54,0.387177,0.678769,0.369655,0.984316,0.015684,2,2,90.0,0.18516064
qd_006,QuickDraw,bird,public_benchmark_v1_ext33_m2_57_topology_open_d0_c30_i070_min80,results\public_benchmark_v1_ext33_m2_57_topology_open_d0_c30_i070_min80\qd_006\prediction.dst,datasets\public_benchmark_v1_ext33\quickdraw_10\qd_006_mask.png,excellent,0.0472934,5,1,0.0,0,40.4186,0.0,6036,9168,3443,2337,1106,3389,54,0.387177,0.678769,0.369655,0.984316,0.015684,2,2,90.0,0.18516064
qd_006,QuickDraw,bird,public_benchmark_v1_ext33_m2_57_topology_open_d1_c16_i085_min20,results\public_benchmark_v1_ext33_m2_57_topology_open_d1_c16_i085_min20\qd_006\prediction.dst,datasets\public_benchmark_v1_ext33\quickdraw_10\qd_006_mask.png,warning,0.35363931,14,1,7.4534,2,148.3898,4.928,6036,9168,7131,4790,2341,6953,178,0.793572,0.671715,0.758399,0.975039,0.024961,2,2,90.0,0.68287967
qd_006,QuickDraw,bird,public_benchmark_v1_ext33_m2_57_topology_open_d1_c20_i080_min20,results\public_benchmark_v1_ext33_m2_57_topology_open_d1_c20_i080_min20\qd_006\prediction.dst,datasets\public_benchmark_v1_ext33\quickdraw_10\qd_006_mask.png,hard_fail,0.37186562,10,1,15.5565,4,110.1193,11.1709,6036,9168,7498,5012,2486,7238,260,0.830351,0.668445,0.789485,0.965324,0.034676,2,2,90.0,0.91946434
qd_006,QuickDraw,bird,public_benchmark_v1_ext33_m2_57_topology_open_d1_c24_i070_min60,results\public_benchmark_v1_ext33_m2_57_topology_open_d1_c24_i070_min60\qd_006\prediction.dst,datasets\public_benchmark_v1_ext33\quickdraw_10\qd_006_mask.png,hard_fail,0.33498863,10,1,8.1031,2,99.0469,6.2429,6036,9168,5167,3414,1753,5034,133,0.565606,0.660732,0.549084,0.97426,0.02574,2,2,90.0,0.69808107
qd_006,QuickDraw,bird,public_benchmark_v1_ext33_m2_57_topology_open_d1_c24_i075_min40,results\public_benchmark_v1_ext33_m2_57_topology_open_d1_c24_i075_min40\qd_006\prediction.dst,datasets\public_benchmark_v1_ext33\quickdraw_10\qd_006_mask.png,hard_fail,0.36705585,10,1,13.3003,3,102.3391,8.8905,6036,9168,6233,4149,2084,6031,202,0.687376,0.665651,0.657832,0.967592,0.032408,2,2,90.0,0.83932893
qd_006,QuickDraw,bird,public_benchmark_v1_ext33_m2_57_topology_open_d1_c30_i065_min80,results\public_benchmark_v1_ext33_m2_57_topology_open_d1_c30_i065_min80\qd_006\prediction.dst,datasets\public_benchmark_v1_ext33\quickdraw_10\qd_006_mask.png,excellent,0.0472934,5,1,0.0,0,40.4186,0.0,6036,9168,3443,2337,1106,3389,54,0.387177,0.678769,0.369655,0.984316,0.015684,2,2,90.0,0.18516064
qd_006,QuickDraw,bird,public_benchmark_v1_ext33_m2_57_topology_open_d2_c20_i075_min20,results\public_benchmark_v1_ext33_m2_57_topology_open_d2_c20_i075_min20\qd_006\prediction.dst,datasets\public_benchmark_v1_ext33\quickdraw_10\qd_006_mask.png,hard_fail,0.37186562,10,1,15.5565,4,110.1193,11.1709,6036,9168,7498,5012,2486,7238,260,0.830351,0.668445,0.789485,0.965324,0.034676,2,2,90.0,0.91946434
qd_006,QuickDraw,bird,public_benchmark_v1_ext33_m2_57_topology_relative_rescue,results\public_benchmark_v1_ext33_m2_57_topology_relative_rescue\qd_006\prediction.dst,datasets\public_benchmark_v1_ext33\quickdraw_10\qd_006_mask.png,excellent,0.08105764,9,1,0.0,0,95.5513,0.0,6036,9168,8226,5724,2502,7601,625,0.94831,0.695842,0.829079,0.924021,0.075979,2,2,90.0,0.13490336
qd_006,QuickDraw,bird,public_benchmark_v1_ext33_m2_57_topology_selector_probe_min100,results\public_benchmark_v1_ext33_m2_57_topology_selector_probe_min100\qd_006\prediction.dst,datasets\public_benchmark_v1_ext33\quickdraw_10\qd_006_mask.png,excellent,0.08105764,9,1,0.0,0,95.5513,0.0,6036,9168,8226,5724,2502,7601,625,0.94831,0.695842,0.829079,0.924021,0.075979,2,2,90.0,0.13490336
qd_006,QuickDraw,bird,public_benchmark_v1_ext33_m2_57_topology_selector_probe_min100_j14,results\public_benchmark_v1_ext33_m2_57_topology_selector_probe_min100_j14\qd_006\prediction.dst,datasets\public_benchmark_v1_ext33\quickdraw_10\qd_006_mask.png,excellent,0.08105764,9,1,0.0,0,95.5513,0.0,6036,9168,8226,5724,2502,7601,625,0.94831,0.695842,0.829079,0.924021,0.075979,2,2,90.0,0.13490336
qd_006,QuickDraw,bird,public_benchmark_v1_ext33_m2_58_coverage_aware_relative_rescue,results\public_benchmark_v1_ext33_m2_58_coverage_aware_relative_rescue\qd_006\prediction.dst,datasets\public_benchmark_v1_ext33\quickdraw_10\qd_006_mask.png,excellent,0.08105764,9,1,0.0,0,95.5513,0.0,6036,9168,8226,5724,2502,7601,625,0.94831,0.695842,0.829079,0.924021,0.075979,2,2,90.0,0.13490336
qd_006,QuickDraw,bird,public_benchmark_v1_ext33_m2_59_anchored_quality_rescue_selector,results\public_benchmark_v1_ext33_m2_59_anchored_quality_rescue_selector\qd_006\prediction.dst,datasets\public_benchmark_v1_ext33\quickdraw_10\qd_006_mask.png,excellent,0.08105764,9,1,0.0,0,95.5513,0.0,6036,9168,8226,5724,2502,7601,625,0.94831,0.695842,0.829079,0.924021,0.075979,2,2,90.0,0.13490336
qd_006,QuickDraw,bird,public_benchmark_v1_ext33_m2_59_grouped_topology_g_d0_c16_i085_s4_min12_p80,results\public_benchmark_v1_ext33_m2_59_grouped_topology_g_d0_c16_i085_s4_min12_p80\qd_006\prediction.dst,datasets\public_benchmark_v1_ext33\quickdraw_10\qd_006_mask.png,pass,0.13679151,15,2,0.0,0,149.7347,0.0,6036,9168,7751,5378,2373,7632,119,0.890987,0.693846,0.832461,0.984647,0.015353,2,2,90.0,0.22081723
qd_006,QuickDraw,bird,public_benchmark_v1_ext33_m2_59_grouped_topology_g_d0_c16_i090_s3_min20_p80,results\public_benchmark_v1_ext33_m2_59_grouped_topology_g_d0_c16_i090_s3_min20_p80\qd_006\prediction.dst,datasets\public_benchmark_v1_ext33\quickdraw_10\qd_006_mask.png,pass,0.13701657,15,2,0.0,0,156.7679,0.0,6036,9168,6994,4766,2228,6888,106,0.789596,0.681441,0.751309,0.984844,0.015156,2,2,90.0,0.23889181
qd_006,QuickDraw,bird,public_benchmark_v1_ext33_m2_59_grouped_topology_g_d0_c18_i092_s4_min12_p100,results\public_benchmark_v1_ext33_m2_59_grouped_topology_g_d0_c18_i092_s4_min12_p100\qd_006\prediction.dst,datasets\public_benchmark_v1_ext33\quickdraw_10\qd_006_mask.png,pass,0.13679151,15,2,0.0,0,149.7347,0.0,6036,9168,7751,5378,2373,7632,119,0.890987,0.693846,0.832461,0.984647,0.015353,2,2,90.0,0.22081723
qd_006,QuickDraw,bird,public_benchmark_v1_ext33_m2_59_grouped_topology_g_d0_c18_i095_s3_min12_p120,results\public_benchmark_v1_ext33_m2_59_grouped_topology_g_d0_c18_i095_s3_min12_p120\qd_006\prediction.dst,datasets\public_benchmark_v1_ext33\quickdraw_10\qd_006_mask.png,pass,0.13679151,15,2,0.0,0,149.7347,0.0,6036,9168,7751,5378,2373,7632,119,0.890987,0.693846,0.832461,0.984647,0.015353,2,2,90.0,0.22081723
qd_006,QuickDraw,bird,public_benchmark_v1_ext33_m2_59_grouped_topology_g_d0_c20_i080_s5_min12_p80,results\public_benchmark_v1_ext33_m2_59_grouped_topology_g_d0_c20_i080_s5_min12_p80\qd_006\prediction.dst,datasets\public_benchmark_v1_ext33\quickdraw_10\qd_006_mask.png,pass,0.12001784,13,2,0.0,0,125.5576,0.0,6036,9168,7885,5438,2447,7742,143,0.900928,0.689664,0.844459,0.981864,0.018136,2,2,90.0,0.19380852
qd_006,QuickDraw,bird,public_benchmark_v1_ext33_m2_59_grouped_topology_g_d0_c20_i090_s4_min12_p100,results\public_benchmark_v1_ext33_m2_59_grouped_topology_g_d0_c20_i090_s4_min12_p100\qd_006\prediction.dst,datasets\public_benchmark_v1_ext33\quickdraw_10\qd_006_mask.png,pass,0.12001784,13,2,0.0,0,125.5576,0.0,6036,9168,7885,5438,2447,7742,143,0.900928,0.689664,0.844459,0.981864,0.018136,2,2,90.0,0.19380852
qd_006,QuickDraw,bird,public_benchmark_v1_ext33_m2_59_grouped_topology_g_d0_c20_i095_s4_min12_p100,results\public_benchmark_v1_ext33_m2_59_grouped_topology_g_d0_c20_i095_s4_min12_p100\qd_006\prediction.dst,datasets\public_benchmark_v1_ext33\quickdraw_10\qd_006_mask.png,pass,0.12001784,13,2,0.0,0,125.5576,0.0,6036,9168,7885,5438,2447,7742,143,0.900928,0.689664,0.844459,0.981864,0.018136,2,2,90.0,0.19380852
qd_006,QuickDraw,bird,public_benchmark_v1_ext33_m2_59_grouped_topology_g_d0_c24_i075_s6_min20_p80,results\public_benchmark_v1_ext33_m2_59_grouped_topology_g_d0_c24_i075_s6_min20_p80\qd_006\prediction.dst,datasets\public_benchmark_v1_ext33\quickdraw_10\qd_006_mask.png,pass,0.1659913,11,2,2.7832,0,105.2906,0.0,6036,9168,7327,4986,2341,7159,168,0.826044,0.680497,0.780868,0.977071,0.022929,2,2,90.0,0.27323562
qd_006,QuickDraw,bird,public_benchmark_v1_ext33_m2_59_grouped_topology_g_d0_c30_i070_s8_min30_p100,results\public_benchmark_v1_ext33_m2_59_grouped_topology_g_d0_c30_i070_s8_min30_p100\qd_006\prediction.dst,datasets\public_benchmark_v1_ext33\quickdraw_10\qd_006_mask.png,hard_fail,0.28547925,8,1,9.7749,1,76.7683,3.178,6036,9168,6498,4320,2178,6262,236,0.715706,0.66482,0.683028,0.963681,0.036319,2,2,90.0,0.54920841
qd_006,QuickDraw,bird,public_benchmark_v1_ext33_m2_59_grouped_topology_g_d1_c20_i075_s5_min12_p80,results\public_benchmark_v1_ext33_m2_59_grouped_topology_g_d1_c20_i075_s5_min12_p80\qd_006\prediction.dst,datasets\public_benchmark_v1_ext33\quickdraw_10\qd_006_mask.png,pass,0.17866104,11,2,3.3328,0,114.7825,0.0,6036,9168,7859,5401,2458,7683,176,0.894798,0.687238,0.838024,0.977605,0.022395,2,2,90.0,0.27904232
qd_006,QuickDraw,bird,public_benchmark_v1_ext33_m2_59_quality_rescue_selector,results\public_benchmark_v1_ext33_m2_59_quality_rescue_selector\qd_006\prediction.dst,datasets\public_benchmark_v1_ext33\quickdraw_10\qd_006_mask.png,excellent,0.08105764,9,1,0.0,0,95.5513,0.0,6036,9168,8226,5724,2502,7601,625,0.94831,0.695842,0.829079,0.924021,0.075979,2,2,90.0,0.13490336
qd_006,QuickDraw,bird,public_benchmark_v1_ext33_m2_5_learned_selector_applied,results\public_benchmark_v1_ext33_m2_5_learned_selector_applied\qd_006\prediction.dst,datasets\public_benchmark_v1_ext33\quickdraw_10\qd_006_mask.png,excellent,0.08969386,10,1,0.0,0,115.4331,0.0,6036,9168,7943,5419,2524,7704,239,0.89778,0.682236,0.840314,0.969911,0.030089,2,2,90.0,0.15023378
qd_006,QuickDraw,bird,public_benchmark_v1_ext33_m2_60_maskpath_combo_rescue_selector,results\public_benchmark_v1_ext33_m2_60_maskpath_combo_rescue_selector\qd_006\prediction.dst,datasets\public_benchmark_v1_ext33\quickdraw_10\qd_006_mask.png,excellent,0.06429324,7,1,0.0,0,71.6638,0.0,6036,9168,8162,5489,2673,7865,297,0.909377,0.672507,0.857875,0.963612,0.036388,2,2,90.0,0.10979808
qd_006,QuickDraw,bird,public_benchmark_v1_ext33_m2_60_maskpath_mp_d0_r0_c20_i095_route24_f20_min12,results\public_benchmark_v1_ext33_m2_60_maskpath_mp_d0_r0_c20_i095_route24_f20_min12\qd_006\prediction.dst,datasets\public_benchmark_v1_ext33\quickdraw_10\qd_006_mask.png,excellent,0.09515541,10,2,0.0,0,98.6067,0.0,6036,9168,8026,5453,2573,7805,221,0.903413,0.679417,0.851331,0.972464,0.027536,2,2,90.0,0.15592265
qd_006,QuickDraw,bird,public_benchmark_v1_ext33_m2_60_maskpath_mp_d0_r0_c20_i095_route32_f26_min12,results\public_benchmark_v1_ext33_m2_60_maskpath_mp_d0_r0_c20_i095_route32_f26_min12\qd_006\prediction.dst,datasets\public_benchmark_v1_ext33\quickdraw_10\qd_006_mask.png,excellent,0.06429324,7,1,0.0,0,71.6638,0.0,6036,9168,8162,5489,2673,7865,297,0.909377,0.672507,0.857875,0.963612,0.036388,2,2,90.0,0.10979808
qd_006,QuickDraw,bird,public_benchmark_v1_ext33_m2_60_maskpath_mp_d0_r0_c20_i095_route32_f26_min20,results\public_benchmark_v1_ext33_m2_60_maskpath_mp_d0_r0_c20_i095_route32_f26_min20\qd_006\prediction.dst,datasets\public_benchmark_v1_ext33\quickdraw_10\qd_006_mask.png,excellent,0.05604767,6,1,0.0,0,63.9897,0.0,6036,9168,7710,5082,2628,7345,365,0.841948,0.659144,0.801156,0.952659,0.047341,2,2,90.0,0.10975311
qd_006,QuickDraw,bird,public_benchmark_v1_ext33_m2_60_maskpath_mp_d0_r0_c24_i090_route36_f30_min12,results\public_benchmark_v1_ext33_m2_60_maskpath_mp_d0_r0_c24_i090_route36_f30_min12\qd_006\prediction.dst,datasets\public_benchmark_v1_ext33\quickdraw_10\qd_006_mask.png,excellent,0.06429324,7,1,0.0,0,71.6638,0.0,6036,9168,8162,5489,2673,7865,297,0.909377,0.672507,0.857875,0.963612,0.036388,2,2,90.0,0.10979808
qd_006,QuickDraw,bird,public_benchmark_v1_ext33_m2_60_maskpath_mp_d0_r1_c20_i095_route32_f26_min12,results\public_benchmark_v1_ext33_m2_60_maskpath_mp_d0_r1_c20_i095_route32_f26_min12\qd_006\prediction.dst,datasets\public_benchmark_v1_ext33\quickdraw_10\qd_006_mask.png,hard_fail,0.24429324,7,1,9.9885,0,71.6638,0.0,6036,9168,8180,5486,2694,7857,323,0.90888,0.67066,0.857003,0.960513,0.039487,2,2,90.0,0.38982748
qd_006,QuickDraw,bird,public_benchmark_v1_ext33_m2_60_maskpath_mp_d0_r1_c24_i090_route36_f30_min12,results\public_benchmark_v1_ext33_m2_60_maskpath_mp_d0_r1_c24_i090_route36_f30_min12\qd_006\prediction.dst,datasets\public_benchmark_v1_ext33\quickdraw_10\qd_006_mask.png,hard_fail,0.24429324,7,1,9.9885,0,71.6638,0.0,6036,9168,8180,5486,2694,7857,323,0.90888,0.67066,0.857003,0.960513,0.039487,2,2,90.0,0.38982748
qd_006,QuickDraw,bird,public_benchmark_v1_ext33_m2_60_maskpath_rescue_selector,results\public_benchmark_v1_ext33_m2_60_maskpath_rescue_selector\qd_006\prediction.dst,datasets\public_benchmark_v1_ext33\quickdraw_10\qd_006_mask.png,excellent,0.06429324,7,1,0.0,0,71.6638,0.0,6036,9168,8162,5489,2673,7865,297,0.909377,0.672507,0.857875,0.963612,0.036388,2,2,90.0,0.10979808
qd_006,QuickDraw,bird,public_benchmark_v1_ext33_m2_61_segment_graph_sg_d0_l035_c20_i095_r32_f26_min12,results\public_benchmark_v1_ext33_m2_61_segment_graph_sg_d0_l035_c20_i095_r32_f26_min12\qd_006\prediction.dst,datasets\public_benchmark_v1_ext33\quickdraw_10\qd_006_mask.png,pass,0.12102958,13,2,0.0,0,157.1743,0.0,6036,9168,8086,5484,2602,7779,307,0.908549,0.678209,0.848495,0.962033,0.037967,2,2,90.0,0.19372626
qd_006,QuickDraw,bird,public_benchmark_v1_ext33_m2_61_segment_graph_sg_d0_l050_c24_i090_r36_f30_min12,results\public_benchmark_v1_ext33_m2_61_segment_graph_sg_d0_l050_c24_i090_r36_f30_min12\qd_006\prediction.dst,datasets\public_benchmark_v1_ext33\quickdraw_10\qd_006_mask.png,pass,0.12096064,13,2,0.0,0,155.0199,0.0,6036,9168,8412,5615,2797,8012,400,0.930252,0.667499,0.873909,0.952449,0.047551,2,2,90.0,0.1888714
qd_006,QuickDraw,bird,public_benchmark_v1_ext33_m2_61_segment_graph_sg_d0_l070_c20_i095_r32_f26_min12,results\public_benchmark_v1_ext33_m2_61_segment_graph_sg_d0_l070_c20_i095_r32_f26_min12\qd_006\prediction.dst,datasets\public_benchmark_v1_ext33\quickdraw_10\qd_006_mask.png,pass,0.12917278,14,2,0.0,0,161.6493,0.0,6036,9168,8519,5610,2909,8021,498,0.929423,0.658528,0.874891,0.941542,0.058458,2,2,90.0,0.20103202
qd_006,QuickDraw,bird,public_benchmark_v1_ext33_m2_61_segment_graph_sg_d1_l050_c20_i095_r32_f26_min12,results\public_benchmark_v1_ext33_m2_61_segment_graph_sg_d1_l050_c20_i095_r32_f26_min12\qd_006\prediction.dst,datasets\public_benchmark_v1_ext33\quickdraw_10\qd_006_mask.png,hard_fail,0.30096064,13,2,33.401,0,155.0199,0.0,6036,9168,8562,5616,2946,8035,527,0.930417,0.655922,0.876418,0.938449,0.061551,2,2,90.0,0.70256712
qd_006,QuickDraw,bird,public_benchmark_v1_ext33_m2_61_segment_graph_sg_euler_d0_l000_c20_i095_r32_f26_min12,results\public_benchmark_v1_ext33_m2_61_segment_graph_sg_euler_d0_l000_c20_i095_r32_f26_min12\qd_006\prediction.dst,datasets\public_benchmark_v1_ext33\quickdraw_10\qd_006_mask.png,excellent,0.08093711,9,1,0.0,0,91.7848,0.0,6036,9168,8033,5408,2625,7729,304,0.895958,0.673223,0.843041,0.962156,0.037844,2,2,90.0,0.13729555
qd_006,QuickDraw,bird,public_benchmark_v1_ext33_m2_61_segment_graph_sg_euler_d0_l020_c24_i090_r36_f30_min12,results\public_benchmark_v1_ext33_m2_61_segment_graph_sg_euler_d0_l020_c24_i090_r36_f30_min12\qd_006\prediction.dst,datasets\public_benchmark_v1_ext33\quickdraw_10\qd_006_mask.png,pass,0.12096064,13,2,0.0,0,155.0199,0.0,6036,9168,8468,5629,2839,8031,437,0.932571,0.664738,0.875982,0.948394,0.051606,2,2,90.0,0.18843712
qd_006,QuickDraw,bird,public_benchmark_v1_ext33_m2_61_segment_graph_sg_euler_d0_l035_c20_i095_r32_f26_min12,results\public_benchmark_v1_ext33_m2_61_segment_graph_sg_euler_d0_l035_c20_i095_r32_f26_min12\qd_006\prediction.dst,datasets\public_benchmark_v1_ext33\quickdraw_10\qd_006_mask.png,pass,0.12102958,13,2,0.0,0,157.1743,0.0,6036,9168,8086,5484,2602,7779,307,0.908549,0.678209,0.848495,0.962033,0.037967,2,2,90.0,0.19372626
qd_006,QuickDraw,bird,public_benchmark_v1_ext33_m2_64_text_precision_rescue_selector,results\public_benchmark_v1_ext33_m2_64_text_precision_rescue_selector\qd_006\prediction.dst,datasets\public_benchmark_v1_ext33\quickdraw_10\qd_006_mask.png,excellent,0.06429324,7,1,0.0,0,71.6638,0.0,6036,9168,8162,5489,2673,7865,297,0.909377,0.672507,0.857875,0.963612,0.036388,2,2,90.0,0.10979808
qd_006,QuickDraw,bird,public_benchmark_v1_ext33_m2_65_text_legibility_rescue_selector,results\public_benchmark_v1_ext33_m2_65_text_legibility_rescue_selector\qd_006\prediction.dst,datasets\public_benchmark_v1_ext33\quickdraw_10\qd_006_mask.png,excellent,0.06429324,7,1,0.0,0,71.6638,0.0,6036,9168,8162,5489,2673,7865,297,0.909377,0.672507,0.857875,0.963612,0.036388,2,2,90.0,0.10979808
qd_006,QuickDraw,bird,public_benchmark_v1_ext33_m2_66_profile_switcher,results\public_benchmark_v1_ext33_m2_66_profile_switcher\qd_006\prediction.dst,datasets\public_benchmark_v1_ext33\quickdraw_10\qd_006_mask.png,excellent,0.06429324,7,1,0.0,0,71.6638,0.0,6036,9168,8162,5489,2673,7865,297,0.909377,0.672507,0.857875,0.963612,0.036388,2,2,90.0,0.10979808
qd_006,QuickDraw,bird,public_benchmark_v1_ext33_m2_67_line_art_profile,results\public_benchmark_v1_ext33_m2_67_line_art_profile\qd_006\prediction.dst,datasets\public_benchmark_v1_ext33\quickdraw_10\qd_006_mask.png,excellent,0.06429324,7,1,0.0,0,71.6638,0.0,6036,9168,8162,5489,2673,7865,297,0.909377,0.672507,0.857875,0.963612,0.036388,2,2,90.0,0.10979808
qd_006,QuickDraw,bird,public_benchmark_v1_ext33_m2_68_shape_aware_profile,results\public_benchmark_v1_ext33_m2_68_shape_aware_profile\qd_006\prediction.dst,datasets\public_benchmark_v1_ext33\quickdraw_10\qd_006_mask.png,excellent,0.06429324,7,1,0.0,0,71.6638,0.0,6036,9168,8162,5489,2673,7865,297,0.909377,0.672507,0.857875,0.963612,0.036388,2,2,90.0,0.10979808
qd_006,QuickDraw,bird,public_benchmark_v1_ext33_m2_69_text_wku_profile,results\public_benchmark_v1_ext33_m2_69_text_wku_profile\qd_006\prediction.dst,datasets\public_benchmark_v1_ext33\quickdraw_10\qd_006_mask.png,excellent,0.06429324,7,1,0.0,0,71.6638,0.0,6036,9168,8162,5489,2673,7865,297,0.909377,0.672507,0.857875,0.963612,0.036388,2,2,90.0,0.10979808
qd_006,QuickDraw,bird,public_benchmark_v1_ext33_mask_fill_edgewalk_dtsatin_o3_i8_s14_p90,results\public_benchmark_v1_ext33_mask_fill_edgewalk_dtsatin_o3_i8_s14_p90\qd_006\prediction.dst,datasets\public_benchmark_v1_ext33\quickdraw_10\qd_006_mask.png,hard_fail,0.30220596,35,7,2.1404,0,376.4674,0.0,6036,9168,14504,6034,8470,9037,5467,0.999669,0.416023,0.985711,0.623069,0.376931,2,2,90.0,0.52191892
qd_006,QuickDraw,bird,public_benchmark_v1_ext33_mask_fill_edgewalk_dtsatin_o3_i9_s7,results\public_benchmark_v1_ext33_mask_fill_edgewalk_dtsatin_o3_i9_s7\qd_006\prediction.dst,datasets\public_benchmark_v1_ext33\quickdraw_10\qd_006_mask.png,hard_fail,0.30220596,35,7,2.1404,0,376.4674,0.0,6036,9168,14504,6034,8470,9037,5467,0.999669,0.416023,0.985711,0.623069,0.376931,2,2,90.0,0.52191892
qd_006,QuickDraw,bird,public_benchmark_v1_ext33_mask_fill_edgewalk_nearest_rows16_p40,results\public_benchmark_v1_ext33_mask_fill_edgewalk_nearest_rows16_p40\qd_006\prediction.dst,datasets\public_benchmark_v1_ext33\quickdraw_10\qd_006_mask.png,hard_fail,0.30220596,35,7,2.1404,0,376.4674,0.0,6036,9168,14504,6034,8470,9037,5467,0.999669,0.416023,0.985711,0.623069,0.376931,2,2,90.0,0.52191892
qd_006,QuickDraw,bird,public_benchmark_v1_ext33_mask_fill_edgewalk_nearestrow_adapt_t2_m5_rows16_p40,results\public_benchmark_v1_ext33_mask_fill_edgewalk_nearestrow_adapt_t2_m5_rows16_p40\qd_006\prediction.dst,datasets\public_benchmark_v1_ext33\quickdraw_10\qd_006_mask.png,excellent,0.08105764,9,1,0.0,0,95.5513,0.0,6036,9168,8226,5724,2502,7601,625,0.94831,0.695842,0.829079,0.924021,0.075979,2,2,90.0,0.13490336
qd_006,QuickDraw,bird,public_benchmark_v1_ext33_mask_fill_edgewalk_nearestrow_adapt_t3_m6_rows16_p40,results\public_benchmark_v1_ext33_mask_fill_edgewalk_nearestrow_adapt_t3_m6_rows16_p40\qd_006\prediction.dst,datasets\public_benchmark_v1_ext33\quickdraw_10\qd_006_mask.png,excellent,0.0810433,9,1,0.0,0,95.1031,0.0,6036,9168,8351,5731,2620,7691,660,0.94947,0.686265,0.838896,0.920968,0.079032,2,2,90.0,0.13361818
qd_006,QuickDraw,bird,public_benchmark_v1_ext33_mask_fill_edgewalk_nearestrow_adapt_t4_m8_rows16_p40,results\public_benchmark_v1_ext33_mask_fill_edgewalk_nearestrow_adapt_t4_m8_rows16_p40\qd_006\prediction.dst,datasets\public_benchmark_v1_ext33\quickdraw_10\qd_006_mask.png,excellent,0.0810433,9,1,0.0,0,95.1031,0.0,6036,9168,8351,5731,2620,7691,660,0.94947,0.686265,0.838896,0.920968,0.079032,2,2,90.0,0.13361818
qd_006,QuickDraw,bird,public_benchmark_v1_ext33_mask_fill_edgewalk_nearestrow_evalfill_rows16_p40,results\public_benchmark_v1_ext33_mask_fill_edgewalk_nearestrow_evalfill_rows16_p40\qd_006\prediction.dst,datasets\public_benchmark_v1_ext33\quickdraw_10\qd_006_mask.png,warning,0.17865062,9,2,4.0713,0,95.1991,0.0,6036,9168,20329,6036,14293,9168,11161,1.0,0.296916,1.0,0.450981,0.549019,2,2,90.0,0.33120666
qd_006,QuickDraw,bird,public_benchmark_v1_ext33_mask_fill_edgewalk_nearestrow_inset1_rows16_p40,results\public_benchmark_v1_ext33_mask_fill_edgewalk_nearestrow_inset1_rows16_p40\qd_006\prediction.dst,datasets\public_benchmark_v1_ext33\quickdraw_10\qd_006_mask.png,excellent,0.08104619,9,1,0.0,0,95.1933,0.0,6036,9168,9258,5964,3294,8471,787,0.988072,0.6442,0.923975,0.914992,0.085008,2,2,90.0,0.12096919
qd_006,QuickDraw,bird,public_benchmark_v1_ext33_mask_fill_edgewalk_nearestrow_inset2_rows16_p40,results\public_benchmark_v1_ext33_mask_fill_edgewalk_nearestrow_inset2_rows16_p40\qd_006\prediction.dst,datasets\public_benchmark_v1_ext33\quickdraw_10\qd_006_mask.png,excellent,0.08105764,9,1,0.0,0,95.5513,0.0,6036,9168,8226,5724,2502,7601,625,0.94831,0.695842,0.829079,0.924021,0.075979,2,2,90.0,0.13490336
qd_006,QuickDraw,bird,public_benchmark_v1_ext33_mask_fill_edgewalk_nearestrow_qdirect_rows16_p40,results\public_benchmark_v1_ext33_mask_fill_edgewalk_nearestrow_qdirect_rows16_p40\qd_006\prediction.dst,datasets\public_benchmark_v1_ext33\quickdraw_10\qd_006_mask.png,pass,0.10343541,11,2,0.0,0,107.3565,0.0,6036,9168,11076,6034,5042,8867,2209,0.999669,0.544782,0.967168,0.80056,0.19944,2,2,90.0,0.16734581
qd_006,QuickDraw,bird,public_benchmark_v1_ext33_mask_fill_edgewalk_nearestrow_qpath090_rows16_p40,results\public_benchmark_v1_ext33_mask_fill_edgewalk_nearestrow_qpath090_rows16_p40\qd_006\prediction.dst,datasets\public_benchmark_v1_ext33\quickdraw_10\qd_006_mask.png,pass,0.10343541,11,2,0.0,0,107.3565,0.0,6036,9168,11076,6034,5042,8867,2209,0.999669,0.544782,0.967168,0.80056,0.19944,2,2,90.0,0.16734581
qd_006,QuickDraw,bird,public_benchmark_v1_ext33_mask_fill_edgewalk_nearestrow_qpath095_rows16_p40,results\public_benchmark_v1_ext33_mask_fill_edgewalk_nearestrow_qpath095_rows16_p40\qd_006\prediction.dst,datasets\public_benchmark_v1_ext33\quickdraw_10\qd_006_mask.png,pass,0.10343541,11,2,0.0,0,107.3565,0.0,6036,9168,11076,6034,5042,8867,2209,0.999669,0.544782,0.967168,0.80056,0.19944,2,2,90.0,0.16734581
qd_006,QuickDraw,bird,public_benchmark_v1_ext33_mask_fill_edgewalk_nearestrow_quantvalid_rows16_p40,results\public_benchmark_v1_ext33_mask_fill_edgewalk_nearestrow_quantvalid_rows16_p40\qd_006\prediction.dst,datasets\public_benchmark_v1_ext33\quickdraw_10\qd_006_mask.png,pass,0.10343541,11,2,0.0,0,107.3565,0.0,6036,9168,11076,6034,5042,8867,2209,0.999669,0.544782,0.967168,0.80056,0.19944,2,2,90.0,0.16734581
qd_006,QuickDraw,bird,public_benchmark_v1_ext33_mask_fill_edgewalk_nearestrow_rows16_p40,results\public_benchmark_v1_ext33_mask_fill_edgewalk_nearestrow_rows16_p40\qd_006\prediction.dst,datasets\public_benchmark_v1_ext33\quickdraw_10\qd_006_mask.png,pass,0.10343541,11,2,0.0,0,107.3565,0.0,6036,9168,11076,6034,5042,8867,2209,0.999669,0.544782,0.967168,0.80056,0.19944,2,2,90.0,0.16734581
qd_006,QuickDraw,bird,public_benchmark_v1_ext33_mask_fill_edgewalk_nearestrow_safeadt_rows16_p40,results\public_benchmark_v1_ext33_mask_fill_edgewalk_nearestrow_safeadt_rows16_p40\qd_006\prediction.dst,datasets\public_benchmark_v1_ext33\quickdraw_10\qd_006_mask.png,excellent,0.08105632,9,1,0.0,0,95.51,0.0,6036,9168,18065,6036,12029,9168,8897,1.0,0.334127,1.0,0.507501,0.492499,2,2,90.0,0.18185616
qd_006,QuickDraw,bird,public_benchmark_v1_ext33_mask_fill_edgewalk_nearestrow_safeadt_t2m5_r035_a32_rows16_p40,results\public_benchmark_v1_ext33_mask_fill_edgewalk_nearestrow_safeadt_t2m5_r035_a32_rows16_p40\qd_006\prediction.dst,datasets\public_benchmark_v1_ext33\quickdraw_10\qd_006_mask.png,excellent,0.08105632,9,1,0.0,0,95.51,0.0,6036,9168,18065,6036,12029,9168,8897,1.0,0.334127,1.0,0.507501,0.492499,2,2,90.0,0.18185616
qd_006,QuickDraw,bird,public_benchmark_v1_ext33_mask_fill_edgewalk_nearestrow_safeadt_t2m5_r055_a64_rows16_p40,results\public_benchmark_v1_ext33_mask_fill_edgewalk_nearestrow_safeadt_t2m5_r055_a64_rows16_p40\qd_006\prediction.dst,datasets\public_benchmark_v1_ext33\quickdraw_10\qd_006_mask.png,excellent,0.08105632,9,1,0.0,0,95.51,0.0,6036,9168,18065,6036,12029,9168,8897,1.0,0.334127,1.0,0.507501,0.492499,2,2,90.0,0.18185616
qd_006,QuickDraw,bird,public_benchmark_v1_ext33_mask_fill_edgewalk_nearestrow_segvalid_rows16_p40,results\public_benchmark_v1_ext33_mask_fill_edgewalk_nearestrow_segvalid_rows16_p40\qd_006\prediction.dst,datasets\public_benchmark_v1_ext33\quickdraw_10\qd_006_mask.png,pass,0.10343541,11,2,0.0,0,107.3565,0.0,6036,9168,11076,6034,5042,8867,2209,0.999669,0.544782,0.967168,0.80056,0.19944,2,2,90.0,0.16734581
qd_006,QuickDraw,bird,public_benchmark_v1_ext33_mask_fill_edgewalk_nearestrow_strict_p20_rows16,results\public_benchmark_v1_ext33_mask_fill_edgewalk_nearestrow_strict_p20_rows16\qd_006\prediction.dst,datasets\public_benchmark_v1_ext33\quickdraw_10\qd_006_mask.png,pass,0.13667476,15,2,0.0,0,146.0861,0.0,6036,9168,10501,6034,4467,8855,1646,0.999669,0.574612,0.96586,0.843253,0.156747,2,2,90.0,0.20975428
qd_006,QuickDraw,bird,public_benchmark_v1_ext33_mask_fill_edgewalk_nearestrow_strict_p40_rows16,results\public_benchmark_v1_ext33_mask_fill_edgewalk_nearestrow_strict_p40_rows16\qd_006\prediction.dst,datasets\public_benchmark_v1_ext33\quickdraw_10\qd_006_mask.png,pass,0.10343541,11,2,0.0,0,107.3565,0.0,6036,9168,11076,6034,5042,8867,2209,0.999669,0.544782,0.967168,0.80056,0.19944,2,2,90.0,0.16734581
qd_006,QuickDraw,bird,public_benchmark_v1_ext33_mask_fill_edgewalk_outline_ext_in2_rows16_p40,results\public_benchmark_v1_ext33_mask_fill_edgewalk_outline_ext_in2_rows16_p40\qd_006\prediction.dst,datasets\public_benchmark_v1_ext33\quickdraw_10\qd_006_mask.png,hard_fail,0.30222673,36,7,2.1404,0,377.1167,0.0,6036,9168,14777,6036,8741,9142,5635,1.0,0.408473,0.997164,0.618664,0.381336,2,2,90.0,0.52664449
qd_006,QuickDraw,bird,public_benchmark_v1_ext33_mask_fill_edgewalk_outline_ext_in3_rows16_p40,results\public_benchmark_v1_ext33_mask_fill_edgewalk_outline_ext_in3_rows16_p40\qd_006\prediction.dst,datasets\public_benchmark_v1_ext33\quickdraw_10\qd_006_mask.png,hard_fail,0.30130145,34,7,2.1404,0,348.2017,0.0,6036,9168,14570,6034,8536,9037,5533,0.999669,0.414139,0.985711,0.620247,0.379753,2,2,90.0,0.51746593
qd_006,QuickDraw,bird,public_benchmark_v1_ext33_mask_fill_edgewalk_outline_ext_rows16_p40,results\public_benchmark_v1_ext33_mask_fill_edgewalk_outline_ext_rows16_p40\qd_006\prediction.dst,datasets\public_benchmark_v1_ext33\quickdraw_10\qd_006_mask.png,hard_fail,0.30223146,36,7,2.1404,0,377.2645,0.0,6036,9168,15284,6036,9248,9160,6124,1.0,0.394923,0.999127,0.59932,0.40068,2,2,90.0,0.52974426
qd_006,QuickDraw,bird,public_benchmark_v1_ext33_mask_fill_edgewalk_outline_rows16_p40,results\public_benchmark_v1_ext33_mask_fill_edgewalk_outline_rows16_p40\qd_006\prediction.dst,datasets\public_benchmark_v1_ext33\quickdraw_10\qd_006_mask.png,hard_fail,0.31772974,46,9,2.1404,0,486.5855,0.0,6036,9168,15372,6036,9336,9168,6204,1.0,0.392662,1.0,0.596409,0.403591,2,2,90.0,0.5897083
qd_006,QuickDraw,bird,public_benchmark_v1_ext33_mask_fill_edgewalk_rows16_p24,results\public_benchmark_v1_ext33_mask_fill_edgewalk_rows16_p24\qd_006\prediction.dst,datasets\public_benchmark_v1_ext33\quickdraw_10\qd_006_mask.png,hard_fail,0.35339541,104,28,0.0,0,1043.6066,0.0,6036,9168,11828,6034,5794,8875,2953,0.999669,0.510145,0.968041,0.750338,0.249662,2,2,90.0,0.84934133
qd_006,QuickDraw,bird,public_benchmark_v1_ext33_mask_fill_edgewalk_rows16_p40,results\public_benchmark_v1_ext33_mask_fill_edgewalk_rows16_p40\qd_006\prediction.dst,datasets\public_benchmark_v1_ext33\quickdraw_10\qd_006_mask.png,hard_fail,0.30220596,35,7,2.1404,0,376.4674,0.0,6036,9168,14504,6034,8470,9037,5467,0.999669,0.416023,0.985711,0.623069,0.376931,2,2,90.0,0.52191892
qd_006,QuickDraw,bird,public_benchmark_v1_ext33_mask_fill_edgewalk_rows20_p24,results\public_benchmark_v1_ext33_mask_fill_edgewalk_rows20_p24\qd_006\prediction.dst,datasets\public_benchmark_v1_ext33\quickdraw_10\qd_006_mask.png,hard_fail,0.36382749,73,19,1.1554,0,744.7183,0.0,6036,9168,11312,5906,5406,8541,2771,0.978463,0.5221,0.93161,0.755039,0.244961,2,2,90.0,0.72970501
qd_006,QuickDraw,bird,public_benchmark_v1_ext33_mask_fill_edgewalk_satin_w4_s6_i3,results\public_benchmark_v1_ext33_mask_fill_edgewalk_satin_w4_s6_i3\qd_006\prediction.dst,datasets\public_benchmark_v1_ext33\quickdraw_10\qd_006_mask.png,hard_fail,0.30135142,34,7,2.1404,0,349.7632,0.0,6036,9168,14573,6034,8539,9037,5536,0.999669,0.414053,0.985711,0.620119,0.379881,2,2,90.0,0.51753638
qd_006,QuickDraw,bird,public_benchmark_v1_ext33_mask_fill_edgewalk_satin_w6_s5_i3,results\public_benchmark_v1_ext33_mask_fill_edgewalk_satin_w6_s5_i3\qd_006\prediction.dst,datasets\public_benchmark_v1_ext33\quickdraw_10\qd_006_mask.png,hard_fail,0.3013698,34,7,2.1404,0,350.3375,0.0,6036,9168,14576,6034,8542,9037,5539,0.999669,0.413968,0.985711,0.619992,0.380008,2,2,90.0,0.51757508
qd_006,QuickDraw,bird,public_benchmark_v1_ext33_mask_fill_edgewalk_satin_w8_s7_i4,results\public_benchmark_v1_ext33_mask_fill_edgewalk_satin_w8_s7_i4\qd_006\prediction.dst,datasets\public_benchmark_v1_ext33\quickdraw_10\qd_006_mask.png,hard_fail,0.30821081,35,8,2.1404,0,376.619,0.0,6036,9168,14504,6034,8470,9037,5467,0.999669,0.416023,0.985711,0.623069,0.376931,2,2,90.0,0.52992377
qd_006,QuickDraw,bird,public_benchmark_v1_ext33_mask_fill_edgewalk_satinrail_w10_s8_i5,results\public_benchmark_v1_ext33_mask_fill_edgewalk_satinrail_w10_s8_i5\qd_006\prediction.dst,datasets\public_benchmark_v1_ext33\quickdraw_10\qd_006_mask.png,hard_fail,0.30828963,36,8,2.1404,0,379.0823,0.0,6036,9168,14504,6034,8470,9037,5467,0.999669,0.416023,0.985711,0.623069,0.376931,2,2,90.0,0.53400259
qd_006,QuickDraw,bird,public_benchmark_v1_ext33_mask_fill_edgewalk_satinrail_w6_s6_i3,results\public_benchmark_v1_ext33_mask_fill_edgewalk_satinrail_w6_s6_i3\qd_006\prediction.dst,datasets\public_benchmark_v1_ext33\quickdraw_10\qd_006_mask.png,hard_fail,0.31197763,34,7,2.6118,0,350.3791,0.0,6036,9168,14575,6034,8541,9037,5538,0.999669,0.413997,0.985711,0.620034,0.379966,2,2,90.0,0.53289019
qd_006,QuickDraw,bird,public_benchmark_v1_ext33_mask_fill_edgewalk_satinrail_w8_s7_i4,results\public_benchmark_v1_ext33_mask_fill_edgewalk_satinrail_w8_s7_i4\qd_006\prediction.dst,datasets\public_benchmark_v1_ext33\quickdraw_10\qd_006_mask.png,hard_fail,0.30823157,35,8,2.1404,0,377.2677,0.0,6036,9168,14504,6034,8470,9037,5467,0.999669,0.416023,0.985711,0.623069,0.376931,2,2,90.0,0.52994453
qd_006,QuickDraw,bird,public_benchmark_v1_ext33_mask_fill_edgewalk_styleaware_r008_d45,results\public_benchmark_v1_ext33_mask_fill_edgewalk_styleaware_r008_d45\qd_006\prediction.dst,datasets\public_benchmark_v1_ext33\quickdraw_10\qd_006_mask.png,warning,0.25176535,25,5,0.5483,0,294.6438,0.0,6036,9168,11363,5952,5411,8638,2725,0.986083,0.523805,0.94219,0.760187,0.239813,2,2,90.0,0.38961843
qd_006,QuickDraw,bird,public_benchmark_v1_ext33_mask_fill_nearestrow_strict_short_rows16,results\public_benchmark_v1_ext33_mask_fill_nearestrow_strict_short_rows16\qd_006\prediction.dst,datasets\public_benchmark_v1_ext33\quickdraw_10\qd_006_mask.png,warning,0.18592668,21,2,0.0,0,185.2089,0.0,6036,9168,10379,6034,4345,8843,1536,0.999669,0.581366,0.964551,0.852009,0.147991,2,2,90.0,0.28160524
qd_006,QuickDraw,bird,public_benchmark_v1_ext33_mask_fill_rows12_c10,results\public_benchmark_v1_ext33_mask_fill_rows12_c10\qd_006\prediction.dst,datasets\public_benchmark_v1_ext33\quickdraw_10\qd_006_mask.png,hard_fail,0.37947735,194,37,0.0,0,1858.6673,0.0,6036,9168,11250,6036,5214,9160,2090,1.0,0.536533,0.999127,0.814222,0.185778,2,2,90.0,1.24320183
qd_006,QuickDraw,bird,public_benchmark_v1_ext33_mask_fill_rows12_c6,results\public_benchmark_v1_ext33_mask_fill_rows12_c6\qd_006\prediction.dst,datasets\public_benchmark_v1_ext33\quickdraw_10\qd_006_mask.png,hard_fail,0.3812116,201,37,0.0,0,1912.8626,0.0,6036,9168,11132,6036,5096,9160,1972,1.0,0.542221,0.999127,0.822853,0.177147,2,2,90.0,1.27155512
qd_006,QuickDraw,bird,public_benchmark_v1_ext33_mask_fill_rows16_c12_in025,results\public_benchmark_v1_ext33_mask_fill_rows16_c12_in025\qd_006\prediction.dst,datasets\public_benchmark_v1_ext33\quickdraw_10\qd_006_mask.png,hard_fail,0.39075107,126,28,1.425,0,1209.0177,0.0,6036,9168,10874,6034,4840,8863,2011,0.999669,0.554902,0.966732,0.815063,0.184937,2,2,90.0,0.97859099
qd_006,QuickDraw,bird,public_benchmark_v1_ext33_mask_fill_rows16_c12_in050,results\public_benchmark_v1_ext33_mask_fill_rows16_c12_in050\qd_006\prediction.dst,datasets\public_benchmark_v1_ext33\quickdraw_10\qd_006_mask.png,hard_fail,0.39075107,126,28,1.425,0,1209.0177,0.0,6036,9168,10874,6034,4840,8863,2011,0.999669,0.554902,0.966732,0.815063,0.184937,2,2,90.0,0.97859099
qd_006,QuickDraw,bird,public_benchmark_v1_ext33_mask_fill_rows16_c6,results\public_benchmark_v1_ext33_mask_fill_rows16_c6\qd_006\prediction.dst,datasets\public_benchmark_v1_ext33\quickdraw_10\qd_006_mask.png,hard_fail,0.36248057,139,28,0.0,0,1327.5177,0.0,6036,9168,10255,6034,4221,8845,1410,0.999669,0.588396,0.964769,0.862506,0.137494,2,2,90.0,0.98047961
qd_006,QuickDraw,bird,public_benchmark_v1_ext33_mask_fill_rows20_c12_in050,results\public_benchmark_v1_ext33_mask_fill_rows20_c12_in050\qd_006\prediction.dst,datasets\public_benchmark_v1_ext33\quickdraw_10\qd_006_mask.png,hard_fail,0.4434655,95,19,3.0,1,915.5884,3.0,6036,9168,10240,5906,4334,8471,1769,0.978463,0.576758,0.923975,0.827246,0.172754,2,2,90.0,0.9851521
qd_007,QuickDraw,moon,public_benchmark_v1_ext33_all_skeleton_connect20_trimcap20,results\public_benchmark_v1_ext33_all_skeleton_connect20_trimcap20\qd_007\prediction.dst,datasets\public_benchmark_v1_ext33\quickdraw_10\qd_007_mask.png,hard_fail,0.2266731,26,3,0.0,0,271.0345,0.0,8074,12913,12218,8037,4181,11944,274,0.995417,0.6578,0.924959,0.977574,0.022426,2,2,90.0,0.33847802
qd_007,QuickDraw,moon,public_benchmark_v1_ext33_all_skeleton_connect30_min12_trimcap20,results\public_benchmark_v1_ext33_all_skeleton_connect30_min12_trimcap20\qd_007\prediction.dst,datasets\public_benchmark_v1_ext33\quickdraw_10\qd_007_mask.png,warning,0.22604065,25,3,0.0,0,251.2703,0.0,8074,12913,11642,7691,3951,11435,207,0.952564,0.660625,0.885542,0.98222,0.01778,2,2,90.0,0.34077049
qd_007,QuickDraw,moon,public_benchmark_v1_ext33_all_skeleton_connect30_min20_trimcap20,results\public_benchmark_v1_ext33_all_skeleton_connect30_min20_trimcap20\qd_007\prediction.dst,datasets\public_benchmark_v1_ext33\quickdraw_10\qd_007_mask.png,warning,0.18653714,21,2,0.0,0,204.2856,0.0,8074,12913,11234,7427,3807,11068,166,0.919866,0.661118,0.857121,0.985223,0.014777,2,2,90.0,0.28929334
qd_007,QuickDraw,moon,public_benchmark_v1_ext33_all_skeleton_connect30_min8_trimcap20,results\public_benchmark_v1_ext33_all_skeleton_connect30_min8_trimcap20\qd_007\prediction.dst,datasets\public_benchmark_v1_ext33\quickdraw_10\qd_007_mask.png,warning,0.22582468,25,3,0.0,0,244.5212,0.0,8074,12913,11786,7730,4056,11512,274,0.957394,0.655863,0.891505,0.976752,0.023248,2,2,90.0,0.33945256
qd_007,QuickDraw,moon,public_benchmark_v1_ext33_all_skeleton_connect30_trimcap20,results\public_benchmark_v1_ext33_all_skeleton_connect30_trimcap20\qd_007\prediction.dst,datasets\public_benchmark_v1_ext33\quickdraw_10\qd_007_mask.png,hard_fail,0.2266731,26,3,0.0,0,271.0345,0.0,8074,12913,12218,8037,4181,11944,274,0.995417,0.6578,0.924959,0.977574,0.022426,2,2,90.0,0.33847802
qd_007,QuickDraw,moon,public_benchmark_v1_ext33_auto_hybrid_evalrepair_r10_c20_trimcap20,results\public_benchmark_v1_ext33_auto_hybrid_evalrepair_r10_c20_trimcap20\qd_007\prediction.dst,datasets\public_benchmark_v1_ext33\quickdraw_10\qd_007_mask.png,hard_fail,0.2266731,26,3,0.0,0,271.0345,0.0,8074,12913,12218,8037,4181,11944,274,0.995417,0.6578,0.924959,0.977574,0.022426,2,2,90.0,0.33847802
qd_007,QuickDraw,moon,public_benchmark_v1_ext33_auto_hybrid_evalrepair_r10_inside085_c20_trimcap20,results\public_benchmark_v1_ext33_auto_hybrid_evalrepair_r10_inside085_c20_trimcap20\qd_007\prediction.dst,datasets\public_benchmark_v1_ext33\quickdraw_10\qd_007_mask.png,hard_fail,0.2266731,26,3,0.0,0,271.0345,0.0,8074,12913,12218,8037,4181,11944,274,0.995417,0.6578,0.924959,0.977574,0.022426,2,2,90.0,0.33847802
qd_007,QuickDraw,moon,public_benchmark_v1_ext33_auto_hybrid_evalrepair_r10_inside090_c20_trimcap20,results\public_benchmark_v1_ext33_auto_hybrid_evalrepair_r10_inside090_c20_trimcap20\qd_007\prediction.dst,datasets\public_benchmark_v1_ext33\quickdraw_10\qd_007_mask.png,hard_fail,0.2266731,26,3,0.0,0,271.0345,0.0,8074,12913,12218,8037,4181,11944,274,0.995417,0.6578,0.924959,0.977574,0.022426,2,2,90.0,0.33847802
qd_007,QuickDraw,moon,public_benchmark_v1_ext33_auto_hybrid_evalrepair_r15_c20_trimcap20,results\public_benchmark_v1_ext33_auto_hybrid_evalrepair_r15_c20_trimcap20\qd_007\prediction.dst,datasets\public_benchmark_v1_ext33\quickdraw_10\qd_007_mask.png,hard_fail,0.2266731,26,3,0.0,0,271.0345,0.0,8074,12913,12218,8037,4181,11944,274,0.995417,0.6578,0.924959,0.977574,0.022426,2,2,90.0,0.33847802
qd_007,QuickDraw,moon,public_benchmark_v1_ext33_auto_hybrid_evalrepair_r15_inside090_c20_trimcap20,results\public_benchmark_v1_ext33_auto_hybrid_evalrepair_r15_inside090_c20_trimcap20\qd_007\prediction.dst,datasets\public_benchmark_v1_ext33\quickdraw_10\qd_007_mask.png,hard_fail,0.2266731,26,3,0.0,0,271.0345,0.0,8074,12913,12218,8037,4181,11944,274,0.995417,0.6578,0.924959,0.977574,0.022426,2,2,90.0,0.33847802
qd_007,QuickDraw,moon,public_benchmark_v1_ext33_auto_hybrid_r10_c16_trimcap20,results\public_benchmark_v1_ext33_auto_hybrid_r10_c16_trimcap20\qd_007\prediction.dst,datasets\public_benchmark_v1_ext33\quickdraw_10\qd_007_mask.png,hard_fail,0.2266731,26,3,0.0,0,271.0345,0.0,8074,12913,12218,8037,4181,11944,274,0.995417,0.6578,0.924959,0.977574,0.022426,2,2,90.0,0.33847802
qd_007,QuickDraw,moon,public_benchmark_v1_ext33_auto_hybrid_r10_c20_trimcap20,results\public_benchmark_v1_ext33_auto_hybrid_r10_c20_trimcap20\qd_007\prediction.dst,datasets\public_benchmark_v1_ext33\quickdraw_10\qd_007_mask.png,hard_fail,0.2266731,26,3,0.0,0,271.0345,0.0,8074,12913,12218,8037,4181,11944,274,0.995417,0.6578,0.924959,0.977574,0.022426,2,2,90.0,0.33847802
qd_007,QuickDraw,moon,public_benchmark_v1_ext33_auto_hybrid_r125_c16_trimcap20,results\public_benchmark_v1_ext33_auto_hybrid_r125_c16_trimcap20\qd_007\prediction.dst,datasets\public_benchmark_v1_ext33\quickdraw_10\qd_007_mask.png,hard_fail,0.2266731,26,3,0.0,0,271.0345,0.0,8074,12913,12218,8037,4181,11944,274,0.995417,0.6578,0.924959,0.977574,0.022426,2,2,90.0,0.33847802
qd_007,QuickDraw,moon,public_benchmark_v1_ext33_auto_hybrid_r125_c20_trimcap20,results\public_benchmark_v1_ext33_auto_hybrid_r125_c20_trimcap20\qd_007\prediction.dst,datasets\public_benchmark_v1_ext33\quickdraw_10\qd_007_mask.png,hard_fail,0.2266731,26,3,0.0,0,271.0345,0.0,8074,12913,12218,8037,4181,11944,274,0.995417,0.6578,0.924959,0.977574,0.022426,2,2,90.0,0.33847802
qd_007,QuickDraw,moon,public_benchmark_v1_ext33_auto_hybrid_skeleton_connect12_trimcap20,results\public_benchmark_v1_ext33_auto_hybrid_skeleton_connect12_trimcap20\qd_007\prediction.dst,datasets\public_benchmark_v1_ext33\quickdraw_10\qd_007_mask.png,hard_fail,0.2266731,26,3,0.0,0,271.0345,0.0,8074,12913,12218,8037,4181,11944,274,0.995417,0.6578,0.924959,0.977574,0.022426,2,2,90.0,0.33847802
qd_007,QuickDraw,moon,public_benchmark_v1_ext33_b0_m2_1_globalrepair20,results\public_benchmark_v1_ext33_b0_m2_1_globalrepair20\qd_007\prediction.dst,datasets\public_benchmark_v1_ext33\quickdraw_10\qd_007_mask.png,hard_fail,0.55433255,31,8,700.8862,141,197.8922,469.7437,8074,12913,15110,7534,7576,11018,4092,0.933119,0.49861,0.853249,0.729186,0.270814,2,2,90.0,19.02468539
qd_007,QuickDraw,moon,public_benchmark_v1_ext33_m2_4_coverage_rerank,results\public_benchmark_v1_ext33_m2_4_coverage_rerank\qd_007\prediction.dst,datasets\public_benchmark_v1_ext33\quickdraw_10\qd_007_mask.png,hard_fail,0.2266731,26,3,0.0,0,271.0345,0.0,8074,12913,12218,8037,4181,11944,274,0.995417,0.6578,0.924959,0.977574,0.022426,2,2,90.0,0.33847802
qd_007,QuickDraw,moon,public_benchmark_v1_ext33_m2_4_coverage_rerank_connect30,results\public_benchmark_v1_ext33_m2_4_coverage_rerank_connect30\qd_007\prediction.dst,datasets\public_benchmark_v1_ext33\quickdraw_10\qd_007_mask.png,hard_fail,0.2266731,26,3,0.0,0,271.0345,0.0,8074,12913,12218,8037,4181,11944,274,0.995417,0.6578,0.924959,0.977574,0.022426,2,2,90.0,0.33847802
qd_007,QuickDraw,moon,public_benchmark_v1_ext33_m2_4_coverage_rerank_min12,results\public_benchmark_v1_ext33_m2_4_coverage_rerank_min12\qd_007\prediction.dst,datasets\public_benchmark_v1_ext33\quickdraw_10\qd_007_mask.png,warning,0.22604065,25,3,0.0,0,251.2703,0.0,8074,12913,11642,7691,3951,11435,207,0.952564,0.660625,0.885542,0.98222,0.01778,2,2,90.0,0.34077049
qd_007,QuickDraw,moon,public_benchmark_v1_ext33_m2_4_coverage_rerank_min20,results\public_benchmark_v1_ext33_m2_4_coverage_rerank_min20\qd_007\prediction.dst,datasets\public_benchmark_v1_ext33\quickdraw_10\qd_007_mask.png,warning,0.18653714,21,2,0.0,0,204.2856,0.0,8074,12913,11234,7427,3807,11068,166,0.919866,0.661118,0.857121,0.985223,0.014777,2,2,90.0,0.28929334
qd_007,QuickDraw,moon,public_benchmark_v1_ext33_m2_4_coverage_rerank_min8,results\public_benchmark_v1_ext33_m2_4_coverage_rerank_min8\qd_007\prediction.dst,datasets\public_benchmark_v1_ext33\quickdraw_10\qd_007_mask.png,warning,0.22582468,25,3,0.0,0,244.5212,0.0,8074,12913,11786,7730,4056,11512,274,0.957394,0.655863,0.891505,0.976752,0.023248,2,2,90.0,0.33945256
qd_007,QuickDraw,moon,public_benchmark_v1_ext33_m2_51_sweeptuned_gate_balanced_applied,results\public_benchmark_v1_ext33_m2_51_sweeptuned_gate_balanced_applied\qd_007\prediction.dst,datasets\public_benchmark_v1_ext33\quickdraw_10\qd_007_mask.png,pass,0.1429188,15,3,0.0,0,153.7126,0.0,8074,12913,13161,7987,5174,11974,1187,0.989225,0.606869,0.927283,0.909809,0.090191,2,2,90.0,0.21044484
qd_007,QuickDraw,moon,public_benchmark_v1_ext33_m2_51_sweeptuned_gate_low_jump_applied,results\public_benchmark_v1_ext33_m2_51_sweeptuned_gate_low_jump_applied\qd_007\prediction.dst,datasets\public_benchmark_v1_ext33\quickdraw_10\qd_007_mask.png,pass,0.12888579,14,2,0.0,0,152.6808,0.0,8074,12913,11394,7540,3854,10483,911,0.933862,0.661752,0.811818,0.920046,0.079954,2,2,90.0,0.20795867
qd_007,QuickDraw,moon,public_benchmark_v1_ext33_m2_55_line_domain_guard_low_jump,results\public_benchmark_v1_ext33_m2_55_line_domain_guard_low_jump\qd_007\prediction.dst,datasets\public_benchmark_v1_ext33\quickdraw_10\qd_007_mask.png,pass,0.12888579,14,2,0.0,0,152.6808,0.0,8074,12913,11394,7540,3854,10483,911,0.933862,0.661752,0.811818,0.920046,0.079954,2,2,90.0,0.20795867
qd_007,QuickDraw,moon,public_benchmark_v1_ext33_m2_56_line_stroke_d0_c12_i090,results\public_benchmark_v1_ext33_m2_56_line_stroke_d0_c12_i090\qd_007\prediction.dst,datasets\public_benchmark_v1_ext33\quickdraw_10\qd_007_mask.png,hard_fail,0.22641077,27,3,0.0,0,262.8366,0.0,8074,12913,11645,7730,3915,11488,157,0.957394,0.663804,0.889646,0.986518,0.013482,2,2,90.0,0.34826173
qd_007,QuickDraw,moon,public_benchmark_v1_ext33_m2_56_line_stroke_d0_c12_i090_min12,results\public_benchmark_v1_ext33_m2_56_line_stroke_d0_c12_i090_min12\qd_007\prediction.dst,datasets\public_benchmark_v1_ext33\quickdraw_10\qd_007_mask.png,hard_fail,0.22640238,26,3,0.0,0,262.5743,0.0,8074,12913,11579,7691,3888,11423,156,0.952564,0.66422,0.884612,0.986527,0.013473,2,2,90.0,0.34524382
qd_007,QuickDraw,moon,public_benchmark_v1_ext33_m2_56_line_stroke_d0_c12_i090_min20,results\public_benchmark_v1_ext33_m2_56_line_stroke_d0_c12_i090_min20\qd_007\prediction.dst,datasets\public_benchmark_v1_ext33\quickdraw_10\qd_007_mask.png,warning,0.21132887,24,2,0.0,0,229.0273,0.0,8074,12913,10935,7176,3759,10781,154,0.888779,0.656241,0.834895,0.985917,0.014083,2,2,90.0,0.33123915
qd_007,QuickDraw,moon,public_benchmark_v1_ext33_m2_56_line_stroke_d0_c12_i090_min30,results\public_benchmark_v1_ext33_m2_56_line_stroke_d0_c12_i090_min30\qd_007\prediction.dst,datasets\public_benchmark_v1_ext33\quickdraw_10\qd_007_mask.png,warning,0.20318683,23,2,0.0,0,224.5883,0.0,8074,12913,10775,7062,3713,10626,149,0.874659,0.655406,0.822892,0.986172,0.013828,2,2,90.0,0.32166707
qd_007,QuickDraw,moon,public_benchmark_v1_ext33_m2_56_line_stroke_d0_c8_i095,results\public_benchmark_v1_ext33_m2_56_line_stroke_d0_c8_i095\qd_007\prediction.dst,datasets\public_benchmark_v1_ext33\quickdraw_10\qd_007_mask.png,hard_fail,0.2272592,28,3,0.0,0,289.3499,0.0,8074,12913,12077,8037,4040,11920,157,0.995417,0.66548,0.923101,0.987,0.013,2,2,90.0,0.34728708
qd_007,QuickDraw,moon,public_benchmark_v1_ext33_m2_56_line_stroke_d1_c10_i090,results\public_benchmark_v1_ext33_m2_56_line_stroke_d1_c10_i090\qd_007\prediction.dst,datasets\public_benchmark_v1_ext33\quickdraw_10\qd_007_mask.png,hard_fail,0.2272592,28,3,0.0,0,289.3499,0.0,8074,12913,12077,8037,4040,11920,157,0.995417,0.66548,0.923101,0.987,0.013,2,2,90.0,0.34728708
qd_007,QuickDraw,moon,public_benchmark_v1_ext33_m2_56_line_stroke_d1_c12_i090_min20,results\public_benchmark_v1_ext33_m2_56_line_stroke_d1_c12_i090_min20\qd_007\prediction.dst,datasets\public_benchmark_v1_ext33\quickdraw_10\qd_007_mask.png,warning,0.23990319,23,2,1.6317,0,224.6856,0.0,8074,12913,10977,7184,3793,10811,166,0.88977,0.654459,0.837218,0.984877,0.015123,2,2,90.0,0.37177243
qd_007,QuickDraw,moon,public_benchmark_v1_ext33_m2_56_line_stroke_d1_c6_i095,results\public_benchmark_v1_ext33_m2_56_line_stroke_d1_c6_i095\qd_007\prediction.dst,datasets\public_benchmark_v1_ext33\quickdraw_10\qd_007_mask.png,hard_fail,0.22691637,29,3,0.0,0,278.6366,0.0,8074,12913,11603,7690,3913,11446,157,0.95244,0.66276,0.886394,0.986469,0.013531,2,2,90.0,0.35755389
qd_007,QuickDraw,moon,public_benchmark_v1_ext33_m2_56_line_stroke_d2_c12_i085_min20,results\public_benchmark_v1_ext33_m2_56_line_stroke_d2_c12_i085_min20\qd_007\prediction.dst,datasets\public_benchmark_v1_ext33\quickdraw_10\qd_007_mask.png,warning,0.23990319,23,2,1.6317,0,224.6856,0.0,8074,12913,10977,7184,3793,10811,166,0.88977,0.654459,0.837218,0.984877,0.015123,2,2,90.0,0.37177243
qd_007,QuickDraw,moon,public_benchmark_v1_ext33_m2_56_line_stroke_d3_c18,results\public_benchmark_v1_ext33_m2_56_line_stroke_d3_c18\qd_007\prediction.dst,datasets\public_benchmark_v1_ext33\quickdraw_10\qd_007_mask.png,hard_fail,0.29104272,27,3,2.8509,0,278.0459,0.0,8074,12913,12140,8037,4103,11932,208,0.995417,0.662026,0.92403,0.982867,0.017133,2,2,90.0,0.43546812
qd_007,QuickDraw,moon,public_benchmark_v1_ext33_m2_56_line_stroke_selector_probe,results\public_benchmark_v1_ext33_m2_56_line_stroke_selector_probe\qd_007\prediction.dst,datasets\public_benchmark_v1_ext33\quickdraw_10\qd_007_mask.png,pass,0.12888579,14,2,0.0,0,152.6808,0.0,8074,12913,11394,7540,3854,10483,911,0.933862,0.661752,0.811818,0.920046,0.079954,2,2,90.0,0.20795867
qd_007,QuickDraw,moon,public_benchmark_v1_ext33_m2_57_topology_open_d0_c12_i090_min12,results\public_benchmark_v1_ext33_m2_57_topology_open_d0_c12_i090_min12\qd_007\prediction.dst,datasets\public_benchmark_v1_ext33\quickdraw_10\qd_007_mask.png,pass,0.13446014,14,1,0.5506,0,127.2387,0.0,8074,12913,11601,7670,3931,11435,166,0.949963,0.66115,0.885542,0.985691,0.014309,2,2,90.0,0.20690406
qd_007,QuickDraw,moon,public_benchmark_v1_ext33_m2_57_topology_open_d0_c12_i090_min20,results\public_benchmark_v1_ext33_m2_57_topology_open_d0_c12_i090_min20\qd_007\prediction.dst,datasets\public_benchmark_v1_ext33\quickdraw_10\qd_007_mask.png,warning,0.14738852,17,1,0.0,0,168.3912,0.0,8074,12913,11070,7245,3825,10912,158,0.897325,0.654472,0.84504,0.985727,0.014273,2,2,90.0,0.23539772
qd_007,QuickDraw,moon,public_benchmark_v1_ext33_m2_57_topology_open_d0_c12_i090_min30,results\public_benchmark_v1_ext33_m2_57_topology_open_d0_c12_i090_min30\qd_007\prediction.dst,datasets\public_benchmark_v1_ext33\quickdraw_10\qd_007_mask.png,warning,0.14740599,17,1,0.0,0,168.9373,0.0,8074,12913,10863,7119,3744,10714,149,0.881719,0.655344,0.829706,0.986284,0.013716,2,2,90.0,0.23850375
qd_007,QuickDraw,moon,public_benchmark_v1_ext33_m2_57_topology_open_d0_c16_i085_min20,results\public_benchmark_v1_ext33_m2_57_topology_open_d0_c16_i085_min20\qd_007\prediction.dst,datasets\public_benchmark_v1_ext33\quickdraw_10\qd_007_mask.png,warning,0.14738852,17,1,0.0,0,168.3912,0.0,8074,12913,11070,7245,3825,10912,158,0.897325,0.654472,0.84504,0.985727,0.014273,2,2,90.0,0.23539772
qd_007,QuickDraw,moon,public_benchmark_v1_ext33_m2_57_topology_open_d0_c20_i080_min30,results\public_benchmark_v1_ext33_m2_57_topology_open_d0_c20_i080_min30\qd_007\prediction.dst,datasets\public_benchmark_v1_ext33\quickdraw_10\qd_007_mask.png,warning,0.17544256,16,1,1.6109,0,162.4158,0.0,8074,12913,10970,7176,3794,10800,170,0.888779,0.654148,0.836366,0.984503,0.015497,2,2,90.0,0.27728532
qd_007,QuickDraw,moon,public_benchmark_v1_ext33_m2_57_topology_open_d0_c20_i080_min40,results\public_benchmark_v1_ext33_m2_57_topology_open_d0_c20_i080_min40\qd_007\prediction.dst,datasets\public_benchmark_v1_ext33\quickdraw_10\qd_007_mask.png,warning,0.17544256,16,1,1.6109,0,162.4158,0.0,8074,12913,10970,7176,3794,10800,170,0.888779,0.654148,0.836366,0.984503,0.015497,2,2,90.0,0.27728532
qd_007,QuickDraw,moon,public_benchmark_v1_ext33_m2_57_topology_open_d0_c24_i075_min40,results\public_benchmark_v1_ext33_m2_57_topology_open_d0_c24_i075_min40\qd_007\prediction.dst,datasets\public_benchmark_v1_ext33\quickdraw_10\qd_007_mask.png,warning,0.17544256,16,1,1.6109,0,162.4158,0.0,8074,12913,10970,7176,3794,10800,170,0.888779,0.654148,0.836366,0.984503,0.015497,2,2,90.0,0.27728532
qd_007,QuickDraw,moon,public_benchmark_v1_ext33_m2_57_topology_open_d0_c24_i075_min60,results\public_benchmark_v1_ext33_m2_57_topology_open_d0_c24_i075_min60\qd_007\prediction.dst,datasets\public_benchmark_v1_ext33\quickdraw_10\qd_007_mask.png,warning,0.13919731,16,1,0.0,0,162.4158,0.0,8074,12913,10530,6900,3630,10386,144,0.854595,0.655271,0.804306,0.986325,0.013675,2,2,90.0,0.23151299
qd_007,QuickDraw,moon,public_benchmark_v1_ext33_m2_57_topology_open_d0_c30_i070_min100,results\public_benchmark_v1_ext33_m2_57_topology_open_d0_c30_i070_min100\qd_007\prediction.dst,datasets\public_benchmark_v1_ext33\quickdraw_10\qd_007_mask.png,pass,0.11413105,13,1,0.0,0,129.0954,0.0,8074,12913,8889,5844,3045,8755,134,0.723805,0.657442,0.677999,0.984925,0.015075,2,2,90.0,0.22006677
qd_007,QuickDraw,moon,public_benchmark_v1_ext33_m2_57_topology_open_d0_c30_i070_min80,results\public_benchmark_v1_ext33_m2_57_topology_open_d0_c30_i070_min80\qd_007\prediction.dst,datasets\public_benchmark_v1_ext33\quickdraw_10\qd_007_mask.png,warning,0.13919731,16,1,0.0,0,162.4158,0.0,8074,12913,10530,6900,3630,10386,144,0.854595,0.655271,0.804306,0.986325,0.013675,2,2,90.0,0.23151299
qd_007,QuickDraw,moon,public_benchmark_v1_ext33_m2_57_topology_open_d1_c16_i085_min20,results\public_benchmark_v1_ext33_m2_57_topology_open_d1_c16_i085_min20\qd_007\prediction.dst,datasets\public_benchmark_v1_ext33\quickdraw_10\qd_007_mask.png,pass,0.2039994,15,1,3.2426,0,157.528,0.0,8074,12913,11198,7302,3896,11007,191,0.904384,0.652081,0.852397,0.982943,0.017057,2,2,90.0,0.31498704
qd_007,QuickDraw,moon,public_benchmark_v1_ext33_m2_57_topology_open_d1_c20_i080_min20,results\public_benchmark_v1_ext33_m2_57_topology_open_d1_c20_i080_min20\qd_007\prediction.dst,datasets\public_benchmark_v1_ext33\quickdraw_10\qd_007_mask.png,pass,0.2039994,15,1,3.2426,0,157.528,0.0,8074,12913,11198,7302,3896,11007,191,0.904384,0.652081,0.852397,0.982943,0.017057,2,2,90.0,0.31498704
qd_007,QuickDraw,moon,public_benchmark_v1_ext33_m2_57_topology_open_d1_c24_i070_min60,results\public_benchmark_v1_ext33_m2_57_topology_open_d1_c24_i070_min60\qd_007\prediction.dst,datasets\public_benchmark_v1_ext33\quickdraw_10\qd_007_mask.png,warning,0.13919731,16,1,0.0,0,162.4158,0.0,8074,12913,10530,6900,3630,10386,144,0.854595,0.655271,0.804306,0.986325,0.013675,2,2,90.0,0.23151299
qd_007,QuickDraw,moon,public_benchmark_v1_ext33_m2_57_topology_open_d1_c24_i075_min40,results\public_benchmark_v1_ext33_m2_57_topology_open_d1_c24_i075_min40\qd_007\prediction.dst,datasets\public_benchmark_v1_ext33\quickdraw_10\qd_007_mask.png,warning,0.17544256,16,1,1.6109,0,162.4158,0.0,8074,12913,10970,7176,3794,10800,170,0.888779,0.654148,0.836366,0.984503,0.015497,2,2,90.0,0.27728532
qd_007,QuickDraw,moon,public_benchmark_v1_ext33_m2_57_topology_open_d1_c30_i065_min80,results\public_benchmark_v1_ext33_m2_57_topology_open_d1_c30_i065_min80\qd_007\prediction.dst,datasets\public_benchmark_v1_ext33\quickdraw_10\qd_007_mask.png,warning,0.13919731,16,1,0.0,0,162.4158,0.0,8074,12913,10530,6900,3630,10386,144,0.854595,0.655271,0.804306,0.986325,0.013675,2,2,90.0,0.23151299
qd_007,QuickDraw,moon,public_benchmark_v1_ext33_m2_57_topology_open_d2_c20_i075_min20,results\public_benchmark_v1_ext33_m2_57_topology_open_d2_c20_i075_min20\qd_007\prediction.dst,datasets\public_benchmark_v1_ext33\quickdraw_10\qd_007_mask.png,pass,0.2039994,15,1,3.2426,0,157.528,0.0,8074,12913,11198,7302,3896,11007,191,0.904384,0.652081,0.852397,0.982943,0.017057,2,2,90.0,0.31498704
qd_007,QuickDraw,moon,public_benchmark_v1_ext33_m2_57_topology_relative_rescue,results\public_benchmark_v1_ext33_m2_57_topology_relative_rescue\qd_007\prediction.dst,datasets\public_benchmark_v1_ext33\quickdraw_10\qd_007_mask.png,pass,0.11413105,13,1,0.0,0,129.0954,0.0,8074,12913,8889,5844,3045,8755,134,0.723805,0.657442,0.677999,0.984925,0.015075,2,2,90.0,0.22006677
qd_007,QuickDraw,moon,public_benchmark_v1_ext33_m2_57_topology_selector_probe_min100,results\public_benchmark_v1_ext33_m2_57_topology_selector_probe_min100\qd_007\prediction.dst,datasets\public_benchmark_v1_ext33\quickdraw_10\qd_007_mask.png,pass,0.12888579,14,2,0.0,0,152.6808,0.0,8074,12913,11394,7540,3854,10483,911,0.933862,0.661752,0.811818,0.920046,0.079954,2,2,90.0,0.20795867
qd_007,QuickDraw,moon,public_benchmark_v1_ext33_m2_57_topology_selector_probe_min100_j14,results\public_benchmark_v1_ext33_m2_57_topology_selector_probe_min100_j14\qd_007\prediction.dst,datasets\public_benchmark_v1_ext33\quickdraw_10\qd_007_mask.png,pass,0.12888579,14,2,0.0,0,152.6808,0.0,8074,12913,11394,7540,3854,10483,911,0.933862,0.661752,0.811818,0.920046,0.079954,2,2,90.0,0.20795867
qd_007,QuickDraw,moon,public_benchmark_v1_ext33_m2_58_coverage_aware_relative_rescue,results\public_benchmark_v1_ext33_m2_58_coverage_aware_relative_rescue\qd_007\prediction.dst,datasets\public_benchmark_v1_ext33\quickdraw_10\qd_007_mask.png,pass,0.12888579,14,2,0.0,0,152.6808,0.0,8074,12913,11394,7540,3854,10483,911,0.933862,0.661752,0.811818,0.920046,0.079954,2,2,90.0,0.20795867
qd_007,QuickDraw,moon,public_benchmark_v1_ext33_m2_59_anchored_quality_rescue_selector,results\public_benchmark_v1_ext33_m2_59_anchored_quality_rescue_selector\qd_007\prediction.dst,datasets\public_benchmark_v1_ext33\quickdraw_10\qd_007_mask.png,pass,0.12174937,14,1,0.0,0,117.1677,0.0,8074,12913,12017,7977,4040,11857,160,0.987986,0.66381,0.918222,0.986686,0.013314,2,2,90.0,0.18236273
qd_007,QuickDraw,moon,public_benchmark_v1_ext33_m2_59_grouped_topology_g_d0_c16_i085_s4_min12_p80,results\public_benchmark_v1_ext33_m2_59_grouped_topology_g_d0_c16_i085_s4_min12_p80\qd_007\prediction.dst,datasets\public_benchmark_v1_ext33\quickdraw_10\qd_007_mask.png,warning,0.13834676,16,1,0.0,0,135.8363,0.0,8074,12913,11596,7670,3926,11436,160,0.949963,0.661435,0.885619,0.986202,0.013798,2,2,90.0,0.21327544
qd_007,QuickDraw,moon,public_benchmark_v1_ext33_m2_59_grouped_topology_g_d0_c16_i090_s3_min20_p80,results\public_benchmark_v1_ext33_m2_59_grouped_topology_g_d0_c16_i090_s3_min20_p80\qd_007\prediction.dst,datasets\public_benchmark_v1_ext33\quickdraw_10\qd_007_mask.png,warning,0.14671444,17,1,0.0,0,147.3262,0.0,8074,12913,11211,7365,3846,11053,158,0.912187,0.656944,0.855959,0.985907,0.014093,2,2,90.0,0.2322244
qd_007,QuickDraw,moon,public_benchmark_v1_ext33_m2_59_grouped_topology_g_d0_c18_i092_s4_min12_p100,results\public_benchmark_v1_ext33_m2_59_grouped_topology_g_d0_c18_i092_s4_min12_p100\qd_007\prediction.dst,datasets\public_benchmark_v1_ext33\quickdraw_10\qd_007_mask.png,warning,0.13834676,16,1,0.0,0,135.8363,0.0,8074,12913,11596,7670,3926,11436,160,0.949963,0.661435,0.885619,0.986202,0.013798,2,2,90.0,0.21327544
qd_007,QuickDraw,moon,public_benchmark_v1_ext33_m2_59_grouped_topology_g_d0_c18_i095_s3_min12_p120,results\public_benchmark_v1_ext33_m2_59_grouped_topology_g_d0_c18_i095_s3_min12_p120\qd_007\prediction.dst,datasets\public_benchmark_v1_ext33\quickdraw_10\qd_007_mask.png,warning,0.13834676,16,1,0.0,0,135.8363,0.0,8074,12913,11596,7670,3926,11436,160,0.949963,0.661435,0.885619,0.986202,0.013798,2,2,90.0,0.21327544
qd_007,QuickDraw,moon,public_benchmark_v1_ext33_m2_59_grouped_topology_g_d0_c20_i080_s5_min12_p80,results\public_benchmark_v1_ext33_m2_59_grouped_topology_g_d0_c20_i080_s5_min12_p80\qd_007\prediction.dst,datasets\public_benchmark_v1_ext33\quickdraw_10\qd_007_mask.png,pass,0.15032369,13,1,1.6317,0,112.8261,0.0,8074,12913,12038,7977,4061,11866,172,0.987986,0.662652,0.918919,0.985712,0.014288,2,2,90.0,0.22317041
qd_007,QuickDraw,moon,public_benchmark_v1_ext33_m2_59_grouped_topology_g_d0_c20_i090_s4_min12_p100,results\public_benchmark_v1_ext33_m2_59_grouped_topology_g_d0_c20_i090_s4_min12_p100\qd_007\prediction.dst,datasets\public_benchmark_v1_ext33\quickdraw_10\qd_007_mask.png,pass,0.12174937,14,1,0.0,0,117.1677,0.0,8074,12913,12017,7977,4040,11857,160,0.987986,0.66381,0.918222,0.986686,0.013314,2,2,90.0,0.18236273
qd_007,QuickDraw,moon,public_benchmark_v1_ext33_m2_59_grouped_topology_g_d0_c20_i095_s4_min12_p100,results\public_benchmark_v1_ext33_m2_59_grouped_topology_g_d0_c20_i095_s4_min12_p100\qd_007\prediction.dst,datasets\public_benchmark_v1_ext33\quickdraw_10\qd_007_mask.png,pass,0.12174937,14,1,0.0,0,117.1677,0.0,8074,12913,12017,7977,4040,11857,160,0.987986,0.66381,0.918222,0.986686,0.013314,2,2,90.0,0.18236273
qd_007,QuickDraw,moon,public_benchmark_v1_ext33_m2_59_grouped_topology_g_d0_c24_i075_s6_min20_p80,results\public_benchmark_v1_ext33_m2_59_grouped_topology_g_d0_c24_i075_s6_min20_p80\qd_007\prediction.dst,datasets\public_benchmark_v1_ext33\quickdraw_10\qd_007_mask.png,pass,0.18672792,13,1,3.2426,0,117.7945,0.0,8074,12913,11760,7729,4031,11569,191,0.95727,0.657228,0.895919,0.983759,0.016241,2,2,90.0,0.28026204
qd_007,QuickDraw,moon,public_benchmark_v1_ext33_m2_59_grouped_topology_g_d0_c30_i070_s8_min30_p100,results\public_benchmark_v1_ext33_m2_59_grouped_topology_g_d0_c30_i070_s8_min30_p100\qd_007\prediction.dst,datasets\public_benchmark_v1_ext33\quickdraw_10\qd_007_mask.png,pass,0.19111767,13,1,3.4377,0,117.7945,0.0,8074,12913,11578,7612,3966,11392,186,0.942779,0.657454,0.882212,0.983935,0.016065,2,2,90.0,0.28940691
qd_007,QuickDraw,moon,public_benchmark_v1_ext33_m2_59_grouped_topology_g_d1_c20_i075_s5_min12_p80,results\public_benchmark_v1_ext33_m2_59_grouped_topology_g_d1_c20_i075_s5_min12_p80\qd_007\prediction.dst,datasets\public_benchmark_v1_ext33\quickdraw_10\qd_007_mask.png,pass,0.15035031,13,1,1.6317,0,113.6581,0.0,8074,12913,12038,7977,4061,11866,172,0.987986,0.662652,0.918919,0.985712,0.014288,2,2,90.0,0.22319703
qd_007,QuickDraw,moon,public_benchmark_v1_ext33_m2_59_quality_rescue_selector,results\public_benchmark_v1_ext33_m2_59_quality_rescue_selector\qd_007\prediction.dst,datasets\public_benchmark_v1_ext33\quickdraw_10\qd_007_mask.png,pass,0.12174937,14,1,0.0,0,117.1677,0.0,8074,12913,12017,7977,4040,11857,160,0.987986,0.66381,0.918222,0.986686,0.013314,2,2,90.0,0.18236273
qd_007,QuickDraw,moon,public_benchmark_v1_ext33_m2_5_learned_selector_applied,results\public_benchmark_v1_ext33_m2_5_learned_selector_applied\qd_007\prediction.dst,datasets\public_benchmark_v1_ext33\quickdraw_10\qd_007_mask.png,warning,0.22604065,25,3,0.0,0,251.2703,0.0,8074,12913,11642,7691,3951,11435,207,0.952564,0.660625,0.885542,0.98222,0.01778,2,2,90.0,0.34077049
qd_007,QuickDraw,moon,public_benchmark_v1_ext33_m2_60_maskpath_combo_rescue_selector,results\public_benchmark_v1_ext33_m2_60_maskpath_combo_rescue_selector\qd_007\prediction.dst,datasets\public_benchmark_v1_ext33\quickdraw_10\qd_007_mask.png,pass,0.12174937,14,1,0.0,0,117.1677,0.0,8074,12913,12017,7977,4040,11857,160,0.987986,0.66381,0.918222,0.986686,0.013314,2,2,90.0,0.18236273
qd_007,QuickDraw,moon,public_benchmark_v1_ext33_m2_60_maskpath_mp_d0_r0_c20_i095_route24_f20_min12,results\public_benchmark_v1_ext33_m2_60_maskpath_mp_d0_r0_c20_i095_route24_f20_min12\qd_007\prediction.dst,datasets\public_benchmark_v1_ext33\quickdraw_10\qd_007_mask.png,pass,0.12174937,14,1,0.0,0,117.1677,0.0,8074,12913,12017,7977,4040,11857,160,0.987986,0.66381,0.918222,0.986686,0.013314,2,2,90.0,0.18236273
qd_007,QuickDraw,moon,public_benchmark_v1_ext33_m2_60_maskpath_mp_d0_r0_c20_i095_route32_f26_min12,results\public_benchmark_v1_ext33_m2_60_maskpath_mp_d0_r0_c20_i095_route32_f26_min12\qd_007\prediction.dst,datasets\public_benchmark_v1_ext33\quickdraw_10\qd_007_mask.png,pass,0.12174937,14,1,0.0,0,117.1677,0.0,8074,12913,12017,7977,4040,11857,160,0.987986,0.66381,0.918222,0.986686,0.013314,2,2,90.0,0.18236273
qd_007,QuickDraw,moon,public_benchmark_v1_ext33_m2_60_maskpath_mp_d0_r0_c20_i095_route32_f26_min20,results\public_benchmark_v1_ext33_m2_60_maskpath_mp_d0_r0_c20_i095_route32_f26_min20\qd_007\prediction.dst,datasets\public_benchmark_v1_ext33\quickdraw_10\qd_007_mask.png,pass,0.12190836,14,1,0.0,0,122.1361,0.0,8074,12913,11774,7753,4021,11584,190,0.960243,0.658485,0.89708,0.983863,0.016137,2,2,90.0,0.18663932
qd_007,QuickDraw,moon,public_benchmark_v1_ext33_m2_60_maskpath_mp_d0_r0_c24_i090_route36_f30_min12,results\public_benchmark_v1_ext33_m2_60_maskpath_mp_d0_r0_c24_i090_route36_f30_min12\qd_007\prediction.dst,datasets\public_benchmark_v1_ext33\quickdraw_10\qd_007_mask.png,pass,0.12174937,14,1,0.0,0,117.1677,0.0,8074,12913,12017,7977,4040,11857,160,0.987986,0.66381,0.918222,0.986686,0.013314,2,2,90.0,0.18236273
qd_007,QuickDraw,moon,public_benchmark_v1_ext33_m2_60_maskpath_mp_d0_r1_c20_i095_route32_f26_min12,results\public_benchmark_v1_ext33_m2_60_maskpath_mp_d0_r1_c20_i095_route32_f26_min12\qd_007\prediction.dst,datasets\public_benchmark_v1_ext33\quickdraw_10\qd_007_mask.png,pass,0.12174937,14,1,0.0,0,117.1677,0.0,8074,12913,12017,7977,4040,11857,160,0.987986,0.66381,0.918222,0.986686,0.013314,2,2,90.0,0.18236273
qd_007,QuickDraw,moon,public_benchmark_v1_ext33_m2_60_maskpath_mp_d0_r1_c24_i090_route36_f30_min12,results\public_benchmark_v1_ext33_m2_60_maskpath_mp_d0_r1_c24_i090_route36_f30_min12\qd_007\prediction.dst,datasets\public_benchmark_v1_ext33\quickdraw_10\qd_007_mask.png,pass,0.12174937,14,1,0.0,0,117.1677,0.0,8074,12913,12017,7977,4040,11857,160,0.987986,0.66381,0.918222,0.986686,0.013314,2,2,90.0,0.18236273
qd_007,QuickDraw,moon,public_benchmark_v1_ext33_m2_60_maskpath_rescue_selector,results\public_benchmark_v1_ext33_m2_60_maskpath_rescue_selector\qd_007\prediction.dst,datasets\public_benchmark_v1_ext33\quickdraw_10\qd_007_mask.png,pass,0.12174937,14,1,0.0,0,117.1677,0.0,8074,12913,12017,7977,4040,11857,160,0.987986,0.66381,0.918222,0.986686,0.013314,2,2,90.0,0.18236273
qd_007,QuickDraw,moon,public_benchmark_v1_ext33_m2_61_segment_graph_sg_d0_l035_c20_i095_r32_f26_min12,results\public_benchmark_v1_ext33_m2_61_segment_graph_sg_d0_l035_c20_i095_r32_f26_min12\qd_007\prediction.dst,datasets\public_benchmark_v1_ext33\quickdraw_10\qd_007_mask.png,warning,0.16143601,18,2,0.0,0,169.8754,0.0,8074,12913,11970,7965,4005,11814,156,0.9865,0.665414,0.914892,0.986967,0.013033,2,2,90.0,0.24044897
qd_007,QuickDraw,moon,public_benchmark_v1_ext33_m2_61_segment_graph_sg_d0_l050_c24_i090_r36_f30_min12,results\public_benchmark_v1_ext33_m2_61_segment_graph_sg_d0_l050_c24_i090_r36_f30_min12\qd_007\prediction.dst,datasets\public_benchmark_v1_ext33\quickdraw_10\qd_007_mask.png,warning,0.16143601,18,2,0.0,0,169.8754,0.0,8074,12913,11970,7965,4005,11814,156,0.9865,0.665414,0.914892,0.986967,0.013033,2,2,90.0,0.24044897
qd_007,QuickDraw,moon,public_benchmark_v1_ext33_m2_61_segment_graph_sg_d0_l070_c20_i095_r32_f26_min12,results\public_benchmark_v1_ext33_m2_61_segment_graph_sg_d0_l070_c20_i095_r32_f26_min12\qd_007\prediction.dst,datasets\public_benchmark_v1_ext33\quickdraw_10\qd_007_mask.png,warning,0.16143601,18,2,0.0,0,169.8754,0.0,8074,12913,11970,7965,4005,11814,156,0.9865,0.665414,0.914892,0.986967,0.013033,2,2,90.0,0.24044897
qd_007,QuickDraw,moon,public_benchmark_v1_ext33_m2_61_segment_graph_sg_d1_l050_c20_i095_r32_f26_min12,results\public_benchmark_v1_ext33_m2_61_segment_graph_sg_d1_l050_c20_i095_r32_f26_min12\qd_007\prediction.dst,datasets\public_benchmark_v1_ext33\quickdraw_10\qd_007_mask.png,warning,0.16143601,18,2,0.0,0,169.8754,0.0,8074,12913,11970,7965,4005,11814,156,0.9865,0.665414,0.914892,0.986967,0.013033,2,2,90.0,0.24044897
qd_007,QuickDraw,moon,public_benchmark_v1_ext33_m2_61_segment_graph_sg_euler_d0_l000_c20_i095_r32_f26_min12,results\public_benchmark_v1_ext33_m2_61_segment_graph_sg_euler_d0_l000_c20_i095_r32_f26_min12\qd_007\prediction.dst,datasets\public_benchmark_v1_ext33\quickdraw_10\qd_007_mask.png,pass,0.12174937,14,1,0.0,0,117.1677,0.0,8074,12913,12017,7977,4040,11857,160,0.987986,0.66381,0.918222,0.986686,0.013314,2,2,90.0,0.18236273
qd_007,QuickDraw,moon,public_benchmark_v1_ext33_m2_61_segment_graph_sg_euler_d0_l020_c24_i090_r36_f30_min12,results\public_benchmark_v1_ext33_m2_61_segment_graph_sg_euler_d0_l020_c24_i090_r36_f30_min12\qd_007\prediction.dst,datasets\public_benchmark_v1_ext33\quickdraw_10\qd_007_mask.png,warning,0.14696602,17,1,0.0,0,155.1882,0.0,8074,12913,11970,7965,4005,11814,156,0.9865,0.665414,0.914892,0.986967,0.013033,2,2,90.0,0.21997898
qd_007,QuickDraw,moon,public_benchmark_v1_ext33_m2_61_segment_graph_sg_euler_d0_l035_c20_i095_r32_f26_min12,results\public_benchmark_v1_ext33_m2_61_segment_graph_sg_euler_d0_l035_c20_i095_r32_f26_min12\qd_007\prediction.dst,datasets\public_benchmark_v1_ext33\quickdraw_10\qd_007_mask.png,warning,0.16143601,18,2,0.0,0,169.8754,0.0,8074,12913,11970,7965,4005,11814,156,0.9865,0.665414,0.914892,0.986967,0.013033,2,2,90.0,0.24044897
qd_007,QuickDraw,moon,public_benchmark_v1_ext33_m2_64_text_precision_rescue_selector,results\public_benchmark_v1_ext33_m2_64_text_precision_rescue_selector\qd_007\prediction.dst,datasets\public_benchmark_v1_ext33\quickdraw_10\qd_007_mask.png,pass,0.12174937,14,1,0.0,0,117.1677,0.0,8074,12913,12017,7977,4040,11857,160,0.987986,0.66381,0.918222,0.986686,0.013314,2,2,90.0,0.18236273
qd_007,QuickDraw,moon,public_benchmark_v1_ext33_m2_65_text_legibility_rescue_selector,results\public_benchmark_v1_ext33_m2_65_text_legibility_rescue_selector\qd_007\prediction.dst,datasets\public_benchmark_v1_ext33\quickdraw_10\qd_007_mask.png,pass,0.12174937,14,1,0.0,0,117.1677,0.0,8074,12913,12017,7977,4040,11857,160,0.987986,0.66381,0.918222,0.986686,0.013314,2,2,90.0,0.18236273
qd_007,QuickDraw,moon,public_benchmark_v1_ext33_m2_66_profile_switcher,results\public_benchmark_v1_ext33_m2_66_profile_switcher\qd_007\prediction.dst,datasets\public_benchmark_v1_ext33\quickdraw_10\qd_007_mask.png,pass,0.12174937,14,1,0.0,0,117.1677,0.0,8074,12913,12017,7977,4040,11857,160,0.987986,0.66381,0.918222,0.986686,0.013314,2,2,90.0,0.18236273
qd_007,QuickDraw,moon,public_benchmark_v1_ext33_m2_67_line_art_profile,results\public_benchmark_v1_ext33_m2_67_line_art_profile\qd_007\prediction.dst,datasets\public_benchmark_v1_ext33\quickdraw_10\qd_007_mask.png,pass,0.12174937,14,1,0.0,0,117.1677,0.0,8074,12913,12017,7977,4040,11857,160,0.987986,0.66381,0.918222,0.986686,0.013314,2,2,90.0,0.18236273
qd_007,QuickDraw,moon,public_benchmark_v1_ext33_m2_68_shape_aware_profile,results\public_benchmark_v1_ext33_m2_68_shape_aware_profile\qd_007\prediction.dst,datasets\public_benchmark_v1_ext33\quickdraw_10\qd_007_mask.png,pass,0.12174937,14,1,0.0,0,117.1677,0.0,8074,12913,12017,7977,4040,11857,160,0.987986,0.66381,0.918222,0.986686,0.013314,2,2,90.0,0.18236273
qd_007,QuickDraw,moon,public_benchmark_v1_ext33_m2_69_text_wku_profile,results\public_benchmark_v1_ext33_m2_69_text_wku_profile\qd_007\prediction.dst,datasets\public_benchmark_v1_ext33\quickdraw_10\qd_007_mask.png,pass,0.12174937,14,1,0.0,0,117.1677,0.0,8074,12913,12017,7977,4040,11857,160,0.987986,0.66381,0.918222,0.986686,0.013314,2,2,90.0,0.18236273
qd_007,QuickDraw,moon,public_benchmark_v1_ext33_mask_fill_edgewalk_dtsatin_o3_i8_s14_p90,results\public_benchmark_v1_ext33_mask_fill_edgewalk_dtsatin_o3_i8_s14_p90\qd_007\prediction.dst,datasets\public_benchmark_v1_ext33\quickdraw_10\qd_007_mask.png,hard_fail,0.4,486,72,0.0,0,5379.0976,0.0,8074,12913,17728,8074,9654,12733,4995,1.0,0.455438,0.986061,0.718242,0.281758,2,2,90.0,2.51708128
qd_007,QuickDraw,moon,public_benchmark_v1_ext33_mask_fill_edgewalk_dtsatin_o3_i9_s7,results\public_benchmark_v1_ext33_mask_fill_edgewalk_dtsatin_o3_i9_s7\qd_007\prediction.dst,datasets\public_benchmark_v1_ext33\quickdraw_10\qd_007_mask.png,hard_fail,0.4,486,72,0.0,0,5379.0976,0.0,8074,12913,17728,8074,9654,12733,4995,1.0,0.455438,0.986061,0.718242,0.281758,2,2,90.0,2.51708128
qd_007,QuickDraw,moon,public_benchmark_v1_ext33_mask_fill_edgewalk_nearest_rows16_p40,results\public_benchmark_v1_ext33_mask_fill_edgewalk_nearest_rows16_p40\qd_007\prediction.dst,datasets\public_benchmark_v1_ext33\quickdraw_10\qd_007_mask.png,hard_fail,0.4,484,72,0.0,0,5352.4191,0.0,8074,12913,17687,8074,9613,12727,4960,1.0,0.456493,0.985596,0.719568,0.280432,2,2,90.0,2.50886912
qd_007,QuickDraw,moon,public_benchmark_v1_ext33_mask_fill_edgewalk_nearestrow_adapt_t2_m5_rows16_p40,results\public_benchmark_v1_ext33_mask_fill_edgewalk_nearestrow_adapt_t2_m5_rows16_p40\qd_007\prediction.dst,datasets\public_benchmark_v1_ext33\quickdraw_10\qd_007_mask.png,pass,0.1429336,15,3,0.0,0,154.175,0.0,8074,12913,12150,7868,4282,11269,881,0.974486,0.647572,0.872686,0.92749,0.07251,2,2,90.0,0.2174524
qd_007,QuickDraw,moon,public_benchmark_v1_ext33_mask_fill_edgewalk_nearestrow_adapt_t3_m6_rows16_p40,results\public_benchmark_v1_ext33_mask_fill_edgewalk_nearestrow_adapt_t3_m6_rows16_p40\qd_007\prediction.dst,datasets\public_benchmark_v1_ext33\quickdraw_10\qd_007_mask.png,pass,0.1429336,15,3,0.0,0,154.175,0.0,8074,12913,12150,7868,4282,11269,881,0.974486,0.647572,0.872686,0.92749,0.07251,2,2,90.0,0.2174524
qd_007,QuickDraw,moon,public_benchmark_v1_ext33_mask_fill_edgewalk_nearestrow_adapt_t4_m8_rows16_p40,results\public_benchmark_v1_ext33_mask_fill_edgewalk_nearestrow_adapt_t4_m8_rows16_p40\qd_007\prediction.dst,datasets\public_benchmark_v1_ext33\quickdraw_10\qd_007_mask.png,pass,0.1429188,15,3,0.0,0,153.7126,0.0,8074,12913,13161,7987,5174,11974,1187,0.989225,0.606869,0.927283,0.909809,0.090191,2,2,90.0,0.21044484
qd_007,QuickDraw,moon,public_benchmark_v1_ext33_mask_fill_edgewalk_nearestrow_evalfill_rows16_p40,results\public_benchmark_v1_ext33_mask_fill_edgewalk_nearestrow_evalfill_rows16_p40\qd_007\prediction.dst,datasets\public_benchmark_v1_ext33\quickdraw_10\qd_007_mask.png,pass,0.20974987,13,2,3.9769,0,133.4256,0.0,8074,12913,31307,8074,23233,12913,18394,1.0,0.257898,1.0,0.412464,0.587536,2,2,90.0,0.38352463
qd_007,QuickDraw,moon,public_benchmark_v1_ext33_mask_fill_edgewalk_nearestrow_inset1_rows16_p40,results\public_benchmark_v1_ext33_mask_fill_edgewalk_nearestrow_inset1_rows16_p40\qd_007\prediction.dst,datasets\public_benchmark_v1_ext33\quickdraw_10\qd_007_mask.png,pass,0.1429188,15,3,0.0,0,153.7126,0.0,8074,12913,13161,7987,5174,11974,1187,0.989225,0.606869,0.927283,0.909809,0.090191,2,2,90.0,0.21044484
qd_007,QuickDraw,moon,public_benchmark_v1_ext33_mask_fill_edgewalk_nearestrow_inset2_rows16_p40,results\public_benchmark_v1_ext33_mask_fill_edgewalk_nearestrow_inset2_rows16_p40\qd_007\prediction.dst,datasets\public_benchmark_v1_ext33\quickdraw_10\qd_007_mask.png,pass,0.12888579,14,2,0.0,0,152.6808,0.0,8074,12913,11394,7540,3854,10483,911,0.933862,0.661752,0.811818,0.920046,0.079954,2,2,90.0,0.20795867
qd_007,QuickDraw,moon,public_benchmark_v1_ext33_mask_fill_edgewalk_nearestrow_qdirect_rows16_p40,results\public_benchmark_v1_ext33_mask_fill_edgewalk_nearestrow_qdirect_rows16_p40\qd_007\prediction.dst,datasets\public_benchmark_v1_ext33\quickdraw_10\qd_007_mask.png,warning,0.19944119,21,4,0.0,0,232.5372,0.0,8074,12913,15274,8074,7200,12544,2730,1.0,0.528611,0.971424,0.821265,0.178735,2,2,90.0,0.30403879
qd_007,QuickDraw,moon,public_benchmark_v1_ext33_mask_fill_edgewalk_nearestrow_qpath090_rows16_p40,results\public_benchmark_v1_ext33_mask_fill_edgewalk_nearestrow_qpath090_rows16_p40\qd_007\prediction.dst,datasets\public_benchmark_v1_ext33\quickdraw_10\qd_007_mask.png,warning,0.19944119,21,4,0.0,0,232.5372,0.0,8074,12913,15274,8074,7200,12544,2730,1.0,0.528611,0.971424,0.821265,0.178735,2,2,90.0,0.30403879
qd_007,QuickDraw,moon,public_benchmark_v1_ext33_mask_fill_edgewalk_nearestrow_qpath095_rows16_p40,results\public_benchmark_v1_ext33_mask_fill_edgewalk_nearestrow_qpath095_rows16_p40\qd_007\prediction.dst,datasets\public_benchmark_v1_ext33\quickdraw_10\qd_007_mask.png,warning,0.19944119,21,4,0.0,0,232.5372,0.0,8074,12913,15274,8074,7200,12544,2730,1.0,0.528611,0.971424,0.821265,0.178735,2,2,90.0,0.30403879
qd_007,QuickDraw,moon,public_benchmark_v1_ext33_mask_fill_edgewalk_nearestrow_quantvalid_rows16_p40,results\public_benchmark_v1_ext33_mask_fill_edgewalk_nearestrow_quantvalid_rows16_p40\qd_007\prediction.dst,datasets\public_benchmark_v1_ext33\quickdraw_10\qd_007_mask.png,warning,0.19944119,21,4,0.0,0,232.5372,0.0,8074,12913,15274,8074,7200,12544,2730,1.0,0.528611,0.971424,0.821265,0.178735,2,2,90.0,0.30403879
qd_007,QuickDraw,moon,public_benchmark_v1_ext33_mask_fill_edgewalk_nearestrow_rows16_p40,results\public_benchmark_v1_ext33_mask_fill_edgewalk_nearestrow_rows16_p40\qd_007\prediction.dst,datasets\public_benchmark_v1_ext33\quickdraw_10\qd_007_mask.png,warning,0.19944119,21,4,0.0,0,232.5372,0.0,8074,12913,15274,8074,7200,12544,2730,1.0,0.528611,0.971424,0.821265,0.178735,2,2,90.0,0.30403879
qd_007,QuickDraw,moon,public_benchmark_v1_ext33_mask_fill_edgewalk_nearestrow_safeadt_rows16_p40,results\public_benchmark_v1_ext33_mask_fill_edgewalk_nearestrow_safeadt_rows16_p40\qd_007\prediction.dst,datasets\public_benchmark_v1_ext33\quickdraw_10\qd_007_mask.png,warning,0.16217733,18,2,0.0,0,193.0417,0.0,8074,12913,26908,8074,18834,12913,13995,1.0,0.300059,1.0,0.479894,0.520106,2,2,90.0,0.30539429
qd_007,QuickDraw,moon,public_benchmark_v1_ext33_mask_fill_edgewalk_nearestrow_safeadt_t2m5_r035_a32_rows16_p40,results\public_benchmark_v1_ext33_mask_fill_edgewalk_nearestrow_safeadt_t2m5_r035_a32_rows16_p40\qd_007\prediction.dst,datasets\public_benchmark_v1_ext33\quickdraw_10\qd_007_mask.png,warning,0.16217733,18,2,0.0,0,193.0417,0.0,8074,12913,26908,8074,18834,12913,13995,1.0,0.300059,1.0,0.479894,0.520106,2,2,90.0,0.30539429
qd_007,QuickDraw,moon,public_benchmark_v1_ext33_mask_fill_edgewalk_nearestrow_safeadt_t2m5_r055_a64_rows16_p40,results\public_benchmark_v1_ext33_mask_fill_edgewalk_nearestrow_safeadt_t2m5_r055_a64_rows16_p40\qd_007\prediction.dst,datasets\public_benchmark_v1_ext33\quickdraw_10\qd_007_mask.png,warning,0.16217733,18,2,0.0,0,193.0417,0.0,8074,12913,26908,8074,18834,12913,13995,1.0,0.300059,1.0,0.479894,0.520106,2,2,90.0,0.30539429
qd_007,QuickDraw,moon,public_benchmark_v1_ext33_mask_fill_edgewalk_nearestrow_segvalid_rows16_p40,results\public_benchmark_v1_ext33_mask_fill_edgewalk_nearestrow_segvalid_rows16_p40\qd_007\prediction.dst,datasets\public_benchmark_v1_ext33\quickdraw_10\qd_007_mask.png,warning,0.19944119,21,4,0.0,0,232.5372,0.0,8074,12913,15274,8074,7200,12544,2730,1.0,0.528611,0.971424,0.821265,0.178735,2,2,90.0,0.30403879
qd_007,QuickDraw,moon,public_benchmark_v1_ext33_mask_fill_edgewalk_nearestrow_strict_p20_rows16,results\public_benchmark_v1_ext33_mask_fill_edgewalk_nearestrow_strict_p20_rows16\qd_007\prediction.dst,datasets\public_benchmark_v1_ext33\quickdraw_10\qd_007_mask.png,warning,0.21604808,23,4,0.0,0,251.5024,0.0,8074,12913,15078,8074,7004,12530,2548,1.0,0.535482,0.97034,0.831012,0.168988,2,2,90.0,0.32708616
qd_007,QuickDraw,moon,public_benchmark_v1_ext33_mask_fill_edgewalk_nearestrow_strict_p40_rows16,results\public_benchmark_v1_ext33_mask_fill_edgewalk_nearestrow_strict_p40_rows16\qd_007\prediction.dst,datasets\public_benchmark_v1_ext33\quickdraw_10\qd_007_mask.png,warning,0.19944119,21,4,0.0,0,232.5372,0.0,8074,12913,15274,8074,7200,12544,2730,1.0,0.528611,0.971424,0.821265,0.178735,2,2,90.0,0.30403879
qd_007,QuickDraw,moon,public_benchmark_v1_ext33_mask_fill_edgewalk_outline_ext_in2_rows16_p40,results\public_benchmark_v1_ext33_mask_fill_edgewalk_outline_ext_in2_rows16_p40\qd_007\prediction.dst,datasets\public_benchmark_v1_ext33\quickdraw_10\qd_007_mask.png,hard_fail,0.4,493,74,0.0,0,5438.4645,0.0,8074,12913,19003,8074,10929,12894,6109,1.0,0.42488,0.998529,0.678524,0.321476,2,2,90.0,2.55543616
qd_007,QuickDraw,moon,public_benchmark_v1_ext33_mask_fill_edgewalk_outline_ext_in3_rows16_p40,results\public_benchmark_v1_ext33_mask_fill_edgewalk_outline_ext_in3_rows16_p40\qd_007\prediction.dst,datasets\public_benchmark_v1_ext33\quickdraw_10\qd_007_mask.png,hard_fail,0.4,500,74,0.0,0,5550.4118,0.0,8074,12913,17729,8074,9655,12733,4996,1.0,0.455412,0.986061,0.718202,0.281798,2,2,90.0,2.57708768
qd_007,QuickDraw,moon,public_benchmark_v1_ext33_mask_fill_edgewalk_outline_ext_rows16_p40,results\public_benchmark_v1_ext33_mask_fill_edgewalk_outline_ext_rows16_p40\qd_007\prediction.dst,datasets\public_benchmark_v1_ext33\quickdraw_10\qd_007_mask.png,hard_fail,0.6777494,494,74,10.3242,3,5438.8979,8.8747,8074,12913,20501,8074,12427,12910,7591,1.0,0.393834,0.999768,0.629725,0.370275,2,2,90.0,3.1882354
qd_007,QuickDraw,moon,public_benchmark_v1_ext33_mask_fill_edgewalk_outline_rows16_p40,results\public_benchmark_v1_ext33_mask_fill_edgewalk_outline_rows16_p40\qd_007\prediction.dst,datasets\public_benchmark_v1_ext33\quickdraw_10\qd_007_mask.png,hard_fail,0.6777494,493,74,10.3242,3,5433.3514,8.8747,8074,12913,20501,8074,12427,12910,7591,1.0,0.393834,0.999768,0.629725,0.370275,2,2,90.0,3.1842354
qd_007,QuickDraw,moon,public_benchmark_v1_ext33_mask_fill_edgewalk_rows16_p24,results\public_benchmark_v1_ext33_mask_fill_edgewalk_rows16_p24\qd_007\prediction.dst,datasets\public_benchmark_v1_ext33\quickdraw_10\qd_007_mask.png,hard_fail,0.4,502,76,0.0,0,5554.9556,0.0,8074,12913,16893,8074,8819,12690,4203,1.0,0.477949,0.982731,0.751199,0.248801,2,2,90.0,2.58380816
qd_007,QuickDraw,moon,public_benchmark_v1_ext33_mask_fill_edgewalk_rows16_p40,results\public_benchmark_v1_ext33_mask_fill_edgewalk_rows16_p40\qd_007\prediction.dst,datasets\public_benchmark_v1_ext33\quickdraw_10\qd_007_mask.png,hard_fail,0.4,486,72,0.0,0,5379.0976,0.0,8074,12913,17728,8074,9654,12733,4995,1.0,0.455438,0.986061,0.718242,0.281758,2,2,90.0,2.51708128
qd_007,QuickDraw,moon,public_benchmark_v1_ext33_mask_fill_edgewalk_rows20_p24,results\public_benchmark_v1_ext33_mask_fill_edgewalk_rows20_p24\qd_007\prediction.dst,datasets\public_benchmark_v1_ext33\quickdraw_10\qd_007_mask.png,hard_fail,0.4,420,63,0.0,0,4651.4785,0.0,8074,12913,16250,8037,8213,12368,3882,0.995417,0.494585,0.957794,0.761108,0.238892,2,2,90.0,2.22822272
qd_007,QuickDraw,moon,public_benchmark_v1_ext33_mask_fill_edgewalk_satin_w4_s6_i3,results\public_benchmark_v1_ext33_mask_fill_edgewalk_satin_w4_s6_i3\qd_007\prediction.dst,datasets\public_benchmark_v1_ext33\quickdraw_10\qd_007_mask.png,hard_fail,0.4,500,74,0.0,0,5549.3333,0.0,8074,12913,17890,8074,9816,12733,5157,1.0,0.451314,0.986061,0.711738,0.288262,2,2,90.0,2.57812192
qd_007,QuickDraw,moon,public_benchmark_v1_ext33_mask_fill_edgewalk_satin_w6_s5_i3,results\public_benchmark_v1_ext33_mask_fill_edgewalk_satin_w6_s5_i3\qd_007\prediction.dst,datasets\public_benchmark_v1_ext33\quickdraw_10\qd_007_mask.png,hard_fail,0.4,499,74,0.0,0,5548.1173,0.0,8074,12913,17897,8074,9823,12733,5164,1.0,0.451137,0.986061,0.71146,0.28854,2,2,90.0,2.5741664
qd_007,QuickDraw,moon,public_benchmark_v1_ext33_mask_fill_edgewalk_satin_w8_s7_i4,results\public_benchmark_v1_ext33_mask_fill_edgewalk_satin_w8_s7_i4\qd_007\prediction.dst,datasets\public_benchmark_v1_ext33\quickdraw_10\qd_007_mask.png,hard_fail,0.4,486,72,0.0,0,5379.0976,0.0,8074,12913,17728,8074,9654,12733,4995,1.0,0.455438,0.986061,0.718242,0.281758,2,2,90.0,2.51708128
qd_007,QuickDraw,moon,public_benchmark_v1_ext33_mask_fill_edgewalk_satinrail_w10_s8_i5,results\public_benchmark_v1_ext33_mask_fill_edgewalk_satinrail_w10_s8_i5\qd_007\prediction.dst,datasets\public_benchmark_v1_ext33\quickdraw_10\qd_007_mask.png,hard_fail,0.4,486,72,0.0,0,5379.0976,0.0,8074,12913,17728,8074,9654,12733,4995,1.0,0.455438,0.986061,0.718242,0.281758,2,2,90.0,2.51708128
qd_007,QuickDraw,moon,public_benchmark_v1_ext33_mask_fill_edgewalk_satinrail_w6_s6_i3,results\public_benchmark_v1_ext33_mask_fill_edgewalk_satinrail_w6_s6_i3\qd_007\prediction.dst,datasets\public_benchmark_v1_ext33\quickdraw_10\qd_007_mask.png,hard_fail,0.4,499,74,0.0,0,5548.8318,0.0,8074,12913,17835,8074,9761,12733,5102,1.0,0.452705,0.986061,0.713933,0.286067,2,2,90.0,2.57377072
qd_007,QuickDraw,moon,public_benchmark_v1_ext33_mask_fill_edgewalk_satinrail_w8_s7_i4,results\public_benchmark_v1_ext33_mask_fill_edgewalk_satinrail_w8_s7_i4\qd_007\prediction.dst,datasets\public_benchmark_v1_ext33\quickdraw_10\qd_007_mask.png,hard_fail,0.4,486,72,0.0,0,5379.0976,0.0,8074,12913,17728,8074,9654,12733,4995,1.0,0.455438,0.986061,0.718242,0.281758,2,2,90.0,2.51708128
qd_007,QuickDraw,moon,public_benchmark_v1_ext33_mask_fill_edgewalk_styleaware_r008_d45,results\public_benchmark_v1_ext33_mask_fill_edgewalk_styleaware_r008_d45\qd_007\prediction.dst,datasets\public_benchmark_v1_ext33\quickdraw_10\qd_007_mask.png,hard_fail,0.29787402,69,12,0.0,0,808.563,0.0,8074,12913,12343,8005,4338,11912,431,0.991454,0.648546,0.922481,0.965081,0.034919,2,2,90.0,0.5999763
qd_007,QuickDraw,moon,public_benchmark_v1_ext33_mask_fill_nearestrow_strict_short_rows16,results\public_benchmark_v1_ext33_mask_fill_nearestrow_strict_short_rows16\qd_007\prediction.dst,datasets\public_benchmark_v1_ext33\quickdraw_10\qd_007_mask.png,hard_fail,0.23290395,27,4,0.0,0,278.2483,0.0,8074,12913,14986,8074,6912,12524,2462,1.0,0.53877,0.969875,0.835713,0.164287,2,2,90.0,0.35918987
qd_007,QuickDraw,moon,public_benchmark_v1_ext33_mask_fill_rows12_c10,results\public_benchmark_v1_ext33_mask_fill_rows12_c10\qd_007\prediction.dst,datasets\public_benchmark_v1_ext33\quickdraw_10\qd_007_mask.png,hard_fail,0.4,913,126,0.0,0,10007.5868,0.0,8074,12913,16369,8074,8295,12911,3458,1.0,0.493249,0.999845,0.788747,0.211253,2,2,90.0,4.32180048
qd_007,QuickDraw,moon,public_benchmark_v1_ext33_mask_fill_rows12_c6,results\public_benchmark_v1_ext33_mask_fill_rows12_c6\qd_007\prediction.dst,datasets\public_benchmark_v1_ext33\quickdraw_10\qd_007_mask.png,hard_fail,0.4,934,126,0.0,0,10179.4989,0.0,8074,12913,16049,8074,7975,12911,3138,1.0,0.503084,0.999845,0.804474,0.195526,2,2,90.0,4.40328416
qd_007,QuickDraw,moon,public_benchmark_v1_ext33_mask_fill_rows16_c12_in025,results\public_benchmark_v1_ext33_mask_fill_rows16_c12_in025\qd_007\prediction.dst,datasets\public_benchmark_v1_ext33\quickdraw_10\qd_007_mask.png,hard_fail,0.4,548,76,0.0,0,5988.6095,0.0,8074,12913,15066,8074,6992,12581,2485,1.0,0.535909,0.974289,0.835059,0.164941,2,2,90.0,2.75439056
qd_007,QuickDraw,moon,public_benchmark_v1_ext33_mask_fill_rows16_c12_in050,results\public_benchmark_v1_ext33_mask_fill_rows16_c12_in050\qd_007\prediction.dst,datasets\public_benchmark_v1_ext33\quickdraw_10\qd_007_mask.png,hard_fail,0.4,548,76,0.0,0,5988.6095,0.0,8074,12913,15066,8074,6992,12581,2485,1.0,0.535909,0.974289,0.835059,0.164941,2,2,90.0,2.75439056
qd_007,QuickDraw,moon,public_benchmark_v1_ext33_mask_fill_rows16_c6,results\public_benchmark_v1_ext33_mask_fill_rows16_c6\qd_007\prediction.dst,datasets\public_benchmark_v1_ext33\quickdraw_10\qd_007_mask.png,hard_fail,0.4,560,76,0.0,0,6091.8036,0.0,8074,12913,14725,8074,6651,12518,2207,1.0,0.548319,0.969411,0.850119,0.149881,2,2,90.0,2.79998096
qd_007,QuickDraw,moon,public_benchmark_v1_ext33_mask_fill_rows20_c12_in050,results\public_benchmark_v1_ext33_mask_fill_rows20_c12_in050\qd_007\prediction.dst,datasets\public_benchmark_v1_ext33\quickdraw_10\qd_007_mask.png,hard_fail,0.55921208,463,63,4.2071,2,5052.8723,5.6095,8074,12913,14402,7953,6449,12015,2387,0.985014,0.552215,0.930458,0.834259,0.165741,2,2,90.0,2.75094668
qd_008,QuickDraw,star,public_benchmark_v1_ext33_all_skeleton_connect20_trimcap20,results\public_benchmark_v1_ext33_all_skeleton_connect20_trimcap20\qd_008\prediction.dst,datasets\public_benchmark_v1_ext33\quickdraw_10\qd_008_mask.png,pass,0.11241589,12,2,0.0,0,137.9966,0.0,5902,9332,8728,5877,2851,8541,187,0.995764,0.67335,0.915238,0.978575,0.021425,2,2,90.0,0.16738733
qd_008,QuickDraw,star,public_benchmark_v1_ext33_all_skeleton_connect30_min12_trimcap20,results\public_benchmark_v1_ext33_all_skeleton_connect30_min12_trimcap20\qd_008\prediction.dst,datasets\public_benchmark_v1_ext33\quickdraw_10\qd_008_mask.png,pass,0.12903111,14,2,0.0,0,157.2221,0.0,5902,9332,8685,5835,2850,8480,205,0.988648,0.671848,0.908701,0.976396,0.023604,2,2,90.0,0.19278699
qd_008,QuickDraw,star,public_benchmark_v1_ext33_all_skeleton_connect30_min20_trimcap20,results\public_benchmark_v1_ext33_all_skeleton_connect30_min20_trimcap20\qd_008\prediction.dst,datasets\public_benchmark_v1_ext33\quickdraw_10\qd_008_mask.png,pass,0.13715781,15,2,0.0,0,161.1816,0.0,5902,9332,8526,5713,2813,8321,205,0.967977,0.670068,0.891663,0.975956,0.024044,2,2,90.0,0.20792009
qd_008,QuickDraw,star,public_benchmark_v1_ext33_all_skeleton_connect30_min8_trimcap20,results\public_benchmark_v1_ext33_all_skeleton_connect30_min8_trimcap20\qd_008\prediction.dst,datasets\public_benchmark_v1_ext33\quickdraw_10\qd_008_mask.png,pass,0.12903111,14,2,0.0,0,157.2221,0.0,5902,9332,8685,5835,2850,8480,205,0.988648,0.671848,0.908701,0.976396,0.023604,2,2,90.0,0.19278699
qd_008,QuickDraw,star,public_benchmark_v1_ext33_all_skeleton_connect30_trimcap20,results\public_benchmark_v1_ext33_all_skeleton_connect30_trimcap20\qd_008\prediction.dst,datasets\public_benchmark_v1_ext33\quickdraw_10\qd_008_mask.png,pass,0.11241589,12,2,0.0,0,137.9966,0.0,5902,9332,8728,5877,2851,8541,187,0.995764,0.67335,0.915238,0.978575,0.021425,2,2,90.0,0.16738733
qd_008,QuickDraw,star,public_benchmark_v1_ext33_auto_hybrid_evalrepair_r10_c20_trimcap20,results\public_benchmark_v1_ext33_auto_hybrid_evalrepair_r10_c20_trimcap20\qd_008\prediction.dst,datasets\public_benchmark_v1_ext33\quickdraw_10\qd_008_mask.png,pass,0.11241589,12,2,0.0,0,137.9966,0.0,5902,9332,8728,5877,2851,8541,187,0.995764,0.67335,0.915238,0.978575,0.021425,2,2,90.0,0.16738733
qd_008,QuickDraw,star,public_benchmark_v1_ext33_auto_hybrid_evalrepair_r10_inside085_c20_trimcap20,results\public_benchmark_v1_ext33_auto_hybrid_evalrepair_r10_inside085_c20_trimcap20\qd_008\prediction.dst,datasets\public_benchmark_v1_ext33\quickdraw_10\qd_008_mask.png,pass,0.11241589,12,2,0.0,0,137.9966,0.0,5902,9332,8728,5877,2851,8541,187,0.995764,0.67335,0.915238,0.978575,0.021425,2,2,90.0,0.16738733
qd_008,QuickDraw,star,public_benchmark_v1_ext33_auto_hybrid_evalrepair_r10_inside090_c20_trimcap20,results\public_benchmark_v1_ext33_auto_hybrid_evalrepair_r10_inside090_c20_trimcap20\qd_008\prediction.dst,datasets\public_benchmark_v1_ext33\quickdraw_10\qd_008_mask.png,pass,0.11241589,12,2,0.0,0,137.9966,0.0,5902,9332,8728,5877,2851,8541,187,0.995764,0.67335,0.915238,0.978575,0.021425,2,2,90.0,0.16738733
qd_008,QuickDraw,star,public_benchmark_v1_ext33_auto_hybrid_evalrepair_r15_c20_trimcap20,results\public_benchmark_v1_ext33_auto_hybrid_evalrepair_r15_c20_trimcap20\qd_008\prediction.dst,datasets\public_benchmark_v1_ext33\quickdraw_10\qd_008_mask.png,pass,0.11241589,12,2,0.0,0,137.9966,0.0,5902,9332,8728,5877,2851,8541,187,0.995764,0.67335,0.915238,0.978575,0.021425,2,2,90.0,0.16738733
qd_008,QuickDraw,star,public_benchmark_v1_ext33_auto_hybrid_evalrepair_r15_inside090_c20_trimcap20,results\public_benchmark_v1_ext33_auto_hybrid_evalrepair_r15_inside090_c20_trimcap20\qd_008\prediction.dst,datasets\public_benchmark_v1_ext33\quickdraw_10\qd_008_mask.png,pass,0.11241589,12,2,0.0,0,137.9966,0.0,5902,9332,8728,5877,2851,8541,187,0.995764,0.67335,0.915238,0.978575,0.021425,2,2,90.0,0.16738733
qd_008,QuickDraw,star,public_benchmark_v1_ext33_auto_hybrid_r10_c16_trimcap20,results\public_benchmark_v1_ext33_auto_hybrid_r10_c16_trimcap20\qd_008\prediction.dst,datasets\public_benchmark_v1_ext33\quickdraw_10\qd_008_mask.png,pass,0.11241589,12,2,0.0,0,137.9966,0.0,5902,9332,8728,5877,2851,8541,187,0.995764,0.67335,0.915238,0.978575,0.021425,2,2,90.0,0.16738733
qd_008,QuickDraw,star,public_benchmark_v1_ext33_auto_hybrid_r10_c20_trimcap20,results\public_benchmark_v1_ext33_auto_hybrid_r10_c20_trimcap20\qd_008\prediction.dst,datasets\public_benchmark_v1_ext33\quickdraw_10\qd_008_mask.png,pass,0.11241589,12,2,0.0,0,137.9966,0.0,5902,9332,8728,5877,2851,8541,187,0.995764,0.67335,0.915238,0.978575,0.021425,2,2,90.0,0.16738733
qd_008,QuickDraw,star,public_benchmark_v1_ext33_auto_hybrid_r125_c16_trimcap20,results\public_benchmark_v1_ext33_auto_hybrid_r125_c16_trimcap20\qd_008\prediction.dst,datasets\public_benchmark_v1_ext33\quickdraw_10\qd_008_mask.png,pass,0.11241589,12,2,0.0,0,137.9966,0.0,5902,9332,8728,5877,2851,8541,187,0.995764,0.67335,0.915238,0.978575,0.021425,2,2,90.0,0.16738733
qd_008,QuickDraw,star,public_benchmark_v1_ext33_auto_hybrid_r125_c20_trimcap20,results\public_benchmark_v1_ext33_auto_hybrid_r125_c20_trimcap20\qd_008\prediction.dst,datasets\public_benchmark_v1_ext33\quickdraw_10\qd_008_mask.png,pass,0.11241589,12,2,0.0,0,137.9966,0.0,5902,9332,8728,5877,2851,8541,187,0.995764,0.67335,0.915238,0.978575,0.021425,2,2,90.0,0.16738733
qd_008,QuickDraw,star,public_benchmark_v1_ext33_auto_hybrid_skeleton_connect12_trimcap20,results\public_benchmark_v1_ext33_auto_hybrid_skeleton_connect12_trimcap20\qd_008\prediction.dst,datasets\public_benchmark_v1_ext33\quickdraw_10\qd_008_mask.png,pass,0.120824,13,2,0.0,0,150.75,0.0,5902,9332,8647,5877,2770,8521,126,0.995764,0.679658,0.913095,0.985428,0.014572,2,2,90.0,0.1800526
qd_008,QuickDraw,star,public_benchmark_v1_ext33_b0_m2_1_globalrepair20,results\public_benchmark_v1_ext33_b0_m2_1_globalrepair20\qd_008\prediction.dst,datasets\public_benchmark_v1_ext33\quickdraw_10\qd_008_mask.png,hard_fail,0.34916414,6,0,6648.4543,1549,36.3794,5817.3565,5902,9332,28464,5764,22700,8617,19847,0.976618,0.202501,0.923382,0.302733,0.697267,2,2,90.0,190.87553458
qd_008,QuickDraw,star,public_benchmark_v1_ext33_m2_4_coverage_rerank,results\public_benchmark_v1_ext33_m2_4_coverage_rerank\qd_008\prediction.dst,datasets\public_benchmark_v1_ext33\quickdraw_10\qd_008_mask.png,pass,0.11241589,12,2,0.0,0,137.9966,0.0,5902,9332,8728,5877,2851,8541,187,0.995764,0.67335,0.915238,0.978575,0.021425,2,2,90.0,0.16738733
qd_008,QuickDraw,star,public_benchmark_v1_ext33_m2_4_coverage_rerank_connect30,results\public_benchmark_v1_ext33_m2_4_coverage_rerank_connect30\qd_008\prediction.dst,datasets\public_benchmark_v1_ext33\quickdraw_10\qd_008_mask.png,pass,0.11241589,12,2,0.0,0,137.9966,0.0,5902,9332,8728,5877,2851,8541,187,0.995764,0.67335,0.915238,0.978575,0.021425,2,2,90.0,0.16738733
qd_008,QuickDraw,star,public_benchmark_v1_ext33_m2_4_coverage_rerank_min12,results\public_benchmark_v1_ext33_m2_4_coverage_rerank_min12\qd_008\prediction.dst,datasets\public_benchmark_v1_ext33\quickdraw_10\qd_008_mask.png,pass,0.11241589,12,2,0.0,0,137.9966,0.0,5902,9332,8728,5877,2851,8541,187,0.995764,0.67335,0.915238,0.978575,0.021425,2,2,90.0,0.16738733
qd_008,QuickDraw,star,public_benchmark_v1_ext33_m2_4_coverage_rerank_min20,results\public_benchmark_v1_ext33_m2_4_coverage_rerank_min20\qd_008\prediction.dst,datasets\public_benchmark_v1_ext33\quickdraw_10\qd_008_mask.png,pass,0.11241589,12,2,0.0,0,137.9966,0.0,5902,9332,8728,5877,2851,8541,187,0.995764,0.67335,0.915238,0.978575,0.021425,2,2,90.0,0.16738733
qd_008,QuickDraw,star,public_benchmark_v1_ext33_m2_4_coverage_rerank_min8,results\public_benchmark_v1_ext33_m2_4_coverage_rerank_min8\qd_008\prediction.dst,datasets\public_benchmark_v1_ext33\quickdraw_10\qd_008_mask.png,pass,0.11241589,12,2,0.0,0,137.9966,0.0,5902,9332,8728,5877,2851,8541,187,0.995764,0.67335,0.915238,0.978575,0.021425,2,2,90.0,0.16738733
qd_008,QuickDraw,star,public_benchmark_v1_ext33_m2_51_sweeptuned_gate_balanced_applied,results\public_benchmark_v1_ext33_m2_51_sweeptuned_gate_balanced_applied\qd_008\prediction.dst,datasets\public_benchmark_v1_ext33\quickdraw_10\qd_008_mask.png,excellent,0.03308916,4,0,0.0,0,34.0361,0.0,5902,9332,7970,5847,2123,7902,68,0.990681,0.733626,0.846764,0.991468,0.008532,2,2,90.0,0.06027748
qd_008,QuickDraw,star,public_benchmark_v1_ext33_m2_51_sweeptuned_gate_low_jump_applied,results\public_benchmark_v1_ext33_m2_51_sweeptuned_gate_low_jump_applied\qd_008\prediction.dst,datasets\public_benchmark_v1_ext33\quickdraw_10\qd_008_mask.png,excellent,0.03308916,4,0,0.0,0,34.0361,0.0,5902,9332,7970,5847,2123,7902,68,0.990681,0.733626,0.846764,0.991468,0.008532,2,2,90.0,0.06027748
qd_008,QuickDraw,star,public_benchmark_v1_ext33_m2_55_line_domain_guard_low_jump,results\public_benchmark_v1_ext33_m2_55_line_domain_guard_low_jump\qd_008\prediction.dst,datasets\public_benchmark_v1_ext33\quickdraw_10\qd_008_mask.png,excellent,0.03308916,4,0,0.0,0,34.0361,0.0,5902,9332,7970,5847,2123,7902,68,0.990681,0.733626,0.846764,0.991468,0.008532,2,2,90.0,0.06027748
qd_008,QuickDraw,star,public_benchmark_v1_ext33_m2_56_line_stroke_d0_c12_i090,results\public_benchmark_v1_ext33_m2_56_line_stroke_d0_c12_i090\qd_008\prediction.dst,datasets\public_benchmark_v1_ext33\quickdraw_10\qd_008_mask.png,pass,0.1373009,15,2,0.0,0,165.653,0.0,5902,9332,8552,5814,2738,8426,126,0.98509,0.679841,0.902915,0.985267,0.014733,2,2,90.0,0.2057511
qd_008,QuickDraw,star,public_benchmark_v1_ext33_m2_56_line_stroke_d0_c12_i090_min12,results\public_benchmark_v1_ext33_m2_56_line_stroke_d0_c12_i090_min12\qd_008\prediction.dst,datasets\public_benchmark_v1_ext33\quickdraw_10\qd_008_mask.png,pass,0.1373009,15,2,0.0,0,165.653,0.0,5902,9332,8552,5814,2738,8426,126,0.98509,0.679841,0.902915,0.985267,0.014733,2,2,90.0,0.2057511
qd_008,QuickDraw,star,public_benchmark_v1_ext33_m2_56_line_stroke_d0_c12_i090_min20,results\public_benchmark_v1_ext33_m2_56_line_stroke_d0_c12_i090_min20\qd_008\prediction.dst,datasets\public_benchmark_v1_ext33\quickdraw_10\qd_008_mask.png,warning,0.1454276,16,2,0.0,0,169.6125,0.0,5902,9332,8371,5677,2694,8245,126,0.961877,0.678175,0.883519,0.984948,0.015052,2,2,90.0,0.22165516
qd_008,QuickDraw,star,public_benchmark_v1_ext33_m2_56_line_stroke_d0_c12_i090_min30,results\public_benchmark_v1_ext33_m2_56_line_stroke_d0_c12_i090_min30\qd_008\prediction.dst,datasets\public_benchmark_v1_ext33\quickdraw_10\qd_008_mask.png,warning,0.15155225,16,3,0.0,0,173.5078,0.0,5902,9332,7681,5129,2552,7550,131,0.869027,0.667752,0.809044,0.982945,0.017055,2,2,90.0,0.24614481
qd_008,QuickDraw,star,public_benchmark_v1_ext33_m2_56_line_stroke_d0_c8_i095,results\public_benchmark_v1_ext33_m2_56_line_stroke_d0_c8_i095\qd_008\prediction.dst,datasets\public_benchmark_v1_ext33\quickdraw_10\qd_008_mask.png,warning,0.14573822,16,2,0.0,0,179.3193,0.0,5902,9332,8595,5877,2718,8477,118,0.995764,0.68377,0.90838,0.986271,0.013729,2,2,90.0,0.21753262
qd_008,QuickDraw,star,public_benchmark_v1_ext33_m2_56_line_stroke_d1_c10_i090,results\public_benchmark_v1_ext33_m2_56_line_stroke_d1_c10_i090\qd_008\prediction.dst,datasets\public_benchmark_v1_ext33\quickdraw_10\qd_008_mask.png,pass,0.120824,13,2,0.0,0,150.75,0.0,5902,9332,8647,5877,2770,8521,126,0.995764,0.679658,0.913095,0.985428,0.014572,2,2,90.0,0.1800526
qd_008,QuickDraw,star,public_benchmark_v1_ext33_m2_56_line_stroke_d1_c12_i090_min20,results\public_benchmark_v1_ext33_m2_56_line_stroke_d1_c12_i090_min20\qd_008\prediction.dst,datasets\public_benchmark_v1_ext33\quickdraw_10\qd_008_mask.png,warning,0.1454276,16,2,0.0,0,169.6125,0.0,5902,9332,8371,5677,2694,8245,126,0.961877,0.678175,0.883519,0.984948,0.015052,2,2,90.0,0.22165516
qd_008,QuickDraw,star,public_benchmark_v1_ext33_m2_56_line_stroke_d1_c6_i095,results\public_benchmark_v1_ext33_m2_56_line_stroke_d1_c6_i095\qd_008\prediction.dst,datasets\public_benchmark_v1_ext33\quickdraw_10\qd_008_mask.png,warning,0.15390137,17,2,0.0,0,184.4177,0.0,5902,9332,8510,5814,2696,8392,118,0.98509,0.683196,0.899271,0.986134,0.013866,2,2,90.0,0.23078885
qd_008,QuickDraw,star,public_benchmark_v1_ext33_m2_56_line_stroke_d2_c12_i085_min20,results\public_benchmark_v1_ext33_m2_56_line_stroke_d2_c12_i085_min20\qd_008\prediction.dst,datasets\public_benchmark_v1_ext33\quickdraw_10\qd_008_mask.png,warning,0.1454276,16,2,0.0,0,169.6125,0.0,5902,9332,8371,5677,2694,8245,126,0.961877,0.678175,0.883519,0.984948,0.015052,2,2,90.0,0.22165516
qd_008,QuickDraw,star,public_benchmark_v1_ext33_m2_56_line_stroke_d3_c18,results\public_benchmark_v1_ext33_m2_56_line_stroke_d3_c18\qd_008\prediction.dst,datasets\public_benchmark_v1_ext33\quickdraw_10\qd_008_mask.png,pass,0.23208946,12,2,3.8474,1,137.9966,3.2202,5902,9332,8728,5877,2851,8541,187,0.995764,0.67335,0.915238,0.978575,0.021425,2,2,90.0,0.4055349
qd_008,QuickDraw,star,public_benchmark_v1_ext33_m2_56_line_stroke_selector_probe,results\public_benchmark_v1_ext33_m2_56_line_stroke_selector_probe\qd_008\prediction.dst,datasets\public_benchmark_v1_ext33\quickdraw_10\qd_008_mask.png,excellent,0.03308916,4,0,0.0,0,34.0361,0.0,5902,9332,7970,5847,2123,7902,68,0.990681,0.733626,0.846764,0.991468,0.008532,2,2,90.0,0.06027748
qd_008,QuickDraw,star,public_benchmark_v1_ext33_m2_57_topology_open_d0_c12_i090_min12,results\public_benchmark_v1_ext33_m2_57_topology_open_d0_c12_i090_min12\qd_008\prediction.dst,datasets\public_benchmark_v1_ext33\quickdraw_10\qd_008_mask.png,excellent,0.04997875,6,0,0.0,0,61.8359,0.0,5902,9332,8592,5872,2720,8477,115,0.994917,0.683426,0.90838,0.986615,0.013385,2,2,90.0,0.07777315
qd_008,QuickDraw,star,public_benchmark_v1_ext33_m2_57_topology_open_d0_c12_i090_min20,results\public_benchmark_v1_ext33_m2_57_topology_open_d0_c12_i090_min20\qd_008\prediction.dst,datasets\public_benchmark_v1_ext33\quickdraw_10\qd_008_mask.png,excellent,0.05824854,7,0,0.0,0,70.2668,0.0,5902,9332,8325,5672,2653,8210,115,0.96103,0.681321,0.879769,0.986186,0.013814,2,2,90.0,0.09499386
qd_008,QuickDraw,star,public_benchmark_v1_ext33_m2_57_topology_open_d0_c12_i090_min30,results\public_benchmark_v1_ext33_m2_57_topology_open_d0_c12_i090_min30\qd_008\prediction.dst,datasets\public_benchmark_v1_ext33\quickdraw_10\qd_008_mask.png,excellent,0.08087033,9,1,0.0,0,89.6979,0.0,5902,9332,7512,5022,2490,7397,115,0.850898,0.66853,0.792649,0.984691,0.015309,2,2,90.0,0.14688061
qd_008,QuickDraw,star,public_benchmark_v1_ext33_m2_57_topology_open_d0_c16_i085_min20,results\public_benchmark_v1_ext33_m2_57_topology_open_d0_c16_i085_min20\qd_008\prediction.dst,datasets\public_benchmark_v1_ext33\quickdraw_10\qd_008_mask.png,excellent,0.05824854,7,0,0.0,0,70.2668,0.0,5902,9332,8325,5672,2653,8210,115,0.96103,0.681321,0.879769,0.986186,0.013814,2,2,90.0,0.09499386
qd_008,QuickDraw,star,public_benchmark_v1_ext33_m2_57_topology_open_d0_c20_i080_min30,results\public_benchmark_v1_ext33_m2_57_topology_open_d0_c20_i080_min30\qd_008\prediction.dst,datasets\public_benchmark_v1_ext33\quickdraw_10\qd_008_mask.png,excellent,0.08087033,9,1,0.0,0,89.6979,0.0,5902,9332,7512,5022,2490,7397,115,0.850898,0.66853,0.792649,0.984691,0.015309,2,2,90.0,0.14688061
qd_008,QuickDraw,star,public_benchmark_v1_ext33_m2_57_topology_open_d0_c20_i080_min40,results\public_benchmark_v1_ext33_m2_57_topology_open_d0_c20_i080_min40\qd_008\prediction.dst,datasets\public_benchmark_v1_ext33\quickdraw_10\qd_008_mask.png,excellent,0.08108373,9,1,0.0,0,96.3666,0.0,5902,9332,7186,4758,2428,7071,115,0.806167,0.662121,0.757715,0.983997,0.016003,2,2,90.0,0.15486457
qd_008,QuickDraw,star,public_benchmark_v1_ext33_m2_57_topology_open_d0_c24_i075_min40,results\public_benchmark_v1_ext33_m2_57_topology_open_d0_c24_i075_min40\qd_008\prediction.dst,datasets\public_benchmark_v1_ext33\quickdraw_10\qd_008_mask.png,excellent,0.08108373,9,1,0.0,0,96.3666,0.0,5902,9332,7186,4758,2428,7071,115,0.806167,0.662121,0.757715,0.983997,0.016003,2,2,90.0,0.15486457
qd_008,QuickDraw,star,public_benchmark_v1_ext33_m2_57_topology_open_d0_c24_i075_min60,results\public_benchmark_v1_ext33_m2_57_topology_open_d0_c24_i075_min60\qd_008\prediction.dst,datasets\public_benchmark_v1_ext33\quickdraw_10\qd_008_mask.png,excellent,0.08108373,9,1,0.0,0,96.3666,0.0,5902,9332,7186,4758,2428,7071,115,0.806167,0.662121,0.757715,0.983997,0.016003,2,2,90.0,0.15486457
qd_008,QuickDraw,star,public_benchmark_v1_ext33_m2_57_topology_open_d0_c30_i070_min100,results\public_benchmark_v1_ext33_m2_57_topology_open_d0_c30_i070_min100\qd_008\prediction.dst,datasets\public_benchmark_v1_ext33\quickdraw_10\qd_008_mask.png,warning,0.23727623,7,1,6.2265,1,68.3973,3.1623,5902,9332,7293,4760,2533,7077,216,0.806506,0.652681,0.758358,0.970383,0.029617,2,2,90.0,0.44521779
qd_008,QuickDraw,star,public_benchmark_v1_ext33_m2_57_topology_open_d0_c30_i070_min80,results\public_benchmark_v1_ext33_m2_57_topology_open_d0_c30_i070_min80\qd_008\prediction.dst,datasets\public_benchmark_v1_ext33\quickdraw_10\qd_008_mask.png,warning,0.23727623,7,1,6.2265,1,68.3973,3.1623,5902,9332,7293,4760,2533,7077,216,0.806506,0.652681,0.758358,0.970383,0.029617,2,2,90.0,0.44521779
qd_008,QuickDraw,star,public_benchmark_v1_ext33_m2_57_topology_open_d1_c16_i085_min20,results\public_benchmark_v1_ext33_m2_57_topology_open_d1_c16_i085_min20\qd_008\prediction.dst,datasets\public_benchmark_v1_ext33\quickdraw_10\qd_008_mask.png,excellent,0.05824854,7,0,0.0,0,70.2668,0.0,5902,9332,8325,5672,2653,8210,115,0.96103,0.681321,0.879769,0.986186,0.013814,2,2,90.0,0.09499386
qd_008,QuickDraw,star,public_benchmark_v1_ext33_m2_57_topology_open_d1_c20_i080_min20,results\public_benchmark_v1_ext33_m2_57_topology_open_d1_c20_i080_min20\qd_008\prediction.dst,datasets\public_benchmark_v1_ext33\quickdraw_10\qd_008_mask.png,excellent,0.05824854,7,0,0.0,0,70.2668,0.0,5902,9332,8325,5672,2653,8210,115,0.96103,0.681321,0.879769,0.986186,0.013814,2,2,90.0,0.09499386
qd_008,QuickDraw,star,public_benchmark_v1_ext33_m2_57_topology_open_d1_c24_i070_min60,results\public_benchmark_v1_ext33_m2_57_topology_open_d1_c24_i070_min60\qd_008\prediction.dst,datasets\public_benchmark_v1_ext33\quickdraw_10\qd_008_mask.png,excellent,0.08108373,9,1,0.0,0,96.3666,0.0,5902,9332,7186,4758,2428,7071,115,0.806167,0.662121,0.757715,0.983997,0.016003,2,2,90.0,0.15486457
qd_008,QuickDraw,star,public_benchmark_v1_ext33_m2_57_topology_open_d1_c24_i075_min40,results\public_benchmark_v1_ext33_m2_57_topology_open_d1_c24_i075_min40\qd_008\prediction.dst,datasets\public_benchmark_v1_ext33\quickdraw_10\qd_008_mask.png,excellent,0.08108373,9,1,0.0,0,96.3666,0.0,5902,9332,7186,4758,2428,7071,115,0.806167,0.662121,0.757715,0.983997,0.016003,2,2,90.0,0.15486457
qd_008,QuickDraw,star,public_benchmark_v1_ext33_m2_57_topology_open_d1_c30_i065_min80,results\public_benchmark_v1_ext33_m2_57_topology_open_d1_c30_i065_min80\qd_008\prediction.dst,datasets\public_benchmark_v1_ext33\quickdraw_10\qd_008_mask.png,warning,0.23727623,7,1,6.2265,1,68.3973,3.1623,5902,9332,7293,4760,2533,7077,216,0.806506,0.652681,0.758358,0.970383,0.029617,2,2,90.0,0.44521779
qd_008,QuickDraw,star,public_benchmark_v1_ext33_m2_57_topology_open_d2_c20_i075_min20,results\public_benchmark_v1_ext33_m2_57_topology_open_d2_c20_i075_min20\qd_008\prediction.dst,datasets\public_benchmark_v1_ext33\quickdraw_10\qd_008_mask.png,excellent,0.05824854,7,0,0.0,0,70.2668,0.0,5902,9332,8325,5672,2653,8210,115,0.96103,0.681321,0.879769,0.986186,0.013814,2,2,90.0,0.09499386
qd_008,QuickDraw,star,public_benchmark_v1_ext33_m2_57_topology_relative_rescue,results\public_benchmark_v1_ext33_m2_57_topology_relative_rescue\qd_008\prediction.dst,datasets\public_benchmark_v1_ext33\quickdraw_10\qd_008_mask.png,excellent,0.03308916,4,0,0.0,0,34.0361,0.0,5902,9332,7970,5847,2123,7902,68,0.990681,0.733626,0.846764,0.991468,0.008532,2,2,90.0,0.06027748
qd_008,QuickDraw,star,public_benchmark_v1_ext33_m2_57_topology_selector_probe_min100,results\public_benchmark_v1_ext33_m2_57_topology_selector_probe_min100\qd_008\prediction.dst,datasets\public_benchmark_v1_ext33\quickdraw_10\qd_008_mask.png,excellent,0.03308916,4,0,0.0,0,34.0361,0.0,5902,9332,7970,5847,2123,7902,68,0.990681,0.733626,0.846764,0.991468,0.008532,2,2,90.0,0.06027748
qd_008,QuickDraw,star,public_benchmark_v1_ext33_m2_57_topology_selector_probe_min100_j14,results\public_benchmark_v1_ext33_m2_57_topology_selector_probe_min100_j14\qd_008\prediction.dst,datasets\public_benchmark_v1_ext33\quickdraw_10\qd_008_mask.png,excellent,0.03308916,4,0,0.0,0,34.0361,0.0,5902,9332,7970,5847,2123,7902,68,0.990681,0.733626,0.846764,0.991468,0.008532,2,2,90.0,0.06027748
qd_008,QuickDraw,star,public_benchmark_v1_ext33_m2_58_coverage_aware_relative_rescue,results\public_benchmark_v1_ext33_m2_58_coverage_aware_relative_rescue\qd_008\prediction.dst,datasets\public_benchmark_v1_ext33\quickdraw_10\qd_008_mask.png,excellent,0.03308916,4,0,0.0,0,34.0361,0.0,5902,9332,7970,5847,2123,7902,68,0.990681,0.733626,0.846764,0.991468,0.008532,2,2,90.0,0.06027748
qd_008,QuickDraw,star,public_benchmark_v1_ext33_m2_59_anchored_quality_rescue_selector,results\public_benchmark_v1_ext33_m2_59_anchored_quality_rescue_selector\qd_008\prediction.dst,datasets\public_benchmark_v1_ext33\quickdraw_10\qd_008_mask.png,excellent,0.03308916,4,0,0.0,0,34.0361,0.0,5902,9332,7970,5847,2123,7902,68,0.990681,0.733626,0.846764,0.991468,0.008532,2,2,90.0,0.06027748
qd_008,QuickDraw,star,public_benchmark_v1_ext33_m2_59_grouped_topology_g_d0_c16_i085_s4_min12_p80,results\public_benchmark_v1_ext33_m2_59_grouped_topology_g_d0_c16_i085_s4_min12_p80\qd_008\prediction.dst,datasets\public_benchmark_v1_ext33\quickdraw_10\qd_008_mask.png,excellent,0.04997875,6,0,0.0,0,61.8359,0.0,5902,9332,8592,5872,2720,8477,115,0.994917,0.683426,0.90838,0.986615,0.013385,2,2,90.0,0.07777315
qd_008,QuickDraw,star,public_benchmark_v1_ext33_m2_59_grouped_topology_g_d0_c16_i090_s3_min20_p80,results\public_benchmark_v1_ext33_m2_59_grouped_topology_g_d0_c16_i090_s3_min20_p80\qd_008\prediction.dst,datasets\public_benchmark_v1_ext33\quickdraw_10\qd_008_mask.png,excellent,0.05824854,7,0,0.0,0,70.2668,0.0,5902,9332,8325,5672,2653,8210,115,0.96103,0.681321,0.879769,0.986186,0.013814,2,2,90.0,0.09499386
qd_008,QuickDraw,star,public_benchmark_v1_ext33_m2_59_grouped_topology_g_d0_c18_i092_s4_min12_p100,results\public_benchmark_v1_ext33_m2_59_grouped_topology_g_d0_c18_i092_s4_min12_p100\qd_008\prediction.dst,datasets\public_benchmark_v1_ext33\quickdraw_10\qd_008_mask.png,excellent,0.04997875,6,0,0.0,0,61.8359,0.0,5902,9332,8592,5872,2720,8477,115,0.994917,0.683426,0.90838,0.986615,0.013385,2,2,90.0,0.07777315
qd_008,QuickDraw,star,public_benchmark_v1_ext33_m2_59_grouped_topology_g_d0_c18_i095_s3_min12_p120,results\public_benchmark_v1_ext33_m2_59_grouped_topology_g_d0_c18_i095_s3_min12_p120\qd_008\prediction.dst,datasets\public_benchmark_v1_ext33\quickdraw_10\qd_008_mask.png,excellent,0.04997875,6,0,0.0,0,61.8359,0.0,5902,9332,8592,5872,2720,8477,115,0.994917,0.683426,0.90838,0.986615,0.013385,2,2,90.0,0.07777315
qd_008,QuickDraw,star,public_benchmark_v1_ext33_m2_59_grouped_topology_g_d0_c20_i080_s5_min12_p80,results\public_benchmark_v1_ext33_m2_59_grouped_topology_g_d0_c20_i080_s5_min12_p80\qd_008\prediction.dst,datasets\public_benchmark_v1_ext33\quickdraw_10\qd_008_mask.png,excellent,0.04997875,6,0,0.0,0,61.8359,0.0,5902,9332,8592,5872,2720,8477,115,0.994917,0.683426,0.90838,0.986615,0.013385,2,2,90.0,0.07777315
qd_008,QuickDraw,star,public_benchmark_v1_ext33_m2_59_grouped_topology_g_d0_c20_i090_s4_min12_p100,results\public_benchmark_v1_ext33_m2_59_grouped_topology_g_d0_c20_i090_s4_min12_p100\qd_008\prediction.dst,datasets\public_benchmark_v1_ext33\quickdraw_10\qd_008_mask.png,excellent,0.04997875,6,0,0.0,0,61.8359,0.0,5902,9332,8592,5872,2720,8477,115,0.994917,0.683426,0.90838,0.986615,0.013385,2,2,90.0,0.07777315
qd_008,QuickDraw,star,public_benchmark_v1_ext33_m2_59_grouped_topology_g_d0_c20_i095_s4_min12_p100,results\public_benchmark_v1_ext33_m2_59_grouped_topology_g_d0_c20_i095_s4_min12_p100\qd_008\prediction.dst,datasets\public_benchmark_v1_ext33\quickdraw_10\qd_008_mask.png,excellent,0.04997875,6,0,0.0,0,61.8359,0.0,5902,9332,8592,5872,2720,8477,115,0.994917,0.683426,0.90838,0.986615,0.013385,2,2,90.0,0.07777315
qd_008,QuickDraw,star,public_benchmark_v1_ext33_m2_59_grouped_topology_g_d0_c24_i075_s6_min20_p80,results\public_benchmark_v1_ext33_m2_59_grouped_topology_g_d0_c24_i075_s6_min20_p80\qd_008\prediction.dst,datasets\public_benchmark_v1_ext33\quickdraw_10\qd_008_mask.png,excellent,0.05824854,7,0,0.0,0,70.2668,0.0,5902,9332,8325,5672,2653,8210,115,0.96103,0.681321,0.879769,0.986186,0.013814,2,2,90.0,0.09499386
qd_008,QuickDraw,star,public_benchmark_v1_ext33_m2_59_grouped_topology_g_d0_c30_i070_s8_min30_p100,results\public_benchmark_v1_ext33_m2_59_grouped_topology_g_d0_c30_i070_s8_min30_p100\qd_008\prediction.dst,datasets\public_benchmark_v1_ext33\quickdraw_10\qd_008_mask.png,warning,0.23706283,7,1,6.2265,1,61.7286,3.1623,5902,9332,7619,5024,2595,7403,216,0.851237,0.659404,0.793292,0.97165,0.02835,2,2,90.0,0.43723383
qd_008,QuickDraw,star,public_benchmark_v1_ext33_m2_59_grouped_topology_g_d1_c20_i075_s5_min12_p80,results\public_benchmark_v1_ext33_m2_59_grouped_topology_g_d1_c20_i075_s5_min12_p80\qd_008\prediction.dst,datasets\public_benchmark_v1_ext33\quickdraw_10\qd_008_mask.png,excellent,0.04997875,6,0,0.0,0,61.8359,0.0,5902,9332,8592,5872,2720,8477,115,0.994917,0.683426,0.90838,0.986615,0.013385,2,2,90.0,0.07777315
qd_008,QuickDraw,star,public_benchmark_v1_ext33_m2_59_quality_rescue_selector,results\public_benchmark_v1_ext33_m2_59_quality_rescue_selector\qd_008\prediction.dst,datasets\public_benchmark_v1_ext33\quickdraw_10\qd_008_mask.png,excellent,0.03308916,4,0,0.0,0,34.0361,0.0,5902,9332,7970,5847,2123,7902,68,0.990681,0.733626,0.846764,0.991468,0.008532,2,2,90.0,0.06027748
qd_008,QuickDraw,star,public_benchmark_v1_ext33_m2_5_learned_selector_applied,results\public_benchmark_v1_ext33_m2_5_learned_selector_applied\qd_008\prediction.dst,datasets\public_benchmark_v1_ext33\quickdraw_10\qd_008_mask.png,pass,0.12903111,14,2,0.0,0,157.2221,0.0,5902,9332,8685,5835,2850,8480,205,0.988648,0.671848,0.908701,0.976396,0.023604,2,2,90.0,0.19278699
qd_008,QuickDraw,star,public_benchmark_v1_ext33_m2_60_maskpath_combo_rescue_selector,results\public_benchmark_v1_ext33_m2_60_maskpath_combo_rescue_selector\qd_008\prediction.dst,datasets\public_benchmark_v1_ext33\quickdraw_10\qd_008_mask.png,excellent,0.03308916,4,0,0.0,0,34.0361,0.0,5902,9332,7970,5847,2123,7902,68,0.990681,0.733626,0.846764,0.991468,0.008532,2,2,90.0,0.06027748
qd_008,QuickDraw,star,public_benchmark_v1_ext33_m2_60_maskpath_mp_d0_r0_c20_i095_route24_f20_min12,results\public_benchmark_v1_ext33_m2_60_maskpath_mp_d0_r0_c20_i095_route24_f20_min12\qd_008\prediction.dst,datasets\public_benchmark_v1_ext33\quickdraw_10\qd_008_mask.png,excellent,0.04997875,6,0,0.0,0,61.8359,0.0,5902,9332,8592,5872,2720,8477,115,0.994917,0.683426,0.90838,0.986615,0.013385,2,2,90.0,0.07777315
qd_008,QuickDraw,star,public_benchmark_v1_ext33_m2_60_maskpath_mp_d0_r0_c20_i095_route32_f26_min12,results\public_benchmark_v1_ext33_m2_60_maskpath_mp_d0_r0_c20_i095_route32_f26_min12\qd_008\prediction.dst,datasets\public_benchmark_v1_ext33\quickdraw_10\qd_008_mask.png,excellent,0.03308373,4,0,0.0,0,33.8666,0.0,5902,9332,8645,5872,2773,8482,163,0.994917,0.679237,0.908916,0.981145,0.018855,2,2,90.0,0.05281381
qd_008,QuickDraw,star,public_benchmark_v1_ext33_m2_60_maskpath_mp_d0_r0_c20_i095_route32_f26_min20,results\public_benchmark_v1_ext33_m2_60_maskpath_mp_d0_r0_c20_i095_route32_f26_min20\qd_008\prediction.dst,datasets\public_benchmark_v1_ext33\quickdraw_10\qd_008_mask.png,excellent,0.03308373,4,0,0.0,0,33.8666,0.0,5902,9332,8586,5808,2778,8403,183,0.984073,0.67645,0.90045,0.978686,0.021314,2,2,90.0,0.05382973
qd_008,QuickDraw,star,public_benchmark_v1_ext33_m2_60_maskpath_mp_d0_r0_c24_i090_route36_f30_min12,results\public_benchmark_v1_ext33_m2_60_maskpath_mp_d0_r0_c24_i090_route36_f30_min12\qd_008\prediction.dst,datasets\public_benchmark_v1_ext33\quickdraw_10\qd_008_mask.png,excellent,0.03308373,4,0,0.0,0,33.8666,0.0,5902,9332,8645,5872,2773,8482,163,0.994917,0.679237,0.908916,0.981145,0.018855,2,2,90.0,0.05281381
qd_008,QuickDraw,star,public_benchmark_v1_ext33_m2_60_maskpath_mp_d0_r1_c20_i095_route32_f26_min12,results\public_benchmark_v1_ext33_m2_60_maskpath_mp_d0_r1_c20_i095_route32_f26_min12\qd_008\prediction.dst,datasets\public_benchmark_v1_ext33\quickdraw_10\qd_008_mask.png,excellent,0.03308373,4,0,0.0,0,33.8666,0.0,5902,9332,8645,5872,2773,8482,163,0.994917,0.679237,0.908916,0.981145,0.018855,2,2,90.0,0.05281381
qd_008,QuickDraw,star,public_benchmark_v1_ext33_m2_60_maskpath_mp_d0_r1_c24_i090_route36_f30_min12,results\public_benchmark_v1_ext33_m2_60_maskpath_mp_d0_r1_c24_i090_route36_f30_min12\qd_008\prediction.dst,datasets\public_benchmark_v1_ext33\quickdraw_10\qd_008_mask.png,excellent,0.03308373,4,0,0.0,0,33.8666,0.0,5902,9332,8645,5872,2773,8482,163,0.994917,0.679237,0.908916,0.981145,0.018855,2,2,90.0,0.05281381
qd_008,QuickDraw,star,public_benchmark_v1_ext33_m2_60_maskpath_rescue_selector,results\public_benchmark_v1_ext33_m2_60_maskpath_rescue_selector\qd_008\prediction.dst,datasets\public_benchmark_v1_ext33\quickdraw_10\qd_008_mask.png,excellent,0.03308916,4,0,0.0,0,34.0361,0.0,5902,9332,7970,5847,2123,7902,68,0.990681,0.733626,0.846764,0.991468,0.008532,2,2,90.0,0.06027748
qd_008,QuickDraw,star,public_benchmark_v1_ext33_m2_61_segment_graph_sg_d0_l035_c20_i095_r32_f26_min12,results\public_benchmark_v1_ext33_m2_61_segment_graph_sg_d0_l035_c20_i095_r32_f26_min12\qd_008\prediction.dst,datasets\public_benchmark_v1_ext33\quickdraw_10\qd_008_mask.png,pass,0.09775949,11,1,0.0,0,117.484,0.0,5902,9332,8661,5868,2793,8480,181,0.994239,0.67752,0.908701,0.979102,0.020898,2,2,90.0,0.14751537
qd_008,QuickDraw,star,public_benchmark_v1_ext33_m2_61_segment_graph_sg_d0_l050_c24_i090_r36_f30_min12,results\public_benchmark_v1_ext33_m2_61_segment_graph_sg_d0_l050_c24_i090_r36_f30_min12\qd_008\prediction.dst,datasets\public_benchmark_v1_ext33\quickdraw_10\qd_008_mask.png,pass,0.09775949,11,1,0.0,0,117.484,0.0,5902,9332,8661,5868,2793,8480,181,0.994239,0.67752,0.908701,0.979102,0.020898,2,2,90.0,0.14751537
qd_008,QuickDraw,star,public_benchmark_v1_ext33_m2_61_segment_graph_sg_d0_l070_c20_i095_r32_f26_min12,results\public_benchmark_v1_ext33_m2_61_segment_graph_sg_d0_l070_c20_i095_r32_f26_min12\qd_008\prediction.dst,datasets\public_benchmark_v1_ext33\quickdraw_10\qd_008_mask.png,pass,0.09775949,11,1,0.0,0,117.484,0.0,5902,9332,8661,5868,2793,8480,181,0.994239,0.67752,0.908701,0.979102,0.020898,2,2,90.0,0.14751537
qd_008,QuickDraw,star,public_benchmark_v1_ext33_m2_61_segment_graph_sg_d1_l050_c20_i095_r32_f26_min12,results\public_benchmark_v1_ext33_m2_61_segment_graph_sg_d1_l050_c20_i095_r32_f26_min12\qd_008\prediction.dst,datasets\public_benchmark_v1_ext33\quickdraw_10\qd_008_mask.png,warning,0.20665724,11,1,4.8399,0,117.484,0.0,5902,9332,8669,5851,2818,8461,208,0.991359,0.674934,0.906665,0.976006,0.023994,2,2,90.0,0.30505644
qd_008,QuickDraw,star,public_benchmark_v1_ext33_m2_61_segment_graph_sg_euler_d0_l000_c20_i095_r32_f26_min12,results\public_benchmark_v1_ext33_m2_61_segment_graph_sg_euler_d0_l000_c20_i095_r32_f26_min12\qd_008\prediction.dst,datasets\public_benchmark_v1_ext33\quickdraw_10\qd_008_mask.png,excellent,0.03308373,4,0,0.0,0,33.8666,0.0,5902,9332,8677,5869,2808,8481,196,0.994409,0.676386,0.908808,0.977412,0.022588,2,2,90.0,0.05282677
qd_008,QuickDraw,star,public_benchmark_v1_ext33_m2_61_segment_graph_sg_euler_d0_l020_c24_i090_r36_f30_min12,results\public_benchmark_v1_ext33_m2_61_segment_graph_sg_euler_d0_l020_c24_i090_r36_f30_min12\qd_008\prediction.dst,datasets\public_benchmark_v1_ext33\quickdraw_10\qd_008_mask.png,pass,0.09775949,11,1,0.0,0,117.484,0.0,5902,9332,8661,5868,2793,8480,181,0.994239,0.67752,0.908701,0.979102,0.020898,2,2,90.0,0.14751537
qd_008,QuickDraw,star,public_benchmark_v1_ext33_m2_61_segment_graph_sg_euler_d0_l035_c20_i095_r32_f26_min12,results\public_benchmark_v1_ext33_m2_61_segment_graph_sg_euler_d0_l035_c20_i095_r32_f26_min12\qd_008\prediction.dst,datasets\public_benchmark_v1_ext33\quickdraw_10\qd_008_mask.png,pass,0.09775949,11,1,0.0,0,117.484,0.0,5902,9332,8661,5868,2793,8480,181,0.994239,0.67752,0.908701,0.979102,0.020898,2,2,90.0,0.14751537
qd_008,QuickDraw,star,public_benchmark_v1_ext33_m2_62_precision_rescue_selector,results\public_benchmark_v1_ext33_m2_62_precision_rescue_selector\qd_008\prediction.dst,datasets\public_benchmark_v1_ext33\quickdraw_10\qd_008_mask.png,excellent,0.03308916,4,0,0.0,0,34.0361,0.0,5902,9332,7970,5847,2123,7902,68,0.990681,0.733626,0.846764,0.991468,0.008532,2,2,90.0,0.06027748
qd_008,QuickDraw,star,public_benchmark_v1_ext33_m2_64_text_precision_rescue_selector,results\public_benchmark_v1_ext33_m2_64_text_precision_rescue_selector\qd_008\prediction.dst,datasets\public_benchmark_v1_ext33\quickdraw_10\qd_008_mask.png,excellent,0.03308916,4,0,0.0,0,34.0361,0.0,5902,9332,7970,5847,2123,7902,68,0.990681,0.733626,0.846764,0.991468,0.008532,2,2,90.0,0.06027748
qd_008,QuickDraw,star,public_benchmark_v1_ext33_m2_65_text_legibility_rescue_selector,results\public_benchmark_v1_ext33_m2_65_text_legibility_rescue_selector\qd_008\prediction.dst,datasets\public_benchmark_v1_ext33\quickdraw_10\qd_008_mask.png,excellent,0.03308916,4,0,0.0,0,34.0361,0.0,5902,9332,7970,5847,2123,7902,68,0.990681,0.733626,0.846764,0.991468,0.008532,2,2,90.0,0.06027748
qd_008,QuickDraw,star,public_benchmark_v1_ext33_m2_66_profile_switcher,results\public_benchmark_v1_ext33_m2_66_profile_switcher\qd_008\prediction.dst,datasets\public_benchmark_v1_ext33\quickdraw_10\qd_008_mask.png,excellent,0.03308916,4,0,0.0,0,34.0361,0.0,5902,9332,7970,5847,2123,7902,68,0.990681,0.733626,0.846764,0.991468,0.008532,2,2,90.0,0.06027748
qd_008,QuickDraw,star,public_benchmark_v1_ext33_m2_67_line_art_profile,results\public_benchmark_v1_ext33_m2_67_line_art_profile\qd_008\prediction.dst,datasets\public_benchmark_v1_ext33\quickdraw_10\qd_008_mask.png,excellent,0.03308916,4,0,0.0,0,34.0361,0.0,5902,9332,7970,5847,2123,7902,68,0.990681,0.733626,0.846764,0.991468,0.008532,2,2,90.0,0.06027748
qd_008,QuickDraw,star,public_benchmark_v1_ext33_m2_68_shape_aware_profile,results\public_benchmark_v1_ext33_m2_68_shape_aware_profile\qd_008\prediction.dst,datasets\public_benchmark_v1_ext33\quickdraw_10\qd_008_mask.png,excellent,0.03308916,4,0,0.0,0,34.0361,0.0,5902,9332,7970,5847,2123,7902,68,0.990681,0.733626,0.846764,0.991468,0.008532,2,2,90.0,0.06027748
qd_008,QuickDraw,star,public_benchmark_v1_ext33_m2_69_text_wku_profile,results\public_benchmark_v1_ext33_m2_69_text_wku_profile\qd_008\prediction.dst,datasets\public_benchmark_v1_ext33\quickdraw_10\qd_008_mask.png,excellent,0.03308916,4,0,0.0,0,34.0361,0.0,5902,9332,7970,5847,2123,7902,68,0.990681,0.733626,0.846764,0.991468,0.008532,2,2,90.0,0.06027748
qd_008,QuickDraw,star,public_benchmark_v1_ext33_mask_fill_edgewalk_dtsatin_o3_i8_s14_p90,results\public_benchmark_v1_ext33_mask_fill_edgewalk_dtsatin_o3_i8_s14_p90\qd_008\prediction.dst,datasets\public_benchmark_v1_ext33\quickdraw_10\qd_008_mask.png,hard_fail,0.43852225,257,47,1.7121,0,2807.9308,0.0,5902,9332,13279,5900,7379,9246,4033,0.999661,0.444311,0.990784,0.696287,0.303713,2,2,90.0,1.61023733
qd_008,QuickDraw,star,public_benchmark_v1_ext33_mask_fill_edgewalk_dtsatin_o3_i9_s7,results\public_benchmark_v1_ext33_mask_fill_edgewalk_dtsatin_o3_i9_s7\qd_008\prediction.dst,datasets\public_benchmark_v1_ext33\quickdraw_10\qd_008_mask.png,hard_fail,0.43852225,257,47,1.7121,0,2807.9308,0.0,5902,9332,13279,5900,7379,9246,4033,0.999661,0.444311,0.990784,0.696287,0.303713,2,2,90.0,1.61023733
qd_008,QuickDraw,star,public_benchmark_v1_ext33_mask_fill_edgewalk_nearest_rows16_p40,results\public_benchmark_v1_ext33_mask_fill_edgewalk_nearest_rows16_p40\qd_008\prediction.dst,datasets\public_benchmark_v1_ext33\quickdraw_10\qd_008_mask.png,hard_fail,0.43852225,257,47,1.7121,0,2807.9308,0.0,5902,9332,13279,5900,7379,9246,4033,0.999661,0.444311,0.990784,0.696287,0.303713,2,2,90.0,1.61023733
qd_008,QuickDraw,star,public_benchmark_v1_ext33_mask_fill_edgewalk_nearestrow_adapt_t2_m5_rows16_p40,results\public_benchmark_v1_ext33_mask_fill_edgewalk_nearestrow_adapt_t2_m5_rows16_p40\qd_008\prediction.dst,datasets\public_benchmark_v1_ext33\quickdraw_10\qd_008_mask.png,excellent,0.03308916,4,0,0.0,0,34.0361,0.0,5902,9332,7970,5847,2123,7902,68,0.990681,0.733626,0.846764,0.991468,0.008532,2,2,90.0,0.06027748
qd_008,QuickDraw,star,public_benchmark_v1_ext33_mask_fill_edgewalk_nearestrow_adapt_t3_m6_rows16_p40,results\public_benchmark_v1_ext33_mask_fill_edgewalk_nearestrow_adapt_t3_m6_rows16_p40\qd_008\prediction.dst,datasets\public_benchmark_v1_ext33\quickdraw_10\qd_008_mask.png,excellent,0.03308916,4,0,0.0,0,34.0361,0.0,5902,9332,7970,5847,2123,7902,68,0.990681,0.733626,0.846764,0.991468,0.008532,2,2,90.0,0.06027748
qd_008,QuickDraw,star,public_benchmark_v1_ext33_mask_fill_edgewalk_nearestrow_adapt_t4_m8_rows16_p40,results\public_benchmark_v1_ext33_mask_fill_edgewalk_nearestrow_adapt_t4_m8_rows16_p40\qd_008\prediction.dst,datasets\public_benchmark_v1_ext33\quickdraw_10\qd_008_mask.png,pass,0.12007932,13,2,0.0,0,127.4789,0.0,5902,9332,9772,5897,3875,8956,816,0.999153,0.603459,0.959709,0.916496,0.083504,2,2,90.0,0.17607932
qd_008,QuickDraw,star,public_benchmark_v1_ext33_mask_fill_edgewalk_nearestrow_evalfill_rows16_p40,results\public_benchmark_v1_ext33_mask_fill_edgewalk_nearestrow_evalfill_rows16_p40\qd_008\prediction.dst,datasets\public_benchmark_v1_ext33\quickdraw_10\qd_008_mask.png,warning,0.21543589,10,2,5.3548,0,92.2777,0.0,5902,9332,22330,5902,16428,9332,12998,1.0,0.264308,1.0,0.417913,0.582087,2,2,90.0,0.39011781
qd_008,QuickDraw,star,public_benchmark_v1_ext33_mask_fill_edgewalk_nearestrow_inset1_rows16_p40,results\public_benchmark_v1_ext33_mask_fill_edgewalk_nearestrow_inset1_rows16_p40\qd_008\prediction.dst,datasets\public_benchmark_v1_ext33\quickdraw_10\qd_008_mask.png,pass,0.12007932,13,2,0.0,0,127.4789,0.0,5902,9332,9772,5897,3875,8956,816,0.999153,0.603459,0.959709,0.916496,0.083504,2,2,90.0,0.17607932
qd_008,QuickDraw,star,public_benchmark_v1_ext33_mask_fill_edgewalk_nearestrow_inset2_rows16_p40,results\public_benchmark_v1_ext33_mask_fill_edgewalk_nearestrow_inset2_rows16_p40\qd_008\prediction.dst,datasets\public_benchmark_v1_ext33\quickdraw_10\qd_008_mask.png,excellent,0.03308916,4,0,0.0,0,34.0361,0.0,5902,9332,7970,5847,2123,7902,68,0.990681,0.733626,0.846764,0.991468,0.008532,2,2,90.0,0.06027748
qd_008,QuickDraw,star,public_benchmark_v1_ext33_mask_fill_edgewalk_nearestrow_qdirect_rows16_p40,results\public_benchmark_v1_ext33_mask_fill_edgewalk_nearestrow_qdirect_rows16_p40\qd_008\prediction.dst,datasets\public_benchmark_v1_ext33\quickdraw_10\qd_008_mask.png,excellent,0.07243985,8,1,0.0,0,76.2452,0.0,5902,9332,10922,5899,5023,9111,1811,0.999492,0.540103,0.976318,0.834188,0.165812,2,2,90.0,0.11696977
qd_008,QuickDraw,star,public_benchmark_v1_ext33_mask_fill_edgewalk_nearestrow_qpath090_rows16_p40,results\public_benchmark_v1_ext33_mask_fill_edgewalk_nearestrow_qpath090_rows16_p40\qd_008\prediction.dst,datasets\public_benchmark_v1_ext33\quickdraw_10\qd_008_mask.png,excellent,0.07243985,8,1,0.0,0,76.2452,0.0,5902,9332,10922,5899,5023,9111,1811,0.999492,0.540103,0.976318,0.834188,0.165812,2,2,90.0,0.11696977
qd_008,QuickDraw,star,public_benchmark_v1_ext33_mask_fill_edgewalk_nearestrow_qpath095_rows16_p40,results\public_benchmark_v1_ext33_mask_fill_edgewalk_nearestrow_qpath095_rows16_p40\qd_008\prediction.dst,datasets\public_benchmark_v1_ext33\quickdraw_10\qd_008_mask.png,excellent,0.07243985,8,1,0.0,0,76.2452,0.0,5902,9332,10922,5899,5023,9111,1811,0.999492,0.540103,0.976318,0.834188,0.165812,2,2,90.0,0.11696977
qd_008,QuickDraw,star,public_benchmark_v1_ext33_mask_fill_edgewalk_nearestrow_quantvalid_rows16_p40,results\public_benchmark_v1_ext33_mask_fill_edgewalk_nearestrow_quantvalid_rows16_p40\qd_008\prediction.dst,datasets\public_benchmark_v1_ext33\quickdraw_10\qd_008_mask.png,excellent,0.07243985,8,1,0.0,0,76.2452,0.0,5902,9332,10922,5899,5023,9111,1811,0.999492,0.540103,0.976318,0.834188,0.165812,2,2,90.0,0.11696977
qd_008,QuickDraw,star,public_benchmark_v1_ext33_mask_fill_edgewalk_nearestrow_rows16_p40,results\public_benchmark_v1_ext33_mask_fill_edgewalk_nearestrow_rows16_p40\qd_008\prediction.dst,datasets\public_benchmark_v1_ext33\quickdraw_10\qd_008_mask.png,excellent,0.07243985,8,1,0.0,0,76.2452,0.0,5902,9332,10922,5899,5023,9111,1811,0.999492,0.540103,0.976318,0.834188,0.165812,2,2,90.0,0.11696977
qd_008,QuickDraw,star,public_benchmark_v1_ext33_mask_fill_edgewalk_nearestrow_safeadt_rows16_p40,results\public_benchmark_v1_ext33_mask_fill_edgewalk_nearestrow_safeadt_rows16_p40\qd_008\prediction.dst,datasets\public_benchmark_v1_ext33\quickdraw_10\qd_008_mask.png,pass,0.12833899,14,2,0.0,0,135.5933,0.0,5902,9332,18965,5902,13063,9332,9633,1.0,0.311205,1.0,0.492064,0.507936,2,2,90.0,0.25360875
qd_008,QuickDraw,star,public_benchmark_v1_ext33_mask_fill_edgewalk_nearestrow_safeadt_t2m5_r035_a32_rows16_p40,results\public_benchmark_v1_ext33_mask_fill_edgewalk_nearestrow_safeadt_t2m5_r035_a32_rows16_p40\qd_008\prediction.dst,datasets\public_benchmark_v1_ext33\quickdraw_10\qd_008_mask.png,pass,0.12833899,14,2,0.0,0,135.5933,0.0,5902,9332,18965,5902,13063,9332,9633,1.0,0.311205,1.0,0.492064,0.507936,2,2,90.0,0.25360875
qd_008,QuickDraw,star,public_benchmark_v1_ext33_mask_fill_edgewalk_nearestrow_safeadt_t2m5_r055_a64_rows16_p40,results\public_benchmark_v1_ext33_mask_fill_edgewalk_nearestrow_safeadt_t2m5_r055_a64_rows16_p40\qd_008\prediction.dst,datasets\public_benchmark_v1_ext33\quickdraw_10\qd_008_mask.png,pass,0.12833899,14,2,0.0,0,135.5933,0.0,5902,9332,18965,5902,13063,9332,9633,1.0,0.311205,1.0,0.492064,0.507936,2,2,90.0,0.25360875
qd_008,QuickDraw,star,public_benchmark_v1_ext33_mask_fill_edgewalk_nearestrow_segvalid_rows16_p40,results\public_benchmark_v1_ext33_mask_fill_edgewalk_nearestrow_segvalid_rows16_p40\qd_008\prediction.dst,datasets\public_benchmark_v1_ext33\quickdraw_10\qd_008_mask.png,excellent,0.07243985,8,1,0.0,0,76.2452,0.0,5902,9332,10922,5899,5023,9111,1811,0.999492,0.540103,0.976318,0.834188,0.165812,2,2,90.0,0.11696977
qd_008,QuickDraw,star,public_benchmark_v1_ext33_mask_fill_edgewalk_nearestrow_strict_p20_rows16,results\public_benchmark_v1_ext33_mask_fill_edgewalk_nearestrow_strict_p20_rows16\qd_008\prediction.dst,datasets\public_benchmark_v1_ext33\quickdraw_10\qd_008_mask.png,pass,0.10334719,11,2,0.0,0,104.5996,0.0,5902,9332,10884,5899,4985,9111,1773,0.999492,0.541988,0.976318,0.8371,0.1629,2,2,90.0,0.16141119
qd_008,QuickDraw,star,public_benchmark_v1_ext33_mask_fill_edgewalk_nearestrow_strict_p40_rows16,results\public_benchmark_v1_ext33_mask_fill_edgewalk_nearestrow_strict_p40_rows16\qd_008\prediction.dst,datasets\public_benchmark_v1_ext33\quickdraw_10\qd_008_mask.png,excellent,0.07243985,8,1,0.0,0,76.2452,0.0,5902,9332,10922,5899,5023,9111,1811,0.999492,0.540103,0.976318,0.834188,0.165812,2,2,90.0,0.11696977
qd_008,QuickDraw,star,public_benchmark_v1_ext33_mask_fill_edgewalk_outline_ext_in2_rows16_p40,results\public_benchmark_v1_ext33_mask_fill_edgewalk_outline_ext_in2_rows16_p40\qd_008\prediction.dst,datasets\public_benchmark_v1_ext33\quickdraw_10\qd_008_mask.png,hard_fail,0.43852225,264,48,1.7121,0,2890.1816,0.0,5902,9332,13434,5902,7532,9319,4115,1.0,0.439333,0.998607,0.693688,0.306312,2,2,90.0,1.64065317
qd_008,QuickDraw,star,public_benchmark_v1_ext33_mask_fill_edgewalk_outline_ext_in3_rows16_p40,results\public_benchmark_v1_ext33_mask_fill_edgewalk_outline_ext_in3_rows16_p40\qd_008\prediction.dst,datasets\public_benchmark_v1_ext33\quickdraw_10\qd_008_mask.png,hard_fail,0.43852225,268,49,1.7121,0,2965.9616,0.0,5902,9332,13288,5902,7386,9255,4033,1.0,0.44416,0.991749,0.696493,0.303507,2,2,90.0,1.65820437
qd_008,QuickDraw,star,public_benchmark_v1_ext33_mask_fill_edgewalk_outline_ext_rows16_p40,results\public_benchmark_v1_ext33_mask_fill_edgewalk_outline_ext_rows16_p40\qd_008\prediction.dst,datasets\public_benchmark_v1_ext33\quickdraw_10\qd_008_mask.png,hard_fail,0.43852225,264,48,1.7121,0,2889.9084,0.0,5902,9332,13755,5902,7853,9314,4441,1.0,0.42908,0.998071,0.677136,0.322864,2,2,90.0,1.64330149
qd_008,QuickDraw,star,public_benchmark_v1_ext33_mask_fill_edgewalk_outline_rows16_p40,results\public_benchmark_v1_ext33_mask_fill_edgewalk_outline_rows16_p40\qd_008\prediction.dst,datasets\public_benchmark_v1_ext33\quickdraw_10\qd_008_mask.png,hard_fail,0.43852225,264,48,1.7121,0,2889.9084,0.0,5902,9332,14453,5902,8551,9331,5122,1.0,0.408358,0.999893,0.64561,0.35439,2,2,90.0,1.64834565
qd_008,QuickDraw,star,public_benchmark_v1_ext33_mask_fill_edgewalk_rows16_p24,results\public_benchmark_v1_ext33_mask_fill_edgewalk_rows16_p24\qd_008\prediction.dst,datasets\public_benchmark_v1_ext33\quickdraw_10\qd_008_mask.png,hard_fail,0.4,301,49,0.0,0,3221.5012,0.0,5902,9332,12284,5900,6384,9246,3038,0.999661,0.4803,0.990784,0.752686,0.247314,2,2,90.0,1.72557024
qd_008,QuickDraw,star,public_benchmark_v1_ext33_mask_fill_edgewalk_rows16_p40,results\public_benchmark_v1_ext33_mask_fill_edgewalk_rows16_p40\qd_008\prediction.dst,datasets\public_benchmark_v1_ext33\quickdraw_10\qd_008_mask.png,hard_fail,0.43852225,257,47,1.7121,0,2807.9308,0.0,5902,9332,13279,5900,7379,9246,4033,0.999661,0.444311,0.990784,0.696287,0.303713,2,2,90.0,1.61023733
qd_008,QuickDraw,star,public_benchmark_v1_ext33_mask_fill_edgewalk_rows20_p24,results\public_benchmark_v1_ext33_mask_fill_edgewalk_rows20_p24\qd_008\prediction.dst,datasets\public_benchmark_v1_ext33\quickdraw_10\qd_008_mask.png,hard_fail,0.41272825,248,42,0.5657,0,2644.5085,0.0,5902,9332,12108,5898,6210,9138,2970,0.999322,0.487116,0.979211,0.754708,0.245292,2,2,90.0,1.51763197
qd_008,QuickDraw,star,public_benchmark_v1_ext33_mask_fill_edgewalk_satin_w4_s6_i3,results\public_benchmark_v1_ext33_mask_fill_edgewalk_satin_w4_s6_i3\qd_008\prediction.dst,datasets\public_benchmark_v1_ext33\quickdraw_10\qd_008_mask.png,hard_fail,0.43852225,268,49,1.7121,0,2965.7899,0.0,5902,9332,13347,5902,7445,9257,4090,1.0,0.442197,0.991963,0.693564,0.306436,2,2,90.0,1.65867301
qd_008,QuickDraw,star,public_benchmark_v1_ext33_mask_fill_edgewalk_satin_w6_s5_i3,results\public_benchmark_v1_ext33_mask_fill_edgewalk_satin_w6_s5_i3\qd_008\prediction.dst,datasets\public_benchmark_v1_ext33\quickdraw_10\qd_008_mask.png,hard_fail,0.43852225,268,49,1.7121,0,2962.1441,0.0,5902,9332,13348,5902,7446,9255,4093,1.0,0.442164,0.991749,0.693362,0.306638,2,2,90.0,1.65870533
qd_008,QuickDraw,star,public_benchmark_v1_ext33_mask_fill_edgewalk_satin_w8_s7_i4,results\public_benchmark_v1_ext33_mask_fill_edgewalk_satin_w8_s7_i4\qd_008\prediction.dst,datasets\public_benchmark_v1_ext33\quickdraw_10\qd_008_mask.png,hard_fail,0.43852225,257,47,1.7121,0,2807.9308,0.0,5902,9332,13279,5900,7379,9246,4033,0.999661,0.444311,0.990784,0.696287,0.303713,2,2,90.0,1.61023733
qd_008,QuickDraw,star,public_benchmark_v1_ext33_mask_fill_edgewalk_satinrail_w10_s8_i5,results\public_benchmark_v1_ext33_mask_fill_edgewalk_satinrail_w10_s8_i5\qd_008\prediction.dst,datasets\public_benchmark_v1_ext33\quickdraw_10\qd_008_mask.png,hard_fail,0.43852225,257,47,1.7121,0,2807.9308,0.0,5902,9332,13279,5900,7379,9246,4033,0.999661,0.444311,0.990784,0.696287,0.303713,2,2,90.0,1.61023733
qd_008,QuickDraw,star,public_benchmark_v1_ext33_mask_fill_edgewalk_satinrail_w6_s6_i3,results\public_benchmark_v1_ext33_mask_fill_edgewalk_satinrail_w6_s6_i3\qd_008\prediction.dst,datasets\public_benchmark_v1_ext33\quickdraw_10\qd_008_mask.png,hard_fail,0.43852225,268,49,1.7121,0,2964.0039,0.0,5902,9332,13323,5902,7421,9254,4069,1.0,0.442993,0.991642,0.694588,0.305412,2,2,90.0,1.65850917
qd_008,QuickDraw,star,public_benchmark_v1_ext33_mask_fill_edgewalk_satinrail_w8_s7_i4,results\public_benchmark_v1_ext33_mask_fill_edgewalk_satinrail_w8_s7_i4\qd_008\prediction.dst,datasets\public_benchmark_v1_ext33\quickdraw_10\qd_008_mask.png,hard_fail,0.43852225,257,47,1.7121,0,2807.9308,0.0,5902,9332,13279,5900,7379,9246,4033,0.999661,0.444311,0.990784,0.696287,0.303713,2,2,90.0,1.61023733
qd_008,QuickDraw,star,public_benchmark_v1_ext33_mask_fill_edgewalk_styleaware_r008_d45,results\public_benchmark_v1_ext33_mask_fill_edgewalk_styleaware_r008_d45\qd_008\prediction.dst,datasets\public_benchmark_v1_ext33\quickdraw_10\qd_008_mask.png,hard_fail,0.23359695,26,4,0.0,0,299.9046,0.0,5902,9332,9726,5872,3854,8556,1170,0.994917,0.603743,0.916845,0.879704,0.120296,2,2,90.0,0.35162291
qd_008,QuickDraw,star,public_benchmark_v1_ext33_mask_fill_nearestrow_strict_short_rows16,results\public_benchmark_v1_ext33_mask_fill_nearestrow_strict_short_rows16\qd_008\prediction.dst,datasets\public_benchmark_v1_ext33\quickdraw_10\qd_008_mask.png,pass,0.1280742,14,2,0.0,0,127.3186,0.0,5902,9332,10848,5899,4949,9104,1744,0.999492,0.543787,0.975568,0.839233,0.160767,2,2,90.0,0.19779692
qd_008,QuickDraw,star,public_benchmark_v1_ext33_mask_fill_rows12_c10,results\public_benchmark_v1_ext33_mask_fill_rows12_c10\qd_008\prediction.dst,datasets\public_benchmark_v1_ext33\quickdraw_10\qd_008_mask.png,hard_fail,0.4,564,83,0.0,0,5855.7518,0.0,5902,9332,11790,5902,5888,9332,2458,1.0,0.500594,1.0,0.791518,0.208482,2,2,90.0,2.83935712
qd_008,QuickDraw,star,public_benchmark_v1_ext33_mask_fill_rows12_c6,results\public_benchmark_v1_ext33_mask_fill_rows12_c6\qd_008\prediction.dst,datasets\public_benchmark_v1_ext33\quickdraw_10\qd_008_mask.png,hard_fail,0.4,578,83,0.0,0,5965.1752,0.0,5902,9332,11469,5902,5567,9332,2137,1.0,0.514605,1.0,0.813672,0.186328,2,2,90.0,2.89181248
qd_008,QuickDraw,star,public_benchmark_v1_ext33_mask_fill_rows16_c12_in025,results\public_benchmark_v1_ext33_mask_fill_rows16_c12_in025\qd_008\prediction.dst,datasets\public_benchmark_v1_ext33\quickdraw_10\qd_008_mask.png,hard_fail,0.6774886,329,49,11.8819,3,3445.515,8.7443,5902,9332,11265,5899,5366,9126,2139,0.999492,0.523657,0.977925,0.81012,0.18988,2,2,90.0,2.4646884
qd_008,QuickDraw,star,public_benchmark_v1_ext33_mask_fill_rows16_c12_in050,results\public_benchmark_v1_ext33_mask_fill_rows16_c12_in050\qd_008\prediction.dst,datasets\public_benchmark_v1_ext33\quickdraw_10\qd_008_mask.png,hard_fail,0.6774886,329,49,11.8819,3,3445.515,8.7443,5902,9332,11265,5899,5366,9126,2139,0.999492,0.523657,0.977925,0.81012,0.18988,2,2,90.0,2.4646884
qd_008,QuickDraw,star,public_benchmark_v1_ext33_mask_fill_rows16_c6,results\public_benchmark_v1_ext33_mask_fill_rows16_c6\qd_008\prediction.dst,datasets\public_benchmark_v1_ext33\quickdraw_10\qd_008_mask.png,hard_fail,0.4,345,49,0.0,0,3597.1015,0.0,5902,9332,10485,5899,4586,9100,1385,0.999492,0.562613,0.975139,0.867907,0.132093,2,2,90.0,1.88313488
qd_008,QuickDraw,star,public_benchmark_v1_ext33_mask_fill_rows20_c12_in050,results\public_benchmark_v1_ext33_mask_fill_rows20_c12_in050\qd_008\prediction.dst,datasets\public_benchmark_v1_ext33\quickdraw_10\qd_008_mask.png,hard_fail,0.64442513,278,42,9.5943,2,2884.1093,5.5459,5902,9332,10825,5888,4937,9009,1816,0.997628,0.543926,0.965388,0.83224,0.16776,2,2,90.0,2.10720973
