config_id,train_objective,config.unified_weight,config.coverage_profile,config.coverage_weight,config.precision_weight,config.jump_weight,config.trim_weight,config.off_mask_weight,config.visible_weight,config.hard_fail_penalty,config.min_coverage,config.adaptive_flat_min_coverage,config.adaptive_line_min_coverage,config.min_precision,config.jump_scale,config.trim_scale,config.style_aware_max_off_mask_mm,config.style_aware_max_jump_count,config.style_aware_max_trim_count,config.style_aware_min_precision,config.style_aware_min_coverage,config.mask_fill_max_off_mask_mm,config.mask_fill_max_jump_count,config.mask_fill_max_trim_count,config.mask_fill_min_precision,config.mask_fill_min_coverage,train.samples,train.hard_fail,train.mean_calibrated_score,train.mean_unified_loss,train.mean_jump_count,train.mean_trim_count,train.mean_off_mask_stitch_length_mm,train.mean_visible_connector_count,train.mean_coverage_ratio,train.mean_effective_min_coverage,train.mean_coverage_margin,train.mean_stitch_precision_ratio,train.coverage_profile_counts,test.samples,test.hard_fail,test.mean_calibrated_score,test.mean_unified_loss,test.mean_jump_count,test.mean_trim_count,test.mean_off_mask_stitch_length_mm,test.mean_visible_connector_count,test.mean_coverage_ratio,test.mean_effective_min_coverage,test.mean_coverage_margin,test.mean_stitch_precision_ratio,test.coverage_profile_counts
0,0.09244584,1.0,public_soft,0.2,0.05,0.0,0.0,0.02,0.05,0.04,0.8,0.84,0.58,0.72,20.0,8.0,0.5,24.0,5.0,0.68,0.78,0.5,24.0,5.0,0.68,0.78,17,0,0.09664,0.090899,8.411765,3.411765,0.038671,0.0,0.944574,0.697059,0.247515,0.812034,{'public_soft': 17},16,0,0.134653,0.118779,10.9375,3.875,0.218231,0.0,0.845599,0.70625,0.139349,0.838728,{'public_soft': 16}
1,0.09175,1.0,public_soft,0.2,0.05,0.0,0.0,0.05,0.05,0.04,0.8,0.84,0.58,0.72,20.0,8.0,0.5,24.0,5.0,0.68,0.78,0.5,24.0,5.0,0.68,0.78,17,0,0.096718,0.09175,8.235294,3.941176,0.0,0.0,0.941958,0.697059,0.244899,0.812861,{'public_soft': 17},16,0,0.137493,0.122887,11.1875,4.8125,0.061937,0.0,0.844804,0.70625,0.138554,0.84197,{'public_soft': 16}
2,0.09175,1.0,public_soft,0.2,0.05,0.0,0.0,0.1,0.05,0.04,0.8,0.84,0.58,0.72,20.0,8.0,0.5,24.0,5.0,0.68,0.78,0.5,24.0,5.0,0.68,0.78,17,0,0.096718,0.09175,8.235294,3.941176,0.0,0.0,0.941958,0.697059,0.244899,0.812861,{'public_soft': 17},16,0,0.14059,0.122887,11.1875,4.8125,0.061937,0.0,0.844804,0.70625,0.138554,0.84197,{'public_soft': 16}
3,0.09175,1.0,public_soft,0.2,0.05,0.0,0.0,0.2,0.05,0.04,0.8,0.84,0.58,0.72,20.0,8.0,0.5,24.0,5.0,0.68,0.78,0.5,24.0,5.0,0.68,0.78,17,0,0.096718,0.09175,8.235294,3.941176,0.0,0.0,0.941958,0.697059,0.244899,0.812861,{'public_soft': 17},16,0,0.146784,0.122887,11.1875,4.8125,0.061937,0.0,0.844804,0.70625,0.138554,0.84197,{'public_soft': 16}
4,0.09244584,1.0,public_soft,0.2,0.05,0.0,0.01,0.02,0.05,0.04,0.8,0.84,0.58,0.72,20.0,8.0,0.5,24.0,5.0,0.68,0.78,0.5,24.0,5.0,0.68,0.78,17,0,0.100905,0.090899,8.411765,3.411765,0.038671,0.0,0.944574,0.697059,0.247515,0.812034,{'public_soft': 17},16,0,0.139497,0.118779,10.9375,3.875,0.218231,0.0,0.845599,0.70625,0.139349,0.838728,{'public_soft': 16}
5,0.09175,1.0,public_soft,0.2,0.05,0.0,0.01,0.05,0.05,0.04,0.8,0.84,0.58,0.72,20.0,8.0,0.5,24.0,5.0,0.68,0.78,0.5,24.0,5.0,0.68,0.78,17,0,0.101644,0.09175,8.235294,3.941176,0.0,0.0,0.941958,0.697059,0.244899,0.812861,{'public_soft': 17},16,0,0.143509,0.122887,11.1875,4.8125,0.061937,0.0,0.844804,0.70625,0.138554,0.84197,{'public_soft': 16}
6,0.09175,1.0,public_soft,0.2,0.05,0.0,0.01,0.1,0.05,0.04,0.8,0.84,0.58,0.72,20.0,8.0,0.5,24.0,5.0,0.68,0.78,0.5,24.0,5.0,0.68,0.78,17,0,0.101644,0.09175,8.235294,3.941176,0.0,0.0,0.941958,0.697059,0.244899,0.812861,{'public_soft': 17},16,0,0.146606,0.122887,11.1875,4.8125,0.061937,0.0,0.844804,0.70625,0.138554,0.84197,{'public_soft': 16}
7,0.09175,1.0,public_soft,0.2,0.05,0.0,0.01,0.2,0.05,0.04,0.8,0.84,0.58,0.72,20.0,8.0,0.5,24.0,5.0,0.68,0.78,0.5,24.0,5.0,0.68,0.78,17,0,0.101644,0.09175,8.235294,3.941176,0.0,0.0,0.941958,0.697059,0.244899,0.812861,{'public_soft': 17},16,0,0.152799,0.122887,11.1875,4.8125,0.061937,0.0,0.844804,0.70625,0.138554,0.84197,{'public_soft': 16}
8,0.09244584,1.0,public_soft,0.2,0.05,0.0,0.02,0.02,0.05,0.04,0.8,0.84,0.58,0.72,20.0,8.0,0.5,24.0,5.0,0.68,0.78,0.5,24.0,5.0,0.68,0.78,17,0,0.105169,0.090899,8.411765,3.411765,0.038671,0.0,0.944574,0.697059,0.247515,0.812034,{'public_soft': 17},16,0,0.144341,0.118779,10.9375,3.875,0.218231,0.0,0.845599,0.70625,0.139349,0.838728,{'public_soft': 16}
9,0.09244584,1.0,public_soft,0.2,0.05,0.0,0.02,0.05,0.05,0.04,0.8,0.84,0.58,0.72,20.0,8.0,0.5,24.0,5.0,0.68,0.78,0.5,24.0,5.0,0.68,0.78,17,0,0.10633,0.090899,8.411765,3.411765,0.038671,0.0,0.944574,0.697059,0.247515,0.812034,{'public_soft': 17},16,0,0.149524,0.122887,11.1875,4.8125,0.061937,0.0,0.844804,0.70625,0.138554,0.84197,{'public_soft': 16}
10,0.09175,1.0,public_soft,0.2,0.05,0.0,0.02,0.1,0.05,0.04,0.8,0.84,0.58,0.72,20.0,8.0,0.5,24.0,5.0,0.68,0.78,0.5,24.0,5.0,0.68,0.78,17,0,0.106571,0.09175,8.235294,3.941176,0.0,0.0,0.941958,0.697059,0.244899,0.812861,{'public_soft': 17},16,0,0.152621,0.122887,11.1875,4.8125,0.061937,0.0,0.844804,0.70625,0.138554,0.84197,{'public_soft': 16}
11,0.09175,1.0,public_soft,0.2,0.05,0.0,0.02,0.2,0.05,0.04,0.8,0.84,0.58,0.72,20.0,8.0,0.5,24.0,5.0,0.68,0.78,0.5,24.0,5.0,0.68,0.78,17,0,0.106571,0.09175,8.235294,3.941176,0.0,0.0,0.941958,0.697059,0.244899,0.812861,{'public_soft': 17},16,0,0.158815,0.122887,11.1875,4.8125,0.061937,0.0,0.844804,0.70625,0.138554,0.84197,{'public_soft': 16}
12,0.09175,1.0,public_soft,0.2,0.05,0.01,0.0,0.02,0.05,0.04,0.8,0.84,0.58,0.72,20.0,8.0,0.5,24.0,5.0,0.68,0.78,0.5,24.0,5.0,0.68,0.78,17,0,0.100835,0.09175,8.235294,3.941176,0.0,0.0,0.941958,0.697059,0.244899,0.812861,{'public_soft': 17},16,0,0.140122,0.118779,10.9375,3.875,0.218231,0.0,0.845599,0.70625,0.139349,0.838728,{'public_soft': 16}
13,0.09175,1.0,public_soft,0.2,0.05,0.01,0.0,0.05,0.05,0.04,0.8,0.84,0.58,0.72,20.0,8.0,0.5,24.0,5.0,0.68,0.78,0.5,24.0,5.0,0.68,0.78,17,0,0.100835,0.09175,8.235294,3.941176,0.0,0.0,0.941958,0.697059,0.244899,0.812861,{'public_soft': 17},16,0,0.143087,0.122887,11.1875,4.8125,0.061937,0.0,0.844804,0.70625,0.138554,0.84197,{'public_soft': 16}
14,0.09175,1.0,public_soft,0.2,0.05,0.01,0.0,0.1,0.05,0.04,0.8,0.84,0.58,0.72,20.0,8.0,0.5,24.0,5.0,0.68,0.78,0.5,24.0,5.0,0.68,0.78,17,0,0.100835,0.09175,8.235294,3.941176,0.0,0.0,0.941958,0.697059,0.244899,0.812861,{'public_soft': 17},16,0,0.146184,0.122887,11.1875,4.8125,0.061937,0.0,0.844804,0.70625,0.138554,0.84197,{'public_soft': 16}
15,0.09175,1.0,public_soft,0.2,0.05,0.01,0.0,0.2,0.05,0.04,0.8,0.84,0.58,0.72,20.0,8.0,0.5,24.0,5.0,0.68,0.78,0.5,24.0,5.0,0.68,0.78,17,0,0.100835,0.09175,8.235294,3.941176,0.0,0.0,0.941958,0.697059,0.244899,0.812861,{'public_soft': 17},16,0,0.152378,0.122887,11.1875,4.8125,0.061937,0.0,0.844804,0.70625,0.138554,0.84197,{'public_soft': 16}
16,0.09244584,1.0,public_soft,0.2,0.05,0.01,0.01,0.02,0.05,0.04,0.8,0.84,0.58,0.72,20.0,8.0,0.5,24.0,5.0,0.68,0.78,0.5,24.0,5.0,0.68,0.78,17,0,0.105111,0.090899,8.411765,3.411765,0.038671,0.0,0.944574,0.697059,0.247515,0.812034,{'public_soft': 17},16,0,0.144966,0.118779,10.9375,3.875,0.218231,0.0,0.845599,0.70625,0.139349,0.838728,{'public_soft': 16}
17,0.09175,1.0,public_soft,0.2,0.05,0.01,0.01,0.05,0.05,0.04,0.8,0.84,0.58,0.72,20.0,8.0,0.5,24.0,5.0,0.68,0.78,0.5,24.0,5.0,0.68,0.78,17,0,0.105762,0.09175,8.235294,3.941176,0.0,0.0,0.941958,0.697059,0.244899,0.812861,{'public_soft': 17},16,0,0.149103,0.122887,11.1875,4.8125,0.061937,0.0,0.844804,0.70625,0.138554,0.84197,{'public_soft': 16}
18,0.09175,1.0,public_soft,0.2,0.05,0.01,0.01,0.1,0.05,0.04,0.8,0.84,0.58,0.72,20.0,8.0,0.5,24.0,5.0,0.68,0.78,0.5,24.0,5.0,0.68,0.78,17,0,0.105762,0.09175,8.235294,3.941176,0.0,0.0,0.941958,0.697059,0.244899,0.812861,{'public_soft': 17},16,0,0.152199,0.122887,11.1875,4.8125,0.061937,0.0,0.844804,0.70625,0.138554,0.84197,{'public_soft': 16}
19,0.09175,1.0,public_soft,0.2,0.05,0.01,0.01,0.2,0.05,0.04,0.8,0.84,0.58,0.72,20.0,8.0,0.5,24.0,5.0,0.68,0.78,0.5,24.0,5.0,0.68,0.78,17,0,0.105762,0.09175,8.235294,3.941176,0.0,0.0,0.941958,0.697059,0.244899,0.812861,{'public_soft': 17},16,0,0.158393,0.122887,11.1875,4.8125,0.061937,0.0,0.844804,0.70625,0.138554,0.84197,{'public_soft': 16}
20,0.09244584,1.0,public_soft,0.2,0.05,0.01,0.02,0.02,0.05,0.04,0.8,0.84,0.58,0.72,20.0,8.0,0.5,24.0,5.0,0.68,0.78,0.5,24.0,5.0,0.68,0.78,17,0,0.109375,0.090899,8.411765,3.411765,0.038671,0.0,0.944574,0.697059,0.247515,0.812034,{'public_soft': 17},16,0,0.14981,0.118779,10.9375,3.875,0.218231,0.0,0.845599,0.70625,0.139349,0.838728,{'public_soft': 16}
21,0.09244584,1.0,public_soft,0.2,0.05,0.01,0.02,0.05,0.05,0.04,0.8,0.84,0.58,0.72,20.0,8.0,0.5,24.0,5.0,0.68,0.78,0.5,24.0,5.0,0.68,0.78,17,0,0.110535,0.090899,8.411765,3.411765,0.038671,0.0,0.944574,0.697059,0.247515,0.812034,{'public_soft': 17},16,0,0.155118,0.122887,11.1875,4.8125,0.061937,0.0,0.844804,0.70625,0.138554,0.84197,{'public_soft': 16}
22,0.09175,1.0,public_soft,0.2,0.05,0.01,0.02,0.1,0.05,0.04,0.8,0.84,0.58,0.72,20.0,8.0,0.5,24.0,5.0,0.68,0.78,0.5,24.0,5.0,0.68,0.78,17,0,0.110688,0.09175,8.235294,3.941176,0.0,0.0,0.941958,0.697059,0.244899,0.812861,{'public_soft': 17},16,0,0.158215,0.122887,11.1875,4.8125,0.061937,0.0,0.844804,0.70625,0.138554,0.84197,{'public_soft': 16}
23,0.09175,1.0,public_soft,0.2,0.05,0.01,0.02,0.2,0.05,0.04,0.8,0.84,0.58,0.72,20.0,8.0,0.5,24.0,5.0,0.68,0.78,0.5,24.0,5.0,0.68,0.78,17,0,0.110688,0.09175,8.235294,3.941176,0.0,0.0,0.941958,0.697059,0.244899,0.812861,{'public_soft': 17},16,0,0.164409,0.122887,11.1875,4.8125,0.061937,0.0,0.844804,0.70625,0.138554,0.84197,{'public_soft': 16}
24,0.09175,1.0,public_soft,0.2,0.05,0.02,0.0,0.02,0.05,0.04,0.8,0.84,0.58,0.72,20.0,8.0,0.5,24.0,5.0,0.68,0.78,0.5,24.0,5.0,0.68,0.78,17,0,0.104953,0.09175,8.235294,3.941176,0.0,0.0,0.941958,0.697059,0.244899,0.812861,{'public_soft': 17},16,0,0.145591,0.118779,10.9375,3.875,0.218231,0.0,0.845599,0.70625,0.139349,0.838728,{'public_soft': 16}
25,0.09175,1.0,public_soft,0.2,0.05,0.02,0.0,0.05,0.05,0.04,0.8,0.84,0.58,0.72,20.0,8.0,0.5,24.0,5.0,0.68,0.78,0.5,24.0,5.0,0.68,0.78,17,0,0.104953,0.09175,8.235294,3.941176,0.0,0.0,0.941958,0.697059,0.244899,0.812861,{'public_soft': 17},16,0,0.148681,0.122887,11.1875,4.8125,0.061937,0.0,0.844804,0.70625,0.138554,0.84197,{'public_soft': 16}
26,0.09175,1.0,public_soft,0.2,0.05,0.02,0.0,0.1,0.05,0.04,0.8,0.84,0.58,0.72,20.0,8.0,0.5,24.0,5.0,0.68,0.78,0.5,24.0,5.0,0.68,0.78,17,0,0.104953,0.09175,8.235294,3.941176,0.0,0.0,0.941958,0.697059,0.244899,0.812861,{'public_soft': 17},16,0,0.151778,0.122887,11.1875,4.8125,0.061937,0.0,0.844804,0.70625,0.138554,0.84197,{'public_soft': 16}
27,0.09175,1.0,public_soft,0.2,0.05,0.02,0.0,0.2,0.05,0.04,0.8,0.84,0.58,0.72,20.0,8.0,0.5,24.0,5.0,0.68,0.78,0.5,24.0,5.0,0.68,0.78,17,0,0.104953,0.09175,8.235294,3.941176,0.0,0.0,0.941958,0.697059,0.244899,0.812861,{'public_soft': 17},16,0,0.157971,0.122887,11.1875,4.8125,0.061937,0.0,0.844804,0.70625,0.138554,0.84197,{'public_soft': 16}
28,0.09244584,1.0,public_soft,0.2,0.05,0.02,0.01,0.02,0.05,0.04,0.8,0.84,0.58,0.72,20.0,8.0,0.5,24.0,5.0,0.68,0.78,0.5,24.0,5.0,0.68,0.78,17,0,0.109316,0.090899,8.411765,3.411765,0.038671,0.0,0.944574,0.697059,0.247515,0.812034,{'public_soft': 17},16,0,0.150435,0.118779,10.9375,3.875,0.218231,0.0,0.845599,0.70625,0.139349,0.838728,{'public_soft': 16}
29,0.09175,1.0,public_soft,0.2,0.05,0.02,0.01,0.05,0.05,0.04,0.8,0.84,0.58,0.72,20.0,8.0,0.5,24.0,5.0,0.68,0.78,0.5,24.0,5.0,0.68,0.78,17,0,0.10988,0.09175,8.235294,3.941176,0.0,0.0,0.941958,0.697059,0.244899,0.812861,{'public_soft': 17},16,0,0.154696,0.122887,11.1875,4.8125,0.061937,0.0,0.844804,0.70625,0.138554,0.84197,{'public_soft': 16}
30,0.09175,1.0,public_soft,0.2,0.05,0.02,0.01,0.1,0.05,0.04,0.8,0.84,0.58,0.72,20.0,8.0,0.5,24.0,5.0,0.68,0.78,0.5,24.0,5.0,0.68,0.78,17,0,0.10988,0.09175,8.235294,3.941176,0.0,0.0,0.941958,0.697059,0.244899,0.812861,{'public_soft': 17},16,0,0.157793,0.122887,11.1875,4.8125,0.061937,0.0,0.844804,0.70625,0.138554,0.84197,{'public_soft': 16}
31,0.09175,1.0,public_soft,0.2,0.05,0.02,0.01,0.2,0.05,0.04,0.8,0.84,0.58,0.72,20.0,8.0,0.5,24.0,5.0,0.68,0.78,0.5,24.0,5.0,0.68,0.78,17,0,0.10988,0.09175,8.235294,3.941176,0.0,0.0,0.941958,0.697059,0.244899,0.812861,{'public_soft': 17},16,0,0.163987,0.122887,11.1875,4.8125,0.061937,0.0,0.844804,0.70625,0.138554,0.84197,{'public_soft': 16}
32,0.09244584,1.0,public_soft,0.2,0.05,0.02,0.02,0.02,0.05,0.04,0.8,0.84,0.58,0.72,20.0,8.0,0.5,24.0,5.0,0.68,0.78,0.5,24.0,5.0,0.68,0.78,17,0,0.113581,0.090899,8.411765,3.411765,0.038671,0.0,0.944574,0.697059,0.247515,0.812034,{'public_soft': 17},16,0,0.155278,0.118779,10.9375,3.875,0.218231,0.0,0.845599,0.70625,0.139349,0.838728,{'public_soft': 16}
33,0.09244584,1.0,public_soft,0.2,0.05,0.02,0.02,0.05,0.05,0.04,0.8,0.84,0.58,0.72,20.0,8.0,0.5,24.0,5.0,0.68,0.78,0.5,24.0,5.0,0.68,0.78,17,0,0.114741,0.090899,8.411765,3.411765,0.038671,0.0,0.944574,0.697059,0.247515,0.812034,{'public_soft': 17},16,0,0.160712,0.122887,11.1875,4.8125,0.061937,0.0,0.844804,0.70625,0.138554,0.84197,{'public_soft': 16}
34,0.09175,1.0,public_soft,0.2,0.05,0.02,0.02,0.1,0.05,0.04,0.8,0.84,0.58,0.72,20.0,8.0,0.5,24.0,5.0,0.68,0.78,0.5,24.0,5.0,0.68,0.78,17,0,0.114806,0.09175,8.235294,3.941176,0.0,0.0,0.941958,0.697059,0.244899,0.812861,{'public_soft': 17},16,0,0.163809,0.122887,11.1875,4.8125,0.061937,0.0,0.844804,0.70625,0.138554,0.84197,{'public_soft': 16}
35,0.09175,1.0,public_soft,0.2,0.05,0.02,0.02,0.2,0.05,0.04,0.8,0.84,0.58,0.72,20.0,8.0,0.5,24.0,5.0,0.68,0.78,0.5,24.0,5.0,0.68,0.78,17,0,0.114806,0.09175,8.235294,3.941176,0.0,0.0,0.941958,0.697059,0.244899,0.812861,{'public_soft': 17},16,0,0.170003,0.122887,11.1875,4.8125,0.061937,0.0,0.844804,0.70625,0.138554,0.84197,{'public_soft': 16}
36,0.09294284,1.0,public_soft,0.2,0.15,0.0,0.0,0.02,0.05,0.04,0.8,0.84,0.58,0.72,20.0,8.0,0.5,24.0,5.0,0.68,0.78,0.5,24.0,5.0,0.68,0.78,17,0,0.098632,0.091396,8.470588,3.411765,0.038671,0.0,0.922293,0.697059,0.225234,0.829168,{'public_soft': 17},16,0,0.135831,0.118779,10.9375,3.875,0.218231,0.0,0.845599,0.70625,0.139349,0.838728,{'public_soft': 16}
37,0.092247,1.0,public_soft,0.2,0.15,0.0,0.0,0.05,0.05,0.04,0.8,0.84,0.58,0.72,20.0,8.0,0.5,24.0,5.0,0.68,0.78,0.5,24.0,5.0,0.68,0.78,17,0,0.09871,0.092247,8.294118,3.941176,0.0,0.0,0.919677,0.697059,0.222618,0.829994,{'public_soft': 17},16,0,0.138671,0.122887,11.1875,4.8125,0.061937,0.0,0.844804,0.70625,0.138554,0.84197,{'public_soft': 16}
38,0.092247,1.0,public_soft,0.2,0.15,0.0,0.0,0.1,0.05,0.04,0.8,0.84,0.58,0.72,20.0,8.0,0.5,24.0,5.0,0.68,0.78,0.5,24.0,5.0,0.68,0.78,17,0,0.09871,0.092247,8.294118,3.941176,0.0,0.0,0.919677,0.697059,0.222618,0.829994,{'public_soft': 17},16,0,0.141767,0.122887,11.1875,4.8125,0.061937,0.0,0.844804,0.70625,0.138554,0.84197,{'public_soft': 16}
39,0.092247,1.0,public_soft,0.2,0.15,0.0,0.0,0.2,0.05,0.04,0.8,0.84,0.58,0.72,20.0,8.0,0.5,24.0,5.0,0.68,0.78,0.5,24.0,5.0,0.68,0.78,17,0,0.09871,0.092247,8.294118,3.941176,0.0,0.0,0.919677,0.697059,0.222618,0.829994,{'public_soft': 17},16,0,0.147961,0.122887,11.1875,4.8125,0.061937,0.0,0.844804,0.70625,0.138554,0.84197,{'public_soft': 16}
40,0.09294284,1.0,public_soft,0.2,0.15,0.0,0.01,0.02,0.05,0.04,0.8,0.84,0.58,0.72,20.0,8.0,0.5,24.0,5.0,0.68,0.78,0.5,24.0,5.0,0.68,0.78,17,0,0.102897,0.091396,8.470588,3.411765,0.038671,0.0,0.922293,0.697059,0.225234,0.829168,{'public_soft': 17},16,0,0.140675,0.118779,10.9375,3.875,0.218231,0.0,0.845599,0.70625,0.139349,0.838728,{'public_soft': 16}
41,0.092247,1.0,public_soft,0.2,0.15,0.0,0.01,0.05,0.05,0.04,0.8,0.84,0.58,0.72,20.0,8.0,0.5,24.0,5.0,0.68,0.78,0.5,24.0,5.0,0.68,0.78,17,0,0.103636,0.092247,8.294118,3.941176,0.0,0.0,0.919677,0.697059,0.222618,0.829994,{'public_soft': 17},16,0,0.144686,0.122887,11.1875,4.8125,0.061937,0.0,0.844804,0.70625,0.138554,0.84197,{'public_soft': 16}
42,0.092247,1.0,public_soft,0.2,0.15,0.0,0.01,0.1,0.05,0.04,0.8,0.84,0.58,0.72,20.0,8.0,0.5,24.0,5.0,0.68,0.78,0.5,24.0,5.0,0.68,0.78,17,0,0.103636,0.092247,8.294118,3.941176,0.0,0.0,0.919677,0.697059,0.222618,0.829994,{'public_soft': 17},16,0,0.147783,0.122887,11.1875,4.8125,0.061937,0.0,0.844804,0.70625,0.138554,0.84197,{'public_soft': 16}
43,0.092247,1.0,public_soft,0.2,0.15,0.0,0.01,0.2,0.05,0.04,0.8,0.84,0.58,0.72,20.0,8.0,0.5,24.0,5.0,0.68,0.78,0.5,24.0,5.0,0.68,0.78,17,0,0.103636,0.092247,8.294118,3.941176,0.0,0.0,0.919677,0.697059,0.222618,0.829994,{'public_soft': 17},16,0,0.153977,0.122887,11.1875,4.8125,0.061937,0.0,0.844804,0.70625,0.138554,0.84197,{'public_soft': 16}
44,0.09294284,1.0,public_soft,0.2,0.15,0.0,0.02,0.02,0.05,0.04,0.8,0.84,0.58,0.72,20.0,8.0,0.5,24.0,5.0,0.68,0.78,0.5,24.0,5.0,0.68,0.78,17,0,0.107162,0.091396,8.470588,3.411765,0.038671,0.0,0.922293,0.697059,0.225234,0.829168,{'public_soft': 17},16,0,0.145518,0.118779,10.9375,3.875,0.218231,0.0,0.845599,0.70625,0.139349,0.838728,{'public_soft': 16}
45,0.09294284,1.0,public_soft,0.2,0.15,0.0,0.02,0.05,0.05,0.04,0.8,0.84,0.58,0.72,20.0,8.0,0.5,24.0,5.0,0.68,0.78,0.5,24.0,5.0,0.68,0.78,17,0,0.108322,0.091396,8.470588,3.411765,0.038671,0.0,0.922293,0.697059,0.225234,0.829168,{'public_soft': 17},16,0,0.150702,0.122887,11.1875,4.8125,0.061937,0.0,0.844804,0.70625,0.138554,0.84197,{'public_soft': 16}
46,0.092247,1.0,public_soft,0.2,0.15,0.0,0.02,0.1,0.05,0.04,0.8,0.84,0.58,0.72,20.0,8.0,0.5,24.0,5.0,0.68,0.78,0.5,24.0,5.0,0.68,0.78,17,0,0.108563,0.092247,8.294118,3.941176,0.0,0.0,0.919677,0.697059,0.222618,0.829994,{'public_soft': 17},16,0,0.153799,0.122887,11.1875,4.8125,0.061937,0.0,0.844804,0.70625,0.138554,0.84197,{'public_soft': 16}
47,0.092247,1.0,public_soft,0.2,0.15,0.0,0.02,0.2,0.05,0.04,0.8,0.84,0.58,0.72,20.0,8.0,0.5,24.0,5.0,0.68,0.78,0.5,24.0,5.0,0.68,0.78,17,0,0.108563,0.092247,8.294118,3.941176,0.0,0.0,0.919677,0.697059,0.222618,0.829994,{'public_soft': 17},16,0,0.159992,0.122887,11.1875,4.8125,0.061937,0.0,0.844804,0.70625,0.138554,0.84197,{'public_soft': 16}
48,0.092247,1.0,public_soft,0.2,0.15,0.01,0.0,0.02,0.05,0.04,0.8,0.84,0.58,0.72,20.0,8.0,0.5,24.0,5.0,0.68,0.78,0.5,24.0,5.0,0.68,0.78,17,0,0.102857,0.092247,8.294118,3.941176,0.0,0.0,0.919677,0.697059,0.222618,0.829994,{'public_soft': 17},16,0,0.1413,0.118779,10.9375,3.875,0.218231,0.0,0.845599,0.70625,0.139349,0.838728,{'public_soft': 16}
49,0.092247,1.0,public_soft,0.2,0.15,0.01,0.0,0.05,0.05,0.04,0.8,0.84,0.58,0.72,20.0,8.0,0.5,24.0,5.0,0.68,0.78,0.5,24.0,5.0,0.68,0.78,17,0,0.102857,0.092247,8.294118,3.941176,0.0,0.0,0.919677,0.697059,0.222618,0.829994,{'public_soft': 17},16,0,0.144264,0.122887,11.1875,4.8125,0.061937,0.0,0.844804,0.70625,0.138554,0.84197,{'public_soft': 16}
50,0.092247,1.0,public_soft,0.2,0.15,0.01,0.0,0.1,0.05,0.04,0.8,0.84,0.58,0.72,20.0,8.0,0.5,24.0,5.0,0.68,0.78,0.5,24.0,5.0,0.68,0.78,17,0,0.102857,0.092247,8.294118,3.941176,0.0,0.0,0.919677,0.697059,0.222618,0.829994,{'public_soft': 17},16,0,0.147361,0.122887,11.1875,4.8125,0.061937,0.0,0.844804,0.70625,0.138554,0.84197,{'public_soft': 16}
51,0.092247,1.0,public_soft,0.2,0.15,0.01,0.0,0.2,0.05,0.04,0.8,0.84,0.58,0.72,20.0,8.0,0.5,24.0,5.0,0.68,0.78,0.5,24.0,5.0,0.68,0.78,17,0,0.102857,0.092247,8.294118,3.941176,0.0,0.0,0.919677,0.697059,0.222618,0.829994,{'public_soft': 17},16,0,0.153555,0.122887,11.1875,4.8125,0.061937,0.0,0.844804,0.70625,0.138554,0.84197,{'public_soft': 16}
52,0.09294284,1.0,public_soft,0.2,0.15,0.01,0.01,0.02,0.05,0.04,0.8,0.84,0.58,0.72,20.0,8.0,0.5,24.0,5.0,0.68,0.78,0.5,24.0,5.0,0.68,0.78,17,0,0.107132,0.091396,8.470588,3.411765,0.038671,0.0,0.922293,0.697059,0.225234,0.829168,{'public_soft': 17},16,0,0.146143,0.118779,10.9375,3.875,0.218231,0.0,0.845599,0.70625,0.139349,0.838728,{'public_soft': 16}
53,0.092247,1.0,public_soft,0.2,0.15,0.01,0.01,0.05,0.05,0.04,0.8,0.84,0.58,0.72,20.0,8.0,0.5,24.0,5.0,0.68,0.78,0.5,24.0,5.0,0.68,0.78,17,0,0.107784,0.092247,8.294118,3.941176,0.0,0.0,0.919677,0.697059,0.222618,0.829994,{'public_soft': 17},16,0,0.15028,0.122887,11.1875,4.8125,0.061937,0.0,0.844804,0.70625,0.138554,0.84197,{'public_soft': 16}
54,0.092247,1.0,public_soft,0.2,0.15,0.01,0.01,0.1,0.05,0.04,0.8,0.84,0.58,0.72,20.0,8.0,0.5,24.0,5.0,0.68,0.78,0.5,24.0,5.0,0.68,0.78,17,0,0.107784,0.092247,8.294118,3.941176,0.0,0.0,0.919677,0.697059,0.222618,0.829994,{'public_soft': 17},16,0,0.153377,0.122887,11.1875,4.8125,0.061937,0.0,0.844804,0.70625,0.138554,0.84197,{'public_soft': 16}
55,0.092247,1.0,public_soft,0.2,0.15,0.01,0.01,0.2,0.05,0.04,0.8,0.84,0.58,0.72,20.0,8.0,0.5,24.0,5.0,0.68,0.78,0.5,24.0,5.0,0.68,0.78,17,0,0.107784,0.092247,8.294118,3.941176,0.0,0.0,0.919677,0.697059,0.222618,0.829994,{'public_soft': 17},16,0,0.159571,0.122887,11.1875,4.8125,0.061937,0.0,0.844804,0.70625,0.138554,0.84197,{'public_soft': 16}
56,0.09294284,1.0,public_soft,0.2,0.15,0.01,0.02,0.02,0.05,0.04,0.8,0.84,0.58,0.72,20.0,8.0,0.5,24.0,5.0,0.68,0.78,0.5,24.0,5.0,0.68,0.78,17,0,0.111397,0.091396,8.470588,3.411765,0.038671,0.0,0.922293,0.697059,0.225234,0.829168,{'public_soft': 17},16,0,0.150987,0.118779,10.9375,3.875,0.218231,0.0,0.845599,0.70625,0.139349,0.838728,{'public_soft': 16}
57,0.09294284,1.0,public_soft,0.2,0.15,0.01,0.02,0.05,0.05,0.04,0.8,0.84,0.58,0.72,20.0,8.0,0.5,24.0,5.0,0.68,0.78,0.5,24.0,5.0,0.68,0.78,17,0,0.112557,0.091396,8.470588,3.411765,0.038671,0.0,0.922293,0.697059,0.225234,0.829168,{'public_soft': 17},16,0,0.156296,0.122887,11.1875,4.8125,0.061937,0.0,0.844804,0.70625,0.138554,0.84197,{'public_soft': 16}
58,0.092247,1.0,public_soft,0.2,0.15,0.01,0.02,0.1,0.05,0.04,0.8,0.84,0.58,0.72,20.0,8.0,0.5,24.0,5.0,0.68,0.78,0.5,24.0,5.0,0.68,0.78,17,0,0.11271,0.092247,8.294118,3.941176,0.0,0.0,0.919677,0.697059,0.222618,0.829994,{'public_soft': 17},16,0,0.159392,0.122887,11.1875,4.8125,0.061937,0.0,0.844804,0.70625,0.138554,0.84197,{'public_soft': 16}
59,0.092247,1.0,public_soft,0.2,0.15,0.01,0.02,0.2,0.05,0.04,0.8,0.84,0.58,0.72,20.0,8.0,0.5,24.0,5.0,0.68,0.78,0.5,24.0,5.0,0.68,0.78,17,0,0.11271,0.092247,8.294118,3.941176,0.0,0.0,0.919677,0.697059,0.222618,0.829994,{'public_soft': 17},16,0,0.165586,0.122887,11.1875,4.8125,0.061937,0.0,0.844804,0.70625,0.138554,0.84197,{'public_soft': 16}
60,0.092247,1.0,public_soft,0.2,0.15,0.02,0.0,0.02,0.05,0.04,0.8,0.84,0.58,0.72,20.0,8.0,0.5,24.0,5.0,0.68,0.78,0.5,24.0,5.0,0.68,0.78,17,0,0.107004,0.092247,8.294118,3.941176,0.0,0.0,0.919677,0.697059,0.222618,0.829994,{'public_soft': 17},16,0,0.146768,0.118779,10.9375,3.875,0.218231,0.0,0.845599,0.70625,0.139349,0.838728,{'public_soft': 16}
61,0.092247,1.0,public_soft,0.2,0.15,0.02,0.0,0.05,0.05,0.04,0.8,0.84,0.58,0.72,20.0,8.0,0.5,24.0,5.0,0.68,0.78,0.5,24.0,5.0,0.68,0.78,17,0,0.107004,0.092247,8.294118,3.941176,0.0,0.0,0.919677,0.697059,0.222618,0.829994,{'public_soft': 17},16,0,0.149858,0.122887,11.1875,4.8125,0.061937,0.0,0.844804,0.70625,0.138554,0.84197,{'public_soft': 16}
62,0.092247,1.0,public_soft,0.2,0.15,0.02,0.0,0.1,0.05,0.04,0.8,0.84,0.58,0.72,20.0,8.0,0.5,24.0,5.0,0.68,0.78,0.5,24.0,5.0,0.68,0.78,17,0,0.107004,0.092247,8.294118,3.941176,0.0,0.0,0.919677,0.697059,0.222618,0.829994,{'public_soft': 17},16,0,0.152955,0.122887,11.1875,4.8125,0.061937,0.0,0.844804,0.70625,0.138554,0.84197,{'public_soft': 16}
63,0.092247,1.0,public_soft,0.2,0.15,0.02,0.0,0.2,0.05,0.04,0.8,0.84,0.58,0.72,20.0,8.0,0.5,24.0,5.0,0.68,0.78,0.5,24.0,5.0,0.68,0.78,17,0,0.107004,0.092247,8.294118,3.941176,0.0,0.0,0.919677,0.697059,0.222618,0.829994,{'public_soft': 17},16,0,0.159149,0.122887,11.1875,4.8125,0.061937,0.0,0.844804,0.70625,0.138554,0.84197,{'public_soft': 16}
64,0.09294284,1.0,public_soft,0.2,0.15,0.02,0.01,0.02,0.05,0.04,0.8,0.84,0.58,0.72,20.0,8.0,0.5,24.0,5.0,0.68,0.78,0.5,24.0,5.0,0.68,0.78,17,0,0.111367,0.091396,8.470588,3.411765,0.038671,0.0,0.922293,0.697059,0.225234,0.829168,{'public_soft': 17},16,0,0.151612,0.118779,10.9375,3.875,0.218231,0.0,0.845599,0.70625,0.139349,0.838728,{'public_soft': 16}
65,0.092247,1.0,public_soft,0.2,0.15,0.02,0.01,0.05,0.05,0.04,0.8,0.84,0.58,0.72,20.0,8.0,0.5,24.0,5.0,0.68,0.78,0.5,24.0,5.0,0.68,0.78,17,0,0.111931,0.092247,8.294118,3.941176,0.0,0.0,0.919677,0.697059,0.222618,0.829994,{'public_soft': 17},16,0,0.155874,0.122887,11.1875,4.8125,0.061937,0.0,0.844804,0.70625,0.138554,0.84197,{'public_soft': 16}
66,0.092247,1.0,public_soft,0.2,0.15,0.02,0.01,0.1,0.05,0.04,0.8,0.84,0.58,0.72,20.0,8.0,0.5,24.0,5.0,0.68,0.78,0.5,24.0,5.0,0.68,0.78,17,0,0.111931,0.092247,8.294118,3.941176,0.0,0.0,0.919677,0.697059,0.222618,0.829994,{'public_soft': 17},16,0,0.158971,0.122887,11.1875,4.8125,0.061937,0.0,0.844804,0.70625,0.138554,0.84197,{'public_soft': 16}
67,0.092247,1.0,public_soft,0.2,0.15,0.02,0.01,0.2,0.05,0.04,0.8,0.84,0.58,0.72,20.0,8.0,0.5,24.0,5.0,0.68,0.78,0.5,24.0,5.0,0.68,0.78,17,0,0.111931,0.092247,8.294118,3.941176,0.0,0.0,0.919677,0.697059,0.222618,0.829994,{'public_soft': 17},16,0,0.165164,0.122887,11.1875,4.8125,0.061937,0.0,0.844804,0.70625,0.138554,0.84197,{'public_soft': 16}
68,0.09294284,1.0,public_soft,0.2,0.15,0.02,0.02,0.02,0.05,0.04,0.8,0.84,0.58,0.72,20.0,8.0,0.5,24.0,5.0,0.68,0.78,0.5,24.0,5.0,0.68,0.78,17,0,0.115632,0.091396,8.470588,3.411765,0.038671,0.0,0.922293,0.697059,0.225234,0.829168,{'public_soft': 17},16,0,0.156456,0.118779,10.9375,3.875,0.218231,0.0,0.845599,0.70625,0.139349,0.838728,{'public_soft': 16}
69,0.09294284,1.0,public_soft,0.2,0.15,0.02,0.02,0.05,0.05,0.04,0.8,0.84,0.58,0.72,20.0,8.0,0.5,24.0,5.0,0.68,0.78,0.5,24.0,5.0,0.68,0.78,17,0,0.116792,0.091396,8.470588,3.411765,0.038671,0.0,0.922293,0.697059,0.225234,0.829168,{'public_soft': 17},16,0,0.161889,0.122887,11.1875,4.8125,0.061937,0.0,0.844804,0.70625,0.138554,0.84197,{'public_soft': 16}
70,0.092247,1.0,public_soft,0.2,0.15,0.02,0.02,0.1,0.05,0.04,0.8,0.84,0.58,0.72,20.0,8.0,0.5,24.0,5.0,0.68,0.78,0.5,24.0,5.0,0.68,0.78,17,0,0.116857,0.092247,8.294118,3.941176,0.0,0.0,0.919677,0.697059,0.222618,0.829994,{'public_soft': 17},16,0,0.164986,0.122887,11.1875,4.8125,0.061937,0.0,0.844804,0.70625,0.138554,0.84197,{'public_soft': 16}
71,0.092247,1.0,public_soft,0.2,0.15,0.02,0.02,0.2,0.05,0.04,0.8,0.84,0.58,0.72,20.0,8.0,0.5,24.0,5.0,0.68,0.78,0.5,24.0,5.0,0.68,0.78,17,0,0.116857,0.092247,8.294118,3.941176,0.0,0.0,0.919677,0.697059,0.222618,0.829994,{'public_soft': 17},16,0,0.17118,0.122887,11.1875,4.8125,0.061937,0.0,0.844804,0.70625,0.138554,0.84197,{'public_soft': 16}
72,0.09294284,1.0,public_soft,0.2,0.3,0.0,0.0,0.02,0.05,0.04,0.8,0.84,0.58,0.72,20.0,8.0,0.5,24.0,5.0,0.68,0.78,0.5,24.0,5.0,0.68,0.78,17,0,0.1012,0.091396,8.470588,3.411765,0.038671,0.0,0.922293,0.697059,0.225234,0.829168,{'public_soft': 17},16,0,0.137597,0.118779,10.9375,3.875,0.218231,0.0,0.845599,0.70625,0.139349,0.838728,{'public_soft': 16}
73,0.092247,1.0,public_soft,0.2,0.3,0.0,0.0,0.05,0.05,0.04,0.8,0.84,0.58,0.72,20.0,8.0,0.5,24.0,5.0,0.68,0.78,0.5,24.0,5.0,0.68,0.78,17,0,0.101278,0.092247,8.294118,3.941176,0.0,0.0,0.919677,0.697059,0.222618,0.829994,{'public_soft': 17},16,0,0.140437,0.122887,11.1875,4.8125,0.061937,0.0,0.844804,0.70625,0.138554,0.84197,{'public_soft': 16}
74,0.092247,1.0,public_soft,0.2,0.3,0.0,0.0,0.1,0.05,0.04,0.8,0.84,0.58,0.72,20.0,8.0,0.5,24.0,5.0,0.68,0.78,0.5,24.0,5.0,0.68,0.78,17,0,0.101278,0.092247,8.294118,3.941176,0.0,0.0,0.919677,0.697059,0.222618,0.829994,{'public_soft': 17},16,0,0.143534,0.122887,11.1875,4.8125,0.061937,0.0,0.844804,0.70625,0.138554,0.84197,{'public_soft': 16}
75,0.092247,1.0,public_soft,0.2,0.3,0.0,0.0,0.2,0.05,0.04,0.8,0.84,0.58,0.72,20.0,8.0,0.5,24.0,5.0,0.68,0.78,0.5,24.0,5.0,0.68,0.78,17,0,0.101278,0.092247,8.294118,3.941176,0.0,0.0,0.919677,0.697059,0.222618,0.829994,{'public_soft': 17},16,0,0.149727,0.122887,11.1875,4.8125,0.061937,0.0,0.844804,0.70625,0.138554,0.84197,{'public_soft': 16}
76,0.09294284,1.0,public_soft,0.2,0.3,0.0,0.01,0.02,0.05,0.04,0.8,0.84,0.58,0.72,20.0,8.0,0.5,24.0,5.0,0.68,0.78,0.5,24.0,5.0,0.68,0.78,17,0,0.105464,0.091396,8.470588,3.411765,0.038671,0.0,0.922293,0.697059,0.225234,0.829168,{'public_soft': 17},16,0,0.142441,0.118779,10.9375,3.875,0.218231,0.0,0.845599,0.70625,0.139349,0.838728,{'public_soft': 16}
77,0.092247,1.0,public_soft,0.2,0.3,0.0,0.01,0.05,0.05,0.04,0.8,0.84,0.58,0.72,20.0,8.0,0.5,24.0,5.0,0.68,0.78,0.5,24.0,5.0,0.68,0.78,17,0,0.106204,0.092247,8.294118,3.941176,0.0,0.0,0.919677,0.697059,0.222618,0.829994,{'public_soft': 17},16,0,0.146452,0.122887,11.1875,4.8125,0.061937,0.0,0.844804,0.70625,0.138554,0.84197,{'public_soft': 16}
78,0.092247,1.0,public_soft,0.2,0.3,0.0,0.01,0.1,0.05,0.04,0.8,0.84,0.58,0.72,20.0,8.0,0.5,24.0,5.0,0.68,0.78,0.5,24.0,5.0,0.68,0.78,17,0,0.106204,0.092247,8.294118,3.941176,0.0,0.0,0.919677,0.697059,0.222618,0.829994,{'public_soft': 17},16,0,0.149549,0.122887,11.1875,4.8125,0.061937,0.0,0.844804,0.70625,0.138554,0.84197,{'public_soft': 16}
79,0.092247,1.0,public_soft,0.2,0.3,0.0,0.01,0.2,0.05,0.04,0.8,0.84,0.58,0.72,20.0,8.0,0.5,24.0,5.0,0.68,0.78,0.5,24.0,5.0,0.68,0.78,17,0,0.106204,0.092247,8.294118,3.941176,0.0,0.0,0.919677,0.697059,0.222618,0.829994,{'public_soft': 17},16,0,0.155743,0.122887,11.1875,4.8125,0.061937,0.0,0.844804,0.70625,0.138554,0.84197,{'public_soft': 16}
80,0.09294284,1.0,public_soft,0.2,0.3,0.0,0.02,0.02,0.05,0.04,0.8,0.84,0.58,0.72,20.0,8.0,0.5,24.0,5.0,0.68,0.78,0.5,24.0,5.0,0.68,0.78,17,0,0.109729,0.091396,8.470588,3.411765,0.038671,0.0,0.922293,0.697059,0.225234,0.829168,{'public_soft': 17},16,0,0.147285,0.118779,10.9375,3.875,0.218231,0.0,0.845599,0.70625,0.139349,0.838728,{'public_soft': 16}
81,0.09294284,1.0,public_soft,0.2,0.3,0.0,0.02,0.05,0.05,0.04,0.8,0.84,0.58,0.72,20.0,8.0,0.5,24.0,5.0,0.68,0.78,0.5,24.0,5.0,0.68,0.78,17,0,0.110889,0.091396,8.470588,3.411765,0.038671,0.0,0.922293,0.697059,0.225234,0.829168,{'public_soft': 17},16,0,0.152468,0.122887,11.1875,4.8125,0.061937,0.0,0.844804,0.70625,0.138554,0.84197,{'public_soft': 16}
82,0.092247,1.0,public_soft,0.2,0.3,0.0,0.02,0.1,0.05,0.04,0.8,0.84,0.58,0.72,20.0,8.0,0.5,24.0,5.0,0.68,0.78,0.5,24.0,5.0,0.68,0.78,17,0,0.11113,0.092247,8.294118,3.941176,0.0,0.0,0.919677,0.697059,0.222618,0.829994,{'public_soft': 17},16,0,0.155565,0.122887,11.1875,4.8125,0.061937,0.0,0.844804,0.70625,0.138554,0.84197,{'public_soft': 16}
83,0.092247,1.0,public_soft,0.2,0.3,0.0,0.02,0.2,0.05,0.04,0.8,0.84,0.58,0.72,20.0,8.0,0.5,24.0,5.0,0.68,0.78,0.5,24.0,5.0,0.68,0.78,17,0,0.11113,0.092247,8.294118,3.941176,0.0,0.0,0.919677,0.697059,0.222618,0.829994,{'public_soft': 17},16,0,0.161759,0.122887,11.1875,4.8125,0.061937,0.0,0.844804,0.70625,0.138554,0.84197,{'public_soft': 16}
84,0.092247,1.0,public_soft,0.2,0.3,0.01,0.0,0.02,0.05,0.04,0.8,0.84,0.58,0.72,20.0,8.0,0.5,24.0,5.0,0.68,0.78,0.5,24.0,5.0,0.68,0.78,17,0,0.105425,0.092247,8.294118,3.941176,0.0,0.0,0.919677,0.697059,0.222618,0.829994,{'public_soft': 17},16,0,0.143066,0.118779,10.9375,3.875,0.218231,0.0,0.845599,0.70625,0.139349,0.838728,{'public_soft': 16}
85,0.092247,1.0,public_soft,0.2,0.3,0.01,0.0,0.05,0.05,0.04,0.8,0.84,0.58,0.72,20.0,8.0,0.5,24.0,5.0,0.68,0.78,0.5,24.0,5.0,0.68,0.78,17,0,0.105425,0.092247,8.294118,3.941176,0.0,0.0,0.919677,0.697059,0.222618,0.829994,{'public_soft': 17},16,0,0.146031,0.122887,11.1875,4.8125,0.061937,0.0,0.844804,0.70625,0.138554,0.84197,{'public_soft': 16}
86,0.092247,1.0,public_soft,0.2,0.3,0.01,0.0,0.1,0.05,0.04,0.8,0.84,0.58,0.72,20.0,8.0,0.5,24.0,5.0,0.68,0.78,0.5,24.0,5.0,0.68,0.78,17,0,0.105425,0.092247,8.294118,3.941176,0.0,0.0,0.919677,0.697059,0.222618,0.829994,{'public_soft': 17},16,0,0.149127,0.122887,11.1875,4.8125,0.061937,0.0,0.844804,0.70625,0.138554,0.84197,{'public_soft': 16}
87,0.092247,1.0,public_soft,0.2,0.3,0.01,0.0,0.2,0.05,0.04,0.8,0.84,0.58,0.72,20.0,8.0,0.5,24.0,5.0,0.68,0.78,0.5,24.0,5.0,0.68,0.78,17,0,0.105425,0.092247,8.294118,3.941176,0.0,0.0,0.919677,0.697059,0.222618,0.829994,{'public_soft': 17},16,0,0.155321,0.122887,11.1875,4.8125,0.061937,0.0,0.844804,0.70625,0.138554,0.84197,{'public_soft': 16}
88,0.09294284,1.0,public_soft,0.2,0.3,0.01,0.01,0.02,0.05,0.04,0.8,0.84,0.58,0.72,20.0,8.0,0.5,24.0,5.0,0.68,0.78,0.5,24.0,5.0,0.68,0.78,17,0,0.1097,0.091396,8.470588,3.411765,0.038671,0.0,0.922293,0.697059,0.225234,0.829168,{'public_soft': 17},16,0,0.14791,0.118779,10.9375,3.875,0.218231,0.0,0.845599,0.70625,0.139349,0.838728,{'public_soft': 16}
89,0.092247,1.0,public_soft,0.2,0.3,0.01,0.01,0.05,0.05,0.04,0.8,0.84,0.58,0.72,20.0,8.0,0.5,24.0,5.0,0.68,0.78,0.5,24.0,5.0,0.68,0.78,17,0,0.110351,0.092247,8.294118,3.941176,0.0,0.0,0.919677,0.697059,0.222618,0.829994,{'public_soft': 17},16,0,0.152046,0.122887,11.1875,4.8125,0.061937,0.0,0.844804,0.70625,0.138554,0.84197,{'public_soft': 16}
90,0.092247,1.0,public_soft,0.2,0.3,0.01,0.01,0.1,0.05,0.04,0.8,0.84,0.58,0.72,20.0,8.0,0.5,24.0,5.0,0.68,0.78,0.5,24.0,5.0,0.68,0.78,17,0,0.110351,0.092247,8.294118,3.941176,0.0,0.0,0.919677,0.697059,0.222618,0.829994,{'public_soft': 17},16,0,0.155143,0.122887,11.1875,4.8125,0.061937,0.0,0.844804,0.70625,0.138554,0.84197,{'public_soft': 16}
91,0.092247,1.0,public_soft,0.2,0.3,0.01,0.01,0.2,0.05,0.04,0.8,0.84,0.58,0.72,20.0,8.0,0.5,24.0,5.0,0.68,0.78,0.5,24.0,5.0,0.68,0.78,17,0,0.110351,0.092247,8.294118,3.941176,0.0,0.0,0.919677,0.697059,0.222618,0.829994,{'public_soft': 17},16,0,0.161337,0.122887,11.1875,4.8125,0.061937,0.0,0.844804,0.70625,0.138554,0.84197,{'public_soft': 16}
92,0.09294284,1.0,public_soft,0.2,0.3,0.01,0.02,0.02,0.05,0.04,0.8,0.84,0.58,0.72,20.0,8.0,0.5,24.0,5.0,0.68,0.78,0.5,24.0,5.0,0.68,0.78,17,0,0.113964,0.091396,8.470588,3.411765,0.038671,0.0,0.922293,0.697059,0.225234,0.829168,{'public_soft': 17},16,0,0.152753,0.118779,10.9375,3.875,0.218231,0.0,0.845599,0.70625,0.139349,0.838728,{'public_soft': 16}
93,0.09294284,1.0,public_soft,0.2,0.3,0.01,0.02,0.05,0.05,0.04,0.8,0.84,0.58,0.72,20.0,8.0,0.5,24.0,5.0,0.68,0.78,0.5,24.0,5.0,0.68,0.78,17,0,0.115125,0.091396,8.470588,3.411765,0.038671,0.0,0.922293,0.697059,0.225234,0.829168,{'public_soft': 17},16,0,0.158062,0.122887,11.1875,4.8125,0.061937,0.0,0.844804,0.70625,0.138554,0.84197,{'public_soft': 16}
94,0.092247,1.0,public_soft,0.2,0.3,0.01,0.02,0.1,0.05,0.04,0.8,0.84,0.58,0.72,20.0,8.0,0.5,24.0,5.0,0.68,0.78,0.5,24.0,5.0,0.68,0.78,17,0,0.115278,0.092247,8.294118,3.941176,0.0,0.0,0.919677,0.697059,0.222618,0.829994,{'public_soft': 17},16,0,0.161159,0.122887,11.1875,4.8125,0.061937,0.0,0.844804,0.70625,0.138554,0.84197,{'public_soft': 16}
95,0.092247,1.0,public_soft,0.2,0.3,0.01,0.02,0.2,0.05,0.04,0.8,0.84,0.58,0.72,20.0,8.0,0.5,24.0,5.0,0.68,0.78,0.5,24.0,5.0,0.68,0.78,17,0,0.115278,0.092247,8.294118,3.941176,0.0,0.0,0.919677,0.697059,0.222618,0.829994,{'public_soft': 17},16,0,0.167352,0.122887,11.1875,4.8125,0.061937,0.0,0.844804,0.70625,0.138554,0.84197,{'public_soft': 16}
96,0.092247,1.0,public_soft,0.2,0.3,0.02,0.0,0.02,0.05,0.04,0.8,0.84,0.58,0.72,20.0,8.0,0.5,24.0,5.0,0.68,0.78,0.5,24.0,5.0,0.68,0.78,17,0,0.109572,0.092247,8.294118,3.941176,0.0,0.0,0.919677,0.697059,0.222618,0.829994,{'public_soft': 17},16,0,0.148535,0.118779,10.9375,3.875,0.218231,0.0,0.845599,0.70625,0.139349,0.838728,{'public_soft': 16}
97,0.092247,1.0,public_soft,0.2,0.3,0.02,0.0,0.05,0.05,0.04,0.8,0.84,0.58,0.72,20.0,8.0,0.5,24.0,5.0,0.68,0.78,0.5,24.0,5.0,0.68,0.78,17,0,0.109572,0.092247,8.294118,3.941176,0.0,0.0,0.919677,0.697059,0.222618,0.829994,{'public_soft': 17},16,0,0.151624,0.122887,11.1875,4.8125,0.061937,0.0,0.844804,0.70625,0.138554,0.84197,{'public_soft': 16}
98,0.092247,1.0,public_soft,0.2,0.3,0.02,0.0,0.1,0.05,0.04,0.8,0.84,0.58,0.72,20.0,8.0,0.5,24.0,5.0,0.68,0.78,0.5,24.0,5.0,0.68,0.78,17,0,0.109572,0.092247,8.294118,3.941176,0.0,0.0,0.919677,0.697059,0.222618,0.829994,{'public_soft': 17},16,0,0.154721,0.122887,11.1875,4.8125,0.061937,0.0,0.844804,0.70625,0.138554,0.84197,{'public_soft': 16}
99,0.092247,1.0,public_soft,0.2,0.3,0.02,0.0,0.2,0.05,0.04,0.8,0.84,0.58,0.72,20.0,8.0,0.5,24.0,5.0,0.68,0.78,0.5,24.0,5.0,0.68,0.78,17,0,0.109572,0.092247,8.294118,3.941176,0.0,0.0,0.919677,0.697059,0.222618,0.829994,{'public_soft': 17},16,0,0.160915,0.122887,11.1875,4.8125,0.061937,0.0,0.844804,0.70625,0.138554,0.84197,{'public_soft': 16}
100,0.09294284,1.0,public_soft,0.2,0.3,0.02,0.01,0.02,0.05,0.04,0.8,0.84,0.58,0.72,20.0,8.0,0.5,24.0,5.0,0.68,0.78,0.5,24.0,5.0,0.68,0.78,17,0,0.113935,0.091396,8.470588,3.411765,0.038671,0.0,0.922293,0.697059,0.225234,0.829168,{'public_soft': 17},16,0,0.153378,0.118779,10.9375,3.875,0.218231,0.0,0.845599,0.70625,0.139349,0.838728,{'public_soft': 16}
101,0.092247,1.0,public_soft,0.2,0.3,0.02,0.01,0.05,0.05,0.04,0.8,0.84,0.58,0.72,20.0,8.0,0.5,24.0,5.0,0.68,0.78,0.5,24.0,5.0,0.68,0.78,17,0,0.114498,0.092247,8.294118,3.941176,0.0,0.0,0.919677,0.697059,0.222618,0.829994,{'public_soft': 17},16,0,0.15764,0.122887,11.1875,4.8125,0.061937,0.0,0.844804,0.70625,0.138554,0.84197,{'public_soft': 16}
102,0.092247,1.0,public_soft,0.2,0.3,0.02,0.01,0.1,0.05,0.04,0.8,0.84,0.58,0.72,20.0,8.0,0.5,24.0,5.0,0.68,0.78,0.5,24.0,5.0,0.68,0.78,17,0,0.114498,0.092247,8.294118,3.941176,0.0,0.0,0.919677,0.697059,0.222618,0.829994,{'public_soft': 17},16,0,0.160737,0.122887,11.1875,4.8125,0.061937,0.0,0.844804,0.70625,0.138554,0.84197,{'public_soft': 16}
103,0.092247,1.0,public_soft,0.2,0.3,0.02,0.01,0.2,0.05,0.04,0.8,0.84,0.58,0.72,20.0,8.0,0.5,24.0,5.0,0.68,0.78,0.5,24.0,5.0,0.68,0.78,17,0,0.114498,0.092247,8.294118,3.941176,0.0,0.0,0.919677,0.697059,0.222618,0.829994,{'public_soft': 17},16,0,0.166931,0.122887,11.1875,4.8125,0.061937,0.0,0.844804,0.70625,0.138554,0.84197,{'public_soft': 16}
104,0.09294284,1.0,public_soft,0.2,0.3,0.02,0.02,0.02,0.05,0.04,0.8,0.84,0.58,0.72,20.0,8.0,0.5,24.0,5.0,0.68,0.78,0.5,24.0,5.0,0.68,0.78,17,0,0.1182,0.091396,8.470588,3.411765,0.038671,0.0,0.922293,0.697059,0.225234,0.829168,{'public_soft': 17},16,0,0.158222,0.118779,10.9375,3.875,0.218231,0.0,0.845599,0.70625,0.139349,0.838728,{'public_soft': 16}
105,0.09294284,1.0,public_soft,0.2,0.3,0.02,0.02,0.05,0.05,0.04,0.8,0.84,0.58,0.72,20.0,8.0,0.5,24.0,5.0,0.68,0.78,0.5,24.0,5.0,0.68,0.78,17,0,0.11936,0.091396,8.470588,3.411765,0.038671,0.0,0.922293,0.697059,0.225234,0.829168,{'public_soft': 17},16,0,0.163656,0.122887,11.1875,4.8125,0.061937,0.0,0.844804,0.70625,0.138554,0.84197,{'public_soft': 16}
106,0.092247,1.0,public_soft,0.2,0.3,0.02,0.02,0.1,0.05,0.04,0.8,0.84,0.58,0.72,20.0,8.0,0.5,24.0,5.0,0.68,0.78,0.5,24.0,5.0,0.68,0.78,17,0,0.119425,0.092247,8.294118,3.941176,0.0,0.0,0.919677,0.697059,0.222618,0.829994,{'public_soft': 17},16,0,0.166752,0.122887,11.1875,4.8125,0.061937,0.0,0.844804,0.70625,0.138554,0.84197,{'public_soft': 16}
107,0.092247,1.0,public_soft,0.2,0.3,0.02,0.02,0.2,0.05,0.04,0.8,0.84,0.58,0.72,20.0,8.0,0.5,24.0,5.0,0.68,0.78,0.5,24.0,5.0,0.68,0.78,17,0,0.119425,0.092247,8.294118,3.941176,0.0,0.0,0.919677,0.697059,0.222618,0.829994,{'public_soft': 17},16,0,0.172946,0.122887,11.1875,4.8125,0.061937,0.0,0.844804,0.70625,0.138554,0.84197,{'public_soft': 16}
108,0.09244584,1.0,public_soft,0.35,0.05,0.0,0.0,0.02,0.05,0.04,0.8,0.84,0.58,0.72,20.0,8.0,0.5,24.0,5.0,0.68,0.78,0.5,24.0,5.0,0.68,0.78,17,0,0.099561,0.090899,8.411765,3.411765,0.038671,0.0,0.944574,0.697059,0.247515,0.812034,{'public_soft': 17},16,0,0.142393,0.121364,11.25,3.875,0.218231,0.0,0.854272,0.70625,0.148022,0.839188,{'public_soft': 16}
109,0.09175,1.0,public_soft,0.35,0.05,0.0,0.0,0.05,0.05,0.04,0.8,0.84,0.58,0.72,20.0,8.0,0.5,24.0,5.0,0.68,0.78,0.5,24.0,5.0,0.68,0.78,17,0,0.099639,0.09175,8.235294,3.941176,0.0,0.0,0.941958,0.697059,0.244899,0.812861,{'public_soft': 17},16,0,0.145233,0.125471,11.5,4.8125,0.061937,0.0,0.853477,0.70625,0.147227,0.84243,{'public_soft': 16}
110,0.09175,1.0,public_soft,0.35,0.05,0.0,0.0,0.1,0.05,0.04,0.8,0.84,0.58,0.72,20.0,8.0,0.5,24.0,5.0,0.68,0.78,0.5,24.0,5.0,0.68,0.78,17,0,0.099639,0.09175,8.235294,3.941176,0.0,0.0,0.941958,0.697059,0.244899,0.812861,{'public_soft': 17},16,0,0.148329,0.125471,11.5,4.8125,0.061937,0.0,0.853477,0.70625,0.147227,0.84243,{'public_soft': 16}
111,0.09175,1.0,public_soft,0.35,0.05,0.0,0.0,0.2,0.05,0.04,0.8,0.84,0.58,0.72,20.0,8.0,0.5,24.0,5.0,0.68,0.78,0.5,24.0,5.0,0.68,0.78,17,0,0.099639,0.09175,8.235294,3.941176,0.0,0.0,0.941958,0.697059,0.244899,0.812861,{'public_soft': 17},16,0,0.154523,0.125471,11.5,4.8125,0.061937,0.0,0.853477,0.70625,0.147227,0.84243,{'public_soft': 16}
112,0.09244584,1.0,public_soft,0.35,0.05,0.0,0.01,0.02,0.05,0.04,0.8,0.84,0.58,0.72,20.0,8.0,0.5,24.0,5.0,0.68,0.78,0.5,24.0,5.0,0.68,0.78,17,0,0.103826,0.090899,8.411765,3.411765,0.038671,0.0,0.944574,0.697059,0.247515,0.812034,{'public_soft': 17},16,0,0.147237,0.121364,11.25,3.875,0.218231,0.0,0.854272,0.70625,0.148022,0.839188,{'public_soft': 16}
113,0.09175,1.0,public_soft,0.35,0.05,0.0,0.01,0.05,0.05,0.04,0.8,0.84,0.58,0.72,20.0,8.0,0.5,24.0,5.0,0.68,0.78,0.5,24.0,5.0,0.68,0.78,17,0,0.104566,0.09175,8.235294,3.941176,0.0,0.0,0.941958,0.697059,0.244899,0.812861,{'public_soft': 17},16,0,0.151248,0.125471,11.5,4.8125,0.061937,0.0,0.853477,0.70625,0.147227,0.84243,{'public_soft': 16}
114,0.09175,1.0,public_soft,0.35,0.05,0.0,0.01,0.1,0.05,0.04,0.8,0.84,0.58,0.72,20.0,8.0,0.5,24.0,5.0,0.68,0.78,0.5,24.0,5.0,0.68,0.78,17,0,0.104566,0.09175,8.235294,3.941176,0.0,0.0,0.941958,0.697059,0.244899,0.812861,{'public_soft': 17},16,0,0.154345,0.125471,11.5,4.8125,0.061937,0.0,0.853477,0.70625,0.147227,0.84243,{'public_soft': 16}
115,0.09175,1.0,public_soft,0.35,0.05,0.0,0.01,0.2,0.05,0.04,0.8,0.84,0.58,0.72,20.0,8.0,0.5,24.0,5.0,0.68,0.78,0.5,24.0,5.0,0.68,0.78,17,0,0.104566,0.09175,8.235294,3.941176,0.0,0.0,0.941958,0.697059,0.244899,0.812861,{'public_soft': 17},16,0,0.160539,0.125471,11.5,4.8125,0.061937,0.0,0.853477,0.70625,0.147227,0.84243,{'public_soft': 16}
116,0.09244584,1.0,public_soft,0.35,0.05,0.0,0.02,0.02,0.05,0.04,0.8,0.84,0.58,0.72,20.0,8.0,0.5,24.0,5.0,0.68,0.78,0.5,24.0,5.0,0.68,0.78,17,0,0.108091,0.090899,8.411765,3.411765,0.038671,0.0,0.944574,0.697059,0.247515,0.812034,{'public_soft': 17},16,0,0.15208,0.121364,11.25,3.875,0.218231,0.0,0.854272,0.70625,0.148022,0.839188,{'public_soft': 16}
117,0.09244584,1.0,public_soft,0.35,0.05,0.0,0.02,0.05,0.05,0.04,0.8,0.84,0.58,0.72,20.0,8.0,0.5,24.0,5.0,0.68,0.78,0.5,24.0,5.0,0.68,0.78,17,0,0.109251,0.090899,8.411765,3.411765,0.038671,0.0,0.944574,0.697059,0.247515,0.812034,{'public_soft': 17},16,0,0.157264,0.125471,11.5,4.8125,0.061937,0.0,0.853477,0.70625,0.147227,0.84243,{'public_soft': 16}
118,0.09175,1.0,public_soft,0.35,0.05,0.0,0.02,0.1,0.05,0.04,0.8,0.84,0.58,0.72,20.0,8.0,0.5,24.0,5.0,0.68,0.78,0.5,24.0,5.0,0.68,0.78,17,0,0.109492,0.09175,8.235294,3.941176,0.0,0.0,0.941958,0.697059,0.244899,0.812861,{'public_soft': 17},16,0,0.160361,0.125471,11.5,4.8125,0.061937,0.0,0.853477,0.70625,0.147227,0.84243,{'public_soft': 16}
119,0.09175,1.0,public_soft,0.35,0.05,0.0,0.02,0.2,0.05,0.04,0.8,0.84,0.58,0.72,20.0,8.0,0.5,24.0,5.0,0.68,0.78,0.5,24.0,5.0,0.68,0.78,17,0,0.109492,0.09175,8.235294,3.941176,0.0,0.0,0.941958,0.697059,0.244899,0.812861,{'public_soft': 17},16,0,0.166554,0.125471,11.5,4.8125,0.061937,0.0,0.853477,0.70625,0.147227,0.84243,{'public_soft': 16}
120,0.09175,1.0,public_soft,0.35,0.05,0.01,0.0,0.02,0.05,0.04,0.8,0.84,0.58,0.72,20.0,8.0,0.5,24.0,5.0,0.68,0.78,0.5,24.0,5.0,0.68,0.78,17,0,0.103757,0.09175,8.235294,3.941176,0.0,0.0,0.941958,0.697059,0.244899,0.812861,{'public_soft': 17},16,0,0.148018,0.121364,11.25,3.875,0.218231,0.0,0.854272,0.70625,0.148022,0.839188,{'public_soft': 16}
121,0.09175,1.0,public_soft,0.35,0.05,0.01,0.0,0.05,0.05,0.04,0.8,0.84,0.58,0.72,20.0,8.0,0.5,24.0,5.0,0.68,0.78,0.5,24.0,5.0,0.68,0.78,17,0,0.103757,0.09175,8.235294,3.941176,0.0,0.0,0.941958,0.697059,0.244899,0.812861,{'public_soft': 17},16,0,0.150983,0.125471,11.5,4.8125,0.061937,0.0,0.853477,0.70625,0.147227,0.84243,{'public_soft': 16}
122,0.09175,1.0,public_soft,0.35,0.05,0.01,0.0,0.1,0.05,0.04,0.8,0.84,0.58,0.72,20.0,8.0,0.5,24.0,5.0,0.68,0.78,0.5,24.0,5.0,0.68,0.78,17,0,0.103757,0.09175,8.235294,3.941176,0.0,0.0,0.941958,0.697059,0.244899,0.812861,{'public_soft': 17},16,0,0.154079,0.125471,11.5,4.8125,0.061937,0.0,0.853477,0.70625,0.147227,0.84243,{'public_soft': 16}
123,0.09175,1.0,public_soft,0.35,0.05,0.01,0.0,0.2,0.05,0.04,0.8,0.84,0.58,0.72,20.0,8.0,0.5,24.0,5.0,0.68,0.78,0.5,24.0,5.0,0.68,0.78,17,0,0.103757,0.09175,8.235294,3.941176,0.0,0.0,0.941958,0.697059,0.244899,0.812861,{'public_soft': 17},16,0,0.160273,0.125471,11.5,4.8125,0.061937,0.0,0.853477,0.70625,0.147227,0.84243,{'public_soft': 16}
124,0.09244584,1.0,public_soft,0.35,0.05,0.01,0.01,0.02,0.05,0.04,0.8,0.84,0.58,0.72,20.0,8.0,0.5,24.0,5.0,0.68,0.78,0.5,24.0,5.0,0.68,0.78,17,0,0.108032,0.090899,8.411765,3.411765,0.038671,0.0,0.944574,0.697059,0.247515,0.812034,{'public_soft': 17},16,0,0.152862,0.121364,11.25,3.875,0.218231,0.0,0.854272,0.70625,0.148022,0.839188,{'public_soft': 16}
125,0.09175,1.0,public_soft,0.35,0.05,0.01,0.01,0.05,0.05,0.04,0.8,0.84,0.58,0.72,20.0,8.0,0.5,24.0,5.0,0.68,0.78,0.5,24.0,5.0,0.68,0.78,17,0,0.108683,0.09175,8.235294,3.941176,0.0,0.0,0.941958,0.697059,0.244899,0.812861,{'public_soft': 17},16,0,0.156998,0.125471,11.5,4.8125,0.061937,0.0,0.853477,0.70625,0.147227,0.84243,{'public_soft': 16}
126,0.09175,1.0,public_soft,0.35,0.05,0.01,0.01,0.1,0.05,0.04,0.8,0.84,0.58,0.72,20.0,8.0,0.5,24.0,5.0,0.68,0.78,0.5,24.0,5.0,0.68,0.78,17,0,0.108683,0.09175,8.235294,3.941176,0.0,0.0,0.941958,0.697059,0.244899,0.812861,{'public_soft': 17},16,0,0.160095,0.125471,11.5,4.8125,0.061937,0.0,0.853477,0.70625,0.147227,0.84243,{'public_soft': 16}
127,0.09175,1.0,public_soft,0.35,0.05,0.01,0.01,0.2,0.05,0.04,0.8,0.84,0.58,0.72,20.0,8.0,0.5,24.0,5.0,0.68,0.78,0.5,24.0,5.0,0.68,0.78,17,0,0.108683,0.09175,8.235294,3.941176,0.0,0.0,0.941958,0.697059,0.244899,0.812861,{'public_soft': 17},16,0,0.166289,0.125471,11.5,4.8125,0.061937,0.0,0.853477,0.70625,0.147227,0.84243,{'public_soft': 16}
128,0.09244584,1.0,public_soft,0.35,0.05,0.01,0.02,0.02,0.05,0.04,0.8,0.84,0.58,0.72,20.0,8.0,0.5,24.0,5.0,0.68,0.78,0.5,24.0,5.0,0.68,0.78,17,0,0.112297,0.090899,8.411765,3.411765,0.038671,0.0,0.944574,0.697059,0.247515,0.812034,{'public_soft': 17},16,0,0.157705,0.121364,11.25,3.875,0.218231,0.0,0.854272,0.70625,0.148022,0.839188,{'public_soft': 16}
129,0.09244584,1.0,public_soft,0.35,0.05,0.01,0.02,0.05,0.05,0.04,0.8,0.84,0.58,0.72,20.0,8.0,0.5,24.0,5.0,0.68,0.78,0.5,24.0,5.0,0.68,0.78,17,0,0.113457,0.090899,8.411765,3.411765,0.038671,0.0,0.944574,0.697059,0.247515,0.812034,{'public_soft': 17},16,0,0.163014,0.125471,11.5,4.8125,0.061937,0.0,0.853477,0.70625,0.147227,0.84243,{'public_soft': 16}
130,0.09175,1.0,public_soft,0.35,0.05,0.01,0.02,0.1,0.05,0.04,0.8,0.84,0.58,0.72,20.0,8.0,0.5,24.0,5.0,0.68,0.78,0.5,24.0,5.0,0.68,0.78,17,0,0.11361,0.09175,8.235294,3.941176,0.0,0.0,0.941958,0.697059,0.244899,0.812861,{'public_soft': 17},16,0,0.166111,0.125471,11.5,4.8125,0.061937,0.0,0.853477,0.70625,0.147227,0.84243,{'public_soft': 16}
131,0.09175,1.0,public_soft,0.35,0.05,0.01,0.02,0.2,0.05,0.04,0.8,0.84,0.58,0.72,20.0,8.0,0.5,24.0,5.0,0.68,0.78,0.5,24.0,5.0,0.68,0.78,17,0,0.11361,0.09175,8.235294,3.941176,0.0,0.0,0.941958,0.697059,0.244899,0.812861,{'public_soft': 17},16,0,0.172304,0.125471,11.5,4.8125,0.061937,0.0,0.853477,0.70625,0.147227,0.84243,{'public_soft': 16}
132,0.09175,1.0,public_soft,0.35,0.05,0.02,0.0,0.02,0.05,0.04,0.8,0.84,0.58,0.72,20.0,8.0,0.5,24.0,5.0,0.68,0.78,0.5,24.0,5.0,0.68,0.78,17,0,0.107875,0.09175,8.235294,3.941176,0.0,0.0,0.941958,0.697059,0.244899,0.812861,{'public_soft': 17},16,0,0.153643,0.121364,11.25,3.875,0.218231,0.0,0.854272,0.70625,0.148022,0.839188,{'public_soft': 16}
133,0.09175,1.0,public_soft,0.35,0.05,0.02,0.0,0.05,0.05,0.04,0.8,0.84,0.58,0.72,20.0,8.0,0.5,24.0,5.0,0.68,0.78,0.5,24.0,5.0,0.68,0.78,17,0,0.107875,0.09175,8.235294,3.941176,0.0,0.0,0.941958,0.697059,0.244899,0.812861,{'public_soft': 17},16,0,0.156733,0.125471,11.5,4.8125,0.061937,0.0,0.853477,0.70625,0.147227,0.84243,{'public_soft': 16}
134,0.09175,1.0,public_soft,0.35,0.05,0.02,0.0,0.1,0.05,0.04,0.8,0.84,0.58,0.72,20.0,8.0,0.5,24.0,5.0,0.68,0.78,0.5,24.0,5.0,0.68,0.78,17,0,0.107875,0.09175,8.235294,3.941176,0.0,0.0,0.941958,0.697059,0.244899,0.812861,{'public_soft': 17},16,0,0.159829,0.125471,11.5,4.8125,0.061937,0.0,0.853477,0.70625,0.147227,0.84243,{'public_soft': 16}
135,0.09175,1.0,public_soft,0.35,0.05,0.02,0.0,0.2,0.05,0.04,0.8,0.84,0.58,0.72,20.0,8.0,0.5,24.0,5.0,0.68,0.78,0.5,24.0,5.0,0.68,0.78,17,0,0.107875,0.09175,8.235294,3.941176,0.0,0.0,0.941958,0.697059,0.244899,0.812861,{'public_soft': 17},16,0,0.166023,0.125471,11.5,4.8125,0.061937,0.0,0.853477,0.70625,0.147227,0.84243,{'public_soft': 16}
136,0.09244584,1.0,public_soft,0.35,0.05,0.02,0.01,0.02,0.05,0.04,0.8,0.84,0.58,0.72,20.0,8.0,0.5,24.0,5.0,0.68,0.78,0.5,24.0,5.0,0.68,0.78,17,0,0.112238,0.090899,8.411765,3.411765,0.038671,0.0,0.944574,0.697059,0.247515,0.812034,{'public_soft': 17},16,0,0.158487,0.121364,11.25,3.875,0.218231,0.0,0.854272,0.70625,0.148022,0.839188,{'public_soft': 16}
137,0.09175,1.0,public_soft,0.35,0.05,0.02,0.01,0.05,0.05,0.04,0.8,0.84,0.58,0.72,20.0,8.0,0.5,24.0,5.0,0.68,0.78,0.5,24.0,5.0,0.68,0.78,17,0,0.112801,0.09175,8.235294,3.941176,0.0,0.0,0.941958,0.697059,0.244899,0.812861,{'public_soft': 17},16,0,0.162748,0.125471,11.5,4.8125,0.061937,0.0,0.853477,0.70625,0.147227,0.84243,{'public_soft': 16}
138,0.09175,1.0,public_soft,0.35,0.05,0.02,0.01,0.1,0.05,0.04,0.8,0.84,0.58,0.72,20.0,8.0,0.5,24.0,5.0,0.68,0.78,0.5,24.0,5.0,0.68,0.78,17,0,0.112801,0.09175,8.235294,3.941176,0.0,0.0,0.941958,0.697059,0.244899,0.812861,{'public_soft': 17},16,0,0.165845,0.125471,11.5,4.8125,0.061937,0.0,0.853477,0.70625,0.147227,0.84243,{'public_soft': 16}
139,0.09175,1.0,public_soft,0.35,0.05,0.02,0.01,0.2,0.05,0.04,0.8,0.84,0.58,0.72,20.0,8.0,0.5,24.0,5.0,0.68,0.78,0.5,24.0,5.0,0.68,0.78,17,0,0.112801,0.09175,8.235294,3.941176,0.0,0.0,0.941958,0.697059,0.244899,0.812861,{'public_soft': 17},16,0,0.172039,0.125471,11.5,4.8125,0.061937,0.0,0.853477,0.70625,0.147227,0.84243,{'public_soft': 16}
140,0.09244584,1.0,public_soft,0.35,0.05,0.02,0.02,0.02,0.05,0.04,0.8,0.84,0.58,0.72,20.0,8.0,0.5,24.0,5.0,0.68,0.78,0.5,24.0,5.0,0.68,0.78,17,0,0.116503,0.090899,8.411765,3.411765,0.038671,0.0,0.944574,0.697059,0.247515,0.812034,{'public_soft': 17},16,0,0.16333,0.121364,11.25,3.875,0.218231,0.0,0.854272,0.70625,0.148022,0.839188,{'public_soft': 16}
141,0.09244584,1.0,public_soft,0.35,0.05,0.02,0.02,0.05,0.05,0.04,0.8,0.84,0.58,0.72,20.0,8.0,0.5,24.0,5.0,0.68,0.78,0.5,24.0,5.0,0.68,0.78,17,0,0.117663,0.090899,8.411765,3.411765,0.038671,0.0,0.944574,0.697059,0.247515,0.812034,{'public_soft': 17},16,0,0.168764,0.125471,11.5,4.8125,0.061937,0.0,0.853477,0.70625,0.147227,0.84243,{'public_soft': 16}
142,0.09175,1.0,public_soft,0.35,0.05,0.02,0.02,0.1,0.05,0.04,0.8,0.84,0.58,0.72,20.0,8.0,0.5,24.0,5.0,0.68,0.78,0.5,24.0,5.0,0.68,0.78,17,0,0.117727,0.09175,8.235294,3.941176,0.0,0.0,0.941958,0.697059,0.244899,0.812861,{'public_soft': 17},16,0,0.171861,0.125471,11.5,4.8125,0.061937,0.0,0.853477,0.70625,0.147227,0.84243,{'public_soft': 16}
143,0.09175,1.0,public_soft,0.35,0.05,0.02,0.02,0.2,0.05,0.04,0.8,0.84,0.58,0.72,20.0,8.0,0.5,24.0,5.0,0.68,0.78,0.5,24.0,5.0,0.68,0.78,17,0,0.117727,0.09175,8.235294,3.941176,0.0,0.0,0.941958,0.697059,0.244899,0.812861,{'public_soft': 17},16,0,0.178054,0.125471,11.5,4.8125,0.061937,0.0,0.853477,0.70625,0.147227,0.84243,{'public_soft': 16}
144,0.09294284,1.0,public_soft,0.35,0.15,0.0,0.0,0.02,0.05,0.04,0.8,0.84,0.58,0.72,20.0,8.0,0.5,24.0,5.0,0.68,0.78,0.5,24.0,5.0,0.68,0.78,17,0,0.101554,0.091396,8.470588,3.411765,0.038671,0.0,0.922293,0.697059,0.225234,0.829168,{'public_soft': 17},16,0,0.14357,0.121364,11.25,3.875,0.218231,0.0,0.854272,0.70625,0.148022,0.839188,{'public_soft': 16}
145,0.092247,1.0,public_soft,0.35,0.15,0.0,0.0,0.05,0.05,0.04,0.8,0.84,0.58,0.72,20.0,8.0,0.5,24.0,5.0,0.68,0.78,0.5,24.0,5.0,0.68,0.78,17,0,0.101631,0.092247,8.294118,3.941176,0.0,0.0,0.919677,0.697059,0.222618,0.829994,{'public_soft': 17},16,0,0.14641,0.125471,11.5,4.8125,0.061937,0.0,0.853477,0.70625,0.147227,0.84243,{'public_soft': 16}
146,0.092247,1.0,public_soft,0.35,0.15,0.0,0.0,0.1,0.05,0.04,0.8,0.84,0.58,0.72,20.0,8.0,0.5,24.0,5.0,0.68,0.78,0.5,24.0,5.0,0.68,0.78,17,0,0.101631,0.092247,8.294118,3.941176,0.0,0.0,0.919677,0.697059,0.222618,0.829994,{'public_soft': 17},16,0,0.149507,0.125471,11.5,4.8125,0.061937,0.0,0.853477,0.70625,0.147227,0.84243,{'public_soft': 16}
147,0.092247,1.0,public_soft,0.35,0.15,0.0,0.0,0.2,0.05,0.04,0.8,0.84,0.58,0.72,20.0,8.0,0.5,24.0,5.0,0.68,0.78,0.5,24.0,5.0,0.68,0.78,17,0,0.101631,0.092247,8.294118,3.941176,0.0,0.0,0.919677,0.697059,0.222618,0.829994,{'public_soft': 17},16,0,0.155701,0.125471,11.5,4.8125,0.061937,0.0,0.853477,0.70625,0.147227,0.84243,{'public_soft': 16}
148,0.09294284,1.0,public_soft,0.35,0.15,0.0,0.01,0.02,0.05,0.04,0.8,0.84,0.58,0.72,20.0,8.0,0.5,24.0,5.0,0.68,0.78,0.5,24.0,5.0,0.68,0.78,17,0,0.105818,0.091396,8.470588,3.411765,0.038671,0.0,0.922293,0.697059,0.225234,0.829168,{'public_soft': 17},16,0,0.148414,0.121364,11.25,3.875,0.218231,0.0,0.854272,0.70625,0.148022,0.839188,{'public_soft': 16}
149,0.092247,1.0,public_soft,0.35,0.15,0.0,0.01,0.05,0.05,0.04,0.8,0.84,0.58,0.72,20.0,8.0,0.5,24.0,5.0,0.68,0.78,0.5,24.0,5.0,0.68,0.78,17,0,0.106558,0.092247,8.294118,3.941176,0.0,0.0,0.919677,0.697059,0.222618,0.829994,{'public_soft': 17},16,0,0.152426,0.125471,11.5,4.8125,0.061937,0.0,0.853477,0.70625,0.147227,0.84243,{'public_soft': 16}
150,0.092247,1.0,public_soft,0.35,0.15,0.0,0.01,0.1,0.05,0.04,0.8,0.84,0.58,0.72,20.0,8.0,0.5,24.0,5.0,0.68,0.78,0.5,24.0,5.0,0.68,0.78,17,0,0.106558,0.092247,8.294118,3.941176,0.0,0.0,0.919677,0.697059,0.222618,0.829994,{'public_soft': 17},16,0,0.155522,0.125471,11.5,4.8125,0.061937,0.0,0.853477,0.70625,0.147227,0.84243,{'public_soft': 16}
151,0.092247,1.0,public_soft,0.35,0.15,0.0,0.01,0.2,0.05,0.04,0.8,0.84,0.58,0.72,20.0,8.0,0.5,24.0,5.0,0.68,0.78,0.5,24.0,5.0,0.68,0.78,17,0,0.106558,0.092247,8.294118,3.941176,0.0,0.0,0.919677,0.697059,0.222618,0.829994,{'public_soft': 17},16,0,0.161716,0.125471,11.5,4.8125,0.061937,0.0,0.853477,0.70625,0.147227,0.84243,{'public_soft': 16}
152,0.09294284,1.0,public_soft,0.35,0.15,0.0,0.02,0.02,0.05,0.04,0.8,0.84,0.58,0.72,20.0,8.0,0.5,24.0,5.0,0.68,0.78,0.5,24.0,5.0,0.68,0.78,17,0,0.110083,0.091396,8.470588,3.411765,0.038671,0.0,0.922293,0.697059,0.225234,0.829168,{'public_soft': 17},16,0,0.153258,0.121364,11.25,3.875,0.218231,0.0,0.854272,0.70625,0.148022,0.839188,{'public_soft': 16}
153,0.09294284,1.0,public_soft,0.35,0.15,0.0,0.02,0.05,0.05,0.04,0.8,0.84,0.58,0.72,20.0,8.0,0.5,24.0,5.0,0.68,0.78,0.5,24.0,5.0,0.68,0.78,17,0,0.111243,0.091396,8.470588,3.411765,0.038671,0.0,0.922293,0.697059,0.225234,0.829168,{'public_soft': 17},16,0,0.158441,0.125471,11.5,4.8125,0.061937,0.0,0.853477,0.70625,0.147227,0.84243,{'public_soft': 16}
154,0.092247,1.0,public_soft,0.35,0.15,0.0,0.02,0.1,0.05,0.04,0.8,0.84,0.58,0.72,20.0,8.0,0.5,24.0,5.0,0.68,0.78,0.5,24.0,5.0,0.68,0.78,17,0,0.111484,0.092247,8.294118,3.941176,0.0,0.0,0.919677,0.697059,0.222618,0.829994,{'public_soft': 17},16,0,0.161538,0.125471,11.5,4.8125,0.061937,0.0,0.853477,0.70625,0.147227,0.84243,{'public_soft': 16}
155,0.092247,1.0,public_soft,0.35,0.15,0.0,0.02,0.2,0.05,0.04,0.8,0.84,0.58,0.72,20.0,8.0,0.5,24.0,5.0,0.68,0.78,0.5,24.0,5.0,0.68,0.78,17,0,0.111484,0.092247,8.294118,3.941176,0.0,0.0,0.919677,0.697059,0.222618,0.829994,{'public_soft': 17},16,0,0.167732,0.125471,11.5,4.8125,0.061937,0.0,0.853477,0.70625,0.147227,0.84243,{'public_soft': 16}
156,0.092247,1.0,public_soft,0.35,0.15,0.01,0.0,0.02,0.05,0.04,0.8,0.84,0.58,0.72,20.0,8.0,0.5,24.0,5.0,0.68,0.78,0.5,24.0,5.0,0.68,0.78,17,0,0.105778,0.092247,8.294118,3.941176,0.0,0.0,0.919677,0.697059,0.222618,0.829994,{'public_soft': 17},16,0,0.149195,0.121364,11.25,3.875,0.218231,0.0,0.854272,0.70625,0.148022,0.839188,{'public_soft': 16}
157,0.092247,1.0,public_soft,0.35,0.15,0.01,0.0,0.05,0.05,0.04,0.8,0.84,0.58,0.72,20.0,8.0,0.5,24.0,5.0,0.68,0.78,0.5,24.0,5.0,0.68,0.78,17,0,0.105778,0.092247,8.294118,3.941176,0.0,0.0,0.919677,0.697059,0.222618,0.829994,{'public_soft': 17},16,0,0.15216,0.125471,11.5,4.8125,0.061937,0.0,0.853477,0.70625,0.147227,0.84243,{'public_soft': 16}
158,0.092247,1.0,public_soft,0.35,0.15,0.01,0.0,0.1,0.05,0.04,0.8,0.84,0.58,0.72,20.0,8.0,0.5,24.0,5.0,0.68,0.78,0.5,24.0,5.0,0.68,0.78,17,0,0.105778,0.092247,8.294118,3.941176,0.0,0.0,0.919677,0.697059,0.222618,0.829994,{'public_soft': 17},16,0,0.155257,0.125471,11.5,4.8125,0.061937,0.0,0.853477,0.70625,0.147227,0.84243,{'public_soft': 16}
159,0.092247,1.0,public_soft,0.35,0.15,0.01,0.0,0.2,0.05,0.04,0.8,0.84,0.58,0.72,20.0,8.0,0.5,24.0,5.0,0.68,0.78,0.5,24.0,5.0,0.68,0.78,17,0,0.105778,0.092247,8.294118,3.941176,0.0,0.0,0.919677,0.697059,0.222618,0.829994,{'public_soft': 17},16,0,0.161451,0.125471,11.5,4.8125,0.061937,0.0,0.853477,0.70625,0.147227,0.84243,{'public_soft': 16}
160,0.09294284,1.0,public_soft,0.35,0.15,0.01,0.01,0.02,0.05,0.04,0.8,0.84,0.58,0.72,20.0,8.0,0.5,24.0,5.0,0.68,0.78,0.5,24.0,5.0,0.68,0.78,17,0,0.110054,0.091396,8.470588,3.411765,0.038671,0.0,0.922293,0.697059,0.225234,0.829168,{'public_soft': 17},16,0,0.154039,0.121364,11.25,3.875,0.218231,0.0,0.854272,0.70625,0.148022,0.839188,{'public_soft': 16}
161,0.092247,1.0,public_soft,0.35,0.15,0.01,0.01,0.05,0.05,0.04,0.8,0.84,0.58,0.72,20.0,8.0,0.5,24.0,5.0,0.68,0.78,0.5,24.0,5.0,0.68,0.78,17,0,0.110705,0.092247,8.294118,3.941176,0.0,0.0,0.919677,0.697059,0.222618,0.829994,{'public_soft': 17},16,0,0.158176,0.125471,11.5,4.8125,0.061937,0.0,0.853477,0.70625,0.147227,0.84243,{'public_soft': 16}
162,0.092247,1.0,public_soft,0.35,0.15,0.01,0.01,0.1,0.05,0.04,0.8,0.84,0.58,0.72,20.0,8.0,0.5,24.0,5.0,0.68,0.78,0.5,24.0,5.0,0.68,0.78,17,0,0.110705,0.092247,8.294118,3.941176,0.0,0.0,0.919677,0.697059,0.222618,0.829994,{'public_soft': 17},16,0,0.161272,0.125471,11.5,4.8125,0.061937,0.0,0.853477,0.70625,0.147227,0.84243,{'public_soft': 16}
163,0.092247,1.0,public_soft,0.35,0.15,0.01,0.01,0.2,0.05,0.04,0.8,0.84,0.58,0.72,20.0,8.0,0.5,24.0,5.0,0.68,0.78,0.5,24.0,5.0,0.68,0.78,17,0,0.110705,0.092247,8.294118,3.941176,0.0,0.0,0.919677,0.697059,0.222618,0.829994,{'public_soft': 17},16,0,0.167466,0.125471,11.5,4.8125,0.061937,0.0,0.853477,0.70625,0.147227,0.84243,{'public_soft': 16}
164,0.09294284,1.0,public_soft,0.35,0.15,0.01,0.02,0.02,0.05,0.04,0.8,0.84,0.58,0.72,20.0,8.0,0.5,24.0,5.0,0.68,0.78,0.5,24.0,5.0,0.68,0.78,17,0,0.114318,0.091396,8.470588,3.411765,0.038671,0.0,0.922293,0.697059,0.225234,0.829168,{'public_soft': 17},16,0,0.158883,0.121364,11.25,3.875,0.218231,0.0,0.854272,0.70625,0.148022,0.839188,{'public_soft': 16}
165,0.09294284,1.0,public_soft,0.35,0.15,0.01,0.02,0.05,0.05,0.04,0.8,0.84,0.58,0.72,20.0,8.0,0.5,24.0,5.0,0.68,0.78,0.5,24.0,5.0,0.68,0.78,17,0,0.115478,0.091396,8.470588,3.411765,0.038671,0.0,0.922293,0.697059,0.225234,0.829168,{'public_soft': 17},16,0,0.164191,0.125471,11.5,4.8125,0.061937,0.0,0.853477,0.70625,0.147227,0.84243,{'public_soft': 16}
166,0.092247,1.0,public_soft,0.35,0.15,0.01,0.02,0.1,0.05,0.04,0.8,0.84,0.58,0.72,20.0,8.0,0.5,24.0,5.0,0.68,0.78,0.5,24.0,5.0,0.68,0.78,17,0,0.115631,0.092247,8.294118,3.941176,0.0,0.0,0.919677,0.697059,0.222618,0.829994,{'public_soft': 17},16,0,0.167288,0.125471,11.5,4.8125,0.061937,0.0,0.853477,0.70625,0.147227,0.84243,{'public_soft': 16}
167,0.092247,1.0,public_soft,0.35,0.15,0.01,0.02,0.2,0.05,0.04,0.8,0.84,0.58,0.72,20.0,8.0,0.5,24.0,5.0,0.68,0.78,0.5,24.0,5.0,0.68,0.78,17,0,0.115631,0.092247,8.294118,3.941176,0.0,0.0,0.919677,0.697059,0.222618,0.829994,{'public_soft': 17},16,0,0.173482,0.125471,11.5,4.8125,0.061937,0.0,0.853477,0.70625,0.147227,0.84243,{'public_soft': 16}
168,0.092247,1.0,public_soft,0.35,0.15,0.02,0.0,0.02,0.05,0.04,0.8,0.84,0.58,0.72,20.0,8.0,0.5,24.0,5.0,0.68,0.78,0.5,24.0,5.0,0.68,0.78,17,0,0.109925,0.092247,8.294118,3.941176,0.0,0.0,0.919677,0.697059,0.222618,0.829994,{'public_soft': 17},16,0,0.15482,0.121364,11.25,3.875,0.218231,0.0,0.854272,0.70625,0.148022,0.839188,{'public_soft': 16}
169,0.092247,1.0,public_soft,0.35,0.15,0.02,0.0,0.05,0.05,0.04,0.8,0.84,0.58,0.72,20.0,8.0,0.5,24.0,5.0,0.68,0.78,0.5,24.0,5.0,0.68,0.78,17,0,0.109925,0.092247,8.294118,3.941176,0.0,0.0,0.919677,0.697059,0.222618,0.829994,{'public_soft': 17},16,0,0.15791,0.125471,11.5,4.8125,0.061937,0.0,0.853477,0.70625,0.147227,0.84243,{'public_soft': 16}
170,0.092247,1.0,public_soft,0.35,0.15,0.02,0.0,0.1,0.05,0.04,0.8,0.84,0.58,0.72,20.0,8.0,0.5,24.0,5.0,0.68,0.78,0.5,24.0,5.0,0.68,0.78,17,0,0.109925,0.092247,8.294118,3.941176,0.0,0.0,0.919677,0.697059,0.222618,0.829994,{'public_soft': 17},16,0,0.161007,0.125471,11.5,4.8125,0.061937,0.0,0.853477,0.70625,0.147227,0.84243,{'public_soft': 16}
171,0.092247,1.0,public_soft,0.35,0.15,0.02,0.0,0.2,0.05,0.04,0.8,0.84,0.58,0.72,20.0,8.0,0.5,24.0,5.0,0.68,0.78,0.5,24.0,5.0,0.68,0.78,17,0,0.109925,0.092247,8.294118,3.941176,0.0,0.0,0.919677,0.697059,0.222618,0.829994,{'public_soft': 17},16,0,0.167201,0.125471,11.5,4.8125,0.061937,0.0,0.853477,0.70625,0.147227,0.84243,{'public_soft': 16}
172,0.09294284,1.0,public_soft,0.35,0.15,0.02,0.01,0.02,0.05,0.04,0.8,0.84,0.58,0.72,20.0,8.0,0.5,24.0,5.0,0.68,0.78,0.5,24.0,5.0,0.68,0.78,17,0,0.114289,0.091396,8.470588,3.411765,0.038671,0.0,0.922293,0.697059,0.225234,0.829168,{'public_soft': 17},16,0,0.159664,0.121364,11.25,3.875,0.218231,0.0,0.854272,0.70625,0.148022,0.839188,{'public_soft': 16}
173,0.092247,1.0,public_soft,0.35,0.15,0.02,0.01,0.05,0.05,0.04,0.8,0.84,0.58,0.72,20.0,8.0,0.5,24.0,5.0,0.68,0.78,0.5,24.0,5.0,0.68,0.78,17,0,0.114852,0.092247,8.294118,3.941176,0.0,0.0,0.919677,0.697059,0.222618,0.829994,{'public_soft': 17},16,0,0.163926,0.125471,11.5,4.8125,0.061937,0.0,0.853477,0.70625,0.147227,0.84243,{'public_soft': 16}
174,0.092247,1.0,public_soft,0.35,0.15,0.02,0.01,0.1,0.05,0.04,0.8,0.84,0.58,0.72,20.0,8.0,0.5,24.0,5.0,0.68,0.78,0.5,24.0,5.0,0.68,0.78,17,0,0.114852,0.092247,8.294118,3.941176,0.0,0.0,0.919677,0.697059,0.222618,0.829994,{'public_soft': 17},16,0,0.167022,0.125471,11.5,4.8125,0.061937,0.0,0.853477,0.70625,0.147227,0.84243,{'public_soft': 16}
175,0.092247,1.0,public_soft,0.35,0.15,0.02,0.01,0.2,0.05,0.04,0.8,0.84,0.58,0.72,20.0,8.0,0.5,24.0,5.0,0.68,0.78,0.5,24.0,5.0,0.68,0.78,17,0,0.114852,0.092247,8.294118,3.941176,0.0,0.0,0.919677,0.697059,0.222618,0.829994,{'public_soft': 17},16,0,0.173216,0.125471,11.5,4.8125,0.061937,0.0,0.853477,0.70625,0.147227,0.84243,{'public_soft': 16}
176,0.09294284,1.0,public_soft,0.35,0.15,0.02,0.02,0.02,0.05,0.04,0.8,0.84,0.58,0.72,20.0,8.0,0.5,24.0,5.0,0.68,0.78,0.5,24.0,5.0,0.68,0.78,17,0,0.118554,0.091396,8.470588,3.411765,0.038671,0.0,0.922293,0.697059,0.225234,0.829168,{'public_soft': 17},16,0,0.164508,0.121364,11.25,3.875,0.218231,0.0,0.854272,0.70625,0.148022,0.839188,{'public_soft': 16}
177,0.09294284,1.0,public_soft,0.35,0.15,0.02,0.02,0.05,0.05,0.04,0.8,0.84,0.58,0.72,20.0,8.0,0.5,24.0,5.0,0.68,0.78,0.5,24.0,5.0,0.68,0.78,17,0,0.119714,0.091396,8.470588,3.411765,0.038671,0.0,0.922293,0.697059,0.225234,0.829168,{'public_soft': 17},16,0,0.169941,0.125471,11.5,4.8125,0.061937,0.0,0.853477,0.70625,0.147227,0.84243,{'public_soft': 16}
178,0.092247,1.0,public_soft,0.35,0.15,0.02,0.02,0.1,0.05,0.04,0.8,0.84,0.58,0.72,20.0,8.0,0.5,24.0,5.0,0.68,0.78,0.5,24.0,5.0,0.68,0.78,17,0,0.119778,0.092247,8.294118,3.941176,0.0,0.0,0.919677,0.697059,0.222618,0.829994,{'public_soft': 17},16,0,0.173038,0.125471,11.5,4.8125,0.061937,0.0,0.853477,0.70625,0.147227,0.84243,{'public_soft': 16}
179,0.092247,1.0,public_soft,0.35,0.15,0.02,0.02,0.2,0.05,0.04,0.8,0.84,0.58,0.72,20.0,8.0,0.5,24.0,5.0,0.68,0.78,0.5,24.0,5.0,0.68,0.78,17,0,0.119778,0.092247,8.294118,3.941176,0.0,0.0,0.919677,0.697059,0.222618,0.829994,{'public_soft': 17},16,0,0.179232,0.125471,11.5,4.8125,0.061937,0.0,0.853477,0.70625,0.147227,0.84243,{'public_soft': 16}
180,0.09294284,1.0,public_soft,0.35,0.3,0.0,0.0,0.02,0.05,0.04,0.8,0.84,0.58,0.72,20.0,8.0,0.5,24.0,5.0,0.68,0.78,0.5,24.0,5.0,0.68,0.78,17,0,0.104121,0.091396,8.470588,3.411765,0.038671,0.0,0.922293,0.697059,0.225234,0.829168,{'public_soft': 17},16,0,0.145337,0.121364,11.25,3.875,0.218231,0.0,0.854272,0.70625,0.148022,0.839188,{'public_soft': 16}
181,0.092247,1.0,public_soft,0.35,0.3,0.0,0.0,0.05,0.05,0.04,0.8,0.84,0.58,0.72,20.0,8.0,0.5,24.0,5.0,0.68,0.78,0.5,24.0,5.0,0.68,0.78,17,0,0.104199,0.092247,8.294118,3.941176,0.0,0.0,0.919677,0.697059,0.222618,0.829994,{'public_soft': 17},16,0,0.148176,0.125471,11.5,4.8125,0.061937,0.0,0.853477,0.70625,0.147227,0.84243,{'public_soft': 16}
182,0.092247,1.0,public_soft,0.35,0.3,0.0,0.0,0.1,0.05,0.04,0.8,0.84,0.58,0.72,20.0,8.0,0.5,24.0,5.0,0.68,0.78,0.5,24.0,5.0,0.68,0.78,17,0,0.104199,0.092247,8.294118,3.941176,0.0,0.0,0.919677,0.697059,0.222618,0.829994,{'public_soft': 17},16,0,0.151273,0.125471,11.5,4.8125,0.061937,0.0,0.853477,0.70625,0.147227,0.84243,{'public_soft': 16}
183,0.092247,1.0,public_soft,0.35,0.3,0.0,0.0,0.2,0.05,0.04,0.8,0.84,0.58,0.72,20.0,8.0,0.5,24.0,5.0,0.68,0.78,0.5,24.0,5.0,0.68,0.78,17,0,0.104199,0.092247,8.294118,3.941176,0.0,0.0,0.919677,0.697059,0.222618,0.829994,{'public_soft': 17},16,0,0.157467,0.125471,11.5,4.8125,0.061937,0.0,0.853477,0.70625,0.147227,0.84243,{'public_soft': 16}
184,0.09294284,1.0,public_soft,0.35,0.3,0.0,0.01,0.02,0.05,0.04,0.8,0.84,0.58,0.72,20.0,8.0,0.5,24.0,5.0,0.68,0.78,0.5,24.0,5.0,0.68,0.78,17,0,0.108386,0.091396,8.470588,3.411765,0.038671,0.0,0.922293,0.697059,0.225234,0.829168,{'public_soft': 17},16,0,0.15018,0.121364,11.25,3.875,0.218231,0.0,0.854272,0.70625,0.148022,0.839188,{'public_soft': 16}
185,0.092247,1.0,public_soft,0.35,0.3,0.0,0.01,0.05,0.05,0.04,0.8,0.84,0.58,0.72,20.0,8.0,0.5,24.0,5.0,0.68,0.78,0.5,24.0,5.0,0.68,0.78,17,0,0.109125,0.092247,8.294118,3.941176,0.0,0.0,0.919677,0.697059,0.222618,0.829994,{'public_soft': 17},16,0,0.154192,0.125471,11.5,4.8125,0.061937,0.0,0.853477,0.70625,0.147227,0.84243,{'public_soft': 16}
186,0.092247,1.0,public_soft,0.35,0.3,0.0,0.01,0.1,0.05,0.04,0.8,0.84,0.58,0.72,20.0,8.0,0.5,24.0,5.0,0.68,0.78,0.5,24.0,5.0,0.68,0.78,17,0,0.109125,0.092247,8.294118,3.941176,0.0,0.0,0.919677,0.697059,0.222618,0.829994,{'public_soft': 17},16,0,0.157289,0.125471,11.5,4.8125,0.061937,0.0,0.853477,0.70625,0.147227,0.84243,{'public_soft': 16}
187,0.092247,1.0,public_soft,0.35,0.3,0.0,0.01,0.2,0.05,0.04,0.8,0.84,0.58,0.72,20.0,8.0,0.5,24.0,5.0,0.68,0.78,0.5,24.0,5.0,0.68,0.78,17,0,0.109125,0.092247,8.294118,3.941176,0.0,0.0,0.919677,0.697059,0.222618,0.829994,{'public_soft': 17},16,0,0.163482,0.125471,11.5,4.8125,0.061937,0.0,0.853477,0.70625,0.147227,0.84243,{'public_soft': 16}
188,0.09294284,1.0,public_soft,0.35,0.3,0.0,0.02,0.02,0.05,0.04,0.8,0.84,0.58,0.72,20.0,8.0,0.5,24.0,5.0,0.68,0.78,0.5,24.0,5.0,0.68,0.78,17,0,0.11265,0.091396,8.470588,3.411765,0.038671,0.0,0.922293,0.697059,0.225234,0.829168,{'public_soft': 17},16,0,0.155024,0.121364,11.25,3.875,0.218231,0.0,0.854272,0.70625,0.148022,0.839188,{'public_soft': 16}
189,0.09294284,1.0,public_soft,0.35,0.3,0.0,0.02,0.05,0.05,0.04,0.8,0.84,0.58,0.72,20.0,8.0,0.5,24.0,5.0,0.68,0.78,0.5,24.0,5.0,0.68,0.78,17,0,0.113811,0.091396,8.470588,3.411765,0.038671,0.0,0.922293,0.697059,0.225234,0.829168,{'public_soft': 17},16,0,0.160207,0.125471,11.5,4.8125,0.061937,0.0,0.853477,0.70625,0.147227,0.84243,{'public_soft': 16}
190,0.092247,1.0,public_soft,0.35,0.3,0.0,0.02,0.1,0.05,0.04,0.8,0.84,0.58,0.72,20.0,8.0,0.5,24.0,5.0,0.68,0.78,0.5,24.0,5.0,0.68,0.78,17,0,0.114052,0.092247,8.294118,3.941176,0.0,0.0,0.919677,0.697059,0.222618,0.829994,{'public_soft': 17},16,0,0.163304,0.125471,11.5,4.8125,0.061937,0.0,0.853477,0.70625,0.147227,0.84243,{'public_soft': 16}
191,0.092247,1.0,public_soft,0.35,0.3,0.0,0.02,0.2,0.05,0.04,0.8,0.84,0.58,0.72,20.0,8.0,0.5,24.0,5.0,0.68,0.78,0.5,24.0,5.0,0.68,0.78,17,0,0.114052,0.092247,8.294118,3.941176,0.0,0.0,0.919677,0.697059,0.222618,0.829994,{'public_soft': 17},16,0,0.169498,0.125471,11.5,4.8125,0.061937,0.0,0.853477,0.70625,0.147227,0.84243,{'public_soft': 16}
192,0.092247,1.0,public_soft,0.35,0.3,0.01,0.0,0.02,0.05,0.04,0.8,0.84,0.58,0.72,20.0,8.0,0.5,24.0,5.0,0.68,0.78,0.5,24.0,5.0,0.68,0.78,17,0,0.108346,0.092247,8.294118,3.941176,0.0,0.0,0.919677,0.697059,0.222618,0.829994,{'public_soft': 17},16,0,0.150962,0.121364,11.25,3.875,0.218231,0.0,0.854272,0.70625,0.148022,0.839188,{'public_soft': 16}
193,0.092247,1.0,public_soft,0.35,0.3,0.01,0.0,0.05,0.05,0.04,0.8,0.84,0.58,0.72,20.0,8.0,0.5,24.0,5.0,0.68,0.78,0.5,24.0,5.0,0.68,0.78,17,0,0.108346,0.092247,8.294118,3.941176,0.0,0.0,0.919677,0.697059,0.222618,0.829994,{'public_soft': 17},16,0,0.153926,0.125471,11.5,4.8125,0.061937,0.0,0.853477,0.70625,0.147227,0.84243,{'public_soft': 16}
194,0.092247,1.0,public_soft,0.35,0.3,0.01,0.0,0.1,0.05,0.04,0.8,0.84,0.58,0.72,20.0,8.0,0.5,24.0,5.0,0.68,0.78,0.5,24.0,5.0,0.68,0.78,17,0,0.108346,0.092247,8.294118,3.941176,0.0,0.0,0.919677,0.697059,0.222618,0.829994,{'public_soft': 17},16,0,0.157023,0.125471,11.5,4.8125,0.061937,0.0,0.853477,0.70625,0.147227,0.84243,{'public_soft': 16}
195,0.092247,1.0,public_soft,0.35,0.3,0.01,0.0,0.2,0.05,0.04,0.8,0.84,0.58,0.72,20.0,8.0,0.5,24.0,5.0,0.68,0.78,0.5,24.0,5.0,0.68,0.78,17,0,0.108346,0.092247,8.294118,3.941176,0.0,0.0,0.919677,0.697059,0.222618,0.829994,{'public_soft': 17},16,0,0.163217,0.125471,11.5,4.8125,0.061937,0.0,0.853477,0.70625,0.147227,0.84243,{'public_soft': 16}
196,0.09294284,1.0,public_soft,0.35,0.3,0.01,0.01,0.02,0.05,0.04,0.8,0.84,0.58,0.72,20.0,8.0,0.5,24.0,5.0,0.68,0.78,0.5,24.0,5.0,0.68,0.78,17,0,0.112621,0.091396,8.470588,3.411765,0.038671,0.0,0.922293,0.697059,0.225234,0.829168,{'public_soft': 17},16,0,0.155805,0.121364,11.25,3.875,0.218231,0.0,0.854272,0.70625,0.148022,0.839188,{'public_soft': 16}
197,0.092247,1.0,public_soft,0.35,0.3,0.01,0.01,0.05,0.05,0.04,0.8,0.84,0.58,0.72,20.0,8.0,0.5,24.0,5.0,0.68,0.78,0.5,24.0,5.0,0.68,0.78,17,0,0.113272,0.092247,8.294118,3.941176,0.0,0.0,0.919677,0.697059,0.222618,0.829994,{'public_soft': 17},16,0,0.159942,0.125471,11.5,4.8125,0.061937,0.0,0.853477,0.70625,0.147227,0.84243,{'public_soft': 16}
198,0.092247,1.0,public_soft,0.35,0.3,0.01,0.01,0.1,0.05,0.04,0.8,0.84,0.58,0.72,20.0,8.0,0.5,24.0,5.0,0.68,0.78,0.5,24.0,5.0,0.68,0.78,17,0,0.113272,0.092247,8.294118,3.941176,0.0,0.0,0.919677,0.697059,0.222618,0.829994,{'public_soft': 17},16,0,0.163039,0.125471,11.5,4.8125,0.061937,0.0,0.853477,0.70625,0.147227,0.84243,{'public_soft': 16}
199,0.092247,1.0,public_soft,0.35,0.3,0.01,0.01,0.2,0.05,0.04,0.8,0.84,0.58,0.72,20.0,8.0,0.5,24.0,5.0,0.68,0.78,0.5,24.0,5.0,0.68,0.78,17,0,0.113272,0.092247,8.294118,3.941176,0.0,0.0,0.919677,0.697059,0.222618,0.829994,{'public_soft': 17},16,0,0.169232,0.125471,11.5,4.8125,0.061937,0.0,0.853477,0.70625,0.147227,0.84243,{'public_soft': 16}
200,0.09294284,1.0,public_soft,0.35,0.3,0.01,0.02,0.02,0.05,0.04,0.8,0.84,0.58,0.72,20.0,8.0,0.5,24.0,5.0,0.68,0.78,0.5,24.0,5.0,0.68,0.78,17,0,0.116886,0.091396,8.470588,3.411765,0.038671,0.0,0.922293,0.697059,0.225234,0.829168,{'public_soft': 17},16,0,0.160649,0.121364,11.25,3.875,0.218231,0.0,0.854272,0.70625,0.148022,0.839188,{'public_soft': 16}
201,0.09294284,1.0,public_soft,0.35,0.3,0.01,0.02,0.05,0.05,0.04,0.8,0.84,0.58,0.72,20.0,8.0,0.5,24.0,5.0,0.68,0.78,0.5,24.0,5.0,0.68,0.78,17,0,0.118046,0.091396,8.470588,3.411765,0.038671,0.0,0.922293,0.697059,0.225234,0.829168,{'public_soft': 17},16,0,0.165957,0.125471,11.5,4.8125,0.061937,0.0,0.853477,0.70625,0.147227,0.84243,{'public_soft': 16}
202,0.092247,1.0,public_soft,0.35,0.3,0.01,0.02,0.1,0.05,0.04,0.8,0.84,0.58,0.72,20.0,8.0,0.5,24.0,5.0,0.68,0.78,0.5,24.0,5.0,0.68,0.78,17,0,0.118199,0.092247,8.294118,3.941176,0.0,0.0,0.919677,0.697059,0.222618,0.829994,{'public_soft': 17},16,0,0.169054,0.125471,11.5,4.8125,0.061937,0.0,0.853477,0.70625,0.147227,0.84243,{'public_soft': 16}
203,0.092247,1.0,public_soft,0.35,0.3,0.01,0.02,0.2,0.05,0.04,0.8,0.84,0.58,0.72,20.0,8.0,0.5,24.0,5.0,0.68,0.78,0.5,24.0,5.0,0.68,0.78,17,0,0.118199,0.092247,8.294118,3.941176,0.0,0.0,0.919677,0.697059,0.222618,0.829994,{'public_soft': 17},16,0,0.175248,0.125471,11.5,4.8125,0.061937,0.0,0.853477,0.70625,0.147227,0.84243,{'public_soft': 16}
204,0.092247,1.0,public_soft,0.35,0.3,0.02,0.0,0.02,0.05,0.04,0.8,0.84,0.58,0.72,20.0,8.0,0.5,24.0,5.0,0.68,0.78,0.5,24.0,5.0,0.68,0.78,17,0,0.112493,0.092247,8.294118,3.941176,0.0,0.0,0.919677,0.697059,0.222618,0.829994,{'public_soft': 17},16,0,0.156587,0.121364,11.25,3.875,0.218231,0.0,0.854272,0.70625,0.148022,0.839188,{'public_soft': 16}
205,0.092247,1.0,public_soft,0.35,0.3,0.02,0.0,0.05,0.05,0.04,0.8,0.84,0.58,0.72,20.0,8.0,0.5,24.0,5.0,0.68,0.78,0.5,24.0,5.0,0.68,0.78,17,0,0.112493,0.092247,8.294118,3.941176,0.0,0.0,0.919677,0.697059,0.222618,0.829994,{'public_soft': 17},16,0,0.159676,0.125471,11.5,4.8125,0.061937,0.0,0.853477,0.70625,0.147227,0.84243,{'public_soft': 16}
206,0.092247,1.0,public_soft,0.35,0.3,0.02,0.0,0.1,0.05,0.04,0.8,0.84,0.58,0.72,20.0,8.0,0.5,24.0,5.0,0.68,0.78,0.5,24.0,5.0,0.68,0.78,17,0,0.112493,0.092247,8.294118,3.941176,0.0,0.0,0.919677,0.697059,0.222618,0.829994,{'public_soft': 17},16,0,0.162773,0.125471,11.5,4.8125,0.061937,0.0,0.853477,0.70625,0.147227,0.84243,{'public_soft': 16}
207,0.092247,1.0,public_soft,0.35,0.3,0.02,0.0,0.2,0.05,0.04,0.8,0.84,0.58,0.72,20.0,8.0,0.5,24.0,5.0,0.68,0.78,0.5,24.0,5.0,0.68,0.78,17,0,0.112493,0.092247,8.294118,3.941176,0.0,0.0,0.919677,0.697059,0.222618,0.829994,{'public_soft': 17},16,0,0.168967,0.125471,11.5,4.8125,0.061937,0.0,0.853477,0.70625,0.147227,0.84243,{'public_soft': 16}
208,0.09294284,1.0,public_soft,0.35,0.3,0.02,0.01,0.02,0.05,0.04,0.8,0.84,0.58,0.72,20.0,8.0,0.5,24.0,5.0,0.68,0.78,0.5,24.0,5.0,0.68,0.78,17,0,0.116856,0.091396,8.470588,3.411765,0.038671,0.0,0.922293,0.697059,0.225234,0.829168,{'public_soft': 17},16,0,0.16143,0.121364,11.25,3.875,0.218231,0.0,0.854272,0.70625,0.148022,0.839188,{'public_soft': 16}
209,0.092247,1.0,public_soft,0.35,0.3,0.02,0.01,0.05,0.05,0.04,0.8,0.84,0.58,0.72,20.0,8.0,0.5,24.0,5.0,0.68,0.78,0.5,24.0,5.0,0.68,0.78,17,0,0.11742,0.092247,8.294118,3.941176,0.0,0.0,0.919677,0.697059,0.222618,0.829994,{'public_soft': 17},16,0,0.165692,0.125471,11.5,4.8125,0.061937,0.0,0.853477,0.70625,0.147227,0.84243,{'public_soft': 16}
210,0.092247,1.0,public_soft,0.35,0.3,0.02,0.01,0.1,0.05,0.04,0.8,0.84,0.58,0.72,20.0,8.0,0.5,24.0,5.0,0.68,0.78,0.5,24.0,5.0,0.68,0.78,17,0,0.11742,0.092247,8.294118,3.941176,0.0,0.0,0.919677,0.697059,0.222618,0.829994,{'public_soft': 17},16,0,0.168789,0.125471,11.5,4.8125,0.061937,0.0,0.853477,0.70625,0.147227,0.84243,{'public_soft': 16}
211,0.092247,1.0,public_soft,0.35,0.3,0.02,0.01,0.2,0.05,0.04,0.8,0.84,0.58,0.72,20.0,8.0,0.5,24.0,5.0,0.68,0.78,0.5,24.0,5.0,0.68,0.78,17,0,0.11742,0.092247,8.294118,3.941176,0.0,0.0,0.919677,0.697059,0.222618,0.829994,{'public_soft': 17},16,0,0.174982,0.125471,11.5,4.8125,0.061937,0.0,0.853477,0.70625,0.147227,0.84243,{'public_soft': 16}
212,0.09294284,1.0,public_soft,0.35,0.3,0.02,0.02,0.02,0.05,0.04,0.8,0.84,0.58,0.72,20.0,8.0,0.5,24.0,5.0,0.68,0.78,0.5,24.0,5.0,0.68,0.78,17,0,0.121121,0.091396,8.470588,3.411765,0.038671,0.0,0.922293,0.697059,0.225234,0.829168,{'public_soft': 17},16,0,0.166274,0.121364,11.25,3.875,0.218231,0.0,0.854272,0.70625,0.148022,0.839188,{'public_soft': 16}
213,0.09294284,1.0,public_soft,0.35,0.3,0.02,0.02,0.05,0.05,0.04,0.8,0.84,0.58,0.72,20.0,8.0,0.5,24.0,5.0,0.68,0.78,0.5,24.0,5.0,0.68,0.78,17,0,0.122281,0.091396,8.470588,3.411765,0.038671,0.0,0.922293,0.697059,0.225234,0.829168,{'public_soft': 17},16,0,0.171707,0.125471,11.5,4.8125,0.061937,0.0,0.853477,0.70625,0.147227,0.84243,{'public_soft': 16}
214,0.092247,1.0,public_soft,0.35,0.3,0.02,0.02,0.1,0.05,0.04,0.8,0.84,0.58,0.72,20.0,8.0,0.5,24.0,5.0,0.68,0.78,0.5,24.0,5.0,0.68,0.78,17,0,0.122346,0.092247,8.294118,3.941176,0.0,0.0,0.919677,0.697059,0.222618,0.829994,{'public_soft': 17},16,0,0.174804,0.125471,11.5,4.8125,0.061937,0.0,0.853477,0.70625,0.147227,0.84243,{'public_soft': 16}
215,0.092247,1.0,public_soft,0.35,0.3,0.02,0.02,0.2,0.05,0.04,0.8,0.84,0.58,0.72,20.0,8.0,0.5,24.0,5.0,0.68,0.78,0.5,24.0,5.0,0.68,0.78,17,0,0.122346,0.092247,8.294118,3.941176,0.0,0.0,0.919677,0.697059,0.222618,0.829994,{'public_soft': 17},16,0,0.180998,0.125471,11.5,4.8125,0.061937,0.0,0.853477,0.70625,0.147227,0.84243,{'public_soft': 16}
216,0.09244584,1.0,public_soft,0.5,0.05,0.0,0.0,0.02,0.05,0.04,0.8,0.84,0.58,0.72,20.0,8.0,0.5,24.0,5.0,0.68,0.78,0.5,24.0,5.0,0.68,0.78,17,0,0.102483,0.090899,8.411765,3.411765,0.038671,0.0,0.944574,0.697059,0.247515,0.812034,{'public_soft': 17},16,0,0.149282,0.121364,11.25,3.875,0.218231,0.0,0.854272,0.70625,0.148022,0.839188,{'public_soft': 16}
217,0.09175,1.0,public_soft,0.5,0.05,0.0,0.0,0.05,0.05,0.04,0.8,0.84,0.58,0.72,20.0,8.0,0.5,24.0,5.0,0.68,0.78,0.5,24.0,5.0,0.68,0.78,17,0,0.102561,0.09175,8.235294,3.941176,0.0,0.0,0.941958,0.697059,0.244899,0.812861,{'public_soft': 17},16,0,0.152122,0.125471,11.5,4.8125,0.061937,0.0,0.853477,0.70625,0.147227,0.84243,{'public_soft': 16}
218,0.09175,1.0,public_soft,0.5,0.05,0.0,0.0,0.1,0.05,0.04,0.8,0.84,0.58,0.72,20.0,8.0,0.5,24.0,5.0,0.68,0.78,0.5,24.0,5.0,0.68,0.78,17,0,0.102561,0.09175,8.235294,3.941176,0.0,0.0,0.941958,0.697059,0.244899,0.812861,{'public_soft': 17},16,0,0.155219,0.125471,11.5,4.8125,0.061937,0.0,0.853477,0.70625,0.147227,0.84243,{'public_soft': 16}
219,0.09175,1.0,public_soft,0.5,0.05,0.0,0.0,0.2,0.05,0.04,0.8,0.84,0.58,0.72,20.0,8.0,0.5,24.0,5.0,0.68,0.78,0.5,24.0,5.0,0.68,0.78,17,0,0.102561,0.09175,8.235294,3.941176,0.0,0.0,0.941958,0.697059,0.244899,0.812861,{'public_soft': 17},16,0,0.161413,0.125471,11.5,4.8125,0.061937,0.0,0.853477,0.70625,0.147227,0.84243,{'public_soft': 16}
220,0.09244584,1.0,public_soft,0.5,0.05,0.0,0.01,0.02,0.05,0.04,0.8,0.84,0.58,0.72,20.0,8.0,0.5,24.0,5.0,0.68,0.78,0.5,24.0,5.0,0.68,0.78,17,0,0.106747,0.090899,8.411765,3.411765,0.038671,0.0,0.944574,0.697059,0.247515,0.812034,{'public_soft': 17},16,0,0.154126,0.121364,11.25,3.875,0.218231,0.0,0.854272,0.70625,0.148022,0.839188,{'public_soft': 16}
221,0.09175,1.0,public_soft,0.5,0.05,0.0,0.01,0.05,0.05,0.04,0.8,0.84,0.58,0.72,20.0,8.0,0.5,24.0,5.0,0.68,0.78,0.5,24.0,5.0,0.68,0.78,17,0,0.107487,0.09175,8.235294,3.941176,0.0,0.0,0.941958,0.697059,0.244899,0.812861,{'public_soft': 17},16,0,0.158138,0.125471,11.5,4.8125,0.061937,0.0,0.853477,0.70625,0.147227,0.84243,{'public_soft': 16}
222,0.09175,1.0,public_soft,0.5,0.05,0.0,0.01,0.1,0.05,0.04,0.8,0.84,0.58,0.72,20.0,8.0,0.5,24.0,5.0,0.68,0.78,0.5,24.0,5.0,0.68,0.78,17,0,0.107487,0.09175,8.235294,3.941176,0.0,0.0,0.941958,0.697059,0.244899,0.812861,{'public_soft': 17},16,0,0.161235,0.125471,11.5,4.8125,0.061937,0.0,0.853477,0.70625,0.147227,0.84243,{'public_soft': 16}
223,0.09175,1.0,public_soft,0.5,0.05,0.0,0.01,0.2,0.05,0.04,0.8,0.84,0.58,0.72,20.0,8.0,0.5,24.0,5.0,0.68,0.78,0.5,24.0,5.0,0.68,0.78,17,0,0.107487,0.09175,8.235294,3.941176,0.0,0.0,0.941958,0.697059,0.244899,0.812861,{'public_soft': 17},16,0,0.167428,0.125471,11.5,4.8125,0.061937,0.0,0.853477,0.70625,0.147227,0.84243,{'public_soft': 16}
224,0.09244584,1.0,public_soft,0.5,0.05,0.0,0.02,0.02,0.05,0.04,0.8,0.84,0.58,0.72,20.0,8.0,0.5,24.0,5.0,0.68,0.78,0.5,24.0,5.0,0.68,0.78,17,0,0.111012,0.090899,8.411765,3.411765,0.038671,0.0,0.944574,0.697059,0.247515,0.812034,{'public_soft': 17},16,0,0.15897,0.121364,11.25,3.875,0.218231,0.0,0.854272,0.70625,0.148022,0.839188,{'public_soft': 16}
225,0.09244584,1.0,public_soft,0.5,0.05,0.0,0.02,0.05,0.05,0.04,0.8,0.84,0.58,0.72,20.0,8.0,0.5,24.0,5.0,0.68,0.78,0.5,24.0,5.0,0.68,0.78,17,0,0.112172,0.090899,8.411765,3.411765,0.038671,0.0,0.944574,0.697059,0.247515,0.812034,{'public_soft': 17},16,0,0.164153,0.125471,11.5,4.8125,0.061937,0.0,0.853477,0.70625,0.147227,0.84243,{'public_soft': 16}
226,0.09175,1.0,public_soft,0.5,0.05,0.0,0.02,0.1,0.05,0.04,0.8,0.84,0.58,0.72,20.0,8.0,0.5,24.0,5.0,0.68,0.78,0.5,24.0,5.0,0.68,0.78,17,0,0.112414,0.09175,8.235294,3.941176,0.0,0.0,0.941958,0.697059,0.244899,0.812861,{'public_soft': 17},16,0,0.16725,0.125471,11.5,4.8125,0.061937,0.0,0.853477,0.70625,0.147227,0.84243,{'public_soft': 16}
227,0.09175,1.0,public_soft,0.5,0.05,0.0,0.02,0.2,0.05,0.04,0.8,0.84,0.58,0.72,20.0,8.0,0.5,24.0,5.0,0.68,0.78,0.5,24.0,5.0,0.68,0.78,17,0,0.112414,0.09175,8.235294,3.941176,0.0,0.0,0.941958,0.697059,0.244899,0.812861,{'public_soft': 17},16,0,0.173444,0.125471,11.5,4.8125,0.061937,0.0,0.853477,0.70625,0.147227,0.84243,{'public_soft': 16}
228,0.09175,1.0,public_soft,0.5,0.05,0.01,0.0,0.02,0.05,0.04,0.8,0.84,0.58,0.72,20.0,8.0,0.5,24.0,5.0,0.68,0.78,0.5,24.0,5.0,0.68,0.78,17,0,0.106678,0.09175,8.235294,3.941176,0.0,0.0,0.941958,0.697059,0.244899,0.812861,{'public_soft': 17},16,0,0.154907,0.121364,11.25,3.875,0.218231,0.0,0.854272,0.70625,0.148022,0.839188,{'public_soft': 16}
229,0.09175,1.0,public_soft,0.5,0.05,0.01,0.0,0.05,0.05,0.04,0.8,0.84,0.58,0.72,20.0,8.0,0.5,24.0,5.0,0.68,0.78,0.5,24.0,5.0,0.68,0.78,17,0,0.106678,0.09175,8.235294,3.941176,0.0,0.0,0.941958,0.697059,0.244899,0.812861,{'public_soft': 17},16,0,0.157872,0.125471,11.5,4.8125,0.061937,0.0,0.853477,0.70625,0.147227,0.84243,{'public_soft': 16}
230,0.09175,1.0,public_soft,0.5,0.05,0.01,0.0,0.1,0.05,0.04,0.8,0.84,0.58,0.72,20.0,8.0,0.5,24.0,5.0,0.68,0.78,0.5,24.0,5.0,0.68,0.78,17,0,0.106678,0.09175,8.235294,3.941176,0.0,0.0,0.941958,0.697059,0.244899,0.812861,{'public_soft': 17},16,0,0.160969,0.125471,11.5,4.8125,0.061937,0.0,0.853477,0.70625,0.147227,0.84243,{'public_soft': 16}
231,0.09175,1.0,public_soft,0.5,0.05,0.01,0.0,0.2,0.05,0.04,0.8,0.84,0.58,0.72,20.0,8.0,0.5,24.0,5.0,0.68,0.78,0.5,24.0,5.0,0.68,0.78,17,0,0.106678,0.09175,8.235294,3.941176,0.0,0.0,0.941958,0.697059,0.244899,0.812861,{'public_soft': 17},16,0,0.167163,0.125471,11.5,4.8125,0.061937,0.0,0.853477,0.70625,0.147227,0.84243,{'public_soft': 16}
232,0.09244584,1.0,public_soft,0.5,0.05,0.01,0.01,0.02,0.05,0.04,0.8,0.84,0.58,0.72,20.0,8.0,0.5,24.0,5.0,0.68,0.78,0.5,24.0,5.0,0.68,0.78,17,0,0.110953,0.090899,8.411765,3.411765,0.038671,0.0,0.944574,0.697059,0.247515,0.812034,{'public_soft': 17},16,0,0.159751,0.121364,11.25,3.875,0.218231,0.0,0.854272,0.70625,0.148022,0.839188,{'public_soft': 16}
233,0.09175,1.0,public_soft,0.5,0.05,0.01,0.01,0.05,0.05,0.04,0.8,0.84,0.58,0.72,20.0,8.0,0.5,24.0,5.0,0.68,0.78,0.5,24.0,5.0,0.68,0.78,17,0,0.111605,0.09175,8.235294,3.941176,0.0,0.0,0.941958,0.697059,0.244899,0.812861,{'public_soft': 17},16,0,0.163888,0.125471,11.5,4.8125,0.061937,0.0,0.853477,0.70625,0.147227,0.84243,{'public_soft': 16}
234,0.09175,1.0,public_soft,0.5,0.05,0.01,0.01,0.1,0.05,0.04,0.8,0.84,0.58,0.72,20.0,8.0,0.5,24.0,5.0,0.68,0.78,0.5,24.0,5.0,0.68,0.78,17,0,0.111605,0.09175,8.235294,3.941176,0.0,0.0,0.941958,0.697059,0.244899,0.812861,{'public_soft': 17},16,0,0.166985,0.125471,11.5,4.8125,0.061937,0.0,0.853477,0.70625,0.147227,0.84243,{'public_soft': 16}
235,0.09175,1.0,public_soft,0.5,0.05,0.01,0.01,0.2,0.05,0.04,0.8,0.84,0.58,0.72,20.0,8.0,0.5,24.0,5.0,0.68,0.78,0.5,24.0,5.0,0.68,0.78,17,0,0.111605,0.09175,8.235294,3.941176,0.0,0.0,0.941958,0.697059,0.244899,0.812861,{'public_soft': 17},16,0,0.173178,0.125471,11.5,4.8125,0.061937,0.0,0.853477,0.70625,0.147227,0.84243,{'public_soft': 16}
236,0.09244584,1.0,public_soft,0.5,0.05,0.01,0.02,0.02,0.05,0.04,0.8,0.84,0.58,0.72,20.0,8.0,0.5,24.0,5.0,0.68,0.78,0.5,24.0,5.0,0.68,0.78,17,0,0.115218,0.090899,8.411765,3.411765,0.038671,0.0,0.944574,0.697059,0.247515,0.812034,{'public_soft': 17},16,0,0.164595,0.121364,11.25,3.875,0.218231,0.0,0.854272,0.70625,0.148022,0.839188,{'public_soft': 16}
237,0.09244584,1.0,public_soft,0.5,0.05,0.01,0.02,0.05,0.05,0.04,0.8,0.84,0.58,0.72,20.0,8.0,0.5,24.0,5.0,0.68,0.78,0.5,24.0,5.0,0.68,0.78,17,0,0.116378,0.090899,8.411765,3.411765,0.038671,0.0,0.944574,0.697059,0.247515,0.812034,{'public_soft': 17},16,0,0.169903,0.125471,11.5,4.8125,0.061937,0.0,0.853477,0.70625,0.147227,0.84243,{'public_soft': 16}
238,0.09175,1.0,public_soft,0.5,0.05,0.01,0.02,0.1,0.05,0.04,0.8,0.84,0.58,0.72,20.0,8.0,0.5,24.0,5.0,0.68,0.78,0.5,24.0,5.0,0.68,0.78,17,0,0.116531,0.09175,8.235294,3.941176,0.0,0.0,0.941958,0.697059,0.244899,0.812861,{'public_soft': 17},16,0,0.173,0.125471,11.5,4.8125,0.061937,0.0,0.853477,0.70625,0.147227,0.84243,{'public_soft': 16}
239,0.09175,1.0,public_soft,0.5,0.05,0.01,0.02,0.2,0.05,0.04,0.8,0.84,0.58,0.72,20.0,8.0,0.5,24.0,5.0,0.68,0.78,0.5,24.0,5.0,0.68,0.78,17,0,0.116531,0.09175,8.235294,3.941176,0.0,0.0,0.941958,0.697059,0.244899,0.812861,{'public_soft': 17},16,0,0.179194,0.125471,11.5,4.8125,0.061937,0.0,0.853477,0.70625,0.147227,0.84243,{'public_soft': 16}
240,0.09175,1.0,public_soft,0.5,0.05,0.02,0.0,0.02,0.05,0.04,0.8,0.84,0.58,0.72,20.0,8.0,0.5,24.0,5.0,0.68,0.78,0.5,24.0,5.0,0.68,0.78,17,0,0.110796,0.09175,8.235294,3.941176,0.0,0.0,0.941958,0.697059,0.244899,0.812861,{'public_soft': 17},16,0,0.160532,0.121364,11.25,3.875,0.218231,0.0,0.854272,0.70625,0.148022,0.839188,{'public_soft': 16}
241,0.09175,1.0,public_soft,0.5,0.05,0.02,0.0,0.05,0.05,0.04,0.8,0.84,0.58,0.72,20.0,8.0,0.5,24.0,5.0,0.68,0.78,0.5,24.0,5.0,0.68,0.78,17,0,0.110796,0.09175,8.235294,3.941176,0.0,0.0,0.941958,0.697059,0.244899,0.812861,{'public_soft': 17},16,0,0.163622,0.125471,11.5,4.8125,0.061937,0.0,0.853477,0.70625,0.147227,0.84243,{'public_soft': 16}
242,0.09175,1.0,public_soft,0.5,0.05,0.02,0.0,0.1,0.05,0.04,0.8,0.84,0.58,0.72,20.0,8.0,0.5,24.0,5.0,0.68,0.78,0.5,24.0,5.0,0.68,0.78,17,0,0.110796,0.09175,8.235294,3.941176,0.0,0.0,0.941958,0.697059,0.244899,0.812861,{'public_soft': 17},16,0,0.166719,0.125471,11.5,4.8125,0.061937,0.0,0.853477,0.70625,0.147227,0.84243,{'public_soft': 16}
243,0.09175,1.0,public_soft,0.5,0.05,0.02,0.0,0.2,0.05,0.04,0.8,0.84,0.58,0.72,20.0,8.0,0.5,24.0,5.0,0.68,0.78,0.5,24.0,5.0,0.68,0.78,17,0,0.110796,0.09175,8.235294,3.941176,0.0,0.0,0.941958,0.697059,0.244899,0.812861,{'public_soft': 17},16,0,0.172913,0.125471,11.5,4.8125,0.061937,0.0,0.853477,0.70625,0.147227,0.84243,{'public_soft': 16}
244,0.09244584,1.0,public_soft,0.5,0.05,0.02,0.01,0.02,0.05,0.04,0.8,0.84,0.58,0.72,20.0,8.0,0.5,24.0,5.0,0.68,0.78,0.5,24.0,5.0,0.68,0.78,17,0,0.115159,0.090899,8.411765,3.411765,0.038671,0.0,0.944574,0.697059,0.247515,0.812034,{'public_soft': 17},16,0,0.165376,0.121364,11.25,3.875,0.218231,0.0,0.854272,0.70625,0.148022,0.839188,{'public_soft': 16}
245,0.09175,1.0,public_soft,0.5,0.05,0.02,0.01,0.05,0.05,0.04,0.8,0.84,0.58,0.72,20.0,8.0,0.5,24.0,5.0,0.68,0.78,0.5,24.0,5.0,0.68,0.78,17,0,0.115722,0.09175,8.235294,3.941176,0.0,0.0,0.941958,0.697059,0.244899,0.812861,{'public_soft': 17},16,0,0.169638,0.125471,11.5,4.8125,0.061937,0.0,0.853477,0.70625,0.147227,0.84243,{'public_soft': 16}
246,0.09175,1.0,public_soft,0.5,0.05,0.02,0.01,0.1,0.05,0.04,0.8,0.84,0.58,0.72,20.0,8.0,0.5,24.0,5.0,0.68,0.78,0.5,24.0,5.0,0.68,0.78,17,0,0.115722,0.09175,8.235294,3.941176,0.0,0.0,0.941958,0.697059,0.244899,0.812861,{'public_soft': 17},16,0,0.172735,0.125471,11.5,4.8125,0.061937,0.0,0.853477,0.70625,0.147227,0.84243,{'public_soft': 16}
247,0.09175,1.0,public_soft,0.5,0.05,0.02,0.01,0.2,0.05,0.04,0.8,0.84,0.58,0.72,20.0,8.0,0.5,24.0,5.0,0.68,0.78,0.5,24.0,5.0,0.68,0.78,17,0,0.115722,0.09175,8.235294,3.941176,0.0,0.0,0.941958,0.697059,0.244899,0.812861,{'public_soft': 17},16,0,0.178928,0.125471,11.5,4.8125,0.061937,0.0,0.853477,0.70625,0.147227,0.84243,{'public_soft': 16}
248,0.09244584,1.0,public_soft,0.5,0.05,0.02,0.02,0.02,0.05,0.04,0.8,0.84,0.58,0.72,20.0,8.0,0.5,24.0,5.0,0.68,0.78,0.5,24.0,5.0,0.68,0.78,17,0,0.119424,0.090899,8.411765,3.411765,0.038671,0.0,0.944574,0.697059,0.247515,0.812034,{'public_soft': 17},16,0,0.17022,0.121364,11.25,3.875,0.218231,0.0,0.854272,0.70625,0.148022,0.839188,{'public_soft': 16}
249,0.09244584,1.0,public_soft,0.5,0.05,0.02,0.02,0.05,0.05,0.04,0.8,0.84,0.58,0.72,20.0,8.0,0.5,24.0,5.0,0.68,0.78,0.5,24.0,5.0,0.68,0.78,17,0,0.120584,0.090899,8.411765,3.411765,0.038671,0.0,0.944574,0.697059,0.247515,0.812034,{'public_soft': 17},16,0,0.175653,0.125471,11.5,4.8125,0.061937,0.0,0.853477,0.70625,0.147227,0.84243,{'public_soft': 16}
250,0.09175,1.0,public_soft,0.5,0.05,0.02,0.02,0.1,0.05,0.04,0.8,0.84,0.58,0.72,20.0,8.0,0.5,24.0,5.0,0.68,0.78,0.5,24.0,5.0,0.68,0.78,17,0,0.120649,0.09175,8.235294,3.941176,0.0,0.0,0.941958,0.697059,0.244899,0.812861,{'public_soft': 17},16,0,0.17875,0.125471,11.5,4.8125,0.061937,0.0,0.853477,0.70625,0.147227,0.84243,{'public_soft': 16}
251,0.09175,1.0,public_soft,0.5,0.05,0.02,0.02,0.2,0.05,0.04,0.8,0.84,0.58,0.72,20.0,8.0,0.5,24.0,5.0,0.68,0.78,0.5,24.0,5.0,0.68,0.78,17,0,0.120649,0.09175,8.235294,3.941176,0.0,0.0,0.941958,0.697059,0.244899,0.812861,{'public_soft': 17},16,0,0.184944,0.125471,11.5,4.8125,0.061937,0.0,0.853477,0.70625,0.147227,0.84243,{'public_soft': 16}
252,0.09294284,1.0,public_soft,0.5,0.15,0.0,0.0,0.02,0.05,0.04,0.8,0.84,0.58,0.72,20.0,8.0,0.5,24.0,5.0,0.68,0.78,0.5,24.0,5.0,0.68,0.78,17,0,0.104475,0.091396,8.470588,3.411765,0.038671,0.0,0.922293,0.697059,0.225234,0.829168,{'public_soft': 17},16,0,0.15046,0.121364,11.25,3.875,0.218231,0.0,0.854272,0.70625,0.148022,0.839188,{'public_soft': 16}
253,0.092247,1.0,public_soft,0.5,0.15,0.0,0.0,0.05,0.05,0.04,0.8,0.84,0.58,0.72,20.0,8.0,0.5,24.0,5.0,0.68,0.78,0.5,24.0,5.0,0.68,0.78,17,0,0.104553,0.092247,8.294118,3.941176,0.0,0.0,0.919677,0.697059,0.222618,0.829994,{'public_soft': 17},16,0,0.1533,0.125471,11.5,4.8125,0.061937,0.0,0.853477,0.70625,0.147227,0.84243,{'public_soft': 16}
254,0.092247,1.0,public_soft,0.5,0.15,0.0,0.0,0.1,0.05,0.04,0.8,0.84,0.58,0.72,20.0,8.0,0.5,24.0,5.0,0.68,0.78,0.5,24.0,5.0,0.68,0.78,17,0,0.104553,0.092247,8.294118,3.941176,0.0,0.0,0.919677,0.697059,0.222618,0.829994,{'public_soft': 17},16,0,0.156396,0.125471,11.5,4.8125,0.061937,0.0,0.853477,0.70625,0.147227,0.84243,{'public_soft': 16}
255,0.092247,1.0,public_soft,0.5,0.15,0.0,0.0,0.2,0.05,0.04,0.8,0.84,0.58,0.72,20.0,8.0,0.5,24.0,5.0,0.68,0.78,0.5,24.0,5.0,0.68,0.78,17,0,0.104553,0.092247,8.294118,3.941176,0.0,0.0,0.919677,0.697059,0.222618,0.829994,{'public_soft': 17},16,0,0.16259,0.125471,11.5,4.8125,0.061937,0.0,0.853477,0.70625,0.147227,0.84243,{'public_soft': 16}
256,0.09294284,1.0,public_soft,0.5,0.15,0.0,0.01,0.02,0.05,0.04,0.8,0.84,0.58,0.72,20.0,8.0,0.5,24.0,5.0,0.68,0.78,0.5,24.0,5.0,0.68,0.78,17,0,0.10874,0.091396,8.470588,3.411765,0.038671,0.0,0.922293,0.697059,0.225234,0.829168,{'public_soft': 17},16,0,0.155304,0.121364,11.25,3.875,0.218231,0.0,0.854272,0.70625,0.148022,0.839188,{'public_soft': 16}
257,0.092247,1.0,public_soft,0.5,0.15,0.0,0.01,0.05,0.05,0.04,0.8,0.84,0.58,0.72,20.0,8.0,0.5,24.0,5.0,0.68,0.78,0.5,24.0,5.0,0.68,0.78,17,0,0.109479,0.092247,8.294118,3.941176,0.0,0.0,0.919677,0.697059,0.222618,0.829994,{'public_soft': 17},16,0,0.159315,0.125471,11.5,4.8125,0.061937,0.0,0.853477,0.70625,0.147227,0.84243,{'public_soft': 16}
258,0.092247,1.0,public_soft,0.5,0.15,0.0,0.01,0.1,0.05,0.04,0.8,0.84,0.58,0.72,20.0,8.0,0.5,24.0,5.0,0.68,0.78,0.5,24.0,5.0,0.68,0.78,17,0,0.109479,0.092247,8.294118,3.941176,0.0,0.0,0.919677,0.697059,0.222618,0.829994,{'public_soft': 17},16,0,0.162412,0.125471,11.5,4.8125,0.061937,0.0,0.853477,0.70625,0.147227,0.84243,{'public_soft': 16}
259,0.092247,1.0,public_soft,0.5,0.15,0.0,0.01,0.2,0.05,0.04,0.8,0.84,0.58,0.72,20.0,8.0,0.5,24.0,5.0,0.68,0.78,0.5,24.0,5.0,0.68,0.78,17,0,0.109479,0.092247,8.294118,3.941176,0.0,0.0,0.919677,0.697059,0.222618,0.829994,{'public_soft': 17},16,0,0.168606,0.125471,11.5,4.8125,0.061937,0.0,0.853477,0.70625,0.147227,0.84243,{'public_soft': 16}
260,0.09294284,1.0,public_soft,0.5,0.15,0.0,0.02,0.02,0.05,0.04,0.8,0.84,0.58,0.72,20.0,8.0,0.5,24.0,5.0,0.68,0.78,0.5,24.0,5.0,0.68,0.78,17,0,0.113004,0.091396,8.470588,3.411765,0.038671,0.0,0.922293,0.697059,0.225234,0.829168,{'public_soft': 17},16,0,0.160147,0.121364,11.25,3.875,0.218231,0.0,0.854272,0.70625,0.148022,0.839188,{'public_soft': 16}
261,0.09294284,1.0,public_soft,0.5,0.15,0.0,0.02,0.05,0.05,0.04,0.8,0.84,0.58,0.72,20.0,8.0,0.5,24.0,5.0,0.68,0.78,0.5,24.0,5.0,0.68,0.78,17,0,0.114164,0.091396,8.470588,3.411765,0.038671,0.0,0.922293,0.697059,0.225234,0.829168,{'public_soft': 17},16,0,0.165331,0.125471,11.5,4.8125,0.061937,0.0,0.853477,0.70625,0.147227,0.84243,{'public_soft': 16}
262,0.092247,1.0,public_soft,0.5,0.15,0.0,0.02,0.1,0.05,0.04,0.8,0.84,0.58,0.72,20.0,8.0,0.5,24.0,5.0,0.68,0.78,0.5,24.0,5.0,0.68,0.78,17,0,0.114406,0.092247,8.294118,3.941176,0.0,0.0,0.919677,0.697059,0.222618,0.829994,{'public_soft': 17},16,0,0.168428,0.125471,11.5,4.8125,0.061937,0.0,0.853477,0.70625,0.147227,0.84243,{'public_soft': 16}
263,0.092247,1.0,public_soft,0.5,0.15,0.0,0.02,0.2,0.05,0.04,0.8,0.84,0.58,0.72,20.0,8.0,0.5,24.0,5.0,0.68,0.78,0.5,24.0,5.0,0.68,0.78,17,0,0.114406,0.092247,8.294118,3.941176,0.0,0.0,0.919677,0.697059,0.222618,0.829994,{'public_soft': 17},16,0,0.174621,0.125471,11.5,4.8125,0.061937,0.0,0.853477,0.70625,0.147227,0.84243,{'public_soft': 16}
264,0.092247,1.0,public_soft,0.5,0.15,0.01,0.0,0.02,0.05,0.04,0.8,0.84,0.58,0.72,20.0,8.0,0.5,24.0,5.0,0.68,0.78,0.5,24.0,5.0,0.68,0.78,17,0,0.1087,0.092247,8.294118,3.941176,0.0,0.0,0.919677,0.697059,0.222618,0.829994,{'public_soft': 17},16,0,0.156085,0.121364,11.25,3.875,0.218231,0.0,0.854272,0.70625,0.148022,0.839188,{'public_soft': 16}
265,0.092247,1.0,public_soft,0.5,0.15,0.01,0.0,0.05,0.05,0.04,0.8,0.84,0.58,0.72,20.0,8.0,0.5,24.0,5.0,0.68,0.78,0.5,24.0,5.0,0.68,0.78,17,0,0.1087,0.092247,8.294118,3.941176,0.0,0.0,0.919677,0.697059,0.222618,0.829994,{'public_soft': 17},16,0,0.15905,0.125471,11.5,4.8125,0.061937,0.0,0.853477,0.70625,0.147227,0.84243,{'public_soft': 16}
266,0.092247,1.0,public_soft,0.5,0.15,0.01,0.0,0.1,0.05,0.04,0.8,0.84,0.58,0.72,20.0,8.0,0.5,24.0,5.0,0.68,0.78,0.5,24.0,5.0,0.68,0.78,17,0,0.1087,0.092247,8.294118,3.941176,0.0,0.0,0.919677,0.697059,0.222618,0.829994,{'public_soft': 17},16,0,0.162146,0.125471,11.5,4.8125,0.061937,0.0,0.853477,0.70625,0.147227,0.84243,{'public_soft': 16}
267,0.092247,1.0,public_soft,0.5,0.15,0.01,0.0,0.2,0.05,0.04,0.8,0.84,0.58,0.72,20.0,8.0,0.5,24.0,5.0,0.68,0.78,0.5,24.0,5.0,0.68,0.78,17,0,0.1087,0.092247,8.294118,3.941176,0.0,0.0,0.919677,0.697059,0.222618,0.829994,{'public_soft': 17},16,0,0.16834,0.125471,11.5,4.8125,0.061937,0.0,0.853477,0.70625,0.147227,0.84243,{'public_soft': 16}
268,0.09294284,1.0,public_soft,0.5,0.15,0.01,0.01,0.02,0.05,0.04,0.8,0.84,0.58,0.72,20.0,8.0,0.5,24.0,5.0,0.68,0.78,0.5,24.0,5.0,0.68,0.78,17,0,0.112975,0.091396,8.470588,3.411765,0.038671,0.0,0.922293,0.697059,0.225234,0.829168,{'public_soft': 17},16,0,0.160929,0.121364,11.25,3.875,0.218231,0.0,0.854272,0.70625,0.148022,0.839188,{'public_soft': 16}
269,0.092247,1.0,public_soft,0.5,0.15,0.01,0.01,0.05,0.05,0.04,0.8,0.84,0.58,0.72,20.0,8.0,0.5,24.0,5.0,0.68,0.78,0.5,24.0,5.0,0.68,0.78,17,0,0.113626,0.092247,8.294118,3.941176,0.0,0.0,0.919677,0.697059,0.222618,0.829994,{'public_soft': 17},16,0,0.165065,0.125471,11.5,4.8125,0.061937,0.0,0.853477,0.70625,0.147227,0.84243,{'public_soft': 16}
270,0.092247,1.0,public_soft,0.5,0.15,0.01,0.01,0.1,0.05,0.04,0.8,0.84,0.58,0.72,20.0,8.0,0.5,24.0,5.0,0.68,0.78,0.5,24.0,5.0,0.68,0.78,17,0,0.113626,0.092247,8.294118,3.941176,0.0,0.0,0.919677,0.697059,0.222618,0.829994,{'public_soft': 17},16,0,0.168162,0.125471,11.5,4.8125,0.061937,0.0,0.853477,0.70625,0.147227,0.84243,{'public_soft': 16}
271,0.092247,1.0,public_soft,0.5,0.15,0.01,0.01,0.2,0.05,0.04,0.8,0.84,0.58,0.72,20.0,8.0,0.5,24.0,5.0,0.68,0.78,0.5,24.0,5.0,0.68,0.78,17,0,0.113626,0.092247,8.294118,3.941176,0.0,0.0,0.919677,0.697059,0.222618,0.829994,{'public_soft': 17},16,0,0.174356,0.125471,11.5,4.8125,0.061937,0.0,0.853477,0.70625,0.147227,0.84243,{'public_soft': 16}
272,0.09294284,1.0,public_soft,0.5,0.15,0.01,0.02,0.02,0.05,0.04,0.8,0.84,0.58,0.72,20.0,8.0,0.5,24.0,5.0,0.68,0.78,0.5,24.0,5.0,0.68,0.78,17,0,0.11724,0.091396,8.470588,3.411765,0.038671,0.0,0.922293,0.697059,0.225234,0.829168,{'public_soft': 17},16,0,0.165772,0.121364,11.25,3.875,0.218231,0.0,0.854272,0.70625,0.148022,0.839188,{'public_soft': 16}
273,0.09294284,1.0,public_soft,0.5,0.15,0.01,0.02,0.05,0.05,0.04,0.8,0.84,0.58,0.72,20.0,8.0,0.5,24.0,5.0,0.68,0.78,0.5,24.0,5.0,0.68,0.78,17,0,0.1184,0.091396,8.470588,3.411765,0.038671,0.0,0.922293,0.697059,0.225234,0.829168,{'public_soft': 17},16,0,0.171081,0.125471,11.5,4.8125,0.061937,0.0,0.853477,0.70625,0.147227,0.84243,{'public_soft': 16}
274,0.092247,1.0,public_soft,0.5,0.15,0.01,0.02,0.1,0.05,0.04,0.8,0.84,0.58,0.72,20.0,8.0,0.5,24.0,5.0,0.68,0.78,0.5,24.0,5.0,0.68,0.78,17,0,0.118553,0.092247,8.294118,3.941176,0.0,0.0,0.919677,0.697059,0.222618,0.829994,{'public_soft': 17},16,0,0.174178,0.125471,11.5,4.8125,0.061937,0.0,0.853477,0.70625,0.147227,0.84243,{'public_soft': 16}
275,0.092247,1.0,public_soft,0.5,0.15,0.01,0.02,0.2,0.05,0.04,0.8,0.84,0.58,0.72,20.0,8.0,0.5,24.0,5.0,0.68,0.78,0.5,24.0,5.0,0.68,0.78,17,0,0.118553,0.092247,8.294118,3.941176,0.0,0.0,0.919677,0.697059,0.222618,0.829994,{'public_soft': 17},16,0,0.180371,0.125471,11.5,4.8125,0.061937,0.0,0.853477,0.70625,0.147227,0.84243,{'public_soft': 16}
276,0.092247,1.0,public_soft,0.5,0.15,0.02,0.0,0.02,0.05,0.04,0.8,0.84,0.58,0.72,20.0,8.0,0.5,24.0,5.0,0.68,0.78,0.5,24.0,5.0,0.68,0.78,17,0,0.112847,0.092247,8.294118,3.941176,0.0,0.0,0.919677,0.697059,0.222618,0.829994,{'public_soft': 17},16,0,0.16171,0.121364,11.25,3.875,0.218231,0.0,0.854272,0.70625,0.148022,0.839188,{'public_soft': 16}
277,0.092247,1.0,public_soft,0.5,0.15,0.02,0.0,0.05,0.05,0.04,0.8,0.84,0.58,0.72,20.0,8.0,0.5,24.0,5.0,0.68,0.78,0.5,24.0,5.0,0.68,0.78,17,0,0.112847,0.092247,8.294118,3.941176,0.0,0.0,0.919677,0.697059,0.222618,0.829994,{'public_soft': 17},16,0,0.1648,0.125471,11.5,4.8125,0.061937,0.0,0.853477,0.70625,0.147227,0.84243,{'public_soft': 16}
278,0.092247,1.0,public_soft,0.5,0.15,0.02,0.0,0.1,0.05,0.04,0.8,0.84,0.58,0.72,20.0,8.0,0.5,24.0,5.0,0.68,0.78,0.5,24.0,5.0,0.68,0.78,17,0,0.112847,0.092247,8.294118,3.941176,0.0,0.0,0.919677,0.697059,0.222618,0.829994,{'public_soft': 17},16,0,0.167896,0.125471,11.5,4.8125,0.061937,0.0,0.853477,0.70625,0.147227,0.84243,{'public_soft': 16}
279,0.092247,1.0,public_soft,0.5,0.15,0.02,0.0,0.2,0.05,0.04,0.8,0.84,0.58,0.72,20.0,8.0,0.5,24.0,5.0,0.68,0.78,0.5,24.0,5.0,0.68,0.78,17,0,0.112847,0.092247,8.294118,3.941176,0.0,0.0,0.919677,0.697059,0.222618,0.829994,{'public_soft': 17},16,0,0.17409,0.125471,11.5,4.8125,0.061937,0.0,0.853477,0.70625,0.147227,0.84243,{'public_soft': 16}
280,0.09294284,1.0,public_soft,0.5,0.15,0.02,0.01,0.02,0.05,0.04,0.8,0.84,0.58,0.72,20.0,8.0,0.5,24.0,5.0,0.68,0.78,0.5,24.0,5.0,0.68,0.78,17,0,0.11721,0.091396,8.470588,3.411765,0.038671,0.0,0.922293,0.697059,0.225234,0.829168,{'public_soft': 17},16,0,0.166554,0.121364,11.25,3.875,0.218231,0.0,0.854272,0.70625,0.148022,0.839188,{'public_soft': 16}
281,0.092247,1.0,public_soft,0.5,0.15,0.02,0.01,0.05,0.05,0.04,0.8,0.84,0.58,0.72,20.0,8.0,0.5,24.0,5.0,0.68,0.78,0.5,24.0,5.0,0.68,0.78,17,0,0.117773,0.092247,8.294118,3.941176,0.0,0.0,0.919677,0.697059,0.222618,0.829994,{'public_soft': 17},16,0,0.170815,0.125471,11.5,4.8125,0.061937,0.0,0.853477,0.70625,0.147227,0.84243,{'public_soft': 16}
282,0.092247,1.0,public_soft,0.5,0.15,0.02,0.01,0.1,0.05,0.04,0.8,0.84,0.58,0.72,20.0,8.0,0.5,24.0,5.0,0.68,0.78,0.5,24.0,5.0,0.68,0.78,17,0,0.117773,0.092247,8.294118,3.941176,0.0,0.0,0.919677,0.697059,0.222618,0.829994,{'public_soft': 17},16,0,0.173912,0.125471,11.5,4.8125,0.061937,0.0,0.853477,0.70625,0.147227,0.84243,{'public_soft': 16}
283,0.092247,1.0,public_soft,0.5,0.15,0.02,0.01,0.2,0.05,0.04,0.8,0.84,0.58,0.72,20.0,8.0,0.5,24.0,5.0,0.68,0.78,0.5,24.0,5.0,0.68,0.78,17,0,0.117773,0.092247,8.294118,3.941176,0.0,0.0,0.919677,0.697059,0.222618,0.829994,{'public_soft': 17},16,0,0.180106,0.125471,11.5,4.8125,0.061937,0.0,0.853477,0.70625,0.147227,0.84243,{'public_soft': 16}
284,0.09294284,1.0,public_soft,0.5,0.15,0.02,0.02,0.02,0.05,0.04,0.8,0.84,0.58,0.72,20.0,8.0,0.5,24.0,5.0,0.68,0.78,0.5,24.0,5.0,0.68,0.78,17,0,0.121475,0.091396,8.470588,3.411765,0.038671,0.0,0.922293,0.697059,0.225234,0.829168,{'public_soft': 17},16,0,0.171397,0.121364,11.25,3.875,0.218231,0.0,0.854272,0.70625,0.148022,0.839188,{'public_soft': 16}
285,0.09294284,1.0,public_soft,0.5,0.15,0.02,0.02,0.05,0.05,0.04,0.8,0.84,0.58,0.72,20.0,8.0,0.5,24.0,5.0,0.68,0.78,0.5,24.0,5.0,0.68,0.78,17,0,0.122635,0.091396,8.470588,3.411765,0.038671,0.0,0.922293,0.697059,0.225234,0.829168,{'public_soft': 17},16,0,0.176831,0.125471,11.5,4.8125,0.061937,0.0,0.853477,0.70625,0.147227,0.84243,{'public_soft': 16}
286,0.092247,1.0,public_soft,0.5,0.15,0.02,0.02,0.1,0.05,0.04,0.8,0.84,0.58,0.72,20.0,8.0,0.5,24.0,5.0,0.68,0.78,0.5,24.0,5.0,0.68,0.78,17,0,0.1227,0.092247,8.294118,3.941176,0.0,0.0,0.919677,0.697059,0.222618,0.829994,{'public_soft': 17},16,0,0.179928,0.125471,11.5,4.8125,0.061937,0.0,0.853477,0.70625,0.147227,0.84243,{'public_soft': 16}
287,0.092247,1.0,public_soft,0.5,0.15,0.02,0.02,0.2,0.05,0.04,0.8,0.84,0.58,0.72,20.0,8.0,0.5,24.0,5.0,0.68,0.78,0.5,24.0,5.0,0.68,0.78,17,0,0.1227,0.092247,8.294118,3.941176,0.0,0.0,0.919677,0.697059,0.222618,0.829994,{'public_soft': 17},16,0,0.186121,0.125471,11.5,4.8125,0.061937,0.0,0.853477,0.70625,0.147227,0.84243,{'public_soft': 16}
288,0.09294284,1.0,public_soft,0.5,0.3,0.0,0.0,0.02,0.05,0.04,0.8,0.84,0.58,0.72,20.0,8.0,0.5,24.0,5.0,0.68,0.78,0.5,24.0,5.0,0.68,0.78,17,0,0.107042,0.091396,8.470588,3.411765,0.038671,0.0,0.922293,0.697059,0.225234,0.829168,{'public_soft': 17},16,0,0.152226,0.121364,11.25,3.875,0.218231,0.0,0.854272,0.70625,0.148022,0.839188,{'public_soft': 16}
289,0.092247,1.0,public_soft,0.5,0.3,0.0,0.0,0.05,0.05,0.04,0.8,0.84,0.58,0.72,20.0,8.0,0.5,24.0,5.0,0.68,0.78,0.5,24.0,5.0,0.68,0.78,17,0,0.10712,0.092247,8.294118,3.941176,0.0,0.0,0.919677,0.697059,0.222618,0.829994,{'public_soft': 17},16,0,0.155066,0.125471,11.5,4.8125,0.061937,0.0,0.853477,0.70625,0.147227,0.84243,{'public_soft': 16}
290,0.092247,1.0,public_soft,0.5,0.3,0.0,0.0,0.1,0.05,0.04,0.8,0.84,0.58,0.72,20.0,8.0,0.5,24.0,5.0,0.68,0.78,0.5,24.0,5.0,0.68,0.78,17,0,0.10712,0.092247,8.294118,3.941176,0.0,0.0,0.919677,0.697059,0.222618,0.829994,{'public_soft': 17},16,0,0.158163,0.125471,11.5,4.8125,0.061937,0.0,0.853477,0.70625,0.147227,0.84243,{'public_soft': 16}
291,0.092247,1.0,public_soft,0.5,0.3,0.0,0.0,0.2,0.05,0.04,0.8,0.84,0.58,0.72,20.0,8.0,0.5,24.0,5.0,0.68,0.78,0.5,24.0,5.0,0.68,0.78,17,0,0.10712,0.092247,8.294118,3.941176,0.0,0.0,0.919677,0.697059,0.222618,0.829994,{'public_soft': 17},16,0,0.164356,0.125471,11.5,4.8125,0.061937,0.0,0.853477,0.70625,0.147227,0.84243,{'public_soft': 16}
292,0.09294284,1.0,public_soft,0.5,0.3,0.0,0.01,0.02,0.05,0.04,0.8,0.84,0.58,0.72,20.0,8.0,0.5,24.0,5.0,0.68,0.78,0.5,24.0,5.0,0.68,0.78,17,0,0.111307,0.091396,8.470588,3.411765,0.038671,0.0,0.922293,0.697059,0.225234,0.829168,{'public_soft': 17},16,0,0.15707,0.121364,11.25,3.875,0.218231,0.0,0.854272,0.70625,0.148022,0.839188,{'public_soft': 16}
293,0.092247,1.0,public_soft,0.5,0.3,0.0,0.01,0.05,0.05,0.04,0.8,0.84,0.58,0.72,20.0,8.0,0.5,24.0,5.0,0.68,0.78,0.5,24.0,5.0,0.68,0.78,17,0,0.112047,0.092247,8.294118,3.941176,0.0,0.0,0.919677,0.697059,0.222618,0.829994,{'public_soft': 17},16,0,0.161081,0.125471,11.5,4.8125,0.061937,0.0,0.853477,0.70625,0.147227,0.84243,{'public_soft': 16}
294,0.092247,1.0,public_soft,0.5,0.3,0.0,0.01,0.1,0.05,0.04,0.8,0.84,0.58,0.72,20.0,8.0,0.5,24.0,5.0,0.68,0.78,0.5,24.0,5.0,0.68,0.78,17,0,0.112047,0.092247,8.294118,3.941176,0.0,0.0,0.919677,0.697059,0.222618,0.829994,{'public_soft': 17},16,0,0.164178,0.125471,11.5,4.8125,0.061937,0.0,0.853477,0.70625,0.147227,0.84243,{'public_soft': 16}
295,0.092247,1.0,public_soft,0.5,0.3,0.0,0.01,0.2,0.05,0.04,0.8,0.84,0.58,0.72,20.0,8.0,0.5,24.0,5.0,0.68,0.78,0.5,24.0,5.0,0.68,0.78,17,0,0.112047,0.092247,8.294118,3.941176,0.0,0.0,0.919677,0.697059,0.222618,0.829994,{'public_soft': 17},16,0,0.170372,0.125471,11.5,4.8125,0.061937,0.0,0.853477,0.70625,0.147227,0.84243,{'public_soft': 16}
296,0.09294284,1.0,public_soft,0.5,0.3,0.0,0.02,0.02,0.05,0.04,0.8,0.84,0.58,0.72,20.0,8.0,0.5,24.0,5.0,0.68,0.78,0.5,24.0,5.0,0.68,0.78,17,0,0.115572,0.091396,8.470588,3.411765,0.038671,0.0,0.922293,0.697059,0.225234,0.829168,{'public_soft': 17},16,0,0.161914,0.121364,11.25,3.875,0.218231,0.0,0.854272,0.70625,0.148022,0.839188,{'public_soft': 16}
297,0.09294284,1.0,public_soft,0.5,0.3,0.0,0.02,0.05,0.05,0.04,0.8,0.84,0.58,0.72,20.0,8.0,0.5,24.0,5.0,0.68,0.78,0.5,24.0,5.0,0.68,0.78,17,0,0.116732,0.091396,8.470588,3.411765,0.038671,0.0,0.922293,0.697059,0.225234,0.829168,{'public_soft': 17},16,0,0.167097,0.125471,11.5,4.8125,0.061937,0.0,0.853477,0.70625,0.147227,0.84243,{'public_soft': 16}
298,0.092247,1.0,public_soft,0.5,0.3,0.0,0.02,0.1,0.05,0.04,0.8,0.84,0.58,0.72,20.0,8.0,0.5,24.0,5.0,0.68,0.78,0.5,24.0,5.0,0.68,0.78,17,0,0.116973,0.092247,8.294118,3.941176,0.0,0.0,0.919677,0.697059,0.222618,0.829994,{'public_soft': 17},16,0,0.170194,0.125471,11.5,4.8125,0.061937,0.0,0.853477,0.70625,0.147227,0.84243,{'public_soft': 16}
299,0.092247,1.0,public_soft,0.5,0.3,0.0,0.02,0.2,0.05,0.04,0.8,0.84,0.58,0.72,20.0,8.0,0.5,24.0,5.0,0.68,0.78,0.5,24.0,5.0,0.68,0.78,17,0,0.116973,0.092247,8.294118,3.941176,0.0,0.0,0.919677,0.697059,0.222618,0.829994,{'public_soft': 17},16,0,0.176388,0.125471,11.5,4.8125,0.061937,0.0,0.853477,0.70625,0.147227,0.84243,{'public_soft': 16}
300,0.092247,1.0,public_soft,0.5,0.3,0.01,0.0,0.02,0.05,0.04,0.8,0.84,0.58,0.72,20.0,8.0,0.5,24.0,5.0,0.68,0.78,0.5,24.0,5.0,0.68,0.78,17,0,0.111267,0.092247,8.294118,3.941176,0.0,0.0,0.919677,0.697059,0.222618,0.829994,{'public_soft': 17},16,0,0.157851,0.121364,11.25,3.875,0.218231,0.0,0.854272,0.70625,0.148022,0.839188,{'public_soft': 16}
301,0.092247,1.0,public_soft,0.5,0.3,0.01,0.0,0.05,0.05,0.04,0.8,0.84,0.58,0.72,20.0,8.0,0.5,24.0,5.0,0.68,0.78,0.5,24.0,5.0,0.68,0.78,17,0,0.111267,0.092247,8.294118,3.941176,0.0,0.0,0.919677,0.697059,0.222618,0.829994,{'public_soft': 17},16,0,0.160816,0.125471,11.5,4.8125,0.061937,0.0,0.853477,0.70625,0.147227,0.84243,{'public_soft': 16}
302,0.092247,1.0,public_soft,0.5,0.3,0.01,0.0,0.1,0.05,0.04,0.8,0.84,0.58,0.72,20.0,8.0,0.5,24.0,5.0,0.68,0.78,0.5,24.0,5.0,0.68,0.78,17,0,0.111267,0.092247,8.294118,3.941176,0.0,0.0,0.919677,0.697059,0.222618,0.829994,{'public_soft': 17},16,0,0.163913,0.125471,11.5,4.8125,0.061937,0.0,0.853477,0.70625,0.147227,0.84243,{'public_soft': 16}
303,0.092247,1.0,public_soft,0.5,0.3,0.01,0.0,0.2,0.05,0.04,0.8,0.84,0.58,0.72,20.0,8.0,0.5,24.0,5.0,0.68,0.78,0.5,24.0,5.0,0.68,0.78,17,0,0.111267,0.092247,8.294118,3.941176,0.0,0.0,0.919677,0.697059,0.222618,0.829994,{'public_soft': 17},16,0,0.170106,0.125471,11.5,4.8125,0.061937,0.0,0.853477,0.70625,0.147227,0.84243,{'public_soft': 16}
304,0.09294284,1.0,public_soft,0.5,0.3,0.01,0.01,0.02,0.05,0.04,0.8,0.84,0.58,0.72,20.0,8.0,0.5,24.0,5.0,0.68,0.78,0.5,24.0,5.0,0.68,0.78,17,0,0.115542,0.091396,8.470588,3.411765,0.038671,0.0,0.922293,0.697059,0.225234,0.829168,{'public_soft': 17},16,0,0.162695,0.121364,11.25,3.875,0.218231,0.0,0.854272,0.70625,0.148022,0.839188,{'public_soft': 16}
305,0.092247,1.0,public_soft,0.5,0.3,0.01,0.01,0.05,0.05,0.04,0.8,0.84,0.58,0.72,20.0,8.0,0.5,24.0,5.0,0.68,0.78,0.5,24.0,5.0,0.68,0.78,17,0,0.116194,0.092247,8.294118,3.941176,0.0,0.0,0.919677,0.697059,0.222618,0.829994,{'public_soft': 17},16,0,0.166831,0.125471,11.5,4.8125,0.061937,0.0,0.853477,0.70625,0.147227,0.84243,{'public_soft': 16}
306,0.092247,1.0,public_soft,0.5,0.3,0.01,0.01,0.1,0.05,0.04,0.8,0.84,0.58,0.72,20.0,8.0,0.5,24.0,5.0,0.68,0.78,0.5,24.0,5.0,0.68,0.78,17,0,0.116194,0.092247,8.294118,3.941176,0.0,0.0,0.919677,0.697059,0.222618,0.829994,{'public_soft': 17},16,0,0.169928,0.125471,11.5,4.8125,0.061937,0.0,0.853477,0.70625,0.147227,0.84243,{'public_soft': 16}
307,0.092247,1.0,public_soft,0.5,0.3,0.01,0.01,0.2,0.05,0.04,0.8,0.84,0.58,0.72,20.0,8.0,0.5,24.0,5.0,0.68,0.78,0.5,24.0,5.0,0.68,0.78,17,0,0.116194,0.092247,8.294118,3.941176,0.0,0.0,0.919677,0.697059,0.222618,0.829994,{'public_soft': 17},16,0,0.176122,0.125471,11.5,4.8125,0.061937,0.0,0.853477,0.70625,0.147227,0.84243,{'public_soft': 16}
308,0.09294284,1.0,public_soft,0.5,0.3,0.01,0.02,0.02,0.05,0.04,0.8,0.84,0.58,0.72,20.0,8.0,0.5,24.0,5.0,0.68,0.78,0.5,24.0,5.0,0.68,0.78,17,0,0.119807,0.091396,8.470588,3.411765,0.038671,0.0,0.922293,0.697059,0.225234,0.829168,{'public_soft': 17},16,0,0.167539,0.121364,11.25,3.875,0.218231,0.0,0.854272,0.70625,0.148022,0.839188,{'public_soft': 16}
309,0.09294284,1.0,public_soft,0.5,0.3,0.01,0.02,0.05,0.05,0.04,0.8,0.84,0.58,0.72,20.0,8.0,0.5,24.0,5.0,0.68,0.78,0.5,24.0,5.0,0.68,0.78,17,0,0.120967,0.091396,8.470588,3.411765,0.038671,0.0,0.922293,0.697059,0.225234,0.829168,{'public_soft': 17},16,0,0.172847,0.125471,11.5,4.8125,0.061937,0.0,0.853477,0.70625,0.147227,0.84243,{'public_soft': 16}
310,0.092247,1.0,public_soft,0.5,0.3,0.01,0.02,0.1,0.05,0.04,0.8,0.84,0.58,0.72,20.0,8.0,0.5,24.0,5.0,0.68,0.78,0.5,24.0,5.0,0.68,0.78,17,0,0.12112,0.092247,8.294118,3.941176,0.0,0.0,0.919677,0.697059,0.222618,0.829994,{'public_soft': 17},16,0,0.175944,0.125471,11.5,4.8125,0.061937,0.0,0.853477,0.70625,0.147227,0.84243,{'public_soft': 16}
311,0.092247,1.0,public_soft,0.5,0.3,0.01,0.02,0.2,0.05,0.04,0.8,0.84,0.58,0.72,20.0,8.0,0.5,24.0,5.0,0.68,0.78,0.5,24.0,5.0,0.68,0.78,17,0,0.12112,0.092247,8.294118,3.941176,0.0,0.0,0.919677,0.697059,0.222618,0.829994,{'public_soft': 17},16,0,0.182138,0.125471,11.5,4.8125,0.061937,0.0,0.853477,0.70625,0.147227,0.84243,{'public_soft': 16}
312,0.092247,1.0,public_soft,0.5,0.3,0.02,0.0,0.02,0.05,0.04,0.8,0.84,0.58,0.72,20.0,8.0,0.5,24.0,5.0,0.68,0.78,0.5,24.0,5.0,0.68,0.78,17,0,0.115414,0.092247,8.294118,3.941176,0.0,0.0,0.919677,0.697059,0.222618,0.829994,{'public_soft': 17},16,0,0.163476,0.121364,11.25,3.875,0.218231,0.0,0.854272,0.70625,0.148022,0.839188,{'public_soft': 16}
313,0.092247,1.0,public_soft,0.5,0.3,0.02,0.0,0.05,0.05,0.04,0.8,0.84,0.58,0.72,20.0,8.0,0.5,24.0,5.0,0.68,0.78,0.5,24.0,5.0,0.68,0.78,17,0,0.115414,0.092247,8.294118,3.941176,0.0,0.0,0.919677,0.697059,0.222618,0.829994,{'public_soft': 17},16,0,0.166566,0.125471,11.5,4.8125,0.061937,0.0,0.853477,0.70625,0.147227,0.84243,{'public_soft': 16}
314,0.092247,1.0,public_soft,0.5,0.3,0.02,0.0,0.1,0.05,0.04,0.8,0.84,0.58,0.72,20.0,8.0,0.5,24.0,5.0,0.68,0.78,0.5,24.0,5.0,0.68,0.78,17,0,0.115414,0.092247,8.294118,3.941176,0.0,0.0,0.919677,0.697059,0.222618,0.829994,{'public_soft': 17},16,0,0.169663,0.125471,11.5,4.8125,0.061937,0.0,0.853477,0.70625,0.147227,0.84243,{'public_soft': 16}
315,0.092247,1.0,public_soft,0.5,0.3,0.02,0.0,0.2,0.05,0.04,0.8,0.84,0.58,0.72,20.0,8.0,0.5,24.0,5.0,0.68,0.78,0.5,24.0,5.0,0.68,0.78,17,0,0.115414,0.092247,8.294118,3.941176,0.0,0.0,0.919677,0.697059,0.222618,0.829994,{'public_soft': 17},16,0,0.175856,0.125471,11.5,4.8125,0.061937,0.0,0.853477,0.70625,0.147227,0.84243,{'public_soft': 16}
316,0.09294284,1.0,public_soft,0.5,0.3,0.02,0.01,0.02,0.05,0.04,0.8,0.84,0.58,0.72,20.0,8.0,0.5,24.0,5.0,0.68,0.78,0.5,24.0,5.0,0.68,0.78,17,0,0.119778,0.091396,8.470588,3.411765,0.038671,0.0,0.922293,0.697059,0.225234,0.829168,{'public_soft': 17},16,0,0.16832,0.121364,11.25,3.875,0.218231,0.0,0.854272,0.70625,0.148022,0.839188,{'public_soft': 16}
317,0.092247,1.0,public_soft,0.5,0.3,0.02,0.01,0.05,0.05,0.04,0.8,0.84,0.58,0.72,20.0,8.0,0.5,24.0,5.0,0.68,0.78,0.5,24.0,5.0,0.68,0.78,17,0,0.120341,0.092247,8.294118,3.941176,0.0,0.0,0.919677,0.697059,0.222618,0.829994,{'public_soft': 17},16,0,0.172581,0.125471,11.5,4.8125,0.061937,0.0,0.853477,0.70625,0.147227,0.84243,{'public_soft': 16}
318,0.092247,1.0,public_soft,0.5,0.3,0.02,0.01,0.1,0.05,0.04,0.8,0.84,0.58,0.72,20.0,8.0,0.5,24.0,5.0,0.68,0.78,0.5,24.0,5.0,0.68,0.78,17,0,0.120341,0.092247,8.294118,3.941176,0.0,0.0,0.919677,0.697059,0.222618,0.829994,{'public_soft': 17},16,0,0.175678,0.125471,11.5,4.8125,0.061937,0.0,0.853477,0.70625,0.147227,0.84243,{'public_soft': 16}
319,0.092247,1.0,public_soft,0.5,0.3,0.02,0.01,0.2,0.05,0.04,0.8,0.84,0.58,0.72,20.0,8.0,0.5,24.0,5.0,0.68,0.78,0.5,24.0,5.0,0.68,0.78,17,0,0.120341,0.092247,8.294118,3.941176,0.0,0.0,0.919677,0.697059,0.222618,0.829994,{'public_soft': 17},16,0,0.181872,0.125471,11.5,4.8125,0.061937,0.0,0.853477,0.70625,0.147227,0.84243,{'public_soft': 16}
320,0.09294284,1.0,public_soft,0.5,0.3,0.02,0.02,0.02,0.05,0.04,0.8,0.84,0.58,0.72,20.0,8.0,0.5,24.0,5.0,0.68,0.78,0.5,24.0,5.0,0.68,0.78,17,0,0.124042,0.091396,8.470588,3.411765,0.038671,0.0,0.922293,0.697059,0.225234,0.829168,{'public_soft': 17},16,0,0.173164,0.121364,11.25,3.875,0.218231,0.0,0.854272,0.70625,0.148022,0.839188,{'public_soft': 16}
321,0.09294284,1.0,public_soft,0.5,0.3,0.02,0.02,0.05,0.05,0.04,0.8,0.84,0.58,0.72,20.0,8.0,0.5,24.0,5.0,0.68,0.78,0.5,24.0,5.0,0.68,0.78,17,0,0.125203,0.091396,8.470588,3.411765,0.038671,0.0,0.922293,0.697059,0.225234,0.829168,{'public_soft': 17},16,0,0.178597,0.125471,11.5,4.8125,0.061937,0.0,0.853477,0.70625,0.147227,0.84243,{'public_soft': 16}
322,0.092247,1.0,public_soft,0.5,0.3,0.02,0.02,0.1,0.05,0.04,0.8,0.84,0.58,0.72,20.0,8.0,0.5,24.0,5.0,0.68,0.78,0.5,24.0,5.0,0.68,0.78,17,0,0.125267,0.092247,8.294118,3.941176,0.0,0.0,0.919677,0.697059,0.222618,0.829994,{'public_soft': 17},16,0,0.181694,0.125471,11.5,4.8125,0.061937,0.0,0.853477,0.70625,0.147227,0.84243,{'public_soft': 16}
323,0.092247,1.0,public_soft,0.5,0.3,0.02,0.02,0.2,0.05,0.04,0.8,0.84,0.58,0.72,20.0,8.0,0.5,24.0,5.0,0.68,0.78,0.5,24.0,5.0,0.68,0.78,17,0,0.125267,0.092247,8.294118,3.941176,0.0,0.0,0.919677,0.697059,0.222618,0.829994,{'public_soft': 17},16,0,0.187888,0.125471,11.5,4.8125,0.061937,0.0,0.853477,0.70625,0.147227,0.84243,{'public_soft': 16}
324,0.09244584,1.0,public_soft,0.7,0.05,0.0,0.0,0.02,0.05,0.04,0.8,0.84,0.58,0.72,20.0,8.0,0.5,24.0,5.0,0.68,0.78,0.5,24.0,5.0,0.68,0.78,17,0,0.106378,0.090899,8.411765,3.411765,0.038671,0.0,0.944574,0.697059,0.247515,0.812034,{'public_soft': 17},16,0,0.158469,0.121364,11.25,3.875,0.218231,0.0,0.854272,0.70625,0.148022,0.839188,{'public_soft': 16}
325,0.09175,1.0,public_soft,0.7,0.05,0.0,0.0,0.05,0.05,0.04,0.8,0.84,0.58,0.72,20.0,8.0,0.5,24.0,5.0,0.68,0.78,0.5,24.0,5.0,0.68,0.78,17,0,0.106456,0.09175,8.235294,3.941176,0.0,0.0,0.941958,0.697059,0.244899,0.812861,{'public_soft': 17},16,0,0.161308,0.125471,11.5,4.8125,0.061937,0.0,0.853477,0.70625,0.147227,0.84243,{'public_soft': 16}
326,0.09175,1.0,public_soft,0.7,0.05,0.0,0.0,0.1,0.05,0.04,0.8,0.84,0.58,0.72,20.0,8.0,0.5,24.0,5.0,0.68,0.78,0.5,24.0,5.0,0.68,0.78,17,0,0.106456,0.09175,8.235294,3.941176,0.0,0.0,0.941958,0.697059,0.244899,0.812861,{'public_soft': 17},16,0,0.164405,0.125471,11.5,4.8125,0.061937,0.0,0.853477,0.70625,0.147227,0.84243,{'public_soft': 16}
327,0.09175,1.0,public_soft,0.7,0.05,0.0,0.0,0.2,0.05,0.04,0.8,0.84,0.58,0.72,20.0,8.0,0.5,24.0,5.0,0.68,0.78,0.5,24.0,5.0,0.68,0.78,17,0,0.106456,0.09175,8.235294,3.941176,0.0,0.0,0.941958,0.697059,0.244899,0.812861,{'public_soft': 17},16,0,0.170599,0.125471,11.5,4.8125,0.061937,0.0,0.853477,0.70625,0.147227,0.84243,{'public_soft': 16}
328,0.09244584,1.0,public_soft,0.7,0.05,0.0,0.01,0.02,0.05,0.04,0.8,0.84,0.58,0.72,20.0,8.0,0.5,24.0,5.0,0.68,0.78,0.5,24.0,5.0,0.68,0.78,17,0,0.110643,0.090899,8.411765,3.411765,0.038671,0.0,0.944574,0.697059,0.247515,0.812034,{'public_soft': 17},16,0,0.163312,0.121364,11.25,3.875,0.218231,0.0,0.854272,0.70625,0.148022,0.839188,{'public_soft': 16}
329,0.09175,1.0,public_soft,0.7,0.05,0.0,0.01,0.05,0.05,0.04,0.8,0.84,0.58,0.72,20.0,8.0,0.5,24.0,5.0,0.68,0.78,0.5,24.0,5.0,0.68,0.78,17,0,0.111382,0.09175,8.235294,3.941176,0.0,0.0,0.941958,0.697059,0.244899,0.812861,{'public_soft': 17},16,0,0.167324,0.125471,11.5,4.8125,0.061937,0.0,0.853477,0.70625,0.147227,0.84243,{'public_soft': 16}
330,0.09175,1.0,public_soft,0.7,0.05,0.0,0.01,0.1,0.05,0.04,0.8,0.84,0.58,0.72,20.0,8.0,0.5,24.0,5.0,0.68,0.78,0.5,24.0,5.0,0.68,0.78,17,0,0.111382,0.09175,8.235294,3.941176,0.0,0.0,0.941958,0.697059,0.244899,0.812861,{'public_soft': 17},16,0,0.170421,0.125471,11.5,4.8125,0.061937,0.0,0.853477,0.70625,0.147227,0.84243,{'public_soft': 16}
331,0.09175,1.0,public_soft,0.7,0.05,0.0,0.01,0.2,0.05,0.04,0.8,0.84,0.58,0.72,20.0,8.0,0.5,24.0,5.0,0.68,0.78,0.5,24.0,5.0,0.68,0.78,17,0,0.111382,0.09175,8.235294,3.941176,0.0,0.0,0.941958,0.697059,0.244899,0.812861,{'public_soft': 17},16,0,0.176615,0.125471,11.5,4.8125,0.061937,0.0,0.853477,0.70625,0.147227,0.84243,{'public_soft': 16}
332,0.09244584,1.0,public_soft,0.7,0.05,0.0,0.02,0.02,0.05,0.04,0.8,0.84,0.58,0.72,20.0,8.0,0.5,24.0,5.0,0.68,0.78,0.5,24.0,5.0,0.68,0.78,17,0,0.114907,0.090899,8.411765,3.411765,0.038671,0.0,0.944574,0.697059,0.247515,0.812034,{'public_soft': 17},16,0,0.168156,0.121364,11.25,3.875,0.218231,0.0,0.854272,0.70625,0.148022,0.839188,{'public_soft': 16}
333,0.09244584,1.0,public_soft,0.7,0.05,0.0,0.02,0.05,0.05,0.04,0.8,0.84,0.58,0.72,20.0,8.0,0.5,24.0,5.0,0.68,0.78,0.5,24.0,5.0,0.68,0.78,17,0,0.116067,0.090899,8.411765,3.411765,0.038671,0.0,0.944574,0.697059,0.247515,0.812034,{'public_soft': 17},16,0,0.17334,0.125471,11.5,4.8125,0.061937,0.0,0.853477,0.70625,0.147227,0.84243,{'public_soft': 16}
334,0.09175,1.0,public_soft,0.7,0.05,0.0,0.02,0.1,0.05,0.04,0.8,0.84,0.58,0.72,20.0,8.0,0.5,24.0,5.0,0.68,0.78,0.5,24.0,5.0,0.68,0.78,17,0,0.116309,0.09175,8.235294,3.941176,0.0,0.0,0.941958,0.697059,0.244899,0.812861,{'public_soft': 17},16,0,0.176436,0.125471,11.5,4.8125,0.061937,0.0,0.853477,0.70625,0.147227,0.84243,{'public_soft': 16}
335,0.09175,1.0,public_soft,0.7,0.05,0.0,0.02,0.2,0.05,0.04,0.8,0.84,0.58,0.72,20.0,8.0,0.5,24.0,5.0,0.68,0.78,0.5,24.0,5.0,0.68,0.78,17,0,0.116309,0.09175,8.235294,3.941176,0.0,0.0,0.941958,0.697059,0.244899,0.812861,{'public_soft': 17},16,0,0.18263,0.125471,11.5,4.8125,0.061937,0.0,0.853477,0.70625,0.147227,0.84243,{'public_soft': 16}
336,0.09175,1.0,public_soft,0.7,0.05,0.01,0.0,0.02,0.05,0.04,0.8,0.84,0.58,0.72,20.0,8.0,0.5,24.0,5.0,0.68,0.78,0.5,24.0,5.0,0.68,0.78,17,0,0.110573,0.09175,8.235294,3.941176,0.0,0.0,0.941958,0.697059,0.244899,0.812861,{'public_soft': 17},16,0,0.164094,0.121364,11.25,3.875,0.218231,0.0,0.854272,0.70625,0.148022,0.839188,{'public_soft': 16}
337,0.09175,1.0,public_soft,0.7,0.05,0.01,0.0,0.05,0.05,0.04,0.8,0.84,0.58,0.72,20.0,8.0,0.5,24.0,5.0,0.68,0.78,0.5,24.0,5.0,0.68,0.78,17,0,0.110573,0.09175,8.235294,3.941176,0.0,0.0,0.941958,0.697059,0.244899,0.812861,{'public_soft': 17},16,0,0.167058,0.125471,11.5,4.8125,0.061937,0.0,0.853477,0.70625,0.147227,0.84243,{'public_soft': 16}
338,0.09175,1.0,public_soft,0.7,0.05,0.01,0.0,0.1,0.05,0.04,0.8,0.84,0.58,0.72,20.0,8.0,0.5,24.0,5.0,0.68,0.78,0.5,24.0,5.0,0.68,0.78,17,0,0.110573,0.09175,8.235294,3.941176,0.0,0.0,0.941958,0.697059,0.244899,0.812861,{'public_soft': 17},16,0,0.170155,0.125471,11.5,4.8125,0.061937,0.0,0.853477,0.70625,0.147227,0.84243,{'public_soft': 16}
339,0.09175,1.0,public_soft,0.7,0.05,0.01,0.0,0.2,0.05,0.04,0.8,0.84,0.58,0.72,20.0,8.0,0.5,24.0,5.0,0.68,0.78,0.5,24.0,5.0,0.68,0.78,17,0,0.110573,0.09175,8.235294,3.941176,0.0,0.0,0.941958,0.697059,0.244899,0.812861,{'public_soft': 17},16,0,0.176349,0.125471,11.5,4.8125,0.061937,0.0,0.853477,0.70625,0.147227,0.84243,{'public_soft': 16}
340,0.09244584,1.0,public_soft,0.7,0.05,0.01,0.01,0.02,0.05,0.04,0.8,0.84,0.58,0.72,20.0,8.0,0.5,24.0,5.0,0.68,0.78,0.5,24.0,5.0,0.68,0.78,17,0,0.114849,0.090899,8.411765,3.411765,0.038671,0.0,0.944574,0.697059,0.247515,0.812034,{'public_soft': 17},16,0,0.168937,0.121364,11.25,3.875,0.218231,0.0,0.854272,0.70625,0.148022,0.839188,{'public_soft': 16}
341,0.09175,1.0,public_soft,0.7,0.05,0.01,0.01,0.05,0.05,0.04,0.8,0.84,0.58,0.72,20.0,8.0,0.5,24.0,5.0,0.68,0.78,0.5,24.0,5.0,0.68,0.78,17,0,0.1155,0.09175,8.235294,3.941176,0.0,0.0,0.941958,0.697059,0.244899,0.812861,{'public_soft': 17},16,0,0.173074,0.125471,11.5,4.8125,0.061937,0.0,0.853477,0.70625,0.147227,0.84243,{'public_soft': 16}
342,0.09175,1.0,public_soft,0.7,0.05,0.01,0.01,0.1,0.05,0.04,0.8,0.84,0.58,0.72,20.0,8.0,0.5,24.0,5.0,0.68,0.78,0.5,24.0,5.0,0.68,0.78,17,0,0.1155,0.09175,8.235294,3.941176,0.0,0.0,0.941958,0.697059,0.244899,0.812861,{'public_soft': 17},16,0,0.176171,0.125471,11.5,4.8125,0.061937,0.0,0.853477,0.70625,0.147227,0.84243,{'public_soft': 16}
343,0.09175,1.0,public_soft,0.7,0.05,0.01,0.01,0.2,0.05,0.04,0.8,0.84,0.58,0.72,20.0,8.0,0.5,24.0,5.0,0.68,0.78,0.5,24.0,5.0,0.68,0.78,17,0,0.1155,0.09175,8.235294,3.941176,0.0,0.0,0.941958,0.697059,0.244899,0.812861,{'public_soft': 17},16,0,0.182365,0.125471,11.5,4.8125,0.061937,0.0,0.853477,0.70625,0.147227,0.84243,{'public_soft': 16}
344,0.09244584,1.0,public_soft,0.7,0.05,0.01,0.02,0.02,0.05,0.04,0.8,0.84,0.58,0.72,20.0,8.0,0.5,24.0,5.0,0.68,0.78,0.5,24.0,5.0,0.68,0.78,17,0,0.119113,0.090899,8.411765,3.411765,0.038671,0.0,0.944574,0.697059,0.247515,0.812034,{'public_soft': 17},16,0,0.173781,0.121364,11.25,3.875,0.218231,0.0,0.854272,0.70625,0.148022,0.839188,{'public_soft': 16}
345,0.09244584,1.0,public_soft,0.7,0.05,0.01,0.02,0.05,0.05,0.04,0.8,0.84,0.58,0.72,20.0,8.0,0.5,24.0,5.0,0.68,0.78,0.5,24.0,5.0,0.68,0.78,17,0,0.120273,0.090899,8.411765,3.411765,0.038671,0.0,0.944574,0.697059,0.247515,0.812034,{'public_soft': 17},16,0,0.17909,0.125471,11.5,4.8125,0.061937,0.0,0.853477,0.70625,0.147227,0.84243,{'public_soft': 16}
346,0.09175,1.0,public_soft,0.7,0.05,0.01,0.02,0.1,0.05,0.04,0.8,0.84,0.58,0.72,20.0,8.0,0.5,24.0,5.0,0.68,0.78,0.5,24.0,5.0,0.68,0.78,17,0,0.120426,0.09175,8.235294,3.941176,0.0,0.0,0.941958,0.697059,0.244899,0.812861,{'public_soft': 17},16,0,0.182186,0.125471,11.5,4.8125,0.061937,0.0,0.853477,0.70625,0.147227,0.84243,{'public_soft': 16}
347,0.09175,1.0,public_soft,0.7,0.05,0.01,0.02,0.2,0.05,0.04,0.8,0.84,0.58,0.72,20.0,8.0,0.5,24.0,5.0,0.68,0.78,0.5,24.0,5.0,0.68,0.78,17,0,0.120426,0.09175,8.235294,3.941176,0.0,0.0,0.941958,0.697059,0.244899,0.812861,{'public_soft': 17},16,0,0.18838,0.125471,11.5,4.8125,0.061937,0.0,0.853477,0.70625,0.147227,0.84243,{'public_soft': 16}
348,0.09175,1.0,public_soft,0.7,0.05,0.02,0.0,0.02,0.05,0.04,0.8,0.84,0.58,0.72,20.0,8.0,0.5,24.0,5.0,0.68,0.78,0.5,24.0,5.0,0.68,0.78,17,0,0.114691,0.09175,8.235294,3.941176,0.0,0.0,0.941958,0.697059,0.244899,0.812861,{'public_soft': 17},16,0,0.169719,0.121364,11.25,3.875,0.218231,0.0,0.854272,0.70625,0.148022,0.839188,{'public_soft': 16}
349,0.09175,1.0,public_soft,0.7,0.05,0.02,0.0,0.05,0.05,0.04,0.8,0.84,0.58,0.72,20.0,8.0,0.5,24.0,5.0,0.68,0.78,0.5,24.0,5.0,0.68,0.78,17,0,0.114691,0.09175,8.235294,3.941176,0.0,0.0,0.941958,0.697059,0.244899,0.812861,{'public_soft': 17},16,0,0.172808,0.125471,11.5,4.8125,0.061937,0.0,0.853477,0.70625,0.147227,0.84243,{'public_soft': 16}
350,0.09175,1.0,public_soft,0.7,0.05,0.02,0.0,0.1,0.05,0.04,0.8,0.84,0.58,0.72,20.0,8.0,0.5,24.0,5.0,0.68,0.78,0.5,24.0,5.0,0.68,0.78,17,0,0.114691,0.09175,8.235294,3.941176,0.0,0.0,0.941958,0.697059,0.244899,0.812861,{'public_soft': 17},16,0,0.175905,0.125471,11.5,4.8125,0.061937,0.0,0.853477,0.70625,0.147227,0.84243,{'public_soft': 16}
351,0.09175,1.0,public_soft,0.7,0.05,0.02,0.0,0.2,0.05,0.04,0.8,0.84,0.58,0.72,20.0,8.0,0.5,24.0,5.0,0.68,0.78,0.5,24.0,5.0,0.68,0.78,17,0,0.114691,0.09175,8.235294,3.941176,0.0,0.0,0.941958,0.697059,0.244899,0.812861,{'public_soft': 17},16,0,0.182099,0.125471,11.5,4.8125,0.061937,0.0,0.853477,0.70625,0.147227,0.84243,{'public_soft': 16}
352,0.09244584,1.0,public_soft,0.7,0.05,0.02,0.01,0.02,0.05,0.04,0.8,0.84,0.58,0.72,20.0,8.0,0.5,24.0,5.0,0.68,0.78,0.5,24.0,5.0,0.68,0.78,17,0,0.119054,0.090899,8.411765,3.411765,0.038671,0.0,0.944574,0.697059,0.247515,0.812034,{'public_soft': 17},16,0,0.174562,0.121364,11.25,3.875,0.218231,0.0,0.854272,0.70625,0.148022,0.839188,{'public_soft': 16}
353,0.09175,1.0,public_soft,0.7,0.05,0.02,0.01,0.05,0.05,0.04,0.8,0.84,0.58,0.72,20.0,8.0,0.5,24.0,5.0,0.68,0.78,0.5,24.0,5.0,0.68,0.78,17,0,0.119618,0.09175,8.235294,3.941176,0.0,0.0,0.941958,0.697059,0.244899,0.812861,{'public_soft': 17},16,0,0.178824,0.125471,11.5,4.8125,0.061937,0.0,0.853477,0.70625,0.147227,0.84243,{'public_soft': 16}
354,0.09175,1.0,public_soft,0.7,0.05,0.02,0.01,0.1,0.05,0.04,0.8,0.84,0.58,0.72,20.0,8.0,0.5,24.0,5.0,0.68,0.78,0.5,24.0,5.0,0.68,0.78,17,0,0.119618,0.09175,8.235294,3.941176,0.0,0.0,0.941958,0.697059,0.244899,0.812861,{'public_soft': 17},16,0,0.181921,0.125471,11.5,4.8125,0.061937,0.0,0.853477,0.70625,0.147227,0.84243,{'public_soft': 16}
355,0.09175,1.0,public_soft,0.7,0.05,0.02,0.01,0.2,0.05,0.04,0.8,0.84,0.58,0.72,20.0,8.0,0.5,24.0,5.0,0.68,0.78,0.5,24.0,5.0,0.68,0.78,17,0,0.119618,0.09175,8.235294,3.941176,0.0,0.0,0.941958,0.697059,0.244899,0.812861,{'public_soft': 17},16,0,0.188115,0.125471,11.5,4.8125,0.061937,0.0,0.853477,0.70625,0.147227,0.84243,{'public_soft': 16}
356,0.09244584,1.0,public_soft,0.7,0.05,0.02,0.02,0.02,0.05,0.04,0.8,0.84,0.58,0.72,20.0,8.0,0.5,24.0,5.0,0.68,0.78,0.5,24.0,5.0,0.68,0.78,17,0,0.123319,0.090899,8.411765,3.411765,0.038671,0.0,0.944574,0.697059,0.247515,0.812034,{'public_soft': 17},16,0,0.179406,0.121364,11.25,3.875,0.218231,0.0,0.854272,0.70625,0.148022,0.839188,{'public_soft': 16}
357,0.09244584,1.0,public_soft,0.7,0.05,0.02,0.02,0.05,0.05,0.04,0.8,0.84,0.58,0.72,20.0,8.0,0.5,24.0,5.0,0.68,0.78,0.5,24.0,5.0,0.68,0.78,17,0,0.124479,0.090899,8.411765,3.411765,0.038671,0.0,0.944574,0.697059,0.247515,0.812034,{'public_soft': 17},16,0,0.18484,0.125471,11.5,4.8125,0.061937,0.0,0.853477,0.70625,0.147227,0.84243,{'public_soft': 16}
358,0.09175,1.0,public_soft,0.7,0.05,0.02,0.02,0.1,0.05,0.04,0.8,0.84,0.58,0.72,20.0,8.0,0.5,24.0,5.0,0.68,0.78,0.5,24.0,5.0,0.68,0.78,17,0,0.124544,0.09175,8.235294,3.941176,0.0,0.0,0.941958,0.697059,0.244899,0.812861,{'public_soft': 17},16,0,0.187936,0.125471,11.5,4.8125,0.061937,0.0,0.853477,0.70625,0.147227,0.84243,{'public_soft': 16}
359,0.09175,1.0,public_soft,0.7,0.05,0.02,0.02,0.2,0.05,0.04,0.8,0.84,0.58,0.72,20.0,8.0,0.5,24.0,5.0,0.68,0.78,0.5,24.0,5.0,0.68,0.78,17,0,0.124544,0.09175,8.235294,3.941176,0.0,0.0,0.941958,0.697059,0.244899,0.812861,{'public_soft': 17},16,0,0.19413,0.125471,11.5,4.8125,0.061937,0.0,0.853477,0.70625,0.147227,0.84243,{'public_soft': 16}
360,0.09294284,1.0,public_soft,0.7,0.15,0.0,0.0,0.02,0.05,0.04,0.8,0.84,0.58,0.72,20.0,8.0,0.5,24.0,5.0,0.68,0.78,0.5,24.0,5.0,0.68,0.78,17,0,0.10837,0.091396,8.470588,3.411765,0.038671,0.0,0.922293,0.697059,0.225234,0.829168,{'public_soft': 17},16,0,0.159646,0.121364,11.25,3.875,0.218231,0.0,0.854272,0.70625,0.148022,0.839188,{'public_soft': 16}
361,0.092247,1.0,public_soft,0.7,0.15,0.0,0.0,0.05,0.05,0.04,0.8,0.84,0.58,0.72,20.0,8.0,0.5,24.0,5.0,0.68,0.78,0.5,24.0,5.0,0.68,0.78,17,0,0.108448,0.092247,8.294118,3.941176,0.0,0.0,0.919677,0.697059,0.222618,0.829994,{'public_soft': 17},16,0,0.162486,0.125471,11.5,4.8125,0.061937,0.0,0.853477,0.70625,0.147227,0.84243,{'public_soft': 16}
362,0.092247,1.0,public_soft,0.7,0.15,0.0,0.0,0.1,0.05,0.04,0.8,0.84,0.58,0.72,20.0,8.0,0.5,24.0,5.0,0.68,0.78,0.5,24.0,5.0,0.68,0.78,17,0,0.108448,0.092247,8.294118,3.941176,0.0,0.0,0.919677,0.697059,0.222618,0.829994,{'public_soft': 17},16,0,0.165583,0.125471,11.5,4.8125,0.061937,0.0,0.853477,0.70625,0.147227,0.84243,{'public_soft': 16}
363,0.092247,1.0,public_soft,0.7,0.15,0.0,0.0,0.2,0.05,0.04,0.8,0.84,0.58,0.72,20.0,8.0,0.5,24.0,5.0,0.68,0.78,0.5,24.0,5.0,0.68,0.78,17,0,0.108448,0.092247,8.294118,3.941176,0.0,0.0,0.919677,0.697059,0.222618,0.829994,{'public_soft': 17},16,0,0.171776,0.125471,11.5,4.8125,0.061937,0.0,0.853477,0.70625,0.147227,0.84243,{'public_soft': 16}
364,0.09294284,1.0,public_soft,0.7,0.15,0.0,0.01,0.02,0.05,0.04,0.8,0.84,0.58,0.72,20.0,8.0,0.5,24.0,5.0,0.68,0.78,0.5,24.0,5.0,0.68,0.78,17,0,0.112635,0.091396,8.470588,3.411765,0.038671,0.0,0.922293,0.697059,0.225234,0.829168,{'public_soft': 17},16,0,0.16449,0.121364,11.25,3.875,0.218231,0.0,0.854272,0.70625,0.148022,0.839188,{'public_soft': 16}
365,0.092247,1.0,public_soft,0.7,0.15,0.0,0.01,0.05,0.05,0.04,0.8,0.84,0.58,0.72,20.0,8.0,0.5,24.0,5.0,0.68,0.78,0.5,24.0,5.0,0.68,0.78,17,0,0.113374,0.092247,8.294118,3.941176,0.0,0.0,0.919677,0.697059,0.222618,0.829994,{'public_soft': 17},16,0,0.168501,0.125471,11.5,4.8125,0.061937,0.0,0.853477,0.70625,0.147227,0.84243,{'public_soft': 16}
366,0.092247,1.0,public_soft,0.7,0.15,0.0,0.01,0.1,0.05,0.04,0.8,0.84,0.58,0.72,20.0,8.0,0.5,24.0,5.0,0.68,0.78,0.5,24.0,5.0,0.68,0.78,17,0,0.113374,0.092247,8.294118,3.941176,0.0,0.0,0.919677,0.697059,0.222618,0.829994,{'public_soft': 17},16,0,0.171598,0.125471,11.5,4.8125,0.061937,0.0,0.853477,0.70625,0.147227,0.84243,{'public_soft': 16}
367,0.092247,1.0,public_soft,0.7,0.15,0.0,0.01,0.2,0.05,0.04,0.8,0.84,0.58,0.72,20.0,8.0,0.5,24.0,5.0,0.68,0.78,0.5,24.0,5.0,0.68,0.78,17,0,0.113374,0.092247,8.294118,3.941176,0.0,0.0,0.919677,0.697059,0.222618,0.829994,{'public_soft': 17},16,0,0.177792,0.125471,11.5,4.8125,0.061937,0.0,0.853477,0.70625,0.147227,0.84243,{'public_soft': 16}
368,0.09294284,1.0,public_soft,0.7,0.15,0.0,0.02,0.02,0.05,0.04,0.8,0.84,0.58,0.72,20.0,8.0,0.5,24.0,5.0,0.68,0.78,0.5,24.0,5.0,0.68,0.78,17,0,0.1169,0.091396,8.470588,3.411765,0.038671,0.0,0.922293,0.697059,0.225234,0.829168,{'public_soft': 17},16,0,0.169334,0.121364,11.25,3.875,0.218231,0.0,0.854272,0.70625,0.148022,0.839188,{'public_soft': 16}
369,0.09294284,1.0,public_soft,0.7,0.15,0.0,0.02,0.05,0.05,0.04,0.8,0.84,0.58,0.72,20.0,8.0,0.5,24.0,5.0,0.68,0.78,0.5,24.0,5.0,0.68,0.78,17,0,0.11806,0.091396,8.470588,3.411765,0.038671,0.0,0.922293,0.697059,0.225234,0.829168,{'public_soft': 17},16,0,0.174517,0.125471,11.5,4.8125,0.061937,0.0,0.853477,0.70625,0.147227,0.84243,{'public_soft': 16}
370,0.092247,1.0,public_soft,0.7,0.15,0.0,0.02,0.1,0.05,0.04,0.8,0.84,0.58,0.72,20.0,8.0,0.5,24.0,5.0,0.68,0.78,0.5,24.0,5.0,0.68,0.78,17,0,0.118301,0.092247,8.294118,3.941176,0.0,0.0,0.919677,0.697059,0.222618,0.829994,{'public_soft': 17},16,0,0.177614,0.125471,11.5,4.8125,0.061937,0.0,0.853477,0.70625,0.147227,0.84243,{'public_soft': 16}
371,0.092247,1.0,public_soft,0.7,0.15,0.0,0.02,0.2,0.05,0.04,0.8,0.84,0.58,0.72,20.0,8.0,0.5,24.0,5.0,0.68,0.78,0.5,24.0,5.0,0.68,0.78,17,0,0.118301,0.092247,8.294118,3.941176,0.0,0.0,0.919677,0.697059,0.222618,0.829994,{'public_soft': 17},16,0,0.183808,0.125471,11.5,4.8125,0.061937,0.0,0.853477,0.70625,0.147227,0.84243,{'public_soft': 16}
372,0.092247,1.0,public_soft,0.7,0.15,0.01,0.0,0.02,0.05,0.04,0.8,0.84,0.58,0.72,20.0,8.0,0.5,24.0,5.0,0.68,0.78,0.5,24.0,5.0,0.68,0.78,17,0,0.112595,0.092247,8.294118,3.941176,0.0,0.0,0.919677,0.697059,0.222618,0.829994,{'public_soft': 17},16,0,0.165271,0.121364,11.25,3.875,0.218231,0.0,0.854272,0.70625,0.148022,0.839188,{'public_soft': 16}
373,0.092247,1.0,public_soft,0.7,0.15,0.01,0.0,0.05,0.05,0.04,0.8,0.84,0.58,0.72,20.0,8.0,0.5,24.0,5.0,0.68,0.78,0.5,24.0,5.0,0.68,0.78,17,0,0.112595,0.092247,8.294118,3.941176,0.0,0.0,0.919677,0.697059,0.222618,0.829994,{'public_soft': 17},16,0,0.168236,0.125471,11.5,4.8125,0.061937,0.0,0.853477,0.70625,0.147227,0.84243,{'public_soft': 16}
374,0.092247,1.0,public_soft,0.7,0.15,0.01,0.0,0.1,0.05,0.04,0.8,0.84,0.58,0.72,20.0,8.0,0.5,24.0,5.0,0.68,0.78,0.5,24.0,5.0,0.68,0.78,17,0,0.112595,0.092247,8.294118,3.941176,0.0,0.0,0.919677,0.697059,0.222618,0.829994,{'public_soft': 17},16,0,0.171333,0.125471,11.5,4.8125,0.061937,0.0,0.853477,0.70625,0.147227,0.84243,{'public_soft': 16}
375,0.092247,1.0,public_soft,0.7,0.15,0.01,0.0,0.2,0.05,0.04,0.8,0.84,0.58,0.72,20.0,8.0,0.5,24.0,5.0,0.68,0.78,0.5,24.0,5.0,0.68,0.78,17,0,0.112595,0.092247,8.294118,3.941176,0.0,0.0,0.919677,0.697059,0.222618,0.829994,{'public_soft': 17},16,0,0.177526,0.125471,11.5,4.8125,0.061937,0.0,0.853477,0.70625,0.147227,0.84243,{'public_soft': 16}
376,0.09294284,1.0,public_soft,0.7,0.15,0.01,0.01,0.02,0.05,0.04,0.8,0.84,0.58,0.72,20.0,8.0,0.5,24.0,5.0,0.68,0.78,0.5,24.0,5.0,0.68,0.78,17,0,0.11687,0.091396,8.470588,3.411765,0.038671,0.0,0.922293,0.697059,0.225234,0.829168,{'public_soft': 17},16,0,0.170115,0.121364,11.25,3.875,0.218231,0.0,0.854272,0.70625,0.148022,0.839188,{'public_soft': 16}
377,0.092247,1.0,public_soft,0.7,0.15,0.01,0.01,0.05,0.05,0.04,0.8,0.84,0.58,0.72,20.0,8.0,0.5,24.0,5.0,0.68,0.78,0.5,24.0,5.0,0.68,0.78,17,0,0.117521,0.092247,8.294118,3.941176,0.0,0.0,0.919677,0.697059,0.222618,0.829994,{'public_soft': 17},16,0,0.174251,0.125471,11.5,4.8125,0.061937,0.0,0.853477,0.70625,0.147227,0.84243,{'public_soft': 16}
378,0.092247,1.0,public_soft,0.7,0.15,0.01,0.01,0.1,0.05,0.04,0.8,0.84,0.58,0.72,20.0,8.0,0.5,24.0,5.0,0.68,0.78,0.5,24.0,5.0,0.68,0.78,17,0,0.117521,0.092247,8.294118,3.941176,0.0,0.0,0.919677,0.697059,0.222618,0.829994,{'public_soft': 17},16,0,0.177348,0.125471,11.5,4.8125,0.061937,0.0,0.853477,0.70625,0.147227,0.84243,{'public_soft': 16}
379,0.092247,1.0,public_soft,0.7,0.15,0.01,0.01,0.2,0.05,0.04,0.8,0.84,0.58,0.72,20.0,8.0,0.5,24.0,5.0,0.68,0.78,0.5,24.0,5.0,0.68,0.78,17,0,0.117521,0.092247,8.294118,3.941176,0.0,0.0,0.919677,0.697059,0.222618,0.829994,{'public_soft': 17},16,0,0.183542,0.125471,11.5,4.8125,0.061937,0.0,0.853477,0.70625,0.147227,0.84243,{'public_soft': 16}
380,0.09294284,1.0,public_soft,0.7,0.15,0.01,0.02,0.02,0.05,0.04,0.8,0.84,0.58,0.72,20.0,8.0,0.5,24.0,5.0,0.68,0.78,0.5,24.0,5.0,0.68,0.78,17,0,0.121135,0.091396,8.470588,3.411765,0.038671,0.0,0.922293,0.697059,0.225234,0.829168,{'public_soft': 17},16,0,0.174959,0.121364,11.25,3.875,0.218231,0.0,0.854272,0.70625,0.148022,0.839188,{'public_soft': 16}
381,0.09294284,1.0,public_soft,0.7,0.15,0.01,0.02,0.05,0.05,0.04,0.8,0.84,0.58,0.72,20.0,8.0,0.5,24.0,5.0,0.68,0.78,0.5,24.0,5.0,0.68,0.78,17,0,0.122295,0.091396,8.470588,3.411765,0.038671,0.0,0.922293,0.697059,0.225234,0.829168,{'public_soft': 17},16,0,0.180267,0.125471,11.5,4.8125,0.061937,0.0,0.853477,0.70625,0.147227,0.84243,{'public_soft': 16}
382,0.092247,1.0,public_soft,0.7,0.15,0.01,0.02,0.1,0.05,0.04,0.8,0.84,0.58,0.72,20.0,8.0,0.5,24.0,5.0,0.68,0.78,0.5,24.0,5.0,0.68,0.78,17,0,0.122448,0.092247,8.294118,3.941176,0.0,0.0,0.919677,0.697059,0.222618,0.829994,{'public_soft': 17},16,0,0.183364,0.125471,11.5,4.8125,0.061937,0.0,0.853477,0.70625,0.147227,0.84243,{'public_soft': 16}
383,0.092247,1.0,public_soft,0.7,0.15,0.01,0.02,0.2,0.05,0.04,0.8,0.84,0.58,0.72,20.0,8.0,0.5,24.0,5.0,0.68,0.78,0.5,24.0,5.0,0.68,0.78,17,0,0.122448,0.092247,8.294118,3.941176,0.0,0.0,0.919677,0.697059,0.222618,0.829994,{'public_soft': 17},16,0,0.189558,0.125471,11.5,4.8125,0.061937,0.0,0.853477,0.70625,0.147227,0.84243,{'public_soft': 16}
384,0.092247,1.0,public_soft,0.7,0.15,0.02,0.0,0.02,0.05,0.04,0.8,0.84,0.58,0.72,20.0,8.0,0.5,24.0,5.0,0.68,0.78,0.5,24.0,5.0,0.68,0.78,17,0,0.116742,0.092247,8.294118,3.941176,0.0,0.0,0.919677,0.697059,0.222618,0.829994,{'public_soft': 17},16,0,0.170896,0.121364,11.25,3.875,0.218231,0.0,0.854272,0.70625,0.148022,0.839188,{'public_soft': 16}
385,0.092247,1.0,public_soft,0.7,0.15,0.02,0.0,0.05,0.05,0.04,0.8,0.84,0.58,0.72,20.0,8.0,0.5,24.0,5.0,0.68,0.78,0.5,24.0,5.0,0.68,0.78,17,0,0.116742,0.092247,8.294118,3.941176,0.0,0.0,0.919677,0.697059,0.222618,0.829994,{'public_soft': 17},16,0,0.173986,0.125471,11.5,4.8125,0.061937,0.0,0.853477,0.70625,0.147227,0.84243,{'public_soft': 16}
386,0.092247,1.0,public_soft,0.7,0.15,0.02,0.0,0.1,0.05,0.04,0.8,0.84,0.58,0.72,20.0,8.0,0.5,24.0,5.0,0.68,0.78,0.5,24.0,5.0,0.68,0.78,17,0,0.116742,0.092247,8.294118,3.941176,0.0,0.0,0.919677,0.697059,0.222618,0.829994,{'public_soft': 17},16,0,0.177083,0.125471,11.5,4.8125,0.061937,0.0,0.853477,0.70625,0.147227,0.84243,{'public_soft': 16}
387,0.092247,1.0,public_soft,0.7,0.15,0.02,0.0,0.2,0.05,0.04,0.8,0.84,0.58,0.72,20.0,8.0,0.5,24.0,5.0,0.68,0.78,0.5,24.0,5.0,0.68,0.78,17,0,0.116742,0.092247,8.294118,3.941176,0.0,0.0,0.919677,0.697059,0.222618,0.829994,{'public_soft': 17},16,0,0.183276,0.125471,11.5,4.8125,0.061937,0.0,0.853477,0.70625,0.147227,0.84243,{'public_soft': 16}
388,0.09294284,1.0,public_soft,0.7,0.15,0.02,0.01,0.02,0.05,0.04,0.8,0.84,0.58,0.72,20.0,8.0,0.5,24.0,5.0,0.68,0.78,0.5,24.0,5.0,0.68,0.78,17,0,0.121105,0.091396,8.470588,3.411765,0.038671,0.0,0.922293,0.697059,0.225234,0.829168,{'public_soft': 17},16,0,0.17574,0.121364,11.25,3.875,0.218231,0.0,0.854272,0.70625,0.148022,0.839188,{'public_soft': 16}
389,0.092247,1.0,public_soft,0.7,0.15,0.02,0.01,0.05,0.05,0.04,0.8,0.84,0.58,0.72,20.0,8.0,0.5,24.0,5.0,0.68,0.78,0.5,24.0,5.0,0.68,0.78,17,0,0.121669,0.092247,8.294118,3.941176,0.0,0.0,0.919677,0.697059,0.222618,0.829994,{'public_soft': 17},16,0,0.180001,0.125471,11.5,4.8125,0.061937,0.0,0.853477,0.70625,0.147227,0.84243,{'public_soft': 16}
390,0.092247,1.0,public_soft,0.7,0.15,0.02,0.01,0.1,0.05,0.04,0.8,0.84,0.58,0.72,20.0,8.0,0.5,24.0,5.0,0.68,0.78,0.5,24.0,5.0,0.68,0.78,17,0,0.121669,0.092247,8.294118,3.941176,0.0,0.0,0.919677,0.697059,0.222618,0.829994,{'public_soft': 17},16,0,0.183098,0.125471,11.5,4.8125,0.061937,0.0,0.853477,0.70625,0.147227,0.84243,{'public_soft': 16}
391,0.092247,1.0,public_soft,0.7,0.15,0.02,0.01,0.2,0.05,0.04,0.8,0.84,0.58,0.72,20.0,8.0,0.5,24.0,5.0,0.68,0.78,0.5,24.0,5.0,0.68,0.78,17,0,0.121669,0.092247,8.294118,3.941176,0.0,0.0,0.919677,0.697059,0.222618,0.829994,{'public_soft': 17},16,0,0.189292,0.125471,11.5,4.8125,0.061937,0.0,0.853477,0.70625,0.147227,0.84243,{'public_soft': 16}
392,0.09294284,1.0,public_soft,0.7,0.15,0.02,0.02,0.02,0.05,0.04,0.8,0.84,0.58,0.72,20.0,8.0,0.5,24.0,5.0,0.68,0.78,0.5,24.0,5.0,0.68,0.78,17,0,0.12537,0.091396,8.470588,3.411765,0.038671,0.0,0.922293,0.697059,0.225234,0.829168,{'public_soft': 17},16,0,0.180584,0.121364,11.25,3.875,0.218231,0.0,0.854272,0.70625,0.148022,0.839188,{'public_soft': 16}
393,0.09294284,1.0,public_soft,0.7,0.15,0.02,0.02,0.05,0.05,0.04,0.8,0.84,0.58,0.72,20.0,8.0,0.5,24.0,5.0,0.68,0.78,0.5,24.0,5.0,0.68,0.78,17,0,0.12653,0.091396,8.470588,3.411765,0.038671,0.0,0.922293,0.697059,0.225234,0.829168,{'public_soft': 17},16,0,0.186017,0.125471,11.5,4.8125,0.061937,0.0,0.853477,0.70625,0.147227,0.84243,{'public_soft': 16}
394,0.092247,1.0,public_soft,0.7,0.15,0.02,0.02,0.1,0.05,0.04,0.8,0.84,0.58,0.72,20.0,8.0,0.5,24.0,5.0,0.68,0.78,0.5,24.0,5.0,0.68,0.78,17,0,0.126595,0.092247,8.294118,3.941176,0.0,0.0,0.919677,0.697059,0.222618,0.829994,{'public_soft': 17},16,0,0.189114,0.125471,11.5,4.8125,0.061937,0.0,0.853477,0.70625,0.147227,0.84243,{'public_soft': 16}
395,0.092247,1.0,public_soft,0.7,0.15,0.02,0.02,0.2,0.05,0.04,0.8,0.84,0.58,0.72,20.0,8.0,0.5,24.0,5.0,0.68,0.78,0.5,24.0,5.0,0.68,0.78,17,0,0.126595,0.092247,8.294118,3.941176,0.0,0.0,0.919677,0.697059,0.222618,0.829994,{'public_soft': 17},16,0,0.195308,0.125471,11.5,4.8125,0.061937,0.0,0.853477,0.70625,0.147227,0.84243,{'public_soft': 16}
396,0.09294284,1.0,public_soft,0.7,0.3,0.0,0.0,0.02,0.05,0.04,0.8,0.84,0.58,0.72,20.0,8.0,0.5,24.0,5.0,0.68,0.78,0.5,24.0,5.0,0.68,0.78,17,0,0.110938,0.091396,8.470588,3.411765,0.038671,0.0,0.922293,0.697059,0.225234,0.829168,{'public_soft': 17},16,0,0.161412,0.121364,11.25,3.875,0.218231,0.0,0.854272,0.70625,0.148022,0.839188,{'public_soft': 16}
397,0.092247,1.0,public_soft,0.7,0.3,0.0,0.0,0.05,0.05,0.04,0.8,0.84,0.58,0.72,20.0,8.0,0.5,24.0,5.0,0.68,0.78,0.5,24.0,5.0,0.68,0.78,17,0,0.111016,0.092247,8.294118,3.941176,0.0,0.0,0.919677,0.697059,0.222618,0.829994,{'public_soft': 17},16,0,0.164252,0.125471,11.5,4.8125,0.061937,0.0,0.853477,0.70625,0.147227,0.84243,{'public_soft': 16}
398,0.092247,1.0,public_soft,0.7,0.3,0.0,0.0,0.1,0.05,0.04,0.8,0.84,0.58,0.72,20.0,8.0,0.5,24.0,5.0,0.68,0.78,0.5,24.0,5.0,0.68,0.78,17,0,0.111016,0.092247,8.294118,3.941176,0.0,0.0,0.919677,0.697059,0.222618,0.829994,{'public_soft': 17},16,0,0.167349,0.125471,11.5,4.8125,0.061937,0.0,0.853477,0.70625,0.147227,0.84243,{'public_soft': 16}
399,0.092247,1.0,public_soft,0.7,0.3,0.0,0.0,0.2,0.05,0.04,0.8,0.84,0.58,0.72,20.0,8.0,0.5,24.0,5.0,0.68,0.78,0.5,24.0,5.0,0.68,0.78,17,0,0.111016,0.092247,8.294118,3.941176,0.0,0.0,0.919677,0.697059,0.222618,0.829994,{'public_soft': 17},16,0,0.173543,0.125471,11.5,4.8125,0.061937,0.0,0.853477,0.70625,0.147227,0.84243,{'public_soft': 16}
400,0.09294284,1.0,public_soft,0.7,0.3,0.0,0.01,0.02,0.05,0.04,0.8,0.84,0.58,0.72,20.0,8.0,0.5,24.0,5.0,0.68,0.78,0.5,24.0,5.0,0.68,0.78,17,0,0.115202,0.091396,8.470588,3.411765,0.038671,0.0,0.922293,0.697059,0.225234,0.829168,{'public_soft': 17},16,0,0.166256,0.121364,11.25,3.875,0.218231,0.0,0.854272,0.70625,0.148022,0.839188,{'public_soft': 16}
401,0.092247,1.0,public_soft,0.7,0.3,0.0,0.01,0.05,0.05,0.04,0.8,0.84,0.58,0.72,20.0,8.0,0.5,24.0,5.0,0.68,0.78,0.5,24.0,5.0,0.68,0.78,17,0,0.115942,0.092247,8.294118,3.941176,0.0,0.0,0.919677,0.697059,0.222618,0.829994,{'public_soft': 17},16,0,0.170268,0.125471,11.5,4.8125,0.061937,0.0,0.853477,0.70625,0.147227,0.84243,{'public_soft': 16}
402,0.092247,1.0,public_soft,0.7,0.3,0.0,0.01,0.1,0.05,0.04,0.8,0.84,0.58,0.72,20.0,8.0,0.5,24.0,5.0,0.68,0.78,0.5,24.0,5.0,0.68,0.78,17,0,0.115942,0.092247,8.294118,3.941176,0.0,0.0,0.919677,0.697059,0.222618,0.829994,{'public_soft': 17},16,0,0.173364,0.125471,11.5,4.8125,0.061937,0.0,0.853477,0.70625,0.147227,0.84243,{'public_soft': 16}
403,0.092247,1.0,public_soft,0.7,0.3,0.0,0.01,0.2,0.05,0.04,0.8,0.84,0.58,0.72,20.0,8.0,0.5,24.0,5.0,0.68,0.78,0.5,24.0,5.0,0.68,0.78,17,0,0.115942,0.092247,8.294118,3.941176,0.0,0.0,0.919677,0.697059,0.222618,0.829994,{'public_soft': 17},16,0,0.179558,0.125471,11.5,4.8125,0.061937,0.0,0.853477,0.70625,0.147227,0.84243,{'public_soft': 16}
404,0.09294284,1.0,public_soft,0.7,0.3,0.0,0.02,0.02,0.05,0.04,0.8,0.84,0.58,0.72,20.0,8.0,0.5,24.0,5.0,0.68,0.78,0.5,24.0,5.0,0.68,0.78,17,0,0.119467,0.091396,8.470588,3.411765,0.038671,0.0,0.922293,0.697059,0.225234,0.829168,{'public_soft': 17},16,0,0.1711,0.121364,11.25,3.875,0.218231,0.0,0.854272,0.70625,0.148022,0.839188,{'public_soft': 16}
405,0.09294284,1.0,public_soft,0.7,0.3,0.0,0.02,0.05,0.05,0.04,0.8,0.84,0.58,0.72,20.0,8.0,0.5,24.0,5.0,0.68,0.78,0.5,24.0,5.0,0.68,0.78,17,0,0.120627,0.091396,8.470588,3.411765,0.038671,0.0,0.922293,0.697059,0.225234,0.829168,{'public_soft': 17},16,0,0.176283,0.125471,11.5,4.8125,0.061937,0.0,0.853477,0.70625,0.147227,0.84243,{'public_soft': 16}
406,0.092247,1.0,public_soft,0.7,0.3,0.0,0.02,0.1,0.05,0.04,0.8,0.84,0.58,0.72,20.0,8.0,0.5,24.0,5.0,0.68,0.78,0.5,24.0,5.0,0.68,0.78,17,0,0.120868,0.092247,8.294118,3.941176,0.0,0.0,0.919677,0.697059,0.222618,0.829994,{'public_soft': 17},16,0,0.17938,0.125471,11.5,4.8125,0.061937,0.0,0.853477,0.70625,0.147227,0.84243,{'public_soft': 16}
407,0.092247,1.0,public_soft,0.7,0.3,0.0,0.02,0.2,0.05,0.04,0.8,0.84,0.58,0.72,20.0,8.0,0.5,24.0,5.0,0.68,0.78,0.5,24.0,5.0,0.68,0.78,17,0,0.120868,0.092247,8.294118,3.941176,0.0,0.0,0.919677,0.697059,0.222618,0.829994,{'public_soft': 17},16,0,0.185574,0.125471,11.5,4.8125,0.061937,0.0,0.853477,0.70625,0.147227,0.84243,{'public_soft': 16}
408,0.092247,1.0,public_soft,0.7,0.3,0.01,0.0,0.02,0.05,0.04,0.8,0.84,0.58,0.72,20.0,8.0,0.5,24.0,5.0,0.68,0.78,0.5,24.0,5.0,0.68,0.78,17,0,0.115163,0.092247,8.294118,3.941176,0.0,0.0,0.919677,0.697059,0.222618,0.829994,{'public_soft': 17},16,0,0.167037,0.121364,11.25,3.875,0.218231,0.0,0.854272,0.70625,0.148022,0.839188,{'public_soft': 16}
409,0.092247,1.0,public_soft,0.7,0.3,0.01,0.0,0.05,0.05,0.04,0.8,0.84,0.58,0.72,20.0,8.0,0.5,24.0,5.0,0.68,0.78,0.5,24.0,5.0,0.68,0.78,17,0,0.115163,0.092247,8.294118,3.941176,0.0,0.0,0.919677,0.697059,0.222618,0.829994,{'public_soft': 17},16,0,0.170002,0.125471,11.5,4.8125,0.061937,0.0,0.853477,0.70625,0.147227,0.84243,{'public_soft': 16}
410,0.092247,1.0,public_soft,0.7,0.3,0.01,0.0,0.1,0.05,0.04,0.8,0.84,0.58,0.72,20.0,8.0,0.5,24.0,5.0,0.68,0.78,0.5,24.0,5.0,0.68,0.78,17,0,0.115163,0.092247,8.294118,3.941176,0.0,0.0,0.919677,0.697059,0.222618,0.829994,{'public_soft': 17},16,0,0.173099,0.125471,11.5,4.8125,0.061937,0.0,0.853477,0.70625,0.147227,0.84243,{'public_soft': 16}
411,0.092247,1.0,public_soft,0.7,0.3,0.01,0.0,0.2,0.05,0.04,0.8,0.84,0.58,0.72,20.0,8.0,0.5,24.0,5.0,0.68,0.78,0.5,24.0,5.0,0.68,0.78,17,0,0.115163,0.092247,8.294118,3.941176,0.0,0.0,0.919677,0.697059,0.222618,0.829994,{'public_soft': 17},16,0,0.179293,0.125471,11.5,4.8125,0.061937,0.0,0.853477,0.70625,0.147227,0.84243,{'public_soft': 16}
412,0.09294284,1.0,public_soft,0.7,0.3,0.01,0.01,0.02,0.05,0.04,0.8,0.84,0.58,0.72,20.0,8.0,0.5,24.0,5.0,0.68,0.78,0.5,24.0,5.0,0.68,0.78,17,0,0.119438,0.091396,8.470588,3.411765,0.038671,0.0,0.922293,0.697059,0.225234,0.829168,{'public_soft': 17},16,0,0.171881,0.121364,11.25,3.875,0.218231,0.0,0.854272,0.70625,0.148022,0.839188,{'public_soft': 16}
413,0.092247,1.0,public_soft,0.7,0.3,0.01,0.01,0.05,0.05,0.04,0.8,0.84,0.58,0.72,20.0,8.0,0.5,24.0,5.0,0.68,0.78,0.5,24.0,5.0,0.68,0.78,17,0,0.120089,0.092247,8.294118,3.941176,0.0,0.0,0.919677,0.697059,0.222618,0.829994,{'public_soft': 17},16,0,0.176018,0.125471,11.5,4.8125,0.061937,0.0,0.853477,0.70625,0.147227,0.84243,{'public_soft': 16}
414,0.092247,1.0,public_soft,0.7,0.3,0.01,0.01,0.1,0.05,0.04,0.8,0.84,0.58,0.72,20.0,8.0,0.5,24.0,5.0,0.68,0.78,0.5,24.0,5.0,0.68,0.78,17,0,0.120089,0.092247,8.294118,3.941176,0.0,0.0,0.919677,0.697059,0.222618,0.829994,{'public_soft': 17},16,0,0.179114,0.125471,11.5,4.8125,0.061937,0.0,0.853477,0.70625,0.147227,0.84243,{'public_soft': 16}
415,0.092247,1.0,public_soft,0.7,0.3,0.01,0.01,0.2,0.05,0.04,0.8,0.84,0.58,0.72,20.0,8.0,0.5,24.0,5.0,0.68,0.78,0.5,24.0,5.0,0.68,0.78,17,0,0.120089,0.092247,8.294118,3.941176,0.0,0.0,0.919677,0.697059,0.222618,0.829994,{'public_soft': 17},16,0,0.185308,0.125471,11.5,4.8125,0.061937,0.0,0.853477,0.70625,0.147227,0.84243,{'public_soft': 16}
416,0.09294284,1.0,public_soft,0.7,0.3,0.01,0.02,0.02,0.05,0.04,0.8,0.84,0.58,0.72,20.0,8.0,0.5,24.0,5.0,0.68,0.78,0.5,24.0,5.0,0.68,0.78,17,0,0.123702,0.091396,8.470588,3.411765,0.038671,0.0,0.922293,0.697059,0.225234,0.829168,{'public_soft': 17},16,0,0.176725,0.121364,11.25,3.875,0.218231,0.0,0.854272,0.70625,0.148022,0.839188,{'public_soft': 16}
417,0.09294284,1.0,public_soft,0.7,0.3,0.01,0.02,0.05,0.05,0.04,0.8,0.84,0.58,0.72,20.0,8.0,0.5,24.0,5.0,0.68,0.78,0.5,24.0,5.0,0.68,0.78,17,0,0.124862,0.091396,8.470588,3.411765,0.038671,0.0,0.922293,0.697059,0.225234,0.829168,{'public_soft': 17},16,0,0.182033,0.125471,11.5,4.8125,0.061937,0.0,0.853477,0.70625,0.147227,0.84243,{'public_soft': 16}
418,0.092247,1.0,public_soft,0.7,0.3,0.01,0.02,0.1,0.05,0.04,0.8,0.84,0.58,0.72,20.0,8.0,0.5,24.0,5.0,0.68,0.78,0.5,24.0,5.0,0.68,0.78,17,0,0.125016,0.092247,8.294118,3.941176,0.0,0.0,0.919677,0.697059,0.222618,0.829994,{'public_soft': 17},16,0,0.18513,0.125471,11.5,4.8125,0.061937,0.0,0.853477,0.70625,0.147227,0.84243,{'public_soft': 16}
419,0.092247,1.0,public_soft,0.7,0.3,0.01,0.02,0.2,0.05,0.04,0.8,0.84,0.58,0.72,20.0,8.0,0.5,24.0,5.0,0.68,0.78,0.5,24.0,5.0,0.68,0.78,17,0,0.125016,0.092247,8.294118,3.941176,0.0,0.0,0.919677,0.697059,0.222618,0.829994,{'public_soft': 17},16,0,0.191324,0.125471,11.5,4.8125,0.061937,0.0,0.853477,0.70625,0.147227,0.84243,{'public_soft': 16}
420,0.092247,1.0,public_soft,0.7,0.3,0.02,0.0,0.02,0.05,0.04,0.8,0.84,0.58,0.72,20.0,8.0,0.5,24.0,5.0,0.68,0.78,0.5,24.0,5.0,0.68,0.78,17,0,0.11931,0.092247,8.294118,3.941176,0.0,0.0,0.919677,0.697059,0.222618,0.829994,{'public_soft': 17},16,0,0.172662,0.121364,11.25,3.875,0.218231,0.0,0.854272,0.70625,0.148022,0.839188,{'public_soft': 16}
421,0.092247,1.0,public_soft,0.7,0.3,0.02,0.0,0.05,0.05,0.04,0.8,0.84,0.58,0.72,20.0,8.0,0.5,24.0,5.0,0.68,0.78,0.5,24.0,5.0,0.68,0.78,17,0,0.11931,0.092247,8.294118,3.941176,0.0,0.0,0.919677,0.697059,0.222618,0.829994,{'public_soft': 17},16,0,0.175752,0.125471,11.5,4.8125,0.061937,0.0,0.853477,0.70625,0.147227,0.84243,{'public_soft': 16}
422,0.092247,1.0,public_soft,0.7,0.3,0.02,0.0,0.1,0.05,0.04,0.8,0.84,0.58,0.72,20.0,8.0,0.5,24.0,5.0,0.68,0.78,0.5,24.0,5.0,0.68,0.78,17,0,0.11931,0.092247,8.294118,3.941176,0.0,0.0,0.919677,0.697059,0.222618,0.829994,{'public_soft': 17},16,0,0.178849,0.125471,11.5,4.8125,0.061937,0.0,0.853477,0.70625,0.147227,0.84243,{'public_soft': 16}
423,0.092247,1.0,public_soft,0.7,0.3,0.02,0.0,0.2,0.05,0.04,0.8,0.84,0.58,0.72,20.0,8.0,0.5,24.0,5.0,0.68,0.78,0.5,24.0,5.0,0.68,0.78,17,0,0.11931,0.092247,8.294118,3.941176,0.0,0.0,0.919677,0.697059,0.222618,0.829994,{'public_soft': 17},16,0,0.185043,0.125471,11.5,4.8125,0.061937,0.0,0.853477,0.70625,0.147227,0.84243,{'public_soft': 16}
424,0.09294284,1.0,public_soft,0.7,0.3,0.02,0.01,0.02,0.05,0.04,0.8,0.84,0.58,0.72,20.0,8.0,0.5,24.0,5.0,0.68,0.78,0.5,24.0,5.0,0.68,0.78,17,0,0.123673,0.091396,8.470588,3.411765,0.038671,0.0,0.922293,0.697059,0.225234,0.829168,{'public_soft': 17},16,0,0.177506,0.121364,11.25,3.875,0.218231,0.0,0.854272,0.70625,0.148022,0.839188,{'public_soft': 16}
425,0.092247,1.0,public_soft,0.7,0.3,0.02,0.01,0.05,0.05,0.04,0.8,0.84,0.58,0.72,20.0,8.0,0.5,24.0,5.0,0.68,0.78,0.5,24.0,5.0,0.68,0.78,17,0,0.124236,0.092247,8.294118,3.941176,0.0,0.0,0.919677,0.697059,0.222618,0.829994,{'public_soft': 17},16,0,0.181768,0.125471,11.5,4.8125,0.061937,0.0,0.853477,0.70625,0.147227,0.84243,{'public_soft': 16}
426,0.092247,1.0,public_soft,0.7,0.3,0.02,0.01,0.1,0.05,0.04,0.8,0.84,0.58,0.72,20.0,8.0,0.5,24.0,5.0,0.68,0.78,0.5,24.0,5.0,0.68,0.78,17,0,0.124236,0.092247,8.294118,3.941176,0.0,0.0,0.919677,0.697059,0.222618,0.829994,{'public_soft': 17},16,0,0.184864,0.125471,11.5,4.8125,0.061937,0.0,0.853477,0.70625,0.147227,0.84243,{'public_soft': 16}
427,0.092247,1.0,public_soft,0.7,0.3,0.02,0.01,0.2,0.05,0.04,0.8,0.84,0.58,0.72,20.0,8.0,0.5,24.0,5.0,0.68,0.78,0.5,24.0,5.0,0.68,0.78,17,0,0.124236,0.092247,8.294118,3.941176,0.0,0.0,0.919677,0.697059,0.222618,0.829994,{'public_soft': 17},16,0,0.191058,0.125471,11.5,4.8125,0.061937,0.0,0.853477,0.70625,0.147227,0.84243,{'public_soft': 16}
428,0.09294284,1.0,public_soft,0.7,0.3,0.02,0.02,0.02,0.05,0.04,0.8,0.84,0.58,0.72,20.0,8.0,0.5,24.0,5.0,0.68,0.78,0.5,24.0,5.0,0.68,0.78,17,0,0.127938,0.091396,8.470588,3.411765,0.038671,0.0,0.922293,0.697059,0.225234,0.829168,{'public_soft': 17},16,0,0.18235,0.121364,11.25,3.875,0.218231,0.0,0.854272,0.70625,0.148022,0.839188,{'public_soft': 16}
429,0.09294284,1.0,public_soft,0.7,0.3,0.02,0.02,0.05,0.05,0.04,0.8,0.84,0.58,0.72,20.0,8.0,0.5,24.0,5.0,0.68,0.78,0.5,24.0,5.0,0.68,0.78,17,0,0.129098,0.091396,8.470588,3.411765,0.038671,0.0,0.922293,0.697059,0.225234,0.829168,{'public_soft': 17},16,0,0.187783,0.125471,11.5,4.8125,0.061937,0.0,0.853477,0.70625,0.147227,0.84243,{'public_soft': 16}
430,0.092247,1.0,public_soft,0.7,0.3,0.02,0.02,0.1,0.05,0.04,0.8,0.84,0.58,0.72,20.0,8.0,0.5,24.0,5.0,0.68,0.78,0.5,24.0,5.0,0.68,0.78,17,0,0.129163,0.092247,8.294118,3.941176,0.0,0.0,0.919677,0.697059,0.222618,0.829994,{'public_soft': 17},16,0,0.19088,0.125471,11.5,4.8125,0.061937,0.0,0.853477,0.70625,0.147227,0.84243,{'public_soft': 16}
431,0.092247,1.0,public_soft,0.7,0.3,0.02,0.02,0.2,0.05,0.04,0.8,0.84,0.58,0.72,20.0,8.0,0.5,24.0,5.0,0.68,0.78,0.5,24.0,5.0,0.68,0.78,17,0,0.129163,0.092247,8.294118,3.941176,0.0,0.0,0.919677,0.697059,0.222618,0.829994,{'public_soft': 17},16,0,0.197074,0.125471,11.5,4.8125,0.061937,0.0,0.853477,0.70625,0.147227,0.84243,{'public_soft': 16}
432,0.09244584,1.0,public_balanced,0.2,0.05,0.0,0.0,0.02,0.05,0.04,0.8,0.84,0.58,0.72,20.0,8.0,0.5,24.0,5.0,0.68,0.78,0.5,24.0,5.0,0.68,0.78,17,0,0.097346,0.090899,8.411765,3.411765,0.038671,0.0,0.944574,0.747059,0.197515,0.812034,{'public_balanced': 17},16,0,0.136153,0.118779,10.9375,3.875,0.218231,0.0,0.845599,0.75875,0.086849,0.838728,{'public_balanced': 16}
433,0.09175,1.0,public_balanced,0.2,0.05,0.0,0.0,0.05,0.05,0.04,0.8,0.84,0.58,0.72,20.0,8.0,0.5,24.0,5.0,0.68,0.78,0.5,24.0,5.0,0.68,0.78,17,0,0.097424,0.09175,8.235294,3.941176,0.0,0.0,0.941958,0.747059,0.194899,0.812861,{'public_balanced': 17},16,0,0.138993,0.122887,11.1875,4.8125,0.061937,0.0,0.844804,0.75875,0.086054,0.84197,{'public_balanced': 16}
434,0.09175,1.0,public_balanced,0.2,0.05,0.0,0.0,0.1,0.05,0.04,0.8,0.84,0.58,0.72,20.0,8.0,0.5,24.0,5.0,0.68,0.78,0.5,24.0,5.0,0.68,0.78,17,0,0.097424,0.09175,8.235294,3.941176,0.0,0.0,0.941958,0.747059,0.194899,0.812861,{'public_balanced': 17},16,0,0.14209,0.122887,11.1875,4.8125,0.061937,0.0,0.844804,0.75875,0.086054,0.84197,{'public_balanced': 16}
435,0.09175,1.0,public_balanced,0.2,0.05,0.0,0.0,0.2,0.05,0.04,0.8,0.84,0.58,0.72,20.0,8.0,0.5,24.0,5.0,0.68,0.78,0.5,24.0,5.0,0.68,0.78,17,0,0.097424,0.09175,8.235294,3.941176,0.0,0.0,0.941958,0.747059,0.194899,0.812861,{'public_balanced': 17},16,0,0.148284,0.122887,11.1875,4.8125,0.061937,0.0,0.844804,0.75875,0.086054,0.84197,{'public_balanced': 16}
436,0.09244584,1.0,public_balanced,0.2,0.05,0.0,0.01,0.02,0.05,0.04,0.8,0.84,0.58,0.72,20.0,8.0,0.5,24.0,5.0,0.68,0.78,0.5,24.0,5.0,0.68,0.78,17,0,0.101611,0.090899,8.411765,3.411765,0.038671,0.0,0.944574,0.747059,0.197515,0.812034,{'public_balanced': 17},16,0,0.140997,0.118779,10.9375,3.875,0.218231,0.0,0.845599,0.75875,0.086849,0.838728,{'public_balanced': 16}
437,0.09175,1.0,public_balanced,0.2,0.05,0.0,0.01,0.05,0.05,0.04,0.8,0.84,0.58,0.72,20.0,8.0,0.5,24.0,5.0,0.68,0.78,0.5,24.0,5.0,0.68,0.78,17,0,0.10235,0.09175,8.235294,3.941176,0.0,0.0,0.941958,0.747059,0.194899,0.812861,{'public_balanced': 17},16,0,0.145009,0.122887,11.1875,4.8125,0.061937,0.0,0.844804,0.75875,0.086054,0.84197,{'public_balanced': 16}
438,0.09175,1.0,public_balanced,0.2,0.05,0.0,0.01,0.1,0.05,0.04,0.8,0.84,0.58,0.72,20.0,8.0,0.5,24.0,5.0,0.68,0.78,0.5,24.0,5.0,0.68,0.78,17,0,0.10235,0.09175,8.235294,3.941176,0.0,0.0,0.941958,0.747059,0.194899,0.812861,{'public_balanced': 17},16,0,0.148106,0.122887,11.1875,4.8125,0.061937,0.0,0.844804,0.75875,0.086054,0.84197,{'public_balanced': 16}
439,0.09175,1.0,public_balanced,0.2,0.05,0.0,0.01,0.2,0.05,0.04,0.8,0.84,0.58,0.72,20.0,8.0,0.5,24.0,5.0,0.68,0.78,0.5,24.0,5.0,0.68,0.78,17,0,0.10235,0.09175,8.235294,3.941176,0.0,0.0,0.941958,0.747059,0.194899,0.812861,{'public_balanced': 17},16,0,0.154299,0.122887,11.1875,4.8125,0.061937,0.0,0.844804,0.75875,0.086054,0.84197,{'public_balanced': 16}
440,0.09244584,1.0,public_balanced,0.2,0.05,0.0,0.02,0.02,0.05,0.04,0.8,0.84,0.58,0.72,20.0,8.0,0.5,24.0,5.0,0.68,0.78,0.5,24.0,5.0,0.68,0.78,17,0,0.105875,0.090899,8.411765,3.411765,0.038671,0.0,0.944574,0.747059,0.197515,0.812034,{'public_balanced': 17},16,0,0.145841,0.118779,10.9375,3.875,0.218231,0.0,0.845599,0.75875,0.086849,0.838728,{'public_balanced': 16}
441,0.09244584,1.0,public_balanced,0.2,0.05,0.0,0.02,0.05,0.05,0.04,0.8,0.84,0.58,0.72,20.0,8.0,0.5,24.0,5.0,0.68,0.78,0.5,24.0,5.0,0.68,0.78,17,0,0.107035,0.090899,8.411765,3.411765,0.038671,0.0,0.944574,0.747059,0.197515,0.812034,{'public_balanced': 17},16,0,0.151024,0.122887,11.1875,4.8125,0.061937,0.0,0.844804,0.75875,0.086054,0.84197,{'public_balanced': 16}
442,0.09175,1.0,public_balanced,0.2,0.05,0.0,0.02,0.1,0.05,0.04,0.8,0.84,0.58,0.72,20.0,8.0,0.5,24.0,5.0,0.68,0.78,0.5,24.0,5.0,0.68,0.78,17,0,0.107277,0.09175,8.235294,3.941176,0.0,0.0,0.941958,0.747059,0.194899,0.812861,{'public_balanced': 17},16,0,0.154121,0.122887,11.1875,4.8125,0.061937,0.0,0.844804,0.75875,0.086054,0.84197,{'public_balanced': 16}
443,0.09175,1.0,public_balanced,0.2,0.05,0.0,0.02,0.2,0.05,0.04,0.8,0.84,0.58,0.72,20.0,8.0,0.5,24.0,5.0,0.68,0.78,0.5,24.0,5.0,0.68,0.78,17,0,0.107277,0.09175,8.235294,3.941176,0.0,0.0,0.941958,0.747059,0.194899,0.812861,{'public_balanced': 17},16,0,0.160315,0.122887,11.1875,4.8125,0.061937,0.0,0.844804,0.75875,0.086054,0.84197,{'public_balanced': 16}
444,0.09175,1.0,public_balanced,0.2,0.05,0.01,0.0,0.02,0.05,0.04,0.8,0.84,0.58,0.72,20.0,8.0,0.5,24.0,5.0,0.68,0.78,0.5,24.0,5.0,0.68,0.78,17,0,0.101541,0.09175,8.235294,3.941176,0.0,0.0,0.941958,0.747059,0.194899,0.812861,{'public_balanced': 17},16,0,0.141622,0.118779,10.9375,3.875,0.218231,0.0,0.845599,0.75875,0.086849,0.838728,{'public_balanced': 16}
445,0.09175,1.0,public_balanced,0.2,0.05,0.01,0.0,0.05,0.05,0.04,0.8,0.84,0.58,0.72,20.0,8.0,0.5,24.0,5.0,0.68,0.78,0.5,24.0,5.0,0.68,0.78,17,0,0.101541,0.09175,8.235294,3.941176,0.0,0.0,0.941958,0.747059,0.194899,0.812861,{'public_balanced': 17},16,0,0.144587,0.122887,11.1875,4.8125,0.061937,0.0,0.844804,0.75875,0.086054,0.84197,{'public_balanced': 16}
446,0.09175,1.0,public_balanced,0.2,0.05,0.01,0.0,0.1,0.05,0.04,0.8,0.84,0.58,0.72,20.0,8.0,0.5,24.0,5.0,0.68,0.78,0.5,24.0,5.0,0.68,0.78,17,0,0.101541,0.09175,8.235294,3.941176,0.0,0.0,0.941958,0.747059,0.194899,0.812861,{'public_balanced': 17},16,0,0.147684,0.122887,11.1875,4.8125,0.061937,0.0,0.844804,0.75875,0.086054,0.84197,{'public_balanced': 16}
447,0.09175,1.0,public_balanced,0.2,0.05,0.01,0.0,0.2,0.05,0.04,0.8,0.84,0.58,0.72,20.0,8.0,0.5,24.0,5.0,0.68,0.78,0.5,24.0,5.0,0.68,0.78,17,0,0.101541,0.09175,8.235294,3.941176,0.0,0.0,0.941958,0.747059,0.194899,0.812861,{'public_balanced': 17},16,0,0.153878,0.122887,11.1875,4.8125,0.061937,0.0,0.844804,0.75875,0.086054,0.84197,{'public_balanced': 16}
448,0.09244584,1.0,public_balanced,0.2,0.05,0.01,0.01,0.02,0.05,0.04,0.8,0.84,0.58,0.72,20.0,8.0,0.5,24.0,5.0,0.68,0.78,0.5,24.0,5.0,0.68,0.78,17,0,0.105816,0.090899,8.411765,3.411765,0.038671,0.0,0.944574,0.747059,0.197515,0.812034,{'public_balanced': 17},16,0,0.146466,0.118779,10.9375,3.875,0.218231,0.0,0.845599,0.75875,0.086849,0.838728,{'public_balanced': 16}
449,0.09175,1.0,public_balanced,0.2,0.05,0.01,0.01,0.05,0.05,0.04,0.8,0.84,0.58,0.72,20.0,8.0,0.5,24.0,5.0,0.68,0.78,0.5,24.0,5.0,0.68,0.78,17,0,0.106468,0.09175,8.235294,3.941176,0.0,0.0,0.941958,0.747059,0.194899,0.812861,{'public_balanced': 17},16,0,0.150603,0.122887,11.1875,4.8125,0.061937,0.0,0.844804,0.75875,0.086054,0.84197,{'public_balanced': 16}
450,0.09175,1.0,public_balanced,0.2,0.05,0.01,0.01,0.1,0.05,0.04,0.8,0.84,0.58,0.72,20.0,8.0,0.5,24.0,5.0,0.68,0.78,0.5,24.0,5.0,0.68,0.78,17,0,0.106468,0.09175,8.235294,3.941176,0.0,0.0,0.941958,0.747059,0.194899,0.812861,{'public_balanced': 17},16,0,0.153699,0.122887,11.1875,4.8125,0.061937,0.0,0.844804,0.75875,0.086054,0.84197,{'public_balanced': 16}
451,0.09175,1.0,public_balanced,0.2,0.05,0.01,0.01,0.2,0.05,0.04,0.8,0.84,0.58,0.72,20.0,8.0,0.5,24.0,5.0,0.68,0.78,0.5,24.0,5.0,0.68,0.78,17,0,0.106468,0.09175,8.235294,3.941176,0.0,0.0,0.941958,0.747059,0.194899,0.812861,{'public_balanced': 17},16,0,0.159893,0.122887,11.1875,4.8125,0.061937,0.0,0.844804,0.75875,0.086054,0.84197,{'public_balanced': 16}
452,0.09244584,1.0,public_balanced,0.2,0.05,0.01,0.02,0.02,0.05,0.04,0.8,0.84,0.58,0.72,20.0,8.0,0.5,24.0,5.0,0.68,0.78,0.5,24.0,5.0,0.68,0.78,17,0,0.110081,0.090899,8.411765,3.411765,0.038671,0.0,0.944574,0.747059,0.197515,0.812034,{'public_balanced': 17},16,0,0.15131,0.118779,10.9375,3.875,0.218231,0.0,0.845599,0.75875,0.086849,0.838728,{'public_balanced': 16}
453,0.09244584,1.0,public_balanced,0.2,0.05,0.01,0.02,0.05,0.05,0.04,0.8,0.84,0.58,0.72,20.0,8.0,0.5,24.0,5.0,0.68,0.78,0.5,24.0,5.0,0.68,0.78,17,0,0.111241,0.090899,8.411765,3.411765,0.038671,0.0,0.944574,0.747059,0.197515,0.812034,{'public_balanced': 17},16,0,0.156618,0.122887,11.1875,4.8125,0.061937,0.0,0.844804,0.75875,0.086054,0.84197,{'public_balanced': 16}
454,0.09175,1.0,public_balanced,0.2,0.05,0.01,0.02,0.1,0.05,0.04,0.8,0.84,0.58,0.72,20.0,8.0,0.5,24.0,5.0,0.68,0.78,0.5,24.0,5.0,0.68,0.78,17,0,0.111394,0.09175,8.235294,3.941176,0.0,0.0,0.941958,0.747059,0.194899,0.812861,{'public_balanced': 17},16,0,0.159715,0.122887,11.1875,4.8125,0.061937,0.0,0.844804,0.75875,0.086054,0.84197,{'public_balanced': 16}
455,0.09175,1.0,public_balanced,0.2,0.05,0.01,0.02,0.2,0.05,0.04,0.8,0.84,0.58,0.72,20.0,8.0,0.5,24.0,5.0,0.68,0.78,0.5,24.0,5.0,0.68,0.78,17,0,0.111394,0.09175,8.235294,3.941176,0.0,0.0,0.941958,0.747059,0.194899,0.812861,{'public_balanced': 17},16,0,0.165909,0.122887,11.1875,4.8125,0.061937,0.0,0.844804,0.75875,0.086054,0.84197,{'public_balanced': 16}
456,0.09175,1.0,public_balanced,0.2,0.05,0.02,0.0,0.02,0.05,0.04,0.8,0.84,0.58,0.72,20.0,8.0,0.5,24.0,5.0,0.68,0.78,0.5,24.0,5.0,0.68,0.78,17,0,0.105659,0.09175,8.235294,3.941176,0.0,0.0,0.941958,0.747059,0.194899,0.812861,{'public_balanced': 17},16,0,0.147091,0.118779,10.9375,3.875,0.218231,0.0,0.845599,0.75875,0.086849,0.838728,{'public_balanced': 16}
457,0.09175,1.0,public_balanced,0.2,0.05,0.02,0.0,0.05,0.05,0.04,0.8,0.84,0.58,0.72,20.0,8.0,0.5,24.0,5.0,0.68,0.78,0.5,24.0,5.0,0.68,0.78,17,0,0.105659,0.09175,8.235294,3.941176,0.0,0.0,0.941958,0.747059,0.194899,0.812861,{'public_balanced': 17},16,0,0.150181,0.122887,11.1875,4.8125,0.061937,0.0,0.844804,0.75875,0.086054,0.84197,{'public_balanced': 16}
458,0.09175,1.0,public_balanced,0.2,0.05,0.02,0.0,0.1,0.05,0.04,0.8,0.84,0.58,0.72,20.0,8.0,0.5,24.0,5.0,0.68,0.78,0.5,24.0,5.0,0.68,0.78,17,0,0.105659,0.09175,8.235294,3.941176,0.0,0.0,0.941958,0.747059,0.194899,0.812861,{'public_balanced': 17},16,0,0.153278,0.122887,11.1875,4.8125,0.061937,0.0,0.844804,0.75875,0.086054,0.84197,{'public_balanced': 16}
459,0.09175,1.0,public_balanced,0.2,0.05,0.02,0.0,0.2,0.05,0.04,0.8,0.84,0.58,0.72,20.0,8.0,0.5,24.0,5.0,0.68,0.78,0.5,24.0,5.0,0.68,0.78,17,0,0.105659,0.09175,8.235294,3.941176,0.0,0.0,0.941958,0.747059,0.194899,0.812861,{'public_balanced': 17},16,0,0.159471,0.122887,11.1875,4.8125,0.061937,0.0,0.844804,0.75875,0.086054,0.84197,{'public_balanced': 16}
460,0.09244584,1.0,public_balanced,0.2,0.05,0.02,0.01,0.02,0.05,0.04,0.8,0.84,0.58,0.72,20.0,8.0,0.5,24.0,5.0,0.68,0.78,0.5,24.0,5.0,0.68,0.78,17,0,0.110022,0.090899,8.411765,3.411765,0.038671,0.0,0.944574,0.747059,0.197515,0.812034,{'public_balanced': 17},16,0,0.151935,0.118779,10.9375,3.875,0.218231,0.0,0.845599,0.75875,0.086849,0.838728,{'public_balanced': 16}
461,0.09175,1.0,public_balanced,0.2,0.05,0.02,0.01,0.05,0.05,0.04,0.8,0.84,0.58,0.72,20.0,8.0,0.5,24.0,5.0,0.68,0.78,0.5,24.0,5.0,0.68,0.78,17,0,0.110585,0.09175,8.235294,3.941176,0.0,0.0,0.941958,0.747059,0.194899,0.812861,{'public_balanced': 17},16,0,0.156196,0.122887,11.1875,4.8125,0.061937,0.0,0.844804,0.75875,0.086054,0.84197,{'public_balanced': 16}
462,0.09175,1.0,public_balanced,0.2,0.05,0.02,0.01,0.1,0.05,0.04,0.8,0.84,0.58,0.72,20.0,8.0,0.5,24.0,5.0,0.68,0.78,0.5,24.0,5.0,0.68,0.78,17,0,0.110585,0.09175,8.235294,3.941176,0.0,0.0,0.941958,0.747059,0.194899,0.812861,{'public_balanced': 17},16,0,0.159293,0.122887,11.1875,4.8125,0.061937,0.0,0.844804,0.75875,0.086054,0.84197,{'public_balanced': 16}
463,0.09175,1.0,public_balanced,0.2,0.05,0.02,0.01,0.2,0.05,0.04,0.8,0.84,0.58,0.72,20.0,8.0,0.5,24.0,5.0,0.68,0.78,0.5,24.0,5.0,0.68,0.78,17,0,0.110585,0.09175,8.235294,3.941176,0.0,0.0,0.941958,0.747059,0.194899,0.812861,{'public_balanced': 17},16,0,0.165487,0.122887,11.1875,4.8125,0.061937,0.0,0.844804,0.75875,0.086054,0.84197,{'public_balanced': 16}
464,0.09244584,1.0,public_balanced,0.2,0.05,0.02,0.02,0.02,0.05,0.04,0.8,0.84,0.58,0.72,20.0,8.0,0.5,24.0,5.0,0.68,0.78,0.5,24.0,5.0,0.68,0.78,17,0,0.114287,0.090899,8.411765,3.411765,0.038671,0.0,0.944574,0.747059,0.197515,0.812034,{'public_balanced': 17},16,0,0.156778,0.118779,10.9375,3.875,0.218231,0.0,0.845599,0.75875,0.086849,0.838728,{'public_balanced': 16}
465,0.09244584,1.0,public_balanced,0.2,0.05,0.02,0.02,0.05,0.05,0.04,0.8,0.84,0.58,0.72,20.0,8.0,0.5,24.0,5.0,0.68,0.78,0.5,24.0,5.0,0.68,0.78,17,0,0.115447,0.090899,8.411765,3.411765,0.038671,0.0,0.944574,0.747059,0.197515,0.812034,{'public_balanced': 17},16,0,0.162212,0.122887,11.1875,4.8125,0.061937,0.0,0.844804,0.75875,0.086054,0.84197,{'public_balanced': 16}
466,0.09175,1.0,public_balanced,0.2,0.05,0.02,0.02,0.1,0.05,0.04,0.8,0.84,0.58,0.72,20.0,8.0,0.5,24.0,5.0,0.68,0.78,0.5,24.0,5.0,0.68,0.78,17,0,0.115512,0.09175,8.235294,3.941176,0.0,0.0,0.941958,0.747059,0.194899,0.812861,{'public_balanced': 17},16,0,0.165309,0.122887,11.1875,4.8125,0.061937,0.0,0.844804,0.75875,0.086054,0.84197,{'public_balanced': 16}
467,0.09175,1.0,public_balanced,0.2,0.05,0.02,0.02,0.2,0.05,0.04,0.8,0.84,0.58,0.72,20.0,8.0,0.5,24.0,5.0,0.68,0.78,0.5,24.0,5.0,0.68,0.78,17,0,0.115512,0.09175,8.235294,3.941176,0.0,0.0,0.941958,0.747059,0.194899,0.812861,{'public_balanced': 17},16,0,0.171503,0.122887,11.1875,4.8125,0.061937,0.0,0.844804,0.75875,0.086054,0.84197,{'public_balanced': 16}
468,0.09294284,1.0,public_balanced,0.2,0.15,0.0,0.0,0.02,0.05,0.04,0.8,0.84,0.58,0.72,20.0,8.0,0.5,24.0,5.0,0.68,0.78,0.5,24.0,5.0,0.68,0.78,17,0,0.099338,0.091396,8.470588,3.411765,0.038671,0.0,0.922293,0.747059,0.175234,0.829168,{'public_balanced': 17},16,0,0.137331,0.118779,10.9375,3.875,0.218231,0.0,0.845599,0.75875,0.086849,0.838728,{'public_balanced': 16}
469,0.092247,1.0,public_balanced,0.2,0.15,0.0,0.0,0.05,0.05,0.04,0.8,0.84,0.58,0.72,20.0,8.0,0.5,24.0,5.0,0.68,0.78,0.5,24.0,5.0,0.68,0.78,17,0,0.099416,0.092247,8.294118,3.941176,0.0,0.0,0.919677,0.747059,0.172618,0.829994,{'public_balanced': 17},16,0,0.140171,0.122887,11.1875,4.8125,0.061937,0.0,0.844804,0.75875,0.086054,0.84197,{'public_balanced': 16}
470,0.092247,1.0,public_balanced,0.2,0.15,0.0,0.0,0.1,0.05,0.04,0.8,0.84,0.58,0.72,20.0,8.0,0.5,24.0,5.0,0.68,0.78,0.5,24.0,5.0,0.68,0.78,17,0,0.099416,0.092247,8.294118,3.941176,0.0,0.0,0.919677,0.747059,0.172618,0.829994,{'public_balanced': 17},16,0,0.143267,0.122887,11.1875,4.8125,0.061937,0.0,0.844804,0.75875,0.086054,0.84197,{'public_balanced': 16}
471,0.092247,1.0,public_balanced,0.2,0.15,0.0,0.0,0.2,0.05,0.04,0.8,0.84,0.58,0.72,20.0,8.0,0.5,24.0,5.0,0.68,0.78,0.5,24.0,5.0,0.68,0.78,17,0,0.099416,0.092247,8.294118,3.941176,0.0,0.0,0.919677,0.747059,0.172618,0.829994,{'public_balanced': 17},16,0,0.149461,0.122887,11.1875,4.8125,0.061937,0.0,0.844804,0.75875,0.086054,0.84197,{'public_balanced': 16}
472,0.09294284,1.0,public_balanced,0.2,0.15,0.0,0.01,0.02,0.05,0.04,0.8,0.84,0.58,0.72,20.0,8.0,0.5,24.0,5.0,0.68,0.78,0.5,24.0,5.0,0.68,0.78,17,0,0.103603,0.091396,8.470588,3.411765,0.038671,0.0,0.922293,0.747059,0.175234,0.829168,{'public_balanced': 17},16,0,0.142175,0.118779,10.9375,3.875,0.218231,0.0,0.845599,0.75875,0.086849,0.838728,{'public_balanced': 16}
473,0.092247,1.0,public_balanced,0.2,0.15,0.0,0.01,0.05,0.05,0.04,0.8,0.84,0.58,0.72,20.0,8.0,0.5,24.0,5.0,0.68,0.78,0.5,24.0,5.0,0.68,0.78,17,0,0.104342,0.092247,8.294118,3.941176,0.0,0.0,0.919677,0.747059,0.172618,0.829994,{'public_balanced': 17},16,0,0.146186,0.122887,11.1875,4.8125,0.061937,0.0,0.844804,0.75875,0.086054,0.84197,{'public_balanced': 16}
474,0.092247,1.0,public_balanced,0.2,0.15,0.0,0.01,0.1,0.05,0.04,0.8,0.84,0.58,0.72,20.0,8.0,0.5,24.0,5.0,0.68,0.78,0.5,24.0,5.0,0.68,0.78,17,0,0.104342,0.092247,8.294118,3.941176,0.0,0.0,0.919677,0.747059,0.172618,0.829994,{'public_balanced': 17},16,0,0.149283,0.122887,11.1875,4.8125,0.061937,0.0,0.844804,0.75875,0.086054,0.84197,{'public_balanced': 16}
475,0.092247,1.0,public_balanced,0.2,0.15,0.0,0.01,0.2,0.05,0.04,0.8,0.84,0.58,0.72,20.0,8.0,0.5,24.0,5.0,0.68,0.78,0.5,24.0,5.0,0.68,0.78,17,0,0.104342,0.092247,8.294118,3.941176,0.0,0.0,0.919677,0.747059,0.172618,0.829994,{'public_balanced': 17},16,0,0.155477,0.122887,11.1875,4.8125,0.061937,0.0,0.844804,0.75875,0.086054,0.84197,{'public_balanced': 16}
476,0.09294284,1.0,public_balanced,0.2,0.15,0.0,0.02,0.02,0.05,0.04,0.8,0.84,0.58,0.72,20.0,8.0,0.5,24.0,5.0,0.68,0.78,0.5,24.0,5.0,0.68,0.78,17,0,0.107867,0.091396,8.470588,3.411765,0.038671,0.0,0.922293,0.747059,0.175234,0.829168,{'public_balanced': 17},16,0,0.147018,0.118779,10.9375,3.875,0.218231,0.0,0.845599,0.75875,0.086849,0.838728,{'public_balanced': 16}
477,0.09294284,1.0,public_balanced,0.2,0.15,0.0,0.02,0.05,0.05,0.04,0.8,0.84,0.58,0.72,20.0,8.0,0.5,24.0,5.0,0.68,0.78,0.5,24.0,5.0,0.68,0.78,17,0,0.109028,0.091396,8.470588,3.411765,0.038671,0.0,0.922293,0.747059,0.175234,0.829168,{'public_balanced': 17},16,0,0.152202,0.122887,11.1875,4.8125,0.061937,0.0,0.844804,0.75875,0.086054,0.84197,{'public_balanced': 16}
478,0.092247,1.0,public_balanced,0.2,0.15,0.0,0.02,0.1,0.05,0.04,0.8,0.84,0.58,0.72,20.0,8.0,0.5,24.0,5.0,0.68,0.78,0.5,24.0,5.0,0.68,0.78,17,0,0.109269,0.092247,8.294118,3.941176,0.0,0.0,0.919677,0.747059,0.172618,0.829994,{'public_balanced': 17},16,0,0.155299,0.122887,11.1875,4.8125,0.061937,0.0,0.844804,0.75875,0.086054,0.84197,{'public_balanced': 16}
479,0.092247,1.0,public_balanced,0.2,0.15,0.0,0.02,0.2,0.05,0.04,0.8,0.84,0.58,0.72,20.0,8.0,0.5,24.0,5.0,0.68,0.78,0.5,24.0,5.0,0.68,0.78,17,0,0.109269,0.092247,8.294118,3.941176,0.0,0.0,0.919677,0.747059,0.172618,0.829994,{'public_balanced': 17},16,0,0.161492,0.122887,11.1875,4.8125,0.061937,0.0,0.844804,0.75875,0.086054,0.84197,{'public_balanced': 16}
480,0.092247,1.0,public_balanced,0.2,0.15,0.01,0.0,0.02,0.05,0.04,0.8,0.84,0.58,0.72,20.0,8.0,0.5,24.0,5.0,0.68,0.78,0.5,24.0,5.0,0.68,0.78,17,0,0.103563,0.092247,8.294118,3.941176,0.0,0.0,0.919677,0.747059,0.172618,0.829994,{'public_balanced': 17},16,0,0.1428,0.118779,10.9375,3.875,0.218231,0.0,0.845599,0.75875,0.086849,0.838728,{'public_balanced': 16}
481,0.092247,1.0,public_balanced,0.2,0.15,0.01,0.0,0.05,0.05,0.04,0.8,0.84,0.58,0.72,20.0,8.0,0.5,24.0,5.0,0.68,0.78,0.5,24.0,5.0,0.68,0.78,17,0,0.103563,0.092247,8.294118,3.941176,0.0,0.0,0.919677,0.747059,0.172618,0.829994,{'public_balanced': 17},16,0,0.145764,0.122887,11.1875,4.8125,0.061937,0.0,0.844804,0.75875,0.086054,0.84197,{'public_balanced': 16}
482,0.092247,1.0,public_balanced,0.2,0.15,0.01,0.0,0.1,0.05,0.04,0.8,0.84,0.58,0.72,20.0,8.0,0.5,24.0,5.0,0.68,0.78,0.5,24.0,5.0,0.68,0.78,17,0,0.103563,0.092247,8.294118,3.941176,0.0,0.0,0.919677,0.747059,0.172618,0.829994,{'public_balanced': 17},16,0,0.148861,0.122887,11.1875,4.8125,0.061937,0.0,0.844804,0.75875,0.086054,0.84197,{'public_balanced': 16}
483,0.092247,1.0,public_balanced,0.2,0.15,0.01,0.0,0.2,0.05,0.04,0.8,0.84,0.58,0.72,20.0,8.0,0.5,24.0,5.0,0.68,0.78,0.5,24.0,5.0,0.68,0.78,17,0,0.103563,0.092247,8.294118,3.941176,0.0,0.0,0.919677,0.747059,0.172618,0.829994,{'public_balanced': 17},16,0,0.155055,0.122887,11.1875,4.8125,0.061937,0.0,0.844804,0.75875,0.086054,0.84197,{'public_balanced': 16}
484,0.09294284,1.0,public_balanced,0.2,0.15,0.01,0.01,0.02,0.05,0.04,0.8,0.84,0.58,0.72,20.0,8.0,0.5,24.0,5.0,0.68,0.78,0.5,24.0,5.0,0.68,0.78,17,0,0.107838,0.091396,8.470588,3.411765,0.038671,0.0,0.922293,0.747059,0.175234,0.829168,{'public_balanced': 17},16,0,0.147643,0.118779,10.9375,3.875,0.218231,0.0,0.845599,0.75875,0.086849,0.838728,{'public_balanced': 16}
485,0.092247,1.0,public_balanced,0.2,0.15,0.01,0.01,0.05,0.05,0.04,0.8,0.84,0.58,0.72,20.0,8.0,0.5,24.0,5.0,0.68,0.78,0.5,24.0,5.0,0.68,0.78,17,0,0.108489,0.092247,8.294118,3.941176,0.0,0.0,0.919677,0.747059,0.172618,0.829994,{'public_balanced': 17},16,0,0.15178,0.122887,11.1875,4.8125,0.061937,0.0,0.844804,0.75875,0.086054,0.84197,{'public_balanced': 16}
486,0.092247,1.0,public_balanced,0.2,0.15,0.01,0.01,0.1,0.05,0.04,0.8,0.84,0.58,0.72,20.0,8.0,0.5,24.0,5.0,0.68,0.78,0.5,24.0,5.0,0.68,0.78,17,0,0.108489,0.092247,8.294118,3.941176,0.0,0.0,0.919677,0.747059,0.172618,0.829994,{'public_balanced': 17},16,0,0.154877,0.122887,11.1875,4.8125,0.061937,0.0,0.844804,0.75875,0.086054,0.84197,{'public_balanced': 16}
487,0.092247,1.0,public_balanced,0.2,0.15,0.01,0.01,0.2,0.05,0.04,0.8,0.84,0.58,0.72,20.0,8.0,0.5,24.0,5.0,0.68,0.78,0.5,24.0,5.0,0.68,0.78,17,0,0.108489,0.092247,8.294118,3.941176,0.0,0.0,0.919677,0.747059,0.172618,0.829994,{'public_balanced': 17},16,0,0.161071,0.122887,11.1875,4.8125,0.061937,0.0,0.844804,0.75875,0.086054,0.84197,{'public_balanced': 16}
488,0.09294284,1.0,public_balanced,0.2,0.15,0.01,0.02,0.02,0.05,0.04,0.8,0.84,0.58,0.72,20.0,8.0,0.5,24.0,5.0,0.68,0.78,0.5,24.0,5.0,0.68,0.78,17,0,0.112103,0.091396,8.470588,3.411765,0.038671,0.0,0.922293,0.747059,0.175234,0.829168,{'public_balanced': 17},16,0,0.152487,0.118779,10.9375,3.875,0.218231,0.0,0.845599,0.75875,0.086849,0.838728,{'public_balanced': 16}
489,0.09294284,1.0,public_balanced,0.2,0.15,0.01,0.02,0.05,0.05,0.04,0.8,0.84,0.58,0.72,20.0,8.0,0.5,24.0,5.0,0.68,0.78,0.5,24.0,5.0,0.68,0.78,17,0,0.113263,0.091396,8.470588,3.411765,0.038671,0.0,0.922293,0.747059,0.175234,0.829168,{'public_balanced': 17},16,0,0.157796,0.122887,11.1875,4.8125,0.061937,0.0,0.844804,0.75875,0.086054,0.84197,{'public_balanced': 16}
490,0.092247,1.0,public_balanced,0.2,0.15,0.01,0.02,0.1,0.05,0.04,0.8,0.84,0.58,0.72,20.0,8.0,0.5,24.0,5.0,0.68,0.78,0.5,24.0,5.0,0.68,0.78,17,0,0.113416,0.092247,8.294118,3.941176,0.0,0.0,0.919677,0.747059,0.172618,0.829994,{'public_balanced': 17},16,0,0.160892,0.122887,11.1875,4.8125,0.061937,0.0,0.844804,0.75875,0.086054,0.84197,{'public_balanced': 16}
491,0.092247,1.0,public_balanced,0.2,0.15,0.01,0.02,0.2,0.05,0.04,0.8,0.84,0.58,0.72,20.0,8.0,0.5,24.0,5.0,0.68,0.78,0.5,24.0,5.0,0.68,0.78,17,0,0.113416,0.092247,8.294118,3.941176,0.0,0.0,0.919677,0.747059,0.172618,0.829994,{'public_balanced': 17},16,0,0.167086,0.122887,11.1875,4.8125,0.061937,0.0,0.844804,0.75875,0.086054,0.84197,{'public_balanced': 16}
492,0.092247,1.0,public_balanced,0.2,0.15,0.02,0.0,0.02,0.05,0.04,0.8,0.84,0.58,0.72,20.0,8.0,0.5,24.0,5.0,0.68,0.78,0.5,24.0,5.0,0.68,0.78,17,0,0.10771,0.092247,8.294118,3.941176,0.0,0.0,0.919677,0.747059,0.172618,0.829994,{'public_balanced': 17},16,0,0.148268,0.118779,10.9375,3.875,0.218231,0.0,0.845599,0.75875,0.086849,0.838728,{'public_balanced': 16}
493,0.092247,1.0,public_balanced,0.2,0.15,0.02,0.0,0.05,0.05,0.04,0.8,0.84,0.58,0.72,20.0,8.0,0.5,24.0,5.0,0.68,0.78,0.5,24.0,5.0,0.68,0.78,17,0,0.10771,0.092247,8.294118,3.941176,0.0,0.0,0.919677,0.747059,0.172618,0.829994,{'public_balanced': 17},16,0,0.151358,0.122887,11.1875,4.8125,0.061937,0.0,0.844804,0.75875,0.086054,0.84197,{'public_balanced': 16}
494,0.092247,1.0,public_balanced,0.2,0.15,0.02,0.0,0.1,0.05,0.04,0.8,0.84,0.58,0.72,20.0,8.0,0.5,24.0,5.0,0.68,0.78,0.5,24.0,5.0,0.68,0.78,17,0,0.10771,0.092247,8.294118,3.941176,0.0,0.0,0.919677,0.747059,0.172618,0.829994,{'public_balanced': 17},16,0,0.154455,0.122887,11.1875,4.8125,0.061937,0.0,0.844804,0.75875,0.086054,0.84197,{'public_balanced': 16}
495,0.092247,1.0,public_balanced,0.2,0.15,0.02,0.0,0.2,0.05,0.04,0.8,0.84,0.58,0.72,20.0,8.0,0.5,24.0,5.0,0.68,0.78,0.5,24.0,5.0,0.68,0.78,17,0,0.10771,0.092247,8.294118,3.941176,0.0,0.0,0.919677,0.747059,0.172618,0.829994,{'public_balanced': 17},16,0,0.160649,0.122887,11.1875,4.8125,0.061937,0.0,0.844804,0.75875,0.086054,0.84197,{'public_balanced': 16}
496,0.09294284,1.0,public_balanced,0.2,0.15,0.02,0.01,0.02,0.05,0.04,0.8,0.84,0.58,0.72,20.0,8.0,0.5,24.0,5.0,0.68,0.78,0.5,24.0,5.0,0.68,0.78,17,0,0.112073,0.091396,8.470588,3.411765,0.038671,0.0,0.922293,0.747059,0.175234,0.829168,{'public_balanced': 17},16,0,0.153112,0.118779,10.9375,3.875,0.218231,0.0,0.845599,0.75875,0.086849,0.838728,{'public_balanced': 16}
497,0.092247,1.0,public_balanced,0.2,0.15,0.02,0.01,0.05,0.05,0.04,0.8,0.84,0.58,0.72,20.0,8.0,0.5,24.0,5.0,0.68,0.78,0.5,24.0,5.0,0.68,0.78,17,0,0.112636,0.092247,8.294118,3.941176,0.0,0.0,0.919677,0.747059,0.172618,0.829994,{'public_balanced': 17},16,0,0.157374,0.122887,11.1875,4.8125,0.061937,0.0,0.844804,0.75875,0.086054,0.84197,{'public_balanced': 16}
498,0.092247,1.0,public_balanced,0.2,0.15,0.02,0.01,0.1,0.05,0.04,0.8,0.84,0.58,0.72,20.0,8.0,0.5,24.0,5.0,0.68,0.78,0.5,24.0,5.0,0.68,0.78,17,0,0.112636,0.092247,8.294118,3.941176,0.0,0.0,0.919677,0.747059,0.172618,0.829994,{'public_balanced': 17},16,0,0.160471,0.122887,11.1875,4.8125,0.061937,0.0,0.844804,0.75875,0.086054,0.84197,{'public_balanced': 16}
499,0.092247,1.0,public_balanced,0.2,0.15,0.02,0.01,0.2,0.05,0.04,0.8,0.84,0.58,0.72,20.0,8.0,0.5,24.0,5.0,0.68,0.78,0.5,24.0,5.0,0.68,0.78,17,0,0.112636,0.092247,8.294118,3.941176,0.0,0.0,0.919677,0.747059,0.172618,0.829994,{'public_balanced': 17},16,0,0.166664,0.122887,11.1875,4.8125,0.061937,0.0,0.844804,0.75875,0.086054,0.84197,{'public_balanced': 16}
500,0.09294284,1.0,public_balanced,0.2,0.15,0.02,0.02,0.02,0.05,0.04,0.8,0.84,0.58,0.72,20.0,8.0,0.5,24.0,5.0,0.68,0.78,0.5,24.0,5.0,0.68,0.78,17,0,0.116338,0.091396,8.470588,3.411765,0.038671,0.0,0.922293,0.747059,0.175234,0.829168,{'public_balanced': 17},16,0,0.157956,0.118779,10.9375,3.875,0.218231,0.0,0.845599,0.75875,0.086849,0.838728,{'public_balanced': 16}
501,0.09294284,1.0,public_balanced,0.2,0.15,0.02,0.02,0.05,0.05,0.04,0.8,0.84,0.58,0.72,20.0,8.0,0.5,24.0,5.0,0.68,0.78,0.5,24.0,5.0,0.68,0.78,17,0,0.117498,0.091396,8.470588,3.411765,0.038671,0.0,0.922293,0.747059,0.175234,0.829168,{'public_balanced': 17},16,0,0.163389,0.122887,11.1875,4.8125,0.061937,0.0,0.844804,0.75875,0.086054,0.84197,{'public_balanced': 16}
502,0.092247,1.0,public_balanced,0.2,0.15,0.02,0.02,0.1,0.05,0.04,0.8,0.84,0.58,0.72,20.0,8.0,0.5,24.0,5.0,0.68,0.78,0.5,24.0,5.0,0.68,0.78,17,0,0.117563,0.092247,8.294118,3.941176,0.0,0.0,0.919677,0.747059,0.172618,0.829994,{'public_balanced': 17},16,0,0.166486,0.122887,11.1875,4.8125,0.061937,0.0,0.844804,0.75875,0.086054,0.84197,{'public_balanced': 16}
503,0.092247,1.0,public_balanced,0.2,0.15,0.02,0.02,0.2,0.05,0.04,0.8,0.84,0.58,0.72,20.0,8.0,0.5,24.0,5.0,0.68,0.78,0.5,24.0,5.0,0.68,0.78,17,0,0.117563,0.092247,8.294118,3.941176,0.0,0.0,0.919677,0.747059,0.172618,0.829994,{'public_balanced': 17},16,0,0.17268,0.122887,11.1875,4.8125,0.061937,0.0,0.844804,0.75875,0.086054,0.84197,{'public_balanced': 16}
504,0.09294284,1.0,public_balanced,0.2,0.3,0.0,0.0,0.02,0.05,0.04,0.8,0.84,0.58,0.72,20.0,8.0,0.5,24.0,5.0,0.68,0.78,0.5,24.0,5.0,0.68,0.78,17,0,0.101906,0.091396,8.470588,3.411765,0.038671,0.0,0.922293,0.747059,0.175234,0.829168,{'public_balanced': 17},16,0,0.139097,0.118779,10.9375,3.875,0.218231,0.0,0.845599,0.75875,0.086849,0.838728,{'public_balanced': 16}
505,0.092247,1.0,public_balanced,0.2,0.3,0.0,0.0,0.05,0.05,0.04,0.8,0.84,0.58,0.72,20.0,8.0,0.5,24.0,5.0,0.68,0.78,0.5,24.0,5.0,0.68,0.78,17,0,0.101983,0.092247,8.294118,3.941176,0.0,0.0,0.919677,0.747059,0.172618,0.829994,{'public_balanced': 17},16,0,0.141937,0.122887,11.1875,4.8125,0.061937,0.0,0.844804,0.75875,0.086054,0.84197,{'public_balanced': 16}
506,0.092247,1.0,public_balanced,0.2,0.3,0.0,0.0,0.1,0.05,0.04,0.8,0.84,0.58,0.72,20.0,8.0,0.5,24.0,5.0,0.68,0.78,0.5,24.0,5.0,0.68,0.78,17,0,0.101983,0.092247,8.294118,3.941176,0.0,0.0,0.919677,0.747059,0.172618,0.829994,{'public_balanced': 17},16,0,0.145034,0.122887,11.1875,4.8125,0.061937,0.0,0.844804,0.75875,0.086054,0.84197,{'public_balanced': 16}
507,0.092247,1.0,public_balanced,0.2,0.3,0.0,0.0,0.2,0.05,0.04,0.8,0.84,0.58,0.72,20.0,8.0,0.5,24.0,5.0,0.68,0.78,0.5,24.0,5.0,0.68,0.78,17,0,0.101983,0.092247,8.294118,3.941176,0.0,0.0,0.919677,0.747059,0.172618,0.829994,{'public_balanced': 17},16,0,0.151227,0.122887,11.1875,4.8125,0.061937,0.0,0.844804,0.75875,0.086054,0.84197,{'public_balanced': 16}
508,0.09294284,1.0,public_balanced,0.2,0.3,0.0,0.01,0.02,0.05,0.04,0.8,0.84,0.58,0.72,20.0,8.0,0.5,24.0,5.0,0.68,0.78,0.5,24.0,5.0,0.68,0.78,17,0,0.10617,0.091396,8.470588,3.411765,0.038671,0.0,0.922293,0.747059,0.175234,0.829168,{'public_balanced': 17},16,0,0.143941,0.118779,10.9375,3.875,0.218231,0.0,0.845599,0.75875,0.086849,0.838728,{'public_balanced': 16}
509,0.092247,1.0,public_balanced,0.2,0.3,0.0,0.01,0.05,0.05,0.04,0.8,0.84,0.58,0.72,20.0,8.0,0.5,24.0,5.0,0.68,0.78,0.5,24.0,5.0,0.68,0.78,17,0,0.10691,0.092247,8.294118,3.941176,0.0,0.0,0.919677,0.747059,0.172618,0.829994,{'public_balanced': 17},16,0,0.147952,0.122887,11.1875,4.8125,0.061937,0.0,0.844804,0.75875,0.086054,0.84197,{'public_balanced': 16}
510,0.092247,1.0,public_balanced,0.2,0.3,0.0,0.01,0.1,0.05,0.04,0.8,0.84,0.58,0.72,20.0,8.0,0.5,24.0,5.0,0.68,0.78,0.5,24.0,5.0,0.68,0.78,17,0,0.10691,0.092247,8.294118,3.941176,0.0,0.0,0.919677,0.747059,0.172618,0.829994,{'public_balanced': 17},16,0,0.151049,0.122887,11.1875,4.8125,0.061937,0.0,0.844804,0.75875,0.086054,0.84197,{'public_balanced': 16}
511,0.092247,1.0,public_balanced,0.2,0.3,0.0,0.01,0.2,0.05,0.04,0.8,0.84,0.58,0.72,20.0,8.0,0.5,24.0,5.0,0.68,0.78,0.5,24.0,5.0,0.68,0.78,17,0,0.10691,0.092247,8.294118,3.941176,0.0,0.0,0.919677,0.747059,0.172618,0.829994,{'public_balanced': 17},16,0,0.157243,0.122887,11.1875,4.8125,0.061937,0.0,0.844804,0.75875,0.086054,0.84197,{'public_balanced': 16}
512,0.09294284,1.0,public_balanced,0.2,0.3,0.0,0.02,0.02,0.05,0.04,0.8,0.84,0.58,0.72,20.0,8.0,0.5,24.0,5.0,0.68,0.78,0.5,24.0,5.0,0.68,0.78,17,0,0.110435,0.091396,8.470588,3.411765,0.038671,0.0,0.922293,0.747059,0.175234,0.829168,{'public_balanced': 17},16,0,0.148785,0.118779,10.9375,3.875,0.218231,0.0,0.845599,0.75875,0.086849,0.838728,{'public_balanced': 16}
513,0.09294284,1.0,public_balanced,0.2,0.3,0.0,0.02,0.05,0.05,0.04,0.8,0.84,0.58,0.72,20.0,8.0,0.5,24.0,5.0,0.68,0.78,0.5,24.0,5.0,0.68,0.78,17,0,0.111595,0.091396,8.470588,3.411765,0.038671,0.0,0.922293,0.747059,0.175234,0.829168,{'public_balanced': 17},16,0,0.153968,0.122887,11.1875,4.8125,0.061937,0.0,0.844804,0.75875,0.086054,0.84197,{'public_balanced': 16}
514,0.092247,1.0,public_balanced,0.2,0.3,0.0,0.02,0.1,0.05,0.04,0.8,0.84,0.58,0.72,20.0,8.0,0.5,24.0,5.0,0.68,0.78,0.5,24.0,5.0,0.68,0.78,17,0,0.111836,0.092247,8.294118,3.941176,0.0,0.0,0.919677,0.747059,0.172618,0.829994,{'public_balanced': 17},16,0,0.157065,0.122887,11.1875,4.8125,0.061937,0.0,0.844804,0.75875,0.086054,0.84197,{'public_balanced': 16}
515,0.092247,1.0,public_balanced,0.2,0.3,0.0,0.02,0.2,0.05,0.04,0.8,0.84,0.58,0.72,20.0,8.0,0.5,24.0,5.0,0.68,0.78,0.5,24.0,5.0,0.68,0.78,17,0,0.111836,0.092247,8.294118,3.941176,0.0,0.0,0.919677,0.747059,0.172618,0.829994,{'public_balanced': 17},16,0,0.163259,0.122887,11.1875,4.8125,0.061937,0.0,0.844804,0.75875,0.086054,0.84197,{'public_balanced': 16}
516,0.092247,1.0,public_balanced,0.2,0.3,0.01,0.0,0.02,0.05,0.04,0.8,0.84,0.58,0.72,20.0,8.0,0.5,24.0,5.0,0.68,0.78,0.5,24.0,5.0,0.68,0.78,17,0,0.10613,0.092247,8.294118,3.941176,0.0,0.0,0.919677,0.747059,0.172618,0.829994,{'public_balanced': 17},16,0,0.144566,0.118779,10.9375,3.875,0.218231,0.0,0.845599,0.75875,0.086849,0.838728,{'public_balanced': 16}
517,0.092247,1.0,public_balanced,0.2,0.3,0.01,0.0,0.05,0.05,0.04,0.8,0.84,0.58,0.72,20.0,8.0,0.5,24.0,5.0,0.68,0.78,0.5,24.0,5.0,0.68,0.78,17,0,0.10613,0.092247,8.294118,3.941176,0.0,0.0,0.919677,0.747059,0.172618,0.829994,{'public_balanced': 17},16,0,0.147531,0.122887,11.1875,4.8125,0.061937,0.0,0.844804,0.75875,0.086054,0.84197,{'public_balanced': 16}
518,0.092247,1.0,public_balanced,0.2,0.3,0.01,0.0,0.1,0.05,0.04,0.8,0.84,0.58,0.72,20.0,8.0,0.5,24.0,5.0,0.68,0.78,0.5,24.0,5.0,0.68,0.78,17,0,0.10613,0.092247,8.294118,3.941176,0.0,0.0,0.919677,0.747059,0.172618,0.829994,{'public_balanced': 17},16,0,0.150627,0.122887,11.1875,4.8125,0.061937,0.0,0.844804,0.75875,0.086054,0.84197,{'public_balanced': 16}
519,0.092247,1.0,public_balanced,0.2,0.3,0.01,0.0,0.2,0.05,0.04,0.8,0.84,0.58,0.72,20.0,8.0,0.5,24.0,5.0,0.68,0.78,0.5,24.0,5.0,0.68,0.78,17,0,0.10613,0.092247,8.294118,3.941176,0.0,0.0,0.919677,0.747059,0.172618,0.829994,{'public_balanced': 17},16,0,0.156821,0.122887,11.1875,4.8125,0.061937,0.0,0.844804,0.75875,0.086054,0.84197,{'public_balanced': 16}
520,0.09294284,1.0,public_balanced,0.2,0.3,0.01,0.01,0.02,0.05,0.04,0.8,0.84,0.58,0.72,20.0,8.0,0.5,24.0,5.0,0.68,0.78,0.5,24.0,5.0,0.68,0.78,17,0,0.110406,0.091396,8.470588,3.411765,0.038671,0.0,0.922293,0.747059,0.175234,0.829168,{'public_balanced': 17},16,0,0.14941,0.118779,10.9375,3.875,0.218231,0.0,0.845599,0.75875,0.086849,0.838728,{'public_balanced': 16}
521,0.092247,1.0,public_balanced,0.2,0.3,0.01,0.01,0.05,0.05,0.04,0.8,0.84,0.58,0.72,20.0,8.0,0.5,24.0,5.0,0.68,0.78,0.5,24.0,5.0,0.68,0.78,17,0,0.111057,0.092247,8.294118,3.941176,0.0,0.0,0.919677,0.747059,0.172618,0.829994,{'public_balanced': 17},16,0,0.153546,0.122887,11.1875,4.8125,0.061937,0.0,0.844804,0.75875,0.086054,0.84197,{'public_balanced': 16}
522,0.092247,1.0,public_balanced,0.2,0.3,0.01,0.01,0.1,0.05,0.04,0.8,0.84,0.58,0.72,20.0,8.0,0.5,24.0,5.0,0.68,0.78,0.5,24.0,5.0,0.68,0.78,17,0,0.111057,0.092247,8.294118,3.941176,0.0,0.0,0.919677,0.747059,0.172618,0.829994,{'public_balanced': 17},16,0,0.156643,0.122887,11.1875,4.8125,0.061937,0.0,0.844804,0.75875,0.086054,0.84197,{'public_balanced': 16}
523,0.092247,1.0,public_balanced,0.2,0.3,0.01,0.01,0.2,0.05,0.04,0.8,0.84,0.58,0.72,20.0,8.0,0.5,24.0,5.0,0.68,0.78,0.5,24.0,5.0,0.68,0.78,17,0,0.111057,0.092247,8.294118,3.941176,0.0,0.0,0.919677,0.747059,0.172618,0.829994,{'public_balanced': 17},16,0,0.162837,0.122887,11.1875,4.8125,0.061937,0.0,0.844804,0.75875,0.086054,0.84197,{'public_balanced': 16}
524,0.09294284,1.0,public_balanced,0.2,0.3,0.01,0.02,0.02,0.05,0.04,0.8,0.84,0.58,0.72,20.0,8.0,0.5,24.0,5.0,0.68,0.78,0.5,24.0,5.0,0.68,0.78,17,0,0.11467,0.091396,8.470588,3.411765,0.038671,0.0,0.922293,0.747059,0.175234,0.829168,{'public_balanced': 17},16,0,0.154253,0.118779,10.9375,3.875,0.218231,0.0,0.845599,0.75875,0.086849,0.838728,{'public_balanced': 16}
525,0.09294284,1.0,public_balanced,0.2,0.3,0.01,0.02,0.05,0.05,0.04,0.8,0.84,0.58,0.72,20.0,8.0,0.5,24.0,5.0,0.68,0.78,0.5,24.0,5.0,0.68,0.78,17,0,0.11583,0.091396,8.470588,3.411765,0.038671,0.0,0.922293,0.747059,0.175234,0.829168,{'public_balanced': 17},16,0,0.159562,0.122887,11.1875,4.8125,0.061937,0.0,0.844804,0.75875,0.086054,0.84197,{'public_balanced': 16}
526,0.092247,1.0,public_balanced,0.2,0.3,0.01,0.02,0.1,0.05,0.04,0.8,0.84,0.58,0.72,20.0,8.0,0.5,24.0,5.0,0.68,0.78,0.5,24.0,5.0,0.68,0.78,17,0,0.115983,0.092247,8.294118,3.941176,0.0,0.0,0.919677,0.747059,0.172618,0.829994,{'public_balanced': 17},16,0,0.162659,0.122887,11.1875,4.8125,0.061937,0.0,0.844804,0.75875,0.086054,0.84197,{'public_balanced': 16}
527,0.092247,1.0,public_balanced,0.2,0.3,0.01,0.02,0.2,0.05,0.04,0.8,0.84,0.58,0.72,20.0,8.0,0.5,24.0,5.0,0.68,0.78,0.5,24.0,5.0,0.68,0.78,17,0,0.115983,0.092247,8.294118,3.941176,0.0,0.0,0.919677,0.747059,0.172618,0.829994,{'public_balanced': 17},16,0,0.168852,0.122887,11.1875,4.8125,0.061937,0.0,0.844804,0.75875,0.086054,0.84197,{'public_balanced': 16}
528,0.092247,1.0,public_balanced,0.2,0.3,0.02,0.0,0.02,0.05,0.04,0.8,0.84,0.58,0.72,20.0,8.0,0.5,24.0,5.0,0.68,0.78,0.5,24.0,5.0,0.68,0.78,17,0,0.110278,0.092247,8.294118,3.941176,0.0,0.0,0.919677,0.747059,0.172618,0.829994,{'public_balanced': 17},16,0,0.150035,0.118779,10.9375,3.875,0.218231,0.0,0.845599,0.75875,0.086849,0.838728,{'public_balanced': 16}
529,0.092247,1.0,public_balanced,0.2,0.3,0.02,0.0,0.05,0.05,0.04,0.8,0.84,0.58,0.72,20.0,8.0,0.5,24.0,5.0,0.68,0.78,0.5,24.0,5.0,0.68,0.78,17,0,0.110278,0.092247,8.294118,3.941176,0.0,0.0,0.919677,0.747059,0.172618,0.829994,{'public_balanced': 17},16,0,0.153124,0.122887,11.1875,4.8125,0.061937,0.0,0.844804,0.75875,0.086054,0.84197,{'public_balanced': 16}
530,0.092247,1.0,public_balanced,0.2,0.3,0.02,0.0,0.1,0.05,0.04,0.8,0.84,0.58,0.72,20.0,8.0,0.5,24.0,5.0,0.68,0.78,0.5,24.0,5.0,0.68,0.78,17,0,0.110278,0.092247,8.294118,3.941176,0.0,0.0,0.919677,0.747059,0.172618,0.829994,{'public_balanced': 17},16,0,0.156221,0.122887,11.1875,4.8125,0.061937,0.0,0.844804,0.75875,0.086054,0.84197,{'public_balanced': 16}
531,0.092247,1.0,public_balanced,0.2,0.3,0.02,0.0,0.2,0.05,0.04,0.8,0.84,0.58,0.72,20.0,8.0,0.5,24.0,5.0,0.68,0.78,0.5,24.0,5.0,0.68,0.78,17,0,0.110278,0.092247,8.294118,3.941176,0.0,0.0,0.919677,0.747059,0.172618,0.829994,{'public_balanced': 17},16,0,0.162415,0.122887,11.1875,4.8125,0.061937,0.0,0.844804,0.75875,0.086054,0.84197,{'public_balanced': 16}
532,0.09294284,1.0,public_balanced,0.2,0.3,0.02,0.01,0.02,0.05,0.04,0.8,0.84,0.58,0.72,20.0,8.0,0.5,24.0,5.0,0.68,0.78,0.5,24.0,5.0,0.68,0.78,17,0,0.114641,0.091396,8.470588,3.411765,0.038671,0.0,0.922293,0.747059,0.175234,0.829168,{'public_balanced': 17},16,0,0.154878,0.118779,10.9375,3.875,0.218231,0.0,0.845599,0.75875,0.086849,0.838728,{'public_balanced': 16}
533,0.092247,1.0,public_balanced,0.2,0.3,0.02,0.01,0.05,0.05,0.04,0.8,0.84,0.58,0.72,20.0,8.0,0.5,24.0,5.0,0.68,0.78,0.5,24.0,5.0,0.68,0.78,17,0,0.115204,0.092247,8.294118,3.941176,0.0,0.0,0.919677,0.747059,0.172618,0.829994,{'public_balanced': 17},16,0,0.15914,0.122887,11.1875,4.8125,0.061937,0.0,0.844804,0.75875,0.086054,0.84197,{'public_balanced': 16}
534,0.092247,1.0,public_balanced,0.2,0.3,0.02,0.01,0.1,0.05,0.04,0.8,0.84,0.58,0.72,20.0,8.0,0.5,24.0,5.0,0.68,0.78,0.5,24.0,5.0,0.68,0.78,17,0,0.115204,0.092247,8.294118,3.941176,0.0,0.0,0.919677,0.747059,0.172618,0.829994,{'public_balanced': 17},16,0,0.162237,0.122887,11.1875,4.8125,0.061937,0.0,0.844804,0.75875,0.086054,0.84197,{'public_balanced': 16}
535,0.092247,1.0,public_balanced,0.2,0.3,0.02,0.01,0.2,0.05,0.04,0.8,0.84,0.58,0.72,20.0,8.0,0.5,24.0,5.0,0.68,0.78,0.5,24.0,5.0,0.68,0.78,17,0,0.115204,0.092247,8.294118,3.941176,0.0,0.0,0.919677,0.747059,0.172618,0.829994,{'public_balanced': 17},16,0,0.168431,0.122887,11.1875,4.8125,0.061937,0.0,0.844804,0.75875,0.086054,0.84197,{'public_balanced': 16}
536,0.09294284,1.0,public_balanced,0.2,0.3,0.02,0.02,0.02,0.05,0.04,0.8,0.84,0.58,0.72,20.0,8.0,0.5,24.0,5.0,0.68,0.78,0.5,24.0,5.0,0.68,0.78,17,0,0.118906,0.091396,8.470588,3.411765,0.038671,0.0,0.922293,0.747059,0.175234,0.829168,{'public_balanced': 17},16,0,0.159722,0.118779,10.9375,3.875,0.218231,0.0,0.845599,0.75875,0.086849,0.838728,{'public_balanced': 16}
537,0.09294284,1.0,public_balanced,0.2,0.3,0.02,0.02,0.05,0.05,0.04,0.8,0.84,0.58,0.72,20.0,8.0,0.5,24.0,5.0,0.68,0.78,0.5,24.0,5.0,0.68,0.78,17,0,0.120066,0.091396,8.470588,3.411765,0.038671,0.0,0.922293,0.747059,0.175234,0.829168,{'public_balanced': 17},16,0,0.165156,0.122887,11.1875,4.8125,0.061937,0.0,0.844804,0.75875,0.086054,0.84197,{'public_balanced': 16}
538,0.092247,1.0,public_balanced,0.2,0.3,0.02,0.02,0.1,0.05,0.04,0.8,0.84,0.58,0.72,20.0,8.0,0.5,24.0,5.0,0.68,0.78,0.5,24.0,5.0,0.68,0.78,17,0,0.12013,0.092247,8.294118,3.941176,0.0,0.0,0.919677,0.747059,0.172618,0.829994,{'public_balanced': 17},16,0,0.168252,0.122887,11.1875,4.8125,0.061937,0.0,0.844804,0.75875,0.086054,0.84197,{'public_balanced': 16}
539,0.092247,1.0,public_balanced,0.2,0.3,0.02,0.02,0.2,0.05,0.04,0.8,0.84,0.58,0.72,20.0,8.0,0.5,24.0,5.0,0.68,0.78,0.5,24.0,5.0,0.68,0.78,17,0,0.12013,0.092247,8.294118,3.941176,0.0,0.0,0.919677,0.747059,0.172618,0.829994,{'public_balanced': 17},16,0,0.174446,0.122887,11.1875,4.8125,0.061937,0.0,0.844804,0.75875,0.086054,0.84197,{'public_balanced': 16}
540,0.09244584,1.0,public_balanced,0.35,0.05,0.0,0.0,0.02,0.05,0.04,0.8,0.84,0.58,0.72,20.0,8.0,0.5,24.0,5.0,0.68,0.78,0.5,24.0,5.0,0.68,0.78,17,0,0.100797,0.090899,8.411765,3.411765,0.038671,0.0,0.944574,0.747059,0.197515,0.812034,{'public_balanced': 17},16,0,0.145018,0.121364,11.25,3.875,0.218231,0.0,0.854272,0.75875,0.095522,0.839188,{'public_balanced': 16}
541,0.09175,1.0,public_balanced,0.35,0.05,0.0,0.0,0.05,0.05,0.04,0.8,0.84,0.58,0.72,20.0,8.0,0.5,24.0,5.0,0.68,0.78,0.5,24.0,5.0,0.68,0.78,17,0,0.100875,0.09175,8.235294,3.941176,0.0,0.0,0.941958,0.747059,0.194899,0.812861,{'public_balanced': 17},16,0,0.147858,0.125471,11.5,4.8125,0.061937,0.0,0.853477,0.75875,0.094727,0.84243,{'public_balanced': 16}
542,0.09175,1.0,public_balanced,0.35,0.05,0.0,0.0,0.1,0.05,0.04,0.8,0.84,0.58,0.72,20.0,8.0,0.5,24.0,5.0,0.68,0.78,0.5,24.0,5.0,0.68,0.78,17,0,0.100875,0.09175,8.235294,3.941176,0.0,0.0,0.941958,0.747059,0.194899,0.812861,{'public_balanced': 17},16,0,0.150954,0.125471,11.5,4.8125,0.061937,0.0,0.853477,0.75875,0.094727,0.84243,{'public_balanced': 16}
543,0.09175,1.0,public_balanced,0.35,0.05,0.0,0.0,0.2,0.05,0.04,0.8,0.84,0.58,0.72,20.0,8.0,0.5,24.0,5.0,0.68,0.78,0.5,24.0,5.0,0.68,0.78,17,0,0.100875,0.09175,8.235294,3.941176,0.0,0.0,0.941958,0.747059,0.194899,0.812861,{'public_balanced': 17},16,0,0.157148,0.125471,11.5,4.8125,0.061937,0.0,0.853477,0.75875,0.094727,0.84243,{'public_balanced': 16}
544,0.09244584,1.0,public_balanced,0.35,0.05,0.0,0.01,0.02,0.05,0.04,0.8,0.84,0.58,0.72,20.0,8.0,0.5,24.0,5.0,0.68,0.78,0.5,24.0,5.0,0.68,0.78,17,0,0.105061,0.090899,8.411765,3.411765,0.038671,0.0,0.944574,0.747059,0.197515,0.812034,{'public_balanced': 17},16,0,0.149862,0.121364,11.25,3.875,0.218231,0.0,0.854272,0.75875,0.095522,0.839188,{'public_balanced': 16}
545,0.09175,1.0,public_balanced,0.35,0.05,0.0,0.01,0.05,0.05,0.04,0.8,0.84,0.58,0.72,20.0,8.0,0.5,24.0,5.0,0.68,0.78,0.5,24.0,5.0,0.68,0.78,17,0,0.105801,0.09175,8.235294,3.941176,0.0,0.0,0.941958,0.747059,0.194899,0.812861,{'public_balanced': 17},16,0,0.153873,0.125471,11.5,4.8125,0.061937,0.0,0.853477,0.75875,0.094727,0.84243,{'public_balanced': 16}
546,0.09175,1.0,public_balanced,0.35,0.05,0.0,0.01,0.1,0.05,0.04,0.8,0.84,0.58,0.72,20.0,8.0,0.5,24.0,5.0,0.68,0.78,0.5,24.0,5.0,0.68,0.78,17,0,0.105801,0.09175,8.235294,3.941176,0.0,0.0,0.941958,0.747059,0.194899,0.812861,{'public_balanced': 17},16,0,0.15697,0.125471,11.5,4.8125,0.061937,0.0,0.853477,0.75875,0.094727,0.84243,{'public_balanced': 16}
547,0.09175,1.0,public_balanced,0.35,0.05,0.0,0.01,0.2,0.05,0.04,0.8,0.84,0.58,0.72,20.0,8.0,0.5,24.0,5.0,0.68,0.78,0.5,24.0,5.0,0.68,0.78,17,0,0.105801,0.09175,8.235294,3.941176,0.0,0.0,0.941958,0.747059,0.194899,0.812861,{'public_balanced': 17},16,0,0.163164,0.125471,11.5,4.8125,0.061937,0.0,0.853477,0.75875,0.094727,0.84243,{'public_balanced': 16}
548,0.09244584,1.0,public_balanced,0.35,0.05,0.0,0.02,0.02,0.05,0.04,0.8,0.84,0.58,0.72,20.0,8.0,0.5,24.0,5.0,0.68,0.78,0.5,24.0,5.0,0.68,0.78,17,0,0.109326,0.090899,8.411765,3.411765,0.038671,0.0,0.944574,0.747059,0.197515,0.812034,{'public_balanced': 17},16,0,0.154705,0.121364,11.25,3.875,0.218231,0.0,0.854272,0.75875,0.095522,0.839188,{'public_balanced': 16}
549,0.09244584,1.0,public_balanced,0.35,0.05,0.0,0.02,0.05,0.05,0.04,0.8,0.84,0.58,0.72,20.0,8.0,0.5,24.0,5.0,0.68,0.78,0.5,24.0,5.0,0.68,0.78,17,0,0.110486,0.090899,8.411765,3.411765,0.038671,0.0,0.944574,0.747059,0.197515,0.812034,{'public_balanced': 17},16,0,0.159889,0.125471,11.5,4.8125,0.061937,0.0,0.853477,0.75875,0.094727,0.84243,{'public_balanced': 16}
550,0.09175,1.0,public_balanced,0.35,0.05,0.0,0.02,0.1,0.05,0.04,0.8,0.84,0.58,0.72,20.0,8.0,0.5,24.0,5.0,0.68,0.78,0.5,24.0,5.0,0.68,0.78,17,0,0.110727,0.09175,8.235294,3.941176,0.0,0.0,0.941958,0.747059,0.194899,0.812861,{'public_balanced': 17},16,0,0.162986,0.125471,11.5,4.8125,0.061937,0.0,0.853477,0.75875,0.094727,0.84243,{'public_balanced': 16}
551,0.09175,1.0,public_balanced,0.35,0.05,0.0,0.02,0.2,0.05,0.04,0.8,0.84,0.58,0.72,20.0,8.0,0.5,24.0,5.0,0.68,0.78,0.5,24.0,5.0,0.68,0.78,17,0,0.110727,0.09175,8.235294,3.941176,0.0,0.0,0.941958,0.747059,0.194899,0.812861,{'public_balanced': 17},16,0,0.169179,0.125471,11.5,4.8125,0.061937,0.0,0.853477,0.75875,0.094727,0.84243,{'public_balanced': 16}
552,0.09175,1.0,public_balanced,0.35,0.05,0.01,0.0,0.02,0.05,0.04,0.8,0.84,0.58,0.72,20.0,8.0,0.5,24.0,5.0,0.68,0.78,0.5,24.0,5.0,0.68,0.78,17,0,0.104992,0.09175,8.235294,3.941176,0.0,0.0,0.941958,0.747059,0.194899,0.812861,{'public_balanced': 17},16,0,0.150643,0.121364,11.25,3.875,0.218231,0.0,0.854272,0.75875,0.095522,0.839188,{'public_balanced': 16}
553,0.09175,1.0,public_balanced,0.35,0.05,0.01,0.0,0.05,0.05,0.04,0.8,0.84,0.58,0.72,20.0,8.0,0.5,24.0,5.0,0.68,0.78,0.5,24.0,5.0,0.68,0.78,17,0,0.104992,0.09175,8.235294,3.941176,0.0,0.0,0.941958,0.747059,0.194899,0.812861,{'public_balanced': 17},16,0,0.153608,0.125471,11.5,4.8125,0.061937,0.0,0.853477,0.75875,0.094727,0.84243,{'public_balanced': 16}
554,0.09175,1.0,public_balanced,0.35,0.05,0.01,0.0,0.1,0.05,0.04,0.8,0.84,0.58,0.72,20.0,8.0,0.5,24.0,5.0,0.68,0.78,0.5,24.0,5.0,0.68,0.78,17,0,0.104992,0.09175,8.235294,3.941176,0.0,0.0,0.941958,0.747059,0.194899,0.812861,{'public_balanced': 17},16,0,0.156704,0.125471,11.5,4.8125,0.061937,0.0,0.853477,0.75875,0.094727,0.84243,{'public_balanced': 16}
555,0.09175,1.0,public_balanced,0.35,0.05,0.01,0.0,0.2,0.05,0.04,0.8,0.84,0.58,0.72,20.0,8.0,0.5,24.0,5.0,0.68,0.78,0.5,24.0,5.0,0.68,0.78,17,0,0.104992,0.09175,8.235294,3.941176,0.0,0.0,0.941958,0.747059,0.194899,0.812861,{'public_balanced': 17},16,0,0.162898,0.125471,11.5,4.8125,0.061937,0.0,0.853477,0.75875,0.094727,0.84243,{'public_balanced': 16}
556,0.09244584,1.0,public_balanced,0.35,0.05,0.01,0.01,0.02,0.05,0.04,0.8,0.84,0.58,0.72,20.0,8.0,0.5,24.0,5.0,0.68,0.78,0.5,24.0,5.0,0.68,0.78,17,0,0.109267,0.090899,8.411765,3.411765,0.038671,0.0,0.944574,0.747059,0.197515,0.812034,{'public_balanced': 17},16,0,0.155487,0.121364,11.25,3.875,0.218231,0.0,0.854272,0.75875,0.095522,0.839188,{'public_balanced': 16}
557,0.09175,1.0,public_balanced,0.35,0.05,0.01,0.01,0.05,0.05,0.04,0.8,0.84,0.58,0.72,20.0,8.0,0.5,24.0,5.0,0.68,0.78,0.5,24.0,5.0,0.68,0.78,17,0,0.109919,0.09175,8.235294,3.941176,0.0,0.0,0.941958,0.747059,0.194899,0.812861,{'public_balanced': 17},16,0,0.159623,0.125471,11.5,4.8125,0.061937,0.0,0.853477,0.75875,0.094727,0.84243,{'public_balanced': 16}
558,0.09175,1.0,public_balanced,0.35,0.05,0.01,0.01,0.1,0.05,0.04,0.8,0.84,0.58,0.72,20.0,8.0,0.5,24.0,5.0,0.68,0.78,0.5,24.0,5.0,0.68,0.78,17,0,0.109919,0.09175,8.235294,3.941176,0.0,0.0,0.941958,0.747059,0.194899,0.812861,{'public_balanced': 17},16,0,0.16272,0.125471,11.5,4.8125,0.061937,0.0,0.853477,0.75875,0.094727,0.84243,{'public_balanced': 16}
559,0.09175,1.0,public_balanced,0.35,0.05,0.01,0.01,0.2,0.05,0.04,0.8,0.84,0.58,0.72,20.0,8.0,0.5,24.0,5.0,0.68,0.78,0.5,24.0,5.0,0.68,0.78,17,0,0.109919,0.09175,8.235294,3.941176,0.0,0.0,0.941958,0.747059,0.194899,0.812861,{'public_balanced': 17},16,0,0.168914,0.125471,11.5,4.8125,0.061937,0.0,0.853477,0.75875,0.094727,0.84243,{'public_balanced': 16}
560,0.09244584,1.0,public_balanced,0.35,0.05,0.01,0.02,0.02,0.05,0.04,0.8,0.84,0.58,0.72,20.0,8.0,0.5,24.0,5.0,0.68,0.78,0.5,24.0,5.0,0.68,0.78,17,0,0.113532,0.090899,8.411765,3.411765,0.038671,0.0,0.944574,0.747059,0.197515,0.812034,{'public_balanced': 17},16,0,0.16033,0.121364,11.25,3.875,0.218231,0.0,0.854272,0.75875,0.095522,0.839188,{'public_balanced': 16}
561,0.09244584,1.0,public_balanced,0.35,0.05,0.01,0.02,0.05,0.05,0.04,0.8,0.84,0.58,0.72,20.0,8.0,0.5,24.0,5.0,0.68,0.78,0.5,24.0,5.0,0.68,0.78,17,0,0.114692,0.090899,8.411765,3.411765,0.038671,0.0,0.944574,0.747059,0.197515,0.812034,{'public_balanced': 17},16,0,0.165639,0.125471,11.5,4.8125,0.061937,0.0,0.853477,0.75875,0.094727,0.84243,{'public_balanced': 16}
562,0.09175,1.0,public_balanced,0.35,0.05,0.01,0.02,0.1,0.05,0.04,0.8,0.84,0.58,0.72,20.0,8.0,0.5,24.0,5.0,0.68,0.78,0.5,24.0,5.0,0.68,0.78,17,0,0.114845,0.09175,8.235294,3.941176,0.0,0.0,0.941958,0.747059,0.194899,0.812861,{'public_balanced': 17},16,0,0.168736,0.125471,11.5,4.8125,0.061937,0.0,0.853477,0.75875,0.094727,0.84243,{'public_balanced': 16}
563,0.09175,1.0,public_balanced,0.35,0.05,0.01,0.02,0.2,0.05,0.04,0.8,0.84,0.58,0.72,20.0,8.0,0.5,24.0,5.0,0.68,0.78,0.5,24.0,5.0,0.68,0.78,17,0,0.114845,0.09175,8.235294,3.941176,0.0,0.0,0.941958,0.747059,0.194899,0.812861,{'public_balanced': 17},16,0,0.174929,0.125471,11.5,4.8125,0.061937,0.0,0.853477,0.75875,0.094727,0.84243,{'public_balanced': 16}
564,0.09175,1.0,public_balanced,0.35,0.05,0.02,0.0,0.02,0.05,0.04,0.8,0.84,0.58,0.72,20.0,8.0,0.5,24.0,5.0,0.68,0.78,0.5,24.0,5.0,0.68,0.78,17,0,0.10911,0.09175,8.235294,3.941176,0.0,0.0,0.941958,0.747059,0.194899,0.812861,{'public_balanced': 17},16,0,0.156268,0.121364,11.25,3.875,0.218231,0.0,0.854272,0.75875,0.095522,0.839188,{'public_balanced': 16}
565,0.09175,1.0,public_balanced,0.35,0.05,0.02,0.0,0.05,0.05,0.04,0.8,0.84,0.58,0.72,20.0,8.0,0.5,24.0,5.0,0.68,0.78,0.5,24.0,5.0,0.68,0.78,17,0,0.10911,0.09175,8.235294,3.941176,0.0,0.0,0.941958,0.747059,0.194899,0.812861,{'public_balanced': 17},16,0,0.159358,0.125471,11.5,4.8125,0.061937,0.0,0.853477,0.75875,0.094727,0.84243,{'public_balanced': 16}
566,0.09175,1.0,public_balanced,0.35,0.05,0.02,0.0,0.1,0.05,0.04,0.8,0.84,0.58,0.72,20.0,8.0,0.5,24.0,5.0,0.68,0.78,0.5,24.0,5.0,0.68,0.78,17,0,0.10911,0.09175,8.235294,3.941176,0.0,0.0,0.941958,0.747059,0.194899,0.812861,{'public_balanced': 17},16,0,0.162454,0.125471,11.5,4.8125,0.061937,0.0,0.853477,0.75875,0.094727,0.84243,{'public_balanced': 16}
567,0.09175,1.0,public_balanced,0.35,0.05,0.02,0.0,0.2,0.05,0.04,0.8,0.84,0.58,0.72,20.0,8.0,0.5,24.0,5.0,0.68,0.78,0.5,24.0,5.0,0.68,0.78,17,0,0.10911,0.09175,8.235294,3.941176,0.0,0.0,0.941958,0.747059,0.194899,0.812861,{'public_balanced': 17},16,0,0.168648,0.125471,11.5,4.8125,0.061937,0.0,0.853477,0.75875,0.094727,0.84243,{'public_balanced': 16}
568,0.09244584,1.0,public_balanced,0.35,0.05,0.02,0.01,0.02,0.05,0.04,0.8,0.84,0.58,0.72,20.0,8.0,0.5,24.0,5.0,0.68,0.78,0.5,24.0,5.0,0.68,0.78,17,0,0.113473,0.090899,8.411765,3.411765,0.038671,0.0,0.944574,0.747059,0.197515,0.812034,{'public_balanced': 17},16,0,0.161112,0.121364,11.25,3.875,0.218231,0.0,0.854272,0.75875,0.095522,0.839188,{'public_balanced': 16}
569,0.09175,1.0,public_balanced,0.35,0.05,0.02,0.01,0.05,0.05,0.04,0.8,0.84,0.58,0.72,20.0,8.0,0.5,24.0,5.0,0.68,0.78,0.5,24.0,5.0,0.68,0.78,17,0,0.114036,0.09175,8.235294,3.941176,0.0,0.0,0.941958,0.747059,0.194899,0.812861,{'public_balanced': 17},16,0,0.165373,0.125471,11.5,4.8125,0.061937,0.0,0.853477,0.75875,0.094727,0.84243,{'public_balanced': 16}
570,0.09175,1.0,public_balanced,0.35,0.05,0.02,0.01,0.1,0.05,0.04,0.8,0.84,0.58,0.72,20.0,8.0,0.5,24.0,5.0,0.68,0.78,0.5,24.0,5.0,0.68,0.78,17,0,0.114036,0.09175,8.235294,3.941176,0.0,0.0,0.941958,0.747059,0.194899,0.812861,{'public_balanced': 17},16,0,0.16847,0.125471,11.5,4.8125,0.061937,0.0,0.853477,0.75875,0.094727,0.84243,{'public_balanced': 16}
571,0.09175,1.0,public_balanced,0.35,0.05,0.02,0.01,0.2,0.05,0.04,0.8,0.84,0.58,0.72,20.0,8.0,0.5,24.0,5.0,0.68,0.78,0.5,24.0,5.0,0.68,0.78,17,0,0.114036,0.09175,8.235294,3.941176,0.0,0.0,0.941958,0.747059,0.194899,0.812861,{'public_balanced': 17},16,0,0.174664,0.125471,11.5,4.8125,0.061937,0.0,0.853477,0.75875,0.094727,0.84243,{'public_balanced': 16}
572,0.09244584,1.0,public_balanced,0.35,0.05,0.02,0.02,0.02,0.05,0.04,0.8,0.84,0.58,0.72,20.0,8.0,0.5,24.0,5.0,0.68,0.78,0.5,24.0,5.0,0.68,0.78,17,0,0.117738,0.090899,8.411765,3.411765,0.038671,0.0,0.944574,0.747059,0.197515,0.812034,{'public_balanced': 17},16,0,0.165955,0.121364,11.25,3.875,0.218231,0.0,0.854272,0.75875,0.095522,0.839188,{'public_balanced': 16}
573,0.09244584,1.0,public_balanced,0.35,0.05,0.02,0.02,0.05,0.05,0.04,0.8,0.84,0.58,0.72,20.0,8.0,0.5,24.0,5.0,0.68,0.78,0.5,24.0,5.0,0.68,0.78,17,0,0.118898,0.090899,8.411765,3.411765,0.038671,0.0,0.944574,0.747059,0.197515,0.812034,{'public_balanced': 17},16,0,0.171389,0.125471,11.5,4.8125,0.061937,0.0,0.853477,0.75875,0.094727,0.84243,{'public_balanced': 16}
574,0.09175,1.0,public_balanced,0.35,0.05,0.02,0.02,0.1,0.05,0.04,0.8,0.84,0.58,0.72,20.0,8.0,0.5,24.0,5.0,0.68,0.78,0.5,24.0,5.0,0.68,0.78,17,0,0.118963,0.09175,8.235294,3.941176,0.0,0.0,0.941958,0.747059,0.194899,0.812861,{'public_balanced': 17},16,0,0.174486,0.125471,11.5,4.8125,0.061937,0.0,0.853477,0.75875,0.094727,0.84243,{'public_balanced': 16}
575,0.09175,1.0,public_balanced,0.35,0.05,0.02,0.02,0.2,0.05,0.04,0.8,0.84,0.58,0.72,20.0,8.0,0.5,24.0,5.0,0.68,0.78,0.5,24.0,5.0,0.68,0.78,17,0,0.118963,0.09175,8.235294,3.941176,0.0,0.0,0.941958,0.747059,0.194899,0.812861,{'public_balanced': 17},16,0,0.180679,0.125471,11.5,4.8125,0.061937,0.0,0.853477,0.75875,0.094727,0.84243,{'public_balanced': 16}
576,0.09294284,1.0,public_balanced,0.35,0.15,0.0,0.0,0.02,0.05,0.04,0.8,0.84,0.58,0.72,20.0,8.0,0.5,24.0,5.0,0.68,0.78,0.5,24.0,5.0,0.68,0.78,17,0,0.102789,0.091396,8.470588,3.411765,0.038671,0.0,0.922293,0.747059,0.175234,0.829168,{'public_balanced': 17},16,0,0.146195,0.121364,11.25,3.875,0.218231,0.0,0.854272,0.75875,0.095522,0.839188,{'public_balanced': 16}
577,0.092247,1.0,public_balanced,0.35,0.15,0.0,0.0,0.05,0.05,0.04,0.8,0.84,0.58,0.72,20.0,8.0,0.5,24.0,5.0,0.68,0.78,0.5,24.0,5.0,0.68,0.78,17,0,0.102867,0.092247,8.294118,3.941176,0.0,0.0,0.919677,0.747059,0.172618,0.829994,{'public_balanced': 17},16,0,0.149035,0.125471,11.5,4.8125,0.061937,0.0,0.853477,0.75875,0.094727,0.84243,{'public_balanced': 16}
578,0.092247,1.0,public_balanced,0.35,0.15,0.0,0.0,0.1,0.05,0.04,0.8,0.84,0.58,0.72,20.0,8.0,0.5,24.0,5.0,0.68,0.78,0.5,24.0,5.0,0.68,0.78,17,0,0.102867,0.092247,8.294118,3.941176,0.0,0.0,0.919677,0.747059,0.172618,0.829994,{'public_balanced': 17},16,0,0.152132,0.125471,11.5,4.8125,0.061937,0.0,0.853477,0.75875,0.094727,0.84243,{'public_balanced': 16}
579,0.092247,1.0,public_balanced,0.35,0.15,0.0,0.0,0.2,0.05,0.04,0.8,0.84,0.58,0.72,20.0,8.0,0.5,24.0,5.0,0.68,0.78,0.5,24.0,5.0,0.68,0.78,17,0,0.102867,0.092247,8.294118,3.941176,0.0,0.0,0.919677,0.747059,0.172618,0.829994,{'public_balanced': 17},16,0,0.158326,0.125471,11.5,4.8125,0.061937,0.0,0.853477,0.75875,0.094727,0.84243,{'public_balanced': 16}
580,0.09294284,1.0,public_balanced,0.35,0.15,0.0,0.01,0.02,0.05,0.04,0.8,0.84,0.58,0.72,20.0,8.0,0.5,24.0,5.0,0.68,0.78,0.5,24.0,5.0,0.68,0.78,17,0,0.107054,0.091396,8.470588,3.411765,0.038671,0.0,0.922293,0.747059,0.175234,0.829168,{'public_balanced': 17},16,0,0.151039,0.121364,11.25,3.875,0.218231,0.0,0.854272,0.75875,0.095522,0.839188,{'public_balanced': 16}
581,0.092247,1.0,public_balanced,0.35,0.15,0.0,0.01,0.05,0.05,0.04,0.8,0.84,0.58,0.72,20.0,8.0,0.5,24.0,5.0,0.68,0.78,0.5,24.0,5.0,0.68,0.78,17,0,0.107793,0.092247,8.294118,3.941176,0.0,0.0,0.919677,0.747059,0.172618,0.829994,{'public_balanced': 17},16,0,0.155051,0.125471,11.5,4.8125,0.061937,0.0,0.853477,0.75875,0.094727,0.84243,{'public_balanced': 16}
582,0.092247,1.0,public_balanced,0.35,0.15,0.0,0.01,0.1,0.05,0.04,0.8,0.84,0.58,0.72,20.0,8.0,0.5,24.0,5.0,0.68,0.78,0.5,24.0,5.0,0.68,0.78,17,0,0.107793,0.092247,8.294118,3.941176,0.0,0.0,0.919677,0.747059,0.172618,0.829994,{'public_balanced': 17},16,0,0.158147,0.125471,11.5,4.8125,0.061937,0.0,0.853477,0.75875,0.094727,0.84243,{'public_balanced': 16}
583,0.092247,1.0,public_balanced,0.35,0.15,0.0,0.01,0.2,0.05,0.04,0.8,0.84,0.58,0.72,20.0,8.0,0.5,24.0,5.0,0.68,0.78,0.5,24.0,5.0,0.68,0.78,17,0,0.107793,0.092247,8.294118,3.941176,0.0,0.0,0.919677,0.747059,0.172618,0.829994,{'public_balanced': 17},16,0,0.164341,0.125471,11.5,4.8125,0.061937,0.0,0.853477,0.75875,0.094727,0.84243,{'public_balanced': 16}
584,0.09294284,1.0,public_balanced,0.35,0.15,0.0,0.02,0.02,0.05,0.04,0.8,0.84,0.58,0.72,20.0,8.0,0.5,24.0,5.0,0.68,0.78,0.5,24.0,5.0,0.68,0.78,17,0,0.111318,0.091396,8.470588,3.411765,0.038671,0.0,0.922293,0.747059,0.175234,0.829168,{'public_balanced': 17},16,0,0.155883,0.121364,11.25,3.875,0.218231,0.0,0.854272,0.75875,0.095522,0.839188,{'public_balanced': 16}
585,0.09294284,1.0,public_balanced,0.35,0.15,0.0,0.02,0.05,0.05,0.04,0.8,0.84,0.58,0.72,20.0,8.0,0.5,24.0,5.0,0.68,0.78,0.5,24.0,5.0,0.68,0.78,17,0,0.112478,0.091396,8.470588,3.411765,0.038671,0.0,0.922293,0.747059,0.175234,0.829168,{'public_balanced': 17},16,0,0.161066,0.125471,11.5,4.8125,0.061937,0.0,0.853477,0.75875,0.094727,0.84243,{'public_balanced': 16}
586,0.092247,1.0,public_balanced,0.35,0.15,0.0,0.02,0.1,0.05,0.04,0.8,0.84,0.58,0.72,20.0,8.0,0.5,24.0,5.0,0.68,0.78,0.5,24.0,5.0,0.68,0.78,17,0,0.11272,0.092247,8.294118,3.941176,0.0,0.0,0.919677,0.747059,0.172618,0.829994,{'public_balanced': 17},16,0,0.164163,0.125471,11.5,4.8125,0.061937,0.0,0.853477,0.75875,0.094727,0.84243,{'public_balanced': 16}
587,0.092247,1.0,public_balanced,0.35,0.15,0.0,0.02,0.2,0.05,0.04,0.8,0.84,0.58,0.72,20.0,8.0,0.5,24.0,5.0,0.68,0.78,0.5,24.0,5.0,0.68,0.78,17,0,0.11272,0.092247,8.294118,3.941176,0.0,0.0,0.919677,0.747059,0.172618,0.829994,{'public_balanced': 17},16,0,0.170357,0.125471,11.5,4.8125,0.061937,0.0,0.853477,0.75875,0.094727,0.84243,{'public_balanced': 16}
588,0.092247,1.0,public_balanced,0.35,0.15,0.01,0.0,0.02,0.05,0.04,0.8,0.84,0.58,0.72,20.0,8.0,0.5,24.0,5.0,0.68,0.78,0.5,24.0,5.0,0.68,0.78,17,0,0.107014,0.092247,8.294118,3.941176,0.0,0.0,0.919677,0.747059,0.172618,0.829994,{'public_balanced': 17},16,0,0.15182,0.121364,11.25,3.875,0.218231,0.0,0.854272,0.75875,0.095522,0.839188,{'public_balanced': 16}
589,0.092247,1.0,public_balanced,0.35,0.15,0.01,0.0,0.05,0.05,0.04,0.8,0.84,0.58,0.72,20.0,8.0,0.5,24.0,5.0,0.68,0.78,0.5,24.0,5.0,0.68,0.78,17,0,0.107014,0.092247,8.294118,3.941176,0.0,0.0,0.919677,0.747059,0.172618,0.829994,{'public_balanced': 17},16,0,0.154785,0.125471,11.5,4.8125,0.061937,0.0,0.853477,0.75875,0.094727,0.84243,{'public_balanced': 16}
590,0.092247,1.0,public_balanced,0.35,0.15,0.01,0.0,0.1,0.05,0.04,0.8,0.84,0.58,0.72,20.0,8.0,0.5,24.0,5.0,0.68,0.78,0.5,24.0,5.0,0.68,0.78,17,0,0.107014,0.092247,8.294118,3.941176,0.0,0.0,0.919677,0.747059,0.172618,0.829994,{'public_balanced': 17},16,0,0.157882,0.125471,11.5,4.8125,0.061937,0.0,0.853477,0.75875,0.094727,0.84243,{'public_balanced': 16}
591,0.092247,1.0,public_balanced,0.35,0.15,0.01,0.0,0.2,0.05,0.04,0.8,0.84,0.58,0.72,20.0,8.0,0.5,24.0,5.0,0.68,0.78,0.5,24.0,5.0,0.68,0.78,17,0,0.107014,0.092247,8.294118,3.941176,0.0,0.0,0.919677,0.747059,0.172618,0.829994,{'public_balanced': 17},16,0,0.164076,0.125471,11.5,4.8125,0.061937,0.0,0.853477,0.75875,0.094727,0.84243,{'public_balanced': 16}
592,0.09294284,1.0,public_balanced,0.35,0.15,0.01,0.01,0.02,0.05,0.04,0.8,0.84,0.58,0.72,20.0,8.0,0.5,24.0,5.0,0.68,0.78,0.5,24.0,5.0,0.68,0.78,17,0,0.111289,0.091396,8.470588,3.411765,0.038671,0.0,0.922293,0.747059,0.175234,0.829168,{'public_balanced': 17},16,0,0.156664,0.121364,11.25,3.875,0.218231,0.0,0.854272,0.75875,0.095522,0.839188,{'public_balanced': 16}
593,0.092247,1.0,public_balanced,0.35,0.15,0.01,0.01,0.05,0.05,0.04,0.8,0.84,0.58,0.72,20.0,8.0,0.5,24.0,5.0,0.68,0.78,0.5,24.0,5.0,0.68,0.78,17,0,0.11194,0.092247,8.294118,3.941176,0.0,0.0,0.919677,0.747059,0.172618,0.829994,{'public_balanced': 17},16,0,0.160801,0.125471,11.5,4.8125,0.061937,0.0,0.853477,0.75875,0.094727,0.84243,{'public_balanced': 16}
594,0.092247,1.0,public_balanced,0.35,0.15,0.01,0.01,0.1,0.05,0.04,0.8,0.84,0.58,0.72,20.0,8.0,0.5,24.0,5.0,0.68,0.78,0.5,24.0,5.0,0.68,0.78,17,0,0.11194,0.092247,8.294118,3.941176,0.0,0.0,0.919677,0.747059,0.172618,0.829994,{'public_balanced': 17},16,0,0.163897,0.125471,11.5,4.8125,0.061937,0.0,0.853477,0.75875,0.094727,0.84243,{'public_balanced': 16}
595,0.092247,1.0,public_balanced,0.35,0.15,0.01,0.01,0.2,0.05,0.04,0.8,0.84,0.58,0.72,20.0,8.0,0.5,24.0,5.0,0.68,0.78,0.5,24.0,5.0,0.68,0.78,17,0,0.11194,0.092247,8.294118,3.941176,0.0,0.0,0.919677,0.747059,0.172618,0.829994,{'public_balanced': 17},16,0,0.170091,0.125471,11.5,4.8125,0.061937,0.0,0.853477,0.75875,0.094727,0.84243,{'public_balanced': 16}
596,0.09294284,1.0,public_balanced,0.35,0.15,0.01,0.02,0.02,0.05,0.04,0.8,0.84,0.58,0.72,20.0,8.0,0.5,24.0,5.0,0.68,0.78,0.5,24.0,5.0,0.68,0.78,17,0,0.115554,0.091396,8.470588,3.411765,0.038671,0.0,0.922293,0.747059,0.175234,0.829168,{'public_balanced': 17},16,0,0.161508,0.121364,11.25,3.875,0.218231,0.0,0.854272,0.75875,0.095522,0.839188,{'public_balanced': 16}
597,0.09294284,1.0,public_balanced,0.35,0.15,0.01,0.02,0.05,0.05,0.04,0.8,0.84,0.58,0.72,20.0,8.0,0.5,24.0,5.0,0.68,0.78,0.5,24.0,5.0,0.68,0.78,17,0,0.116714,0.091396,8.470588,3.411765,0.038671,0.0,0.922293,0.747059,0.175234,0.829168,{'public_balanced': 17},16,0,0.166816,0.125471,11.5,4.8125,0.061937,0.0,0.853477,0.75875,0.094727,0.84243,{'public_balanced': 16}
598,0.092247,1.0,public_balanced,0.35,0.15,0.01,0.02,0.1,0.05,0.04,0.8,0.84,0.58,0.72,20.0,8.0,0.5,24.0,5.0,0.68,0.78,0.5,24.0,5.0,0.68,0.78,17,0,0.116867,0.092247,8.294118,3.941176,0.0,0.0,0.919677,0.747059,0.172618,0.829994,{'public_balanced': 17},16,0,0.169913,0.125471,11.5,4.8125,0.061937,0.0,0.853477,0.75875,0.094727,0.84243,{'public_balanced': 16}
599,0.092247,1.0,public_balanced,0.35,0.15,0.01,0.02,0.2,0.05,0.04,0.8,0.84,0.58,0.72,20.0,8.0,0.5,24.0,5.0,0.68,0.78,0.5,24.0,5.0,0.68,0.78,17,0,0.116867,0.092247,8.294118,3.941176,0.0,0.0,0.919677,0.747059,0.172618,0.829994,{'public_balanced': 17},16,0,0.176107,0.125471,11.5,4.8125,0.061937,0.0,0.853477,0.75875,0.094727,0.84243,{'public_balanced': 16}
600,0.092247,1.0,public_balanced,0.35,0.15,0.02,0.0,0.02,0.05,0.04,0.8,0.84,0.58,0.72,20.0,8.0,0.5,24.0,5.0,0.68,0.78,0.5,24.0,5.0,0.68,0.78,17,0,0.111161,0.092247,8.294118,3.941176,0.0,0.0,0.919677,0.747059,0.172618,0.829994,{'public_balanced': 17},16,0,0.157445,0.121364,11.25,3.875,0.218231,0.0,0.854272,0.75875,0.095522,0.839188,{'public_balanced': 16}
601,0.092247,1.0,public_balanced,0.35,0.15,0.02,0.0,0.05,0.05,0.04,0.8,0.84,0.58,0.72,20.0,8.0,0.5,24.0,5.0,0.68,0.78,0.5,24.0,5.0,0.68,0.78,17,0,0.111161,0.092247,8.294118,3.941176,0.0,0.0,0.919677,0.747059,0.172618,0.829994,{'public_balanced': 17},16,0,0.160535,0.125471,11.5,4.8125,0.061937,0.0,0.853477,0.75875,0.094727,0.84243,{'public_balanced': 16}
602,0.092247,1.0,public_balanced,0.35,0.15,0.02,0.0,0.1,0.05,0.04,0.8,0.84,0.58,0.72,20.0,8.0,0.5,24.0,5.0,0.68,0.78,0.5,24.0,5.0,0.68,0.78,17,0,0.111161,0.092247,8.294118,3.941176,0.0,0.0,0.919677,0.747059,0.172618,0.829994,{'public_balanced': 17},16,0,0.163632,0.125471,11.5,4.8125,0.061937,0.0,0.853477,0.75875,0.094727,0.84243,{'public_balanced': 16}
603,0.092247,1.0,public_balanced,0.35,0.15,0.02,0.0,0.2,0.05,0.04,0.8,0.84,0.58,0.72,20.0,8.0,0.5,24.0,5.0,0.68,0.78,0.5,24.0,5.0,0.68,0.78,17,0,0.111161,0.092247,8.294118,3.941176,0.0,0.0,0.919677,0.747059,0.172618,0.829994,{'public_balanced': 17},16,0,0.169826,0.125471,11.5,4.8125,0.061937,0.0,0.853477,0.75875,0.094727,0.84243,{'public_balanced': 16}
604,0.09294284,1.0,public_balanced,0.35,0.15,0.02,0.01,0.02,0.05,0.04,0.8,0.84,0.58,0.72,20.0,8.0,0.5,24.0,5.0,0.68,0.78,0.5,24.0,5.0,0.68,0.78,17,0,0.115524,0.091396,8.470588,3.411765,0.038671,0.0,0.922293,0.747059,0.175234,0.829168,{'public_balanced': 17},16,0,0.162289,0.121364,11.25,3.875,0.218231,0.0,0.854272,0.75875,0.095522,0.839188,{'public_balanced': 16}
605,0.092247,1.0,public_balanced,0.35,0.15,0.02,0.01,0.05,0.05,0.04,0.8,0.84,0.58,0.72,20.0,8.0,0.5,24.0,5.0,0.68,0.78,0.5,24.0,5.0,0.68,0.78,17,0,0.116087,0.092247,8.294118,3.941176,0.0,0.0,0.919677,0.747059,0.172618,0.829994,{'public_balanced': 17},16,0,0.166551,0.125471,11.5,4.8125,0.061937,0.0,0.853477,0.75875,0.094727,0.84243,{'public_balanced': 16}
606,0.092247,1.0,public_balanced,0.35,0.15,0.02,0.01,0.1,0.05,0.04,0.8,0.84,0.58,0.72,20.0,8.0,0.5,24.0,5.0,0.68,0.78,0.5,24.0,5.0,0.68,0.78,17,0,0.116087,0.092247,8.294118,3.941176,0.0,0.0,0.919677,0.747059,0.172618,0.829994,{'public_balanced': 17},16,0,0.169647,0.125471,11.5,4.8125,0.061937,0.0,0.853477,0.75875,0.094727,0.84243,{'public_balanced': 16}
607,0.092247,1.0,public_balanced,0.35,0.15,0.02,0.01,0.2,0.05,0.04,0.8,0.84,0.58,0.72,20.0,8.0,0.5,24.0,5.0,0.68,0.78,0.5,24.0,5.0,0.68,0.78,17,0,0.116087,0.092247,8.294118,3.941176,0.0,0.0,0.919677,0.747059,0.172618,0.829994,{'public_balanced': 17},16,0,0.175841,0.125471,11.5,4.8125,0.061937,0.0,0.853477,0.75875,0.094727,0.84243,{'public_balanced': 16}
608,0.09294284,1.0,public_balanced,0.35,0.15,0.02,0.02,0.02,0.05,0.04,0.8,0.84,0.58,0.72,20.0,8.0,0.5,24.0,5.0,0.68,0.78,0.5,24.0,5.0,0.68,0.78,17,0,0.119789,0.091396,8.470588,3.411765,0.038671,0.0,0.922293,0.747059,0.175234,0.829168,{'public_balanced': 17},16,0,0.167133,0.121364,11.25,3.875,0.218231,0.0,0.854272,0.75875,0.095522,0.839188,{'public_balanced': 16}
609,0.09294284,1.0,public_balanced,0.35,0.15,0.02,0.02,0.05,0.05,0.04,0.8,0.84,0.58,0.72,20.0,8.0,0.5,24.0,5.0,0.68,0.78,0.5,24.0,5.0,0.68,0.78,17,0,0.120949,0.091396,8.470588,3.411765,0.038671,0.0,0.922293,0.747059,0.175234,0.829168,{'public_balanced': 17},16,0,0.172566,0.125471,11.5,4.8125,0.061937,0.0,0.853477,0.75875,0.094727,0.84243,{'public_balanced': 16}
610,0.092247,1.0,public_balanced,0.35,0.15,0.02,0.02,0.1,0.05,0.04,0.8,0.84,0.58,0.72,20.0,8.0,0.5,24.0,5.0,0.68,0.78,0.5,24.0,5.0,0.68,0.78,17,0,0.121014,0.092247,8.294118,3.941176,0.0,0.0,0.919677,0.747059,0.172618,0.829994,{'public_balanced': 17},16,0,0.175663,0.125471,11.5,4.8125,0.061937,0.0,0.853477,0.75875,0.094727,0.84243,{'public_balanced': 16}
611,0.092247,1.0,public_balanced,0.35,0.15,0.02,0.02,0.2,0.05,0.04,0.8,0.84,0.58,0.72,20.0,8.0,0.5,24.0,5.0,0.68,0.78,0.5,24.0,5.0,0.68,0.78,17,0,0.121014,0.092247,8.294118,3.941176,0.0,0.0,0.919677,0.747059,0.172618,0.829994,{'public_balanced': 17},16,0,0.181857,0.125471,11.5,4.8125,0.061937,0.0,0.853477,0.75875,0.094727,0.84243,{'public_balanced': 16}
612,0.09294284,1.0,public_balanced,0.35,0.3,0.0,0.0,0.02,0.05,0.04,0.8,0.84,0.58,0.72,20.0,8.0,0.5,24.0,5.0,0.68,0.78,0.5,24.0,5.0,0.68,0.78,17,0,0.105356,0.091396,8.470588,3.411765,0.038671,0.0,0.922293,0.747059,0.175234,0.829168,{'public_balanced': 17},16,0,0.147962,0.121364,11.25,3.875,0.218231,0.0,0.854272,0.75875,0.095522,0.839188,{'public_balanced': 16}
613,0.092247,1.0,public_balanced,0.35,0.3,0.0,0.0,0.05,0.05,0.04,0.8,0.84,0.58,0.72,20.0,8.0,0.5,24.0,5.0,0.68,0.78,0.5,24.0,5.0,0.68,0.78,17,0,0.105434,0.092247,8.294118,3.941176,0.0,0.0,0.919677,0.747059,0.172618,0.829994,{'public_balanced': 17},16,0,0.150801,0.125471,11.5,4.8125,0.061937,0.0,0.853477,0.75875,0.094727,0.84243,{'public_balanced': 16}
614,0.092247,1.0,public_balanced,0.35,0.3,0.0,0.0,0.1,0.05,0.04,0.8,0.84,0.58,0.72,20.0,8.0,0.5,24.0,5.0,0.68,0.78,0.5,24.0,5.0,0.68,0.78,17,0,0.105434,0.092247,8.294118,3.941176,0.0,0.0,0.919677,0.747059,0.172618,0.829994,{'public_balanced': 17},16,0,0.153898,0.125471,11.5,4.8125,0.061937,0.0,0.853477,0.75875,0.094727,0.84243,{'public_balanced': 16}
615,0.092247,1.0,public_balanced,0.35,0.3,0.0,0.0,0.2,0.05,0.04,0.8,0.84,0.58,0.72,20.0,8.0,0.5,24.0,5.0,0.68,0.78,0.5,24.0,5.0,0.68,0.78,17,0,0.105434,0.092247,8.294118,3.941176,0.0,0.0,0.919677,0.747059,0.172618,0.829994,{'public_balanced': 17},16,0,0.160092,0.125471,11.5,4.8125,0.061937,0.0,0.853477,0.75875,0.094727,0.84243,{'public_balanced': 16}
616,0.09294284,1.0,public_balanced,0.35,0.3,0.0,0.01,0.02,0.05,0.04,0.8,0.84,0.58,0.72,20.0,8.0,0.5,24.0,5.0,0.68,0.78,0.5,24.0,5.0,0.68,0.78,17,0,0.109621,0.091396,8.470588,3.411765,0.038671,0.0,0.922293,0.747059,0.175234,0.829168,{'public_balanced': 17},16,0,0.152805,0.121364,11.25,3.875,0.218231,0.0,0.854272,0.75875,0.095522,0.839188,{'public_balanced': 16}
617,0.092247,1.0,public_balanced,0.35,0.3,0.0,0.01,0.05,0.05,0.04,0.8,0.84,0.58,0.72,20.0,8.0,0.5,24.0,5.0,0.68,0.78,0.5,24.0,5.0,0.68,0.78,17,0,0.110361,0.092247,8.294118,3.941176,0.0,0.0,0.919677,0.747059,0.172618,0.829994,{'public_balanced': 17},16,0,0.156817,0.125471,11.5,4.8125,0.061937,0.0,0.853477,0.75875,0.094727,0.84243,{'public_balanced': 16}
618,0.092247,1.0,public_balanced,0.35,0.3,0.0,0.01,0.1,0.05,0.04,0.8,0.84,0.58,0.72,20.0,8.0,0.5,24.0,5.0,0.68,0.78,0.5,24.0,5.0,0.68,0.78,17,0,0.110361,0.092247,8.294118,3.941176,0.0,0.0,0.919677,0.747059,0.172618,0.829994,{'public_balanced': 17},16,0,0.159914,0.125471,11.5,4.8125,0.061937,0.0,0.853477,0.75875,0.094727,0.84243,{'public_balanced': 16}
619,0.092247,1.0,public_balanced,0.35,0.3,0.0,0.01,0.2,0.05,0.04,0.8,0.84,0.58,0.72,20.0,8.0,0.5,24.0,5.0,0.68,0.78,0.5,24.0,5.0,0.68,0.78,17,0,0.110361,0.092247,8.294118,3.941176,0.0,0.0,0.919677,0.747059,0.172618,0.829994,{'public_balanced': 17},16,0,0.166107,0.125471,11.5,4.8125,0.061937,0.0,0.853477,0.75875,0.094727,0.84243,{'public_balanced': 16}
620,0.09294284,1.0,public_balanced,0.35,0.3,0.0,0.02,0.02,0.05,0.04,0.8,0.84,0.58,0.72,20.0,8.0,0.5,24.0,5.0,0.68,0.78,0.5,24.0,5.0,0.68,0.78,17,0,0.113886,0.091396,8.470588,3.411765,0.038671,0.0,0.922293,0.747059,0.175234,0.829168,{'public_balanced': 17},16,0,0.157649,0.121364,11.25,3.875,0.218231,0.0,0.854272,0.75875,0.095522,0.839188,{'public_balanced': 16}
621,0.09294284,1.0,public_balanced,0.35,0.3,0.0,0.02,0.05,0.05,0.04,0.8,0.84,0.58,0.72,20.0,8.0,0.5,24.0,5.0,0.68,0.78,0.5,24.0,5.0,0.68,0.78,17,0,0.115046,0.091396,8.470588,3.411765,0.038671,0.0,0.922293,0.747059,0.175234,0.829168,{'public_balanced': 17},16,0,0.162832,0.125471,11.5,4.8125,0.061937,0.0,0.853477,0.75875,0.094727,0.84243,{'public_balanced': 16}
622,0.092247,1.0,public_balanced,0.35,0.3,0.0,0.02,0.1,0.05,0.04,0.8,0.84,0.58,0.72,20.0,8.0,0.5,24.0,5.0,0.68,0.78,0.5,24.0,5.0,0.68,0.78,17,0,0.115287,0.092247,8.294118,3.941176,0.0,0.0,0.919677,0.747059,0.172618,0.829994,{'public_balanced': 17},16,0,0.165929,0.125471,11.5,4.8125,0.061937,0.0,0.853477,0.75875,0.094727,0.84243,{'public_balanced': 16}
623,0.092247,1.0,public_balanced,0.35,0.3,0.0,0.02,0.2,0.05,0.04,0.8,0.84,0.58,0.72,20.0,8.0,0.5,24.0,5.0,0.68,0.78,0.5,24.0,5.0,0.68,0.78,17,0,0.115287,0.092247,8.294118,3.941176,0.0,0.0,0.919677,0.747059,0.172618,0.829994,{'public_balanced': 17},16,0,0.172123,0.125471,11.5,4.8125,0.061937,0.0,0.853477,0.75875,0.094727,0.84243,{'public_balanced': 16}
624,0.092247,1.0,public_balanced,0.35,0.3,0.01,0.0,0.02,0.05,0.04,0.8,0.84,0.58,0.72,20.0,8.0,0.5,24.0,5.0,0.68,0.78,0.5,24.0,5.0,0.68,0.78,17,0,0.109581,0.092247,8.294118,3.941176,0.0,0.0,0.919677,0.747059,0.172618,0.829994,{'public_balanced': 17},16,0,0.153587,0.121364,11.25,3.875,0.218231,0.0,0.854272,0.75875,0.095522,0.839188,{'public_balanced': 16}
625,0.092247,1.0,public_balanced,0.35,0.3,0.01,0.0,0.05,0.05,0.04,0.8,0.84,0.58,0.72,20.0,8.0,0.5,24.0,5.0,0.68,0.78,0.5,24.0,5.0,0.68,0.78,17,0,0.109581,0.092247,8.294118,3.941176,0.0,0.0,0.919677,0.747059,0.172618,0.829994,{'public_balanced': 17},16,0,0.156551,0.125471,11.5,4.8125,0.061937,0.0,0.853477,0.75875,0.094727,0.84243,{'public_balanced': 16}
626,0.092247,1.0,public_balanced,0.35,0.3,0.01,0.0,0.1,0.05,0.04,0.8,0.84,0.58,0.72,20.0,8.0,0.5,24.0,5.0,0.68,0.78,0.5,24.0,5.0,0.68,0.78,17,0,0.109581,0.092247,8.294118,3.941176,0.0,0.0,0.919677,0.747059,0.172618,0.829994,{'public_balanced': 17},16,0,0.159648,0.125471,11.5,4.8125,0.061937,0.0,0.853477,0.75875,0.094727,0.84243,{'public_balanced': 16}
627,0.092247,1.0,public_balanced,0.35,0.3,0.01,0.0,0.2,0.05,0.04,0.8,0.84,0.58,0.72,20.0,8.0,0.5,24.0,5.0,0.68,0.78,0.5,24.0,5.0,0.68,0.78,17,0,0.109581,0.092247,8.294118,3.941176,0.0,0.0,0.919677,0.747059,0.172618,0.829994,{'public_balanced': 17},16,0,0.165842,0.125471,11.5,4.8125,0.061937,0.0,0.853477,0.75875,0.094727,0.84243,{'public_balanced': 16}
628,0.09294284,1.0,public_balanced,0.35,0.3,0.01,0.01,0.02,0.05,0.04,0.8,0.84,0.58,0.72,20.0,8.0,0.5,24.0,5.0,0.68,0.78,0.5,24.0,5.0,0.68,0.78,17,0,0.113856,0.091396,8.470588,3.411765,0.038671,0.0,0.922293,0.747059,0.175234,0.829168,{'public_balanced': 17},16,0,0.15843,0.121364,11.25,3.875,0.218231,0.0,0.854272,0.75875,0.095522,0.839188,{'public_balanced': 16}
629,0.092247,1.0,public_balanced,0.35,0.3,0.01,0.01,0.05,0.05,0.04,0.8,0.84,0.58,0.72,20.0,8.0,0.5,24.0,5.0,0.68,0.78,0.5,24.0,5.0,0.68,0.78,17,0,0.114508,0.092247,8.294118,3.941176,0.0,0.0,0.919677,0.747059,0.172618,0.829994,{'public_balanced': 17},16,0,0.162567,0.125471,11.5,4.8125,0.061937,0.0,0.853477,0.75875,0.094727,0.84243,{'public_balanced': 16}
630,0.092247,1.0,public_balanced,0.35,0.3,0.01,0.01,0.1,0.05,0.04,0.8,0.84,0.58,0.72,20.0,8.0,0.5,24.0,5.0,0.68,0.78,0.5,24.0,5.0,0.68,0.78,17,0,0.114508,0.092247,8.294118,3.941176,0.0,0.0,0.919677,0.747059,0.172618,0.829994,{'public_balanced': 17},16,0,0.165664,0.125471,11.5,4.8125,0.061937,0.0,0.853477,0.75875,0.094727,0.84243,{'public_balanced': 16}
631,0.092247,1.0,public_balanced,0.35,0.3,0.01,0.01,0.2,0.05,0.04,0.8,0.84,0.58,0.72,20.0,8.0,0.5,24.0,5.0,0.68,0.78,0.5,24.0,5.0,0.68,0.78,17,0,0.114508,0.092247,8.294118,3.941176,0.0,0.0,0.919677,0.747059,0.172618,0.829994,{'public_balanced': 17},16,0,0.171857,0.125471,11.5,4.8125,0.061937,0.0,0.853477,0.75875,0.094727,0.84243,{'public_balanced': 16}
632,0.09294284,1.0,public_balanced,0.35,0.3,0.01,0.02,0.02,0.05,0.04,0.8,0.84,0.58,0.72,20.0,8.0,0.5,24.0,5.0,0.68,0.78,0.5,24.0,5.0,0.68,0.78,17,0,0.118121,0.091396,8.470588,3.411765,0.038671,0.0,0.922293,0.747059,0.175234,0.829168,{'public_balanced': 17},16,0,0.163274,0.121364,11.25,3.875,0.218231,0.0,0.854272,0.75875,0.095522,0.839188,{'public_balanced': 16}
633,0.09294284,1.0,public_balanced,0.35,0.3,0.01,0.02,0.05,0.05,0.04,0.8,0.84,0.58,0.72,20.0,8.0,0.5,24.0,5.0,0.68,0.78,0.5,24.0,5.0,0.68,0.78,17,0,0.119281,0.091396,8.470588,3.411765,0.038671,0.0,0.922293,0.747059,0.175234,0.829168,{'public_balanced': 17},16,0,0.168582,0.125471,11.5,4.8125,0.061937,0.0,0.853477,0.75875,0.094727,0.84243,{'public_balanced': 16}
634,0.092247,1.0,public_balanced,0.35,0.3,0.01,0.02,0.1,0.05,0.04,0.8,0.84,0.58,0.72,20.0,8.0,0.5,24.0,5.0,0.68,0.78,0.5,24.0,5.0,0.68,0.78,17,0,0.119434,0.092247,8.294118,3.941176,0.0,0.0,0.919677,0.747059,0.172618,0.829994,{'public_balanced': 17},16,0,0.171679,0.125471,11.5,4.8125,0.061937,0.0,0.853477,0.75875,0.094727,0.84243,{'public_balanced': 16}
635,0.092247,1.0,public_balanced,0.35,0.3,0.01,0.02,0.2,0.05,0.04,0.8,0.84,0.58,0.72,20.0,8.0,0.5,24.0,5.0,0.68,0.78,0.5,24.0,5.0,0.68,0.78,17,0,0.119434,0.092247,8.294118,3.941176,0.0,0.0,0.919677,0.747059,0.172618,0.829994,{'public_balanced': 17},16,0,0.177873,0.125471,11.5,4.8125,0.061937,0.0,0.853477,0.75875,0.094727,0.84243,{'public_balanced': 16}
636,0.092247,1.0,public_balanced,0.35,0.3,0.02,0.0,0.02,0.05,0.04,0.8,0.84,0.58,0.72,20.0,8.0,0.5,24.0,5.0,0.68,0.78,0.5,24.0,5.0,0.68,0.78,17,0,0.113728,0.092247,8.294118,3.941176,0.0,0.0,0.919677,0.747059,0.172618,0.829994,{'public_balanced': 17},16,0,0.159212,0.121364,11.25,3.875,0.218231,0.0,0.854272,0.75875,0.095522,0.839188,{'public_balanced': 16}
637,0.092247,1.0,public_balanced,0.35,0.3,0.02,0.0,0.05,0.05,0.04,0.8,0.84,0.58,0.72,20.0,8.0,0.5,24.0,5.0,0.68,0.78,0.5,24.0,5.0,0.68,0.78,17,0,0.113728,0.092247,8.294118,3.941176,0.0,0.0,0.919677,0.747059,0.172618,0.829994,{'public_balanced': 17},16,0,0.162301,0.125471,11.5,4.8125,0.061937,0.0,0.853477,0.75875,0.094727,0.84243,{'public_balanced': 16}
638,0.092247,1.0,public_balanced,0.35,0.3,0.02,0.0,0.1,0.05,0.04,0.8,0.84,0.58,0.72,20.0,8.0,0.5,24.0,5.0,0.68,0.78,0.5,24.0,5.0,0.68,0.78,17,0,0.113728,0.092247,8.294118,3.941176,0.0,0.0,0.919677,0.747059,0.172618,0.829994,{'public_balanced': 17},16,0,0.165398,0.125471,11.5,4.8125,0.061937,0.0,0.853477,0.75875,0.094727,0.84243,{'public_balanced': 16}
639,0.092247,1.0,public_balanced,0.35,0.3,0.02,0.0,0.2,0.05,0.04,0.8,0.84,0.58,0.72,20.0,8.0,0.5,24.0,5.0,0.68,0.78,0.5,24.0,5.0,0.68,0.78,17,0,0.113728,0.092247,8.294118,3.941176,0.0,0.0,0.919677,0.747059,0.172618,0.829994,{'public_balanced': 17},16,0,0.171592,0.125471,11.5,4.8125,0.061937,0.0,0.853477,0.75875,0.094727,0.84243,{'public_balanced': 16}
640,0.09294284,1.0,public_balanced,0.35,0.3,0.02,0.01,0.02,0.05,0.04,0.8,0.84,0.58,0.72,20.0,8.0,0.5,24.0,5.0,0.68,0.78,0.5,24.0,5.0,0.68,0.78,17,0,0.118092,0.091396,8.470588,3.411765,0.038671,0.0,0.922293,0.747059,0.175234,0.829168,{'public_balanced': 17},16,0,0.164055,0.121364,11.25,3.875,0.218231,0.0,0.854272,0.75875,0.095522,0.839188,{'public_balanced': 16}
641,0.092247,1.0,public_balanced,0.35,0.3,0.02,0.01,0.05,0.05,0.04,0.8,0.84,0.58,0.72,20.0,8.0,0.5,24.0,5.0,0.68,0.78,0.5,24.0,5.0,0.68,0.78,17,0,0.118655,0.092247,8.294118,3.941176,0.0,0.0,0.919677,0.747059,0.172618,0.829994,{'public_balanced': 17},16,0,0.168317,0.125471,11.5,4.8125,0.061937,0.0,0.853477,0.75875,0.094727,0.84243,{'public_balanced': 16}
642,0.092247,1.0,public_balanced,0.35,0.3,0.02,0.01,0.1,0.05,0.04,0.8,0.84,0.58,0.72,20.0,8.0,0.5,24.0,5.0,0.68,0.78,0.5,24.0,5.0,0.68,0.78,17,0,0.118655,0.092247,8.294118,3.941176,0.0,0.0,0.919677,0.747059,0.172618,0.829994,{'public_balanced': 17},16,0,0.171414,0.125471,11.5,4.8125,0.061937,0.0,0.853477,0.75875,0.094727,0.84243,{'public_balanced': 16}
643,0.092247,1.0,public_balanced,0.35,0.3,0.02,0.01,0.2,0.05,0.04,0.8,0.84,0.58,0.72,20.0,8.0,0.5,24.0,5.0,0.68,0.78,0.5,24.0,5.0,0.68,0.78,17,0,0.118655,0.092247,8.294118,3.941176,0.0,0.0,0.919677,0.747059,0.172618,0.829994,{'public_balanced': 17},16,0,0.177607,0.125471,11.5,4.8125,0.061937,0.0,0.853477,0.75875,0.094727,0.84243,{'public_balanced': 16}
644,0.09294284,1.0,public_balanced,0.35,0.3,0.02,0.02,0.02,0.05,0.04,0.8,0.84,0.58,0.72,20.0,8.0,0.5,24.0,5.0,0.68,0.78,0.5,24.0,5.0,0.68,0.78,17,0,0.122356,0.091396,8.470588,3.411765,0.038671,0.0,0.922293,0.747059,0.175234,0.829168,{'public_balanced': 17},16,0,0.168899,0.121364,11.25,3.875,0.218231,0.0,0.854272,0.75875,0.095522,0.839188,{'public_balanced': 16}
645,0.09294284,1.0,public_balanced,0.35,0.3,0.02,0.02,0.05,0.05,0.04,0.8,0.84,0.58,0.72,20.0,8.0,0.5,24.0,5.0,0.68,0.78,0.5,24.0,5.0,0.68,0.78,17,0,0.123516,0.091396,8.470588,3.411765,0.038671,0.0,0.922293,0.747059,0.175234,0.829168,{'public_balanced': 17},16,0,0.174332,0.125471,11.5,4.8125,0.061937,0.0,0.853477,0.75875,0.094727,0.84243,{'public_balanced': 16}
646,0.092247,1.0,public_balanced,0.35,0.3,0.02,0.02,0.1,0.05,0.04,0.8,0.84,0.58,0.72,20.0,8.0,0.5,24.0,5.0,0.68,0.78,0.5,24.0,5.0,0.68,0.78,17,0,0.123581,0.092247,8.294118,3.941176,0.0,0.0,0.919677,0.747059,0.172618,0.829994,{'public_balanced': 17},16,0,0.177429,0.125471,11.5,4.8125,0.061937,0.0,0.853477,0.75875,0.094727,0.84243,{'public_balanced': 16}
647,0.092247,1.0,public_balanced,0.35,0.3,0.02,0.02,0.2,0.05,0.04,0.8,0.84,0.58,0.72,20.0,8.0,0.5,24.0,5.0,0.68,0.78,0.5,24.0,5.0,0.68,0.78,17,0,0.123581,0.092247,8.294118,3.941176,0.0,0.0,0.919677,0.747059,0.172618,0.829994,{'public_balanced': 17},16,0,0.183623,0.125471,11.5,4.8125,0.061937,0.0,0.853477,0.75875,0.094727,0.84243,{'public_balanced': 16}
648,0.09244584,1.0,public_balanced,0.5,0.05,0.0,0.0,0.02,0.05,0.04,0.8,0.84,0.58,0.72,20.0,8.0,0.5,24.0,5.0,0.68,0.78,0.5,24.0,5.0,0.68,0.78,17,0,0.104247,0.090899,8.411765,3.411765,0.038671,0.0,0.944574,0.747059,0.197515,0.812034,{'public_balanced': 17},16,0,0.153032,0.121364,11.25,3.875,0.218231,0.0,0.854272,0.75875,0.095522,0.839188,{'public_balanced': 16}
649,0.09175,1.0,public_balanced,0.5,0.05,0.0,0.0,0.05,0.05,0.04,0.8,0.84,0.58,0.72,20.0,8.0,0.5,24.0,5.0,0.68,0.78,0.5,24.0,5.0,0.68,0.78,17,0,0.104325,0.09175,8.235294,3.941176,0.0,0.0,0.941958,0.747059,0.194899,0.812861,{'public_balanced': 17},16,0,0.155872,0.125471,11.5,4.8125,0.061937,0.0,0.853477,0.75875,0.094727,0.84243,{'public_balanced': 16}
650,0.09175,1.0,public_balanced,0.5,0.05,0.0,0.0,0.1,0.05,0.04,0.8,0.84,0.58,0.72,20.0,8.0,0.5,24.0,5.0,0.68,0.78,0.5,24.0,5.0,0.68,0.78,17,0,0.104325,0.09175,8.235294,3.941176,0.0,0.0,0.941958,0.747059,0.194899,0.812861,{'public_balanced': 17},16,0,0.158969,0.125471,11.5,4.8125,0.061937,0.0,0.853477,0.75875,0.094727,0.84243,{'public_balanced': 16}
651,0.09175,1.0,public_balanced,0.5,0.05,0.0,0.0,0.2,0.05,0.04,0.8,0.84,0.58,0.72,20.0,8.0,0.5,24.0,5.0,0.68,0.78,0.5,24.0,5.0,0.68,0.78,17,0,0.104325,0.09175,8.235294,3.941176,0.0,0.0,0.941958,0.747059,0.194899,0.812861,{'public_balanced': 17},16,0,0.165163,0.125471,11.5,4.8125,0.061937,0.0,0.853477,0.75875,0.094727,0.84243,{'public_balanced': 16}
652,0.09244584,1.0,public_balanced,0.5,0.05,0.0,0.01,0.02,0.05,0.04,0.8,0.84,0.58,0.72,20.0,8.0,0.5,24.0,5.0,0.68,0.78,0.5,24.0,5.0,0.68,0.78,17,0,0.108512,0.090899,8.411765,3.411765,0.038671,0.0,0.944574,0.747059,0.197515,0.812034,{'public_balanced': 17},16,0,0.157876,0.121364,11.25,3.875,0.218231,0.0,0.854272,0.75875,0.095522,0.839188,{'public_balanced': 16}
653,0.09175,1.0,public_balanced,0.5,0.05,0.0,0.01,0.05,0.05,0.04,0.8,0.84,0.58,0.72,20.0,8.0,0.5,24.0,5.0,0.68,0.78,0.5,24.0,5.0,0.68,0.78,17,0,0.109252,0.09175,8.235294,3.941176,0.0,0.0,0.941958,0.747059,0.194899,0.812861,{'public_balanced': 17},16,0,0.161888,0.125471,11.5,4.8125,0.061937,0.0,0.853477,0.75875,0.094727,0.84243,{'public_balanced': 16}
654,0.09175,1.0,public_balanced,0.5,0.05,0.0,0.01,0.1,0.05,0.04,0.8,0.84,0.58,0.72,20.0,8.0,0.5,24.0,5.0,0.68,0.78,0.5,24.0,5.0,0.68,0.78,17,0,0.109252,0.09175,8.235294,3.941176,0.0,0.0,0.941958,0.747059,0.194899,0.812861,{'public_balanced': 17},16,0,0.164985,0.125471,11.5,4.8125,0.061937,0.0,0.853477,0.75875,0.094727,0.84243,{'public_balanced': 16}
655,0.09175,1.0,public_balanced,0.5,0.05,0.0,0.01,0.2,0.05,0.04,0.8,0.84,0.58,0.72,20.0,8.0,0.5,24.0,5.0,0.68,0.78,0.5,24.0,5.0,0.68,0.78,17,0,0.109252,0.09175,8.235294,3.941176,0.0,0.0,0.941958,0.747059,0.194899,0.812861,{'public_balanced': 17},16,0,0.171178,0.125471,11.5,4.8125,0.061937,0.0,0.853477,0.75875,0.094727,0.84243,{'public_balanced': 16}
656,0.09244584,1.0,public_balanced,0.5,0.05,0.0,0.02,0.02,0.05,0.04,0.8,0.84,0.58,0.72,20.0,8.0,0.5,24.0,5.0,0.68,0.78,0.5,24.0,5.0,0.68,0.78,17,0,0.112777,0.090899,8.411765,3.411765,0.038671,0.0,0.944574,0.747059,0.197515,0.812034,{'public_balanced': 17},16,0,0.16272,0.121364,11.25,3.875,0.218231,0.0,0.854272,0.75875,0.095522,0.839188,{'public_balanced': 16}
657,0.09244584,1.0,public_balanced,0.5,0.05,0.0,0.02,0.05,0.05,0.04,0.8,0.84,0.58,0.72,20.0,8.0,0.5,24.0,5.0,0.68,0.78,0.5,24.0,5.0,0.68,0.78,17,0,0.113937,0.090899,8.411765,3.411765,0.038671,0.0,0.944574,0.747059,0.197515,0.812034,{'public_balanced': 17},16,0,0.167903,0.125471,11.5,4.8125,0.061937,0.0,0.853477,0.75875,0.094727,0.84243,{'public_balanced': 16}
658,0.09175,1.0,public_balanced,0.5,0.05,0.0,0.02,0.1,0.05,0.04,0.8,0.84,0.58,0.72,20.0,8.0,0.5,24.0,5.0,0.68,0.78,0.5,24.0,5.0,0.68,0.78,17,0,0.114178,0.09175,8.235294,3.941176,0.0,0.0,0.941958,0.747059,0.194899,0.812861,{'public_balanced': 17},16,0,0.171,0.125471,11.5,4.8125,0.061937,0.0,0.853477,0.75875,0.094727,0.84243,{'public_balanced': 16}
659,0.09175,1.0,public_balanced,0.5,0.05,0.0,0.02,0.2,0.05,0.04,0.8,0.84,0.58,0.72,20.0,8.0,0.5,24.0,5.0,0.68,0.78,0.5,24.0,5.0,0.68,0.78,17,0,0.114178,0.09175,8.235294,3.941176,0.0,0.0,0.941958,0.747059,0.194899,0.812861,{'public_balanced': 17},16,0,0.177194,0.125471,11.5,4.8125,0.061937,0.0,0.853477,0.75875,0.094727,0.84243,{'public_balanced': 16}
660,0.09175,1.0,public_balanced,0.5,0.05,0.01,0.0,0.02,0.05,0.04,0.8,0.84,0.58,0.72,20.0,8.0,0.5,24.0,5.0,0.68,0.78,0.5,24.0,5.0,0.68,0.78,17,0,0.108443,0.09175,8.235294,3.941176,0.0,0.0,0.941958,0.747059,0.194899,0.812861,{'public_balanced': 17},16,0,0.158657,0.121364,11.25,3.875,0.218231,0.0,0.854272,0.75875,0.095522,0.839188,{'public_balanced': 16}
661,0.09175,1.0,public_balanced,0.5,0.05,0.01,0.0,0.05,0.05,0.04,0.8,0.84,0.58,0.72,20.0,8.0,0.5,24.0,5.0,0.68,0.78,0.5,24.0,5.0,0.68,0.78,17,0,0.108443,0.09175,8.235294,3.941176,0.0,0.0,0.941958,0.747059,0.194899,0.812861,{'public_balanced': 17},16,0,0.161622,0.125471,11.5,4.8125,0.061937,0.0,0.853477,0.75875,0.094727,0.84243,{'public_balanced': 16}
662,0.09175,1.0,public_balanced,0.5,0.05,0.01,0.0,0.1,0.05,0.04,0.8,0.84,0.58,0.72,20.0,8.0,0.5,24.0,5.0,0.68,0.78,0.5,24.0,5.0,0.68,0.78,17,0,0.108443,0.09175,8.235294,3.941176,0.0,0.0,0.941958,0.747059,0.194899,0.812861,{'public_balanced': 17},16,0,0.164719,0.125471,11.5,4.8125,0.061937,0.0,0.853477,0.75875,0.094727,0.84243,{'public_balanced': 16}
663,0.09175,1.0,public_balanced,0.5,0.05,0.01,0.0,0.2,0.05,0.04,0.8,0.84,0.58,0.72,20.0,8.0,0.5,24.0,5.0,0.68,0.78,0.5,24.0,5.0,0.68,0.78,17,0,0.108443,0.09175,8.235294,3.941176,0.0,0.0,0.941958,0.747059,0.194899,0.812861,{'public_balanced': 17},16,0,0.170913,0.125471,11.5,4.8125,0.061937,0.0,0.853477,0.75875,0.094727,0.84243,{'public_balanced': 16}
664,0.09244584,1.0,public_balanced,0.5,0.05,0.01,0.01,0.02,0.05,0.04,0.8,0.84,0.58,0.72,20.0,8.0,0.5,24.0,5.0,0.68,0.78,0.5,24.0,5.0,0.68,0.78,17,0,0.112718,0.090899,8.411765,3.411765,0.038671,0.0,0.944574,0.747059,0.197515,0.812034,{'public_balanced': 17},16,0,0.163501,0.121364,11.25,3.875,0.218231,0.0,0.854272,0.75875,0.095522,0.839188,{'public_balanced': 16}
665,0.09175,1.0,public_balanced,0.5,0.05,0.01,0.01,0.05,0.05,0.04,0.8,0.84,0.58,0.72,20.0,8.0,0.5,24.0,5.0,0.68,0.78,0.5,24.0,5.0,0.68,0.78,17,0,0.113369,0.09175,8.235294,3.941176,0.0,0.0,0.941958,0.747059,0.194899,0.812861,{'public_balanced': 17},16,0,0.167638,0.125471,11.5,4.8125,0.061937,0.0,0.853477,0.75875,0.094727,0.84243,{'public_balanced': 16}
666,0.09175,1.0,public_balanced,0.5,0.05,0.01,0.01,0.1,0.05,0.04,0.8,0.84,0.58,0.72,20.0,8.0,0.5,24.0,5.0,0.68,0.78,0.5,24.0,5.0,0.68,0.78,17,0,0.113369,0.09175,8.235294,3.941176,0.0,0.0,0.941958,0.747059,0.194899,0.812861,{'public_balanced': 17},16,0,0.170735,0.125471,11.5,4.8125,0.061937,0.0,0.853477,0.75875,0.094727,0.84243,{'public_balanced': 16}
667,0.09175,1.0,public_balanced,0.5,0.05,0.01,0.01,0.2,0.05,0.04,0.8,0.84,0.58,0.72,20.0,8.0,0.5,24.0,5.0,0.68,0.78,0.5,24.0,5.0,0.68,0.78,17,0,0.113369,0.09175,8.235294,3.941176,0.0,0.0,0.941958,0.747059,0.194899,0.812861,{'public_balanced': 17},16,0,0.176928,0.125471,11.5,4.8125,0.061937,0.0,0.853477,0.75875,0.094727,0.84243,{'public_balanced': 16}
668,0.09244584,1.0,public_balanced,0.5,0.05,0.01,0.02,0.02,0.05,0.04,0.8,0.84,0.58,0.72,20.0,8.0,0.5,24.0,5.0,0.68,0.78,0.5,24.0,5.0,0.68,0.78,17,0,0.116983,0.090899,8.411765,3.411765,0.038671,0.0,0.944574,0.747059,0.197515,0.812034,{'public_balanced': 17},16,0,0.168345,0.121364,11.25,3.875,0.218231,0.0,0.854272,0.75875,0.095522,0.839188,{'public_balanced': 16}
669,0.09244584,1.0,public_balanced,0.5,0.05,0.01,0.02,0.05,0.05,0.04,0.8,0.84,0.58,0.72,20.0,8.0,0.5,24.0,5.0,0.68,0.78,0.5,24.0,5.0,0.68,0.78,17,0,0.118143,0.090899,8.411765,3.411765,0.038671,0.0,0.944574,0.747059,0.197515,0.812034,{'public_balanced': 17},16,0,0.173653,0.125471,11.5,4.8125,0.061937,0.0,0.853477,0.75875,0.094727,0.84243,{'public_balanced': 16}
670,0.09175,1.0,public_balanced,0.5,0.05,0.01,0.02,0.1,0.05,0.04,0.8,0.84,0.58,0.72,20.0,8.0,0.5,24.0,5.0,0.68,0.78,0.5,24.0,5.0,0.68,0.78,17,0,0.118296,0.09175,8.235294,3.941176,0.0,0.0,0.941958,0.747059,0.194899,0.812861,{'public_balanced': 17},16,0,0.17675,0.125471,11.5,4.8125,0.061937,0.0,0.853477,0.75875,0.094727,0.84243,{'public_balanced': 16}
671,0.09175,1.0,public_balanced,0.5,0.05,0.01,0.02,0.2,0.05,0.04,0.8,0.84,0.58,0.72,20.0,8.0,0.5,24.0,5.0,0.68,0.78,0.5,24.0,5.0,0.68,0.78,17,0,0.118296,0.09175,8.235294,3.941176,0.0,0.0,0.941958,0.747059,0.194899,0.812861,{'public_balanced': 17},16,0,0.182944,0.125471,11.5,4.8125,0.061937,0.0,0.853477,0.75875,0.094727,0.84243,{'public_balanced': 16}
672,0.09175,1.0,public_balanced,0.5,0.05,0.02,0.0,0.02,0.05,0.04,0.8,0.84,0.58,0.72,20.0,8.0,0.5,24.0,5.0,0.68,0.78,0.5,24.0,5.0,0.68,0.78,17,0,0.112561,0.09175,8.235294,3.941176,0.0,0.0,0.941958,0.747059,0.194899,0.812861,{'public_balanced': 17},16,0,0.164282,0.121364,11.25,3.875,0.218231,0.0,0.854272,0.75875,0.095522,0.839188,{'public_balanced': 16}
673,0.09175,1.0,public_balanced,0.5,0.05,0.02,0.0,0.05,0.05,0.04,0.8,0.84,0.58,0.72,20.0,8.0,0.5,24.0,5.0,0.68,0.78,0.5,24.0,5.0,0.68,0.78,17,0,0.112561,0.09175,8.235294,3.941176,0.0,0.0,0.941958,0.747059,0.194899,0.812861,{'public_balanced': 17},16,0,0.167372,0.125471,11.5,4.8125,0.061937,0.0,0.853477,0.75875,0.094727,0.84243,{'public_balanced': 16}
674,0.09175,1.0,public_balanced,0.5,0.05,0.02,0.0,0.1,0.05,0.04,0.8,0.84,0.58,0.72,20.0,8.0,0.5,24.0,5.0,0.68,0.78,0.5,24.0,5.0,0.68,0.78,17,0,0.112561,0.09175,8.235294,3.941176,0.0,0.0,0.941958,0.747059,0.194899,0.812861,{'public_balanced': 17},16,0,0.170469,0.125471,11.5,4.8125,0.061937,0.0,0.853477,0.75875,0.094727,0.84243,{'public_balanced': 16}
675,0.09175,1.0,public_balanced,0.5,0.05,0.02,0.0,0.2,0.05,0.04,0.8,0.84,0.58,0.72,20.0,8.0,0.5,24.0,5.0,0.68,0.78,0.5,24.0,5.0,0.68,0.78,17,0,0.112561,0.09175,8.235294,3.941176,0.0,0.0,0.941958,0.747059,0.194899,0.812861,{'public_balanced': 17},16,0,0.176663,0.125471,11.5,4.8125,0.061937,0.0,0.853477,0.75875,0.094727,0.84243,{'public_balanced': 16}
676,0.09244584,1.0,public_balanced,0.5,0.05,0.02,0.01,0.02,0.05,0.04,0.8,0.84,0.58,0.72,20.0,8.0,0.5,24.0,5.0,0.68,0.78,0.5,24.0,5.0,0.68,0.78,17,0,0.116924,0.090899,8.411765,3.411765,0.038671,0.0,0.944574,0.747059,0.197515,0.812034,{'public_balanced': 17},16,0,0.169126,0.121364,11.25,3.875,0.218231,0.0,0.854272,0.75875,0.095522,0.839188,{'public_balanced': 16}
677,0.09175,1.0,public_balanced,0.5,0.05,0.02,0.01,0.05,0.05,0.04,0.8,0.84,0.58,0.72,20.0,8.0,0.5,24.0,5.0,0.68,0.78,0.5,24.0,5.0,0.68,0.78,17,0,0.117487,0.09175,8.235294,3.941176,0.0,0.0,0.941958,0.747059,0.194899,0.812861,{'public_balanced': 17},16,0,0.173388,0.125471,11.5,4.8125,0.061937,0.0,0.853477,0.75875,0.094727,0.84243,{'public_balanced': 16}
678,0.09175,1.0,public_balanced,0.5,0.05,0.02,0.01,0.1,0.05,0.04,0.8,0.84,0.58,0.72,20.0,8.0,0.5,24.0,5.0,0.68,0.78,0.5,24.0,5.0,0.68,0.78,17,0,0.117487,0.09175,8.235294,3.941176,0.0,0.0,0.941958,0.747059,0.194899,0.812861,{'public_balanced': 17},16,0,0.176485,0.125471,11.5,4.8125,0.061937,0.0,0.853477,0.75875,0.094727,0.84243,{'public_balanced': 16}
679,0.09175,1.0,public_balanced,0.5,0.05,0.02,0.01,0.2,0.05,0.04,0.8,0.84,0.58,0.72,20.0,8.0,0.5,24.0,5.0,0.68,0.78,0.5,24.0,5.0,0.68,0.78,17,0,0.117487,0.09175,8.235294,3.941176,0.0,0.0,0.941958,0.747059,0.194899,0.812861,{'public_balanced': 17},16,0,0.182678,0.125471,11.5,4.8125,0.061937,0.0,0.853477,0.75875,0.094727,0.84243,{'public_balanced': 16}
680,0.09244584,1.0,public_balanced,0.5,0.05,0.02,0.02,0.02,0.05,0.04,0.8,0.84,0.58,0.72,20.0,8.0,0.5,24.0,5.0,0.68,0.78,0.5,24.0,5.0,0.68,0.78,17,0,0.121189,0.090899,8.411765,3.411765,0.038671,0.0,0.944574,0.747059,0.197515,0.812034,{'public_balanced': 17},16,0,0.17397,0.121364,11.25,3.875,0.218231,0.0,0.854272,0.75875,0.095522,0.839188,{'public_balanced': 16}
681,0.09244584,1.0,public_balanced,0.5,0.05,0.02,0.02,0.05,0.05,0.04,0.8,0.84,0.58,0.72,20.0,8.0,0.5,24.0,5.0,0.68,0.78,0.5,24.0,5.0,0.68,0.78,17,0,0.122349,0.090899,8.411765,3.411765,0.038671,0.0,0.944574,0.747059,0.197515,0.812034,{'public_balanced': 17},16,0,0.179403,0.125471,11.5,4.8125,0.061937,0.0,0.853477,0.75875,0.094727,0.84243,{'public_balanced': 16}
682,0.09175,1.0,public_balanced,0.5,0.05,0.02,0.02,0.1,0.05,0.04,0.8,0.84,0.58,0.72,20.0,8.0,0.5,24.0,5.0,0.68,0.78,0.5,24.0,5.0,0.68,0.78,17,0,0.122414,0.09175,8.235294,3.941176,0.0,0.0,0.941958,0.747059,0.194899,0.812861,{'public_balanced': 17},16,0,0.1825,0.125471,11.5,4.8125,0.061937,0.0,0.853477,0.75875,0.094727,0.84243,{'public_balanced': 16}
683,0.09175,1.0,public_balanced,0.5,0.05,0.02,0.02,0.2,0.05,0.04,0.8,0.84,0.58,0.72,20.0,8.0,0.5,24.0,5.0,0.68,0.78,0.5,24.0,5.0,0.68,0.78,17,0,0.122414,0.09175,8.235294,3.941176,0.0,0.0,0.941958,0.747059,0.194899,0.812861,{'public_balanced': 17},16,0,0.188694,0.125471,11.5,4.8125,0.061937,0.0,0.853477,0.75875,0.094727,0.84243,{'public_balanced': 16}
684,0.09294284,1.0,public_balanced,0.5,0.15,0.0,0.0,0.02,0.05,0.04,0.8,0.84,0.58,0.72,20.0,8.0,0.5,24.0,5.0,0.68,0.78,0.5,24.0,5.0,0.68,0.78,17,0,0.10624,0.091396,8.470588,3.411765,0.038671,0.0,0.922293,0.747059,0.175234,0.829168,{'public_balanced': 17},16,0,0.15421,0.121364,11.25,3.875,0.218231,0.0,0.854272,0.75875,0.095522,0.839188,{'public_balanced': 16}
685,0.092247,1.0,public_balanced,0.5,0.15,0.0,0.0,0.05,0.05,0.04,0.8,0.84,0.58,0.72,20.0,8.0,0.5,24.0,5.0,0.68,0.78,0.5,24.0,5.0,0.68,0.78,17,0,0.106317,0.092247,8.294118,3.941176,0.0,0.0,0.919677,0.747059,0.172618,0.829994,{'public_balanced': 17},16,0,0.15705,0.125471,11.5,4.8125,0.061937,0.0,0.853477,0.75875,0.094727,0.84243,{'public_balanced': 16}
686,0.092247,1.0,public_balanced,0.5,0.15,0.0,0.0,0.1,0.05,0.04,0.8,0.84,0.58,0.72,20.0,8.0,0.5,24.0,5.0,0.68,0.78,0.5,24.0,5.0,0.68,0.78,17,0,0.106317,0.092247,8.294118,3.941176,0.0,0.0,0.919677,0.747059,0.172618,0.829994,{'public_balanced': 17},16,0,0.160146,0.125471,11.5,4.8125,0.061937,0.0,0.853477,0.75875,0.094727,0.84243,{'public_balanced': 16}
687,0.092247,1.0,public_balanced,0.5,0.15,0.0,0.0,0.2,0.05,0.04,0.8,0.84,0.58,0.72,20.0,8.0,0.5,24.0,5.0,0.68,0.78,0.5,24.0,5.0,0.68,0.78,17,0,0.106317,0.092247,8.294118,3.941176,0.0,0.0,0.919677,0.747059,0.172618,0.829994,{'public_balanced': 17},16,0,0.16634,0.125471,11.5,4.8125,0.061937,0.0,0.853477,0.75875,0.094727,0.84243,{'public_balanced': 16}
688,0.09294284,1.0,public_balanced,0.5,0.15,0.0,0.01,0.02,0.05,0.04,0.8,0.84,0.58,0.72,20.0,8.0,0.5,24.0,5.0,0.68,0.78,0.5,24.0,5.0,0.68,0.78,17,0,0.110504,0.091396,8.470588,3.411765,0.038671,0.0,0.922293,0.747059,0.175234,0.829168,{'public_balanced': 17},16,0,0.159054,0.121364,11.25,3.875,0.218231,0.0,0.854272,0.75875,0.095522,0.839188,{'public_balanced': 16}
689,0.092247,1.0,public_balanced,0.5,0.15,0.0,0.01,0.05,0.05,0.04,0.8,0.84,0.58,0.72,20.0,8.0,0.5,24.0,5.0,0.68,0.78,0.5,24.0,5.0,0.68,0.78,17,0,0.111244,0.092247,8.294118,3.941176,0.0,0.0,0.919677,0.747059,0.172618,0.829994,{'public_balanced': 17},16,0,0.163065,0.125471,11.5,4.8125,0.061937,0.0,0.853477,0.75875,0.094727,0.84243,{'public_balanced': 16}
690,0.092247,1.0,public_balanced,0.5,0.15,0.0,0.01,0.1,0.05,0.04,0.8,0.84,0.58,0.72,20.0,8.0,0.5,24.0,5.0,0.68,0.78,0.5,24.0,5.0,0.68,0.78,17,0,0.111244,0.092247,8.294118,3.941176,0.0,0.0,0.919677,0.747059,0.172618,0.829994,{'public_balanced': 17},16,0,0.166162,0.125471,11.5,4.8125,0.061937,0.0,0.853477,0.75875,0.094727,0.84243,{'public_balanced': 16}
691,0.092247,1.0,public_balanced,0.5,0.15,0.0,0.01,0.2,0.05,0.04,0.8,0.84,0.58,0.72,20.0,8.0,0.5,24.0,5.0,0.68,0.78,0.5,24.0,5.0,0.68,0.78,17,0,0.111244,0.092247,8.294118,3.941176,0.0,0.0,0.919677,0.747059,0.172618,0.829994,{'public_balanced': 17},16,0,0.172356,0.125471,11.5,4.8125,0.061937,0.0,0.853477,0.75875,0.094727,0.84243,{'public_balanced': 16}
692,0.09294284,1.0,public_balanced,0.5,0.15,0.0,0.02,0.02,0.05,0.04,0.8,0.84,0.58,0.72,20.0,8.0,0.5,24.0,5.0,0.68,0.78,0.5,24.0,5.0,0.68,0.78,17,0,0.114769,0.091396,8.470588,3.411765,0.038671,0.0,0.922293,0.747059,0.175234,0.829168,{'public_balanced': 17},16,0,0.163897,0.121364,11.25,3.875,0.218231,0.0,0.854272,0.75875,0.095522,0.839188,{'public_balanced': 16}
693,0.09294284,1.0,public_balanced,0.5,0.15,0.0,0.02,0.05,0.05,0.04,0.8,0.84,0.58,0.72,20.0,8.0,0.5,24.0,5.0,0.68,0.78,0.5,24.0,5.0,0.68,0.78,17,0,0.115929,0.091396,8.470588,3.411765,0.038671,0.0,0.922293,0.747059,0.175234,0.829168,{'public_balanced': 17},16,0,0.169081,0.125471,11.5,4.8125,0.061937,0.0,0.853477,0.75875,0.094727,0.84243,{'public_balanced': 16}
694,0.092247,1.0,public_balanced,0.5,0.15,0.0,0.02,0.1,0.05,0.04,0.8,0.84,0.58,0.72,20.0,8.0,0.5,24.0,5.0,0.68,0.78,0.5,24.0,5.0,0.68,0.78,17,0,0.11617,0.092247,8.294118,3.941176,0.0,0.0,0.919677,0.747059,0.172618,0.829994,{'public_balanced': 17},16,0,0.172178,0.125471,11.5,4.8125,0.061937,0.0,0.853477,0.75875,0.094727,0.84243,{'public_balanced': 16}
695,0.092247,1.0,public_balanced,0.5,0.15,0.0,0.02,0.2,0.05,0.04,0.8,0.84,0.58,0.72,20.0,8.0,0.5,24.0,5.0,0.68,0.78,0.5,24.0,5.0,0.68,0.78,17,0,0.11617,0.092247,8.294118,3.941176,0.0,0.0,0.919677,0.747059,0.172618,0.829994,{'public_balanced': 17},16,0,0.178371,0.125471,11.5,4.8125,0.061937,0.0,0.853477,0.75875,0.094727,0.84243,{'public_balanced': 16}
696,0.092247,1.0,public_balanced,0.5,0.15,0.01,0.0,0.02,0.05,0.04,0.8,0.84,0.58,0.72,20.0,8.0,0.5,24.0,5.0,0.68,0.78,0.5,24.0,5.0,0.68,0.78,17,0,0.110465,0.092247,8.294118,3.941176,0.0,0.0,0.919677,0.747059,0.172618,0.829994,{'public_balanced': 17},16,0,0.159835,0.121364,11.25,3.875,0.218231,0.0,0.854272,0.75875,0.095522,0.839188,{'public_balanced': 16}
697,0.092247,1.0,public_balanced,0.5,0.15,0.01,0.0,0.05,0.05,0.04,0.8,0.84,0.58,0.72,20.0,8.0,0.5,24.0,5.0,0.68,0.78,0.5,24.0,5.0,0.68,0.78,17,0,0.110465,0.092247,8.294118,3.941176,0.0,0.0,0.919677,0.747059,0.172618,0.829994,{'public_balanced': 17},16,0,0.1628,0.125471,11.5,4.8125,0.061937,0.0,0.853477,0.75875,0.094727,0.84243,{'public_balanced': 16}
698,0.092247,1.0,public_balanced,0.5,0.15,0.01,0.0,0.1,0.05,0.04,0.8,0.84,0.58,0.72,20.0,8.0,0.5,24.0,5.0,0.68,0.78,0.5,24.0,5.0,0.68,0.78,17,0,0.110465,0.092247,8.294118,3.941176,0.0,0.0,0.919677,0.747059,0.172618,0.829994,{'public_balanced': 17},16,0,0.165896,0.125471,11.5,4.8125,0.061937,0.0,0.853477,0.75875,0.094727,0.84243,{'public_balanced': 16}
699,0.092247,1.0,public_balanced,0.5,0.15,0.01,0.0,0.2,0.05,0.04,0.8,0.84,0.58,0.72,20.0,8.0,0.5,24.0,5.0,0.68,0.78,0.5,24.0,5.0,0.68,0.78,17,0,0.110465,0.092247,8.294118,3.941176,0.0,0.0,0.919677,0.747059,0.172618,0.829994,{'public_balanced': 17},16,0,0.17209,0.125471,11.5,4.8125,0.061937,0.0,0.853477,0.75875,0.094727,0.84243,{'public_balanced': 16}
700,0.09294284,1.0,public_balanced,0.5,0.15,0.01,0.01,0.02,0.05,0.04,0.8,0.84,0.58,0.72,20.0,8.0,0.5,24.0,5.0,0.68,0.78,0.5,24.0,5.0,0.68,0.78,17,0,0.11474,0.091396,8.470588,3.411765,0.038671,0.0,0.922293,0.747059,0.175234,0.829168,{'public_balanced': 17},16,0,0.164679,0.121364,11.25,3.875,0.218231,0.0,0.854272,0.75875,0.095522,0.839188,{'public_balanced': 16}
701,0.092247,1.0,public_balanced,0.5,0.15,0.01,0.01,0.05,0.05,0.04,0.8,0.84,0.58,0.72,20.0,8.0,0.5,24.0,5.0,0.68,0.78,0.5,24.0,5.0,0.68,0.78,17,0,0.115391,0.092247,8.294118,3.941176,0.0,0.0,0.919677,0.747059,0.172618,0.829994,{'public_balanced': 17},16,0,0.168815,0.125471,11.5,4.8125,0.061937,0.0,0.853477,0.75875,0.094727,0.84243,{'public_balanced': 16}
702,0.092247,1.0,public_balanced,0.5,0.15,0.01,0.01,0.1,0.05,0.04,0.8,0.84,0.58,0.72,20.0,8.0,0.5,24.0,5.0,0.68,0.78,0.5,24.0,5.0,0.68,0.78,17,0,0.115391,0.092247,8.294118,3.941176,0.0,0.0,0.919677,0.747059,0.172618,0.829994,{'public_balanced': 17},16,0,0.171912,0.125471,11.5,4.8125,0.061937,0.0,0.853477,0.75875,0.094727,0.84243,{'public_balanced': 16}
703,0.092247,1.0,public_balanced,0.5,0.15,0.01,0.01,0.2,0.05,0.04,0.8,0.84,0.58,0.72,20.0,8.0,0.5,24.0,5.0,0.68,0.78,0.5,24.0,5.0,0.68,0.78,17,0,0.115391,0.092247,8.294118,3.941176,0.0,0.0,0.919677,0.747059,0.172618,0.829994,{'public_balanced': 17},16,0,0.178106,0.125471,11.5,4.8125,0.061937,0.0,0.853477,0.75875,0.094727,0.84243,{'public_balanced': 16}
704,0.09294284,1.0,public_balanced,0.5,0.15,0.01,0.02,0.02,0.05,0.04,0.8,0.84,0.58,0.72,20.0,8.0,0.5,24.0,5.0,0.68,0.78,0.5,24.0,5.0,0.68,0.78,17,0,0.119004,0.091396,8.470588,3.411765,0.038671,0.0,0.922293,0.747059,0.175234,0.829168,{'public_balanced': 17},16,0,0.169522,0.121364,11.25,3.875,0.218231,0.0,0.854272,0.75875,0.095522,0.839188,{'public_balanced': 16}
705,0.09294284,1.0,public_balanced,0.5,0.15,0.01,0.02,0.05,0.05,0.04,0.8,0.84,0.58,0.72,20.0,8.0,0.5,24.0,5.0,0.68,0.78,0.5,24.0,5.0,0.68,0.78,17,0,0.120164,0.091396,8.470588,3.411765,0.038671,0.0,0.922293,0.747059,0.175234,0.829168,{'public_balanced': 17},16,0,0.174831,0.125471,11.5,4.8125,0.061937,0.0,0.853477,0.75875,0.094727,0.84243,{'public_balanced': 16}
706,0.092247,1.0,public_balanced,0.5,0.15,0.01,0.02,0.1,0.05,0.04,0.8,0.84,0.58,0.72,20.0,8.0,0.5,24.0,5.0,0.68,0.78,0.5,24.0,5.0,0.68,0.78,17,0,0.120317,0.092247,8.294118,3.941176,0.0,0.0,0.919677,0.747059,0.172618,0.829994,{'public_balanced': 17},16,0,0.177928,0.125471,11.5,4.8125,0.061937,0.0,0.853477,0.75875,0.094727,0.84243,{'public_balanced': 16}
707,0.092247,1.0,public_balanced,0.5,0.15,0.01,0.02,0.2,0.05,0.04,0.8,0.84,0.58,0.72,20.0,8.0,0.5,24.0,5.0,0.68,0.78,0.5,24.0,5.0,0.68,0.78,17,0,0.120317,0.092247,8.294118,3.941176,0.0,0.0,0.919677,0.747059,0.172618,0.829994,{'public_balanced': 17},16,0,0.184121,0.125471,11.5,4.8125,0.061937,0.0,0.853477,0.75875,0.094727,0.84243,{'public_balanced': 16}
708,0.092247,1.0,public_balanced,0.5,0.15,0.02,0.0,0.02,0.05,0.04,0.8,0.84,0.58,0.72,20.0,8.0,0.5,24.0,5.0,0.68,0.78,0.5,24.0,5.0,0.68,0.78,17,0,0.114612,0.092247,8.294118,3.941176,0.0,0.0,0.919677,0.747059,0.172618,0.829994,{'public_balanced': 17},16,0,0.16546,0.121364,11.25,3.875,0.218231,0.0,0.854272,0.75875,0.095522,0.839188,{'public_balanced': 16}
709,0.092247,1.0,public_balanced,0.5,0.15,0.02,0.0,0.05,0.05,0.04,0.8,0.84,0.58,0.72,20.0,8.0,0.5,24.0,5.0,0.68,0.78,0.5,24.0,5.0,0.68,0.78,17,0,0.114612,0.092247,8.294118,3.941176,0.0,0.0,0.919677,0.747059,0.172618,0.829994,{'public_balanced': 17},16,0,0.16855,0.125471,11.5,4.8125,0.061937,0.0,0.853477,0.75875,0.094727,0.84243,{'public_balanced': 16}
710,0.092247,1.0,public_balanced,0.5,0.15,0.02,0.0,0.1,0.05,0.04,0.8,0.84,0.58,0.72,20.0,8.0,0.5,24.0,5.0,0.68,0.78,0.5,24.0,5.0,0.68,0.78,17,0,0.114612,0.092247,8.294118,3.941176,0.0,0.0,0.919677,0.747059,0.172618,0.829994,{'public_balanced': 17},16,0,0.171646,0.125471,11.5,4.8125,0.061937,0.0,0.853477,0.75875,0.094727,0.84243,{'public_balanced': 16}
711,0.092247,1.0,public_balanced,0.5,0.15,0.02,0.0,0.2,0.05,0.04,0.8,0.84,0.58,0.72,20.0,8.0,0.5,24.0,5.0,0.68,0.78,0.5,24.0,5.0,0.68,0.78,17,0,0.114612,0.092247,8.294118,3.941176,0.0,0.0,0.919677,0.747059,0.172618,0.829994,{'public_balanced': 17},16,0,0.17784,0.125471,11.5,4.8125,0.061937,0.0,0.853477,0.75875,0.094727,0.84243,{'public_balanced': 16}
712,0.09294284,1.0,public_balanced,0.5,0.15,0.02,0.01,0.02,0.05,0.04,0.8,0.84,0.58,0.72,20.0,8.0,0.5,24.0,5.0,0.68,0.78,0.5,24.0,5.0,0.68,0.78,17,0,0.118975,0.091396,8.470588,3.411765,0.038671,0.0,0.922293,0.747059,0.175234,0.829168,{'public_balanced': 17},16,0,0.170304,0.121364,11.25,3.875,0.218231,0.0,0.854272,0.75875,0.095522,0.839188,{'public_balanced': 16}
713,0.092247,1.0,public_balanced,0.5,0.15,0.02,0.01,0.05,0.05,0.04,0.8,0.84,0.58,0.72,20.0,8.0,0.5,24.0,5.0,0.68,0.78,0.5,24.0,5.0,0.68,0.78,17,0,0.119538,0.092247,8.294118,3.941176,0.0,0.0,0.919677,0.747059,0.172618,0.829994,{'public_balanced': 17},16,0,0.174565,0.125471,11.5,4.8125,0.061937,0.0,0.853477,0.75875,0.094727,0.84243,{'public_balanced': 16}
714,0.092247,1.0,public_balanced,0.5,0.15,0.02,0.01,0.1,0.05,0.04,0.8,0.84,0.58,0.72,20.0,8.0,0.5,24.0,5.0,0.68,0.78,0.5,24.0,5.0,0.68,0.78,17,0,0.119538,0.092247,8.294118,3.941176,0.0,0.0,0.919677,0.747059,0.172618,0.829994,{'public_balanced': 17},16,0,0.177662,0.125471,11.5,4.8125,0.061937,0.0,0.853477,0.75875,0.094727,0.84243,{'public_balanced': 16}
715,0.092247,1.0,public_balanced,0.5,0.15,0.02,0.01,0.2,0.05,0.04,0.8,0.84,0.58,0.72,20.0,8.0,0.5,24.0,5.0,0.68,0.78,0.5,24.0,5.0,0.68,0.78,17,0,0.119538,0.092247,8.294118,3.941176,0.0,0.0,0.919677,0.747059,0.172618,0.829994,{'public_balanced': 17},16,0,0.183856,0.125471,11.5,4.8125,0.061937,0.0,0.853477,0.75875,0.094727,0.84243,{'public_balanced': 16}
716,0.09294284,1.0,public_balanced,0.5,0.15,0.02,0.02,0.02,0.05,0.04,0.8,0.84,0.58,0.72,20.0,8.0,0.5,24.0,5.0,0.68,0.78,0.5,24.0,5.0,0.68,0.78,17,0,0.12324,0.091396,8.470588,3.411765,0.038671,0.0,0.922293,0.747059,0.175234,0.829168,{'public_balanced': 17},16,0,0.175147,0.121364,11.25,3.875,0.218231,0.0,0.854272,0.75875,0.095522,0.839188,{'public_balanced': 16}
717,0.09294284,1.0,public_balanced,0.5,0.15,0.02,0.02,0.05,0.05,0.04,0.8,0.84,0.58,0.72,20.0,8.0,0.5,24.0,5.0,0.68,0.78,0.5,24.0,5.0,0.68,0.78,17,0,0.1244,0.091396,8.470588,3.411765,0.038671,0.0,0.922293,0.747059,0.175234,0.829168,{'public_balanced': 17},16,0,0.180581,0.125471,11.5,4.8125,0.061937,0.0,0.853477,0.75875,0.094727,0.84243,{'public_balanced': 16}
718,0.092247,1.0,public_balanced,0.5,0.15,0.02,0.02,0.1,0.05,0.04,0.8,0.84,0.58,0.72,20.0,8.0,0.5,24.0,5.0,0.68,0.78,0.5,24.0,5.0,0.68,0.78,17,0,0.124465,0.092247,8.294118,3.941176,0.0,0.0,0.919677,0.747059,0.172618,0.829994,{'public_balanced': 17},16,0,0.183678,0.125471,11.5,4.8125,0.061937,0.0,0.853477,0.75875,0.094727,0.84243,{'public_balanced': 16}
719,0.092247,1.0,public_balanced,0.5,0.15,0.02,0.02,0.2,0.05,0.04,0.8,0.84,0.58,0.72,20.0,8.0,0.5,24.0,5.0,0.68,0.78,0.5,24.0,5.0,0.68,0.78,17,0,0.124465,0.092247,8.294118,3.941176,0.0,0.0,0.919677,0.747059,0.172618,0.829994,{'public_balanced': 17},16,0,0.189871,0.125471,11.5,4.8125,0.061937,0.0,0.853477,0.75875,0.094727,0.84243,{'public_balanced': 16}
720,0.09294284,1.0,public_balanced,0.5,0.3,0.0,0.0,0.02,0.05,0.04,0.8,0.84,0.58,0.72,20.0,8.0,0.5,24.0,5.0,0.68,0.78,0.5,24.0,5.0,0.68,0.78,17,0,0.108807,0.091396,8.470588,3.411765,0.038671,0.0,0.922293,0.747059,0.175234,0.829168,{'public_balanced': 17},16,0,0.155976,0.121364,11.25,3.875,0.218231,0.0,0.854272,0.75875,0.095522,0.839188,{'public_balanced': 16}
721,0.092247,1.0,public_balanced,0.5,0.3,0.0,0.0,0.05,0.05,0.04,0.8,0.84,0.58,0.72,20.0,8.0,0.5,24.0,5.0,0.68,0.78,0.5,24.0,5.0,0.68,0.78,17,0,0.108885,0.092247,8.294118,3.941176,0.0,0.0,0.919677,0.747059,0.172618,0.829994,{'public_balanced': 17},16,0,0.158816,0.125471,11.5,4.8125,0.061937,0.0,0.853477,0.75875,0.094727,0.84243,{'public_balanced': 16}
722,0.092247,1.0,public_balanced,0.5,0.3,0.0,0.0,0.1,0.05,0.04,0.8,0.84,0.58,0.72,20.0,8.0,0.5,24.0,5.0,0.68,0.78,0.5,24.0,5.0,0.68,0.78,17,0,0.108885,0.092247,8.294118,3.941176,0.0,0.0,0.919677,0.747059,0.172618,0.829994,{'public_balanced': 17},16,0,0.161913,0.125471,11.5,4.8125,0.061937,0.0,0.853477,0.75875,0.094727,0.84243,{'public_balanced': 16}
723,0.092247,1.0,public_balanced,0.5,0.3,0.0,0.0,0.2,0.05,0.04,0.8,0.84,0.58,0.72,20.0,8.0,0.5,24.0,5.0,0.68,0.78,0.5,24.0,5.0,0.68,0.78,17,0,0.108885,0.092247,8.294118,3.941176,0.0,0.0,0.919677,0.747059,0.172618,0.829994,{'public_balanced': 17},16,0,0.168106,0.125471,11.5,4.8125,0.061937,0.0,0.853477,0.75875,0.094727,0.84243,{'public_balanced': 16}
724,0.09294284,1.0,public_balanced,0.5,0.3,0.0,0.01,0.02,0.05,0.04,0.8,0.84,0.58,0.72,20.0,8.0,0.5,24.0,5.0,0.68,0.78,0.5,24.0,5.0,0.68,0.78,17,0,0.113072,0.091396,8.470588,3.411765,0.038671,0.0,0.922293,0.747059,0.175234,0.829168,{'public_balanced': 17},16,0,0.16082,0.121364,11.25,3.875,0.218231,0.0,0.854272,0.75875,0.095522,0.839188,{'public_balanced': 16}
725,0.092247,1.0,public_balanced,0.5,0.3,0.0,0.01,0.05,0.05,0.04,0.8,0.84,0.58,0.72,20.0,8.0,0.5,24.0,5.0,0.68,0.78,0.5,24.0,5.0,0.68,0.78,17,0,0.113811,0.092247,8.294118,3.941176,0.0,0.0,0.919677,0.747059,0.172618,0.829994,{'public_balanced': 17},16,0,0.164831,0.125471,11.5,4.8125,0.061937,0.0,0.853477,0.75875,0.094727,0.84243,{'public_balanced': 16}
726,0.092247,1.0,public_balanced,0.5,0.3,0.0,0.01,0.1,0.05,0.04,0.8,0.84,0.58,0.72,20.0,8.0,0.5,24.0,5.0,0.68,0.78,0.5,24.0,5.0,0.68,0.78,17,0,0.113811,0.092247,8.294118,3.941176,0.0,0.0,0.919677,0.747059,0.172618,0.829994,{'public_balanced': 17},16,0,0.167928,0.125471,11.5,4.8125,0.061937,0.0,0.853477,0.75875,0.094727,0.84243,{'public_balanced': 16}
727,0.092247,1.0,public_balanced,0.5,0.3,0.0,0.01,0.2,0.05,0.04,0.8,0.84,0.58,0.72,20.0,8.0,0.5,24.0,5.0,0.68,0.78,0.5,24.0,5.0,0.68,0.78,17,0,0.113811,0.092247,8.294118,3.941176,0.0,0.0,0.919677,0.747059,0.172618,0.829994,{'public_balanced': 17},16,0,0.174122,0.125471,11.5,4.8125,0.061937,0.0,0.853477,0.75875,0.094727,0.84243,{'public_balanced': 16}
728,0.09294284,1.0,public_balanced,0.5,0.3,0.0,0.02,0.02,0.05,0.04,0.8,0.84,0.58,0.72,20.0,8.0,0.5,24.0,5.0,0.68,0.78,0.5,24.0,5.0,0.68,0.78,17,0,0.117337,0.091396,8.470588,3.411765,0.038671,0.0,0.922293,0.747059,0.175234,0.829168,{'public_balanced': 17},16,0,0.165664,0.121364,11.25,3.875,0.218231,0.0,0.854272,0.75875,0.095522,0.839188,{'public_balanced': 16}
729,0.09294284,1.0,public_balanced,0.5,0.3,0.0,0.02,0.05,0.05,0.04,0.8,0.84,0.58,0.72,20.0,8.0,0.5,24.0,5.0,0.68,0.78,0.5,24.0,5.0,0.68,0.78,17,0,0.118497,0.091396,8.470588,3.411765,0.038671,0.0,0.922293,0.747059,0.175234,0.829168,{'public_balanced': 17},16,0,0.170847,0.125471,11.5,4.8125,0.061937,0.0,0.853477,0.75875,0.094727,0.84243,{'public_balanced': 16}
730,0.092247,1.0,public_balanced,0.5,0.3,0.0,0.02,0.1,0.05,0.04,0.8,0.84,0.58,0.72,20.0,8.0,0.5,24.0,5.0,0.68,0.78,0.5,24.0,5.0,0.68,0.78,17,0,0.118738,0.092247,8.294118,3.941176,0.0,0.0,0.919677,0.747059,0.172618,0.829994,{'public_balanced': 17},16,0,0.173944,0.125471,11.5,4.8125,0.061937,0.0,0.853477,0.75875,0.094727,0.84243,{'public_balanced': 16}
731,0.092247,1.0,public_balanced,0.5,0.3,0.0,0.02,0.2,0.05,0.04,0.8,0.84,0.58,0.72,20.0,8.0,0.5,24.0,5.0,0.68,0.78,0.5,24.0,5.0,0.68,0.78,17,0,0.118738,0.092247,8.294118,3.941176,0.0,0.0,0.919677,0.747059,0.172618,0.829994,{'public_balanced': 17},16,0,0.180138,0.125471,11.5,4.8125,0.061937,0.0,0.853477,0.75875,0.094727,0.84243,{'public_balanced': 16}
732,0.092247,1.0,public_balanced,0.5,0.3,0.01,0.0,0.02,0.05,0.04,0.8,0.84,0.58,0.72,20.0,8.0,0.5,24.0,5.0,0.68,0.78,0.5,24.0,5.0,0.68,0.78,17,0,0.113032,0.092247,8.294118,3.941176,0.0,0.0,0.919677,0.747059,0.172618,0.829994,{'public_balanced': 17},16,0,0.161601,0.121364,11.25,3.875,0.218231,0.0,0.854272,0.75875,0.095522,0.839188,{'public_balanced': 16}
733,0.092247,1.0,public_balanced,0.5,0.3,0.01,0.0,0.05,0.05,0.04,0.8,0.84,0.58,0.72,20.0,8.0,0.5,24.0,5.0,0.68,0.78,0.5,24.0,5.0,0.68,0.78,17,0,0.113032,0.092247,8.294118,3.941176,0.0,0.0,0.919677,0.747059,0.172618,0.829994,{'public_balanced': 17},16,0,0.164566,0.125471,11.5,4.8125,0.061937,0.0,0.853477,0.75875,0.094727,0.84243,{'public_balanced': 16}
734,0.092247,1.0,public_balanced,0.5,0.3,0.01,0.0,0.1,0.05,0.04,0.8,0.84,0.58,0.72,20.0,8.0,0.5,24.0,5.0,0.68,0.78,0.5,24.0,5.0,0.68,0.78,17,0,0.113032,0.092247,8.294118,3.941176,0.0,0.0,0.919677,0.747059,0.172618,0.829994,{'public_balanced': 17},16,0,0.167663,0.125471,11.5,4.8125,0.061937,0.0,0.853477,0.75875,0.094727,0.84243,{'public_balanced': 16}
735,0.092247,1.0,public_balanced,0.5,0.3,0.01,0.0,0.2,0.05,0.04,0.8,0.84,0.58,0.72,20.0,8.0,0.5,24.0,5.0,0.68,0.78,0.5,24.0,5.0,0.68,0.78,17,0,0.113032,0.092247,8.294118,3.941176,0.0,0.0,0.919677,0.747059,0.172618,0.829994,{'public_balanced': 17},16,0,0.173856,0.125471,11.5,4.8125,0.061937,0.0,0.853477,0.75875,0.094727,0.84243,{'public_balanced': 16}
736,0.09294284,1.0,public_balanced,0.5,0.3,0.01,0.01,0.02,0.05,0.04,0.8,0.84,0.58,0.72,20.0,8.0,0.5,24.0,5.0,0.68,0.78,0.5,24.0,5.0,0.68,0.78,17,0,0.117307,0.091396,8.470588,3.411765,0.038671,0.0,0.922293,0.747059,0.175234,0.829168,{'public_balanced': 17},16,0,0.166445,0.121364,11.25,3.875,0.218231,0.0,0.854272,0.75875,0.095522,0.839188,{'public_balanced': 16}
737,0.092247,1.0,public_balanced,0.5,0.3,0.01,0.01,0.05,0.05,0.04,0.8,0.84,0.58,0.72,20.0,8.0,0.5,24.0,5.0,0.68,0.78,0.5,24.0,5.0,0.68,0.78,17,0,0.117959,0.092247,8.294118,3.941176,0.0,0.0,0.919677,0.747059,0.172618,0.829994,{'public_balanced': 17},16,0,0.170581,0.125471,11.5,4.8125,0.061937,0.0,0.853477,0.75875,0.094727,0.84243,{'public_balanced': 16}
738,0.092247,1.0,public_balanced,0.5,0.3,0.01,0.01,0.1,0.05,0.04,0.8,0.84,0.58,0.72,20.0,8.0,0.5,24.0,5.0,0.68,0.78,0.5,24.0,5.0,0.68,0.78,17,0,0.117959,0.092247,8.294118,3.941176,0.0,0.0,0.919677,0.747059,0.172618,0.829994,{'public_balanced': 17},16,0,0.173678,0.125471,11.5,4.8125,0.061937,0.0,0.853477,0.75875,0.094727,0.84243,{'public_balanced': 16}
739,0.092247,1.0,public_balanced,0.5,0.3,0.01,0.01,0.2,0.05,0.04,0.8,0.84,0.58,0.72,20.0,8.0,0.5,24.0,5.0,0.68,0.78,0.5,24.0,5.0,0.68,0.78,17,0,0.117959,0.092247,8.294118,3.941176,0.0,0.0,0.919677,0.747059,0.172618,0.829994,{'public_balanced': 17},16,0,0.179872,0.125471,11.5,4.8125,0.061937,0.0,0.853477,0.75875,0.094727,0.84243,{'public_balanced': 16}
740,0.09294284,1.0,public_balanced,0.5,0.3,0.01,0.02,0.02,0.05,0.04,0.8,0.84,0.58,0.72,20.0,8.0,0.5,24.0,5.0,0.68,0.78,0.5,24.0,5.0,0.68,0.78,17,0,0.121572,0.091396,8.470588,3.411765,0.038671,0.0,0.922293,0.747059,0.175234,0.829168,{'public_balanced': 17},16,0,0.171289,0.121364,11.25,3.875,0.218231,0.0,0.854272,0.75875,0.095522,0.839188,{'public_balanced': 16}
741,0.09294284,1.0,public_balanced,0.5,0.3,0.01,0.02,0.05,0.05,0.04,0.8,0.84,0.58,0.72,20.0,8.0,0.5,24.0,5.0,0.68,0.78,0.5,24.0,5.0,0.68,0.78,17,0,0.122732,0.091396,8.470588,3.411765,0.038671,0.0,0.922293,0.747059,0.175234,0.829168,{'public_balanced': 17},16,0,0.176597,0.125471,11.5,4.8125,0.061937,0.0,0.853477,0.75875,0.094727,0.84243,{'public_balanced': 16}
742,0.092247,1.0,public_balanced,0.5,0.3,0.01,0.02,0.1,0.05,0.04,0.8,0.84,0.58,0.72,20.0,8.0,0.5,24.0,5.0,0.68,0.78,0.5,24.0,5.0,0.68,0.78,17,0,0.122885,0.092247,8.294118,3.941176,0.0,0.0,0.919677,0.747059,0.172618,0.829994,{'public_balanced': 17},16,0,0.179694,0.125471,11.5,4.8125,0.061937,0.0,0.853477,0.75875,0.094727,0.84243,{'public_balanced': 16}
743,0.092247,1.0,public_balanced,0.5,0.3,0.01,0.02,0.2,0.05,0.04,0.8,0.84,0.58,0.72,20.0,8.0,0.5,24.0,5.0,0.68,0.78,0.5,24.0,5.0,0.68,0.78,17,0,0.122885,0.092247,8.294118,3.941176,0.0,0.0,0.919677,0.747059,0.172618,0.829994,{'public_balanced': 17},16,0,0.185888,0.125471,11.5,4.8125,0.061937,0.0,0.853477,0.75875,0.094727,0.84243,{'public_balanced': 16}
744,0.092247,1.0,public_balanced,0.5,0.3,0.02,0.0,0.02,0.05,0.04,0.8,0.84,0.58,0.72,20.0,8.0,0.5,24.0,5.0,0.68,0.78,0.5,24.0,5.0,0.68,0.78,17,0,0.117179,0.092247,8.294118,3.941176,0.0,0.0,0.919677,0.747059,0.172618,0.829994,{'public_balanced': 17},16,0,0.167226,0.121364,11.25,3.875,0.218231,0.0,0.854272,0.75875,0.095522,0.839188,{'public_balanced': 16}
745,0.092247,1.0,public_balanced,0.5,0.3,0.02,0.0,0.05,0.05,0.04,0.8,0.84,0.58,0.72,20.0,8.0,0.5,24.0,5.0,0.68,0.78,0.5,24.0,5.0,0.68,0.78,17,0,0.117179,0.092247,8.294118,3.941176,0.0,0.0,0.919677,0.747059,0.172618,0.829994,{'public_balanced': 17},16,0,0.170316,0.125471,11.5,4.8125,0.061937,0.0,0.853477,0.75875,0.094727,0.84243,{'public_balanced': 16}
746,0.092247,1.0,public_balanced,0.5,0.3,0.02,0.0,0.1,0.05,0.04,0.8,0.84,0.58,0.72,20.0,8.0,0.5,24.0,5.0,0.68,0.78,0.5,24.0,5.0,0.68,0.78,17,0,0.117179,0.092247,8.294118,3.941176,0.0,0.0,0.919677,0.747059,0.172618,0.829994,{'public_balanced': 17},16,0,0.173413,0.125471,11.5,4.8125,0.061937,0.0,0.853477,0.75875,0.094727,0.84243,{'public_balanced': 16}
747,0.092247,1.0,public_balanced,0.5,0.3,0.02,0.0,0.2,0.05,0.04,0.8,0.84,0.58,0.72,20.0,8.0,0.5,24.0,5.0,0.68,0.78,0.5,24.0,5.0,0.68,0.78,17,0,0.117179,0.092247,8.294118,3.941176,0.0,0.0,0.919677,0.747059,0.172618,0.829994,{'public_balanced': 17},16,0,0.179606,0.125471,11.5,4.8125,0.061937,0.0,0.853477,0.75875,0.094727,0.84243,{'public_balanced': 16}
748,0.09294284,1.0,public_balanced,0.5,0.3,0.02,0.01,0.02,0.05,0.04,0.8,0.84,0.58,0.72,20.0,8.0,0.5,24.0,5.0,0.68,0.78,0.5,24.0,5.0,0.68,0.78,17,0,0.121542,0.091396,8.470588,3.411765,0.038671,0.0,0.922293,0.747059,0.175234,0.829168,{'public_balanced': 17},16,0,0.17207,0.121364,11.25,3.875,0.218231,0.0,0.854272,0.75875,0.095522,0.839188,{'public_balanced': 16}
749,0.092247,1.0,public_balanced,0.5,0.3,0.02,0.01,0.05,0.05,0.04,0.8,0.84,0.58,0.72,20.0,8.0,0.5,24.0,5.0,0.68,0.78,0.5,24.0,5.0,0.68,0.78,17,0,0.122106,0.092247,8.294118,3.941176,0.0,0.0,0.919677,0.747059,0.172618,0.829994,{'public_balanced': 17},16,0,0.176331,0.125471,11.5,4.8125,0.061937,0.0,0.853477,0.75875,0.094727,0.84243,{'public_balanced': 16}
750,0.092247,1.0,public_balanced,0.5,0.3,0.02,0.01,0.1,0.05,0.04,0.8,0.84,0.58,0.72,20.0,8.0,0.5,24.0,5.0,0.68,0.78,0.5,24.0,5.0,0.68,0.78,17,0,0.122106,0.092247,8.294118,3.941176,0.0,0.0,0.919677,0.747059,0.172618,0.829994,{'public_balanced': 17},16,0,0.179428,0.125471,11.5,4.8125,0.061937,0.0,0.853477,0.75875,0.094727,0.84243,{'public_balanced': 16}
751,0.092247,1.0,public_balanced,0.5,0.3,0.02,0.01,0.2,0.05,0.04,0.8,0.84,0.58,0.72,20.0,8.0,0.5,24.0,5.0,0.68,0.78,0.5,24.0,5.0,0.68,0.78,17,0,0.122106,0.092247,8.294118,3.941176,0.0,0.0,0.919677,0.747059,0.172618,0.829994,{'public_balanced': 17},16,0,0.185622,0.125471,11.5,4.8125,0.061937,0.0,0.853477,0.75875,0.094727,0.84243,{'public_balanced': 16}
752,0.09294284,1.0,public_balanced,0.5,0.3,0.02,0.02,0.02,0.05,0.04,0.8,0.84,0.58,0.72,20.0,8.0,0.5,24.0,5.0,0.68,0.78,0.5,24.0,5.0,0.68,0.78,17,0,0.125807,0.091396,8.470588,3.411765,0.038671,0.0,0.922293,0.747059,0.175234,0.829168,{'public_balanced': 17},16,0,0.176914,0.121364,11.25,3.875,0.218231,0.0,0.854272,0.75875,0.095522,0.839188,{'public_balanced': 16}
753,0.09294284,1.0,public_balanced,0.5,0.3,0.02,0.02,0.05,0.05,0.04,0.8,0.84,0.58,0.72,20.0,8.0,0.5,24.0,5.0,0.68,0.78,0.5,24.0,5.0,0.68,0.78,17,0,0.126967,0.091396,8.470588,3.411765,0.038671,0.0,0.922293,0.747059,0.175234,0.829168,{'public_balanced': 17},16,0,0.182347,0.125471,11.5,4.8125,0.061937,0.0,0.853477,0.75875,0.094727,0.84243,{'public_balanced': 16}
754,0.092247,1.0,public_balanced,0.5,0.3,0.02,0.02,0.1,0.05,0.04,0.8,0.84,0.58,0.72,20.0,8.0,0.5,24.0,5.0,0.68,0.78,0.5,24.0,5.0,0.68,0.78,17,0,0.127032,0.092247,8.294118,3.941176,0.0,0.0,0.919677,0.747059,0.172618,0.829994,{'public_balanced': 17},16,0,0.185444,0.125471,11.5,4.8125,0.061937,0.0,0.853477,0.75875,0.094727,0.84243,{'public_balanced': 16}
755,0.092247,1.0,public_balanced,0.5,0.3,0.02,0.02,0.2,0.05,0.04,0.8,0.84,0.58,0.72,20.0,8.0,0.5,24.0,5.0,0.68,0.78,0.5,24.0,5.0,0.68,0.78,17,0,0.127032,0.092247,8.294118,3.941176,0.0,0.0,0.919677,0.747059,0.172618,0.829994,{'public_balanced': 17},16,0,0.191638,0.125471,11.5,4.8125,0.061937,0.0,0.853477,0.75875,0.094727,0.84243,{'public_balanced': 16}
756,0.09244584,1.0,public_balanced,0.7,0.05,0.0,0.0,0.02,0.05,0.04,0.8,0.84,0.58,0.72,20.0,8.0,0.5,24.0,5.0,0.68,0.78,0.5,24.0,5.0,0.68,0.78,17,0,0.108849,0.090899,8.411765,3.411765,0.038671,0.0,0.944574,0.747059,0.197515,0.812034,{'public_balanced': 17},16,0,0.163719,0.121364,11.25,3.875,0.218231,0.0,0.854272,0.75875,0.095522,0.839188,{'public_balanced': 16}
757,0.09175,1.0,public_balanced,0.7,0.05,0.0,0.0,0.05,0.05,0.04,0.8,0.84,0.58,0.72,20.0,8.0,0.5,24.0,5.0,0.68,0.78,0.5,24.0,5.0,0.68,0.78,17,0,0.108926,0.09175,8.235294,3.941176,0.0,0.0,0.941958,0.747059,0.194899,0.812861,{'public_balanced': 17},16,0,0.166558,0.125471,11.5,4.8125,0.061937,0.0,0.853477,0.75875,0.094727,0.84243,{'public_balanced': 16}
758,0.09175,1.0,public_balanced,0.7,0.05,0.0,0.0,0.1,0.05,0.04,0.8,0.84,0.58,0.72,20.0,8.0,0.5,24.0,5.0,0.68,0.78,0.5,24.0,5.0,0.68,0.78,17,0,0.108926,0.09175,8.235294,3.941176,0.0,0.0,0.941958,0.747059,0.194899,0.812861,{'public_balanced': 17},16,0,0.169655,0.125471,11.5,4.8125,0.061937,0.0,0.853477,0.75875,0.094727,0.84243,{'public_balanced': 16}
759,0.09175,1.0,public_balanced,0.7,0.05,0.0,0.0,0.2,0.05,0.04,0.8,0.84,0.58,0.72,20.0,8.0,0.5,24.0,5.0,0.68,0.78,0.5,24.0,5.0,0.68,0.78,17,0,0.108926,0.09175,8.235294,3.941176,0.0,0.0,0.941958,0.747059,0.194899,0.812861,{'public_balanced': 17},16,0,0.175849,0.125471,11.5,4.8125,0.061937,0.0,0.853477,0.75875,0.094727,0.84243,{'public_balanced': 16}
760,0.09244584,1.0,public_balanced,0.7,0.05,0.0,0.01,0.02,0.05,0.04,0.8,0.84,0.58,0.72,20.0,8.0,0.5,24.0,5.0,0.68,0.78,0.5,24.0,5.0,0.68,0.78,17,0,0.113113,0.090899,8.411765,3.411765,0.038671,0.0,0.944574,0.747059,0.197515,0.812034,{'public_balanced': 17},16,0,0.168562,0.121364,11.25,3.875,0.218231,0.0,0.854272,0.75875,0.095522,0.839188,{'public_balanced': 16}
761,0.09175,1.0,public_balanced,0.7,0.05,0.0,0.01,0.05,0.05,0.04,0.8,0.84,0.58,0.72,20.0,8.0,0.5,24.0,5.0,0.68,0.78,0.5,24.0,5.0,0.68,0.78,17,0,0.113853,0.09175,8.235294,3.941176,0.0,0.0,0.941958,0.747059,0.194899,0.812861,{'public_balanced': 17},16,0,0.172574,0.125471,11.5,4.8125,0.061937,0.0,0.853477,0.75875,0.094727,0.84243,{'public_balanced': 16}
762,0.09175,1.0,public_balanced,0.7,0.05,0.0,0.01,0.1,0.05,0.04,0.8,0.84,0.58,0.72,20.0,8.0,0.5,24.0,5.0,0.68,0.78,0.5,24.0,5.0,0.68,0.78,17,0,0.113853,0.09175,8.235294,3.941176,0.0,0.0,0.941958,0.747059,0.194899,0.812861,{'public_balanced': 17},16,0,0.175671,0.125471,11.5,4.8125,0.061937,0.0,0.853477,0.75875,0.094727,0.84243,{'public_balanced': 16}
763,0.09175,1.0,public_balanced,0.7,0.05,0.0,0.01,0.2,0.05,0.04,0.8,0.84,0.58,0.72,20.0,8.0,0.5,24.0,5.0,0.68,0.78,0.5,24.0,5.0,0.68,0.78,17,0,0.113853,0.09175,8.235294,3.941176,0.0,0.0,0.941958,0.747059,0.194899,0.812861,{'public_balanced': 17},16,0,0.181865,0.125471,11.5,4.8125,0.061937,0.0,0.853477,0.75875,0.094727,0.84243,{'public_balanced': 16}
764,0.09244584,1.0,public_balanced,0.7,0.05,0.0,0.02,0.02,0.05,0.04,0.8,0.84,0.58,0.72,20.0,8.0,0.5,24.0,5.0,0.68,0.78,0.5,24.0,5.0,0.68,0.78,17,0,0.117378,0.090899,8.411765,3.411765,0.038671,0.0,0.944574,0.747059,0.197515,0.812034,{'public_balanced': 17},16,0,0.173406,0.121364,11.25,3.875,0.218231,0.0,0.854272,0.75875,0.095522,0.839188,{'public_balanced': 16}
765,0.09244584,1.0,public_balanced,0.7,0.05,0.0,0.02,0.05,0.05,0.04,0.8,0.84,0.58,0.72,20.0,8.0,0.5,24.0,5.0,0.68,0.78,0.5,24.0,5.0,0.68,0.78,17,0,0.118538,0.090899,8.411765,3.411765,0.038671,0.0,0.944574,0.747059,0.197515,0.812034,{'public_balanced': 17},16,0,0.17859,0.125471,11.5,4.8125,0.061937,0.0,0.853477,0.75875,0.094727,0.84243,{'public_balanced': 16}
766,0.09175,1.0,public_balanced,0.7,0.05,0.0,0.02,0.1,0.05,0.04,0.8,0.84,0.58,0.72,20.0,8.0,0.5,24.0,5.0,0.68,0.78,0.5,24.0,5.0,0.68,0.78,17,0,0.118779,0.09175,8.235294,3.941176,0.0,0.0,0.941958,0.747059,0.194899,0.812861,{'public_balanced': 17},16,0,0.181686,0.125471,11.5,4.8125,0.061937,0.0,0.853477,0.75875,0.094727,0.84243,{'public_balanced': 16}
767,0.09175,1.0,public_balanced,0.7,0.05,0.0,0.02,0.2,0.05,0.04,0.8,0.84,0.58,0.72,20.0,8.0,0.5,24.0,5.0,0.68,0.78,0.5,24.0,5.0,0.68,0.78,17,0,0.118779,0.09175,8.235294,3.941176,0.0,0.0,0.941958,0.747059,0.194899,0.812861,{'public_balanced': 17},16,0,0.18788,0.125471,11.5,4.8125,0.061937,0.0,0.853477,0.75875,0.094727,0.84243,{'public_balanced': 16}
768,0.09175,1.0,public_balanced,0.7,0.05,0.01,0.0,0.02,0.05,0.04,0.8,0.84,0.58,0.72,20.0,8.0,0.5,24.0,5.0,0.68,0.78,0.5,24.0,5.0,0.68,0.78,17,0,0.113044,0.09175,8.235294,3.941176,0.0,0.0,0.941958,0.747059,0.194899,0.812861,{'public_balanced': 17},16,0,0.169344,0.121364,11.25,3.875,0.218231,0.0,0.854272,0.75875,0.095522,0.839188,{'public_balanced': 16}
769,0.09175,1.0,public_balanced,0.7,0.05,0.01,0.0,0.05,0.05,0.04,0.8,0.84,0.58,0.72,20.0,8.0,0.5,24.0,5.0,0.68,0.78,0.5,24.0,5.0,0.68,0.78,17,0,0.113044,0.09175,8.235294,3.941176,0.0,0.0,0.941958,0.747059,0.194899,0.812861,{'public_balanced': 17},16,0,0.172308,0.125471,11.5,4.8125,0.061937,0.0,0.853477,0.75875,0.094727,0.84243,{'public_balanced': 16}
770,0.09175,1.0,public_balanced,0.7,0.05,0.01,0.0,0.1,0.05,0.04,0.8,0.84,0.58,0.72,20.0,8.0,0.5,24.0,5.0,0.68,0.78,0.5,24.0,5.0,0.68,0.78,17,0,0.113044,0.09175,8.235294,3.941176,0.0,0.0,0.941958,0.747059,0.194899,0.812861,{'public_balanced': 17},16,0,0.175405,0.125471,11.5,4.8125,0.061937,0.0,0.853477,0.75875,0.094727,0.84243,{'public_balanced': 16}
771,0.09175,1.0,public_balanced,0.7,0.05,0.01,0.0,0.2,0.05,0.04,0.8,0.84,0.58,0.72,20.0,8.0,0.5,24.0,5.0,0.68,0.78,0.5,24.0,5.0,0.68,0.78,17,0,0.113044,0.09175,8.235294,3.941176,0.0,0.0,0.941958,0.747059,0.194899,0.812861,{'public_balanced': 17},16,0,0.181599,0.125471,11.5,4.8125,0.061937,0.0,0.853477,0.75875,0.094727,0.84243,{'public_balanced': 16}
772,0.09244584,1.0,public_balanced,0.7,0.05,0.01,0.01,0.02,0.05,0.04,0.8,0.84,0.58,0.72,20.0,8.0,0.5,24.0,5.0,0.68,0.78,0.5,24.0,5.0,0.68,0.78,17,0,0.117319,0.090899,8.411765,3.411765,0.038671,0.0,0.944574,0.747059,0.197515,0.812034,{'public_balanced': 17},16,0,0.174187,0.121364,11.25,3.875,0.218231,0.0,0.854272,0.75875,0.095522,0.839188,{'public_balanced': 16}
773,0.09175,1.0,public_balanced,0.7,0.05,0.01,0.01,0.05,0.05,0.04,0.8,0.84,0.58,0.72,20.0,8.0,0.5,24.0,5.0,0.68,0.78,0.5,24.0,5.0,0.68,0.78,17,0,0.117971,0.09175,8.235294,3.941176,0.0,0.0,0.941958,0.747059,0.194899,0.812861,{'public_balanced': 17},16,0,0.178324,0.125471,11.5,4.8125,0.061937,0.0,0.853477,0.75875,0.094727,0.84243,{'public_balanced': 16}
774,0.09175,1.0,public_balanced,0.7,0.05,0.01,0.01,0.1,0.05,0.04,0.8,0.84,0.58,0.72,20.0,8.0,0.5,24.0,5.0,0.68,0.78,0.5,24.0,5.0,0.68,0.78,17,0,0.117971,0.09175,8.235294,3.941176,0.0,0.0,0.941958,0.747059,0.194899,0.812861,{'public_balanced': 17},16,0,0.181421,0.125471,11.5,4.8125,0.061937,0.0,0.853477,0.75875,0.094727,0.84243,{'public_balanced': 16}
775,0.09175,1.0,public_balanced,0.7,0.05,0.01,0.01,0.2,0.05,0.04,0.8,0.84,0.58,0.72,20.0,8.0,0.5,24.0,5.0,0.68,0.78,0.5,24.0,5.0,0.68,0.78,17,0,0.117971,0.09175,8.235294,3.941176,0.0,0.0,0.941958,0.747059,0.194899,0.812861,{'public_balanced': 17},16,0,0.187615,0.125471,11.5,4.8125,0.061937,0.0,0.853477,0.75875,0.094727,0.84243,{'public_balanced': 16}
776,0.09244584,1.0,public_balanced,0.7,0.05,0.01,0.02,0.02,0.05,0.04,0.8,0.84,0.58,0.72,20.0,8.0,0.5,24.0,5.0,0.68,0.78,0.5,24.0,5.0,0.68,0.78,17,0,0.121584,0.090899,8.411765,3.411765,0.038671,0.0,0.944574,0.747059,0.197515,0.812034,{'public_balanced': 17},16,0,0.179031,0.121364,11.25,3.875,0.218231,0.0,0.854272,0.75875,0.095522,0.839188,{'public_balanced': 16}
777,0.09244584,1.0,public_balanced,0.7,0.05,0.01,0.02,0.05,0.05,0.04,0.8,0.84,0.58,0.72,20.0,8.0,0.5,24.0,5.0,0.68,0.78,0.5,24.0,5.0,0.68,0.78,17,0,0.122744,0.090899,8.411765,3.411765,0.038671,0.0,0.944574,0.747059,0.197515,0.812034,{'public_balanced': 17},16,0,0.18434,0.125471,11.5,4.8125,0.061937,0.0,0.853477,0.75875,0.094727,0.84243,{'public_balanced': 16}
778,0.09175,1.0,public_balanced,0.7,0.05,0.01,0.02,0.1,0.05,0.04,0.8,0.84,0.58,0.72,20.0,8.0,0.5,24.0,5.0,0.68,0.78,0.5,24.0,5.0,0.68,0.78,17,0,0.122897,0.09175,8.235294,3.941176,0.0,0.0,0.941958,0.747059,0.194899,0.812861,{'public_balanced': 17},16,0,0.187436,0.125471,11.5,4.8125,0.061937,0.0,0.853477,0.75875,0.094727,0.84243,{'public_balanced': 16}
779,0.09175,1.0,public_balanced,0.7,0.05,0.01,0.02,0.2,0.05,0.04,0.8,0.84,0.58,0.72,20.0,8.0,0.5,24.0,5.0,0.68,0.78,0.5,24.0,5.0,0.68,0.78,17,0,0.122897,0.09175,8.235294,3.941176,0.0,0.0,0.941958,0.747059,0.194899,0.812861,{'public_balanced': 17},16,0,0.19363,0.125471,11.5,4.8125,0.061937,0.0,0.853477,0.75875,0.094727,0.84243,{'public_balanced': 16}
780,0.09175,1.0,public_balanced,0.7,0.05,0.02,0.0,0.02,0.05,0.04,0.8,0.84,0.58,0.72,20.0,8.0,0.5,24.0,5.0,0.68,0.78,0.5,24.0,5.0,0.68,0.78,17,0,0.117162,0.09175,8.235294,3.941176,0.0,0.0,0.941958,0.747059,0.194899,0.812861,{'public_balanced': 17},16,0,0.174969,0.121364,11.25,3.875,0.218231,0.0,0.854272,0.75875,0.095522,0.839188,{'public_balanced': 16}
781,0.09175,1.0,public_balanced,0.7,0.05,0.02,0.0,0.05,0.05,0.04,0.8,0.84,0.58,0.72,20.0,8.0,0.5,24.0,5.0,0.68,0.78,0.5,24.0,5.0,0.68,0.78,17,0,0.117162,0.09175,8.235294,3.941176,0.0,0.0,0.941958,0.747059,0.194899,0.812861,{'public_balanced': 17},16,0,0.178058,0.125471,11.5,4.8125,0.061937,0.0,0.853477,0.75875,0.094727,0.84243,{'public_balanced': 16}
782,0.09175,1.0,public_balanced,0.7,0.05,0.02,0.0,0.1,0.05,0.04,0.8,0.84,0.58,0.72,20.0,8.0,0.5,24.0,5.0,0.68,0.78,0.5,24.0,5.0,0.68,0.78,17,0,0.117162,0.09175,8.235294,3.941176,0.0,0.0,0.941958,0.747059,0.194899,0.812861,{'public_balanced': 17},16,0,0.181155,0.125471,11.5,4.8125,0.061937,0.0,0.853477,0.75875,0.094727,0.84243,{'public_balanced': 16}
783,0.09175,1.0,public_balanced,0.7,0.05,0.02,0.0,0.2,0.05,0.04,0.8,0.84,0.58,0.72,20.0,8.0,0.5,24.0,5.0,0.68,0.78,0.5,24.0,5.0,0.68,0.78,17,0,0.117162,0.09175,8.235294,3.941176,0.0,0.0,0.941958,0.747059,0.194899,0.812861,{'public_balanced': 17},16,0,0.187349,0.125471,11.5,4.8125,0.061937,0.0,0.853477,0.75875,0.094727,0.84243,{'public_balanced': 16}
784,0.09244584,1.0,public_balanced,0.7,0.05,0.02,0.01,0.02,0.05,0.04,0.8,0.84,0.58,0.72,20.0,8.0,0.5,24.0,5.0,0.68,0.78,0.5,24.0,5.0,0.68,0.78,17,0,0.121525,0.090899,8.411765,3.411765,0.038671,0.0,0.944574,0.747059,0.197515,0.812034,{'public_balanced': 17},16,0,0.179812,0.121364,11.25,3.875,0.218231,0.0,0.854272,0.75875,0.095522,0.839188,{'public_balanced': 16}
785,0.09175,1.0,public_balanced,0.7,0.05,0.02,0.01,0.05,0.05,0.04,0.8,0.84,0.58,0.72,20.0,8.0,0.5,24.0,5.0,0.68,0.78,0.5,24.0,5.0,0.68,0.78,17,0,0.122088,0.09175,8.235294,3.941176,0.0,0.0,0.941958,0.747059,0.194899,0.812861,{'public_balanced': 17},16,0,0.184074,0.125471,11.5,4.8125,0.061937,0.0,0.853477,0.75875,0.094727,0.84243,{'public_balanced': 16}
786,0.09175,1.0,public_balanced,0.7,0.05,0.02,0.01,0.1,0.05,0.04,0.8,0.84,0.58,0.72,20.0,8.0,0.5,24.0,5.0,0.68,0.78,0.5,24.0,5.0,0.68,0.78,17,0,0.122088,0.09175,8.235294,3.941176,0.0,0.0,0.941958,0.747059,0.194899,0.812861,{'public_balanced': 17},16,0,0.187171,0.125471,11.5,4.8125,0.061937,0.0,0.853477,0.75875,0.094727,0.84243,{'public_balanced': 16}
787,0.09175,1.0,public_balanced,0.7,0.05,0.02,0.01,0.2,0.05,0.04,0.8,0.84,0.58,0.72,20.0,8.0,0.5,24.0,5.0,0.68,0.78,0.5,24.0,5.0,0.68,0.78,17,0,0.122088,0.09175,8.235294,3.941176,0.0,0.0,0.941958,0.747059,0.194899,0.812861,{'public_balanced': 17},16,0,0.193365,0.125471,11.5,4.8125,0.061937,0.0,0.853477,0.75875,0.094727,0.84243,{'public_balanced': 16}
788,0.09244584,1.0,public_balanced,0.7,0.05,0.02,0.02,0.02,0.05,0.04,0.8,0.84,0.58,0.72,20.0,8.0,0.5,24.0,5.0,0.68,0.78,0.5,24.0,5.0,0.68,0.78,17,0,0.12579,0.090899,8.411765,3.411765,0.038671,0.0,0.944574,0.747059,0.197515,0.812034,{'public_balanced': 17},16,0,0.184656,0.121364,11.25,3.875,0.218231,0.0,0.854272,0.75875,0.095522,0.839188,{'public_balanced': 16}
789,0.09244584,1.0,public_balanced,0.7,0.05,0.02,0.02,0.05,0.05,0.04,0.8,0.84,0.58,0.72,20.0,8.0,0.5,24.0,5.0,0.68,0.78,0.5,24.0,5.0,0.68,0.78,17,0,0.12695,0.090899,8.411765,3.411765,0.038671,0.0,0.944574,0.747059,0.197515,0.812034,{'public_balanced': 17},16,0,0.19009,0.125471,11.5,4.8125,0.061937,0.0,0.853477,0.75875,0.094727,0.84243,{'public_balanced': 16}
790,0.09175,1.0,public_balanced,0.7,0.05,0.02,0.02,0.1,0.05,0.04,0.8,0.84,0.58,0.72,20.0,8.0,0.5,24.0,5.0,0.68,0.78,0.5,24.0,5.0,0.68,0.78,17,0,0.127015,0.09175,8.235294,3.941176,0.0,0.0,0.941958,0.747059,0.194899,0.812861,{'public_balanced': 17},16,0,0.193186,0.125471,11.5,4.8125,0.061937,0.0,0.853477,0.75875,0.094727,0.84243,{'public_balanced': 16}
791,0.09175,1.0,public_balanced,0.7,0.05,0.02,0.02,0.2,0.05,0.04,0.8,0.84,0.58,0.72,20.0,8.0,0.5,24.0,5.0,0.68,0.78,0.5,24.0,5.0,0.68,0.78,17,0,0.127015,0.09175,8.235294,3.941176,0.0,0.0,0.941958,0.747059,0.194899,0.812861,{'public_balanced': 17},16,0,0.19938,0.125471,11.5,4.8125,0.061937,0.0,0.853477,0.75875,0.094727,0.84243,{'public_balanced': 16}
792,0.09294284,1.0,public_balanced,0.7,0.15,0.0,0.0,0.02,0.05,0.04,0.8,0.84,0.58,0.72,20.0,8.0,0.5,24.0,5.0,0.68,0.78,0.5,24.0,5.0,0.68,0.78,17,0,0.110841,0.091396,8.470588,3.411765,0.038671,0.0,0.922293,0.747059,0.175234,0.829168,{'public_balanced': 17},16,0,0.164896,0.121364,11.25,3.875,0.218231,0.0,0.854272,0.75875,0.095522,0.839188,{'public_balanced': 16}
793,0.092247,1.0,public_balanced,0.7,0.15,0.0,0.0,0.05,0.05,0.04,0.8,0.84,0.58,0.72,20.0,8.0,0.5,24.0,5.0,0.68,0.78,0.5,24.0,5.0,0.68,0.78,17,0,0.110919,0.092247,8.294118,3.941176,0.0,0.0,0.919677,0.747059,0.172618,0.829994,{'public_balanced': 17},16,0,0.167736,0.125471,11.5,4.8125,0.061937,0.0,0.853477,0.75875,0.094727,0.84243,{'public_balanced': 16}
794,0.092247,1.0,public_balanced,0.7,0.15,0.0,0.0,0.1,0.05,0.04,0.8,0.84,0.58,0.72,20.0,8.0,0.5,24.0,5.0,0.68,0.78,0.5,24.0,5.0,0.68,0.78,17,0,0.110919,0.092247,8.294118,3.941176,0.0,0.0,0.919677,0.747059,0.172618,0.829994,{'public_balanced': 17},16,0,0.170833,0.125471,11.5,4.8125,0.061937,0.0,0.853477,0.75875,0.094727,0.84243,{'public_balanced': 16}
795,0.092247,1.0,public_balanced,0.7,0.15,0.0,0.0,0.2,0.05,0.04,0.8,0.84,0.58,0.72,20.0,8.0,0.5,24.0,5.0,0.68,0.78,0.5,24.0,5.0,0.68,0.78,17,0,0.110919,0.092247,8.294118,3.941176,0.0,0.0,0.919677,0.747059,0.172618,0.829994,{'public_balanced': 17},16,0,0.177026,0.125471,11.5,4.8125,0.061937,0.0,0.853477,0.75875,0.094727,0.84243,{'public_balanced': 16}
796,0.09294284,1.0,public_balanced,0.7,0.15,0.0,0.01,0.02,0.05,0.04,0.8,0.84,0.58,0.72,20.0,8.0,0.5,24.0,5.0,0.68,0.78,0.5,24.0,5.0,0.68,0.78,17,0,0.115105,0.091396,8.470588,3.411765,0.038671,0.0,0.922293,0.747059,0.175234,0.829168,{'public_balanced': 17},16,0,0.16974,0.121364,11.25,3.875,0.218231,0.0,0.854272,0.75875,0.095522,0.839188,{'public_balanced': 16}
797,0.092247,1.0,public_balanced,0.7,0.15,0.0,0.01,0.05,0.05,0.04,0.8,0.84,0.58,0.72,20.0,8.0,0.5,24.0,5.0,0.68,0.78,0.5,24.0,5.0,0.68,0.78,17,0,0.115845,0.092247,8.294118,3.941176,0.0,0.0,0.919677,0.747059,0.172618,0.829994,{'public_balanced': 17},16,0,0.173751,0.125471,11.5,4.8125,0.061937,0.0,0.853477,0.75875,0.094727,0.84243,{'public_balanced': 16}
798,0.092247,1.0,public_balanced,0.7,0.15,0.0,0.01,0.1,0.05,0.04,0.8,0.84,0.58,0.72,20.0,8.0,0.5,24.0,5.0,0.68,0.78,0.5,24.0,5.0,0.68,0.78,17,0,0.115845,0.092247,8.294118,3.941176,0.0,0.0,0.919677,0.747059,0.172618,0.829994,{'public_balanced': 17},16,0,0.176848,0.125471,11.5,4.8125,0.061937,0.0,0.853477,0.75875,0.094727,0.84243,{'public_balanced': 16}
799,0.092247,1.0,public_balanced,0.7,0.15,0.0,0.01,0.2,0.05,0.04,0.8,0.84,0.58,0.72,20.0,8.0,0.5,24.0,5.0,0.68,0.78,0.5,24.0,5.0,0.68,0.78,17,0,0.115845,0.092247,8.294118,3.941176,0.0,0.0,0.919677,0.747059,0.172618,0.829994,{'public_balanced': 17},16,0,0.183042,0.125471,11.5,4.8125,0.061937,0.0,0.853477,0.75875,0.094727,0.84243,{'public_balanced': 16}
800,0.09294284,1.0,public_balanced,0.7,0.15,0.0,0.02,0.02,0.05,0.04,0.8,0.84,0.58,0.72,20.0,8.0,0.5,24.0,5.0,0.68,0.78,0.5,24.0,5.0,0.68,0.78,17,0,0.11937,0.091396,8.470588,3.411765,0.038671,0.0,0.922293,0.747059,0.175234,0.829168,{'public_balanced': 17},16,0,0.174584,0.121364,11.25,3.875,0.218231,0.0,0.854272,0.75875,0.095522,0.839188,{'public_balanced': 16}
801,0.09294284,1.0,public_balanced,0.7,0.15,0.0,0.02,0.05,0.05,0.04,0.8,0.84,0.58,0.72,20.0,8.0,0.5,24.0,5.0,0.68,0.78,0.5,24.0,5.0,0.68,0.78,17,0,0.12053,0.091396,8.470588,3.411765,0.038671,0.0,0.922293,0.747059,0.175234,0.829168,{'public_balanced': 17},16,0,0.179767,0.125471,11.5,4.8125,0.061937,0.0,0.853477,0.75875,0.094727,0.84243,{'public_balanced': 16}
802,0.092247,1.0,public_balanced,0.7,0.15,0.0,0.02,0.1,0.05,0.04,0.8,0.84,0.58,0.72,20.0,8.0,0.5,24.0,5.0,0.68,0.78,0.5,24.0,5.0,0.68,0.78,17,0,0.120771,0.092247,8.294118,3.941176,0.0,0.0,0.919677,0.747059,0.172618,0.829994,{'public_balanced': 17},16,0,0.182864,0.125471,11.5,4.8125,0.061937,0.0,0.853477,0.75875,0.094727,0.84243,{'public_balanced': 16}
803,0.092247,1.0,public_balanced,0.7,0.15,0.0,0.02,0.2,0.05,0.04,0.8,0.84,0.58,0.72,20.0,8.0,0.5,24.0,5.0,0.68,0.78,0.5,24.0,5.0,0.68,0.78,17,0,0.120771,0.092247,8.294118,3.941176,0.0,0.0,0.919677,0.747059,0.172618,0.829994,{'public_balanced': 17},16,0,0.189058,0.125471,11.5,4.8125,0.061937,0.0,0.853477,0.75875,0.094727,0.84243,{'public_balanced': 16}
804,0.092247,1.0,public_balanced,0.7,0.15,0.01,0.0,0.02,0.05,0.04,0.8,0.84,0.58,0.72,20.0,8.0,0.5,24.0,5.0,0.68,0.78,0.5,24.0,5.0,0.68,0.78,17,0,0.115066,0.092247,8.294118,3.941176,0.0,0.0,0.919677,0.747059,0.172618,0.829994,{'public_balanced': 17},16,0,0.170521,0.121364,11.25,3.875,0.218231,0.0,0.854272,0.75875,0.095522,0.839188,{'public_balanced': 16}
805,0.092247,1.0,public_balanced,0.7,0.15,0.01,0.0,0.05,0.05,0.04,0.8,0.84,0.58,0.72,20.0,8.0,0.5,24.0,5.0,0.68,0.78,0.5,24.0,5.0,0.68,0.78,17,0,0.115066,0.092247,8.294118,3.941176,0.0,0.0,0.919677,0.747059,0.172618,0.829994,{'public_balanced': 17},16,0,0.173486,0.125471,11.5,4.8125,0.061937,0.0,0.853477,0.75875,0.094727,0.84243,{'public_balanced': 16}
806,0.092247,1.0,public_balanced,0.7,0.15,0.01,0.0,0.1,0.05,0.04,0.8,0.84,0.58,0.72,20.0,8.0,0.5,24.0,5.0,0.68,0.78,0.5,24.0,5.0,0.68,0.78,17,0,0.115066,0.092247,8.294118,3.941176,0.0,0.0,0.919677,0.747059,0.172618,0.829994,{'public_balanced': 17},16,0,0.176583,0.125471,11.5,4.8125,0.061937,0.0,0.853477,0.75875,0.094727,0.84243,{'public_balanced': 16}
807,0.092247,1.0,public_balanced,0.7,0.15,0.01,0.0,0.2,0.05,0.04,0.8,0.84,0.58,0.72,20.0,8.0,0.5,24.0,5.0,0.68,0.78,0.5,24.0,5.0,0.68,0.78,17,0,0.115066,0.092247,8.294118,3.941176,0.0,0.0,0.919677,0.747059,0.172618,0.829994,{'public_balanced': 17},16,0,0.182776,0.125471,11.5,4.8125,0.061937,0.0,0.853477,0.75875,0.094727,0.84243,{'public_balanced': 16}
808,0.09294284,1.0,public_balanced,0.7,0.15,0.01,0.01,0.02,0.05,0.04,0.8,0.84,0.58,0.72,20.0,8.0,0.5,24.0,5.0,0.68,0.78,0.5,24.0,5.0,0.68,0.78,17,0,0.119341,0.091396,8.470588,3.411765,0.038671,0.0,0.922293,0.747059,0.175234,0.829168,{'public_balanced': 17},16,0,0.175365,0.121364,11.25,3.875,0.218231,0.0,0.854272,0.75875,0.095522,0.839188,{'public_balanced': 16}
809,0.092247,1.0,public_balanced,0.7,0.15,0.01,0.01,0.05,0.05,0.04,0.8,0.84,0.58,0.72,20.0,8.0,0.5,24.0,5.0,0.68,0.78,0.5,24.0,5.0,0.68,0.78,17,0,0.119992,0.092247,8.294118,3.941176,0.0,0.0,0.919677,0.747059,0.172618,0.829994,{'public_balanced': 17},16,0,0.179501,0.125471,11.5,4.8125,0.061937,0.0,0.853477,0.75875,0.094727,0.84243,{'public_balanced': 16}
810,0.092247,1.0,public_balanced,0.7,0.15,0.01,0.01,0.1,0.05,0.04,0.8,0.84,0.58,0.72,20.0,8.0,0.5,24.0,5.0,0.68,0.78,0.5,24.0,5.0,0.68,0.78,17,0,0.119992,0.092247,8.294118,3.941176,0.0,0.0,0.919677,0.747059,0.172618,0.829994,{'public_balanced': 17},16,0,0.182598,0.125471,11.5,4.8125,0.061937,0.0,0.853477,0.75875,0.094727,0.84243,{'public_balanced': 16}
811,0.092247,1.0,public_balanced,0.7,0.15,0.01,0.01,0.2,0.05,0.04,0.8,0.84,0.58,0.72,20.0,8.0,0.5,24.0,5.0,0.68,0.78,0.5,24.0,5.0,0.68,0.78,17,0,0.119992,0.092247,8.294118,3.941176,0.0,0.0,0.919677,0.747059,0.172618,0.829994,{'public_balanced': 17},16,0,0.188792,0.125471,11.5,4.8125,0.061937,0.0,0.853477,0.75875,0.094727,0.84243,{'public_balanced': 16}
812,0.09294284,1.0,public_balanced,0.7,0.15,0.01,0.02,0.02,0.05,0.04,0.8,0.84,0.58,0.72,20.0,8.0,0.5,24.0,5.0,0.68,0.78,0.5,24.0,5.0,0.68,0.78,17,0,0.123605,0.091396,8.470588,3.411765,0.038671,0.0,0.922293,0.747059,0.175234,0.829168,{'public_balanced': 17},16,0,0.180209,0.121364,11.25,3.875,0.218231,0.0,0.854272,0.75875,0.095522,0.839188,{'public_balanced': 16}
813,0.09294284,1.0,public_balanced,0.7,0.15,0.01,0.02,0.05,0.05,0.04,0.8,0.84,0.58,0.72,20.0,8.0,0.5,24.0,5.0,0.68,0.78,0.5,24.0,5.0,0.68,0.78,17,0,0.124766,0.091396,8.470588,3.411765,0.038671,0.0,0.922293,0.747059,0.175234,0.829168,{'public_balanced': 17},16,0,0.185517,0.125471,11.5,4.8125,0.061937,0.0,0.853477,0.75875,0.094727,0.84243,{'public_balanced': 16}
814,0.092247,1.0,public_balanced,0.7,0.15,0.01,0.02,0.1,0.05,0.04,0.8,0.84,0.58,0.72,20.0,8.0,0.5,24.0,5.0,0.68,0.78,0.5,24.0,5.0,0.68,0.78,17,0,0.124919,0.092247,8.294118,3.941176,0.0,0.0,0.919677,0.747059,0.172618,0.829994,{'public_balanced': 17},16,0,0.188614,0.125471,11.5,4.8125,0.061937,0.0,0.853477,0.75875,0.094727,0.84243,{'public_balanced': 16}
815,0.092247,1.0,public_balanced,0.7,0.15,0.01,0.02,0.2,0.05,0.04,0.8,0.84,0.58,0.72,20.0,8.0,0.5,24.0,5.0,0.68,0.78,0.5,24.0,5.0,0.68,0.78,17,0,0.124919,0.092247,8.294118,3.941176,0.0,0.0,0.919677,0.747059,0.172618,0.829994,{'public_balanced': 17},16,0,0.194808,0.125471,11.5,4.8125,0.061937,0.0,0.853477,0.75875,0.094727,0.84243,{'public_balanced': 16}
816,0.092247,1.0,public_balanced,0.7,0.15,0.02,0.0,0.02,0.05,0.04,0.8,0.84,0.58,0.72,20.0,8.0,0.5,24.0,5.0,0.68,0.78,0.5,24.0,5.0,0.68,0.78,17,0,0.119213,0.092247,8.294118,3.941176,0.0,0.0,0.919677,0.747059,0.172618,0.829994,{'public_balanced': 17},16,0,0.176146,0.121364,11.25,3.875,0.218231,0.0,0.854272,0.75875,0.095522,0.839188,{'public_balanced': 16}
817,0.092247,1.0,public_balanced,0.7,0.15,0.02,0.0,0.05,0.05,0.04,0.8,0.84,0.58,0.72,20.0,8.0,0.5,24.0,5.0,0.68,0.78,0.5,24.0,5.0,0.68,0.78,17,0,0.119213,0.092247,8.294118,3.941176,0.0,0.0,0.919677,0.747059,0.172618,0.829994,{'public_balanced': 17},16,0,0.179236,0.125471,11.5,4.8125,0.061937,0.0,0.853477,0.75875,0.094727,0.84243,{'public_balanced': 16}
818,0.092247,1.0,public_balanced,0.7,0.15,0.02,0.0,0.1,0.05,0.04,0.8,0.84,0.58,0.72,20.0,8.0,0.5,24.0,5.0,0.68,0.78,0.5,24.0,5.0,0.68,0.78,17,0,0.119213,0.092247,8.294118,3.941176,0.0,0.0,0.919677,0.747059,0.172618,0.829994,{'public_balanced': 17},16,0,0.182333,0.125471,11.5,4.8125,0.061937,0.0,0.853477,0.75875,0.094727,0.84243,{'public_balanced': 16}
819,0.092247,1.0,public_balanced,0.7,0.15,0.02,0.0,0.2,0.05,0.04,0.8,0.84,0.58,0.72,20.0,8.0,0.5,24.0,5.0,0.68,0.78,0.5,24.0,5.0,0.68,0.78,17,0,0.119213,0.092247,8.294118,3.941176,0.0,0.0,0.919677,0.747059,0.172618,0.829994,{'public_balanced': 17},16,0,0.188526,0.125471,11.5,4.8125,0.061937,0.0,0.853477,0.75875,0.094727,0.84243,{'public_balanced': 16}
820,0.09294284,1.0,public_balanced,0.7,0.15,0.02,0.01,0.02,0.05,0.04,0.8,0.84,0.58,0.72,20.0,8.0,0.5,24.0,5.0,0.68,0.78,0.5,24.0,5.0,0.68,0.78,17,0,0.123576,0.091396,8.470588,3.411765,0.038671,0.0,0.922293,0.747059,0.175234,0.829168,{'public_balanced': 17},16,0,0.18099,0.121364,11.25,3.875,0.218231,0.0,0.854272,0.75875,0.095522,0.839188,{'public_balanced': 16}
821,0.092247,1.0,public_balanced,0.7,0.15,0.02,0.01,0.05,0.05,0.04,0.8,0.84,0.58,0.72,20.0,8.0,0.5,24.0,5.0,0.68,0.78,0.5,24.0,5.0,0.68,0.78,17,0,0.124139,0.092247,8.294118,3.941176,0.0,0.0,0.919677,0.747059,0.172618,0.829994,{'public_balanced': 17},16,0,0.185251,0.125471,11.5,4.8125,0.061937,0.0,0.853477,0.75875,0.094727,0.84243,{'public_balanced': 16}
822,0.092247,1.0,public_balanced,0.7,0.15,0.02,0.01,0.1,0.05,0.04,0.8,0.84,0.58,0.72,20.0,8.0,0.5,24.0,5.0,0.68,0.78,0.5,24.0,5.0,0.68,0.78,17,0,0.124139,0.092247,8.294118,3.941176,0.0,0.0,0.919677,0.747059,0.172618,0.829994,{'public_balanced': 17},16,0,0.188348,0.125471,11.5,4.8125,0.061937,0.0,0.853477,0.75875,0.094727,0.84243,{'public_balanced': 16}
823,0.092247,1.0,public_balanced,0.7,0.15,0.02,0.01,0.2,0.05,0.04,0.8,0.84,0.58,0.72,20.0,8.0,0.5,24.0,5.0,0.68,0.78,0.5,24.0,5.0,0.68,0.78,17,0,0.124139,0.092247,8.294118,3.941176,0.0,0.0,0.919677,0.747059,0.172618,0.829994,{'public_balanced': 17},16,0,0.194542,0.125471,11.5,4.8125,0.061937,0.0,0.853477,0.75875,0.094727,0.84243,{'public_balanced': 16}
824,0.09294284,1.0,public_balanced,0.7,0.15,0.02,0.02,0.02,0.05,0.04,0.8,0.84,0.58,0.72,20.0,8.0,0.5,24.0,5.0,0.68,0.78,0.5,24.0,5.0,0.68,0.78,17,0,0.127841,0.091396,8.470588,3.411765,0.038671,0.0,0.922293,0.747059,0.175234,0.829168,{'public_balanced': 17},16,0,0.185834,0.121364,11.25,3.875,0.218231,0.0,0.854272,0.75875,0.095522,0.839188,{'public_balanced': 16}
825,0.09294284,1.0,public_balanced,0.7,0.15,0.02,0.02,0.05,0.05,0.04,0.8,0.84,0.58,0.72,20.0,8.0,0.5,24.0,5.0,0.68,0.78,0.5,24.0,5.0,0.68,0.78,17,0,0.129001,0.091396,8.470588,3.411765,0.038671,0.0,0.922293,0.747059,0.175234,0.829168,{'public_balanced': 17},16,0,0.191267,0.125471,11.5,4.8125,0.061937,0.0,0.853477,0.75875,0.094727,0.84243,{'public_balanced': 16}
826,0.092247,1.0,public_balanced,0.7,0.15,0.02,0.02,0.1,0.05,0.04,0.8,0.84,0.58,0.72,20.0,8.0,0.5,24.0,5.0,0.68,0.78,0.5,24.0,5.0,0.68,0.78,17,0,0.129066,0.092247,8.294118,3.941176,0.0,0.0,0.919677,0.747059,0.172618,0.829994,{'public_balanced': 17},16,0,0.194364,0.125471,11.5,4.8125,0.061937,0.0,0.853477,0.75875,0.094727,0.84243,{'public_balanced': 16}
827,0.092247,1.0,public_balanced,0.7,0.15,0.02,0.02,0.2,0.05,0.04,0.8,0.84,0.58,0.72,20.0,8.0,0.5,24.0,5.0,0.68,0.78,0.5,24.0,5.0,0.68,0.78,17,0,0.129066,0.092247,8.294118,3.941176,0.0,0.0,0.919677,0.747059,0.172618,0.829994,{'public_balanced': 17},16,0,0.200558,0.125471,11.5,4.8125,0.061937,0.0,0.853477,0.75875,0.094727,0.84243,{'public_balanced': 16}
828,0.09294284,1.0,public_balanced,0.7,0.3,0.0,0.0,0.02,0.05,0.04,0.8,0.84,0.58,0.72,20.0,8.0,0.5,24.0,5.0,0.68,0.78,0.5,24.0,5.0,0.68,0.78,17,0,0.113408,0.091396,8.470588,3.411765,0.038671,0.0,0.922293,0.747059,0.175234,0.829168,{'public_balanced': 17},16,0,0.166662,0.121364,11.25,3.875,0.218231,0.0,0.854272,0.75875,0.095522,0.839188,{'public_balanced': 16}
829,0.092247,1.0,public_balanced,0.7,0.3,0.0,0.0,0.05,0.05,0.04,0.8,0.84,0.58,0.72,20.0,8.0,0.5,24.0,5.0,0.68,0.78,0.5,24.0,5.0,0.68,0.78,17,0,0.113486,0.092247,8.294118,3.941176,0.0,0.0,0.919677,0.747059,0.172618,0.829994,{'public_balanced': 17},16,0,0.169502,0.125471,11.5,4.8125,0.061937,0.0,0.853477,0.75875,0.094727,0.84243,{'public_balanced': 16}
830,0.092247,1.0,public_balanced,0.7,0.3,0.0,0.0,0.1,0.05,0.04,0.8,0.84,0.58,0.72,20.0,8.0,0.5,24.0,5.0,0.68,0.78,0.5,24.0,5.0,0.68,0.78,17,0,0.113486,0.092247,8.294118,3.941176,0.0,0.0,0.919677,0.747059,0.172618,0.829994,{'public_balanced': 17},16,0,0.172599,0.125471,11.5,4.8125,0.061937,0.0,0.853477,0.75875,0.094727,0.84243,{'public_balanced': 16}
831,0.092247,1.0,public_balanced,0.7,0.3,0.0,0.0,0.2,0.05,0.04,0.8,0.84,0.58,0.72,20.0,8.0,0.5,24.0,5.0,0.68,0.78,0.5,24.0,5.0,0.68,0.78,17,0,0.113486,0.092247,8.294118,3.941176,0.0,0.0,0.919677,0.747059,0.172618,0.829994,{'public_balanced': 17},16,0,0.178793,0.125471,11.5,4.8125,0.061937,0.0,0.853477,0.75875,0.094727,0.84243,{'public_balanced': 16}
832,0.09294284,1.0,public_balanced,0.7,0.3,0.0,0.01,0.02,0.05,0.04,0.8,0.84,0.58,0.72,20.0,8.0,0.5,24.0,5.0,0.68,0.78,0.5,24.0,5.0,0.68,0.78,17,0,0.117673,0.091396,8.470588,3.411765,0.038671,0.0,0.922293,0.747059,0.175234,0.829168,{'public_balanced': 17},16,0,0.171506,0.121364,11.25,3.875,0.218231,0.0,0.854272,0.75875,0.095522,0.839188,{'public_balanced': 16}
833,0.092247,1.0,public_balanced,0.7,0.3,0.0,0.01,0.05,0.05,0.04,0.8,0.84,0.58,0.72,20.0,8.0,0.5,24.0,5.0,0.68,0.78,0.5,24.0,5.0,0.68,0.78,17,0,0.118413,0.092247,8.294118,3.941176,0.0,0.0,0.919677,0.747059,0.172618,0.829994,{'public_balanced': 17},16,0,0.175518,0.125471,11.5,4.8125,0.061937,0.0,0.853477,0.75875,0.094727,0.84243,{'public_balanced': 16}
834,0.092247,1.0,public_balanced,0.7,0.3,0.0,0.01,0.1,0.05,0.04,0.8,0.84,0.58,0.72,20.0,8.0,0.5,24.0,5.0,0.68,0.78,0.5,24.0,5.0,0.68,0.78,17,0,0.118413,0.092247,8.294118,3.941176,0.0,0.0,0.919677,0.747059,0.172618,0.829994,{'public_balanced': 17},16,0,0.178614,0.125471,11.5,4.8125,0.061937,0.0,0.853477,0.75875,0.094727,0.84243,{'public_balanced': 16}
835,0.092247,1.0,public_balanced,0.7,0.3,0.0,0.01,0.2,0.05,0.04,0.8,0.84,0.58,0.72,20.0,8.0,0.5,24.0,5.0,0.68,0.78,0.5,24.0,5.0,0.68,0.78,17,0,0.118413,0.092247,8.294118,3.941176,0.0,0.0,0.919677,0.747059,0.172618,0.829994,{'public_balanced': 17},16,0,0.184808,0.125471,11.5,4.8125,0.061937,0.0,0.853477,0.75875,0.094727,0.84243,{'public_balanced': 16}
836,0.09294284,1.0,public_balanced,0.7,0.3,0.0,0.02,0.02,0.05,0.04,0.8,0.84,0.58,0.72,20.0,8.0,0.5,24.0,5.0,0.68,0.78,0.5,24.0,5.0,0.68,0.78,17,0,0.121938,0.091396,8.470588,3.411765,0.038671,0.0,0.922293,0.747059,0.175234,0.829168,{'public_balanced': 17},16,0,0.17635,0.121364,11.25,3.875,0.218231,0.0,0.854272,0.75875,0.095522,0.839188,{'public_balanced': 16}
837,0.09294284,1.0,public_balanced,0.7,0.3,0.0,0.02,0.05,0.05,0.04,0.8,0.84,0.58,0.72,20.0,8.0,0.5,24.0,5.0,0.68,0.78,0.5,24.0,5.0,0.68,0.78,17,0,0.123098,0.091396,8.470588,3.411765,0.038671,0.0,0.922293,0.747059,0.175234,0.829168,{'public_balanced': 17},16,0,0.181533,0.125471,11.5,4.8125,0.061937,0.0,0.853477,0.75875,0.094727,0.84243,{'public_balanced': 16}
838,0.092247,1.0,public_balanced,0.7,0.3,0.0,0.02,0.1,0.05,0.04,0.8,0.84,0.58,0.72,20.0,8.0,0.5,24.0,5.0,0.68,0.78,0.5,24.0,5.0,0.68,0.78,17,0,0.123339,0.092247,8.294118,3.941176,0.0,0.0,0.919677,0.747059,0.172618,0.829994,{'public_balanced': 17},16,0,0.18463,0.125471,11.5,4.8125,0.061937,0.0,0.853477,0.75875,0.094727,0.84243,{'public_balanced': 16}
839,0.092247,1.0,public_balanced,0.7,0.3,0.0,0.02,0.2,0.05,0.04,0.8,0.84,0.58,0.72,20.0,8.0,0.5,24.0,5.0,0.68,0.78,0.5,24.0,5.0,0.68,0.78,17,0,0.123339,0.092247,8.294118,3.941176,0.0,0.0,0.919677,0.747059,0.172618,0.829994,{'public_balanced': 17},16,0,0.190824,0.125471,11.5,4.8125,0.061937,0.0,0.853477,0.75875,0.094727,0.84243,{'public_balanced': 16}
840,0.092247,1.0,public_balanced,0.7,0.3,0.01,0.0,0.02,0.05,0.04,0.8,0.84,0.58,0.72,20.0,8.0,0.5,24.0,5.0,0.68,0.78,0.5,24.0,5.0,0.68,0.78,17,0,0.117633,0.092247,8.294118,3.941176,0.0,0.0,0.919677,0.747059,0.172618,0.829994,{'public_balanced': 17},16,0,0.172287,0.121364,11.25,3.875,0.218231,0.0,0.854272,0.75875,0.095522,0.839188,{'public_balanced': 16}
841,0.092247,1.0,public_balanced,0.7,0.3,0.01,0.0,0.05,0.05,0.04,0.8,0.84,0.58,0.72,20.0,8.0,0.5,24.0,5.0,0.68,0.78,0.5,24.0,5.0,0.68,0.78,17,0,0.117633,0.092247,8.294118,3.941176,0.0,0.0,0.919677,0.747059,0.172618,0.829994,{'public_balanced': 17},16,0,0.175252,0.125471,11.5,4.8125,0.061937,0.0,0.853477,0.75875,0.094727,0.84243,{'public_balanced': 16}
842,0.092247,1.0,public_balanced,0.7,0.3,0.01,0.0,0.1,0.05,0.04,0.8,0.84,0.58,0.72,20.0,8.0,0.5,24.0,5.0,0.68,0.78,0.5,24.0,5.0,0.68,0.78,17,0,0.117633,0.092247,8.294118,3.941176,0.0,0.0,0.919677,0.747059,0.172618,0.829994,{'public_balanced': 17},16,0,0.178349,0.125471,11.5,4.8125,0.061937,0.0,0.853477,0.75875,0.094727,0.84243,{'public_balanced': 16}
843,0.092247,1.0,public_balanced,0.7,0.3,0.01,0.0,0.2,0.05,0.04,0.8,0.84,0.58,0.72,20.0,8.0,0.5,24.0,5.0,0.68,0.78,0.5,24.0,5.0,0.68,0.78,17,0,0.117633,0.092247,8.294118,3.941176,0.0,0.0,0.919677,0.747059,0.172618,0.829994,{'public_balanced': 17},16,0,0.184543,0.125471,11.5,4.8125,0.061937,0.0,0.853477,0.75875,0.094727,0.84243,{'public_balanced': 16}
844,0.09294284,1.0,public_balanced,0.7,0.3,0.01,0.01,0.02,0.05,0.04,0.8,0.84,0.58,0.72,20.0,8.0,0.5,24.0,5.0,0.68,0.78,0.5,24.0,5.0,0.68,0.78,17,0,0.121908,0.091396,8.470588,3.411765,0.038671,0.0,0.922293,0.747059,0.175234,0.829168,{'public_balanced': 17},16,0,0.177131,0.121364,11.25,3.875,0.218231,0.0,0.854272,0.75875,0.095522,0.839188,{'public_balanced': 16}
845,0.092247,1.0,public_balanced,0.7,0.3,0.01,0.01,0.05,0.05,0.04,0.8,0.84,0.58,0.72,20.0,8.0,0.5,24.0,5.0,0.68,0.78,0.5,24.0,5.0,0.68,0.78,17,0,0.12256,0.092247,8.294118,3.941176,0.0,0.0,0.919677,0.747059,0.172618,0.829994,{'public_balanced': 17},16,0,0.181268,0.125471,11.5,4.8125,0.061937,0.0,0.853477,0.75875,0.094727,0.84243,{'public_balanced': 16}
846,0.092247,1.0,public_balanced,0.7,0.3,0.01,0.01,0.1,0.05,0.04,0.8,0.84,0.58,0.72,20.0,8.0,0.5,24.0,5.0,0.68,0.78,0.5,24.0,5.0,0.68,0.78,17,0,0.12256,0.092247,8.294118,3.941176,0.0,0.0,0.919677,0.747059,0.172618,0.829994,{'public_balanced': 17},16,0,0.184364,0.125471,11.5,4.8125,0.061937,0.0,0.853477,0.75875,0.094727,0.84243,{'public_balanced': 16}
847,0.092247,1.0,public_balanced,0.7,0.3,0.01,0.01,0.2,0.05,0.04,0.8,0.84,0.58,0.72,20.0,8.0,0.5,24.0,5.0,0.68,0.78,0.5,24.0,5.0,0.68,0.78,17,0,0.12256,0.092247,8.294118,3.941176,0.0,0.0,0.919677,0.747059,0.172618,0.829994,{'public_balanced': 17},16,0,0.190558,0.125471,11.5,4.8125,0.061937,0.0,0.853477,0.75875,0.094727,0.84243,{'public_balanced': 16}
848,0.09294284,1.0,public_balanced,0.7,0.3,0.01,0.02,0.02,0.05,0.04,0.8,0.84,0.58,0.72,20.0,8.0,0.5,24.0,5.0,0.68,0.78,0.5,24.0,5.0,0.68,0.78,17,0,0.126173,0.091396,8.470588,3.411765,0.038671,0.0,0.922293,0.747059,0.175234,0.829168,{'public_balanced': 17},16,0,0.181975,0.121364,11.25,3.875,0.218231,0.0,0.854272,0.75875,0.095522,0.839188,{'public_balanced': 16}
849,0.09294284,1.0,public_balanced,0.7,0.3,0.01,0.02,0.05,0.05,0.04,0.8,0.84,0.58,0.72,20.0,8.0,0.5,24.0,5.0,0.68,0.78,0.5,24.0,5.0,0.68,0.78,17,0,0.127333,0.091396,8.470588,3.411765,0.038671,0.0,0.922293,0.747059,0.175234,0.829168,{'public_balanced': 17},16,0,0.187283,0.125471,11.5,4.8125,0.061937,0.0,0.853477,0.75875,0.094727,0.84243,{'public_balanced': 16}
850,0.092247,1.0,public_balanced,0.7,0.3,0.01,0.02,0.1,0.05,0.04,0.8,0.84,0.58,0.72,20.0,8.0,0.5,24.0,5.0,0.68,0.78,0.5,24.0,5.0,0.68,0.78,17,0,0.127486,0.092247,8.294118,3.941176,0.0,0.0,0.919677,0.747059,0.172618,0.829994,{'public_balanced': 17},16,0,0.19038,0.125471,11.5,4.8125,0.061937,0.0,0.853477,0.75875,0.094727,0.84243,{'public_balanced': 16}
851,0.092247,1.0,public_balanced,0.7,0.3,0.01,0.02,0.2,0.05,0.04,0.8,0.84,0.58,0.72,20.0,8.0,0.5,24.0,5.0,0.68,0.78,0.5,24.0,5.0,0.68,0.78,17,0,0.127486,0.092247,8.294118,3.941176,0.0,0.0,0.919677,0.747059,0.172618,0.829994,{'public_balanced': 17},16,0,0.196574,0.125471,11.5,4.8125,0.061937,0.0,0.853477,0.75875,0.094727,0.84243,{'public_balanced': 16}
852,0.092247,1.0,public_balanced,0.7,0.3,0.02,0.0,0.02,0.05,0.04,0.8,0.84,0.58,0.72,20.0,8.0,0.5,24.0,5.0,0.68,0.78,0.5,24.0,5.0,0.68,0.78,17,0,0.12178,0.092247,8.294118,3.941176,0.0,0.0,0.919677,0.747059,0.172618,0.829994,{'public_balanced': 17},16,0,0.177912,0.121364,11.25,3.875,0.218231,0.0,0.854272,0.75875,0.095522,0.839188,{'public_balanced': 16}
853,0.092247,1.0,public_balanced,0.7,0.3,0.02,0.0,0.05,0.05,0.04,0.8,0.84,0.58,0.72,20.0,8.0,0.5,24.0,5.0,0.68,0.78,0.5,24.0,5.0,0.68,0.78,17,0,0.12178,0.092247,8.294118,3.941176,0.0,0.0,0.919677,0.747059,0.172618,0.829994,{'public_balanced': 17},16,0,0.181002,0.125471,11.5,4.8125,0.061937,0.0,0.853477,0.75875,0.094727,0.84243,{'public_balanced': 16}
854,0.092247,1.0,public_balanced,0.7,0.3,0.02,0.0,0.1,0.05,0.04,0.8,0.84,0.58,0.72,20.0,8.0,0.5,24.0,5.0,0.68,0.78,0.5,24.0,5.0,0.68,0.78,17,0,0.12178,0.092247,8.294118,3.941176,0.0,0.0,0.919677,0.747059,0.172618,0.829994,{'public_balanced': 17},16,0,0.184099,0.125471,11.5,4.8125,0.061937,0.0,0.853477,0.75875,0.094727,0.84243,{'public_balanced': 16}
855,0.092247,1.0,public_balanced,0.7,0.3,0.02,0.0,0.2,0.05,0.04,0.8,0.84,0.58,0.72,20.0,8.0,0.5,24.0,5.0,0.68,0.78,0.5,24.0,5.0,0.68,0.78,17,0,0.12178,0.092247,8.294118,3.941176,0.0,0.0,0.919677,0.747059,0.172618,0.829994,{'public_balanced': 17},16,0,0.190293,0.125471,11.5,4.8125,0.061937,0.0,0.853477,0.75875,0.094727,0.84243,{'public_balanced': 16}
856,0.09294284,1.0,public_balanced,0.7,0.3,0.02,0.01,0.02,0.05,0.04,0.8,0.84,0.58,0.72,20.0,8.0,0.5,24.0,5.0,0.68,0.78,0.5,24.0,5.0,0.68,0.78,17,0,0.126144,0.091396,8.470588,3.411765,0.038671,0.0,0.922293,0.747059,0.175234,0.829168,{'public_balanced': 17},16,0,0.182756,0.121364,11.25,3.875,0.218231,0.0,0.854272,0.75875,0.095522,0.839188,{'public_balanced': 16}
857,0.092247,1.0,public_balanced,0.7,0.3,0.02,0.01,0.05,0.05,0.04,0.8,0.84,0.58,0.72,20.0,8.0,0.5,24.0,5.0,0.68,0.78,0.5,24.0,5.0,0.68,0.78,17,0,0.126707,0.092247,8.294118,3.941176,0.0,0.0,0.919677,0.747059,0.172618,0.829994,{'public_balanced': 17},16,0,0.187018,0.125471,11.5,4.8125,0.061937,0.0,0.853477,0.75875,0.094727,0.84243,{'public_balanced': 16}
858,0.092247,1.0,public_balanced,0.7,0.3,0.02,0.01,0.1,0.05,0.04,0.8,0.84,0.58,0.72,20.0,8.0,0.5,24.0,5.0,0.68,0.78,0.5,24.0,5.0,0.68,0.78,17,0,0.126707,0.092247,8.294118,3.941176,0.0,0.0,0.919677,0.747059,0.172618,0.829994,{'public_balanced': 17},16,0,0.190114,0.125471,11.5,4.8125,0.061937,0.0,0.853477,0.75875,0.094727,0.84243,{'public_balanced': 16}
859,0.092247,1.0,public_balanced,0.7,0.3,0.02,0.01,0.2,0.05,0.04,0.8,0.84,0.58,0.72,20.0,8.0,0.5,24.0,5.0,0.68,0.78,0.5,24.0,5.0,0.68,0.78,17,0,0.126707,0.092247,8.294118,3.941176,0.0,0.0,0.919677,0.747059,0.172618,0.829994,{'public_balanced': 17},16,0,0.196308,0.125471,11.5,4.8125,0.061937,0.0,0.853477,0.75875,0.094727,0.84243,{'public_balanced': 16}
860,0.09294284,1.0,public_balanced,0.7,0.3,0.02,0.02,0.02,0.05,0.04,0.8,0.84,0.58,0.72,20.0,8.0,0.5,24.0,5.0,0.68,0.78,0.5,24.0,5.0,0.68,0.78,17,0,0.130408,0.091396,8.470588,3.411765,0.038671,0.0,0.922293,0.747059,0.175234,0.829168,{'public_balanced': 17},16,0,0.1876,0.121364,11.25,3.875,0.218231,0.0,0.854272,0.75875,0.095522,0.839188,{'public_balanced': 16}
861,0.09294284,1.0,public_balanced,0.7,0.3,0.02,0.02,0.05,0.05,0.04,0.8,0.84,0.58,0.72,20.0,8.0,0.5,24.0,5.0,0.68,0.78,0.5,24.0,5.0,0.68,0.78,17,0,0.131568,0.091396,8.470588,3.411765,0.038671,0.0,0.922293,0.747059,0.175234,0.829168,{'public_balanced': 17},16,0,0.193033,0.125471,11.5,4.8125,0.061937,0.0,0.853477,0.75875,0.094727,0.84243,{'public_balanced': 16}
862,0.092247,1.0,public_balanced,0.7,0.3,0.02,0.02,0.1,0.05,0.04,0.8,0.84,0.58,0.72,20.0,8.0,0.5,24.0,5.0,0.68,0.78,0.5,24.0,5.0,0.68,0.78,17,0,0.131633,0.092247,8.294118,3.941176,0.0,0.0,0.919677,0.747059,0.172618,0.829994,{'public_balanced': 17},16,0,0.19613,0.125471,11.5,4.8125,0.061937,0.0,0.853477,0.75875,0.094727,0.84243,{'public_balanced': 16}
863,0.092247,1.0,public_balanced,0.7,0.3,0.02,0.02,0.2,0.05,0.04,0.8,0.84,0.58,0.72,20.0,8.0,0.5,24.0,5.0,0.68,0.78,0.5,24.0,5.0,0.68,0.78,17,0,0.131633,0.092247,8.294118,3.941176,0.0,0.0,0.919677,0.747059,0.172618,0.829994,{'public_balanced': 17},16,0,0.202324,0.125471,11.5,4.8125,0.061937,0.0,0.853477,0.75875,0.094727,0.84243,{'public_balanced': 16}
864,0.09244584,1.0,public_conservative,0.2,0.05,0.0,0.0,0.02,0.05,0.04,0.8,0.84,0.58,0.72,20.0,8.0,0.5,24.0,5.0,0.68,0.78,0.5,24.0,5.0,0.68,0.78,17,0,0.097816,0.090899,8.411765,3.411765,0.038671,0.0,0.944574,0.788235,0.156339,0.812034,{'public_conservative': 17},16,0,0.13766,0.118779,10.9375,3.875,0.218231,0.0,0.845599,0.800625,0.044974,0.838728,{'public_conservative': 16}
865,0.09175,1.0,public_conservative,0.2,0.05,0.0,0.0,0.05,0.05,0.04,0.8,0.84,0.58,0.72,20.0,8.0,0.5,24.0,5.0,0.68,0.78,0.5,24.0,5.0,0.68,0.78,17,0,0.097894,0.09175,8.235294,3.941176,0.0,0.0,0.941958,0.788235,0.153723,0.812861,{'public_conservative': 17},16,0,0.1405,0.122887,11.1875,4.8125,0.061937,0.0,0.844804,0.800625,0.044179,0.84197,{'public_conservative': 16}
866,0.09175,1.0,public_conservative,0.2,0.05,0.0,0.0,0.1,0.05,0.04,0.8,0.84,0.58,0.72,20.0,8.0,0.5,24.0,5.0,0.68,0.78,0.5,24.0,5.0,0.68,0.78,17,0,0.097894,0.09175,8.235294,3.941176,0.0,0.0,0.941958,0.788235,0.153723,0.812861,{'public_conservative': 17},16,0,0.143597,0.122887,11.1875,4.8125,0.061937,0.0,0.844804,0.800625,0.044179,0.84197,{'public_conservative': 16}
867,0.09175,1.0,public_conservative,0.2,0.05,0.0,0.0,0.2,0.05,0.04,0.8,0.84,0.58,0.72,20.0,8.0,0.5,24.0,5.0,0.68,0.78,0.5,24.0,5.0,0.68,0.78,17,0,0.097894,0.09175,8.235294,3.941176,0.0,0.0,0.941958,0.788235,0.153723,0.812861,{'public_conservative': 17},16,0,0.149791,0.122887,11.1875,4.8125,0.061937,0.0,0.844804,0.800625,0.044179,0.84197,{'public_conservative': 16}
868,0.09244584,1.0,public_conservative,0.2,0.05,0.0,0.01,0.02,0.05,0.04,0.8,0.84,0.58,0.72,20.0,8.0,0.5,24.0,5.0,0.68,0.78,0.5,24.0,5.0,0.68,0.78,17,0,0.102081,0.090899,8.411765,3.411765,0.038671,0.0,0.944574,0.788235,0.156339,0.812034,{'public_conservative': 17},16,0,0.142504,0.118779,10.9375,3.875,0.218231,0.0,0.845599,0.800625,0.044974,0.838728,{'public_conservative': 16}
869,0.09175,1.0,public_conservative,0.2,0.05,0.0,0.01,0.05,0.05,0.04,0.8,0.84,0.58,0.72,20.0,8.0,0.5,24.0,5.0,0.68,0.78,0.5,24.0,5.0,0.68,0.78,17,0,0.102821,0.09175,8.235294,3.941176,0.0,0.0,0.941958,0.788235,0.153723,0.812861,{'public_conservative': 17},16,0,0.146516,0.122887,11.1875,4.8125,0.061937,0.0,0.844804,0.800625,0.044179,0.84197,{'public_conservative': 16}
870,0.09175,1.0,public_conservative,0.2,0.05,0.0,0.01,0.1,0.05,0.04,0.8,0.84,0.58,0.72,20.0,8.0,0.5,24.0,5.0,0.68,0.78,0.5,24.0,5.0,0.68,0.78,17,0,0.102821,0.09175,8.235294,3.941176,0.0,0.0,0.941958,0.788235,0.153723,0.812861,{'public_conservative': 17},16,0,0.149612,0.122887,11.1875,4.8125,0.061937,0.0,0.844804,0.800625,0.044179,0.84197,{'public_conservative': 16}
871,0.09175,1.0,public_conservative,0.2,0.05,0.0,0.01,0.2,0.05,0.04,0.8,0.84,0.58,0.72,20.0,8.0,0.5,24.0,5.0,0.68,0.78,0.5,24.0,5.0,0.68,0.78,17,0,0.102821,0.09175,8.235294,3.941176,0.0,0.0,0.941958,0.788235,0.153723,0.812861,{'public_conservative': 17},16,0,0.155806,0.122887,11.1875,4.8125,0.061937,0.0,0.844804,0.800625,0.044179,0.84197,{'public_conservative': 16}
872,0.09244584,1.0,public_conservative,0.2,0.05,0.0,0.02,0.02,0.05,0.04,0.8,0.84,0.58,0.72,20.0,8.0,0.5,24.0,5.0,0.68,0.78,0.5,24.0,5.0,0.68,0.78,17,0,0.106346,0.090899,8.411765,3.411765,0.038671,0.0,0.944574,0.788235,0.156339,0.812034,{'public_conservative': 17},16,0,0.147348,0.118779,10.9375,3.875,0.218231,0.0,0.845599,0.800625,0.044974,0.838728,{'public_conservative': 16}
873,0.09244584,1.0,public_conservative,0.2,0.05,0.0,0.02,0.05,0.05,0.04,0.8,0.84,0.58,0.72,20.0,8.0,0.5,24.0,5.0,0.68,0.78,0.5,24.0,5.0,0.68,0.78,17,0,0.107506,0.090899,8.411765,3.411765,0.038671,0.0,0.944574,0.788235,0.156339,0.812034,{'public_conservative': 17},16,0,0.152531,0.122887,11.1875,4.8125,0.061937,0.0,0.844804,0.800625,0.044179,0.84197,{'public_conservative': 16}
874,0.09175,1.0,public_conservative,0.2,0.05,0.0,0.02,0.1,0.05,0.04,0.8,0.84,0.58,0.72,20.0,8.0,0.5,24.0,5.0,0.68,0.78,0.5,24.0,5.0,0.68,0.78,17,0,0.107747,0.09175,8.235294,3.941176,0.0,0.0,0.941958,0.788235,0.153723,0.812861,{'public_conservative': 17},16,0,0.155628,0.122887,11.1875,4.8125,0.061937,0.0,0.844804,0.800625,0.044179,0.84197,{'public_conservative': 16}
875,0.09175,1.0,public_conservative,0.2,0.05,0.0,0.02,0.2,0.05,0.04,0.8,0.84,0.58,0.72,20.0,8.0,0.5,24.0,5.0,0.68,0.78,0.5,24.0,5.0,0.68,0.78,17,0,0.107747,0.09175,8.235294,3.941176,0.0,0.0,0.941958,0.788235,0.153723,0.812861,{'public_conservative': 17},16,0,0.161822,0.122887,11.1875,4.8125,0.061937,0.0,0.844804,0.800625,0.044179,0.84197,{'public_conservative': 16}
876,0.09175,1.0,public_conservative,0.2,0.05,0.01,0.0,0.02,0.05,0.04,0.8,0.84,0.58,0.72,20.0,8.0,0.5,24.0,5.0,0.68,0.78,0.5,24.0,5.0,0.68,0.78,17,0,0.102012,0.09175,8.235294,3.941176,0.0,0.0,0.941958,0.788235,0.153723,0.812861,{'public_conservative': 17},16,0,0.143129,0.118779,10.9375,3.875,0.218231,0.0,0.845599,0.800625,0.044974,0.838728,{'public_conservative': 16}
877,0.09175,1.0,public_conservative,0.2,0.05,0.01,0.0,0.05,0.05,0.04,0.8,0.84,0.58,0.72,20.0,8.0,0.5,24.0,5.0,0.68,0.78,0.5,24.0,5.0,0.68,0.78,17,0,0.102012,0.09175,8.235294,3.941176,0.0,0.0,0.941958,0.788235,0.153723,0.812861,{'public_conservative': 17},16,0,0.146094,0.122887,11.1875,4.8125,0.061937,0.0,0.844804,0.800625,0.044179,0.84197,{'public_conservative': 16}
878,0.09175,1.0,public_conservative,0.2,0.05,0.01,0.0,0.1,0.05,0.04,0.8,0.84,0.58,0.72,20.0,8.0,0.5,24.0,5.0,0.68,0.78,0.5,24.0,5.0,0.68,0.78,17,0,0.102012,0.09175,8.235294,3.941176,0.0,0.0,0.941958,0.788235,0.153723,0.812861,{'public_conservative': 17},16,0,0.149191,0.122887,11.1875,4.8125,0.061937,0.0,0.844804,0.800625,0.044179,0.84197,{'public_conservative': 16}
879,0.09175,1.0,public_conservative,0.2,0.05,0.01,0.0,0.2,0.05,0.04,0.8,0.84,0.58,0.72,20.0,8.0,0.5,24.0,5.0,0.68,0.78,0.5,24.0,5.0,0.68,0.78,17,0,0.102012,0.09175,8.235294,3.941176,0.0,0.0,0.941958,0.788235,0.153723,0.812861,{'public_conservative': 17},16,0,0.155384,0.122887,11.1875,4.8125,0.061937,0.0,0.844804,0.800625,0.044179,0.84197,{'public_conservative': 16}
880,0.09244584,1.0,public_conservative,0.2,0.05,0.01,0.01,0.02,0.05,0.04,0.8,0.84,0.58,0.72,20.0,8.0,0.5,24.0,5.0,0.68,0.78,0.5,24.0,5.0,0.68,0.78,17,0,0.106287,0.090899,8.411765,3.411765,0.038671,0.0,0.944574,0.788235,0.156339,0.812034,{'public_conservative': 17},16,0,0.147973,0.118779,10.9375,3.875,0.218231,0.0,0.845599,0.800625,0.044974,0.838728,{'public_conservative': 16}
881,0.09175,1.0,public_conservative,0.2,0.05,0.01,0.01,0.05,0.05,0.04,0.8,0.84,0.58,0.72,20.0,8.0,0.5,24.0,5.0,0.68,0.78,0.5,24.0,5.0,0.68,0.78,17,0,0.106938,0.09175,8.235294,3.941176,0.0,0.0,0.941958,0.788235,0.153723,0.812861,{'public_conservative': 17},16,0,0.152109,0.122887,11.1875,4.8125,0.061937,0.0,0.844804,0.800625,0.044179,0.84197,{'public_conservative': 16}
882,0.09175,1.0,public_conservative,0.2,0.05,0.01,0.01,0.1,0.05,0.04,0.8,0.84,0.58,0.72,20.0,8.0,0.5,24.0,5.0,0.68,0.78,0.5,24.0,5.0,0.68,0.78,17,0,0.106938,0.09175,8.235294,3.941176,0.0,0.0,0.941958,0.788235,0.153723,0.812861,{'public_conservative': 17},16,0,0.155206,0.122887,11.1875,4.8125,0.061937,0.0,0.844804,0.800625,0.044179,0.84197,{'public_conservative': 16}
883,0.09175,1.0,public_conservative,0.2,0.05,0.01,0.01,0.2,0.05,0.04,0.8,0.84,0.58,0.72,20.0,8.0,0.5,24.0,5.0,0.68,0.78,0.5,24.0,5.0,0.68,0.78,17,0,0.106938,0.09175,8.235294,3.941176,0.0,0.0,0.941958,0.788235,0.153723,0.812861,{'public_conservative': 17},16,0,0.1614,0.122887,11.1875,4.8125,0.061937,0.0,0.844804,0.800625,0.044179,0.84197,{'public_conservative': 16}
884,0.09244584,1.0,public_conservative,0.2,0.05,0.01,0.02,0.02,0.05,0.04,0.8,0.84,0.58,0.72,20.0,8.0,0.5,24.0,5.0,0.68,0.78,0.5,24.0,5.0,0.68,0.78,17,0,0.110552,0.090899,8.411765,3.411765,0.038671,0.0,0.944574,0.788235,0.156339,0.812034,{'public_conservative': 17},16,0,0.152817,0.118779,10.9375,3.875,0.218231,0.0,0.845599,0.800625,0.044974,0.838728,{'public_conservative': 16}
885,0.09244584,1.0,public_conservative,0.2,0.05,0.01,0.02,0.05,0.05,0.04,0.8,0.84,0.58,0.72,20.0,8.0,0.5,24.0,5.0,0.68,0.78,0.5,24.0,5.0,0.68,0.78,17,0,0.111712,0.090899,8.411765,3.411765,0.038671,0.0,0.944574,0.788235,0.156339,0.812034,{'public_conservative': 17},16,0,0.158125,0.122887,11.1875,4.8125,0.061937,0.0,0.844804,0.800625,0.044179,0.84197,{'public_conservative': 16}
886,0.09175,1.0,public_conservative,0.2,0.05,0.01,0.02,0.1,0.05,0.04,0.8,0.84,0.58,0.72,20.0,8.0,0.5,24.0,5.0,0.68,0.78,0.5,24.0,5.0,0.68,0.78,17,0,0.111865,0.09175,8.235294,3.941176,0.0,0.0,0.941958,0.788235,0.153723,0.812861,{'public_conservative': 17},16,0,0.161222,0.122887,11.1875,4.8125,0.061937,0.0,0.844804,0.800625,0.044179,0.84197,{'public_conservative': 16}
887,0.09175,1.0,public_conservative,0.2,0.05,0.01,0.02,0.2,0.05,0.04,0.8,0.84,0.58,0.72,20.0,8.0,0.5,24.0,5.0,0.68,0.78,0.5,24.0,5.0,0.68,0.78,17,0,0.111865,0.09175,8.235294,3.941176,0.0,0.0,0.941958,0.788235,0.153723,0.812861,{'public_conservative': 17},16,0,0.167416,0.122887,11.1875,4.8125,0.061937,0.0,0.844804,0.800625,0.044179,0.84197,{'public_conservative': 16}
888,0.09175,1.0,public_conservative,0.2,0.05,0.02,0.0,0.02,0.05,0.04,0.8,0.84,0.58,0.72,20.0,8.0,0.5,24.0,5.0,0.68,0.78,0.5,24.0,5.0,0.68,0.78,17,0,0.10613,0.09175,8.235294,3.941176,0.0,0.0,0.941958,0.788235,0.153723,0.812861,{'public_conservative': 17},16,0,0.148598,0.118779,10.9375,3.875,0.218231,0.0,0.845599,0.800625,0.044974,0.838728,{'public_conservative': 16}
889,0.09175,1.0,public_conservative,0.2,0.05,0.02,0.0,0.05,0.05,0.04,0.8,0.84,0.58,0.72,20.0,8.0,0.5,24.0,5.0,0.68,0.78,0.5,24.0,5.0,0.68,0.78,17,0,0.10613,0.09175,8.235294,3.941176,0.0,0.0,0.941958,0.788235,0.153723,0.812861,{'public_conservative': 17},16,0,0.151687,0.122887,11.1875,4.8125,0.061937,0.0,0.844804,0.800625,0.044179,0.84197,{'public_conservative': 16}
890,0.09175,1.0,public_conservative,0.2,0.05,0.02,0.0,0.1,0.05,0.04,0.8,0.84,0.58,0.72,20.0,8.0,0.5,24.0,5.0,0.68,0.78,0.5,24.0,5.0,0.68,0.78,17,0,0.10613,0.09175,8.235294,3.941176,0.0,0.0,0.941958,0.788235,0.153723,0.812861,{'public_conservative': 17},16,0,0.154784,0.122887,11.1875,4.8125,0.061937,0.0,0.844804,0.800625,0.044179,0.84197,{'public_conservative': 16}
891,0.09175,1.0,public_conservative,0.2,0.05,0.02,0.0,0.2,0.05,0.04,0.8,0.84,0.58,0.72,20.0,8.0,0.5,24.0,5.0,0.68,0.78,0.5,24.0,5.0,0.68,0.78,17,0,0.10613,0.09175,8.235294,3.941176,0.0,0.0,0.941958,0.788235,0.153723,0.812861,{'public_conservative': 17},16,0,0.160978,0.122887,11.1875,4.8125,0.061937,0.0,0.844804,0.800625,0.044179,0.84197,{'public_conservative': 16}
892,0.09244584,1.0,public_conservative,0.2,0.05,0.02,0.01,0.02,0.05,0.04,0.8,0.84,0.58,0.72,20.0,8.0,0.5,24.0,5.0,0.68,0.78,0.5,24.0,5.0,0.68,0.78,17,0,0.110493,0.090899,8.411765,3.411765,0.038671,0.0,0.944574,0.788235,0.156339,0.812034,{'public_conservative': 17},16,0,0.153442,0.118779,10.9375,3.875,0.218231,0.0,0.845599,0.800625,0.044974,0.838728,{'public_conservative': 16}
893,0.09175,1.0,public_conservative,0.2,0.05,0.02,0.01,0.05,0.05,0.04,0.8,0.84,0.58,0.72,20.0,8.0,0.5,24.0,5.0,0.68,0.78,0.5,24.0,5.0,0.68,0.78,17,0,0.111056,0.09175,8.235294,3.941176,0.0,0.0,0.941958,0.788235,0.153723,0.812861,{'public_conservative': 17},16,0,0.157703,0.122887,11.1875,4.8125,0.061937,0.0,0.844804,0.800625,0.044179,0.84197,{'public_conservative': 16}
894,0.09175,1.0,public_conservative,0.2,0.05,0.02,0.01,0.1,0.05,0.04,0.8,0.84,0.58,0.72,20.0,8.0,0.5,24.0,5.0,0.68,0.78,0.5,24.0,5.0,0.68,0.78,17,0,0.111056,0.09175,8.235294,3.941176,0.0,0.0,0.941958,0.788235,0.153723,0.812861,{'public_conservative': 17},16,0,0.1608,0.122887,11.1875,4.8125,0.061937,0.0,0.844804,0.800625,0.044179,0.84197,{'public_conservative': 16}
895,0.09175,1.0,public_conservative,0.2,0.05,0.02,0.01,0.2,0.05,0.04,0.8,0.84,0.58,0.72,20.0,8.0,0.5,24.0,5.0,0.68,0.78,0.5,24.0,5.0,0.68,0.78,17,0,0.111056,0.09175,8.235294,3.941176,0.0,0.0,0.941958,0.788235,0.153723,0.812861,{'public_conservative': 17},16,0,0.166994,0.122887,11.1875,4.8125,0.061937,0.0,0.844804,0.800625,0.044179,0.84197,{'public_conservative': 16}
896,0.09244584,1.0,public_conservative,0.2,0.05,0.02,0.02,0.02,0.05,0.04,0.8,0.84,0.58,0.72,20.0,8.0,0.5,24.0,5.0,0.68,0.78,0.5,24.0,5.0,0.68,0.78,17,0,0.114758,0.090899,8.411765,3.411765,0.038671,0.0,0.944574,0.788235,0.156339,0.812034,{'public_conservative': 17},16,0,0.158285,0.118779,10.9375,3.875,0.218231,0.0,0.845599,0.800625,0.044974,0.838728,{'public_conservative': 16}
897,0.09244584,1.0,public_conservative,0.2,0.05,0.02,0.02,0.05,0.05,0.04,0.8,0.84,0.58,0.72,20.0,8.0,0.5,24.0,5.0,0.68,0.78,0.5,24.0,5.0,0.68,0.78,17,0,0.115918,0.090899,8.411765,3.411765,0.038671,0.0,0.944574,0.788235,0.156339,0.812034,{'public_conservative': 17},16,0,0.163719,0.122887,11.1875,4.8125,0.061937,0.0,0.844804,0.800625,0.044179,0.84197,{'public_conservative': 16}
898,0.09175,1.0,public_conservative,0.2,0.05,0.02,0.02,0.1,0.05,0.04,0.8,0.84,0.58,0.72,20.0,8.0,0.5,24.0,5.0,0.68,0.78,0.5,24.0,5.0,0.68,0.78,17,0,0.115983,0.09175,8.235294,3.941176,0.0,0.0,0.941958,0.788235,0.153723,0.812861,{'public_conservative': 17},16,0,0.166816,0.122887,11.1875,4.8125,0.061937,0.0,0.844804,0.800625,0.044179,0.84197,{'public_conservative': 16}
899,0.09175,1.0,public_conservative,0.2,0.05,0.02,0.02,0.2,0.05,0.04,0.8,0.84,0.58,0.72,20.0,8.0,0.5,24.0,5.0,0.68,0.78,0.5,24.0,5.0,0.68,0.78,17,0,0.115983,0.09175,8.235294,3.941176,0.0,0.0,0.941958,0.788235,0.153723,0.812861,{'public_conservative': 17},16,0,0.173009,0.122887,11.1875,4.8125,0.061937,0.0,0.844804,0.800625,0.044179,0.84197,{'public_conservative': 16}
900,0.09244584,1.0,public_conservative,0.2,0.15,0.0,0.0,0.02,0.05,0.04,0.8,0.84,0.58,0.72,20.0,8.0,0.5,24.0,5.0,0.68,0.78,0.5,24.0,5.0,0.68,0.78,17,0,0.099962,0.090899,8.411765,3.411765,0.038671,0.0,0.944574,0.788235,0.156339,0.812034,{'public_conservative': 17},16,0,0.138838,0.118779,10.9375,3.875,0.218231,0.0,0.845599,0.800625,0.044974,0.838728,{'public_conservative': 16}
901,0.09175,1.0,public_conservative,0.2,0.15,0.0,0.0,0.05,0.05,0.04,0.8,0.84,0.58,0.72,20.0,8.0,0.5,24.0,5.0,0.68,0.78,0.5,24.0,5.0,0.68,0.78,17,0,0.10004,0.09175,8.235294,3.941176,0.0,0.0,0.941958,0.788235,0.153723,0.812861,{'public_conservative': 17},16,0,0.141677,0.122887,11.1875,4.8125,0.061937,0.0,0.844804,0.800625,0.044179,0.84197,{'public_conservative': 16}
902,0.09175,1.0,public_conservative,0.2,0.15,0.0,0.0,0.1,0.05,0.04,0.8,0.84,0.58,0.72,20.0,8.0,0.5,24.0,5.0,0.68,0.78,0.5,24.0,5.0,0.68,0.78,17,0,0.10004,0.09175,8.235294,3.941176,0.0,0.0,0.941958,0.788235,0.153723,0.812861,{'public_conservative': 17},16,0,0.144774,0.122887,11.1875,4.8125,0.061937,0.0,0.844804,0.800625,0.044179,0.84197,{'public_conservative': 16}
903,0.09175,1.0,public_conservative,0.2,0.15,0.0,0.0,0.2,0.05,0.04,0.8,0.84,0.58,0.72,20.0,8.0,0.5,24.0,5.0,0.68,0.78,0.5,24.0,5.0,0.68,0.78,17,0,0.10004,0.09175,8.235294,3.941176,0.0,0.0,0.941958,0.788235,0.153723,0.812861,{'public_conservative': 17},16,0,0.150968,0.122887,11.1875,4.8125,0.061937,0.0,0.844804,0.800625,0.044179,0.84197,{'public_conservative': 16}
904,0.09244584,1.0,public_conservative,0.2,0.15,0.0,0.01,0.02,0.05,0.04,0.8,0.84,0.58,0.72,20.0,8.0,0.5,24.0,5.0,0.68,0.78,0.5,24.0,5.0,0.68,0.78,17,0,0.104227,0.090899,8.411765,3.411765,0.038671,0.0,0.944574,0.788235,0.156339,0.812034,{'public_conservative': 17},16,0,0.143682,0.118779,10.9375,3.875,0.218231,0.0,0.845599,0.800625,0.044974,0.838728,{'public_conservative': 16}
905,0.09175,1.0,public_conservative,0.2,0.15,0.0,0.01,0.05,0.05,0.04,0.8,0.84,0.58,0.72,20.0,8.0,0.5,24.0,5.0,0.68,0.78,0.5,24.0,5.0,0.68,0.78,17,0,0.104966,0.09175,8.235294,3.941176,0.0,0.0,0.941958,0.788235,0.153723,0.812861,{'public_conservative': 17},16,0,0.147693,0.122887,11.1875,4.8125,0.061937,0.0,0.844804,0.800625,0.044179,0.84197,{'public_conservative': 16}
906,0.09175,1.0,public_conservative,0.2,0.15,0.0,0.01,0.1,0.05,0.04,0.8,0.84,0.58,0.72,20.0,8.0,0.5,24.0,5.0,0.68,0.78,0.5,24.0,5.0,0.68,0.78,17,0,0.104966,0.09175,8.235294,3.941176,0.0,0.0,0.941958,0.788235,0.153723,0.812861,{'public_conservative': 17},16,0,0.15079,0.122887,11.1875,4.8125,0.061937,0.0,0.844804,0.800625,0.044179,0.84197,{'public_conservative': 16}
907,0.09175,1.0,public_conservative,0.2,0.15,0.0,0.01,0.2,0.05,0.04,0.8,0.84,0.58,0.72,20.0,8.0,0.5,24.0,5.0,0.68,0.78,0.5,24.0,5.0,0.68,0.78,17,0,0.104966,0.09175,8.235294,3.941176,0.0,0.0,0.941958,0.788235,0.153723,0.812861,{'public_conservative': 17},16,0,0.156984,0.122887,11.1875,4.8125,0.061937,0.0,0.844804,0.800625,0.044179,0.84197,{'public_conservative': 16}
908,0.09244584,1.0,public_conservative,0.2,0.15,0.0,0.02,0.02,0.05,0.04,0.8,0.84,0.58,0.72,20.0,8.0,0.5,24.0,5.0,0.68,0.78,0.5,24.0,5.0,0.68,0.78,17,0,0.108492,0.090899,8.411765,3.411765,0.038671,0.0,0.944574,0.788235,0.156339,0.812034,{'public_conservative': 17},16,0,0.148525,0.118779,10.9375,3.875,0.218231,0.0,0.845599,0.800625,0.044974,0.838728,{'public_conservative': 16}
909,0.09244584,1.0,public_conservative,0.2,0.15,0.0,0.02,0.05,0.05,0.04,0.8,0.84,0.58,0.72,20.0,8.0,0.5,24.0,5.0,0.68,0.78,0.5,24.0,5.0,0.68,0.78,17,0,0.109652,0.090899,8.411765,3.411765,0.038671,0.0,0.944574,0.788235,0.156339,0.812034,{'public_conservative': 17},16,0,0.153709,0.122887,11.1875,4.8125,0.061937,0.0,0.844804,0.800625,0.044179,0.84197,{'public_conservative': 16}
910,0.09175,1.0,public_conservative,0.2,0.15,0.0,0.02,0.1,0.05,0.04,0.8,0.84,0.58,0.72,20.0,8.0,0.5,24.0,5.0,0.68,0.78,0.5,24.0,5.0,0.68,0.78,17,0,0.109893,0.09175,8.235294,3.941176,0.0,0.0,0.941958,0.788235,0.153723,0.812861,{'public_conservative': 17},16,0,0.156806,0.122887,11.1875,4.8125,0.061937,0.0,0.844804,0.800625,0.044179,0.84197,{'public_conservative': 16}
911,0.09175,1.0,public_conservative,0.2,0.15,0.0,0.02,0.2,0.05,0.04,0.8,0.84,0.58,0.72,20.0,8.0,0.5,24.0,5.0,0.68,0.78,0.5,24.0,5.0,0.68,0.78,17,0,0.109893,0.09175,8.235294,3.941176,0.0,0.0,0.941958,0.788235,0.153723,0.812861,{'public_conservative': 17},16,0,0.162999,0.122887,11.1875,4.8125,0.061937,0.0,0.844804,0.800625,0.044179,0.84197,{'public_conservative': 16}
912,0.09175,1.0,public_conservative,0.2,0.15,0.01,0.0,0.02,0.05,0.04,0.8,0.84,0.58,0.72,20.0,8.0,0.5,24.0,5.0,0.68,0.78,0.5,24.0,5.0,0.68,0.78,17,0,0.104158,0.09175,8.235294,3.941176,0.0,0.0,0.941958,0.788235,0.153723,0.812861,{'public_conservative': 17},16,0,0.144307,0.118779,10.9375,3.875,0.218231,0.0,0.845599,0.800625,0.044974,0.838728,{'public_conservative': 16}
913,0.09175,1.0,public_conservative,0.2,0.15,0.01,0.0,0.05,0.05,0.04,0.8,0.84,0.58,0.72,20.0,8.0,0.5,24.0,5.0,0.68,0.78,0.5,24.0,5.0,0.68,0.78,17,0,0.104158,0.09175,8.235294,3.941176,0.0,0.0,0.941958,0.788235,0.153723,0.812861,{'public_conservative': 17},16,0,0.147271,0.122887,11.1875,4.8125,0.061937,0.0,0.844804,0.800625,0.044179,0.84197,{'public_conservative': 16}
914,0.09175,1.0,public_conservative,0.2,0.15,0.01,0.0,0.1,0.05,0.04,0.8,0.84,0.58,0.72,20.0,8.0,0.5,24.0,5.0,0.68,0.78,0.5,24.0,5.0,0.68,0.78,17,0,0.104158,0.09175,8.235294,3.941176,0.0,0.0,0.941958,0.788235,0.153723,0.812861,{'public_conservative': 17},16,0,0.150368,0.122887,11.1875,4.8125,0.061937,0.0,0.844804,0.800625,0.044179,0.84197,{'public_conservative': 16}
915,0.09175,1.0,public_conservative,0.2,0.15,0.01,0.0,0.2,0.05,0.04,0.8,0.84,0.58,0.72,20.0,8.0,0.5,24.0,5.0,0.68,0.78,0.5,24.0,5.0,0.68,0.78,17,0,0.104158,0.09175,8.235294,3.941176,0.0,0.0,0.941958,0.788235,0.153723,0.812861,{'public_conservative': 17},16,0,0.156562,0.122887,11.1875,4.8125,0.061937,0.0,0.844804,0.800625,0.044179,0.84197,{'public_conservative': 16}
916,0.09244584,1.0,public_conservative,0.2,0.15,0.01,0.01,0.02,0.05,0.04,0.8,0.84,0.58,0.72,20.0,8.0,0.5,24.0,5.0,0.68,0.78,0.5,24.0,5.0,0.68,0.78,17,0,0.108433,0.090899,8.411765,3.411765,0.038671,0.0,0.944574,0.788235,0.156339,0.812034,{'public_conservative': 17},16,0,0.14915,0.118779,10.9375,3.875,0.218231,0.0,0.845599,0.800625,0.044974,0.838728,{'public_conservative': 16}
917,0.09175,1.0,public_conservative,0.2,0.15,0.01,0.01,0.05,0.05,0.04,0.8,0.84,0.58,0.72,20.0,8.0,0.5,24.0,5.0,0.68,0.78,0.5,24.0,5.0,0.68,0.78,17,0,0.109084,0.09175,8.235294,3.941176,0.0,0.0,0.941958,0.788235,0.153723,0.812861,{'public_conservative': 17},16,0,0.153287,0.122887,11.1875,4.8125,0.061937,0.0,0.844804,0.800625,0.044179,0.84197,{'public_conservative': 16}
918,0.09175,1.0,public_conservative,0.2,0.15,0.01,0.01,0.1,0.05,0.04,0.8,0.84,0.58,0.72,20.0,8.0,0.5,24.0,5.0,0.68,0.78,0.5,24.0,5.0,0.68,0.78,17,0,0.109084,0.09175,8.235294,3.941176,0.0,0.0,0.941958,0.788235,0.153723,0.812861,{'public_conservative': 17},16,0,0.156384,0.122887,11.1875,4.8125,0.061937,0.0,0.844804,0.800625,0.044179,0.84197,{'public_conservative': 16}
919,0.09175,1.0,public_conservative,0.2,0.15,0.01,0.01,0.2,0.05,0.04,0.8,0.84,0.58,0.72,20.0,8.0,0.5,24.0,5.0,0.68,0.78,0.5,24.0,5.0,0.68,0.78,17,0,0.109084,0.09175,8.235294,3.941176,0.0,0.0,0.941958,0.788235,0.153723,0.812861,{'public_conservative': 17},16,0,0.162577,0.122887,11.1875,4.8125,0.061937,0.0,0.844804,0.800625,0.044179,0.84197,{'public_conservative': 16}
920,0.09244584,1.0,public_conservative,0.2,0.15,0.01,0.02,0.02,0.05,0.04,0.8,0.84,0.58,0.72,20.0,8.0,0.5,24.0,5.0,0.68,0.78,0.5,24.0,5.0,0.68,0.78,17,0,0.112697,0.090899,8.411765,3.411765,0.038671,0.0,0.944574,0.788235,0.156339,0.812034,{'public_conservative': 17},16,0,0.153994,0.118779,10.9375,3.875,0.218231,0.0,0.845599,0.800625,0.044974,0.838728,{'public_conservative': 16}
921,0.09244584,1.0,public_conservative,0.2,0.15,0.01,0.02,0.05,0.05,0.04,0.8,0.84,0.58,0.72,20.0,8.0,0.5,24.0,5.0,0.68,0.78,0.5,24.0,5.0,0.68,0.78,17,0,0.113858,0.090899,8.411765,3.411765,0.038671,0.0,0.944574,0.788235,0.156339,0.812034,{'public_conservative': 17},16,0,0.159302,0.122887,11.1875,4.8125,0.061937,0.0,0.844804,0.800625,0.044179,0.84197,{'public_conservative': 16}
922,0.09175,1.0,public_conservative,0.2,0.15,0.01,0.02,0.1,0.05,0.04,0.8,0.84,0.58,0.72,20.0,8.0,0.5,24.0,5.0,0.68,0.78,0.5,24.0,5.0,0.68,0.78,17,0,0.114011,0.09175,8.235294,3.941176,0.0,0.0,0.941958,0.788235,0.153723,0.812861,{'public_conservative': 17},16,0,0.162399,0.122887,11.1875,4.8125,0.061937,0.0,0.844804,0.800625,0.044179,0.84197,{'public_conservative': 16}
923,0.09175,1.0,public_conservative,0.2,0.15,0.01,0.02,0.2,0.05,0.04,0.8,0.84,0.58,0.72,20.0,8.0,0.5,24.0,5.0,0.68,0.78,0.5,24.0,5.0,0.68,0.78,17,0,0.114011,0.09175,8.235294,3.941176,0.0,0.0,0.941958,0.788235,0.153723,0.812861,{'public_conservative': 17},16,0,0.168593,0.122887,11.1875,4.8125,0.061937,0.0,0.844804,0.800625,0.044179,0.84197,{'public_conservative': 16}
924,0.09175,1.0,public_conservative,0.2,0.15,0.02,0.0,0.02,0.05,0.04,0.8,0.84,0.58,0.72,20.0,8.0,0.5,24.0,5.0,0.68,0.78,0.5,24.0,5.0,0.68,0.78,17,0,0.108275,0.09175,8.235294,3.941176,0.0,0.0,0.941958,0.788235,0.153723,0.812861,{'public_conservative': 17},16,0,0.149775,0.118779,10.9375,3.875,0.218231,0.0,0.845599,0.800625,0.044974,0.838728,{'public_conservative': 16}
925,0.09175,1.0,public_conservative,0.2,0.15,0.02,0.0,0.05,0.05,0.04,0.8,0.84,0.58,0.72,20.0,8.0,0.5,24.0,5.0,0.68,0.78,0.5,24.0,5.0,0.68,0.78,17,0,0.108275,0.09175,8.235294,3.941176,0.0,0.0,0.941958,0.788235,0.153723,0.812861,{'public_conservative': 17},16,0,0.152865,0.122887,11.1875,4.8125,0.061937,0.0,0.844804,0.800625,0.044179,0.84197,{'public_conservative': 16}
926,0.09175,1.0,public_conservative,0.2,0.15,0.02,0.0,0.1,0.05,0.04,0.8,0.84,0.58,0.72,20.0,8.0,0.5,24.0,5.0,0.68,0.78,0.5,24.0,5.0,0.68,0.78,17,0,0.108275,0.09175,8.235294,3.941176,0.0,0.0,0.941958,0.788235,0.153723,0.812861,{'public_conservative': 17},16,0,0.155962,0.122887,11.1875,4.8125,0.061937,0.0,0.844804,0.800625,0.044179,0.84197,{'public_conservative': 16}
927,0.09175,1.0,public_conservative,0.2,0.15,0.02,0.0,0.2,0.05,0.04,0.8,0.84,0.58,0.72,20.0,8.0,0.5,24.0,5.0,0.68,0.78,0.5,24.0,5.0,0.68,0.78,17,0,0.108275,0.09175,8.235294,3.941176,0.0,0.0,0.941958,0.788235,0.153723,0.812861,{'public_conservative': 17},16,0,0.162156,0.122887,11.1875,4.8125,0.061937,0.0,0.844804,0.800625,0.044179,0.84197,{'public_conservative': 16}
928,0.09244584,1.0,public_conservative,0.2,0.15,0.02,0.01,0.02,0.05,0.04,0.8,0.84,0.58,0.72,20.0,8.0,0.5,24.0,5.0,0.68,0.78,0.5,24.0,5.0,0.68,0.78,17,0,0.112639,0.090899,8.411765,3.411765,0.038671,0.0,0.944574,0.788235,0.156339,0.812034,{'public_conservative': 17},16,0,0.154619,0.118779,10.9375,3.875,0.218231,0.0,0.845599,0.800625,0.044974,0.838728,{'public_conservative': 16}
929,0.09175,1.0,public_conservative,0.2,0.15,0.02,0.01,0.05,0.05,0.04,0.8,0.84,0.58,0.72,20.0,8.0,0.5,24.0,5.0,0.68,0.78,0.5,24.0,5.0,0.68,0.78,17,0,0.113202,0.09175,8.235294,3.941176,0.0,0.0,0.941958,0.788235,0.153723,0.812861,{'public_conservative': 17},16,0,0.158881,0.122887,11.1875,4.8125,0.061937,0.0,0.844804,0.800625,0.044179,0.84197,{'public_conservative': 16}
930,0.09175,1.0,public_conservative,0.2,0.15,0.02,0.01,0.1,0.05,0.04,0.8,0.84,0.58,0.72,20.0,8.0,0.5,24.0,5.0,0.68,0.78,0.5,24.0,5.0,0.68,0.78,17,0,0.113202,0.09175,8.235294,3.941176,0.0,0.0,0.941958,0.788235,0.153723,0.812861,{'public_conservative': 17},16,0,0.161977,0.122887,11.1875,4.8125,0.061937,0.0,0.844804,0.800625,0.044179,0.84197,{'public_conservative': 16}
931,0.09175,1.0,public_conservative,0.2,0.15,0.02,0.01,0.2,0.05,0.04,0.8,0.84,0.58,0.72,20.0,8.0,0.5,24.0,5.0,0.68,0.78,0.5,24.0,5.0,0.68,0.78,17,0,0.113202,0.09175,8.235294,3.941176,0.0,0.0,0.941958,0.788235,0.153723,0.812861,{'public_conservative': 17},16,0,0.168171,0.122887,11.1875,4.8125,0.061937,0.0,0.844804,0.800625,0.044179,0.84197,{'public_conservative': 16}
932,0.09244584,1.0,public_conservative,0.2,0.15,0.02,0.02,0.02,0.05,0.04,0.8,0.84,0.58,0.72,20.0,8.0,0.5,24.0,5.0,0.68,0.78,0.5,24.0,5.0,0.68,0.78,17,0,0.116903,0.090899,8.411765,3.411765,0.038671,0.0,0.944574,0.788235,0.156339,0.812034,{'public_conservative': 17},16,0,0.159463,0.118779,10.9375,3.875,0.218231,0.0,0.845599,0.800625,0.044974,0.838728,{'public_conservative': 16}
933,0.09244584,1.0,public_conservative,0.2,0.15,0.02,0.02,0.05,0.05,0.04,0.8,0.84,0.58,0.72,20.0,8.0,0.5,24.0,5.0,0.68,0.78,0.5,24.0,5.0,0.68,0.78,17,0,0.118063,0.090899,8.411765,3.411765,0.038671,0.0,0.944574,0.788235,0.156339,0.812034,{'public_conservative': 17},16,0,0.164896,0.122887,11.1875,4.8125,0.061937,0.0,0.844804,0.800625,0.044179,0.84197,{'public_conservative': 16}
934,0.09175,1.0,public_conservative,0.2,0.15,0.02,0.02,0.1,0.05,0.04,0.8,0.84,0.58,0.72,20.0,8.0,0.5,24.0,5.0,0.68,0.78,0.5,24.0,5.0,0.68,0.78,17,0,0.118128,0.09175,8.235294,3.941176,0.0,0.0,0.941958,0.788235,0.153723,0.812861,{'public_conservative': 17},16,0,0.167993,0.122887,11.1875,4.8125,0.061937,0.0,0.844804,0.800625,0.044179,0.84197,{'public_conservative': 16}
935,0.09175,1.0,public_conservative,0.2,0.15,0.02,0.02,0.2,0.05,0.04,0.8,0.84,0.58,0.72,20.0,8.0,0.5,24.0,5.0,0.68,0.78,0.5,24.0,5.0,0.68,0.78,17,0,0.118128,0.09175,8.235294,3.941176,0.0,0.0,0.941958,0.788235,0.153723,0.812861,{'public_conservative': 17},16,0,0.174187,0.122887,11.1875,4.8125,0.061937,0.0,0.844804,0.800625,0.044179,0.84197,{'public_conservative': 16}
936,0.09294284,1.0,public_conservative,0.2,0.3,0.0,0.0,0.02,0.05,0.04,0.8,0.84,0.58,0.72,20.0,8.0,0.5,24.0,5.0,0.68,0.78,0.5,24.0,5.0,0.68,0.78,17,0,0.102715,0.091396,8.470588,3.411765,0.038671,0.0,0.922293,0.788235,0.134058,0.829168,{'public_conservative': 17},16,0,0.140604,0.118779,10.9375,3.875,0.218231,0.0,0.845599,0.800625,0.044974,0.838728,{'public_conservative': 16}
937,0.092247,1.0,public_conservative,0.2,0.3,0.0,0.0,0.05,0.05,0.04,0.8,0.84,0.58,0.72,20.0,8.0,0.5,24.0,5.0,0.68,0.78,0.5,24.0,5.0,0.68,0.78,17,0,0.102792,0.092247,8.294118,3.941176,0.0,0.0,0.919677,0.788235,0.131442,0.829994,{'public_conservative': 17},16,0,0.143444,0.122887,11.1875,4.8125,0.061937,0.0,0.844804,0.800625,0.044179,0.84197,{'public_conservative': 16}
938,0.092247,1.0,public_conservative,0.2,0.3,0.0,0.0,0.1,0.05,0.04,0.8,0.84,0.58,0.72,20.0,8.0,0.5,24.0,5.0,0.68,0.78,0.5,24.0,5.0,0.68,0.78,17,0,0.102792,0.092247,8.294118,3.941176,0.0,0.0,0.919677,0.788235,0.131442,0.829994,{'public_conservative': 17},16,0,0.146541,0.122887,11.1875,4.8125,0.061937,0.0,0.844804,0.800625,0.044179,0.84197,{'public_conservative': 16}
939,0.092247,1.0,public_conservative,0.2,0.3,0.0,0.0,0.2,0.05,0.04,0.8,0.84,0.58,0.72,20.0,8.0,0.5,24.0,5.0,0.68,0.78,0.5,24.0,5.0,0.68,0.78,17,0,0.102792,0.092247,8.294118,3.941176,0.0,0.0,0.919677,0.788235,0.131442,0.829994,{'public_conservative': 17},16,0,0.152734,0.122887,11.1875,4.8125,0.061937,0.0,0.844804,0.800625,0.044179,0.84197,{'public_conservative': 16}
940,0.09294284,1.0,public_conservative,0.2,0.3,0.0,0.01,0.02,0.05,0.04,0.8,0.84,0.58,0.72,20.0,8.0,0.5,24.0,5.0,0.68,0.78,0.5,24.0,5.0,0.68,0.78,17,0,0.106979,0.091396,8.470588,3.411765,0.038671,0.0,0.922293,0.788235,0.134058,0.829168,{'public_conservative': 17},16,0,0.145448,0.118779,10.9375,3.875,0.218231,0.0,0.845599,0.800625,0.044974,0.838728,{'public_conservative': 16}
941,0.092247,1.0,public_conservative,0.2,0.3,0.0,0.01,0.05,0.05,0.04,0.8,0.84,0.58,0.72,20.0,8.0,0.5,24.0,5.0,0.68,0.78,0.5,24.0,5.0,0.68,0.78,17,0,0.107719,0.092247,8.294118,3.941176,0.0,0.0,0.919677,0.788235,0.131442,0.829994,{'public_conservative': 17},16,0,0.149459,0.122887,11.1875,4.8125,0.061937,0.0,0.844804,0.800625,0.044179,0.84197,{'public_conservative': 16}
942,0.092247,1.0,public_conservative,0.2,0.3,0.0,0.01,0.1,0.05,0.04,0.8,0.84,0.58,0.72,20.0,8.0,0.5,24.0,5.0,0.68,0.78,0.5,24.0,5.0,0.68,0.78,17,0,0.107719,0.092247,8.294118,3.941176,0.0,0.0,0.919677,0.788235,0.131442,0.829994,{'public_conservative': 17},16,0,0.152556,0.122887,11.1875,4.8125,0.061937,0.0,0.844804,0.800625,0.044179,0.84197,{'public_conservative': 16}
943,0.092247,1.0,public_conservative,0.2,0.3,0.0,0.01,0.2,0.05,0.04,0.8,0.84,0.58,0.72,20.0,8.0,0.5,24.0,5.0,0.68,0.78,0.5,24.0,5.0,0.68,0.78,17,0,0.107719,0.092247,8.294118,3.941176,0.0,0.0,0.919677,0.788235,0.131442,0.829994,{'public_conservative': 17},16,0,0.15875,0.122887,11.1875,4.8125,0.061937,0.0,0.844804,0.800625,0.044179,0.84197,{'public_conservative': 16}
944,0.09294284,1.0,public_conservative,0.2,0.3,0.0,0.02,0.02,0.05,0.04,0.8,0.84,0.58,0.72,20.0,8.0,0.5,24.0,5.0,0.68,0.78,0.5,24.0,5.0,0.68,0.78,17,0,0.111244,0.091396,8.470588,3.411765,0.038671,0.0,0.922293,0.788235,0.134058,0.829168,{'public_conservative': 17},16,0,0.150291,0.118779,10.9375,3.875,0.218231,0.0,0.845599,0.800625,0.044974,0.838728,{'public_conservative': 16}
945,0.09294284,1.0,public_conservative,0.2,0.3,0.0,0.02,0.05,0.05,0.04,0.8,0.84,0.58,0.72,20.0,8.0,0.5,24.0,5.0,0.68,0.78,0.5,24.0,5.0,0.68,0.78,17,0,0.112404,0.091396,8.470588,3.411765,0.038671,0.0,0.922293,0.788235,0.134058,0.829168,{'public_conservative': 17},16,0,0.155475,0.122887,11.1875,4.8125,0.061937,0.0,0.844804,0.800625,0.044179,0.84197,{'public_conservative': 16}
946,0.092247,1.0,public_conservative,0.2,0.3,0.0,0.02,0.1,0.05,0.04,0.8,0.84,0.58,0.72,20.0,8.0,0.5,24.0,5.0,0.68,0.78,0.5,24.0,5.0,0.68,0.78,17,0,0.112645,0.092247,8.294118,3.941176,0.0,0.0,0.919677,0.788235,0.131442,0.829994,{'public_conservative': 17},16,0,0.158572,0.122887,11.1875,4.8125,0.061937,0.0,0.844804,0.800625,0.044179,0.84197,{'public_conservative': 16}
947,0.092247,1.0,public_conservative,0.2,0.3,0.0,0.02,0.2,0.05,0.04,0.8,0.84,0.58,0.72,20.0,8.0,0.5,24.0,5.0,0.68,0.78,0.5,24.0,5.0,0.68,0.78,17,0,0.112645,0.092247,8.294118,3.941176,0.0,0.0,0.919677,0.788235,0.131442,0.829994,{'public_conservative': 17},16,0,0.164766,0.122887,11.1875,4.8125,0.061937,0.0,0.844804,0.800625,0.044179,0.84197,{'public_conservative': 16}
948,0.092247,1.0,public_conservative,0.2,0.3,0.01,0.0,0.02,0.05,0.04,0.8,0.84,0.58,0.72,20.0,8.0,0.5,24.0,5.0,0.68,0.78,0.5,24.0,5.0,0.68,0.78,17,0,0.10694,0.092247,8.294118,3.941176,0.0,0.0,0.919677,0.788235,0.131442,0.829994,{'public_conservative': 17},16,0,0.146073,0.118779,10.9375,3.875,0.218231,0.0,0.845599,0.800625,0.044974,0.838728,{'public_conservative': 16}
949,0.092247,1.0,public_conservative,0.2,0.3,0.01,0.0,0.05,0.05,0.04,0.8,0.84,0.58,0.72,20.0,8.0,0.5,24.0,5.0,0.68,0.78,0.5,24.0,5.0,0.68,0.78,17,0,0.10694,0.092247,8.294118,3.941176,0.0,0.0,0.919677,0.788235,0.131442,0.829994,{'public_conservative': 17},16,0,0.149037,0.122887,11.1875,4.8125,0.061937,0.0,0.844804,0.800625,0.044179,0.84197,{'public_conservative': 16}
950,0.092247,1.0,public_conservative,0.2,0.3,0.01,0.0,0.1,0.05,0.04,0.8,0.84,0.58,0.72,20.0,8.0,0.5,24.0,5.0,0.68,0.78,0.5,24.0,5.0,0.68,0.78,17,0,0.10694,0.092247,8.294118,3.941176,0.0,0.0,0.919677,0.788235,0.131442,0.829994,{'public_conservative': 17},16,0,0.152134,0.122887,11.1875,4.8125,0.061937,0.0,0.844804,0.800625,0.044179,0.84197,{'public_conservative': 16}
951,0.092247,1.0,public_conservative,0.2,0.3,0.01,0.0,0.2,0.05,0.04,0.8,0.84,0.58,0.72,20.0,8.0,0.5,24.0,5.0,0.68,0.78,0.5,24.0,5.0,0.68,0.78,17,0,0.10694,0.092247,8.294118,3.941176,0.0,0.0,0.919677,0.788235,0.131442,0.829994,{'public_conservative': 17},16,0,0.158328,0.122887,11.1875,4.8125,0.061937,0.0,0.844804,0.800625,0.044179,0.84197,{'public_conservative': 16}
952,0.09294284,1.0,public_conservative,0.2,0.3,0.01,0.01,0.02,0.05,0.04,0.8,0.84,0.58,0.72,20.0,8.0,0.5,24.0,5.0,0.68,0.78,0.5,24.0,5.0,0.68,0.78,17,0,0.111215,0.091396,8.470588,3.411765,0.038671,0.0,0.922293,0.788235,0.134058,0.829168,{'public_conservative': 17},16,0,0.150916,0.118779,10.9375,3.875,0.218231,0.0,0.845599,0.800625,0.044974,0.838728,{'public_conservative': 16}
953,0.092247,1.0,public_conservative,0.2,0.3,0.01,0.01,0.05,0.05,0.04,0.8,0.84,0.58,0.72,20.0,8.0,0.5,24.0,5.0,0.68,0.78,0.5,24.0,5.0,0.68,0.78,17,0,0.111866,0.092247,8.294118,3.941176,0.0,0.0,0.919677,0.788235,0.131442,0.829994,{'public_conservative': 17},16,0,0.155053,0.122887,11.1875,4.8125,0.061937,0.0,0.844804,0.800625,0.044179,0.84197,{'public_conservative': 16}
954,0.092247,1.0,public_conservative,0.2,0.3,0.01,0.01,0.1,0.05,0.04,0.8,0.84,0.58,0.72,20.0,8.0,0.5,24.0,5.0,0.68,0.78,0.5,24.0,5.0,0.68,0.78,17,0,0.111866,0.092247,8.294118,3.941176,0.0,0.0,0.919677,0.788235,0.131442,0.829994,{'public_conservative': 17},16,0,0.15815,0.122887,11.1875,4.8125,0.061937,0.0,0.844804,0.800625,0.044179,0.84197,{'public_conservative': 16}
955,0.092247,1.0,public_conservative,0.2,0.3,0.01,0.01,0.2,0.05,0.04,0.8,0.84,0.58,0.72,20.0,8.0,0.5,24.0,5.0,0.68,0.78,0.5,24.0,5.0,0.68,0.78,17,0,0.111866,0.092247,8.294118,3.941176,0.0,0.0,0.919677,0.788235,0.131442,0.829994,{'public_conservative': 17},16,0,0.164344,0.122887,11.1875,4.8125,0.061937,0.0,0.844804,0.800625,0.044179,0.84197,{'public_conservative': 16}
956,0.09294284,1.0,public_conservative,0.2,0.3,0.01,0.02,0.02,0.05,0.04,0.8,0.84,0.58,0.72,20.0,8.0,0.5,24.0,5.0,0.68,0.78,0.5,24.0,5.0,0.68,0.78,17,0,0.115479,0.091396,8.470588,3.411765,0.038671,0.0,0.922293,0.788235,0.134058,0.829168,{'public_conservative': 17},16,0,0.15576,0.118779,10.9375,3.875,0.218231,0.0,0.845599,0.800625,0.044974,0.838728,{'public_conservative': 16}
957,0.09294284,1.0,public_conservative,0.2,0.3,0.01,0.02,0.05,0.05,0.04,0.8,0.84,0.58,0.72,20.0,8.0,0.5,24.0,5.0,0.68,0.78,0.5,24.0,5.0,0.68,0.78,17,0,0.116639,0.091396,8.470588,3.411765,0.038671,0.0,0.922293,0.788235,0.134058,0.829168,{'public_conservative': 17},16,0,0.161069,0.122887,11.1875,4.8125,0.061937,0.0,0.844804,0.800625,0.044179,0.84197,{'public_conservative': 16}
958,0.092247,1.0,public_conservative,0.2,0.3,0.01,0.02,0.1,0.05,0.04,0.8,0.84,0.58,0.72,20.0,8.0,0.5,24.0,5.0,0.68,0.78,0.5,24.0,5.0,0.68,0.78,17,0,0.116792,0.092247,8.294118,3.941176,0.0,0.0,0.919677,0.788235,0.131442,0.829994,{'public_conservative': 17},16,0,0.164166,0.122887,11.1875,4.8125,0.061937,0.0,0.844804,0.800625,0.044179,0.84197,{'public_conservative': 16}
959,0.092247,1.0,public_conservative,0.2,0.3,0.01,0.02,0.2,0.05,0.04,0.8,0.84,0.58,0.72,20.0,8.0,0.5,24.0,5.0,0.68,0.78,0.5,24.0,5.0,0.68,0.78,17,0,0.116792,0.092247,8.294118,3.941176,0.0,0.0,0.919677,0.788235,0.131442,0.829994,{'public_conservative': 17},16,0,0.170359,0.122887,11.1875,4.8125,0.061937,0.0,0.844804,0.800625,0.044179,0.84197,{'public_conservative': 16}
960,0.092247,1.0,public_conservative,0.2,0.3,0.02,0.0,0.02,0.05,0.04,0.8,0.84,0.58,0.72,20.0,8.0,0.5,24.0,5.0,0.68,0.78,0.5,24.0,5.0,0.68,0.78,17,0,0.111087,0.092247,8.294118,3.941176,0.0,0.0,0.919677,0.788235,0.131442,0.829994,{'public_conservative': 17},16,0,0.151541,0.118779,10.9375,3.875,0.218231,0.0,0.845599,0.800625,0.044974,0.838728,{'public_conservative': 16}
961,0.092247,1.0,public_conservative,0.2,0.3,0.02,0.0,0.05,0.05,0.04,0.8,0.84,0.58,0.72,20.0,8.0,0.5,24.0,5.0,0.68,0.78,0.5,24.0,5.0,0.68,0.78,17,0,0.111087,0.092247,8.294118,3.941176,0.0,0.0,0.919677,0.788235,0.131442,0.829994,{'public_conservative': 17},16,0,0.154631,0.122887,11.1875,4.8125,0.061937,0.0,0.844804,0.800625,0.044179,0.84197,{'public_conservative': 16}
962,0.092247,1.0,public_conservative,0.2,0.3,0.02,0.0,0.1,0.05,0.04,0.8,0.84,0.58,0.72,20.0,8.0,0.5,24.0,5.0,0.68,0.78,0.5,24.0,5.0,0.68,0.78,17,0,0.111087,0.092247,8.294118,3.941176,0.0,0.0,0.919677,0.788235,0.131442,0.829994,{'public_conservative': 17},16,0,0.157728,0.122887,11.1875,4.8125,0.061937,0.0,0.844804,0.800625,0.044179,0.84197,{'public_conservative': 16}
963,0.092247,1.0,public_conservative,0.2,0.3,0.02,0.0,0.2,0.05,0.04,0.8,0.84,0.58,0.72,20.0,8.0,0.5,24.0,5.0,0.68,0.78,0.5,24.0,5.0,0.68,0.78,17,0,0.111087,0.092247,8.294118,3.941176,0.0,0.0,0.919677,0.788235,0.131442,0.829994,{'public_conservative': 17},16,0,0.163922,0.122887,11.1875,4.8125,0.061937,0.0,0.844804,0.800625,0.044179,0.84197,{'public_conservative': 16}
964,0.09294284,1.0,public_conservative,0.2,0.3,0.02,0.01,0.02,0.05,0.04,0.8,0.84,0.58,0.72,20.0,8.0,0.5,24.0,5.0,0.68,0.78,0.5,24.0,5.0,0.68,0.78,17,0,0.11545,0.091396,8.470588,3.411765,0.038671,0.0,0.922293,0.788235,0.134058,0.829168,{'public_conservative': 17},16,0,0.156385,0.118779,10.9375,3.875,0.218231,0.0,0.845599,0.800625,0.044974,0.838728,{'public_conservative': 16}
965,0.092247,1.0,public_conservative,0.2,0.3,0.02,0.01,0.05,0.05,0.04,0.8,0.84,0.58,0.72,20.0,8.0,0.5,24.0,5.0,0.68,0.78,0.5,24.0,5.0,0.68,0.78,17,0,0.116013,0.092247,8.294118,3.941176,0.0,0.0,0.919677,0.788235,0.131442,0.829994,{'public_conservative': 17},16,0,0.160647,0.122887,11.1875,4.8125,0.061937,0.0,0.844804,0.800625,0.044179,0.84197,{'public_conservative': 16}
966,0.092247,1.0,public_conservative,0.2,0.3,0.02,0.01,0.1,0.05,0.04,0.8,0.84,0.58,0.72,20.0,8.0,0.5,24.0,5.0,0.68,0.78,0.5,24.0,5.0,0.68,0.78,17,0,0.116013,0.092247,8.294118,3.941176,0.0,0.0,0.919677,0.788235,0.131442,0.829994,{'public_conservative': 17},16,0,0.163744,0.122887,11.1875,4.8125,0.061937,0.0,0.844804,0.800625,0.044179,0.84197,{'public_conservative': 16}
967,0.092247,1.0,public_conservative,0.2,0.3,0.02,0.01,0.2,0.05,0.04,0.8,0.84,0.58,0.72,20.0,8.0,0.5,24.0,5.0,0.68,0.78,0.5,24.0,5.0,0.68,0.78,17,0,0.116013,0.092247,8.294118,3.941176,0.0,0.0,0.919677,0.788235,0.131442,0.829994,{'public_conservative': 17},16,0,0.169937,0.122887,11.1875,4.8125,0.061937,0.0,0.844804,0.800625,0.044179,0.84197,{'public_conservative': 16}
968,0.09294284,1.0,public_conservative,0.2,0.3,0.02,0.02,0.02,0.05,0.04,0.8,0.84,0.58,0.72,20.0,8.0,0.5,24.0,5.0,0.68,0.78,0.5,24.0,5.0,0.68,0.78,17,0,0.119715,0.091396,8.470588,3.411765,0.038671,0.0,0.922293,0.788235,0.134058,0.829168,{'public_conservative': 17},16,0,0.161229,0.118779,10.9375,3.875,0.218231,0.0,0.845599,0.800625,0.044974,0.838728,{'public_conservative': 16}
969,0.09294284,1.0,public_conservative,0.2,0.3,0.02,0.02,0.05,0.05,0.04,0.8,0.84,0.58,0.72,20.0,8.0,0.5,24.0,5.0,0.68,0.78,0.5,24.0,5.0,0.68,0.78,17,0,0.120875,0.091396,8.470588,3.411765,0.038671,0.0,0.922293,0.788235,0.134058,0.829168,{'public_conservative': 17},16,0,0.166662,0.122887,11.1875,4.8125,0.061937,0.0,0.844804,0.800625,0.044179,0.84197,{'public_conservative': 16}
970,0.092247,1.0,public_conservative,0.2,0.3,0.02,0.02,0.1,0.05,0.04,0.8,0.84,0.58,0.72,20.0,8.0,0.5,24.0,5.0,0.68,0.78,0.5,24.0,5.0,0.68,0.78,17,0,0.12094,0.092247,8.294118,3.941176,0.0,0.0,0.919677,0.788235,0.131442,0.829994,{'public_conservative': 17},16,0,0.169759,0.122887,11.1875,4.8125,0.061937,0.0,0.844804,0.800625,0.044179,0.84197,{'public_conservative': 16}
971,0.092247,1.0,public_conservative,0.2,0.3,0.02,0.02,0.2,0.05,0.04,0.8,0.84,0.58,0.72,20.0,8.0,0.5,24.0,5.0,0.68,0.78,0.5,24.0,5.0,0.68,0.78,17,0,0.12094,0.092247,8.294118,3.941176,0.0,0.0,0.919677,0.788235,0.131442,0.829994,{'public_conservative': 17},16,0,0.175953,0.122887,11.1875,4.8125,0.061937,0.0,0.844804,0.800625,0.044179,0.84197,{'public_conservative': 16}
972,0.09244584,1.0,public_conservative,0.35,0.05,0.0,0.0,0.02,0.05,0.04,0.8,0.84,0.58,0.72,20.0,8.0,0.5,24.0,5.0,0.68,0.78,0.5,24.0,5.0,0.68,0.78,17,0,0.10162,0.090899,8.411765,3.411765,0.038671,0.0,0.944574,0.788235,0.156339,0.812034,{'public_conservative': 17},16,0,0.147655,0.121364,11.25,3.875,0.218231,0.0,0.854272,0.800625,0.053647,0.839188,{'public_conservative': 16}
973,0.09175,1.0,public_conservative,0.35,0.05,0.0,0.0,0.05,0.05,0.04,0.8,0.84,0.58,0.72,20.0,8.0,0.5,24.0,5.0,0.68,0.78,0.5,24.0,5.0,0.68,0.78,17,0,0.101698,0.09175,8.235294,3.941176,0.0,0.0,0.941958,0.788235,0.153723,0.812861,{'public_conservative': 17},16,0,0.150494,0.125471,11.5,4.8125,0.061937,0.0,0.853477,0.800625,0.052852,0.84243,{'public_conservative': 16}
974,0.09175,1.0,public_conservative,0.35,0.05,0.0,0.0,0.1,0.05,0.04,0.8,0.84,0.58,0.72,20.0,8.0,0.5,24.0,5.0,0.68,0.78,0.5,24.0,5.0,0.68,0.78,17,0,0.101698,0.09175,8.235294,3.941176,0.0,0.0,0.941958,0.788235,0.153723,0.812861,{'public_conservative': 17},16,0,0.153591,0.125471,11.5,4.8125,0.061937,0.0,0.853477,0.800625,0.052852,0.84243,{'public_conservative': 16}
975,0.09175,1.0,public_conservative,0.35,0.05,0.0,0.0,0.2,0.05,0.04,0.8,0.84,0.58,0.72,20.0,8.0,0.5,24.0,5.0,0.68,0.78,0.5,24.0,5.0,0.68,0.78,17,0,0.101698,0.09175,8.235294,3.941176,0.0,0.0,0.941958,0.788235,0.153723,0.812861,{'public_conservative': 17},16,0,0.159785,0.125471,11.5,4.8125,0.061937,0.0,0.853477,0.800625,0.052852,0.84243,{'public_conservative': 16}
976,0.09244584,1.0,public_conservative,0.35,0.05,0.0,0.01,0.02,0.05,0.04,0.8,0.84,0.58,0.72,20.0,8.0,0.5,24.0,5.0,0.68,0.78,0.5,24.0,5.0,0.68,0.78,17,0,0.105885,0.090899,8.411765,3.411765,0.038671,0.0,0.944574,0.788235,0.156339,0.812034,{'public_conservative': 17},16,0,0.152499,0.121364,11.25,3.875,0.218231,0.0,0.854272,0.800625,0.053647,0.839188,{'public_conservative': 16}
977,0.09175,1.0,public_conservative,0.35,0.05,0.0,0.01,0.05,0.05,0.04,0.8,0.84,0.58,0.72,20.0,8.0,0.5,24.0,5.0,0.68,0.78,0.5,24.0,5.0,0.68,0.78,17,0,0.106625,0.09175,8.235294,3.941176,0.0,0.0,0.941958,0.788235,0.153723,0.812861,{'public_conservative': 17},16,0,0.15651,0.125471,11.5,4.8125,0.061937,0.0,0.853477,0.800625,0.052852,0.84243,{'public_conservative': 16}
978,0.09175,1.0,public_conservative,0.35,0.05,0.0,0.01,0.1,0.05,0.04,0.8,0.84,0.58,0.72,20.0,8.0,0.5,24.0,5.0,0.68,0.78,0.5,24.0,5.0,0.68,0.78,17,0,0.106625,0.09175,8.235294,3.941176,0.0,0.0,0.941958,0.788235,0.153723,0.812861,{'public_conservative': 17},16,0,0.159607,0.125471,11.5,4.8125,0.061937,0.0,0.853477,0.800625,0.052852,0.84243,{'public_conservative': 16}
979,0.09175,1.0,public_conservative,0.35,0.05,0.0,0.01,0.2,0.05,0.04,0.8,0.84,0.58,0.72,20.0,8.0,0.5,24.0,5.0,0.68,0.78,0.5,24.0,5.0,0.68,0.78,17,0,0.106625,0.09175,8.235294,3.941176,0.0,0.0,0.941958,0.788235,0.153723,0.812861,{'public_conservative': 17},16,0,0.165801,0.125471,11.5,4.8125,0.061937,0.0,0.853477,0.800625,0.052852,0.84243,{'public_conservative': 16}
980,0.09244584,1.0,public_conservative,0.35,0.05,0.0,0.02,0.02,0.05,0.04,0.8,0.84,0.58,0.72,20.0,8.0,0.5,24.0,5.0,0.68,0.78,0.5,24.0,5.0,0.68,0.78,17,0,0.11015,0.090899,8.411765,3.411765,0.038671,0.0,0.944574,0.788235,0.156339,0.812034,{'public_conservative': 17},16,0,0.157342,0.121364,11.25,3.875,0.218231,0.0,0.854272,0.800625,0.053647,0.839188,{'public_conservative': 16}
981,0.09244584,1.0,public_conservative,0.35,0.05,0.0,0.02,0.05,0.05,0.04,0.8,0.84,0.58,0.72,20.0,8.0,0.5,24.0,5.0,0.68,0.78,0.5,24.0,5.0,0.68,0.78,17,0,0.11131,0.090899,8.411765,3.411765,0.038671,0.0,0.944574,0.788235,0.156339,0.812034,{'public_conservative': 17},16,0,0.162526,0.125471,11.5,4.8125,0.061937,0.0,0.853477,0.800625,0.052852,0.84243,{'public_conservative': 16}
982,0.09175,1.0,public_conservative,0.35,0.05,0.0,0.02,0.1,0.05,0.04,0.8,0.84,0.58,0.72,20.0,8.0,0.5,24.0,5.0,0.68,0.78,0.5,24.0,5.0,0.68,0.78,17,0,0.111551,0.09175,8.235294,3.941176,0.0,0.0,0.941958,0.788235,0.153723,0.812861,{'public_conservative': 17},16,0,0.165623,0.125471,11.5,4.8125,0.061937,0.0,0.853477,0.800625,0.052852,0.84243,{'public_conservative': 16}
983,0.09175,1.0,public_conservative,0.35,0.05,0.0,0.02,0.2,0.05,0.04,0.8,0.84,0.58,0.72,20.0,8.0,0.5,24.0,5.0,0.68,0.78,0.5,24.0,5.0,0.68,0.78,17,0,0.111551,0.09175,8.235294,3.941176,0.0,0.0,0.941958,0.788235,0.153723,0.812861,{'public_conservative': 17},16,0,0.171816,0.125471,11.5,4.8125,0.061937,0.0,0.853477,0.800625,0.052852,0.84243,{'public_conservative': 16}
984,0.09175,1.0,public_conservative,0.35,0.05,0.01,0.0,0.02,0.05,0.04,0.8,0.84,0.58,0.72,20.0,8.0,0.5,24.0,5.0,0.68,0.78,0.5,24.0,5.0,0.68,0.78,17,0,0.105816,0.09175,8.235294,3.941176,0.0,0.0,0.941958,0.788235,0.153723,0.812861,{'public_conservative': 17},16,0,0.15328,0.121364,11.25,3.875,0.218231,0.0,0.854272,0.800625,0.053647,0.839188,{'public_conservative': 16}
985,0.09175,1.0,public_conservative,0.35,0.05,0.01,0.0,0.05,0.05,0.04,0.8,0.84,0.58,0.72,20.0,8.0,0.5,24.0,5.0,0.68,0.78,0.5,24.0,5.0,0.68,0.78,17,0,0.105816,0.09175,8.235294,3.941176,0.0,0.0,0.941958,0.788235,0.153723,0.812861,{'public_conservative': 17},16,0,0.156244,0.125471,11.5,4.8125,0.061937,0.0,0.853477,0.800625,0.052852,0.84243,{'public_conservative': 16}
986,0.09175,1.0,public_conservative,0.35,0.05,0.01,0.0,0.1,0.05,0.04,0.8,0.84,0.58,0.72,20.0,8.0,0.5,24.0,5.0,0.68,0.78,0.5,24.0,5.0,0.68,0.78,17,0,0.105816,0.09175,8.235294,3.941176,0.0,0.0,0.941958,0.788235,0.153723,0.812861,{'public_conservative': 17},16,0,0.159341,0.125471,11.5,4.8125,0.061937,0.0,0.853477,0.800625,0.052852,0.84243,{'public_conservative': 16}
987,0.09175,1.0,public_conservative,0.35,0.05,0.01,0.0,0.2,0.05,0.04,0.8,0.84,0.58,0.72,20.0,8.0,0.5,24.0,5.0,0.68,0.78,0.5,24.0,5.0,0.68,0.78,17,0,0.105816,0.09175,8.235294,3.941176,0.0,0.0,0.941958,0.788235,0.153723,0.812861,{'public_conservative': 17},16,0,0.165535,0.125471,11.5,4.8125,0.061937,0.0,0.853477,0.800625,0.052852,0.84243,{'public_conservative': 16}
988,0.09244584,1.0,public_conservative,0.35,0.05,0.01,0.01,0.02,0.05,0.04,0.8,0.84,0.58,0.72,20.0,8.0,0.5,24.0,5.0,0.68,0.78,0.5,24.0,5.0,0.68,0.78,17,0,0.110091,0.090899,8.411765,3.411765,0.038671,0.0,0.944574,0.788235,0.156339,0.812034,{'public_conservative': 17},16,0,0.158124,0.121364,11.25,3.875,0.218231,0.0,0.854272,0.800625,0.053647,0.839188,{'public_conservative': 16}
989,0.09175,1.0,public_conservative,0.35,0.05,0.01,0.01,0.05,0.05,0.04,0.8,0.84,0.58,0.72,20.0,8.0,0.5,24.0,5.0,0.68,0.78,0.5,24.0,5.0,0.68,0.78,17,0,0.110742,0.09175,8.235294,3.941176,0.0,0.0,0.941958,0.788235,0.153723,0.812861,{'public_conservative': 17},16,0,0.16226,0.125471,11.5,4.8125,0.061937,0.0,0.853477,0.800625,0.052852,0.84243,{'public_conservative': 16}
990,0.09175,1.0,public_conservative,0.35,0.05,0.01,0.01,0.1,0.05,0.04,0.8,0.84,0.58,0.72,20.0,8.0,0.5,24.0,5.0,0.68,0.78,0.5,24.0,5.0,0.68,0.78,17,0,0.110742,0.09175,8.235294,3.941176,0.0,0.0,0.941958,0.788235,0.153723,0.812861,{'public_conservative': 17},16,0,0.165357,0.125471,11.5,4.8125,0.061937,0.0,0.853477,0.800625,0.052852,0.84243,{'public_conservative': 16}
991,0.09175,1.0,public_conservative,0.35,0.05,0.01,0.01,0.2,0.05,0.04,0.8,0.84,0.58,0.72,20.0,8.0,0.5,24.0,5.0,0.68,0.78,0.5,24.0,5.0,0.68,0.78,17,0,0.110742,0.09175,8.235294,3.941176,0.0,0.0,0.941958,0.788235,0.153723,0.812861,{'public_conservative': 17},16,0,0.171551,0.125471,11.5,4.8125,0.061937,0.0,0.853477,0.800625,0.052852,0.84243,{'public_conservative': 16}
992,0.09244584,1.0,public_conservative,0.35,0.05,0.01,0.02,0.02,0.05,0.04,0.8,0.84,0.58,0.72,20.0,8.0,0.5,24.0,5.0,0.68,0.78,0.5,24.0,5.0,0.68,0.78,17,0,0.114355,0.090899,8.411765,3.411765,0.038671,0.0,0.944574,0.788235,0.156339,0.812034,{'public_conservative': 17},16,0,0.162967,0.121364,11.25,3.875,0.218231,0.0,0.854272,0.800625,0.053647,0.839188,{'public_conservative': 16}
993,0.09244584,1.0,public_conservative,0.35,0.05,0.01,0.02,0.05,0.05,0.04,0.8,0.84,0.58,0.72,20.0,8.0,0.5,24.0,5.0,0.68,0.78,0.5,24.0,5.0,0.68,0.78,17,0,0.115516,0.090899,8.411765,3.411765,0.038671,0.0,0.944574,0.788235,0.156339,0.812034,{'public_conservative': 17},16,0,0.168276,0.125471,11.5,4.8125,0.061937,0.0,0.853477,0.800625,0.052852,0.84243,{'public_conservative': 16}
994,0.09175,1.0,public_conservative,0.35,0.05,0.01,0.02,0.1,0.05,0.04,0.8,0.84,0.58,0.72,20.0,8.0,0.5,24.0,5.0,0.68,0.78,0.5,24.0,5.0,0.68,0.78,17,0,0.115669,0.09175,8.235294,3.941176,0.0,0.0,0.941958,0.788235,0.153723,0.812861,{'public_conservative': 17},16,0,0.171373,0.125471,11.5,4.8125,0.061937,0.0,0.853477,0.800625,0.052852,0.84243,{'public_conservative': 16}
995,0.09175,1.0,public_conservative,0.35,0.05,0.01,0.02,0.2,0.05,0.04,0.8,0.84,0.58,0.72,20.0,8.0,0.5,24.0,5.0,0.68,0.78,0.5,24.0,5.0,0.68,0.78,17,0,0.115669,0.09175,8.235294,3.941176,0.0,0.0,0.941958,0.788235,0.153723,0.812861,{'public_conservative': 17},16,0,0.177566,0.125471,11.5,4.8125,0.061937,0.0,0.853477,0.800625,0.052852,0.84243,{'public_conservative': 16}
996,0.09175,1.0,public_conservative,0.35,0.05,0.02,0.0,0.02,0.05,0.04,0.8,0.84,0.58,0.72,20.0,8.0,0.5,24.0,5.0,0.68,0.78,0.5,24.0,5.0,0.68,0.78,17,0,0.109933,0.09175,8.235294,3.941176,0.0,0.0,0.941958,0.788235,0.153723,0.812861,{'public_conservative': 17},16,0,0.158905,0.121364,11.25,3.875,0.218231,0.0,0.854272,0.800625,0.053647,0.839188,{'public_conservative': 16}
997,0.09175,1.0,public_conservative,0.35,0.05,0.02,0.0,0.05,0.05,0.04,0.8,0.84,0.58,0.72,20.0,8.0,0.5,24.0,5.0,0.68,0.78,0.5,24.0,5.0,0.68,0.78,17,0,0.109933,0.09175,8.235294,3.941176,0.0,0.0,0.941958,0.788235,0.153723,0.812861,{'public_conservative': 17},16,0,0.161994,0.125471,11.5,4.8125,0.061937,0.0,0.853477,0.800625,0.052852,0.84243,{'public_conservative': 16}
998,0.09175,1.0,public_conservative,0.35,0.05,0.02,0.0,0.1,0.05,0.04,0.8,0.84,0.58,0.72,20.0,8.0,0.5,24.0,5.0,0.68,0.78,0.5,24.0,5.0,0.68,0.78,17,0,0.109933,0.09175,8.235294,3.941176,0.0,0.0,0.941958,0.788235,0.153723,0.812861,{'public_conservative': 17},16,0,0.165091,0.125471,11.5,4.8125,0.061937,0.0,0.853477,0.800625,0.052852,0.84243,{'public_conservative': 16}
999,0.09175,1.0,public_conservative,0.35,0.05,0.02,0.0,0.2,0.05,0.04,0.8,0.84,0.58,0.72,20.0,8.0,0.5,24.0,5.0,0.68,0.78,0.5,24.0,5.0,0.68,0.78,17,0,0.109933,0.09175,8.235294,3.941176,0.0,0.0,0.941958,0.788235,0.153723,0.812861,{'public_conservative': 17},16,0,0.171285,0.125471,11.5,4.8125,0.061937,0.0,0.853477,0.800625,0.052852,0.84243,{'public_conservative': 16}
1000,0.09244584,1.0,public_conservative,0.35,0.05,0.02,0.01,0.02,0.05,0.04,0.8,0.84,0.58,0.72,20.0,8.0,0.5,24.0,5.0,0.68,0.78,0.5,24.0,5.0,0.68,0.78,17,0,0.114297,0.090899,8.411765,3.411765,0.038671,0.0,0.944574,0.788235,0.156339,0.812034,{'public_conservative': 17},16,0,0.163749,0.121364,11.25,3.875,0.218231,0.0,0.854272,0.800625,0.053647,0.839188,{'public_conservative': 16}
1001,0.09175,1.0,public_conservative,0.35,0.05,0.02,0.01,0.05,0.05,0.04,0.8,0.84,0.58,0.72,20.0,8.0,0.5,24.0,5.0,0.68,0.78,0.5,24.0,5.0,0.68,0.78,17,0,0.11486,0.09175,8.235294,3.941176,0.0,0.0,0.941958,0.788235,0.153723,0.812861,{'public_conservative': 17},16,0,0.16801,0.125471,11.5,4.8125,0.061937,0.0,0.853477,0.800625,0.052852,0.84243,{'public_conservative': 16}
1002,0.09175,1.0,public_conservative,0.35,0.05,0.02,0.01,0.1,0.05,0.04,0.8,0.84,0.58,0.72,20.0,8.0,0.5,24.0,5.0,0.68,0.78,0.5,24.0,5.0,0.68,0.78,17,0,0.11486,0.09175,8.235294,3.941176,0.0,0.0,0.941958,0.788235,0.153723,0.812861,{'public_conservative': 17},16,0,0.171107,0.125471,11.5,4.8125,0.061937,0.0,0.853477,0.800625,0.052852,0.84243,{'public_conservative': 16}
1003,0.09175,1.0,public_conservative,0.35,0.05,0.02,0.01,0.2,0.05,0.04,0.8,0.84,0.58,0.72,20.0,8.0,0.5,24.0,5.0,0.68,0.78,0.5,24.0,5.0,0.68,0.78,17,0,0.11486,0.09175,8.235294,3.941176,0.0,0.0,0.941958,0.788235,0.153723,0.812861,{'public_conservative': 17},16,0,0.177301,0.125471,11.5,4.8125,0.061937,0.0,0.853477,0.800625,0.052852,0.84243,{'public_conservative': 16}
1004,0.09244584,1.0,public_conservative,0.35,0.05,0.02,0.02,0.02,0.05,0.04,0.8,0.84,0.58,0.72,20.0,8.0,0.5,24.0,5.0,0.68,0.78,0.5,24.0,5.0,0.68,0.78,17,0,0.118561,0.090899,8.411765,3.411765,0.038671,0.0,0.944574,0.788235,0.156339,0.812034,{'public_conservative': 17},16,0,0.168592,0.121364,11.25,3.875,0.218231,0.0,0.854272,0.800625,0.053647,0.839188,{'public_conservative': 16}
1005,0.09244584,1.0,public_conservative,0.35,0.05,0.02,0.02,0.05,0.05,0.04,0.8,0.84,0.58,0.72,20.0,8.0,0.5,24.0,5.0,0.68,0.78,0.5,24.0,5.0,0.68,0.78,17,0,0.119721,0.090899,8.411765,3.411765,0.038671,0.0,0.944574,0.788235,0.156339,0.812034,{'public_conservative': 17},16,0,0.174026,0.125471,11.5,4.8125,0.061937,0.0,0.853477,0.800625,0.052852,0.84243,{'public_conservative': 16}
1006,0.09175,1.0,public_conservative,0.35,0.05,0.02,0.02,0.1,0.05,0.04,0.8,0.84,0.58,0.72,20.0,8.0,0.5,24.0,5.0,0.68,0.78,0.5,24.0,5.0,0.68,0.78,17,0,0.119786,0.09175,8.235294,3.941176,0.0,0.0,0.941958,0.788235,0.153723,0.812861,{'public_conservative': 17},16,0,0.177123,0.125471,11.5,4.8125,0.061937,0.0,0.853477,0.800625,0.052852,0.84243,{'public_conservative': 16}
1007,0.09175,1.0,public_conservative,0.35,0.05,0.02,0.02,0.2,0.05,0.04,0.8,0.84,0.58,0.72,20.0,8.0,0.5,24.0,5.0,0.68,0.78,0.5,24.0,5.0,0.68,0.78,17,0,0.119786,0.09175,8.235294,3.941176,0.0,0.0,0.941958,0.788235,0.153723,0.812861,{'public_conservative': 17},16,0,0.183316,0.125471,11.5,4.8125,0.061937,0.0,0.853477,0.800625,0.052852,0.84243,{'public_conservative': 16}
1008,0.09244584,1.0,public_conservative,0.35,0.15,0.0,0.0,0.02,0.05,0.04,0.8,0.84,0.58,0.72,20.0,8.0,0.5,24.0,5.0,0.68,0.78,0.5,24.0,5.0,0.68,0.78,17,0,0.103766,0.090899,8.411765,3.411765,0.038671,0.0,0.944574,0.788235,0.156339,0.812034,{'public_conservative': 17},16,0,0.148832,0.121364,11.25,3.875,0.218231,0.0,0.854272,0.800625,0.053647,0.839188,{'public_conservative': 16}
1009,0.09175,1.0,public_conservative,0.35,0.15,0.0,0.0,0.05,0.05,0.04,0.8,0.84,0.58,0.72,20.0,8.0,0.5,24.0,5.0,0.68,0.78,0.5,24.0,5.0,0.68,0.78,17,0,0.103844,0.09175,8.235294,3.941176,0.0,0.0,0.941958,0.788235,0.153723,0.812861,{'public_conservative': 17},16,0,0.151672,0.125471,11.5,4.8125,0.061937,0.0,0.853477,0.800625,0.052852,0.84243,{'public_conservative': 16}
1010,0.09175,1.0,public_conservative,0.35,0.15,0.0,0.0,0.1,0.05,0.04,0.8,0.84,0.58,0.72,20.0,8.0,0.5,24.0,5.0,0.68,0.78,0.5,24.0,5.0,0.68,0.78,17,0,0.103844,0.09175,8.235294,3.941176,0.0,0.0,0.941958,0.788235,0.153723,0.812861,{'public_conservative': 17},16,0,0.154769,0.125471,11.5,4.8125,0.061937,0.0,0.853477,0.800625,0.052852,0.84243,{'public_conservative': 16}
1011,0.09175,1.0,public_conservative,0.35,0.15,0.0,0.0,0.2,0.05,0.04,0.8,0.84,0.58,0.72,20.0,8.0,0.5,24.0,5.0,0.68,0.78,0.5,24.0,5.0,0.68,0.78,17,0,0.103844,0.09175,8.235294,3.941176,0.0,0.0,0.941958,0.788235,0.153723,0.812861,{'public_conservative': 17},16,0,0.160963,0.125471,11.5,4.8125,0.061937,0.0,0.853477,0.800625,0.052852,0.84243,{'public_conservative': 16}
1012,0.09244584,1.0,public_conservative,0.35,0.15,0.0,0.01,0.02,0.05,0.04,0.8,0.84,0.58,0.72,20.0,8.0,0.5,24.0,5.0,0.68,0.78,0.5,24.0,5.0,0.68,0.78,17,0,0.108031,0.090899,8.411765,3.411765,0.038671,0.0,0.944574,0.788235,0.156339,0.812034,{'public_conservative': 17},16,0,0.153676,0.121364,11.25,3.875,0.218231,0.0,0.854272,0.800625,0.053647,0.839188,{'public_conservative': 16}
1013,0.09175,1.0,public_conservative,0.35,0.15,0.0,0.01,0.05,0.05,0.04,0.8,0.84,0.58,0.72,20.0,8.0,0.5,24.0,5.0,0.68,0.78,0.5,24.0,5.0,0.68,0.78,17,0,0.10877,0.09175,8.235294,3.941176,0.0,0.0,0.941958,0.788235,0.153723,0.812861,{'public_conservative': 17},16,0,0.157688,0.125471,11.5,4.8125,0.061937,0.0,0.853477,0.800625,0.052852,0.84243,{'public_conservative': 16}
1014,0.09175,1.0,public_conservative,0.35,0.15,0.0,0.01,0.1,0.05,0.04,0.8,0.84,0.58,0.72,20.0,8.0,0.5,24.0,5.0,0.68,0.78,0.5,24.0,5.0,0.68,0.78,17,0,0.10877,0.09175,8.235294,3.941176,0.0,0.0,0.941958,0.788235,0.153723,0.812861,{'public_conservative': 17},16,0,0.160784,0.125471,11.5,4.8125,0.061937,0.0,0.853477,0.800625,0.052852,0.84243,{'public_conservative': 16}
1015,0.09175,1.0,public_conservative,0.35,0.15,0.0,0.01,0.2,0.05,0.04,0.8,0.84,0.58,0.72,20.0,8.0,0.5,24.0,5.0,0.68,0.78,0.5,24.0,5.0,0.68,0.78,17,0,0.10877,0.09175,8.235294,3.941176,0.0,0.0,0.941958,0.788235,0.153723,0.812861,{'public_conservative': 17},16,0,0.166978,0.125471,11.5,4.8125,0.061937,0.0,0.853477,0.800625,0.052852,0.84243,{'public_conservative': 16}
1016,0.09244584,1.0,public_conservative,0.35,0.15,0.0,0.02,0.02,0.05,0.04,0.8,0.84,0.58,0.72,20.0,8.0,0.5,24.0,5.0,0.68,0.78,0.5,24.0,5.0,0.68,0.78,17,0,0.112295,0.090899,8.411765,3.411765,0.038671,0.0,0.944574,0.788235,0.156339,0.812034,{'public_conservative': 17},16,0,0.15852,0.121364,11.25,3.875,0.218231,0.0,0.854272,0.800625,0.053647,0.839188,{'public_conservative': 16}
1017,0.09244584,1.0,public_conservative,0.35,0.15,0.0,0.02,0.05,0.05,0.04,0.8,0.84,0.58,0.72,20.0,8.0,0.5,24.0,5.0,0.68,0.78,0.5,24.0,5.0,0.68,0.78,17,0,0.113455,0.090899,8.411765,3.411765,0.038671,0.0,0.944574,0.788235,0.156339,0.812034,{'public_conservative': 17},16,0,0.163703,0.125471,11.5,4.8125,0.061937,0.0,0.853477,0.800625,0.052852,0.84243,{'public_conservative': 16}
1018,0.09175,1.0,public_conservative,0.35,0.15,0.0,0.02,0.1,0.05,0.04,0.8,0.84,0.58,0.72,20.0,8.0,0.5,24.0,5.0,0.68,0.78,0.5,24.0,5.0,0.68,0.78,17,0,0.113697,0.09175,8.235294,3.941176,0.0,0.0,0.941958,0.788235,0.153723,0.812861,{'public_conservative': 17},16,0,0.1668,0.125471,11.5,4.8125,0.061937,0.0,0.853477,0.800625,0.052852,0.84243,{'public_conservative': 16}
1019,0.09175,1.0,public_conservative,0.35,0.15,0.0,0.02,0.2,0.05,0.04,0.8,0.84,0.58,0.72,20.0,8.0,0.5,24.0,5.0,0.68,0.78,0.5,24.0,5.0,0.68,0.78,17,0,0.113697,0.09175,8.235294,3.941176,0.0,0.0,0.941958,0.788235,0.153723,0.812861,{'public_conservative': 17},16,0,0.172994,0.125471,11.5,4.8125,0.061937,0.0,0.853477,0.800625,0.052852,0.84243,{'public_conservative': 16}
1020,0.09175,1.0,public_conservative,0.35,0.15,0.01,0.0,0.02,0.05,0.04,0.8,0.84,0.58,0.72,20.0,8.0,0.5,24.0,5.0,0.68,0.78,0.5,24.0,5.0,0.68,0.78,17,0,0.107961,0.09175,8.235294,3.941176,0.0,0.0,0.941958,0.788235,0.153723,0.812861,{'public_conservative': 17},16,0,0.154457,0.121364,11.25,3.875,0.218231,0.0,0.854272,0.800625,0.053647,0.839188,{'public_conservative': 16}
1021,0.09175,1.0,public_conservative,0.35,0.15,0.01,0.0,0.05,0.05,0.04,0.8,0.84,0.58,0.72,20.0,8.0,0.5,24.0,5.0,0.68,0.78,0.5,24.0,5.0,0.68,0.78,17,0,0.107961,0.09175,8.235294,3.941176,0.0,0.0,0.941958,0.788235,0.153723,0.812861,{'public_conservative': 17},16,0,0.157422,0.125471,11.5,4.8125,0.061937,0.0,0.853477,0.800625,0.052852,0.84243,{'public_conservative': 16}
1022,0.09175,1.0,public_conservative,0.35,0.15,0.01,0.0,0.1,0.05,0.04,0.8,0.84,0.58,0.72,20.0,8.0,0.5,24.0,5.0,0.68,0.78,0.5,24.0,5.0,0.68,0.78,17,0,0.107961,0.09175,8.235294,3.941176,0.0,0.0,0.941958,0.788235,0.153723,0.812861,{'public_conservative': 17},16,0,0.160519,0.125471,11.5,4.8125,0.061937,0.0,0.853477,0.800625,0.052852,0.84243,{'public_conservative': 16}
1023,0.09175,1.0,public_conservative,0.35,0.15,0.01,0.0,0.2,0.05,0.04,0.8,0.84,0.58,0.72,20.0,8.0,0.5,24.0,5.0,0.68,0.78,0.5,24.0,5.0,0.68,0.78,17,0,0.107961,0.09175,8.235294,3.941176,0.0,0.0,0.941958,0.788235,0.153723,0.812861,{'public_conservative': 17},16,0,0.166713,0.125471,11.5,4.8125,0.061937,0.0,0.853477,0.800625,0.052852,0.84243,{'public_conservative': 16}
1024,0.09244584,1.0,public_conservative,0.35,0.15,0.01,0.01,0.02,0.05,0.04,0.8,0.84,0.58,0.72,20.0,8.0,0.5,24.0,5.0,0.68,0.78,0.5,24.0,5.0,0.68,0.78,17,0,0.112236,0.090899,8.411765,3.411765,0.038671,0.0,0.944574,0.788235,0.156339,0.812034,{'public_conservative': 17},16,0,0.159301,0.121364,11.25,3.875,0.218231,0.0,0.854272,0.800625,0.053647,0.839188,{'public_conservative': 16}
1025,0.09175,1.0,public_conservative,0.35,0.15,0.01,0.01,0.05,0.05,0.04,0.8,0.84,0.58,0.72,20.0,8.0,0.5,24.0,5.0,0.68,0.78,0.5,24.0,5.0,0.68,0.78,17,0,0.112888,0.09175,8.235294,3.941176,0.0,0.0,0.941958,0.788235,0.153723,0.812861,{'public_conservative': 17},16,0,0.163438,0.125471,11.5,4.8125,0.061937,0.0,0.853477,0.800625,0.052852,0.84243,{'public_conservative': 16}
1026,0.09175,1.0,public_conservative,0.35,0.15,0.01,0.01,0.1,0.05,0.04,0.8,0.84,0.58,0.72,20.0,8.0,0.5,24.0,5.0,0.68,0.78,0.5,24.0,5.0,0.68,0.78,17,0,0.112888,0.09175,8.235294,3.941176,0.0,0.0,0.941958,0.788235,0.153723,0.812861,{'public_conservative': 17},16,0,0.166534,0.125471,11.5,4.8125,0.061937,0.0,0.853477,0.800625,0.052852,0.84243,{'public_conservative': 16}
1027,0.09175,1.0,public_conservative,0.35,0.15,0.01,0.01,0.2,0.05,0.04,0.8,0.84,0.58,0.72,20.0,8.0,0.5,24.0,5.0,0.68,0.78,0.5,24.0,5.0,0.68,0.78,17,0,0.112888,0.09175,8.235294,3.941176,0.0,0.0,0.941958,0.788235,0.153723,0.812861,{'public_conservative': 17},16,0,0.172728,0.125471,11.5,4.8125,0.061937,0.0,0.853477,0.800625,0.052852,0.84243,{'public_conservative': 16}
1028,0.09244584,1.0,public_conservative,0.35,0.15,0.01,0.02,0.02,0.05,0.04,0.8,0.84,0.58,0.72,20.0,8.0,0.5,24.0,5.0,0.68,0.78,0.5,24.0,5.0,0.68,0.78,17,0,0.116501,0.090899,8.411765,3.411765,0.038671,0.0,0.944574,0.788235,0.156339,0.812034,{'public_conservative': 17},16,0,0.164145,0.121364,11.25,3.875,0.218231,0.0,0.854272,0.800625,0.053647,0.839188,{'public_conservative': 16}
1029,0.09244584,1.0,public_conservative,0.35,0.15,0.01,0.02,0.05,0.05,0.04,0.8,0.84,0.58,0.72,20.0,8.0,0.5,24.0,5.0,0.68,0.78,0.5,24.0,5.0,0.68,0.78,17,0,0.117661,0.090899,8.411765,3.411765,0.038671,0.0,0.944574,0.788235,0.156339,0.812034,{'public_conservative': 17},16,0,0.169453,0.125471,11.5,4.8125,0.061937,0.0,0.853477,0.800625,0.052852,0.84243,{'public_conservative': 16}
1030,0.09175,1.0,public_conservative,0.35,0.15,0.01,0.02,0.1,0.05,0.04,0.8,0.84,0.58,0.72,20.0,8.0,0.5,24.0,5.0,0.68,0.78,0.5,24.0,5.0,0.68,0.78,17,0,0.117814,0.09175,8.235294,3.941176,0.0,0.0,0.941958,0.788235,0.153723,0.812861,{'public_conservative': 17},16,0,0.17255,0.125471,11.5,4.8125,0.061937,0.0,0.853477,0.800625,0.052852,0.84243,{'public_conservative': 16}
1031,0.09175,1.0,public_conservative,0.35,0.15,0.01,0.02,0.2,0.05,0.04,0.8,0.84,0.58,0.72,20.0,8.0,0.5,24.0,5.0,0.68,0.78,0.5,24.0,5.0,0.68,0.78,17,0,0.117814,0.09175,8.235294,3.941176,0.0,0.0,0.941958,0.788235,0.153723,0.812861,{'public_conservative': 17},16,0,0.178744,0.125471,11.5,4.8125,0.061937,0.0,0.853477,0.800625,0.052852,0.84243,{'public_conservative': 16}
1032,0.09175,1.0,public_conservative,0.35,0.15,0.02,0.0,0.02,0.05,0.04,0.8,0.84,0.58,0.72,20.0,8.0,0.5,24.0,5.0,0.68,0.78,0.5,24.0,5.0,0.68,0.78,17,0,0.112079,0.09175,8.235294,3.941176,0.0,0.0,0.941958,0.788235,0.153723,0.812861,{'public_conservative': 17},16,0,0.160082,0.121364,11.25,3.875,0.218231,0.0,0.854272,0.800625,0.053647,0.839188,{'public_conservative': 16}
1033,0.09175,1.0,public_conservative,0.35,0.15,0.02,0.0,0.05,0.05,0.04,0.8,0.84,0.58,0.72,20.0,8.0,0.5,24.0,5.0,0.68,0.78,0.5,24.0,5.0,0.68,0.78,17,0,0.112079,0.09175,8.235294,3.941176,0.0,0.0,0.941958,0.788235,0.153723,0.812861,{'public_conservative': 17},16,0,0.163172,0.125471,11.5,4.8125,0.061937,0.0,0.853477,0.800625,0.052852,0.84243,{'public_conservative': 16}
1034,0.09175,1.0,public_conservative,0.35,0.15,0.02,0.0,0.1,0.05,0.04,0.8,0.84,0.58,0.72,20.0,8.0,0.5,24.0,5.0,0.68,0.78,0.5,24.0,5.0,0.68,0.78,17,0,0.112079,0.09175,8.235294,3.941176,0.0,0.0,0.941958,0.788235,0.153723,0.812861,{'public_conservative': 17},16,0,0.166269,0.125471,11.5,4.8125,0.061937,0.0,0.853477,0.800625,0.052852,0.84243,{'public_conservative': 16}
1035,0.09175,1.0,public_conservative,0.35,0.15,0.02,0.0,0.2,0.05,0.04,0.8,0.84,0.58,0.72,20.0,8.0,0.5,24.0,5.0,0.68,0.78,0.5,24.0,5.0,0.68,0.78,17,0,0.112079,0.09175,8.235294,3.941176,0.0,0.0,0.941958,0.788235,0.153723,0.812861,{'public_conservative': 17},16,0,0.172463,0.125471,11.5,4.8125,0.061937,0.0,0.853477,0.800625,0.052852,0.84243,{'public_conservative': 16}
1036,0.09244584,1.0,public_conservative,0.35,0.15,0.02,0.01,0.02,0.05,0.04,0.8,0.84,0.58,0.72,20.0,8.0,0.5,24.0,5.0,0.68,0.78,0.5,24.0,5.0,0.68,0.78,17,0,0.116442,0.090899,8.411765,3.411765,0.038671,0.0,0.944574,0.788235,0.156339,0.812034,{'public_conservative': 17},16,0,0.164926,0.121364,11.25,3.875,0.218231,0.0,0.854272,0.800625,0.053647,0.839188,{'public_conservative': 16}
1037,0.09175,1.0,public_conservative,0.35,0.15,0.02,0.01,0.05,0.05,0.04,0.8,0.84,0.58,0.72,20.0,8.0,0.5,24.0,5.0,0.68,0.78,0.5,24.0,5.0,0.68,0.78,17,0,0.117005,0.09175,8.235294,3.941176,0.0,0.0,0.941958,0.788235,0.153723,0.812861,{'public_conservative': 17},16,0,0.169188,0.125471,11.5,4.8125,0.061937,0.0,0.853477,0.800625,0.052852,0.84243,{'public_conservative': 16}
1038,0.09175,1.0,public_conservative,0.35,0.15,0.02,0.01,0.1,0.05,0.04,0.8,0.84,0.58,0.72,20.0,8.0,0.5,24.0,5.0,0.68,0.78,0.5,24.0,5.0,0.68,0.78,17,0,0.117005,0.09175,8.235294,3.941176,0.0,0.0,0.941958,0.788235,0.153723,0.812861,{'public_conservative': 17},16,0,0.172284,0.125471,11.5,4.8125,0.061937,0.0,0.853477,0.800625,0.052852,0.84243,{'public_conservative': 16}
1039,0.09175,1.0,public_conservative,0.35,0.15,0.02,0.01,0.2,0.05,0.04,0.8,0.84,0.58,0.72,20.0,8.0,0.5,24.0,5.0,0.68,0.78,0.5,24.0,5.0,0.68,0.78,17,0,0.117005,0.09175,8.235294,3.941176,0.0,0.0,0.941958,0.788235,0.153723,0.812861,{'public_conservative': 17},16,0,0.178478,0.125471,11.5,4.8125,0.061937,0.0,0.853477,0.800625,0.052852,0.84243,{'public_conservative': 16}
1040,0.09244584,1.0,public_conservative,0.35,0.15,0.02,0.02,0.02,0.05,0.04,0.8,0.84,0.58,0.72,20.0,8.0,0.5,24.0,5.0,0.68,0.78,0.5,24.0,5.0,0.68,0.78,17,0,0.120707,0.090899,8.411765,3.411765,0.038671,0.0,0.944574,0.788235,0.156339,0.812034,{'public_conservative': 17},16,0,0.16977,0.121364,11.25,3.875,0.218231,0.0,0.854272,0.800625,0.053647,0.839188,{'public_conservative': 16}
1041,0.09244584,1.0,public_conservative,0.35,0.15,0.02,0.02,0.05,0.05,0.04,0.8,0.84,0.58,0.72,20.0,8.0,0.5,24.0,5.0,0.68,0.78,0.5,24.0,5.0,0.68,0.78,17,0,0.121867,0.090899,8.411765,3.411765,0.038671,0.0,0.944574,0.788235,0.156339,0.812034,{'public_conservative': 17},16,0,0.175203,0.125471,11.5,4.8125,0.061937,0.0,0.853477,0.800625,0.052852,0.84243,{'public_conservative': 16}
1042,0.09175,1.0,public_conservative,0.35,0.15,0.02,0.02,0.1,0.05,0.04,0.8,0.84,0.58,0.72,20.0,8.0,0.5,24.0,5.0,0.68,0.78,0.5,24.0,5.0,0.68,0.78,17,0,0.121932,0.09175,8.235294,3.941176,0.0,0.0,0.941958,0.788235,0.153723,0.812861,{'public_conservative': 17},16,0,0.1783,0.125471,11.5,4.8125,0.061937,0.0,0.853477,0.800625,0.052852,0.84243,{'public_conservative': 16}
1043,0.09175,1.0,public_conservative,0.35,0.15,0.02,0.02,0.2,0.05,0.04,0.8,0.84,0.58,0.72,20.0,8.0,0.5,24.0,5.0,0.68,0.78,0.5,24.0,5.0,0.68,0.78,17,0,0.121932,0.09175,8.235294,3.941176,0.0,0.0,0.941958,0.788235,0.153723,0.812861,{'public_conservative': 17},16,0,0.184494,0.125471,11.5,4.8125,0.061937,0.0,0.853477,0.800625,0.052852,0.84243,{'public_conservative': 16}
1044,0.09294284,1.0,public_conservative,0.35,0.3,0.0,0.0,0.02,0.05,0.04,0.8,0.84,0.58,0.72,20.0,8.0,0.5,24.0,5.0,0.68,0.78,0.5,24.0,5.0,0.68,0.78,17,0,0.106772,0.091396,8.470588,3.411765,0.038671,0.0,0.922293,0.788235,0.134058,0.829168,{'public_conservative': 17},16,0,0.150598,0.121364,11.25,3.875,0.218231,0.0,0.854272,0.800625,0.053647,0.839188,{'public_conservative': 16}
1045,0.092247,1.0,public_conservative,0.35,0.3,0.0,0.0,0.05,0.05,0.04,0.8,0.84,0.58,0.72,20.0,8.0,0.5,24.0,5.0,0.68,0.78,0.5,24.0,5.0,0.68,0.78,17,0,0.10685,0.092247,8.294118,3.941176,0.0,0.0,0.919677,0.788235,0.131442,0.829994,{'public_conservative': 17},16,0,0.153438,0.125471,11.5,4.8125,0.061937,0.0,0.853477,0.800625,0.052852,0.84243,{'public_conservative': 16}
1046,0.092247,1.0,public_conservative,0.35,0.3,0.0,0.0,0.1,0.05,0.04,0.8,0.84,0.58,0.72,20.0,8.0,0.5,24.0,5.0,0.68,0.78,0.5,24.0,5.0,0.68,0.78,17,0,0.10685,0.092247,8.294118,3.941176,0.0,0.0,0.919677,0.788235,0.131442,0.829994,{'public_conservative': 17},16,0,0.156535,0.125471,11.5,4.8125,0.061937,0.0,0.853477,0.800625,0.052852,0.84243,{'public_conservative': 16}
1047,0.092247,1.0,public_conservative,0.35,0.3,0.0,0.0,0.2,0.05,0.04,0.8,0.84,0.58,0.72,20.0,8.0,0.5,24.0,5.0,0.68,0.78,0.5,24.0,5.0,0.68,0.78,17,0,0.10685,0.092247,8.294118,3.941176,0.0,0.0,0.919677,0.788235,0.131442,0.829994,{'public_conservative': 17},16,0,0.162729,0.125471,11.5,4.8125,0.061937,0.0,0.853477,0.800625,0.052852,0.84243,{'public_conservative': 16}
1048,0.09294284,1.0,public_conservative,0.35,0.3,0.0,0.01,0.02,0.05,0.04,0.8,0.84,0.58,0.72,20.0,8.0,0.5,24.0,5.0,0.68,0.78,0.5,24.0,5.0,0.68,0.78,17,0,0.111037,0.091396,8.470588,3.411765,0.038671,0.0,0.922293,0.788235,0.134058,0.829168,{'public_conservative': 17},16,0,0.155442,0.121364,11.25,3.875,0.218231,0.0,0.854272,0.800625,0.053647,0.839188,{'public_conservative': 16}
1049,0.092247,1.0,public_conservative,0.35,0.3,0.0,0.01,0.05,0.05,0.04,0.8,0.84,0.58,0.72,20.0,8.0,0.5,24.0,5.0,0.68,0.78,0.5,24.0,5.0,0.68,0.78,17,0,0.111777,0.092247,8.294118,3.941176,0.0,0.0,0.919677,0.788235,0.131442,0.829994,{'public_conservative': 17},16,0,0.159454,0.125471,11.5,4.8125,0.061937,0.0,0.853477,0.800625,0.052852,0.84243,{'public_conservative': 16}
1050,0.092247,1.0,public_conservative,0.35,0.3,0.0,0.01,0.1,0.05,0.04,0.8,0.84,0.58,0.72,20.0,8.0,0.5,24.0,5.0,0.68,0.78,0.5,24.0,5.0,0.68,0.78,17,0,0.111777,0.092247,8.294118,3.941176,0.0,0.0,0.919677,0.788235,0.131442,0.829994,{'public_conservative': 17},16,0,0.162551,0.125471,11.5,4.8125,0.061937,0.0,0.853477,0.800625,0.052852,0.84243,{'public_conservative': 16}
1051,0.092247,1.0,public_conservative,0.35,0.3,0.0,0.01,0.2,0.05,0.04,0.8,0.84,0.58,0.72,20.0,8.0,0.5,24.0,5.0,0.68,0.78,0.5,24.0,5.0,0.68,0.78,17,0,0.111777,0.092247,8.294118,3.941176,0.0,0.0,0.919677,0.788235,0.131442,0.829994,{'public_conservative': 17},16,0,0.168744,0.125471,11.5,4.8125,0.061937,0.0,0.853477,0.800625,0.052852,0.84243,{'public_conservative': 16}
1052,0.09294284,1.0,public_conservative,0.35,0.3,0.0,0.02,0.02,0.05,0.04,0.8,0.84,0.58,0.72,20.0,8.0,0.5,24.0,5.0,0.68,0.78,0.5,24.0,5.0,0.68,0.78,17,0,0.115302,0.091396,8.470588,3.411765,0.038671,0.0,0.922293,0.788235,0.134058,0.829168,{'public_conservative': 17},16,0,0.160286,0.121364,11.25,3.875,0.218231,0.0,0.854272,0.800625,0.053647,0.839188,{'public_conservative': 16}
1053,0.09294284,1.0,public_conservative,0.35,0.3,0.0,0.02,0.05,0.05,0.04,0.8,0.84,0.58,0.72,20.0,8.0,0.5,24.0,5.0,0.68,0.78,0.5,24.0,5.0,0.68,0.78,17,0,0.116462,0.091396,8.470588,3.411765,0.038671,0.0,0.922293,0.788235,0.134058,0.829168,{'public_conservative': 17},16,0,0.165469,0.125471,11.5,4.8125,0.061937,0.0,0.853477,0.800625,0.052852,0.84243,{'public_conservative': 16}
1054,0.092247,1.0,public_conservative,0.35,0.3,0.0,0.02,0.1,0.05,0.04,0.8,0.84,0.58,0.72,20.0,8.0,0.5,24.0,5.0,0.68,0.78,0.5,24.0,5.0,0.68,0.78,17,0,0.116703,0.092247,8.294118,3.941176,0.0,0.0,0.919677,0.788235,0.131442,0.829994,{'public_conservative': 17},16,0,0.168566,0.125471,11.5,4.8125,0.061937,0.0,0.853477,0.800625,0.052852,0.84243,{'public_conservative': 16}
1055,0.092247,1.0,public_conservative,0.35,0.3,0.0,0.02,0.2,0.05,0.04,0.8,0.84,0.58,0.72,20.0,8.0,0.5,24.0,5.0,0.68,0.78,0.5,24.0,5.0,0.68,0.78,17,0,0.116703,0.092247,8.294118,3.941176,0.0,0.0,0.919677,0.788235,0.131442,0.829994,{'public_conservative': 17},16,0,0.17476,0.125471,11.5,4.8125,0.061937,0.0,0.853477,0.800625,0.052852,0.84243,{'public_conservative': 16}
1056,0.092247,1.0,public_conservative,0.35,0.3,0.01,0.0,0.02,0.05,0.04,0.8,0.84,0.58,0.72,20.0,8.0,0.5,24.0,5.0,0.68,0.78,0.5,24.0,5.0,0.68,0.78,17,0,0.110997,0.092247,8.294118,3.941176,0.0,0.0,0.919677,0.788235,0.131442,0.829994,{'public_conservative': 17},16,0,0.156223,0.121364,11.25,3.875,0.218231,0.0,0.854272,0.800625,0.053647,0.839188,{'public_conservative': 16}
1057,0.092247,1.0,public_conservative,0.35,0.3,0.01,0.0,0.05,0.05,0.04,0.8,0.84,0.58,0.72,20.0,8.0,0.5,24.0,5.0,0.68,0.78,0.5,24.0,5.0,0.68,0.78,17,0,0.110997,0.092247,8.294118,3.941176,0.0,0.0,0.919677,0.788235,0.131442,0.829994,{'public_conservative': 17},16,0,0.159188,0.125471,11.5,4.8125,0.061937,0.0,0.853477,0.800625,0.052852,0.84243,{'public_conservative': 16}
1058,0.092247,1.0,public_conservative,0.35,0.3,0.01,0.0,0.1,0.05,0.04,0.8,0.84,0.58,0.72,20.0,8.0,0.5,24.0,5.0,0.68,0.78,0.5,24.0,5.0,0.68,0.78,17,0,0.110997,0.092247,8.294118,3.941176,0.0,0.0,0.919677,0.788235,0.131442,0.829994,{'public_conservative': 17},16,0,0.162285,0.125471,11.5,4.8125,0.061937,0.0,0.853477,0.800625,0.052852,0.84243,{'public_conservative': 16}
1059,0.092247,1.0,public_conservative,0.35,0.3,0.01,0.0,0.2,0.05,0.04,0.8,0.84,0.58,0.72,20.0,8.0,0.5,24.0,5.0,0.68,0.78,0.5,24.0,5.0,0.68,0.78,17,0,0.110997,0.092247,8.294118,3.941176,0.0,0.0,0.919677,0.788235,0.131442,0.829994,{'public_conservative': 17},16,0,0.168479,0.125471,11.5,4.8125,0.061937,0.0,0.853477,0.800625,0.052852,0.84243,{'public_conservative': 16}
1060,0.09294284,1.0,public_conservative,0.35,0.3,0.01,0.01,0.02,0.05,0.04,0.8,0.84,0.58,0.72,20.0,8.0,0.5,24.0,5.0,0.68,0.78,0.5,24.0,5.0,0.68,0.78,17,0,0.115272,0.091396,8.470588,3.411765,0.038671,0.0,0.922293,0.788235,0.134058,0.829168,{'public_conservative': 17},16,0,0.161067,0.121364,11.25,3.875,0.218231,0.0,0.854272,0.800625,0.053647,0.839188,{'public_conservative': 16}
1061,0.092247,1.0,public_conservative,0.35,0.3,0.01,0.01,0.05,0.05,0.04,0.8,0.84,0.58,0.72,20.0,8.0,0.5,24.0,5.0,0.68,0.78,0.5,24.0,5.0,0.68,0.78,17,0,0.115924,0.092247,8.294118,3.941176,0.0,0.0,0.919677,0.788235,0.131442,0.829994,{'public_conservative': 17},16,0,0.165204,0.125471,11.5,4.8125,0.061937,0.0,0.853477,0.800625,0.052852,0.84243,{'public_conservative': 16}
1062,0.092247,1.0,public_conservative,0.35,0.3,0.01,0.01,0.1,0.05,0.04,0.8,0.84,0.58,0.72,20.0,8.0,0.5,24.0,5.0,0.68,0.78,0.5,24.0,5.0,0.68,0.78,17,0,0.115924,0.092247,8.294118,3.941176,0.0,0.0,0.919677,0.788235,0.131442,0.829994,{'public_conservative': 17},16,0,0.168301,0.125471,11.5,4.8125,0.061937,0.0,0.853477,0.800625,0.052852,0.84243,{'public_conservative': 16}
1063,0.092247,1.0,public_conservative,0.35,0.3,0.01,0.01,0.2,0.05,0.04,0.8,0.84,0.58,0.72,20.0,8.0,0.5,24.0,5.0,0.68,0.78,0.5,24.0,5.0,0.68,0.78,17,0,0.115924,0.092247,8.294118,3.941176,0.0,0.0,0.919677,0.788235,0.131442,0.829994,{'public_conservative': 17},16,0,0.174494,0.125471,11.5,4.8125,0.061937,0.0,0.853477,0.800625,0.052852,0.84243,{'public_conservative': 16}
1064,0.09294284,1.0,public_conservative,0.35,0.3,0.01,0.02,0.02,0.05,0.04,0.8,0.84,0.58,0.72,20.0,8.0,0.5,24.0,5.0,0.68,0.78,0.5,24.0,5.0,0.68,0.78,17,0,0.119537,0.091396,8.470588,3.411765,0.038671,0.0,0.922293,0.788235,0.134058,0.829168,{'public_conservative': 17},16,0,0.165911,0.121364,11.25,3.875,0.218231,0.0,0.854272,0.800625,0.053647,0.839188,{'public_conservative': 16}
1065,0.09294284,1.0,public_conservative,0.35,0.3,0.01,0.02,0.05,0.05,0.04,0.8,0.84,0.58,0.72,20.0,8.0,0.5,24.0,5.0,0.68,0.78,0.5,24.0,5.0,0.68,0.78,17,0,0.120697,0.091396,8.470588,3.411765,0.038671,0.0,0.922293,0.788235,0.134058,0.829168,{'public_conservative': 17},16,0,0.171219,0.125471,11.5,4.8125,0.061937,0.0,0.853477,0.800625,0.052852,0.84243,{'public_conservative': 16}
1066,0.092247,1.0,public_conservative,0.35,0.3,0.01,0.02,0.1,0.05,0.04,0.8,0.84,0.58,0.72,20.0,8.0,0.5,24.0,5.0,0.68,0.78,0.5,24.0,5.0,0.68,0.78,17,0,0.12085,0.092247,8.294118,3.941176,0.0,0.0,0.919677,0.788235,0.131442,0.829994,{'public_conservative': 17},16,0,0.174316,0.125471,11.5,4.8125,0.061937,0.0,0.853477,0.800625,0.052852,0.84243,{'public_conservative': 16}
1067,0.092247,1.0,public_conservative,0.35,0.3,0.01,0.02,0.2,0.05,0.04,0.8,0.84,0.58,0.72,20.0,8.0,0.5,24.0,5.0,0.68,0.78,0.5,24.0,5.0,0.68,0.78,17,0,0.12085,0.092247,8.294118,3.941176,0.0,0.0,0.919677,0.788235,0.131442,0.829994,{'public_conservative': 17},16,0,0.18051,0.125471,11.5,4.8125,0.061937,0.0,0.853477,0.800625,0.052852,0.84243,{'public_conservative': 16}
1068,0.092247,1.0,public_conservative,0.35,0.3,0.02,0.0,0.02,0.05,0.04,0.8,0.84,0.58,0.72,20.0,8.0,0.5,24.0,5.0,0.68,0.78,0.5,24.0,5.0,0.68,0.78,17,0,0.115144,0.092247,8.294118,3.941176,0.0,0.0,0.919677,0.788235,0.131442,0.829994,{'public_conservative': 17},16,0,0.161848,0.121364,11.25,3.875,0.218231,0.0,0.854272,0.800625,0.053647,0.839188,{'public_conservative': 16}
1069,0.092247,1.0,public_conservative,0.35,0.3,0.02,0.0,0.05,0.05,0.04,0.8,0.84,0.58,0.72,20.0,8.0,0.5,24.0,5.0,0.68,0.78,0.5,24.0,5.0,0.68,0.78,17,0,0.115144,0.092247,8.294118,3.941176,0.0,0.0,0.919677,0.788235,0.131442,0.829994,{'public_conservative': 17},16,0,0.164938,0.125471,11.5,4.8125,0.061937,0.0,0.853477,0.800625,0.052852,0.84243,{'public_conservative': 16}
1070,0.092247,1.0,public_conservative,0.35,0.3,0.02,0.0,0.1,0.05,0.04,0.8,0.84,0.58,0.72,20.0,8.0,0.5,24.0,5.0,0.68,0.78,0.5,24.0,5.0,0.68,0.78,17,0,0.115144,0.092247,8.294118,3.941176,0.0,0.0,0.919677,0.788235,0.131442,0.829994,{'public_conservative': 17},16,0,0.168035,0.125471,11.5,4.8125,0.061937,0.0,0.853477,0.800625,0.052852,0.84243,{'public_conservative': 16}
1071,0.092247,1.0,public_conservative,0.35,0.3,0.02,0.0,0.2,0.05,0.04,0.8,0.84,0.58,0.72,20.0,8.0,0.5,24.0,5.0,0.68,0.78,0.5,24.0,5.0,0.68,0.78,17,0,0.115144,0.092247,8.294118,3.941176,0.0,0.0,0.919677,0.788235,0.131442,0.829994,{'public_conservative': 17},16,0,0.174229,0.125471,11.5,4.8125,0.061937,0.0,0.853477,0.800625,0.052852,0.84243,{'public_conservative': 16}
1072,0.09294284,1.0,public_conservative,0.35,0.3,0.02,0.01,0.02,0.05,0.04,0.8,0.84,0.58,0.72,20.0,8.0,0.5,24.0,5.0,0.68,0.78,0.5,24.0,5.0,0.68,0.78,17,0,0.119508,0.091396,8.470588,3.411765,0.038671,0.0,0.922293,0.788235,0.134058,0.829168,{'public_conservative': 17},16,0,0.166692,0.121364,11.25,3.875,0.218231,0.0,0.854272,0.800625,0.053647,0.839188,{'public_conservative': 16}
1073,0.092247,1.0,public_conservative,0.35,0.3,0.02,0.01,0.05,0.05,0.04,0.8,0.84,0.58,0.72,20.0,8.0,0.5,24.0,5.0,0.68,0.78,0.5,24.0,5.0,0.68,0.78,17,0,0.120071,0.092247,8.294118,3.941176,0.0,0.0,0.919677,0.788235,0.131442,0.829994,{'public_conservative': 17},16,0,0.170954,0.125471,11.5,4.8125,0.061937,0.0,0.853477,0.800625,0.052852,0.84243,{'public_conservative': 16}
1074,0.092247,1.0,public_conservative,0.35,0.3,0.02,0.01,0.1,0.05,0.04,0.8,0.84,0.58,0.72,20.0,8.0,0.5,24.0,5.0,0.68,0.78,0.5,24.0,5.0,0.68,0.78,17,0,0.120071,0.092247,8.294118,3.941176,0.0,0.0,0.919677,0.788235,0.131442,0.829994,{'public_conservative': 17},16,0,0.174051,0.125471,11.5,4.8125,0.061937,0.0,0.853477,0.800625,0.052852,0.84243,{'public_conservative': 16}
1075,0.092247,1.0,public_conservative,0.35,0.3,0.02,0.01,0.2,0.05,0.04,0.8,0.84,0.58,0.72,20.0,8.0,0.5,24.0,5.0,0.68,0.78,0.5,24.0,5.0,0.68,0.78,17,0,0.120071,0.092247,8.294118,3.941176,0.0,0.0,0.919677,0.788235,0.131442,0.829994,{'public_conservative': 17},16,0,0.180244,0.125471,11.5,4.8125,0.061937,0.0,0.853477,0.800625,0.052852,0.84243,{'public_conservative': 16}
1076,0.09294284,1.0,public_conservative,0.35,0.3,0.02,0.02,0.02,0.05,0.04,0.8,0.84,0.58,0.72,20.0,8.0,0.5,24.0,5.0,0.68,0.78,0.5,24.0,5.0,0.68,0.78,17,0,0.123772,0.091396,8.470588,3.411765,0.038671,0.0,0.922293,0.788235,0.134058,0.829168,{'public_conservative': 17},16,0,0.171536,0.121364,11.25,3.875,0.218231,0.0,0.854272,0.800625,0.053647,0.839188,{'public_conservative': 16}
1077,0.09294284,1.0,public_conservative,0.35,0.3,0.02,0.02,0.05,0.05,0.04,0.8,0.84,0.58,0.72,20.0,8.0,0.5,24.0,5.0,0.68,0.78,0.5,24.0,5.0,0.68,0.78,17,0,0.124932,0.091396,8.470588,3.411765,0.038671,0.0,0.922293,0.788235,0.134058,0.829168,{'public_conservative': 17},16,0,0.176969,0.125471,11.5,4.8125,0.061937,0.0,0.853477,0.800625,0.052852,0.84243,{'public_conservative': 16}
1078,0.092247,1.0,public_conservative,0.35,0.3,0.02,0.02,0.1,0.05,0.04,0.8,0.84,0.58,0.72,20.0,8.0,0.5,24.0,5.0,0.68,0.78,0.5,24.0,5.0,0.68,0.78,17,0,0.124997,0.092247,8.294118,3.941176,0.0,0.0,0.919677,0.788235,0.131442,0.829994,{'public_conservative': 17},16,0,0.180066,0.125471,11.5,4.8125,0.061937,0.0,0.853477,0.800625,0.052852,0.84243,{'public_conservative': 16}
1079,0.092247,1.0,public_conservative,0.35,0.3,0.02,0.02,0.2,0.05,0.04,0.8,0.84,0.58,0.72,20.0,8.0,0.5,24.0,5.0,0.68,0.78,0.5,24.0,5.0,0.68,0.78,17,0,0.124997,0.092247,8.294118,3.941176,0.0,0.0,0.919677,0.788235,0.131442,0.829994,{'public_conservative': 17},16,0,0.18626,0.125471,11.5,4.8125,0.061937,0.0,0.853477,0.800625,0.052852,0.84243,{'public_conservative': 16}
1080,0.09244584,1.0,public_conservative,0.5,0.05,0.0,0.0,0.02,0.05,0.04,0.8,0.84,0.58,0.72,20.0,8.0,0.5,24.0,5.0,0.68,0.78,0.5,24.0,5.0,0.68,0.78,17,0,0.105424,0.090899,8.411765,3.411765,0.038671,0.0,0.944574,0.788235,0.156339,0.812034,{'public_conservative': 17},16,0,0.1568,0.121364,11.25,3.875,0.218231,0.0,0.854272,0.800625,0.053647,0.839188,{'public_conservative': 16}
1081,0.09175,1.0,public_conservative,0.5,0.05,0.0,0.0,0.05,0.05,0.04,0.8,0.84,0.58,0.72,20.0,8.0,0.5,24.0,5.0,0.68,0.78,0.5,24.0,5.0,0.68,0.78,17,0,0.105502,0.09175,8.235294,3.941176,0.0,0.0,0.941958,0.788235,0.153723,0.812861,{'public_conservative': 17},16,0,0.159639,0.125471,11.5,4.8125,0.061937,0.0,0.853477,0.800625,0.052852,0.84243,{'public_conservative': 16}
1082,0.09175,1.0,public_conservative,0.5,0.05,0.0,0.0,0.1,0.05,0.04,0.8,0.84,0.58,0.72,20.0,8.0,0.5,24.0,5.0,0.68,0.78,0.5,24.0,5.0,0.68,0.78,17,0,0.105502,0.09175,8.235294,3.941176,0.0,0.0,0.941958,0.788235,0.153723,0.812861,{'public_conservative': 17},16,0,0.162736,0.125471,11.5,4.8125,0.061937,0.0,0.853477,0.800625,0.052852,0.84243,{'public_conservative': 16}
1083,0.09175,1.0,public_conservative,0.5,0.05,0.0,0.0,0.2,0.05,0.04,0.8,0.84,0.58,0.72,20.0,8.0,0.5,24.0,5.0,0.68,0.78,0.5,24.0,5.0,0.68,0.78,17,0,0.105502,0.09175,8.235294,3.941176,0.0,0.0,0.941958,0.788235,0.153723,0.812861,{'public_conservative': 17},16,0,0.16893,0.125471,11.5,4.8125,0.061937,0.0,0.853477,0.800625,0.052852,0.84243,{'public_conservative': 16}
1084,0.09244584,1.0,public_conservative,0.5,0.05,0.0,0.01,0.02,0.05,0.04,0.8,0.84,0.58,0.72,20.0,8.0,0.5,24.0,5.0,0.68,0.78,0.5,24.0,5.0,0.68,0.78,17,0,0.109689,0.090899,8.411765,3.411765,0.038671,0.0,0.944574,0.788235,0.156339,0.812034,{'public_conservative': 17},16,0,0.161643,0.121364,11.25,3.875,0.218231,0.0,0.854272,0.800625,0.053647,0.839188,{'public_conservative': 16}
1085,0.09175,1.0,public_conservative,0.5,0.05,0.0,0.01,0.05,0.05,0.04,0.8,0.84,0.58,0.72,20.0,8.0,0.5,24.0,5.0,0.68,0.78,0.5,24.0,5.0,0.68,0.78,17,0,0.110428,0.09175,8.235294,3.941176,0.0,0.0,0.941958,0.788235,0.153723,0.812861,{'public_conservative': 17},16,0,0.165655,0.125471,11.5,4.8125,0.061937,0.0,0.853477,0.800625,0.052852,0.84243,{'public_conservative': 16}
1086,0.09175,1.0,public_conservative,0.5,0.05,0.0,0.01,0.1,0.05,0.04,0.8,0.84,0.58,0.72,20.0,8.0,0.5,24.0,5.0,0.68,0.78,0.5,24.0,5.0,0.68,0.78,17,0,0.110428,0.09175,8.235294,3.941176,0.0,0.0,0.941958,0.788235,0.153723,0.812861,{'public_conservative': 17},16,0,0.168752,0.125471,11.5,4.8125,0.061937,0.0,0.853477,0.800625,0.052852,0.84243,{'public_conservative': 16}
1087,0.09175,1.0,public_conservative,0.5,0.05,0.0,0.01,0.2,0.05,0.04,0.8,0.84,0.58,0.72,20.0,8.0,0.5,24.0,5.0,0.68,0.78,0.5,24.0,5.0,0.68,0.78,17,0,0.110428,0.09175,8.235294,3.941176,0.0,0.0,0.941958,0.788235,0.153723,0.812861,{'public_conservative': 17},16,0,0.174945,0.125471,11.5,4.8125,0.061937,0.0,0.853477,0.800625,0.052852,0.84243,{'public_conservative': 16}
1088,0.09244584,1.0,public_conservative,0.5,0.05,0.0,0.02,0.02,0.05,0.04,0.8,0.84,0.58,0.72,20.0,8.0,0.5,24.0,5.0,0.68,0.78,0.5,24.0,5.0,0.68,0.78,17,0,0.113953,0.090899,8.411765,3.411765,0.038671,0.0,0.944574,0.788235,0.156339,0.812034,{'public_conservative': 17},16,0,0.166487,0.121364,11.25,3.875,0.218231,0.0,0.854272,0.800625,0.053647,0.839188,{'public_conservative': 16}
1089,0.09244584,1.0,public_conservative,0.5,0.05,0.0,0.02,0.05,0.05,0.04,0.8,0.84,0.58,0.72,20.0,8.0,0.5,24.0,5.0,0.68,0.78,0.5,24.0,5.0,0.68,0.78,17,0,0.115113,0.090899,8.411765,3.411765,0.038671,0.0,0.944574,0.788235,0.156339,0.812034,{'public_conservative': 17},16,0,0.17167,0.125471,11.5,4.8125,0.061937,0.0,0.853477,0.800625,0.052852,0.84243,{'public_conservative': 16}
1090,0.09175,1.0,public_conservative,0.5,0.05,0.0,0.02,0.1,0.05,0.04,0.8,0.84,0.58,0.72,20.0,8.0,0.5,24.0,5.0,0.68,0.78,0.5,24.0,5.0,0.68,0.78,17,0,0.115355,0.09175,8.235294,3.941176,0.0,0.0,0.941958,0.788235,0.153723,0.812861,{'public_conservative': 17},16,0,0.174767,0.125471,11.5,4.8125,0.061937,0.0,0.853477,0.800625,0.052852,0.84243,{'public_conservative': 16}
1091,0.09175,1.0,public_conservative,0.5,0.05,0.0,0.02,0.2,0.05,0.04,0.8,0.84,0.58,0.72,20.0,8.0,0.5,24.0,5.0,0.68,0.78,0.5,24.0,5.0,0.68,0.78,17,0,0.115355,0.09175,8.235294,3.941176,0.0,0.0,0.941958,0.788235,0.153723,0.812861,{'public_conservative': 17},16,0,0.180961,0.125471,11.5,4.8125,0.061937,0.0,0.853477,0.800625,0.052852,0.84243,{'public_conservative': 16}
1092,0.09175,1.0,public_conservative,0.5,0.05,0.01,0.0,0.02,0.05,0.04,0.8,0.84,0.58,0.72,20.0,8.0,0.5,24.0,5.0,0.68,0.78,0.5,24.0,5.0,0.68,0.78,17,0,0.109619,0.09175,8.235294,3.941176,0.0,0.0,0.941958,0.788235,0.153723,0.812861,{'public_conservative': 17},16,0,0.162425,0.121364,11.25,3.875,0.218231,0.0,0.854272,0.800625,0.053647,0.839188,{'public_conservative': 16}
1093,0.09175,1.0,public_conservative,0.5,0.05,0.01,0.0,0.05,0.05,0.04,0.8,0.84,0.58,0.72,20.0,8.0,0.5,24.0,5.0,0.68,0.78,0.5,24.0,5.0,0.68,0.78,17,0,0.109619,0.09175,8.235294,3.941176,0.0,0.0,0.941958,0.788235,0.153723,0.812861,{'public_conservative': 17},16,0,0.165389,0.125471,11.5,4.8125,0.061937,0.0,0.853477,0.800625,0.052852,0.84243,{'public_conservative': 16}
1094,0.09175,1.0,public_conservative,0.5,0.05,0.01,0.0,0.1,0.05,0.04,0.8,0.84,0.58,0.72,20.0,8.0,0.5,24.0,5.0,0.68,0.78,0.5,24.0,5.0,0.68,0.78,17,0,0.109619,0.09175,8.235294,3.941176,0.0,0.0,0.941958,0.788235,0.153723,0.812861,{'public_conservative': 17},16,0,0.168486,0.125471,11.5,4.8125,0.061937,0.0,0.853477,0.800625,0.052852,0.84243,{'public_conservative': 16}
1095,0.09175,1.0,public_conservative,0.5,0.05,0.01,0.0,0.2,0.05,0.04,0.8,0.84,0.58,0.72,20.0,8.0,0.5,24.0,5.0,0.68,0.78,0.5,24.0,5.0,0.68,0.78,17,0,0.109619,0.09175,8.235294,3.941176,0.0,0.0,0.941958,0.788235,0.153723,0.812861,{'public_conservative': 17},16,0,0.17468,0.125471,11.5,4.8125,0.061937,0.0,0.853477,0.800625,0.052852,0.84243,{'public_conservative': 16}
1096,0.09244584,1.0,public_conservative,0.5,0.05,0.01,0.01,0.02,0.05,0.04,0.8,0.84,0.58,0.72,20.0,8.0,0.5,24.0,5.0,0.68,0.78,0.5,24.0,5.0,0.68,0.78,17,0,0.113895,0.090899,8.411765,3.411765,0.038671,0.0,0.944574,0.788235,0.156339,0.812034,{'public_conservative': 17},16,0,0.167268,0.121364,11.25,3.875,0.218231,0.0,0.854272,0.800625,0.053647,0.839188,{'public_conservative': 16}
1097,0.09175,1.0,public_conservative,0.5,0.05,0.01,0.01,0.05,0.05,0.04,0.8,0.84,0.58,0.72,20.0,8.0,0.5,24.0,5.0,0.68,0.78,0.5,24.0,5.0,0.68,0.78,17,0,0.114546,0.09175,8.235294,3.941176,0.0,0.0,0.941958,0.788235,0.153723,0.812861,{'public_conservative': 17},16,0,0.171405,0.125471,11.5,4.8125,0.061937,0.0,0.853477,0.800625,0.052852,0.84243,{'public_conservative': 16}
1098,0.09175,1.0,public_conservative,0.5,0.05,0.01,0.01,0.1,0.05,0.04,0.8,0.84,0.58,0.72,20.0,8.0,0.5,24.0,5.0,0.68,0.78,0.5,24.0,5.0,0.68,0.78,17,0,0.114546,0.09175,8.235294,3.941176,0.0,0.0,0.941958,0.788235,0.153723,0.812861,{'public_conservative': 17},16,0,0.174502,0.125471,11.5,4.8125,0.061937,0.0,0.853477,0.800625,0.052852,0.84243,{'public_conservative': 16}
1099,0.09175,1.0,public_conservative,0.5,0.05,0.01,0.01,0.2,0.05,0.04,0.8,0.84,0.58,0.72,20.0,8.0,0.5,24.0,5.0,0.68,0.78,0.5,24.0,5.0,0.68,0.78,17,0,0.114546,0.09175,8.235294,3.941176,0.0,0.0,0.941958,0.788235,0.153723,0.812861,{'public_conservative': 17},16,0,0.180695,0.125471,11.5,4.8125,0.061937,0.0,0.853477,0.800625,0.052852,0.84243,{'public_conservative': 16}
1100,0.09244584,1.0,public_conservative,0.5,0.05,0.01,0.02,0.02,0.05,0.04,0.8,0.84,0.58,0.72,20.0,8.0,0.5,24.0,5.0,0.68,0.78,0.5,24.0,5.0,0.68,0.78,17,0,0.118159,0.090899,8.411765,3.411765,0.038671,0.0,0.944574,0.788235,0.156339,0.812034,{'public_conservative': 17},16,0,0.172112,0.121364,11.25,3.875,0.218231,0.0,0.854272,0.800625,0.053647,0.839188,{'public_conservative': 16}
1101,0.09244584,1.0,public_conservative,0.5,0.05,0.01,0.02,0.05,0.05,0.04,0.8,0.84,0.58,0.72,20.0,8.0,0.5,24.0,5.0,0.68,0.78,0.5,24.0,5.0,0.68,0.78,17,0,0.119319,0.090899,8.411765,3.411765,0.038671,0.0,0.944574,0.788235,0.156339,0.812034,{'public_conservative': 17},16,0,0.17742,0.125471,11.5,4.8125,0.061937,0.0,0.853477,0.800625,0.052852,0.84243,{'public_conservative': 16}
1102,0.09175,1.0,public_conservative,0.5,0.05,0.01,0.02,0.1,0.05,0.04,0.8,0.84,0.58,0.72,20.0,8.0,0.5,24.0,5.0,0.68,0.78,0.5,24.0,5.0,0.68,0.78,17,0,0.119472,0.09175,8.235294,3.941176,0.0,0.0,0.941958,0.788235,0.153723,0.812861,{'public_conservative': 17},16,0,0.180517,0.125471,11.5,4.8125,0.061937,0.0,0.853477,0.800625,0.052852,0.84243,{'public_conservative': 16}
1103,0.09175,1.0,public_conservative,0.5,0.05,0.01,0.02,0.2,0.05,0.04,0.8,0.84,0.58,0.72,20.0,8.0,0.5,24.0,5.0,0.68,0.78,0.5,24.0,5.0,0.68,0.78,17,0,0.119472,0.09175,8.235294,3.941176,0.0,0.0,0.941958,0.788235,0.153723,0.812861,{'public_conservative': 17},16,0,0.186711,0.125471,11.5,4.8125,0.061937,0.0,0.853477,0.800625,0.052852,0.84243,{'public_conservative': 16}
1104,0.09175,1.0,public_conservative,0.5,0.05,0.02,0.0,0.02,0.05,0.04,0.8,0.84,0.58,0.72,20.0,8.0,0.5,24.0,5.0,0.68,0.78,0.5,24.0,5.0,0.68,0.78,17,0,0.113737,0.09175,8.235294,3.941176,0.0,0.0,0.941958,0.788235,0.153723,0.812861,{'public_conservative': 17},16,0,0.16805,0.121364,11.25,3.875,0.218231,0.0,0.854272,0.800625,0.053647,0.839188,{'public_conservative': 16}
1105,0.09175,1.0,public_conservative,0.5,0.05,0.02,0.0,0.05,0.05,0.04,0.8,0.84,0.58,0.72,20.0,8.0,0.5,24.0,5.0,0.68,0.78,0.5,24.0,5.0,0.68,0.78,17,0,0.113737,0.09175,8.235294,3.941176,0.0,0.0,0.941958,0.788235,0.153723,0.812861,{'public_conservative': 17},16,0,0.171139,0.125471,11.5,4.8125,0.061937,0.0,0.853477,0.800625,0.052852,0.84243,{'public_conservative': 16}
1106,0.09175,1.0,public_conservative,0.5,0.05,0.02,0.0,0.1,0.05,0.04,0.8,0.84,0.58,0.72,20.0,8.0,0.5,24.0,5.0,0.68,0.78,0.5,24.0,5.0,0.68,0.78,17,0,0.113737,0.09175,8.235294,3.941176,0.0,0.0,0.941958,0.788235,0.153723,0.812861,{'public_conservative': 17},16,0,0.174236,0.125471,11.5,4.8125,0.061937,0.0,0.853477,0.800625,0.052852,0.84243,{'public_conservative': 16}
1107,0.09175,1.0,public_conservative,0.5,0.05,0.02,0.0,0.2,0.05,0.04,0.8,0.84,0.58,0.72,20.0,8.0,0.5,24.0,5.0,0.68,0.78,0.5,24.0,5.0,0.68,0.78,17,0,0.113737,0.09175,8.235294,3.941176,0.0,0.0,0.941958,0.788235,0.153723,0.812861,{'public_conservative': 17},16,0,0.18043,0.125471,11.5,4.8125,0.061937,0.0,0.853477,0.800625,0.052852,0.84243,{'public_conservative': 16}
1108,0.09244584,1.0,public_conservative,0.5,0.05,0.02,0.01,0.02,0.05,0.04,0.8,0.84,0.58,0.72,20.0,8.0,0.5,24.0,5.0,0.68,0.78,0.5,24.0,5.0,0.68,0.78,17,0,0.1181,0.090899,8.411765,3.411765,0.038671,0.0,0.944574,0.788235,0.156339,0.812034,{'public_conservative': 17},16,0,0.172893,0.121364,11.25,3.875,0.218231,0.0,0.854272,0.800625,0.053647,0.839188,{'public_conservative': 16}
1109,0.09175,1.0,public_conservative,0.5,0.05,0.02,0.01,0.05,0.05,0.04,0.8,0.84,0.58,0.72,20.0,8.0,0.5,24.0,5.0,0.68,0.78,0.5,24.0,5.0,0.68,0.78,17,0,0.118664,0.09175,8.235294,3.941176,0.0,0.0,0.941958,0.788235,0.153723,0.812861,{'public_conservative': 17},16,0,0.177155,0.125471,11.5,4.8125,0.061937,0.0,0.853477,0.800625,0.052852,0.84243,{'public_conservative': 16}
1110,0.09175,1.0,public_conservative,0.5,0.05,0.02,0.01,0.1,0.05,0.04,0.8,0.84,0.58,0.72,20.0,8.0,0.5,24.0,5.0,0.68,0.78,0.5,24.0,5.0,0.68,0.78,17,0,0.118664,0.09175,8.235294,3.941176,0.0,0.0,0.941958,0.788235,0.153723,0.812861,{'public_conservative': 17},16,0,0.180252,0.125471,11.5,4.8125,0.061937,0.0,0.853477,0.800625,0.052852,0.84243,{'public_conservative': 16}
1111,0.09175,1.0,public_conservative,0.5,0.05,0.02,0.01,0.2,0.05,0.04,0.8,0.84,0.58,0.72,20.0,8.0,0.5,24.0,5.0,0.68,0.78,0.5,24.0,5.0,0.68,0.78,17,0,0.118664,0.09175,8.235294,3.941176,0.0,0.0,0.941958,0.788235,0.153723,0.812861,{'public_conservative': 17},16,0,0.186445,0.125471,11.5,4.8125,0.061937,0.0,0.853477,0.800625,0.052852,0.84243,{'public_conservative': 16}
1112,0.09244584,1.0,public_conservative,0.5,0.05,0.02,0.02,0.02,0.05,0.04,0.8,0.84,0.58,0.72,20.0,8.0,0.5,24.0,5.0,0.68,0.78,0.5,24.0,5.0,0.68,0.78,17,0,0.122365,0.090899,8.411765,3.411765,0.038671,0.0,0.944574,0.788235,0.156339,0.812034,{'public_conservative': 17},16,0,0.177737,0.121364,11.25,3.875,0.218231,0.0,0.854272,0.800625,0.053647,0.839188,{'public_conservative': 16}
1113,0.09244584,1.0,public_conservative,0.5,0.05,0.02,0.02,0.05,0.05,0.04,0.8,0.84,0.58,0.72,20.0,8.0,0.5,24.0,5.0,0.68,0.78,0.5,24.0,5.0,0.68,0.78,17,0,0.123525,0.090899,8.411765,3.411765,0.038671,0.0,0.944574,0.788235,0.156339,0.812034,{'public_conservative': 17},16,0,0.18317,0.125471,11.5,4.8125,0.061937,0.0,0.853477,0.800625,0.052852,0.84243,{'public_conservative': 16}
1114,0.09175,1.0,public_conservative,0.5,0.05,0.02,0.02,0.1,0.05,0.04,0.8,0.84,0.58,0.72,20.0,8.0,0.5,24.0,5.0,0.68,0.78,0.5,24.0,5.0,0.68,0.78,17,0,0.12359,0.09175,8.235294,3.941176,0.0,0.0,0.941958,0.788235,0.153723,0.812861,{'public_conservative': 17},16,0,0.186267,0.125471,11.5,4.8125,0.061937,0.0,0.853477,0.800625,0.052852,0.84243,{'public_conservative': 16}
1115,0.09175,1.0,public_conservative,0.5,0.05,0.02,0.02,0.2,0.05,0.04,0.8,0.84,0.58,0.72,20.0,8.0,0.5,24.0,5.0,0.68,0.78,0.5,24.0,5.0,0.68,0.78,17,0,0.12359,0.09175,8.235294,3.941176,0.0,0.0,0.941958,0.788235,0.153723,0.812861,{'public_conservative': 17},16,0,0.192461,0.125471,11.5,4.8125,0.061937,0.0,0.853477,0.800625,0.052852,0.84243,{'public_conservative': 16}
1116,0.09244584,1.0,public_conservative,0.5,0.15,0.0,0.0,0.02,0.05,0.04,0.8,0.84,0.58,0.72,20.0,8.0,0.5,24.0,5.0,0.68,0.78,0.5,24.0,5.0,0.68,0.78,17,0,0.10757,0.090899,8.411765,3.411765,0.038671,0.0,0.944574,0.788235,0.156339,0.812034,{'public_conservative': 17},16,0,0.157977,0.121364,11.25,3.875,0.218231,0.0,0.854272,0.800625,0.053647,0.839188,{'public_conservative': 16}
1117,0.09175,1.0,public_conservative,0.5,0.15,0.0,0.0,0.05,0.05,0.04,0.8,0.84,0.58,0.72,20.0,8.0,0.5,24.0,5.0,0.68,0.78,0.5,24.0,5.0,0.68,0.78,17,0,0.107647,0.09175,8.235294,3.941176,0.0,0.0,0.941958,0.788235,0.153723,0.812861,{'public_conservative': 17},16,0,0.160817,0.125471,11.5,4.8125,0.061937,0.0,0.853477,0.800625,0.052852,0.84243,{'public_conservative': 16}
1118,0.09175,1.0,public_conservative,0.5,0.15,0.0,0.0,0.1,0.05,0.04,0.8,0.84,0.58,0.72,20.0,8.0,0.5,24.0,5.0,0.68,0.78,0.5,24.0,5.0,0.68,0.78,17,0,0.107647,0.09175,8.235294,3.941176,0.0,0.0,0.941958,0.788235,0.153723,0.812861,{'public_conservative': 17},16,0,0.163914,0.125471,11.5,4.8125,0.061937,0.0,0.853477,0.800625,0.052852,0.84243,{'public_conservative': 16}
1119,0.09175,1.0,public_conservative,0.5,0.15,0.0,0.0,0.2,0.05,0.04,0.8,0.84,0.58,0.72,20.0,8.0,0.5,24.0,5.0,0.68,0.78,0.5,24.0,5.0,0.68,0.78,17,0,0.107647,0.09175,8.235294,3.941176,0.0,0.0,0.941958,0.788235,0.153723,0.812861,{'public_conservative': 17},16,0,0.170107,0.125471,11.5,4.8125,0.061937,0.0,0.853477,0.800625,0.052852,0.84243,{'public_conservative': 16}
1120,0.09244584,1.0,public_conservative,0.5,0.15,0.0,0.01,0.02,0.05,0.04,0.8,0.84,0.58,0.72,20.0,8.0,0.5,24.0,5.0,0.68,0.78,0.5,24.0,5.0,0.68,0.78,17,0,0.111834,0.090899,8.411765,3.411765,0.038671,0.0,0.944574,0.788235,0.156339,0.812034,{'public_conservative': 17},16,0,0.162821,0.121364,11.25,3.875,0.218231,0.0,0.854272,0.800625,0.053647,0.839188,{'public_conservative': 16}
1121,0.09175,1.0,public_conservative,0.5,0.15,0.0,0.01,0.05,0.05,0.04,0.8,0.84,0.58,0.72,20.0,8.0,0.5,24.0,5.0,0.68,0.78,0.5,24.0,5.0,0.68,0.78,17,0,0.112574,0.09175,8.235294,3.941176,0.0,0.0,0.941958,0.788235,0.153723,0.812861,{'public_conservative': 17},16,0,0.166832,0.125471,11.5,4.8125,0.061937,0.0,0.853477,0.800625,0.052852,0.84243,{'public_conservative': 16}
1122,0.09175,1.0,public_conservative,0.5,0.15,0.0,0.01,0.1,0.05,0.04,0.8,0.84,0.58,0.72,20.0,8.0,0.5,24.0,5.0,0.68,0.78,0.5,24.0,5.0,0.68,0.78,17,0,0.112574,0.09175,8.235294,3.941176,0.0,0.0,0.941958,0.788235,0.153723,0.812861,{'public_conservative': 17},16,0,0.169929,0.125471,11.5,4.8125,0.061937,0.0,0.853477,0.800625,0.052852,0.84243,{'public_conservative': 16}
1123,0.09175,1.0,public_conservative,0.5,0.15,0.0,0.01,0.2,0.05,0.04,0.8,0.84,0.58,0.72,20.0,8.0,0.5,24.0,5.0,0.68,0.78,0.5,24.0,5.0,0.68,0.78,17,0,0.112574,0.09175,8.235294,3.941176,0.0,0.0,0.941958,0.788235,0.153723,0.812861,{'public_conservative': 17},16,0,0.176123,0.125471,11.5,4.8125,0.061937,0.0,0.853477,0.800625,0.052852,0.84243,{'public_conservative': 16}
1124,0.09244584,1.0,public_conservative,0.5,0.15,0.0,0.02,0.02,0.05,0.04,0.8,0.84,0.58,0.72,20.0,8.0,0.5,24.0,5.0,0.68,0.78,0.5,24.0,5.0,0.68,0.78,17,0,0.116099,0.090899,8.411765,3.411765,0.038671,0.0,0.944574,0.788235,0.156339,0.812034,{'public_conservative': 17},16,0,0.167664,0.121364,11.25,3.875,0.218231,0.0,0.854272,0.800625,0.053647,0.839188,{'public_conservative': 16}
1125,0.09244584,1.0,public_conservative,0.5,0.15,0.0,0.02,0.05,0.05,0.04,0.8,0.84,0.58,0.72,20.0,8.0,0.5,24.0,5.0,0.68,0.78,0.5,24.0,5.0,0.68,0.78,17,0,0.117259,0.090899,8.411765,3.411765,0.038671,0.0,0.944574,0.788235,0.156339,0.812034,{'public_conservative': 17},16,0,0.172848,0.125471,11.5,4.8125,0.061937,0.0,0.853477,0.800625,0.052852,0.84243,{'public_conservative': 16}
1126,0.09175,1.0,public_conservative,0.5,0.15,0.0,0.02,0.1,0.05,0.04,0.8,0.84,0.58,0.72,20.0,8.0,0.5,24.0,5.0,0.68,0.78,0.5,24.0,5.0,0.68,0.78,17,0,0.1175,0.09175,8.235294,3.941176,0.0,0.0,0.941958,0.788235,0.153723,0.812861,{'public_conservative': 17},16,0,0.175945,0.125471,11.5,4.8125,0.061937,0.0,0.853477,0.800625,0.052852,0.84243,{'public_conservative': 16}
1127,0.09175,1.0,public_conservative,0.5,0.15,0.0,0.02,0.2,0.05,0.04,0.8,0.84,0.58,0.72,20.0,8.0,0.5,24.0,5.0,0.68,0.78,0.5,24.0,5.0,0.68,0.78,17,0,0.1175,0.09175,8.235294,3.941176,0.0,0.0,0.941958,0.788235,0.153723,0.812861,{'public_conservative': 17},16,0,0.182139,0.125471,11.5,4.8125,0.061937,0.0,0.853477,0.800625,0.052852,0.84243,{'public_conservative': 16}
1128,0.09175,1.0,public_conservative,0.5,0.15,0.01,0.0,0.02,0.05,0.04,0.8,0.84,0.58,0.72,20.0,8.0,0.5,24.0,5.0,0.68,0.78,0.5,24.0,5.0,0.68,0.78,17,0,0.111765,0.09175,8.235294,3.941176,0.0,0.0,0.941958,0.788235,0.153723,0.812861,{'public_conservative': 17},16,0,0.163602,0.121364,11.25,3.875,0.218231,0.0,0.854272,0.800625,0.053647,0.839188,{'public_conservative': 16}
1129,0.09175,1.0,public_conservative,0.5,0.15,0.01,0.0,0.05,0.05,0.04,0.8,0.84,0.58,0.72,20.0,8.0,0.5,24.0,5.0,0.68,0.78,0.5,24.0,5.0,0.68,0.78,17,0,0.111765,0.09175,8.235294,3.941176,0.0,0.0,0.941958,0.788235,0.153723,0.812861,{'public_conservative': 17},16,0,0.166567,0.125471,11.5,4.8125,0.061937,0.0,0.853477,0.800625,0.052852,0.84243,{'public_conservative': 16}
1130,0.09175,1.0,public_conservative,0.5,0.15,0.01,0.0,0.1,0.05,0.04,0.8,0.84,0.58,0.72,20.0,8.0,0.5,24.0,5.0,0.68,0.78,0.5,24.0,5.0,0.68,0.78,17,0,0.111765,0.09175,8.235294,3.941176,0.0,0.0,0.941958,0.788235,0.153723,0.812861,{'public_conservative': 17},16,0,0.169664,0.125471,11.5,4.8125,0.061937,0.0,0.853477,0.800625,0.052852,0.84243,{'public_conservative': 16}
1131,0.09175,1.0,public_conservative,0.5,0.15,0.01,0.0,0.2,0.05,0.04,0.8,0.84,0.58,0.72,20.0,8.0,0.5,24.0,5.0,0.68,0.78,0.5,24.0,5.0,0.68,0.78,17,0,0.111765,0.09175,8.235294,3.941176,0.0,0.0,0.941958,0.788235,0.153723,0.812861,{'public_conservative': 17},16,0,0.175857,0.125471,11.5,4.8125,0.061937,0.0,0.853477,0.800625,0.052852,0.84243,{'public_conservative': 16}
1132,0.09244584,1.0,public_conservative,0.5,0.15,0.01,0.01,0.02,0.05,0.04,0.8,0.84,0.58,0.72,20.0,8.0,0.5,24.0,5.0,0.68,0.78,0.5,24.0,5.0,0.68,0.78,17,0,0.11604,0.090899,8.411765,3.411765,0.038671,0.0,0.944574,0.788235,0.156339,0.812034,{'public_conservative': 17},16,0,0.168446,0.121364,11.25,3.875,0.218231,0.0,0.854272,0.800625,0.053647,0.839188,{'public_conservative': 16}
1133,0.09175,1.0,public_conservative,0.5,0.15,0.01,0.01,0.05,0.05,0.04,0.8,0.84,0.58,0.72,20.0,8.0,0.5,24.0,5.0,0.68,0.78,0.5,24.0,5.0,0.68,0.78,17,0,0.116692,0.09175,8.235294,3.941176,0.0,0.0,0.941958,0.788235,0.153723,0.812861,{'public_conservative': 17},16,0,0.172582,0.125471,11.5,4.8125,0.061937,0.0,0.853477,0.800625,0.052852,0.84243,{'public_conservative': 16}
1134,0.09175,1.0,public_conservative,0.5,0.15,0.01,0.01,0.1,0.05,0.04,0.8,0.84,0.58,0.72,20.0,8.0,0.5,24.0,5.0,0.68,0.78,0.5,24.0,5.0,0.68,0.78,17,0,0.116692,0.09175,8.235294,3.941176,0.0,0.0,0.941958,0.788235,0.153723,0.812861,{'public_conservative': 17},16,0,0.175679,0.125471,11.5,4.8125,0.061937,0.0,0.853477,0.800625,0.052852,0.84243,{'public_conservative': 16}
1135,0.09175,1.0,public_conservative,0.5,0.15,0.01,0.01,0.2,0.05,0.04,0.8,0.84,0.58,0.72,20.0,8.0,0.5,24.0,5.0,0.68,0.78,0.5,24.0,5.0,0.68,0.78,17,0,0.116692,0.09175,8.235294,3.941176,0.0,0.0,0.941958,0.788235,0.153723,0.812861,{'public_conservative': 17},16,0,0.181873,0.125471,11.5,4.8125,0.061937,0.0,0.853477,0.800625,0.052852,0.84243,{'public_conservative': 16}
1136,0.09244584,1.0,public_conservative,0.5,0.15,0.01,0.02,0.02,0.05,0.04,0.8,0.84,0.58,0.72,20.0,8.0,0.5,24.0,5.0,0.68,0.78,0.5,24.0,5.0,0.68,0.78,17,0,0.120305,0.090899,8.411765,3.411765,0.038671,0.0,0.944574,0.788235,0.156339,0.812034,{'public_conservative': 17},16,0,0.173289,0.121364,11.25,3.875,0.218231,0.0,0.854272,0.800625,0.053647,0.839188,{'public_conservative': 16}
1137,0.09244584,1.0,public_conservative,0.5,0.15,0.01,0.02,0.05,0.05,0.04,0.8,0.84,0.58,0.72,20.0,8.0,0.5,24.0,5.0,0.68,0.78,0.5,24.0,5.0,0.68,0.78,17,0,0.121465,0.090899,8.411765,3.411765,0.038671,0.0,0.944574,0.788235,0.156339,0.812034,{'public_conservative': 17},16,0,0.178598,0.125471,11.5,4.8125,0.061937,0.0,0.853477,0.800625,0.052852,0.84243,{'public_conservative': 16}
1138,0.09175,1.0,public_conservative,0.5,0.15,0.01,0.02,0.1,0.05,0.04,0.8,0.84,0.58,0.72,20.0,8.0,0.5,24.0,5.0,0.68,0.78,0.5,24.0,5.0,0.68,0.78,17,0,0.121618,0.09175,8.235294,3.941176,0.0,0.0,0.941958,0.788235,0.153723,0.812861,{'public_conservative': 17},16,0,0.181695,0.125471,11.5,4.8125,0.061937,0.0,0.853477,0.800625,0.052852,0.84243,{'public_conservative': 16}
1139,0.09175,1.0,public_conservative,0.5,0.15,0.01,0.02,0.2,0.05,0.04,0.8,0.84,0.58,0.72,20.0,8.0,0.5,24.0,5.0,0.68,0.78,0.5,24.0,5.0,0.68,0.78,17,0,0.121618,0.09175,8.235294,3.941176,0.0,0.0,0.941958,0.788235,0.153723,0.812861,{'public_conservative': 17},16,0,0.187889,0.125471,11.5,4.8125,0.061937,0.0,0.853477,0.800625,0.052852,0.84243,{'public_conservative': 16}
1140,0.09175,1.0,public_conservative,0.5,0.15,0.02,0.0,0.02,0.05,0.04,0.8,0.84,0.58,0.72,20.0,8.0,0.5,24.0,5.0,0.68,0.78,0.5,24.0,5.0,0.68,0.78,17,0,0.115883,0.09175,8.235294,3.941176,0.0,0.0,0.941958,0.788235,0.153723,0.812861,{'public_conservative': 17},16,0,0.169227,0.121364,11.25,3.875,0.218231,0.0,0.854272,0.800625,0.053647,0.839188,{'public_conservative': 16}
1141,0.09175,1.0,public_conservative,0.5,0.15,0.02,0.0,0.05,0.05,0.04,0.8,0.84,0.58,0.72,20.0,8.0,0.5,24.0,5.0,0.68,0.78,0.5,24.0,5.0,0.68,0.78,17,0,0.115883,0.09175,8.235294,3.941176,0.0,0.0,0.941958,0.788235,0.153723,0.812861,{'public_conservative': 17},16,0,0.172317,0.125471,11.5,4.8125,0.061937,0.0,0.853477,0.800625,0.052852,0.84243,{'public_conservative': 16}
1142,0.09175,1.0,public_conservative,0.5,0.15,0.02,0.0,0.1,0.05,0.04,0.8,0.84,0.58,0.72,20.0,8.0,0.5,24.0,5.0,0.68,0.78,0.5,24.0,5.0,0.68,0.78,17,0,0.115883,0.09175,8.235294,3.941176,0.0,0.0,0.941958,0.788235,0.153723,0.812861,{'public_conservative': 17},16,0,0.175414,0.125471,11.5,4.8125,0.061937,0.0,0.853477,0.800625,0.052852,0.84243,{'public_conservative': 16}
1143,0.09175,1.0,public_conservative,0.5,0.15,0.02,0.0,0.2,0.05,0.04,0.8,0.84,0.58,0.72,20.0,8.0,0.5,24.0,5.0,0.68,0.78,0.5,24.0,5.0,0.68,0.78,17,0,0.115883,0.09175,8.235294,3.941176,0.0,0.0,0.941958,0.788235,0.153723,0.812861,{'public_conservative': 17},16,0,0.181607,0.125471,11.5,4.8125,0.061937,0.0,0.853477,0.800625,0.052852,0.84243,{'public_conservative': 16}
1144,0.09244584,1.0,public_conservative,0.5,0.15,0.02,0.01,0.02,0.05,0.04,0.8,0.84,0.58,0.72,20.0,8.0,0.5,24.0,5.0,0.68,0.78,0.5,24.0,5.0,0.68,0.78,17,0,0.120246,0.090899,8.411765,3.411765,0.038671,0.0,0.944574,0.788235,0.156339,0.812034,{'public_conservative': 17},16,0,0.174071,0.121364,11.25,3.875,0.218231,0.0,0.854272,0.800625,0.053647,0.839188,{'public_conservative': 16}
1145,0.09175,1.0,public_conservative,0.5,0.15,0.02,0.01,0.05,0.05,0.04,0.8,0.84,0.58,0.72,20.0,8.0,0.5,24.0,5.0,0.68,0.78,0.5,24.0,5.0,0.68,0.78,17,0,0.120809,0.09175,8.235294,3.941176,0.0,0.0,0.941958,0.788235,0.153723,0.812861,{'public_conservative': 17},16,0,0.178332,0.125471,11.5,4.8125,0.061937,0.0,0.853477,0.800625,0.052852,0.84243,{'public_conservative': 16}
1146,0.09175,1.0,public_conservative,0.5,0.15,0.02,0.01,0.1,0.05,0.04,0.8,0.84,0.58,0.72,20.0,8.0,0.5,24.0,5.0,0.68,0.78,0.5,24.0,5.0,0.68,0.78,17,0,0.120809,0.09175,8.235294,3.941176,0.0,0.0,0.941958,0.788235,0.153723,0.812861,{'public_conservative': 17},16,0,0.181429,0.125471,11.5,4.8125,0.061937,0.0,0.853477,0.800625,0.052852,0.84243,{'public_conservative': 16}
1147,0.09175,1.0,public_conservative,0.5,0.15,0.02,0.01,0.2,0.05,0.04,0.8,0.84,0.58,0.72,20.0,8.0,0.5,24.0,5.0,0.68,0.78,0.5,24.0,5.0,0.68,0.78,17,0,0.120809,0.09175,8.235294,3.941176,0.0,0.0,0.941958,0.788235,0.153723,0.812861,{'public_conservative': 17},16,0,0.187623,0.125471,11.5,4.8125,0.061937,0.0,0.853477,0.800625,0.052852,0.84243,{'public_conservative': 16}
1148,0.09244584,1.0,public_conservative,0.5,0.15,0.02,0.02,0.02,0.05,0.04,0.8,0.84,0.58,0.72,20.0,8.0,0.5,24.0,5.0,0.68,0.78,0.5,24.0,5.0,0.68,0.78,17,0,0.124511,0.090899,8.411765,3.411765,0.038671,0.0,0.944574,0.788235,0.156339,0.812034,{'public_conservative': 17},16,0,0.178914,0.121364,11.25,3.875,0.218231,0.0,0.854272,0.800625,0.053647,0.839188,{'public_conservative': 16}
1149,0.09244584,1.0,public_conservative,0.5,0.15,0.02,0.02,0.05,0.05,0.04,0.8,0.84,0.58,0.72,20.0,8.0,0.5,24.0,5.0,0.68,0.78,0.5,24.0,5.0,0.68,0.78,17,0,0.125671,0.090899,8.411765,3.411765,0.038671,0.0,0.944574,0.788235,0.156339,0.812034,{'public_conservative': 17},16,0,0.184348,0.125471,11.5,4.8125,0.061937,0.0,0.853477,0.800625,0.052852,0.84243,{'public_conservative': 16}
1150,0.09175,1.0,public_conservative,0.5,0.15,0.02,0.02,0.1,0.05,0.04,0.8,0.84,0.58,0.72,20.0,8.0,0.5,24.0,5.0,0.68,0.78,0.5,24.0,5.0,0.68,0.78,17,0,0.125736,0.09175,8.235294,3.941176,0.0,0.0,0.941958,0.788235,0.153723,0.812861,{'public_conservative': 17},16,0,0.187445,0.125471,11.5,4.8125,0.061937,0.0,0.853477,0.800625,0.052852,0.84243,{'public_conservative': 16}
1151,0.09175,1.0,public_conservative,0.5,0.15,0.02,0.02,0.2,0.05,0.04,0.8,0.84,0.58,0.72,20.0,8.0,0.5,24.0,5.0,0.68,0.78,0.5,24.0,5.0,0.68,0.78,17,0,0.125736,0.09175,8.235294,3.941176,0.0,0.0,0.941958,0.788235,0.153723,0.812861,{'public_conservative': 17},16,0,0.193639,0.125471,11.5,4.8125,0.061937,0.0,0.853477,0.800625,0.052852,0.84243,{'public_conservative': 16}
1152,0.09244584,1.0,public_conservative,0.5,0.3,0.0,0.0,0.02,0.05,0.04,0.8,0.84,0.58,0.72,20.0,8.0,0.5,24.0,5.0,0.68,0.78,0.5,24.0,5.0,0.68,0.78,17,0,0.110788,0.090899,8.411765,3.411765,0.038671,0.0,0.944574,0.788235,0.156339,0.812034,{'public_conservative': 17},16,0,0.159743,0.121364,11.25,3.875,0.218231,0.0,0.854272,0.800625,0.053647,0.839188,{'public_conservative': 16}
1153,0.09175,1.0,public_conservative,0.5,0.3,0.0,0.0,0.05,0.05,0.04,0.8,0.84,0.58,0.72,20.0,8.0,0.5,24.0,5.0,0.68,0.78,0.5,24.0,5.0,0.68,0.78,17,0,0.110866,0.09175,8.235294,3.941176,0.0,0.0,0.941958,0.788235,0.153723,0.812861,{'public_conservative': 17},16,0,0.162583,0.125471,11.5,4.8125,0.061937,0.0,0.853477,0.800625,0.052852,0.84243,{'public_conservative': 16}
1154,0.09175,1.0,public_conservative,0.5,0.3,0.0,0.0,0.1,0.05,0.04,0.8,0.84,0.58,0.72,20.0,8.0,0.5,24.0,5.0,0.68,0.78,0.5,24.0,5.0,0.68,0.78,17,0,0.110866,0.09175,8.235294,3.941176,0.0,0.0,0.941958,0.788235,0.153723,0.812861,{'public_conservative': 17},16,0,0.16568,0.125471,11.5,4.8125,0.061937,0.0,0.853477,0.800625,0.052852,0.84243,{'public_conservative': 16}
1155,0.09175,1.0,public_conservative,0.5,0.3,0.0,0.0,0.2,0.05,0.04,0.8,0.84,0.58,0.72,20.0,8.0,0.5,24.0,5.0,0.68,0.78,0.5,24.0,5.0,0.68,0.78,17,0,0.110866,0.09175,8.235294,3.941176,0.0,0.0,0.941958,0.788235,0.153723,0.812861,{'public_conservative': 17},16,0,0.171873,0.125471,11.5,4.8125,0.061937,0.0,0.853477,0.800625,0.052852,0.84243,{'public_conservative': 16}
1156,0.09244584,1.0,public_conservative,0.5,0.3,0.0,0.01,0.02,0.05,0.04,0.8,0.84,0.58,0.72,20.0,8.0,0.5,24.0,5.0,0.68,0.78,0.5,24.0,5.0,0.68,0.78,17,0,0.115053,0.090899,8.411765,3.411765,0.038671,0.0,0.944574,0.788235,0.156339,0.812034,{'public_conservative': 17},16,0,0.164587,0.121364,11.25,3.875,0.218231,0.0,0.854272,0.800625,0.053647,0.839188,{'public_conservative': 16}
1157,0.09175,1.0,public_conservative,0.5,0.3,0.0,0.01,0.05,0.05,0.04,0.8,0.84,0.58,0.72,20.0,8.0,0.5,24.0,5.0,0.68,0.78,0.5,24.0,5.0,0.68,0.78,17,0,0.115792,0.09175,8.235294,3.941176,0.0,0.0,0.941958,0.788235,0.153723,0.812861,{'public_conservative': 17},16,0,0.168598,0.125471,11.5,4.8125,0.061937,0.0,0.853477,0.800625,0.052852,0.84243,{'public_conservative': 16}
1158,0.09175,1.0,public_conservative,0.5,0.3,0.0,0.01,0.1,0.05,0.04,0.8,0.84,0.58,0.72,20.0,8.0,0.5,24.0,5.0,0.68,0.78,0.5,24.0,5.0,0.68,0.78,17,0,0.115792,0.09175,8.235294,3.941176,0.0,0.0,0.941958,0.788235,0.153723,0.812861,{'public_conservative': 17},16,0,0.171695,0.125471,11.5,4.8125,0.061937,0.0,0.853477,0.800625,0.052852,0.84243,{'public_conservative': 16}
1159,0.09175,1.0,public_conservative,0.5,0.3,0.0,0.01,0.2,0.05,0.04,0.8,0.84,0.58,0.72,20.0,8.0,0.5,24.0,5.0,0.68,0.78,0.5,24.0,5.0,0.68,0.78,17,0,0.115792,0.09175,8.235294,3.941176,0.0,0.0,0.941958,0.788235,0.153723,0.812861,{'public_conservative': 17},16,0,0.177889,0.125471,11.5,4.8125,0.061937,0.0,0.853477,0.800625,0.052852,0.84243,{'public_conservative': 16}
1160,0.09244584,1.0,public_conservative,0.5,0.3,0.0,0.02,0.02,0.05,0.04,0.8,0.84,0.58,0.72,20.0,8.0,0.5,24.0,5.0,0.68,0.78,0.5,24.0,5.0,0.68,0.78,17,0,0.119318,0.090899,8.411765,3.411765,0.038671,0.0,0.944574,0.788235,0.156339,0.812034,{'public_conservative': 17},16,0,0.169431,0.121364,11.25,3.875,0.218231,0.0,0.854272,0.800625,0.053647,0.839188,{'public_conservative': 16}
1161,0.09244584,1.0,public_conservative,0.5,0.3,0.0,0.02,0.05,0.05,0.04,0.8,0.84,0.58,0.72,20.0,8.0,0.5,24.0,5.0,0.68,0.78,0.5,24.0,5.0,0.68,0.78,17,0,0.120478,0.090899,8.411765,3.411765,0.038671,0.0,0.944574,0.788235,0.156339,0.812034,{'public_conservative': 17},16,0,0.174614,0.125471,11.5,4.8125,0.061937,0.0,0.853477,0.800625,0.052852,0.84243,{'public_conservative': 16}
1162,0.09175,1.0,public_conservative,0.5,0.3,0.0,0.02,0.1,0.05,0.04,0.8,0.84,0.58,0.72,20.0,8.0,0.5,24.0,5.0,0.68,0.78,0.5,24.0,5.0,0.68,0.78,17,0,0.120719,0.09175,8.235294,3.941176,0.0,0.0,0.941958,0.788235,0.153723,0.812861,{'public_conservative': 17},16,0,0.177711,0.125471,11.5,4.8125,0.061937,0.0,0.853477,0.800625,0.052852,0.84243,{'public_conservative': 16}
1163,0.09175,1.0,public_conservative,0.5,0.3,0.0,0.02,0.2,0.05,0.04,0.8,0.84,0.58,0.72,20.0,8.0,0.5,24.0,5.0,0.68,0.78,0.5,24.0,5.0,0.68,0.78,17,0,0.120719,0.09175,8.235294,3.941176,0.0,0.0,0.941958,0.788235,0.153723,0.812861,{'public_conservative': 17},16,0,0.183905,0.125471,11.5,4.8125,0.061937,0.0,0.853477,0.800625,0.052852,0.84243,{'public_conservative': 16}
1164,0.09175,1.0,public_conservative,0.5,0.3,0.01,0.0,0.02,0.05,0.04,0.8,0.84,0.58,0.72,20.0,8.0,0.5,24.0,5.0,0.68,0.78,0.5,24.0,5.0,0.68,0.78,17,0,0.114984,0.09175,8.235294,3.941176,0.0,0.0,0.941958,0.788235,0.153723,0.812861,{'public_conservative': 17},16,0,0.165368,0.121364,11.25,3.875,0.218231,0.0,0.854272,0.800625,0.053647,0.839188,{'public_conservative': 16}
1165,0.09175,1.0,public_conservative,0.5,0.3,0.01,0.0,0.05,0.05,0.04,0.8,0.84,0.58,0.72,20.0,8.0,0.5,24.0,5.0,0.68,0.78,0.5,24.0,5.0,0.68,0.78,17,0,0.114984,0.09175,8.235294,3.941176,0.0,0.0,0.941958,0.788235,0.153723,0.812861,{'public_conservative': 17},16,0,0.168333,0.125471,11.5,4.8125,0.061937,0.0,0.853477,0.800625,0.052852,0.84243,{'public_conservative': 16}
1166,0.09175,1.0,public_conservative,0.5,0.3,0.01,0.0,0.1,0.05,0.04,0.8,0.84,0.58,0.72,20.0,8.0,0.5,24.0,5.0,0.68,0.78,0.5,24.0,5.0,0.68,0.78,17,0,0.114984,0.09175,8.235294,3.941176,0.0,0.0,0.941958,0.788235,0.153723,0.812861,{'public_conservative': 17},16,0,0.17143,0.125471,11.5,4.8125,0.061937,0.0,0.853477,0.800625,0.052852,0.84243,{'public_conservative': 16}
1167,0.09175,1.0,public_conservative,0.5,0.3,0.01,0.0,0.2,0.05,0.04,0.8,0.84,0.58,0.72,20.0,8.0,0.5,24.0,5.0,0.68,0.78,0.5,24.0,5.0,0.68,0.78,17,0,0.114984,0.09175,8.235294,3.941176,0.0,0.0,0.941958,0.788235,0.153723,0.812861,{'public_conservative': 17},16,0,0.177623,0.125471,11.5,4.8125,0.061937,0.0,0.853477,0.800625,0.052852,0.84243,{'public_conservative': 16}
1168,0.09244584,1.0,public_conservative,0.5,0.3,0.01,0.01,0.02,0.05,0.04,0.8,0.84,0.58,0.72,20.0,8.0,0.5,24.0,5.0,0.68,0.78,0.5,24.0,5.0,0.68,0.78,17,0,0.119259,0.090899,8.411765,3.411765,0.038671,0.0,0.944574,0.788235,0.156339,0.812034,{'public_conservative': 17},16,0,0.170212,0.121364,11.25,3.875,0.218231,0.0,0.854272,0.800625,0.053647,0.839188,{'public_conservative': 16}
1169,0.09175,1.0,public_conservative,0.5,0.3,0.01,0.01,0.05,0.05,0.04,0.8,0.84,0.58,0.72,20.0,8.0,0.5,24.0,5.0,0.68,0.78,0.5,24.0,5.0,0.68,0.78,17,0,0.11991,0.09175,8.235294,3.941176,0.0,0.0,0.941958,0.788235,0.153723,0.812861,{'public_conservative': 17},16,0,0.174348,0.125471,11.5,4.8125,0.061937,0.0,0.853477,0.800625,0.052852,0.84243,{'public_conservative': 16}
1170,0.09175,1.0,public_conservative,0.5,0.3,0.01,0.01,0.1,0.05,0.04,0.8,0.84,0.58,0.72,20.0,8.0,0.5,24.0,5.0,0.68,0.78,0.5,24.0,5.0,0.68,0.78,17,0,0.11991,0.09175,8.235294,3.941176,0.0,0.0,0.941958,0.788235,0.153723,0.812861,{'public_conservative': 17},16,0,0.177445,0.125471,11.5,4.8125,0.061937,0.0,0.853477,0.800625,0.052852,0.84243,{'public_conservative': 16}
1171,0.09175,1.0,public_conservative,0.5,0.3,0.01,0.01,0.2,0.05,0.04,0.8,0.84,0.58,0.72,20.0,8.0,0.5,24.0,5.0,0.68,0.78,0.5,24.0,5.0,0.68,0.78,17,0,0.11991,0.09175,8.235294,3.941176,0.0,0.0,0.941958,0.788235,0.153723,0.812861,{'public_conservative': 17},16,0,0.183639,0.125471,11.5,4.8125,0.061937,0.0,0.853477,0.800625,0.052852,0.84243,{'public_conservative': 16}
1172,0.09244584,1.0,public_conservative,0.5,0.3,0.01,0.02,0.02,0.05,0.04,0.8,0.84,0.58,0.72,20.0,8.0,0.5,24.0,5.0,0.68,0.78,0.5,24.0,5.0,0.68,0.78,17,0,0.123523,0.090899,8.411765,3.411765,0.038671,0.0,0.944574,0.788235,0.156339,0.812034,{'public_conservative': 17},16,0,0.175056,0.121364,11.25,3.875,0.218231,0.0,0.854272,0.800625,0.053647,0.839188,{'public_conservative': 16}
1173,0.09244584,1.0,public_conservative,0.5,0.3,0.01,0.02,0.05,0.05,0.04,0.8,0.84,0.58,0.72,20.0,8.0,0.5,24.0,5.0,0.68,0.78,0.5,24.0,5.0,0.68,0.78,17,0,0.124684,0.090899,8.411765,3.411765,0.038671,0.0,0.944574,0.788235,0.156339,0.812034,{'public_conservative': 17},16,0,0.180364,0.125471,11.5,4.8125,0.061937,0.0,0.853477,0.800625,0.052852,0.84243,{'public_conservative': 16}
1174,0.09175,1.0,public_conservative,0.5,0.3,0.01,0.02,0.1,0.05,0.04,0.8,0.84,0.58,0.72,20.0,8.0,0.5,24.0,5.0,0.68,0.78,0.5,24.0,5.0,0.68,0.78,17,0,0.124837,0.09175,8.235294,3.941176,0.0,0.0,0.941958,0.788235,0.153723,0.812861,{'public_conservative': 17},16,0,0.183461,0.125471,11.5,4.8125,0.061937,0.0,0.853477,0.800625,0.052852,0.84243,{'public_conservative': 16}
1175,0.09175,1.0,public_conservative,0.5,0.3,0.01,0.02,0.2,0.05,0.04,0.8,0.84,0.58,0.72,20.0,8.0,0.5,24.0,5.0,0.68,0.78,0.5,24.0,5.0,0.68,0.78,17,0,0.124837,0.09175,8.235294,3.941176,0.0,0.0,0.941958,0.788235,0.153723,0.812861,{'public_conservative': 17},16,0,0.189655,0.125471,11.5,4.8125,0.061937,0.0,0.853477,0.800625,0.052852,0.84243,{'public_conservative': 16}
1176,0.09175,1.0,public_conservative,0.5,0.3,0.02,0.0,0.02,0.05,0.04,0.8,0.84,0.58,0.72,20.0,8.0,0.5,24.0,5.0,0.68,0.78,0.5,24.0,5.0,0.68,0.78,17,0,0.119101,0.09175,8.235294,3.941176,0.0,0.0,0.941958,0.788235,0.153723,0.812861,{'public_conservative': 17},16,0,0.170993,0.121364,11.25,3.875,0.218231,0.0,0.854272,0.800625,0.053647,0.839188,{'public_conservative': 16}
1177,0.09175,1.0,public_conservative,0.5,0.3,0.02,0.0,0.05,0.05,0.04,0.8,0.84,0.58,0.72,20.0,8.0,0.5,24.0,5.0,0.68,0.78,0.5,24.0,5.0,0.68,0.78,17,0,0.119101,0.09175,8.235294,3.941176,0.0,0.0,0.941958,0.788235,0.153723,0.812861,{'public_conservative': 17},16,0,0.174083,0.125471,11.5,4.8125,0.061937,0.0,0.853477,0.800625,0.052852,0.84243,{'public_conservative': 16}
1178,0.09175,1.0,public_conservative,0.5,0.3,0.02,0.0,0.1,0.05,0.04,0.8,0.84,0.58,0.72,20.0,8.0,0.5,24.0,5.0,0.68,0.78,0.5,24.0,5.0,0.68,0.78,17,0,0.119101,0.09175,8.235294,3.941176,0.0,0.0,0.941958,0.788235,0.153723,0.812861,{'public_conservative': 17},16,0,0.17718,0.125471,11.5,4.8125,0.061937,0.0,0.853477,0.800625,0.052852,0.84243,{'public_conservative': 16}
1179,0.09175,1.0,public_conservative,0.5,0.3,0.02,0.0,0.2,0.05,0.04,0.8,0.84,0.58,0.72,20.0,8.0,0.5,24.0,5.0,0.68,0.78,0.5,24.0,5.0,0.68,0.78,17,0,0.119101,0.09175,8.235294,3.941176,0.0,0.0,0.941958,0.788235,0.153723,0.812861,{'public_conservative': 17},16,0,0.183373,0.125471,11.5,4.8125,0.061937,0.0,0.853477,0.800625,0.052852,0.84243,{'public_conservative': 16}
1180,0.09244584,1.0,public_conservative,0.5,0.3,0.02,0.01,0.02,0.05,0.04,0.8,0.84,0.58,0.72,20.0,8.0,0.5,24.0,5.0,0.68,0.78,0.5,24.0,5.0,0.68,0.78,17,0,0.123465,0.090899,8.411765,3.411765,0.038671,0.0,0.944574,0.788235,0.156339,0.812034,{'public_conservative': 17},16,0,0.175837,0.121364,11.25,3.875,0.218231,0.0,0.854272,0.800625,0.053647,0.839188,{'public_conservative': 16}
1181,0.09175,1.0,public_conservative,0.5,0.3,0.02,0.01,0.05,0.05,0.04,0.8,0.84,0.58,0.72,20.0,8.0,0.5,24.0,5.0,0.68,0.78,0.5,24.0,5.0,0.68,0.78,17,0,0.124028,0.09175,8.235294,3.941176,0.0,0.0,0.941958,0.788235,0.153723,0.812861,{'public_conservative': 17},16,0,0.180098,0.125471,11.5,4.8125,0.061937,0.0,0.853477,0.800625,0.052852,0.84243,{'public_conservative': 16}
1182,0.09175,1.0,public_conservative,0.5,0.3,0.02,0.01,0.1,0.05,0.04,0.8,0.84,0.58,0.72,20.0,8.0,0.5,24.0,5.0,0.68,0.78,0.5,24.0,5.0,0.68,0.78,17,0,0.124028,0.09175,8.235294,3.941176,0.0,0.0,0.941958,0.788235,0.153723,0.812861,{'public_conservative': 17},16,0,0.183195,0.125471,11.5,4.8125,0.061937,0.0,0.853477,0.800625,0.052852,0.84243,{'public_conservative': 16}
1183,0.09175,1.0,public_conservative,0.5,0.3,0.02,0.01,0.2,0.05,0.04,0.8,0.84,0.58,0.72,20.0,8.0,0.5,24.0,5.0,0.68,0.78,0.5,24.0,5.0,0.68,0.78,17,0,0.124028,0.09175,8.235294,3.941176,0.0,0.0,0.941958,0.788235,0.153723,0.812861,{'public_conservative': 17},16,0,0.189389,0.125471,11.5,4.8125,0.061937,0.0,0.853477,0.800625,0.052852,0.84243,{'public_conservative': 16}
1184,0.09244584,1.0,public_conservative,0.5,0.3,0.02,0.02,0.02,0.05,0.04,0.8,0.84,0.58,0.72,20.0,8.0,0.5,24.0,5.0,0.68,0.78,0.5,24.0,5.0,0.68,0.78,17,0,0.127729,0.090899,8.411765,3.411765,0.038671,0.0,0.944574,0.788235,0.156339,0.812034,{'public_conservative': 17},16,0,0.180681,0.121364,11.25,3.875,0.218231,0.0,0.854272,0.800625,0.053647,0.839188,{'public_conservative': 16}
1185,0.09244584,1.0,public_conservative,0.5,0.3,0.02,0.02,0.05,0.05,0.04,0.8,0.84,0.58,0.72,20.0,8.0,0.5,24.0,5.0,0.68,0.78,0.5,24.0,5.0,0.68,0.78,17,0,0.128889,0.090899,8.411765,3.411765,0.038671,0.0,0.944574,0.788235,0.156339,0.812034,{'public_conservative': 17},16,0,0.186114,0.125471,11.5,4.8125,0.061937,0.0,0.853477,0.800625,0.052852,0.84243,{'public_conservative': 16}
1186,0.09175,1.0,public_conservative,0.5,0.3,0.02,0.02,0.1,0.05,0.04,0.8,0.84,0.58,0.72,20.0,8.0,0.5,24.0,5.0,0.68,0.78,0.5,24.0,5.0,0.68,0.78,17,0,0.128954,0.09175,8.235294,3.941176,0.0,0.0,0.941958,0.788235,0.153723,0.812861,{'public_conservative': 17},16,0,0.189211,0.125471,11.5,4.8125,0.061937,0.0,0.853477,0.800625,0.052852,0.84243,{'public_conservative': 16}
1187,0.09175,1.0,public_conservative,0.5,0.3,0.02,0.02,0.2,0.05,0.04,0.8,0.84,0.58,0.72,20.0,8.0,0.5,24.0,5.0,0.68,0.78,0.5,24.0,5.0,0.68,0.78,17,0,0.128954,0.09175,8.235294,3.941176,0.0,0.0,0.941958,0.788235,0.153723,0.812861,{'public_conservative': 17},16,0,0.195405,0.125471,11.5,4.8125,0.061937,0.0,0.853477,0.800625,0.052852,0.84243,{'public_conservative': 16}
1188,0.09244584,1.0,public_conservative,0.7,0.05,0.0,0.0,0.02,0.05,0.04,0.8,0.84,0.58,0.72,20.0,8.0,0.5,24.0,5.0,0.68,0.78,0.5,24.0,5.0,0.68,0.78,17,0,0.110496,0.090899,8.411765,3.411765,0.038671,0.0,0.944574,0.788235,0.156339,0.812034,{'public_conservative': 17},16,0,0.168993,0.121364,11.25,3.875,0.218231,0.0,0.854272,0.800625,0.053647,0.839188,{'public_conservative': 16}
1189,0.09175,1.0,public_conservative,0.7,0.05,0.0,0.0,0.05,0.05,0.04,0.8,0.84,0.58,0.72,20.0,8.0,0.5,24.0,5.0,0.68,0.78,0.5,24.0,5.0,0.68,0.78,17,0,0.110573,0.09175,8.235294,3.941176,0.0,0.0,0.941958,0.788235,0.153723,0.812861,{'public_conservative': 17},16,0,0.171832,0.125471,11.5,4.8125,0.061937,0.0,0.853477,0.800625,0.052852,0.84243,{'public_conservative': 16}
1190,0.09175,1.0,public_conservative,0.7,0.05,0.0,0.0,0.1,0.05,0.04,0.8,0.84,0.58,0.72,20.0,8.0,0.5,24.0,5.0,0.68,0.78,0.5,24.0,5.0,0.68,0.78,17,0,0.110573,0.09175,8.235294,3.941176,0.0,0.0,0.941958,0.788235,0.153723,0.812861,{'public_conservative': 17},16,0,0.174929,0.125471,11.5,4.8125,0.061937,0.0,0.853477,0.800625,0.052852,0.84243,{'public_conservative': 16}
1191,0.09175,1.0,public_conservative,0.7,0.05,0.0,0.0,0.2,0.05,0.04,0.8,0.84,0.58,0.72,20.0,8.0,0.5,24.0,5.0,0.68,0.78,0.5,24.0,5.0,0.68,0.78,17,0,0.110573,0.09175,8.235294,3.941176,0.0,0.0,0.941958,0.788235,0.153723,0.812861,{'public_conservative': 17},16,0,0.181123,0.125471,11.5,4.8125,0.061937,0.0,0.853477,0.800625,0.052852,0.84243,{'public_conservative': 16}
1192,0.09244584,1.0,public_conservative,0.7,0.05,0.0,0.01,0.02,0.05,0.04,0.8,0.84,0.58,0.72,20.0,8.0,0.5,24.0,5.0,0.68,0.78,0.5,24.0,5.0,0.68,0.78,17,0,0.11476,0.090899,8.411765,3.411765,0.038671,0.0,0.944574,0.788235,0.156339,0.812034,{'public_conservative': 17},16,0,0.173836,0.121364,11.25,3.875,0.218231,0.0,0.854272,0.800625,0.053647,0.839188,{'public_conservative': 16}
1193,0.09175,1.0,public_conservative,0.7,0.05,0.0,0.01,0.05,0.05,0.04,0.8,0.84,0.58,0.72,20.0,8.0,0.5,24.0,5.0,0.68,0.78,0.5,24.0,5.0,0.68,0.78,17,0,0.1155,0.09175,8.235294,3.941176,0.0,0.0,0.941958,0.788235,0.153723,0.812861,{'public_conservative': 17},16,0,0.177848,0.125471,11.5,4.8125,0.061937,0.0,0.853477,0.800625,0.052852,0.84243,{'public_conservative': 16}
1194,0.09175,1.0,public_conservative,0.7,0.05,0.0,0.01,0.1,0.05,0.04,0.8,0.84,0.58,0.72,20.0,8.0,0.5,24.0,5.0,0.68,0.78,0.5,24.0,5.0,0.68,0.78,17,0,0.1155,0.09175,8.235294,3.941176,0.0,0.0,0.941958,0.788235,0.153723,0.812861,{'public_conservative': 17},16,0,0.180945,0.125471,11.5,4.8125,0.061937,0.0,0.853477,0.800625,0.052852,0.84243,{'public_conservative': 16}
1195,0.09175,1.0,public_conservative,0.7,0.05,0.0,0.01,0.2,0.05,0.04,0.8,0.84,0.58,0.72,20.0,8.0,0.5,24.0,5.0,0.68,0.78,0.5,24.0,5.0,0.68,0.78,17,0,0.1155,0.09175,8.235294,3.941176,0.0,0.0,0.941958,0.788235,0.153723,0.812861,{'public_conservative': 17},16,0,0.187138,0.125471,11.5,4.8125,0.061937,0.0,0.853477,0.800625,0.052852,0.84243,{'public_conservative': 16}
1196,0.09244584,1.0,public_conservative,0.7,0.05,0.0,0.02,0.02,0.05,0.04,0.8,0.84,0.58,0.72,20.0,8.0,0.5,24.0,5.0,0.68,0.78,0.5,24.0,5.0,0.68,0.78,17,0,0.119025,0.090899,8.411765,3.411765,0.038671,0.0,0.944574,0.788235,0.156339,0.812034,{'public_conservative': 17},16,0,0.17868,0.121364,11.25,3.875,0.218231,0.0,0.854272,0.800625,0.053647,0.839188,{'public_conservative': 16}
1197,0.09244584,1.0,public_conservative,0.7,0.05,0.0,0.02,0.05,0.05,0.04,0.8,0.84,0.58,0.72,20.0,8.0,0.5,24.0,5.0,0.68,0.78,0.5,24.0,5.0,0.68,0.78,17,0,0.120185,0.090899,8.411765,3.411765,0.038671,0.0,0.944574,0.788235,0.156339,0.812034,{'public_conservative': 17},16,0,0.183863,0.125471,11.5,4.8125,0.061937,0.0,0.853477,0.800625,0.052852,0.84243,{'public_conservative': 16}
1198,0.09175,1.0,public_conservative,0.7,0.05,0.0,0.02,0.1,0.05,0.04,0.8,0.84,0.58,0.72,20.0,8.0,0.5,24.0,5.0,0.68,0.78,0.5,24.0,5.0,0.68,0.78,17,0,0.120426,0.09175,8.235294,3.941176,0.0,0.0,0.941958,0.788235,0.153723,0.812861,{'public_conservative': 17},16,0,0.18696,0.125471,11.5,4.8125,0.061937,0.0,0.853477,0.800625,0.052852,0.84243,{'public_conservative': 16}
1199,0.09175,1.0,public_conservative,0.7,0.05,0.0,0.02,0.2,0.05,0.04,0.8,0.84,0.58,0.72,20.0,8.0,0.5,24.0,5.0,0.68,0.78,0.5,24.0,5.0,0.68,0.78,17,0,0.120426,0.09175,8.235294,3.941176,0.0,0.0,0.941958,0.788235,0.153723,0.812861,{'public_conservative': 17},16,0,0.193154,0.125471,11.5,4.8125,0.061937,0.0,0.853477,0.800625,0.052852,0.84243,{'public_conservative': 16}
1200,0.09175,1.0,public_conservative,0.7,0.05,0.01,0.0,0.02,0.05,0.04,0.8,0.84,0.58,0.72,20.0,8.0,0.5,24.0,5.0,0.68,0.78,0.5,24.0,5.0,0.68,0.78,17,0,0.114691,0.09175,8.235294,3.941176,0.0,0.0,0.941958,0.788235,0.153723,0.812861,{'public_conservative': 17},16,0,0.174618,0.121364,11.25,3.875,0.218231,0.0,0.854272,0.800625,0.053647,0.839188,{'public_conservative': 16}
1201,0.09175,1.0,public_conservative,0.7,0.05,0.01,0.0,0.05,0.05,0.04,0.8,0.84,0.58,0.72,20.0,8.0,0.5,24.0,5.0,0.68,0.78,0.5,24.0,5.0,0.68,0.78,17,0,0.114691,0.09175,8.235294,3.941176,0.0,0.0,0.941958,0.788235,0.153723,0.812861,{'public_conservative': 17},16,0,0.177582,0.125471,11.5,4.8125,0.061937,0.0,0.853477,0.800625,0.052852,0.84243,{'public_conservative': 16}
1202,0.09175,1.0,public_conservative,0.7,0.05,0.01,0.0,0.1,0.05,0.04,0.8,0.84,0.58,0.72,20.0,8.0,0.5,24.0,5.0,0.68,0.78,0.5,24.0,5.0,0.68,0.78,17,0,0.114691,0.09175,8.235294,3.941176,0.0,0.0,0.941958,0.788235,0.153723,0.812861,{'public_conservative': 17},16,0,0.180679,0.125471,11.5,4.8125,0.061937,0.0,0.853477,0.800625,0.052852,0.84243,{'public_conservative': 16}
1203,0.09175,1.0,public_conservative,0.7,0.05,0.01,0.0,0.2,0.05,0.04,0.8,0.84,0.58,0.72,20.0,8.0,0.5,24.0,5.0,0.68,0.78,0.5,24.0,5.0,0.68,0.78,17,0,0.114691,0.09175,8.235294,3.941176,0.0,0.0,0.941958,0.788235,0.153723,0.812861,{'public_conservative': 17},16,0,0.186873,0.125471,11.5,4.8125,0.061937,0.0,0.853477,0.800625,0.052852,0.84243,{'public_conservative': 16}
1204,0.09244584,1.0,public_conservative,0.7,0.05,0.01,0.01,0.02,0.05,0.04,0.8,0.84,0.58,0.72,20.0,8.0,0.5,24.0,5.0,0.68,0.78,0.5,24.0,5.0,0.68,0.78,17,0,0.118966,0.090899,8.411765,3.411765,0.038671,0.0,0.944574,0.788235,0.156339,0.812034,{'public_conservative': 17},16,0,0.179461,0.121364,11.25,3.875,0.218231,0.0,0.854272,0.800625,0.053647,0.839188,{'public_conservative': 16}
1205,0.09175,1.0,public_conservative,0.7,0.05,0.01,0.01,0.05,0.05,0.04,0.8,0.84,0.58,0.72,20.0,8.0,0.5,24.0,5.0,0.68,0.78,0.5,24.0,5.0,0.68,0.78,17,0,0.119618,0.09175,8.235294,3.941176,0.0,0.0,0.941958,0.788235,0.153723,0.812861,{'public_conservative': 17},16,0,0.183598,0.125471,11.5,4.8125,0.061937,0.0,0.853477,0.800625,0.052852,0.84243,{'public_conservative': 16}
1206,0.09175,1.0,public_conservative,0.7,0.05,0.01,0.01,0.1,0.05,0.04,0.8,0.84,0.58,0.72,20.0,8.0,0.5,24.0,5.0,0.68,0.78,0.5,24.0,5.0,0.68,0.78,17,0,0.119618,0.09175,8.235294,3.941176,0.0,0.0,0.941958,0.788235,0.153723,0.812861,{'public_conservative': 17},16,0,0.186695,0.125471,11.5,4.8125,0.061937,0.0,0.853477,0.800625,0.052852,0.84243,{'public_conservative': 16}
1207,0.09175,1.0,public_conservative,0.7,0.05,0.01,0.01,0.2,0.05,0.04,0.8,0.84,0.58,0.72,20.0,8.0,0.5,24.0,5.0,0.68,0.78,0.5,24.0,5.0,0.68,0.78,17,0,0.119618,0.09175,8.235294,3.941176,0.0,0.0,0.941958,0.788235,0.153723,0.812861,{'public_conservative': 17},16,0,0.192888,0.125471,11.5,4.8125,0.061937,0.0,0.853477,0.800625,0.052852,0.84243,{'public_conservative': 16}
1208,0.09244584,1.0,public_conservative,0.7,0.05,0.01,0.02,0.02,0.05,0.04,0.8,0.84,0.58,0.72,20.0,8.0,0.5,24.0,5.0,0.68,0.78,0.5,24.0,5.0,0.68,0.78,17,0,0.123231,0.090899,8.411765,3.411765,0.038671,0.0,0.944574,0.788235,0.156339,0.812034,{'public_conservative': 17},16,0,0.184305,0.121364,11.25,3.875,0.218231,0.0,0.854272,0.800625,0.053647,0.839188,{'public_conservative': 16}
1209,0.09244584,1.0,public_conservative,0.7,0.05,0.01,0.02,0.05,0.05,0.04,0.8,0.84,0.58,0.72,20.0,8.0,0.5,24.0,5.0,0.68,0.78,0.5,24.0,5.0,0.68,0.78,17,0,0.124391,0.090899,8.411765,3.411765,0.038671,0.0,0.944574,0.788235,0.156339,0.812034,{'public_conservative': 17},16,0,0.189613,0.125471,11.5,4.8125,0.061937,0.0,0.853477,0.800625,0.052852,0.84243,{'public_conservative': 16}
1210,0.09175,1.0,public_conservative,0.7,0.05,0.01,0.02,0.1,0.05,0.04,0.8,0.84,0.58,0.72,20.0,8.0,0.5,24.0,5.0,0.68,0.78,0.5,24.0,5.0,0.68,0.78,17,0,0.124544,0.09175,8.235294,3.941176,0.0,0.0,0.941958,0.788235,0.153723,0.812861,{'public_conservative': 17},16,0,0.19271,0.125471,11.5,4.8125,0.061937,0.0,0.853477,0.800625,0.052852,0.84243,{'public_conservative': 16}
1211,0.09175,1.0,public_conservative,0.7,0.05,0.01,0.02,0.2,0.05,0.04,0.8,0.84,0.58,0.72,20.0,8.0,0.5,24.0,5.0,0.68,0.78,0.5,24.0,5.0,0.68,0.78,17,0,0.124544,0.09175,8.235294,3.941176,0.0,0.0,0.941958,0.788235,0.153723,0.812861,{'public_conservative': 17},16,0,0.198904,0.125471,11.5,4.8125,0.061937,0.0,0.853477,0.800625,0.052852,0.84243,{'public_conservative': 16}
1212,0.09175,1.0,public_conservative,0.7,0.05,0.02,0.0,0.02,0.05,0.04,0.8,0.84,0.58,0.72,20.0,8.0,0.5,24.0,5.0,0.68,0.78,0.5,24.0,5.0,0.68,0.78,17,0,0.118809,0.09175,8.235294,3.941176,0.0,0.0,0.941958,0.788235,0.153723,0.812861,{'public_conservative': 17},16,0,0.180243,0.121364,11.25,3.875,0.218231,0.0,0.854272,0.800625,0.053647,0.839188,{'public_conservative': 16}
1213,0.09175,1.0,public_conservative,0.7,0.05,0.02,0.0,0.05,0.05,0.04,0.8,0.84,0.58,0.72,20.0,8.0,0.5,24.0,5.0,0.68,0.78,0.5,24.0,5.0,0.68,0.78,17,0,0.118809,0.09175,8.235294,3.941176,0.0,0.0,0.941958,0.788235,0.153723,0.812861,{'public_conservative': 17},16,0,0.183332,0.125471,11.5,4.8125,0.061937,0.0,0.853477,0.800625,0.052852,0.84243,{'public_conservative': 16}
1214,0.09175,1.0,public_conservative,0.7,0.05,0.02,0.0,0.1,0.05,0.04,0.8,0.84,0.58,0.72,20.0,8.0,0.5,24.0,5.0,0.68,0.78,0.5,24.0,5.0,0.68,0.78,17,0,0.118809,0.09175,8.235294,3.941176,0.0,0.0,0.941958,0.788235,0.153723,0.812861,{'public_conservative': 17},16,0,0.186429,0.125471,11.5,4.8125,0.061937,0.0,0.853477,0.800625,0.052852,0.84243,{'public_conservative': 16}
1215,0.09175,1.0,public_conservative,0.7,0.05,0.02,0.0,0.2,0.05,0.04,0.8,0.84,0.58,0.72,20.0,8.0,0.5,24.0,5.0,0.68,0.78,0.5,24.0,5.0,0.68,0.78,17,0,0.118809,0.09175,8.235294,3.941176,0.0,0.0,0.941958,0.788235,0.153723,0.812861,{'public_conservative': 17},16,0,0.192623,0.125471,11.5,4.8125,0.061937,0.0,0.853477,0.800625,0.052852,0.84243,{'public_conservative': 16}
1216,0.09244584,1.0,public_conservative,0.7,0.05,0.02,0.01,0.02,0.05,0.04,0.8,0.84,0.58,0.72,20.0,8.0,0.5,24.0,5.0,0.68,0.78,0.5,24.0,5.0,0.68,0.78,17,0,0.123172,0.090899,8.411765,3.411765,0.038671,0.0,0.944574,0.788235,0.156339,0.812034,{'public_conservative': 17},16,0,0.185086,0.121364,11.25,3.875,0.218231,0.0,0.854272,0.800625,0.053647,0.839188,{'public_conservative': 16}
1217,0.09175,1.0,public_conservative,0.7,0.05,0.02,0.01,0.05,0.05,0.04,0.8,0.84,0.58,0.72,20.0,8.0,0.5,24.0,5.0,0.68,0.78,0.5,24.0,5.0,0.68,0.78,17,0,0.123735,0.09175,8.235294,3.941176,0.0,0.0,0.941958,0.788235,0.153723,0.812861,{'public_conservative': 17},16,0,0.189348,0.125471,11.5,4.8125,0.061937,0.0,0.853477,0.800625,0.052852,0.84243,{'public_conservative': 16}
1218,0.09175,1.0,public_conservative,0.7,0.05,0.02,0.01,0.1,0.05,0.04,0.8,0.84,0.58,0.72,20.0,8.0,0.5,24.0,5.0,0.68,0.78,0.5,24.0,5.0,0.68,0.78,17,0,0.123735,0.09175,8.235294,3.941176,0.0,0.0,0.941958,0.788235,0.153723,0.812861,{'public_conservative': 17},16,0,0.192445,0.125471,11.5,4.8125,0.061937,0.0,0.853477,0.800625,0.052852,0.84243,{'public_conservative': 16}
1219,0.09175,1.0,public_conservative,0.7,0.05,0.02,0.01,0.2,0.05,0.04,0.8,0.84,0.58,0.72,20.0,8.0,0.5,24.0,5.0,0.68,0.78,0.5,24.0,5.0,0.68,0.78,17,0,0.123735,0.09175,8.235294,3.941176,0.0,0.0,0.941958,0.788235,0.153723,0.812861,{'public_conservative': 17},16,0,0.198638,0.125471,11.5,4.8125,0.061937,0.0,0.853477,0.800625,0.052852,0.84243,{'public_conservative': 16}
1220,0.09244584,1.0,public_conservative,0.7,0.05,0.02,0.02,0.02,0.05,0.04,0.8,0.84,0.58,0.72,20.0,8.0,0.5,24.0,5.0,0.68,0.78,0.5,24.0,5.0,0.68,0.78,17,0,0.127437,0.090899,8.411765,3.411765,0.038671,0.0,0.944574,0.788235,0.156339,0.812034,{'public_conservative': 17},16,0,0.18993,0.121364,11.25,3.875,0.218231,0.0,0.854272,0.800625,0.053647,0.839188,{'public_conservative': 16}
1221,0.09244584,1.0,public_conservative,0.7,0.05,0.02,0.02,0.05,0.05,0.04,0.8,0.84,0.58,0.72,20.0,8.0,0.5,24.0,5.0,0.68,0.78,0.5,24.0,5.0,0.68,0.78,17,0,0.128597,0.090899,8.411765,3.411765,0.038671,0.0,0.944574,0.788235,0.156339,0.812034,{'public_conservative': 17},16,0,0.195363,0.125471,11.5,4.8125,0.061937,0.0,0.853477,0.800625,0.052852,0.84243,{'public_conservative': 16}
1222,0.09175,1.0,public_conservative,0.7,0.05,0.02,0.02,0.1,0.05,0.04,0.8,0.84,0.58,0.72,20.0,8.0,0.5,24.0,5.0,0.68,0.78,0.5,24.0,5.0,0.68,0.78,17,0,0.128662,0.09175,8.235294,3.941176,0.0,0.0,0.941958,0.788235,0.153723,0.812861,{'public_conservative': 17},16,0,0.19846,0.125471,11.5,4.8125,0.061937,0.0,0.853477,0.800625,0.052852,0.84243,{'public_conservative': 16}
1223,0.09175,1.0,public_conservative,0.7,0.05,0.02,0.02,0.2,0.05,0.04,0.8,0.84,0.58,0.72,20.0,8.0,0.5,24.0,5.0,0.68,0.78,0.5,24.0,5.0,0.68,0.78,17,0,0.128662,0.09175,8.235294,3.941176,0.0,0.0,0.941958,0.788235,0.153723,0.812861,{'public_conservative': 17},16,0,0.204654,0.125471,11.5,4.8125,0.061937,0.0,0.853477,0.800625,0.052852,0.84243,{'public_conservative': 16}
1224,0.09244584,1.0,public_conservative,0.7,0.15,0.0,0.0,0.02,0.05,0.04,0.8,0.84,0.58,0.72,20.0,8.0,0.5,24.0,5.0,0.68,0.78,0.5,24.0,5.0,0.68,0.78,17,0,0.112641,0.090899,8.411765,3.411765,0.038671,0.0,0.944574,0.788235,0.156339,0.812034,{'public_conservative': 17},16,0,0.17017,0.121364,11.25,3.875,0.218231,0.0,0.854272,0.800625,0.053647,0.839188,{'public_conservative': 16}
1225,0.09175,1.0,public_conservative,0.7,0.15,0.0,0.0,0.05,0.05,0.04,0.8,0.84,0.58,0.72,20.0,8.0,0.5,24.0,5.0,0.68,0.78,0.5,24.0,5.0,0.68,0.78,17,0,0.112719,0.09175,8.235294,3.941176,0.0,0.0,0.941958,0.788235,0.153723,0.812861,{'public_conservative': 17},16,0,0.17301,0.125471,11.5,4.8125,0.061937,0.0,0.853477,0.800625,0.052852,0.84243,{'public_conservative': 16}
1226,0.09175,1.0,public_conservative,0.7,0.15,0.0,0.0,0.1,0.05,0.04,0.8,0.84,0.58,0.72,20.0,8.0,0.5,24.0,5.0,0.68,0.78,0.5,24.0,5.0,0.68,0.78,17,0,0.112719,0.09175,8.235294,3.941176,0.0,0.0,0.941958,0.788235,0.153723,0.812861,{'public_conservative': 17},16,0,0.176107,0.125471,11.5,4.8125,0.061937,0.0,0.853477,0.800625,0.052852,0.84243,{'public_conservative': 16}
1227,0.09175,1.0,public_conservative,0.7,0.15,0.0,0.0,0.2,0.05,0.04,0.8,0.84,0.58,0.72,20.0,8.0,0.5,24.0,5.0,0.68,0.78,0.5,24.0,5.0,0.68,0.78,17,0,0.112719,0.09175,8.235294,3.941176,0.0,0.0,0.941958,0.788235,0.153723,0.812861,{'public_conservative': 17},16,0,0.1823,0.125471,11.5,4.8125,0.061937,0.0,0.853477,0.800625,0.052852,0.84243,{'public_conservative': 16}
1228,0.09244584,1.0,public_conservative,0.7,0.15,0.0,0.01,0.02,0.05,0.04,0.8,0.84,0.58,0.72,20.0,8.0,0.5,24.0,5.0,0.68,0.78,0.5,24.0,5.0,0.68,0.78,17,0,0.116906,0.090899,8.411765,3.411765,0.038671,0.0,0.944574,0.788235,0.156339,0.812034,{'public_conservative': 17},16,0,0.175014,0.121364,11.25,3.875,0.218231,0.0,0.854272,0.800625,0.053647,0.839188,{'public_conservative': 16}
1229,0.09175,1.0,public_conservative,0.7,0.15,0.0,0.01,0.05,0.05,0.04,0.8,0.84,0.58,0.72,20.0,8.0,0.5,24.0,5.0,0.68,0.78,0.5,24.0,5.0,0.68,0.78,17,0,0.117646,0.09175,8.235294,3.941176,0.0,0.0,0.941958,0.788235,0.153723,0.812861,{'public_conservative': 17},16,0,0.179025,0.125471,11.5,4.8125,0.061937,0.0,0.853477,0.800625,0.052852,0.84243,{'public_conservative': 16}
1230,0.09175,1.0,public_conservative,0.7,0.15,0.0,0.01,0.1,0.05,0.04,0.8,0.84,0.58,0.72,20.0,8.0,0.5,24.0,5.0,0.68,0.78,0.5,24.0,5.0,0.68,0.78,17,0,0.117646,0.09175,8.235294,3.941176,0.0,0.0,0.941958,0.788235,0.153723,0.812861,{'public_conservative': 17},16,0,0.182122,0.125471,11.5,4.8125,0.061937,0.0,0.853477,0.800625,0.052852,0.84243,{'public_conservative': 16}
1231,0.09175,1.0,public_conservative,0.7,0.15,0.0,0.01,0.2,0.05,0.04,0.8,0.84,0.58,0.72,20.0,8.0,0.5,24.0,5.0,0.68,0.78,0.5,24.0,5.0,0.68,0.78,17,0,0.117646,0.09175,8.235294,3.941176,0.0,0.0,0.941958,0.788235,0.153723,0.812861,{'public_conservative': 17},16,0,0.188316,0.125471,11.5,4.8125,0.061937,0.0,0.853477,0.800625,0.052852,0.84243,{'public_conservative': 16}
1232,0.09244584,1.0,public_conservative,0.7,0.15,0.0,0.02,0.02,0.05,0.04,0.8,0.84,0.58,0.72,20.0,8.0,0.5,24.0,5.0,0.68,0.78,0.5,24.0,5.0,0.68,0.78,17,0,0.121171,0.090899,8.411765,3.411765,0.038671,0.0,0.944574,0.788235,0.156339,0.812034,{'public_conservative': 17},16,0,0.179857,0.121364,11.25,3.875,0.218231,0.0,0.854272,0.800625,0.053647,0.839188,{'public_conservative': 16}
1233,0.09244584,1.0,public_conservative,0.7,0.15,0.0,0.02,0.05,0.05,0.04,0.8,0.84,0.58,0.72,20.0,8.0,0.5,24.0,5.0,0.68,0.78,0.5,24.0,5.0,0.68,0.78,17,0,0.122331,0.090899,8.411765,3.411765,0.038671,0.0,0.944574,0.788235,0.156339,0.812034,{'public_conservative': 17},16,0,0.185041,0.125471,11.5,4.8125,0.061937,0.0,0.853477,0.800625,0.052852,0.84243,{'public_conservative': 16}
1234,0.09175,1.0,public_conservative,0.7,0.15,0.0,0.02,0.1,0.05,0.04,0.8,0.84,0.58,0.72,20.0,8.0,0.5,24.0,5.0,0.68,0.78,0.5,24.0,5.0,0.68,0.78,17,0,0.122572,0.09175,8.235294,3.941176,0.0,0.0,0.941958,0.788235,0.153723,0.812861,{'public_conservative': 17},16,0,0.188138,0.125471,11.5,4.8125,0.061937,0.0,0.853477,0.800625,0.052852,0.84243,{'public_conservative': 16}
1235,0.09175,1.0,public_conservative,0.7,0.15,0.0,0.02,0.2,0.05,0.04,0.8,0.84,0.58,0.72,20.0,8.0,0.5,24.0,5.0,0.68,0.78,0.5,24.0,5.0,0.68,0.78,17,0,0.122572,0.09175,8.235294,3.941176,0.0,0.0,0.941958,0.788235,0.153723,0.812861,{'public_conservative': 17},16,0,0.194332,0.125471,11.5,4.8125,0.061937,0.0,0.853477,0.800625,0.052852,0.84243,{'public_conservative': 16}
1236,0.09175,1.0,public_conservative,0.7,0.15,0.01,0.0,0.02,0.05,0.04,0.8,0.84,0.58,0.72,20.0,8.0,0.5,24.0,5.0,0.68,0.78,0.5,24.0,5.0,0.68,0.78,17,0,0.116837,0.09175,8.235294,3.941176,0.0,0.0,0.941958,0.788235,0.153723,0.812861,{'public_conservative': 17},16,0,0.175795,0.121364,11.25,3.875,0.218231,0.0,0.854272,0.800625,0.053647,0.839188,{'public_conservative': 16}
1237,0.09175,1.0,public_conservative,0.7,0.15,0.01,0.0,0.05,0.05,0.04,0.8,0.84,0.58,0.72,20.0,8.0,0.5,24.0,5.0,0.68,0.78,0.5,24.0,5.0,0.68,0.78,17,0,0.116837,0.09175,8.235294,3.941176,0.0,0.0,0.941958,0.788235,0.153723,0.812861,{'public_conservative': 17},16,0,0.17876,0.125471,11.5,4.8125,0.061937,0.0,0.853477,0.800625,0.052852,0.84243,{'public_conservative': 16}
1238,0.09175,1.0,public_conservative,0.7,0.15,0.01,0.0,0.1,0.05,0.04,0.8,0.84,0.58,0.72,20.0,8.0,0.5,24.0,5.0,0.68,0.78,0.5,24.0,5.0,0.68,0.78,17,0,0.116837,0.09175,8.235294,3.941176,0.0,0.0,0.941958,0.788235,0.153723,0.812861,{'public_conservative': 17},16,0,0.181857,0.125471,11.5,4.8125,0.061937,0.0,0.853477,0.800625,0.052852,0.84243,{'public_conservative': 16}
1239,0.09175,1.0,public_conservative,0.7,0.15,0.01,0.0,0.2,0.05,0.04,0.8,0.84,0.58,0.72,20.0,8.0,0.5,24.0,5.0,0.68,0.78,0.5,24.0,5.0,0.68,0.78,17,0,0.116837,0.09175,8.235294,3.941176,0.0,0.0,0.941958,0.788235,0.153723,0.812861,{'public_conservative': 17},16,0,0.18805,0.125471,11.5,4.8125,0.061937,0.0,0.853477,0.800625,0.052852,0.84243,{'public_conservative': 16}
1240,0.09244584,1.0,public_conservative,0.7,0.15,0.01,0.01,0.02,0.05,0.04,0.8,0.84,0.58,0.72,20.0,8.0,0.5,24.0,5.0,0.68,0.78,0.5,24.0,5.0,0.68,0.78,17,0,0.121112,0.090899,8.411765,3.411765,0.038671,0.0,0.944574,0.788235,0.156339,0.812034,{'public_conservative': 17},16,0,0.180639,0.121364,11.25,3.875,0.218231,0.0,0.854272,0.800625,0.053647,0.839188,{'public_conservative': 16}
1241,0.09175,1.0,public_conservative,0.7,0.15,0.01,0.01,0.05,0.05,0.04,0.8,0.84,0.58,0.72,20.0,8.0,0.5,24.0,5.0,0.68,0.78,0.5,24.0,5.0,0.68,0.78,17,0,0.121763,0.09175,8.235294,3.941176,0.0,0.0,0.941958,0.788235,0.153723,0.812861,{'public_conservative': 17},16,0,0.184775,0.125471,11.5,4.8125,0.061937,0.0,0.853477,0.800625,0.052852,0.84243,{'public_conservative': 16}
1242,0.09175,1.0,public_conservative,0.7,0.15,0.01,0.01,0.1,0.05,0.04,0.8,0.84,0.58,0.72,20.0,8.0,0.5,24.0,5.0,0.68,0.78,0.5,24.0,5.0,0.68,0.78,17,0,0.121763,0.09175,8.235294,3.941176,0.0,0.0,0.941958,0.788235,0.153723,0.812861,{'public_conservative': 17},16,0,0.187872,0.125471,11.5,4.8125,0.061937,0.0,0.853477,0.800625,0.052852,0.84243,{'public_conservative': 16}
1243,0.09175,1.0,public_conservative,0.7,0.15,0.01,0.01,0.2,0.05,0.04,0.8,0.84,0.58,0.72,20.0,8.0,0.5,24.0,5.0,0.68,0.78,0.5,24.0,5.0,0.68,0.78,17,0,0.121763,0.09175,8.235294,3.941176,0.0,0.0,0.941958,0.788235,0.153723,0.812861,{'public_conservative': 17},16,0,0.194066,0.125471,11.5,4.8125,0.061937,0.0,0.853477,0.800625,0.052852,0.84243,{'public_conservative': 16}
1244,0.09244584,1.0,public_conservative,0.7,0.15,0.01,0.02,0.02,0.05,0.04,0.8,0.84,0.58,0.72,20.0,8.0,0.5,24.0,5.0,0.68,0.78,0.5,24.0,5.0,0.68,0.78,17,0,0.125377,0.090899,8.411765,3.411765,0.038671,0.0,0.944574,0.788235,0.156339,0.812034,{'public_conservative': 17},16,0,0.185482,0.121364,11.25,3.875,0.218231,0.0,0.854272,0.800625,0.053647,0.839188,{'public_conservative': 16}
1245,0.09244584,1.0,public_conservative,0.7,0.15,0.01,0.02,0.05,0.05,0.04,0.8,0.84,0.58,0.72,20.0,8.0,0.5,24.0,5.0,0.68,0.78,0.5,24.0,5.0,0.68,0.78,17,0,0.126537,0.090899,8.411765,3.411765,0.038671,0.0,0.944574,0.788235,0.156339,0.812034,{'public_conservative': 17},16,0,0.190791,0.125471,11.5,4.8125,0.061937,0.0,0.853477,0.800625,0.052852,0.84243,{'public_conservative': 16}
1246,0.09175,1.0,public_conservative,0.7,0.15,0.01,0.02,0.1,0.05,0.04,0.8,0.84,0.58,0.72,20.0,8.0,0.5,24.0,5.0,0.68,0.78,0.5,24.0,5.0,0.68,0.78,17,0,0.12669,0.09175,8.235294,3.941176,0.0,0.0,0.941958,0.788235,0.153723,0.812861,{'public_conservative': 17},16,0,0.193888,0.125471,11.5,4.8125,0.061937,0.0,0.853477,0.800625,0.052852,0.84243,{'public_conservative': 16}
1247,0.09175,1.0,public_conservative,0.7,0.15,0.01,0.02,0.2,0.05,0.04,0.8,0.84,0.58,0.72,20.0,8.0,0.5,24.0,5.0,0.68,0.78,0.5,24.0,5.0,0.68,0.78,17,0,0.12669,0.09175,8.235294,3.941176,0.0,0.0,0.941958,0.788235,0.153723,0.812861,{'public_conservative': 17},16,0,0.200082,0.125471,11.5,4.8125,0.061937,0.0,0.853477,0.800625,0.052852,0.84243,{'public_conservative': 16}
1248,0.09175,1.0,public_conservative,0.7,0.15,0.02,0.0,0.02,0.05,0.04,0.8,0.84,0.58,0.72,20.0,8.0,0.5,24.0,5.0,0.68,0.78,0.5,24.0,5.0,0.68,0.78,17,0,0.120954,0.09175,8.235294,3.941176,0.0,0.0,0.941958,0.788235,0.153723,0.812861,{'public_conservative': 17},16,0,0.18142,0.121364,11.25,3.875,0.218231,0.0,0.854272,0.800625,0.053647,0.839188,{'public_conservative': 16}
1249,0.09175,1.0,public_conservative,0.7,0.15,0.02,0.0,0.05,0.05,0.04,0.8,0.84,0.58,0.72,20.0,8.0,0.5,24.0,5.0,0.68,0.78,0.5,24.0,5.0,0.68,0.78,17,0,0.120954,0.09175,8.235294,3.941176,0.0,0.0,0.941958,0.788235,0.153723,0.812861,{'public_conservative': 17},16,0,0.18451,0.125471,11.5,4.8125,0.061937,0.0,0.853477,0.800625,0.052852,0.84243,{'public_conservative': 16}
1250,0.09175,1.0,public_conservative,0.7,0.15,0.02,0.0,0.1,0.05,0.04,0.8,0.84,0.58,0.72,20.0,8.0,0.5,24.0,5.0,0.68,0.78,0.5,24.0,5.0,0.68,0.78,17,0,0.120954,0.09175,8.235294,3.941176,0.0,0.0,0.941958,0.788235,0.153723,0.812861,{'public_conservative': 17},16,0,0.187607,0.125471,11.5,4.8125,0.061937,0.0,0.853477,0.800625,0.052852,0.84243,{'public_conservative': 16}
1251,0.09175,1.0,public_conservative,0.7,0.15,0.02,0.0,0.2,0.05,0.04,0.8,0.84,0.58,0.72,20.0,8.0,0.5,24.0,5.0,0.68,0.78,0.5,24.0,5.0,0.68,0.78,17,0,0.120954,0.09175,8.235294,3.941176,0.0,0.0,0.941958,0.788235,0.153723,0.812861,{'public_conservative': 17},16,0,0.1938,0.125471,11.5,4.8125,0.061937,0.0,0.853477,0.800625,0.052852,0.84243,{'public_conservative': 16}
1252,0.09244584,1.0,public_conservative,0.7,0.15,0.02,0.01,0.02,0.05,0.04,0.8,0.84,0.58,0.72,20.0,8.0,0.5,24.0,5.0,0.68,0.78,0.5,24.0,5.0,0.68,0.78,17,0,0.125318,0.090899,8.411765,3.411765,0.038671,0.0,0.944574,0.788235,0.156339,0.812034,{'public_conservative': 17},16,0,0.186264,0.121364,11.25,3.875,0.218231,0.0,0.854272,0.800625,0.053647,0.839188,{'public_conservative': 16}
1253,0.09175,1.0,public_conservative,0.7,0.15,0.02,0.01,0.05,0.05,0.04,0.8,0.84,0.58,0.72,20.0,8.0,0.5,24.0,5.0,0.68,0.78,0.5,24.0,5.0,0.68,0.78,17,0,0.125881,0.09175,8.235294,3.941176,0.0,0.0,0.941958,0.788235,0.153723,0.812861,{'public_conservative': 17},16,0,0.190525,0.125471,11.5,4.8125,0.061937,0.0,0.853477,0.800625,0.052852,0.84243,{'public_conservative': 16}
1254,0.09175,1.0,public_conservative,0.7,0.15,0.02,0.01,0.1,0.05,0.04,0.8,0.84,0.58,0.72,20.0,8.0,0.5,24.0,5.0,0.68,0.78,0.5,24.0,5.0,0.68,0.78,17,0,0.125881,0.09175,8.235294,3.941176,0.0,0.0,0.941958,0.788235,0.153723,0.812861,{'public_conservative': 17},16,0,0.193622,0.125471,11.5,4.8125,0.061937,0.0,0.853477,0.800625,0.052852,0.84243,{'public_conservative': 16}
1255,0.09175,1.0,public_conservative,0.7,0.15,0.02,0.01,0.2,0.05,0.04,0.8,0.84,0.58,0.72,20.0,8.0,0.5,24.0,5.0,0.68,0.78,0.5,24.0,5.0,0.68,0.78,17,0,0.125881,0.09175,8.235294,3.941176,0.0,0.0,0.941958,0.788235,0.153723,0.812861,{'public_conservative': 17},16,0,0.199816,0.125471,11.5,4.8125,0.061937,0.0,0.853477,0.800625,0.052852,0.84243,{'public_conservative': 16}
1256,0.09244584,1.0,public_conservative,0.7,0.15,0.02,0.02,0.02,0.05,0.04,0.8,0.84,0.58,0.72,20.0,8.0,0.5,24.0,5.0,0.68,0.78,0.5,24.0,5.0,0.68,0.78,17,0,0.129582,0.090899,8.411765,3.411765,0.038671,0.0,0.944574,0.788235,0.156339,0.812034,{'public_conservative': 17},16,0,0.191107,0.121364,11.25,3.875,0.218231,0.0,0.854272,0.800625,0.053647,0.839188,{'public_conservative': 16}
1257,0.09244584,1.0,public_conservative,0.7,0.15,0.02,0.02,0.05,0.05,0.04,0.8,0.84,0.58,0.72,20.0,8.0,0.5,24.0,5.0,0.68,0.78,0.5,24.0,5.0,0.68,0.78,17,0,0.130743,0.090899,8.411765,3.411765,0.038671,0.0,0.944574,0.788235,0.156339,0.812034,{'public_conservative': 17},16,0,0.196541,0.125471,11.5,4.8125,0.061937,0.0,0.853477,0.800625,0.052852,0.84243,{'public_conservative': 16}
1258,0.09175,1.0,public_conservative,0.7,0.15,0.02,0.02,0.1,0.05,0.04,0.8,0.84,0.58,0.72,20.0,8.0,0.5,24.0,5.0,0.68,0.78,0.5,24.0,5.0,0.68,0.78,17,0,0.130807,0.09175,8.235294,3.941176,0.0,0.0,0.941958,0.788235,0.153723,0.812861,{'public_conservative': 17},16,0,0.199638,0.125471,11.5,4.8125,0.061937,0.0,0.853477,0.800625,0.052852,0.84243,{'public_conservative': 16}
1259,0.09175,1.0,public_conservative,0.7,0.15,0.02,0.02,0.2,0.05,0.04,0.8,0.84,0.58,0.72,20.0,8.0,0.5,24.0,5.0,0.68,0.78,0.5,24.0,5.0,0.68,0.78,17,0,0.130807,0.09175,8.235294,3.941176,0.0,0.0,0.941958,0.788235,0.153723,0.812861,{'public_conservative': 17},16,0,0.205832,0.125471,11.5,4.8125,0.061937,0.0,0.853477,0.800625,0.052852,0.84243,{'public_conservative': 16}
1260,0.09244584,1.0,public_conservative,0.7,0.3,0.0,0.0,0.02,0.05,0.04,0.8,0.84,0.58,0.72,20.0,8.0,0.5,24.0,5.0,0.68,0.78,0.5,24.0,5.0,0.68,0.78,17,0,0.11586,0.090899,8.411765,3.411765,0.038671,0.0,0.944574,0.788235,0.156339,0.812034,{'public_conservative': 17},16,0,0.171936,0.121364,11.25,3.875,0.218231,0.0,0.854272,0.800625,0.053647,0.839188,{'public_conservative': 16}
1261,0.09175,1.0,public_conservative,0.7,0.3,0.0,0.0,0.05,0.05,0.04,0.8,0.84,0.58,0.72,20.0,8.0,0.5,24.0,5.0,0.68,0.78,0.5,24.0,5.0,0.68,0.78,17,0,0.115938,0.09175,8.235294,3.941176,0.0,0.0,0.941958,0.788235,0.153723,0.812861,{'public_conservative': 17},16,0,0.174776,0.125471,11.5,4.8125,0.061937,0.0,0.853477,0.800625,0.052852,0.84243,{'public_conservative': 16}
1262,0.09175,1.0,public_conservative,0.7,0.3,0.0,0.0,0.1,0.05,0.04,0.8,0.84,0.58,0.72,20.0,8.0,0.5,24.0,5.0,0.68,0.78,0.5,24.0,5.0,0.68,0.78,17,0,0.115938,0.09175,8.235294,3.941176,0.0,0.0,0.941958,0.788235,0.153723,0.812861,{'public_conservative': 17},16,0,0.177873,0.125471,11.5,4.8125,0.061937,0.0,0.853477,0.800625,0.052852,0.84243,{'public_conservative': 16}
1263,0.09175,1.0,public_conservative,0.7,0.3,0.0,0.0,0.2,0.05,0.04,0.8,0.84,0.58,0.72,20.0,8.0,0.5,24.0,5.0,0.68,0.78,0.5,24.0,5.0,0.68,0.78,17,0,0.115938,0.09175,8.235294,3.941176,0.0,0.0,0.941958,0.788235,0.153723,0.812861,{'public_conservative': 17},16,0,0.184066,0.125471,11.5,4.8125,0.061937,0.0,0.853477,0.800625,0.052852,0.84243,{'public_conservative': 16}
1264,0.09244584,1.0,public_conservative,0.7,0.3,0.0,0.01,0.02,0.05,0.04,0.8,0.84,0.58,0.72,20.0,8.0,0.5,24.0,5.0,0.68,0.78,0.5,24.0,5.0,0.68,0.78,17,0,0.120124,0.090899,8.411765,3.411765,0.038671,0.0,0.944574,0.788235,0.156339,0.812034,{'public_conservative': 17},16,0,0.17678,0.121364,11.25,3.875,0.218231,0.0,0.854272,0.800625,0.053647,0.839188,{'public_conservative': 16}
1265,0.09175,1.0,public_conservative,0.7,0.3,0.0,0.01,0.05,0.05,0.04,0.8,0.84,0.58,0.72,20.0,8.0,0.5,24.0,5.0,0.68,0.78,0.5,24.0,5.0,0.68,0.78,17,0,0.120864,0.09175,8.235294,3.941176,0.0,0.0,0.941958,0.788235,0.153723,0.812861,{'public_conservative': 17},16,0,0.180791,0.125471,11.5,4.8125,0.061937,0.0,0.853477,0.800625,0.052852,0.84243,{'public_conservative': 16}
1266,0.09175,1.0,public_conservative,0.7,0.3,0.0,0.01,0.1,0.05,0.04,0.8,0.84,0.58,0.72,20.0,8.0,0.5,24.0,5.0,0.68,0.78,0.5,24.0,5.0,0.68,0.78,17,0,0.120864,0.09175,8.235294,3.941176,0.0,0.0,0.941958,0.788235,0.153723,0.812861,{'public_conservative': 17},16,0,0.183888,0.125471,11.5,4.8125,0.061937,0.0,0.853477,0.800625,0.052852,0.84243,{'public_conservative': 16}
1267,0.09175,1.0,public_conservative,0.7,0.3,0.0,0.01,0.2,0.05,0.04,0.8,0.84,0.58,0.72,20.0,8.0,0.5,24.0,5.0,0.68,0.78,0.5,24.0,5.0,0.68,0.78,17,0,0.120864,0.09175,8.235294,3.941176,0.0,0.0,0.941958,0.788235,0.153723,0.812861,{'public_conservative': 17},16,0,0.190082,0.125471,11.5,4.8125,0.061937,0.0,0.853477,0.800625,0.052852,0.84243,{'public_conservative': 16}
1268,0.09244584,1.0,public_conservative,0.7,0.3,0.0,0.02,0.02,0.05,0.04,0.8,0.84,0.58,0.72,20.0,8.0,0.5,24.0,5.0,0.68,0.78,0.5,24.0,5.0,0.68,0.78,17,0,0.124389,0.090899,8.411765,3.411765,0.038671,0.0,0.944574,0.788235,0.156339,0.812034,{'public_conservative': 17},16,0,0.181624,0.121364,11.25,3.875,0.218231,0.0,0.854272,0.800625,0.053647,0.839188,{'public_conservative': 16}
1269,0.09244584,1.0,public_conservative,0.7,0.3,0.0,0.02,0.05,0.05,0.04,0.8,0.84,0.58,0.72,20.0,8.0,0.5,24.0,5.0,0.68,0.78,0.5,24.0,5.0,0.68,0.78,17,0,0.125549,0.090899,8.411765,3.411765,0.038671,0.0,0.944574,0.788235,0.156339,0.812034,{'public_conservative': 17},16,0,0.186807,0.125471,11.5,4.8125,0.061937,0.0,0.853477,0.800625,0.052852,0.84243,{'public_conservative': 16}
1270,0.09175,1.0,public_conservative,0.7,0.3,0.0,0.02,0.1,0.05,0.04,0.8,0.84,0.58,0.72,20.0,8.0,0.5,24.0,5.0,0.68,0.78,0.5,24.0,5.0,0.68,0.78,17,0,0.125791,0.09175,8.235294,3.941176,0.0,0.0,0.941958,0.788235,0.153723,0.812861,{'public_conservative': 17},16,0,0.189904,0.125471,11.5,4.8125,0.061937,0.0,0.853477,0.800625,0.052852,0.84243,{'public_conservative': 16}
1271,0.09175,1.0,public_conservative,0.7,0.3,0.0,0.02,0.2,0.05,0.04,0.8,0.84,0.58,0.72,20.0,8.0,0.5,24.0,5.0,0.68,0.78,0.5,24.0,5.0,0.68,0.78,17,0,0.125791,0.09175,8.235294,3.941176,0.0,0.0,0.941958,0.788235,0.153723,0.812861,{'public_conservative': 17},16,0,0.196098,0.125471,11.5,4.8125,0.061937,0.0,0.853477,0.800625,0.052852,0.84243,{'public_conservative': 16}
1272,0.09175,1.0,public_conservative,0.7,0.3,0.01,0.0,0.02,0.05,0.04,0.8,0.84,0.58,0.72,20.0,8.0,0.5,24.0,5.0,0.68,0.78,0.5,24.0,5.0,0.68,0.78,17,0,0.120055,0.09175,8.235294,3.941176,0.0,0.0,0.941958,0.788235,0.153723,0.812861,{'public_conservative': 17},16,0,0.177561,0.121364,11.25,3.875,0.218231,0.0,0.854272,0.800625,0.053647,0.839188,{'public_conservative': 16}
1273,0.09175,1.0,public_conservative,0.7,0.3,0.01,0.0,0.05,0.05,0.04,0.8,0.84,0.58,0.72,20.0,8.0,0.5,24.0,5.0,0.68,0.78,0.5,24.0,5.0,0.68,0.78,17,0,0.120055,0.09175,8.235294,3.941176,0.0,0.0,0.941958,0.788235,0.153723,0.812861,{'public_conservative': 17},16,0,0.180526,0.125471,11.5,4.8125,0.061937,0.0,0.853477,0.800625,0.052852,0.84243,{'public_conservative': 16}
1274,0.09175,1.0,public_conservative,0.7,0.3,0.01,0.0,0.1,0.05,0.04,0.8,0.84,0.58,0.72,20.0,8.0,0.5,24.0,5.0,0.68,0.78,0.5,24.0,5.0,0.68,0.78,17,0,0.120055,0.09175,8.235294,3.941176,0.0,0.0,0.941958,0.788235,0.153723,0.812861,{'public_conservative': 17},16,0,0.183623,0.125471,11.5,4.8125,0.061937,0.0,0.853477,0.800625,0.052852,0.84243,{'public_conservative': 16}
1275,0.09175,1.0,public_conservative,0.7,0.3,0.01,0.0,0.2,0.05,0.04,0.8,0.84,0.58,0.72,20.0,8.0,0.5,24.0,5.0,0.68,0.78,0.5,24.0,5.0,0.68,0.78,17,0,0.120055,0.09175,8.235294,3.941176,0.0,0.0,0.941958,0.788235,0.153723,0.812861,{'public_conservative': 17},16,0,0.189816,0.125471,11.5,4.8125,0.061937,0.0,0.853477,0.800625,0.052852,0.84243,{'public_conservative': 16}
1276,0.09244584,1.0,public_conservative,0.7,0.3,0.01,0.01,0.02,0.05,0.04,0.8,0.84,0.58,0.72,20.0,8.0,0.5,24.0,5.0,0.68,0.78,0.5,24.0,5.0,0.68,0.78,17,0,0.12433,0.090899,8.411765,3.411765,0.038671,0.0,0.944574,0.788235,0.156339,0.812034,{'public_conservative': 17},16,0,0.182405,0.121364,11.25,3.875,0.218231,0.0,0.854272,0.800625,0.053647,0.839188,{'public_conservative': 16}
1277,0.09175,1.0,public_conservative,0.7,0.3,0.01,0.01,0.05,0.05,0.04,0.8,0.84,0.58,0.72,20.0,8.0,0.5,24.0,5.0,0.68,0.78,0.5,24.0,5.0,0.68,0.78,17,0,0.124982,0.09175,8.235294,3.941176,0.0,0.0,0.941958,0.788235,0.153723,0.812861,{'public_conservative': 17},16,0,0.186541,0.125471,11.5,4.8125,0.061937,0.0,0.853477,0.800625,0.052852,0.84243,{'public_conservative': 16}
1278,0.09175,1.0,public_conservative,0.7,0.3,0.01,0.01,0.1,0.05,0.04,0.8,0.84,0.58,0.72,20.0,8.0,0.5,24.0,5.0,0.68,0.78,0.5,24.0,5.0,0.68,0.78,17,0,0.124982,0.09175,8.235294,3.941176,0.0,0.0,0.941958,0.788235,0.153723,0.812861,{'public_conservative': 17},16,0,0.189638,0.125471,11.5,4.8125,0.061937,0.0,0.853477,0.800625,0.052852,0.84243,{'public_conservative': 16}
1279,0.09175,1.0,public_conservative,0.7,0.3,0.01,0.01,0.2,0.05,0.04,0.8,0.84,0.58,0.72,20.0,8.0,0.5,24.0,5.0,0.68,0.78,0.5,24.0,5.0,0.68,0.78,17,0,0.124982,0.09175,8.235294,3.941176,0.0,0.0,0.941958,0.788235,0.153723,0.812861,{'public_conservative': 17},16,0,0.195832,0.125471,11.5,4.8125,0.061937,0.0,0.853477,0.800625,0.052852,0.84243,{'public_conservative': 16}
1280,0.09244584,1.0,public_conservative,0.7,0.3,0.01,0.02,0.02,0.05,0.04,0.8,0.84,0.58,0.72,20.0,8.0,0.5,24.0,5.0,0.68,0.78,0.5,24.0,5.0,0.68,0.78,17,0,0.128595,0.090899,8.411765,3.411765,0.038671,0.0,0.944574,0.788235,0.156339,0.812034,{'public_conservative': 17},16,0,0.187249,0.121364,11.25,3.875,0.218231,0.0,0.854272,0.800625,0.053647,0.839188,{'public_conservative': 16}
1281,0.09244584,1.0,public_conservative,0.7,0.3,0.01,0.02,0.05,0.05,0.04,0.8,0.84,0.58,0.72,20.0,8.0,0.5,24.0,5.0,0.68,0.78,0.5,24.0,5.0,0.68,0.78,17,0,0.129755,0.090899,8.411765,3.411765,0.038671,0.0,0.944574,0.788235,0.156339,0.812034,{'public_conservative': 17},16,0,0.192557,0.125471,11.5,4.8125,0.061937,0.0,0.853477,0.800625,0.052852,0.84243,{'public_conservative': 16}
1282,0.09175,1.0,public_conservative,0.7,0.3,0.01,0.02,0.1,0.05,0.04,0.8,0.84,0.58,0.72,20.0,8.0,0.5,24.0,5.0,0.68,0.78,0.5,24.0,5.0,0.68,0.78,17,0,0.129908,0.09175,8.235294,3.941176,0.0,0.0,0.941958,0.788235,0.153723,0.812861,{'public_conservative': 17},16,0,0.195654,0.125471,11.5,4.8125,0.061937,0.0,0.853477,0.800625,0.052852,0.84243,{'public_conservative': 16}
1283,0.09175,1.0,public_conservative,0.7,0.3,0.01,0.02,0.2,0.05,0.04,0.8,0.84,0.58,0.72,20.0,8.0,0.5,24.0,5.0,0.68,0.78,0.5,24.0,5.0,0.68,0.78,17,0,0.129908,0.09175,8.235294,3.941176,0.0,0.0,0.941958,0.788235,0.153723,0.812861,{'public_conservative': 17},16,0,0.201848,0.125471,11.5,4.8125,0.061937,0.0,0.853477,0.800625,0.052852,0.84243,{'public_conservative': 16}
1284,0.09175,1.0,public_conservative,0.7,0.3,0.02,0.0,0.02,0.05,0.04,0.8,0.84,0.58,0.72,20.0,8.0,0.5,24.0,5.0,0.68,0.78,0.5,24.0,5.0,0.68,0.78,17,0,0.124173,0.09175,8.235294,3.941176,0.0,0.0,0.941958,0.788235,0.153723,0.812861,{'public_conservative': 17},16,0,0.183186,0.121364,11.25,3.875,0.218231,0.0,0.854272,0.800625,0.053647,0.839188,{'public_conservative': 16}
1285,0.09175,1.0,public_conservative,0.7,0.3,0.02,0.0,0.05,0.05,0.04,0.8,0.84,0.58,0.72,20.0,8.0,0.5,24.0,5.0,0.68,0.78,0.5,24.0,5.0,0.68,0.78,17,0,0.124173,0.09175,8.235294,3.941176,0.0,0.0,0.941958,0.788235,0.153723,0.812861,{'public_conservative': 17},16,0,0.186276,0.125471,11.5,4.8125,0.061937,0.0,0.853477,0.800625,0.052852,0.84243,{'public_conservative': 16}
1286,0.09175,1.0,public_conservative,0.7,0.3,0.02,0.0,0.1,0.05,0.04,0.8,0.84,0.58,0.72,20.0,8.0,0.5,24.0,5.0,0.68,0.78,0.5,24.0,5.0,0.68,0.78,17,0,0.124173,0.09175,8.235294,3.941176,0.0,0.0,0.941958,0.788235,0.153723,0.812861,{'public_conservative': 17},16,0,0.189373,0.125471,11.5,4.8125,0.061937,0.0,0.853477,0.800625,0.052852,0.84243,{'public_conservative': 16}
1287,0.09175,1.0,public_conservative,0.7,0.3,0.02,0.0,0.2,0.05,0.04,0.8,0.84,0.58,0.72,20.0,8.0,0.5,24.0,5.0,0.68,0.78,0.5,24.0,5.0,0.68,0.78,17,0,0.124173,0.09175,8.235294,3.941176,0.0,0.0,0.941958,0.788235,0.153723,0.812861,{'public_conservative': 17},16,0,0.195566,0.125471,11.5,4.8125,0.061937,0.0,0.853477,0.800625,0.052852,0.84243,{'public_conservative': 16}
1288,0.09244584,1.0,public_conservative,0.7,0.3,0.02,0.01,0.02,0.05,0.04,0.8,0.84,0.58,0.72,20.0,8.0,0.5,24.0,5.0,0.68,0.78,0.5,24.0,5.0,0.68,0.78,17,0,0.128536,0.090899,8.411765,3.411765,0.038671,0.0,0.944574,0.788235,0.156339,0.812034,{'public_conservative': 17},16,0,0.18803,0.121364,11.25,3.875,0.218231,0.0,0.854272,0.800625,0.053647,0.839188,{'public_conservative': 16}
1289,0.09175,1.0,public_conservative,0.7,0.3,0.02,0.01,0.05,0.05,0.04,0.8,0.84,0.58,0.72,20.0,8.0,0.5,24.0,5.0,0.68,0.78,0.5,24.0,5.0,0.68,0.78,17,0,0.129099,0.09175,8.235294,3.941176,0.0,0.0,0.941958,0.788235,0.153723,0.812861,{'public_conservative': 17},16,0,0.192291,0.125471,11.5,4.8125,0.061937,0.0,0.853477,0.800625,0.052852,0.84243,{'public_conservative': 16}
1290,0.09175,1.0,public_conservative,0.7,0.3,0.02,0.01,0.1,0.05,0.04,0.8,0.84,0.58,0.72,20.0,8.0,0.5,24.0,5.0,0.68,0.78,0.5,24.0,5.0,0.68,0.78,17,0,0.129099,0.09175,8.235294,3.941176,0.0,0.0,0.941958,0.788235,0.153723,0.812861,{'public_conservative': 17},16,0,0.195388,0.125471,11.5,4.8125,0.061937,0.0,0.853477,0.800625,0.052852,0.84243,{'public_conservative': 16}
1291,0.09175,1.0,public_conservative,0.7,0.3,0.02,0.01,0.2,0.05,0.04,0.8,0.84,0.58,0.72,20.0,8.0,0.5,24.0,5.0,0.68,0.78,0.5,24.0,5.0,0.68,0.78,17,0,0.129099,0.09175,8.235294,3.941176,0.0,0.0,0.941958,0.788235,0.153723,0.812861,{'public_conservative': 17},16,0,0.201582,0.125471,11.5,4.8125,0.061937,0.0,0.853477,0.800625,0.052852,0.84243,{'public_conservative': 16}
1292,0.09244584,1.0,public_conservative,0.7,0.3,0.02,0.02,0.02,0.05,0.04,0.8,0.84,0.58,0.72,20.0,8.0,0.5,24.0,5.0,0.68,0.78,0.5,24.0,5.0,0.68,0.78,17,0,0.132801,0.090899,8.411765,3.411765,0.038671,0.0,0.944574,0.788235,0.156339,0.812034,{'public_conservative': 17},16,0,0.192874,0.121364,11.25,3.875,0.218231,0.0,0.854272,0.800625,0.053647,0.839188,{'public_conservative': 16}
1293,0.09244584,1.0,public_conservative,0.7,0.3,0.02,0.02,0.05,0.05,0.04,0.8,0.84,0.58,0.72,20.0,8.0,0.5,24.0,5.0,0.68,0.78,0.5,24.0,5.0,0.68,0.78,17,0,0.133961,0.090899,8.411765,3.411765,0.038671,0.0,0.944574,0.788235,0.156339,0.812034,{'public_conservative': 17},16,0,0.198307,0.125471,11.5,4.8125,0.061937,0.0,0.853477,0.800625,0.052852,0.84243,{'public_conservative': 16}
1294,0.09175,1.0,public_conservative,0.7,0.3,0.02,0.02,0.1,0.05,0.04,0.8,0.84,0.58,0.72,20.0,8.0,0.5,24.0,5.0,0.68,0.78,0.5,24.0,5.0,0.68,0.78,17,0,0.134026,0.09175,8.235294,3.941176,0.0,0.0,0.941958,0.788235,0.153723,0.812861,{'public_conservative': 17},16,0,0.201404,0.125471,11.5,4.8125,0.061937,0.0,0.853477,0.800625,0.052852,0.84243,{'public_conservative': 16}
1295,0.09175,1.0,public_conservative,0.7,0.3,0.02,0.02,0.2,0.05,0.04,0.8,0.84,0.58,0.72,20.0,8.0,0.5,24.0,5.0,0.68,0.78,0.5,24.0,5.0,0.68,0.78,17,0,0.134026,0.09175,8.235294,3.941176,0.0,0.0,0.941958,0.788235,0.153723,0.812861,{'public_conservative': 17},16,0,0.207598,0.125471,11.5,4.8125,0.061937,0.0,0.853477,0.800625,0.052852,0.84243,{'public_conservative': 16}
