candidate,sample_id,category,unified_loss,quality_level,jump_count,trim_count,off_mask_stitch_length_mm,visible_connector_count,dst_path,target_mask_path,target_pixels,adaptive_target_pixels,stitch_pixels,overlap_pixels,off_target_pixels,adaptive_overlap_pixels,adaptive_off_target_pixels,coverage_ratio,stitch_precision_ratio,adaptive_coverage_ratio,adaptive_stitch_precision_ratio,overfill_outside_adaptive_ratio,line_radius_px,adaptive_precision_radius_px,target_width_mm
public_benchmark_v1_core20_auto_hybrid_skeleton_connect12_trimcap20,qd_001,cat,,,,,,,results\public_benchmark_v1_core20_auto_hybrid_skeleton_connect12_trimcap20\qd_001\prediction.dst,datasets\public_benchmark_v1_ext33\quickdraw_10\qd_001_mask.png,7588,11839,10669,7157,3512,10301,368,0.9432,0.670822,0.87009,0.965508,0.034492,2,2,90.0
public_benchmark_v1_core20_auto_hybrid_skeleton_connect12_trimcap20,qd_002,dog,,,,,,,results\public_benchmark_v1_core20_auto_hybrid_skeleton_connect12_trimcap20\qd_002\prediction.dst,datasets\public_benchmark_v1_ext33\quickdraw_10\qd_002_mask.png,8242,12300,10893,7949,2944,10576,317,0.96445,0.729735,0.859837,0.970899,0.029101,2,2,90.0
public_benchmark_v1_core20_auto_hybrid_skeleton_connect12_trimcap20,qd_003,fish,,,,,,,results\public_benchmark_v1_core20_auto_hybrid_skeleton_connect12_trimcap20\qd_003\prediction.dst,datasets\public_benchmark_v1_ext33\quickdraw_10\qd_003_mask.png,5046,7947,7756,5015,2741,7427,329,0.993857,0.646596,0.934567,0.957581,0.042419,2,2,90.0
public_benchmark_v1_core20_auto_hybrid_skeleton_connect12_trimcap20,qd_004,flower,,,,,,,results\public_benchmark_v1_core20_auto_hybrid_skeleton_connect12_trimcap20\qd_004\prediction.dst,datasets\public_benchmark_v1_ext33\quickdraw_10\qd_004_mask.png,5898,9169,8394,5832,2562,8079,315,0.98881,0.694782,0.881121,0.962473,0.037527,2,2,90.0
public_benchmark_v1_core20_auto_hybrid_skeleton_connect12_trimcap20,qd_005,bicycle,,,,,,,results\public_benchmark_v1_core20_auto_hybrid_skeleton_connect12_trimcap20\qd_005\prediction.dst,datasets\public_benchmark_v1_ext33\quickdraw_10\qd_005_mask.png,7540,11320,10464,1924,8540,2862,7602,0.255172,0.183869,0.252827,0.273509,0.726491,2,2,90.0
public_benchmark_v1_core20_source_aware_hybrid_skeleton,qd_001,cat,,,,,,,results\public_benchmark_v1_core20_source_aware_hybrid_skeleton\qd_001\prediction.dst,datasets\public_benchmark_v1_ext33\quickdraw_10\qd_001_mask.png,7588,11839,10374,7086,3288,10184,190,0.933843,0.683054,0.860208,0.981685,0.018315,2,2,90.0
public_benchmark_v1_core20_source_aware_hybrid_skeleton,qd_002,dog,,,,,,,results\public_benchmark_v1_core20_source_aware_hybrid_skeleton\qd_002\prediction.dst,datasets\public_benchmark_v1_ext33\quickdraw_10\qd_002_mask.png,8242,12300,10485,7891,2594,10381,104,0.957413,0.752599,0.843984,0.990081,0.009919,2,2,90.0
public_benchmark_v1_core20_source_aware_hybrid_skeleton,qd_003,fish,,,,,,,results\public_benchmark_v1_core20_source_aware_hybrid_skeleton\qd_003\prediction.dst,datasets\public_benchmark_v1_ext33\quickdraw_10\qd_003_mask.png,5046,7947,7277,4864,2413,7170,107,0.963932,0.668407,0.902227,0.985296,0.014704,2,2,90.0
public_benchmark_v1_core20_source_aware_hybrid_skeleton,qd_004,flower,,,,,,,results\public_benchmark_v1_core20_source_aware_hybrid_skeleton\qd_004\prediction.dst,datasets\public_benchmark_v1_ext33\quickdraw_10\qd_004_mask.png,5898,9169,8066,5811,2255,7996,70,0.985249,0.720431,0.872069,0.991322,0.008678,2,2,90.0
public_benchmark_v1_core20_source_aware_hybrid_skeleton,qd_005,bicycle,,,,,,,results\public_benchmark_v1_core20_source_aware_hybrid_skeleton\qd_005\prediction.dst,datasets\public_benchmark_v1_ext33\quickdraw_10\qd_005_mask.png,7540,11320,9983,1795,8188,2657,7326,0.238064,0.179806,0.234717,0.266152,0.733848,2,2,90.0
public_benchmark_v1_core20_source_aware_hybrid_skeleton_connect12,qd_001,cat,,,,,,,results\public_benchmark_v1_core20_source_aware_hybrid_skeleton_connect12\qd_001\prediction.dst,datasets\public_benchmark_v1_ext33\quickdraw_10\qd_001_mask.png,7588,11839,10669,7157,3512,10301,368,0.9432,0.670822,0.87009,0.965508,0.034492,2,2,90.0
public_benchmark_v1_core20_source_aware_hybrid_skeleton_connect12,qd_002,dog,,,,,,,results\public_benchmark_v1_core20_source_aware_hybrid_skeleton_connect12\qd_002\prediction.dst,datasets\public_benchmark_v1_ext33\quickdraw_10\qd_002_mask.png,8242,12300,10893,7949,2944,10576,317,0.96445,0.729735,0.859837,0.970899,0.029101,2,2,90.0
public_benchmark_v1_core20_source_aware_hybrid_skeleton_connect12,qd_003,fish,,,,,,,results\public_benchmark_v1_core20_source_aware_hybrid_skeleton_connect12\qd_003\prediction.dst,datasets\public_benchmark_v1_ext33\quickdraw_10\qd_003_mask.png,5046,7947,7756,5015,2741,7427,329,0.993857,0.646596,0.934567,0.957581,0.042419,2,2,90.0
public_benchmark_v1_core20_source_aware_hybrid_skeleton_connect12,qd_004,flower,,,,,,,results\public_benchmark_v1_core20_source_aware_hybrid_skeleton_connect12\qd_004\prediction.dst,datasets\public_benchmark_v1_ext33\quickdraw_10\qd_004_mask.png,5898,9169,8394,5832,2562,8079,315,0.98881,0.694782,0.881121,0.962473,0.037527,2,2,90.0
public_benchmark_v1_core20_source_aware_hybrid_skeleton_connect12,qd_005,bicycle,,,,,,,results\public_benchmark_v1_core20_source_aware_hybrid_skeleton_connect12\qd_005\prediction.dst,datasets\public_benchmark_v1_ext33\quickdraw_10\qd_005_mask.png,7540,11320,10464,1924,8540,2862,7602,0.255172,0.183869,0.252827,0.273509,0.726491,2,2,90.0
public_benchmark_v1_core20_source_aware_hybrid_skeleton_connect12_trimcap20,qd_001,cat,,,,,,,results\public_benchmark_v1_core20_source_aware_hybrid_skeleton_connect12_trimcap20\qd_001\prediction.dst,datasets\public_benchmark_v1_ext33\quickdraw_10\qd_001_mask.png,7588,11839,10669,7157,3512,10301,368,0.9432,0.670822,0.87009,0.965508,0.034492,2,2,90.0
public_benchmark_v1_core20_source_aware_hybrid_skeleton_connect12_trimcap20,qd_002,dog,,,,,,,results\public_benchmark_v1_core20_source_aware_hybrid_skeleton_connect12_trimcap20\qd_002\prediction.dst,datasets\public_benchmark_v1_ext33\quickdraw_10\qd_002_mask.png,8242,12300,10893,7949,2944,10576,317,0.96445,0.729735,0.859837,0.970899,0.029101,2,2,90.0
public_benchmark_v1_core20_source_aware_hybrid_skeleton_connect12_trimcap20,qd_003,fish,,,,,,,results\public_benchmark_v1_core20_source_aware_hybrid_skeleton_connect12_trimcap20\qd_003\prediction.dst,datasets\public_benchmark_v1_ext33\quickdraw_10\qd_003_mask.png,5046,7947,7756,5015,2741,7427,329,0.993857,0.646596,0.934567,0.957581,0.042419,2,2,90.0
public_benchmark_v1_core20_source_aware_hybrid_skeleton_connect12_trimcap20,qd_004,flower,,,,,,,results\public_benchmark_v1_core20_source_aware_hybrid_skeleton_connect12_trimcap20\qd_004\prediction.dst,datasets\public_benchmark_v1_ext33\quickdraw_10\qd_004_mask.png,5898,9169,8394,5832,2562,8079,315,0.98881,0.694782,0.881121,0.962473,0.037527,2,2,90.0
public_benchmark_v1_core20_source_aware_hybrid_skeleton_connect12_trimcap20,qd_005,bicycle,,,,,,,results\public_benchmark_v1_core20_source_aware_hybrid_skeleton_connect12_trimcap20\qd_005\prediction.dst,datasets\public_benchmark_v1_ext33\quickdraw_10\qd_005_mask.png,7540,11320,10464,1924,8540,2862,7602,0.255172,0.183869,0.252827,0.273509,0.726491,2,2,90.0
public_benchmark_v1_ext33_all_skeleton_connect20_trimcap20,qd_001,cat,,,,,,,results\public_benchmark_v1_ext33_all_skeleton_connect20_trimcap20\qd_001\prediction.dst,datasets\public_benchmark_v1_ext33\quickdraw_10\qd_001_mask.png,7588,11839,10795,7157,3638,10320,475,0.9432,0.662992,0.871695,0.955998,0.044002,2,2,90.0
public_benchmark_v1_ext33_all_skeleton_connect20_trimcap20,qd_002,dog,,,,,,,results\public_benchmark_v1_ext33_all_skeleton_connect20_trimcap20\qd_002\prediction.dst,datasets\public_benchmark_v1_ext33\quickdraw_10\qd_002_mask.png,8242,12300,11075,7981,3094,10646,429,0.968333,0.720632,0.865528,0.961264,0.038736,2,2,90.0
public_benchmark_v1_ext33_all_skeleton_connect20_trimcap20,qd_003,fish,,,,,,,results\public_benchmark_v1_ext33_all_skeleton_connect20_trimcap20\qd_003\prediction.dst,datasets\public_benchmark_v1_ext33\quickdraw_10\qd_003_mask.png,5046,7947,7799,5015,2784,7427,372,0.993857,0.643031,0.934567,0.952302,0.047698,2,2,90.0
public_benchmark_v1_ext33_all_skeleton_connect20_trimcap20,qd_004,flower,,,,,,,results\public_benchmark_v1_ext33_all_skeleton_connect20_trimcap20\qd_004\prediction.dst,datasets\public_benchmark_v1_ext33\quickdraw_10\qd_004_mask.png,5898,9169,8606,5839,2767,8142,464,0.989997,0.67848,0.887992,0.946084,0.053916,2,2,90.0
public_benchmark_v1_ext33_all_skeleton_connect20_trimcap20,qd_005,bicycle,,,,,,,results\public_benchmark_v1_ext33_all_skeleton_connect20_trimcap20\qd_005\prediction.dst,datasets\public_benchmark_v1_ext33\quickdraw_10\qd_005_mask.png,7540,11320,11020,7458,3562,10260,760,0.989125,0.67677,0.90636,0.931034,0.068966,2,2,90.0
public_benchmark_v1_ext33_all_skeleton_connect20_trimcap20,qd_006,bird,,,,,,,results\public_benchmark_v1_ext33_all_skeleton_connect20_trimcap20\qd_006\prediction.dst,datasets\public_benchmark_v1_ext33\quickdraw_10\qd_006_mask.png,6036,9168,8464,5839,2625,8227,237,0.967362,0.689863,0.89736,0.971999,0.028001,2,2,90.0
public_benchmark_v1_ext33_all_skeleton_connect20_trimcap20,qd_007,moon,,,,,,,results\public_benchmark_v1_ext33_all_skeleton_connect20_trimcap20\qd_007\prediction.dst,datasets\public_benchmark_v1_ext33\quickdraw_10\qd_007_mask.png,8074,12913,12218,8037,4181,11944,274,0.995417,0.6578,0.924959,0.977574,0.022426,2,2,90.0
public_benchmark_v1_ext33_all_skeleton_connect20_trimcap20,qd_008,star,,,,,,,results\public_benchmark_v1_ext33_all_skeleton_connect20_trimcap20\qd_008\prediction.dst,datasets\public_benchmark_v1_ext33\quickdraw_10\qd_008_mask.png,5902,9332,8728,5877,2851,8541,187,0.995764,0.67335,0.915238,0.978575,0.021425,2,2,90.0
public_benchmark_v1_ext33_all_skeleton_connect30_min12_trimcap20,qd_001,cat,,,,,,,results\public_benchmark_v1_ext33_all_skeleton_connect30_min12_trimcap20\qd_001\prediction.dst,datasets\public_benchmark_v1_ext33\quickdraw_10\qd_001_mask.png,7588,11839,10250,6780,3470,9887,363,0.893516,0.661463,0.835121,0.964585,0.035415,2,2,90.0
public_benchmark_v1_ext33_all_skeleton_connect30_min12_trimcap20,qd_002,dog,,,,,,,results\public_benchmark_v1_ext33_all_skeleton_connect30_min12_trimcap20\qd_002\prediction.dst,datasets\public_benchmark_v1_ext33\quickdraw_10\qd_002_mask.png,8242,12300,11228,7884,3344,10608,620,0.956564,0.702173,0.862439,0.944781,0.055219,2,2,90.0
public_benchmark_v1_ext33_all_skeleton_connect30_min12_trimcap20,qd_003,fish,,,,,,,results\public_benchmark_v1_ext33_all_skeleton_connect30_min12_trimcap20\qd_003\prediction.dst,datasets\public_benchmark_v1_ext33\quickdraw_10\qd_003_mask.png,5046,7947,7431,4741,2690,7089,342,0.939556,0.638003,0.892035,0.953977,0.046023,2,2,90.0
public_benchmark_v1_ext33_all_skeleton_connect30_min12_trimcap20,qd_004,flower,,,,,,,results\public_benchmark_v1_ext33_all_skeleton_connect30_min12_trimcap20\qd_004\prediction.dst,datasets\public_benchmark_v1_ext33\quickdraw_10\qd_004_mask.png,5898,9169,8132,5393,2739,7601,531,0.914378,0.663182,0.828989,0.934702,0.065298,2,2,90.0
public_benchmark_v1_ext33_all_skeleton_connect30_min12_trimcap20,qd_005,bicycle,,,,,,,results\public_benchmark_v1_ext33_all_skeleton_connect30_min12_trimcap20\qd_005\prediction.dst,datasets\public_benchmark_v1_ext33\quickdraw_10\qd_005_mask.png,7540,11320,10566,6962,3604,9591,975,0.923342,0.658906,0.847261,0.907723,0.092277,2,2,90.0
public_benchmark_v1_ext33_all_skeleton_connect30_min12_trimcap20,qd_006,bird,,,,,,,results\public_benchmark_v1_ext33_all_skeleton_connect30_min12_trimcap20\qd_006\prediction.dst,datasets\public_benchmark_v1_ext33\quickdraw_10\qd_006_mask.png,6036,9168,7943,5419,2524,7704,239,0.89778,0.682236,0.840314,0.969911,0.030089,2,2,90.0
public_benchmark_v1_ext33_all_skeleton_connect30_min12_trimcap20,qd_007,moon,,,,,,,results\public_benchmark_v1_ext33_all_skeleton_connect30_min12_trimcap20\qd_007\prediction.dst,datasets\public_benchmark_v1_ext33\quickdraw_10\qd_007_mask.png,8074,12913,11642,7691,3951,11435,207,0.952564,0.660625,0.885542,0.98222,0.01778,2,2,90.0
public_benchmark_v1_ext33_all_skeleton_connect30_min12_trimcap20,qd_008,star,,,,,,,results\public_benchmark_v1_ext33_all_skeleton_connect30_min12_trimcap20\qd_008\prediction.dst,datasets\public_benchmark_v1_ext33\quickdraw_10\qd_008_mask.png,5902,9332,8685,5835,2850,8480,205,0.988648,0.671848,0.908701,0.976396,0.023604,2,2,90.0
public_benchmark_v1_ext33_all_skeleton_connect30_min20_trimcap20,qd_001,cat,,,,,,,results\public_benchmark_v1_ext33_all_skeleton_connect30_min20_trimcap20\qd_001\prediction.dst,datasets\public_benchmark_v1_ext33\quickdraw_10\qd_001_mask.png,7588,11839,10250,6780,3470,9887,363,0.893516,0.661463,0.835121,0.964585,0.035415,2,2,90.0
public_benchmark_v1_ext33_all_skeleton_connect30_min20_trimcap20,qd_002,dog,,,,,,,results\public_benchmark_v1_ext33_all_skeleton_connect30_min20_trimcap20\qd_002\prediction.dst,datasets\public_benchmark_v1_ext33\quickdraw_10\qd_002_mask.png,8242,12300,11233,7748,3485,10459,774,0.940063,0.689753,0.850325,0.931096,0.068904,2,2,90.0
public_benchmark_v1_ext33_all_skeleton_connect30_min20_trimcap20,qd_003,fish,,,,,,,results\public_benchmark_v1_ext33_all_skeleton_connect30_min20_trimcap20\qd_003\prediction.dst,datasets\public_benchmark_v1_ext33\quickdraw_10\qd_003_mask.png,5046,7947,7276,4623,2653,6931,345,0.916171,0.635377,0.872153,0.952584,0.047416,2,2,90.0
public_benchmark_v1_ext33_all_skeleton_connect30_min20_trimcap20,qd_004,flower,,,,,,,results\public_benchmark_v1_ext33_all_skeleton_connect30_min20_trimcap20\qd_004\prediction.dst,datasets\public_benchmark_v1_ext33\quickdraw_10\qd_004_mask.png,5898,9169,7809,5224,2585,7307,502,0.885724,0.668972,0.796924,0.935715,0.064285,2,2,90.0
public_benchmark_v1_ext33_all_skeleton_connect30_min20_trimcap20,qd_005,bicycle,,,,,,,results\public_benchmark_v1_ext33_all_skeleton_connect30_min20_trimcap20\qd_005\prediction.dst,datasets\public_benchmark_v1_ext33\quickdraw_10\qd_005_mask.png,7540,11320,9673,6632,3041,9093,580,0.879576,0.68562,0.803269,0.940039,0.059961,2,2,90.0
public_benchmark_v1_ext33_all_skeleton_connect30_min20_trimcap20,qd_006,bird,,,,,,,results\public_benchmark_v1_ext33_all_skeleton_connect30_min20_trimcap20\qd_006\prediction.dst,datasets\public_benchmark_v1_ext33\quickdraw_10\qd_006_mask.png,6036,9168,7359,4879,2480,7075,284,0.808317,0.662998,0.771706,0.961408,0.038592,2,2,90.0
public_benchmark_v1_ext33_all_skeleton_connect30_min20_trimcap20,qd_007,moon,,,,,,,results\public_benchmark_v1_ext33_all_skeleton_connect30_min20_trimcap20\qd_007\prediction.dst,datasets\public_benchmark_v1_ext33\quickdraw_10\qd_007_mask.png,8074,12913,11234,7427,3807,11068,166,0.919866,0.661118,0.857121,0.985223,0.014777,2,2,90.0
public_benchmark_v1_ext33_all_skeleton_connect30_min20_trimcap20,qd_008,star,,,,,,,results\public_benchmark_v1_ext33_all_skeleton_connect30_min20_trimcap20\qd_008\prediction.dst,datasets\public_benchmark_v1_ext33\quickdraw_10\qd_008_mask.png,5902,9332,8526,5713,2813,8321,205,0.967977,0.670068,0.891663,0.975956,0.024044,2,2,90.0
public_benchmark_v1_ext33_all_skeleton_connect30_min8_trimcap20,qd_001,cat,,,,,,,results\public_benchmark_v1_ext33_all_skeleton_connect30_min8_trimcap20\qd_001\prediction.dst,datasets\public_benchmark_v1_ext33\quickdraw_10\qd_001_mask.png,7588,11839,10371,6888,3483,10008,363,0.907749,0.66416,0.845342,0.964999,0.035001,2,2,90.0
public_benchmark_v1_ext33_all_skeleton_connect30_min8_trimcap20,qd_002,dog,,,,,,,results\public_benchmark_v1_ext33_all_skeleton_connect30_min8_trimcap20\qd_002\prediction.dst,datasets\public_benchmark_v1_ext33\quickdraw_10\qd_002_mask.png,8242,12300,11260,7916,3344,10646,614,0.960446,0.70302,0.865528,0.945471,0.054529,2,2,90.0
public_benchmark_v1_ext33_all_skeleton_connect30_min8_trimcap20,qd_003,fish,,,,,,,results\public_benchmark_v1_ext33_all_skeleton_connect30_min8_trimcap20\qd_003\prediction.dst,datasets\public_benchmark_v1_ext33\quickdraw_10\qd_003_mask.png,5046,7947,7731,4950,2781,7348,383,0.980975,0.640279,0.924626,0.950459,0.049541,2,2,90.0
public_benchmark_v1_ext33_all_skeleton_connect30_min8_trimcap20,qd_004,flower,,,,,,,results\public_benchmark_v1_ext33_all_skeleton_connect30_min8_trimcap20\qd_004\prediction.dst,datasets\public_benchmark_v1_ext33\quickdraw_10\qd_004_mask.png,5898,9169,8326,5561,2765,7802,524,0.942862,0.667908,0.850911,0.937065,0.062935,2,2,90.0
public_benchmark_v1_ext33_all_skeleton_connect30_min8_trimcap20,qd_005,bicycle,,,,,,,results\public_benchmark_v1_ext33_all_skeleton_connect30_min8_trimcap20\qd_005\prediction.dst,datasets\public_benchmark_v1_ext33\quickdraw_10\qd_005_mask.png,7540,11320,10921,7226,3695,9965,956,0.958355,0.661661,0.8803,0.912462,0.087538,2,2,90.0
public_benchmark_v1_ext33_all_skeleton_connect30_min8_trimcap20,qd_006,bird,,,,,,,results\public_benchmark_v1_ext33_all_skeleton_connect30_min8_trimcap20\qd_006\prediction.dst,datasets\public_benchmark_v1_ext33\quickdraw_10\qd_006_mask.png,6036,9168,8347,5779,2568,8197,150,0.957422,0.692345,0.894088,0.982029,0.017971,2,2,90.0
public_benchmark_v1_ext33_all_skeleton_connect30_min8_trimcap20,qd_007,moon,,,,,,,results\public_benchmark_v1_ext33_all_skeleton_connect30_min8_trimcap20\qd_007\prediction.dst,datasets\public_benchmark_v1_ext33\quickdraw_10\qd_007_mask.png,8074,12913,11786,7730,4056,11512,274,0.957394,0.655863,0.891505,0.976752,0.023248,2,2,90.0
public_benchmark_v1_ext33_all_skeleton_connect30_min8_trimcap20,qd_008,star,,,,,,,results\public_benchmark_v1_ext33_all_skeleton_connect30_min8_trimcap20\qd_008\prediction.dst,datasets\public_benchmark_v1_ext33\quickdraw_10\qd_008_mask.png,5902,9332,8685,5835,2850,8480,205,0.988648,0.671848,0.908701,0.976396,0.023604,2,2,90.0
public_benchmark_v1_ext33_all_skeleton_connect30_trimcap20,qd_001,cat,,,,,,,results\public_benchmark_v1_ext33_all_skeleton_connect30_trimcap20\qd_001\prediction.dst,datasets\public_benchmark_v1_ext33\quickdraw_10\qd_001_mask.png,7588,11839,10795,7157,3638,10320,475,0.9432,0.662992,0.871695,0.955998,0.044002,2,2,90.0
public_benchmark_v1_ext33_all_skeleton_connect30_trimcap20,qd_002,dog,,,,,,,results\public_benchmark_v1_ext33_all_skeleton_connect30_trimcap20\qd_002\prediction.dst,datasets\public_benchmark_v1_ext33\quickdraw_10\qd_002_mask.png,8242,12300,11201,7981,3220,10713,488,0.968333,0.712526,0.870976,0.956432,0.043568,2,2,90.0
public_benchmark_v1_ext33_all_skeleton_connect30_trimcap20,qd_003,fish,,,,,,,results\public_benchmark_v1_ext33_all_skeleton_connect30_trimcap20\qd_003\prediction.dst,datasets\public_benchmark_v1_ext33\quickdraw_10\qd_003_mask.png,5046,7947,7799,5015,2784,7427,372,0.993857,0.643031,0.934567,0.952302,0.047698,2,2,90.0
public_benchmark_v1_ext33_all_skeleton_connect30_trimcap20,qd_004,flower,,,,,,,results\public_benchmark_v1_ext33_all_skeleton_connect30_trimcap20\qd_004\prediction.dst,datasets\public_benchmark_v1_ext33\quickdraw_10\qd_004_mask.png,5898,9169,8606,5839,2767,8142,464,0.989997,0.67848,0.887992,0.946084,0.053916,2,2,90.0
public_benchmark_v1_ext33_all_skeleton_connect30_trimcap20,qd_005,bicycle,,,,,,,results\public_benchmark_v1_ext33_all_skeleton_connect30_trimcap20\qd_005\prediction.dst,datasets\public_benchmark_v1_ext33\quickdraw_10\qd_005_mask.png,7540,11320,11274,7458,3816,10276,998,0.989125,0.661522,0.907774,0.911478,0.088522,2,2,90.0
public_benchmark_v1_ext33_all_skeleton_connect30_trimcap20,qd_006,bird,,,,,,,results\public_benchmark_v1_ext33_all_skeleton_connect30_trimcap20\qd_006\prediction.dst,datasets\public_benchmark_v1_ext33\quickdraw_10\qd_006_mask.png,6036,9168,8464,5839,2625,8227,237,0.967362,0.689863,0.89736,0.971999,0.028001,2,2,90.0
public_benchmark_v1_ext33_all_skeleton_connect30_trimcap20,qd_007,moon,,,,,,,results\public_benchmark_v1_ext33_all_skeleton_connect30_trimcap20\qd_007\prediction.dst,datasets\public_benchmark_v1_ext33\quickdraw_10\qd_007_mask.png,8074,12913,12218,8037,4181,11944,274,0.995417,0.6578,0.924959,0.977574,0.022426,2,2,90.0
public_benchmark_v1_ext33_all_skeleton_connect30_trimcap20,qd_008,star,,,,,,,results\public_benchmark_v1_ext33_all_skeleton_connect30_trimcap20\qd_008\prediction.dst,datasets\public_benchmark_v1_ext33\quickdraw_10\qd_008_mask.png,5902,9332,8728,5877,2851,8541,187,0.995764,0.67335,0.915238,0.978575,0.021425,2,2,90.0
public_benchmark_v1_ext33_auto_hybrid_skeleton_connect12_trimcap20,qd_001,cat,,,,,,,results\public_benchmark_v1_ext33_auto_hybrid_skeleton_connect12_trimcap20\qd_001\prediction.dst,datasets\public_benchmark_v1_ext33\quickdraw_10\qd_001_mask.png,7588,11839,10669,7157,3512,10301,368,0.9432,0.670822,0.87009,0.965508,0.034492,2,2,90.0
public_benchmark_v1_ext33_auto_hybrid_skeleton_connect12_trimcap20,qd_002,dog,,,,,,,results\public_benchmark_v1_ext33_auto_hybrid_skeleton_connect12_trimcap20\qd_002\prediction.dst,datasets\public_benchmark_v1_ext33\quickdraw_10\qd_002_mask.png,8242,12300,10893,7949,2944,10576,317,0.96445,0.729735,0.859837,0.970899,0.029101,2,2,90.0
public_benchmark_v1_ext33_auto_hybrid_skeleton_connect12_trimcap20,qd_003,fish,,,,,,,results\public_benchmark_v1_ext33_auto_hybrid_skeleton_connect12_trimcap20\qd_003\prediction.dst,datasets\public_benchmark_v1_ext33\quickdraw_10\qd_003_mask.png,5046,7947,7756,5015,2741,7427,329,0.993857,0.646596,0.934567,0.957581,0.042419,2,2,90.0
public_benchmark_v1_ext33_auto_hybrid_skeleton_connect12_trimcap20,qd_004,flower,,,,,,,results\public_benchmark_v1_ext33_auto_hybrid_skeleton_connect12_trimcap20\qd_004\prediction.dst,datasets\public_benchmark_v1_ext33\quickdraw_10\qd_004_mask.png,5898,9169,8394,5832,2562,8079,315,0.98881,0.694782,0.881121,0.962473,0.037527,2,2,90.0
public_benchmark_v1_ext33_auto_hybrid_skeleton_connect12_trimcap20,qd_005,bicycle,,,,,,,results\public_benchmark_v1_ext33_auto_hybrid_skeleton_connect12_trimcap20\qd_005\prediction.dst,datasets\public_benchmark_v1_ext33\quickdraw_10\qd_005_mask.png,7540,11320,10308,7351,2957,10048,260,0.974934,0.713135,0.887633,0.974777,0.025223,2,2,90.0
public_benchmark_v1_ext33_auto_hybrid_skeleton_connect12_trimcap20,qd_006,bird,,,,,,,results\public_benchmark_v1_ext33_auto_hybrid_skeleton_connect12_trimcap20\qd_006\prediction.dst,datasets\public_benchmark_v1_ext33\quickdraw_10\qd_006_mask.png,6036,9168,8464,5839,2625,8227,237,0.967362,0.689863,0.89736,0.971999,0.028001,2,2,90.0
public_benchmark_v1_ext33_auto_hybrid_skeleton_connect12_trimcap20,qd_007,moon,,,,,,,results\public_benchmark_v1_ext33_auto_hybrid_skeleton_connect12_trimcap20\qd_007\prediction.dst,datasets\public_benchmark_v1_ext33\quickdraw_10\qd_007_mask.png,8074,12913,12218,8037,4181,11944,274,0.995417,0.6578,0.924959,0.977574,0.022426,2,2,90.0
public_benchmark_v1_ext33_auto_hybrid_skeleton_connect12_trimcap20,qd_008,star,,,,,,,results\public_benchmark_v1_ext33_auto_hybrid_skeleton_connect12_trimcap20\qd_008\prediction.dst,datasets\public_benchmark_v1_ext33\quickdraw_10\qd_008_mask.png,5902,9332,8647,5877,2770,8521,126,0.995764,0.679658,0.913095,0.985428,0.014572,2,2,90.0
public_benchmark_v1_ext33_m2_55_line_domain_guard_low_jump,qd_001,cat,,,,,,,results\public_benchmark_v1_ext33_m2_55_line_domain_guard_low_jump\qd_001\prediction.dst,datasets\public_benchmark_v1_ext33\quickdraw_10\qd_001_mask.png,7588,11839,14851,7585,7266,11575,3276,0.999605,0.51074,0.977701,0.779409,0.220591,2,2,90.0
public_benchmark_v1_ext33_m2_55_line_domain_guard_low_jump,qd_002,dog,,,,,,,results\public_benchmark_v1_ext33_m2_55_line_domain_guard_low_jump\qd_002\prediction.dst,datasets\public_benchmark_v1_ext33\quickdraw_10\qd_002_mask.png,8242,12300,13693,8224,5469,11831,1862,0.997816,0.600599,0.96187,0.864018,0.135982,2,2,90.0
public_benchmark_v1_ext33_m2_55_line_domain_guard_low_jump,qd_003,fish,,,,,,,results\public_benchmark_v1_ext33_m2_55_line_domain_guard_low_jump\qd_003\prediction.dst,datasets\public_benchmark_v1_ext33\quickdraw_10\qd_003_mask.png,5046,7947,16064,5046,11018,7947,8117,1.0,0.314119,1.0,0.494709,0.505291,2,2,90.0
public_benchmark_v1_ext33_m2_55_line_domain_guard_low_jump,qd_004,flower,,,,,,,results\public_benchmark_v1_ext33_m2_55_line_domain_guard_low_jump\qd_004\prediction.dst,datasets\public_benchmark_v1_ext33\quickdraw_10\qd_004_mask.png,5898,9169,7809,5224,2585,7307,502,0.885724,0.668972,0.796924,0.935715,0.064285,2,2,90.0
public_benchmark_v1_ext33_m2_55_line_domain_guard_low_jump,qd_005,bicycle,,,,,,,results\public_benchmark_v1_ext33_m2_55_line_domain_guard_low_jump\qd_005\prediction.dst,datasets\public_benchmark_v1_ext33\quickdraw_10\qd_005_mask.png,7540,11320,11274,7458,3816,10276,998,0.989125,0.661522,0.907774,0.911478,0.088522,2,2,90.0
public_benchmark_v1_ext33_m2_55_line_domain_guard_low_jump,qd_006,bird,,,,,,,results\public_benchmark_v1_ext33_m2_55_line_domain_guard_low_jump\qd_006\prediction.dst,datasets\public_benchmark_v1_ext33\quickdraw_10\qd_006_mask.png,6036,9168,8226,5724,2502,7601,625,0.94831,0.695842,0.829079,0.924021,0.075979,2,2,90.0
public_benchmark_v1_ext33_m2_55_line_domain_guard_low_jump,qd_007,moon,,,,,,,results\public_benchmark_v1_ext33_m2_55_line_domain_guard_low_jump\qd_007\prediction.dst,datasets\public_benchmark_v1_ext33\quickdraw_10\qd_007_mask.png,8074,12913,11394,7540,3854,10483,911,0.933862,0.661752,0.811818,0.920046,0.079954,2,2,90.0
public_benchmark_v1_ext33_m2_55_line_domain_guard_low_jump,qd_008,star,,,,,,,results\public_benchmark_v1_ext33_m2_55_line_domain_guard_low_jump\qd_008\prediction.dst,datasets\public_benchmark_v1_ext33\quickdraw_10\qd_008_mask.png,5902,9332,7970,5847,2123,7902,68,0.990681,0.733626,0.846764,0.991468,0.008532,2,2,90.0
public_benchmark_v1_ext33_m2_56_line_stroke_d0_c12_i090,qd_001,cat,,,,,,,results\public_benchmark_v1_ext33_m2_56_line_stroke_d0_c12_i090\qd_001\prediction.dst,datasets\public_benchmark_v1_ext33\quickdraw_10\qd_001_mask.png,7588,11839,10179,6888,3291,9987,192,0.907749,0.676687,0.843568,0.981138,0.018862,2,2,90.0
public_benchmark_v1_ext33_m2_56_line_stroke_d0_c12_i090,qd_002,dog,,,,,,,results\public_benchmark_v1_ext33_m2_56_line_stroke_d0_c12_i090\qd_002\prediction.dst,datasets\public_benchmark_v1_ext33\quickdraw_10\qd_002_mask.png,8242,12300,10438,7811,2627,10325,113,0.947707,0.748323,0.839431,0.989174,0.010826,2,2,90.0
public_benchmark_v1_ext33_m2_56_line_stroke_d0_c12_i090,qd_003,fish,,,,,,,results\public_benchmark_v1_ext33_m2_56_line_stroke_d0_c12_i090\qd_003\prediction.dst,datasets\public_benchmark_v1_ext33\quickdraw_10\qd_003_mask.png,5046,7947,7426,4949,2477,7317,109,0.980777,0.666442,0.920725,0.985322,0.014678,2,2,90.0
public_benchmark_v1_ext33_m2_56_line_stroke_d0_c12_i090,qd_004,flower,,,,,,,results\public_benchmark_v1_ext33_m2_56_line_stroke_d0_c12_i090\qd_004\prediction.dst,datasets\public_benchmark_v1_ext33\quickdraw_10\qd_004_mask.png,5898,9169,7698,5509,2189,7637,61,0.934045,0.71564,0.832915,0.992076,0.007924,2,2,90.0
public_benchmark_v1_ext33_m2_56_line_stroke_d0_c12_i090,qd_005,bicycle,,,,,,,results\public_benchmark_v1_ext33_m2_56_line_stroke_d0_c12_i090\qd_005\prediction.dst,datasets\public_benchmark_v1_ext33\quickdraw_10\qd_005_mask.png,7540,11320,9724,7069,2655,9627,97,0.937533,0.726964,0.850442,0.990025,0.009975,2,2,90.0
public_benchmark_v1_ext33_m2_56_line_stroke_d0_c12_i090,qd_006,bird,,,,,,,results\public_benchmark_v1_ext33_m2_56_line_stroke_d0_c12_i090\qd_006\prediction.dst,datasets\public_benchmark_v1_ext33\quickdraw_10\qd_006_mask.png,6036,9168,8310,5777,2533,8180,130,0.957091,0.695187,0.892234,0.984356,0.015644,2,2,90.0
public_benchmark_v1_ext33_m2_56_line_stroke_d0_c12_i090,qd_007,moon,,,,,,,results\public_benchmark_v1_ext33_m2_56_line_stroke_d0_c12_i090\qd_007\prediction.dst,datasets\public_benchmark_v1_ext33\quickdraw_10\qd_007_mask.png,8074,12913,11645,7730,3915,11488,157,0.957394,0.663804,0.889646,0.986518,0.013482,2,2,90.0
public_benchmark_v1_ext33_m2_56_line_stroke_d0_c12_i090,qd_008,star,,,,,,,results\public_benchmark_v1_ext33_m2_56_line_stroke_d0_c12_i090\qd_008\prediction.dst,datasets\public_benchmark_v1_ext33\quickdraw_10\qd_008_mask.png,5902,9332,8552,5814,2738,8426,126,0.98509,0.679841,0.902915,0.985267,0.014733,2,2,90.0
public_benchmark_v1_ext33_m2_56_line_stroke_d0_c12_i090_min12,qd_001,cat,,,,,,,results\public_benchmark_v1_ext33_m2_56_line_stroke_d0_c12_i090_min12\qd_001\prediction.dst,datasets\public_benchmark_v1_ext33\quickdraw_10\qd_001_mask.png,7588,11839,10028,6756,3272,9836,192,0.890353,0.673714,0.830813,0.980854,0.019146,2,2,90.0
public_benchmark_v1_ext33_m2_56_line_stroke_d0_c12_i090_min12,qd_002,dog,,,,,,,results\public_benchmark_v1_ext33_m2_56_line_stroke_d0_c12_i090_min12\qd_002\prediction.dst,datasets\public_benchmark_v1_ext33\quickdraw_10\qd_002_mask.png,8242,12300,10345,7722,2623,10222,123,0.936909,0.746448,0.831057,0.98811,0.01189,2,2,90.0
public_benchmark_v1_ext33_m2_56_line_stroke_d0_c12_i090_min12,qd_003,fish,,,,,,,results\public_benchmark_v1_ext33_m2_56_line_stroke_d0_c12_i090_min12\qd_003\prediction.dst,datasets\public_benchmark_v1_ext33\quickdraw_10\qd_003_mask.png,5046,7947,7157,4734,2423,7050,107,0.938169,0.66145,0.887127,0.98505,0.01495,2,2,90.0
public_benchmark_v1_ext33_m2_56_line_stroke_d0_c12_i090_min12,qd_004,flower,,,,,,,results\public_benchmark_v1_ext33_m2_56_line_stroke_d0_c12_i090_min12\qd_004\prediction.dst,datasets\public_benchmark_v1_ext33\quickdraw_10\qd_004_mask.png,5898,9169,7477,5337,2140,7417,60,0.904883,0.713789,0.808921,0.991975,0.008025,2,2,90.0
public_benchmark_v1_ext33_m2_56_line_stroke_d0_c12_i090_min12,qd_005,bicycle,,,,,,,results\public_benchmark_v1_ext33_m2_56_line_stroke_d0_c12_i090_min12\qd_005\prediction.dst,datasets\public_benchmark_v1_ext33\quickdraw_10\qd_005_mask.png,7540,11320,9456,6862,2594,9340,116,0.91008,0.725677,0.825088,0.987733,0.012267,2,2,90.0
public_benchmark_v1_ext33_m2_56_line_stroke_d0_c12_i090_min12,qd_006,bird,,,,,,,results\public_benchmark_v1_ext33_m2_56_line_stroke_d0_c12_i090_min12\qd_006\prediction.dst,datasets\public_benchmark_v1_ext33\quickdraw_10\qd_006_mask.png,6036,9168,7704,5382,2322,7597,107,0.89165,0.698598,0.828643,0.986111,0.013889,2,2,90.0
public_benchmark_v1_ext33_m2_56_line_stroke_d0_c12_i090_min12,qd_007,moon,,,,,,,results\public_benchmark_v1_ext33_m2_56_line_stroke_d0_c12_i090_min12\qd_007\prediction.dst,datasets\public_benchmark_v1_ext33\quickdraw_10\qd_007_mask.png,8074,12913,11579,7691,3888,11423,156,0.952564,0.66422,0.884612,0.986527,0.013473,2,2,90.0
public_benchmark_v1_ext33_m2_56_line_stroke_d0_c12_i090_min12,qd_008,star,,,,,,,results\public_benchmark_v1_ext33_m2_56_line_stroke_d0_c12_i090_min12\qd_008\prediction.dst,datasets\public_benchmark_v1_ext33\quickdraw_10\qd_008_mask.png,5902,9332,8552,5814,2738,8426,126,0.98509,0.679841,0.902915,0.985267,0.014733,2,2,90.0
public_benchmark_v1_ext33_m2_56_line_stroke_d0_c12_i090_min20,qd_001,cat,,,,,,,results\public_benchmark_v1_ext33_m2_56_line_stroke_d0_c12_i090_min20\qd_001\prediction.dst,datasets\public_benchmark_v1_ext33\quickdraw_10\qd_001_mask.png,7588,11839,10028,6756,3272,9836,192,0.890353,0.673714,0.830813,0.980854,0.019146,2,2,90.0
public_benchmark_v1_ext33_m2_56_line_stroke_d0_c12_i090_min20,qd_002,dog,,,,,,,results\public_benchmark_v1_ext33_m2_56_line_stroke_d0_c12_i090_min20\qd_002\prediction.dst,datasets\public_benchmark_v1_ext33\quickdraw_10\qd_002_mask.png,8242,12300,9957,7442,2515,9838,119,0.902936,0.747414,0.799837,0.988049,0.011951,2,2,90.0
public_benchmark_v1_ext33_m2_56_line_stroke_d0_c12_i090_min20,qd_003,fish,,,,,,,results\public_benchmark_v1_ext33_m2_56_line_stroke_d0_c12_i090_min20\qd_003\prediction.dst,datasets\public_benchmark_v1_ext33\quickdraw_10\qd_003_mask.png,5046,7947,6984,4608,2376,6877,107,0.913199,0.659794,0.865358,0.984679,0.015321,2,2,90.0
public_benchmark_v1_ext33_m2_56_line_stroke_d0_c12_i090_min20,qd_004,flower,,,,,,,results\public_benchmark_v1_ext33_m2_56_line_stroke_d0_c12_i090_min20\qd_004\prediction.dst,datasets\public_benchmark_v1_ext33\quickdraw_10\qd_004_mask.png,5898,9169,7061,5076,1985,7017,44,0.860631,0.718878,0.765296,0.993769,0.006231,2,2,90.0
public_benchmark_v1_ext33_m2_56_line_stroke_d0_c12_i090_min20,qd_005,bicycle,,,,,,,results\public_benchmark_v1_ext33_m2_56_line_stroke_d0_c12_i090_min20\qd_005\prediction.dst,datasets\public_benchmark_v1_ext33\quickdraw_10\qd_005_mask.png,7540,11320,9008,6576,2432,8927,81,0.872149,0.730018,0.788604,0.991008,0.008992,2,2,90.0
public_benchmark_v1_ext33_m2_56_line_stroke_d0_c12_i090_min20,qd_006,bird,,,,,,,results\public_benchmark_v1_ext33_m2_56_line_stroke_d0_c12_i090_min20\qd_006\prediction.dst,datasets\public_benchmark_v1_ext33\quickdraw_10\qd_006_mask.png,6036,9168,7067,4823,2244,6962,105,0.799039,0.682468,0.75938,0.985142,0.014858,2,2,90.0
public_benchmark_v1_ext33_m2_56_line_stroke_d0_c12_i090_min20,qd_007,moon,,,,,,,results\public_benchmark_v1_ext33_m2_56_line_stroke_d0_c12_i090_min20\qd_007\prediction.dst,datasets\public_benchmark_v1_ext33\quickdraw_10\qd_007_mask.png,8074,12913,10935,7176,3759,10781,154,0.888779,0.656241,0.834895,0.985917,0.014083,2,2,90.0
public_benchmark_v1_ext33_m2_56_line_stroke_d0_c12_i090_min20,qd_008,star,,,,,,,results\public_benchmark_v1_ext33_m2_56_line_stroke_d0_c12_i090_min20\qd_008\prediction.dst,datasets\public_benchmark_v1_ext33\quickdraw_10\qd_008_mask.png,5902,9332,8371,5677,2694,8245,126,0.961877,0.678175,0.883519,0.984948,0.015052,2,2,90.0
public_benchmark_v1_ext33_m2_56_line_stroke_d0_c12_i090_min30,qd_001,cat,,,,,,,results\public_benchmark_v1_ext33_m2_56_line_stroke_d0_c12_i090_min30\qd_001\prediction.dst,datasets\public_benchmark_v1_ext33\quickdraw_10\qd_001_mask.png,7588,11839,9751,6596,3155,9577,174,0.869267,0.676443,0.808937,0.982156,0.017844,2,2,90.0
public_benchmark_v1_ext33_m2_56_line_stroke_d0_c12_i090_min30,qd_002,dog,,,,,,,results\public_benchmark_v1_ext33_m2_56_line_stroke_d0_c12_i090_min30\qd_002\prediction.dst,datasets\public_benchmark_v1_ext33\quickdraw_10\qd_002_mask.png,8242,12300,9630,7177,2453,9487,143,0.870784,0.745275,0.771301,0.985151,0.014849,2,2,90.0
public_benchmark_v1_ext33_m2_56_line_stroke_d0_c12_i090_min30,qd_003,fish,,,,,,,results\public_benchmark_v1_ext33_m2_56_line_stroke_d0_c12_i090_min30\qd_003\prediction.dst,datasets\public_benchmark_v1_ext33\quickdraw_10\qd_003_mask.png,5046,7947,6984,4608,2376,6877,107,0.913199,0.659794,0.865358,0.984679,0.015321,2,2,90.0
public_benchmark_v1_ext33_m2_56_line_stroke_d0_c12_i090_min30,qd_004,flower,,,,,,,results\public_benchmark_v1_ext33_m2_56_line_stroke_d0_c12_i090_min30\qd_004\prediction.dst,datasets\public_benchmark_v1_ext33\quickdraw_10\qd_004_mask.png,5898,9169,6440,4628,1812,6400,40,0.784673,0.718634,0.698004,0.993789,0.006211,2,2,90.0
public_benchmark_v1_ext33_m2_56_line_stroke_d0_c12_i090_min30,qd_005,bicycle,,,,,,,results\public_benchmark_v1_ext33_m2_56_line_stroke_d0_c12_i090_min30\qd_005\prediction.dst,datasets\public_benchmark_v1_ext33\quickdraw_10\qd_005_mask.png,7540,11320,8161,5953,2208,8085,76,0.789523,0.729445,0.714223,0.990687,0.009313,2,2,90.0
public_benchmark_v1_ext33_m2_56_line_stroke_d0_c12_i090_min30,qd_006,bird,,,,,,,results\public_benchmark_v1_ext33_m2_56_line_stroke_d0_c12_i090_min30\qd_006\prediction.dst,datasets\public_benchmark_v1_ext33\quickdraw_10\qd_006_mask.png,6036,9168,6424,4382,2042,6336,88,0.725977,0.68213,0.691099,0.986301,0.013699,2,2,90.0
public_benchmark_v1_ext33_m2_56_line_stroke_d0_c12_i090_min30,qd_007,moon,,,,,,,results\public_benchmark_v1_ext33_m2_56_line_stroke_d0_c12_i090_min30\qd_007\prediction.dst,datasets\public_benchmark_v1_ext33\quickdraw_10\qd_007_mask.png,8074,12913,10775,7062,3713,10626,149,0.874659,0.655406,0.822892,0.986172,0.013828,2,2,90.0
public_benchmark_v1_ext33_m2_56_line_stroke_d0_c12_i090_min30,qd_008,star,,,,,,,results\public_benchmark_v1_ext33_m2_56_line_stroke_d0_c12_i090_min30\qd_008\prediction.dst,datasets\public_benchmark_v1_ext33\quickdraw_10\qd_008_mask.png,5902,9332,7681,5129,2552,7550,131,0.869027,0.667752,0.809044,0.982945,0.017055,2,2,90.0
public_benchmark_v1_ext33_m2_56_line_stroke_d0_c8_i095,qd_001,cat,,,,,,,results\public_benchmark_v1_ext33_m2_56_line_stroke_d0_c8_i095\qd_001\prediction.dst,datasets\public_benchmark_v1_ext33\quickdraw_10\qd_001_mask.png,7588,11839,10381,7092,3289,10191,190,0.934634,0.683171,0.860799,0.981697,0.018303,2,2,90.0
public_benchmark_v1_ext33_m2_56_line_stroke_d0_c8_i095,qd_002,dog,,,,,,,results\public_benchmark_v1_ext33_m2_56_line_stroke_d0_c8_i095\qd_002\prediction.dst,datasets\public_benchmark_v1_ext33\quickdraw_10\qd_002_mask.png,8242,12300,10581,7924,2657,10468,113,0.961417,0.74889,0.851057,0.98932,0.01068,2,2,90.0
public_benchmark_v1_ext33_m2_56_line_stroke_d0_c8_i095,qd_003,fish,,,,,,,results\public_benchmark_v1_ext33_m2_56_line_stroke_d0_c8_i095\qd_003\prediction.dst,datasets\public_benchmark_v1_ext33\quickdraw_10\qd_003_mask.png,5046,7947,7284,4864,2420,7177,107,0.963932,0.667765,0.903108,0.98531,0.01469,2,2,90.0
public_benchmark_v1_ext33_m2_56_line_stroke_d0_c8_i095,qd_004,flower,,,,,,,results\public_benchmark_v1_ext33_m2_56_line_stroke_d0_c8_i095\qd_004\prediction.dst,datasets\public_benchmark_v1_ext33\quickdraw_10\qd_004_mask.png,5898,9169,8102,5828,2274,8026,76,0.988132,0.719329,0.875341,0.99062,0.00938,2,2,90.0
public_benchmark_v1_ext33_m2_56_line_stroke_d0_c8_i095,qd_005,bicycle,,,,,,,results\public_benchmark_v1_ext33_m2_56_line_stroke_d0_c8_i095\qd_005\prediction.dst,datasets\public_benchmark_v1_ext33\quickdraw_10\qd_005_mask.png,7540,11320,10062,7323,2739,9974,88,0.97122,0.727788,0.881095,0.991254,0.008746,2,2,90.0
public_benchmark_v1_ext33_m2_56_line_stroke_d0_c8_i095,qd_006,bird,,,,,,,results\public_benchmark_v1_ext33_m2_56_line_stroke_d0_c8_i095\qd_006\prediction.dst,datasets\public_benchmark_v1_ext33\quickdraw_10\qd_006_mask.png,6036,9168,8319,5834,2485,8200,119,0.966534,0.701286,0.894415,0.985695,0.014305,2,2,90.0
public_benchmark_v1_ext33_m2_56_line_stroke_d0_c8_i095,qd_007,moon,,,,,,,results\public_benchmark_v1_ext33_m2_56_line_stroke_d0_c8_i095\qd_007\prediction.dst,datasets\public_benchmark_v1_ext33\quickdraw_10\qd_007_mask.png,8074,12913,12077,8037,4040,11920,157,0.995417,0.66548,0.923101,0.987,0.013,2,2,90.0
public_benchmark_v1_ext33_m2_56_line_stroke_d0_c8_i095,qd_008,star,,,,,,,results\public_benchmark_v1_ext33_m2_56_line_stroke_d0_c8_i095\qd_008\prediction.dst,datasets\public_benchmark_v1_ext33\quickdraw_10\qd_008_mask.png,5902,9332,8595,5877,2718,8477,118,0.995764,0.68377,0.90838,0.986271,0.013729,2,2,90.0
public_benchmark_v1_ext33_m2_56_line_stroke_d1_c10_i090,qd_001,cat,,,,,,,results\public_benchmark_v1_ext33_m2_56_line_stroke_d1_c10_i090\qd_001\prediction.dst,datasets\public_benchmark_v1_ext33\quickdraw_10\qd_001_mask.png,7588,11839,10381,7092,3289,10191,190,0.934634,0.683171,0.860799,0.981697,0.018303,2,2,90.0
public_benchmark_v1_ext33_m2_56_line_stroke_d1_c10_i090,qd_002,dog,,,,,,,results\public_benchmark_v1_ext33_m2_56_line_stroke_d1_c10_i090\qd_002\prediction.dst,datasets\public_benchmark_v1_ext33\quickdraw_10\qd_002_mask.png,8242,12300,10648,7944,2704,10516,132,0.963844,0.746056,0.854959,0.987603,0.012397,2,2,90.0
public_benchmark_v1_ext33_m2_56_line_stroke_d1_c10_i090,qd_003,fish,,,,,,,results\public_benchmark_v1_ext33_m2_56_line_stroke_d1_c10_i090\qd_003\prediction.dst,datasets\public_benchmark_v1_ext33\quickdraw_10\qd_003_mask.png,5046,7947,7284,4864,2420,7177,107,0.963932,0.667765,0.903108,0.98531,0.01469,2,2,90.0
public_benchmark_v1_ext33_m2_56_line_stroke_d1_c10_i090,qd_004,flower,,,,,,,results\public_benchmark_v1_ext33_m2_56_line_stroke_d1_c10_i090\qd_004\prediction.dst,datasets\public_benchmark_v1_ext33\quickdraw_10\qd_004_mask.png,5898,9169,8129,5831,2298,8035,94,0.98864,0.717308,0.876322,0.988436,0.011564,2,2,90.0
public_benchmark_v1_ext33_m2_56_line_stroke_d1_c10_i090,qd_005,bicycle,,,,,,,results\public_benchmark_v1_ext33_m2_56_line_stroke_d1_c10_i090\qd_005\prediction.dst,datasets\public_benchmark_v1_ext33\quickdraw_10\qd_005_mask.png,7540,11320,10087,7323,2764,9980,107,0.97122,0.725984,0.881625,0.989392,0.010608,2,2,90.0
public_benchmark_v1_ext33_m2_56_line_stroke_d1_c10_i090,qd_006,bird,,,,,,,results\public_benchmark_v1_ext33_m2_56_line_stroke_d1_c10_i090\qd_006\prediction.dst,datasets\public_benchmark_v1_ext33\quickdraw_10\qd_006_mask.png,6036,9168,8361,5835,2526,8213,148,0.9667,0.697883,0.895833,0.982299,0.017701,2,2,90.0
public_benchmark_v1_ext33_m2_56_line_stroke_d1_c10_i090,qd_007,moon,,,,,,,results\public_benchmark_v1_ext33_m2_56_line_stroke_d1_c10_i090\qd_007\prediction.dst,datasets\public_benchmark_v1_ext33\quickdraw_10\qd_007_mask.png,8074,12913,12077,8037,4040,11920,157,0.995417,0.66548,0.923101,0.987,0.013,2,2,90.0
public_benchmark_v1_ext33_m2_56_line_stroke_d1_c10_i090,qd_008,star,,,,,,,results\public_benchmark_v1_ext33_m2_56_line_stroke_d1_c10_i090\qd_008\prediction.dst,datasets\public_benchmark_v1_ext33\quickdraw_10\qd_008_mask.png,5902,9332,8647,5877,2770,8521,126,0.995764,0.679658,0.913095,0.985428,0.014572,2,2,90.0
public_benchmark_v1_ext33_m2_56_line_stroke_d1_c12_i090_min20,qd_001,cat,,,,,,,results\public_benchmark_v1_ext33_m2_56_line_stroke_d1_c12_i090_min20\qd_001\prediction.dst,datasets\public_benchmark_v1_ext33\quickdraw_10\qd_001_mask.png,7588,11839,10028,6756,3272,9836,192,0.890353,0.673714,0.830813,0.980854,0.019146,2,2,90.0
public_benchmark_v1_ext33_m2_56_line_stroke_d1_c12_i090_min20,qd_002,dog,,,,,,,results\public_benchmark_v1_ext33_m2_56_line_stroke_d1_c12_i090_min20\qd_002\prediction.dst,datasets\public_benchmark_v1_ext33\quickdraw_10\qd_002_mask.png,8242,12300,10062,7507,2555,9929,133,0.910823,0.746074,0.807236,0.986782,0.013218,2,2,90.0
public_benchmark_v1_ext33_m2_56_line_stroke_d1_c12_i090_min20,qd_003,fish,,,,,,,results\public_benchmark_v1_ext33_m2_56_line_stroke_d1_c12_i090_min20\qd_003\prediction.dst,datasets\public_benchmark_v1_ext33\quickdraw_10\qd_003_mask.png,5046,7947,6984,4608,2376,6877,107,0.913199,0.659794,0.865358,0.984679,0.015321,2,2,90.0
public_benchmark_v1_ext33_m2_56_line_stroke_d1_c12_i090_min20,qd_004,flower,,,,,,,results\public_benchmark_v1_ext33_m2_56_line_stroke_d1_c12_i090_min20\qd_004\prediction.dst,datasets\public_benchmark_v1_ext33\quickdraw_10\qd_004_mask.png,5898,9169,7061,5076,1985,7017,44,0.860631,0.718878,0.765296,0.993769,0.006231,2,2,90.0
public_benchmark_v1_ext33_m2_56_line_stroke_d1_c12_i090_min20,qd_005,bicycle,,,,,,,results\public_benchmark_v1_ext33_m2_56_line_stroke_d1_c12_i090_min20\qd_005\prediction.dst,datasets\public_benchmark_v1_ext33\quickdraw_10\qd_005_mask.png,7540,11320,9071,6576,2495,8938,133,0.872149,0.724948,0.789576,0.985338,0.014662,2,2,90.0
public_benchmark_v1_ext33_m2_56_line_stroke_d1_c12_i090_min20,qd_006,bird,,,,,,,results\public_benchmark_v1_ext33_m2_56_line_stroke_d1_c12_i090_min20\qd_006\prediction.dst,datasets\public_benchmark_v1_ext33\quickdraw_10\qd_006_mask.png,6036,9168,7159,4845,2314,7008,151,0.802684,0.67677,0.764398,0.978908,0.021092,2,2,90.0
public_benchmark_v1_ext33_m2_56_line_stroke_d1_c12_i090_min20,qd_007,moon,,,,,,,results\public_benchmark_v1_ext33_m2_56_line_stroke_d1_c12_i090_min20\qd_007\prediction.dst,datasets\public_benchmark_v1_ext33\quickdraw_10\qd_007_mask.png,8074,12913,10977,7184,3793,10811,166,0.88977,0.654459,0.837218,0.984877,0.015123,2,2,90.0
public_benchmark_v1_ext33_m2_56_line_stroke_d1_c12_i090_min20,qd_008,star,,,,,,,results\public_benchmark_v1_ext33_m2_56_line_stroke_d1_c12_i090_min20\qd_008\prediction.dst,datasets\public_benchmark_v1_ext33\quickdraw_10\qd_008_mask.png,5902,9332,8371,5677,2694,8245,126,0.961877,0.678175,0.883519,0.984948,0.015052,2,2,90.0
public_benchmark_v1_ext33_m2_56_line_stroke_d1_c6_i095,qd_001,cat,,,,,,,results\public_benchmark_v1_ext33_m2_56_line_stroke_d1_c6_i095\qd_001\prediction.dst,datasets\public_benchmark_v1_ext33\quickdraw_10\qd_001_mask.png,7588,11839,10133,6866,3267,9944,189,0.90485,0.677588,0.839936,0.981348,0.018652,2,2,90.0
public_benchmark_v1_ext33_m2_56_line_stroke_d1_c6_i095,qd_002,dog,,,,,,,results\public_benchmark_v1_ext33_m2_56_line_stroke_d1_c6_i095\qd_002\prediction.dst,datasets\public_benchmark_v1_ext33\quickdraw_10\qd_002_mask.png,8242,12300,10395,7802,2593,10291,104,0.946615,0.750553,0.836667,0.989995,0.010005,2,2,90.0
public_benchmark_v1_ext33_m2_56_line_stroke_d1_c6_i095,qd_003,fish,,,,,,,results\public_benchmark_v1_ext33_m2_56_line_stroke_d1_c6_i095\qd_003\prediction.dst,datasets\public_benchmark_v1_ext33\quickdraw_10\qd_003_mask.png,5046,7947,7208,4797,2411,7101,107,0.950654,0.665511,0.893545,0.985155,0.014845,2,2,90.0
public_benchmark_v1_ext33_m2_56_line_stroke_d1_c6_i095,qd_004,flower,,,,,,,results\public_benchmark_v1_ext33_m2_56_line_stroke_d1_c6_i095\qd_004\prediction.dst,datasets\public_benchmark_v1_ext33\quickdraw_10\qd_004_mask.png,5898,9169,7698,5509,2189,7637,61,0.934045,0.71564,0.832915,0.992076,0.007924,2,2,90.0
public_benchmark_v1_ext33_m2_56_line_stroke_d1_c6_i095,qd_005,bicycle,,,,,,,results\public_benchmark_v1_ext33_m2_56_line_stroke_d1_c6_i095\qd_005\prediction.dst,datasets\public_benchmark_v1_ext33\quickdraw_10\qd_005_mask.png,7540,11320,9710,7069,2641,9616,94,0.937533,0.728012,0.84947,0.990319,0.009681,2,2,90.0
public_benchmark_v1_ext33_m2_56_line_stroke_d1_c6_i095,qd_006,bird,,,,,,,results\public_benchmark_v1_ext33_m2_56_line_stroke_d1_c6_i095\qd_006\prediction.dst,datasets\public_benchmark_v1_ext33\quickdraw_10\qd_006_mask.png,6036,9168,8193,5729,2464,8084,109,0.949139,0.699255,0.881763,0.986696,0.013304,2,2,90.0
public_benchmark_v1_ext33_m2_56_line_stroke_d1_c6_i095,qd_007,moon,,,,,,,results\public_benchmark_v1_ext33_m2_56_line_stroke_d1_c6_i095\qd_007\prediction.dst,datasets\public_benchmark_v1_ext33\quickdraw_10\qd_007_mask.png,8074,12913,11603,7690,3913,11446,157,0.95244,0.66276,0.886394,0.986469,0.013531,2,2,90.0
public_benchmark_v1_ext33_m2_56_line_stroke_d1_c6_i095,qd_008,star,,,,,,,results\public_benchmark_v1_ext33_m2_56_line_stroke_d1_c6_i095\qd_008\prediction.dst,datasets\public_benchmark_v1_ext33\quickdraw_10\qd_008_mask.png,5902,9332,8510,5814,2696,8392,118,0.98509,0.683196,0.899271,0.986134,0.013866,2,2,90.0
public_benchmark_v1_ext33_m2_56_line_stroke_d2_c12_i085_min20,qd_001,cat,,,,,,,results\public_benchmark_v1_ext33_m2_56_line_stroke_d2_c12_i085_min20\qd_001\prediction.dst,datasets\public_benchmark_v1_ext33\quickdraw_10\qd_001_mask.png,7588,11839,10028,6756,3272,9836,192,0.890353,0.673714,0.830813,0.980854,0.019146,2,2,90.0
public_benchmark_v1_ext33_m2_56_line_stroke_d2_c12_i085_min20,qd_002,dog,,,,,,,results\public_benchmark_v1_ext33_m2_56_line_stroke_d2_c12_i085_min20\qd_002\prediction.dst,datasets\public_benchmark_v1_ext33\quickdraw_10\qd_002_mask.png,8242,12300,10062,7507,2555,9929,133,0.910823,0.746074,0.807236,0.986782,0.013218,2,2,90.0
public_benchmark_v1_ext33_m2_56_line_stroke_d2_c12_i085_min20,qd_003,fish,,,,,,,results\public_benchmark_v1_ext33_m2_56_line_stroke_d2_c12_i085_min20\qd_003\prediction.dst,datasets\public_benchmark_v1_ext33\quickdraw_10\qd_003_mask.png,5046,7947,6984,4608,2376,6877,107,0.913199,0.659794,0.865358,0.984679,0.015321,2,2,90.0
public_benchmark_v1_ext33_m2_56_line_stroke_d2_c12_i085_min20,qd_004,flower,,,,,,,results\public_benchmark_v1_ext33_m2_56_line_stroke_d2_c12_i085_min20\qd_004\prediction.dst,datasets\public_benchmark_v1_ext33\quickdraw_10\qd_004_mask.png,5898,9169,7132,5091,2041,7047,85,0.863174,0.713825,0.768568,0.988082,0.011918,2,2,90.0
public_benchmark_v1_ext33_m2_56_line_stroke_d2_c12_i085_min20,qd_005,bicycle,,,,,,,results\public_benchmark_v1_ext33_m2_56_line_stroke_d2_c12_i085_min20\qd_005\prediction.dst,datasets\public_benchmark_v1_ext33\quickdraw_10\qd_005_mask.png,7540,11320,9148,6576,2572,8943,205,0.872149,0.718846,0.790018,0.977591,0.022409,2,2,90.0
public_benchmark_v1_ext33_m2_56_line_stroke_d2_c12_i085_min20,qd_006,bird,,,,,,,results\public_benchmark_v1_ext33_m2_56_line_stroke_d2_c12_i085_min20\qd_006\prediction.dst,datasets\public_benchmark_v1_ext33\quickdraw_10\qd_006_mask.png,6036,9168,7223,4867,2356,7044,179,0.806329,0.67382,0.768325,0.975218,0.024782,2,2,90.0
public_benchmark_v1_ext33_m2_56_line_stroke_d2_c12_i085_min20,qd_007,moon,,,,,,,results\public_benchmark_v1_ext33_m2_56_line_stroke_d2_c12_i085_min20\qd_007\prediction.dst,datasets\public_benchmark_v1_ext33\quickdraw_10\qd_007_mask.png,8074,12913,10977,7184,3793,10811,166,0.88977,0.654459,0.837218,0.984877,0.015123,2,2,90.0
public_benchmark_v1_ext33_m2_56_line_stroke_d2_c12_i085_min20,qd_008,star,,,,,,,results\public_benchmark_v1_ext33_m2_56_line_stroke_d2_c12_i085_min20\qd_008\prediction.dst,datasets\public_benchmark_v1_ext33\quickdraw_10\qd_008_mask.png,5902,9332,8371,5677,2694,8245,126,0.961877,0.678175,0.883519,0.984948,0.015052,2,2,90.0
public_benchmark_v1_ext33_m2_56_line_stroke_d3_c18,qd_001,cat,,,,,,,results\public_benchmark_v1_ext33_m2_56_line_stroke_d3_c18\qd_001\prediction.dst,datasets\public_benchmark_v1_ext33\quickdraw_10\qd_001_mask.png,7588,11839,10619,7114,3505,10255,364,0.937533,0.669931,0.866205,0.965722,0.034278,2,2,90.0
public_benchmark_v1_ext33_m2_56_line_stroke_d3_c18,qd_002,dog,,,,,,,results\public_benchmark_v1_ext33_m2_56_line_stroke_d3_c18\qd_002\prediction.dst,datasets\public_benchmark_v1_ext33\quickdraw_10\qd_002_mask.png,8242,12300,10910,7981,2929,10603,307,0.968333,0.731531,0.862033,0.971861,0.028139,2,2,90.0
public_benchmark_v1_ext33_m2_56_line_stroke_d3_c18,qd_003,fish,,,,,,,results\public_benchmark_v1_ext33_m2_56_line_stroke_d3_c18\qd_003\prediction.dst,datasets\public_benchmark_v1_ext33\quickdraw_10\qd_003_mask.png,5046,7947,7714,5015,2699,7419,295,0.993857,0.650117,0.93356,0.961758,0.038242,2,2,90.0
public_benchmark_v1_ext33_m2_56_line_stroke_d3_c18,qd_004,flower,,,,,,,results\public_benchmark_v1_ext33_m2_56_line_stroke_d3_c18\qd_004\prediction.dst,datasets\public_benchmark_v1_ext33\quickdraw_10\qd_004_mask.png,5898,9169,8606,5839,2767,8142,464,0.989997,0.67848,0.887992,0.946084,0.053916,2,2,90.0
public_benchmark_v1_ext33_m2_56_line_stroke_d3_c18,qd_005,bicycle,,,,,,,results\public_benchmark_v1_ext33_m2_56_line_stroke_d3_c18\qd_005\prediction.dst,datasets\public_benchmark_v1_ext33\quickdraw_10\qd_005_mask.png,7540,11320,10400,7405,2995,10140,260,0.982095,0.712019,0.89576,0.975,0.025,2,2,90.0
public_benchmark_v1_ext33_m2_56_line_stroke_d3_c18,qd_006,bird,,,,,,,results\public_benchmark_v1_ext33_m2_56_line_stroke_d3_c18\qd_006\prediction.dst,datasets\public_benchmark_v1_ext33\quickdraw_10\qd_006_mask.png,6036,9168,8374,5839,2535,8222,152,0.967362,0.697277,0.896815,0.981849,0.018151,2,2,90.0
public_benchmark_v1_ext33_m2_56_line_stroke_d3_c18,qd_007,moon,,,,,,,results\public_benchmark_v1_ext33_m2_56_line_stroke_d3_c18\qd_007\prediction.dst,datasets\public_benchmark_v1_ext33\quickdraw_10\qd_007_mask.png,8074,12913,12140,8037,4103,11932,208,0.995417,0.662026,0.92403,0.982867,0.017133,2,2,90.0
public_benchmark_v1_ext33_m2_56_line_stroke_d3_c18,qd_008,star,,,,,,,results\public_benchmark_v1_ext33_m2_56_line_stroke_d3_c18\qd_008\prediction.dst,datasets\public_benchmark_v1_ext33\quickdraw_10\qd_008_mask.png,5902,9332,8728,5877,2851,8541,187,0.995764,0.67335,0.915238,0.978575,0.021425,2,2,90.0
public_benchmark_v1_ext33_m2_56_line_stroke_selector_probe,qd_001,cat,,,,,,,results\public_benchmark_v1_ext33_m2_56_line_stroke_selector_probe\qd_001\prediction.dst,datasets\public_benchmark_v1_ext33\quickdraw_10\qd_001_mask.png,7588,11839,14851,7585,7266,11575,3276,0.999605,0.51074,0.977701,0.779409,0.220591,2,2,90.0
public_benchmark_v1_ext33_m2_56_line_stroke_selector_probe,qd_002,dog,,,,,,,results\public_benchmark_v1_ext33_m2_56_line_stroke_selector_probe\qd_002\prediction.dst,datasets\public_benchmark_v1_ext33\quickdraw_10\qd_002_mask.png,8242,12300,13693,8224,5469,11831,1862,0.997816,0.600599,0.96187,0.864018,0.135982,2,2,90.0
public_benchmark_v1_ext33_m2_56_line_stroke_selector_probe,qd_003,fish,,,,,,,results\public_benchmark_v1_ext33_m2_56_line_stroke_selector_probe\qd_003\prediction.dst,datasets\public_benchmark_v1_ext33\quickdraw_10\qd_003_mask.png,5046,7947,16064,5046,11018,7947,8117,1.0,0.314119,1.0,0.494709,0.505291,2,2,90.0
public_benchmark_v1_ext33_m2_56_line_stroke_selector_probe,qd_004,flower,,,,,,,results\public_benchmark_v1_ext33_m2_56_line_stroke_selector_probe\qd_004\prediction.dst,datasets\public_benchmark_v1_ext33\quickdraw_10\qd_004_mask.png,5898,9169,7809,5224,2585,7307,502,0.885724,0.668972,0.796924,0.935715,0.064285,2,2,90.0
public_benchmark_v1_ext33_m2_56_line_stroke_selector_probe,qd_005,bicycle,,,,,,,results\public_benchmark_v1_ext33_m2_56_line_stroke_selector_probe\qd_005\prediction.dst,datasets\public_benchmark_v1_ext33\quickdraw_10\qd_005_mask.png,7540,11320,11274,7458,3816,10276,998,0.989125,0.661522,0.907774,0.911478,0.088522,2,2,90.0
public_benchmark_v1_ext33_m2_56_line_stroke_selector_probe,qd_006,bird,,,,,,,results\public_benchmark_v1_ext33_m2_56_line_stroke_selector_probe\qd_006\prediction.dst,datasets\public_benchmark_v1_ext33\quickdraw_10\qd_006_mask.png,6036,9168,8226,5724,2502,7601,625,0.94831,0.695842,0.829079,0.924021,0.075979,2,2,90.0
public_benchmark_v1_ext33_m2_56_line_stroke_selector_probe,qd_007,moon,,,,,,,results\public_benchmark_v1_ext33_m2_56_line_stroke_selector_probe\qd_007\prediction.dst,datasets\public_benchmark_v1_ext33\quickdraw_10\qd_007_mask.png,8074,12913,11394,7540,3854,10483,911,0.933862,0.661752,0.811818,0.920046,0.079954,2,2,90.0
public_benchmark_v1_ext33_m2_56_line_stroke_selector_probe,qd_008,star,,,,,,,results\public_benchmark_v1_ext33_m2_56_line_stroke_selector_probe\qd_008\prediction.dst,datasets\public_benchmark_v1_ext33\quickdraw_10\qd_008_mask.png,5902,9332,7970,5847,2123,7902,68,0.990681,0.733626,0.846764,0.991468,0.008532,2,2,90.0
public_benchmark_v1_ext33_m2_57_topology_open_d0_c12_i090_min12,qd_001,cat,,,,,,,results\public_benchmark_v1_ext33_m2_57_topology_open_d0_c12_i090_min12\qd_001\prediction.dst,datasets\public_benchmark_v1_ext33\quickdraw_10\qd_001_mask.png,7588,11839,10029,6769,3260,9837,192,0.892066,0.674943,0.830898,0.980856,0.019144,2,2,90.0
public_benchmark_v1_ext33_m2_57_topology_open_d0_c12_i090_min12,qd_002,dog,,,,,,,results\public_benchmark_v1_ext33_m2_57_topology_open_d0_c12_i090_min12\qd_002\prediction.dst,datasets\public_benchmark_v1_ext33\quickdraw_10\qd_002_mask.png,8242,12300,10334,7765,2569,10230,104,0.942126,0.751403,0.831707,0.989936,0.010064,2,2,90.0
public_benchmark_v1_ext33_m2_57_topology_open_d0_c12_i090_min12,qd_003,fish,,,,,,,results\public_benchmark_v1_ext33_m2_57_topology_open_d0_c12_i090_min12\qd_003\prediction.dst,datasets\public_benchmark_v1_ext33\quickdraw_10\qd_003_mask.png,5046,7947,7211,4777,2434,7101,110,0.94669,0.66246,0.893545,0.984746,0.015254,2,2,90.0
public_benchmark_v1_ext33_m2_57_topology_open_d0_c12_i090_min12,qd_004,flower,,,,,,,results\public_benchmark_v1_ext33_m2_57_topology_open_d0_c12_i090_min12\qd_004\prediction.dst,datasets\public_benchmark_v1_ext33\quickdraw_10\qd_004_mask.png,5898,9169,7596,5418,2178,7527,69,0.918616,0.71327,0.820918,0.990916,0.009084,2,2,90.0
public_benchmark_v1_ext33_m2_57_topology_open_d0_c12_i090_min12,qd_005,bicycle,,,,,,,results\public_benchmark_v1_ext33_m2_57_topology_open_d0_c12_i090_min12\qd_005\prediction.dst,datasets\public_benchmark_v1_ext33\quickdraw_10\qd_005_mask.png,7540,11320,9620,7013,2607,9544,76,0.930106,0.729002,0.84311,0.9921,0.0079,2,2,90.0
public_benchmark_v1_ext33_m2_57_topology_open_d0_c12_i090_min12,qd_006,bird,,,,,,,results\public_benchmark_v1_ext33_m2_57_topology_open_d0_c12_i090_min12\qd_006\prediction.dst,datasets\public_benchmark_v1_ext33\quickdraw_10\qd_006_mask.png,6036,9168,7725,5389,2336,7615,110,0.89281,0.697605,0.830606,0.985761,0.014239,2,2,90.0
public_benchmark_v1_ext33_m2_57_topology_open_d0_c12_i090_min12,qd_007,moon,,,,,,,results\public_benchmark_v1_ext33_m2_57_topology_open_d0_c12_i090_min12\qd_007\prediction.dst,datasets\public_benchmark_v1_ext33\quickdraw_10\qd_007_mask.png,8074,12913,11601,7670,3931,11435,166,0.949963,0.66115,0.885542,0.985691,0.014309,2,2,90.0
public_benchmark_v1_ext33_m2_57_topology_open_d0_c12_i090_min12,qd_008,star,,,,,,,results\public_benchmark_v1_ext33_m2_57_topology_open_d0_c12_i090_min12\qd_008\prediction.dst,datasets\public_benchmark_v1_ext33\quickdraw_10\qd_008_mask.png,5902,9332,8592,5872,2720,8477,115,0.994917,0.683426,0.90838,0.986615,0.013385,2,2,90.0
public_benchmark_v1_ext33_m2_57_topology_open_d0_c12_i090_min20,qd_001,cat,,,,,,,results\public_benchmark_v1_ext33_m2_57_topology_open_d0_c12_i090_min20\qd_001\prediction.dst,datasets\public_benchmark_v1_ext33\quickdraw_10\qd_001_mask.png,7588,11839,10029,6769,3260,9837,192,0.892066,0.674943,0.830898,0.980856,0.019144,2,2,90.0
public_benchmark_v1_ext33_m2_57_topology_open_d0_c12_i090_min20,qd_002,dog,,,,,,,results\public_benchmark_v1_ext33_m2_57_topology_open_d0_c12_i090_min20\qd_002\prediction.dst,datasets\public_benchmark_v1_ext33\quickdraw_10\qd_002_mask.png,8242,12300,10050,7557,2493,9950,100,0.916889,0.75194,0.808943,0.99005,0.00995,2,2,90.0
public_benchmark_v1_ext33_m2_57_topology_open_d0_c12_i090_min20,qd_003,fish,,,,,,,results\public_benchmark_v1_ext33_m2_57_topology_open_d0_c12_i090_min20\qd_003\prediction.dst,datasets\public_benchmark_v1_ext33\quickdraw_10\qd_003_mask.png,5046,7947,7007,4625,2382,6899,108,0.916568,0.660054,0.868126,0.984587,0.015413,2,2,90.0
public_benchmark_v1_ext33_m2_57_topology_open_d0_c12_i090_min20,qd_004,flower,,,,,,,results\public_benchmark_v1_ext33_m2_57_topology_open_d0_c12_i090_min20\qd_004\prediction.dst,datasets\public_benchmark_v1_ext33\quickdraw_10\qd_004_mask.png,5898,9169,7184,5152,2032,7115,69,0.873516,0.717149,0.775984,0.990395,0.009605,2,2,90.0
public_benchmark_v1_ext33_m2_57_topology_open_d0_c12_i090_min20,qd_005,bicycle,,,,,,,results\public_benchmark_v1_ext33_m2_57_topology_open_d0_c12_i090_min20\qd_005\prediction.dst,datasets\public_benchmark_v1_ext33\quickdraw_10\qd_005_mask.png,7540,11320,9201,6720,2481,9125,76,0.891247,0.730355,0.806095,0.99174,0.00826,2,2,90.0
public_benchmark_v1_ext33_m2_57_topology_open_d0_c12_i090_min20,qd_006,bird,,,,,,,results\public_benchmark_v1_ext33_m2_57_topology_open_d0_c12_i090_min20\qd_006\prediction.dst,datasets\public_benchmark_v1_ext33\quickdraw_10\qd_006_mask.png,6036,9168,6974,4760,2214,6869,105,0.788602,0.682535,0.749236,0.984944,0.015056,2,2,90.0
public_benchmark_v1_ext33_m2_57_topology_open_d0_c12_i090_min20,qd_007,moon,,,,,,,results\public_benchmark_v1_ext33_m2_57_topology_open_d0_c12_i090_min20\qd_007\prediction.dst,datasets\public_benchmark_v1_ext33\quickdraw_10\qd_007_mask.png,8074,12913,11070,7245,3825,10912,158,0.897325,0.654472,0.84504,0.985727,0.014273,2,2,90.0
public_benchmark_v1_ext33_m2_57_topology_open_d0_c12_i090_min20,qd_008,star,,,,,,,results\public_benchmark_v1_ext33_m2_57_topology_open_d0_c12_i090_min20\qd_008\prediction.dst,datasets\public_benchmark_v1_ext33\quickdraw_10\qd_008_mask.png,5902,9332,8325,5672,2653,8210,115,0.96103,0.681321,0.879769,0.986186,0.013814,2,2,90.0
public_benchmark_v1_ext33_m2_57_topology_open_d0_c12_i090_min30,qd_001,cat,,,,,,,results\public_benchmark_v1_ext33_m2_57_topology_open_d0_c12_i090_min30\qd_001\prediction.dst,datasets\public_benchmark_v1_ext33\quickdraw_10\qd_001_mask.png,7588,11839,9752,6609,3143,9578,174,0.87098,0.677707,0.809021,0.982158,0.017842,2,2,90.0
public_benchmark_v1_ext33_m2_57_topology_open_d0_c12_i090_min30,qd_002,dog,,,,,,,results\public_benchmark_v1_ext33_m2_57_topology_open_d0_c12_i090_min30\qd_002\prediction.dst,datasets\public_benchmark_v1_ext33\quickdraw_10\qd_002_mask.png,8242,12300,9480,7096,2384,9384,96,0.860956,0.748523,0.762927,0.989873,0.010127,2,2,90.0
public_benchmark_v1_ext33_m2_57_topology_open_d0_c12_i090_min30,qd_003,fish,,,,,,,results\public_benchmark_v1_ext33_m2_57_topology_open_d0_c12_i090_min30\qd_003\prediction.dst,datasets\public_benchmark_v1_ext33\quickdraw_10\qd_003_mask.png,5046,7947,7007,4625,2382,6899,108,0.916568,0.660054,0.868126,0.984587,0.015413,2,2,90.0
public_benchmark_v1_ext33_m2_57_topology_open_d0_c12_i090_min30,qd_004,flower,,,,,,,results\public_benchmark_v1_ext33_m2_57_topology_open_d0_c12_i090_min30\qd_004\prediction.dst,datasets\public_benchmark_v1_ext33\quickdraw_10\qd_004_mask.png,5898,9169,6482,4635,1847,6417,65,0.78586,0.715057,0.699858,0.989972,0.010028,2,2,90.0
public_benchmark_v1_ext33_m2_57_topology_open_d0_c12_i090_min30,qd_005,bicycle,,,,,,,results\public_benchmark_v1_ext33_m2_57_topology_open_d0_c12_i090_min30\qd_005\prediction.dst,datasets\public_benchmark_v1_ext33\quickdraw_10\qd_005_mask.png,7540,11320,8126,5926,2200,8052,74,0.785942,0.729264,0.711307,0.990893,0.009107,2,2,90.0
public_benchmark_v1_ext33_m2_57_topology_open_d0_c12_i090_min30,qd_006,bird,,,,,,,results\public_benchmark_v1_ext33_m2_57_topology_open_d0_c12_i090_min30\qd_006\prediction.dst,datasets\public_benchmark_v1_ext33\quickdraw_10\qd_006_mask.png,6036,9168,6325,4314,2011,6237,88,0.714712,0.682055,0.680301,0.986087,0.013913,2,2,90.0
public_benchmark_v1_ext33_m2_57_topology_open_d0_c12_i090_min30,qd_007,moon,,,,,,,results\public_benchmark_v1_ext33_m2_57_topology_open_d0_c12_i090_min30\qd_007\prediction.dst,datasets\public_benchmark_v1_ext33\quickdraw_10\qd_007_mask.png,8074,12913,10863,7119,3744,10714,149,0.881719,0.655344,0.829706,0.986284,0.013716,2,2,90.0
public_benchmark_v1_ext33_m2_57_topology_open_d0_c12_i090_min30,qd_008,star,,,,,,,results\public_benchmark_v1_ext33_m2_57_topology_open_d0_c12_i090_min30\qd_008\prediction.dst,datasets\public_benchmark_v1_ext33\quickdraw_10\qd_008_mask.png,5902,9332,7512,5022,2490,7397,115,0.850898,0.66853,0.792649,0.984691,0.015309,2,2,90.0
public_benchmark_v1_ext33_m2_57_topology_open_d0_c16_i085_min20,qd_001,cat,,,,,,,results\public_benchmark_v1_ext33_m2_57_topology_open_d0_c16_i085_min20\qd_001\prediction.dst,datasets\public_benchmark_v1_ext33\quickdraw_10\qd_001_mask.png,7588,11839,10029,6769,3260,9837,192,0.892066,0.674943,0.830898,0.980856,0.019144,2,2,90.0
public_benchmark_v1_ext33_m2_57_topology_open_d0_c16_i085_min20,qd_002,dog,,,,,,,results\public_benchmark_v1_ext33_m2_57_topology_open_d0_c16_i085_min20\qd_002\prediction.dst,datasets\public_benchmark_v1_ext33\quickdraw_10\qd_002_mask.png,8242,12300,10050,7557,2493,9950,100,0.916889,0.75194,0.808943,0.99005,0.00995,2,2,90.0
public_benchmark_v1_ext33_m2_57_topology_open_d0_c16_i085_min20,qd_003,fish,,,,,,,results\public_benchmark_v1_ext33_m2_57_topology_open_d0_c16_i085_min20\qd_003\prediction.dst,datasets\public_benchmark_v1_ext33\quickdraw_10\qd_003_mask.png,5046,7947,7007,4625,2382,6899,108,0.916568,0.660054,0.868126,0.984587,0.015413,2,2,90.0
public_benchmark_v1_ext33_m2_57_topology_open_d0_c16_i085_min20,qd_004,flower,,,,,,,results\public_benchmark_v1_ext33_m2_57_topology_open_d0_c16_i085_min20\qd_004\prediction.dst,datasets\public_benchmark_v1_ext33\quickdraw_10\qd_004_mask.png,5898,9169,7184,5152,2032,7115,69,0.873516,0.717149,0.775984,0.990395,0.009605,2,2,90.0
public_benchmark_v1_ext33_m2_57_topology_open_d0_c16_i085_min20,qd_005,bicycle,,,,,,,results\public_benchmark_v1_ext33_m2_57_topology_open_d0_c16_i085_min20\qd_005\prediction.dst,datasets\public_benchmark_v1_ext33\quickdraw_10\qd_005_mask.png,7540,11320,9352,6752,2600,9224,128,0.895491,0.721985,0.814841,0.986313,0.013687,2,2,90.0
public_benchmark_v1_ext33_m2_57_topology_open_d0_c16_i085_min20,qd_006,bird,,,,,,,results\public_benchmark_v1_ext33_m2_57_topology_open_d0_c16_i085_min20\qd_006\prediction.dst,datasets\public_benchmark_v1_ext33\quickdraw_10\qd_006_mask.png,6036,9168,6974,4760,2214,6869,105,0.788602,0.682535,0.749236,0.984944,0.015056,2,2,90.0
public_benchmark_v1_ext33_m2_57_topology_open_d0_c16_i085_min20,qd_007,moon,,,,,,,results\public_benchmark_v1_ext33_m2_57_topology_open_d0_c16_i085_min20\qd_007\prediction.dst,datasets\public_benchmark_v1_ext33\quickdraw_10\qd_007_mask.png,8074,12913,11070,7245,3825,10912,158,0.897325,0.654472,0.84504,0.985727,0.014273,2,2,90.0
public_benchmark_v1_ext33_m2_57_topology_open_d0_c16_i085_min20,qd_008,star,,,,,,,results\public_benchmark_v1_ext33_m2_57_topology_open_d0_c16_i085_min20\qd_008\prediction.dst,datasets\public_benchmark_v1_ext33\quickdraw_10\qd_008_mask.png,5902,9332,8325,5672,2653,8210,115,0.96103,0.681321,0.879769,0.986186,0.013814,2,2,90.0
public_benchmark_v1_ext33_m2_57_topology_open_d0_c20_i080_min30,qd_001,cat,,,,,,,results\public_benchmark_v1_ext33_m2_57_topology_open_d0_c20_i080_min30\qd_001\prediction.dst,datasets\public_benchmark_v1_ext33\quickdraw_10\qd_001_mask.png,7588,11839,9752,6609,3143,9578,174,0.87098,0.677707,0.809021,0.982158,0.017842,2,2,90.0
public_benchmark_v1_ext33_m2_57_topology_open_d0_c20_i080_min30,qd_002,dog,,,,,,,results\public_benchmark_v1_ext33_m2_57_topology_open_d0_c20_i080_min30\qd_002\prediction.dst,datasets\public_benchmark_v1_ext33\quickdraw_10\qd_002_mask.png,8242,12300,9721,7308,2413,9625,96,0.886678,0.751775,0.78252,0.990124,0.009876,2,2,90.0
public_benchmark_v1_ext33_m2_57_topology_open_d0_c20_i080_min30,qd_003,fish,,,,,,,results\public_benchmark_v1_ext33_m2_57_topology_open_d0_c20_i080_min30\qd_003\prediction.dst,datasets\public_benchmark_v1_ext33\quickdraw_10\qd_003_mask.png,5046,7947,7007,4625,2382,6899,108,0.916568,0.660054,0.868126,0.984587,0.015413,2,2,90.0
public_benchmark_v1_ext33_m2_57_topology_open_d0_c20_i080_min30,qd_004,flower,,,,,,,results\public_benchmark_v1_ext33_m2_57_topology_open_d0_c20_i080_min30\qd_004\prediction.dst,datasets\public_benchmark_v1_ext33\quickdraw_10\qd_004_mask.png,5898,9169,6482,4635,1847,6417,65,0.78586,0.715057,0.699858,0.989972,0.010028,2,2,90.0
public_benchmark_v1_ext33_m2_57_topology_open_d0_c20_i080_min30,qd_005,bicycle,,,,,,,results\public_benchmark_v1_ext33_m2_57_topology_open_d0_c20_i080_min30\qd_005\prediction.dst,datasets\public_benchmark_v1_ext33\quickdraw_10\qd_005_mask.png,7540,11320,8462,6103,2359,8322,140,0.809416,0.721224,0.735159,0.983455,0.016545,2,2,90.0
public_benchmark_v1_ext33_m2_57_topology_open_d0_c20_i080_min30,qd_006,bird,,,,,,,results\public_benchmark_v1_ext33_m2_57_topology_open_d0_c20_i080_min30\qd_006\prediction.dst,datasets\public_benchmark_v1_ext33\quickdraw_10\qd_006_mask.png,6036,9168,6325,4314,2011,6237,88,0.714712,0.682055,0.680301,0.986087,0.013913,2,2,90.0
public_benchmark_v1_ext33_m2_57_topology_open_d0_c20_i080_min30,qd_007,moon,,,,,,,results\public_benchmark_v1_ext33_m2_57_topology_open_d0_c20_i080_min30\qd_007\prediction.dst,datasets\public_benchmark_v1_ext33\quickdraw_10\qd_007_mask.png,8074,12913,10970,7176,3794,10800,170,0.888779,0.654148,0.836366,0.984503,0.015497,2,2,90.0
public_benchmark_v1_ext33_m2_57_topology_open_d0_c20_i080_min30,qd_008,star,,,,,,,results\public_benchmark_v1_ext33_m2_57_topology_open_d0_c20_i080_min30\qd_008\prediction.dst,datasets\public_benchmark_v1_ext33\quickdraw_10\qd_008_mask.png,5902,9332,7512,5022,2490,7397,115,0.850898,0.66853,0.792649,0.984691,0.015309,2,2,90.0
public_benchmark_v1_ext33_m2_57_topology_open_d0_c20_i080_min40,qd_001,cat,,,,,,,results\public_benchmark_v1_ext33_m2_57_topology_open_d0_c20_i080_min40\qd_001\prediction.dst,datasets\public_benchmark_v1_ext33\quickdraw_10\qd_001_mask.png,7588,11839,9372,6261,3111,9204,168,0.825119,0.668054,0.777431,0.982074,0.017926,2,2,90.0
public_benchmark_v1_ext33_m2_57_topology_open_d0_c20_i080_min40,qd_002,dog,,,,,,,results\public_benchmark_v1_ext33_m2_57_topology_open_d0_c20_i080_min40\qd_002\prediction.dst,datasets\public_benchmark_v1_ext33\quickdraw_10\qd_002_mask.png,8242,12300,9309,6934,2375,9213,96,0.841301,0.744871,0.749024,0.989687,0.010313,2,2,90.0
public_benchmark_v1_ext33_m2_57_topology_open_d0_c20_i080_min40,qd_003,fish,,,,,,,results\public_benchmark_v1_ext33_m2_57_topology_open_d0_c20_i080_min40\qd_003\prediction.dst,datasets\public_benchmark_v1_ext33\quickdraw_10\qd_003_mask.png,5046,7947,5664,3766,1898,5589,75,0.746334,0.664901,0.703284,0.986758,0.013242,2,2,90.0
public_benchmark_v1_ext33_m2_57_topology_open_d0_c20_i080_min40,qd_004,flower,,,,,,,results\public_benchmark_v1_ext33_m2_57_topology_open_d0_c20_i080_min40\qd_004\prediction.dst,datasets\public_benchmark_v1_ext33\quickdraw_10\qd_004_mask.png,5898,9169,6203,4420,1783,6140,63,0.749407,0.712558,0.669648,0.989844,0.010156,2,2,90.0
public_benchmark_v1_ext33_m2_57_topology_open_d0_c20_i080_min40,qd_005,bicycle,,,,,,,results\public_benchmark_v1_ext33_m2_57_topology_open_d0_c20_i080_min40\qd_005\prediction.dst,datasets\public_benchmark_v1_ext33\quickdraw_10\qd_005_mask.png,7540,11320,7144,5083,2061,6999,145,0.674138,0.711506,0.618286,0.979703,0.020297,2,2,90.0
public_benchmark_v1_ext33_m2_57_topology_open_d0_c20_i080_min40,qd_006,bird,,,,,,,results\public_benchmark_v1_ext33_m2_57_topology_open_d0_c20_i080_min40\qd_006\prediction.dst,datasets\public_benchmark_v1_ext33\quickdraw_10\qd_006_mask.png,6036,9168,6055,4139,1916,5972,83,0.685719,0.683567,0.651396,0.986292,0.013708,2,2,90.0
public_benchmark_v1_ext33_m2_57_topology_open_d0_c20_i080_min40,qd_007,moon,,,,,,,results\public_benchmark_v1_ext33_m2_57_topology_open_d0_c20_i080_min40\qd_007\prediction.dst,datasets\public_benchmark_v1_ext33\quickdraw_10\qd_007_mask.png,8074,12913,10970,7176,3794,10800,170,0.888779,0.654148,0.836366,0.984503,0.015497,2,2,90.0
public_benchmark_v1_ext33_m2_57_topology_open_d0_c20_i080_min40,qd_008,star,,,,,,,results\public_benchmark_v1_ext33_m2_57_topology_open_d0_c20_i080_min40\qd_008\prediction.dst,datasets\public_benchmark_v1_ext33\quickdraw_10\qd_008_mask.png,5902,9332,7186,4758,2428,7071,115,0.806167,0.662121,0.757715,0.983997,0.016003,2,2,90.0
public_benchmark_v1_ext33_m2_57_topology_open_d0_c24_i075_min40,qd_001,cat,,,,,,,results\public_benchmark_v1_ext33_m2_57_topology_open_d0_c24_i075_min40\qd_001\prediction.dst,datasets\public_benchmark_v1_ext33\quickdraw_10\qd_001_mask.png,7588,11839,9372,6261,3111,9204,168,0.825119,0.668054,0.777431,0.982074,0.017926,2,2,90.0
public_benchmark_v1_ext33_m2_57_topology_open_d0_c24_i075_min40,qd_002,dog,,,,,,,results\public_benchmark_v1_ext33_m2_57_topology_open_d0_c24_i075_min40\qd_002\prediction.dst,datasets\public_benchmark_v1_ext33\quickdraw_10\qd_002_mask.png,8242,12300,9309,6934,2375,9213,96,0.841301,0.744871,0.749024,0.989687,0.010313,2,2,90.0
public_benchmark_v1_ext33_m2_57_topology_open_d0_c24_i075_min40,qd_003,fish,,,,,,,results\public_benchmark_v1_ext33_m2_57_topology_open_d0_c24_i075_min40\qd_003\prediction.dst,datasets\public_benchmark_v1_ext33\quickdraw_10\qd_003_mask.png,5046,7947,5664,3766,1898,5589,75,0.746334,0.664901,0.703284,0.986758,0.013242,2,2,90.0
public_benchmark_v1_ext33_m2_57_topology_open_d0_c24_i075_min40,qd_004,flower,,,,,,,results\public_benchmark_v1_ext33_m2_57_topology_open_d0_c24_i075_min40\qd_004\prediction.dst,datasets\public_benchmark_v1_ext33\quickdraw_10\qd_004_mask.png,5898,9169,6203,4420,1783,6140,63,0.749407,0.712558,0.669648,0.989844,0.010156,2,2,90.0
public_benchmark_v1_ext33_m2_57_topology_open_d0_c24_i075_min40,qd_005,bicycle,,,,,,,results\public_benchmark_v1_ext33_m2_57_topology_open_d0_c24_i075_min40\qd_005\prediction.dst,datasets\public_benchmark_v1_ext33\quickdraw_10\qd_005_mask.png,7540,11320,7144,5083,2061,6999,145,0.674138,0.711506,0.618286,0.979703,0.020297,2,2,90.0
public_benchmark_v1_ext33_m2_57_topology_open_d0_c24_i075_min40,qd_006,bird,,,,,,,results\public_benchmark_v1_ext33_m2_57_topology_open_d0_c24_i075_min40\qd_006\prediction.dst,datasets\public_benchmark_v1_ext33\quickdraw_10\qd_006_mask.png,6036,9168,6055,4139,1916,5972,83,0.685719,0.683567,0.651396,0.986292,0.013708,2,2,90.0
public_benchmark_v1_ext33_m2_57_topology_open_d0_c24_i075_min40,qd_007,moon,,,,,,,results\public_benchmark_v1_ext33_m2_57_topology_open_d0_c24_i075_min40\qd_007\prediction.dst,datasets\public_benchmark_v1_ext33\quickdraw_10\qd_007_mask.png,8074,12913,10970,7176,3794,10800,170,0.888779,0.654148,0.836366,0.984503,0.015497,2,2,90.0
public_benchmark_v1_ext33_m2_57_topology_open_d0_c24_i075_min40,qd_008,star,,,,,,,results\public_benchmark_v1_ext33_m2_57_topology_open_d0_c24_i075_min40\qd_008\prediction.dst,datasets\public_benchmark_v1_ext33\quickdraw_10\qd_008_mask.png,5902,9332,7186,4758,2428,7071,115,0.806167,0.662121,0.757715,0.983997,0.016003,2,2,90.0
public_benchmark_v1_ext33_m2_57_topology_open_d0_c24_i075_min60,qd_001,cat,,,,,,,results\public_benchmark_v1_ext33_m2_57_topology_open_d0_c24_i075_min60\qd_001\prediction.dst,datasets\public_benchmark_v1_ext33\quickdraw_10\qd_001_mask.png,7588,11839,9372,6261,3111,9204,168,0.825119,0.668054,0.777431,0.982074,0.017926,2,2,90.0
public_benchmark_v1_ext33_m2_57_topology_open_d0_c24_i075_min60,qd_002,dog,,,,,,,results\public_benchmark_v1_ext33_m2_57_topology_open_d0_c24_i075_min60\qd_002\prediction.dst,datasets\public_benchmark_v1_ext33\quickdraw_10\qd_002_mask.png,8242,12300,7371,5487,1884,7291,80,0.665736,0.744404,0.592764,0.989147,0.010853,2,2,90.0
public_benchmark_v1_ext33_m2_57_topology_open_d0_c24_i075_min60,qd_003,fish,,,,,,,results\public_benchmark_v1_ext33_m2_57_topology_open_d0_c24_i075_min60\qd_003\prediction.dst,datasets\public_benchmark_v1_ext33\quickdraw_10\qd_003_mask.png,5046,7947,4751,3182,1569,4702,49,0.630598,0.669754,0.59167,0.989686,0.010314,2,2,90.0
public_benchmark_v1_ext33_m2_57_topology_open_d0_c24_i075_min60,qd_004,flower,,,,,,,results\public_benchmark_v1_ext33_m2_57_topology_open_d0_c24_i075_min60\qd_004\prediction.dst,datasets\public_benchmark_v1_ext33\quickdraw_10\qd_004_mask.png,5898,9169,5448,3904,1544,5410,38,0.661919,0.716593,0.590032,0.993025,0.006975,2,2,90.0
public_benchmark_v1_ext33_m2_57_topology_open_d0_c24_i075_min60,qd_005,bicycle,,,,,,,results\public_benchmark_v1_ext33_m2_57_topology_open_d0_c24_i075_min60\qd_005\prediction.dst,datasets\public_benchmark_v1_ext33\quickdraw_10\qd_005_mask.png,7540,11320,4383,3144,1239,4315,68,0.416976,0.717317,0.381184,0.984486,0.015514,2,2,90.0
public_benchmark_v1_ext33_m2_57_topology_open_d0_c24_i075_min60,qd_006,bird,,,,,,,results\public_benchmark_v1_ext33_m2_57_topology_open_d0_c24_i075_min60\qd_006\prediction.dst,datasets\public_benchmark_v1_ext33\quickdraw_10\qd_006_mask.png,6036,9168,5092,3412,1680,5023,69,0.565275,0.670071,0.547884,0.986449,0.013551,2,2,90.0
public_benchmark_v1_ext33_m2_57_topology_open_d0_c24_i075_min60,qd_007,moon,,,,,,,results\public_benchmark_v1_ext33_m2_57_topology_open_d0_c24_i075_min60\qd_007\prediction.dst,datasets\public_benchmark_v1_ext33\quickdraw_10\qd_007_mask.png,8074,12913,10530,6900,3630,10386,144,0.854595,0.655271,0.804306,0.986325,0.013675,2,2,90.0
public_benchmark_v1_ext33_m2_57_topology_open_d0_c24_i075_min60,qd_008,star,,,,,,,results\public_benchmark_v1_ext33_m2_57_topology_open_d0_c24_i075_min60\qd_008\prediction.dst,datasets\public_benchmark_v1_ext33\quickdraw_10\qd_008_mask.png,5902,9332,7186,4758,2428,7071,115,0.806167,0.662121,0.757715,0.983997,0.016003,2,2,90.0
public_benchmark_v1_ext33_m2_57_topology_open_d0_c30_i070_min100,qd_001,cat,,,,,,,results\public_benchmark_v1_ext33_m2_57_topology_open_d0_c30_i070_min100\qd_001\prediction.dst,datasets\public_benchmark_v1_ext33\quickdraw_10\qd_001_mask.png,7588,11839,7915,5226,2689,7756,159,0.688719,0.660265,0.655123,0.979912,0.020088,2,2,90.0
public_benchmark_v1_ext33_m2_57_topology_open_d0_c30_i070_min100,qd_002,dog,,,,,,,results\public_benchmark_v1_ext33_m2_57_topology_open_d0_c30_i070_min100\qd_002\prediction.dst,datasets\public_benchmark_v1_ext33\quickdraw_10\qd_002_mask.png,8242,12300,6195,4624,1571,6104,91,0.561029,0.746408,0.49626,0.985311,0.014689,2,2,90.0
public_benchmark_v1_ext33_m2_57_topology_open_d0_c30_i070_min100,qd_003,fish,,,,,,,results\public_benchmark_v1_ext33_m2_57_topology_open_d0_c30_i070_min100\qd_003\prediction.dst,datasets\public_benchmark_v1_ext33\quickdraw_10\qd_003_mask.png,5046,7947,4082,2771,1311,4062,20,0.549148,0.678834,0.511136,0.9951,0.0049,2,2,90.0
public_benchmark_v1_ext33_m2_57_topology_open_d0_c30_i070_min100,qd_004,flower,,,,,,,results\public_benchmark_v1_ext33_m2_57_topology_open_d0_c30_i070_min100\qd_004\prediction.dst,datasets\public_benchmark_v1_ext33\quickdraw_10\qd_004_mask.png,5898,9169,3290,2314,976,3260,30,0.392336,0.703343,0.355546,0.990881,0.009119,2,2,90.0
public_benchmark_v1_ext33_m2_57_topology_open_d0_c30_i070_min100,qd_005,bicycle,,,,,,,results\public_benchmark_v1_ext33_m2_57_topology_open_d0_c30_i070_min100\qd_005\prediction.dst,datasets\public_benchmark_v1_ext33\quickdraw_10\qd_005_mask.png,7540,11320,2320,1673,647,2312,8,0.221883,0.721121,0.20424,0.996552,0.003448,2,2,90.0
public_benchmark_v1_ext33_m2_57_topology_open_d0_c30_i070_min100,qd_006,bird,,,,,,,results\public_benchmark_v1_ext33_m2_57_topology_open_d0_c30_i070_min100\qd_006\prediction.dst,datasets\public_benchmark_v1_ext33\quickdraw_10\qd_006_mask.png,6036,9168,3443,2337,1106,3389,54,0.387177,0.678769,0.369655,0.984316,0.015684,2,2,90.0
public_benchmark_v1_ext33_m2_57_topology_open_d0_c30_i070_min100,qd_007,moon,,,,,,,results\public_benchmark_v1_ext33_m2_57_topology_open_d0_c30_i070_min100\qd_007\prediction.dst,datasets\public_benchmark_v1_ext33\quickdraw_10\qd_007_mask.png,8074,12913,8889,5844,3045,8755,134,0.723805,0.657442,0.677999,0.984925,0.015075,2,2,90.0
public_benchmark_v1_ext33_m2_57_topology_open_d0_c30_i070_min100,qd_008,star,,,,,,,results\public_benchmark_v1_ext33_m2_57_topology_open_d0_c30_i070_min100\qd_008\prediction.dst,datasets\public_benchmark_v1_ext33\quickdraw_10\qd_008_mask.png,5902,9332,7293,4760,2533,7077,216,0.806506,0.652681,0.758358,0.970383,0.029617,2,2,90.0
public_benchmark_v1_ext33_m2_57_topology_open_d0_c30_i070_min80,qd_001,cat,,,,,,,results\public_benchmark_v1_ext33_m2_57_topology_open_d0_c30_i070_min80\qd_001\prediction.dst,datasets\public_benchmark_v1_ext33\quickdraw_10\qd_001_mask.png,7588,11839,9372,6261,3111,9204,168,0.825119,0.668054,0.777431,0.982074,0.017926,2,2,90.0
public_benchmark_v1_ext33_m2_57_topology_open_d0_c30_i070_min80,qd_002,dog,,,,,,,results\public_benchmark_v1_ext33_m2_57_topology_open_d0_c30_i070_min80\qd_002\prediction.dst,datasets\public_benchmark_v1_ext33\quickdraw_10\qd_002_mask.png,8242,12300,6878,5079,1799,6774,104,0.616234,0.738441,0.550732,0.984879,0.015121,2,2,90.0
public_benchmark_v1_ext33_m2_57_topology_open_d0_c30_i070_min80,qd_003,fish,,,,,,,results\public_benchmark_v1_ext33_m2_57_topology_open_d0_c30_i070_min80\qd_003\prediction.dst,datasets\public_benchmark_v1_ext33\quickdraw_10\qd_003_mask.png,5046,7947,4751,3182,1569,4702,49,0.630598,0.669754,0.59167,0.989686,0.010314,2,2,90.0
public_benchmark_v1_ext33_m2_57_topology_open_d0_c30_i070_min80,qd_004,flower,,,,,,,results\public_benchmark_v1_ext33_m2_57_topology_open_d0_c30_i070_min80\qd_004\prediction.dst,datasets\public_benchmark_v1_ext33\quickdraw_10\qd_004_mask.png,5898,9169,4171,2959,1212,4133,38,0.501695,0.709422,0.450758,0.990889,0.009111,2,2,90.0
public_benchmark_v1_ext33_m2_57_topology_open_d0_c30_i070_min80,qd_005,bicycle,,,,,,,results\public_benchmark_v1_ext33_m2_57_topology_open_d0_c30_i070_min80\qd_005\prediction.dst,datasets\public_benchmark_v1_ext33\quickdraw_10\qd_005_mask.png,7540,11320,3144,2278,866,3121,23,0.302122,0.724555,0.275707,0.992684,0.007316,2,2,90.0
public_benchmark_v1_ext33_m2_57_topology_open_d0_c30_i070_min80,qd_006,bird,,,,,,,results\public_benchmark_v1_ext33_m2_57_topology_open_d0_c30_i070_min80\qd_006\prediction.dst,datasets\public_benchmark_v1_ext33\quickdraw_10\qd_006_mask.png,6036,9168,3443,2337,1106,3389,54,0.387177,0.678769,0.369655,0.984316,0.015684,2,2,90.0
public_benchmark_v1_ext33_m2_57_topology_open_d0_c30_i070_min80,qd_007,moon,,,,,,,results\public_benchmark_v1_ext33_m2_57_topology_open_d0_c30_i070_min80\qd_007\prediction.dst,datasets\public_benchmark_v1_ext33\quickdraw_10\qd_007_mask.png,8074,12913,10530,6900,3630,10386,144,0.854595,0.655271,0.804306,0.986325,0.013675,2,2,90.0
public_benchmark_v1_ext33_m2_57_topology_open_d0_c30_i070_min80,qd_008,star,,,,,,,results\public_benchmark_v1_ext33_m2_57_topology_open_d0_c30_i070_min80\qd_008\prediction.dst,datasets\public_benchmark_v1_ext33\quickdraw_10\qd_008_mask.png,5902,9332,7293,4760,2533,7077,216,0.806506,0.652681,0.758358,0.970383,0.029617,2,2,90.0
public_benchmark_v1_ext33_m2_57_topology_open_d1_c16_i085_min20,qd_001,cat,,,,,,,results\public_benchmark_v1_ext33_m2_57_topology_open_d1_c16_i085_min20\qd_001\prediction.dst,datasets\public_benchmark_v1_ext33\quickdraw_10\qd_001_mask.png,7588,11839,10029,6769,3260,9837,192,0.892066,0.674943,0.830898,0.980856,0.019144,2,2,90.0
public_benchmark_v1_ext33_m2_57_topology_open_d1_c16_i085_min20,qd_002,dog,,,,,,,results\public_benchmark_v1_ext33_m2_57_topology_open_d1_c16_i085_min20\qd_002\prediction.dst,datasets\public_benchmark_v1_ext33\quickdraw_10\qd_002_mask.png,8242,12300,10105,7577,2528,9981,124,0.919316,0.749827,0.811463,0.987729,0.012271,2,2,90.0
public_benchmark_v1_ext33_m2_57_topology_open_d1_c16_i085_min20,qd_003,fish,,,,,,,results\public_benchmark_v1_ext33_m2_57_topology_open_d1_c16_i085_min20\qd_003\prediction.dst,datasets\public_benchmark_v1_ext33\quickdraw_10\qd_003_mask.png,5046,7947,7007,4625,2382,6899,108,0.916568,0.660054,0.868126,0.984587,0.015413,2,2,90.0
public_benchmark_v1_ext33_m2_57_topology_open_d1_c16_i085_min20,qd_004,flower,,,,,,,results\public_benchmark_v1_ext33_m2_57_topology_open_d1_c16_i085_min20\qd_004\prediction.dst,datasets\public_benchmark_v1_ext33\quickdraw_10\qd_004_mask.png,5898,9169,7184,5152,2032,7115,69,0.873516,0.717149,0.775984,0.990395,0.009605,2,2,90.0
public_benchmark_v1_ext33_m2_57_topology_open_d1_c16_i085_min20,qd_005,bicycle,,,,,,,results\public_benchmark_v1_ext33_m2_57_topology_open_d1_c16_i085_min20\qd_005\prediction.dst,datasets\public_benchmark_v1_ext33\quickdraw_10\qd_005_mask.png,7540,11320,9600,6897,2703,9429,171,0.914721,0.718437,0.832951,0.982187,0.017812,2,2,90.0
public_benchmark_v1_ext33_m2_57_topology_open_d1_c16_i085_min20,qd_006,bird,,,,,,,results\public_benchmark_v1_ext33_m2_57_topology_open_d1_c16_i085_min20\qd_006\prediction.dst,datasets\public_benchmark_v1_ext33\quickdraw_10\qd_006_mask.png,6036,9168,7131,4790,2341,6953,178,0.793572,0.671715,0.758399,0.975039,0.024961,2,2,90.0
public_benchmark_v1_ext33_m2_57_topology_open_d1_c16_i085_min20,qd_007,moon,,,,,,,results\public_benchmark_v1_ext33_m2_57_topology_open_d1_c16_i085_min20\qd_007\prediction.dst,datasets\public_benchmark_v1_ext33\quickdraw_10\qd_007_mask.png,8074,12913,11198,7302,3896,11007,191,0.904384,0.652081,0.852397,0.982943,0.017057,2,2,90.0
public_benchmark_v1_ext33_m2_57_topology_open_d1_c16_i085_min20,qd_008,star,,,,,,,results\public_benchmark_v1_ext33_m2_57_topology_open_d1_c16_i085_min20\qd_008\prediction.dst,datasets\public_benchmark_v1_ext33\quickdraw_10\qd_008_mask.png,5902,9332,8325,5672,2653,8210,115,0.96103,0.681321,0.879769,0.986186,0.013814,2,2,90.0
public_benchmark_v1_ext33_m2_57_topology_open_d1_c20_i080_min20,qd_001,cat,,,,,,,results\public_benchmark_v1_ext33_m2_57_topology_open_d1_c20_i080_min20\qd_001\prediction.dst,datasets\public_benchmark_v1_ext33\quickdraw_10\qd_001_mask.png,7588,11839,10029,6769,3260,9837,192,0.892066,0.674943,0.830898,0.980856,0.019144,2,2,90.0
public_benchmark_v1_ext33_m2_57_topology_open_d1_c20_i080_min20,qd_002,dog,,,,,,,results\public_benchmark_v1_ext33_m2_57_topology_open_d1_c20_i080_min20\qd_002\prediction.dst,datasets\public_benchmark_v1_ext33\quickdraw_10\qd_002_mask.png,8242,12300,10105,7577,2528,9981,124,0.919316,0.749827,0.811463,0.987729,0.012271,2,2,90.0
public_benchmark_v1_ext33_m2_57_topology_open_d1_c20_i080_min20,qd_003,fish,,,,,,,results\public_benchmark_v1_ext33_m2_57_topology_open_d1_c20_i080_min20\qd_003\prediction.dst,datasets\public_benchmark_v1_ext33\quickdraw_10\qd_003_mask.png,5046,7947,7007,4625,2382,6899,108,0.916568,0.660054,0.868126,0.984587,0.015413,2,2,90.0
public_benchmark_v1_ext33_m2_57_topology_open_d1_c20_i080_min20,qd_004,flower,,,,,,,results\public_benchmark_v1_ext33_m2_57_topology_open_d1_c20_i080_min20\qd_004\prediction.dst,datasets\public_benchmark_v1_ext33\quickdraw_10\qd_004_mask.png,5898,9169,7184,5152,2032,7115,69,0.873516,0.717149,0.775984,0.990395,0.009605,2,2,90.0
public_benchmark_v1_ext33_m2_57_topology_open_d1_c20_i080_min20,qd_005,bicycle,,,,,,,results\public_benchmark_v1_ext33_m2_57_topology_open_d1_c20_i080_min20\qd_005\prediction.dst,datasets\public_benchmark_v1_ext33\quickdraw_10\qd_005_mask.png,7540,11320,9600,6897,2703,9429,171,0.914721,0.718437,0.832951,0.982187,0.017812,2,2,90.0
public_benchmark_v1_ext33_m2_57_topology_open_d1_c20_i080_min20,qd_006,bird,,,,,,,results\public_benchmark_v1_ext33_m2_57_topology_open_d1_c20_i080_min20\qd_006\prediction.dst,datasets\public_benchmark_v1_ext33\quickdraw_10\qd_006_mask.png,6036,9168,7498,5012,2486,7238,260,0.830351,0.668445,0.789485,0.965324,0.034676,2,2,90.0
public_benchmark_v1_ext33_m2_57_topology_open_d1_c20_i080_min20,qd_007,moon,,,,,,,results\public_benchmark_v1_ext33_m2_57_topology_open_d1_c20_i080_min20\qd_007\prediction.dst,datasets\public_benchmark_v1_ext33\quickdraw_10\qd_007_mask.png,8074,12913,11198,7302,3896,11007,191,0.904384,0.652081,0.852397,0.982943,0.017057,2,2,90.0
public_benchmark_v1_ext33_m2_57_topology_open_d1_c20_i080_min20,qd_008,star,,,,,,,results\public_benchmark_v1_ext33_m2_57_topology_open_d1_c20_i080_min20\qd_008\prediction.dst,datasets\public_benchmark_v1_ext33\quickdraw_10\qd_008_mask.png,5902,9332,8325,5672,2653,8210,115,0.96103,0.681321,0.879769,0.986186,0.013814,2,2,90.0
public_benchmark_v1_ext33_m2_57_topology_open_d1_c24_i070_min60,qd_001,cat,,,,,,,results\public_benchmark_v1_ext33_m2_57_topology_open_d1_c24_i070_min60\qd_001\prediction.dst,datasets\public_benchmark_v1_ext33\quickdraw_10\qd_001_mask.png,7588,11839,9372,6261,3111,9204,168,0.825119,0.668054,0.777431,0.982074,0.017926,2,2,90.0
public_benchmark_v1_ext33_m2_57_topology_open_d1_c24_i070_min60,qd_002,dog,,,,,,,results\public_benchmark_v1_ext33_m2_57_topology_open_d1_c24_i070_min60\qd_002\prediction.dst,datasets\public_benchmark_v1_ext33\quickdraw_10\qd_002_mask.png,8242,12300,7579,5629,1950,7475,104,0.682965,0.74271,0.607724,0.986278,0.013722,2,2,90.0
public_benchmark_v1_ext33_m2_57_topology_open_d1_c24_i070_min60,qd_003,fish,,,,,,,results\public_benchmark_v1_ext33_m2_57_topology_open_d1_c24_i070_min60\qd_003\prediction.dst,datasets\public_benchmark_v1_ext33\quickdraw_10\qd_003_mask.png,5046,7947,4751,3182,1569,4702,49,0.630598,0.669754,0.59167,0.989686,0.010314,2,2,90.0
public_benchmark_v1_ext33_m2_57_topology_open_d1_c24_i070_min60,qd_004,flower,,,,,,,results\public_benchmark_v1_ext33_m2_57_topology_open_d1_c24_i070_min60\qd_004\prediction.dst,datasets\public_benchmark_v1_ext33\quickdraw_10\qd_004_mask.png,5898,9169,5702,4025,1677,5596,106,0.682435,0.705893,0.610317,0.98141,0.01859,2,2,90.0
public_benchmark_v1_ext33_m2_57_topology_open_d1_c24_i070_min60,qd_005,bicycle,,,,,,,results\public_benchmark_v1_ext33_m2_57_topology_open_d1_c24_i070_min60\qd_005\prediction.dst,datasets\public_benchmark_v1_ext33\quickdraw_10\qd_005_mask.png,7540,11320,4383,3144,1239,4315,68,0.416976,0.717317,0.381184,0.984486,0.015514,2,2,90.0
public_benchmark_v1_ext33_m2_57_topology_open_d1_c24_i070_min60,qd_006,bird,,,,,,,results\public_benchmark_v1_ext33_m2_57_topology_open_d1_c24_i070_min60\qd_006\prediction.dst,datasets\public_benchmark_v1_ext33\quickdraw_10\qd_006_mask.png,6036,9168,5167,3414,1753,5034,133,0.565606,0.660732,0.549084,0.97426,0.02574,2,2,90.0
public_benchmark_v1_ext33_m2_57_topology_open_d1_c24_i070_min60,qd_007,moon,,,,,,,results\public_benchmark_v1_ext33_m2_57_topology_open_d1_c24_i070_min60\qd_007\prediction.dst,datasets\public_benchmark_v1_ext33\quickdraw_10\qd_007_mask.png,8074,12913,10530,6900,3630,10386,144,0.854595,0.655271,0.804306,0.986325,0.013675,2,2,90.0
public_benchmark_v1_ext33_m2_57_topology_open_d1_c24_i070_min60,qd_008,star,,,,,,,results\public_benchmark_v1_ext33_m2_57_topology_open_d1_c24_i070_min60\qd_008\prediction.dst,datasets\public_benchmark_v1_ext33\quickdraw_10\qd_008_mask.png,5902,9332,7186,4758,2428,7071,115,0.806167,0.662121,0.757715,0.983997,0.016003,2,2,90.0
public_benchmark_v1_ext33_m2_57_topology_open_d1_c24_i075_min40,qd_001,cat,,,,,,,results\public_benchmark_v1_ext33_m2_57_topology_open_d1_c24_i075_min40\qd_001\prediction.dst,datasets\public_benchmark_v1_ext33\quickdraw_10\qd_001_mask.png,7588,11839,9372,6261,3111,9204,168,0.825119,0.668054,0.777431,0.982074,0.017926,2,2,90.0
public_benchmark_v1_ext33_m2_57_topology_open_d1_c24_i075_min40,qd_002,dog,,,,,,,results\public_benchmark_v1_ext33_m2_57_topology_open_d1_c24_i075_min40\qd_002\prediction.dst,datasets\public_benchmark_v1_ext33\quickdraw_10\qd_002_mask.png,8242,12300,9364,6954,2410,9244,120,0.843727,0.742631,0.751545,0.987185,0.012815,2,2,90.0
public_benchmark_v1_ext33_m2_57_topology_open_d1_c24_i075_min40,qd_003,fish,,,,,,,results\public_benchmark_v1_ext33_m2_57_topology_open_d1_c24_i075_min40\qd_003\prediction.dst,datasets\public_benchmark_v1_ext33\quickdraw_10\qd_003_mask.png,5046,7947,5664,3766,1898,5589,75,0.746334,0.664901,0.703284,0.986758,0.013242,2,2,90.0
public_benchmark_v1_ext33_m2_57_topology_open_d1_c24_i075_min40,qd_004,flower,,,,,,,results\public_benchmark_v1_ext33_m2_57_topology_open_d1_c24_i075_min40\qd_004\prediction.dst,datasets\public_benchmark_v1_ext33\quickdraw_10\qd_004_mask.png,5898,9169,6203,4420,1783,6140,63,0.749407,0.712558,0.669648,0.989844,0.010156,2,2,90.0
public_benchmark_v1_ext33_m2_57_topology_open_d1_c24_i075_min40,qd_005,bicycle,,,,,,,results\public_benchmark_v1_ext33_m2_57_topology_open_d1_c24_i075_min40\qd_005\prediction.dst,datasets\public_benchmark_v1_ext33\quickdraw_10\qd_005_mask.png,7540,11320,7144,5083,2061,6999,145,0.674138,0.711506,0.618286,0.979703,0.020297,2,2,90.0
public_benchmark_v1_ext33_m2_57_topology_open_d1_c24_i075_min40,qd_006,bird,,,,,,,results\public_benchmark_v1_ext33_m2_57_topology_open_d1_c24_i075_min40\qd_006\prediction.dst,datasets\public_benchmark_v1_ext33\quickdraw_10\qd_006_mask.png,6036,9168,6233,4149,2084,6031,202,0.687376,0.665651,0.657832,0.967592,0.032408,2,2,90.0
public_benchmark_v1_ext33_m2_57_topology_open_d1_c24_i075_min40,qd_007,moon,,,,,,,results\public_benchmark_v1_ext33_m2_57_topology_open_d1_c24_i075_min40\qd_007\prediction.dst,datasets\public_benchmark_v1_ext33\quickdraw_10\qd_007_mask.png,8074,12913,10970,7176,3794,10800,170,0.888779,0.654148,0.836366,0.984503,0.015497,2,2,90.0
public_benchmark_v1_ext33_m2_57_topology_open_d1_c24_i075_min40,qd_008,star,,,,,,,results\public_benchmark_v1_ext33_m2_57_topology_open_d1_c24_i075_min40\qd_008\prediction.dst,datasets\public_benchmark_v1_ext33\quickdraw_10\qd_008_mask.png,5902,9332,7186,4758,2428,7071,115,0.806167,0.662121,0.757715,0.983997,0.016003,2,2,90.0
public_benchmark_v1_ext33_m2_57_topology_open_d1_c30_i065_min80,qd_001,cat,,,,,,,results\public_benchmark_v1_ext33_m2_57_topology_open_d1_c30_i065_min80\qd_001\prediction.dst,datasets\public_benchmark_v1_ext33\quickdraw_10\qd_001_mask.png,7588,11839,9645,6334,3311,9318,327,0.834739,0.656713,0.78706,0.966096,0.033904,2,2,90.0
public_benchmark_v1_ext33_m2_57_topology_open_d1_c30_i065_min80,qd_002,dog,,,,,,,results\public_benchmark_v1_ext33_m2_57_topology_open_d1_c30_i065_min80\qd_002\prediction.dst,datasets\public_benchmark_v1_ext33\quickdraw_10\qd_002_mask.png,8242,12300,6918,5088,1830,6793,125,0.617326,0.735473,0.552276,0.981931,0.018069,2,2,90.0
public_benchmark_v1_ext33_m2_57_topology_open_d1_c30_i065_min80,qd_003,fish,,,,,,,results\public_benchmark_v1_ext33_m2_57_topology_open_d1_c30_i065_min80\qd_003\prediction.dst,datasets\public_benchmark_v1_ext33\quickdraw_10\qd_003_mask.png,5046,7947,4751,3182,1569,4702,49,0.630598,0.669754,0.59167,0.989686,0.010314,2,2,90.0
public_benchmark_v1_ext33_m2_57_topology_open_d1_c30_i065_min80,qd_004,flower,,,,,,,results\public_benchmark_v1_ext33_m2_57_topology_open_d1_c30_i065_min80\qd_004\prediction.dst,datasets\public_benchmark_v1_ext33\quickdraw_10\qd_004_mask.png,5898,9169,4171,2959,1212,4133,38,0.501695,0.709422,0.450758,0.990889,0.009111,2,2,90.0
public_benchmark_v1_ext33_m2_57_topology_open_d1_c30_i065_min80,qd_005,bicycle,,,,,,,results\public_benchmark_v1_ext33_m2_57_topology_open_d1_c30_i065_min80\qd_005\prediction.dst,datasets\public_benchmark_v1_ext33\quickdraw_10\qd_005_mask.png,7540,11320,3144,2278,866,3121,23,0.302122,0.724555,0.275707,0.992684,0.007316,2,2,90.0
public_benchmark_v1_ext33_m2_57_topology_open_d1_c30_i065_min80,qd_006,bird,,,,,,,results\public_benchmark_v1_ext33_m2_57_topology_open_d1_c30_i065_min80\qd_006\prediction.dst,datasets\public_benchmark_v1_ext33\quickdraw_10\qd_006_mask.png,6036,9168,3443,2337,1106,3389,54,0.387177,0.678769,0.369655,0.984316,0.015684,2,2,90.0
public_benchmark_v1_ext33_m2_57_topology_open_d1_c30_i065_min80,qd_007,moon,,,,,,,results\public_benchmark_v1_ext33_m2_57_topology_open_d1_c30_i065_min80\qd_007\prediction.dst,datasets\public_benchmark_v1_ext33\quickdraw_10\qd_007_mask.png,8074,12913,10530,6900,3630,10386,144,0.854595,0.655271,0.804306,0.986325,0.013675,2,2,90.0
public_benchmark_v1_ext33_m2_57_topology_open_d1_c30_i065_min80,qd_008,star,,,,,,,results\public_benchmark_v1_ext33_m2_57_topology_open_d1_c30_i065_min80\qd_008\prediction.dst,datasets\public_benchmark_v1_ext33\quickdraw_10\qd_008_mask.png,5902,9332,7293,4760,2533,7077,216,0.806506,0.652681,0.758358,0.970383,0.029617,2,2,90.0
public_benchmark_v1_ext33_m2_57_topology_open_d2_c20_i075_min20,qd_001,cat,,,,,,,results\public_benchmark_v1_ext33_m2_57_topology_open_d2_c20_i075_min20\qd_001\prediction.dst,datasets\public_benchmark_v1_ext33\quickdraw_10\qd_001_mask.png,7588,11839,10029,6769,3260,9837,192,0.892066,0.674943,0.830898,0.980856,0.019144,2,2,90.0
public_benchmark_v1_ext33_m2_57_topology_open_d2_c20_i075_min20,qd_002,dog,,,,,,,results\public_benchmark_v1_ext33_m2_57_topology_open_d2_c20_i075_min20\qd_002\prediction.dst,datasets\public_benchmark_v1_ext33\quickdraw_10\qd_002_mask.png,8242,12300,10129,7577,2552,9987,142,0.919316,0.74805,0.811951,0.985981,0.014019,2,2,90.0
public_benchmark_v1_ext33_m2_57_topology_open_d2_c20_i075_min20,qd_003,fish,,,,,,,results\public_benchmark_v1_ext33_m2_57_topology_open_d2_c20_i075_min20\qd_003\prediction.dst,datasets\public_benchmark_v1_ext33\quickdraw_10\qd_003_mask.png,5046,7947,7134,4629,2505,6919,215,0.91736,0.648865,0.870643,0.969863,0.030137,2,2,90.0
public_benchmark_v1_ext33_m2_57_topology_open_d2_c20_i075_min20,qd_004,flower,,,,,,,results\public_benchmark_v1_ext33_m2_57_topology_open_d2_c20_i075_min20\qd_004\prediction.dst,datasets\public_benchmark_v1_ext33\quickdraw_10\qd_004_mask.png,5898,9169,7243,5152,2091,7122,121,0.873516,0.711307,0.776748,0.983294,0.016706,2,2,90.0
public_benchmark_v1_ext33_m2_57_topology_open_d2_c20_i075_min20,qd_005,bicycle,,,,,,,results\public_benchmark_v1_ext33_m2_57_topology_open_d2_c20_i075_min20\qd_005\prediction.dst,datasets\public_benchmark_v1_ext33\quickdraw_10\qd_005_mask.png,7540,11320,9600,6897,2703,9429,171,0.914721,0.718437,0.832951,0.982187,0.017812,2,2,90.0
public_benchmark_v1_ext33_m2_57_topology_open_d2_c20_i075_min20,qd_006,bird,,,,,,,results\public_benchmark_v1_ext33_m2_57_topology_open_d2_c20_i075_min20\qd_006\prediction.dst,datasets\public_benchmark_v1_ext33\quickdraw_10\qd_006_mask.png,6036,9168,7498,5012,2486,7238,260,0.830351,0.668445,0.789485,0.965324,0.034676,2,2,90.0
public_benchmark_v1_ext33_m2_57_topology_open_d2_c20_i075_min20,qd_007,moon,,,,,,,results\public_benchmark_v1_ext33_m2_57_topology_open_d2_c20_i075_min20\qd_007\prediction.dst,datasets\public_benchmark_v1_ext33\quickdraw_10\qd_007_mask.png,8074,12913,11198,7302,3896,11007,191,0.904384,0.652081,0.852397,0.982943,0.017057,2,2,90.0
public_benchmark_v1_ext33_m2_57_topology_open_d2_c20_i075_min20,qd_008,star,,,,,,,results\public_benchmark_v1_ext33_m2_57_topology_open_d2_c20_i075_min20\qd_008\prediction.dst,datasets\public_benchmark_v1_ext33\quickdraw_10\qd_008_mask.png,5902,9332,8325,5672,2653,8210,115,0.96103,0.681321,0.879769,0.986186,0.013814,2,2,90.0
public_benchmark_v1_ext33_m2_57_topology_relative_rescue,qd_001,cat,,,,,,,results\public_benchmark_v1_ext33_m2_57_topology_relative_rescue\qd_001\prediction.dst,datasets\public_benchmark_v1_ext33\quickdraw_10\qd_001_mask.png,7588,11839,14851,7585,7266,11575,3276,0.999605,0.51074,0.977701,0.779409,0.220591,2,2,90.0
public_benchmark_v1_ext33_m2_57_topology_relative_rescue,qd_002,dog,,,,,,,results\public_benchmark_v1_ext33_m2_57_topology_relative_rescue\qd_002\prediction.dst,datasets\public_benchmark_v1_ext33\quickdraw_10\qd_002_mask.png,8242,12300,13693,8224,5469,11831,1862,0.997816,0.600599,0.96187,0.864018,0.135982,2,2,90.0
public_benchmark_v1_ext33_m2_57_topology_relative_rescue,qd_003,fish,,,,,,,results\public_benchmark_v1_ext33_m2_57_topology_relative_rescue\qd_003\prediction.dst,datasets\public_benchmark_v1_ext33\quickdraw_10\qd_003_mask.png,5046,7947,16064,5046,11018,7947,8117,1.0,0.314119,1.0,0.494709,0.505291,2,2,90.0
public_benchmark_v1_ext33_m2_57_topology_relative_rescue,qd_004,flower,,,,,,,results\public_benchmark_v1_ext33_m2_57_topology_relative_rescue\qd_004\prediction.dst,datasets\public_benchmark_v1_ext33\quickdraw_10\qd_004_mask.png,5898,9169,7809,5224,2585,7307,502,0.885724,0.668972,0.796924,0.935715,0.064285,2,2,90.0
public_benchmark_v1_ext33_m2_57_topology_relative_rescue,qd_005,bicycle,,,,,,,results\public_benchmark_v1_ext33_m2_57_topology_relative_rescue\qd_005\prediction.dst,datasets\public_benchmark_v1_ext33\quickdraw_10\qd_005_mask.png,7540,11320,11274,7458,3816,10276,998,0.989125,0.661522,0.907774,0.911478,0.088522,2,2,90.0
public_benchmark_v1_ext33_m2_57_topology_relative_rescue,qd_006,bird,,,,,,,results\public_benchmark_v1_ext33_m2_57_topology_relative_rescue\qd_006\prediction.dst,datasets\public_benchmark_v1_ext33\quickdraw_10\qd_006_mask.png,6036,9168,8226,5724,2502,7601,625,0.94831,0.695842,0.829079,0.924021,0.075979,2,2,90.0
public_benchmark_v1_ext33_m2_57_topology_relative_rescue,qd_007,moon,,,,,,,results\public_benchmark_v1_ext33_m2_57_topology_relative_rescue\qd_007\prediction.dst,datasets\public_benchmark_v1_ext33\quickdraw_10\qd_007_mask.png,8074,12913,8889,5844,3045,8755,134,0.723805,0.657442,0.677999,0.984925,0.015075,2,2,90.0
public_benchmark_v1_ext33_m2_57_topology_relative_rescue,qd_008,star,,,,,,,results\public_benchmark_v1_ext33_m2_57_topology_relative_rescue\qd_008\prediction.dst,datasets\public_benchmark_v1_ext33\quickdraw_10\qd_008_mask.png,5902,9332,7970,5847,2123,7902,68,0.990681,0.733626,0.846764,0.991468,0.008532,2,2,90.0
public_benchmark_v1_ext33_m2_57_topology_selector_probe_min100,qd_001,cat,,,,,,,results\public_benchmark_v1_ext33_m2_57_topology_selector_probe_min100\qd_001\prediction.dst,datasets\public_benchmark_v1_ext33\quickdraw_10\qd_001_mask.png,7588,11839,14851,7585,7266,11575,3276,0.999605,0.51074,0.977701,0.779409,0.220591,2,2,90.0
public_benchmark_v1_ext33_m2_57_topology_selector_probe_min100,qd_002,dog,,,,,,,results\public_benchmark_v1_ext33_m2_57_topology_selector_probe_min100\qd_002\prediction.dst,datasets\public_benchmark_v1_ext33\quickdraw_10\qd_002_mask.png,8242,12300,13693,8224,5469,11831,1862,0.997816,0.600599,0.96187,0.864018,0.135982,2,2,90.0
public_benchmark_v1_ext33_m2_57_topology_selector_probe_min100,qd_003,fish,,,,,,,results\public_benchmark_v1_ext33_m2_57_topology_selector_probe_min100\qd_003\prediction.dst,datasets\public_benchmark_v1_ext33\quickdraw_10\qd_003_mask.png,5046,7947,16064,5046,11018,7947,8117,1.0,0.314119,1.0,0.494709,0.505291,2,2,90.0
public_benchmark_v1_ext33_m2_57_topology_selector_probe_min100,qd_004,flower,,,,,,,results\public_benchmark_v1_ext33_m2_57_topology_selector_probe_min100\qd_004\prediction.dst,datasets\public_benchmark_v1_ext33\quickdraw_10\qd_004_mask.png,5898,9169,7809,5224,2585,7307,502,0.885724,0.668972,0.796924,0.935715,0.064285,2,2,90.0
public_benchmark_v1_ext33_m2_57_topology_selector_probe_min100,qd_005,bicycle,,,,,,,results\public_benchmark_v1_ext33_m2_57_topology_selector_probe_min100\qd_005\prediction.dst,datasets\public_benchmark_v1_ext33\quickdraw_10\qd_005_mask.png,7540,11320,11274,7458,3816,10276,998,0.989125,0.661522,0.907774,0.911478,0.088522,2,2,90.0
public_benchmark_v1_ext33_m2_57_topology_selector_probe_min100,qd_006,bird,,,,,,,results\public_benchmark_v1_ext33_m2_57_topology_selector_probe_min100\qd_006\prediction.dst,datasets\public_benchmark_v1_ext33\quickdraw_10\qd_006_mask.png,6036,9168,8226,5724,2502,7601,625,0.94831,0.695842,0.829079,0.924021,0.075979,2,2,90.0
public_benchmark_v1_ext33_m2_57_topology_selector_probe_min100,qd_007,moon,,,,,,,results\public_benchmark_v1_ext33_m2_57_topology_selector_probe_min100\qd_007\prediction.dst,datasets\public_benchmark_v1_ext33\quickdraw_10\qd_007_mask.png,8074,12913,11394,7540,3854,10483,911,0.933862,0.661752,0.811818,0.920046,0.079954,2,2,90.0
public_benchmark_v1_ext33_m2_57_topology_selector_probe_min100,qd_008,star,,,,,,,results\public_benchmark_v1_ext33_m2_57_topology_selector_probe_min100\qd_008\prediction.dst,datasets\public_benchmark_v1_ext33\quickdraw_10\qd_008_mask.png,5902,9332,7970,5847,2123,7902,68,0.990681,0.733626,0.846764,0.991468,0.008532,2,2,90.0
public_benchmark_v1_ext33_m2_57_topology_selector_probe_min100_j14,qd_001,cat,,,,,,,results\public_benchmark_v1_ext33_m2_57_topology_selector_probe_min100_j14\qd_001\prediction.dst,datasets\public_benchmark_v1_ext33\quickdraw_10\qd_001_mask.png,7588,11839,10613,7193,3420,9780,833,0.947944,0.677754,0.826083,0.921511,0.078489,2,2,90.0
public_benchmark_v1_ext33_m2_57_topology_selector_probe_min100_j14,qd_002,dog,,,,,,,results\public_benchmark_v1_ext33_m2_57_topology_selector_probe_min100_j14\qd_002\prediction.dst,datasets\public_benchmark_v1_ext33\quickdraw_10\qd_002_mask.png,8242,12300,13693,8224,5469,11831,1862,0.997816,0.600599,0.96187,0.864018,0.135982,2,2,90.0
public_benchmark_v1_ext33_m2_57_topology_selector_probe_min100_j14,qd_003,fish,,,,,,,results\public_benchmark_v1_ext33_m2_57_topology_selector_probe_min100_j14\qd_003\prediction.dst,datasets\public_benchmark_v1_ext33\quickdraw_10\qd_003_mask.png,5046,7947,16064,5046,11018,7947,8117,1.0,0.314119,1.0,0.494709,0.505291,2,2,90.0
public_benchmark_v1_ext33_m2_57_topology_selector_probe_min100_j14,qd_004,flower,,,,,,,results\public_benchmark_v1_ext33_m2_57_topology_selector_probe_min100_j14\qd_004\prediction.dst,datasets\public_benchmark_v1_ext33\quickdraw_10\qd_004_mask.png,5898,9169,7809,5224,2585,7307,502,0.885724,0.668972,0.796924,0.935715,0.064285,2,2,90.0
public_benchmark_v1_ext33_m2_57_topology_selector_probe_min100_j14,qd_005,bicycle,,,,,,,results\public_benchmark_v1_ext33_m2_57_topology_selector_probe_min100_j14\qd_005\prediction.dst,datasets\public_benchmark_v1_ext33\quickdraw_10\qd_005_mask.png,7540,11320,11274,7458,3816,10276,998,0.989125,0.661522,0.907774,0.911478,0.088522,2,2,90.0
public_benchmark_v1_ext33_m2_57_topology_selector_probe_min100_j14,qd_006,bird,,,,,,,results\public_benchmark_v1_ext33_m2_57_topology_selector_probe_min100_j14\qd_006\prediction.dst,datasets\public_benchmark_v1_ext33\quickdraw_10\qd_006_mask.png,6036,9168,8226,5724,2502,7601,625,0.94831,0.695842,0.829079,0.924021,0.075979,2,2,90.0
public_benchmark_v1_ext33_m2_57_topology_selector_probe_min100_j14,qd_007,moon,,,,,,,results\public_benchmark_v1_ext33_m2_57_topology_selector_probe_min100_j14\qd_007\prediction.dst,datasets\public_benchmark_v1_ext33\quickdraw_10\qd_007_mask.png,8074,12913,11394,7540,3854,10483,911,0.933862,0.661752,0.811818,0.920046,0.079954,2,2,90.0
public_benchmark_v1_ext33_m2_57_topology_selector_probe_min100_j14,qd_008,star,,,,,,,results\public_benchmark_v1_ext33_m2_57_topology_selector_probe_min100_j14\qd_008\prediction.dst,datasets\public_benchmark_v1_ext33\quickdraw_10\qd_008_mask.png,5902,9332,7970,5847,2123,7902,68,0.990681,0.733626,0.846764,0.991468,0.008532,2,2,90.0
public_benchmark_v1_ext33_m2_59_grouped_topology_g_d0_c16_i085_s4_min12_p80,qd_001,cat,,,,,,,results\public_benchmark_v1_ext33_m2_59_grouped_topology_g_d0_c16_i085_s4_min12_p80\qd_001\prediction.dst,datasets\public_benchmark_v1_ext33\quickdraw_10\qd_001_mask.png,7588,11839,10029,6769,3260,9837,192,0.892066,0.674943,0.830898,0.980856,0.019144,2,2,90.0
public_benchmark_v1_ext33_m2_59_grouped_topology_g_d0_c16_i085_s4_min12_p80,qd_002,dog,,,,,,,results\public_benchmark_v1_ext33_m2_59_grouped_topology_g_d0_c16_i085_s4_min12_p80\qd_002\prediction.dst,datasets\public_benchmark_v1_ext33\quickdraw_10\qd_002_mask.png,8242,12300,10398,7802,2596,10280,118,0.946615,0.750337,0.835772,0.988652,0.011348,2,2,90.0
public_benchmark_v1_ext33_m2_59_grouped_topology_g_d0_c16_i085_s4_min12_p80,qd_003,fish,,,,,,,results\public_benchmark_v1_ext33_m2_59_grouped_topology_g_d0_c16_i085_s4_min12_p80\qd_003\prediction.dst,datasets\public_benchmark_v1_ext33\quickdraw_10\qd_003_mask.png,5046,7947,7209,4775,2434,7099,110,0.946294,0.662366,0.893293,0.984741,0.015259,2,2,90.0
public_benchmark_v1_ext33_m2_59_grouped_topology_g_d0_c16_i085_s4_min12_p80,qd_004,flower,,,,,,,results\public_benchmark_v1_ext33_m2_59_grouped_topology_g_d0_c16_i085_s4_min12_p80\qd_004\prediction.dst,datasets\public_benchmark_v1_ext33\quickdraw_10\qd_004_mask.png,5898,9169,7593,5410,2183,7519,74,0.91726,0.712498,0.820046,0.990254,0.009746,2,2,90.0
public_benchmark_v1_ext33_m2_59_grouped_topology_g_d0_c16_i085_s4_min12_p80,qd_005,bicycle,,,,,,,results\public_benchmark_v1_ext33_m2_59_grouped_topology_g_d0_c16_i085_s4_min12_p80\qd_005\prediction.dst,datasets\public_benchmark_v1_ext33\quickdraw_10\qd_005_mask.png,7540,11320,9767,7045,2722,9639,128,0.93435,0.721306,0.851502,0.986895,0.013105,2,2,90.0
public_benchmark_v1_ext33_m2_59_grouped_topology_g_d0_c16_i085_s4_min12_p80,qd_006,bird,,,,,,,results\public_benchmark_v1_ext33_m2_59_grouped_topology_g_d0_c16_i085_s4_min12_p80\qd_006\prediction.dst,datasets\public_benchmark_v1_ext33\quickdraw_10\qd_006_mask.png,6036,9168,7751,5378,2373,7632,119,0.890987,0.693846,0.832461,0.984647,0.015353,2,2,90.0
public_benchmark_v1_ext33_m2_59_grouped_topology_g_d0_c16_i085_s4_min12_p80,qd_007,moon,,,,,,,results\public_benchmark_v1_ext33_m2_59_grouped_topology_g_d0_c16_i085_s4_min12_p80\qd_007\prediction.dst,datasets\public_benchmark_v1_ext33\quickdraw_10\qd_007_mask.png,8074,12913,11596,7670,3926,11436,160,0.949963,0.661435,0.885619,0.986202,0.013798,2,2,90.0
public_benchmark_v1_ext33_m2_59_grouped_topology_g_d0_c16_i085_s4_min12_p80,qd_008,star,,,,,,,results\public_benchmark_v1_ext33_m2_59_grouped_topology_g_d0_c16_i085_s4_min12_p80\qd_008\prediction.dst,datasets\public_benchmark_v1_ext33\quickdraw_10\qd_008_mask.png,5902,9332,8592,5872,2720,8477,115,0.994917,0.683426,0.90838,0.986615,0.013385,2,2,90.0
public_benchmark_v1_ext33_m2_59_grouped_topology_g_d0_c16_i090_s3_min20_p80,qd_001,cat,,,,,,,results\public_benchmark_v1_ext33_m2_59_grouped_topology_g_d0_c16_i090_s3_min20_p80\qd_001\prediction.dst,datasets\public_benchmark_v1_ext33\quickdraw_10\qd_001_mask.png,7588,11839,10029,6769,3260,9837,192,0.892066,0.674943,0.830898,0.980856,0.019144,2,2,90.0
public_benchmark_v1_ext33_m2_59_grouped_topology_g_d0_c16_i090_s3_min20_p80,qd_002,dog,,,,,,,results\public_benchmark_v1_ext33_m2_59_grouped_topology_g_d0_c16_i090_s3_min20_p80\qd_002\prediction.dst,datasets\public_benchmark_v1_ext33\quickdraw_10\qd_002_mask.png,8242,12300,10115,7595,2520,10001,114,0.9215,0.750865,0.813089,0.98873,0.01127,2,2,90.0
public_benchmark_v1_ext33_m2_59_grouped_topology_g_d0_c16_i090_s3_min20_p80,qd_003,fish,,,,,,,results\public_benchmark_v1_ext33_m2_59_grouped_topology_g_d0_c16_i090_s3_min20_p80\qd_003\prediction.dst,datasets\public_benchmark_v1_ext33\quickdraw_10\qd_003_mask.png,5046,7947,7007,4625,2382,6899,108,0.916568,0.660054,0.868126,0.984587,0.015413,2,2,90.0
public_benchmark_v1_ext33_m2_59_grouped_topology_g_d0_c16_i090_s3_min20_p80,qd_004,flower,,,,,,,results\public_benchmark_v1_ext33_m2_59_grouped_topology_g_d0_c16_i090_s3_min20_p80\qd_004\prediction.dst,datasets\public_benchmark_v1_ext33\quickdraw_10\qd_004_mask.png,5898,9169,7173,5141,2032,7104,69,0.871651,0.716715,0.774785,0.990381,0.009619,2,2,90.0
public_benchmark_v1_ext33_m2_59_grouped_topology_g_d0_c16_i090_s3_min20_p80,qd_005,bicycle,,,,,,,results\public_benchmark_v1_ext33_m2_59_grouped_topology_g_d0_c16_i090_s3_min20_p80\qd_005\prediction.dst,datasets\public_benchmark_v1_ext33\quickdraw_10\qd_005_mask.png,7540,11320,9348,6752,2596,9220,128,0.895491,0.722294,0.814488,0.986307,0.013693,2,2,90.0
public_benchmark_v1_ext33_m2_59_grouped_topology_g_d0_c16_i090_s3_min20_p80,qd_006,bird,,,,,,,results\public_benchmark_v1_ext33_m2_59_grouped_topology_g_d0_c16_i090_s3_min20_p80\qd_006\prediction.dst,datasets\public_benchmark_v1_ext33\quickdraw_10\qd_006_mask.png,6036,9168,6994,4766,2228,6888,106,0.789596,0.681441,0.751309,0.984844,0.015156,2,2,90.0
public_benchmark_v1_ext33_m2_59_grouped_topology_g_d0_c16_i090_s3_min20_p80,qd_007,moon,,,,,,,results\public_benchmark_v1_ext33_m2_59_grouped_topology_g_d0_c16_i090_s3_min20_p80\qd_007\prediction.dst,datasets\public_benchmark_v1_ext33\quickdraw_10\qd_007_mask.png,8074,12913,11211,7365,3846,11053,158,0.912187,0.656944,0.855959,0.985907,0.014093,2,2,90.0
public_benchmark_v1_ext33_m2_59_grouped_topology_g_d0_c16_i090_s3_min20_p80,qd_008,star,,,,,,,results\public_benchmark_v1_ext33_m2_59_grouped_topology_g_d0_c16_i090_s3_min20_p80\qd_008\prediction.dst,datasets\public_benchmark_v1_ext33\quickdraw_10\qd_008_mask.png,5902,9332,8325,5672,2653,8210,115,0.96103,0.681321,0.879769,0.986186,0.013814,2,2,90.0
public_benchmark_v1_ext33_m2_59_grouped_topology_g_d0_c18_i092_s4_min12_p100,qd_001,cat,,,,,,,results\public_benchmark_v1_ext33_m2_59_grouped_topology_g_d0_c18_i092_s4_min12_p100\qd_001\prediction.dst,datasets\public_benchmark_v1_ext33\quickdraw_10\qd_001_mask.png,7588,11839,10029,6769,3260,9837,192,0.892066,0.674943,0.830898,0.980856,0.019144,2,2,90.0
public_benchmark_v1_ext33_m2_59_grouped_topology_g_d0_c18_i092_s4_min12_p100,qd_002,dog,,,,,,,results\public_benchmark_v1_ext33_m2_59_grouped_topology_g_d0_c18_i092_s4_min12_p100\qd_002\prediction.dst,datasets\public_benchmark_v1_ext33\quickdraw_10\qd_002_mask.png,8242,12300,10398,7802,2596,10280,118,0.946615,0.750337,0.835772,0.988652,0.011348,2,2,90.0
public_benchmark_v1_ext33_m2_59_grouped_topology_g_d0_c18_i092_s4_min12_p100,qd_003,fish,,,,,,,results\public_benchmark_v1_ext33_m2_59_grouped_topology_g_d0_c18_i092_s4_min12_p100\qd_003\prediction.dst,datasets\public_benchmark_v1_ext33\quickdraw_10\qd_003_mask.png,5046,7947,7209,4775,2434,7099,110,0.946294,0.662366,0.893293,0.984741,0.015259,2,2,90.0
public_benchmark_v1_ext33_m2_59_grouped_topology_g_d0_c18_i092_s4_min12_p100,qd_004,flower,,,,,,,results\public_benchmark_v1_ext33_m2_59_grouped_topology_g_d0_c18_i092_s4_min12_p100\qd_004\prediction.dst,datasets\public_benchmark_v1_ext33\quickdraw_10\qd_004_mask.png,5898,9169,7585,5407,2178,7516,69,0.916751,0.712854,0.819719,0.990903,0.009097,2,2,90.0
public_benchmark_v1_ext33_m2_59_grouped_topology_g_d0_c18_i092_s4_min12_p100,qd_005,bicycle,,,,,,,results\public_benchmark_v1_ext33_m2_59_grouped_topology_g_d0_c18_i092_s4_min12_p100\qd_005\prediction.dst,datasets\public_benchmark_v1_ext33\quickdraw_10\qd_005_mask.png,7540,11320,9767,7045,2722,9639,128,0.93435,0.721306,0.851502,0.986895,0.013105,2,2,90.0
public_benchmark_v1_ext33_m2_59_grouped_topology_g_d0_c18_i092_s4_min12_p100,qd_006,bird,,,,,,,results\public_benchmark_v1_ext33_m2_59_grouped_topology_g_d0_c18_i092_s4_min12_p100\qd_006\prediction.dst,datasets\public_benchmark_v1_ext33\quickdraw_10\qd_006_mask.png,6036,9168,7751,5378,2373,7632,119,0.890987,0.693846,0.832461,0.984647,0.015353,2,2,90.0
public_benchmark_v1_ext33_m2_59_grouped_topology_g_d0_c18_i092_s4_min12_p100,qd_007,moon,,,,,,,results\public_benchmark_v1_ext33_m2_59_grouped_topology_g_d0_c18_i092_s4_min12_p100\qd_007\prediction.dst,datasets\public_benchmark_v1_ext33\quickdraw_10\qd_007_mask.png,8074,12913,11596,7670,3926,11436,160,0.949963,0.661435,0.885619,0.986202,0.013798,2,2,90.0
public_benchmark_v1_ext33_m2_59_grouped_topology_g_d0_c18_i092_s4_min12_p100,qd_008,star,,,,,,,results\public_benchmark_v1_ext33_m2_59_grouped_topology_g_d0_c18_i092_s4_min12_p100\qd_008\prediction.dst,datasets\public_benchmark_v1_ext33\quickdraw_10\qd_008_mask.png,5902,9332,8592,5872,2720,8477,115,0.994917,0.683426,0.90838,0.986615,0.013385,2,2,90.0
public_benchmark_v1_ext33_m2_59_grouped_topology_g_d0_c18_i095_s3_min12_p120,qd_001,cat,,,,,,,results\public_benchmark_v1_ext33_m2_59_grouped_topology_g_d0_c18_i095_s3_min12_p120\qd_001\prediction.dst,datasets\public_benchmark_v1_ext33\quickdraw_10\qd_001_mask.png,7588,11839,10029,6769,3260,9837,192,0.892066,0.674943,0.830898,0.980856,0.019144,2,2,90.0
public_benchmark_v1_ext33_m2_59_grouped_topology_g_d0_c18_i095_s3_min12_p120,qd_002,dog,,,,,,,results\public_benchmark_v1_ext33_m2_59_grouped_topology_g_d0_c18_i095_s3_min12_p120\qd_002\prediction.dst,datasets\public_benchmark_v1_ext33\quickdraw_10\qd_002_mask.png,8242,12300,10398,7802,2596,10280,118,0.946615,0.750337,0.835772,0.988652,0.011348,2,2,90.0
public_benchmark_v1_ext33_m2_59_grouped_topology_g_d0_c18_i095_s3_min12_p120,qd_003,fish,,,,,,,results\public_benchmark_v1_ext33_m2_59_grouped_topology_g_d0_c18_i095_s3_min12_p120\qd_003\prediction.dst,datasets\public_benchmark_v1_ext33\quickdraw_10\qd_003_mask.png,5046,7947,7209,4775,2434,7099,110,0.946294,0.662366,0.893293,0.984741,0.015259,2,2,90.0
public_benchmark_v1_ext33_m2_59_grouped_topology_g_d0_c18_i095_s3_min12_p120,qd_004,flower,,,,,,,results\public_benchmark_v1_ext33_m2_59_grouped_topology_g_d0_c18_i095_s3_min12_p120\qd_004\prediction.dst,datasets\public_benchmark_v1_ext33\quickdraw_10\qd_004_mask.png,5898,9169,7585,5407,2178,7516,69,0.916751,0.712854,0.819719,0.990903,0.009097,2,2,90.0
public_benchmark_v1_ext33_m2_59_grouped_topology_g_d0_c18_i095_s3_min12_p120,qd_005,bicycle,,,,,,,results\public_benchmark_v1_ext33_m2_59_grouped_topology_g_d0_c18_i095_s3_min12_p120\qd_005\prediction.dst,datasets\public_benchmark_v1_ext33\quickdraw_10\qd_005_mask.png,7540,11320,9767,7045,2722,9639,128,0.93435,0.721306,0.851502,0.986895,0.013105,2,2,90.0
public_benchmark_v1_ext33_m2_59_grouped_topology_g_d0_c18_i095_s3_min12_p120,qd_006,bird,,,,,,,results\public_benchmark_v1_ext33_m2_59_grouped_topology_g_d0_c18_i095_s3_min12_p120\qd_006\prediction.dst,datasets\public_benchmark_v1_ext33\quickdraw_10\qd_006_mask.png,6036,9168,7751,5378,2373,7632,119,0.890987,0.693846,0.832461,0.984647,0.015353,2,2,90.0
public_benchmark_v1_ext33_m2_59_grouped_topology_g_d0_c18_i095_s3_min12_p120,qd_007,moon,,,,,,,results\public_benchmark_v1_ext33_m2_59_grouped_topology_g_d0_c18_i095_s3_min12_p120\qd_007\prediction.dst,datasets\public_benchmark_v1_ext33\quickdraw_10\qd_007_mask.png,8074,12913,11596,7670,3926,11436,160,0.949963,0.661435,0.885619,0.986202,0.013798,2,2,90.0
public_benchmark_v1_ext33_m2_59_grouped_topology_g_d0_c18_i095_s3_min12_p120,qd_008,star,,,,,,,results\public_benchmark_v1_ext33_m2_59_grouped_topology_g_d0_c18_i095_s3_min12_p120\qd_008\prediction.dst,datasets\public_benchmark_v1_ext33\quickdraw_10\qd_008_mask.png,5902,9332,8592,5872,2720,8477,115,0.994917,0.683426,0.90838,0.986615,0.013385,2,2,90.0
public_benchmark_v1_ext33_m2_59_grouped_topology_g_d0_c20_i080_s5_min12_p80,qd_001,cat,,,,,,,results\public_benchmark_v1_ext33_m2_59_grouped_topology_g_d0_c20_i080_s5_min12_p80\qd_001\prediction.dst,datasets\public_benchmark_v1_ext33\quickdraw_10\qd_001_mask.png,7588,11839,10029,6769,3260,9837,192,0.892066,0.674943,0.830898,0.980856,0.019144,2,2,90.0
public_benchmark_v1_ext33_m2_59_grouped_topology_g_d0_c20_i080_s5_min12_p80,qd_002,dog,,,,,,,results\public_benchmark_v1_ext33_m2_59_grouped_topology_g_d0_c20_i080_s5_min12_p80\qd_002\prediction.dst,datasets\public_benchmark_v1_ext33\quickdraw_10\qd_002_mask.png,8242,12300,10415,7802,2613,10281,134,0.946615,0.749112,0.835854,0.987134,0.012866,2,2,90.0
public_benchmark_v1_ext33_m2_59_grouped_topology_g_d0_c20_i080_s5_min12_p80,qd_003,fish,,,,,,,results\public_benchmark_v1_ext33_m2_59_grouped_topology_g_d0_c20_i080_s5_min12_p80\qd_003\prediction.dst,datasets\public_benchmark_v1_ext33\quickdraw_10\qd_003_mask.png,5046,7947,7209,4775,2434,7099,110,0.946294,0.662366,0.893293,0.984741,0.015259,2,2,90.0
public_benchmark_v1_ext33_m2_59_grouped_topology_g_d0_c20_i080_s5_min12_p80,qd_004,flower,,,,,,,results\public_benchmark_v1_ext33_m2_59_grouped_topology_g_d0_c20_i080_s5_min12_p80\qd_004\prediction.dst,datasets\public_benchmark_v1_ext33\quickdraw_10\qd_004_mask.png,5898,9169,7593,5410,2183,7519,74,0.91726,0.712498,0.820046,0.990254,0.009746,2,2,90.0
public_benchmark_v1_ext33_m2_59_grouped_topology_g_d0_c20_i080_s5_min12_p80,qd_005,bicycle,,,,,,,results\public_benchmark_v1_ext33_m2_59_grouped_topology_g_d0_c20_i080_s5_min12_p80\qd_005\prediction.dst,datasets\public_benchmark_v1_ext33\quickdraw_10\qd_005_mask.png,7540,11320,9767,7045,2722,9639,128,0.93435,0.721306,0.851502,0.986895,0.013105,2,2,90.0
public_benchmark_v1_ext33_m2_59_grouped_topology_g_d0_c20_i080_s5_min12_p80,qd_006,bird,,,,,,,results\public_benchmark_v1_ext33_m2_59_grouped_topology_g_d0_c20_i080_s5_min12_p80\qd_006\prediction.dst,datasets\public_benchmark_v1_ext33\quickdraw_10\qd_006_mask.png,6036,9168,7885,5438,2447,7742,143,0.900928,0.689664,0.844459,0.981864,0.018136,2,2,90.0
public_benchmark_v1_ext33_m2_59_grouped_topology_g_d0_c20_i080_s5_min12_p80,qd_007,moon,,,,,,,results\public_benchmark_v1_ext33_m2_59_grouped_topology_g_d0_c20_i080_s5_min12_p80\qd_007\prediction.dst,datasets\public_benchmark_v1_ext33\quickdraw_10\qd_007_mask.png,8074,12913,12038,7977,4061,11866,172,0.987986,0.662652,0.918919,0.985712,0.014288,2,2,90.0
public_benchmark_v1_ext33_m2_59_grouped_topology_g_d0_c20_i080_s5_min12_p80,qd_008,star,,,,,,,results\public_benchmark_v1_ext33_m2_59_grouped_topology_g_d0_c20_i080_s5_min12_p80\qd_008\prediction.dst,datasets\public_benchmark_v1_ext33\quickdraw_10\qd_008_mask.png,5902,9332,8592,5872,2720,8477,115,0.994917,0.683426,0.90838,0.986615,0.013385,2,2,90.0
public_benchmark_v1_ext33_m2_59_grouped_topology_g_d0_c20_i090_s4_min12_p100,qd_001,cat,,,,,,,results\public_benchmark_v1_ext33_m2_59_grouped_topology_g_d0_c20_i090_s4_min12_p100\qd_001\prediction.dst,datasets\public_benchmark_v1_ext33\quickdraw_10\qd_001_mask.png,7588,11839,10029,6769,3260,9837,192,0.892066,0.674943,0.830898,0.980856,0.019144,2,2,90.0
public_benchmark_v1_ext33_m2_59_grouped_topology_g_d0_c20_i090_s4_min12_p100,qd_002,dog,,,,,,,results\public_benchmark_v1_ext33_m2_59_grouped_topology_g_d0_c20_i090_s4_min12_p100\qd_002\prediction.dst,datasets\public_benchmark_v1_ext33\quickdraw_10\qd_002_mask.png,8242,12300,10398,7802,2596,10280,118,0.946615,0.750337,0.835772,0.988652,0.011348,2,2,90.0
public_benchmark_v1_ext33_m2_59_grouped_topology_g_d0_c20_i090_s4_min12_p100,qd_003,fish,,,,,,,results\public_benchmark_v1_ext33_m2_59_grouped_topology_g_d0_c20_i090_s4_min12_p100\qd_003\prediction.dst,datasets\public_benchmark_v1_ext33\quickdraw_10\qd_003_mask.png,5046,7947,7209,4775,2434,7099,110,0.946294,0.662366,0.893293,0.984741,0.015259,2,2,90.0
public_benchmark_v1_ext33_m2_59_grouped_topology_g_d0_c20_i090_s4_min12_p100,qd_004,flower,,,,,,,results\public_benchmark_v1_ext33_m2_59_grouped_topology_g_d0_c20_i090_s4_min12_p100\qd_004\prediction.dst,datasets\public_benchmark_v1_ext33\quickdraw_10\qd_004_mask.png,5898,9169,7585,5407,2178,7516,69,0.916751,0.712854,0.819719,0.990903,0.009097,2,2,90.0
public_benchmark_v1_ext33_m2_59_grouped_topology_g_d0_c20_i090_s4_min12_p100,qd_005,bicycle,,,,,,,results\public_benchmark_v1_ext33_m2_59_grouped_topology_g_d0_c20_i090_s4_min12_p100\qd_005\prediction.dst,datasets\public_benchmark_v1_ext33\quickdraw_10\qd_005_mask.png,7540,11320,9767,7045,2722,9639,128,0.93435,0.721306,0.851502,0.986895,0.013105,2,2,90.0
public_benchmark_v1_ext33_m2_59_grouped_topology_g_d0_c20_i090_s4_min12_p100,qd_006,bird,,,,,,,results\public_benchmark_v1_ext33_m2_59_grouped_topology_g_d0_c20_i090_s4_min12_p100\qd_006\prediction.dst,datasets\public_benchmark_v1_ext33\quickdraw_10\qd_006_mask.png,6036,9168,7885,5438,2447,7742,143,0.900928,0.689664,0.844459,0.981864,0.018136,2,2,90.0
public_benchmark_v1_ext33_m2_59_grouped_topology_g_d0_c20_i090_s4_min12_p100,qd_007,moon,,,,,,,results\public_benchmark_v1_ext33_m2_59_grouped_topology_g_d0_c20_i090_s4_min12_p100\qd_007\prediction.dst,datasets\public_benchmark_v1_ext33\quickdraw_10\qd_007_mask.png,8074,12913,12017,7977,4040,11857,160,0.987986,0.66381,0.918222,0.986686,0.013314,2,2,90.0
public_benchmark_v1_ext33_m2_59_grouped_topology_g_d0_c20_i090_s4_min12_p100,qd_008,star,,,,,,,results\public_benchmark_v1_ext33_m2_59_grouped_topology_g_d0_c20_i090_s4_min12_p100\qd_008\prediction.dst,datasets\public_benchmark_v1_ext33\quickdraw_10\qd_008_mask.png,5902,9332,8592,5872,2720,8477,115,0.994917,0.683426,0.90838,0.986615,0.013385,2,2,90.0
public_benchmark_v1_ext33_m2_59_grouped_topology_g_d0_c20_i095_s4_min12_p100,qd_001,cat,,,,,,,results\public_benchmark_v1_ext33_m2_59_grouped_topology_g_d0_c20_i095_s4_min12_p100\qd_001\prediction.dst,datasets\public_benchmark_v1_ext33\quickdraw_10\qd_001_mask.png,7588,11839,10029,6769,3260,9837,192,0.892066,0.674943,0.830898,0.980856,0.019144,2,2,90.0
public_benchmark_v1_ext33_m2_59_grouped_topology_g_d0_c20_i095_s4_min12_p100,qd_002,dog,,,,,,,results\public_benchmark_v1_ext33_m2_59_grouped_topology_g_d0_c20_i095_s4_min12_p100\qd_002\prediction.dst,datasets\public_benchmark_v1_ext33\quickdraw_10\qd_002_mask.png,8242,12300,10398,7802,2596,10280,118,0.946615,0.750337,0.835772,0.988652,0.011348,2,2,90.0
public_benchmark_v1_ext33_m2_59_grouped_topology_g_d0_c20_i095_s4_min12_p100,qd_003,fish,,,,,,,results\public_benchmark_v1_ext33_m2_59_grouped_topology_g_d0_c20_i095_s4_min12_p100\qd_003\prediction.dst,datasets\public_benchmark_v1_ext33\quickdraw_10\qd_003_mask.png,5046,7947,7209,4775,2434,7099,110,0.946294,0.662366,0.893293,0.984741,0.015259,2,2,90.0
public_benchmark_v1_ext33_m2_59_grouped_topology_g_d0_c20_i095_s4_min12_p100,qd_004,flower,,,,,,,results\public_benchmark_v1_ext33_m2_59_grouped_topology_g_d0_c20_i095_s4_min12_p100\qd_004\prediction.dst,datasets\public_benchmark_v1_ext33\quickdraw_10\qd_004_mask.png,5898,9169,7585,5407,2178,7516,69,0.916751,0.712854,0.819719,0.990903,0.009097,2,2,90.0
public_benchmark_v1_ext33_m2_59_grouped_topology_g_d0_c20_i095_s4_min12_p100,qd_005,bicycle,,,,,,,results\public_benchmark_v1_ext33_m2_59_grouped_topology_g_d0_c20_i095_s4_min12_p100\qd_005\prediction.dst,datasets\public_benchmark_v1_ext33\quickdraw_10\qd_005_mask.png,7540,11320,9767,7045,2722,9639,128,0.93435,0.721306,0.851502,0.986895,0.013105,2,2,90.0
public_benchmark_v1_ext33_m2_59_grouped_topology_g_d0_c20_i095_s4_min12_p100,qd_006,bird,,,,,,,results\public_benchmark_v1_ext33_m2_59_grouped_topology_g_d0_c20_i095_s4_min12_p100\qd_006\prediction.dst,datasets\public_benchmark_v1_ext33\quickdraw_10\qd_006_mask.png,6036,9168,7885,5438,2447,7742,143,0.900928,0.689664,0.844459,0.981864,0.018136,2,2,90.0
public_benchmark_v1_ext33_m2_59_grouped_topology_g_d0_c20_i095_s4_min12_p100,qd_007,moon,,,,,,,results\public_benchmark_v1_ext33_m2_59_grouped_topology_g_d0_c20_i095_s4_min12_p100\qd_007\prediction.dst,datasets\public_benchmark_v1_ext33\quickdraw_10\qd_007_mask.png,8074,12913,12017,7977,4040,11857,160,0.987986,0.66381,0.918222,0.986686,0.013314,2,2,90.0
public_benchmark_v1_ext33_m2_59_grouped_topology_g_d0_c20_i095_s4_min12_p100,qd_008,star,,,,,,,results\public_benchmark_v1_ext33_m2_59_grouped_topology_g_d0_c20_i095_s4_min12_p100\qd_008\prediction.dst,datasets\public_benchmark_v1_ext33\quickdraw_10\qd_008_mask.png,5902,9332,8592,5872,2720,8477,115,0.994917,0.683426,0.90838,0.986615,0.013385,2,2,90.0
public_benchmark_v1_ext33_m2_59_grouped_topology_g_d0_c24_i075_s6_min20_p80,qd_001,cat,,,,,,,results\public_benchmark_v1_ext33_m2_59_grouped_topology_g_d0_c24_i075_s6_min20_p80\qd_001\prediction.dst,datasets\public_benchmark_v1_ext33\quickdraw_10\qd_001_mask.png,7588,11839,10029,6769,3260,9837,192,0.892066,0.674943,0.830898,0.980856,0.019144,2,2,90.0
public_benchmark_v1_ext33_m2_59_grouped_topology_g_d0_c24_i075_s6_min20_p80,qd_002,dog,,,,,,,results\public_benchmark_v1_ext33_m2_59_grouped_topology_g_d0_c24_i075_s6_min20_p80\qd_002\prediction.dst,datasets\public_benchmark_v1_ext33\quickdraw_10\qd_002_mask.png,8242,12300,10132,7595,2537,10002,130,0.9215,0.749605,0.813171,0.987169,0.012831,2,2,90.0
public_benchmark_v1_ext33_m2_59_grouped_topology_g_d0_c24_i075_s6_min20_p80,qd_003,fish,,,,,,,results\public_benchmark_v1_ext33_m2_59_grouped_topology_g_d0_c24_i075_s6_min20_p80\qd_003\prediction.dst,datasets\public_benchmark_v1_ext33\quickdraw_10\qd_003_mask.png,5046,7947,7053,4628,2425,6917,136,0.917162,0.656175,0.870391,0.980717,0.019283,2,2,90.0
public_benchmark_v1_ext33_m2_59_grouped_topology_g_d0_c24_i075_s6_min20_p80,qd_004,flower,,,,,,,results\public_benchmark_v1_ext33_m2_59_grouped_topology_g_d0_c24_i075_s6_min20_p80\qd_004\prediction.dst,datasets\public_benchmark_v1_ext33\quickdraw_10\qd_004_mask.png,5898,9169,7181,5144,2037,7107,74,0.87216,0.716335,0.775112,0.989695,0.010305,2,2,90.0
public_benchmark_v1_ext33_m2_59_grouped_topology_g_d0_c24_i075_s6_min20_p80,qd_005,bicycle,,,,,,,results\public_benchmark_v1_ext33_m2_59_grouped_topology_g_d0_c24_i075_s6_min20_p80\qd_005\prediction.dst,datasets\public_benchmark_v1_ext33\quickdraw_10\qd_005_mask.png,7540,11320,9628,6897,2731,9450,178,0.914721,0.716348,0.834806,0.981512,0.018488,2,2,90.0
public_benchmark_v1_ext33_m2_59_grouped_topology_g_d0_c24_i075_s6_min20_p80,qd_006,bird,,,,,,,results\public_benchmark_v1_ext33_m2_59_grouped_topology_g_d0_c24_i075_s6_min20_p80\qd_006\prediction.dst,datasets\public_benchmark_v1_ext33\quickdraw_10\qd_006_mask.png,6036,9168,7327,4986,2341,7159,168,0.826044,0.680497,0.780868,0.977071,0.022929,2,2,90.0
public_benchmark_v1_ext33_m2_59_grouped_topology_g_d0_c24_i075_s6_min20_p80,qd_007,moon,,,,,,,results\public_benchmark_v1_ext33_m2_59_grouped_topology_g_d0_c24_i075_s6_min20_p80\qd_007\prediction.dst,datasets\public_benchmark_v1_ext33\quickdraw_10\qd_007_mask.png,8074,12913,11760,7729,4031,11569,191,0.95727,0.657228,0.895919,0.983759,0.016241,2,2,90.0
public_benchmark_v1_ext33_m2_59_grouped_topology_g_d0_c24_i075_s6_min20_p80,qd_008,star,,,,,,,results\public_benchmark_v1_ext33_m2_59_grouped_topology_g_d0_c24_i075_s6_min20_p80\qd_008\prediction.dst,datasets\public_benchmark_v1_ext33\quickdraw_10\qd_008_mask.png,5902,9332,8325,5672,2653,8210,115,0.96103,0.681321,0.879769,0.986186,0.013814,2,2,90.0
public_benchmark_v1_ext33_m2_59_grouped_topology_g_d0_c30_i070_s8_min30_p100,qd_001,cat,,,,,,,results\public_benchmark_v1_ext33_m2_59_grouped_topology_g_d0_c30_i070_s8_min30_p100\qd_001\prediction.dst,datasets\public_benchmark_v1_ext33\quickdraw_10\qd_001_mask.png,7588,11839,9752,6609,3143,9578,174,0.87098,0.677707,0.809021,0.982158,0.017842,2,2,90.0
public_benchmark_v1_ext33_m2_59_grouped_topology_g_d0_c30_i070_s8_min30_p100,qd_002,dog,,,,,,,results\public_benchmark_v1_ext33_m2_59_grouped_topology_g_d0_c30_i070_s8_min30_p100\qd_002\prediction.dst,datasets\public_benchmark_v1_ext33\quickdraw_10\qd_002_mask.png,8242,12300,9810,7346,2464,9682,128,0.891289,0.748828,0.787154,0.986952,0.013048,2,2,90.0
public_benchmark_v1_ext33_m2_59_grouped_topology_g_d0_c30_i070_s8_min30_p100,qd_003,fish,,,,,,,results\public_benchmark_v1_ext33_m2_59_grouped_topology_g_d0_c30_i070_s8_min30_p100\qd_003\prediction.dst,datasets\public_benchmark_v1_ext33\quickdraw_10\qd_003_mask.png,5046,7947,7053,4628,2425,6917,136,0.917162,0.656175,0.870391,0.980717,0.019283,2,2,90.0
public_benchmark_v1_ext33_m2_59_grouped_topology_g_d0_c30_i070_s8_min30_p100,qd_004,flower,,,,,,,results\public_benchmark_v1_ext33_m2_59_grouped_topology_g_d0_c30_i070_s8_min30_p100\qd_004\prediction.dst,datasets\public_benchmark_v1_ext33\quickdraw_10\qd_004_mask.png,5898,9169,6482,4635,1847,6417,65,0.78586,0.715057,0.699858,0.989972,0.010028,2,2,90.0
public_benchmark_v1_ext33_m2_59_grouped_topology_g_d0_c30_i070_s8_min30_p100,qd_005,bicycle,,,,,,,results\public_benchmark_v1_ext33_m2_59_grouped_topology_g_d0_c30_i070_s8_min30_p100\qd_005\prediction.dst,datasets\public_benchmark_v1_ext33\quickdraw_10\qd_005_mask.png,7540,11320,8590,6152,2438,8398,192,0.815915,0.716182,0.741873,0.977648,0.022352,2,2,90.0
public_benchmark_v1_ext33_m2_59_grouped_topology_g_d0_c30_i070_s8_min30_p100,qd_006,bird,,,,,,,results\public_benchmark_v1_ext33_m2_59_grouped_topology_g_d0_c30_i070_s8_min30_p100\qd_006\prediction.dst,datasets\public_benchmark_v1_ext33\quickdraw_10\qd_006_mask.png,6036,9168,6498,4320,2178,6262,236,0.715706,0.66482,0.683028,0.963681,0.036319,2,2,90.0
public_benchmark_v1_ext33_m2_59_grouped_topology_g_d0_c30_i070_s8_min30_p100,qd_007,moon,,,,,,,results\public_benchmark_v1_ext33_m2_59_grouped_topology_g_d0_c30_i070_s8_min30_p100\qd_007\prediction.dst,datasets\public_benchmark_v1_ext33\quickdraw_10\qd_007_mask.png,8074,12913,11578,7612,3966,11392,186,0.942779,0.657454,0.882212,0.983935,0.016065,2,2,90.0
public_benchmark_v1_ext33_m2_59_grouped_topology_g_d0_c30_i070_s8_min30_p100,qd_008,star,,,,,,,results\public_benchmark_v1_ext33_m2_59_grouped_topology_g_d0_c30_i070_s8_min30_p100\qd_008\prediction.dst,datasets\public_benchmark_v1_ext33\quickdraw_10\qd_008_mask.png,5902,9332,7619,5024,2595,7403,216,0.851237,0.659404,0.793292,0.97165,0.02835,2,2,90.0
public_benchmark_v1_ext33_m2_59_grouped_topology_g_d1_c20_i075_s5_min12_p80,qd_001,cat,,,,,,,results\public_benchmark_v1_ext33_m2_59_grouped_topology_g_d1_c20_i075_s5_min12_p80\qd_001\prediction.dst,datasets\public_benchmark_v1_ext33\quickdraw_10\qd_001_mask.png,7588,11839,10029,6769,3260,9837,192,0.892066,0.674943,0.830898,0.980856,0.019144,2,2,90.0
public_benchmark_v1_ext33_m2_59_grouped_topology_g_d1_c20_i075_s5_min12_p80,qd_002,dog,,,,,,,results\public_benchmark_v1_ext33_m2_59_grouped_topology_g_d1_c20_i075_s5_min12_p80\qd_002\prediction.dst,datasets\public_benchmark_v1_ext33\quickdraw_10\qd_002_mask.png,8242,12300,10401,7776,2625,10236,165,0.94346,0.74762,0.832195,0.984136,0.015864,2,2,90.0
public_benchmark_v1_ext33_m2_59_grouped_topology_g_d1_c20_i075_s5_min12_p80,qd_003,fish,,,,,,,results\public_benchmark_v1_ext33_m2_59_grouped_topology_g_d1_c20_i075_s5_min12_p80\qd_003\prediction.dst,datasets\public_benchmark_v1_ext33\quickdraw_10\qd_003_mask.png,5046,7947,7257,4780,2477,7119,138,0.947285,0.658674,0.89581,0.980984,0.019016,2,2,90.0
public_benchmark_v1_ext33_m2_59_grouped_topology_g_d1_c20_i075_s5_min12_p80,qd_004,flower,,,,,,,results\public_benchmark_v1_ext33_m2_59_grouped_topology_g_d1_c20_i075_s5_min12_p80\qd_004\prediction.dst,datasets\public_benchmark_v1_ext33\quickdraw_10\qd_004_mask.png,5898,9169,7744,5423,2321,7577,167,0.919464,0.700284,0.826371,0.978435,0.021565,2,2,90.0
public_benchmark_v1_ext33_m2_59_grouped_topology_g_d1_c20_i075_s5_min12_p80,qd_005,bicycle,,,,,,,results\public_benchmark_v1_ext33_m2_59_grouped_topology_g_d1_c20_i075_s5_min12_p80\qd_005\prediction.dst,datasets\public_benchmark_v1_ext33\quickdraw_10\qd_005_mask.png,7540,11320,9849,7129,2720,9724,125,0.945491,0.72383,0.859011,0.987308,0.012692,2,2,90.0
public_benchmark_v1_ext33_m2_59_grouped_topology_g_d1_c20_i075_s5_min12_p80,qd_006,bird,,,,,,,results\public_benchmark_v1_ext33_m2_59_grouped_topology_g_d1_c20_i075_s5_min12_p80\qd_006\prediction.dst,datasets\public_benchmark_v1_ext33\quickdraw_10\qd_006_mask.png,6036,9168,7859,5401,2458,7683,176,0.894798,0.687238,0.838024,0.977605,0.022395,2,2,90.0
public_benchmark_v1_ext33_m2_59_grouped_topology_g_d1_c20_i075_s5_min12_p80,qd_007,moon,,,,,,,results\public_benchmark_v1_ext33_m2_59_grouped_topology_g_d1_c20_i075_s5_min12_p80\qd_007\prediction.dst,datasets\public_benchmark_v1_ext33\quickdraw_10\qd_007_mask.png,8074,12913,12038,7977,4061,11866,172,0.987986,0.662652,0.918919,0.985712,0.014288,2,2,90.0
public_benchmark_v1_ext33_m2_59_grouped_topology_g_d1_c20_i075_s5_min12_p80,qd_008,star,,,,,,,results\public_benchmark_v1_ext33_m2_59_grouped_topology_g_d1_c20_i075_s5_min12_p80\qd_008\prediction.dst,datasets\public_benchmark_v1_ext33\quickdraw_10\qd_008_mask.png,5902,9332,8592,5872,2720,8477,115,0.994917,0.683426,0.90838,0.986615,0.013385,2,2,90.0
public_benchmark_v1_ext33_m2_60_maskpath_combo_rescue_selector,qd_001,cat,,,,,,,results\public_benchmark_v1_ext33_m2_60_maskpath_combo_rescue_selector\qd_001\prediction.dst,datasets\public_benchmark_v1_ext33\quickdraw_10\qd_001_mask.png,7588,11839,14851,7585,7266,11575,3276,0.999605,0.51074,0.977701,0.779409,0.220591,2,2,90.0
public_benchmark_v1_ext33_m2_60_maskpath_combo_rescue_selector,qd_002,dog,,,,,,,results\public_benchmark_v1_ext33_m2_60_maskpath_combo_rescue_selector\qd_002\prediction.dst,datasets\public_benchmark_v1_ext33\quickdraw_10\qd_002_mask.png,8242,12300,13693,8224,5469,11831,1862,0.997816,0.600599,0.96187,0.864018,0.135982,2,2,90.0
public_benchmark_v1_ext33_m2_60_maskpath_combo_rescue_selector,qd_003,fish,,,,,,,results\public_benchmark_v1_ext33_m2_60_maskpath_combo_rescue_selector\qd_003\prediction.dst,datasets\public_benchmark_v1_ext33\quickdraw_10\qd_003_mask.png,5046,7947,16064,5046,11018,7947,8117,1.0,0.314119,1.0,0.494709,0.505291,2,2,90.0
public_benchmark_v1_ext33_m2_60_maskpath_combo_rescue_selector,qd_004,flower,,,,,,,results\public_benchmark_v1_ext33_m2_60_maskpath_combo_rescue_selector\qd_004\prediction.dst,datasets\public_benchmark_v1_ext33\quickdraw_10\qd_004_mask.png,5898,9169,7440,5252,2188,7253,187,0.890471,0.705914,0.791035,0.974866,0.025134,2,2,90.0
public_benchmark_v1_ext33_m2_60_maskpath_combo_rescue_selector,qd_005,bicycle,,,,,,,results\public_benchmark_v1_ext33_m2_60_maskpath_combo_rescue_selector\qd_005\prediction.dst,datasets\public_benchmark_v1_ext33\quickdraw_10\qd_005_mask.png,7540,11320,11274,7458,3816,10276,998,0.989125,0.661522,0.907774,0.911478,0.088522,2,2,90.0
public_benchmark_v1_ext33_m2_60_maskpath_combo_rescue_selector,qd_006,bird,,,,,,,results\public_benchmark_v1_ext33_m2_60_maskpath_combo_rescue_selector\qd_006\prediction.dst,datasets\public_benchmark_v1_ext33\quickdraw_10\qd_006_mask.png,6036,9168,8162,5489,2673,7865,297,0.909377,0.672507,0.857875,0.963612,0.036388,2,2,90.0
public_benchmark_v1_ext33_m2_60_maskpath_combo_rescue_selector,qd_007,moon,,,,,,,results\public_benchmark_v1_ext33_m2_60_maskpath_combo_rescue_selector\qd_007\prediction.dst,datasets\public_benchmark_v1_ext33\quickdraw_10\qd_007_mask.png,8074,12913,12017,7977,4040,11857,160,0.987986,0.66381,0.918222,0.986686,0.013314,2,2,90.0
public_benchmark_v1_ext33_m2_60_maskpath_combo_rescue_selector,qd_008,star,,,,,,,results\public_benchmark_v1_ext33_m2_60_maskpath_combo_rescue_selector\qd_008\prediction.dst,datasets\public_benchmark_v1_ext33\quickdraw_10\qd_008_mask.png,5902,9332,7970,5847,2123,7902,68,0.990681,0.733626,0.846764,0.991468,0.008532,2,2,90.0
public_benchmark_v1_ext33_m2_60_maskpath_mp_d0_r0_c20_i095_route24_f20_min12,qd_001,cat,,,,,,,results\public_benchmark_v1_ext33_m2_60_maskpath_mp_d0_r0_c20_i095_route24_f20_min12\qd_001\prediction.dst,datasets\public_benchmark_v1_ext33\quickdraw_10\qd_001_mask.png,7588,11839,10029,6769,3260,9837,192,0.892066,0.674943,0.830898,0.980856,0.019144,2,2,90.0
public_benchmark_v1_ext33_m2_60_maskpath_mp_d0_r0_c20_i095_route24_f20_min12,qd_002,dog,,,,,,,results\public_benchmark_v1_ext33_m2_60_maskpath_mp_d0_r0_c20_i095_route24_f20_min12\qd_002\prediction.dst,datasets\public_benchmark_v1_ext33\quickdraw_10\qd_002_mask.png,8242,12300,10407,7802,2605,10281,126,0.946615,0.749688,0.835854,0.987893,0.012107,2,2,90.0
public_benchmark_v1_ext33_m2_60_maskpath_mp_d0_r0_c20_i095_route24_f20_min12,qd_003,fish,,,,,,,results\public_benchmark_v1_ext33_m2_60_maskpath_mp_d0_r0_c20_i095_route24_f20_min12\qd_003\prediction.dst,datasets\public_benchmark_v1_ext33\quickdraw_10\qd_003_mask.png,5046,7947,7209,4775,2434,7099,110,0.946294,0.662366,0.893293,0.984741,0.015259,2,2,90.0
public_benchmark_v1_ext33_m2_60_maskpath_mp_d0_r0_c20_i095_route24_f20_min12,qd_004,flower,,,,,,,results\public_benchmark_v1_ext33_m2_60_maskpath_mp_d0_r0_c20_i095_route24_f20_min12\qd_004\prediction.dst,datasets\public_benchmark_v1_ext33\quickdraw_10\qd_004_mask.png,5898,9169,7829,5466,2363,7612,217,0.926755,0.698173,0.830189,0.972283,0.027717,2,2,90.0
public_benchmark_v1_ext33_m2_60_maskpath_mp_d0_r0_c20_i095_route24_f20_min12,qd_005,bicycle,,,,,,,results\public_benchmark_v1_ext33_m2_60_maskpath_mp_d0_r0_c20_i095_route24_f20_min12\qd_005\prediction.dst,datasets\public_benchmark_v1_ext33\quickdraw_10\qd_005_mask.png,7540,11320,10012,7156,2856,9825,187,0.949072,0.714742,0.867933,0.981322,0.018678,2,2,90.0
public_benchmark_v1_ext33_m2_60_maskpath_mp_d0_r0_c20_i095_route24_f20_min12,qd_006,bird,,,,,,,results\public_benchmark_v1_ext33_m2_60_maskpath_mp_d0_r0_c20_i095_route24_f20_min12\qd_006\prediction.dst,datasets\public_benchmark_v1_ext33\quickdraw_10\qd_006_mask.png,6036,9168,8026,5453,2573,7805,221,0.903413,0.679417,0.851331,0.972464,0.027536,2,2,90.0
public_benchmark_v1_ext33_m2_60_maskpath_mp_d0_r0_c20_i095_route24_f20_min12,qd_007,moon,,,,,,,results\public_benchmark_v1_ext33_m2_60_maskpath_mp_d0_r0_c20_i095_route24_f20_min12\qd_007\prediction.dst,datasets\public_benchmark_v1_ext33\quickdraw_10\qd_007_mask.png,8074,12913,12017,7977,4040,11857,160,0.987986,0.66381,0.918222,0.986686,0.013314,2,2,90.0
public_benchmark_v1_ext33_m2_60_maskpath_mp_d0_r0_c20_i095_route24_f20_min12,qd_008,star,,,,,,,results\public_benchmark_v1_ext33_m2_60_maskpath_mp_d0_r0_c20_i095_route24_f20_min12\qd_008\prediction.dst,datasets\public_benchmark_v1_ext33\quickdraw_10\qd_008_mask.png,5902,9332,8592,5872,2720,8477,115,0.994917,0.683426,0.90838,0.986615,0.013385,2,2,90.0
public_benchmark_v1_ext33_m2_60_maskpath_mp_d0_r0_c20_i095_route32_f26_min12,qd_001,cat,,,,,,,results\public_benchmark_v1_ext33_m2_60_maskpath_mp_d0_r0_c20_i095_route32_f26_min12\qd_001\prediction.dst,datasets\public_benchmark_v1_ext33\quickdraw_10\qd_001_mask.png,7588,11839,10029,6769,3260,9837,192,0.892066,0.674943,0.830898,0.980856,0.019144,2,2,90.0
public_benchmark_v1_ext33_m2_60_maskpath_mp_d0_r0_c20_i095_route32_f26_min12,qd_002,dog,,,,,,,results\public_benchmark_v1_ext33_m2_60_maskpath_mp_d0_r0_c20_i095_route32_f26_min12\qd_002\prediction.dst,datasets\public_benchmark_v1_ext33\quickdraw_10\qd_002_mask.png,8242,12300,10606,7862,2744,10407,199,0.953895,0.741279,0.846098,0.981237,0.018763,2,2,90.0
public_benchmark_v1_ext33_m2_60_maskpath_mp_d0_r0_c20_i095_route32_f26_min12,qd_003,fish,,,,,,,results\public_benchmark_v1_ext33_m2_60_maskpath_mp_d0_r0_c20_i095_route32_f26_min12\qd_003\prediction.dst,datasets\public_benchmark_v1_ext33\quickdraw_10\qd_003_mask.png,5046,7947,7303,4789,2514,7126,177,0.949069,0.655758,0.896691,0.975763,0.024237,2,2,90.0
public_benchmark_v1_ext33_m2_60_maskpath_mp_d0_r0_c20_i095_route32_f26_min12,qd_004,flower,,,,,,,results\public_benchmark_v1_ext33_m2_60_maskpath_mp_d0_r0_c20_i095_route32_f26_min12\qd_004\prediction.dst,datasets\public_benchmark_v1_ext33\quickdraw_10\qd_004_mask.png,5898,9169,7829,5466,2363,7612,217,0.926755,0.698173,0.830189,0.972283,0.027717,2,2,90.0
public_benchmark_v1_ext33_m2_60_maskpath_mp_d0_r0_c20_i095_route32_f26_min12,qd_005,bicycle,,,,,,,results\public_benchmark_v1_ext33_m2_60_maskpath_mp_d0_r0_c20_i095_route32_f26_min12\qd_005\prediction.dst,datasets\public_benchmark_v1_ext33\quickdraw_10\qd_005_mask.png,7540,11320,10012,7156,2856,9825,187,0.949072,0.714742,0.867933,0.981322,0.018678,2,2,90.0
public_benchmark_v1_ext33_m2_60_maskpath_mp_d0_r0_c20_i095_route32_f26_min12,qd_006,bird,,,,,,,results\public_benchmark_v1_ext33_m2_60_maskpath_mp_d0_r0_c20_i095_route32_f26_min12\qd_006\prediction.dst,datasets\public_benchmark_v1_ext33\quickdraw_10\qd_006_mask.png,6036,9168,8162,5489,2673,7865,297,0.909377,0.672507,0.857875,0.963612,0.036388,2,2,90.0
public_benchmark_v1_ext33_m2_60_maskpath_mp_d0_r0_c20_i095_route32_f26_min12,qd_007,moon,,,,,,,results\public_benchmark_v1_ext33_m2_60_maskpath_mp_d0_r0_c20_i095_route32_f26_min12\qd_007\prediction.dst,datasets\public_benchmark_v1_ext33\quickdraw_10\qd_007_mask.png,8074,12913,12017,7977,4040,11857,160,0.987986,0.66381,0.918222,0.986686,0.013314,2,2,90.0
public_benchmark_v1_ext33_m2_60_maskpath_mp_d0_r0_c20_i095_route32_f26_min12,qd_008,star,,,,,,,results\public_benchmark_v1_ext33_m2_60_maskpath_mp_d0_r0_c20_i095_route32_f26_min12\qd_008\prediction.dst,datasets\public_benchmark_v1_ext33\quickdraw_10\qd_008_mask.png,5902,9332,8645,5872,2773,8482,163,0.994917,0.679237,0.908916,0.981145,0.018855,2,2,90.0
public_benchmark_v1_ext33_m2_60_maskpath_mp_d0_r0_c20_i095_route32_f26_min20,qd_001,cat,,,,,,,results\public_benchmark_v1_ext33_m2_60_maskpath_mp_d0_r0_c20_i095_route32_f26_min20\qd_001\prediction.dst,datasets\public_benchmark_v1_ext33\quickdraw_10\qd_001_mask.png,7588,11839,10029,6769,3260,9837,192,0.892066,0.674943,0.830898,0.980856,0.019144,2,2,90.0
public_benchmark_v1_ext33_m2_60_maskpath_mp_d0_r0_c20_i095_route32_f26_min20,qd_002,dog,,,,,,,results\public_benchmark_v1_ext33_m2_60_maskpath_mp_d0_r0_c20_i095_route32_f26_min20\qd_002\prediction.dst,datasets\public_benchmark_v1_ext33\quickdraw_10\qd_002_mask.png,8242,12300,10323,7655,2668,10128,195,0.928779,0.741548,0.823415,0.98111,0.01889,2,2,90.0
public_benchmark_v1_ext33_m2_60_maskpath_mp_d0_r0_c20_i095_route32_f26_min20,qd_003,fish,,,,,,,results\public_benchmark_v1_ext33_m2_60_maskpath_mp_d0_r0_c20_i095_route32_f26_min20\qd_003\prediction.dst,datasets\public_benchmark_v1_ext33\quickdraw_10\qd_003_mask.png,5046,7947,7078,4641,2437,6916,162,0.919738,0.655694,0.870266,0.977112,0.022888,2,2,90.0
public_benchmark_v1_ext33_m2_60_maskpath_mp_d0_r0_c20_i095_route32_f26_min20,qd_004,flower,,,,,,,results\public_benchmark_v1_ext33_m2_60_maskpath_mp_d0_r0_c20_i095_route32_f26_min20\qd_004\prediction.dst,datasets\public_benchmark_v1_ext33\quickdraw_10\qd_004_mask.png,5898,9169,7440,5252,2188,7253,187,0.890471,0.705914,0.791035,0.974866,0.025134,2,2,90.0
public_benchmark_v1_ext33_m2_60_maskpath_mp_d0_r0_c20_i095_route32_f26_min20,qd_005,bicycle,,,,,,,results\public_benchmark_v1_ext33_m2_60_maskpath_mp_d0_r0_c20_i095_route32_f26_min20\qd_005\prediction.dst,datasets\public_benchmark_v1_ext33\quickdraw_10\qd_005_mask.png,7540,11320,10014,7109,2905,9751,263,0.942838,0.709906,0.861396,0.973737,0.026263,2,2,90.0
public_benchmark_v1_ext33_m2_60_maskpath_mp_d0_r0_c20_i095_route32_f26_min20,qd_006,bird,,,,,,,results\public_benchmark_v1_ext33_m2_60_maskpath_mp_d0_r0_c20_i095_route32_f26_min20\qd_006\prediction.dst,datasets\public_benchmark_v1_ext33\quickdraw_10\qd_006_mask.png,6036,9168,7710,5082,2628,7345,365,0.841948,0.659144,0.801156,0.952659,0.047341,2,2,90.0
public_benchmark_v1_ext33_m2_60_maskpath_mp_d0_r0_c20_i095_route32_f26_min20,qd_007,moon,,,,,,,results\public_benchmark_v1_ext33_m2_60_maskpath_mp_d0_r0_c20_i095_route32_f26_min20\qd_007\prediction.dst,datasets\public_benchmark_v1_ext33\quickdraw_10\qd_007_mask.png,8074,12913,11774,7753,4021,11584,190,0.960243,0.658485,0.89708,0.983863,0.016137,2,2,90.0
public_benchmark_v1_ext33_m2_60_maskpath_mp_d0_r0_c20_i095_route32_f26_min20,qd_008,star,,,,,,,results\public_benchmark_v1_ext33_m2_60_maskpath_mp_d0_r0_c20_i095_route32_f26_min20\qd_008\prediction.dst,datasets\public_benchmark_v1_ext33\quickdraw_10\qd_008_mask.png,5902,9332,8586,5808,2778,8403,183,0.984073,0.67645,0.90045,0.978686,0.021314,2,2,90.0
public_benchmark_v1_ext33_m2_60_maskpath_mp_d0_r0_c24_i090_route36_f30_min12,qd_001,cat,,,,,,,results\public_benchmark_v1_ext33_m2_60_maskpath_mp_d0_r0_c24_i090_route36_f30_min12\qd_001\prediction.dst,datasets\public_benchmark_v1_ext33\quickdraw_10\qd_001_mask.png,7588,11839,10029,6769,3260,9837,192,0.892066,0.674943,0.830898,0.980856,0.019144,2,2,90.0
public_benchmark_v1_ext33_m2_60_maskpath_mp_d0_r0_c24_i090_route36_f30_min12,qd_002,dog,,,,,,,results\public_benchmark_v1_ext33_m2_60_maskpath_mp_d0_r0_c24_i090_route36_f30_min12\qd_002\prediction.dst,datasets\public_benchmark_v1_ext33\quickdraw_10\qd_002_mask.png,8242,12300,10606,7862,2744,10407,199,0.953895,0.741279,0.846098,0.981237,0.018763,2,2,90.0
public_benchmark_v1_ext33_m2_60_maskpath_mp_d0_r0_c24_i090_route36_f30_min12,qd_003,fish,,,,,,,results\public_benchmark_v1_ext33_m2_60_maskpath_mp_d0_r0_c24_i090_route36_f30_min12\qd_003\prediction.dst,datasets\public_benchmark_v1_ext33\quickdraw_10\qd_003_mask.png,5046,7947,7303,4789,2514,7126,177,0.949069,0.655758,0.896691,0.975763,0.024237,2,2,90.0
public_benchmark_v1_ext33_m2_60_maskpath_mp_d0_r0_c24_i090_route36_f30_min12,qd_004,flower,,,,,,,results\public_benchmark_v1_ext33_m2_60_maskpath_mp_d0_r0_c24_i090_route36_f30_min12\qd_004\prediction.dst,datasets\public_benchmark_v1_ext33\quickdraw_10\qd_004_mask.png,5898,9169,7829,5466,2363,7612,217,0.926755,0.698173,0.830189,0.972283,0.027717,2,2,90.0
public_benchmark_v1_ext33_m2_60_maskpath_mp_d0_r0_c24_i090_route36_f30_min12,qd_005,bicycle,,,,,,,results\public_benchmark_v1_ext33_m2_60_maskpath_mp_d0_r0_c24_i090_route36_f30_min12\qd_005\prediction.dst,datasets\public_benchmark_v1_ext33\quickdraw_10\qd_005_mask.png,7540,11320,9960,7156,2804,9805,155,0.949072,0.718474,0.866166,0.984438,0.015562,2,2,90.0
public_benchmark_v1_ext33_m2_60_maskpath_mp_d0_r0_c24_i090_route36_f30_min12,qd_006,bird,,,,,,,results\public_benchmark_v1_ext33_m2_60_maskpath_mp_d0_r0_c24_i090_route36_f30_min12\qd_006\prediction.dst,datasets\public_benchmark_v1_ext33\quickdraw_10\qd_006_mask.png,6036,9168,8162,5489,2673,7865,297,0.909377,0.672507,0.857875,0.963612,0.036388,2,2,90.0
public_benchmark_v1_ext33_m2_60_maskpath_mp_d0_r0_c24_i090_route36_f30_min12,qd_007,moon,,,,,,,results\public_benchmark_v1_ext33_m2_60_maskpath_mp_d0_r0_c24_i090_route36_f30_min12\qd_007\prediction.dst,datasets\public_benchmark_v1_ext33\quickdraw_10\qd_007_mask.png,8074,12913,12017,7977,4040,11857,160,0.987986,0.66381,0.918222,0.986686,0.013314,2,2,90.0
public_benchmark_v1_ext33_m2_60_maskpath_mp_d0_r0_c24_i090_route36_f30_min12,qd_008,star,,,,,,,results\public_benchmark_v1_ext33_m2_60_maskpath_mp_d0_r0_c24_i090_route36_f30_min12\qd_008\prediction.dst,datasets\public_benchmark_v1_ext33\quickdraw_10\qd_008_mask.png,5902,9332,8645,5872,2773,8482,163,0.994917,0.679237,0.908916,0.981145,0.018855,2,2,90.0
public_benchmark_v1_ext33_m2_60_maskpath_mp_d0_r1_c20_i095_route32_f26_min12,qd_001,cat,,,,,,,results\public_benchmark_v1_ext33_m2_60_maskpath_mp_d0_r1_c20_i095_route32_f26_min12\qd_001\prediction.dst,datasets\public_benchmark_v1_ext33\quickdraw_10\qd_001_mask.png,7588,11839,10029,6769,3260,9837,192,0.892066,0.674943,0.830898,0.980856,0.019144,2,2,90.0
public_benchmark_v1_ext33_m2_60_maskpath_mp_d0_r1_c20_i095_route32_f26_min12,qd_002,dog,,,,,,,results\public_benchmark_v1_ext33_m2_60_maskpath_mp_d0_r1_c20_i095_route32_f26_min12\qd_002\prediction.dst,datasets\public_benchmark_v1_ext33\quickdraw_10\qd_002_mask.png,8242,12300,10636,7866,2770,10414,222,0.95438,0.739564,0.846667,0.979127,0.020873,2,2,90.0
public_benchmark_v1_ext33_m2_60_maskpath_mp_d0_r1_c20_i095_route32_f26_min12,qd_003,fish,,,,,,,results\public_benchmark_v1_ext33_m2_60_maskpath_mp_d0_r1_c20_i095_route32_f26_min12\qd_003\prediction.dst,datasets\public_benchmark_v1_ext33\quickdraw_10\qd_003_mask.png,5046,7947,7311,4784,2527,7121,190,0.948078,0.654356,0.896061,0.974012,0.025988,2,2,90.0
public_benchmark_v1_ext33_m2_60_maskpath_mp_d0_r1_c20_i095_route32_f26_min12,qd_004,flower,,,,,,,results\public_benchmark_v1_ext33_m2_60_maskpath_mp_d0_r1_c20_i095_route32_f26_min12\qd_004\prediction.dst,datasets\public_benchmark_v1_ext33\quickdraw_10\qd_004_mask.png,5898,9169,7877,5456,2421,7605,272,0.925059,0.692649,0.829425,0.965469,0.034531,2,2,90.0
public_benchmark_v1_ext33_m2_60_maskpath_mp_d0_r1_c20_i095_route32_f26_min12,qd_005,bicycle,,,,,,,results\public_benchmark_v1_ext33_m2_60_maskpath_mp_d0_r1_c20_i095_route32_f26_min12\qd_005\prediction.dst,datasets\public_benchmark_v1_ext33\quickdraw_10\qd_005_mask.png,7540,11320,10016,7150,2866,9820,196,0.948276,0.713858,0.867491,0.980431,0.019569,2,2,90.0
public_benchmark_v1_ext33_m2_60_maskpath_mp_d0_r1_c20_i095_route32_f26_min12,qd_006,bird,,,,,,,results\public_benchmark_v1_ext33_m2_60_maskpath_mp_d0_r1_c20_i095_route32_f26_min12\qd_006\prediction.dst,datasets\public_benchmark_v1_ext33\quickdraw_10\qd_006_mask.png,6036,9168,8180,5486,2694,7857,323,0.90888,0.67066,0.857003,0.960513,0.039487,2,2,90.0
public_benchmark_v1_ext33_m2_60_maskpath_mp_d0_r1_c20_i095_route32_f26_min12,qd_007,moon,,,,,,,results\public_benchmark_v1_ext33_m2_60_maskpath_mp_d0_r1_c20_i095_route32_f26_min12\qd_007\prediction.dst,datasets\public_benchmark_v1_ext33\quickdraw_10\qd_007_mask.png,8074,12913,12017,7977,4040,11857,160,0.987986,0.66381,0.918222,0.986686,0.013314,2,2,90.0
public_benchmark_v1_ext33_m2_60_maskpath_mp_d0_r1_c20_i095_route32_f26_min12,qd_008,star,,,,,,,results\public_benchmark_v1_ext33_m2_60_maskpath_mp_d0_r1_c20_i095_route32_f26_min12\qd_008\prediction.dst,datasets\public_benchmark_v1_ext33\quickdraw_10\qd_008_mask.png,5902,9332,8645,5872,2773,8482,163,0.994917,0.679237,0.908916,0.981145,0.018855,2,2,90.0
public_benchmark_v1_ext33_m2_60_maskpath_mp_d0_r1_c24_i090_route36_f30_min12,qd_001,cat,,,,,,,results\public_benchmark_v1_ext33_m2_60_maskpath_mp_d0_r1_c24_i090_route36_f30_min12\qd_001\prediction.dst,datasets\public_benchmark_v1_ext33\quickdraw_10\qd_001_mask.png,7588,11839,10029,6769,3260,9837,192,0.892066,0.674943,0.830898,0.980856,0.019144,2,2,90.0
public_benchmark_v1_ext33_m2_60_maskpath_mp_d0_r1_c24_i090_route36_f30_min12,qd_002,dog,,,,,,,results\public_benchmark_v1_ext33_m2_60_maskpath_mp_d0_r1_c24_i090_route36_f30_min12\qd_002\prediction.dst,datasets\public_benchmark_v1_ext33\quickdraw_10\qd_002_mask.png,8242,12300,10636,7866,2770,10414,222,0.95438,0.739564,0.846667,0.979127,0.020873,2,2,90.0
public_benchmark_v1_ext33_m2_60_maskpath_mp_d0_r1_c24_i090_route36_f30_min12,qd_003,fish,,,,,,,results\public_benchmark_v1_ext33_m2_60_maskpath_mp_d0_r1_c24_i090_route36_f30_min12\qd_003\prediction.dst,datasets\public_benchmark_v1_ext33\quickdraw_10\qd_003_mask.png,5046,7947,7311,4784,2527,7121,190,0.948078,0.654356,0.896061,0.974012,0.025988,2,2,90.0
public_benchmark_v1_ext33_m2_60_maskpath_mp_d0_r1_c24_i090_route36_f30_min12,qd_004,flower,,,,,,,results\public_benchmark_v1_ext33_m2_60_maskpath_mp_d0_r1_c24_i090_route36_f30_min12\qd_004\prediction.dst,datasets\public_benchmark_v1_ext33\quickdraw_10\qd_004_mask.png,5898,9169,7877,5456,2421,7605,272,0.925059,0.692649,0.829425,0.965469,0.034531,2,2,90.0
public_benchmark_v1_ext33_m2_60_maskpath_mp_d0_r1_c24_i090_route36_f30_min12,qd_005,bicycle,,,,,,,results\public_benchmark_v1_ext33_m2_60_maskpath_mp_d0_r1_c24_i090_route36_f30_min12\qd_005\prediction.dst,datasets\public_benchmark_v1_ext33\quickdraw_10\qd_005_mask.png,7540,11320,9964,7150,2814,9800,164,0.948276,0.717583,0.865724,0.983541,0.016459,2,2,90.0
public_benchmark_v1_ext33_m2_60_maskpath_mp_d0_r1_c24_i090_route36_f30_min12,qd_006,bird,,,,,,,results\public_benchmark_v1_ext33_m2_60_maskpath_mp_d0_r1_c24_i090_route36_f30_min12\qd_006\prediction.dst,datasets\public_benchmark_v1_ext33\quickdraw_10\qd_006_mask.png,6036,9168,8180,5486,2694,7857,323,0.90888,0.67066,0.857003,0.960513,0.039487,2,2,90.0
public_benchmark_v1_ext33_m2_60_maskpath_mp_d0_r1_c24_i090_route36_f30_min12,qd_007,moon,,,,,,,results\public_benchmark_v1_ext33_m2_60_maskpath_mp_d0_r1_c24_i090_route36_f30_min12\qd_007\prediction.dst,datasets\public_benchmark_v1_ext33\quickdraw_10\qd_007_mask.png,8074,12913,12017,7977,4040,11857,160,0.987986,0.66381,0.918222,0.986686,0.013314,2,2,90.0
public_benchmark_v1_ext33_m2_60_maskpath_mp_d0_r1_c24_i090_route36_f30_min12,qd_008,star,,,,,,,results\public_benchmark_v1_ext33_m2_60_maskpath_mp_d0_r1_c24_i090_route36_f30_min12\qd_008\prediction.dst,datasets\public_benchmark_v1_ext33\quickdraw_10\qd_008_mask.png,5902,9332,8645,5872,2773,8482,163,0.994917,0.679237,0.908916,0.981145,0.018855,2,2,90.0
public_benchmark_v1_ext33_m2_60_maskpath_rescue_selector,qd_001,cat,,,,,,,results\public_benchmark_v1_ext33_m2_60_maskpath_rescue_selector\qd_001\prediction.dst,datasets\public_benchmark_v1_ext33\quickdraw_10\qd_001_mask.png,7588,11839,14851,7585,7266,11575,3276,0.999605,0.51074,0.977701,0.779409,0.220591,2,2,90.0
public_benchmark_v1_ext33_m2_60_maskpath_rescue_selector,qd_002,dog,,,,,,,results\public_benchmark_v1_ext33_m2_60_maskpath_rescue_selector\qd_002\prediction.dst,datasets\public_benchmark_v1_ext33\quickdraw_10\qd_002_mask.png,8242,12300,13693,8224,5469,11831,1862,0.997816,0.600599,0.96187,0.864018,0.135982,2,2,90.0
public_benchmark_v1_ext33_m2_60_maskpath_rescue_selector,qd_003,fish,,,,,,,results\public_benchmark_v1_ext33_m2_60_maskpath_rescue_selector\qd_003\prediction.dst,datasets\public_benchmark_v1_ext33\quickdraw_10\qd_003_mask.png,5046,7947,16064,5046,11018,7947,8117,1.0,0.314119,1.0,0.494709,0.505291,2,2,90.0
public_benchmark_v1_ext33_m2_60_maskpath_rescue_selector,qd_004,flower,,,,,,,results\public_benchmark_v1_ext33_m2_60_maskpath_rescue_selector\qd_004\prediction.dst,datasets\public_benchmark_v1_ext33\quickdraw_10\qd_004_mask.png,5898,9169,7829,5466,2363,7612,217,0.926755,0.698173,0.830189,0.972283,0.027717,2,2,90.0
public_benchmark_v1_ext33_m2_60_maskpath_rescue_selector,qd_005,bicycle,,,,,,,results\public_benchmark_v1_ext33_m2_60_maskpath_rescue_selector\qd_005\prediction.dst,datasets\public_benchmark_v1_ext33\quickdraw_10\qd_005_mask.png,7540,11320,11274,7458,3816,10276,998,0.989125,0.661522,0.907774,0.911478,0.088522,2,2,90.0
public_benchmark_v1_ext33_m2_60_maskpath_rescue_selector,qd_006,bird,,,,,,,results\public_benchmark_v1_ext33_m2_60_maskpath_rescue_selector\qd_006\prediction.dst,datasets\public_benchmark_v1_ext33\quickdraw_10\qd_006_mask.png,6036,9168,8162,5489,2673,7865,297,0.909377,0.672507,0.857875,0.963612,0.036388,2,2,90.0
public_benchmark_v1_ext33_m2_60_maskpath_rescue_selector,qd_007,moon,,,,,,,results\public_benchmark_v1_ext33_m2_60_maskpath_rescue_selector\qd_007\prediction.dst,datasets\public_benchmark_v1_ext33\quickdraw_10\qd_007_mask.png,8074,12913,12017,7977,4040,11857,160,0.987986,0.66381,0.918222,0.986686,0.013314,2,2,90.0
public_benchmark_v1_ext33_m2_60_maskpath_rescue_selector,qd_008,star,,,,,,,results\public_benchmark_v1_ext33_m2_60_maskpath_rescue_selector\qd_008\prediction.dst,datasets\public_benchmark_v1_ext33\quickdraw_10\qd_008_mask.png,5902,9332,7970,5847,2123,7902,68,0.990681,0.733626,0.846764,0.991468,0.008532,2,2,90.0
public_benchmark_v1_ext33_m2_66_profile_switcher,qd_001,cat,,,,,,,results\public_benchmark_v1_ext33_m2_66_profile_switcher\qd_001\prediction.dst,datasets\public_benchmark_v1_ext33\quickdraw_10\qd_001_mask.png,7588,11839,10613,7193,3420,9780,833,0.947944,0.677754,0.826083,0.921511,0.078489,2,2,90.0
public_benchmark_v1_ext33_m2_66_profile_switcher,qd_002,dog,,,,,,,results\public_benchmark_v1_ext33_m2_66_profile_switcher\qd_002\prediction.dst,datasets\public_benchmark_v1_ext33\quickdraw_10\qd_002_mask.png,8242,12300,13693,8224,5469,11831,1862,0.997816,0.600599,0.96187,0.864018,0.135982,2,2,90.0
public_benchmark_v1_ext33_m2_66_profile_switcher,qd_003,fish,,,,,,,results\public_benchmark_v1_ext33_m2_66_profile_switcher\qd_003\prediction.dst,datasets\public_benchmark_v1_ext33\quickdraw_10\qd_003_mask.png,5046,7947,7416,4982,2434,6902,514,0.987317,0.671791,0.868504,0.93069,0.06931,2,2,90.0
public_benchmark_v1_ext33_m2_66_profile_switcher,qd_004,flower,,,,,,,results\public_benchmark_v1_ext33_m2_66_profile_switcher\qd_004\prediction.dst,datasets\public_benchmark_v1_ext33\quickdraw_10\qd_004_mask.png,5898,9169,7829,5466,2363,7612,217,0.926755,0.698173,0.830189,0.972283,0.027717,2,2,90.0
public_benchmark_v1_ext33_m2_66_profile_switcher,qd_005,bicycle,,,,,,,results\public_benchmark_v1_ext33_m2_66_profile_switcher\qd_005\prediction.dst,datasets\public_benchmark_v1_ext33\quickdraw_10\qd_005_mask.png,7540,11320,11274,7458,3816,10276,998,0.989125,0.661522,0.907774,0.911478,0.088522,2,2,90.0
public_benchmark_v1_ext33_m2_66_profile_switcher,qd_006,bird,,,,,,,results\public_benchmark_v1_ext33_m2_66_profile_switcher\qd_006\prediction.dst,datasets\public_benchmark_v1_ext33\quickdraw_10\qd_006_mask.png,6036,9168,8162,5489,2673,7865,297,0.909377,0.672507,0.857875,0.963612,0.036388,2,2,90.0
public_benchmark_v1_ext33_m2_66_profile_switcher,qd_007,moon,,,,,,,results\public_benchmark_v1_ext33_m2_66_profile_switcher\qd_007\prediction.dst,datasets\public_benchmark_v1_ext33\quickdraw_10\qd_007_mask.png,8074,12913,12017,7977,4040,11857,160,0.987986,0.66381,0.918222,0.986686,0.013314,2,2,90.0
public_benchmark_v1_ext33_m2_66_profile_switcher,qd_008,star,,,,,,,results\public_benchmark_v1_ext33_m2_66_profile_switcher\qd_008\prediction.dst,datasets\public_benchmark_v1_ext33\quickdraw_10\qd_008_mask.png,5902,9332,7970,5847,2123,7902,68,0.990681,0.733626,0.846764,0.991468,0.008532,2,2,90.0
public_benchmark_v1_ext33_mask_fill_edgewalk_nearestrow_inset2_rows16_p40,qd_001,cat,,,,,,,results\public_benchmark_v1_ext33_mask_fill_edgewalk_nearestrow_inset2_rows16_p40\qd_001\prediction.dst,datasets\public_benchmark_v1_ext33\quickdraw_10\qd_001_mask.png,7588,11839,10613,7193,3420,9780,833,0.947944,0.677754,0.826083,0.921511,0.078489,2,2,90.0
public_benchmark_v1_ext33_mask_fill_edgewalk_nearestrow_inset2_rows16_p40,qd_002,dog,,,,,,,results\public_benchmark_v1_ext33_mask_fill_edgewalk_nearestrow_inset2_rows16_p40\qd_002\prediction.dst,datasets\public_benchmark_v1_ext33\quickdraw_10\qd_002_mask.png,8242,12300,11298,8174,3124,10893,405,0.99175,0.723491,0.88561,0.964153,0.035847,2,2,90.0
public_benchmark_v1_ext33_mask_fill_edgewalk_nearestrow_inset2_rows16_p40,qd_003,fish,,,,,,,results\public_benchmark_v1_ext33_mask_fill_edgewalk_nearestrow_inset2_rows16_p40\qd_003\prediction.dst,datasets\public_benchmark_v1_ext33\quickdraw_10\qd_003_mask.png,5046,7947,7276,4939,2337,6786,490,0.978795,0.678807,0.853907,0.932655,0.067345,2,2,90.0
public_benchmark_v1_ext33_mask_fill_edgewalk_nearestrow_inset2_rows16_p40,qd_004,flower,,,,,,,results\public_benchmark_v1_ext33_mask_fill_edgewalk_nearestrow_inset2_rows16_p40\qd_004\prediction.dst,datasets\public_benchmark_v1_ext33\quickdraw_10\qd_004_mask.png,5898,9169,7730,5493,2237,7387,343,0.931333,0.710608,0.805649,0.955627,0.044373,2,2,90.0
public_benchmark_v1_ext33_mask_fill_edgewalk_nearestrow_inset2_rows16_p40,qd_005,bicycle,,,,,,,results\public_benchmark_v1_ext33_mask_fill_edgewalk_nearestrow_inset2_rows16_p40\qd_005\prediction.dst,datasets\public_benchmark_v1_ext33\quickdraw_10\qd_005_mask.png,7540,11320,10130,7243,2887,9682,448,0.96061,0.715005,0.8553,0.955775,0.044225,2,2,90.0
public_benchmark_v1_ext33_mask_fill_edgewalk_nearestrow_inset2_rows16_p40,qd_006,bird,,,,,,,results\public_benchmark_v1_ext33_mask_fill_edgewalk_nearestrow_inset2_rows16_p40\qd_006\prediction.dst,datasets\public_benchmark_v1_ext33\quickdraw_10\qd_006_mask.png,6036,9168,8226,5724,2502,7601,625,0.94831,0.695842,0.829079,0.924021,0.075979,2,2,90.0
public_benchmark_v1_ext33_mask_fill_edgewalk_nearestrow_inset2_rows16_p40,qd_007,moon,,,,,,,results\public_benchmark_v1_ext33_mask_fill_edgewalk_nearestrow_inset2_rows16_p40\qd_007\prediction.dst,datasets\public_benchmark_v1_ext33\quickdraw_10\qd_007_mask.png,8074,12913,11394,7540,3854,10483,911,0.933862,0.661752,0.811818,0.920046,0.079954,2,2,90.0
public_benchmark_v1_ext33_mask_fill_edgewalk_nearestrow_inset2_rows16_p40,qd_008,star,,,,,,,results\public_benchmark_v1_ext33_mask_fill_edgewalk_nearestrow_inset2_rows16_p40\qd_008\prediction.dst,datasets\public_benchmark_v1_ext33\quickdraw_10\qd_008_mask.png,5902,9332,7970,5847,2123,7902,68,0.990681,0.733626,0.846764,0.991468,0.008532,2,2,90.0
public_benchmark_v1_ext33_mask_fill_edgewalk_nearestrow_rows16_p40,qd_001,cat,,,,,,,results\public_benchmark_v1_ext33_mask_fill_edgewalk_nearestrow_rows16_p40\qd_001\prediction.dst,datasets\public_benchmark_v1_ext33\quickdraw_10\qd_001_mask.png,7588,11839,14851,7585,7266,11575,3276,0.999605,0.51074,0.977701,0.779409,0.220591,2,2,90.0
public_benchmark_v1_ext33_mask_fill_edgewalk_nearestrow_rows16_p40,qd_002,dog,,,,,,,results\public_benchmark_v1_ext33_mask_fill_edgewalk_nearestrow_rows16_p40\qd_002\prediction.dst,datasets\public_benchmark_v1_ext33\quickdraw_10\qd_002_mask.png,8242,12300,15533,8239,7294,12091,3442,0.999636,0.530419,0.983008,0.778407,0.221593,2,2,90.0
public_benchmark_v1_ext33_mask_fill_edgewalk_nearestrow_rows16_p40,qd_003,fish,,,,,,,results\public_benchmark_v1_ext33_mask_fill_edgewalk_nearestrow_rows16_p40\qd_003\prediction.dst,datasets\public_benchmark_v1_ext33\quickdraw_10\qd_003_mask.png,5046,7947,9278,5040,4238,7696,1582,0.998811,0.543221,0.968416,0.829489,0.170511,2,2,90.0
public_benchmark_v1_ext33_mask_fill_edgewalk_nearestrow_rows16_p40,qd_004,flower,,,,,,,results\public_benchmark_v1_ext33_mask_fill_edgewalk_nearestrow_rows16_p40\qd_004\prediction.dst,datasets\public_benchmark_v1_ext33\quickdraw_10\qd_004_mask.png,5898,9169,11703,5893,5810,9009,2694,0.999152,0.503546,0.98255,0.769803,0.230197,2,2,90.0
public_benchmark_v1_ext33_mask_fill_edgewalk_nearestrow_rows16_p40,qd_005,bicycle,,,,,,,results\public_benchmark_v1_ext33_mask_fill_edgewalk_nearestrow_rows16_p40\qd_005\prediction.dst,datasets\public_benchmark_v1_ext33\quickdraw_10\qd_005_mask.png,7540,11320,13342,7540,5802,11098,2244,1.0,0.565133,0.980389,0.831809,0.168191,2,2,90.0
public_benchmark_v1_ext33_mask_fill_edgewalk_nearestrow_rows16_p40,qd_006,bird,,,,,,,results\public_benchmark_v1_ext33_mask_fill_edgewalk_nearestrow_rows16_p40\qd_006\prediction.dst,datasets\public_benchmark_v1_ext33\quickdraw_10\qd_006_mask.png,6036,9168,11076,6034,5042,8867,2209,0.999669,0.544782,0.967168,0.80056,0.19944,2,2,90.0
public_benchmark_v1_ext33_mask_fill_edgewalk_nearestrow_rows16_p40,qd_007,moon,,,,,,,results\public_benchmark_v1_ext33_mask_fill_edgewalk_nearestrow_rows16_p40\qd_007\prediction.dst,datasets\public_benchmark_v1_ext33\quickdraw_10\qd_007_mask.png,8074,12913,15274,8074,7200,12544,2730,1.0,0.528611,0.971424,0.821265,0.178735,2,2,90.0
public_benchmark_v1_ext33_mask_fill_edgewalk_nearestrow_rows16_p40,qd_008,star,,,,,,,results\public_benchmark_v1_ext33_mask_fill_edgewalk_nearestrow_rows16_p40\qd_008\prediction.dst,datasets\public_benchmark_v1_ext33\quickdraw_10\qd_008_mask.png,5902,9332,10922,5899,5023,9111,1811,0.999492,0.540103,0.976318,0.834188,0.165812,2,2,90.0
public_benchmark_v1_ext33_mask_fill_edgewalk_outline_ext_in2_rows16_p40,qd_001,cat,,,,,,,results\public_benchmark_v1_ext33_mask_fill_edgewalk_outline_ext_in2_rows16_p40\qd_001\prediction.dst,datasets\public_benchmark_v1_ext33\quickdraw_10\qd_001_mask.png,7588,11839,17961,7588,10373,11803,6158,1.0,0.422471,0.996959,0.657146,0.342854,2,2,90.0
public_benchmark_v1_ext33_mask_fill_edgewalk_outline_ext_in2_rows16_p40,qd_002,dog,,,,,,,results\public_benchmark_v1_ext33_mask_fill_edgewalk_outline_ext_in2_rows16_p40\qd_002\prediction.dst,datasets\public_benchmark_v1_ext33\quickdraw_10\qd_002_mask.png,8242,12300,18446,8241,10205,12269,6177,0.999879,0.446764,0.99748,0.665131,0.334869,2,2,90.0
public_benchmark_v1_ext33_mask_fill_edgewalk_outline_ext_in2_rows16_p40,qd_003,fish,,,,,,,results\public_benchmark_v1_ext33_mask_fill_edgewalk_outline_ext_in2_rows16_p40\qd_003\prediction.dst,datasets\public_benchmark_v1_ext33\quickdraw_10\qd_003_mask.png,5046,7947,12137,5044,7093,7912,4225,0.999604,0.415589,0.995596,0.651891,0.348109,2,2,90.0
public_benchmark_v1_ext33_mask_fill_edgewalk_outline_ext_in2_rows16_p40,qd_004,flower,,,,,,,results\public_benchmark_v1_ext33_mask_fill_edgewalk_outline_ext_in2_rows16_p40\qd_004\prediction.dst,datasets\public_benchmark_v1_ext33\quickdraw_10\qd_004_mask.png,5898,9169,12966,5896,7070,9103,3863,0.999661,0.454728,0.992802,0.702067,0.297933,2,2,90.0
public_benchmark_v1_ext33_mask_fill_edgewalk_outline_ext_in2_rows16_p40,qd_005,bicycle,,,,,,,results\public_benchmark_v1_ext33_mask_fill_edgewalk_outline_ext_in2_rows16_p40\qd_005\prediction.dst,datasets\public_benchmark_v1_ext33\quickdraw_10\qd_005_mask.png,7540,11320,16798,7540,9258,11306,5492,1.0,0.448863,0.998763,0.673056,0.326944,2,2,90.0
public_benchmark_v1_ext33_mask_fill_edgewalk_outline_ext_in2_rows16_p40,qd_006,bird,,,,,,,results\public_benchmark_v1_ext33_mask_fill_edgewalk_outline_ext_in2_rows16_p40\qd_006\prediction.dst,datasets\public_benchmark_v1_ext33\quickdraw_10\qd_006_mask.png,6036,9168,14777,6036,8741,9142,5635,1.0,0.408473,0.997164,0.618664,0.381336,2,2,90.0
public_benchmark_v1_ext33_mask_fill_edgewalk_outline_ext_in2_rows16_p40,qd_007,moon,,,,,,,results\public_benchmark_v1_ext33_mask_fill_edgewalk_outline_ext_in2_rows16_p40\qd_007\prediction.dst,datasets\public_benchmark_v1_ext33\quickdraw_10\qd_007_mask.png,8074,12913,19003,8074,10929,12894,6109,1.0,0.42488,0.998529,0.678524,0.321476,2,2,90.0
public_benchmark_v1_ext33_mask_fill_edgewalk_outline_ext_in2_rows16_p40,qd_008,star,,,,,,,results\public_benchmark_v1_ext33_mask_fill_edgewalk_outline_ext_in2_rows16_p40\qd_008\prediction.dst,datasets\public_benchmark_v1_ext33\quickdraw_10\qd_008_mask.png,5902,9332,13434,5902,7532,9319,4115,1.0,0.439333,0.998607,0.693688,0.306312,2,2,90.0
public_benchmark_v1_ext33_mask_fill_edgewalk_outline_ext_in3_rows16_p40,qd_001,cat,,,,,,,results\public_benchmark_v1_ext33_mask_fill_edgewalk_outline_ext_in3_rows16_p40\qd_001\prediction.dst,datasets\public_benchmark_v1_ext33\quickdraw_10\qd_001_mask.png,7588,11839,17411,7587,9824,11682,5729,0.999868,0.435759,0.986739,0.670955,0.329045,2,2,90.0
public_benchmark_v1_ext33_mask_fill_edgewalk_outline_ext_in3_rows16_p40,qd_002,dog,,,,,,,results\public_benchmark_v1_ext33_mask_fill_edgewalk_outline_ext_in3_rows16_p40\qd_002\prediction.dst,datasets\public_benchmark_v1_ext33\quickdraw_10\qd_002_mask.png,8242,12300,18312,8240,10072,12142,6170,0.999757,0.449978,0.987154,0.663062,0.336938,2,2,90.0
public_benchmark_v1_ext33_mask_fill_edgewalk_outline_ext_in3_rows16_p40,qd_003,fish,,,,,,,results\public_benchmark_v1_ext33_mask_fill_edgewalk_outline_ext_in3_rows16_p40\qd_003\prediction.dst,datasets\public_benchmark_v1_ext33\quickdraw_10\qd_003_mask.png,5046,7947,11981,5040,6941,7784,4197,0.998811,0.420666,0.979489,0.649695,0.350305,2,2,90.0
public_benchmark_v1_ext33_mask_fill_edgewalk_outline_ext_in3_rows16_p40,qd_004,flower,,,,,,,results\public_benchmark_v1_ext33_mask_fill_edgewalk_outline_ext_in3_rows16_p40\qd_004\prediction.dst,datasets\public_benchmark_v1_ext33\quickdraw_10\qd_004_mask.png,5898,9169,12999,5893,7106,9059,3940,0.999152,0.453343,0.988003,0.6969,0.3031,2,2,90.0
public_benchmark_v1_ext33_mask_fill_edgewalk_outline_ext_in3_rows16_p40,qd_005,bicycle,,,,,,,results\public_benchmark_v1_ext33_mask_fill_edgewalk_outline_ext_in3_rows16_p40\qd_005\prediction.dst,datasets\public_benchmark_v1_ext33\quickdraw_10\qd_005_mask.png,7540,11320,16639,7540,9099,11167,5472,1.0,0.453152,0.986484,0.671134,0.328866,2,2,90.0
public_benchmark_v1_ext33_mask_fill_edgewalk_outline_ext_in3_rows16_p40,qd_006,bird,,,,,,,results\public_benchmark_v1_ext33_mask_fill_edgewalk_outline_ext_in3_rows16_p40\qd_006\prediction.dst,datasets\public_benchmark_v1_ext33\quickdraw_10\qd_006_mask.png,6036,9168,14570,6034,8536,9037,5533,0.999669,0.414139,0.985711,0.620247,0.379753,2,2,90.0
public_benchmark_v1_ext33_mask_fill_edgewalk_outline_ext_in3_rows16_p40,qd_007,moon,,,,,,,results\public_benchmark_v1_ext33_mask_fill_edgewalk_outline_ext_in3_rows16_p40\qd_007\prediction.dst,datasets\public_benchmark_v1_ext33\quickdraw_10\qd_007_mask.png,8074,12913,17729,8074,9655,12733,4996,1.0,0.455412,0.986061,0.718202,0.281798,2,2,90.0
public_benchmark_v1_ext33_mask_fill_edgewalk_outline_ext_in3_rows16_p40,qd_008,star,,,,,,,results\public_benchmark_v1_ext33_mask_fill_edgewalk_outline_ext_in3_rows16_p40\qd_008\prediction.dst,datasets\public_benchmark_v1_ext33\quickdraw_10\qd_008_mask.png,5902,9332,13288,5902,7386,9255,4033,1.0,0.44416,0.991749,0.696493,0.303507,2,2,90.0
public_benchmark_v1_ext33_mask_fill_edgewalk_outline_ext_rows16_p40,qd_001,cat,,,,,,,results\public_benchmark_v1_ext33_mask_fill_edgewalk_outline_ext_rows16_p40\qd_001\prediction.dst,datasets\public_benchmark_v1_ext33\quickdraw_10\qd_001_mask.png,7588,11839,19244,7588,11656,11837,7407,1.0,0.394305,0.999831,0.615101,0.384899,2,2,90.0
public_benchmark_v1_ext33_mask_fill_edgewalk_outline_ext_rows16_p40,qd_002,dog,,,,,,,results\public_benchmark_v1_ext33_mask_fill_edgewalk_outline_ext_rows16_p40\qd_002\prediction.dst,datasets\public_benchmark_v1_ext33\quickdraw_10\qd_002_mask.png,8242,12300,18966,8241,10725,12277,6689,0.999879,0.434514,0.99813,0.647316,0.352684,2,2,90.0
public_benchmark_v1_ext33_mask_fill_edgewalk_outline_ext_rows16_p40,qd_003,fish,,,,,,,results\public_benchmark_v1_ext33_mask_fill_edgewalk_outline_ext_rows16_p40\qd_003\prediction.dst,datasets\public_benchmark_v1_ext33\quickdraw_10\qd_003_mask.png,5046,7947,12806,5046,7760,7947,4859,1.0,0.394034,1.0,0.620568,0.379432,2,2,90.0
public_benchmark_v1_ext33_mask_fill_edgewalk_outline_ext_rows16_p40,qd_004,flower,,,,,,,results\public_benchmark_v1_ext33_mask_fill_edgewalk_outline_ext_rows16_p40\qd_004\prediction.dst,datasets\public_benchmark_v1_ext33\quickdraw_10\qd_004_mask.png,5898,9169,13384,5896,7488,9113,4271,0.999661,0.440526,0.993892,0.680888,0.319112,2,2,90.0
public_benchmark_v1_ext33_mask_fill_edgewalk_outline_ext_rows16_p40,qd_005,bicycle,,,,,,,results\public_benchmark_v1_ext33_mask_fill_edgewalk_outline_ext_rows16_p40\qd_005\prediction.dst,datasets\public_benchmark_v1_ext33\quickdraw_10\qd_005_mask.png,7540,11320,17450,7540,9910,11318,6132,1.0,0.432092,0.999823,0.648596,0.351404,2,2,90.0
public_benchmark_v1_ext33_mask_fill_edgewalk_outline_ext_rows16_p40,qd_006,bird,,,,,,,results\public_benchmark_v1_ext33_mask_fill_edgewalk_outline_ext_rows16_p40\qd_006\prediction.dst,datasets\public_benchmark_v1_ext33\quickdraw_10\qd_006_mask.png,6036,9168,15284,6036,9248,9160,6124,1.0,0.394923,0.999127,0.59932,0.40068,2,2,90.0
public_benchmark_v1_ext33_mask_fill_edgewalk_outline_ext_rows16_p40,qd_007,moon,,,,,,,results\public_benchmark_v1_ext33_mask_fill_edgewalk_outline_ext_rows16_p40\qd_007\prediction.dst,datasets\public_benchmark_v1_ext33\quickdraw_10\qd_007_mask.png,8074,12913,20501,8074,12427,12910,7591,1.0,0.393834,0.999768,0.629725,0.370275,2,2,90.0
public_benchmark_v1_ext33_mask_fill_edgewalk_outline_ext_rows16_p40,qd_008,star,,,,,,,results\public_benchmark_v1_ext33_mask_fill_edgewalk_outline_ext_rows16_p40\qd_008\prediction.dst,datasets\public_benchmark_v1_ext33\quickdraw_10\qd_008_mask.png,5902,9332,13755,5902,7853,9314,4441,1.0,0.42908,0.998071,0.677136,0.322864,2,2,90.0
public_benchmark_v1_ext33_mask_fill_edgewalk_outline_rows16_p40,qd_001,cat,,,,,,,results\public_benchmark_v1_ext33_mask_fill_edgewalk_outline_rows16_p40\qd_001\prediction.dst,datasets\public_benchmark_v1_ext33\quickdraw_10\qd_001_mask.png,7588,11839,19239,7588,11651,11837,7402,1.0,0.394407,0.999831,0.615261,0.384739,2,2,90.0
public_benchmark_v1_ext33_mask_fill_edgewalk_outline_rows16_p40,qd_002,dog,,,,,,,results\public_benchmark_v1_ext33_mask_fill_edgewalk_outline_rows16_p40\qd_002\prediction.dst,datasets\public_benchmark_v1_ext33\quickdraw_10\qd_002_mask.png,8242,12300,19531,8242,11289,12300,7231,1.0,0.421996,1.0,0.629768,0.370232,2,2,90.0
public_benchmark_v1_ext33_mask_fill_edgewalk_outline_rows16_p40,qd_003,fish,,,,,,,results\public_benchmark_v1_ext33_mask_fill_edgewalk_outline_rows16_p40\qd_003\prediction.dst,datasets\public_benchmark_v1_ext33\quickdraw_10\qd_003_mask.png,5046,7947,12828,5046,7782,7947,4881,1.0,0.393358,1.0,0.619504,0.380496,2,2,90.0
public_benchmark_v1_ext33_mask_fill_edgewalk_outline_rows16_p40,qd_004,flower,,,,,,,results\public_benchmark_v1_ext33_mask_fill_edgewalk_outline_rows16_p40\qd_004\prediction.dst,datasets\public_benchmark_v1_ext33\quickdraw_10\qd_004_mask.png,5898,9169,13767,5898,7869,9163,4604,1.0,0.428416,0.999346,0.665577,0.334423,2,2,90.0
public_benchmark_v1_ext33_mask_fill_edgewalk_outline_rows16_p40,qd_005,bicycle,,,,,,,results\public_benchmark_v1_ext33_mask_fill_edgewalk_outline_rows16_p40\qd_005\prediction.dst,datasets\public_benchmark_v1_ext33\quickdraw_10\qd_005_mask.png,7540,11320,17536,7540,9996,11318,6218,1.0,0.429973,0.999823,0.645415,0.354585,2,2,90.0
public_benchmark_v1_ext33_mask_fill_edgewalk_outline_rows16_p40,qd_006,bird,,,,,,,results\public_benchmark_v1_ext33_mask_fill_edgewalk_outline_rows16_p40\qd_006\prediction.dst,datasets\public_benchmark_v1_ext33\quickdraw_10\qd_006_mask.png,6036,9168,15372,6036,9336,9168,6204,1.0,0.392662,1.0,0.596409,0.403591,2,2,90.0
public_benchmark_v1_ext33_mask_fill_edgewalk_outline_rows16_p40,qd_007,moon,,,,,,,results\public_benchmark_v1_ext33_mask_fill_edgewalk_outline_rows16_p40\qd_007\prediction.dst,datasets\public_benchmark_v1_ext33\quickdraw_10\qd_007_mask.png,8074,12913,20501,8074,12427,12910,7591,1.0,0.393834,0.999768,0.629725,0.370275,2,2,90.0
public_benchmark_v1_ext33_mask_fill_edgewalk_outline_rows16_p40,qd_008,star,,,,,,,results\public_benchmark_v1_ext33_mask_fill_edgewalk_outline_rows16_p40\qd_008\prediction.dst,datasets\public_benchmark_v1_ext33\quickdraw_10\qd_008_mask.png,5902,9332,14453,5902,8551,9331,5122,1.0,0.408358,0.999893,0.64561,0.35439,2,2,90.0
