"pair_id","split_original","split_stratified","split_family_ood","source_family","source_kind","input_png","mask_png","density_npy","direction_xy_npy","direction_axis_npy","direction_confidence_npy","boundary_png","centerline_png","color_layer_png","path_order_npy","path_order_preview_png","stitch_type_heuristic_png","entry_exit_keypoints_json","entry_exit_preview_png","direction_axis_preview_png","source_dst","segments","mask_pixels","mask_ratio","mean_direction_confidence","low_direction_confidence_ratio","width_mm","height_mm","aspect_ratio","mm_per_px_est","qa_flags","canonical_split","leakage_if_using_old_pretrain","axis_valid_mask_png","cleaned_color_layer_png","cleaned_color_layer_preview_png","segment_id_map_npy","endpoint_heatmap_npy","entry_exit_per_segment_json","path_graph_json","geometry_graph_preview_png","axis_valid_pixels","axis_valid_coverage_on_mask","path_graph_nodes","path_graph_edges","color_island_removed_pixels","dataset2_qa_flags"
"dst3322_00001_OUTA3002","train","train","train","OUTA","dst_rendered","images\dst3322_00001_OUTA3002.png","labels\dst3322_00001_OUTA3002_mask.png","labels\dst3322_00001_OUTA3002_density.npy","labels\dst3322_00001_OUTA3002_direction_xy.npy","labels\dst3322_00001_OUTA3002_direction_axis.npy","labels\dst3322_00001_OUTA3002_direction_confidence.npy","labels\dst3322_00001_OUTA3002_boundary.png","labels\dst3322_00001_OUTA3002_centerline.png","labels\dst3322_00001_OUTA3002_color_layer.png","labels\dst3322_00001_OUTA3002_path_order.npy","previews\dst3322_00001_OUTA3002_path_order_preview.png","labels\dst3322_00001_OUTA3002_stitch_type_heuristic.png","labels\dst3322_00001_OUTA3002_entry_exit_keypoints.json","previews\dst3322_00001_OUTA3002_entry_exit_preview.png","previews\dst3322_00001_OUTA3002_direction_axis_preview.png","external/raw_embroidery/OUTA3002.DST","2154","5670","0.086517","0.214281","0.754321","85.6","29.1","2.941581","0.375439","sparse_mask|weak_direction_label","train","False","labels\dst3322_00001_OUTA3002_axis_valid_mask.png","labels\dst3322_00001_OUTA3002_cleaned_color_layer.png","previews\dst3322_00001_OUTA3002_cleaned_color_layer_preview.png","labels\dst3322_00001_OUTA3002_segment_id_map.npy","labels\dst3322_00001_OUTA3002_endpoint_heatmap.npy","graphs\dst3322_00001_OUTA3002_entry_exit_per_segment.json","graphs\dst3322_00001_OUTA3002_path_graph.json","previews\dst3322_00001_OUTA3002_geometry_graph_preview.png","1393","0.245679","8","32","0","sparse_mask|weak_direction_label"
"dst3322_00002_d2333","train","val","ood_test","d","dst_rendered","images\dst3322_00002_d2333.png","labels\dst3322_00002_d2333_mask.png","labels\dst3322_00002_d2333_density.npy","labels\dst3322_00002_d2333_direction_xy.npy","labels\dst3322_00002_d2333_direction_axis.npy","labels\dst3322_00002_d2333_direction_confidence.npy","labels\dst3322_00002_d2333_boundary.png","labels\dst3322_00002_d2333_centerline.png","labels\dst3322_00002_d2333_color_layer.png","labels\dst3322_00002_d2333_path_order.npy","previews\dst3322_00002_d2333_path_order_preview.png","labels\dst3322_00002_d2333_stitch_type_heuristic.png","labels\dst3322_00002_d2333_entry_exit_keypoints.json","previews\dst3322_00002_d2333_entry_exit_preview.png","previews\dst3322_00002_d2333_direction_axis_preview.png","external/raw_embroidery/d2333.dst","4059","17244","0.263123","0.225055","0.534795","131.9","135.9","1.030326","0.596053","weak_direction_label","train","False","labels\dst3322_00002_d2333_axis_valid_mask.png","labels\dst3322_00002_d2333_cleaned_color_layer.png","previews\dst3322_00002_d2333_cleaned_color_layer_preview.png","labels\dst3322_00002_d2333_segment_id_map.npy","labels\dst3322_00002_d2333_endpoint_heatmap.npy","graphs\dst3322_00002_d2333_entry_exit_per_segment.json","graphs\dst3322_00002_d2333_path_graph.json","previews\dst3322_00002_d2333_geometry_graph_preview.png","8022","0.465205","14","56","41","color_islands_cleaned|weak_direction_label"
"dst3322_00003_D1904","train","train","train","D","dst_rendered","images\dst3322_00003_D1904.png","labels\dst3322_00003_D1904_mask.png","labels\dst3322_00003_D1904_density.npy","labels\dst3322_00003_D1904_direction_xy.npy","labels\dst3322_00003_D1904_direction_axis.npy","labels\dst3322_00003_D1904_direction_confidence.npy","labels\dst3322_00003_D1904_boundary.png","labels\dst3322_00003_D1904_centerline.png","labels\dst3322_00003_D1904_color_layer.png","labels\dst3322_00003_D1904_path_order.npy","previews\dst3322_00003_D1904_path_order_preview.png","labels\dst3322_00003_D1904_stitch_type_heuristic.png","labels\dst3322_00003_D1904_entry_exit_keypoints.json","previews\dst3322_00003_D1904_entry_exit_preview.png","previews\dst3322_00003_D1904_direction_axis_preview.png","external/raw_embroidery/D1904.dst","2969","6263","0.095566","0.14095","0.838576","150.4","86.9","1.730725","0.659649","sparse_mask|weak_direction_label","train","False","labels\dst3322_00003_D1904_axis_valid_mask.png","labels\dst3322_00003_D1904_cleaned_color_layer.png","previews\dst3322_00003_D1904_cleaned_color_layer_preview.png","labels\dst3322_00003_D1904_segment_id_map.npy","labels\dst3322_00003_D1904_endpoint_heatmap.npy","graphs\dst3322_00003_D1904_entry_exit_per_segment.json","graphs\dst3322_00003_D1904_path_graph.json","previews\dst3322_00003_D1904_geometry_graph_preview.png","1011","0.161424","1","0","0","sparse_mask|weak_direction_label"
"dst3322_00004_96760","train","val","train","967","dst_rendered","images\dst3322_00004_96760.png","labels\dst3322_00004_96760_mask.png","labels\dst3322_00004_96760_density.npy","labels\dst3322_00004_96760_direction_xy.npy","labels\dst3322_00004_96760_direction_axis.npy","labels\dst3322_00004_96760_direction_confidence.npy","labels\dst3322_00004_96760_boundary.png","labels\dst3322_00004_96760_centerline.png","labels\dst3322_00004_96760_color_layer.png","labels\dst3322_00004_96760_path_order.npy","previews\dst3322_00004_96760_path_order_preview.png","labels\dst3322_00004_96760_stitch_type_heuristic.png","labels\dst3322_00004_96760_entry_exit_keypoints.json","previews\dst3322_00004_96760_entry_exit_preview.png","previews\dst3322_00004_96760_direction_axis_preview.png","external/raw_embroidery/96760.DST","10226","7124","0.108704","0.075274","0.96982","52.9","177.4","3.353497","0.77807","weak_direction_label","train","False","labels\dst3322_00004_96760_axis_valid_mask.png","labels\dst3322_00004_96760_cleaned_color_layer.png","previews\dst3322_00004_96760_cleaned_color_layer_preview.png","labels\dst3322_00004_96760_segment_id_map.npy","labels\dst3322_00004_96760_endpoint_heatmap.npy","graphs\dst3322_00004_96760_entry_exit_per_segment.json","graphs\dst3322_00004_96760_path_graph.json","previews\dst3322_00004_96760_geometry_graph_preview.png","215","0.03018","27","108","323","color_islands_cleaned|low_axis_valid_coverage|weak_direction_label"
"dst3322_00005_design","train","train","ood_test","梅花","dst_rendered","images\dst3322_00005_design.png","labels\dst3322_00005_design_mask.png","labels\dst3322_00005_design_density.npy","labels\dst3322_00005_design_direction_xy.npy","labels\dst3322_00005_design_direction_axis.npy","labels\dst3322_00005_design_direction_confidence.npy","labels\dst3322_00005_design_boundary.png","labels\dst3322_00005_design_centerline.png","labels\dst3322_00005_design_color_layer.png","labels\dst3322_00005_design_path_order.npy","previews\dst3322_00005_design_path_order_preview.png","labels\dst3322_00005_design_stitch_type_heuristic.png","labels\dst3322_00005_design_entry_exit_keypoints.json","previews\dst3322_00005_design_entry_exit_preview.png","previews\dst3322_00005_design_direction_axis_preview.png","external/raw_embroidery/梅花.dst","5541","9181","0.140091","0.092486","0.958066","84.1","153.1","1.820452","0.671491","weak_direction_label","train","False","labels\dst3322_00005_design_axis_valid_mask.png","labels\dst3322_00005_design_cleaned_color_layer.png","previews\dst3322_00005_design_cleaned_color_layer_preview.png","labels\dst3322_00005_design_segment_id_map.npy","labels\dst3322_00005_design_endpoint_heatmap.npy","graphs\dst3322_00005_design_entry_exit_per_segment.json","graphs\dst3322_00005_design_path_graph.json","previews\dst3322_00005_design_geometry_graph_preview.png","385","0.041934","39","156","11","color_islands_cleaned|low_axis_valid_coverage|weak_direction_label"
"dst3322_00006_design","train","train","train","虎头","dst_rendered","images\dst3322_00006_design.png","labels\dst3322_00006_design_mask.png","labels\dst3322_00006_design_density.npy","labels\dst3322_00006_design_direction_xy.npy","labels\dst3322_00006_design_direction_axis.npy","labels\dst3322_00006_design_direction_confidence.npy","labels\dst3322_00006_design_boundary.png","labels\dst3322_00006_design_centerline.png","labels\dst3322_00006_design_color_layer.png","labels\dst3322_00006_design_path_order.npy","previews\dst3322_00006_design_path_order_preview.png","labels\dst3322_00006_design_stitch_type_heuristic.png","labels\dst3322_00006_design_entry_exit_keypoints.json","previews\dst3322_00006_design_entry_exit_preview.png","previews\dst3322_00006_design_direction_axis_preview.png","external/raw_embroidery/虎头.dst","13818","36761","0.560928","0.132573","0.809554","114.9","104.7","1.097421","0.503947","weak_direction_label","test","True","labels\dst3322_00006_design_axis_valid_mask.png","labels\dst3322_00006_design_cleaned_color_layer.png","previews\dst3322_00006_design_cleaned_color_layer_preview.png","labels\dst3322_00006_design_segment_id_map.npy","labels\dst3322_00006_design_endpoint_heatmap.npy","graphs\dst3322_00006_design_entry_exit_per_segment.json","graphs\dst3322_00006_design_path_graph.json","previews\dst3322_00006_design_geometry_graph_preview.png","7001","0.190446","133","532","487","color_islands_cleaned|weak_direction_label"
"dst3322_00007_BORF2011","train","val","train","BORF","dst_rendered","images\dst3322_00007_BORF2011.png","labels\dst3322_00007_BORF2011_mask.png","labels\dst3322_00007_BORF2011_density.npy","labels\dst3322_00007_BORF2011_direction_xy.npy","labels\dst3322_00007_BORF2011_direction_axis.npy","labels\dst3322_00007_BORF2011_direction_confidence.npy","labels\dst3322_00007_BORF2011_boundary.png","labels\dst3322_00007_BORF2011_centerline.png","labels\dst3322_00007_BORF2011_color_layer.png","labels\dst3322_00007_BORF2011_path_order.npy","previews\dst3322_00007_BORF2011_path_order_preview.png","labels\dst3322_00007_BORF2011_stitch_type_heuristic.png","labels\dst3322_00007_BORF2011_entry_exit_keypoints.json","previews\dst3322_00007_BORF2011_entry_exit_preview.png","previews\dst3322_00007_BORF2011_direction_axis_preview.png","external/raw_embroidery/BORF2011.DST","3325","12935","0.197372","0.102724","0.858678","99.6","44.3","2.248307","0.436842","weak_direction_label","train","False","labels\dst3322_00007_BORF2011_axis_valid_mask.png","labels\dst3322_00007_BORF2011_cleaned_color_layer.png","previews\dst3322_00007_BORF2011_cleaned_color_layer_preview.png","labels\dst3322_00007_BORF2011_segment_id_map.npy","labels\dst3322_00007_BORF2011_endpoint_heatmap.npy","graphs\dst3322_00007_BORF2011_entry_exit_per_segment.json","graphs\dst3322_00007_BORF2011_path_graph.json","previews\dst3322_00007_BORF2011_geometry_graph_preview.png","1828","0.141322","1","0","0","weak_direction_label"
"dst3322_00008_ANIB1006","train","test","train","ANIB","dst_rendered","images\dst3322_00008_ANIB1006.png","labels\dst3322_00008_ANIB1006_mask.png","labels\dst3322_00008_ANIB1006_density.npy","labels\dst3322_00008_ANIB1006_direction_xy.npy","labels\dst3322_00008_ANIB1006_direction_axis.npy","labels\dst3322_00008_ANIB1006_direction_confidence.npy","labels\dst3322_00008_ANIB1006_boundary.png","labels\dst3322_00008_ANIB1006_centerline.png","labels\dst3322_00008_ANIB1006_color_layer.png","labels\dst3322_00008_ANIB1006_path_order.npy","previews\dst3322_00008_ANIB1006_path_order_preview.png","labels\dst3322_00008_ANIB1006_stitch_type_heuristic.png","labels\dst3322_00008_ANIB1006_entry_exit_keypoints.json","previews\dst3322_00008_ANIB1006_entry_exit_preview.png","previews\dst3322_00008_ANIB1006_direction_axis_preview.png","external/raw_embroidery/ANIB1006.DST","4373","28542","0.435516","0.165766","0.655105","48.6","51.6","1.061728","0.226316","weak_direction_label","train","False","labels\dst3322_00008_ANIB1006_axis_valid_mask.png","labels\dst3322_00008_ANIB1006_cleaned_color_layer.png","previews\dst3322_00008_ANIB1006_cleaned_color_layer_preview.png","labels\dst3322_00008_ANIB1006_segment_id_map.npy","labels\dst3322_00008_ANIB1006_endpoint_heatmap.npy","graphs\dst3322_00008_ANIB1006_entry_exit_per_segment.json","graphs\dst3322_00008_ANIB1006_path_graph.json","previews\dst3322_00008_ANIB1006_geometry_graph_preview.png","9844","0.344895","19","76","49","color_islands_cleaned|weak_direction_label"
"dst3322_00009_CHIA1013","train","train","train","CHIA","dst_rendered","images\dst3322_00009_CHIA1013.png","labels\dst3322_00009_CHIA1013_mask.png","labels\dst3322_00009_CHIA1013_density.npy","labels\dst3322_00009_CHIA1013_direction_xy.npy","labels\dst3322_00009_CHIA1013_direction_axis.npy","labels\dst3322_00009_CHIA1013_direction_confidence.npy","labels\dst3322_00009_CHIA1013_boundary.png","labels\dst3322_00009_CHIA1013_centerline.png","labels\dst3322_00009_CHIA1013_color_layer.png","labels\dst3322_00009_CHIA1013_path_order.npy","previews\dst3322_00009_CHIA1013_path_order_preview.png","labels\dst3322_00009_CHIA1013_stitch_type_heuristic.png","labels\dst3322_00009_CHIA1013_entry_exit_keypoints.json","previews\dst3322_00009_CHIA1013_entry_exit_preview.png","previews\dst3322_00009_CHIA1013_direction_axis_preview.png","external/raw_embroidery/CHIA1013.DST","4017","23196","0.353943","0.196946","0.609157","52.5","51.2","1.025391","0.230263","weak_direction_label","test","True","labels\dst3322_00009_CHIA1013_axis_valid_mask.png","labels\dst3322_00009_CHIA1013_cleaned_color_layer.png","previews\dst3322_00009_CHIA1013_cleaned_color_layer_preview.png","labels\dst3322_00009_CHIA1013_segment_id_map.npy","labels\dst3322_00009_CHIA1013_endpoint_heatmap.npy","graphs\dst3322_00009_CHIA1013_entry_exit_per_segment.json","graphs\dst3322_00009_CHIA1013_path_graph.json","previews\dst3322_00009_CHIA1013_geometry_graph_preview.png","9066","0.390843","12","48","5","color_islands_cleaned|weak_direction_label"
"dst3322_00010_BORD2014","train","train","train","BORD","dst_rendered","images\dst3322_00010_BORD2014.png","labels\dst3322_00010_BORD2014_mask.png","labels\dst3322_00010_BORD2014_density.npy","labels\dst3322_00010_BORD2014_direction_xy.npy","labels\dst3322_00010_BORD2014_direction_axis.npy","labels\dst3322_00010_BORD2014_direction_confidence.npy","labels\dst3322_00010_BORD2014_boundary.png","labels\dst3322_00010_BORD2014_centerline.png","labels\dst3322_00010_BORD2014_color_layer.png","labels\dst3322_00010_BORD2014_path_order.npy","previews\dst3322_00010_BORD2014_path_order_preview.png","labels\dst3322_00010_BORD2014_stitch_type_heuristic.png","labels\dst3322_00010_BORD2014_entry_exit_keypoints.json","previews\dst3322_00010_BORD2014_entry_exit_preview.png","previews\dst3322_00010_BORD2014_direction_axis_preview.png","external/raw_embroidery/BORD2014.DST","7553","9850","0.150299","0.090273","0.94264","126.7","105.1","1.205519","0.555702","weak_direction_label","train","False","labels\dst3322_00010_BORD2014_axis_valid_mask.png","labels\dst3322_00010_BORD2014_cleaned_color_layer.png","previews\dst3322_00010_BORD2014_cleaned_color_layer_preview.png","labels\dst3322_00010_BORD2014_segment_id_map.npy","labels\dst3322_00010_BORD2014_endpoint_heatmap.npy","graphs\dst3322_00010_BORD2014_entry_exit_per_segment.json","graphs\dst3322_00010_BORD2014_path_graph.json","previews\dst3322_00010_BORD2014_geometry_graph_preview.png","565","0.05736","25","100","20","color_islands_cleaned|weak_direction_label"
"dst3322_00011_97102237","train","train","train","971","dst_rendered","images\dst3322_00011_97102237.png","labels\dst3322_00011_97102237_mask.png","labels\dst3322_00011_97102237_density.npy","labels\dst3322_00011_97102237_direction_xy.npy","labels\dst3322_00011_97102237_direction_axis.npy","labels\dst3322_00011_97102237_direction_confidence.npy","labels\dst3322_00011_97102237_boundary.png","labels\dst3322_00011_97102237_centerline.png","labels\dst3322_00011_97102237_color_layer.png","labels\dst3322_00011_97102237_path_order.npy","previews\dst3322_00011_97102237_path_order_preview.png","labels\dst3322_00011_97102237_stitch_type_heuristic.png","labels\dst3322_00011_97102237_entry_exit_keypoints.json","previews\dst3322_00011_97102237_entry_exit_preview.png","previews\dst3322_00011_97102237_direction_axis_preview.png","external/raw_embroidery/97102237.DST","1297","10740","0.163879","0.286555","0.375885","50.1","35.5","1.411268","0.219737","","train","False","labels\dst3322_00011_97102237_axis_valid_mask.png","labels\dst3322_00011_97102237_cleaned_color_layer.png","previews\dst3322_00011_97102237_cleaned_color_layer_preview.png","labels\dst3322_00011_97102237_segment_id_map.npy","labels\dst3322_00011_97102237_endpoint_heatmap.npy","graphs\dst3322_00011_97102237_entry_exit_per_segment.json","graphs\dst3322_00011_97102237_path_graph.json","previews\dst3322_00011_97102237_geometry_graph_preview.png","6703","0.624115","3","6","0",""
"dst3322_00012_XH-6919","train","train","train","XH","dst_rendered","images\dst3322_00012_XH-6919.png","labels\dst3322_00012_XH-6919_mask.png","labels\dst3322_00012_XH-6919_density.npy","labels\dst3322_00012_XH-6919_direction_xy.npy","labels\dst3322_00012_XH-6919_direction_axis.npy","labels\dst3322_00012_XH-6919_direction_confidence.npy","labels\dst3322_00012_XH-6919_boundary.png","labels\dst3322_00012_XH-6919_centerline.png","labels\dst3322_00012_XH-6919_color_layer.png","labels\dst3322_00012_XH-6919_path_order.npy","previews\dst3322_00012_XH-6919_path_order_preview.png","labels\dst3322_00012_XH-6919_stitch_type_heuristic.png","labels\dst3322_00012_XH-6919_entry_exit_keypoints.json","previews\dst3322_00012_XH-6919_entry_exit_preview.png","previews\dst3322_00012_XH-6919_direction_axis_preview.png","external/raw_embroidery/XH-6919.DST","1692","36181","0.552078","0.410478","0.277024","25.9","22.9","1.131004","0.113596","","test","True","labels\dst3322_00012_XH-6919_axis_valid_mask.png","labels\dst3322_00012_XH-6919_cleaned_color_layer.png","previews\dst3322_00012_XH-6919_cleaned_color_layer_preview.png","labels\dst3322_00012_XH-6919_segment_id_map.npy","labels\dst3322_00012_XH-6919_endpoint_heatmap.npy","graphs\dst3322_00012_XH-6919_entry_exit_per_segment.json","graphs\dst3322_00012_XH-6919_path_graph.json","previews\dst3322_00012_XH-6919_geometry_graph_preview.png","26158","0.722976","24","96","45","color_islands_cleaned"
"dst3322_00013_STAF3014","train","val","train","STAF","dst_rendered","images\dst3322_00013_STAF3014.png","labels\dst3322_00013_STAF3014_mask.png","labels\dst3322_00013_STAF3014_density.npy","labels\dst3322_00013_STAF3014_direction_xy.npy","labels\dst3322_00013_STAF3014_direction_axis.npy","labels\dst3322_00013_STAF3014_direction_confidence.npy","labels\dst3322_00013_STAF3014_boundary.png","labels\dst3322_00013_STAF3014_centerline.png","labels\dst3322_00013_STAF3014_color_layer.png","labels\dst3322_00013_STAF3014_path_order.npy","previews\dst3322_00013_STAF3014_path_order_preview.png","labels\dst3322_00013_STAF3014_stitch_type_heuristic.png","labels\dst3322_00013_STAF3014_entry_exit_keypoints.json","previews\dst3322_00013_STAF3014_entry_exit_preview.png","previews\dst3322_00013_STAF3014_direction_axis_preview.png","external/raw_embroidery/STAF3014.DST","10735","40861","0.623489","0.114093","0.817724","89.0","68.0","1.308824","0.390351","weak_direction_label","train","False","labels\dst3322_00013_STAF3014_axis_valid_mask.png","labels\dst3322_00013_STAF3014_cleaned_color_layer.png","previews\dst3322_00013_STAF3014_cleaned_color_layer_preview.png","labels\dst3322_00013_STAF3014_segment_id_map.npy","labels\dst3322_00013_STAF3014_endpoint_heatmap.npy","graphs\dst3322_00013_STAF3014_entry_exit_per_segment.json","graphs\dst3322_00013_STAF3014_path_graph.json","previews\dst3322_00013_STAF3014_geometry_graph_preview.png","7448","0.182276","11","44","20","color_islands_cleaned|weak_direction_label"
"dst3322_00014_0808","train","test","train","080","dst_rendered","images\dst3322_00014_0808.png","labels\dst3322_00014_0808_mask.png","labels\dst3322_00014_0808_density.npy","labels\dst3322_00014_0808_direction_xy.npy","labels\dst3322_00014_0808_direction_axis.npy","labels\dst3322_00014_0808_direction_confidence.npy","labels\dst3322_00014_0808_boundary.png","labels\dst3322_00014_0808_centerline.png","labels\dst3322_00014_0808_color_layer.png","labels\dst3322_00014_0808_path_order.npy","previews\dst3322_00014_0808_path_order_preview.png","labels\dst3322_00014_0808_stitch_type_heuristic.png","labels\dst3322_00014_0808_entry_exit_keypoints.json","previews\dst3322_00014_0808_entry_exit_preview.png","previews\dst3322_00014_0808_direction_axis_preview.png","external/raw_embroidery/0808.dst","17243","26695","0.407333","0.161487","0.671924","80.0","111.8","1.3975","0.490351","weak_direction_label","train","False","labels\dst3322_00014_0808_axis_valid_mask.png","labels\dst3322_00014_0808_cleaned_color_layer.png","previews\dst3322_00014_0808_cleaned_color_layer_preview.png","labels\dst3322_00014_0808_segment_id_map.npy","labels\dst3322_00014_0808_endpoint_heatmap.npy","graphs\dst3322_00014_0808_entry_exit_per_segment.json","graphs\dst3322_00014_0808_path_graph.json","previews\dst3322_00014_0808_geometry_graph_preview.png","8758","0.328076","37","148","198","color_islands_cleaned|weak_direction_label"
"dst3322_00015_FRE996C","train","train","train","FRE","dst_rendered","images\dst3322_00015_FRE996C.png","labels\dst3322_00015_FRE996C_mask.png","labels\dst3322_00015_FRE996C_density.npy","labels\dst3322_00015_FRE996C_direction_xy.npy","labels\dst3322_00015_FRE996C_direction_axis.npy","labels\dst3322_00015_FRE996C_direction_confidence.npy","labels\dst3322_00015_FRE996C_boundary.png","labels\dst3322_00015_FRE996C_centerline.png","labels\dst3322_00015_FRE996C_color_layer.png","labels\dst3322_00015_FRE996C_path_order.npy","previews\dst3322_00015_FRE996C_path_order_preview.png","labels\dst3322_00015_FRE996C_stitch_type_heuristic.png","labels\dst3322_00015_FRE996C_entry_exit_keypoints.json","previews\dst3322_00015_FRE996C_entry_exit_preview.png","previews\dst3322_00015_FRE996C_direction_axis_preview.png","external/raw_embroidery/FRE996C.dst","2869","18813","0.287064","0.269132","0.423324","62.6","56.4","1.109929","0.274561","","train","False","labels\dst3322_00015_FRE996C_axis_valid_mask.png","labels\dst3322_00015_FRE996C_cleaned_color_layer.png","previews\dst3322_00015_FRE996C_cleaned_color_layer_preview.png","labels\dst3322_00015_FRE996C_segment_id_map.npy","labels\dst3322_00015_FRE996C_endpoint_heatmap.npy","graphs\dst3322_00015_FRE996C_entry_exit_per_segment.json","graphs\dst3322_00015_FRE996C_path_graph.json","previews\dst3322_00015_FRE996C_geometry_graph_preview.png","10849","0.576676","34","136","10","color_islands_cleaned"
"dst3322_00016_d2471","train","test","ood_test","d","dst_rendered","images\dst3322_00016_d2471.png","labels\dst3322_00016_d2471_mask.png","labels\dst3322_00016_d2471_density.npy","labels\dst3322_00016_d2471_direction_xy.npy","labels\dst3322_00016_d2471_direction_axis.npy","labels\dst3322_00016_d2471_direction_confidence.npy","labels\dst3322_00016_d2471_boundary.png","labels\dst3322_00016_d2471_centerline.png","labels\dst3322_00016_d2471_color_layer.png","labels\dst3322_00016_d2471_path_order.npy","previews\dst3322_00016_d2471_path_order_preview.png","labels\dst3322_00016_d2471_stitch_type_heuristic.png","labels\dst3322_00016_d2471_entry_exit_keypoints.json","previews\dst3322_00016_d2471_entry_exit_preview.png","previews\dst3322_00016_d2471_direction_axis_preview.png","external/raw_embroidery/d2471.dst","5241","8193","0.125015","0.146999","0.82009","96.6","158.0","1.635611","0.692982","weak_direction_label","test","True","labels\dst3322_00016_d2471_axis_valid_mask.png","labels\dst3322_00016_d2471_cleaned_color_layer.png","previews\dst3322_00016_d2471_cleaned_color_layer_preview.png","labels\dst3322_00016_d2471_segment_id_map.npy","labels\dst3322_00016_d2471_endpoint_heatmap.npy","graphs\dst3322_00016_d2471_entry_exit_per_segment.json","graphs\dst3322_00016_d2471_path_graph.json","previews\dst3322_00016_d2471_geometry_graph_preview.png","1474","0.17991","18","72","2","color_islands_cleaned|weak_direction_label"
"dst3322_00017_BADG3054","train","train","train","BADG","dst_rendered","images\dst3322_00017_BADG3054.png","labels\dst3322_00017_BADG3054_mask.png","labels\dst3322_00017_BADG3054_density.npy","labels\dst3322_00017_BADG3054_direction_xy.npy","labels\dst3322_00017_BADG3054_direction_axis.npy","labels\dst3322_00017_BADG3054_direction_confidence.npy","labels\dst3322_00017_BADG3054_boundary.png","labels\dst3322_00017_BADG3054_centerline.png","labels\dst3322_00017_BADG3054_color_layer.png","labels\dst3322_00017_BADG3054_path_order.npy","previews\dst3322_00017_BADG3054_path_order_preview.png","labels\dst3322_00017_BADG3054_stitch_type_heuristic.png","labels\dst3322_00017_BADG3054_entry_exit_keypoints.json","previews\dst3322_00017_BADG3054_entry_exit_preview.png","previews\dst3322_00017_BADG3054_direction_axis_preview.png","external/raw_embroidery/BADG3054.DST","747","21709","0.331253","0.602816","0.203602","18.9","18.7","1.010695","0.082895","","train","False","labels\dst3322_00017_BADG3054_axis_valid_mask.png","labels\dst3322_00017_BADG3054_cleaned_color_layer.png","previews\dst3322_00017_BADG3054_cleaned_color_layer_preview.png","labels\dst3322_00017_BADG3054_segment_id_map.npy","labels\dst3322_00017_BADG3054_endpoint_heatmap.npy","graphs\dst3322_00017_BADG3054_entry_exit_per_segment.json","graphs\dst3322_00017_BADG3054_path_graph.json","previews\dst3322_00017_BADG3054_geometry_graph_preview.png","17289","0.796398","1","0","0",""
"dst3322_00018_ANIW1044","train","test","ood_test","ANIW","dst_rendered","images\dst3322_00018_ANIW1044.png","labels\dst3322_00018_ANIW1044_mask.png","labels\dst3322_00018_ANIW1044_density.npy","labels\dst3322_00018_ANIW1044_direction_xy.npy","labels\dst3322_00018_ANIW1044_direction_axis.npy","labels\dst3322_00018_ANIW1044_direction_confidence.npy","labels\dst3322_00018_ANIW1044_boundary.png","labels\dst3322_00018_ANIW1044_centerline.png","labels\dst3322_00018_ANIW1044_color_layer.png","labels\dst3322_00018_ANIW1044_path_order.npy","previews\dst3322_00018_ANIW1044_path_order_preview.png","labels\dst3322_00018_ANIW1044_stitch_type_heuristic.png","labels\dst3322_00018_ANIW1044_entry_exit_keypoints.json","previews\dst3322_00018_ANIW1044_entry_exit_preview.png","previews\dst3322_00018_ANIW1044_direction_axis_preview.png","external/raw_embroidery/ANIW1044.DST","4559","32093","0.4897","0.230695","0.48026","43.1","38.8","1.110825","0.189035","","train","False","labels\dst3322_00018_ANIW1044_axis_valid_mask.png","labels\dst3322_00018_ANIW1044_cleaned_color_layer.png","previews\dst3322_00018_ANIW1044_cleaned_color_layer_preview.png","labels\dst3322_00018_ANIW1044_segment_id_map.npy","labels\dst3322_00018_ANIW1044_endpoint_heatmap.npy","graphs\dst3322_00018_ANIW1044_entry_exit_per_segment.json","graphs\dst3322_00018_ANIW1044_path_graph.json","previews\dst3322_00018_ANIW1044_geometry_graph_preview.png","16680","0.51974","139","556","149","color_islands_cleaned"
"dst3322_00019_BORA3002","train","train","train","BORA","dst_rendered","images\dst3322_00019_BORA3002.png","labels\dst3322_00019_BORA3002_mask.png","labels\dst3322_00019_BORA3002_density.npy","labels\dst3322_00019_BORA3002_direction_xy.npy","labels\dst3322_00019_BORA3002_direction_axis.npy","labels\dst3322_00019_BORA3002_direction_confidence.npy","labels\dst3322_00019_BORA3002_boundary.png","labels\dst3322_00019_BORA3002_centerline.png","labels\dst3322_00019_BORA3002_color_layer.png","labels\dst3322_00019_BORA3002_path_order.npy","previews\dst3322_00019_BORA3002_path_order_preview.png","labels\dst3322_00019_BORA3002_stitch_type_heuristic.png","labels\dst3322_00019_BORA3002_entry_exit_keypoints.json","previews\dst3322_00019_BORA3002_entry_exit_preview.png","previews\dst3322_00019_BORA3002_direction_axis_preview.png","external/raw_embroidery/BORA3002.DST","2213","8411","0.128342","0.263335","0.555463","74.8","72.0","1.038889","0.32807","weak_direction_label","test","True","labels\dst3322_00019_BORA3002_axis_valid_mask.png","labels\dst3322_00019_BORA3002_cleaned_color_layer.png","previews\dst3322_00019_BORA3002_cleaned_color_layer_preview.png","labels\dst3322_00019_BORA3002_segment_id_map.npy","labels\dst3322_00019_BORA3002_endpoint_heatmap.npy","graphs\dst3322_00019_BORA3002_entry_exit_per_segment.json","graphs\dst3322_00019_BORA3002_path_graph.json","previews\dst3322_00019_BORA3002_geometry_graph_preview.png","3739","0.444537","24","96","29","color_islands_cleaned|weak_direction_label"
"dst3322_00020_CHIB3017","train","train","train","CHIB","dst_rendered","images\dst3322_00020_CHIB3017.png","labels\dst3322_00020_CHIB3017_mask.png","labels\dst3322_00020_CHIB3017_density.npy","labels\dst3322_00020_CHIB3017_direction_xy.npy","labels\dst3322_00020_CHIB3017_direction_axis.npy","labels\dst3322_00020_CHIB3017_direction_confidence.npy","labels\dst3322_00020_CHIB3017_boundary.png","labels\dst3322_00020_CHIB3017_centerline.png","labels\dst3322_00020_CHIB3017_color_layer.png","labels\dst3322_00020_CHIB3017_path_order.npy","previews\dst3322_00020_CHIB3017_path_order_preview.png","labels\dst3322_00020_CHIB3017_stitch_type_heuristic.png","labels\dst3322_00020_CHIB3017_entry_exit_keypoints.json","previews\dst3322_00020_CHIB3017_entry_exit_preview.png","previews\dst3322_00020_CHIB3017_direction_axis_preview.png","external/raw_embroidery/CHIB3017.DST","6004","20464","0.312256","0.23839","0.4806","47.9","75.3","1.572025","0.330263","","train","False","labels\dst3322_00020_CHIB3017_axis_valid_mask.png","labels\dst3322_00020_CHIB3017_cleaned_color_layer.png","previews\dst3322_00020_CHIB3017_cleaned_color_layer_preview.png","labels\dst3322_00020_CHIB3017_segment_id_map.npy","labels\dst3322_00020_CHIB3017_endpoint_heatmap.npy","graphs\dst3322_00020_CHIB3017_entry_exit_per_segment.json","graphs\dst3322_00020_CHIB3017_path_graph.json","previews\dst3322_00020_CHIB3017_geometry_graph_preview.png","10629","0.5194","64","256","370","color_islands_cleaned"
"dst3322_00021_design","train","train","ood_test","狼和女","dst_rendered","images\dst3322_00021_design.png","labels\dst3322_00021_design_mask.png","labels\dst3322_00021_design_density.npy","labels\dst3322_00021_design_direction_xy.npy","labels\dst3322_00021_design_direction_axis.npy","labels\dst3322_00021_design_direction_confidence.npy","labels\dst3322_00021_design_boundary.png","labels\dst3322_00021_design_centerline.png","labels\dst3322_00021_design_color_layer.png","labels\dst3322_00021_design_path_order.npy","previews\dst3322_00021_design_path_order_preview.png","labels\dst3322_00021_design_stitch_type_heuristic.png","labels\dst3322_00021_design_entry_exit_keypoints.json","previews\dst3322_00021_design_entry_exit_preview.png","previews\dst3322_00021_design_direction_axis_preview.png","external/raw_embroidery/狼和女孩.dst","8806","14254","0.217499","0.145752","0.7299","98.6","69.7","1.414634","0.432456","weak_direction_label","val","True","labels\dst3322_00021_design_axis_valid_mask.png","labels\dst3322_00021_design_cleaned_color_layer.png","previews\dst3322_00021_design_cleaned_color_layer_preview.png","labels\dst3322_00021_design_segment_id_map.npy","labels\dst3322_00021_design_endpoint_heatmap.npy","graphs\dst3322_00021_design_entry_exit_per_segment.json","graphs\dst3322_00021_design_path_graph.json","previews\dst3322_00021_design_geometry_graph_preview.png","3850","0.2701","1","0","0","weak_direction_label"
"dst3322_00022_20","train","train","train","20","dst_rendered","images\dst3322_00022_20.png","labels\dst3322_00022_20_mask.png","labels\dst3322_00022_20_density.npy","labels\dst3322_00022_20_direction_xy.npy","labels\dst3322_00022_20_direction_axis.npy","labels\dst3322_00022_20_direction_confidence.npy","labels\dst3322_00022_20_boundary.png","labels\dst3322_00022_20_centerline.png","labels\dst3322_00022_20_color_layer.png","labels\dst3322_00022_20_path_order.npy","previews\dst3322_00022_20_path_order_preview.png","labels\dst3322_00022_20_stitch_type_heuristic.png","labels\dst3322_00022_20_entry_exit_keypoints.json","previews\dst3322_00022_20_entry_exit_preview.png","previews\dst3322_00022_20_direction_axis_preview.png","external/raw_embroidery/20.dst","5614","20202","0.308258","0.196796","0.580042","94.0","55.7","1.687612","0.412281","weak_direction_label","train","False","labels\dst3322_00022_20_axis_valid_mask.png","labels\dst3322_00022_20_cleaned_color_layer.png","previews\dst3322_00022_20_cleaned_color_layer_preview.png","labels\dst3322_00022_20_segment_id_map.npy","labels\dst3322_00022_20_endpoint_heatmap.npy","graphs\dst3322_00022_20_entry_exit_per_segment.json","graphs\dst3322_00022_20_path_graph.json","previews\dst3322_00022_20_geometry_graph_preview.png","8484","0.419958","3","6","4","color_islands_cleaned|weak_direction_label"
"dst3322_00023_0807","train","train","train","080","dst_rendered","images\dst3322_00023_0807.png","labels\dst3322_00023_0807_mask.png","labels\dst3322_00023_0807_density.npy","labels\dst3322_00023_0807_direction_xy.npy","labels\dst3322_00023_0807_direction_axis.npy","labels\dst3322_00023_0807_direction_confidence.npy","labels\dst3322_00023_0807_boundary.png","labels\dst3322_00023_0807_centerline.png","labels\dst3322_00023_0807_color_layer.png","labels\dst3322_00023_0807_path_order.npy","previews\dst3322_00023_0807_path_order_preview.png","labels\dst3322_00023_0807_stitch_type_heuristic.png","labels\dst3322_00023_0807_entry_exit_keypoints.json","previews\dst3322_00023_0807_entry_exit_preview.png","previews\dst3322_00023_0807_direction_axis_preview.png","external/raw_embroidery/0807.dst","15921","27652","0.421936","0.146969","0.719478","84.3","114.2","1.354686","0.500877","weak_direction_label","train","False","labels\dst3322_00023_0807_axis_valid_mask.png","labels\dst3322_00023_0807_cleaned_color_layer.png","previews\dst3322_00023_0807_cleaned_color_layer_preview.png","labels\dst3322_00023_0807_segment_id_map.npy","labels\dst3322_00023_0807_endpoint_heatmap.npy","graphs\dst3322_00023_0807_entry_exit_per_segment.json","graphs\dst3322_00023_0807_path_graph.json","previews\dst3322_00023_0807_geometry_graph_preview.png","7757","0.280522","34","136","148","color_islands_cleaned|weak_direction_label"
"dst3322_00024_ANIW1023","train","test","ood_test","ANIW","dst_rendered","images\dst3322_00024_ANIW1023.png","labels\dst3322_00024_ANIW1023_mask.png","labels\dst3322_00024_ANIW1023_density.npy","labels\dst3322_00024_ANIW1023_direction_xy.npy","labels\dst3322_00024_ANIW1023_direction_axis.npy","labels\dst3322_00024_ANIW1023_direction_confidence.npy","labels\dst3322_00024_ANIW1023_boundary.png","labels\dst3322_00024_ANIW1023_centerline.png","labels\dst3322_00024_ANIW1023_color_layer.png","labels\dst3322_00024_ANIW1023_path_order.npy","previews\dst3322_00024_ANIW1023_path_order_preview.png","labels\dst3322_00024_ANIW1023_stitch_type_heuristic.png","labels\dst3322_00024_ANIW1023_entry_exit_keypoints.json","previews\dst3322_00024_ANIW1023_entry_exit_preview.png","previews\dst3322_00024_ANIW1023_direction_axis_preview.png","external/raw_embroidery/ANIW1023.DST","3917","20410","0.311432","0.209308","0.537727","51.8","34.3","1.510204","0.227193","weak_direction_label","train","False","labels\dst3322_00024_ANIW1023_axis_valid_mask.png","labels\dst3322_00024_ANIW1023_cleaned_color_layer.png","previews\dst3322_00024_ANIW1023_cleaned_color_layer_preview.png","labels\dst3322_00024_ANIW1023_segment_id_map.npy","labels\dst3322_00024_ANIW1023_endpoint_heatmap.npy","graphs\dst3322_00024_ANIW1023_entry_exit_per_segment.json","graphs\dst3322_00024_ANIW1023_path_graph.json","previews\dst3322_00024_ANIW1023_geometry_graph_preview.png","9435","0.462273","27","108","106","color_islands_cleaned|weak_direction_label"
"dst3322_00025_D1856","train","train","train","D","dst_rendered","images\dst3322_00025_D1856.png","labels\dst3322_00025_D1856_mask.png","labels\dst3322_00025_D1856_density.npy","labels\dst3322_00025_D1856_direction_xy.npy","labels\dst3322_00025_D1856_direction_axis.npy","labels\dst3322_00025_D1856_direction_confidence.npy","labels\dst3322_00025_D1856_boundary.png","labels\dst3322_00025_D1856_centerline.png","labels\dst3322_00025_D1856_color_layer.png","labels\dst3322_00025_D1856_path_order.npy","previews\dst3322_00025_D1856_path_order_preview.png","labels\dst3322_00025_D1856_stitch_type_heuristic.png","labels\dst3322_00025_D1856_entry_exit_keypoints.json","previews\dst3322_00025_D1856_entry_exit_preview.png","previews\dst3322_00025_D1856_direction_axis_preview.png","external/raw_embroidery/D1856.dst","19517","14628","0.223206","0.107394","0.848031","236.0","139.0","1.697842","1.035088","weak_direction_label","val","True","labels\dst3322_00025_D1856_axis_valid_mask.png","labels\dst3322_00025_D1856_cleaned_color_layer.png","previews\dst3322_00025_D1856_cleaned_color_layer_preview.png","labels\dst3322_00025_D1856_segment_id_map.npy","labels\dst3322_00025_D1856_endpoint_heatmap.npy","graphs\dst3322_00025_D1856_entry_exit_per_segment.json","graphs\dst3322_00025_D1856_path_graph.json","previews\dst3322_00025_D1856_geometry_graph_preview.png","2223","0.151969","128","512","285","color_islands_cleaned|weak_direction_label"
"dst3322_00026_d3134","train","val","ood_test","d","dst_rendered","images\dst3322_00026_d3134.png","labels\dst3322_00026_d3134_mask.png","labels\dst3322_00026_d3134_density.npy","labels\dst3322_00026_d3134_direction_xy.npy","labels\dst3322_00026_d3134_direction_axis.npy","labels\dst3322_00026_d3134_direction_confidence.npy","labels\dst3322_00026_d3134_boundary.png","labels\dst3322_00026_d3134_centerline.png","labels\dst3322_00026_d3134_color_layer.png","labels\dst3322_00026_d3134_path_order.npy","previews\dst3322_00026_d3134_path_order_preview.png","labels\dst3322_00026_d3134_stitch_type_heuristic.png","labels\dst3322_00026_d3134_entry_exit_keypoints.json","previews\dst3322_00026_d3134_entry_exit_preview.png","previews\dst3322_00026_d3134_direction_axis_preview.png","external/raw_embroidery/d3134.dst","4642","18453","0.28157","0.180182","0.620441","92.4","93.7","1.014069","0.410965","weak_direction_label","train","False","labels\dst3322_00026_d3134_axis_valid_mask.png","labels\dst3322_00026_d3134_cleaned_color_layer.png","previews\dst3322_00026_d3134_cleaned_color_layer_preview.png","labels\dst3322_00026_d3134_segment_id_map.npy","labels\dst3322_00026_d3134_endpoint_heatmap.npy","graphs\dst3322_00026_d3134_entry_exit_per_segment.json","graphs\dst3322_00026_d3134_path_graph.json","previews\dst3322_00026_d3134_geometry_graph_preview.png","7004","0.379559","54","216","221","color_islands_cleaned|weak_direction_label"
"dst3322_00027_PLFL4021","train","train","train","PLFL","dst_rendered","images\dst3322_00027_PLFL4021.png","labels\dst3322_00027_PLFL4021_mask.png","labels\dst3322_00027_PLFL4021_density.npy","labels\dst3322_00027_PLFL4021_direction_xy.npy","labels\dst3322_00027_PLFL4021_direction_axis.npy","labels\dst3322_00027_PLFL4021_direction_confidence.npy","labels\dst3322_00027_PLFL4021_boundary.png","labels\dst3322_00027_PLFL4021_centerline.png","labels\dst3322_00027_PLFL4021_color_layer.png","labels\dst3322_00027_PLFL4021_path_order.npy","previews\dst3322_00027_PLFL4021_path_order_preview.png","labels\dst3322_00027_PLFL4021_stitch_type_heuristic.png","labels\dst3322_00027_PLFL4021_entry_exit_keypoints.json","previews\dst3322_00027_PLFL4021_entry_exit_preview.png","previews\dst3322_00027_PLFL4021_direction_axis_preview.png","external/raw_embroidery/PLFL4021.dst","34113","29104","0.444092","0.119449","0.847719","152.4","132.8","1.14759","0.668421","weak_direction_label|high_complexity","train","False","labels\dst3322_00027_PLFL4021_axis_valid_mask.png","labels\dst3322_00027_PLFL4021_cleaned_color_layer.png","previews\dst3322_00027_PLFL4021_cleaned_color_layer_preview.png","labels\dst3322_00027_PLFL4021_segment_id_map.npy","labels\dst3322_00027_PLFL4021_endpoint_heatmap.npy","graphs\dst3322_00027_PLFL4021_entry_exit_per_segment.json","graphs\dst3322_00027_PLFL4021_path_graph.json","previews\dst3322_00027_PLFL4021_geometry_graph_preview.png","4432","0.152281","7","28","7","color_islands_cleaned|high_complexity|weak_direction_label"
"dst3322_00028_D1873","train","test","train","D","dst_rendered","images\dst3322_00028_D1873.png","labels\dst3322_00028_D1873_mask.png","labels\dst3322_00028_D1873_density.npy","labels\dst3322_00028_D1873_direction_xy.npy","labels\dst3322_00028_D1873_direction_axis.npy","labels\dst3322_00028_D1873_direction_confidence.npy","labels\dst3322_00028_D1873_boundary.png","labels\dst3322_00028_D1873_centerline.png","labels\dst3322_00028_D1873_color_layer.png","labels\dst3322_00028_D1873_path_order.npy","previews\dst3322_00028_D1873_path_order_preview.png","labels\dst3322_00028_D1873_stitch_type_heuristic.png","labels\dst3322_00028_D1873_entry_exit_keypoints.json","previews\dst3322_00028_D1873_entry_exit_preview.png","previews\dst3322_00028_D1873_direction_axis_preview.png","external/raw_embroidery/D1873.dst","4928","4556","0.069519","0.124013","0.839113","165.0","255.4","1.547879","1.120175","sparse_mask|weak_direction_label","train","False","labels\dst3322_00028_D1873_axis_valid_mask.png","labels\dst3322_00028_D1873_cleaned_color_layer.png","previews\dst3322_00028_D1873_cleaned_color_layer_preview.png","labels\dst3322_00028_D1873_segment_id_map.npy","labels\dst3322_00028_D1873_endpoint_heatmap.npy","graphs\dst3322_00028_D1873_entry_exit_per_segment.json","graphs\dst3322_00028_D1873_path_graph.json","previews\dst3322_00028_D1873_geometry_graph_preview.png","733","0.160887","14","56","10","color_islands_cleaned|sparse_mask|weak_direction_label"
"dst3322_00029_BADG3013","train","train","train","BADG","dst_rendered","images\dst3322_00029_BADG3013.png","labels\dst3322_00029_BADG3013_mask.png","labels\dst3322_00029_BADG3013_density.npy","labels\dst3322_00029_BADG3013_direction_xy.npy","labels\dst3322_00029_BADG3013_direction_axis.npy","labels\dst3322_00029_BADG3013_direction_confidence.npy","labels\dst3322_00029_BADG3013_boundary.png","labels\dst3322_00029_BADG3013_centerline.png","labels\dst3322_00029_BADG3013_color_layer.png","labels\dst3322_00029_BADG3013_path_order.npy","previews\dst3322_00029_BADG3013_path_order_preview.png","labels\dst3322_00029_BADG3013_stitch_type_heuristic.png","labels\dst3322_00029_BADG3013_entry_exit_keypoints.json","previews\dst3322_00029_BADG3013_entry_exit_preview.png","previews\dst3322_00029_BADG3013_direction_axis_preview.png","external/raw_embroidery/BADG3013.DST","12196","30365","0.463333","0.206587","0.54194","56.7","74.3","1.310406","0.325877","weak_direction_label","train","False","labels\dst3322_00029_BADG3013_axis_valid_mask.png","labels\dst3322_00029_BADG3013_cleaned_color_layer.png","previews\dst3322_00029_BADG3013_cleaned_color_layer_preview.png","labels\dst3322_00029_BADG3013_segment_id_map.npy","labels\dst3322_00029_BADG3013_endpoint_heatmap.npy","graphs\dst3322_00029_BADG3013_entry_exit_per_segment.json","graphs\dst3322_00029_BADG3013_path_graph.json","previews\dst3322_00029_BADG3013_geometry_graph_preview.png","13909","0.45806","20","80","102","color_islands_cleaned|weak_direction_label"
"dst3322_00030_1019","train","train","train","101","dst_rendered","images\dst3322_00030_1019.png","labels\dst3322_00030_1019_mask.png","labels\dst3322_00030_1019_density.npy","labels\dst3322_00030_1019_direction_xy.npy","labels\dst3322_00030_1019_direction_axis.npy","labels\dst3322_00030_1019_direction_confidence.npy","labels\dst3322_00030_1019_boundary.png","labels\dst3322_00030_1019_centerline.png","labels\dst3322_00030_1019_color_layer.png","labels\dst3322_00030_1019_path_order.npy","previews\dst3322_00030_1019_path_order_preview.png","labels\dst3322_00030_1019_stitch_type_heuristic.png","labels\dst3322_00030_1019_entry_exit_keypoints.json","previews\dst3322_00030_1019_entry_exit_preview.png","previews\dst3322_00030_1019_direction_axis_preview.png","external/raw_embroidery/1019.dst","3152","10014","0.152802","0.235272","0.416816","94.7","99.4","1.04963","0.435965","","train","False","labels\dst3322_00030_1019_axis_valid_mask.png","labels\dst3322_00030_1019_cleaned_color_layer.png","previews\dst3322_00030_1019_cleaned_color_layer_preview.png","labels\dst3322_00030_1019_segment_id_map.npy","labels\dst3322_00030_1019_endpoint_heatmap.npy","graphs\dst3322_00030_1019_entry_exit_per_segment.json","graphs\dst3322_00030_1019_path_graph.json","previews\dst3322_00030_1019_geometry_graph_preview.png","5840","0.583184","2","2","0",""
"dst3322_00031_CHIB1016","train","train","train","CHIB","dst_rendered","images\dst3322_00031_CHIB1016.png","labels\dst3322_00031_CHIB1016_mask.png","labels\dst3322_00031_CHIB1016_density.npy","labels\dst3322_00031_CHIB1016_direction_xy.npy","labels\dst3322_00031_CHIB1016_direction_axis.npy","labels\dst3322_00031_CHIB1016_direction_confidence.npy","labels\dst3322_00031_CHIB1016_boundary.png","labels\dst3322_00031_CHIB1016_centerline.png","labels\dst3322_00031_CHIB1016_color_layer.png","labels\dst3322_00031_CHIB1016_path_order.npy","previews\dst3322_00031_CHIB1016_path_order_preview.png","labels\dst3322_00031_CHIB1016_stitch_type_heuristic.png","labels\dst3322_00031_CHIB1016_entry_exit_keypoints.json","previews\dst3322_00031_CHIB1016_entry_exit_preview.png","previews\dst3322_00031_CHIB1016_direction_axis_preview.png","external/raw_embroidery/CHIB1016.DST","4488","3654","0.055756","0.045917","0.999179","299.4","151.9","1.971034","1.313158","sparse_mask|weak_direction_label","val","True","labels\dst3322_00031_CHIB1016_axis_valid_mask.png","labels\dst3322_00031_CHIB1016_cleaned_color_layer.png","previews\dst3322_00031_CHIB1016_cleaned_color_layer_preview.png","labels\dst3322_00031_CHIB1016_segment_id_map.npy","labels\dst3322_00031_CHIB1016_endpoint_heatmap.npy","graphs\dst3322_00031_CHIB1016_entry_exit_per_segment.json","graphs\dst3322_00031_CHIB1016_path_graph.json","previews\dst3322_00031_CHIB1016_geometry_graph_preview.png","3","0.000821","1","0","0","low_axis_valid_coverage|sparse_mask|weak_direction_label"
"dst3322_00032_D2027","train","train","train","D","dst_rendered","images\dst3322_00032_D2027.png","labels\dst3322_00032_D2027_mask.png","labels\dst3322_00032_D2027_density.npy","labels\dst3322_00032_D2027_direction_xy.npy","labels\dst3322_00032_D2027_direction_axis.npy","labels\dst3322_00032_D2027_direction_confidence.npy","labels\dst3322_00032_D2027_boundary.png","labels\dst3322_00032_D2027_centerline.png","labels\dst3322_00032_D2027_color_layer.png","labels\dst3322_00032_D2027_path_order.npy","previews\dst3322_00032_D2027_path_order_preview.png","labels\dst3322_00032_D2027_stitch_type_heuristic.png","labels\dst3322_00032_D2027_entry_exit_keypoints.json","previews\dst3322_00032_D2027_entry_exit_preview.png","previews\dst3322_00032_D2027_direction_axis_preview.png","external/raw_embroidery/D2027.dst","5754","8909","0.135941","0.113611","0.891234","163.1","120.5","1.353527","0.715351","weak_direction_label","train","False","labels\dst3322_00032_D2027_axis_valid_mask.png","labels\dst3322_00032_D2027_cleaned_color_layer.png","previews\dst3322_00032_D2027_cleaned_color_layer_preview.png","labels\dst3322_00032_D2027_segment_id_map.npy","labels\dst3322_00032_D2027_endpoint_heatmap.npy","graphs\dst3322_00032_D2027_entry_exit_per_segment.json","graphs\dst3322_00032_D2027_path_graph.json","previews\dst3322_00032_D2027_geometry_graph_preview.png","969","0.108766","32","128","0","weak_direction_label"
"dst3322_00033_ANID2001","train","train","train","ANID","dst_rendered","images\dst3322_00033_ANID2001.png","labels\dst3322_00033_ANID2001_mask.png","labels\dst3322_00033_ANID2001_density.npy","labels\dst3322_00033_ANID2001_direction_xy.npy","labels\dst3322_00033_ANID2001_direction_axis.npy","labels\dst3322_00033_ANID2001_direction_confidence.npy","labels\dst3322_00033_ANID2001_boundary.png","labels\dst3322_00033_ANID2001_centerline.png","labels\dst3322_00033_ANID2001_color_layer.png","labels\dst3322_00033_ANID2001_path_order.npy","previews\dst3322_00033_ANID2001_path_order_preview.png","labels\dst3322_00033_ANID2001_stitch_type_heuristic.png","labels\dst3322_00033_ANID2001_entry_exit_keypoints.json","previews\dst3322_00033_ANID2001_entry_exit_preview.png","previews\dst3322_00033_ANID2001_direction_axis_preview.png","external/raw_embroidery/ANID2001.DST","3278","20918","0.319183","0.244593","0.466871","48.0","40.3","1.191067","0.210526","","train","False","labels\dst3322_00033_ANID2001_axis_valid_mask.png","labels\dst3322_00033_ANID2001_cleaned_color_layer.png","previews\dst3322_00033_ANID2001_cleaned_color_layer_preview.png","labels\dst3322_00033_ANID2001_segment_id_map.npy","labels\dst3322_00033_ANID2001_endpoint_heatmap.npy","graphs\dst3322_00033_ANID2001_entry_exit_per_segment.json","graphs\dst3322_00033_ANID2001_path_graph.json","previews\dst3322_00033_ANID2001_geometry_graph_preview.png","11152","0.533129","1","0","0",""
"dst3322_00034_ANIW1037","train","train","ood_test","ANIW","dst_rendered","images\dst3322_00034_ANIW1037.png","labels\dst3322_00034_ANIW1037_mask.png","labels\dst3322_00034_ANIW1037_density.npy","labels\dst3322_00034_ANIW1037_direction_xy.npy","labels\dst3322_00034_ANIW1037_direction_axis.npy","labels\dst3322_00034_ANIW1037_direction_confidence.npy","labels\dst3322_00034_ANIW1037_boundary.png","labels\dst3322_00034_ANIW1037_centerline.png","labels\dst3322_00034_ANIW1037_color_layer.png","labels\dst3322_00034_ANIW1037_path_order.npy","previews\dst3322_00034_ANIW1037_path_order_preview.png","labels\dst3322_00034_ANIW1037_stitch_type_heuristic.png","labels\dst3322_00034_ANIW1037_entry_exit_keypoints.json","previews\dst3322_00034_ANIW1037_entry_exit_preview.png","previews\dst3322_00034_ANIW1037_direction_axis_preview.png","external/raw_embroidery/ANIW1037.DST","15168","26162","0.3992","0.140693","0.772838","134.6","169.7","1.260773","0.744298","weak_direction_label","train","False","labels\dst3322_00034_ANIW1037_axis_valid_mask.png","labels\dst3322_00034_ANIW1037_cleaned_color_layer.png","previews\dst3322_00034_ANIW1037_cleaned_color_layer_preview.png","labels\dst3322_00034_ANIW1037_segment_id_map.npy","labels\dst3322_00034_ANIW1037_endpoint_heatmap.npy","graphs\dst3322_00034_ANIW1037_entry_exit_per_segment.json","graphs\dst3322_00034_ANIW1037_path_graph.json","previews\dst3322_00034_ANIW1037_geometry_graph_preview.png","5943","0.227162","58","232","142","color_islands_cleaned|weak_direction_label"
"dst3322_00035_1016","train","train","train","101","dst_rendered","images\dst3322_00035_1016.png","labels\dst3322_00035_1016_mask.png","labels\dst3322_00035_1016_density.npy","labels\dst3322_00035_1016_direction_xy.npy","labels\dst3322_00035_1016_direction_axis.npy","labels\dst3322_00035_1016_direction_confidence.npy","labels\dst3322_00035_1016_boundary.png","labels\dst3322_00035_1016_centerline.png","labels\dst3322_00035_1016_color_layer.png","labels\dst3322_00035_1016_path_order.npy","previews\dst3322_00035_1016_path_order_preview.png","labels\dst3322_00035_1016_stitch_type_heuristic.png","labels\dst3322_00035_1016_entry_exit_keypoints.json","previews\dst3322_00035_1016_entry_exit_preview.png","previews\dst3322_00035_1016_direction_axis_preview.png","external/raw_embroidery/1016.dst","2865","10335","0.1577","0.200504","0.495791","94.2","97.9","1.039278","0.429386","","train","False","labels\dst3322_00035_1016_axis_valid_mask.png","labels\dst3322_00035_1016_cleaned_color_layer.png","previews\dst3322_00035_1016_cleaned_color_layer_preview.png","labels\dst3322_00035_1016_segment_id_map.npy","labels\dst3322_00035_1016_endpoint_heatmap.npy","graphs\dst3322_00035_1016_entry_exit_per_segment.json","graphs\dst3322_00035_1016_path_graph.json","previews\dst3322_00035_1016_geometry_graph_preview.png","5211","0.504209","2","2","0",""
"dst3322_00036_EMF8B48","train","train","train","EMF","dst_rendered","images\dst3322_00036_EMF8B48.png","labels\dst3322_00036_EMF8B48_mask.png","labels\dst3322_00036_EMF8B48_density.npy","labels\dst3322_00036_EMF8B48_direction_xy.npy","labels\dst3322_00036_EMF8B48_direction_axis.npy","labels\dst3322_00036_EMF8B48_direction_confidence.npy","labels\dst3322_00036_EMF8B48_boundary.png","labels\dst3322_00036_EMF8B48_centerline.png","labels\dst3322_00036_EMF8B48_color_layer.png","labels\dst3322_00036_EMF8B48_path_order.npy","previews\dst3322_00036_EMF8B48_path_order_preview.png","labels\dst3322_00036_EMF8B48_stitch_type_heuristic.png","labels\dst3322_00036_EMF8B48_entry_exit_keypoints.json","previews\dst3322_00036_EMF8B48_entry_exit_preview.png","previews\dst3322_00036_EMF8B48_direction_axis_preview.png","external/raw_embroidery/EMF8B48.dst","8452","10613","0.161942","0.124467","0.877414","214.3","177.2","1.209368","0.939912","weak_direction_label","train","False","labels\dst3322_00036_EMF8B48_axis_valid_mask.png","labels\dst3322_00036_EMF8B48_cleaned_color_layer.png","previews\dst3322_00036_EMF8B48_cleaned_color_layer_preview.png","labels\dst3322_00036_EMF8B48_segment_id_map.npy","labels\dst3322_00036_EMF8B48_endpoint_heatmap.npy","graphs\dst3322_00036_EMF8B48_entry_exit_per_segment.json","graphs\dst3322_00036_EMF8B48_path_graph.json","previews\dst3322_00036_EMF8B48_geometry_graph_preview.png","1301","0.122586","20","80","4","color_islands_cleaned|weak_direction_label"
"dst3322_00037_BORF2016","train","val","train","BORF","dst_rendered","images\dst3322_00037_BORF2016.png","labels\dst3322_00037_BORF2016_mask.png","labels\dst3322_00037_BORF2016_density.npy","labels\dst3322_00037_BORF2016_direction_xy.npy","labels\dst3322_00037_BORF2016_direction_axis.npy","labels\dst3322_00037_BORF2016_direction_confidence.npy","labels\dst3322_00037_BORF2016_boundary.png","labels\dst3322_00037_BORF2016_centerline.png","labels\dst3322_00037_BORF2016_color_layer.png","labels\dst3322_00037_BORF2016_path_order.npy","previews\dst3322_00037_BORF2016_path_order_preview.png","labels\dst3322_00037_BORF2016_stitch_type_heuristic.png","labels\dst3322_00037_BORF2016_entry_exit_keypoints.json","previews\dst3322_00037_BORF2016_entry_exit_preview.png","previews\dst3322_00037_BORF2016_direction_axis_preview.png","external/raw_embroidery/BORF2016.DST","1331","6130","0.093536","0.109857","0.841599","30.0","90.7","3.023333","0.397807","sparse_mask|weak_direction_label","test","True","labels\dst3322_00037_BORF2016_axis_valid_mask.png","labels\dst3322_00037_BORF2016_cleaned_color_layer.png","previews\dst3322_00037_BORF2016_cleaned_color_layer_preview.png","labels\dst3322_00037_BORF2016_segment_id_map.npy","labels\dst3322_00037_BORF2016_endpoint_heatmap.npy","graphs\dst3322_00037_BORF2016_entry_exit_per_segment.json","graphs\dst3322_00037_BORF2016_path_graph.json","previews\dst3322_00037_BORF2016_geometry_graph_preview.png","971","0.158401","1","0","0","sparse_mask|weak_direction_label"
"dst3322_00038_BOSP2018","train","train","train","BOSP","dst_rendered","images\dst3322_00038_BOSP2018.png","labels\dst3322_00038_BOSP2018_mask.png","labels\dst3322_00038_BOSP2018_density.npy","labels\dst3322_00038_BOSP2018_direction_xy.npy","labels\dst3322_00038_BOSP2018_direction_axis.npy","labels\dst3322_00038_BOSP2018_direction_confidence.npy","labels\dst3322_00038_BOSP2018_boundary.png","labels\dst3322_00038_BOSP2018_centerline.png","labels\dst3322_00038_BOSP2018_color_layer.png","labels\dst3322_00038_BOSP2018_path_order.npy","previews\dst3322_00038_BOSP2018_path_order_preview.png","labels\dst3322_00038_BOSP2018_stitch_type_heuristic.png","labels\dst3322_00038_BOSP2018_entry_exit_keypoints.json","previews\dst3322_00038_BOSP2018_entry_exit_preview.png","previews\dst3322_00038_BOSP2018_direction_axis_preview.png","external/raw_embroidery/BOSP2018.DST","1333","9784","0.149292","0.115837","0.800388","68.5","86.0","1.255474","0.377193","weak_direction_label","train","False","labels\dst3322_00038_BOSP2018_axis_valid_mask.png","labels\dst3322_00038_BOSP2018_cleaned_color_layer.png","previews\dst3322_00038_BOSP2018_cleaned_color_layer_preview.png","labels\dst3322_00038_BOSP2018_segment_id_map.npy","labels\dst3322_00038_BOSP2018_endpoint_heatmap.npy","graphs\dst3322_00038_BOSP2018_entry_exit_per_segment.json","graphs\dst3322_00038_BOSP2018_path_graph.json","previews\dst3322_00038_BOSP2018_geometry_graph_preview.png","1953","0.199612","2","2","0","weak_direction_label"
"dst3322_00039_d2663","train","test","ood_test","d","dst_rendered","images\dst3322_00039_d2663.png","labels\dst3322_00039_d2663_mask.png","labels\dst3322_00039_d2663_density.npy","labels\dst3322_00039_d2663_direction_xy.npy","labels\dst3322_00039_d2663_direction_axis.npy","labels\dst3322_00039_d2663_direction_confidence.npy","labels\dst3322_00039_d2663_boundary.png","labels\dst3322_00039_d2663_centerline.png","labels\dst3322_00039_d2663_color_layer.png","labels\dst3322_00039_d2663_path_order.npy","previews\dst3322_00039_d2663_path_order_preview.png","labels\dst3322_00039_d2663_stitch_type_heuristic.png","labels\dst3322_00039_d2663_entry_exit_keypoints.json","previews\dst3322_00039_d2663_entry_exit_preview.png","previews\dst3322_00039_d2663_direction_axis_preview.png","external/raw_embroidery/d2663.dst","7876","3895","0.059433","0.10503","0.927343","220.3","335.0","1.520654","1.469298","sparse_mask|weak_direction_label","test","True","labels\dst3322_00039_d2663_axis_valid_mask.png","labels\dst3322_00039_d2663_cleaned_color_layer.png","previews\dst3322_00039_d2663_cleaned_color_layer_preview.png","labels\dst3322_00039_d2663_segment_id_map.npy","labels\dst3322_00039_d2663_endpoint_heatmap.npy","graphs\dst3322_00039_d2663_entry_exit_per_segment.json","graphs\dst3322_00039_d2663_path_graph.json","previews\dst3322_00039_d2663_geometry_graph_preview.png","283","0.072657","26","104","17","color_islands_cleaned|sparse_mask|weak_direction_label"
"dst3322_00040_PLFL1060","train","train","train","PLFL","dst_rendered","images\dst3322_00040_PLFL1060.png","labels\dst3322_00040_PLFL1060_mask.png","labels\dst3322_00040_PLFL1060_density.npy","labels\dst3322_00040_PLFL1060_direction_xy.npy","labels\dst3322_00040_PLFL1060_direction_axis.npy","labels\dst3322_00040_PLFL1060_direction_confidence.npy","labels\dst3322_00040_PLFL1060_boundary.png","labels\dst3322_00040_PLFL1060_centerline.png","labels\dst3322_00040_PLFL1060_color_layer.png","labels\dst3322_00040_PLFL1060_path_order.npy","previews\dst3322_00040_PLFL1060_path_order_preview.png","labels\dst3322_00040_PLFL1060_stitch_type_heuristic.png","labels\dst3322_00040_PLFL1060_entry_exit_keypoints.json","previews\dst3322_00040_PLFL1060_entry_exit_preview.png","previews\dst3322_00040_PLFL1060_direction_axis_preview.png","external/raw_embroidery/PLFL1060.DST","4930","22266","0.339752","0.194971","0.599479","57.0","45.4","1.255507","0.25","weak_direction_label","train","False","labels\dst3322_00040_PLFL1060_axis_valid_mask.png","labels\dst3322_00040_PLFL1060_cleaned_color_layer.png","previews\dst3322_00040_PLFL1060_cleaned_color_layer_preview.png","labels\dst3322_00040_PLFL1060_segment_id_map.npy","labels\dst3322_00040_PLFL1060_endpoint_heatmap.npy","graphs\dst3322_00040_PLFL1060_entry_exit_per_segment.json","graphs\dst3322_00040_PLFL1060_path_graph.json","previews\dst3322_00040_PLFL1060_geometry_graph_preview.png","8918","0.400521","15","60","144","color_islands_cleaned|weak_direction_label"
"dst3322_00041_ZL0603","train","train","train","老鹰Z","dst_rendered","images\dst3322_00041_ZL0603.png","labels\dst3322_00041_ZL0603_mask.png","labels\dst3322_00041_ZL0603_density.npy","labels\dst3322_00041_ZL0603_direction_xy.npy","labels\dst3322_00041_ZL0603_direction_axis.npy","labels\dst3322_00041_ZL0603_direction_confidence.npy","labels\dst3322_00041_ZL0603_boundary.png","labels\dst3322_00041_ZL0603_centerline.png","labels\dst3322_00041_ZL0603_color_layer.png","labels\dst3322_00041_ZL0603_path_order.npy","previews\dst3322_00041_ZL0603_path_order_preview.png","labels\dst3322_00041_ZL0603_stitch_type_heuristic.png","labels\dst3322_00041_ZL0603_entry_exit_keypoints.json","previews\dst3322_00041_ZL0603_entry_exit_preview.png","previews\dst3322_00041_ZL0603_direction_axis_preview.png","external/raw_embroidery/老鹰ZL0603.DST","14745","14252","0.217468","0.118142","0.87714","184.4","224.2","1.215835","0.983333","weak_direction_label","train","False","labels\dst3322_00041_ZL0603_axis_valid_mask.png","labels\dst3322_00041_ZL0603_cleaned_color_layer.png","previews\dst3322_00041_ZL0603_cleaned_color_layer_preview.png","labels\dst3322_00041_ZL0603_segment_id_map.npy","labels\dst3322_00041_ZL0603_endpoint_heatmap.npy","graphs\dst3322_00041_ZL0603_entry_exit_per_segment.json","graphs\dst3322_00041_ZL0603_path_graph.json","previews\dst3322_00041_ZL0603_geometry_graph_preview.png","1751","0.12286","29","116","177","color_islands_cleaned|weak_direction_label"
"dst3322_00042_e960","train","train","ood_val","e","dst_rendered","images\dst3322_00042_e960.png","labels\dst3322_00042_e960_mask.png","labels\dst3322_00042_e960_density.npy","labels\dst3322_00042_e960_direction_xy.npy","labels\dst3322_00042_e960_direction_axis.npy","labels\dst3322_00042_e960_direction_confidence.npy","labels\dst3322_00042_e960_boundary.png","labels\dst3322_00042_e960_centerline.png","labels\dst3322_00042_e960_color_layer.png","labels\dst3322_00042_e960_path_order.npy","previews\dst3322_00042_e960_path_order_preview.png","labels\dst3322_00042_e960_stitch_type_heuristic.png","labels\dst3322_00042_e960_entry_exit_keypoints.json","previews\dst3322_00042_e960_entry_exit_preview.png","previews\dst3322_00042_e960_direction_axis_preview.png","external/raw_embroidery/e960.dst","3596","27536","0.420166","0.374903","0.297574","57.0","52.1","1.09405","0.25","","train","False","labels\dst3322_00042_e960_axis_valid_mask.png","labels\dst3322_00042_e960_cleaned_color_layer.png","previews\dst3322_00042_e960_cleaned_color_layer_preview.png","labels\dst3322_00042_e960_segment_id_map.npy","labels\dst3322_00042_e960_endpoint_heatmap.npy","graphs\dst3322_00042_e960_entry_exit_per_segment.json","graphs\dst3322_00042_e960_path_graph.json","previews\dst3322_00042_e960_geometry_graph_preview.png","19342","0.702426","92","368","266","color_islands_cleaned"
"dst3322_00043_EMF8B4F","train","train","train","EMF","dst_rendered","images\dst3322_00043_EMF8B4F.png","labels\dst3322_00043_EMF8B4F_mask.png","labels\dst3322_00043_EMF8B4F_density.npy","labels\dst3322_00043_EMF8B4F_direction_xy.npy","labels\dst3322_00043_EMF8B4F_direction_axis.npy","labels\dst3322_00043_EMF8B4F_direction_confidence.npy","labels\dst3322_00043_EMF8B4F_boundary.png","labels\dst3322_00043_EMF8B4F_centerline.png","labels\dst3322_00043_EMF8B4F_color_layer.png","labels\dst3322_00043_EMF8B4F_path_order.npy","previews\dst3322_00043_EMF8B4F_path_order_preview.png","labels\dst3322_00043_EMF8B4F_stitch_type_heuristic.png","labels\dst3322_00043_EMF8B4F_entry_exit_keypoints.json","previews\dst3322_00043_EMF8B4F_entry_exit_preview.png","previews\dst3322_00043_EMF8B4F_direction_axis_preview.png","external/raw_embroidery/EMF8B4F.dst","5644","16301","0.248734","0.229622","0.508803","120.7","114.9","1.050479","0.529386","weak_direction_label","train","False","labels\dst3322_00043_EMF8B4F_axis_valid_mask.png","labels\dst3322_00043_EMF8B4F_cleaned_color_layer.png","previews\dst3322_00043_EMF8B4F_cleaned_color_layer_preview.png","labels\dst3322_00043_EMF8B4F_segment_id_map.npy","labels\dst3322_00043_EMF8B4F_endpoint_heatmap.npy","graphs\dst3322_00043_EMF8B4F_entry_exit_per_segment.json","graphs\dst3322_00043_EMF8B4F_path_graph.json","previews\dst3322_00043_EMF8B4F_geometry_graph_preview.png","8007","0.491197","34","136","418","color_islands_cleaned|weak_direction_label"
"dst3322_00044_Bord4024","train","train","ood_val","Bord","dst_rendered","images\dst3322_00044_Bord4024.png","labels\dst3322_00044_Bord4024_mask.png","labels\dst3322_00044_Bord4024_density.npy","labels\dst3322_00044_Bord4024_direction_xy.npy","labels\dst3322_00044_Bord4024_direction_axis.npy","labels\dst3322_00044_Bord4024_direction_confidence.npy","labels\dst3322_00044_Bord4024_boundary.png","labels\dst3322_00044_Bord4024_centerline.png","labels\dst3322_00044_Bord4024_color_layer.png","labels\dst3322_00044_Bord4024_path_order.npy","previews\dst3322_00044_Bord4024_path_order_preview.png","labels\dst3322_00044_Bord4024_stitch_type_heuristic.png","labels\dst3322_00044_Bord4024_entry_exit_keypoints.json","previews\dst3322_00044_Bord4024_entry_exit_preview.png","previews\dst3322_00044_Bord4024_direction_axis_preview.png","external/raw_embroidery/Bord4024.dst","5231","5524","0.08429","0.775983","0.009957","151.1","114.2","1.323117","0.662719","sparse_mask","train","False","labels\dst3322_00044_Bord4024_axis_valid_mask.png","labels\dst3322_00044_Bord4024_cleaned_color_layer.png","previews\dst3322_00044_Bord4024_cleaned_color_layer_preview.png","labels\dst3322_00044_Bord4024_segment_id_map.npy","labels\dst3322_00044_Bord4024_endpoint_heatmap.npy","graphs\dst3322_00044_Bord4024_entry_exit_per_segment.json","graphs\dst3322_00044_Bord4024_path_graph.json","previews\dst3322_00044_Bord4024_geometry_graph_preview.png","5469","0.990043","1","0","0","sparse_mask"
"dst3322_00045_ANIJ3021","train","val","train","ANIJ","dst_rendered","images\dst3322_00045_ANIJ3021.png","labels\dst3322_00045_ANIJ3021_mask.png","labels\dst3322_00045_ANIJ3021_density.npy","labels\dst3322_00045_ANIJ3021_direction_xy.npy","labels\dst3322_00045_ANIJ3021_direction_axis.npy","labels\dst3322_00045_ANIJ3021_direction_confidence.npy","labels\dst3322_00045_ANIJ3021_boundary.png","labels\dst3322_00045_ANIJ3021_centerline.png","labels\dst3322_00045_ANIJ3021_color_layer.png","labels\dst3322_00045_ANIJ3021_path_order.npy","previews\dst3322_00045_ANIJ3021_path_order_preview.png","labels\dst3322_00045_ANIJ3021_stitch_type_heuristic.png","labels\dst3322_00045_ANIJ3021_entry_exit_keypoints.json","previews\dst3322_00045_ANIJ3021_entry_exit_preview.png","previews\dst3322_00045_ANIJ3021_direction_axis_preview.png","external/raw_embroidery/ANIJ3021.DST","8856","19214","0.293182","0.218658","0.686375","88.7","72.2","1.228532","0.389035","weak_direction_label","train","False","labels\dst3322_00045_ANIJ3021_axis_valid_mask.png","labels\dst3322_00045_ANIJ3021_cleaned_color_layer.png","previews\dst3322_00045_ANIJ3021_cleaned_color_layer_preview.png","labels\dst3322_00045_ANIJ3021_segment_id_map.npy","labels\dst3322_00045_ANIJ3021_endpoint_heatmap.npy","graphs\dst3322_00045_ANIJ3021_entry_exit_per_segment.json","graphs\dst3322_00045_ANIJ3021_path_graph.json","previews\dst3322_00045_ANIJ3021_geometry_graph_preview.png","6026","0.313625","30","120","128","color_islands_cleaned|weak_direction_label"
"dst3322_00046_C865","train","train","train","C","dst_rendered","images\dst3322_00046_C865.png","labels\dst3322_00046_C865_mask.png","labels\dst3322_00046_C865_density.npy","labels\dst3322_00046_C865_direction_xy.npy","labels\dst3322_00046_C865_direction_axis.npy","labels\dst3322_00046_C865_direction_confidence.npy","labels\dst3322_00046_C865_boundary.png","labels\dst3322_00046_C865_centerline.png","labels\dst3322_00046_C865_color_layer.png","labels\dst3322_00046_C865_path_order.npy","previews\dst3322_00046_C865_path_order_preview.png","labels\dst3322_00046_C865_stitch_type_heuristic.png","labels\dst3322_00046_C865_entry_exit_keypoints.json","previews\dst3322_00046_C865_entry_exit_preview.png","previews\dst3322_00046_C865_direction_axis_preview.png","external/raw_embroidery/C865.DST","4219","11027","0.168259","0.142298","0.82171","122.0","60.4","2.019868","0.535088","weak_direction_label","train","False","labels\dst3322_00046_C865_axis_valid_mask.png","labels\dst3322_00046_C865_cleaned_color_layer.png","previews\dst3322_00046_C865_cleaned_color_layer_preview.png","labels\dst3322_00046_C865_segment_id_map.npy","labels\dst3322_00046_C865_endpoint_heatmap.npy","graphs\dst3322_00046_C865_entry_exit_per_segment.json","graphs\dst3322_00046_C865_path_graph.json","previews\dst3322_00046_C865_geometry_graph_preview.png","1966","0.17829","2","2","0","weak_direction_label"
"dst3322_00047_1009","train","train","train","100","dst_rendered","images\dst3322_00047_1009.png","labels\dst3322_00047_1009_mask.png","labels\dst3322_00047_1009_density.npy","labels\dst3322_00047_1009_direction_xy.npy","labels\dst3322_00047_1009_direction_axis.npy","labels\dst3322_00047_1009_direction_confidence.npy","labels\dst3322_00047_1009_boundary.png","labels\dst3322_00047_1009_centerline.png","labels\dst3322_00047_1009_color_layer.png","labels\dst3322_00047_1009_path_order.npy","previews\dst3322_00047_1009_path_order_preview.png","labels\dst3322_00047_1009_stitch_type_heuristic.png","labels\dst3322_00047_1009_entry_exit_keypoints.json","previews\dst3322_00047_1009_entry_exit_preview.png","previews\dst3322_00047_1009_direction_axis_preview.png","external/raw_embroidery/1009.dst","17973","22643","0.345505","0.164714","0.66281","78.6","113.5","1.44402","0.497807","weak_direction_label","train","False","labels\dst3322_00047_1009_axis_valid_mask.png","labels\dst3322_00047_1009_cleaned_color_layer.png","previews\dst3322_00047_1009_cleaned_color_layer_preview.png","labels\dst3322_00047_1009_segment_id_map.npy","labels\dst3322_00047_1009_endpoint_heatmap.npy","graphs\dst3322_00047_1009_entry_exit_per_segment.json","graphs\dst3322_00047_1009_path_graph.json","previews\dst3322_00047_1009_geometry_graph_preview.png","7635","0.33719","36","144","168","color_islands_cleaned|weak_direction_label"
"dst3322_00048_d3061","train","train","ood_test","d","dst_rendered","images\dst3322_00048_d3061.png","labels\dst3322_00048_d3061_mask.png","labels\dst3322_00048_d3061_density.npy","labels\dst3322_00048_d3061_direction_xy.npy","labels\dst3322_00048_d3061_direction_axis.npy","labels\dst3322_00048_d3061_direction_confidence.npy","labels\dst3322_00048_d3061_boundary.png","labels\dst3322_00048_d3061_centerline.png","labels\dst3322_00048_d3061_color_layer.png","labels\dst3322_00048_d3061_path_order.npy","previews\dst3322_00048_d3061_path_order_preview.png","labels\dst3322_00048_d3061_stitch_type_heuristic.png","labels\dst3322_00048_d3061_entry_exit_keypoints.json","previews\dst3322_00048_d3061_entry_exit_preview.png","previews\dst3322_00048_d3061_direction_axis_preview.png","external/raw_embroidery/d3061.dst","4710","16440","0.250854","0.15704","0.735827","78.3","90.6","1.157088","0.397368","weak_direction_label","train","False","labels\dst3322_00048_d3061_axis_valid_mask.png","labels\dst3322_00048_d3061_cleaned_color_layer.png","previews\dst3322_00048_d3061_cleaned_color_layer_preview.png","labels\dst3322_00048_d3061_segment_id_map.npy","labels\dst3322_00048_d3061_endpoint_heatmap.npy","graphs\dst3322_00048_d3061_entry_exit_per_segment.json","graphs\dst3322_00048_d3061_path_graph.json","previews\dst3322_00048_d3061_geometry_graph_preview.png","4343","0.264173","28","112","12","color_islands_cleaned|weak_direction_label"
"dst3322_00049_PLFL1065","train","train","train","PLFL","dst_rendered","images\dst3322_00049_PLFL1065.png","labels\dst3322_00049_PLFL1065_mask.png","labels\dst3322_00049_PLFL1065_density.npy","labels\dst3322_00049_PLFL1065_direction_xy.npy","labels\dst3322_00049_PLFL1065_direction_axis.npy","labels\dst3322_00049_PLFL1065_direction_confidence.npy","labels\dst3322_00049_PLFL1065_boundary.png","labels\dst3322_00049_PLFL1065_centerline.png","labels\dst3322_00049_PLFL1065_color_layer.png","labels\dst3322_00049_PLFL1065_path_order.npy","previews\dst3322_00049_PLFL1065_path_order_preview.png","labels\dst3322_00049_PLFL1065_stitch_type_heuristic.png","labels\dst3322_00049_PLFL1065_entry_exit_keypoints.json","previews\dst3322_00049_PLFL1065_entry_exit_preview.png","previews\dst3322_00049_PLFL1065_direction_axis_preview.png","external/raw_embroidery/PLFL1065.DST","3184","6425","0.098038","0.105146","0.918911","44.8","95.1","2.122768","0.417105","sparse_mask|weak_direction_label","train","False","labels\dst3322_00049_PLFL1065_axis_valid_mask.png","labels\dst3322_00049_PLFL1065_cleaned_color_layer.png","previews\dst3322_00049_PLFL1065_cleaned_color_layer_preview.png","labels\dst3322_00049_PLFL1065_segment_id_map.npy","labels\dst3322_00049_PLFL1065_endpoint_heatmap.npy","graphs\dst3322_00049_PLFL1065_entry_exit_per_segment.json","graphs\dst3322_00049_PLFL1065_path_graph.json","previews\dst3322_00049_PLFL1065_geometry_graph_preview.png","521","0.081089","11","44","0","sparse_mask|weak_direction_label"
"dst3322_00050_0601","train","train","ood_test","060","dst_rendered","images\dst3322_00050_0601.png","labels\dst3322_00050_0601_mask.png","labels\dst3322_00050_0601_density.npy","labels\dst3322_00050_0601_direction_xy.npy","labels\dst3322_00050_0601_direction_axis.npy","labels\dst3322_00050_0601_direction_confidence.npy","labels\dst3322_00050_0601_boundary.png","labels\dst3322_00050_0601_centerline.png","labels\dst3322_00050_0601_color_layer.png","labels\dst3322_00050_0601_path_order.npy","previews\dst3322_00050_0601_path_order_preview.png","labels\dst3322_00050_0601_stitch_type_heuristic.png","labels\dst3322_00050_0601_entry_exit_keypoints.json","previews\dst3322_00050_0601_entry_exit_preview.png","previews\dst3322_00050_0601_direction_axis_preview.png","external/raw_embroidery/0601.dst","17077","31065","0.474014","0.195381","0.54196","81.5","99.3","1.218405","0.435526","weak_direction_label","train","False","labels\dst3322_00050_0601_axis_valid_mask.png","labels\dst3322_00050_0601_cleaned_color_layer.png","previews\dst3322_00050_0601_cleaned_color_layer_preview.png","labels\dst3322_00050_0601_segment_id_map.npy","labels\dst3322_00050_0601_endpoint_heatmap.npy","graphs\dst3322_00050_0601_entry_exit_per_segment.json","graphs\dst3322_00050_0601_path_graph.json","previews\dst3322_00050_0601_geometry_graph_preview.png","14229","0.45804","32","128","577","color_islands_cleaned|weak_direction_label"
"dst3322_00051_M6","train","train","ood_val","M","dst_rendered","images\dst3322_00051_M6.png","labels\dst3322_00051_M6_mask.png","labels\dst3322_00051_M6_density.npy","labels\dst3322_00051_M6_direction_xy.npy","labels\dst3322_00051_M6_direction_axis.npy","labels\dst3322_00051_M6_direction_confidence.npy","labels\dst3322_00051_M6_boundary.png","labels\dst3322_00051_M6_centerline.png","labels\dst3322_00051_M6_color_layer.png","labels\dst3322_00051_M6_path_order.npy","previews\dst3322_00051_M6_path_order_preview.png","labels\dst3322_00051_M6_stitch_type_heuristic.png","labels\dst3322_00051_M6_entry_exit_keypoints.json","previews\dst3322_00051_M6_entry_exit_preview.png","previews\dst3322_00051_M6_direction_axis_preview.png","external/raw_embroidery/M6.DST","1261","11726","0.178925","0.226744","0.459833","38.9","16.3","2.386503","0.170614","","train","False","labels\dst3322_00051_M6_axis_valid_mask.png","labels\dst3322_00051_M6_cleaned_color_layer.png","previews\dst3322_00051_M6_cleaned_color_layer_preview.png","labels\dst3322_00051_M6_segment_id_map.npy","labels\dst3322_00051_M6_endpoint_heatmap.npy","graphs\dst3322_00051_M6_entry_exit_per_segment.json","graphs\dst3322_00051_M6_path_graph.json","previews\dst3322_00051_M6_geometry_graph_preview.png","6334","0.540167","2","2","1","color_islands_cleaned"
"dst3322_00052_BADG3006","train","train","train","BADG","dst_rendered","images\dst3322_00052_BADG3006.png","labels\dst3322_00052_BADG3006_mask.png","labels\dst3322_00052_BADG3006_density.npy","labels\dst3322_00052_BADG3006_direction_xy.npy","labels\dst3322_00052_BADG3006_direction_axis.npy","labels\dst3322_00052_BADG3006_direction_confidence.npy","labels\dst3322_00052_BADG3006_boundary.png","labels\dst3322_00052_BADG3006_centerline.png","labels\dst3322_00052_BADG3006_color_layer.png","labels\dst3322_00052_BADG3006_path_order.npy","previews\dst3322_00052_BADG3006_path_order_preview.png","labels\dst3322_00052_BADG3006_stitch_type_heuristic.png","labels\dst3322_00052_BADG3006_entry_exit_keypoints.json","previews\dst3322_00052_BADG3006_entry_exit_preview.png","previews\dst3322_00052_BADG3006_direction_axis_preview.png","external/raw_embroidery/BADG3006.DST","10625","31903","0.486801","0.146977","0.768047","89.6","89.3","1.003359","0.392982","weak_direction_label","train","False","labels\dst3322_00052_BADG3006_axis_valid_mask.png","labels\dst3322_00052_BADG3006_cleaned_color_layer.png","previews\dst3322_00052_BADG3006_cleaned_color_layer_preview.png","labels\dst3322_00052_BADG3006_segment_id_map.npy","labels\dst3322_00052_BADG3006_endpoint_heatmap.npy","graphs\dst3322_00052_BADG3006_entry_exit_per_segment.json","graphs\dst3322_00052_BADG3006_path_graph.json","previews\dst3322_00052_BADG3006_geometry_graph_preview.png","7400","0.231953","4","12","0","weak_direction_label"
"dst3322_00053_97101708","train","train","train","971","dst_rendered","images\dst3322_00053_97101708.png","labels\dst3322_00053_97101708_mask.png","labels\dst3322_00053_97101708_density.npy","labels\dst3322_00053_97101708_direction_xy.npy","labels\dst3322_00053_97101708_direction_axis.npy","labels\dst3322_00053_97101708_direction_confidence.npy","labels\dst3322_00053_97101708_boundary.png","labels\dst3322_00053_97101708_centerline.png","labels\dst3322_00053_97101708_color_layer.png","labels\dst3322_00053_97101708_path_order.npy","previews\dst3322_00053_97101708_path_order_preview.png","labels\dst3322_00053_97101708_stitch_type_heuristic.png","labels\dst3322_00053_97101708_entry_exit_keypoints.json","previews\dst3322_00053_97101708_entry_exit_preview.png","previews\dst3322_00053_97101708_direction_axis_preview.png","external/raw_embroidery/97101708.DST","41839","17426","0.2659","0.097996","0.926317","225.5","193.4","1.165977","0.989035","weak_direction_label|high_complexity","train","False","labels\dst3322_00053_97101708_axis_valid_mask.png","labels\dst3322_00053_97101708_cleaned_color_layer.png","previews\dst3322_00053_97101708_cleaned_color_layer_preview.png","labels\dst3322_00053_97101708_segment_id_map.npy","labels\dst3322_00053_97101708_endpoint_heatmap.npy","graphs\dst3322_00053_97101708_entry_exit_per_segment.json","graphs\dst3322_00053_97101708_path_graph.json","previews\dst3322_00053_97101708_geometry_graph_preview.png","1284","0.073683","74","296","155","color_islands_cleaned|high_complexity|weak_direction_label"
"dst3322_00054_d2765","train","train","ood_test","d","dst_rendered","images\dst3322_00054_d2765.png","labels\dst3322_00054_d2765_mask.png","labels\dst3322_00054_d2765_density.npy","labels\dst3322_00054_d2765_direction_xy.npy","labels\dst3322_00054_d2765_direction_axis.npy","labels\dst3322_00054_d2765_direction_confidence.npy","labels\dst3322_00054_d2765_boundary.png","labels\dst3322_00054_d2765_centerline.png","labels\dst3322_00054_d2765_color_layer.png","labels\dst3322_00054_d2765_path_order.npy","previews\dst3322_00054_d2765_path_order_preview.png","labels\dst3322_00054_d2765_stitch_type_heuristic.png","labels\dst3322_00054_d2765_entry_exit_keypoints.json","previews\dst3322_00054_d2765_entry_exit_preview.png","previews\dst3322_00054_d2765_direction_axis_preview.png","external/raw_embroidery/d2765.dst","4195","14146","0.215851","0.268341","0.689241","96.0","100.0","1.041667","0.438596","weak_direction_label","train","False","labels\dst3322_00054_d2765_axis_valid_mask.png","labels\dst3322_00054_d2765_cleaned_color_layer.png","previews\dst3322_00054_d2765_cleaned_color_layer_preview.png","labels\dst3322_00054_d2765_segment_id_map.npy","labels\dst3322_00054_d2765_endpoint_heatmap.npy","graphs\dst3322_00054_d2765_entry_exit_per_segment.json","graphs\dst3322_00054_d2765_path_graph.json","previews\dst3322_00054_d2765_geometry_graph_preview.png","4396","0.310759","1","0","0","weak_direction_label"
"dst3322_00055_d2586","train","test","ood_test","d","dst_rendered","images\dst3322_00055_d2586.png","labels\dst3322_00055_d2586_mask.png","labels\dst3322_00055_d2586_density.npy","labels\dst3322_00055_d2586_direction_xy.npy","labels\dst3322_00055_d2586_direction_axis.npy","labels\dst3322_00055_d2586_direction_confidence.npy","labels\dst3322_00055_d2586_boundary.png","labels\dst3322_00055_d2586_centerline.png","labels\dst3322_00055_d2586_color_layer.png","labels\dst3322_00055_d2586_path_order.npy","previews\dst3322_00055_d2586_path_order_preview.png","labels\dst3322_00055_d2586_stitch_type_heuristic.png","labels\dst3322_00055_d2586_entry_exit_keypoints.json","previews\dst3322_00055_d2586_entry_exit_preview.png","previews\dst3322_00055_d2586_direction_axis_preview.png","external/raw_embroidery/d2586.dst","1205","3232","0.049316","0.097974","0.810334","52.9","134.8","2.548204","0.591228","very_sparse_mask|weak_direction_label","train","False","labels\dst3322_00055_d2586_axis_valid_mask.png","labels\dst3322_00055_d2586_cleaned_color_layer.png","previews\dst3322_00055_d2586_cleaned_color_layer_preview.png","labels\dst3322_00055_d2586_segment_id_map.npy","labels\dst3322_00055_d2586_endpoint_heatmap.npy","graphs\dst3322_00055_d2586_entry_exit_per_segment.json","graphs\dst3322_00055_d2586_path_graph.json","previews\dst3322_00055_d2586_geometry_graph_preview.png","613","0.189666","2","2","0","very_sparse_mask|weak_direction_label"
"dst3322_00056_CE5260","train","val","train","CE","dst_rendered","images\dst3322_00056_CE5260.png","labels\dst3322_00056_CE5260_mask.png","labels\dst3322_00056_CE5260_density.npy","labels\dst3322_00056_CE5260_direction_xy.npy","labels\dst3322_00056_CE5260_direction_axis.npy","labels\dst3322_00056_CE5260_direction_confidence.npy","labels\dst3322_00056_CE5260_boundary.png","labels\dst3322_00056_CE5260_centerline.png","labels\dst3322_00056_CE5260_color_layer.png","labels\dst3322_00056_CE5260_path_order.npy","previews\dst3322_00056_CE5260_path_order_preview.png","labels\dst3322_00056_CE5260_stitch_type_heuristic.png","labels\dst3322_00056_CE5260_entry_exit_keypoints.json","previews\dst3322_00056_CE5260_entry_exit_preview.png","previews\dst3322_00056_CE5260_direction_axis_preview.png","external/raw_embroidery/CE5260.dst","7968","16492","0.251648","0.167068","0.707131","108.6","156.3","1.439227","0.685526","weak_direction_label","val","True","labels\dst3322_00056_CE5260_axis_valid_mask.png","labels\dst3322_00056_CE5260_cleaned_color_layer.png","previews\dst3322_00056_CE5260_cleaned_color_layer_preview.png","labels\dst3322_00056_CE5260_segment_id_map.npy","labels\dst3322_00056_CE5260_endpoint_heatmap.npy","graphs\dst3322_00056_CE5260_entry_exit_per_segment.json","graphs\dst3322_00056_CE5260_path_graph.json","previews\dst3322_00056_CE5260_geometry_graph_preview.png","4830","0.292869","65","260","181","color_islands_cleaned|weak_direction_label"
"dst3322_00057_0516","train","train","ood_val","051","dst_rendered","images\dst3322_00057_0516.png","labels\dst3322_00057_0516_mask.png","labels\dst3322_00057_0516_density.npy","labels\dst3322_00057_0516_direction_xy.npy","labels\dst3322_00057_0516_direction_axis.npy","labels\dst3322_00057_0516_direction_confidence.npy","labels\dst3322_00057_0516_boundary.png","labels\dst3322_00057_0516_centerline.png","labels\dst3322_00057_0516_color_layer.png","labels\dst3322_00057_0516_path_order.npy","previews\dst3322_00057_0516_path_order_preview.png","labels\dst3322_00057_0516_stitch_type_heuristic.png","labels\dst3322_00057_0516_entry_exit_keypoints.json","previews\dst3322_00057_0516_entry_exit_preview.png","previews\dst3322_00057_0516_direction_axis_preview.png","external/raw_embroidery/0516.dst","20177","27726","0.423065","0.194761","0.656965","115.4","118.0","1.02253","0.517544","weak_direction_label","train","False","labels\dst3322_00057_0516_axis_valid_mask.png","labels\dst3322_00057_0516_cleaned_color_layer.png","previews\dst3322_00057_0516_cleaned_color_layer_preview.png","labels\dst3322_00057_0516_segment_id_map.npy","labels\dst3322_00057_0516_endpoint_heatmap.npy","graphs\dst3322_00057_0516_entry_exit_per_segment.json","graphs\dst3322_00057_0516_path_graph.json","previews\dst3322_00057_0516_geometry_graph_preview.png","9511","0.343035","198","792","454","color_islands_cleaned|weak_direction_label"
"dst3322_00058_BLDG1012","train","train","train","BLDG","dst_rendered","images\dst3322_00058_BLDG1012.png","labels\dst3322_00058_BLDG1012_mask.png","labels\dst3322_00058_BLDG1012_density.npy","labels\dst3322_00058_BLDG1012_direction_xy.npy","labels\dst3322_00058_BLDG1012_direction_axis.npy","labels\dst3322_00058_BLDG1012_direction_confidence.npy","labels\dst3322_00058_BLDG1012_boundary.png","labels\dst3322_00058_BLDG1012_centerline.png","labels\dst3322_00058_BLDG1012_color_layer.png","labels\dst3322_00058_BLDG1012_path_order.npy","previews\dst3322_00058_BLDG1012_path_order_preview.png","labels\dst3322_00058_BLDG1012_stitch_type_heuristic.png","labels\dst3322_00058_BLDG1012_entry_exit_keypoints.json","previews\dst3322_00058_BLDG1012_entry_exit_preview.png","previews\dst3322_00058_BLDG1012_direction_axis_preview.png","external/raw_embroidery/BLDG1012.DST","2790","16071","0.245224","0.231907","0.58198","60.7","43.1","1.408353","0.266228","weak_direction_label","train","False","labels\dst3322_00058_BLDG1012_axis_valid_mask.png","labels\dst3322_00058_BLDG1012_cleaned_color_layer.png","previews\dst3322_00058_BLDG1012_cleaned_color_layer_preview.png","labels\dst3322_00058_BLDG1012_segment_id_map.npy","labels\dst3322_00058_BLDG1012_endpoint_heatmap.npy","graphs\dst3322_00058_BLDG1012_entry_exit_per_segment.json","graphs\dst3322_00058_BLDG1012_path_graph.json","previews\dst3322_00058_BLDG1012_geometry_graph_preview.png","6718","0.41802","1","0","0","weak_direction_label"
"dst3322_00059_ANID2017","train","train","train","ANID","dst_rendered","images\dst3322_00059_ANID2017.png","labels\dst3322_00059_ANID2017_mask.png","labels\dst3322_00059_ANID2017_density.npy","labels\dst3322_00059_ANID2017_direction_xy.npy","labels\dst3322_00059_ANID2017_direction_axis.npy","labels\dst3322_00059_ANID2017_direction_confidence.npy","labels\dst3322_00059_ANID2017_boundary.png","labels\dst3322_00059_ANID2017_centerline.png","labels\dst3322_00059_ANID2017_color_layer.png","labels\dst3322_00059_ANID2017_path_order.npy","previews\dst3322_00059_ANID2017_path_order_preview.png","labels\dst3322_00059_ANID2017_stitch_type_heuristic.png","labels\dst3322_00059_ANID2017_entry_exit_keypoints.json","previews\dst3322_00059_ANID2017_entry_exit_preview.png","previews\dst3322_00059_ANID2017_direction_axis_preview.png","external/raw_embroidery/ANID2017.DST","2691","12089","0.184464","0.172679","0.664571","52.2","26.6","1.962406","0.228947","weak_direction_label","val","True","labels\dst3322_00059_ANID2017_axis_valid_mask.png","labels\dst3322_00059_ANID2017_cleaned_color_layer.png","previews\dst3322_00059_ANID2017_cleaned_color_layer_preview.png","labels\dst3322_00059_ANID2017_segment_id_map.npy","labels\dst3322_00059_ANID2017_endpoint_heatmap.npy","graphs\dst3322_00059_ANID2017_entry_exit_per_segment.json","graphs\dst3322_00059_ANID2017_path_graph.json","previews\dst3322_00059_ANID2017_geometry_graph_preview.png","4055","0.335429","48","192","167","color_islands_cleaned|weak_direction_label"
"dst3322_00060_PLFL1054","train","train","train","PLFL","dst_rendered","images\dst3322_00060_PLFL1054.png","labels\dst3322_00060_PLFL1054_mask.png","labels\dst3322_00060_PLFL1054_density.npy","labels\dst3322_00060_PLFL1054_direction_xy.npy","labels\dst3322_00060_PLFL1054_direction_axis.npy","labels\dst3322_00060_PLFL1054_direction_confidence.npy","labels\dst3322_00060_PLFL1054_boundary.png","labels\dst3322_00060_PLFL1054_centerline.png","labels\dst3322_00060_PLFL1054_color_layer.png","labels\dst3322_00060_PLFL1054_path_order.npy","previews\dst3322_00060_PLFL1054_path_order_preview.png","labels\dst3322_00060_PLFL1054_stitch_type_heuristic.png","labels\dst3322_00060_PLFL1054_entry_exit_keypoints.json","previews\dst3322_00060_PLFL1054_entry_exit_preview.png","previews\dst3322_00060_PLFL1054_direction_axis_preview.png","external/raw_embroidery/PLFL1054.DST","6368","13944","0.212769","0.083942","0.957401","90.2","139.4","1.545455","0.611404","weak_direction_label","test","True","labels\dst3322_00060_PLFL1054_axis_valid_mask.png","labels\dst3322_00060_PLFL1054_cleaned_color_layer.png","previews\dst3322_00060_PLFL1054_cleaned_color_layer_preview.png","labels\dst3322_00060_PLFL1054_segment_id_map.npy","labels\dst3322_00060_PLFL1054_endpoint_heatmap.npy","graphs\dst3322_00060_PLFL1054_entry_exit_per_segment.json","graphs\dst3322_00060_PLFL1054_path_graph.json","previews\dst3322_00060_PLFL1054_geometry_graph_preview.png","594","0.042599","6","24","1","color_islands_cleaned|low_axis_valid_coverage|weak_direction_label"
"dst3322_00061_d2957","train","train","ood_test","d","dst_rendered","images\dst3322_00061_d2957.png","labels\dst3322_00061_d2957_mask.png","labels\dst3322_00061_d2957_density.npy","labels\dst3322_00061_d2957_direction_xy.npy","labels\dst3322_00061_d2957_direction_axis.npy","labels\dst3322_00061_d2957_direction_confidence.npy","labels\dst3322_00061_d2957_boundary.png","labels\dst3322_00061_d2957_centerline.png","labels\dst3322_00061_d2957_color_layer.png","labels\dst3322_00061_d2957_path_order.npy","previews\dst3322_00061_d2957_path_order_preview.png","labels\dst3322_00061_d2957_stitch_type_heuristic.png","labels\dst3322_00061_d2957_entry_exit_keypoints.json","previews\dst3322_00061_d2957_entry_exit_preview.png","previews\dst3322_00061_d2957_direction_axis_preview.png","external/raw_embroidery/d2957.dst","4585","18539","0.282883","0.226144","0.5948","119.5","99.5","1.201005","0.524123","weak_direction_label","train","False","labels\dst3322_00061_d2957_axis_valid_mask.png","labels\dst3322_00061_d2957_cleaned_color_layer.png","previews\dst3322_00061_d2957_cleaned_color_layer_preview.png","labels\dst3322_00061_d2957_segment_id_map.npy","labels\dst3322_00061_d2957_endpoint_heatmap.npy","graphs\dst3322_00061_d2957_entry_exit_per_segment.json","graphs\dst3322_00061_d2957_path_graph.json","previews\dst3322_00061_d2957_geometry_graph_preview.png","7512","0.4052","24","96","42","color_islands_cleaned|weak_direction_label"
"dst3322_00062_Z2CC0853","train","val","ood_val","Z","dst_rendered","images\dst3322_00062_Z2CC0853.png","labels\dst3322_00062_Z2CC0853_mask.png","labels\dst3322_00062_Z2CC0853_density.npy","labels\dst3322_00062_Z2CC0853_direction_xy.npy","labels\dst3322_00062_Z2CC0853_direction_axis.npy","labels\dst3322_00062_Z2CC0853_direction_confidence.npy","labels\dst3322_00062_Z2CC0853_boundary.png","labels\dst3322_00062_Z2CC0853_centerline.png","labels\dst3322_00062_Z2CC0853_color_layer.png","labels\dst3322_00062_Z2CC0853_path_order.npy","previews\dst3322_00062_Z2CC0853_path_order_preview.png","labels\dst3322_00062_Z2CC0853_stitch_type_heuristic.png","labels\dst3322_00062_Z2CC0853_entry_exit_keypoints.json","previews\dst3322_00062_Z2CC0853_entry_exit_preview.png","previews\dst3322_00062_Z2CC0853_direction_axis_preview.png","external/raw_embroidery/Z2CC0853.DST","11973","25607","0.390732","0.143087","0.812903","83.1","93.6","1.126354","0.410526","weak_direction_label","train","False","labels\dst3322_00062_Z2CC0853_axis_valid_mask.png","labels\dst3322_00062_Z2CC0853_cleaned_color_layer.png","previews\dst3322_00062_Z2CC0853_cleaned_color_layer_preview.png","labels\dst3322_00062_Z2CC0853_segment_id_map.npy","labels\dst3322_00062_Z2CC0853_endpoint_heatmap.npy","graphs\dst3322_00062_Z2CC0853_entry_exit_per_segment.json","graphs\dst3322_00062_Z2CC0853_path_graph.json","previews\dst3322_00062_Z2CC0853_geometry_graph_preview.png","4791","0.187097","17","68","27","color_islands_cleaned|weak_direction_label"
"dst3322_00063_d3247","train","train","ood_test","d","dst_rendered","images\dst3322_00063_d3247.png","labels\dst3322_00063_d3247_mask.png","labels\dst3322_00063_d3247_density.npy","labels\dst3322_00063_d3247_direction_xy.npy","labels\dst3322_00063_d3247_direction_axis.npy","labels\dst3322_00063_d3247_direction_confidence.npy","labels\dst3322_00063_d3247_boundary.png","labels\dst3322_00063_d3247_centerline.png","labels\dst3322_00063_d3247_color_layer.png","labels\dst3322_00063_d3247_path_order.npy","previews\dst3322_00063_d3247_path_order_preview.png","labels\dst3322_00063_d3247_stitch_type_heuristic.png","labels\dst3322_00063_d3247_entry_exit_keypoints.json","previews\dst3322_00063_d3247_entry_exit_preview.png","previews\dst3322_00063_d3247_direction_axis_preview.png","external/raw_embroidery/d3247.dst","2198","13476","0.205627","0.228665","0.532725","71.8","65.7","1.092846","0.314912","weak_direction_label","train","False","labels\dst3322_00063_d3247_axis_valid_mask.png","labels\dst3322_00063_d3247_cleaned_color_layer.png","previews\dst3322_00063_d3247_cleaned_color_layer_preview.png","labels\dst3322_00063_d3247_segment_id_map.npy","labels\dst3322_00063_d3247_endpoint_heatmap.npy","graphs\dst3322_00063_d3247_entry_exit_per_segment.json","graphs\dst3322_00063_d3247_path_graph.json","previews\dst3322_00063_d3247_geometry_graph_preview.png","6297","0.467275","18","72","28","color_islands_cleaned|weak_direction_label"
"dst3322_00064_55","train","train","train","55","dst_rendered","images\dst3322_00064_55.png","labels\dst3322_00064_55_mask.png","labels\dst3322_00064_55_density.npy","labels\dst3322_00064_55_direction_xy.npy","labels\dst3322_00064_55_direction_axis.npy","labels\dst3322_00064_55_direction_confidence.npy","labels\dst3322_00064_55_boundary.png","labels\dst3322_00064_55_centerline.png","labels\dst3322_00064_55_color_layer.png","labels\dst3322_00064_55_path_order.npy","previews\dst3322_00064_55_path_order_preview.png","labels\dst3322_00064_55_stitch_type_heuristic.png","labels\dst3322_00064_55_entry_exit_keypoints.json","previews\dst3322_00064_55_entry_exit_preview.png","previews\dst3322_00064_55_direction_axis_preview.png","external/raw_embroidery/55.dst","4197","26130","0.398712","0.215235","0.527669","57.6","60.3","1.046875","0.264474","weak_direction_label","train","False","labels\dst3322_00064_55_axis_valid_mask.png","labels\dst3322_00064_55_cleaned_color_layer.png","previews\dst3322_00064_55_cleaned_color_layer_preview.png","labels\dst3322_00064_55_segment_id_map.npy","labels\dst3322_00064_55_endpoint_heatmap.npy","graphs\dst3322_00064_55_entry_exit_per_segment.json","graphs\dst3322_00064_55_path_graph.json","previews\dst3322_00064_55_geometry_graph_preview.png","12342","0.472331","37","148","169","color_islands_cleaned|weak_direction_label"
"dst3322_00065_d2826","train","val","ood_test","d","dst_rendered","images\dst3322_00065_d2826.png","labels\dst3322_00065_d2826_mask.png","labels\dst3322_00065_d2826_density.npy","labels\dst3322_00065_d2826_direction_xy.npy","labels\dst3322_00065_d2826_direction_axis.npy","labels\dst3322_00065_d2826_direction_confidence.npy","labels\dst3322_00065_d2826_boundary.png","labels\dst3322_00065_d2826_centerline.png","labels\dst3322_00065_d2826_color_layer.png","labels\dst3322_00065_d2826_path_order.npy","previews\dst3322_00065_d2826_path_order_preview.png","labels\dst3322_00065_d2826_stitch_type_heuristic.png","labels\dst3322_00065_d2826_entry_exit_keypoints.json","previews\dst3322_00065_d2826_entry_exit_preview.png","previews\dst3322_00065_d2826_direction_axis_preview.png","external/raw_embroidery/d2826.dst","5349","3816","0.058228","0.127471","0.877621","151.2","351.0","2.321429","1.539474","sparse_mask|weak_direction_label","train","False","labels\dst3322_00065_d2826_axis_valid_mask.png","labels\dst3322_00065_d2826_cleaned_color_layer.png","previews\dst3322_00065_d2826_cleaned_color_layer_preview.png","labels\dst3322_00065_d2826_segment_id_map.npy","labels\dst3322_00065_d2826_endpoint_heatmap.npy","graphs\dst3322_00065_d2826_entry_exit_per_segment.json","graphs\dst3322_00065_d2826_path_graph.json","previews\dst3322_00065_d2826_geometry_graph_preview.png","467","0.122379","30","120","10","color_islands_cleaned|sparse_mask|weak_direction_label"
"dst3322_00066_Z2CC0976","train","train","ood_val","Z","dst_rendered","images\dst3322_00066_Z2CC0976.png","labels\dst3322_00066_Z2CC0976_mask.png","labels\dst3322_00066_Z2CC0976_density.npy","labels\dst3322_00066_Z2CC0976_direction_xy.npy","labels\dst3322_00066_Z2CC0976_direction_axis.npy","labels\dst3322_00066_Z2CC0976_direction_confidence.npy","labels\dst3322_00066_Z2CC0976_boundary.png","labels\dst3322_00066_Z2CC0976_centerline.png","labels\dst3322_00066_Z2CC0976_color_layer.png","labels\dst3322_00066_Z2CC0976_path_order.npy","previews\dst3322_00066_Z2CC0976_path_order_preview.png","labels\dst3322_00066_Z2CC0976_stitch_type_heuristic.png","labels\dst3322_00066_Z2CC0976_entry_exit_keypoints.json","previews\dst3322_00066_Z2CC0976_entry_exit_preview.png","previews\dst3322_00066_Z2CC0976_direction_axis_preview.png","external/raw_embroidery/Z2CC0976.DST","7076","24226","0.369659","0.17994","0.685214","75.1","76.5","1.018642","0.335526","weak_direction_label","train","False","labels\dst3322_00066_Z2CC0976_axis_valid_mask.png","labels\dst3322_00066_Z2CC0976_cleaned_color_layer.png","previews\dst3322_00066_Z2CC0976_cleaned_color_layer_preview.png","labels\dst3322_00066_Z2CC0976_segment_id_map.npy","labels\dst3322_00066_Z2CC0976_endpoint_heatmap.npy","graphs\dst3322_00066_Z2CC0976_entry_exit_per_segment.json","graphs\dst3322_00066_Z2CC0976_path_graph.json","previews\dst3322_00066_Z2CC0976_geometry_graph_preview.png","7626","0.314786","34","136","50","color_islands_cleaned|weak_direction_label"
"dst3322_00067_PLFL2030","train","test","train","PLFL","dst_rendered","images\dst3322_00067_PLFL2030.png","labels\dst3322_00067_PLFL2030_mask.png","labels\dst3322_00067_PLFL2030_density.npy","labels\dst3322_00067_PLFL2030_direction_xy.npy","labels\dst3322_00067_PLFL2030_direction_axis.npy","labels\dst3322_00067_PLFL2030_direction_confidence.npy","labels\dst3322_00067_PLFL2030_boundary.png","labels\dst3322_00067_PLFL2030_centerline.png","labels\dst3322_00067_PLFL2030_color_layer.png","labels\dst3322_00067_PLFL2030_path_order.npy","previews\dst3322_00067_PLFL2030_path_order_preview.png","labels\dst3322_00067_PLFL2030_stitch_type_heuristic.png","labels\dst3322_00067_PLFL2030_entry_exit_keypoints.json","previews\dst3322_00067_PLFL2030_entry_exit_preview.png","previews\dst3322_00067_PLFL2030_direction_axis_preview.png","external/raw_embroidery/PLFL2030.DST","9548","16591","0.253159","0.140541","0.787475","67.9","101.3","1.4919","0.444298","weak_direction_label","train","False","labels\dst3322_00067_PLFL2030_axis_valid_mask.png","labels\dst3322_00067_PLFL2030_cleaned_color_layer.png","previews\dst3322_00067_PLFL2030_cleaned_color_layer_preview.png","labels\dst3322_00067_PLFL2030_segment_id_map.npy","labels\dst3322_00067_PLFL2030_endpoint_heatmap.npy","graphs\dst3322_00067_PLFL2030_entry_exit_per_segment.json","graphs\dst3322_00067_PLFL2030_path_graph.json","previews\dst3322_00067_PLFL2030_geometry_graph_preview.png","3526","0.212525","32","128","28","color_islands_cleaned|weak_direction_label"
"dst3322_00068_CHIB1026","train","train","train","CHIB","dst_rendered","images\dst3322_00068_CHIB1026.png","labels\dst3322_00068_CHIB1026_mask.png","labels\dst3322_00068_CHIB1026_density.npy","labels\dst3322_00068_CHIB1026_direction_xy.npy","labels\dst3322_00068_CHIB1026_direction_axis.npy","labels\dst3322_00068_CHIB1026_direction_confidence.npy","labels\dst3322_00068_CHIB1026_boundary.png","labels\dst3322_00068_CHIB1026_centerline.png","labels\dst3322_00068_CHIB1026_color_layer.png","labels\dst3322_00068_CHIB1026_path_order.npy","previews\dst3322_00068_CHIB1026_path_order_preview.png","labels\dst3322_00068_CHIB1026_stitch_type_heuristic.png","labels\dst3322_00068_CHIB1026_entry_exit_keypoints.json","previews\dst3322_00068_CHIB1026_entry_exit_preview.png","previews\dst3322_00068_CHIB1026_direction_axis_preview.png","external/raw_embroidery/CHIB1026.DST","10959","11880","0.181274","0.201504","0.523148","234.7","189.9","1.235914","1.029386","weak_direction_label","test","True","labels\dst3322_00068_CHIB1026_axis_valid_mask.png","labels\dst3322_00068_CHIB1026_cleaned_color_layer.png","previews\dst3322_00068_CHIB1026_cleaned_color_layer_preview.png","labels\dst3322_00068_CHIB1026_segment_id_map.npy","labels\dst3322_00068_CHIB1026_endpoint_heatmap.npy","graphs\dst3322_00068_CHIB1026_entry_exit_per_segment.json","graphs\dst3322_00068_CHIB1026_path_graph.json","previews\dst3322_00068_CHIB1026_geometry_graph_preview.png","5665","0.476852","22","88","27","color_islands_cleaned|weak_direction_label"
"dst3322_00069_0706","train","train","train","070","dst_rendered","images\dst3322_00069_0706.png","labels\dst3322_00069_0706_mask.png","labels\dst3322_00069_0706_density.npy","labels\dst3322_00069_0706_direction_xy.npy","labels\dst3322_00069_0706_direction_axis.npy","labels\dst3322_00069_0706_direction_confidence.npy","labels\dst3322_00069_0706_boundary.png","labels\dst3322_00069_0706_centerline.png","labels\dst3322_00069_0706_color_layer.png","labels\dst3322_00069_0706_path_order.npy","previews\dst3322_00069_0706_path_order_preview.png","labels\dst3322_00069_0706_stitch_type_heuristic.png","labels\dst3322_00069_0706_entry_exit_keypoints.json","previews\dst3322_00069_0706_entry_exit_preview.png","previews\dst3322_00069_0706_direction_axis_preview.png","external/raw_embroidery/0706.dst","31134","17413","0.265701","0.108698","0.842417","110.6","161.1","1.4566","0.706579","weak_direction_label|high_complexity","train","False","labels\dst3322_00069_0706_axis_valid_mask.png","labels\dst3322_00069_0706_cleaned_color_layer.png","previews\dst3322_00069_0706_cleaned_color_layer_preview.png","labels\dst3322_00069_0706_segment_id_map.npy","labels\dst3322_00069_0706_endpoint_heatmap.npy","graphs\dst3322_00069_0706_entry_exit_per_segment.json","graphs\dst3322_00069_0706_path_graph.json","previews\dst3322_00069_0706_geometry_graph_preview.png","2744","0.157583","67","268","191","color_islands_cleaned|high_complexity|weak_direction_label"
"dst3322_00070_BOSP1002","train","train","train","BOSP","dst_rendered","images\dst3322_00070_BOSP1002.png","labels\dst3322_00070_BOSP1002_mask.png","labels\dst3322_00070_BOSP1002_density.npy","labels\dst3322_00070_BOSP1002_direction_xy.npy","labels\dst3322_00070_BOSP1002_direction_axis.npy","labels\dst3322_00070_BOSP1002_direction_confidence.npy","labels\dst3322_00070_BOSP1002_boundary.png","labels\dst3322_00070_BOSP1002_centerline.png","labels\dst3322_00070_BOSP1002_color_layer.png","labels\dst3322_00070_BOSP1002_path_order.npy","previews\dst3322_00070_BOSP1002_path_order_preview.png","labels\dst3322_00070_BOSP1002_stitch_type_heuristic.png","labels\dst3322_00070_BOSP1002_entry_exit_keypoints.json","previews\dst3322_00070_BOSP1002_entry_exit_preview.png","previews\dst3322_00070_BOSP1002_direction_axis_preview.png","external/raw_embroidery/BOSP1002.DST","4439","5931","0.0905","0.094732","0.918058","229.7","229.2","1.002182","1.007456","sparse_mask|weak_direction_label","train","False","labels\dst3322_00070_BOSP1002_axis_valid_mask.png","labels\dst3322_00070_BOSP1002_cleaned_color_layer.png","previews\dst3322_00070_BOSP1002_cleaned_color_layer_preview.png","labels\dst3322_00070_BOSP1002_segment_id_map.npy","labels\dst3322_00070_BOSP1002_endpoint_heatmap.npy","graphs\dst3322_00070_BOSP1002_entry_exit_per_segment.json","graphs\dst3322_00070_BOSP1002_path_graph.json","previews\dst3322_00070_BOSP1002_geometry_graph_preview.png","486","0.081942","2","2","0","sparse_mask|weak_direction_label"
"dst3322_00071_CHIA2002","train","train","train","CHIA","dst_rendered","images\dst3322_00071_CHIA2002.png","labels\dst3322_00071_CHIA2002_mask.png","labels\dst3322_00071_CHIA2002_density.npy","labels\dst3322_00071_CHIA2002_direction_xy.npy","labels\dst3322_00071_CHIA2002_direction_axis.npy","labels\dst3322_00071_CHIA2002_direction_confidence.npy","labels\dst3322_00071_CHIA2002_boundary.png","labels\dst3322_00071_CHIA2002_centerline.png","labels\dst3322_00071_CHIA2002_color_layer.png","labels\dst3322_00071_CHIA2002_path_order.npy","previews\dst3322_00071_CHIA2002_path_order_preview.png","labels\dst3322_00071_CHIA2002_stitch_type_heuristic.png","labels\dst3322_00071_CHIA2002_entry_exit_keypoints.json","previews\dst3322_00071_CHIA2002_entry_exit_preview.png","previews\dst3322_00071_CHIA2002_direction_axis_preview.png","external/raw_embroidery/CHIA2002.DST","2534","9237","0.140945","0.130498","0.774386","89.3","62.5","1.4288","0.391667","weak_direction_label","val","True","labels\dst3322_00071_CHIA2002_axis_valid_mask.png","labels\dst3322_00071_CHIA2002_cleaned_color_layer.png","previews\dst3322_00071_CHIA2002_cleaned_color_layer_preview.png","labels\dst3322_00071_CHIA2002_segment_id_map.npy","labels\dst3322_00071_CHIA2002_endpoint_heatmap.npy","graphs\dst3322_00071_CHIA2002_entry_exit_per_segment.json","graphs\dst3322_00071_CHIA2002_path_graph.json","previews\dst3322_00071_CHIA2002_geometry_graph_preview.png","2084","0.225614","1","0","0","weak_direction_label"
"dst3322_00072_d2591","train","train","ood_test","d","dst_rendered","images\dst3322_00072_d2591.png","labels\dst3322_00072_d2591_mask.png","labels\dst3322_00072_d2591_density.npy","labels\dst3322_00072_d2591_direction_xy.npy","labels\dst3322_00072_d2591_direction_axis.npy","labels\dst3322_00072_d2591_direction_confidence.npy","labels\dst3322_00072_d2591_boundary.png","labels\dst3322_00072_d2591_centerline.png","labels\dst3322_00072_d2591_color_layer.png","labels\dst3322_00072_d2591_path_order.npy","previews\dst3322_00072_d2591_path_order_preview.png","labels\dst3322_00072_d2591_stitch_type_heuristic.png","labels\dst3322_00072_d2591_entry_exit_keypoints.json","previews\dst3322_00072_d2591_entry_exit_preview.png","previews\dst3322_00072_d2591_direction_axis_preview.png","external/raw_embroidery/d2591.dst","4465","13807","0.210678","0.149188","0.776997","100.4","97.6","1.028689","0.440351","weak_direction_label","train","False","labels\dst3322_00072_d2591_axis_valid_mask.png","labels\dst3322_00072_d2591_cleaned_color_layer.png","previews\dst3322_00072_d2591_cleaned_color_layer_preview.png","labels\dst3322_00072_d2591_segment_id_map.npy","labels\dst3322_00072_d2591_endpoint_heatmap.npy","graphs\dst3322_00072_d2591_entry_exit_per_segment.json","graphs\dst3322_00072_d2591_path_graph.json","previews\dst3322_00072_d2591_geometry_graph_preview.png","3079","0.223003","37","148","18","color_islands_cleaned|weak_direction_label"
"dst3322_00073_PLFL2024","train","val","train","PLFL","dst_rendered","images\dst3322_00073_PLFL2024.png","labels\dst3322_00073_PLFL2024_mask.png","labels\dst3322_00073_PLFL2024_density.npy","labels\dst3322_00073_PLFL2024_direction_xy.npy","labels\dst3322_00073_PLFL2024_direction_axis.npy","labels\dst3322_00073_PLFL2024_direction_confidence.npy","labels\dst3322_00073_PLFL2024_boundary.png","labels\dst3322_00073_PLFL2024_centerline.png","labels\dst3322_00073_PLFL2024_color_layer.png","labels\dst3322_00073_PLFL2024_path_order.npy","previews\dst3322_00073_PLFL2024_path_order_preview.png","labels\dst3322_00073_PLFL2024_stitch_type_heuristic.png","labels\dst3322_00073_PLFL2024_entry_exit_keypoints.json","previews\dst3322_00073_PLFL2024_entry_exit_preview.png","previews\dst3322_00073_PLFL2024_direction_axis_preview.png","external/raw_embroidery/PLFL2024.DST","9628","20663","0.315292","0.189297","0.631757","93.7","83.0","1.128916","0.410965","weak_direction_label","train","False","labels\dst3322_00073_PLFL2024_axis_valid_mask.png","labels\dst3322_00073_PLFL2024_cleaned_color_layer.png","previews\dst3322_00073_PLFL2024_cleaned_color_layer_preview.png","labels\dst3322_00073_PLFL2024_segment_id_map.npy","labels\dst3322_00073_PLFL2024_endpoint_heatmap.npy","graphs\dst3322_00073_PLFL2024_entry_exit_per_segment.json","graphs\dst3322_00073_PLFL2024_path_graph.json","previews\dst3322_00073_PLFL2024_geometry_graph_preview.png","7609","0.368243","29","116","16","color_islands_cleaned|weak_direction_label"
"dst3322_00074_CMX155F","train","train","train","CMX","dst_rendered","images\dst3322_00074_CMX155F.png","labels\dst3322_00074_CMX155F_mask.png","labels\dst3322_00074_CMX155F_density.npy","labels\dst3322_00074_CMX155F_direction_xy.npy","labels\dst3322_00074_CMX155F_direction_axis.npy","labels\dst3322_00074_CMX155F_direction_confidence.npy","labels\dst3322_00074_CMX155F_boundary.png","labels\dst3322_00074_CMX155F_centerline.png","labels\dst3322_00074_CMX155F_color_layer.png","labels\dst3322_00074_CMX155F_path_order.npy","previews\dst3322_00074_CMX155F_path_order_preview.png","labels\dst3322_00074_CMX155F_stitch_type_heuristic.png","labels\dst3322_00074_CMX155F_entry_exit_keypoints.json","previews\dst3322_00074_CMX155F_entry_exit_preview.png","previews\dst3322_00074_CMX155F_direction_axis_preview.png","external/raw_embroidery/CMX155F.dst","37136","13584","0.207275","0.074767","0.956567","374.2","501.2","1.339391","2.198246","weak_direction_label|high_complexity","train","False","labels\dst3322_00074_CMX155F_axis_valid_mask.png","labels\dst3322_00074_CMX155F_cleaned_color_layer.png","previews\dst3322_00074_CMX155F_cleaned_color_layer_preview.png","labels\dst3322_00074_CMX155F_segment_id_map.npy","labels\dst3322_00074_CMX155F_endpoint_heatmap.npy","graphs\dst3322_00074_CMX155F_entry_exit_per_segment.json","graphs\dst3322_00074_CMX155F_path_graph.json","previews\dst3322_00074_CMX155F_geometry_graph_preview.png","590","0.043433","2","2","0","high_complexity|low_axis_valid_coverage|weak_direction_label"
"dst3322_00075_Bord4016","train","train","ood_val","Bord","dst_rendered","images\dst3322_00075_Bord4016.png","labels\dst3322_00075_Bord4016_mask.png","labels\dst3322_00075_Bord4016_density.npy","labels\dst3322_00075_Bord4016_direction_xy.npy","labels\dst3322_00075_Bord4016_direction_axis.npy","labels\dst3322_00075_Bord4016_direction_confidence.npy","labels\dst3322_00075_Bord4016_boundary.png","labels\dst3322_00075_Bord4016_centerline.png","labels\dst3322_00075_Bord4016_color_layer.png","labels\dst3322_00075_Bord4016_path_order.npy","previews\dst3322_00075_Bord4016_path_order_preview.png","labels\dst3322_00075_Bord4016_stitch_type_heuristic.png","labels\dst3322_00075_Bord4016_entry_exit_keypoints.json","previews\dst3322_00075_Bord4016_entry_exit_preview.png","previews\dst3322_00075_Bord4016_direction_axis_preview.png","external/raw_embroidery/Bord4016.dst","20418","11127","0.169785","0.120769","0.882897","152.0","114.4","1.328671","0.666667","weak_direction_label","train","False","labels\dst3322_00075_Bord4016_axis_valid_mask.png","labels\dst3322_00075_Bord4016_cleaned_color_layer.png","previews\dst3322_00075_Bord4016_cleaned_color_layer_preview.png","labels\dst3322_00075_Bord4016_segment_id_map.npy","labels\dst3322_00075_Bord4016_endpoint_heatmap.npy","graphs\dst3322_00075_Bord4016_entry_exit_per_segment.json","graphs\dst3322_00075_Bord4016_path_graph.json","previews\dst3322_00075_Bord4016_geometry_graph_preview.png","1303","0.117103","1","0","149","color_islands_cleaned|weak_direction_label"
"dst3322_00076_BADG3020","train","train","train","BADG","dst_rendered","images\dst3322_00076_BADG3020.png","labels\dst3322_00076_BADG3020_mask.png","labels\dst3322_00076_BADG3020_density.npy","labels\dst3322_00076_BADG3020_direction_xy.npy","labels\dst3322_00076_BADG3020_direction_axis.npy","labels\dst3322_00076_BADG3020_direction_confidence.npy","labels\dst3322_00076_BADG3020_boundary.png","labels\dst3322_00076_BADG3020_centerline.png","labels\dst3322_00076_BADG3020_color_layer.png","labels\dst3322_00076_BADG3020_path_order.npy","previews\dst3322_00076_BADG3020_path_order_preview.png","labels\dst3322_00076_BADG3020_stitch_type_heuristic.png","labels\dst3322_00076_BADG3020_entry_exit_keypoints.json","previews\dst3322_00076_BADG3020_entry_exit_preview.png","previews\dst3322_00076_BADG3020_direction_axis_preview.png","external/raw_embroidery/BADG3020.DST","13943","30607","0.467026","0.113614","0.840527","71.5","93.3","1.304895","0.409211","weak_direction_label","train","False","labels\dst3322_00076_BADG3020_axis_valid_mask.png","labels\dst3322_00076_BADG3020_cleaned_color_layer.png","previews\dst3322_00076_BADG3020_cleaned_color_layer_preview.png","labels\dst3322_00076_BADG3020_segment_id_map.npy","labels\dst3322_00076_BADG3020_endpoint_heatmap.npy","graphs\dst3322_00076_BADG3020_entry_exit_per_segment.json","graphs\dst3322_00076_BADG3020_path_graph.json","previews\dst3322_00076_BADG3020_geometry_graph_preview.png","4881","0.159473","5","20","0","weak_direction_label"
"dst3322_00077_BOSP2011","train","train","train","BOSP","dst_rendered","images\dst3322_00077_BOSP2011.png","labels\dst3322_00077_BOSP2011_mask.png","labels\dst3322_00077_BOSP2011_density.npy","labels\dst3322_00077_BOSP2011_direction_xy.npy","labels\dst3322_00077_BOSP2011_direction_axis.npy","labels\dst3322_00077_BOSP2011_direction_confidence.npy","labels\dst3322_00077_BOSP2011_boundary.png","labels\dst3322_00077_BOSP2011_centerline.png","labels\dst3322_00077_BOSP2011_color_layer.png","labels\dst3322_00077_BOSP2011_path_order.npy","previews\dst3322_00077_BOSP2011_path_order_preview.png","labels\dst3322_00077_BOSP2011_stitch_type_heuristic.png","labels\dst3322_00077_BOSP2011_entry_exit_keypoints.json","previews\dst3322_00077_BOSP2011_entry_exit_preview.png","previews\dst3322_00077_BOSP2011_direction_axis_preview.png","external/raw_embroidery/BOSP2011.DST","1861","18138","0.276764","0.176061","0.609108","57.3","55.9","1.025045","0.251316","weak_direction_label","train","False","labels\dst3322_00077_BOSP2011_axis_valid_mask.png","labels\dst3322_00077_BOSP2011_cleaned_color_layer.png","previews\dst3322_00077_BOSP2011_cleaned_color_layer_preview.png","labels\dst3322_00077_BOSP2011_segment_id_map.npy","labels\dst3322_00077_BOSP2011_endpoint_heatmap.npy","graphs\dst3322_00077_BOSP2011_entry_exit_per_segment.json","graphs\dst3322_00077_BOSP2011_path_graph.json","previews\dst3322_00077_BOSP2011_geometry_graph_preview.png","7090","0.390892","6","24","0","weak_direction_label"
"dst3322_00078_1008","train","train","train","100","dst_rendered","images\dst3322_00078_1008.png","labels\dst3322_00078_1008_mask.png","labels\dst3322_00078_1008_density.npy","labels\dst3322_00078_1008_direction_xy.npy","labels\dst3322_00078_1008_direction_axis.npy","labels\dst3322_00078_1008_direction_confidence.npy","labels\dst3322_00078_1008_boundary.png","labels\dst3322_00078_1008_centerline.png","labels\dst3322_00078_1008_color_layer.png","labels\dst3322_00078_1008_path_order.npy","previews\dst3322_00078_1008_path_order_preview.png","labels\dst3322_00078_1008_stitch_type_heuristic.png","labels\dst3322_00078_1008_entry_exit_keypoints.json","previews\dst3322_00078_1008_entry_exit_preview.png","previews\dst3322_00078_1008_direction_axis_preview.png","external/raw_embroidery/1008.dst","19231","25914","0.395416","0.161766","0.672841","96.8","114.9","1.186983","0.503947","weak_direction_label","train","False","labels\dst3322_00078_1008_axis_valid_mask.png","labels\dst3322_00078_1008_cleaned_color_layer.png","previews\dst3322_00078_1008_cleaned_color_layer_preview.png","labels\dst3322_00078_1008_segment_id_map.npy","labels\dst3322_00078_1008_endpoint_heatmap.npy","graphs\dst3322_00078_1008_entry_exit_per_segment.json","graphs\dst3322_00078_1008_path_graph.json","previews\dst3322_00078_1008_geometry_graph_preview.png","8478","0.327159","24","96","177","color_islands_cleaned|weak_direction_label"
"dst3322_00079_BADG3005","train","train","train","BADG","dst_rendered","images\dst3322_00079_BADG3005.png","labels\dst3322_00079_BADG3005_mask.png","labels\dst3322_00079_BADG3005_density.npy","labels\dst3322_00079_BADG3005_direction_xy.npy","labels\dst3322_00079_BADG3005_direction_axis.npy","labels\dst3322_00079_BADG3005_direction_confidence.npy","labels\dst3322_00079_BADG3005_boundary.png","labels\dst3322_00079_BADG3005_centerline.png","labels\dst3322_00079_BADG3005_color_layer.png","labels\dst3322_00079_BADG3005_path_order.npy","previews\dst3322_00079_BADG3005_path_order_preview.png","labels\dst3322_00079_BADG3005_stitch_type_heuristic.png","labels\dst3322_00079_BADG3005_entry_exit_keypoints.json","previews\dst3322_00079_BADG3005_entry_exit_preview.png","previews\dst3322_00079_BADG3005_direction_axis_preview.png","external/raw_embroidery/BADG3005.DST","8103","31935","0.487289","0.211173","0.570628","72.3","72.1","1.002774","0.317105","weak_direction_label","train","False","labels\dst3322_00079_BADG3005_axis_valid_mask.png","labels\dst3322_00079_BADG3005_cleaned_color_layer.png","previews\dst3322_00079_BADG3005_cleaned_color_layer_preview.png","labels\dst3322_00079_BADG3005_segment_id_map.npy","labels\dst3322_00079_BADG3005_endpoint_heatmap.npy","graphs\dst3322_00079_BADG3005_entry_exit_per_segment.json","graphs\dst3322_00079_BADG3005_path_graph.json","previews\dst3322_00079_BADG3005_geometry_graph_preview.png","13712","0.429372","3","6","0","weak_direction_label"
"dst3322_00080_d2972","train","train","ood_test","d","dst_rendered","images\dst3322_00080_d2972.png","labels\dst3322_00080_d2972_mask.png","labels\dst3322_00080_d2972_density.npy","labels\dst3322_00080_d2972_direction_xy.npy","labels\dst3322_00080_d2972_direction_axis.npy","labels\dst3322_00080_d2972_direction_confidence.npy","labels\dst3322_00080_d2972_boundary.png","labels\dst3322_00080_d2972_centerline.png","labels\dst3322_00080_d2972_color_layer.png","labels\dst3322_00080_d2972_path_order.npy","previews\dst3322_00080_d2972_path_order_preview.png","labels\dst3322_00080_d2972_stitch_type_heuristic.png","labels\dst3322_00080_d2972_entry_exit_keypoints.json","previews\dst3322_00080_d2972_entry_exit_preview.png","previews\dst3322_00080_d2972_direction_axis_preview.png","external/raw_embroidery/d2972.dst","6598","18410","0.280914","0.150128","0.725856","69.3","98.6","1.422799","0.432456","weak_direction_label","test","True","labels\dst3322_00080_d2972_axis_valid_mask.png","labels\dst3322_00080_d2972_cleaned_color_layer.png","previews\dst3322_00080_d2972_cleaned_color_layer_preview.png","labels\dst3322_00080_d2972_segment_id_map.npy","labels\dst3322_00080_d2972_endpoint_heatmap.npy","graphs\dst3322_00080_d2972_entry_exit_per_segment.json","graphs\dst3322_00080_d2972_path_graph.json","previews\dst3322_00080_d2972_geometry_graph_preview.png","5047","0.274144","46","184","258","color_islands_cleaned|weak_direction_label"
"dst3322_00081_KT0042","train","train","train","米老鼠","dst_rendered","images\dst3322_00081_KT0042.png","labels\dst3322_00081_KT0042_mask.png","labels\dst3322_00081_KT0042_density.npy","labels\dst3322_00081_KT0042_direction_xy.npy","labels\dst3322_00081_KT0042_direction_axis.npy","labels\dst3322_00081_KT0042_direction_confidence.npy","labels\dst3322_00081_KT0042_boundary.png","labels\dst3322_00081_KT0042_centerline.png","labels\dst3322_00081_KT0042_color_layer.png","labels\dst3322_00081_KT0042_path_order.npy","previews\dst3322_00081_KT0042_path_order_preview.png","labels\dst3322_00081_KT0042_stitch_type_heuristic.png","labels\dst3322_00081_KT0042_entry_exit_keypoints.json","previews\dst3322_00081_KT0042_entry_exit_preview.png","previews\dst3322_00081_KT0042_direction_axis_preview.png","external/raw_embroidery/米老鼠KT0042.dst","7896","15502","0.236542","0.169543","0.676042","118.3","81.3","1.455105","0.51886","weak_direction_label","val","True","labels\dst3322_00081_KT0042_axis_valid_mask.png","labels\dst3322_00081_KT0042_cleaned_color_layer.png","previews\dst3322_00081_KT0042_cleaned_color_layer_preview.png","labels\dst3322_00081_KT0042_segment_id_map.npy","labels\dst3322_00081_KT0042_endpoint_heatmap.npy","graphs\dst3322_00081_KT0042_entry_exit_per_segment.json","graphs\dst3322_00081_KT0042_path_graph.json","previews\dst3322_00081_KT0042_geometry_graph_preview.png","5022","0.323958","51","204","523","color_islands_cleaned|weak_direction_label"
"dst3322_00082_CHIC1013","train","train","ood_test","CHIC","dst_rendered","images\dst3322_00082_CHIC1013.png","labels\dst3322_00082_CHIC1013_mask.png","labels\dst3322_00082_CHIC1013_density.npy","labels\dst3322_00082_CHIC1013_direction_xy.npy","labels\dst3322_00082_CHIC1013_direction_axis.npy","labels\dst3322_00082_CHIC1013_direction_confidence.npy","labels\dst3322_00082_CHIC1013_boundary.png","labels\dst3322_00082_CHIC1013_centerline.png","labels\dst3322_00082_CHIC1013_color_layer.png","labels\dst3322_00082_CHIC1013_path_order.npy","previews\dst3322_00082_CHIC1013_path_order_preview.png","labels\dst3322_00082_CHIC1013_stitch_type_heuristic.png","labels\dst3322_00082_CHIC1013_entry_exit_keypoints.json","previews\dst3322_00082_CHIC1013_entry_exit_preview.png","previews\dst3322_00082_CHIC1013_direction_axis_preview.png","external/raw_embroidery/CHIC1013.DST","24786","12114","0.184845","0.082158","0.941885","159.6","243.7","1.526942","1.06886","weak_direction_label","train","False","labels\dst3322_00082_CHIC1013_axis_valid_mask.png","labels\dst3322_00082_CHIC1013_cleaned_color_layer.png","previews\dst3322_00082_CHIC1013_cleaned_color_layer_preview.png","labels\dst3322_00082_CHIC1013_segment_id_map.npy","labels\dst3322_00082_CHIC1013_endpoint_heatmap.npy","graphs\dst3322_00082_CHIC1013_entry_exit_per_segment.json","graphs\dst3322_00082_CHIC1013_path_graph.json","previews\dst3322_00082_CHIC1013_geometry_graph_preview.png","704","0.058115","33","132","208","color_islands_cleaned|weak_direction_label"
"dst3322_00083_0106","train","val","ood_test","010","dst_rendered","images\dst3322_00083_0106.png","labels\dst3322_00083_0106_mask.png","labels\dst3322_00083_0106_density.npy","labels\dst3322_00083_0106_direction_xy.npy","labels\dst3322_00083_0106_direction_axis.npy","labels\dst3322_00083_0106_direction_confidence.npy","labels\dst3322_00083_0106_boundary.png","labels\dst3322_00083_0106_centerline.png","labels\dst3322_00083_0106_color_layer.png","labels\dst3322_00083_0106_path_order.npy","previews\dst3322_00083_0106_path_order_preview.png","labels\dst3322_00083_0106_stitch_type_heuristic.png","labels\dst3322_00083_0106_entry_exit_keypoints.json","previews\dst3322_00083_0106_entry_exit_preview.png","previews\dst3322_00083_0106_direction_axis_preview.png","external/raw_embroidery/0106.DST","6059","23802","0.36319","0.195792","0.596883","204.4","248.0","1.213307","1.087719","weak_direction_label","train","False","labels\dst3322_00083_0106_axis_valid_mask.png","labels\dst3322_00083_0106_cleaned_color_layer.png","previews\dst3322_00083_0106_cleaned_color_layer_preview.png","labels\dst3322_00083_0106_segment_id_map.npy","labels\dst3322_00083_0106_endpoint_heatmap.npy","graphs\dst3322_00083_0106_entry_exit_per_segment.json","graphs\dst3322_00083_0106_path_graph.json","previews\dst3322_00083_0106_geometry_graph_preview.png","9595","0.403117","6","24","11","color_islands_cleaned|weak_direction_label"
"dst3322_00084_ANIB1033","train","train","train","ANIB","dst_rendered","images\dst3322_00084_ANIB1033.png","labels\dst3322_00084_ANIB1033_mask.png","labels\dst3322_00084_ANIB1033_density.npy","labels\dst3322_00084_ANIB1033_direction_xy.npy","labels\dst3322_00084_ANIB1033_direction_axis.npy","labels\dst3322_00084_ANIB1033_direction_confidence.npy","labels\dst3322_00084_ANIB1033_boundary.png","labels\dst3322_00084_ANIB1033_centerline.png","labels\dst3322_00084_ANIB1033_color_layer.png","labels\dst3322_00084_ANIB1033_path_order.npy","previews\dst3322_00084_ANIB1033_path_order_preview.png","labels\dst3322_00084_ANIB1033_stitch_type_heuristic.png","labels\dst3322_00084_ANIB1033_entry_exit_keypoints.json","previews\dst3322_00084_ANIB1033_entry_exit_preview.png","previews\dst3322_00084_ANIB1033_direction_axis_preview.png","external/raw_embroidery/ANIB1033.DST","3880","13846","0.211273","0.184326","0.648202","64.4","40.4","1.594059","0.282456","weak_direction_label","test","True","labels\dst3322_00084_ANIB1033_axis_valid_mask.png","labels\dst3322_00084_ANIB1033_cleaned_color_layer.png","previews\dst3322_00084_ANIB1033_cleaned_color_layer_preview.png","labels\dst3322_00084_ANIB1033_segment_id_map.npy","labels\dst3322_00084_ANIB1033_endpoint_heatmap.npy","graphs\dst3322_00084_ANIB1033_entry_exit_per_segment.json","graphs\dst3322_00084_ANIB1033_path_graph.json","previews\dst3322_00084_ANIB1033_geometry_graph_preview.png","4871","0.351798","62","248","118","color_islands_cleaned|weak_direction_label"
"dst3322_00085_dh011","train","test","train","dh","dst_rendered","images\dst3322_00085_dh011.png","labels\dst3322_00085_dh011_mask.png","labels\dst3322_00085_dh011_density.npy","labels\dst3322_00085_dh011_direction_xy.npy","labels\dst3322_00085_dh011_direction_axis.npy","labels\dst3322_00085_dh011_direction_confidence.npy","labels\dst3322_00085_dh011_boundary.png","labels\dst3322_00085_dh011_centerline.png","labels\dst3322_00085_dh011_color_layer.png","labels\dst3322_00085_dh011_path_order.npy","previews\dst3322_00085_dh011_path_order_preview.png","labels\dst3322_00085_dh011_stitch_type_heuristic.png","labels\dst3322_00085_dh011_entry_exit_keypoints.json","previews\dst3322_00085_dh011_entry_exit_preview.png","previews\dst3322_00085_dh011_direction_axis_preview.png","external/raw_embroidery/dh011.dst","9549","11200","0.170898","0.115532","0.882232","194.8","235.1","1.206879","1.03114","weak_direction_label","test","True","labels\dst3322_00085_dh011_axis_valid_mask.png","labels\dst3322_00085_dh011_cleaned_color_layer.png","previews\dst3322_00085_dh011_cleaned_color_layer_preview.png","labels\dst3322_00085_dh011_segment_id_map.npy","labels\dst3322_00085_dh011_endpoint_heatmap.npy","graphs\dst3322_00085_dh011_entry_exit_per_segment.json","graphs\dst3322_00085_dh011_path_graph.json","previews\dst3322_00085_dh011_geometry_graph_preview.png","1319","0.117768","9","36","3","color_islands_cleaned|weak_direction_label"
"dst3322_00086_EMB882","train","train","ood_test","EMB","dst_rendered","images\dst3322_00086_EMB882.png","labels\dst3322_00086_EMB882_mask.png","labels\dst3322_00086_EMB882_density.npy","labels\dst3322_00086_EMB882_direction_xy.npy","labels\dst3322_00086_EMB882_direction_axis.npy","labels\dst3322_00086_EMB882_direction_confidence.npy","labels\dst3322_00086_EMB882_boundary.png","labels\dst3322_00086_EMB882_centerline.png","labels\dst3322_00086_EMB882_color_layer.png","labels\dst3322_00086_EMB882_path_order.npy","previews\dst3322_00086_EMB882_path_order_preview.png","labels\dst3322_00086_EMB882_stitch_type_heuristic.png","labels\dst3322_00086_EMB882_entry_exit_keypoints.json","previews\dst3322_00086_EMB882_entry_exit_preview.png","previews\dst3322_00086_EMB882_direction_axis_preview.png","external/raw_embroidery/EMB882.DST","8689","24323","0.37114","0.17655","0.658471","75.7","73.6","1.028533","0.332018","weak_direction_label","train","False","labels\dst3322_00086_EMB882_axis_valid_mask.png","labels\dst3322_00086_EMB882_cleaned_color_layer.png","previews\dst3322_00086_EMB882_cleaned_color_layer_preview.png","labels\dst3322_00086_EMB882_segment_id_map.npy","labels\dst3322_00086_EMB882_endpoint_heatmap.npy","graphs\dst3322_00086_EMB882_entry_exit_per_segment.json","graphs\dst3322_00086_EMB882_path_graph.json","previews\dst3322_00086_EMB882_geometry_graph_preview.png","8307","0.341529","60","240","210","color_islands_cleaned|weak_direction_label"
"dst3322_00087_49","train","train","train","49","dst_rendered","images\dst3322_00087_49.png","labels\dst3322_00087_49_mask.png","labels\dst3322_00087_49_density.npy","labels\dst3322_00087_49_direction_xy.npy","labels\dst3322_00087_49_direction_axis.npy","labels\dst3322_00087_49_direction_confidence.npy","labels\dst3322_00087_49_boundary.png","labels\dst3322_00087_49_centerline.png","labels\dst3322_00087_49_color_layer.png","labels\dst3322_00087_49_path_order.npy","previews\dst3322_00087_49_path_order_preview.png","labels\dst3322_00087_49_stitch_type_heuristic.png","labels\dst3322_00087_49_entry_exit_keypoints.json","previews\dst3322_00087_49_entry_exit_preview.png","previews\dst3322_00087_49_direction_axis_preview.png","external/raw_embroidery/49.DST","3292","10664","0.16272","0.178392","0.722806","89.4","96.6","1.080537","0.423684","weak_direction_label","val","True","labels\dst3322_00087_49_axis_valid_mask.png","labels\dst3322_00087_49_cleaned_color_layer.png","previews\dst3322_00087_49_cleaned_color_layer_preview.png","labels\dst3322_00087_49_segment_id_map.npy","labels\dst3322_00087_49_endpoint_heatmap.npy","graphs\dst3322_00087_49_entry_exit_per_segment.json","graphs\dst3322_00087_49_path_graph.json","previews\dst3322_00087_49_geometry_graph_preview.png","2956","0.277194","17","68","11","color_islands_cleaned|weak_direction_label"
"dst3322_00088_193","train","train","train","193","dst_rendered","images\dst3322_00088_193.png","labels\dst3322_00088_193_mask.png","labels\dst3322_00088_193_density.npy","labels\dst3322_00088_193_direction_xy.npy","labels\dst3322_00088_193_direction_axis.npy","labels\dst3322_00088_193_direction_confidence.npy","labels\dst3322_00088_193_boundary.png","labels\dst3322_00088_193_centerline.png","labels\dst3322_00088_193_color_layer.png","labels\dst3322_00088_193_path_order.npy","previews\dst3322_00088_193_path_order_preview.png","labels\dst3322_00088_193_stitch_type_heuristic.png","labels\dst3322_00088_193_entry_exit_keypoints.json","previews\dst3322_00088_193_entry_exit_preview.png","previews\dst3322_00088_193_direction_axis_preview.png","external/raw_embroidery/193.DST","10905","9030","0.137787","0.224578","0.642193","612.3","208.2","2.940922","2.685526","weak_direction_label","train","False","labels\dst3322_00088_193_axis_valid_mask.png","labels\dst3322_00088_193_cleaned_color_layer.png","previews\dst3322_00088_193_cleaned_color_layer_preview.png","labels\dst3322_00088_193_segment_id_map.npy","labels\dst3322_00088_193_endpoint_heatmap.npy","graphs\dst3322_00088_193_entry_exit_per_segment.json","graphs\dst3322_00088_193_path_graph.json","previews\dst3322_00088_193_geometry_graph_preview.png","3231","0.357807","23","92","11","color_islands_cleaned|weak_direction_label"
"dst3322_00089_ENB1D9","train","test","train","ENB","dst_rendered","images\dst3322_00089_ENB1D9.png","labels\dst3322_00089_ENB1D9_mask.png","labels\dst3322_00089_ENB1D9_density.npy","labels\dst3322_00089_ENB1D9_direction_xy.npy","labels\dst3322_00089_ENB1D9_direction_axis.npy","labels\dst3322_00089_ENB1D9_direction_confidence.npy","labels\dst3322_00089_ENB1D9_boundary.png","labels\dst3322_00089_ENB1D9_centerline.png","labels\dst3322_00089_ENB1D9_color_layer.png","labels\dst3322_00089_ENB1D9_path_order.npy","previews\dst3322_00089_ENB1D9_path_order_preview.png","labels\dst3322_00089_ENB1D9_stitch_type_heuristic.png","labels\dst3322_00089_ENB1D9_entry_exit_keypoints.json","previews\dst3322_00089_ENB1D9_entry_exit_preview.png","previews\dst3322_00089_ENB1D9_direction_axis_preview.png","external/raw_embroidery/ENB1D9.dst","2298","20885","0.31868","0.244982","0.462485","57.0","52.7","1.081594","0.25","","val","True","labels\dst3322_00089_ENB1D9_axis_valid_mask.png","labels\dst3322_00089_ENB1D9_cleaned_color_layer.png","previews\dst3322_00089_ENB1D9_cleaned_color_layer_preview.png","labels\dst3322_00089_ENB1D9_segment_id_map.npy","labels\dst3322_00089_ENB1D9_endpoint_heatmap.npy","graphs\dst3322_00089_ENB1D9_entry_exit_per_segment.json","graphs\dst3322_00089_ENB1D9_path_graph.json","previews\dst3322_00089_ENB1D9_geometry_graph_preview.png","11226","0.537515","7","28","1","color_islands_cleaned"
"dst3322_00090_ANIB2051","train","test","train","ANIB","dst_rendered","images\dst3322_00090_ANIB2051.png","labels\dst3322_00090_ANIB2051_mask.png","labels\dst3322_00090_ANIB2051_density.npy","labels\dst3322_00090_ANIB2051_direction_xy.npy","labels\dst3322_00090_ANIB2051_direction_axis.npy","labels\dst3322_00090_ANIB2051_direction_confidence.npy","labels\dst3322_00090_ANIB2051_boundary.png","labels\dst3322_00090_ANIB2051_centerline.png","labels\dst3322_00090_ANIB2051_color_layer.png","labels\dst3322_00090_ANIB2051_path_order.npy","previews\dst3322_00090_ANIB2051_path_order_preview.png","labels\dst3322_00090_ANIB2051_stitch_type_heuristic.png","labels\dst3322_00090_ANIB2051_entry_exit_keypoints.json","previews\dst3322_00090_ANIB2051_entry_exit_preview.png","previews\dst3322_00090_ANIB2051_direction_axis_preview.png","external/raw_embroidery/ANIB2051.DST","4046","18087","0.275986","0.200533","0.597999","37.9","49.4","1.30343","0.216667","weak_direction_label","test","True","labels\dst3322_00090_ANIB2051_axis_valid_mask.png","labels\dst3322_00090_ANIB2051_cleaned_color_layer.png","previews\dst3322_00090_ANIB2051_cleaned_color_layer_preview.png","labels\dst3322_00090_ANIB2051_segment_id_map.npy","labels\dst3322_00090_ANIB2051_endpoint_heatmap.npy","graphs\dst3322_00090_ANIB2051_entry_exit_per_segment.json","graphs\dst3322_00090_ANIB2051_path_graph.json","previews\dst3322_00090_ANIB2051_geometry_graph_preview.png","7271","0.402001","74","296","201","color_islands_cleaned|weak_direction_label"
"dst3322_00091_CHIB2004","train","train","train","CHIB","dst_rendered","images\dst3322_00091_CHIB2004.png","labels\dst3322_00091_CHIB2004_mask.png","labels\dst3322_00091_CHIB2004_density.npy","labels\dst3322_00091_CHIB2004_direction_xy.npy","labels\dst3322_00091_CHIB2004_direction_axis.npy","labels\dst3322_00091_CHIB2004_direction_confidence.npy","labels\dst3322_00091_CHIB2004_boundary.png","labels\dst3322_00091_CHIB2004_centerline.png","labels\dst3322_00091_CHIB2004_color_layer.png","labels\dst3322_00091_CHIB2004_path_order.npy","previews\dst3322_00091_CHIB2004_path_order_preview.png","labels\dst3322_00091_CHIB2004_stitch_type_heuristic.png","labels\dst3322_00091_CHIB2004_entry_exit_keypoints.json","previews\dst3322_00091_CHIB2004_entry_exit_preview.png","previews\dst3322_00091_CHIB2004_direction_axis_preview.png","external/raw_embroidery/CHIB2004.DST","1717","26698","0.407379","0.316613","0.343097","29.4","32.8","1.115646","0.14386","","train","False","labels\dst3322_00091_CHIB2004_axis_valid_mask.png","labels\dst3322_00091_CHIB2004_cleaned_color_layer.png","previews\dst3322_00091_CHIB2004_cleaned_color_layer_preview.png","labels\dst3322_00091_CHIB2004_segment_id_map.npy","labels\dst3322_00091_CHIB2004_endpoint_heatmap.npy","graphs\dst3322_00091_CHIB2004_entry_exit_per_segment.json","graphs\dst3322_00091_CHIB2004_path_graph.json","previews\dst3322_00091_CHIB2004_geometry_graph_preview.png","17538","0.656903","10","40","12","color_islands_cleaned"
"dst3322_00092_d2769","train","train","ood_test","d","dst_rendered","images\dst3322_00092_d2769.png","labels\dst3322_00092_d2769_mask.png","labels\dst3322_00092_d2769_density.npy","labels\dst3322_00092_d2769_direction_xy.npy","labels\dst3322_00092_d2769_direction_axis.npy","labels\dst3322_00092_d2769_direction_confidence.npy","labels\dst3322_00092_d2769_boundary.png","labels\dst3322_00092_d2769_centerline.png","labels\dst3322_00092_d2769_color_layer.png","labels\dst3322_00092_d2769_path_order.npy","previews\dst3322_00092_d2769_path_order_preview.png","labels\dst3322_00092_d2769_stitch_type_heuristic.png","labels\dst3322_00092_d2769_entry_exit_keypoints.json","previews\dst3322_00092_d2769_entry_exit_preview.png","previews\dst3322_00092_d2769_direction_axis_preview.png","external/raw_embroidery/d2769.dst","5473","18688","0.285156","0.143011","0.816085","106.3","105.6","1.006629","0.466228","weak_direction_label","train","False","labels\dst3322_00092_d2769_axis_valid_mask.png","labels\dst3322_00092_d2769_cleaned_color_layer.png","previews\dst3322_00092_d2769_cleaned_color_layer_preview.png","labels\dst3322_00092_d2769_segment_id_map.npy","labels\dst3322_00092_d2769_endpoint_heatmap.npy","graphs\dst3322_00092_d2769_entry_exit_per_segment.json","graphs\dst3322_00092_d2769_path_graph.json","previews\dst3322_00092_d2769_geometry_graph_preview.png","3437","0.183915","16","64","10","color_islands_cleaned|weak_direction_label"
"dst3322_00093_d2454","train","train","train","样d2","dst_rendered","images\dst3322_00093_d2454.png","labels\dst3322_00093_d2454_mask.png","labels\dst3322_00093_d2454_density.npy","labels\dst3322_00093_d2454_direction_xy.npy","labels\dst3322_00093_d2454_direction_axis.npy","labels\dst3322_00093_d2454_direction_confidence.npy","labels\dst3322_00093_d2454_boundary.png","labels\dst3322_00093_d2454_centerline.png","labels\dst3322_00093_d2454_color_layer.png","labels\dst3322_00093_d2454_path_order.npy","previews\dst3322_00093_d2454_path_order_preview.png","labels\dst3322_00093_d2454_stitch_type_heuristic.png","labels\dst3322_00093_d2454_entry_exit_keypoints.json","previews\dst3322_00093_d2454_entry_exit_preview.png","previews\dst3322_00093_d2454_direction_axis_preview.png","external/raw_embroidery/样d2454.dst","22719","17465","0.266495","0.082599","0.959805","179.8","263.8","1.467186","1.157018","weak_direction_label","train","False","labels\dst3322_00093_d2454_axis_valid_mask.png","labels\dst3322_00093_d2454_cleaned_color_layer.png","previews\dst3322_00093_d2454_cleaned_color_layer_preview.png","labels\dst3322_00093_d2454_segment_id_map.npy","labels\dst3322_00093_d2454_endpoint_heatmap.npy","graphs\dst3322_00093_d2454_entry_exit_per_segment.json","graphs\dst3322_00093_d2454_path_graph.json","previews\dst3322_00093_d2454_geometry_graph_preview.png","702","0.040195","94","376","179","color_islands_cleaned|low_axis_valid_coverage|weak_direction_label"
"dst3322_00094_CHIB1040","train","train","train","CHIB","dst_rendered","images\dst3322_00094_CHIB1040.png","labels\dst3322_00094_CHIB1040_mask.png","labels\dst3322_00094_CHIB1040_density.npy","labels\dst3322_00094_CHIB1040_direction_xy.npy","labels\dst3322_00094_CHIB1040_direction_axis.npy","labels\dst3322_00094_CHIB1040_direction_confidence.npy","labels\dst3322_00094_CHIB1040_boundary.png","labels\dst3322_00094_CHIB1040_centerline.png","labels\dst3322_00094_CHIB1040_color_layer.png","labels\dst3322_00094_CHIB1040_path_order.npy","previews\dst3322_00094_CHIB1040_path_order_preview.png","labels\dst3322_00094_CHIB1040_stitch_type_heuristic.png","labels\dst3322_00094_CHIB1040_entry_exit_keypoints.json","previews\dst3322_00094_CHIB1040_entry_exit_preview.png","previews\dst3322_00094_CHIB1040_direction_axis_preview.png","external/raw_embroidery/CHIB1040.DST","1271","8624","0.131592","0.313439","0.483998","41.0","47.3","1.153659","0.207456","","train","False","labels\dst3322_00094_CHIB1040_axis_valid_mask.png","labels\dst3322_00094_CHIB1040_cleaned_color_layer.png","previews\dst3322_00094_CHIB1040_cleaned_color_layer_preview.png","labels\dst3322_00094_CHIB1040_segment_id_map.npy","labels\dst3322_00094_CHIB1040_endpoint_heatmap.npy","graphs\dst3322_00094_CHIB1040_entry_exit_per_segment.json","graphs\dst3322_00094_CHIB1040_path_graph.json","previews\dst3322_00094_CHIB1040_geometry_graph_preview.png","4450","0.516002","6","24","3","color_islands_cleaned"
"dst3322_00095_CHIC1032","train","train","ood_test","CHIC","dst_rendered","images\dst3322_00095_CHIC1032.png","labels\dst3322_00095_CHIC1032_mask.png","labels\dst3322_00095_CHIC1032_density.npy","labels\dst3322_00095_CHIC1032_direction_xy.npy","labels\dst3322_00095_CHIC1032_direction_axis.npy","labels\dst3322_00095_CHIC1032_direction_confidence.npy","labels\dst3322_00095_CHIC1032_boundary.png","labels\dst3322_00095_CHIC1032_centerline.png","labels\dst3322_00095_CHIC1032_color_layer.png","labels\dst3322_00095_CHIC1032_path_order.npy","previews\dst3322_00095_CHIC1032_path_order_preview.png","labels\dst3322_00095_CHIC1032_stitch_type_heuristic.png","labels\dst3322_00095_CHIC1032_entry_exit_keypoints.json","previews\dst3322_00095_CHIC1032_entry_exit_preview.png","previews\dst3322_00095_CHIC1032_direction_axis_preview.png","external/raw_embroidery/CHIC1032.DST","9027","21159","0.322861","0.134029","0.771539","80.6","112.5","1.395782","0.493421","weak_direction_label","train","False","labels\dst3322_00095_CHIC1032_axis_valid_mask.png","labels\dst3322_00095_CHIC1032_cleaned_color_layer.png","previews\dst3322_00095_CHIC1032_cleaned_color_layer_preview.png","labels\dst3322_00095_CHIC1032_segment_id_map.npy","labels\dst3322_00095_CHIC1032_endpoint_heatmap.npy","graphs\dst3322_00095_CHIC1032_entry_exit_per_segment.json","graphs\dst3322_00095_CHIC1032_path_graph.json","previews\dst3322_00095_CHIC1032_geometry_graph_preview.png","4834","0.228461","15","60","66","color_islands_cleaned|weak_direction_label"
"dst3322_00096_21","train","train","train","21","dst_rendered","images\dst3322_00096_21.png","labels\dst3322_00096_21_mask.png","labels\dst3322_00096_21_density.npy","labels\dst3322_00096_21_direction_xy.npy","labels\dst3322_00096_21_direction_axis.npy","labels\dst3322_00096_21_direction_confidence.npy","labels\dst3322_00096_21_boundary.png","labels\dst3322_00096_21_centerline.png","labels\dst3322_00096_21_color_layer.png","labels\dst3322_00096_21_path_order.npy","previews\dst3322_00096_21_path_order_preview.png","labels\dst3322_00096_21_stitch_type_heuristic.png","labels\dst3322_00096_21_entry_exit_keypoints.json","previews\dst3322_00096_21_entry_exit_preview.png","previews\dst3322_00096_21_direction_axis_preview.png","external/raw_embroidery/21.dst","17282","21980","0.335388","0.116248","0.843858","99.1","91.4","1.084245","0.434649","weak_direction_label","train","False","labels\dst3322_00096_21_axis_valid_mask.png","labels\dst3322_00096_21_cleaned_color_layer.png","previews\dst3322_00096_21_cleaned_color_layer_preview.png","labels\dst3322_00096_21_segment_id_map.npy","labels\dst3322_00096_21_endpoint_heatmap.npy","graphs\dst3322_00096_21_entry_exit_per_segment.json","graphs\dst3322_00096_21_path_graph.json","previews\dst3322_00096_21_geometry_graph_preview.png","3432","0.156142","106","424","594","color_islands_cleaned|weak_direction_label"
"dst3322_00097_ANIB1002","train","train","train","ANIB","dst_rendered","images\dst3322_00097_ANIB1002.png","labels\dst3322_00097_ANIB1002_mask.png","labels\dst3322_00097_ANIB1002_density.npy","labels\dst3322_00097_ANIB1002_direction_xy.npy","labels\dst3322_00097_ANIB1002_direction_axis.npy","labels\dst3322_00097_ANIB1002_direction_confidence.npy","labels\dst3322_00097_ANIB1002_boundary.png","labels\dst3322_00097_ANIB1002_centerline.png","labels\dst3322_00097_ANIB1002_color_layer.png","labels\dst3322_00097_ANIB1002_path_order.npy","previews\dst3322_00097_ANIB1002_path_order_preview.png","labels\dst3322_00097_ANIB1002_stitch_type_heuristic.png","labels\dst3322_00097_ANIB1002_entry_exit_keypoints.json","previews\dst3322_00097_ANIB1002_entry_exit_preview.png","previews\dst3322_00097_ANIB1002_direction_axis_preview.png","external/raw_embroidery/ANIB1002.DST","4728","23002","0.350983","0.183295","0.61512","41.6","49.7","1.194712","0.217982","weak_direction_label","val","True","labels\dst3322_00097_ANIB1002_axis_valid_mask.png","labels\dst3322_00097_ANIB1002_cleaned_color_layer.png","","labels\dst3322_00097_ANIB1002_segment_id_map.npy","labels\dst3322_00097_ANIB1002_endpoint_heatmap.npy","graphs\dst3322_00097_ANIB1002_entry_exit_per_segment.json","graphs\dst3322_00097_ANIB1002_path_graph.json","","8853","0.38488","34","136","114","color_islands_cleaned|weak_direction_label"
"dst3322_00098_PLFL4030","train","train","train","PLFL","dst_rendered","images\dst3322_00098_PLFL4030.png","labels\dst3322_00098_PLFL4030_mask.png","labels\dst3322_00098_PLFL4030_density.npy","labels\dst3322_00098_PLFL4030_direction_xy.npy","labels\dst3322_00098_PLFL4030_direction_axis.npy","labels\dst3322_00098_PLFL4030_direction_confidence.npy","labels\dst3322_00098_PLFL4030_boundary.png","labels\dst3322_00098_PLFL4030_centerline.png","labels\dst3322_00098_PLFL4030_color_layer.png","labels\dst3322_00098_PLFL4030_path_order.npy","previews\dst3322_00098_PLFL4030_path_order_preview.png","labels\dst3322_00098_PLFL4030_stitch_type_heuristic.png","labels\dst3322_00098_PLFL4030_entry_exit_keypoints.json","previews\dst3322_00098_PLFL4030_entry_exit_preview.png","previews\dst3322_00098_PLFL4030_direction_axis_preview.png","external/raw_embroidery/PLFL4030.dst","3050","22167","0.338242","0.206504","0.576758","66.0","66.8","1.012121","0.292982","weak_direction_label","test","True","labels\dst3322_00098_PLFL4030_axis_valid_mask.png","labels\dst3322_00098_PLFL4030_cleaned_color_layer.png","","labels\dst3322_00098_PLFL4030_segment_id_map.npy","labels\dst3322_00098_PLFL4030_endpoint_heatmap.npy","graphs\dst3322_00098_PLFL4030_entry_exit_per_segment.json","graphs\dst3322_00098_PLFL4030_path_graph.json","","9382","0.423242","4","12","3","color_islands_cleaned|weak_direction_label"
"dst3322_00099_172","train","test","ood_val","172","dst_rendered","images\dst3322_00099_172.png","labels\dst3322_00099_172_mask.png","labels\dst3322_00099_172_density.npy","labels\dst3322_00099_172_direction_xy.npy","labels\dst3322_00099_172_direction_axis.npy","labels\dst3322_00099_172_direction_confidence.npy","labels\dst3322_00099_172_boundary.png","labels\dst3322_00099_172_centerline.png","labels\dst3322_00099_172_color_layer.png","labels\dst3322_00099_172_path_order.npy","previews\dst3322_00099_172_path_order_preview.png","labels\dst3322_00099_172_stitch_type_heuristic.png","labels\dst3322_00099_172_entry_exit_keypoints.json","previews\dst3322_00099_172_entry_exit_preview.png","previews\dst3322_00099_172_direction_axis_preview.png","external/raw_embroidery/172.DST","8155","29346","0.447784","0.19816","0.586997","68.3","55.4","1.232852","0.299561","weak_direction_label","train","False","labels\dst3322_00099_172_axis_valid_mask.png","labels\dst3322_00099_172_cleaned_color_layer.png","","labels\dst3322_00099_172_segment_id_map.npy","labels\dst3322_00099_172_endpoint_heatmap.npy","graphs\dst3322_00099_172_entry_exit_per_segment.json","graphs\dst3322_00099_172_path_graph.json","","12120","0.413003","37","148","186","color_islands_cleaned|weak_direction_label"
"dst3322_00100_dh015","train","test","train","dh","dst_rendered","images\dst3322_00100_dh015.png","labels\dst3322_00100_dh015_mask.png","labels\dst3322_00100_dh015_density.npy","labels\dst3322_00100_dh015_direction_xy.npy","labels\dst3322_00100_dh015_direction_axis.npy","labels\dst3322_00100_dh015_direction_confidence.npy","labels\dst3322_00100_dh015_boundary.png","labels\dst3322_00100_dh015_centerline.png","labels\dst3322_00100_dh015_color_layer.png","labels\dst3322_00100_dh015_path_order.npy","previews\dst3322_00100_dh015_path_order_preview.png","labels\dst3322_00100_dh015_stitch_type_heuristic.png","labels\dst3322_00100_dh015_entry_exit_keypoints.json","previews\dst3322_00100_dh015_entry_exit_preview.png","previews\dst3322_00100_dh015_direction_axis_preview.png","external/raw_embroidery/dh015.dst","14856","13974","0.213226","0.169305","0.745241","221.8","249.6","1.125338","1.094737","weak_direction_label","train","False","labels\dst3322_00100_dh015_axis_valid_mask.png","labels\dst3322_00100_dh015_cleaned_color_layer.png","","labels\dst3322_00100_dh015_segment_id_map.npy","labels\dst3322_00100_dh015_endpoint_heatmap.npy","graphs\dst3322_00100_dh015_entry_exit_per_segment.json","graphs\dst3322_00100_dh015_path_graph.json","","3560","0.254759","20","80","4","color_islands_cleaned|weak_direction_label"
