validation_mode,heldout_group,holdout_column,sample_id,source_name,category,seed_source,candidate,candidate_family,teacher_family,predicted_family,correct,prediction_score,teacher_weight,score_base_keep,score_running_line,score_auto_running,score_auto_fill,score_fill_tatami_like,score_satin_like,score_outline_border,score_reject,raw_predicted_family,deployed_family,deployment_reason,selector_margin_vs_reject,deployment_correct
source_held_out,OpenMoji,source_name,omj_001,OpenMoji,heart,candidate_selector,mask_fill_rows16_c6,fill_tatami_like,reject,reject,1,0.06430565,0.75,-0.08321666,-0.00450444,0.00628361,0.01592391,0.04133303,0.00343167,0.0,0.06430565,reject,reject,keep_selector_prediction,0.02297262,1
source_held_out,OpenMoji,source_name,omj_001,OpenMoji,heart,candidate_selector,mask_fill_edgewalk_rows16_p40,fill_tatami_like,fill_tatami_like,auto_fill,0,0.15968128,1.0,-0.13777095,0.09635884,0.04336873,0.15968128,0.12229786,0.01258559,0.0,-0.8820127,auto_fill,auto_fill,keep_selector_prediction,1.04169398,0
source_held_out,OpenMoji,source_name,omj_001,OpenMoji,heart,candidate_selector,mask_fill_edgewalk_outline_ext_in3_rows16_p40,outline_border,reject,auto_fill,0,0.14891828,0.75,-0.12967064,0.08868659,0.03578287,0.14891828,0.09348509,0.01294165,0.0,-0.74266654,auto_fill,auto_fill,keep_selector_prediction,0.89158482,0
source_held_out,OpenMoji,source_name,omj_001,OpenMoji,heart,candidate_selector,mask_fill_edgewalk_styleaware_r008_d45,style_aware_mixed,reject,auto_fill,0,0.16491111,0.75,-0.13436071,0.09788435,0.03830418,0.16491111,0.09714239,0.01301384,0.0,-0.8228772,auto_fill,auto_fill,keep_selector_prediction,0.98778831,0
source_held_out,OpenMoji,source_name,omj_002,OpenMoji,star,candidate_selector,auto_evalrepair_r10_c20,auto_fill,auto_fill,auto_fill,1,0.33733505,1.0,-0.14379234,0.07632622,-0.0118861,0.33733505,0.06422143,0.00638003,0.0,-0.98192484,auto_fill,auto_fill,keep_selector_prediction,1.31925989,1
source_held_out,OpenMoji,source_name,omj_002,OpenMoji,star,candidate_selector,mask_fill_rows16_c6,fill_tatami_like,reject,reject,1,0.04664984,0.75,-0.08425571,-0.00077119,0.00353409,0.02111025,0.04220244,0.00328773,0.0,0.04664984,reject,reject,keep_selector_prediction,0.0044474,1
source_held_out,OpenMoji,source_name,omj_003,OpenMoji,butterfly,candidate_selector,mask_fill_rows16_c6,fill_tatami_like,reject,reject,1,0.12777333,0.75,-0.07956194,-0.00968964,0.00194304,0.00824415,0.03399134,0.00310242,0.0,0.12777333,reject,reject,keep_selector_prediction,0.09378199,1
source_held_out,OpenMoji,source_name,omj_003,OpenMoji,butterfly,candidate_selector,mask_fill_edgewalk_rows16_p40,fill_tatami_like,fill_tatami_like,auto_fill,0,0.1272756,1.0,-0.12568122,0.07451591,0.03458152,0.1272756,0.10495763,0.01053599,0.0,-0.6722347,auto_fill,auto_fill,keep_selector_prediction,0.7995103,0
source_held_out,OpenMoji,source_name,omj_004,OpenMoji,fish,candidate_selector,auto_evalrepair_r10_c20,auto_fill,auto_fill,auto_fill,1,0.22895138,1.0,-0.11488713,0.01969785,-0.00461494,0.22895138,0.02941479,0.00230621,0.0,-0.48122076,auto_fill,auto_fill,keep_selector_prediction,0.71017214,1
source_held_out,OpenMoji,source_name,omj_004,OpenMoji,fish,candidate_selector,mask_fill_rows16_c6,fill_tatami_like,reject,reject,1,0.21143367,0.75,-0.07474527,-0.01983929,0.00106472,-0.00617298,0.02753779,0.00209642,0.0,0.21143367,reject,reject,keep_selector_prediction,0.18389588,1
source_held_out,OpenMoji,source_name,omj_004,OpenMoji,fish,candidate_selector,mask_fill_edgewalk_rows16_p40,fill_tatami_like,reject,reject,1,0.22424839,0.75,-0.07403338,-0.02139482,-0.00295287,-0.00242985,0.02542492,0.00079566,0.0,0.22424839,reject,reject,keep_selector_prediction,0.19882347,1
source_held_out,OpenMoji,source_name,omj_004,OpenMoji,fish,candidate_selector,mask_fill_edgewalk_outline_ext_in3_rows16_p40,outline_border,reject,reject,1,0.18965261,0.75,-0.07595588,-0.01113386,-0.00192488,0.01173535,0.01164881,0.00301615,0.0,0.18965261,reject,reject,keep_selector_prediction,0.17791726,1
source_held_out,OpenMoji,source_name,omj_004,OpenMoji,fish,candidate_selector,mask_fill_edgewalk_styleaware_r008_d45,style_aware_mixed,reject,reject,1,0.28338389,0.75,-0.07062314,-0.01986931,-0.00801741,0.00279999,0.00026945,0.0012239,0.0,0.28338389,reject,reject,keep_selector_prediction,0.2805839,1
source_held_out,OpenMoji,source_name,omj_005,OpenMoji,sun,candidate_selector,auto_evalrepair_r10_c20,auto_fill,reject,auto_fill,0,0.17577987,0.75,-0.08699539,-0.03367186,-0.03788068,0.17577987,-0.01628121,-0.00234443,0.0,0.00277441,auto_fill,reject,risk_margin_reject,0.17300546,1
source_held_out,OpenMoji,source_name,omj_005,OpenMoji,sun,candidate_selector,auto_r10_c16,auto_fill,reject,auto_fill,0,0.17734767,0.75,-0.0867206,-0.03323667,-0.04015273,0.17734767,-0.01783682,-0.0024215,0.0,0.00760904,auto_fill,reject,risk_margin_reject,0.16973863,1
source_held_out,OpenMoji,source_name,omj_005,OpenMoji,sun,candidate_selector,auto_r10_c20,auto_fill,reject,auto_fill,0,0.17734767,0.75,-0.0867206,-0.03323667,-0.04015273,0.17734767,-0.01783682,-0.0024215,0.0,0.00760904,auto_fill,reject,risk_margin_reject,0.16973863,1
source_held_out,OpenMoji,source_name,omj_005,OpenMoji,sun,candidate_selector,auto_r125_c16,auto_fill,reject,auto_fill,0,0.17734767,0.75,-0.0867206,-0.03323667,-0.04015273,0.17734767,-0.01783682,-0.0024215,0.0,0.00760904,auto_fill,reject,risk_margin_reject,0.16973863,1
source_held_out,OpenMoji,source_name,omj_005,OpenMoji,sun,candidate_selector,auto_r125_c20,auto_fill,reject,auto_fill,0,0.17734767,0.75,-0.0867206,-0.03323667,-0.04015273,0.17734767,-0.01783682,-0.0024215,0.0,0.00760904,auto_fill,reject,risk_margin_reject,0.16973863,1
source_held_out,OpenMoji,source_name,omj_005,OpenMoji,sun,candidate_selector,auto_skel_c12,running_line,reject,reject,1,0.17753513,0.75,-0.07698314,0.10282522,-0.03766576,-0.01616108,-0.02923368,-0.00244993,0.0,0.17753513,reject,reject,keep_selector_prediction,0.07470991,1
source_held_out,OpenMoji,source_name,omj_005,OpenMoji,sun,candidate_selector,mask_fill_rows16_c6,fill_tatami_like,reject,auto_fill,0,0.05590837,0.75,-0.09132446,0.01886465,-0.00785737,0.05590837,0.04649511,0.00384424,0.0,-0.07548507,auto_fill,reject,risk_margin_reject,0.13139344,1
source_held_out,OpenMoji,source_name,omj_005,OpenMoji,sun,candidate_selector,mask_fill_edgewalk_rows16_p40,fill_tatami_like,fill_tatami_like,auto_fill,0,0.11462141,1.0,-0.11995936,0.06498298,0.02781372,0.11462141,0.09613525,0.00911991,0.0,-0.57266975,auto_fill,auto_fill,keep_selector_prediction,0.68729116,0
source_held_out,OpenMoji,source_name,omj_006,OpenMoji,cherry_blossom,candidate_selector,mask_fill_rows16_c6,fill_tatami_like,reject,fill_tatami_like,0,0.04427843,0.75,-0.08715885,0.00811432,-0.00343771,0.03700054,0.04427843,0.00271772,0.0,-0.00291271,fill_tatami_like,reject,risk_margin_reject,0.04719114,1
source_held_out,OpenMoji,source_name,omj_006,OpenMoji,cherry_blossom,candidate_selector,mask_fill_edgewalk_rows16_p40,fill_tatami_like,fill_tatami_like,auto_fill,0,0.12982211,1.0,-0.12436352,0.07209183,0.02971582,0.12982211,0.10211379,0.00837147,0.0,-0.64823162,auto_fill,auto_fill,keep_selector_prediction,0.77805373,0
source_held_out,OpenMoji,source_name,omj_006,OpenMoji,cherry_blossom,candidate_selector,mask_fill_edgewalk_outline_ext_in3_rows16_p40,outline_border,reject,auto_fill,0,0.11442985,0.75,-0.11425524,0.06098099,0.02004436,0.11442985,0.07014304,0.00832625,0.0,-0.47401197,auto_fill,auto_fill,keep_selector_prediction,0.58844182,0
source_held_out,OpenMoji,source_name,omj_006,OpenMoji,cherry_blossom,candidate_selector,mask_fill_edgewalk_styleaware_r008_d45,style_aware_mixed,reject,auto_fill,0,0.13505194,0.75,-0.12095328,0.07361734,0.02465127,0.13505194,0.07695832,0.00879972,0.0,-0.58909612,auto_fill,auto_fill,keep_selector_prediction,0.72414806,0
source_held_out,OpenMoji,source_name,omj_007,OpenMoji,ribbon,candidate_selector,auto_evalrepair_r10_c20,auto_fill,auto_fill,auto_fill,1,0.21963734,1.0,-0.10228536,-0.00084817,-0.03325653,0.21963734,0.00434714,-0.00022444,0.0,-0.26224462,auto_fill,auto_fill,keep_selector_prediction,0.48188196,1
source_held_out,OpenMoji,source_name,omj_007,OpenMoji,ribbon,candidate_selector,mask_fill_rows16_c6,fill_tatami_like,reject,reject,1,0.34203004,0.75,-0.06720555,-0.03349966,0.00042912,-0.0272806,0.0117738,0.0022161,0.0,0.34203004,reject,reject,keep_selector_prediction,0.33025624,1
source_held_out,OpenMoji,source_name,omj_007,OpenMoji,ribbon,candidate_selector,mask_fill_edgewalk_rows16_p40,fill_tatami_like,reject,reject,1,0.32909442,0.75,-0.06795423,-0.03298772,0.00126035,-0.02730759,0.01581362,0.00184677,0.0,0.32909442,reject,reject,keep_selector_prediction,0.3132808,1
source_held_out,OpenMoji,source_name,omj_007,OpenMoji,ribbon,candidate_selector,mask_fill_edgewalk_outline_ext_in3_rows16_p40,outline_border,reject,reject,1,0.26957245,0.75,-0.07131436,-0.02012386,0.00342658,-0.00950585,0.00421938,0.0043008,0.0,0.26957245,reject,reject,keep_selector_prediction,0.26527165,1
source_held_out,OpenMoji,source_name,omj_007,OpenMoji,ribbon,candidate_selector,mask_fill_edgewalk_styleaware_r008_d45,style_aware_mixed,reject,reject,1,0.38822992,0.75,-0.06454398,-0.03146221,-0.0038042,-0.02207775,-0.00934185,0.00227502,0.0,0.38822992,reject,reject,keep_selector_prediction,0.3859549,1
source_held_out,OpenMoji,source_name,omj_008,OpenMoji,paw_prints,candidate_selector,auto_evalrepair_r10_c20,auto_fill,reject,auto_fill,0,0.19085007,0.75,-0.08940741,-0.02449894,-0.04705218,0.19085007,-0.01410048,-0.00415809,0.0,-0.03739381,auto_fill,auto_fill,keep_selector_prediction,0.22824388,0
source_held_out,OpenMoji,source_name,omj_008,OpenMoji,paw_prints,candidate_selector,auto_r10_c16,auto_fill,reject,auto_fill,0,0.1910813,0.75,-0.08937274,-0.02443064,-0.04736618,0.1910813,-0.01431753,-0.00416594,0.0,-0.03678438,auto_fill,auto_fill,keep_selector_prediction,0.22786568,0
source_held_out,OpenMoji,source_name,omj_008,OpenMoji,paw_prints,candidate_selector,auto_r10_c20,auto_fill,reject,auto_fill,0,0.1910813,0.75,-0.08937274,-0.02443064,-0.04736618,0.1910813,-0.01431753,-0.00416594,0.0,-0.03678438,auto_fill,auto_fill,keep_selector_prediction,0.22786568,0
source_held_out,OpenMoji,source_name,omj_008,OpenMoji,paw_prints,candidate_selector,auto_r125_c16,auto_fill,reject,auto_fill,0,0.1910813,0.75,-0.08937274,-0.02443064,-0.04736618,0.1910813,-0.01431753,-0.00416594,0.0,-0.03678438,auto_fill,auto_fill,keep_selector_prediction,0.22786568,0
source_held_out,OpenMoji,source_name,omj_008,OpenMoji,paw_prints,candidate_selector,auto_r125_c20,auto_fill,reject,auto_fill,0,0.1910813,0.75,-0.08937274,-0.02443064,-0.04736618,0.1910813,-0.01431753,-0.00416594,0.0,-0.03678438,auto_fill,auto_fill,keep_selector_prediction,0.22786568,0
source_held_out,OpenMoji,source_name,omj_008,OpenMoji,paw_prints,candidate_selector,auto_skel_c12,running_line,reject,reject,1,0.13314171,0.75,-0.07963528,0.11163125,-0.04487921,-0.00242745,-0.02571439,-0.00419436,0.0,0.13314171,reject,reject,keep_selector_prediction,0.02151046,1
source_held_out,OpenMoji,source_name,omj_008,OpenMoji,paw_prints,candidate_selector,mask_fill_rows16_c6,fill_tatami_like,reject,auto_fill,0,0.0700191,0.75,-0.09280906,0.02627664,-0.01918051,0.0700191,0.04765758,0.00136914,0.0,-0.09917717,auto_fill,reject,risk_margin_reject,0.16919627,1
source_held_out,OpenMoji,source_name,omj_008,OpenMoji,paw_prints,candidate_selector,mask_fill_edgewalk_outline_ext_in3_rows16_p40,outline_border,outline_border,auto_fill,0,0.13961142,1.0,-0.12469379,0.081778,0.02500406,0.13961142,0.0891538,0.00899323,0.0,-0.6541442,auto_fill,auto_fill,keep_selector_prediction,0.79375562,0
source_held_out,OpenMoji,source_name,omj_009,OpenMoji,lady_beetle,candidate_selector,auto_evalrepair_r10_c20,auto_fill,auto_fill,auto_fill,1,0.29064764,1.0,-0.12668888,0.04520594,-0.02247015,0.29064764,0.03885208,0.00363248,0.0,-0.68535786,auto_fill,auto_fill,keep_selector_prediction,0.9760055,1
source_held_out,OpenMoji,source_name,omj_009,OpenMoji,lady_beetle,candidate_selector,mask_fill_rows16_c6,fill_tatami_like,reject,reject,1,0.27709957,0.75,-0.0709738,-0.02760686,0.00156568,-0.01987588,0.02344313,0.00135151,0.0,0.27709957,reject,reject,keep_selector_prediction,0.25365644,1
source_held_out,OpenMoji,source_name,omj_009,OpenMoji,lady_beetle,candidate_selector,mask_fill_edgewalk_rows16_p40,fill_tatami_like,reject,auto_fill,0,0.06779864,0.75,-0.10088229,0.02953258,0.01276086,0.06779864,0.06734925,0.00475074,0.0,-0.24107889,auto_fill,auto_fill,keep_selector_prediction,0.30887753,0
source_held_out,OpenMoji,source_name,omj_009,OpenMoji,lady_beetle,candidate_selector,mask_fill_edgewalk_outline_ext_in3_rows16_p40,outline_border,reject,auto_fill,0,0.0524606,0.75,-0.0908066,0.01846656,0.00316026,0.0524606,0.03541635,0.0047265,0.0,-0.06743515,auto_fill,reject,risk_margin_reject,0.11989575,1
source_held_out,OpenMoji,source_name,omj_009,OpenMoji,lady_beetle,candidate_selector,mask_fill_edgewalk_styleaware_r008_d45,style_aware_mixed,reject,auto_fill,0,0.07302847,0.75,-0.09747205,0.03105809,0.00769632,0.07302847,0.04219378,0.00517898,0.0,-0.18194339,auto_fill,auto_fill,keep_selector_prediction,0.25497186,0
source_held_out,OpenMoji,source_name,omj_010,OpenMoji,seedling,candidate_selector,auto_evalrepair_r10_c20,auto_running,auto_running,auto_running,1,0.20081641,1.0,-0.0917616,0.00453533,0.20081641,-0.10974501,0.02092234,0.00479502,0.0,-0.08581047,auto_running,auto_running,keep_selector_prediction,0.28662688,1
source_held_out,OpenMoji,source_name,omj_001,OpenMoji,heart,stitch_type_teacher,dtsatin_safeadt_light,satin_like,satin_like,reject,0,0.25631023,1.25,-0.07172392,-0.01850721,-0.00081208,-0.00166615,-0.00157094,0.01105444,0.0,0.25631023,reject,reject,keep_selector_prediction,0.24525579,0
source_held_out,OpenMoji,source_name,omj_001,OpenMoji,heart,stitch_type_teacher,satinrail_w4_s18_i4_cap40,satin_like,reject,reject,1,0.3834331,0.75,-0.06398506,-0.02950818,-0.0110989,-0.01751901,-0.01141436,0.00714309,0.0,0.3834331,reject,reject,keep_selector_prediction,0.37629001,1
source_held_out,OpenMoji,source_name,omj_002,OpenMoji,star,stitch_type_teacher,base_keep,base_keep,base_keep,base_keep,1,0.77736434,1.0,0.77736434,-0.02861525,-0.0206016,0.02125399,0.01208425,-0.00124864,0.0,-2.28146044,base_keep,base_keep,keep_selector_prediction,3.05882478,1
source_held_out,OpenMoji,source_name,omj_002,OpenMoji,star,stitch_type_teacher,satinrail_safeadt_light,satin_like,reject,reject,1,0.35459449,0.75,-0.06613827,-0.02879304,-0.00614603,-0.01271473,-0.01070432,0.00787277,0.0,0.35459449,reject,reject,keep_selector_prediction,0.34672172,1
source_held_out,OpenMoji,source_name,omj_002,OpenMoji,star,stitch_type_teacher,dtsatin_safeadt_light,satin_like,reject,reject,1,0.34249971,0.75,-0.06687363,-0.02771835,-0.00524579,-0.01115244,-0.00974735,0.00821374,0.0,0.34249971,reject,reject,keep_selector_prediction,0.33428597,1
source_held_out,OpenMoji,source_name,omj_002,OpenMoji,star,stitch_type_teacher,satinrail_w4_s18_i4_cap40,satin_like,reject,reject,1,0.47121092,0.75,-0.05904085,-0.03892847,-0.01539828,-0.02741372,-0.01976423,0.00434406,0.0,0.47121092,reject,reject,keep_selector_prediction,0.46686686,1
source_held_out,OpenMoji,source_name,omj_002,OpenMoji,star,stitch_type_teacher,satinrail_w5_s16_i5_cap45,satin_like,reject,reject,1,0.44381519,0.75,-0.06071155,-0.03659676,-0.01289187,-0.02428277,-0.01766546,0.00526251,0.0,0.44381519,reject,reject,keep_selector_prediction,0.43855268,1
source_held_out,OpenMoji,source_name,omj_003,OpenMoji,butterfly,stitch_type_teacher,dtsatin_safeadt_light,satin_like,satin_like,reject,0,0.32245593,1.25,-0.06822821,-0.02710937,-5.212e-05,-0.01387558,-0.00809726,0.01234653,0.0,0.32245593,reject,reject,keep_selector_prediction,0.3101094,0
source_held_out,OpenMoji,source_name,omj_003,OpenMoji,butterfly,stitch_type_teacher,satinrail_w4_s18_i4_cap40,satin_like,reject,reject,1,0.52824869,0.75,-0.0559114,-0.0467931,-0.01390833,-0.03988109,-0.02530301,0.00714254,0.0,0.52824869,reject,reject,keep_selector_prediction,0.52110615,1
source_held_out,OpenMoji,source_name,omj_004,OpenMoji,fish,stitch_type_teacher,base_keep,base_keep,base_keep,base_keep,1,0.78334294,1.0,0.78334294,-0.04112106,-0.02120449,0.00444931,0.00157722,-0.00107429,0.0,-2.17855345,base_keep,base_keep,keep_selector_prediction,2.96189639,1
source_held_out,OpenMoji,source_name,omj_004,OpenMoji,fish,stitch_type_teacher,satinrail_safeadt_light,satin_like,reject,reject,1,0.29905155,0.75,-0.06929383,-0.0234501,-0.00115531,-0.00841864,-0.00469716,0.00916398,0.0,0.29905155,reject,reject,keep_selector_prediction,0.28988757,1
source_held_out,OpenMoji,source_name,omj_004,OpenMoji,fish,stitch_type_teacher,dtsatin_safeadt_light,satin_like,reject,reject,1,0.28728054,0.75,-0.0700101,-0.02242379,-0.00025335,-0.00690233,-0.00378082,0.00951275,0.0,0.28728054,reject,reject,keep_selector_prediction,0.27776779,1
source_held_out,OpenMoji,source_name,omj_004,OpenMoji,fish,stitch_type_teacher,satinrail_w4_s18_i4_cap40,satin_like,reject,reject,1,0.42830964,0.75,-0.0614234,-0.03461676,-0.01174621,-0.02440982,-0.01469487,0.00515145,0.0,0.42830964,reject,reject,keep_selector_prediction,0.42315819,1
source_held_out,OpenMoji,source_name,omj_004,OpenMoji,fish,stitch_type_teacher,satinrail_w5_s16_i5_cap45,satin_like,reject,reject,1,0.38920633,0.75,-0.06380619,-0.03130131,-0.00837774,-0.01967983,-0.01171666,0.00643286,0.0,0.38920633,reject,reject,keep_selector_prediction,0.38277347,1
source_held_out,OpenMoji,source_name,omj_005,OpenMoji,sun,stitch_type_teacher,dtsatin_safeadt_light,satin_like,satin_like,reject,0,0.14414556,1.25,-0.07864953,-0.00853483,0.00742313,0.01295903,0.00717129,0.01447799,0.0,0.14414556,reject,reject,keep_selector_prediction,0.12966757,0
source_held_out,OpenMoji,source_name,omj_006,OpenMoji,cherry_blossom,stitch_type_teacher,base_keep,base_keep,base_keep,base_keep,1,0.77784735,1.0,0.77784735,-0.02967343,-0.01864143,0.01790341,0.01126664,-0.00113944,0.0,-2.27337294,base_keep,base_keep,keep_selector_prediction,3.05122029,1
source_held_out,OpenMoji,source_name,omj_006,OpenMoji,cherry_blossom,stitch_type_teacher,satinrail_safeadt_light,satin_like,reject,reject,1,0.14961774,0.75,-0.07813234,-0.00730266,0.00351594,0.01571537,0.00814002,0.01023886,0.0,0.14961774,reject,reject,keep_selector_prediction,0.13390237,1
source_held_out,OpenMoji,source_name,omj_006,OpenMoji,cherry_blossom,stitch_type_teacher,dtsatin_safeadt_light,satin_like,reject,reject,1,0.19637606,0.75,-0.07528669,-0.01138721,-0.0002142,0.00987291,0.00448989,0.00883327,0.0,0.19637606,reject,reject,keep_selector_prediction,0.18650315,1
source_held_out,OpenMoji,source_name,omj_006,OpenMoji,cherry_blossom,stitch_type_teacher,satinrail_w4_s18_i4_cap40,satin_like,reject,reject,1,0.32198119,0.75,-0.0677568,-0.02273934,-0.00940499,-0.00626297,-0.00573799,0.00571879,0.0,0.32198119,reject,reject,keep_selector_prediction,0.3162624,1
source_held_out,OpenMoji,source_name,omj_006,OpenMoji,cherry_blossom,stitch_type_teacher,satinrail_w5_s16_i5_cap45,satin_like,reject,reject,1,0.28191756,0.75,-0.07008206,-0.01887769,-0.00684663,-0.00101406,-0.002197,0.00630615,0.0,0.28191756,reject,reject,keep_selector_prediction,0.27561141,1
source_held_out,OpenMoji,source_name,omj_007,OpenMoji,ribbon,stitch_type_teacher,base_keep,base_keep,base_keep,base_keep,1,0.79319212,1.0,0.79319212,-0.05663618,-0.03523329,-0.0182252,-0.01203116,-0.00261545,0.0,-2.0069218,base_keep,base_keep,keep_selector_prediction,2.80011392,1
source_held_out,OpenMoji,source_name,omj_007,OpenMoji,ribbon,stitch_type_teacher,satinrail_safeadt_light,satin_like,reject,reject,1,0.46334547,0.75,-0.06016466,-0.04168413,-0.00725914,-0.0338367,-0.02006266,0.0106985,0.0,0.46334547,reject,reject,keep_selector_prediction,0.45264697,1
source_held_out,OpenMoji,source_name,omj_007,OpenMoji,ribbon,stitch_type_teacher,dtsatin_safeadt_light,satin_like,reject,reject,1,0.43157006,0.75,-0.06210387,-0.03909071,-0.00425786,-0.03016594,-0.01771691,0.01184826,0.0,0.43157006,reject,reject,keep_selector_prediction,0.4197218,1
source_held_out,OpenMoji,source_name,omj_007,OpenMoji,ribbon,stitch_type_teacher,satinrail_w4_s18_i4_cap40,satin_like,reject,reject,1,0.60876826,0.75,-0.05131312,-0.05434399,-0.01892226,-0.05199261,-0.03138168,0.00628864,0.0,0.60876826,reject,reject,keep_selector_prediction,0.60247962,1
source_held_out,OpenMoji,source_name,omj_007,OpenMoji,ribbon,stitch_type_teacher,satinrail_w5_s16_i5_cap45,satin_like,reject,reject,1,0.56985472,0.75,-0.05368474,-0.05105397,-0.01554614,-0.04730122,-0.02842468,0.00757398,0.0,0.56985472,reject,reject,keep_selector_prediction,0.56228074,1
source_held_out,OpenMoji,source_name,omj_008,OpenMoji,paw_prints,stitch_type_teacher,base_keep,base_keep,base_keep,base_keep,1,0.77967177,1.0,0.77967177,-0.03097626,-0.02841015,0.02110946,0.00949704,-0.00541796,0.0,-2.23967245,base_keep,base_keep,keep_selector_prediction,3.01934422,1
source_held_out,OpenMoji,source_name,omj_008,OpenMoji,paw_prints,stitch_type_teacher,satinrail_safeadt_light,satin_like,reject,auto_fill,0,0.05978848,0.75,-0.09563328,0.02126781,0.01913988,0.05978848,0.03256014,0.01353501,0.0,-0.14385313,auto_fill,auto_fill,keep_selector_prediction,0.20364161,0
source_held_out,OpenMoji,source_name,omj_008,OpenMoji,paw_prints,stitch_type_teacher,dtsatin_safeadt_light,satin_like,reject,auto_fill,0,0.06319375,0.75,-0.09732621,0.02381358,0.02133437,0.06319375,0.03480952,0.01437324,0.0,-0.17197082,auto_fill,auto_fill,keep_selector_prediction,0.23516457,0
source_held_out,OpenMoji,source_name,omj_008,OpenMoji,paw_prints,stitch_type_teacher,satinrail_w4_s18_i4_cap40,satin_like,reject,reject,1,0.12078457,0.75,-0.0796298,-0.00212705,-0.00148311,0.02652677,0.01154279,0.0061361,0.0,0.12078457,reject,reject,keep_selector_prediction,0.0942578,1
source_held_out,OpenMoji,source_name,omj_008,OpenMoji,paw_prints,stitch_type_teacher,satinrail_w5_s16_i5_cap45,satin_like,reject,reject,1,0.07630425,0.75,-0.08234302,0.00169607,0.0022871,0.03191524,0.0149751,0.00754345,0.0,0.07630425,reject,reject,keep_selector_prediction,0.04438901,1
source_held_out,OpenMoji,source_name,omj_009,OpenMoji,lady_beetle,stitch_type_teacher,base_keep,base_keep,base_keep,base_keep,1,0.78540068,1.0,0.78540068,-0.04392,-0.02320532,-0.00209925,-0.00016693,-0.0023003,0.0,-2.14250682,base_keep,base_keep,keep_selector_prediction,2.9279075,1
source_held_out,OpenMoji,source_name,omj_009,OpenMoji,lady_beetle,stitch_type_teacher,satinrail_safeadt_light,satin_like,reject,reject,1,0.31151383,0.75,-0.0688782,-0.02609819,-0.00110569,-0.00790472,-0.00674562,0.0086181,0.0,0.31151383,reject,reject,keep_selector_prediction,0.30289573,1
source_held_out,OpenMoji,source_name,omj_009,OpenMoji,lady_beetle,stitch_type_teacher,dtsatin_safeadt_light,satin_like,reject,reject,1,0.37226604,0.75,-0.06507253,-0.03096714,-0.0062121,-0.01579789,-0.01099746,0.00619805,0.0,0.37226604,reject,reject,keep_selector_prediction,0.36606799,1
source_held_out,OpenMoji,source_name,omj_009,OpenMoji,lady_beetle,stitch_type_teacher,satinrail_w4_s18_i4_cap40,satin_like,reject,reject,1,0.44966269,0.75,-0.06036008,-0.03764716,-0.01265058,-0.02527006,-0.01698047,0.00377599,0.0,0.44966269,reject,reject,keep_selector_prediction,0.4458867,1
source_held_out,OpenMoji,source_name,omj_009,OpenMoji,lady_beetle,stitch_type_teacher,satinrail_w5_s16_i5_cap45,satin_like,reject,reject,1,0.45407419,0.75,-0.06009388,-0.03810449,-0.01273409,-0.02603698,-0.01737603,0.00373426,0.0,0.45407419,reject,reject,keep_selector_prediction,0.45033993,1
source_held_out,OpenMoji,source_name,omj_010,OpenMoji,seedling,stitch_type_teacher,base_keep,base_keep,base_keep,base_keep,1,0.799477,1.0,0.799477,-0.0653317,-0.01843464,-0.05578381,-0.02296259,-0.00430169,0.0,-1.90056874,base_keep,base_keep,keep_selector_prediction,2.70004574,1
source_held_out,OpenMoji,source_name,omj_010,OpenMoji,seedling,stitch_type_teacher,satinrail_safeadt_light,satin_like,reject,reject,1,0.37119201,0.75,-0.06516018,-0.02570125,0.00834568,-0.03514129,-0.01195301,0.00734921,0.0,0.37119201,reject,reject,keep_selector_prediction,0.36284633,1
source_held_out,OpenMoji,source_name,omj_010,OpenMoji,seedling,stitch_type_teacher,dtsatin_safeadt_light,satin_like,reject,reject,1,0.51341961,0.75,-0.05656232,-0.03926783,-0.00027021,-0.05530077,-0.02261147,0.00359092,0.0,0.51341961,reject,reject,keep_selector_prediction,0.50982869,1
source_held_out,OpenMoji,source_name,omj_010,OpenMoji,seedling,stitch_type_teacher,satinrail_w4_s18_i4_cap40,satin_like,reject,reject,1,0.488503,0.75,-0.05802117,-0.03596287,-0.0008831,-0.04993058,-0.02111905,0.00385306,0.0,0.488503,reject,reject,keep_selector_prediction,0.48464994,1
source_held_out,OpenMoji,source_name,omj_010,OpenMoji,seedling,stitch_type_teacher,satinrail_w5_s16_i5_cap45,satin_like,reject,reject,1,0.56790855,0.75,-0.05324976,-0.04409899,-0.00431451,-0.062367,-0.02691336,0.00205096,0.0,0.56790855,reject,reject,keep_selector_prediction,0.56585759,1
source_held_out,Openclipart,source_name,ocp_001,Openclipart,flower,candidate_selector,auto_evalrepair_r10_c20,auto_fill,reject,auto_fill,0,0.09887017,0.75,-0.08514369,-0.02744109,0.02955908,0.09887017,-0.02726643,-0.00400216,-0.00554369,0.06050213,auto_fill,reject,risk_margin_reject,0.03836804,1
source_held_out,Openclipart,source_name,ocp_001,Openclipart,flower,candidate_selector,auto_r10_c16,auto_fill,reject,auto_fill,0,0.0993907,0.75,-0.08424641,-0.02775157,0.02741874,0.0993907,-0.03169042,-0.00288506,-0.00592608,0.07533929,auto_fill,reject,risk_margin_reject,0.02405141,1
source_held_out,Openclipart,source_name,ocp_001,Openclipart,flower,candidate_selector,auto_r10_c20,auto_fill,reject,auto_fill,0,0.0993907,0.75,-0.08424641,-0.02775157,0.02741874,0.0993907,-0.03169042,-0.00288506,-0.00592608,0.07533929,auto_fill,reject,risk_margin_reject,0.02405141,1
source_held_out,Openclipart,source_name,ocp_001,Openclipart,flower,candidate_selector,auto_r125_c16,auto_fill,reject,auto_fill,0,0.0993907,0.75,-0.08424641,-0.02775157,0.02741874,0.0993907,-0.03169042,-0.00288506,-0.00592608,0.07533929,auto_fill,reject,risk_margin_reject,0.02405141,1
source_held_out,Openclipart,source_name,ocp_001,Openclipart,flower,candidate_selector,auto_r125_c20,auto_fill,reject,auto_fill,0,0.0993907,0.75,-0.08424641,-0.02775157,0.02741874,0.0993907,-0.03169042,-0.00288506,-0.00592608,0.07533929,auto_fill,reject,risk_margin_reject,0.02405141,1
source_held_out,Openclipart,source_name,ocp_001,Openclipart,flower,candidate_selector,auto_skel_c12,running_line,reject,reject,1,0.2273534,0.75,-0.07519736,0.11443509,-0.02559279,-0.05459745,-0.03882323,0.01173255,-0.00539476,0.2273534,reject,reject,keep_selector_prediction,0.11291831,1
source_held_out,Openclipart,source_name,ocp_001,Openclipart,flower,candidate_selector,skeleton_c20_m4,running_line,running_line,auto_running,0,0.23619872,1.0,-0.13131876,0.15974964,0.23619872,0.00447665,-0.03468297,-0.01573369,0.01403215,-0.70760543,auto_running,auto_running,keep_selector_prediction,0.94380415,0
source_held_out,Openclipart,source_name,ocp_001,Openclipart,flower,candidate_selector,mask_fill_rows16_c6,fill_tatami_like,reject,reject,1,0.0953792,0.75,-0.08293752,-0.00911619,0.01511042,-0.00129337,0.03379338,0.01600785,-0.00015607,0.0953792,reject,reject,keep_selector_prediction,0.06158582,1
source_held_out,Openclipart,source_name,ocp_001,Openclipart,flower,candidate_selector,mask_fill_edgewalk_rows16_p40,fill_tatami_like,reject,reject,1,0.5617841,0.75,-0.05602073,-0.06428937,-0.02073025,-0.01929823,-0.00094578,-0.00485549,-0.02209262,0.5617841,reject,reject,keep_selector_prediction,0.56272988,1
source_held_out,Openclipart,source_name,ocp_001,Openclipart,flower,candidate_selector,mask_fill_edgewalk_outline_ext_in3_rows16_p40,outline_border,reject,reject,1,0.63285072,0.75,-0.05159592,-0.06030903,-0.02397036,-0.01802286,-0.06108742,0.00413817,0.00072481,0.63285072,reject,reject,keep_selector_prediction,0.62871255,1
source_held_out,Openclipart,source_name,ocp_001,Openclipart,flower,candidate_selector,mask_fill_edgewalk_styleaware_r008_d45,style_aware_mixed,reject,reject,1,0.80464755,0.75,-0.04164956,-0.07037908,-0.030693,-0.02306461,-0.0773942,0.00068363,-0.02558231,0.80464755,reject,reject,keep_selector_prediction,0.80396392,1
source_held_out,Openclipart,source_name,ocp_002,Openclipart,butterfly,candidate_selector,auto_evalrepair_r10_c20,auto_fill,auto_fill,auto_fill,1,0.15913773,1.0,-0.12305891,0.04005683,0.029,0.15913773,0.08315547,-0.00638279,0.01147343,-0.58397493,auto_fill,auto_fill,keep_selector_prediction,0.74311266,1
source_held_out,Openclipart,source_name,ocp_002,Openclipart,butterfly,candidate_selector,mask_fill_rows16_c6,fill_tatami_like,reject,reject,1,0.3843534,0.75,-0.06588488,-0.03726549,-0.01469089,-0.02111735,0.00145984,0.01073184,0.00079549,0.3843534,reject,reject,keep_selector_prediction,0.37362156,1
source_held_out,Openclipart,source_name,ocp_002,Openclipart,butterfly,candidate_selector,mask_fill_edgewalk_rows16_p40,fill_tatami_like,reject,reject,1,0.63468656,0.75,-0.05154444,-0.07126191,-0.0348849,-0.02902978,-0.00554475,-0.00476142,-0.01548727,0.63468656,reject,reject,keep_selector_prediction,0.63944798,1
source_held_out,Openclipart,source_name,ocp_002,Openclipart,butterfly,candidate_selector,mask_fill_edgewalk_outline_ext_in3_rows16_p40,outline_border,reject,reject,1,0.71194584,0.75,-0.04675784,-0.06808367,-0.03845493,-0.02850199,-0.06602454,0.00395533,0.00734343,0.71194584,reject,reject,keep_selector_prediction,0.70460241,1
source_held_out,Openclipart,source_name,ocp_002,Openclipart,butterfly,candidate_selector,mask_fill_edgewalk_styleaware_r008_d45,style_aware_mixed,reject,reject,1,0.87545122,0.75,-0.03729556,-0.07733466,-0.04452387,-0.03293428,-0.08136151,0.00076896,-0.01898236,0.87545122,reject,reject,keep_selector_prediction,0.87468226,1
source_held_out,Openclipart,source_name,ocp_003,Openclipart,cat,candidate_selector,auto_evalrepair_r10_c20,auto_fill,auto_fill,auto_fill,1,0.14758667,1.0,-0.10568885,0.02248752,-0.01429844,0.14758667,0.04210023,-0.00403787,0.00764861,-0.28981633,auto_fill,auto_fill,keep_selector_prediction,0.437403,1
source_held_out,Openclipart,source_name,ocp_003,Openclipart,cat,candidate_selector,mask_fill_rows16_c6,fill_tatami_like,reject,reject,1,0.13307995,0.75,-0.08075663,-0.01786029,-0.00551799,-0.0073953,0.05557549,0.00441791,0.00806042,0.13307995,reject,reject,keep_selector_prediction,0.07750446,1
source_held_out,Openclipart,source_name,ocp_003,Openclipart,cat,candidate_selector,mask_fill_edgewalk_rows16_p40,fill_tatami_like,reject,reject,1,0.10333617,0.75,-0.08257774,-0.01817118,-0.00359048,-0.00668108,0.06818554,0.00091433,0.0076581,0.10333617,reject,reject,keep_selector_prediction,0.03515063,1
source_held_out,Openclipart,source_name,ocp_003,Openclipart,cat,candidate_selector,mask_fill_edgewalk_outline_ext_in3_rows16_p40,outline_border,reject,reject,1,0.88227206,0.75,-0.03705948,-0.08996122,-0.06005998,-0.02905258,-0.06759335,-0.0094461,-0.0028072,0.88227206,reject,reject,keep_selector_prediction,0.88507926,1
source_held_out,Openclipart,source_name,ocp_003,Openclipart,cat,candidate_selector,mask_fill_edgewalk_styleaware_r008_d45,style_aware_mixed,reject,reject,1,0.34619962,0.75,-0.06820658,-0.02426089,-0.01355323,-0.01044746,-0.00826288,0.00645345,0.00416841,0.34619962,reject,reject,keep_selector_prediction,0.33974617,1
source_held_out,Openclipart,source_name,ocp_004,Openclipart,koi_fish,candidate_selector,auto_evalrepair_r10_c20,auto_fill,auto_fill,auto_fill,1,0.14427775,1.0,-0.10755328,0.02058844,0.00300213,0.14427775,0.04323359,-0.00381719,0.00666783,-0.32148812,auto_fill,auto_fill,keep_selector_prediction,0.46576587,1
source_held_out,Openclipart,source_name,ocp_004,Openclipart,koi_fish,candidate_selector,mask_fill_rows16_c6,fill_tatami_like,reject,reject,1,0.22526958,0.75,-0.07524144,-0.03352008,0.01051827,-0.02860512,0.04423068,0.009323,6.943e-05,0.22526958,reject,reject,keep_selector_prediction,0.1810389,1
source_held_out,Openclipart,source_name,ocp_004,Openclipart,koi_fish,candidate_selector,mask_fill_edgewalk_rows16_p40,fill_tatami_like,reject,reject,1,0.26156951,0.75,-0.07323018,-0.03835643,0.0052088,-0.0293691,0.04551375,0.00368499,9.535e-05,0.26156951,reject,reject,keep_selector_prediction,0.21605576,1
source_held_out,Openclipart,source_name,ocp_004,Openclipart,koi_fish,candidate_selector,mask_fill_edgewalk_outline_ext_in3_rows16_p40,outline_border,reject,reject,1,0.33510404,0.75,-0.06866108,-0.03511537,0.00259595,-0.02912005,-0.01419348,0.01252649,0.0227715,0.33510404,reject,reject,keep_selector_prediction,0.31233254,1
source_held_out,Openclipart,source_name,ocp_004,Openclipart,koi_fish,candidate_selector,mask_fill_edgewalk_styleaware_r008_d45,style_aware_mixed,reject,reject,1,0.50443297,0.75,-0.05885902,-0.04444615,-0.00475395,-0.03313548,-0.03093467,0.00922411,-0.00339434,0.50443297,reject,reject,keep_selector_prediction,0.49520886,1
source_held_out,Openclipart,source_name,ocp_005,Openclipart,public_domain_logo,candidate_selector,mask_fill_rows16_c6,fill_tatami_like,fill_tatami_like,fill_tatami_like,1,0.19046149,1.0,-0.12588527,0.05082623,0.02239002,0.04801619,0.19046149,0.0003938,0.0251562,-0.63383968,fill_tatami_like,fill_tatami_like,keep_selector_prediction,0.82430117,1
source_held_out,Openclipart,source_name,ocp_006,Openclipart,butterfly_2,candidate_selector,auto_evalrepair_r10_c20,auto_fill,auto_fill,auto_fill,1,0.1372212,1.0,-0.1168999,0.02396399,0.03207336,0.1372212,0.08071958,-0.00153552,0.00488684,-0.48220997,auto_fill,auto_fill,keep_selector_prediction,0.61943117,1
source_held_out,Openclipart,source_name,ocp_006,Openclipart,butterfly_2,candidate_selector,mask_fill_rows16_c6,fill_tatami_like,reject,reject,1,0.28676112,0.75,-0.07163772,-0.03306309,-0.01154158,-0.01779863,0.03104007,0.007883,0.0011075,0.28676112,reject,reject,keep_selector_prediction,0.25572105,1
source_held_out,Openclipart,source_name,ocp_006,Openclipart,butterfly_2,candidate_selector,mask_fill_edgewalk_rows16_p40,fill_tatami_like,reject,reject,1,0.57709267,0.75,-0.05514871,-0.07090903,-0.04597959,-0.0158583,0.02647251,-0.01525492,-0.01873716,0.57709267,reject,reject,keep_selector_prediction,0.55062016,1
source_held_out,Openclipart,source_name,ocp_006,Openclipart,butterfly_2,candidate_selector,mask_fill_edgewalk_outline_ext_in3_rows16_p40,outline_border,reject,reject,1,0.67337652,0.75,-0.04923668,-0.06972212,-0.04953961,-0.01727252,-0.03715431,-0.0061986,0.00342528,0.67337652,reject,reject,keep_selector_prediction,0.66995124,1
source_held_out,Openclipart,source_name,ocp_006,Openclipart,butterfly_2,candidate_selector,mask_fill_edgewalk_styleaware_r008_d45,style_aware_mixed,reject,reject,1,0.81995613,0.75,-0.04077755,-0.07699874,-0.05594233,-0.01962468,-0.04997591,-0.0097158,-0.02222685,0.81995613,reject,reject,keep_selector_prediction,0.82967193,1
source_held_out,Openclipart,source_name,ocp_007,Openclipart,sitting_cat,candidate_selector,auto_evalrepair_r10_c20,auto_fill,auto_fill,auto_fill,1,0.16162858,1.0,-0.12109928,0.04271669,0.0044895,0.16162858,0.0882911,-0.00527832,0.01207477,-0.55163611,auto_fill,auto_fill,keep_selector_prediction,0.71326469,1
source_held_out,Openclipart,source_name,ocp_007,Openclipart,sitting_cat,candidate_selector,mask_fill_rows16_c6,fill_tatami_like,reject,reject,1,0.29980032,0.75,-0.07080037,-0.03653767,-0.00055559,-0.02758586,0.02680736,0.0114512,-0.00042227,0.29980032,reject,reject,keep_selector_prediction,0.27299296,1
source_held_out,Openclipart,source_name,ocp_007,Openclipart,sitting_cat,candidate_selector,mask_fill_edgewalk_rows16_p40,fill_tatami_like,reject,reject,1,0.32370523,0.75,-0.06945926,-0.04150736,-0.00168516,-0.02986327,0.03019409,0.00834417,-0.00225613,0.32370523,reject,reject,keep_selector_prediction,0.29351114,1
source_held_out,Openclipart,source_name,ocp_007,Openclipart,sitting_cat,candidate_selector,mask_fill_edgewalk_outline_ext_in3_rows16_p40,outline_border,reject,reject,1,0.40449709,0.75,-0.06446944,-0.03857564,-0.0050579,-0.0295409,-0.03126794,0.01708147,0.02041428,0.40449709,reject,reject,keep_selector_prediction,0.38408281,1
source_held_out,Openclipart,source_name,ocp_007,Openclipart,sitting_cat,candidate_selector,mask_fill_edgewalk_styleaware_r008_d45,style_aware_mixed,reject,reject,1,0.56656869,0.75,-0.05508809,-0.04759707,-0.01164791,-0.03362965,-0.04625433,0.0138833,-0.00574581,0.56656869,reject,reject,keep_selector_prediction,0.55268539,1
source_held_out,Openclipart,source_name,ocp_008,Openclipart,fish,candidate_selector,auto_evalrepair_r10_c20,auto_fill,reject,reject,1,0.47594138,0.75,-0.067076,-0.17897868,-0.2200684,0.36678263,0.32750067,-0.24224739,-0.19300945,0.47594138,reject,reject,keep_selector_prediction,0.10915875,1
source_held_out,Openclipart,source_name,ocp_008,Openclipart,fish,candidate_selector,auto_r10_c16,auto_fill,reject,reject,1,0.47594138,0.75,-0.067076,-0.17897868,-0.2200684,0.36678263,0.32750067,-0.24224739,-0.19300945,0.47594138,reject,reject,keep_selector_prediction,0.10915875,1
source_held_out,Openclipart,source_name,ocp_008,Openclipart,fish,candidate_selector,auto_r10_c20,auto_fill,reject,reject,1,0.47594138,0.75,-0.067076,-0.17897868,-0.2200684,0.36678263,0.32750067,-0.24224739,-0.19300945,0.47594138,reject,reject,keep_selector_prediction,0.10915875,1
source_held_out,Openclipart,source_name,ocp_008,Openclipart,fish,candidate_selector,auto_r125_c16,auto_fill,reject,reject,1,0.47594138,0.75,-0.067076,-0.17897868,-0.2200684,0.36678263,0.32750067,-0.24224739,-0.19300945,0.47594138,reject,reject,keep_selector_prediction,0.10915875,1
source_held_out,Openclipart,source_name,ocp_008,Openclipart,fish,candidate_selector,auto_r125_c20,auto_fill,reject,reject,1,0.47594138,0.75,-0.067076,-0.17897868,-0.2200684,0.36678263,0.32750067,-0.24224739,-0.19300945,0.47594138,reject,reject,keep_selector_prediction,0.10915875,1
source_held_out,Openclipart,source_name,ocp_008,Openclipart,fish,candidate_selector,auto_skel_c12,running_line,reject,reject,1,0.6279555,0.75,-0.05802695,-0.03679202,-0.27307993,0.21279448,0.32036787,-0.22762978,-0.19247813,0.6279555,reject,reject,keep_selector_prediction,0.30758763,1
source_held_out,Openclipart,source_name,ocp_008,Openclipart,fish,candidate_selector,skeleton_c20_m4,running_line,running_line,auto_running,0,0.26787094,1.0,-0.13379767,0.15702854,0.26787094,0.00351071,-0.04443039,-0.01934992,0.01437736,-0.74723868,auto_running,auto_running,keep_selector_prediction,1.01510962,0
source_held_out,Openclipart,source_name,ocp_008,Openclipart,fish,candidate_selector,skeleton_c30_m8,running_line,reject,auto_running,0,0.28206519,0.75,-0.13568841,0.15465131,0.28206519,0.00418687,-0.04029695,-0.02308708,0.01269834,-0.77744009,auto_running,auto_running,keep_selector_prediction,1.05950528,0
source_held_out,Openclipart,source_name,ocp_008,Openclipart,fish,candidate_selector,mask_fill_rows16_c6,fill_tatami_like,reject,reject,1,0.29531477,0.75,-0.07122316,-0.03314467,-0.00484345,-0.02146735,0.0245791,0.00654119,0.00242832,0.29531477,reject,reject,keep_selector_prediction,0.27073567,1
source_held_out,Openclipart,source_name,ocp_008,Openclipart,fish,candidate_selector,mask_fill_edgewalk_rows16_p40,fill_tatami_like,reject,reject,1,0.31754183,0.75,-0.07014885,-0.0405747,-0.01114527,-0.01977751,0.03923417,-0.00387457,-0.00033546,0.31754183,reject,reject,keep_selector_prediction,0.27830766,1
source_held_out,Openclipart,source_name,ocp_008,Openclipart,fish,candidate_selector,mask_fill_edgewalk_outline_ext_in3_rows16_p40,outline_border,reject,reject,1,0.41268467,0.75,-0.06430517,-0.03928458,-0.01465445,-0.0211037,-0.02418815,0.00513761,0.0218644,0.41268467,reject,reject,keep_selector_prediction,0.39082027,1
source_held_out,Openclipart,source_name,ocp_008,Openclipart,fish,candidate_selector,mask_fill_edgewalk_styleaware_r008_d45,style_aware_mixed,reject,reject,1,0.56040528,0.75,-0.05577768,-0.04666442,-0.02110801,-0.0235439,-0.03721425,0.00166456,-0.00382515,0.56040528,reject,reject,keep_selector_prediction,0.55874072,1
source_held_out,Openclipart,source_name,ocp_009,Openclipart,flower_2,candidate_selector,auto_evalrepair_r10_c20,auto_fill,reject,auto_running,0,0.31251138,0.75,-0.12159542,-0.02430345,0.31251138,0.11669563,-0.0810972,-0.03149922,0.00274053,-0.53925628,auto_running,auto_running,keep_selector_prediction,0.85176766,0
source_held_out,Openclipart,source_name,ocp_009,Openclipart,flower_2,candidate_selector,auto_r10_c16,auto_fill,reject,auto_running,0,0.31624067,0.75,-0.12164773,-0.02467042,0.31624067,0.11690249,-0.08437235,-0.03117654,0.00253529,-0.54014016,auto_running,auto_running,keep_selector_prediction,0.85638083,0
source_held_out,Openclipart,source_name,ocp_009,Openclipart,flower_2,candidate_selector,auto_r10_c20,auto_fill,reject,auto_running,0,0.31624067,0.75,-0.12164773,-0.02467042,0.31624067,0.11690249,-0.08437235,-0.03117654,0.00253529,-0.54014016,auto_running,auto_running,keep_selector_prediction,0.85638083,0
source_held_out,Openclipart,source_name,ocp_009,Openclipart,flower_2,candidate_selector,auto_r125_c16,auto_fill,reject,auto_running,0,0.31624067,0.75,-0.12164773,-0.02467042,0.31624067,0.11690249,-0.08437235,-0.03117654,0.00253529,-0.54014016,auto_running,auto_running,keep_selector_prediction,0.85638083,0
source_held_out,Openclipart,source_name,ocp_009,Openclipart,flower_2,candidate_selector,auto_r125_c20,auto_fill,reject,auto_running,0,0.31624067,0.75,-0.12164773,-0.02467042,0.31624067,0.11690249,-0.08437235,-0.03117654,0.00253529,-0.54014016,auto_running,auto_running,keep_selector_prediction,0.85638083,0
source_held_out,Openclipart,source_name,ocp_009,Openclipart,flower_2,candidate_selector,auto_skel_c12,running_line,reject,auto_running,0,0.26322914,0.75,-0.11259868,0.11751623,0.26322914,-0.03708566,-0.09150515,-0.01655893,0.00306661,-0.38812604,auto_running,auto_running,keep_selector_prediction,0.65135518,0
source_held_out,Openclipart,source_name,ocp_009,Openclipart,flower_2,candidate_selector,skeleton_c20_m4,running_line,reject,auto_running,0,0.16944118,0.75,-0.11126882,0.14136568,0.16944118,-0.01007821,-0.06479315,-0.016796,0.01103892,-0.36680637,auto_running,auto_running,keep_selector_prediction,0.53624755,0
source_held_out,Openclipart,source_name,ocp_009,Openclipart,flower_2,candidate_selector,skeleton_c30_m4,running_line,reject,auto_running,0,0.16944118,0.75,-0.11126882,0.14136568,0.16944118,-0.01007821,-0.06479315,-0.016796,0.01103892,-0.36680637,auto_running,auto_running,keep_selector_prediction,0.53624755,0
source_held_out,Openclipart,source_name,ocp_009,Openclipart,flower_2,candidate_selector,skeleton_c30_m8,running_line,reject,auto_running,0,0.19894404,0.75,-0.11433831,0.14086899,0.19894404,-0.0085804,-0.07460021,-0.01759702,0.01106953,-0.41785806,auto_running,auto_running,keep_selector_prediction,0.6168021,0
source_held_out,Openclipart,source_name,ocp_009,Openclipart,flower_2,candidate_selector,skeleton_c30_m12,running_line,running_line,auto_running,0,0.24734868,1.0,-0.13103754,0.15695654,0.24734868,0.00343332,-0.04187651,-0.02066453,0.0150429,-0.70000728,auto_running,auto_running,keep_selector_prediction,0.94735596,0
source_held_out,Openclipart,source_name,ocp_009,Openclipart,flower_2,candidate_selector,mask_fill_rows16_c6,fill_tatami_like,reject,reject,1,0.35545555,0.75,-0.06793591,-0.02972606,-0.0198328,-0.00957529,0.00212074,-2.511e-05,0.00648423,0.35545555,reject,reject,keep_selector_prediction,0.34897132,1
source_held_out,Openclipart,source_name,ocp_009,Openclipart,flower_2,candidate_selector,mask_fill_edgewalk_rows16_p40,fill_tatami_like,reject,reject,1,0.24217109,0.75,-0.07494089,-0.03460016,-0.01254163,-0.0085283,0.06017197,-0.01701989,0.00333122,0.24217109,reject,reject,keep_selector_prediction,0.18199912,1
source_held_out,Openclipart,source_name,ocp_009,Openclipart,flower_2,candidate_selector,mask_fill_edgewalk_outline_ext_in3_rows16_p40,outline_border,reject,reject,1,0.37676004,0.75,-0.06676142,-0.03707484,-0.01658077,-0.01328379,-0.01037032,-0.00714714,0.02420217,0.37676004,reject,reject,keep_selector_prediction,0.35255787,1
source_held_out,Openclipart,source_name,ocp_009,Openclipart,flower_2,candidate_selector,mask_fill_edgewalk_styleaware_r008_d45,style_aware_mixed,reject,reject,1,0.48503454,0.75,-0.06056972,-0.04068987,-0.02250438,-0.01229468,-0.01627645,-0.01148077,-0.00015847,0.48503454,reject,reject,keep_selector_prediction,0.48519301,1
source_held_out,Openclipart,source_name,ocp_010,Openclipart,thought_bubble,candidate_selector,auto_evalrepair_r10_c20,auto_fill,auto_fill,auto_fill,1,0.18596401,1.0,-0.15155991,0.05855659,0.18410941,0.18596401,0.07126757,-0.01829777,0.01936554,-1.05919499,auto_fill,auto_fill,keep_selector_prediction,1.245159,1
source_held_out,Openclipart,source_name,ocp_010,Openclipart,thought_bubble,candidate_selector,mask_fill_rows16_c6,fill_tatami_like,reject,fill_tatami_like,0,0.07305164,0.75,-0.08700534,-0.00663956,-0.00693127,0.00306956,0.07305164,0.00704259,0.01049384,0.02498115,fill_tatami_like,reject,risk_margin_reject,0.04807049,1
source_held_out,Openclipart,source_name,ocp_001,Openclipart,flower,stitch_type_teacher,base_keep,base_keep,base_keep,base_keep,1,0.78993263,1.0,0.78993263,-0.04886259,-0.02446035,-0.01862301,-0.01920343,-0.02837447,0.00572911,-1.98543839,base_keep,base_keep,keep_selector_prediction,2.77537102,1
source_held_out,Openclipart,source_name,ocp_001,Openclipart,flower,stitch_type_teacher,satinrail_safeadt_light,satin_like,reject,reject,1,0.4090072,0.75,-0.06413268,-0.03278,-0.00487557,-0.01774749,-0.03204877,0.01972368,-0.00053018,0.4090072,reject,reject,keep_selector_prediction,0.38928352,1
source_held_out,Openclipart,source_name,ocp_001,Openclipart,flower,stitch_type_teacher,dtsatin_safeadt_light,satin_like,reject,reject,1,0.39902052,0.75,-0.06473492,-0.03216176,-0.00458806,-0.01726165,-0.03071332,0.02124749,-0.00054512,0.39902052,reject,reject,keep_selector_prediction,0.37777303,1
source_held_out,Openclipart,source_name,ocp_001,Openclipart,flower,stitch_type_teacher,satinrail_w4_s18_i4_cap40,satin_like,reject,reject,1,0.51762586,0.75,-0.05759577,-0.03940904,-0.00790259,-0.02287165,-0.04631,0.00204059,-8.538e-05,0.51762586,reject,reject,keep_selector_prediction,0.51558527,1
source_held_out,Openclipart,source_name,ocp_001,Openclipart,flower,stitch_type_teacher,satinrail_w5_s16_i5_cap45,satin_like,reject,reject,1,0.48911732,0.75,-0.05930902,-0.0376869,-0.00712667,-0.02155645,-0.04261586,0.00688776,-0.00025442,0.48911732,reject,reject,keep_selector_prediction,0.48222956,1
source_held_out,Openclipart,source_name,ocp_002,Openclipart,butterfly,stitch_type_teacher,base_keep,base_keep,base_keep,base_keep,1,0.77756577,1.0,0.77756577,-0.0345781,-0.00846095,-0.00786985,0.00605084,-0.00604551,0.00615356,-2.2020746,base_keep,base_keep,keep_selector_prediction,2.97964037,1
source_held_out,Openclipart,source_name,ocp_002,Openclipart,butterfly,stitch_type_teacher,satinrail_safeadt_light,satin_like,reject,satin_like,0,0.03715807,0.75,-0.08609519,-0.00150497,0.00716708,0.00711054,0.02784888,0.03715807,0.00539801,0.03104759,satin_like,reject,risk_margin_reject,0.00611048,1
source_held_out,Openclipart,source_name,ocp_002,Openclipart,butterfly,stitch_type_teacher,dtsatin_safeadt_light,satin_like,reject,satin_like,0,0.03769759,0.75,-0.08626923,-0.00116182,0.00632263,0.00737318,0.02872821,0.03769759,0.00544738,0.02820472,satin_like,reject,risk_margin_reject,0.00949287,1
source_held_out,Openclipart,source_name,ocp_002,Openclipart,butterfly,stitch_type_teacher,satinrail_w4_s18_i4_cap40,satin_like,reject,reject,1,0.13567747,0.75,-0.07979468,-0.00803334,0.00490694,0.00205381,0.01369862,0.02025562,0.00573833,0.13567747,reject,reject,keep_selector_prediction,0.11542185,1
source_held_out,Openclipart,source_name,ocp_002,Openclipart,butterfly,stitch_type_teacher,satinrail_w5_s16_i5_cap45,satin_like,reject,reject,1,0.11134324,0.75,-0.08125688,-0.00658674,0.0056174,0.00315472,0.01679883,0.02448232,0.0055724,0.11134324,reject,reject,keep_selector_prediction,0.08686092,1
source_held_out,Openclipart,source_name,ocp_003,Openclipart,cat,stitch_type_teacher,base_keep,base_keep,base_keep,base_keep,1,0.7824935,1.0,0.7824935,-0.03833312,-0.02600795,-0.01098199,-0.00010031,-0.00779896,0.00530775,-2.11841615,base_keep,base_keep,keep_selector_prediction,2.90090965,1
source_held_out,Openclipart,source_name,ocp_003,Openclipart,cat,stitch_type_teacher,satinrail_safeadt_light,satin_like,reject,reject,1,0.42879979,0.75,-0.06263278,-0.03565055,-0.01331949,-0.02075844,-0.03764049,0.03798761,-0.00332159,0.42879979,reject,reject,keep_selector_prediction,0.39081218,1
source_held_out,Openclipart,source_name,ocp_003,Openclipart,cat,stitch_type_teacher,dtsatin_safeadt_light,satin_like,reject,reject,1,0.4220199,0.75,-0.06303788,-0.03523074,-0.01332021,-0.02045665,-0.03672781,0.03938868,-0.00341095,0.4220199,reject,reject,keep_selector_prediction,0.38263122,1
source_held_out,Openclipart,source_name,ocp_003,Openclipart,cat,stitch_type_teacher,satinrail_w4_s18_i4_cap40,satin_like,reject,reject,1,0.51904484,0.75,-0.05718926,-0.04143948,-0.0147539,-0.02528868,-0.05030515,0.02398077,-0.00322309,0.51904484,reject,reject,keep_selector_prediction,0.49506407,1
source_held_out,Openclipart,source_name,ocp_003,Openclipart,cat,stitch_type_teacher,satinrail_w5_s16_i5_cap45,satin_like,reject,reject,1,0.49568992,0.75,-0.05858938,-0.04018332,-0.01333823,-0.02433535,-0.0477345,0.0279852,-0.00343735,0.49568992,reject,reject,keep_selector_prediction,0.46770472,1
source_held_out,Openclipart,source_name,ocp_004,Openclipart,koi_fish,stitch_type_teacher,base_keep,base_keep,base_keep,base_keep,1,0.78698279,1.0,0.78698279,-0.04636726,-0.03062414,-0.01478913,-0.00724608,-0.0154391,0.00396787,-2.03871831,base_keep,base_keep,keep_selector_prediction,2.8257011,1
source_held_out,Openclipart,source_name,ocp_004,Openclipart,koi_fish,stitch_type_teacher,satinrail_safeadt_light,satin_like,reject,reject,1,0.29987149,0.75,-0.07030068,-0.02431737,-0.00627222,-0.01195606,-0.01331539,0.03242021,0.00026838,0.29987149,reject,reject,keep_selector_prediction,0.26745128,1
source_held_out,Openclipart,source_name,ocp_004,Openclipart,koi_fish,stitch_type_teacher,dtsatin_safeadt_light,satin_like,reject,reject,1,0.27456213,0.75,-0.07179903,-0.02299972,-0.00550649,-0.01109565,-0.01062014,0.03859349,-0.00037448,0.27456213,reject,reject,keep_selector_prediction,0.23596864,1
source_held_out,Openclipart,source_name,ocp_004,Openclipart,koi_fish,stitch_type_teacher,satinrail_w4_s18_i4_cap40,satin_like,reject,reject,1,0.38541197,0.75,-0.06513992,-0.02971782,-0.00821211,-0.01620189,-0.02506167,0.01939813,0.00034424,0.38541197,reject,reject,keep_selector_prediction,0.36601384,1
source_held_out,Openclipart,source_name,ocp_004,Openclipart,koi_fish,stitch_type_teacher,satinrail_w5_s16_i5_cap45,satin_like,reject,reject,1,0.36480484,0.75,-0.06636743,-0.02859454,-0.00748326,-0.01541121,-0.0227333,0.02375261,-1.395e-05,0.36480484,reject,reject,keep_selector_prediction,0.34105223,1
source_held_out,Openclipart,source_name,ocp_005,Openclipart,public_domain_logo,stitch_type_teacher,dtsatin_safeadt_light,satin_like,satin_like,reject,0,0.0795879,1.25,-0.08300551,-0.00537606,-0.0018396,0.00340601,0.02008203,0.04657767,0.0029417,0.0795879,reject,reject,keep_selector_prediction,0.03301023,0
source_held_out,Openclipart,source_name,ocp_006,Openclipart,butterfly_2,stitch_type_teacher,base_keep,base_keep,base_keep,base_keep,1,0.78456409,1.0,0.78456409,-0.04620127,-0.02796675,-0.01186775,-0.00591497,0.00052306,0.00148441,-2.08354862,base_keep,base_keep,keep_selector_prediction,2.86811271,1
source_held_out,Openclipart,source_name,ocp_006,Openclipart,butterfly_2,stitch_type_teacher,satinrail_safeadt_light,satin_like,reject,reject,1,0.23395837,0.75,-0.07405635,-0.02394839,-0.00538288,-0.00636425,-0.00548331,0.05110476,-0.00363477,0.23395837,reject,reject,keep_selector_prediction,0.18285361,1
source_held_out,Openclipart,source_name,ocp_006,Openclipart,butterfly_2,stitch_type_teacher,dtsatin_safeadt_light,satin_like,reject,reject,1,0.22199853,0.75,-0.07477719,-0.02322903,-0.00494743,-0.00579995,-0.00394262,0.0529524,-0.00366521,0.22199853,reject,reject,keep_selector_prediction,0.16904613,1
source_held_out,Openclipart,source_name,ocp_006,Openclipart,butterfly_2,stitch_type_teacher,satinrail_w4_s18_i4_cap40,satin_like,reject,reject,1,0.32883509,0.75,-0.06834592,-0.02976946,-0.00786333,-0.01086369,-0.01803137,0.03565035,-0.00325821,0.32883509,reject,reject,keep_selector_prediction,0.29318474,1
source_held_out,Openclipart,source_name,ocp_006,Openclipart,butterfly_2,stitch_type_teacher,satinrail_w5_s16_i5_cap45,satin_like,reject,reject,1,0.30975032,0.75,-0.06949153,-0.02866005,-0.00713785,-0.0100204,-0.01568677,0.03893183,-0.00339898,0.30975032,reject,reject,keep_selector_prediction,0.27081849,1
source_held_out,Openclipart,source_name,ocp_007,Openclipart,sitting_cat,stitch_type_teacher,base_keep,base_keep,base_keep,base_keep,1,0.78335201,1.0,0.78335201,-0.04213622,-0.03181438,-0.01040038,-0.00113753,-0.00244545,0.00499856,-2.10271715,base_keep,base_keep,keep_selector_prediction,2.88606916,1
source_held_out,Openclipart,source_name,ocp_007,Openclipart,sitting_cat,stitch_type_teacher,satinrail_safeadt_light,satin_like,reject,reject,1,0.40333889,0.75,-0.06411998,-0.03762964,-0.01707505,-0.01903421,-0.03436155,0.05451912,-0.00584116,0.40333889,reject,reject,keep_selector_prediction,0.34881977,1
source_held_out,Openclipart,source_name,ocp_007,Openclipart,sitting_cat,stitch_type_teacher,dtsatin_safeadt_light,satin_like,reject,reject,1,0.40513944,0.75,-0.06399046,-0.0377985,-0.01693925,-0.01939311,-0.03511316,0.05533545,-0.00608037,0.40513944,reject,reject,keep_selector_prediction,0.34980399,1
source_held_out,Openclipart,source_name,ocp_007,Openclipart,sitting_cat,stitch_type_teacher,satinrail_w4_s18_i4_cap40,satin_like,reject,reject,1,0.46400735,0.75,-0.06034954,-0.03903006,-0.01598147,-0.02316525,-0.04448413,0.03918232,-0.00300454,0.46400735,reject,reject,keep_selector_prediction,0.42482503,1
source_held_out,Openclipart,source_name,ocp_007,Openclipart,sitting_cat,stitch_type_teacher,satinrail_w5_s16_i5_cap45,satin_like,reject,reject,1,0.48305945,0.75,-0.05930013,-0.0425533,-0.01916906,-0.02307591,-0.04533921,0.04274972,-0.00578198,0.48305945,reject,reject,keep_selector_prediction,0.44030973,1
source_held_out,Openclipart,source_name,ocp_008,Openclipart,fish,stitch_type_teacher,base_keep,base_keep,base_keep,base_keep,1,0.78117187,1.0,0.78117187,-0.03902756,-0.02982769,-0.00712449,0.00607973,-0.00845507,0.00775259,-2.13678116,base_keep,base_keep,keep_selector_prediction,2.91795303,1
source_held_out,Openclipart,source_name,ocp_008,Openclipart,fish,stitch_type_teacher,satinrail_safeadt_light,satin_like,reject,reject,1,0.39620797,0.75,-0.06460052,-0.03569031,-0.01325009,-0.01976295,-0.03706289,0.05103164,-0.00252788,0.39620797,reject,reject,keep_selector_prediction,0.34517633,1
source_held_out,Openclipart,source_name,ocp_008,Openclipart,fish,stitch_type_teacher,dtsatin_safeadt_light,satin_like,reject,reject,1,0.4253974,0.75,-0.06292347,-0.03942514,-0.0164535,-0.02031934,-0.03947668,0.05202404,-0.00482023,0.4253974,reject,reject,keep_selector_prediction,0.37337336,1
source_held_out,Openclipart,source_name,ocp_008,Openclipart,fish,stitch_type_teacher,satinrail_w4_s18_i4_cap40,satin_like,reject,reject,1,0.60222926,0.75,-0.0524581,-0.05397907,-0.02539637,-0.0268424,-0.05972885,0.03256047,-0.00838668,0.60222926,reject,reject,keep_selector_prediction,0.56966879,1
source_held_out,Openclipart,source_name,ocp_008,Openclipart,fish,stitch_type_teacher,satinrail_w5_s16_i5_cap45,satin_like,reject,reject,1,0.47661852,0.75,-0.0597493,-0.04069048,-0.01554861,-0.02370532,-0.04787617,0.03893937,-0.00245445,0.47661852,reject,reject,keep_selector_prediction,0.43767915,1
source_held_out,Openclipart,source_name,ocp_009,Openclipart,flower_2,stitch_type_teacher,base_keep,base_keep,base_keep,base_keep,1,0.77544912,1.0,0.77544912,-0.02576283,-0.01872592,0.00046144,0.02795957,-0.03763138,0.01342215,-2.22809527,base_keep,base_keep,keep_selector_prediction,3.00354439,1
source_held_out,Openclipart,source_name,ocp_009,Openclipart,flower_2,stitch_type_teacher,satinrail_safeadt_light,satin_like,reject,reject,1,0.3121634,0.75,-0.06996899,-0.02350027,-9.763e-05,-0.01015293,-0.01168725,0.0096846,0.00360492,0.3121634,reject,reject,keep_selector_prediction,0.3024788,1
source_held_out,Openclipart,source_name,ocp_009,Openclipart,flower_2,stitch_type_teacher,dtsatin_safeadt_light,satin_like,reject,reject,1,0.35238289,0.75,-0.06761104,-0.02731707,-0.00301908,-0.01304598,-0.01986519,0.01408267,0.00213126,0.35238289,reject,reject,keep_selector_prediction,0.33830022,1
source_held_out,Openclipart,source_name,ocp_009,Openclipart,flower_2,stitch_type_teacher,satinrail_w4_s18_i4_cap40,satin_like,reject,reject,1,0.38088662,0.75,-0.06582243,-0.02795408,-0.00099567,-0.01364234,-0.0214607,-0.00091929,0.00364845,0.38088662,reject,reject,keep_selector_prediction,0.37723817,1
source_held_out,Openclipart,source_name,ocp_009,Openclipart,flower_2,stitch_type_teacher,satinrail_w5_s16_i5_cap45,satin_like,reject,reject,1,0.2278688,0.75,-0.07486806,-0.01451698,0.00375845,-0.00257911,0.00382686,0.00242668,0.00648122,0.2278688,reject,reject,keep_selector_prediction,0.22138758,1
source_held_out,Openclipart,source_name,ocp_010,Openclipart,thought_bubble,stitch_type_teacher,base_keep,base_keep,base_keep,base_keep,1,0.75752692,1.0,0.75752692,-0.04106756,0.16584169,-0.00857897,-0.0294766,-0.00639702,0.00623049,-2.53607504,base_keep,base_keep,keep_selector_prediction,3.29360196,1
source_held_out,Openclipart,source_name,ocp_010,Openclipart,thought_bubble,stitch_type_teacher,satinrail_safeadt_light,satin_like,reject,reject,1,0.14302777,0.75,-0.07925656,-0.01231468,-0.00328867,-0.00253653,0.00890168,0.04909706,0.00154118,0.14302777,reject,reject,keep_selector_prediction,0.09393071,1
source_held_out,Openclipart,source_name,ocp_010,Openclipart,thought_bubble,stitch_type_teacher,dtsatin_safeadt_light,satin_like,reject,reject,1,0.13292006,0.75,-0.07986798,-0.01164002,-0.00319602,-0.00199914,0.01039493,0.05054169,0.00156821,0.13292006,reject,reject,keep_selector_prediction,0.08237837,1
source_held_out,Openclipart,source_name,ocp_010,Openclipart,thought_bubble,stitch_type_teacher,satinrail_w4_s18_i4_cap40,satin_like,reject,reject,1,0.23010036,0.75,-0.07401635,-0.01765071,-0.00558239,-0.00665845,-0.00259552,0.03488341,0.00189657,0.23010036,reject,reject,keep_selector_prediction,0.19521695,1
source_held_out,Openclipart,source_name,ocp_010,Openclipart,thought_bubble,stitch_type_teacher,satinrail_w5_s16_i5_cap45,satin_like,reject,reject,1,0.21491513,0.75,-0.07492795,-0.01676234,-0.00504355,-0.00598377,-0.00071192,0.03750794,0.00178481,0.21491513,reject,reject,keep_selector_prediction,0.17740719,1
source_held_out,QuickDraw,source_name,qd_001,QuickDraw,cat,candidate_selector,auto_evalrepair_r10_c20,auto_running,reject,auto_running,0,0.96903722,0.75,-0.18397453,-0.08354079,0.96903722,-0.04334279,-0.08189055,-0.04436735,0.00145881,-1.62676044,auto_running,auto_running,keep_selector_prediction,2.59579766,0
source_held_out,QuickDraw,source_name,qd_001,QuickDraw,cat,candidate_selector,auto_r10_c16,auto_running,reject,auto_running,0,0.96955887,0.75,-0.18032919,-0.08506222,0.96955887,-0.05228519,-0.0942818,-0.0447742,-0.00047504,-1.56391818,auto_running,auto_running,keep_selector_prediction,2.53347705,0
source_held_out,QuickDraw,source_name,qd_001,QuickDraw,cat,candidate_selector,auto_r10_c20,auto_running,reject,auto_running,0,0.96903722,0.75,-0.18397453,-0.08354079,0.96903722,-0.04334279,-0.08189055,-0.04436735,0.00145881,-1.62676044,auto_running,auto_running,keep_selector_prediction,2.59579766,0
source_held_out,QuickDraw,source_name,qd_001,QuickDraw,cat,candidate_selector,auto_r125_c16,auto_running,reject,auto_running,0,0.96955887,0.75,-0.18032919,-0.08506222,0.96955887,-0.05228519,-0.0942818,-0.0447742,-0.00047504,-1.56391818,auto_running,auto_running,keep_selector_prediction,2.53347705,0
source_held_out,QuickDraw,source_name,qd_001,QuickDraw,cat,candidate_selector,auto_r125_c20,auto_running,reject,auto_running,0,0.96903722,0.75,-0.18397453,-0.08354079,0.96903722,-0.04334279,-0.08189055,-0.04436735,0.00145881,-1.62676044,auto_running,auto_running,keep_selector_prediction,2.59579766,0
source_held_out,QuickDraw,source_name,qd_001,QuickDraw,cat,candidate_selector,auto_skel_c12,running_line,reject,reject,1,0.11428876,0.75,-0.08156892,0.08537609,-0.01192429,0.04130373,-0.05033285,-0.02262781,-0.00284778,0.11428876,reject,reject,keep_selector_prediction,0.02891267,1
source_held_out,QuickDraw,source_name,qd_001,QuickDraw,cat,candidate_selector,skeleton_c20_m4,running_line,reject,running_line,0,0.08881138,0.75,-0.08888492,0.08881138,-0.01296233,0.05983864,-0.02629106,-0.02119461,0.00052661,-0.01224793,running_line,reject,risk_margin_reject,0.10105931,1
source_held_out,QuickDraw,source_name,qd_001,QuickDraw,cat,candidate_selector,skeleton_c30_m4,running_line,reject,running_line,0,0.08881138,0.75,-0.08888492,0.08881138,-0.01296233,0.05983864,-0.02629106,-0.02119461,0.00052661,-0.01224793,running_line,reject,risk_margin_reject,0.10105931,1
source_held_out,QuickDraw,source_name,qd_001,QuickDraw,cat,candidate_selector,skeleton_c30_m12,running_line,running_line,running_line,1,0.09792637,1.0,-0.09509952,0.09792637,-0.01378982,0.0646559,-0.00345942,-0.01800534,0.00431049,-0.12041921,running_line,running_line,keep_selector_prediction,0.21834558,1
source_held_out,QuickDraw,source_name,qd_001,QuickDraw,cat,candidate_selector,mask_fill_rows16_c6,fill_tatami_like,reject,reject,1,0.31373756,0.75,-0.06958484,0.00489668,-0.00984981,-0.00332618,-0.01548506,-0.00514217,-0.00711623,0.31373756,reject,reject,keep_selector_prediction,0.30884088,1
source_held_out,QuickDraw,source_name,qd_001,QuickDraw,cat,candidate_selector,mask_fill_edgewalk_rows16_p40,fill_tatami_like,reject,reject,1,0.47327167,0.75,-0.060909,-0.01689131,-0.00871082,-0.06779077,0.01152496,-0.0202396,0.0012114,0.47327167,reject,reject,keep_selector_prediction,0.46174671,1
source_held_out,QuickDraw,source_name,qd_001,QuickDraw,cat,candidate_selector,mask_fill_edgewalk_outline_ext_in3_rows16_p40,outline_border,reject,reject,1,0.42835735,0.75,-0.06328803,-0.0058982,-0.00904156,-0.03445229,-0.04340219,-0.0138145,0.02434808,0.42835735,reject,reject,keep_selector_prediction,0.40400927,1
source_held_out,QuickDraw,source_name,qd_001,QuickDraw,cat,candidate_selector,mask_fill_edgewalk_styleaware_r008_d45,style_aware_mixed,reject,reject,1,0.4899301,0.75,-0.05950063,-0.00349966,-0.00836543,-0.05400969,-0.02599605,-0.0135833,-0.00107193,0.4899301,reject,reject,keep_selector_prediction,0.49100203,1
source_held_out,QuickDraw,source_name,qd_002,QuickDraw,dog,candidate_selector,skeleton_c30_m4,running_line,running_line,auto_fill,0,0.12313283,1.0,-0.10828011,0.10029937,-0.01567978,0.12313283,0.02101221,-0.01096491,0.00559261,-0.35191562,auto_fill,auto_fill,keep_selector_prediction,0.47504845,0
source_held_out,QuickDraw,source_name,qd_002,QuickDraw,dog,candidate_selector,mask_fill_rows16_c6,fill_tatami_like,reject,reject,1,0.48861064,0.75,-0.05956563,0.00137513,-0.00850489,-0.02297255,-0.05335682,-0.01224188,-0.01005195,0.48861064,reject,reject,keep_selector_prediction,0.48723551,1
source_held_out,QuickDraw,source_name,qd_002,QuickDraw,dog,candidate_selector,mask_fill_edgewalk_rows16_p40,fill_tatami_like,reject,reject,1,0.9702514,0.75,-0.03262812,-0.04007751,-0.00473782,-0.14827954,-0.04663886,-0.04528751,-0.01482529,0.9702514,reject,reject,keep_selector_prediction,0.97498922,1
source_held_out,QuickDraw,source_name,qd_002,QuickDraw,dog,candidate_selector,mask_fill_edgewalk_outline_ext_in3_rows16_p40,outline_border,reject,reject,1,0.94573189,0.75,-0.0338293,-0.03004748,-0.00489683,-0.1191159,-0.10402176,-0.03895181,0.00782875,0.94573189,reject,reject,keep_selector_prediction,0.93790314,1
source_held_out,QuickDraw,source_name,qd_002,QuickDraw,dog,candidate_selector,mask_fill_edgewalk_styleaware_r008_d45,style_aware_mixed,reject,reject,1,0.6270836,0.75,-0.05143049,-0.0046142,-0.00717368,-0.06893719,-0.06027481,-0.01099584,-0.00780082,0.6270836,reject,reject,keep_selector_prediction,0.6316978,1
source_held_out,QuickDraw,source_name,qd_003,QuickDraw,fish,candidate_selector,auto_evalrepair_r10_c20,auto_running,auto_running,auto_running,1,0.96662587,1.0,-0.20055706,-0.08087423,0.96662587,0.00918486,-0.03408585,-0.04017257,0.00983674,-1.91397687,auto_running,auto_running,keep_selector_prediction,2.88060274,1
source_held_out,QuickDraw,source_name,qd_003,QuickDraw,fish,candidate_selector,mask_fill_rows16_c6,fill_tatami_like,reject,reject,1,0.65728527,0.75,-0.05018868,-0.02044056,-0.00717506,-0.09387071,-0.02254094,-0.02425786,-0.00547285,0.65728527,reject,reject,keep_selector_prediction,0.66275812,1
source_held_out,QuickDraw,source_name,qd_003,QuickDraw,fish,candidate_selector,mask_fill_edgewalk_rows16_p40,fill_tatami_like,reject,reject,1,0.65685446,0.75,-0.05076399,-0.03387911,-0.00736954,-0.11857833,0.02049432,-0.0398746,0.00304484,0.65685446,reject,reject,keep_selector_prediction,0.63636014,1
source_held_out,QuickDraw,source_name,qd_003,QuickDraw,fish,candidate_selector,mask_fill_edgewalk_outline_ext_in3_rows16_p40,outline_border,reject,reject,1,0.68176836,0.75,-0.04912243,-0.02565923,-0.00712807,-0.09783287,-0.04460005,-0.03455772,0.02473269,0.68176836,reject,reject,keep_selector_prediction,0.65703567,1
source_held_out,QuickDraw,source_name,qd_003,QuickDraw,fish,candidate_selector,mask_fill_edgewalk_styleaware_r008_d45,style_aware_mixed,reject,reject,1,0.55021753,0.75,-0.05619764,-0.00859096,-0.00794197,-0.06900856,-0.02659507,-0.01913892,0.00023949,0.55021753,reject,reject,keep_selector_prediction,0.54997804,1
source_held_out,QuickDraw,source_name,qd_004,QuickDraw,flower,candidate_selector,skeleton_c30_m20,running_line,running_line,running_line,1,0.1085744,1.0,-0.10865615,0.1085744,-0.01571084,0.10647793,0.03038597,-0.01419562,0.00897282,-0.3560629,running_line,running_line,keep_selector_prediction,0.4646373,1
source_held_out,QuickDraw,source_name,qd_004,QuickDraw,flower,candidate_selector,mask_fill_rows16_c6,fill_tatami_like,reject,reject,1,0.63738715,0.75,-0.05128293,-0.02218495,-0.00726622,-0.09945324,-0.00954489,-0.02106324,-0.00587956,0.63738715,reject,reject,keep_selector_prediction,0.64326671,1
source_held_out,QuickDraw,source_name,qd_004,QuickDraw,flower,candidate_selector,mask_fill_edgewalk_rows16_p40,fill_tatami_like,reject,reject,1,0.70926813,0.75,-0.0475373,-0.03626174,-0.00680527,-0.13670866,0.01644887,-0.0324049,0.00036531,0.70926813,reject,reject,keep_selector_prediction,0.69281926,1
source_held_out,QuickDraw,source_name,qd_004,QuickDraw,flower,candidate_selector,mask_fill_edgewalk_outline_ext_in3_rows16_p40,outline_border,reject,reject,1,0.68964251,0.75,-0.04848706,-0.02708255,-0.00693831,-0.10984683,-0.03934029,-0.02721733,0.02358806,0.68964251,reject,reject,keep_selector_prediction,0.66605445,1
source_held_out,QuickDraw,source_name,qd_004,QuickDraw,flower,candidate_selector,mask_fill_edgewalk_styleaware_r008_d45,style_aware_mixed,reject,reject,1,0.60355463,0.75,-0.05319614,-0.01783623,-0.00753941,-0.08458958,-0.02349356,-0.02047549,0.00185044,0.60355463,reject,reject,keep_selector_prediction,0.60170419,1
source_held_out,QuickDraw,source_name,qd_005,QuickDraw,bicycle,candidate_selector,skeleton_c30_m4,running_line,running_line,auto_fill,0,0.1708677,1.0,-0.12481531,0.10536122,-0.01810035,0.1708677,0.07221837,-0.01072592,0.01511008,-0.63618292,auto_fill,auto_fill,keep_selector_prediction,0.80705062,0
source_held_out,QuickDraw,source_name,qd_005,QuickDraw,bicycle,candidate_selector,skeleton_c30_m12,running_line,reject,auto_fill,0,0.12222465,0.75,-0.1114716,0.10452009,-0.01615178,0.12222465,0.0401175,-0.01685695,0.00876853,-0.40356546,auto_fill,auto_fill,keep_selector_prediction,0.52579011,0
source_held_out,QuickDraw,source_name,qd_005,QuickDraw,bicycle,candidate_selector,mask_fill_rows16_c6,fill_tatami_like,reject,reject,1,0.41778053,0.75,-0.063594,0.00226357,-0.00902235,-0.01734777,-0.03542468,-0.00838879,-0.00942392,0.41778053,reject,reject,keep_selector_prediction,0.41551696,1
source_held_out,QuickDraw,source_name,qd_005,QuickDraw,bicycle,candidate_selector,mask_fill_edgewalk_rows16_p40,fill_tatami_like,reject,reject,1,0.59327828,0.75,-0.05403074,-0.02534558,-0.00770729,-0.1006266,0.00908525,-0.02350393,-0.00033131,0.59327828,reject,reject,keep_selector_prediction,0.58419303,1
source_held_out,QuickDraw,source_name,qd_005,QuickDraw,bicycle,candidate_selector,mask_fill_edgewalk_outline_ext_in3_rows16_p40,outline_border,reject,reject,1,0.54340903,0.75,-0.05669608,-0.01482389,-0.00807039,-0.06849427,-0.04259757,-0.01680165,0.02298718,0.54340903,reject,reject,keep_selector_prediction,0.52042185,1
source_held_out,QuickDraw,source_name,qd_005,QuickDraw,bicycle,candidate_selector,mask_fill_edgewalk_styleaware_r008_d45,style_aware_mixed,reject,reject,1,0.70029782,0.75,-0.04748825,-0.01345065,-0.00669606,-0.09230023,-0.05534934,-0.01854646,-0.00331091,0.70029782,reject,reject,keep_selector_prediction,0.70360873,1
source_held_out,QuickDraw,source_name,qd_006,QuickDraw,bird,candidate_selector,skeleton_c30_m8,running_line,running_line,auto_fill,0,0.12254654,1.0,-0.10956688,0.10116761,-0.01587204,0.12254654,0.02835133,-0.01213418,0.0074698,-0.37316703,auto_fill,auto_fill,keep_selector_prediction,0.49571357,0
source_held_out,QuickDraw,source_name,qd_006,QuickDraw,bird,candidate_selector,mask_fill_rows16_c6,fill_tatami_like,reject,reject,1,0.62457462,0.75,-0.05196665,-0.02531098,-0.00728862,-0.11011311,0.00804269,-0.01894321,-0.00640029,0.62457462,reject,reject,keep_selector_prediction,0.61653193,1
source_held_out,QuickDraw,source_name,qd_006,QuickDraw,bird,candidate_selector,mask_fill_edgewalk_rows16_p40,fill_tatami_like,reject,reject,1,0.52708343,0.75,-0.05831891,-0.03112832,-0.00845822,-0.09940129,0.04776919,-0.04096971,0.00661885,0.52708343,reject,reject,keep_selector_prediction,0.47931424,1
source_held_out,QuickDraw,source_name,qd_006,QuickDraw,bird,candidate_selector,mask_fill_edgewalk_outline_ext_in3_rows16_p40,outline_border,reject,reject,1,0.50467894,0.75,-0.05942768,-0.02222038,-0.00860846,-0.07329577,-0.00607119,-0.03564383,0.02991221,0.50467894,reject,reject,keep_selector_prediction,0.47476673,1
source_held_out,QuickDraw,source_name,qd_006,QuickDraw,bird,candidate_selector,mask_fill_edgewalk_styleaware_r008_d45,style_aware_mixed,reject,reject,1,0.50801273,0.75,-0.05880784,-0.01291862,-0.00839307,-0.06311018,-0.01228009,-0.02332638,0.00483331,0.50801273,reject,reject,keep_selector_prediction,0.50317942,1
source_held_out,QuickDraw,source_name,qd_007,QuickDraw,moon,candidate_selector,auto_evalrepair_r10_c20,auto_running,reject,auto_running,0,0.97049447,0.75,-0.1732607,-0.09556724,0.97049447,-0.06393376,-0.11851964,-0.04635731,-0.00175688,-1.44111118,auto_running,auto_running,keep_selector_prediction,2.41160565,0
source_held_out,QuickDraw,source_name,qd_007,QuickDraw,moon,candidate_selector,auto_r10_c16,auto_running,reject,auto_running,0,0.97049447,0.75,-0.1732607,-0.09556724,0.97049447,-0.06393376,-0.11851964,-0.04635731,-0.00175688,-1.44111118,auto_running,auto_running,keep_selector_prediction,2.41160565,0
source_held_out,QuickDraw,source_name,qd_007,QuickDraw,moon,candidate_selector,auto_r10_c20,auto_running,reject,auto_running,0,0.97049447,0.75,-0.1732607,-0.09556724,0.97049447,-0.06393376,-0.11851964,-0.04635731,-0.00175688,-1.44111118,auto_running,auto_running,keep_selector_prediction,2.41160565,0
source_held_out,QuickDraw,source_name,qd_007,QuickDraw,moon,candidate_selector,auto_r125_c16,auto_running,reject,auto_running,0,0.97049447,0.75,-0.1732607,-0.09556724,0.97049447,-0.06393376,-0.11851964,-0.04635731,-0.00175688,-1.44111118,auto_running,auto_running,keep_selector_prediction,2.41160565,0
source_held_out,QuickDraw,source_name,qd_007,QuickDraw,moon,candidate_selector,auto_r125_c20,auto_running,reject,auto_running,0,0.97049447,0.75,-0.1732607,-0.09556724,0.97049447,-0.06393376,-0.11851964,-0.04635731,-0.00175688,-1.44111118,auto_running,auto_running,keep_selector_prediction,2.41160565,0
source_held_out,QuickDraw,source_name,qd_007,QuickDraw,moon,candidate_selector,auto_skel_c12,running_line,reject,reject,1,0.17340133,0.75,-0.07817109,0.07678493,-0.01150507,0.03924767,-0.06292015,-0.02318457,-0.00268908,0.17340133,reject,reject,keep_selector_prediction,0.0966164,1
source_held_out,QuickDraw,source_name,qd_007,QuickDraw,moon,candidate_selector,skeleton_c20_m4,running_line,reject,reject,1,0.17340133,0.75,-0.07817109,0.07678493,-0.01150507,0.03924767,-0.06292015,-0.02318457,-0.00268908,0.17340133,reject,reject,keep_selector_prediction,0.0966164,1
source_held_out,QuickDraw,source_name,qd_007,QuickDraw,moon,candidate_selector,skeleton_c30_m4,running_line,reject,reject,1,0.17340133,0.75,-0.07817109,0.07678493,-0.01150507,0.03924767,-0.06292015,-0.02318457,-0.00268908,0.17340133,reject,reject,keep_selector_prediction,0.0966164,1
source_held_out,QuickDraw,source_name,qd_007,QuickDraw,moon,candidate_selector,skeleton_c30_m20,running_line,running_line,running_line,1,0.08962748,1.0,-0.0847651,0.08962748,-0.01236368,0.04335108,-0.0387568,-0.02104035,0.00010683,0.0588974,running_line,reject,risk_margin_reject,0.03073008,0
source_held_out,QuickDraw,source_name,qd_007,QuickDraw,moon,candidate_selector,mask_fill_rows16_c6,fill_tatami_like,reject,auto_fill,0,0.09794884,0.75,-0.0829674,0.03337789,-0.01192811,0.09794884,-0.05638241,-0.00019216,-0.00631152,0.07924934,auto_fill,reject,risk_margin_reject,0.0186995,1
source_held_out,QuickDraw,source_name,qd_007,QuickDraw,moon,candidate_selector,mask_fill_edgewalk_rows16_p40,fill_tatami_like,reject,reject,1,0.2083848,0.75,-0.07590285,0.01268935,-0.01093589,0.03470979,-0.0215346,-0.01042422,-0.00014802,0.2083848,reject,reject,keep_selector_prediction,0.17367501,1
source_held_out,QuickDraw,source_name,qd_007,QuickDraw,moon,candidate_selector,mask_fill_edgewalk_outline_ext_in3_rows16_p40,outline_border,reject,reject,1,0.16356009,0.75,-0.07827831,0.0236549,-0.01126672,0.06799907,-0.07641708,-0.00404126,0.02302111,0.16356009,reject,reject,keep_selector_prediction,0.09556102,1
source_held_out,QuickDraw,source_name,qd_007,QuickDraw,moon,candidate_selector,mask_fill_edgewalk_styleaware_r008_d45,style_aware_mixed,reject,reject,1,0.61266971,0.75,-0.05232534,-0.00920624,-0.00733235,-0.06716778,-0.05223526,-0.01231585,-0.00610358,0.61266971,reject,reject,keep_selector_prediction,0.61877329,1
source_held_out,QuickDraw,source_name,qd_008,QuickDraw,star,candidate_selector,auto_evalrepair_r10_c20,auto_running,auto_running,auto_running,1,0.9669026,1.0,-0.19881945,-0.08052695,0.9669026,0.00730185,-0.04294173,-0.03829559,0.00719498,-1.8854245,auto_running,auto_running,keep_selector_prediction,2.8523271,1
source_held_out,QuickDraw,source_name,qd_008,QuickDraw,star,candidate_selector,mask_fill_rows16_c6,fill_tatami_like,reject,reject,1,0.44256137,0.75,-0.06227044,0.00258589,-0.00890969,-0.01513115,-0.04595879,-0.01234783,-0.00795802,0.44256137,reject,reject,keep_selector_prediction,0.43997548,1
source_held_out,QuickDraw,source_name,qd_008,QuickDraw,star,candidate_selector,mask_fill_edgewalk_rows16_p40,fill_tatami_like,reject,reject,1,0.68486346,0.75,-0.04884654,-0.02909528,-0.00698687,-0.11172522,-0.00409545,-0.02913732,-0.0042286,0.68486346,reject,reject,keep_selector_prediction,0.68895891,1
source_held_out,QuickDraw,source_name,qd_008,QuickDraw,star,candidate_selector,mask_fill_edgewalk_outline_ext_in3_rows16_p40,outline_border,reject,reject,1,0.64409415,0.75,-0.05099244,-0.01896119,-0.00727953,-0.08102457,-0.05717198,-0.02282154,0.01898889,0.64409415,reject,reject,keep_selector_prediction,0.62510526,1
source_held_out,QuickDraw,source_name,qd_008,QuickDraw,star,candidate_selector,mask_fill_edgewalk_styleaware_r008_d45,style_aware_mixed,reject,reject,1,0.43697408,0.75,-0.06263465,-0.00618563,-0.00887047,-0.04109535,-0.01640245,-0.01525073,0.00173112,0.43697408,reject,reject,keep_selector_prediction,0.43524296,1
source_held_out,QuickDraw,source_name,qd_001,QuickDraw,cat,stitch_type_teacher,base_keep,base_keep,base_keep,base_keep,1,0.82249042,1.0,0.82249042,-0.02905749,-0.02478994,-0.12916869,-0.08856006,-0.06033898,-0.01514829,-1.46248432,base_keep,base_keep,keep_selector_prediction,2.28497474,1
source_held_out,QuickDraw,source_name,qd_001,QuickDraw,cat,stitch_type_teacher,satinrail_safeadt_light,satin_like,reject,reject,1,0.93239285,0.75,-0.03571427,-0.04138398,-0.00514275,-0.16080506,-0.06858255,-0.0023232,0.00268956,0.93239285,reject,reject,keep_selector_prediction,0.92970329,1
source_held_out,QuickDraw,source_name,qd_001,QuickDraw,cat,stitch_type_teacher,dtsatin_safeadt_light,satin_like,reject,reject,1,0.90892884,0.75,-0.03718382,-0.0408214,-0.00531422,-0.15999616,-0.06667433,0.00536278,0.00272342,0.90892884,reject,reject,keep_selector_prediction,0.90356606,1
source_held_out,QuickDraw,source_name,qd_001,QuickDraw,cat,stitch_type_teacher,satinrail_w4_s18_i4_cap40,satin_like,reject,reject,1,1.0794379,0.75,-0.02638909,-0.04403424,-0.00405643,-0.16300633,-0.08118259,-0.05363305,0.0017625,1.0794379,reject,reject,keep_selector_prediction,1.0776754,1
source_held_out,QuickDraw,source_name,qd_001,QuickDraw,cat,stitch_type_teacher,satinrail_w5_s16_i5_cap45,satin_like,reject,reject,1,1.04203017,0.75,-0.02875097,-0.04324686,-0.00432987,-0.16220427,-0.07817574,-0.04062569,0.00186489,1.04203017,reject,reject,keep_selector_prediction,1.04016528,1
source_held_out,QuickDraw,source_name,qd_002,QuickDraw,dog,stitch_type_teacher,base_keep,base_keep,base_keep,base_keep,1,0.81560687,1.0,0.81560687,-0.02722981,-0.02574773,-0.09567654,-0.07504326,-0.05985894,-0.01607573,-1.58383996,base_keep,base_keep,keep_selector_prediction,2.39944683,1
source_held_out,QuickDraw,source_name,qd_002,QuickDraw,dog,stitch_type_teacher,satinrail_safeadt_light,satin_like,reject,reject,1,0.77579877,0.75,-0.04392298,-0.02945904,-0.00643894,-0.10755236,-0.04329351,-0.0397165,0.00384045,0.77579877,reject,reject,keep_selector_prediction,0.77195832,1
source_held_out,QuickDraw,source_name,qd_002,QuickDraw,dog,stitch_type_teacher,dtsatin_safeadt_light,satin_like,reject,reject,1,0.77595731,0.75,-0.04391598,-0.02949725,-0.00643874,-0.1076247,-0.04324001,-0.03977336,0.00388293,0.77595731,reject,reject,keep_selector_prediction,0.77207438,1
source_held_out,QuickDraw,source_name,qd_002,QuickDraw,dog,stitch_type_teacher,satinrail_w4_s18_i4_cap40,satin_like,reject,reject,1,0.83722498,0.75,-0.03985009,-0.03019253,-0.00600644,-0.10434354,-0.04559818,-0.07126656,0.00392904,0.83722498,reject,reject,keep_selector_prediction,0.83329594,1
source_held_out,QuickDraw,source_name,qd_002,QuickDraw,dog,stitch_type_teacher,satinrail_w5_s16_i5_cap45,satin_like,reject,reject,1,0.8045018,0.75,-0.04191709,-0.02951687,-0.00624607,-0.10366134,-0.04293709,-0.05990703,0.00403683,0.8045018,reject,reject,keep_selector_prediction,0.80046497,1
source_held_out,QuickDraw,source_name,qd_003,QuickDraw,fish,stitch_type_teacher,base_keep,base_keep,base_keep,base_keep,1,0.81300332,1.0,0.81300332,-0.0328295,-0.02613608,-0.1085352,-0.07959819,-0.00924553,-0.01315806,-1.63604962,base_keep,base_keep,keep_selector_prediction,2.44905294,1
source_held_out,QuickDraw,source_name,qd_003,QuickDraw,fish,stitch_type_teacher,satinrail_safeadt_light,satin_like,reject,reject,1,0.46703215,0.75,-0.06150767,-0.02898088,-0.0090422,-0.08387738,0.00497986,0.00624045,0.01775852,0.46703215,reject,reject,keep_selector_prediction,0.44927363,1
source_held_out,QuickDraw,source_name,qd_003,QuickDraw,fish,stitch_type_teacher,dtsatin_safeadt_light,satin_like,reject,reject,1,0.46550527,0.75,-0.06160416,-0.02894784,-0.00905328,-0.08384743,0.00509675,0.00678427,0.01776012,0.46550527,reject,reject,keep_selector_prediction,0.44774515,1
source_held_out,QuickDraw,source_name,qd_003,QuickDraw,fish,stitch_type_teacher,satinrail_w4_s18_i4_cap40,satin_like,reject,reject,1,0.57679147,0.75,-0.05477049,-0.0317981,-0.00820572,-0.08968221,-0.00605588,-0.02169075,0.01560119,0.57679147,reject,reject,keep_selector_prediction,0.56119028,1
source_held_out,QuickDraw,source_name,qd_003,QuickDraw,fish,stitch_type_teacher,satinrail_w5_s16_i5_cap45,satin_like,reject,reject,1,0.51596791,0.75,-0.05839708,-0.02975852,-0.00867725,-0.08445392,0.00054316,-0.010689,0.01730551,0.51596791,reject,reject,keep_selector_prediction,0.4986624,1
source_held_out,QuickDraw,source_name,qd_004,QuickDraw,flower,stitch_type_teacher,base_keep,base_keep,base_keep,base_keep,1,0.81101287,1.0,0.81101287,-0.03081332,-0.02639425,-0.10194992,-0.07529686,-0.0071916,-0.0136062,-1.67159713,base_keep,base_keep,keep_selector_prediction,2.48261,1
source_held_out,QuickDraw,source_name,qd_004,QuickDraw,flower,stitch_type_teacher,satinrail_safeadt_light,satin_like,reject,reject,1,0.57443601,0.75,-0.05554813,-0.03363694,-0.00811705,-0.10921225,-0.01487878,0.01941357,0.01438362,0.57443601,reject,reject,keep_selector_prediction,0.55502244,1
source_held_out,QuickDraw,source_name,qd_004,QuickDraw,flower,stitch_type_teacher,dtsatin_safeadt_light,satin_like,reject,reject,1,0.57495722,0.75,-0.05551955,-0.0336779,-0.00811354,-0.10933189,-0.01490787,0.01936862,0.01440343,0.57495722,reject,reject,keep_selector_prediction,0.5555886,1
source_held_out,QuickDraw,source_name,qd_004,QuickDraw,flower,stitch_type_teacher,satinrail_w4_s18_i4_cap40,satin_like,reject,reject,1,0.66410633,0.75,-0.04986774,-0.03528997,-0.00745468,-0.11071408,-0.02257019,-0.01163523,0.01383607,0.66410633,reject,reject,keep_selector_prediction,0.65027026,1
source_held_out,QuickDraw,source_name,qd_004,QuickDraw,flower,stitch_type_teacher,satinrail_w5_s16_i5_cap45,satin_like,reject,reject,1,0.64224873,0.75,-0.05125002,-0.03486614,-0.00761572,-0.11029138,-0.02072133,-0.00410876,0.01394869,0.64224873,reject,reject,keep_selector_prediction,0.62830004,1
source_held_out,QuickDraw,source_name,qd_005,QuickDraw,bicycle,stitch_type_teacher,base_keep,base_keep,base_keep,base_keep,1,0.7995888,1.0,0.7995888,-0.02806395,-0.02813195,-0.07882633,-0.03086577,-0.01296395,-0.00201007,-1.86395865,base_keep,base_keep,keep_selector_prediction,2.66354745,1
source_held_out,QuickDraw,source_name,qd_005,QuickDraw,bicycle,stitch_type_teacher,satinrail_safeadt_light,satin_like,reject,reject,1,0.72255401,0.75,-0.04697007,-0.03882467,-0.00686104,-0.13231968,-0.03701064,0.01667966,0.00779104,0.72255401,reject,reject,keep_selector_prediction,0.70587435,1
source_held_out,QuickDraw,source_name,qd_005,QuickDraw,bicycle,stitch_type_teacher,dtsatin_safeadt_light,satin_like,reject,reject,1,0.64721706,0.75,-0.0512916,-0.03540451,-0.00745061,-0.12257626,-0.02855975,0.02396259,0.01037364,0.64721706,reject,reject,keep_selector_prediction,0.62325447,1
source_held_out,QuickDraw,source_name,qd_005,QuickDraw,bicycle,stitch_type_teacher,satinrail_w4_s18_i4_cap40,satin_like,reject,reject,1,0.74879188,0.75,-0.04488283,-0.03759351,-0.0067095,-0.12485883,-0.03663096,-0.01134854,0.01015715,0.74879188,reject,reject,keep_selector_prediction,0.73863473,1
source_held_out,QuickDraw,source_name,qd_005,QuickDraw,bicycle,stitch_type_teacher,satinrail_w5_s16_i5_cap45,satin_like,reject,reject,1,0.72378913,0.75,-0.04645931,-0.03703874,-0.00689138,-0.12427475,-0.03468287,-0.00262982,0.01018785,0.72378913,reject,reject,keep_selector_prediction,0.71360128,1
source_held_out,QuickDraw,source_name,qd_006,QuickDraw,bird,stitch_type_teacher,base_keep,base_keep,base_keep,base_keep,1,0.81256838,1.0,0.81256838,-0.02677058,-0.02619531,-0.13317715,-0.06078893,-0.01507327,-0.00717238,-1.63921623,base_keep,base_keep,keep_selector_prediction,2.45178461,1
source_held_out,QuickDraw,source_name,qd_006,QuickDraw,bird,stitch_type_teacher,satinrail_safeadt_light,satin_like,reject,reject,1,0.40733118,0.75,-0.06521543,-0.02698975,-0.00945783,-0.08119272,0.00834013,0.02716996,0.01700257,0.40733118,reject,reject,keep_selector_prediction,0.38016122,1
source_held_out,QuickDraw,source_name,qd_006,QuickDraw,bird,stitch_type_teacher,dtsatin_safeadt_light,satin_like,reject,reject,1,0.40255089,0.75,-0.06551645,-0.0268842,-0.00949275,-0.08107001,0.0087244,0.02880308,0.01701292,0.40255089,reject,reject,keep_selector_prediction,0.37374781,1
source_held_out,QuickDraw,source_name,qd_006,QuickDraw,bird,stitch_type_teacher,satinrail_w4_s18_i4_cap40,satin_like,reject,reject,1,0.51440172,0.75,-0.05861303,-0.0292351,-0.00863923,-0.08724209,-0.00429272,0.00114101,0.01564213,0.51440172,reject,reject,keep_selector_prediction,0.49875959,1
source_held_out,QuickDraw,source_name,qd_006,QuickDraw,bird,stitch_type_teacher,satinrail_w5_s16_i5_cap45,satin_like,reject,reject,1,0.4890664,0.75,-0.06020944,-0.02867983,-0.00882423,-0.08661746,-0.00226398,0.0098454,0.01569649,0.4890664,reject,reject,keep_selector_prediction,0.47336991,1
source_held_out,QuickDraw,source_name,qd_007,QuickDraw,moon,stitch_type_teacher,base_keep,base_keep,base_keep,base_keep,1,0.82055072,1.0,0.82055072,-0.03730015,-0.02508532,-0.12892506,-0.10252324,-0.01209916,-0.01550962,-1.50458397,base_keep,base_keep,keep_selector_prediction,2.32513469,1
source_held_out,QuickDraw,source_name,qd_007,QuickDraw,moon,stitch_type_teacher,satinrail_safeadt_light,satin_like,reject,reject,1,0.81739759,0.75,-0.04239211,-0.04449344,-0.00605449,-0.1694231,-0.06641415,0.06077741,0.0076895,0.81739759,reject,reject,keep_selector_prediction,0.75662018,1
source_held_out,QuickDraw,source_name,qd_007,QuickDraw,moon,stitch_type_teacher,dtsatin_safeadt_light,satin_like,reject,reject,1,0.83024277,0.75,-0.04158506,-0.04479844,-0.00596125,-0.1697949,-0.06740593,0.05638739,0.00768807,0.83024277,reject,reject,keep_selector_prediction,0.77385538,1
source_held_out,QuickDraw,source_name,qd_007,QuickDraw,moon,stitch_type_teacher,satinrail_w4_s18_i4_cap40,satin_like,reject,reject,1,1.00474785,0.75,-0.03052949,-0.04801234,-0.00467238,-0.1726879,-0.0823585,-0.00410203,0.00662629,1.00474785,reject,reject,keep_selector_prediction,0.99812156,1
source_held_out,QuickDraw,source_name,qd_007,QuickDraw,moon,stitch_type_teacher,satinrail_w5_s16_i5_cap45,satin_like,reject,reject,1,0.9423378,0.75,-0.03447707,-0.04681084,-0.00513246,-0.17149821,-0.07706303,0.01738813,0.00695852,0.9423378,reject,reject,keep_selector_prediction,0.92494967,1
source_held_out,QuickDraw,source_name,qd_008,QuickDraw,star,stitch_type_teacher,base_keep,base_keep,base_keep,base_keep,1,0.80587201,1.0,0.80587201,-0.0221263,-0.02713125,-0.07137418,-0.05178122,-0.04561454,-0.01211282,-1.75456382,base_keep,base_keep,keep_selector_prediction,2.56043583,1
source_held_out,QuickDraw,source_name,qd_008,QuickDraw,star,stitch_type_teacher,satinrail_safeadt_light,satin_like,reject,reject,1,0.95260095,0.75,-0.03380306,-0.04016931,-0.00507367,-0.14672285,-0.06708711,-0.0361732,0.00426091,0.95260095,reject,reject,keep_selector_prediction,0.94834004,1
source_held_out,QuickDraw,source_name,qd_008,QuickDraw,star,stitch_type_teacher,dtsatin_safeadt_light,satin_like,reject,reject,1,0.93712665,0.75,-0.03478309,-0.03988148,-0.00518791,-0.14645829,-0.06576444,-0.03081585,0.00435233,0.93712665,reject,reject,keep_selector_prediction,0.93277432,1
source_held_out,QuickDraw,source_name,qd_008,QuickDraw,star,stitch_type_teacher,satinrail_w4_s18_i4_cap40,satin_like,reject,reject,1,1.03576469,0.75,-0.02852847,-0.04162777,-0.00445728,-0.14796995,-0.07436388,-0.06496023,0.00366063,1.03576469,reject,reject,keep_selector_prediction,1.03210406,1
source_held_out,QuickDraw,source_name,qd_008,QuickDraw,star,stitch_type_teacher,satinrail_w5_s16_i5_cap45,satin_like,reject,reject,1,1.01701561,0.75,-0.02971083,-0.04121448,-0.00459376,-0.14753613,-0.0728968,-0.05842573,0.00368738,1.01701561,reject,reject,keep_selector_prediction,1.01332823,1
source_held_out,Rendered text,source_name,txt_001,Rendered text,AI,candidate_selector,mask_fill_rows16_c6,fill_tatami_like,reject,fill_tatami_like,0,0.03724904,0.75,-0.08257172,0.03571014,-0.00365178,0.01872766,0.03724904,0.00340434,-0.00294579,-0.01572305,fill_tatami_like,reject,risk_margin_reject,0.05297209,1
source_held_out,Rendered text,source_name,txt_001,Rendered text,AI,candidate_selector,mask_fill_edgewalk_rows16_p40,fill_tatami_like,fill_tatami_like,fill_tatami_like,1,0.15289409,1.0,-0.12834688,0.07749923,0.04047566,0.12466781,0.15289409,0.00580576,0.01549743,-0.86199585,fill_tatami_like,fill_tatami_like,keep_selector_prediction,1.01488994,1
source_held_out,Rendered text,source_name,txt_002,Rendered text,DST,candidate_selector,auto_evalrepair_r10_c20,auto_running,auto_running,auto_running,1,0.14307144,1.0,-0.1053674,0.0474152,0.14307144,0.00382809,0.04160245,0.02066602,-0.00036431,-0.44015492,auto_running,auto_running,keep_selector_prediction,0.58322636,1
source_held_out,Rendered text,source_name,txt_002,Rendered text,DST,candidate_selector,mask_fill_rows16_c6,fill_tatami_like,reject,reject,1,0.07803698,0.75,-0.07746485,0.02700464,-0.00099264,0.00018958,0.02702682,0.00470187,-0.00553737,0.07803698,reject,reject,keep_selector_prediction,0.05101016,1
source_held_out,Rendered text,source_name,txt_003,Rendered text,WKU,candidate_selector,skeleton_c30_m4,running_line,running_line,running_line,1,0.22293987,1.0,-0.1196672,0.22293987,0.04849593,0.03095504,0.03821065,0.02122945,-0.00326543,-0.70395729,running_line,running_line,keep_selector_prediction,0.92689716,1
source_held_out,Rendered text,source_name,txt_003,Rendered text,WKU,candidate_selector,mask_fill_rows16_c6,fill_tatami_like,reject,reject,1,0.25859879,0.75,-0.06781222,0.03218989,-0.03578415,0.00974825,-0.01666684,0.00118647,-0.00882369,0.25859879,reject,reject,keep_selector_prediction,0.2264089,1
source_held_out,Rendered text,source_name,txt_003,Rendered text,WKU,candidate_selector,mask_fill_edgewalk_rows16_p40,fill_tatami_like,reject,reject,1,0.13033109,0.75,-0.0747772,0.01391564,0.00374122,-0.01191743,0.03418127,-0.00446151,-0.00501798,0.13033109,reject,reject,keep_selector_prediction,0.09614982,1
source_held_out,Rendered text,source_name,txt_003,Rendered text,WKU,candidate_selector,mask_fill_edgewalk_outline_ext_in3_rows16_p40,outline_border,reject,reject,1,0.19205039,0.75,-0.0713354,0.01586675,0.0010037,-0.01144954,-0.00908116,0.00055202,0.01053724,0.19205039,reject,reject,keep_selector_prediction,0.17618364,1
source_held_out,Rendered text,source_name,txt_003,Rendered text,WKU,candidate_selector,mask_fill_edgewalk_styleaware_r008_d45,style_aware_mixed,reject,reject,1,0.31519083,0.75,-0.06473491,0.00676064,-0.00206966,-0.01725765,-0.01872404,-0.00358849,-0.00616719,0.31519083,reject,reject,keep_selector_prediction,0.30843019,1
source_held_out,Rendered text,source_name,txt_004,Rendered text,2026,candidate_selector,auto_evalrepair_r10_c20,auto_running,auto_running,auto_running,1,0.13865257,1.0,-0.09538617,0.03632663,0.13865257,-0.02601667,0.02036085,0.01887306,-0.00390485,-0.2553924,auto_running,auto_running,keep_selector_prediction,0.39404497,1
source_held_out,Rendered text,source_name,txt_004,Rendered text,2026,candidate_selector,skeleton_c30_m8,running_line,reject,running_line,0,0.20698977,0.75,-0.10676852,0.20698977,0.03809435,0.001195,0.00913819,0.01907229,-0.008872,-0.46510388,running_line,running_line,keep_selector_prediction,0.67209365,0
source_held_out,Rendered text,source_name,txt_004,Rendered text,2026,candidate_selector,skeleton_c30_m12,running_line,reject,running_line,0,0.20752452,0.75,-0.10668005,0.20752452,0.0391992,-0.00095733,0.00915635,0.01894702,-0.00890981,-0.46347147,running_line,running_line,keep_selector_prediction,0.67099599,0
source_held_out,Rendered text,source_name,txt_004,Rendered text,2026,candidate_selector,skeleton_c30_m20,running_line,reject,running_line,0,0.20752452,0.75,-0.10668005,0.20752452,0.0391992,-0.00095733,0.00915635,0.01894702,-0.00890981,-0.46347147,running_line,running_line,keep_selector_prediction,0.67099599,0
source_held_out,Rendered text,source_name,txt_004,Rendered text,2026,candidate_selector,mask_fill_rows16_c6,fill_tatami_like,reject,reject,1,0.25433863,0.75,-0.06798605,0.0253206,-0.02282972,-0.00436797,-0.00809046,0.00298521,-0.00921411,0.25433863,reject,reject,keep_selector_prediction,0.22901803,1
source_held_out,Rendered text,source_name,txt_004,Rendered text,2026,candidate_selector,mask_fill_edgewalk_rows16_p40,fill_tatami_like,reject,reject,1,0.11511289,0.75,-0.07553366,0.01334374,0.00764157,-0.01521309,0.03592627,-0.00067532,-0.00399554,0.11511289,reject,reject,keep_selector_prediction,0.07918662,1
source_held_out,Rendered text,source_name,txt_004,Rendered text,2026,candidate_selector,mask_fill_edgewalk_outline_ext_in3_rows16_p40,outline_border,reject,reject,1,0.15178994,0.75,-0.07345221,0.01681681,0.0054625,-0.01118227,-0.00373961,0.00406808,0.01224367,0.15178994,reject,reject,keep_selector_prediction,0.13497313,1
source_held_out,Rendered text,source_name,txt_004,Rendered text,2026,candidate_selector,mask_fill_edgewalk_styleaware_r008_d45,style_aware_mixed,reject,reject,1,0.29997263,0.75,-0.06549137,0.00618874,0.00183069,-0.02055331,-0.01697904,0.00019771,-0.00514475,0.29997263,reject,reject,keep_selector_prediction,0.29378389,1
source_held_out,Rendered text,source_name,txt_005,Rendered text,HELLO,candidate_selector,skeleton_c30_m4,running_line,running_line,running_line,1,0.20900601,1.0,-0.11477473,0.20900601,0.03197606,0.03769985,0.03037435,0.01471604,-0.00236143,-0.61107881,running_line,running_line,keep_selector_prediction,0.82008482,1
source_held_out,Rendered text,source_name,txt_005,Rendered text,HELLO,candidate_selector,mask_fill_rows16_c6,fill_tatami_like,reject,reject,1,0.051114,0.75,-0.07898068,0.03217215,-0.00832842,0.0128472,0.02753664,0.00218588,-0.00403359,0.051114,reject,reject,keep_selector_prediction,0.01894185,1
source_held_out,Rendered text,source_name,txt_001,Rendered text,AI,stitch_type_teacher,base_keep,base_keep,base_keep,base_keep,1,0.79588297,1.0,0.79588297,-0.0073501,0.00648276,-0.03425211,-0.02158247,0.00086281,-0.01045417,-2.18825134,base_keep,base_keep,keep_selector_prediction,2.98413431,1
source_held_out,Rendered text,source_name,txt_001,Rendered text,AI,stitch_type_teacher,satinrail_safeadt_light,satin_like,reject,auto_fill,0,0.02532709,0.75,-0.08311876,0.02348657,0.01484241,0.02532709,0.02454579,0.0068975,0.00124453,-0.03553688,auto_fill,reject,risk_margin_reject,0.06086397,1
source_held_out,Rendered text,source_name,txt_001,Rendered text,AI,stitch_type_teacher,dtsatin_safeadt_light,satin_like,reject,auto_fill,0,0.02541524,0.75,-0.08323944,0.02374102,0.01505318,0.02541524,0.02451278,0.00743344,0.00115453,-0.03775222,auto_fill,reject,risk_margin_reject,0.06316746,1
source_held_out,Rendered text,source_name,txt_001,Rendered text,AI,stitch_type_teacher,satinrail_w4_s18_i4_cap40,satin_like,reject,reject,1,0.02993625,0.75,-0.07941668,0.0198335,0.01173438,0.01875606,0.01986892,-0.0023985,0.00116387,0.02993625,reject,reject,keep_selector_prediction,0.01006733,1
source_held_out,Rendered text,source_name,txt_001,Rendered text,AI,stitch_type_teacher,satinrail_w5_s16_i5_cap45,satin_like,reject,fill_tatami_like,0,0.02128278,0.75,-0.08061155,0.02108235,0.01279396,0.02081191,0.02128278,0.00072194,0.00114214,0.00876261,fill_tatami_like,reject,risk_margin_reject,0.01252017,1
source_held_out,Rendered text,source_name,txt_002,Rendered text,DST,stitch_type_teacher,base_keep,base_keep,base_keep,base_keep,1,0.80342218,1.0,0.80342218,-0.01416205,0.00538435,-0.05815498,-0.03771659,-0.00281976,-0.01370594,-2.04843351,base_keep,base_keep,keep_selector_prediction,2.85185569,1
source_held_out,Rendered text,source_name,txt_002,Rendered text,DST,stitch_type_teacher,satinrail_safeadt_light,satin_like,reject,auto_fill,0,0.03279318,0.75,-0.08729409,0.02986675,0.01993179,0.03279318,0.02908547,0.01466358,0.00055071,-0.10999402,auto_fill,reject,risk_margin_reject,0.1427872,1
source_held_out,Rendered text,source_name,txt_002,Rendered text,DST,stitch_type_teacher,dtsatin_safeadt_light,satin_like,reject,auto_fill,0,0.03417881,0.75,-0.08800946,0.03044821,0.02043176,0.03417881,0.03015969,0.0162458,0.00065145,-0.12257127,auto_fill,reject,risk_margin_reject,0.15675008,1
source_held_out,Rendered text,source_name,txt_002,Rendered text,DST,stitch_type_teacher,satinrail_w4_s18_i4_cap40,satin_like,reject,running_line,0,0.02420498,0.75,-0.0815618,0.02420498,0.01511499,0.02262359,0.02185114,0.00026045,0.00042947,-0.0086122,running_line,reject,risk_margin_reject,0.03281718,1
source_held_out,Rendered text,source_name,txt_002,Rendered text,DST,stitch_type_teacher,satinrail_w5_s16_i5_cap45,satin_like,reject,running_line,0,0.0265345,0.75,-0.08359498,0.0265345,0.01708329,0.02593139,0.02397679,0.005922,0.00025257,-0.04476351,running_line,reject,risk_margin_reject,0.07129801,1
source_held_out,Rendered text,source_name,txt_003,Rendered text,WKU,stitch_type_teacher,base_keep,base_keep,base_keep,base_keep,1,0.79995817,1.0,0.79995817,-0.01317664,0.00144696,-0.03917889,-0.02477278,-0.01470837,-0.00954002,-2.10891031,base_keep,base_keep,keep_selector_prediction,2.90886848,1
source_held_out,Rendered text,source_name,txt_003,Rendered text,WKU,stitch_type_teacher,satinrail_safeadt_light,satin_like,reject,running_line,0,0.02583312,0.75,-0.08217312,0.02583312,0.01699701,0.02129597,0.01597803,0.0120989,-0.00350914,-0.01230299,running_line,reject,risk_margin_reject,0.03813611,1
source_held_out,Rendered text,source_name,txt_003,Rendered text,WKU,stitch_type_teacher,dtsatin_safeadt_light,satin_like,reject,running_line,0,0.02914352,0.75,-0.08515846,0.02914352,0.01974155,0.02755742,0.02133672,0.01576802,-0.00299467,-0.06672148,running_line,reject,risk_margin_reject,0.095865,1
source_held_out,Rendered text,source_name,txt_003,Rendered text,WKU,stitch_type_teacher,satinrail_w4_s18_i4_cap40,satin_like,reject,reject,1,0.05184483,0.75,-0.07846727,0.02215793,0.01381438,0.01603748,0.01340839,-0.00169265,-0.0028784,0.05184483,reject,reject,keep_selector_prediction,0.0296869,1
source_held_out,Rendered text,source_name,txt_003,Rendered text,WKU,stitch_type_teacher,satinrail_w5_s16_i5_cap45,satin_like,reject,running_line,0,0.02443626,0.75,-0.08061831,0.02443626,0.0157462,0.01971045,0.01591243,0.00397666,-0.00293811,0.0137093,running_line,reject,risk_margin_reject,0.01072696,1
source_held_out,Rendered text,source_name,txt_004,Rendered text,2026,stitch_type_teacher,base_keep,base_keep,base_keep,base_keep,1,0.80639279,1.0,0.80639279,-0.01802233,0.00105135,-0.06106252,-0.04363472,-0.0077412,-0.01441642,-1.99234554,base_keep,base_keep,keep_selector_prediction,2.79873833,1
source_held_out,Rendered text,source_name,txt_004,Rendered text,2026,stitch_type_teacher,satinrail_safeadt_light,satin_like,reject,running_line,0,0.02854684,0.75,-0.08451152,0.02854684,0.01858447,0.02730505,0.02380322,0.00817945,-0.00045779,-0.05944148,running_line,reject,risk_margin_reject,0.08798832,1
source_held_out,Rendered text,source_name,txt_004,Rendered text,2026,stitch_type_teacher,dtsatin_safeadt_light,satin_like,reject,running_line,0,0.02792893,0.75,-0.08381877,0.02792893,0.01845501,0.02578181,0.02159799,0.00888707,-0.00179526,-0.04577805,running_line,reject,risk_margin_reject,0.07370698,1
source_held_out,Rendered text,source_name,txt_004,Rendered text,2026,stitch_type_teacher,satinrail_w4_s18_i4_cap40,satin_like,reject,running_line,0,0.02425529,0.75,-0.08033021,0.02425529,0.01494021,0.02003761,0.01874782,-0.00260482,-0.00043558,0.01460617,running_line,reject,risk_margin_reject,0.00964912,1
source_held_out,Rendered text,source_name,txt_004,Rendered text,2026,stitch_type_teacher,satinrail_w5_s16_i5_cap45,satin_like,reject,running_line,0,0.02552663,0.75,-0.08152529,0.02552663,0.01601798,0.02207307,0.0201314,0.00055448,-0.00047256,-0.00658447,running_line,reject,risk_margin_reject,0.0321111,1
source_held_out,Rendered text,source_name,txt_005,Rendered text,HELLO,stitch_type_teacher,base_keep,base_keep,base_keep,base_keep,1,0.82258175,1.0,0.82258175,-0.03890582,-0.00872053,-0.10526826,-0.07725604,-0.01076435,-0.01967021,-1.69244821,base_keep,base_keep,keep_selector_prediction,2.51502996,1
source_held_out,Rendered text,source_name,txt_005,Rendered text,HELLO,stitch_type_teacher,satinrail_safeadt_light,satin_like,reject,reject,1,0.06938562,0.75,-0.07772558,0.01811547,0.013695,0.00747842,0.00776858,0.01327011,-0.00307652,0.06938562,reject,reject,keep_selector_prediction,0.05127015,1
source_held_out,Rendered text,source_name,txt_005,Rendered text,HELLO,stitch_type_teacher,dtsatin_safeadt_light,satin_like,reject,reject,1,0.05046359,0.75,-0.07879502,0.01919137,0.01461118,0.00935159,0.00908485,0.01600593,-0.00306992,0.05046359,reject,reject,keep_selector_prediction,0.03127222,1
source_held_out,Rendered text,source_name,txt_005,Rendered text,HELLO,stitch_type_teacher,satinrail_w4_s18_i4_cap40,satin_like,reject,reject,1,0.17479321,0.75,-0.07175751,0.01246064,0.00887372,-0.00333186,-9.086e-05,-0.0013151,-0.00336645,0.17479321,reject,reject,keep_selector_prediction,0.16233257,1
source_held_out,Rendered text,source_name,txt_005,Rendered text,HELLO,stitch_type_teacher,satinrail_w5_s16_i5_cap45,satin_like,reject,reject,1,0.13861753,0.75,-0.07379185,0.01479667,0.010847,-2.585e-05,0.00203019,0.00435561,-0.00354648,0.13861753,reject,reject,keep_selector_prediction,0.12382086,1
