sample_id,source_name,category,phase,target_split,candidate,candidate_root,candidate_kind,is_base_keep,is_satin_like,allowed_by_professional_gate,gate_reason,professional_utility,planner_branch,branch_confidence,branch_line_score,mask_area_ratio,skeleton_area_ratio,skeleton_to_mask_ratio,skeleton_components,large_skeleton_components,largest_skeleton_component,unified_loss,base_unified_loss,delta_unified_loss,jump_count,base_jump_count,delta_jump_count,trim_count,base_trim_count,delta_trim_count,off_mask_stitch_length_mm,base_off_mask_stitch_length_mm,delta_off_mask_stitch_length_mm,visible_connector_count,base_visible_connector_count,delta_visible_connector_count,coverage_ratio,base_coverage_ratio,delta_coverage_ratio,stitch_precision_ratio,base_stitch_precision_ratio,delta_stitch_precision_ratio,fill_rows,base_fill_rows,delta_fill_rows,outline_points,base_outline_points,delta_outline_points,satin_columns,base_satin_columns,delta_satin_columns,satin_rail_segments,base_satin_rail_segments,delta_satin_rail_segments,dt_satin_segments,base_dt_satin_segments,delta_dt_satin_segments,style_running_points,base_style_running_points,delta_style_running_points,texture_score,base_texture_score,delta_texture_score,is_teacher_choice,teacher_candidate,teacher_kind,teacher_is_texture_switch,candidate_family,raw_predicted_family,predicted_family,prediction_score,score_base_keep,score_running_line,score_auto_running,score_auto_fill,score_fill_tatami_like,score_satin_like,score_outline_border,score_reject,deployed_family,deployment_reason,selector_margin_vs_reject,eligible_texture_candidate,family_policy_selected_reason,texture_profile_switched
ocp_001,Openclipart,flower,core,public_benchmark_v1,base_keep,results\public_benchmark_v1_ext33_m2_72_line_skeleton_profile,base_keep,1,0,1,base_keep,0.0,flat_icon_fill,1.0,0.0,0.306793212890625,0.01605224609375,0.05232268974435492,76,26,132,0.08927397,0.08927397,0.0,10,10,0.0,1,1,0.0,0.0,0.0,0.0,0,0,0.0,0.988461,0.988461,0.0,0.833711,0.833711,0.0,110.0,110.0,0.0,0.0,0.0,0.0,0.0,0.0,0.0,0.0,0.0,0.0,0.0,0.0,0.0,0.0,0.0,0.0,0.22,0.22,0.0,1,base_keep,base_keep,0,base_keep,base_keep,base_keep,0.79976989,0.79976989,-0.04506579,-0.03379697,-0.03431982,-0.01987471,-0.02552541,0.0001759,-1.93940452,base_keep,keep_selector_prediction,2.73917441,0,,
ocp_001,Openclipart,flower,core,public_benchmark_v1,satinrail_safeadt_light,results\public_benchmark_v1_ext33_m2_73_texture_satinrail_safeadt_light,satin_rail,0,1,0,loss_increase,-0.4854018,flat_icon_fill,1.0,0.0,0.306793212890625,0.01605224609375,0.05232268974435492,76,26,132,0.15391877,0.08927397,0.0646448,17,10,7.0,2,1,1.0,0.0,0.0,0.0,0,0,0.0,0.988461,0.988461,0.0,0.8312,0.833711,-0.002511,110.0,110.0,0.0,0.0,0.0,0.0,0.0,0.0,0.0,106.0,0.0,106.0,0.0,0.0,0.0,0.0,0.0,0.0,1.28,0.22,1.06,0,base_keep,base_keep,0,satin_like,reject,reject,0.43684058,-0.06143849,-0.02264318,-0.00834526,-0.02326663,-0.02126585,-0.00804562,-0.00221762,0.43684058,reject,keep_selector_prediction,0.4390582,0,,
ocp_001,Openclipart,flower,core,public_benchmark_v1,dtsatin_safeadt_light,results\public_benchmark_v1_ext33_m2_73_texture_dtsatin_safeadt_light,dt_satin,0,1,0,loss_increase,-0.43761214,flat_icon_fill,1.0,0.0,0.306793212890625,0.01605224609375,0.05232268974435492,76,26,132,0.15392266,0.08927397,0.06464869,17,10,7.0,2,1,1.0,0.0,0.0,0.0,0,0,0.0,0.988461,0.988461,0.0,0.830471,0.833711,-0.00324,110.0,110.0,0.0,0.0,0.0,0.0,0.0,0.0,0.0,0.0,0.0,0.0,111.0,0.0,111.0,0.0,0.0,0.0,1.33,0.22,1.11,0,base_keep,base_keep,0,satin_like,reject,reject,0.42698213,-0.06205989,-0.02203493,-0.00739314,-0.0220393,-0.02019841,-0.00804426,-0.0021663,0.42698213,reject,keep_selector_prediction,0.42914843,0,,
ocp_001,Openclipart,flower,core,public_benchmark_v1,satinrail_w4_s18_i4_cap40,results\public_benchmark_v1_ext33_m2_74_texture_satinrail_w4_s18_i4_cap40,satin_rail,0,1,0,loss_increase,-1.0414019,flat_icon_fill,1.0,0.0,0.306793212890625,0.01605224609375,0.05232268974435492,76,26,132,0.15391362,0.08927397,0.06463965,17,10,7.0,2,1,1.0,0.0,0.0,0.0,0,0,0.0,0.988461,0.988461,0.0,0.832523,0.833711,-0.001188,110.0,110.0,0.0,0.0,0.0,0.0,0.0,0.0,0.0,50.0,0.0,50.0,0.0,0.0,0.0,0.0,0.0,0.0,0.72,0.22,0.5,0,base_keep,base_keep,0,satin_like,reject,reject,0.54464771,-0.05462436,-0.02928874,-0.01945247,-0.03654658,-0.03256224,-0.00809403,-0.00259961,0.54464771,reject,keep_selector_prediction,0.54724732,0,,
ocp_001,Openclipart,flower,core,public_benchmark_v1,satinrail_w5_s16_i5_cap45,results\public_benchmark_v1_ext33_m2_74_texture_satinrail_w5_s16_i5_cap45,satin_rail,0,1,0,loss_increase,-0.88875998,flat_icon_fill,1.0,0.0,0.306793212890625,0.01605224609375,0.05232268974435492,76,26,132,0.1539098,0.08927397,0.06463583,17,10,7.0,2,1,1.0,0.0,0.0,0.0,0,0,0.0,0.988461,0.988461,0.0,0.833396,0.833711,-0.000315,110.0,110.0,0.0,0.0,0.0,0.0,0.0,0.0,0.0,65.0,0.0,65.0,0.0,0.0,0.0,0.0,0.0,0.0,0.87,0.22,0.65,0,base_keep,base_keep,0,satin_like,reject,reject,0.516245,-0.0564231,-0.02753903,-0.01639805,-0.03307394,-0.02965551,-0.00807505,-0.00253199,0.516245,reject,keep_selector_prediction,0.51877699,0,,
ocp_002,Openclipart,butterfly,core,public_benchmark_v1,base_keep,results\public_benchmark_v1_ext33_m2_72_line_skeleton_profile,base_keep,1,0,1,base_keep,0.0,flat_icon_fill,1.0,0.0,0.3115234375,0.00811767578125,0.026057993730407524,98,34,52,0.01645384,0.01645384,0.0,2,2,0.0,0,0,0.0,0.0,0.0,0.0,0,0,0.0,0.971346,0.971346,0.0,0.943255,0.943255,0.0,42.0,42.0,0.0,0.0,0.0,0.0,0.0,0.0,0.0,0.0,0.0,0.0,0.0,0.0,0.0,0.0,0.0,0.0,0.084,0.084,0.0,1,base_keep,base_keep,0,base_keep,base_keep,base_keep,0.78868675,0.78868675,-0.03172487,-0.01614405,-0.01432386,0.00199856,-0.02635934,0.00170972,-2.12734429,base_keep,keep_selector_prediction,2.91603104,0,,
ocp_002,Openclipart,butterfly,core,public_benchmark_v1,satinrail_safeadt_light,results\public_benchmark_v1_ext33_m2_73_texture_satinrail_safeadt_light,satin_rail,0,1,0,precision_drop_too_large,0.54374116,flat_icon_fill,1.0,0.0,0.3115234375,0.00811767578125,0.026057993730407524,98,34,52,0.03273498,0.01645384,0.01628114,4,2,2.0,0,0,0.0,0.0,0.0,0.0,0,0,0.0,0.989665,0.971346,0.018319,0.894185,0.943255,-0.04907,53.0,42.0,11.0,0.0,0.0,0.0,0.0,0.0,0.0,103.0,0.0,103.0,0.0,0.0,0.0,0.0,0.0,0.0,1.136,0.084,1.052,0,base_keep,base_keep,0,satin_like,reject,reject,0.05428223,-0.08366962,0.00365955,0.01032279,0.0270228,0.02899988,-0.01051081,0.00397917,0.05428223,reject,keep_selector_prediction,0.02528235,0,,
ocp_002,Openclipart,butterfly,core,public_benchmark_v1,dtsatin_safeadt_light,results\public_benchmark_v1_ext33_m2_73_texture_dtsatin_safeadt_light,dt_satin,0,1,0,precision_drop_too_large,0.56097814,flat_icon_fill,1.0,0.0,0.3115234375,0.00811767578125,0.026057993730407524,98,34,52,0.03276615,0.01645384,0.01631231,4,2,2.0,0,0,0.0,0.0,0.0,0.0,0,0,0.0,0.991281,0.971346,0.019935,0.892249,0.943255,-0.051006,53.0,42.0,11.0,0.0,0.0,0.0,0.0,0.0,0.0,0.0,0.0,0.0,105.0,0.0,105.0,0.0,0.0,0.0,1.156,0.084,1.072,0,base_keep,base_keep,0,satin_like,reject,reject,0.04962385,-0.08395837,0.00391005,0.01035784,0.02790704,0.02960362,-0.01051849,0.00405334,0.04962385,reject,keep_selector_prediction,0.02002023,0,,
ocp_002,Openclipart,butterfly,core,public_benchmark_v1,satinrail_w4_s18_i4_cap40,results\public_benchmark_v1_ext33_m2_74_texture_satinrail_w4_s18_i4_cap40,satin_rail,0,1,0,precision_drop_too_large,0.01184218,flat_icon_fill,1.0,0.0,0.3115234375,0.00811767578125,0.026057993730407524,98,34,52,0.03276581,0.01645384,0.01631197,4,2,2.0,0,0,0.0,0.0,0.0,0.0,0,0,0.0,0.988489,0.971346,0.017143,0.897731,0.943255,-0.045524,53.0,42.0,11.0,0.0,0.0,0.0,0.0,0.0,0.0,49.0,0.0,49.0,0.0,0.0,0.0,0.0,0.0,0.0,0.596,0.084,0.512,0,base_keep,base_keep,0,satin_like,reject,reject,0.15940938,-0.07703293,-0.00279651,-7.689e-05,0.01382539,0.01784276,-0.01054441,0.00353725,0.15940938,reject,keep_selector_prediction,0.14156662,0,,
ocp_002,Openclipart,butterfly,core,public_benchmark_v1,satinrail_w5_s16_i5_cap45,results\public_benchmark_v1_ext33_m2_74_texture_satinrail_w5_s16_i5_cap45,satin_rail,0,1,0,precision_drop_too_large,0.14431054,flat_icon_fill,1.0,0.0,0.3115234375,0.00811767578125,0.026057993730407524,98,34,52,0.03285725,0.01645384,0.01640341,4,2,2.0,0,0,0.0,0.0,0.0,0.0,0,0,0.0,0.988391,0.971346,0.017045,0.898802,0.943255,-0.044453,53.0,42.0,11.0,0.0,0.0,0.0,0.0,0.0,0.0,62.0,0.0,62.0,0.0,0.0,0.0,0.0,0.0,0.0,0.726,0.084,0.642,0,base_keep,base_keep,0,satin_like,reject,reject,0.13529029,-0.07856348,-0.00131111,0.00258914,0.01674658,0.02028098,-0.0105235,0.00357994,0.13529029,reject,keep_selector_prediction,0.11500931,0,,
ocp_003,Openclipart,cat,core,public_benchmark_v1,base_keep,results\public_benchmark_v1_ext33_m2_72_line_skeleton_profile,base_keep,1,0,1,base_keep,0.0,flat_icon_fill,1.0,0.0,0.2653350830078125,0.0072174072265625,0.027201104146299386,59,14,127,0.03313396,0.03313396,0.0,4,4,0.0,0,0,0.0,0.0,0.0,0.0,0,0,0.0,0.995802,0.995802,0.0,0.933175,0.933175,0.0,53.0,53.0,0.0,0.0,0.0,0.0,0.0,0.0,0.0,0.0,0.0,0.0,0.0,0.0,0.0,0.0,0.0,0.0,0.106,0.106,0.0,1,base_keep,base_keep,0,base_keep,base_keep,base_keep,0.79170049,0.79170049,-0.0354687,-0.02324329,-0.01625817,-0.00506201,-0.02603666,0.00102493,-2.07559178,base_keep,keep_selector_prediction,2.86729227,0,,
ocp_003,Openclipart,cat,core,public_benchmark_v1,satinrail_safeadt_light,results\public_benchmark_v1_ext33_m2_73_texture_satinrail_safeadt_light,satin_rail,0,1,0,jump_increase,-1.74171574,flat_icon_fill,1.0,0.0,0.2653350830078125,0.0072174072265625,0.027201104146299386,59,14,127,0.14584925,0.03313396,0.11271529,16,4,12.0,2,0,2.0,0.0,0.0,0.0,0,0,0.0,0.99839,0.995802,0.002588,0.898975,0.933175,-0.0342,54.0,53.0,1.0,0.0,0.0,0.0,0.0,0.0,0.0,103.0,0.0,103.0,0.0,0.0,0.0,0.0,0.0,0.0,1.138,0.106,1.032,0,base_keep,base_keep,0,satin_like,reject,reject,0.4674205,-0.05987296,-0.02469297,-0.00752955,-0.02686717,-0.02728369,-0.00734193,-0.00368696,0.4674205,reject,keep_selector_prediction,0.47110746,0,,
ocp_003,Openclipart,cat,core,public_benchmark_v1,dtsatin_safeadt_light,results\public_benchmark_v1_ext33_m2_73_texture_dtsatin_safeadt_light,dt_satin,0,1,0,jump_increase,-1.6972412,flat_icon_fill,1.0,0.0,0.2653350830078125,0.0072174072265625,0.027201104146299386,59,14,127,0.14584116,0.03313396,0.1127072,16,4,12.0,2,0,2.0,0.0,0.0,0.0,0,0,0.0,0.998677,0.995802,0.002875,0.900259,0.933175,-0.032916,54.0,53.0,1.0,0.0,0.0,0.0,0.0,0.0,0.0,0.0,0.0,0.0,107.0,0.0,107.0,0.0,0.0,0.0,1.178,0.106,1.072,0,base_keep,base_keep,0,satin_like,reject,reject,0.4602132,-0.06033224,-0.0242566,-0.00668861,-0.02596035,-0.02660413,-0.00733194,-0.00369693,0.4602132,reject,keep_selector_prediction,0.46391013,0,,
ocp_003,Openclipart,cat,core,public_benchmark_v1,satinrail_w4_s18_i4_cap40,results\public_benchmark_v1_ext33_m2_74_texture_satinrail_w4_s18_i4_cap40,satin_rail,0,1,0,jump_increase,-2.18195804,flat_icon_fill,1.0,0.0,0.2653350830078125,0.0072174072265625,0.027201104146299386,59,14,127,0.1458393,0.03313396,0.11270534,16,4,12.0,2,0,2.0,0.0,0.0,0.0,0,0,0.0,0.996377,0.995802,0.000575,0.906883,0.933175,-0.026292,54.0,53.0,1.0,0.0,0.0,0.0,0.0,0.0,0.0,57.0,0.0,57.0,0.0,0.0,0.0,0.0,0.0,0.0,0.678,0.106,0.572,0,base_keep,base_keep,0,satin_like,reject,reject,0.55890628,-0.0541114,-0.03029216,-0.01592272,-0.03862043,-0.03727219,-0.00734654,-0.00420597,0.55890628,reject,keep_selector_prediction,0.56311225,0,,
ocp_003,Openclipart,cat,core,public_benchmark_v1,satinrail_w5_s16_i5_cap45,results\public_benchmark_v1_ext33_m2_74_texture_satinrail_w5_s16_i5_cap45,satin_rail,0,1,0,jump_increase,-2.05615664,flat_icon_fill,1.0,0.0,0.2653350830078125,0.0072174072265625,0.027201104146299386,59,14,127,0.1458319,0.03313396,0.11269794,16,4,12.0,2,0,2.0,0.0,0.0,0.0,0,0,0.0,0.994997,0.995802,-0.000805,0.909722,0.933175,-0.023453,54.0,53.0,1.0,0.0,0.0,0.0,0.0,0.0,0.0,69.0,0.0,69.0,0.0,0.0,0.0,0.0,0.0,0.0,0.798,0.106,0.692,0,base_keep,base_keep,0,satin_like,reject,reject,0.53717061,-0.05549493,-0.02892299,-0.01314026,-0.03624117,-0.03518139,-0.00732002,-0.00422012,0.53717061,reject,keep_selector_prediction,0.54139073,0,,
ocp_004,Openclipart,koi_fish,core,public_benchmark_v1,base_keep,results\public_benchmark_v1_ext33_m2_72_line_skeleton_profile,base_keep,1,0,1,base_keep,0.0,flat_icon_fill,1.0,0.0,0.2473602294921875,0.0081939697265625,0.03312565541915983,88,19,140,0.06662868,0.06662868,0.0,6,6,0.0,1,1,0.0,0.4955,0.4955,0.0,0,0,0.0,0.998581,0.998581,0.0,0.870697,0.870697,0.0,59.0,59.0,0.0,0.0,0.0,0.0,0.0,0.0,0.0,0.0,0.0,0.0,0.0,0.0,0.0,0.0,0.0,0.0,0.118,0.118,0.0,1,base_keep,base_keep,0,base_keep,base_keep,base_keep,0.79577323,0.79577323,-0.04155865,-0.02958721,-0.02489175,-0.01093233,-0.02565843,0.00033451,-2.00583316,base_keep,keep_selector_prediction,2.80160639,0,,
ocp_004,Openclipart,koi_fish,core,public_benchmark_v1,satinrail_safeadt_light,results\public_benchmark_v1_ext33_m2_73_texture_satinrail_safeadt_light,satin_rail,0,1,0,loss_increase,-0.2629964,flat_icon_fill,1.0,0.0,0.2473602294921875,0.0081939697265625,0.03312565541915983,88,19,140,0.11179358,0.06662868,0.0451649,12,6,6.0,2,1,1.0,0.0,0.4955,-0.4955,0,0,0.0,0.997903,0.998581,-0.000678,0.87448,0.870697,0.003783,58.0,59.0,-1.0,0.0,0.0,0.0,0.0,0.0,0.0,100.0,0.0,100.0,0.0,0.0,0.0,0.0,0.0,0.0,1.116,0.118,0.998,0,base_keep,base_keep,0,satin_like,reject,reject,0.33012235,-0.06769338,-0.01627215,-0.00223931,-0.00973043,-0.0065554,-0.00856311,-0.00069962,0.33012235,reject,keep_selector_prediction,0.33082197,0,,
ocp_004,Openclipart,koi_fish,core,public_benchmark_v1,dtsatin_safeadt_light,results\public_benchmark_v1_ext33_m2_73_texture_dtsatin_safeadt_light,dt_satin,0,1,0,loss_increase,-0.0670324,flat_icon_fill,1.0,0.0,0.2473602294921875,0.0081939697265625,0.03312565541915983,88,19,140,0.11179358,0.06662868,0.0451649,12,6,6.0,2,1,1.0,0.0,0.4955,-0.4955,0,0,0.0,0.997471,0.998581,-0.00111,0.886756,0.870697,0.016059,58.0,59.0,-1.0,0.0,0.0,0.0,0.0,0.0,0.0,0.0,0.0,0.0,116.0,0.0,116.0,0.0,0.0,0.0,1.276,0.118,1.158,0,base_keep,base_keep,0,satin_like,reject,reject,0.30445162,-0.06935338,-0.01469248,0.001806,-0.00691182,-0.00458971,-0.00848551,-0.00095408,0.30445162,reject,keep_selector_prediction,0.30264562,0,,
ocp_004,Openclipart,koi_fish,core,public_benchmark_v1,satinrail_w4_s18_i4_cap40,results\public_benchmark_v1_ext33_m2_74_texture_satinrail_w4_s18_i4_cap40,satin_rail,0,1,0,loss_increase,-0.67166266,flat_icon_fill,1.0,0.0,0.2473602294921875,0.0081939697265625,0.03312565541915983,88,19,140,0.11176779,0.06662868,0.04513911,12,6,6.0,2,1,1.0,0.0,0.4955,-0.4955,0,0,0.0,0.996977,0.998581,-0.001604,0.882157,0.870697,0.01146,58.0,59.0,-1.0,0.0,0.0,0.0,0.0,0.0,0.0,57.0,0.0,57.0,0.0,0.0,0.0,0.0,0.0,0.0,0.686,0.118,0.568,0,base_keep,base_keep,0,satin_like,reject,reject,0.4155956,-0.0623105,-0.02152556,-0.01020371,-0.02055646,-0.01589539,-0.00856698,-0.00118666,0.4155956,reject,keep_selector_prediction,0.41678226,0,,
ocp_004,Openclipart,koi_fish,core,public_benchmark_v1,satinrail_w5_s16_i5_cap45,results\public_benchmark_v1_ext33_m2_74_texture_satinrail_w5_s16_i5_cap45,satin_rail,0,1,0,loss_increase,-0.53383592,flat_icon_fill,1.0,0.0,0.2473602294921875,0.0081939697265625,0.03312565541915983,88,19,140,0.1117595,0.06662868,0.04513082,12,6,6.0,2,1,1.0,0.0,0.4955,-0.4955,0,0,0.0,0.996546,0.998581,-0.002035,0.88837,0.870697,0.017673,58.0,59.0,-1.0,0.0,0.0,0.0,0.0,0.0,0.0,69.0,0.0,69.0,0.0,0.0,0.0,0.0,0.0,0.0,0.806,0.118,0.688,0,base_keep,base_keep,0,satin_like,reject,reject,0.39511709,-0.06362401,-0.02025951,-0.00734404,-0.01824501,-0.0141219,-0.00852402,-0.00129202,0.39511709,reject,keep_selector_prediction,0.39640911,0,,
ocp_005,Openclipart,public_domain_logo,core,public_benchmark_v1,base_keep,results\public_benchmark_v1_ext33_m2_72_line_skeleton_profile,base_keep,1,0,1,base_keep,0.0,flat_icon_fill,1.0,0.0,0.3162841796875,0.003875732421875,0.012253956001543805,3,1,252,0.03311236,0.03311236,0.0,4,4,0.0,0,0,0.0,0.0,0.0,0.0,0,0,0.0,1.0,1.0,0.0,0.964093,0.964093,0.0,16.0,16.0,0.0,0.0,0.0,0.0,0.0,0.0,0.0,0.0,0.0,0.0,0.0,0.0,0.0,0.0,0.0,0.0,0.032,0.032,0.0,0,dtsatin_safeadt_light,dt_satin,1,base_keep,base_keep,base_keep,0.7933687,0.7933687,-0.03742705,-0.0239635,-0.02006629,-0.01021562,-0.02548472,9.155e-05,-2.04420006,base_keep,keep_selector_prediction,2.83756876,0,,
ocp_005,Openclipart,public_domain_logo,core,public_benchmark_v1,satinrail_safeadt_light,results\public_benchmark_v1_ext33_m2_73_texture_satinrail_safeadt_light,satin_rail,0,1,1,professional_texture_allowed,0.94240066,flat_icon_fill,1.0,0.0,0.3162841796875,0.003875732421875,0.012253956001543805,3,1,252,0.03311525,0.03311236,2.89e-06,4,4,0.0,0,0,0.0,0.0,0.0,0.0,0,0,0.0,1.0,1.0,0.0,0.954899,0.964093,-0.009194,16.0,16.0,0.0,0.0,0.0,0.0,0.0,0.0,0.0,97.0,0.0,97.0,0.0,0.0,0.0,0.0,0.0,0.0,1.002,0.032,0.97,0,dtsatin_safeadt_light,dt_satin,1,satin_like,satin_like,satin_like,0.94761922,-0.15345573,-0.02241703,-0.00819341,-0.01382727,-0.00307257,0.94761922,-0.00092162,-1.66862324,satin_like,keep_selector_prediction,2.61624246,1,,
ocp_005,Openclipart,public_domain_logo,core,public_benchmark_v1,dtsatin_safeadt_light,results\public_benchmark_v1_ext33_m2_73_texture_dtsatin_safeadt_light,dt_satin,0,1,1,professional_texture_allowed,0.94780366,flat_icon_fill,1.0,0.0,0.3162841796875,0.003875732421875,0.012253956001543805,3,1,252,0.03311525,0.03311236,2.89e-06,4,4,0.0,0,0,0.0,0.0,0.0,0.0,0,0,0.0,1.0,1.0,0.0,0.9467,0.964093,-0.017393,16.0,16.0,0.0,0.0,0.0,0.0,0.0,0.0,0.0,0.0,0.0,0.0,100.0,0.0,100.0,0.0,0.0,0.0,1.032,0.032,1.0,1,dtsatin_safeadt_light,dt_satin,1,satin_like,satin_like,satin_like,0.94758096,-0.15400366,-0.02185102,-0.00811768,-0.0125386,-0.00166118,0.94758096,-0.00066901,-1.67767083,satin_like,keep_selector_prediction,2.62525179,1,eligible_texture_highest_utility,True
ocp_005,Openclipart,public_domain_logo,core,public_benchmark_v1,satinrail_w4_s18_i4_cap40,results\public_benchmark_v1_ext33_m2_74_texture_satinrail_w4_s18_i4_cap40,satin_rail,0,1,1,professional_texture_allowed,0.51206866,flat_icon_fill,1.0,0.0,0.3162841796875,0.003875732421875,0.012253956001543805,3,1,252,0.03311525,0.03311236,2.89e-06,4,4,0.0,0,0,0.0,0.0,0.0,0.0,0,0,0.0,1.0,1.0,0.0,0.961455,0.964093,-0.002638,16.0,16.0,0.0,0.0,0.0,0.0,0.0,0.0,0.0,52.0,0.0,52.0,0.0,0.0,0.0,0.0,0.0,0.0,0.552,0.032,0.52,0,dtsatin_safeadt_light,dt_satin,1,satin_like,satin_like,satin_like,0.94760805,-0.14785563,-0.02790015,-0.01676856,-0.02489077,-0.01269687,0.94760805,-0.00138573,-1.57976618,satin_like,keep_selector_prediction,2.52737423,1,,
ocp_005,Openclipart,public_domain_logo,core,public_benchmark_v1,satinrail_w5_s16_i5_cap45,results\public_benchmark_v1_ext33_m2_74_texture_satinrail_w5_s16_i5_cap45,satin_rail,0,1,1,professional_texture_allowed,0.67998266,flat_icon_fill,1.0,0.0,0.3162841796875,0.003875732421875,0.012253956001543805,3,1,252,0.03311525,0.03311236,2.89e-06,4,4,0.0,0,0,0.0,0.0,0.0,0.0,0,0,0.0,1.0,1.0,0.0,0.964093,0.964093,0.0,16.0,16.0,0.0,0.0,0.0,0.0,0.0,0.0,0.0,68.0,0.0,68.0,0.0,0.0,0.0,0.0,0.0,0.0,0.712,0.032,0.68,0,dtsatin_safeadt_light,dt_satin,1,satin_like,satin_like,satin_like,0.94763699,-0.14973501,-0.02607893,-0.01340212,-0.02130989,-0.00976768,0.94763699,-0.00136262,-1.60936002,satin_like,keep_selector_prediction,2.55699701,1,,
ocp_006,Openclipart,butterfly_2,full,public_benchmark_v1,base_keep,results\public_benchmark_v1_ext33_m2_72_line_skeleton_profile,base_keep,1,0,1,base_keep,0.0,flat_icon_fill,1.0,0.0,0.372222900390625,0.007781982421875,0.020906780355825202,112,22,93,0.0459051,0.0459051,0.0,3,3,0.0,0,0,0.0,0.9428,0.9428,0.0,0,0,0.0,0.988768,0.988768,0.0,0.92991,0.92991,0.0,0.0,0.0,0.0,0.0,0.0,0.0,0.0,0.0,0.0,0.0,0.0,0.0,0.0,0.0,0.0,0.0,0.0,0.0,0.0,0.0,0.0,1,base_keep,base_keep,0,base_keep,base_keep,base_keep,0.79374192,0.79374192,-0.03826105,-0.02532421,-0.02106187,-0.00920473,-0.02543158,-0.00039411,-2.03745206,base_keep,keep_selector_prediction,2.83119398,0,,
ocp_006,Openclipart,butterfly_2,full,public_benchmark_v1,satinrail_safeadt_light,results\public_benchmark_v1_ext33_m2_73_texture_satinrail_safeadt_light,satin_rail,0,1,0,loss_increase,0.00633044,flat_icon_fill,1.0,0.0,0.372222900390625,0.007781982421875,0.020906780355825202,112,22,93,0.09398936,0.0459051,0.04808426,8,3,5.0,1,0,1.0,0.9428,0.9428,0.0,0,0,0.0,0.989506,0.988768,0.000738,0.92703,0.92991,-0.00288,46.0,0.0,46.0,0.0,0.0,0.0,0.0,0.0,0.0,106.0,0.0,106.0,0.0,0.0,0.0,0.0,0.0,0.0,1.152,0.0,1.152,0,base_keep,base_keep,0,satin_like,reject,reject,0.25729323,-0.07225275,-0.0108743,0.00532109,2.862e-05,0.00036837,-0.00844618,-0.0015985,0.25729323,reject,keep_selector_prediction,0.25197214,0,,
ocp_006,Openclipart,butterfly_2,full,public_benchmark_v1,dtsatin_safeadt_light,results\public_benchmark_v1_ext33_m2_73_texture_dtsatin_safeadt_light,dt_satin,0,1,0,loss_increase,0.06411448,flat_icon_fill,1.0,0.0,0.372222900390625,0.007781982421875,0.020906780355825202,112,22,93,0.09401352,0.0459051,0.04810842,8,3,5.0,1,0,1.0,0.9428,0.9428,0.0,0,0,0.0,0.989342,0.988768,0.000574,0.926449,0.92991,-0.003461,46.0,0.0,46.0,0.0,0.0,0.0,0.0,0.0,0.0,0.0,0.0,0.0,112.0,0.0,112.0,0.0,0.0,0.0,1.212,0.0,1.212,0,base_keep,base_keep,0,satin_like,reject,reject,0.24567221,-0.07298657,-0.01015426,0.00650315,0.00144099,0.00160738,-0.00844241,-0.00154751,0.24567221,reject,keep_selector_prediction,0.23916906,0,,
ocp_006,Openclipart,butterfly_2,full,public_benchmark_v1,satinrail_w4_s18_i4_cap40,results\public_benchmark_v1_ext33_m2_74_texture_satinrail_w4_s18_i4_cap40,satin_rail,0,1,0,loss_increase,-0.47965722,flat_icon_fill,1.0,0.0,0.372222900390625,0.007781982421875,0.020906780355825202,112,22,93,0.09398197,0.0459051,0.04807687,8,3,5.0,1,0,1.0,0.9428,0.9428,0.0,0,0,0.0,0.989219,0.988768,0.000451,0.928544,0.92991,-0.001366,46.0,0.0,46.0,0.0,0.0,0.0,0.0,0.0,0.0,57.0,0.0,57.0,0.0,0.0,0.0,0.0,0.0,0.0,0.662,0.0,0.662,0,base_keep,base_keep,0,satin_like,reject,reject,0.35178637,-0.06628128,-0.01669273,-0.00433258,-0.01166697,-0.00955494,-0.00848668,-0.00194427,0.35178637,reject,keep_selector_prediction,0.35373064,0,,
ocp_006,Openclipart,butterfly_2,full,public_benchmark_v1,satinrail_w5_s16_i5_cap45,results\public_benchmark_v1_ext33_m2_74_texture_satinrail_w5_s16_i5_cap45,satin_rail,0,1,0,loss_increase,-0.37633124,flat_icon_fill,1.0,0.0,0.372222900390625,0.007781982421875,0.020906780355825202,112,22,93,0.09397214,0.0459051,0.04806704,8,3,5.0,1,0,1.0,0.9428,0.9428,0.0,0,0,0.0,0.98885,0.988768,8.2e-05,0.929879,0.92991,-3.1e-05,46.0,0.0,46.0,0.0,0.0,0.0,0.0,0.0,0.0,67.0,0.0,67.0,0.0,0.0,0.0,0.0,0.0,0.0,0.762,0.0,0.762,0,base_keep,base_keep,0,satin_like,reject,reject,0.33316444,-0.06746288,-0.01553752,-0.00219313,-0.00946822,-0.00769466,-0.00847027,-0.00192218,0.33316444,reject,keep_selector_prediction,0.33508662,0,,
ocp_007,Openclipart,sitting_cat,full,public_benchmark_v1,base_keep,results\public_benchmark_v1_ext33_m2_72_line_skeleton_profile,base_keep,1,0,1,base_keep,0.0,flat_icon_fill,1.0,0.0,0.3506317138671875,0.0093841552734375,0.026763566734844858,51,9,215,0.0445497,0.0445497,0.0,4,4,0.0,0,0,0.0,0.4955,0.4955,0.0,0,0,0.0,1.0,1.0,0.0,0.874258,0.874258,0.0,0.0,0.0,0.0,0.0,0.0,0.0,0.0,0.0,0.0,0.0,0.0,0.0,0.0,0.0,0.0,0.0,0.0,0.0,0.0,0.0,0.0,1,base_keep,base_keep,0,base_keep,base_keep,base_keep,0.79315919,0.79315919,-0.03744807,-0.03153596,-0.01712131,-0.00546742,-0.02559655,0.00158694,-2.0480884,base_keep,keep_selector_prediction,2.84124759,0,,
ocp_007,Openclipart,sitting_cat,full,public_benchmark_v1,satinrail_safeadt_light,results\public_benchmark_v1_ext33_m2_73_texture_satinrail_safeadt_light,satin_rail,0,1,0,off_mask_increase,-3.06631276,flat_icon_fill,1.0,0.0,0.3506317138671875,0.0093841552734375,0.026763566734844858,51,9,215,0.15056516,0.0445497,0.10601546,15,4,11.0,2,0,2.0,0.59,0.4955,0.0945,0,0,0.0,1.0,1.0,0.0,0.895518,0.874258,0.02126,68.0,0.0,68.0,0.0,0.0,0.0,0.0,0.0,0.0,111.0,0.0,111.0,0.0,0.0,0.0,0.0,0.0,0.0,1.246,0.0,1.246,0,base_keep,base_keep,0,satin_like,reject,reject,0.44694866,-0.06144221,-0.02379361,-0.00595949,-0.0233909,-0.02473733,-0.0068375,-0.00418934,0.44694866,reject,keep_selector_prediction,0.451138,0,,
ocp_007,Openclipart,sitting_cat,full,public_benchmark_v1,dtsatin_safeadt_light,results\public_benchmark_v1_ext33_m2_73_texture_dtsatin_safeadt_light,dt_satin,0,1,0,off_mask_increase,-2.55234526,flat_icon_fill,1.0,0.0,0.3506317138671875,0.0093841552734375,0.026763566734844858,51,9,215,0.15001841,0.0445497,0.10546871,15,4,11.0,2,0,2.0,0.5657,0.4955,0.0702,0,0,0.0,0.999652,1.0,-0.000348,0.903979,0.874258,0.029721,68.0,0.0,68.0,0.0,0.0,0.0,0.0,0.0,0.0,0.0,0.0,0.0,111.0,0.0,111.0,0.0,0.0,0.0,1.246,0.0,1.246,0,base_keep,base_keep,0,satin_like,reject,reject,0.44927362,-0.06131428,-0.02391825,-0.00532478,-0.02394381,-0.02543181,-0.00680256,-0.00438289,0.44927362,reject,keep_selector_prediction,0.45365651,0,,
ocp_007,Openclipart,sitting_cat,full,public_benchmark_v1,satinrail_w4_s18_i4_cap40,results\public_benchmark_v1_ext33_m2_74_texture_satinrail_w4_s18_i4_cap40,satin_rail,0,1,0,jump_increase,-1.63156376,flat_icon_fill,1.0,0.0,0.3506317138671875,0.0093841552734375,0.026763566734844858,51,9,215,0.13729016,0.0445497,0.09274046,15,4,11.0,2,0,2.0,0.0,0.4955,-0.4955,0,0,0.0,0.999739,1.0,-0.000261,0.900725,0.874258,0.026467,68.0,0.0,68.0,0.0,0.0,0.0,0.0,0.0,0.0,56.0,0.0,56.0,0.0,0.0,0.0,0.0,0.0,0.0,0.696,0.0,0.696,0,base_keep,base_keep,0,satin_like,reject,reject,0.52735634,-0.05622451,-0.02828287,-0.01553019,-0.03407464,-0.03256525,-0.00705357,-0.00346514,0.52735634,reject,keep_selector_prediction,0.53082148,0,,
ocp_007,Openclipart,sitting_cat,full,public_benchmark_v1,satinrail_w5_s16_i5_cap45,results\public_benchmark_v1_ext33_m2_74_texture_satinrail_w5_s16_i5_cap45,satin_rail,0,1,0,off_mask_increase,-2.94798026,flat_icon_fill,1.0,0.0,0.3506317138671875,0.0093841552734375,0.026763566734844858,51,9,215,0.15001841,0.0445497,0.10546871,15,4,11.0,2,0,2.0,0.5657,0.4955,0.0702,0,0,0.0,0.999739,1.0,-0.000261,0.905376,0.874258,0.031118,68.0,0.0,68.0,0.0,0.0,0.0,0.0,0.0,0.0,71.0,0.0,71.0,0.0,0.0,0.0,0.0,0.0,0.0,0.846,0.0,0.846,0,base_keep,base_keep,0,satin_like,reject,reject,0.52646567,-0.0564366,-0.02867919,-0.01324293,-0.03344776,-0.0335458,-0.0068348,-0.00466844,0.52646567,reject,keep_selector_prediction,0.53113411,0,,
ocp_008,Openclipart,fish,full,public_benchmark_v1,base_keep,results\public_benchmark_v1_ext33_m2_72_line_skeleton_profile,base_keep,1,0,1,base_keep,0.0,flat_icon_fill,1.0,0.0,0.27093505859375,0.0114288330078125,0.04218292408200045,111,37,64,0.04416606,0.04416606,0.0,4,4,0.0,0,0,0.0,0.4955,0.4955,0.0,0,0,0.0,1.0,1.0,0.0,0.807752,0.807752,0.0,0.0,0.0,0.0,0.0,0.0,0.0,0.0,0.0,0.0,0.0,0.0,0.0,0.0,0.0,0.0,0.0,0.0,0.0,0.0,0.0,0.0,1,base_keep,base_keep,0,base_keep,base_keep,base_keep,0.79157943,0.79157943,-0.03563092,-0.03572245,-0.01220328,0.00132259,-0.02594221,0.0035122,-2.07631139,base_keep,keep_selector_prediction,2.86789082,0,,
ocp_008,Openclipart,fish,full,public_benchmark_v1,satinrail_safeadt_light,results\public_benchmark_v1_ext33_m2_73_texture_satinrail_safeadt_light,satin_rail,0,1,0,jump_increase,-1.47908974,flat_icon_fill,1.0,0.0,0.27093505859375,0.0114288330078125,0.04218292408200045,111,37,64,0.15309235,0.04416606,0.10892629,17,4,13.0,2,0,2.0,0.0,0.4955,-0.4955,0,0,0.0,0.997466,1.0,-0.002534,0.850264,0.807752,0.042512,76.0,0.0,76.0,0.0,0.0,0.0,0.0,0.0,0.0,105.0,0.0,105.0,0.0,0.0,0.0,0.0,0.0,0.0,1.202,0.0,1.202,0,base_keep,base_keep,0,satin_like,reject,reject,0.47110071,-0.05998398,-0.02464989,-0.01167106,-0.0263089,-0.02620582,-0.00677784,-0.00279164,0.47110071,reject,keep_selector_prediction,0.47389235,0,,
ocp_008,Openclipart,fish,full,public_benchmark_v1,dtsatin_safeadt_light,results\public_benchmark_v1_ext33_m2_73_texture_dtsatin_safeadt_light,dt_satin,0,1,0,jump_increase,-1.46825892,flat_icon_fill,1.0,0.0,0.27093505859375,0.0114288330078125,0.04218292408200045,111,37,64,0.16371738,0.04416606,0.11955132,17,4,13.0,2,0,2.0,0.4714,0.4955,-0.0241,0,0,0.0,0.997747,1.0,-0.002253,0.854937,0.807752,0.047185,76.0,0.0,76.0,0.0,0.0,0.0,0.0,0.0,0.0,0.0,0.0,0.0,111.0,0.0,111.0,0.0,0.0,0.0,1.262,0.0,1.262,0,base_keep,base_keep,0,satin_like,reject,reject,0.48317392,-0.05935286,-0.02577784,-0.01105724,-0.02733261,-0.02840257,-0.0065975,-0.00385686,0.48317392,reject,keep_selector_prediction,0.48703078,0,,
ocp_008,Openclipart,fish,full,public_benchmark_v1,satinrail_w4_s18_i4_cap40,results\public_benchmark_v1_ext33_m2_74_texture_satinrail_w4_s18_i4_cap40,satin_rail,0,1,0,off_mask_increase,-20.16596192,flat_icon_fill,1.0,0.0,0.27093505859375,0.0114288330078125,0.04218292408200045,111,37,64,0.18453138,0.04416606,0.14036532,17,4,13.0,2,0,2.0,1.3977,0.4955,0.9022,0,0,0.0,0.997409,1.0,-0.002591,0.855556,0.807752,0.047804,76.0,0.0,76.0,0.0,0.0,0.0,0.0,0.0,0.0,58.0,0.0,58.0,0.0,0.0,0.0,0.0,0.0,0.0,0.732,0.0,0.732,0,base_keep,base_keep,0,satin_like,reject,reject,0.62743452,-0.05046346,-0.03539195,-0.0232072,-0.04412285,-0.04477394,-0.00635113,-0.00610453,0.62743452,reject,keep_selector_prediction,0.63353905,0,,
ocp_008,Openclipart,fish,full,public_benchmark_v1,satinrail_w5_s16_i5_cap45,results\public_benchmark_v1_ext33_m2_74_texture_satinrail_w5_s16_i5_cap45,satin_rail,0,1,0,jump_increase,-1.85823056,flat_icon_fill,1.0,0.0,0.27093505859375,0.0114288330078125,0.04218292408200045,111,37,64,0.15307082,0.04416606,0.10890476,17,4,13.0,2,0,2.0,0.0,0.4955,-0.4955,0,0,0.0,0.997409,1.0,-0.002591,0.857212,0.807752,0.04946,76.0,0.0,76.0,0.0,0.0,0.0,0.0,0.0,0.0,65.0,0.0,65.0,0.0,0.0,0.0,0.0,0.0,0.0,0.802,0.0,0.802,0,base_keep,base_keep,0,satin_like,reject,reject,0.55045973,-0.05498527,-0.02954616,-0.01920997,-0.03622197,-0.03486197,-0.00678276,-0.00323503,0.55045973,reject,keep_selector_prediction,0.55369476,0,,
ocp_009,Openclipart,flower_2,full,public_benchmark_v1,base_keep,results\public_benchmark_v1_ext33_m2_72_line_skeleton_profile,base_keep,1,0,1,base_keep,0.0,flat_icon_fill,0.55,0.45,0.234771728515625,0.01824951171875,0.07773300402963733,217,62,110,0.02474275,0.02474275,0.0,3,3,0.0,0,0,0.0,0.0,0.0,0.0,0,0,0.0,0.99727,0.99727,0.0,0.765745,0.765745,0.0,118.0,118.0,0.0,0.0,0.0,0.0,0.0,0.0,0.0,0.0,0.0,0.0,0.0,0.0,0.0,0.0,0.0,0.0,0.236,0.236,0.0,1,base_keep,base_keep,0,base_keep,base_keep,base_keep,0.78431063,0.78431063,-0.02727887,-0.0287288,0.00399078,0.01998187,-0.02783432,0.0065116,-2.20955926,base_keep,keep_selector_prediction,2.99386989,0,,
ocp_009,Openclipart,flower_2,full,public_benchmark_v1,satinrail_safeadt_light,results\public_benchmark_v1_ext33_m2_73_texture_satinrail_safeadt_light,satin_rail,0,1,0,jump_increase,-1.48161212,flat_icon_fill,0.55,0.45,0.234771728515625,0.01824951171875,0.07773300402963733,217,62,110,0.12880527,0.02474275,0.10406252,14,3,11.0,2,0,2.0,0.0,0.0,0.0,0,0,0.0,0.989991,0.99727,-0.007279,0.778852,0.765745,0.013107,117.0,118.0,-1.0,0.0,0.0,0.0,0.0,0.0,0.0,97.0,0.0,97.0,0.0,0.0,0.0,0.0,0.0,0.0,1.204,0.236,0.968,0,base_keep,base_keep,0,satin_like,reject,reject,0.33252611,-0.06727493,-0.01627524,-0.00802714,-0.00921933,-0.00365414,-0.00916474,0.00094054,0.33252611,reject,keep_selector_prediction,0.33158557,0,,
ocp_009,Openclipart,flower_2,full,public_benchmark_v1,dtsatin_safeadt_light,results\public_benchmark_v1_ext33_m2_73_texture_dtsatin_safeadt_light,dt_satin,0,1,0,jump_increase,-1.75218708,flat_icon_fill,0.55,0.45,0.234771728515625,0.01824951171875,0.07773300402963733,217,62,110,0.14488443,0.02474275,0.12014168,16,3,13.0,2,0,2.0,0.0,0.0,0.0,0,0,0.0,0.990771,0.99727,-0.006499,0.783632,0.765745,0.017887,117.0,118.0,-1.0,0.0,0.0,0.0,0.0,0.0,0.0,0.0,0.0,0.0,108.0,0.0,108.0,0.0,0.0,0.0,1.314,0.236,1.078,0,base_keep,base_keep,0,satin_like,reject,reject,0.37511384,-0.06495129,-0.01886907,-0.0090442,-0.01429249,-0.0107565,-0.00864355,-0.00020956,0.37511384,reject,keep_selector_prediction,0.3753234,0,,
ocp_009,Openclipart,flower_2,full,public_benchmark_v1,satinrail_w4_s18_i4_cap40,results\public_benchmark_v1_ext33_m2_74_texture_satinrail_w4_s18_i4_cap40,satin_rail,0,1,0,jump_increase,-1.81510374,flat_icon_fill,0.55,0.45,0.234771728515625,0.01824951171875,0.07773300402963733,217,62,110,0.12882154,0.02474275,0.10407879,14,3,11.0,2,0,2.0,0.0,0.0,0.0,0,0,0.0,0.988106,0.99727,-0.009164,0.785644,0.765745,0.019899,117.0,118.0,-1.0,0.0,0.0,0.0,0.0,0.0,0.0,62.0,0.0,62.0,0.0,0.0,0.0,0.0,0.0,0.0,0.854,0.236,0.618,0,base_keep,base_keep,0,satin_like,reject,reject,0.40257359,-0.06286638,-0.02055565,-0.01431606,-0.01829303,-0.01134931,-0.00916346,0.00052,0.40257359,reject,keep_selector_prediction,0.40205359,0,,
ocp_009,Openclipart,flower_2,full,public_benchmark_v1,satinrail_w5_s16_i5_cap45,results\public_benchmark_v1_ext33_m2_74_texture_satinrail_w5_s16_i5_cap45,satin_rail,0,1,0,loss_increase,-0.73554986,flat_icon_fill,0.55,0.45,0.234771728515625,0.01824951171875,0.07773300402963733,217,62,110,0.08897456,0.02474275,0.06423181,10,3,7.0,1,0,1.0,0.0,0.0,0.0,0,0,0.0,0.988821,0.99727,-0.008449,0.788658,0.765745,0.022913,117.0,118.0,-1.0,0.0,0.0,0.0,0.0,0.0,0.0,75.0,0.0,75.0,0.0,0.0,0.0,0.0,0.0,0.0,0.984,0.236,0.748,0,base_keep,base_keep,0,satin_like,reject,reject,0.23599324,-0.07258503,-0.00894579,-0.00658749,0.00457691,0.00990663,-0.01026532,0.00318261,0.23599324,reject,keep_selector_prediction,0.22608661,0,,
ocp_010,Openclipart,thought_bubble,full,public_benchmark_v1,base_keep,results\public_benchmark_v1_ext33_m2_72_line_skeleton_profile,base_keep,1,0,1,base_keep,0.0,flat_icon_fill,1.0,0.0,0.3345184326171875,0.00445556640625,0.013319344980157825,77,15,66,0.008,0.008,0.0,1,1,0.0,0,0,0.0,0.0,0.0,0.0,0,0,0.0,0.688911,0.688911,0.0,0.988028,0.988028,0.0,0.0,0.0,0.0,0.0,0.0,0.0,0.0,0.0,0.0,0.0,0.0,0.0,0.0,0.0,0.0,0.0,0.0,0.0,0.0,0.0,0.0,1,base_keep,base_keep,0,base_keep,base_keep,base_keep,0.79065513,0.79065513,-0.02731576,0.02734598,-0.06724077,-0.00529517,-0.02579047,-0.00059931,-2.09075317,base_keep,keep_selector_prediction,2.8814083,0,,
ocp_010,Openclipart,thought_bubble,full,public_benchmark_v1,satinrail_safeadt_light,results\public_benchmark_v1_ext33_m2_73_texture_satinrail_safeadt_light,satin_rail,0,1,0,loss_increase,0.30547088,flat_icon_fill,1.0,0.0,0.3345184326171875,0.00445556640625,0.013319344980157825,77,15,66,0.05579052,0.008,0.04779052,6,1,5.0,1,0,1.0,0.0,0.0,0.0,0,0,0.0,0.999635,0.688911,0.310724,0.93295,0.988028,-0.055078,28.0,0.0,28.0,0.0,0.0,0.0,0.0,0.0,0.0,93.0,0.0,93.0,0.0,0.0,0.0,0.0,0.0,0.0,0.986,0.0,0.986,0,base_keep,base_keep,0,satin_like,reject,reject,0.18188378,-0.0764218,-0.00575688,0.00613871,0.00974807,0.011797,-0.00925296,0.00126935,0.18188378,reject,keep_selector_prediction,0.17008678,0,,
ocp_010,Openclipart,thought_bubble,full,public_benchmark_v1,dtsatin_safeadt_light,results\public_benchmark_v1_ext33_m2_73_texture_dtsatin_safeadt_light,dt_satin,0,1,0,loss_increase,0.35080088,flat_icon_fill,1.0,0.0,0.3345184326171875,0.00445556640625,0.013319344980157825,77,15,66,0.05579052,0.008,0.04779052,6,1,5.0,1,0,1.0,0.0,0.0,0.0,0,0,0.0,1.0,0.688911,0.311089,0.93115,0.988028,-0.056878,28.0,0.0,28.0,0.0,0.0,0.0,0.0,0.0,0.0,0.0,0.0,0.0,98.0,0.0,98.0,0.0,0.0,0.0,1.036,0.0,1.036,0,base_keep,base_keep,0,satin_like,reject,reject,0.17154209,-0.07707033,-0.0051262,0.00696976,0.01111931,0.01297912,-0.00925729,0.00135348,0.17154209,reject,keep_selector_prediction,0.15856297,0,,
ocp_010,Openclipart,thought_bubble,full,public_benchmark_v1,satinrail_w4_s18_i4_cap40,results\public_benchmark_v1_ext33_m2_74_texture_satinrail_w4_s18_i4_cap40,satin_rail,0,1,0,loss_increase,-0.14156812,flat_icon_fill,1.0,0.0,0.3345184326171875,0.00445556640625,0.013319344980157825,77,15,66,0.05579052,0.008,0.04779052,6,1,5.0,1,0,1.0,0.0,0.0,0.0,0,0,0.0,0.999407,0.688911,0.310496,0.934089,0.988028,-0.053939,28.0,0.0,28.0,0.0,0.0,0.0,0.0,0.0,0.0,48.0,0.0,48.0,0.0,0.0,0.0,0.0,0.0,0.0,0.536,0.0,0.536,0,base_keep,base_keep,0,satin_like,reject,reject,0.26858415,-0.07094219,-0.01109621,-0.00274928,-0.00097198,0.00270588,-0.00929124,0.00095872,0.26858415,reject,keep_selector_prediction,0.26587827,0,,
ocp_010,Openclipart,thought_bubble,full,public_benchmark_v1,satinrail_w5_s16_i5_cap45,results\public_benchmark_v1_ext33_m2_74_texture_satinrail_w5_s16_i5_cap45,satin_rail,0,1,0,loss_increase,-0.05895512,flat_icon_fill,1.0,0.0,0.3345184326171875,0.00445556640625,0.013319344980157825,77,15,66,0.05579052,0.008,0.04779052,6,1,5.0,1,0,1.0,0.0,0.0,0.0,0,0,0.0,0.999179,0.688911,0.310268,0.935112,0.988028,-0.052916,28.0,0.0,28.0,0.0,0.0,0.0,0.0,0.0,0.0,56.0,0.0,56.0,0.0,0.0,0.0,0.0,0.0,0.0,0.616,0.0,0.616,0,base_keep,base_keep,0,satin_like,reject,reject,0.25369149,-0.07188717,-0.01017407,-0.0010517,0.00079833,0.00419577,-0.00927813,0.0009775,0.25369149,reject,keep_selector_prediction,0.24949572,0,,
omj_001,OpenMoji,heart,core,public_benchmark_v1,base_keep,results\public_benchmark_v1_ext33_m2_72_line_skeleton_profile,base_keep,1,0,1,base_keep,0.0,flat_icon_fill,1.0,0.0,0.29913330078125,0.002593994140625,0.008671699653132013,49,3,97,0.054,0.054,0.0,0,0,0.0,9,9,0.0,0.0,0.0,0.0,0,0,0.0,0.955519,0.955519,0.0,0.917291,0.917291,0.0,0.0,0.0,0.0,0.0,0.0,0.0,0.0,0.0,0.0,0.0,0.0,0.0,0.0,0.0,0.0,0.0,0.0,0.0,0.0,0.0,0.0,0,dtsatin_safeadt_light,dt_satin,1,base_keep,base_keep,base_keep,0.79227715,0.79227715,-0.04810697,0.00404986,-0.04728292,0.00705355,-0.0255779,-2.48e-05,-2.06251065,base_keep,keep_selector_prediction,2.8547878,0,,
omj_001,OpenMoji,heart,core,public_benchmark_v1,satinrail_safeadt_light,results\public_benchmark_v1_ext33_m2_73_texture_satinrail_safeadt_light,satin_rail,0,1,1,professional_texture_allowed,-0.39751684,flat_icon_fill,1.0,0.0,0.29913330078125,0.002593994140625,0.008671699653132013,49,3,97,0.07242164,0.054,0.01842164,8,0,8.0,1,9,-8.0,0.0,0.0,0.0,0,0,0.0,0.999643,0.955519,0.044124,0.933546,0.917291,0.016255,38.0,0.0,38.0,0.0,0.0,0.0,0.0,0.0,0.0,70.0,0.0,70.0,0.0,0.0,0.0,0.0,0.0,0.0,0.776,0.0,0.776,0,dtsatin_safeadt_light,dt_satin,1,satin_like,satin_like,satin_like,0.94877903,-0.14306077,-0.0346479,-0.01923878,-0.03759144,-0.02444537,0.94877903,-0.00309356,-1.49083622,satin_like,keep_selector_prediction,2.43961525,1,,
omj_001,OpenMoji,heart,core,public_benchmark_v1,dtsatin_safeadt_light,results\public_benchmark_v1_ext33_m2_73_texture_dtsatin_safeadt_light,dt_satin,0,1,1,professional_texture_allowed,-0.36780184,flat_icon_fill,1.0,0.0,0.29913330078125,0.002593994140625,0.008671699653132013,49,3,97,0.07242164,0.054,0.01842164,8,0,8.0,1,9,-8.0,0.0,0.0,0.0,0,0,0.0,1.0,0.955519,0.044481,0.933213,0.917291,0.015922,38.0,0.0,38.0,0.0,0.0,0.0,0.0,0.0,0.0,0.0,0.0,0.0,73.0,0.0,73.0,0.0,0.0,0.0,0.806,0.0,0.806,1,dtsatin_safeadt_light,dt_satin,1,satin_like,satin_like,satin_like,0.94878012,-0.14343391,-0.03429114,-0.01871256,-0.03679682,-0.02380774,0.94878012,-0.00306367,-1.49675475,satin_like,keep_selector_prediction,2.44553487,1,eligible_texture_highest_utility,True
omj_001,OpenMoji,heart,core,public_benchmark_v1,satinrail_w4_s18_i4_cap40,results\public_benchmark_v1_ext33_m2_74_texture_satinrail_w4_s18_i4_cap40,satin_rail,0,1,0,not_enough_satin_like_segments,-0.80404284,flat_icon_fill,1.0,0.0,0.29913330078125,0.002593994140625,0.008671699653132013,49,3,97,0.07242164,0.054,0.01842164,8,0,8.0,1,9,-8.0,0.0,0.0,0.0,0,0,0.0,0.999643,0.955519,0.044124,0.934704,0.917291,0.017413,38.0,0.0,38.0,0.0,0.0,0.0,0.0,0.0,0.0,29.0,0.0,29.0,0.0,0.0,0.0,0.0,0.0,0.0,0.366,0.0,0.366,0,dtsatin_safeadt_light,dt_satin,1,satin_like,reject,reject,0.36529582,-0.06519566,-0.01702268,-0.00963986,-0.012724,-0.00985676,-0.00880166,-0.00028497,0.36529582,reject,keep_selector_prediction,0.36558079,0,,
omj_001,OpenMoji,heart,core,public_benchmark_v1,satinrail_w5_s16_i5_cap45,results\public_benchmark_v1_ext33_m2_74_texture_satinrail_w5_s16_i5_cap45,satin_rail,0,1,1,professional_texture_allowed,-0.70350884,flat_icon_fill,1.0,0.0,0.29913330078125,0.002593994140625,0.008671699653132013,49,3,97,0.07242164,0.054,0.01842164,8,0,8.0,1,9,-8.0,0.0,0.0,0.0,0,0,0.0,0.999643,0.955519,0.044124,0.934882,0.917291,0.017591,38.0,0.0,38.0,0.0,0.0,0.0,0.0,0.0,0.0,39.0,0.0,39.0,0.0,0.0,0.0,0.0,0.0,0.0,0.466,0.0,0.466,0,dtsatin_safeadt_light,dt_satin,1,satin_like,satin_like,satin_like,0.94875535,-0.13927447,-0.03834302,-0.02534931,-0.04498716,-0.03076004,0.94875535,-0.00332245,-1.43090351,satin_like,keep_selector_prediction,2.37965886,1,,
omj_002,OpenMoji,star,core,public_benchmark_v1,base_keep,results\public_benchmark_v1_ext33_m2_72_line_skeleton_profile,base_keep,1,0,1,base_keep,0.0,flat_icon_fill,1.0,0.0,0.2648468017578125,0.0052642822265625,0.019876706804171227,62,22,71,0.02469779,0.02469779,0.0,3,3,0.0,0,0,0.0,0.0,0.0,0.0,0,0,0.0,0.999481,0.999481,0.0,0.897558,0.897558,0.0,44.0,44.0,0.0,0.0,0.0,0.0,0.0,0.0,0.0,0.0,0.0,0.0,0.0,0.0,0.0,0.0,0.0,0.0,0.088,0.088,0.0,1,base_keep,base_keep,0,base_keep,base_keep,base_keep,0.78925773,0.78925773,-0.03289683,-0.02479496,-0.00970935,0.00262593,-0.02637564,0.00261331,-2.11798599,base_keep,keep_selector_prediction,2.90724372,0,,
omj_002,OpenMoji,star,core,public_benchmark_v1,satinrail_safeadt_light,results\public_benchmark_v1_ext33_m2_73_texture_satinrail_safeadt_light,satin_rail,0,1,0,off_mask_increase,-21.09859928,flat_icon_fill,1.0,0.0,0.2648468017578125,0.0052642822265625,0.019876706804171227,62,22,71,0.12013767,0.02469779,0.09543988,11,3,8.0,1,0,1.0,1.0062,0.0,1.0062,0,0,0.0,0.99977,0.999481,0.000289,0.914712,0.897558,0.017154,42.0,44.0,-2.0,0.0,0.0,0.0,0.0,0.0,0.0,85.0,0.0,85.0,0.0,0.0,0.0,0.0,0.0,0.0,0.934,0.088,0.846,0,base_keep,base_keep,0,satin_like,reject,reject,0.3847009,-0.06444534,-0.01906393,-0.00592149,-0.01341318,-0.01569909,-0.00824991,-0.00309069,0.3847009,reject,keep_selector_prediction,0.38779159,0,,
omj_002,OpenMoji,star,core,public_benchmark_v1,dtsatin_safeadt_light,results\public_benchmark_v1_ext33_m2_73_texture_dtsatin_safeadt_light,dt_satin,0,1,0,off_mask_increase,-21.06136228,flat_icon_fill,1.0,0.0,0.2648468017578125,0.0052642822265625,0.019876706804171227,62,22,71,0.12013767,0.02469779,0.09543988,11,3,8.0,1,0,1.0,1.0062,0.0,1.0062,0,0,0.0,0.999827,0.999481,0.000346,0.913753,0.897558,0.016195,42.0,44.0,-2.0,0.0,0.0,0.0,0.0,0.0,0.0,0.0,0.0,0.0,89.0,0.0,89.0,0.0,0.0,0.0,0.974,0.088,0.886,0,base_keep,base_keep,0,satin_like,reject,reject,0.37664523,-0.06495193,-0.01856779,-0.00519161,-0.01239275,-0.01480527,-0.00825083,-0.00303838,0.37664523,reject,keep_selector_prediction,0.37968361,0,,
omj_002,OpenMoji,star,core,public_benchmark_v1,satinrail_w4_s18_i4_cap40,results\public_benchmark_v1_ext33_m2_74_texture_satinrail_w4_s18_i4_cap40,satin_rail,0,1,0,off_mask_increase,-21.49102976,flat_icon_fill,1.0,0.0,0.2648468017578125,0.0052642822265625,0.019876706804171227,62,22,71,0.12011625,0.02469779,0.09541846,11,3,8.0,1,0,1.0,1.0062,0.0,1.0062,0,0,0.0,0.999136,0.999481,-0.000345,0.917615,0.897558,0.020057,42.0,44.0,-2.0,0.0,0.0,0.0,0.0,0.0,0.0,45.0,0.0,45.0,0.0,0.0,0.0,0.0,0.0,0.0,0.534,0.088,0.446,0,base_keep,base_keep,0,satin_like,reject,reject,0.4624916,-0.05953414,-0.02384591,-0.01363465,-0.02314324,-0.02396438,-0.00827485,-0.00342166,0.4624916,reject,keep_selector_prediction,0.46591326,0,,
omj_002,OpenMoji,star,core,public_benchmark_v1,satinrail_w5_s16_i5_cap45,results\public_benchmark_v1_ext33_m2_74_texture_satinrail_w5_s16_i5_cap45,satin_rail,0,1,0,off_mask_increase,-21.38789942,flat_icon_fill,1.0,0.0,0.2648468017578125,0.0052642822265625,0.019876706804171227,62,22,71,0.12009486,0.02469779,0.09539707,11,3,8.0,1,0,1.0,1.0062,0.0,1.0062,0,0,0.0,0.998387,0.999481,-0.001094,0.919115,0.897558,0.021557,42.0,44.0,-2.0,0.0,0.0,0.0,0.0,0.0,0.0,55.0,0.0,55.0,0.0,0.0,0.0,0.0,0.0,0.0,0.634,0.088,0.546,0,base_keep,base_keep,0,satin_like,reject,reject,0.44393113,-0.06071229,-0.02268547,-0.01142729,-0.02101889,-0.02212135,-0.00825776,-0.00340555,0.44393113,reject,keep_selector_prediction,0.44733668,0,,
omj_003,OpenMoji,butterfly,core,public_benchmark_v1,base_keep,results\public_benchmark_v1_ext33_m2_72_line_skeleton_profile,base_keep,1,0,1,base_keep,0.0,flat_icon_fill,1.0,0.0,0.3516693115234375,0.0064544677734375,0.018353798759057578,65,15,87,0.08646574,0.08646574,0.0,9,9,0.0,2,2,0.0,0.0,0.0,0.0,0,0,0.0,1.0,1.0,0.0,0.896875,0.896875,0.0,0.0,0.0,0.0,0.0,0.0,0.0,0.0,0.0,0.0,0.0,0.0,0.0,0.0,0.0,0.0,0.0,0.0,0.0,0.0,0.0,0.0,0,dtsatin_safeadt_light,dt_satin,1,base_keep,base_keep,base_keep,0.8028884,0.8028884,-0.05028346,-0.03376973,-0.04377691,-0.02800839,-0.02418756,-0.0015722,-1.87838295,base_keep,keep_selector_prediction,2.68127135,0,,
omj_003,OpenMoji,butterfly,core,public_benchmark_v1,satinrail_safeadt_light,results\public_benchmark_v1_ext33_m2_73_texture_satinrail_safeadt_light,satin_rail,0,1,1,professional_texture_allowed,0.60294884,flat_icon_fill,1.0,0.0,0.3516693115234375,0.0064544677734375,0.018353798759057578,65,15,87,0.1120606,0.08646574,0.02559486,12,9,3.0,2,2,0.0,0.0,0.0,0.0,0,0,0.0,0.999219,1.0,-0.000781,0.932235,0.896875,0.03536,46.0,0.0,46.0,0.0,0.0,0.0,0.0,0.0,0.0,101.0,0.0,101.0,0.0,0.0,0.0,0.0,0.0,0.0,1.102,0.0,1.102,0,dtsatin_safeadt_light,dt_satin,1,satin_like,satin_like,satin_like,0.9499278,-0.13887634,-0.04086812,-0.01775293,-0.04968413,-0.03666582,0.9499278,-0.0055086,-1.41175891,satin_like,keep_selector_prediction,2.36168671,1,,
omj_003,OpenMoji,butterfly,core,public_benchmark_v1,dtsatin_safeadt_light,results\public_benchmark_v1_ext33_m2_73_texture_dtsatin_safeadt_light,dt_satin,0,1,1,professional_texture_allowed,0.63713778,flat_icon_fill,1.0,0.0,0.3516693115234375,0.0064544677734375,0.018353798759057578,65,15,87,0.11202611,0.08646574,0.02556037,12,9,3.0,2,2,0.0,0.0,0.0,0.0,0,0,0.0,0.998742,1.0,-0.001258,0.930547,0.896875,0.033672,46.0,0.0,46.0,0.0,0.0,0.0,0.0,0.0,0.0,0.0,0.0,0.0,105.0,0.0,105.0,0.0,0.0,0.0,1.142,0.0,1.142,1,dtsatin_safeadt_light,dt_satin,1,satin_like,satin_like,satin_like,0.94992245,-0.13940366,-0.04033509,-0.01698603,-0.04869071,-0.03569171,0.94992245,-0.00543601,-1.42018425,satin_like,keep_selector_prediction,2.3701067,1,eligible_texture_highest_utility,True
omj_003,OpenMoji,butterfly,core,public_benchmark_v1,satinrail_w4_s18_i4_cap40,results\public_benchmark_v1_ext33_m2_74_texture_satinrail_w4_s18_i4_cap40,satin_rail,0,1,0,off_mask_increase,-21.27616914,flat_icon_fill,1.0,0.0,0.3516693115234375,0.0064544677734375,0.018353798759057578,65,15,87,0.13600643,0.08646574,0.04954069,12,9,3.0,2,2,0.0,1.0648,0.0,1.0648,0,0,0.0,0.998481,1.0,-0.001519,0.936246,0.896875,0.039371,46.0,0.0,46.0,0.0,0.0,0.0,0.0,0.0,0.0,56.0,0.0,56.0,0.0,0.0,0.0,0.0,0.0,0.0,0.652,0.0,0.652,0,dtsatin_safeadt_light,dt_satin,1,satin_like,reject,reject,0.50211049,-0.05763564,-0.02762707,-0.01055866,-0.03093622,-0.02977282,-0.00730235,-0.00499787,0.50211049,reject,keep_selector_prediction,0.50710836,0,,
omj_003,OpenMoji,butterfly,core,public_benchmark_v1,satinrail_w5_s16_i5_cap45,results\public_benchmark_v1_ext33_m2_74_texture_satinrail_w5_s16_i5_cap45,satin_rail,0,1,1,professional_texture_allowed,0.2281038,flat_icon_fill,1.0,0.0,0.3516693115234375,0.0064544677734375,0.018353798759057578,65,15,87,0.11206044,0.08646574,0.0255947,12,9,3.0,2,2,0.0,0.0,0.0,0.0,0,0,0.0,0.997961,1.0,-0.002039,0.938125,0.896875,0.04125,46.0,0.0,46.0,0.0,0.0,0.0,0.0,0.0,0.0,62.0,0.0,62.0,0.0,0.0,0.0,0.0,0.0,0.0,0.712,0.0,0.712,0,dtsatin_safeadt_light,dt_satin,1,satin_like,satin_like,satin_like,0.94991981,-0.13401074,-0.04560402,-0.02498777,-0.05951426,-0.04504977,0.94991981,-0.00592351,-1.33453729,satin_like,keep_selector_prediction,2.2844571,1,,
omj_004,OpenMoji,fish,core,public_benchmark_v1,base_keep,results\public_benchmark_v1_ext33_m2_72_line_skeleton_profile,base_keep,1,0,1,base_keep,0.0,flat_icon_fill,1.0,0.0,0.2786102294921875,0.0035400390625,0.012706062763568652,70,7,92,0.04876926,0.04876926,0.0,3,3,0.0,0,0,0.0,1.075,1.075,0.0,0,0,0.0,0.997043,0.997043,0.0,0.950702,0.950702,0.0,38.0,38.0,0.0,0.0,0.0,0.0,0.0,0.0,0.0,0.0,0.0,0.0,0.0,0.0,0.0,0.0,0.0,0.0,0.076,0.076,0.0,1,base_keep,base_keep,0,base_keep,base_keep,base_keep,0.793457,0.793457,-0.03826586,-0.02327814,-0.01914395,-0.00965266,-0.02570265,-0.00113131,-2.04426891,base_keep,keep_selector_prediction,2.83772591,0,,
omj_004,OpenMoji,fish,core,public_benchmark_v1,satinrail_safeadt_light,results\public_benchmark_v1_ext33_m2_73_texture_satinrail_safeadt_light,satin_rail,0,1,0,loss_increase,-0.77863148,flat_icon_fill,1.0,0.0,0.2786102294921875,0.0035400390625,0.012706062763568652,70,7,92,0.09512884,0.04876926,0.04635958,10,3,7.0,2,0,2.0,0.0,1.075,-1.075,0,0,0.0,0.999836,0.997043,0.002793,0.924682,0.950702,-0.02602,39.0,38.0,1.0,0.0,0.0,0.0,0.0,0.0,0.0,82.0,0.0,82.0,0.0,0.0,0.0,0.0,0.0,0.0,0.898,0.076,0.822,0,base_keep,base_keep,0,satin_like,reject,reject,0.33084996,-0.06755566,-0.01639296,-0.00051252,-0.01067823,-0.00711022,-0.00860669,-0.00114838,0.33084996,reject,keep_selector_prediction,0.33136248,0,,
omj_004,OpenMoji,fish,core,public_benchmark_v1,dtsatin_safeadt_light,results\public_benchmark_v1_ext33_m2_73_texture_dtsatin_safeadt_light,dt_satin,0,1,0,loss_increase,-0.73993188,flat_icon_fill,1.0,0.0,0.2786102294921875,0.0035400390625,0.012706062763568652,70,7,92,0.09514874,0.04876926,0.04637948,10,3,7.0,2,0,2.0,0.0,1.075,-1.075,0,0,0.0,1.0,0.997043,0.002957,0.924179,0.950702,-0.026523,39.0,38.0,1.0,0.0,0.0,0.0,0.0,0.0,0.0,0.0,0.0,0.0,86.0,0.0,86.0,0.0,0.0,0.0,0.938,0.076,0.862,0,base_keep,base_keep,0,satin_like,reject,reject,0.32304244,-0.06804829,-0.01591559,0.00022761,-0.00968104,-0.00626981,-0.00860479,-0.00110987,0.32304244,reject,keep_selector_prediction,0.32281483,0,,
omj_004,OpenMoji,fish,core,public_benchmark_v1,satinrail_w4_s18_i4_cap40,results\public_benchmark_v1_ext33_m2_74_texture_satinrail_w4_s18_i4_cap40,satin_rail,0,1,0,loss_increase,-1.22645702,flat_icon_fill,1.0,0.0,0.2786102294921875,0.0035400390625,0.012706062763568652,70,7,92,0.09511793,0.04876926,0.04634867,10,3,7.0,2,0,2.0,0.0,1.075,-1.075,0,0,0.0,0.999836,0.997043,0.002793,0.925385,0.950702,-0.025317,39.0,38.0,1.0,0.0,0.0,0.0,0.0,0.0,0.0,37.0,0.0,37.0,0.0,0.0,0.0,0.0,0.0,0.0,0.448,0.076,0.372,0,base_keep,base_keep,0,satin_like,reject,reject,0.41731003,-0.0620896,-0.02172209,-0.00945986,-0.02132059,-0.01614852,-0.0086476,-0.0014446,0.41731003,reject,keep_selector_prediction,0.41875463,0,,
omj_004,OpenMoji,fish,core,public_benchmark_v1,satinrail_w5_s16_i5_cap45,results\public_benchmark_v1_ext33_m2_74_texture_satinrail_w5_s16_i5_cap45,satin_rail,0,1,0,loss_increase,-1.08161388,flat_icon_fill,1.0,0.0,0.2786102294921875,0.0035400390625,0.012706062763568652,70,7,92,0.09510974,0.04876926,0.04634048,10,3,7.0,2,0,2.0,0.0,1.075,-1.075,0,0,0.0,0.999836,0.997043,0.002793,0.926983,0.950702,-0.023719,39.0,38.0,1.0,0.0,0.0,0.0,0.0,0.0,0.0,51.0,0.0,51.0,0.0,0.0,0.0,0.0,0.0,0.0,0.588,0.076,0.512,0,base_keep,base_keep,0,satin_like,reject,reject,0.39109846,-0.06375182,-0.02010805,-0.00655826,-0.0181327,-0.0135109,-0.00862609,-0.00140354,0.39109846,reject,keep_selector_prediction,0.392502,0,,
omj_005,OpenMoji,sun,core,public_benchmark_v1,base_keep,results\public_benchmark_v1_ext33_m2_72_line_skeleton_profile,base_keep,1,0,1,base_keep,0.0,flat_icon_fill,1.0,0.0,0.4247589111328125,0.0074462890625,0.017530624708122285,97,17,38,0.08080196,0.08080196,0.0,9,9,0.0,1,1,0.0,0.0,0.0,0.0,0,0,0.0,0.998635,0.998635,0.0,0.916461,0.916461,0.0,0.0,0.0,0.0,0.0,0.0,0.0,0.0,0.0,0.0,0.0,0.0,0.0,0.0,0.0,0.0,0.0,0.0,0.0,0.0,0.0,0.0,0,dtsatin_safeadt_light,dt_satin,1,base_keep,base_keep,base_keep,0.80267978,0.80267978,-0.04863826,-0.03442333,-0.04148585,-0.02972343,-0.02418376,-0.00178192,-1.88183995,base_keep,keep_selector_prediction,2.68451973,0,,
omj_005,OpenMoji,sun,core,public_benchmark_v1,satinrail_safeadt_light,results\public_benchmark_v1_ext33_m2_73_texture_satinrail_safeadt_light,satin_rail,0,1,1,professional_texture_allowed,1.121392,flat_icon_fill,1.0,0.0,0.4247589111328125,0.0074462890625,0.017530624708122285,97,17,38,0.08080196,0.08080196,0.0,9,9,0.0,1,1,0.0,0.0,0.0,0.0,0,0,0.0,0.999353,0.998635,0.000718,0.911113,0.916461,-0.005348,63.0,0.0,63.0,0.0,0.0,0.0,0.0,0.0,0.0,101.0,0.0,101.0,0.0,0.0,0.0,0.0,0.0,0.0,1.136,0.0,1.136,0,dtsatin_safeadt_light,dt_satin,1,satin_like,satin_like,satin_like,0.94895532,-0.14607449,-0.03177888,-0.01519403,-0.03147933,-0.01963713,0.94895532,-0.00279874,-1.53660501,satin_like,keep_selector_prediction,2.48556033,1,,
omj_005,OpenMoji,sun,core,public_benchmark_v1,dtsatin_safeadt_light,results\public_benchmark_v1_ext33_m2_73_texture_dtsatin_safeadt_light,dt_satin,0,1,1,professional_texture_allowed,1.262985,flat_icon_fill,1.0,0.0,0.4247589111328125,0.0074462890625,0.017530624708122285,97,17,38,0.08080196,0.08080196,0.0,9,9,0.0,1,1,0.0,0.0,0.0,0.0,0,0,0.0,0.999425,0.998635,0.00079,0.911596,0.916461,-0.004865,63.0,0.0,63.0,0.0,0.0,0.0,0.0,0.0,0.0,0.0,0.0,0.0,115.0,0.0,115.0,0.0,0.0,0.0,1.276,0.0,1.276,1,dtsatin_safeadt_light,dt_satin,1,satin_like,satin_like,satin_like,0.94897144,-0.14776043,-0.0301394,-0.01237553,-0.02820347,-0.0168918,0.94897144,-0.00272601,-1.56324157,satin_like,keep_selector_prediction,2.51221301,1,eligible_texture_highest_utility,True
omj_005,OpenMoji,sun,core,public_benchmark_v1,satinrail_w4_s18_i4_cap40,results\public_benchmark_v1_ext33_m2_74_texture_satinrail_w4_s18_i4_cap40,satin_rail,0,1,1,professional_texture_allowed,0.68674,flat_icon_fill,1.0,0.0,0.4247589111328125,0.0074462890625,0.017530624708122285,97,17,38,0.08080196,0.08080196,0.0,9,9,0.0,1,1,0.0,0.0,0.0,0.0,0,0,0.0,0.999138,0.998635,0.000503,0.913039,0.916461,-0.003422,63.0,0.0,63.0,0.0,0.0,0.0,0.0,0.0,0.0,57.0,0.0,57.0,0.0,0.0,0.0,0.0,0.0,0.0,0.696,0.0,0.696,0,dtsatin_safeadt_light,dt_satin,1,satin_like,satin_like,satin_like,0.94892197,-0.14069841,-0.03702067,-0.02383376,-0.0420174,-0.02860664,0.94892197,-0.00312562,-1.4515052,satin_like,keep_selector_prediction,2.40042717,1,,
omj_005,OpenMoji,sun,core,public_benchmark_v1,satinrail_w5_s16_i5_cap45,results\public_benchmark_v1_ext33_m2_74_texture_satinrail_w5_s16_i5_cap45,satin_rail,0,1,1,professional_texture_allowed,0.837909,flat_icon_fill,1.0,0.0,0.4247589111328125,0.0074462890625,0.017530624708122285,97,17,38,0.08080196,0.08080196,0.0,9,9,0.0,1,1,0.0,0.0,0.0,0.0,0,0,0.0,0.998815,0.998635,0.00018,0.913644,0.916461,-0.002817,63.0,0.0,63.0,0.0,0.0,0.0,0.0,0.0,0.0,72.0,0.0,72.0,0.0,0.0,0.0,0.0,0.0,0.0,0.846,0.0,0.846,0,dtsatin_safeadt_light,dt_satin,1,satin_like,satin_like,satin_like,0.94893989,-0.14250042,-0.03525951,-0.02074994,-0.03858598,-0.02568101,0.94893989,-0.00305234,-1.47996813,satin_like,keep_selector_prediction,2.42890802,1,,
omj_006,OpenMoji,cherry_blossom,full,public_benchmark_v1,base_keep,results\public_benchmark_v1_ext33_m2_72_line_skeleton_profile,base_keep,1,0,1,base_keep,0.0,flat_icon_fill,1.0,0.0,0.21478271484375,0.0066986083984375,0.031187837453822108,67,13,96,0.0246882,0.0246882,0.0,3,3,0.0,0,0,0.0,0.0,0.0,0.0,0,0,0.0,0.992683,0.992683,0.0,0.916022,0.916022,0.0,51.0,51.0,0.0,0.0,0.0,0.0,0.0,0.0,0.0,0.0,0.0,0.0,0.0,0.0,0.0,0.0,0.0,0.0,0.102,0.102,0.0,1,base_keep,base_keep,0,base_keep,base_keep,base_keep,0.78952197,0.78952197,-0.03304824,-0.0222266,-0.01179184,0.00109006,-0.02635518,0.00206423,-2.11357632,base_keep,keep_selector_prediction,2.90309829,0,,
omj_006,OpenMoji,cherry_blossom,full,public_benchmark_v1,satinrail_safeadt_light,results\public_benchmark_v1_ext33_m2_73_texture_satinrail_safeadt_light,satin_rail,0,1,0,loss_increase,-0.41175954,flat_icon_fill,1.0,0.0,0.21478271484375,0.0066986083984375,0.031187837453822108,67,13,96,0.08083179,0.0246882,0.05614359,9,3,6.0,1,0,1.0,0.0,0.0,0.0,0,0,0.0,0.999787,0.992683,0.007104,0.88232,0.916022,-0.033702,52.0,51.0,1.0,0.0,0.0,0.0,0.0,0.0,0.0,101.0,0.0,101.0,0.0,0.0,0.0,0.0,0.0,0.0,1.114,0.102,1.012,0,base_keep,base_keep,0,satin_like,reject,reject,0.22592025,-0.07372658,-0.00851043,0.00101513,0.00559623,0.00661301,-0.0092977,0.00114405,0.22592025,reject,keep_selector_prediction,0.21930724,0,,
omj_006,OpenMoji,cherry_blossom,full,public_benchmark_v1,dtsatin_safeadt_light,results\public_benchmark_v1_ext33_m2_73_texture_dtsatin_safeadt_light,dt_satin,0,1,0,loss_increase,-0.56734776,flat_icon_fill,1.0,0.0,0.21478271484375,0.0066986083984375,0.031187837453822108,67,13,96,0.08084416,0.0246882,0.05615596,9,3,6.0,1,0,1.0,0.0,0.0,0.0,0,0,0.0,0.999858,0.992683,0.007175,0.883768,0.916022,-0.032254,52.0,51.0,1.0,0.0,0.0,0.0,0.0,0.0,0.0,0.0,0.0,0.0,85.0,0.0,85.0,0.0,0.0,0.0,0.954,0.102,0.852,0,base_keep,base_keep,0,satin_like,reject,reject,0.25719822,-0.07175302,-0.0104416,-0.00210263,0.00173173,0.0032736,-0.00930577,0.0010038,0.25719822,reject,keep_selector_prediction,0.25392462,0,,
omj_006,OpenMoji,cherry_blossom,full,public_benchmark_v1,satinrail_w4_s18_i4_cap40,results\public_benchmark_v1_ext33_m2_74_texture_satinrail_w4_s18_i4_cap40,satin_rail,0,1,0,loss_increase,-1.07032602,flat_icon_fill,1.0,0.0,0.21478271484375,0.0066986083984375,0.031187837453822108,67,13,96,0.08901337,0.0246882,0.06432517,10,3,7.0,1,0,1.0,0.0,0.0,0.0,0,0,0.0,0.99929,0.992683,0.006607,0.886159,0.916022,-0.029863,52.0,51.0,1.0,0.0,0.0,0.0,0.0,0.0,0.0,54.0,0.0,54.0,0.0,0.0,0.0,0.0,0.0,0.0,0.644,0.102,0.542,0,base_keep,base_keep,0,satin_like,reject,reject,0.34901614,-0.06613444,-0.01606588,-0.00978768,-0.00964025,-0.0076394,-0.00907659,0.00019023,0.34901614,reject,keep_selector_prediction,0.34882591,0,,
omj_006,OpenMoji,cherry_blossom,full,public_benchmark_v1,satinrail_w5_s16_i5_cap45,results\public_benchmark_v1_ext33_m2_74_texture_satinrail_w5_s16_i5_cap45,satin_rail,0,1,0,loss_increase,-0.84671562,flat_icon_fill,1.0,0.0,0.21478271484375,0.0066986083984375,0.031187837453822108,67,13,96,0.08080447,0.0246882,0.05611627,9,3,6.0,1,0,1.0,0.0,0.0,0.0,0,0,0.0,0.999361,0.992683,0.006678,0.887564,0.916022,-0.028458,52.0,51.0,1.0,0.0,0.0,0.0,0.0,0.0,0.0,56.0,0.0,56.0,0.0,0.0,0.0,0.0,0.0,0.0,0.664,0.102,0.562,0,base_keep,base_keep,0,satin_like,reject,reject,0.31418918,-0.06815941,-0.01394531,-0.00757719,-0.00543705,-0.00287489,-0.00931606,0.00071697,0.31418918,reject,keep_selector_prediction,0.31347221,0,,
omj_007,OpenMoji,ribbon,full,public_benchmark_v1,base_keep,results\public_benchmark_v1_ext33_m2_72_line_skeleton_profile,base_keep,1,0,1,base_keep,0.0,flat_icon_fill,1.0,0.0,0.376129150390625,0.0072174072265625,0.019188640973630832,89,27,51,0.08082922,0.08082922,0.0,9,9,0.0,1,1,0.0,0.0,0.0,0.0,0,0,0.0,1.0,1.0,0.0,0.891565,0.891565,0.0,0.0,0.0,0.0,0.0,0.0,0.0,0.0,0.0,0.0,0.0,0.0,0.0,0.0,0.0,0.0,0.0,0.0,0.0,0.0,0.0,0.0,1,base_keep,base_keep,0,base_keep,base_keep,base_keep,0.80211757,0.80211757,-0.04802564,-0.03621778,-0.03948577,-0.02724402,-0.02430876,-0.00106544,-1.89189575,base_keep,keep_selector_prediction,2.69401332,0,,
omj_007,OpenMoji,ribbon,full,public_benchmark_v1,satinrail_safeadt_light,results\public_benchmark_v1_ext33_m2_73_texture_satinrail_safeadt_light,satin_rail,0,1,0,loss_increase,-0.43447374,flat_icon_fill,1.0,0.0,0.376129150390625,0.0072174072265625,0.019188640973630832,89,27,51,0.15198401,0.08082922,0.07115479,16,9,7.0,3,1,2.0,0.0,0.0,0.0,0,0,0.0,0.999959,1.0,-4.1e-05,0.911744,0.891565,0.020179,66.0,0.0,66.0,0.0,0.0,0.0,0.0,0.0,0.0,105.0,0.0,105.0,0.0,0.0,0.0,0.0,0.0,0.0,1.182,0.0,1.182,0,base_keep,base_keep,0,satin_like,reject,reject,0.48480493,-0.05921628,-0.0270949,-0.00490638,-0.03153825,-0.02913363,-0.00658236,-0.00444631,0.48480493,reject,keep_selector_prediction,0.48925124,0,,
omj_007,OpenMoji,ribbon,full,public_benchmark_v1,dtsatin_safeadt_light,results\public_benchmark_v1_ext33_m2_73_texture_dtsatin_safeadt_light,dt_satin,0,1,0,loss_increase,-0.30173604,flat_icon_fill,1.0,0.0,0.376129150390625,0.0072174072265625,0.019188640973630832,89,27,51,0.15196156,0.08082922,0.07113234,16,9,7.0,3,1,2.0,0.0,0.0,0.0,0,0,0.0,0.999959,1.0,-4.1e-05,0.915945,0.891565,0.02438,66.0,0.0,66.0,0.0,0.0,0.0,0.0,0.0,0.0,0.0,0.0,0.0,117.0,0.0,117.0,0.0,0.0,0.0,1.302,0.0,1.302,0,base_keep,base_keep,0,satin_like,reject,reject,0.4634187,-0.06058072,-0.02578056,-0.00223586,-0.02899892,-0.02714578,-0.00655016,-0.00449093,0.4634187,reject,keep_selector_prediction,0.46565456,0,,
omj_007,OpenMoji,ribbon,full,public_benchmark_v1,satinrail_w4_s18_i4_cap40,results\public_benchmark_v1_ext33_m2_74_texture_satinrail_w4_s18_i4_cap40,satin_rail,0,1,0,loss_increase,-0.9239114,flat_icon_fill,1.0,0.0,0.376129150390625,0.0072174072265625,0.019188640973630832,89,27,51,0.15198412,0.08082922,0.0711549,16,9,7.0,3,1,2.0,0.0,0.0,0.0,0,0,0.0,0.999959,1.0,-4.1e-05,0.915265,0.891565,0.0237,66.0,0.0,66.0,0.0,0.0,0.0,0.0,0.0,0.0,55.0,0.0,55.0,0.0,0.0,0.0,0.0,0.0,0.0,0.682,0.0,0.682,0,base_keep,base_keep,0,satin_like,reject,reject,0.58202082,-0.05307858,-0.03309009,-0.01467481,-0.04356388,-0.03945412,-0.00661369,-0.00485452,0.58202082,reject,keep_selector_prediction,0.58687534,0,,
omj_007,OpenMoji,ribbon,full,public_benchmark_v1,satinrail_w5_s16_i5_cap45,results\public_benchmark_v1_ext33_m2_74_texture_satinrail_w5_s16_i5_cap45,satin_rail,0,1,0,loss_increase,-0.77839512,flat_icon_fill,1.0,0.0,0.376129150390625,0.0072174072265625,0.019188640973630832,89,27,51,0.15198424,0.08082922,0.07115502,16,9,7.0,3,1,2.0,0.0,0.0,0.0,0,0,0.0,0.999959,1.0,-4.1e-05,0.917104,0.891565,0.025539,66.0,0.0,66.0,0.0,0.0,0.0,0.0,0.0,0.0,69.0,0.0,69.0,0.0,0.0,0.0,0.0,0.0,0.0,0.822,0.0,0.822,0,base_keep,base_keep,0,satin_like,reject,reject,0.55593782,-0.05473356,-0.03148444,-0.01175918,-0.04039735,-0.03684461,-0.00659071,-0.0048209,0.55593782,reject,keep_selector_prediction,0.56075872,0,,
omj_008,OpenMoji,paw_prints,full,public_benchmark_v1,base_keep,results\public_benchmark_v1_ext33_m2_72_line_skeleton_profile,base_keep,1,0,1,base_keep,0.0,flat_icon_fill,1.0,0.0,0.2177734375,0.0068817138671875,0.03160033632286995,161,18,23,0.06088992,0.06088992,0.0,6,6,0.0,0,0,0.0,0.4955,0.4955,0.0,0,0,0.0,0.99951,0.99951,0.0,0.814631,0.814631,0.0,85.0,85.0,0.0,0.0,0.0,0.0,0.0,0.0,0.0,0.0,0.0,0.0,0.0,0.0,0.0,0.0,0.0,0.0,0.17,0.17,0.0,1,base_keep,base_keep,0,base_keep,base_keep,base_keep,0.79312828,0.79312828,-0.0372107,-0.03393097,-0.01510335,-0.00353915,-0.02631888,0.00235499,-2.05393199,base_keep,keep_selector_prediction,2.84706027,0,,
omj_008,OpenMoji,paw_prints,full,public_benchmark_v1,satinrail_safeadt_light,results\public_benchmark_v1_ext33_m2_73_texture_satinrail_safeadt_light,satin_rail,0,1,0,off_mask_increase,-10.65524828,flat_icon_fill,1.0,0.0,0.2177734375,0.0068817138671875,0.03160033632286995,161,18,23,0.0740228,0.06088992,0.01313288,6,6,0.0,0,0,0.0,1.1038,0.4955,0.6083,0,0,0.0,0.99958,0.99951,7e-05,0.824434,0.814631,0.009803,85.0,85.0,0.0,0.0,0.0,0.0,0.0,0.0,0.0,156.0,0.0,156.0,0.0,0.0,0.0,0.0,0.0,0.0,1.73,0.17,1.56,0,base_keep,base_keep,0,satin_like,auto_fill,auto_fill,0.03581532,-0.08605491,0.00471377,0.01156188,0.03581532,0.03287427,-0.01043032,0.00304394,0.01916991,reject,risk_margin_reject,0.01664541,0,,
omj_008,OpenMoji,paw_prints,full,public_benchmark_v1,dtsatin_safeadt_light,results\public_benchmark_v1_ext33_m2_73_texture_dtsatin_safeadt_light,dt_satin,0,1,0,off_mask_increase,-8.3016036,flat_icon_fill,1.0,0.0,0.2177734375,0.0068817138671875,0.03160033632286995,161,18,23,0.07156452,0.06088992,0.0106746,6,6,0.0,0,0,0.0,0.9911,0.4955,0.4956,0,0,0.0,0.99965,0.99951,0.00014,0.826019,0.814631,0.011388,85.0,85.0,0.0,0.0,0.0,0.0,0.0,0.0,0.0,0.0,0.0,0.0,164.0,0.0,164.0,0.0,0.0,0.0,1.81,0.17,1.64,0,base_keep,base_keep,0,satin_like,auto_fill,auto_fill,0.03807304,-0.08727111,0.00600413,0.01343998,0.03807304,0.03497387,-0.01044823,0.00327468,-0.00040799,reject,risk_margin_reject,0.03848103,0,,
omj_008,OpenMoji,paw_prints,full,public_benchmark_v1,satinrail_w4_s18_i4_cap40,results\public_benchmark_v1_ext33_m2_74_texture_satinrail_w4_s18_i4_cap40,satin_rail,0,1,0,off_mask_increase,-10.77915,flat_icon_fill,1.0,0.0,0.2177734375,0.0068817138671875,0.03160033632286995,161,18,23,0.08116642,0.06088992,0.0202765,7,6,1.0,0,0,0.0,1.0612,0.4955,0.5657,0,0,0.0,0.99993,0.99951,0.00042,0.829854,0.814631,0.015223,85.0,85.0,0.0,0.0,0.0,0.0,0.0,0.0,0.0,76.0,0.0,76.0,0.0,0.0,0.0,0.0,0.0,0.0,0.93,0.17,0.76,0,base_keep,base_keep,0,satin_like,reject,reject,0.20378407,-0.07456406,-0.00661898,-0.00577024,0.01308214,0.01220374,-0.01025004,0.00193941,0.20378407,reject,keep_selector_prediction,0.19070193,0,,
omj_008,OpenMoji,paw_prints,full,public_benchmark_v1,satinrail_w5_s16_i5_cap45,results\public_benchmark_v1_ext33_m2_74_texture_satinrail_w5_s16_i5_cap45,satin_rail,0,1,0,off_mask_increase,-10.98346212,flat_icon_fill,1.0,0.0,0.2177734375,0.0068817138671875,0.03160033632286995,161,18,23,0.08161444,0.06088992,0.02072452,7,6,1.0,0,0,0.0,1.0792,0.4955,0.5837,0,0,0.0,0.999439,0.99951,-7.1e-05,0.82964,0.814631,0.015009,85.0,85.0,0.0,0.0,0.0,0.0,0.0,0.0,0.0,92.0,0.0,92.0,0.0,0.0,0.0,0.0,0.0,0.0,1.09,0.17,0.92,0,base_keep,base_keep,0,satin_like,reject,reject,0.17408282,-0.07644749,-0.00479202,-0.00255349,0.01667296,0.01527353,-0.01022814,0.00200142,0.17408282,reject,keep_selector_prediction,0.15740986,0,,
omj_009,OpenMoji,lady_beetle,full,public_benchmark_v1,base_keep,results\public_benchmark_v1_ext33_m2_72_line_skeleton_profile,base_keep,1,0,1,base_keep,0.0,flat_icon_fill,1.0,0.0,0.2730712890625,0.0055694580078125,0.0203956191327671,76,18,40,0.05602895,0.05602895,0.0,6,6,0.0,1,1,0.0,0.0,0.0,0.0,0,0,0.0,0.994021,0.994021,0.0,0.927864,0.927864,0.0,55.0,55.0,0.0,0.0,0.0,0.0,0.0,0.0,0.0,0.0,0.0,0.0,0.0,0.0,0.0,0.0,0.0,0.0,0.11,0.11,0.0,1,base_keep,base_keep,0,base_keep,base_keep,base_keep,0.79600013,0.79600013,-0.04142449,-0.02470166,-0.0280558,-0.01412084,-0.02546749,-0.00034929,-2.00092216,base_keep,keep_selector_prediction,2.79692229,0,,
omj_009,OpenMoji,lady_beetle,full,public_benchmark_v1,satinrail_safeadt_light,results\public_benchmark_v1_ext33_m2_73_texture_satinrail_safeadt_light,satin_rail,0,1,0,off_mask_increase,-32.9162695,flat_icon_fill,1.0,0.0,0.2730712890625,0.0055694580078125,0.0203956191327671,76,18,40,0.1400607,0.05602895,0.08403175,11,6,5.0,2,1,1.0,1.6269,0.0,1.6269,0,0,0.0,0.999609,0.994021,0.005588,0.886779,0.927864,-0.041085,54.0,55.0,-1.0,0.0,0.0,0.0,0.0,0.0,0.0,109.0,0.0,109.0,0.0,0.0,0.0,0.0,0.0,0.0,1.198,0.11,1.088,0,base_keep,base_keep,0,satin_like,reject,reject,0.36242075,-0.06593486,-0.01960733,-0.00127541,-0.01195556,-0.01171205,-0.00818285,-0.00377544,0.36242075,reject,keep_selector_prediction,0.36369616,0,,
omj_009,OpenMoji,lady_beetle,full,public_benchmark_v1,dtsatin_safeadt_light,results\public_benchmark_v1_ext33_m2_73_texture_dtsatin_safeadt_light,dt_satin,0,1,0,off_mask_increase,-33.02945348,flat_icon_fill,1.0,0.0,0.2730712890625,0.0055694580078125,0.0203956191327671,76,18,40,0.13194853,0.05602895,0.07591958,10,6,4.0,2,1,1.0,1.6269,0.0,1.6269,0,0,0.0,0.997262,0.994021,0.003241,0.891058,0.927864,-0.036806,54.0,55.0,-1.0,0.0,0.0,0.0,0.0,0.0,0.0,0.0,0.0,0.0,77.0,0.0,77.0,0.0,0.0,0.0,0.878,0.11,0.768,0,base_keep,base_keep,0,satin_like,reject,reject,0.39450888,-0.06373982,-0.02155966,-0.00533969,-0.01644968,-0.01410496,-0.00843707,-0.00355949,0.39450888,reject,keep_selector_prediction,0.39806837,0,,
omj_009,OpenMoji,lady_beetle,full,public_benchmark_v1,satinrail_w4_s18_i4_cap40,results\public_benchmark_v1_ext33_m2_74_texture_satinrail_w4_s18_i4_cap40,satin_rail,0,1,0,off_mask_increase,-33.30004084,flat_icon_fill,1.0,0.0,0.2730712890625,0.0055694580078125,0.0203956191327671,76,18,40,0.13204109,0.05602895,0.07601214,10,6,4.0,2,1,1.0,1.6269,0.0,1.6269,0,0,0.0,0.997597,0.994021,0.003576,0.890824,0.927864,-0.03704,54.0,55.0,-1.0,0.0,0.0,0.0,0.0,0.0,0.0,50.0,0.0,50.0,0.0,0.0,0.0,0.0,0.0,0.0,0.608,0.11,0.498,0,base_keep,base_keep,0,satin_like,reject,reject,0.4464632,-0.06045529,-0.02477162,-0.01081515,-0.02277871,-0.0195072,-0.00846213,-0.0037234,0.4464632,reject,keep_selector_prediction,0.4501866,0,,
omj_009,OpenMoji,lady_beetle,full,public_benchmark_v1,satinrail_w5_s16_i5_cap45,results\public_benchmark_v1_ext33_m2_74_texture_satinrail_w5_s16_i5_cap45,satin_rail,0,1,0,off_mask_increase,-33.30252996,flat_icon_fill,1.0,0.0,0.2730712890625,0.0055694580078125,0.0203956191327671,76,18,40,0.13197661,0.05602895,0.07594766,10,6,4.0,2,1,1.0,1.6269,0.0,1.6269,0,0,0.0,0.997262,0.994021,0.003241,0.893422,0.927864,-0.034442,54.0,55.0,-1.0,0.0,0.0,0.0,0.0,0.0,0.0,49.0,0.0,49.0,0.0,0.0,0.0,0.0,0.0,0.0,0.598,0.11,0.488,0,base_keep,base_keep,0,satin_like,reject,reject,0.4492141,-0.06028776,-0.02493436,-0.01078955,-0.0232262,-0.01993754,-0.0084518,-0.00380119,0.4492141,reject,keep_selector_prediction,0.45301529,0,,
omj_010,OpenMoji,seedling,full,public_benchmark_v1,base_keep,results\public_benchmark_v1_ext33_m2_72_line_skeleton_profile,base_keep,1,0,1,base_keep,0.0,line_text_skeleton,1.0,1.1,0.0703582763671875,0.0048370361328125,0.0687486445456517,55,15,95,0.04749282,0.04749282,0.0,5,5,0.0,1,1,0.0,0.0,0.0,0.0,0,0,0.0,0.999349,0.999349,0.0,0.751958,0.751958,0.0,0.0,0.0,0.0,0.0,0.0,0.0,0.0,0.0,0.0,0.0,0.0,0.0,0.0,0.0,0.0,0.0,0.0,0.0,0.0,0.0,0.0,1,base_keep,base_keep,0,base_keep,base_keep,base_keep,0.80187667,0.80187667,-0.04050038,-0.01247141,-0.05141539,-0.03758084,-0.02445751,-0.00782907,-1.89754071,base_keep,keep_selector_prediction,2.69941738,0,,
omj_010,OpenMoji,seedling,full,public_benchmark_v1,satinrail_safeadt_light,results\public_benchmark_v1_ext33_m2_73_texture_satinrail_safeadt_light,satin_rail,0,1,0,precision_drop_too_large,0.3321415,line_text_skeleton,1.0,1.1,0.0703582763671875,0.0048370361328125,0.0687486445456517,55,15,95,0.06423807,0.04749282,0.01674525,7,5,2.0,1,1,0.0,0.0,0.0,0.0,0,0,0.0,0.999566,0.999349,0.000217,0.689351,0.751958,-0.062607,45.0,0.0,45.0,0.0,0.0,0.0,0.0,0.0,0.0,83.0,0.0,83.0,0.0,0.0,0.0,0.0,0.0,0.0,0.92,0.0,0.92,0,base_keep,base_keep,0,satin_like,reject,reject,0.30754849,-0.06897504,-0.00613637,0.01305843,-0.01572088,-0.01242609,-0.00866672,-0.00538285,0.30754849,reject,keep_selector_prediction,0.29449006,0,,
omj_010,OpenMoji,seedling,full,public_benchmark_v1,dtsatin_safeadt_light,results\public_benchmark_v1_ext33_m2_73_texture_dtsatin_safeadt_light,dt_satin,0,1,0,precision_drop_too_large,-0.20849668,line_text_skeleton,1.0,1.1,0.0703582763671875,0.0048370361328125,0.0687486445456517,55,15,95,0.0701611,0.04749282,0.02266828,7,5,2.0,2,1,1.0,0.0,0.0,0.0,0,0,0.0,0.999783,0.999349,0.000434,0.694173,0.751958,-0.057785,45.0,0.0,45.0,0.0,0.0,0.0,0.0,0.0,0.0,0.0,0.0,0.0,41.0,0.0,41.0,0.0,0.0,0.0,0.5,0.0,0.5,0,base_keep,base_keep,0,satin_like,reject,reject,0.40240195,-0.06306477,-0.01341914,0.00700221,-0.02997611,-0.02165929,-0.0085807,-0.00615231,0.40240195,reject,keep_selector_prediction,0.39539974,0,,
omj_010,OpenMoji,seedling,full,public_benchmark_v1,satinrail_w4_s18_i4_cap40,results\public_benchmark_v1_ext33_m2_74_texture_satinrail_w4_s18_i4_cap40,satin_rail,0,1,0,precision_drop_too_large,-0.05442266,line_text_skeleton,1.0,1.1,0.0703582763671875,0.0048370361328125,0.0687486445456517,55,15,95,0.06418643,0.04749282,0.01669361,7,5,2.0,1,1,0.0,0.0,0.0,0.0,0,0,0.0,0.999349,0.999349,0.0,0.693871,0.751958,-0.058087,45.0,0.0,45.0,0.0,0.0,0.0,0.0,0.0,0.0,43.0,0.0,43.0,0.0,0.0,0.0,0.0,0.0,0.0,0.52,0.0,0.52,0,base_keep,base_keep,0,satin_like,reject,reject,0.38583237,-0.06403656,-0.01095939,0.00539267,-0.02547505,-0.02082902,-0.00868465,-0.00575572,0.38583237,reject,keep_selector_prediction,0.3804397,0,,
omj_010,OpenMoji,seedling,full,public_benchmark_v1,satinrail_w5_s16_i5_cap45,results\public_benchmark_v1_ext33_m2_74_texture_satinrail_w5_s16_i5_cap45,satin_rail,0,1,0,precision_drop_too_large,-0.37716158,line_text_skeleton,1.0,1.1,0.0703582763671875,0.0048370361328125,0.0687486445456517,55,15,95,0.07018475,0.04749282,0.02269193,7,5,2.0,2,1,1.0,0.0,0.0,0.0,0,0,0.0,0.999349,0.999349,0.0,0.698288,0.751958,-0.05367,45.0,0.0,45.0,0.0,0.0,0.0,0.0,0.0,0.0,23.0,0.0,23.0,0.0,0.0,0.0,0.0,0.0,0.0,0.32,0.0,0.32,0,base_keep,base_keep,0,satin_like,reject,reject,0.43867984,-0.0607834,-0.01564966,0.00372699,-0.03459791,-0.02567672,-0.00857674,-0.00638451,0.43867984,reject,keep_selector_prediction,0.43495285,0,,
qd_001,QuickDraw,cat,core,public_benchmark_v1,base_keep,results\public_benchmark_v1_ext33_m2_72_line_skeleton_profile,base_keep,1,0,1,base_keep,0.0,line_text_skeleton,1.0,1.25,0.11578369140625,0.01983642578125,0.1713231418028466,44,15,621,0.09782929,0.09782929,0.0,11,11,0.0,1,1,0.0,0.0,0.0,0.0,0,0,0.0,0.947944,0.947944,0.0,0.677754,0.677754,0.0,124.0,124.0,0.0,0.0,0.0,0.0,0.0,0.0,0.0,0.0,0.0,0.0,0.0,0.0,0.0,0.0,0.0,0.0,0.248,0.248,0.0,1,base_keep,base_keep,0,base_keep,base_keep,base_keep,0.80827459,0.80827459,-0.04585304,-0.01328234,-0.07091168,-0.05142389,-0.02461924,-0.00913496,-1.7939199,base_keep,keep_selector_prediction,2.60219449,0,,
qd_001,QuickDraw,cat,core,public_benchmark_v1,satinrail_safeadt_light,results\public_benchmark_v1_ext33_m2_73_texture_satinrail_safeadt_light,satin_rail,0,1,0,excluded_source,-1.9820923,line_text_skeleton,1.0,1.25,0.11578369140625,0.01983642578125,0.1713231418028466,44,15,621,0.21640484,0.09782929,0.11857555,23,11,12.0,4,1,3.0,0.0,0.0,0.0,0,0,0.0,1.0,0.947944,0.052056,0.300837,0.677754,-0.376917,127.0,124.0,3.0,0.0,0.0,0.0,0.0,0.0,0.0,185.0,0.0,185.0,0.0,0.0,0.0,0.0,0.0,0.0,2.104,0.248,1.856,0,base_keep,base_keep,0,satin_like,reject,reject,0.46044298,-0.06058797,-0.01951894,-0.00814604,-0.03288102,-0.02269779,-0.00749034,-0.00365697,0.46044298,reject,keep_selector_prediction,0.46409995,0,,
qd_001,QuickDraw,cat,core,public_benchmark_v1,dtsatin_safeadt_light,results\public_benchmark_v1_ext33_m2_73_texture_dtsatin_safeadt_light,dt_satin,0,1,0,excluded_source,-1.83435344,line_text_skeleton,1.0,1.25,0.11578369140625,0.01983642578125,0.1713231418028466,44,15,621,0.21603903,0.09782929,0.11820974,23,11,12.0,4,1,3.0,0.0,0.0,0.0,0,0,0.0,1.0,0.947944,0.052056,0.302685,0.677754,-0.375069,127.0,124.0,3.0,0.0,0.0,0.0,0.0,0.0,0.0,0.0,0.0,0.0,199.0,0.0,199.0,0.0,0.0,0.0,2.244,0.248,1.996,0,base_keep,base_keep,0,satin_like,reject,reject,0.43297321,-0.06232268,-0.01781862,-0.00516983,-0.02952812,-0.01990369,-0.00747825,-0.00359886,0.43297321,reject,keep_selector_prediction,0.43657207,0,,
qd_001,QuickDraw,cat,core,public_benchmark_v1,satinrail_w4_s18_i4_cap40,results\public_benchmark_v1_ext33_m2_74_texture_satinrail_w4_s18_i4_cap40,satin_rail,0,1,0,excluded_source,-2.93304226,line_text_skeleton,1.0,1.25,0.11578369140625,0.01983642578125,0.1713231418028466,44,15,621,0.216135,0.09782929,0.11830571,23,11,12.0,4,1,3.0,0.0,0.0,0.0,0,0,0.0,1.0,0.947944,0.052056,0.303314,0.677754,-0.37444,127.0,124.0,3.0,0.0,0.0,0.0,0.0,0.0,0.0,89.0,0.0,89.0,0.0,0.0,0.0,0.0,0.0,0.0,1.144,0.248,0.896,0,base_keep,base_keep,0,satin_like,reject,reject,0.64434759,-0.04895891,-0.03084905,-0.02713082,-0.0555281,-0.04195145,-0.00758007,-0.00430013,0.64434759,reject,keep_selector_prediction,0.64864772,0,,
qd_001,QuickDraw,cat,core,public_benchmark_v1,satinrail_w5_s16_i5_cap45,results\public_benchmark_v1_ext33_m2_74_texture_satinrail_w5_s16_i5_cap45,satin_rail,0,1,0,excluded_source,-2.68832698,line_text_skeleton,1.0,1.25,0.11578369140625,0.01983642578125,0.1713231418028466,44,15,621,0.21613512,0.09782929,0.11830583,23,11,12.0,4,1,3.0,0.0,0.0,0.0,0,0,0.0,1.0,0.947944,0.052056,0.304886,0.677754,-0.372868,127.0,124.0,3.0,0.0,0.0,0.0,0.0,0.0,0.0,113.0,0.0,113.0,0.0,0.0,0.0,0.0,0.0,0.0,1.384,0.248,1.136,0,base_keep,base_keep,0,satin_like,reject,reject,0.59899744,-0.05183159,-0.02805565,-0.02223357,-0.0499875,-0.03732121,-0.00754864,-0.00419737,0.59899744,reject,keep_selector_prediction,0.60319481,0,,
qd_002,QuickDraw,dog,core,public_benchmark_v1,base_keep,results\public_benchmark_v1_ext33_m2_72_line_skeleton_profile,base_keep,1,0,1,base_keep,0.0,line_text_skeleton,1.0,1.25,0.125762939453125,0.0191192626953125,0.15202620723125454,43,23,227,0.07256709,0.07256709,0.0,8,8,0.0,1,1,0.0,0.0,0.0,0.0,0,0,0.0,0.99175,0.99175,0.0,0.723491,0.723491,0.0,138.0,138.0,0.0,0.0,0.0,0.0,0.0,0.0,0.0,0.0,0.0,0.0,0.0,0.0,0.0,0.0,0.0,0.0,0.276,0.276,0.0,1,base_keep,base_keep,0,base_keep,base_keep,base_keep,0.80308157,0.80308157,-0.04143777,-0.01066647,-0.05356885,-0.0405264,-0.02532755,-0.00847221,-1.88444348,base_keep,keep_selector_prediction,2.68752505,0,,
qd_002,QuickDraw,dog,core,public_benchmark_v1,satinrail_safeadt_light,results\public_benchmark_v1_ext33_m2_73_texture_satinrail_safeadt_light,satin_rail,0,1,0,excluded_source,-1.72181546,line_text_skeleton,1.0,1.25,0.125762939453125,0.0191192626953125,0.15202620723125454,43,23,227,0.145717,0.07256709,0.07314991,16,8,8.0,2,1,1.0,0.0,0.0,0.0,0,0,0.0,1.0,0.99175,0.00825,0.359019,0.723491,-0.364472,120.0,138.0,-18.0,0.0,0.0,0.0,0.0,0.0,0.0,113.0,0.0,113.0,0.0,0.0,0.0,0.0,0.0,0.0,1.37,0.276,1.094,0,base_keep,base_keep,0,satin_like,reject,reject,0.37144885,-0.06485145,-0.0114048,-0.01064687,-0.01849686,-0.00985041,-0.0094103,-0.00103766,0.37144885,reject,keep_selector_prediction,0.37248651,0,,
qd_002,QuickDraw,dog,core,public_benchmark_v1,dtsatin_safeadt_light,results\public_benchmark_v1_ext33_m2_73_texture_dtsatin_safeadt_light,dt_satin,0,1,0,excluded_source,-1.72397906,line_text_skeleton,1.0,1.25,0.125762939453125,0.0191192626953125,0.15202620723125454,43,23,227,0.1457266,0.07256709,0.07315951,16,8,8.0,2,1,1.0,0.0,0.0,0.0,0,0,0.0,1.0,0.99175,0.00825,0.358317,0.723491,-0.365174,120.0,138.0,-18.0,0.0,0.0,0.0,0.0,0.0,0.0,0.0,0.0,0.0,113.0,0.0,113.0,0.0,0.0,0.0,1.37,0.276,1.094,0,base_keep,base_keep,0,satin_like,reject,reject,0.3712028,-0.06486514,-0.01138916,-0.01069329,-0.01845192,-0.00978565,-0.00941354,-0.00101826,0.3712028,reject,keep_selector_prediction,0.37222106,0,,
qd_002,QuickDraw,dog,core,public_benchmark_v1,satinrail_w4_s18_i4_cap40,results\public_benchmark_v1_ext33_m2_74_texture_satinrail_w4_s18_i4_cap40,satin_rail,0,1,0,excluded_source,-2.11803266,line_text_skeleton,1.0,1.25,0.125762939453125,0.0191192626953125,0.15202620723125454,43,23,227,0.1377042,0.07256709,0.06513711,15,8,7.0,2,1,1.0,0.0,0.0,0.0,0,0,0.0,1.0,0.99175,0.00825,0.360921,0.723491,-0.36257,120.0,138.0,-18.0,0.0,0.0,0.0,0.0,0.0,0.0,53.0,0.0,53.0,0.0,0.0,0.0,0.0,0.0,0.0,0.77,0.276,0.494,0,base_keep,base_keep,0,satin_like,reject,reject,0.45636436,-0.05930947,-0.01666794,-0.02081821,-0.02904369,-0.01760018,-0.00970217,-0.00092023,0.45636436,reject,keep_selector_prediction,0.45728459,0,,
qd_002,QuickDraw,dog,core,public_benchmark_v1,satinrail_w5_s16_i5_cap45,results\public_benchmark_v1_ext33_m2_74_texture_satinrail_w5_s16_i5_cap45,satin_rail,0,1,0,excluded_source,-1.90469306,line_text_skeleton,1.0,1.25,0.125762939453125,0.0191192626953125,0.15202620723125454,43,23,227,0.1376946,0.07256709,0.06512751,15,8,7.0,2,1,1.0,0.0,0.0,0.0,0,0,0.0,1.0,0.99175,0.00825,0.362015,0.723491,-0.361476,120.0,138.0,-18.0,0.0,0.0,0.0,0.0,0.0,0.0,74.0,0.0,74.0,0.0,0.0,0.0,0.0,0.0,0.0,0.98,0.276,0.704,0,base_keep,base_keep,0,satin_like,reject,reject,0.41653282,-0.06183152,-0.01421393,-0.01654951,-0.02417072,-0.01351589,-0.00967637,-0.00082161,0.41653282,reject,keep_selector_prediction,0.41735443,0,,
qd_003,QuickDraw,fish,core,public_benchmark_v1,base_keep,results\public_benchmark_v1_ext33_m2_72_line_skeleton_profile,base_keep,1,0,1,base_keep,0.0,line_text_skeleton,1.0,1.25,0.076995849609375,0.0140228271484375,0.18212445501387237,33,15,326,0.08072917,0.08072917,0.0,9,9,0.0,1,1,0.0,0.0,0.0,0.0,0,0,0.0,0.999009,0.999009,0.0,0.753738,0.753738,0.0,0.0,0.0,0.0,0.0,0.0,0.0,0.0,0.0,0.0,0.0,0.0,0.0,0.0,0.0,0.0,0.0,0.0,0.0,0.0,0.0,0.0,1,base_keep,base_keep,0,base_keep,base_keep,base_keep,0.80926152,0.80926152,-0.04833208,-0.01929915,-0.06708443,-0.0559815,-0.02344262,-0.01012558,-1.76905407,base_keep,keep_selector_prediction,2.57831559,0,,
qd_003,QuickDraw,fish,core,public_benchmark_v1,satinrail_safeadt_light,results\public_benchmark_v1_ext33_m2_73_texture_satinrail_safeadt_light,satin_rail,0,1,0,excluded_source,-0.28360982,line_text_skeleton,1.0,1.25,0.076995849609375,0.0140228271484375,0.18212445501387237,33,15,326,0.08122564,0.08072917,0.00049647,9,9,0.0,1,1,0.0,0.0,0.0,0.0,0,0,0.0,1.0,0.999009,0.000991,0.310867,0.753738,-0.442871,63.0,0.0,63.0,0.0,0.0,0.0,0.0,0.0,0.0,92.0,0.0,92.0,0.0,0.0,0.0,0.0,0.0,0.0,1.046,0.0,1.046,0,base_keep,base_keep,0,satin_like,reject,reject,0.19631328,-0.07526574,0.0011277,-0.01222596,0.00626809,0.01833319,-0.0100426,0.00435904,0.19631328,reject,keep_selector_prediction,0.17798009,0,,
qd_003,QuickDraw,fish,core,public_benchmark_v1,dtsatin_safeadt_light,results\public_benchmark_v1_ext33_m2_73_texture_dtsatin_safeadt_light,dt_satin,0,1,0,excluded_source,-0.27337654,line_text_skeleton,1.0,1.25,0.076995849609375,0.0140228271484375,0.18212445501387237,33,15,326,0.08123476,0.08072917,0.00050559,9,9,0.0,1,1,0.0,0.0,0.0,0.0,0,0,0.0,1.0,0.999009,0.000991,0.310963,0.753738,-0.442775,63.0,0.0,63.0,0.0,0.0,0.0,0.0,0.0,0.0,0.0,0.0,0.0,93.0,0.0,93.0,0.0,0.0,0.0,1.056,0.0,1.056,0,base_keep,base_keep,0,satin_like,reject,reject,0.1944706,-0.07538276,0.00124094,-0.01202146,0.00649212,0.01851847,-0.01004086,0.00436183,0.1944706,reject,keep_selector_prediction,0.17595213,0,,
qd_003,QuickDraw,fish,core,public_benchmark_v1,satinrail_w4_s18_i4_cap40,results\public_benchmark_v1_ext33_m2_74_texture_satinrail_w4_s18_i4_cap40,satin_rail,0,1,0,excluded_source,-13.35175496,line_text_skeleton,1.0,1.25,0.076995849609375,0.0140228271484375,0.18212445501387237,33,15,326,0.09528133,0.08072917,0.01455216,9,9,0.0,1,1,0.0,0.625,0.0,0.625,0,0,0.0,1.0,0.999009,0.000991,0.31293,0.753738,-0.440808,63.0,0.0,63.0,0.0,0.0,0.0,0.0,0.0,0.0,43.0,0.0,43.0,0.0,0.0,0.0,0.0,0.0,0.0,0.556,0.0,0.556,0,base_keep,base_keep,0,satin_like,reject,reject,0.31970028,-0.06762535,-0.00697205,-0.02300013,-0.00826054,0.00448154,-0.00988084,0.00271444,0.31970028,reject,keep_selector_prediction,0.31521874,0,,
qd_003,QuickDraw,fish,core,public_benchmark_v1,satinrail_w5_s16_i5_cap45,results\public_benchmark_v1_ext33_m2_74_texture_satinrail_w5_s16_i5_cap45,satin_rail,0,1,0,excluded_source,-0.5943469,line_text_skeleton,1.0,1.25,0.076995849609375,0.0140228271484375,0.18212445501387237,33,15,326,0.08120982,0.08072917,0.00048065,9,9,0.0,1,1,0.0,0.0,0.0,0.0,0,0,0.0,1.0,0.999009,0.000991,0.313923,0.753738,-0.439815,63.0,0.0,63.0,0.0,0.0,0.0,0.0,0.0,0.0,60.0,0.0,60.0,0.0,0.0,0.0,0.0,0.0,0.0,0.726,0.0,0.726,0,base_keep,base_keep,0,satin_like,reject,reject,0.25879406,-0.07132303,-0.00272583,-0.01842387,-0.00147718,0.01165654,-0.01005909,0.00407594,0.25879406,reject,keep_selector_prediction,0.24713752,0,,
qd_004,QuickDraw,flower,core,public_benchmark_v1,base_keep,results\public_benchmark_v1_ext33_m2_72_line_skeleton_profile,base_keep,1,0,1,base_keep,0.0,line_text_skeleton,1.0,1.25,0.089996337890625,0.0146026611328125,0.16225839267548323,49,24,145,0.07237638,0.07237638,0.0,8,8,0.0,1,1,0.0,0.0,0.0,0.0,0,0,0.0,0.998644,0.998644,0.0,0.772864,0.772864,0.0,0.0,0.0,0.0,0.0,0.0,0.0,0.0,0.0,0.0,0.0,0.0,0.0,0.0,0.0,0.0,0.0,0.0,0.0,0.0,0.0,0.0,1,base_keep,base_keep,0,base_keep,base_keep,base_keep,0.80784868,0.80784868,-0.0468606,-0.01626887,-0.06461561,-0.05330807,-0.02359907,-0.01010983,-1.79341929,base_keep,keep_selector_prediction,2.60126797,0,,
qd_004,QuickDraw,flower,core,public_benchmark_v1,satinrail_safeadt_light,results\public_benchmark_v1_ext33_m2_73_texture_satinrail_safeadt_light,satin_rail,0,1,0,excluded_source,-1.18336266,line_text_skeleton,1.0,1.25,0.089996337890625,0.0146026611328125,0.16225839267548323,49,24,145,0.12047599,0.07237638,0.04809961,13,8,5.0,2,1,1.0,0.0,0.0,0.0,0,0,0.0,1.0,0.998644,0.001356,0.315705,0.772864,-0.457159,92.0,0.0,92.0,0.0,0.0,0.0,0.0,0.0,0.0,114.0,0.0,114.0,0.0,0.0,0.0,0.0,0.0,0.0,1.324,0.0,1.324,0,base_keep,base_keep,0,satin_like,reject,reject,0.28554185,-0.0704488,-0.0057246,-0.01130475,-0.00711652,0.0047502,-0.00887947,0.00176742,0.28554185,reject,keep_selector_prediction,0.28079165,0,,
qd_004,QuickDraw,flower,core,public_benchmark_v1,dtsatin_safeadt_light,results\public_benchmark_v1_ext33_m2_73_texture_dtsatin_safeadt_light,dt_satin,0,1,0,excluded_source,-1.18543338,line_text_skeleton,1.0,1.25,0.089996337890625,0.0146026611328125,0.16225839267548323,49,24,145,0.12058461,0.07237638,0.04820823,13,8,5.0,2,1,1.0,0.0,0.0,0.0,0,0,0.0,1.0,0.998644,0.001356,0.315232,0.772864,-0.457632,92.0,0.0,92.0,0.0,0.0,0.0,0.0,0.0,0.0,0.0,0.0,0.0,114.0,0.0,114.0,0.0,0.0,0.0,1.324,0.0,1.324,0,base_keep,base_keep,0,satin_like,reject,reject,0.28576421,-0.07043571,-0.00574055,-0.01135279,-0.00713845,0.00474205,-0.0088786,0.00177358,0.28576421,reject,keep_selector_prediction,0.28102216,0,,
qd_004,QuickDraw,flower,core,public_benchmark_v1,satinrail_w4_s18_i4_cap40,results\public_benchmark_v1_ext33_m2_74_texture_satinrail_w4_s18_i4_cap40,satin_rail,0,1,0,excluded_source,-1.76039446,line_text_skeleton,1.0,1.25,0.089996337890625,0.0146026611328125,0.16225839267548323,49,24,145,0.12049829,0.07237638,0.04812191,13,8,5.0,2,1,1.0,0.0,0.0,0.0,0,0,0.0,1.0,0.998644,0.001356,0.316739,0.772864,-0.456125,92.0,0.0,92.0,0.0,0.0,0.0,0.0,0.0,0.0,56.0,0.0,56.0,0.0,0.0,0.0,0.0,0.0,0.0,0.744,0.0,0.744,0,base_keep,base_keep,0,satin_like,reject,reject,0.39716892,-0.06339283,-0.01260599,-0.02283467,-0.020861,-0.00693029,-0.00893047,0.00137952,0.39716892,reject,keep_selector_prediction,0.3957894,0,,
qd_004,QuickDraw,flower,core,public_benchmark_v1,satinrail_w5_s16_i5_cap45,results\public_benchmark_v1_ext33_m2_74_texture_satinrail_w5_s16_i5_cap45,satin_rail,0,1,0,excluded_source,-1.61978294,line_text_skeleton,1.0,1.25,0.089996337890625,0.0146026611328125,0.16225839267548323,49,24,145,0.12045587,0.07237638,0.04807949,13,8,5.0,2,1,1.0,0.0,0.0,0.0,0,0,0.0,1.0,0.998644,0.001356,0.316858,0.772864,-0.456006,92.0,0.0,92.0,0.0,0.0,0.0,0.0,0.0,0.0,70.0,0.0,70.0,0.0,0.0,0.0,0.0,0.0,0.0,0.884,0.0,0.884,0,base_keep,base_keep,0,satin_like,reject,reject,0.37023206,-0.0650958,-0.01094488,-0.02002196,-0.01755061,-0.00412864,-0.00891741,0.00146513,0.37023206,reject,keep_selector_prediction,0.36876693,0,,
qd_005,QuickDraw,bicycle,core,public_benchmark_v1,base_keep,results\public_benchmark_v1_ext33_m2_72_line_skeleton_profile,base_keep,1,0,1,base_keep,0.0,line_text_skeleton,1.0,1.25,0.11505126953125,0.0187225341796875,0.16273209549071618,59,32,161,0.01639641,0.01639641,0.0,2,2,0.0,0,0,0.0,0.0,0.0,0.0,0,0,0.0,0.989125,0.989125,0.0,0.661522,0.661522,0.0,0.0,0.0,0.0,0.0,0.0,0.0,0.0,0.0,0.0,0.0,0.0,0.0,0.0,0.0,0.0,0.0,0.0,0.0,0.0,0.0,0.0,1,base_keep,base_keep,0,base_keep,base_keep,base_keep,0.79362881,0.79362881,-0.02988768,-0.01353555,-0.03104249,-0.01462231,-0.02577142,-0.00322723,-2.04208924,base_keep,keep_selector_prediction,2.83571805,0,,
qd_005,QuickDraw,bicycle,core,public_benchmark_v1,satinrail_safeadt_light,results\public_benchmark_v1_ext33_m2_73_texture_satinrail_safeadt_light,satin_rail,0,1,0,excluded_source,-26.31166484,line_text_skeleton,1.0,1.25,0.11505126953125,0.0187225341796875,0.16273209549071618,59,32,161,0.16964605,0.01639641,0.15324964,15,2,13.0,3,0,3.0,1.1762,0.0,1.1762,0,0,0.0,1.0,0.989125,0.010875,0.342883,0.661522,-0.318639,103.0,0.0,103.0,0.0,0.0,0.0,0.0,0.0,0.0,111.0,0.0,111.0,0.0,0.0,0.0,0.0,0.0,0.0,1.316,0.0,1.316,0,base_keep,base_keep,0,satin_like,reject,reject,0.42898036,-0.06219874,-0.01691145,-0.0132845,-0.02647488,-0.01497938,-0.00775712,-0.00293881,0.42898036,reject,keep_selector_prediction,0.43191917,0,,
qd_005,QuickDraw,bicycle,core,public_benchmark_v1,dtsatin_safeadt_light,results\public_benchmark_v1_ext33_m2_73_texture_dtsatin_safeadt_light,dt_satin,0,1,0,excluded_source,-2.54336728,line_text_skeleton,1.0,1.25,0.11505126953125,0.0187225341796875,0.16273209549071618,59,32,161,0.14317229,0.01639641,0.12677588,15,2,13.0,3,0,3.0,0.0,0.0,0.0,0,0,0.0,1.0,0.989125,0.010875,0.351368,0.661522,-0.310154,103.0,0.0,103.0,0.0,0.0,0.0,0.0,0.0,0.0,0.0,0.0,0.0,117.0,0.0,117.0,0.0,0.0,0.0,1.376,0.0,1.376,0,base_keep,base_keep,0,satin_like,reject,reject,0.36685278,-0.06585745,-0.0121626,-0.00944595,-0.02030441,-0.00732023,-0.00808457,-0.00072598,0.36685278,reject,keep_selector_prediction,0.36757876,0,,
qd_005,QuickDraw,bicycle,core,public_benchmark_v1,satinrail_w4_s18_i4_cap40,results\public_benchmark_v1_ext33_m2_74_texture_satinrail_w4_s18_i4_cap40,satin_rail,0,1,0,excluded_source,-3.209319,line_text_skeleton,1.0,1.25,0.11505126953125,0.0187225341796875,0.16273209549071618,59,32,161,0.14319391,0.01639641,0.1267975,15,2,13.0,3,0,3.0,0.0,0.0,0.0,0,0,0.0,1.0,0.989125,0.010875,0.346094,0.661522,-0.315428,103.0,0.0,103.0,0.0,0.0,0.0,0.0,0.0,0.0,52.0,0.0,52.0,0.0,0.0,0.0,0.0,0.0,0.0,0.726,0.0,0.726,0,base_keep,base_keep,0,satin_like,reject,reject,0.48935039,-0.05809533,-0.01970748,-0.02277788,-0.03524925,-0.01977077,-0.00817415,-0.00097676,0.48935039,reject,keep_selector_prediction,0.49032715,0,,
qd_005,QuickDraw,bicycle,core,public_benchmark_v1,satinrail_w5_s16_i5_cap45,results\public_benchmark_v1_ext33_m2_74_texture_satinrail_w5_s16_i5_cap45,satin_rail,0,1,0,excluded_source,-3.04444262,line_text_skeleton,1.0,1.25,0.11505126953125,0.0187225341796875,0.16273209549071618,59,32,161,0.14320318,0.01639641,0.12680677,15,2,13.0,3,0,3.0,0.0,0.0,0.0,0,0,0.0,1.0,0.989125,0.010875,0.347738,0.661522,-0.313784,103.0,0.0,103.0,0.0,0.0,0.0,0.0,0.0,0.0,68.0,0.0,68.0,0.0,0.0,0.0,0.0,0.0,0.0,0.886,0.0,0.886,0,base_keep,base_keep,0,satin_like,reject,reject,0.45939174,-0.05999504,-0.017863,-0.01947647,-0.03160253,-0.01674771,-0.00814993,-0.00092589,0.45939174,reject,keep_selector_prediction,0.46031763,0,,
qd_006,QuickDraw,bird,full,public_benchmark_v1,base_keep,results\public_benchmark_v1_ext33_m2_72_line_skeleton_profile,base_keep,1,0,1,base_keep,0.0,line_text_skeleton,1.0,1.25,0.09210205078125,0.01605224609375,0.17428760768721008,47,27,204,0.06429324,0.06429324,0.0,7,7,0.0,1,1,0.0,0.0,0.0,0.0,0,0,0.0,0.909377,0.909377,0.0,0.672507,0.672507,0.0,0.0,0.0,0.0,0.0,0.0,0.0,0.0,0.0,0.0,0.0,0.0,0.0,0.0,0.0,0.0,0.0,0.0,0.0,0.0,0.0,0.0,1,base_keep,base_keep,0,base_keep,base_keep,base_keep,0.80433925,0.80433925,-0.04085544,-0.00794042,-0.0698478,-0.04050045,-0.02430184,-0.00717747,-1.8557286,base_keep,keep_selector_prediction,2.66006785,0,,
qd_006,QuickDraw,bird,full,public_benchmark_v1,satinrail_safeadt_light,results\public_benchmark_v1_ext33_m2_73_texture_satinrail_safeadt_light,satin_rail,0,1,0,excluded_source,0.1572616,line_text_skeleton,1.0,1.25,0.09210205078125,0.01605224609375,0.17428760768721008,47,27,204,0.08112114,0.06429324,0.0168279,9,7,2.0,1,1,0.0,0.0,0.0,0.0,0,0,0.0,1.0,0.909377,0.090623,0.328168,0.672507,-0.344339,75.0,0.0,75.0,0.0,0.0,0.0,0.0,0.0,0.0,126.0,0.0,126.0,0.0,0.0,0.0,0.0,0.0,0.0,1.41,0.0,1.41,0,base_keep,base_keep,0,satin_like,reject,reject,0.13313773,-0.07930998,0.00500624,-0.0038282,0.01366573,0.02392945,-0.00992309,0.00409598,0.13313773,reject,keep_selector_prediction,0.10920828,0,,
qd_006,QuickDraw,bird,full,public_benchmark_v1,dtsatin_safeadt_light,results\public_benchmark_v1_ext33_m2_73_texture_dtsatin_safeadt_light,dt_satin,0,1,0,excluded_source,0.1882018,line_text_skeleton,1.0,1.25,0.09210205078125,0.01605224609375,0.17428760768721008,47,27,204,0.08109844,0.06429324,0.0168052,9,7,2.0,1,1,0.0,0.0,0.0,0.0,0,0,0.0,1.0,0.909377,0.090623,0.328436,0.672507,-0.344071,75.0,0.0,75.0,0.0,0.0,0.0,0.0,0.0,0.0,0.0,0.0,0.0,129.0,0.0,129.0,0.0,0.0,0.0,1.44,0.0,1.44,0,base_keep,base_keep,0,satin_like,reject,reject,0.12741143,-0.07967242,0.00535946,-0.00320775,0.01436484,0.02451265,-0.00991948,0.00410832,0.12741143,reject,keep_selector_prediction,0.10289878,0,,
qd_006,QuickDraw,bird,full,public_benchmark_v1,satinrail_w4_s18_i4_cap40,results\public_benchmark_v1_ext33_m2_74_texture_satinrail_w4_s18_i4_cap40,satin_rail,0,1,0,excluded_source,-0.51400016,line_text_skeleton,1.0,1.25,0.09210205078125,0.01605224609375,0.17428760768721008,47,27,204,0.0896926,0.06429324,0.02539936,10,7,3.0,1,1,0.0,0.0,0.0,0.0,0,0,0.0,1.0,0.909377,0.090623,0.331557,0.672507,-0.34095,75.0,0.0,75.0,0.0,0.0,0.0,0.0,0.0,0.0,78.0,0.0,78.0,0.0,0.0,0.0,0.0,0.0,0.0,0.93,0.0,0.93,0,base_keep,base_keep,0,satin_like,reject,reject,0.2593989,-0.0715246,-0.00276526,-0.01499611,-0.00188386,0.00933344,-0.00969384,0.00312515,0.2593989,reject,keep_selector_prediction,0.25006546,0,,
qd_006,QuickDraw,bird,full,public_benchmark_v1,satinrail_w5_s16_i5_cap45,results\public_benchmark_v1_ext33_m2_74_texture_satinrail_w5_s16_i5_cap45,satin_rail,0,1,0,excluded_source,-0.34932988,line_text_skeleton,1.0,1.25,0.09210205078125,0.01605224609375,0.17428760768721008,47,27,204,0.08960922,0.06429324,0.02531598,10,7,3.0,1,1,0.0,0.0,0.0,0.0,0,0,0.0,1.0,0.909377,0.090623,0.332947,0.672507,-0.33956,75.0,0.0,75.0,0.0,0.0,0.0,0.0,0.0,0.0,94.0,0.0,94.0,0.0,0.0,0.0,0.0,0.0,0.0,1.09,0.0,1.09,0,base_keep,base_keep,0,satin_like,reject,reject,0.22898599,-0.07345026,-0.00089019,-0.01169574,0.00182825,0.01242866,-0.00967366,0.00318954,0.22898599,reject,keep_selector_prediction,0.21655733,0,,
qd_007,QuickDraw,moon,full,public_benchmark_v1,base_keep,results\public_benchmark_v1_ext33_m2_72_line_skeleton_profile,base_keep,1,0,1,base_keep,0.0,line_text_skeleton,1.0,1.25,0.123199462890625,0.0229644775390625,0.18640079266782264,46,27,230,0.11418719,0.11418719,0.0,13,13,0.0,1,1,0.0,0.0,0.0,0.0,0,0,0.0,0.999505,0.999505,0.0,0.744259,0.744259,0.0,0.0,0.0,0.0,0.0,0.0,0.0,0.0,0.0,0.0,0.0,0.0,0.0,0.0,0.0,0.0,0.0,0.0,0.0,0.0,0.0,0.0,1,base_keep,base_keep,0,base_keep,base_keep,base_keep,0.81643654,0.81643654,-0.05594475,-0.02700467,-0.08191646,-0.0733631,-0.02247811,-0.01211105,-1.6443421,base_keep,keep_selector_prediction,2.46077864,0,,
qd_007,QuickDraw,moon,full,public_benchmark_v1,satinrail_safeadt_light,results\public_benchmark_v1_ext33_m2_73_texture_satinrail_safeadt_light,satin_rail,0,1,0,excluded_source,-1.58281134,line_text_skeleton,1.0,1.25,0.123199462890625,0.0229644775390625,0.18640079266782264,46,27,230,0.21854308,0.11418719,0.10435589,24,13,11.0,3,1,2.0,0.0,0.0,0.0,0,0,0.0,1.0,0.999505,0.000495,0.299037,0.744259,-0.445222,124.0,0.0,124.0,0.0,0.0,0.0,0.0,0.0,0.0,198.0,0.0,198.0,0.0,0.0,0.0,0.0,0.0,0.0,2.228,0.0,2.228,0,base_keep,base_keep,0,satin_like,reject,reject,0.47219427,-0.06070828,-0.01843392,-0.01158749,-0.03165719,-0.02642872,-0.00598341,-0.00379575,0.47219427,reject,keep_selector_prediction,0.47599002,0,,
qd_007,QuickDraw,moon,full,public_benchmark_v1,dtsatin_safeadt_light,results\public_benchmark_v1_ext33_m2_73_texture_dtsatin_safeadt_light,dt_satin,0,1,0,excluded_source,-1.66665116,line_text_skeleton,1.0,1.25,0.123199462890625,0.0229644775390625,0.18640079266782264,46,27,230,0.21860955,0.11418719,0.10442236,24,13,11.0,3,1,2.0,0.0,0.0,0.0,0,0,0.0,1.0,0.999505,0.000495,0.29789,0.744259,-0.446369,124.0,0.0,124.0,0.0,0.0,0.0,0.0,0.0,0.0,0.0,0.0,0.0,190.0,0.0,190.0,0.0,0.0,0.0,2.148,0.0,2.148,0,base_keep,base_keep,0,satin_like,reject,reject,0.48731297,-0.05975021,-0.01936621,-0.01327062,-0.03349382,-0.02794406,-0.00599504,-0.00381671,0.48731297,reject,keep_selector_prediction,0.49112968,0,,
qd_007,QuickDraw,moon,full,public_benchmark_v1,satinrail_w4_s18_i4_cap40,results\public_benchmark_v1_ext33_m2_74_texture_satinrail_w4_s18_i4_cap40,satin_rail,0,1,0,excluded_source,-2.79061066,line_text_skeleton,1.0,1.25,0.123199462890625,0.0229644775390625,0.18640079266782264,46,27,230,0.2186038,0.11418719,0.10441661,24,13,11.0,3,1,2.0,0.0,0.0,0.0,0,0,0.0,1.0,0.999505,0.000495,0.299892,0.744259,-0.444367,124.0,0.0,124.0,0.0,0.0,0.0,0.0,0.0,0.0,77.0,0.0,77.0,0.0,0.0,0.0,0.0,0.0,0.0,1.018,0.0,1.018,0,base_keep,base_keep,0,satin_like,reject,reject,0.70460132,-0.04601427,-0.03275997,-0.03572681,-0.06024584,-0.05067471,-0.00609594,-0.00456877,0.70460132,reject,keep_selector_prediction,0.70917009,0,,
qd_007,QuickDraw,moon,full,public_benchmark_v1,satinrail_w5_s16_i5_cap45,results\public_benchmark_v1_ext33_m2_74_texture_satinrail_w5_s16_i5_cap45,satin_rail,0,1,0,excluded_source,-2.38939836,line_text_skeleton,1.0,1.25,0.123199462890625,0.0229644775390625,0.18640079266782264,46,27,230,0.21848525,0.11418719,0.10429806,24,13,11.0,3,1,2.0,0.0,0.0,0.0,0,0,0.0,1.0,0.999505,0.000495,0.300059,0.744259,-0.4442,124.0,0.0,124.0,0.0,0.0,0.0,0.0,0.0,0.0,117.0,0.0,117.0,0.0,0.0,0.0,0.0,0.0,0.0,1.418,0.0,1.418,0,base_keep,base_keep,0,satin_like,reject,reject,0.62757933,-0.05088319,-0.02801016,-0.02770199,-0.05077664,-0.04265418,-0.00605942,-0.0043194,0.62757933,reject,keep_selector_prediction,0.63189873,0,,
qd_008,QuickDraw,star,full,public_benchmark_v1,base_keep,results\public_benchmark_v1_ext33_m2_72_line_skeleton_profile,base_keep,1,0,1,base_keep,0.0,line_text_skeleton,1.0,1.25,0.090057373046875,0.0154266357421875,0.17129786513046424,26,11,374,0.03308916,0.03308916,0.0,4,4,0.0,0,0,0.0,0.0,0.0,0.0,0,0,0.0,0.990681,0.990681,0.0,0.733626,0.733626,0.0,106.0,106.0,0.0,0.0,0.0,0.0,0.0,0.0,0.0,0.0,0.0,0.0,0.0,0.0,0.0,0.0,0.0,0.0,0.212,0.212,0.0,1,base_keep,base_keep,0,base_keep,base_keep,base_keep,0.79605672,0.79605672,-0.03255812,-0.00668584,-0.0368366,-0.02466719,-0.02604901,-0.00619185,-2.00483373,base_keep,keep_selector_prediction,2.80089045,0,,
qd_008,QuickDraw,star,full,public_benchmark_v1,satinrail_safeadt_light,results\public_benchmark_v1_ext33_m2_73_texture_satinrail_safeadt_light,satin_rail,0,1,0,excluded_source,-3.9938207,line_text_skeleton,1.0,1.25,0.090057373046875,0.0154266357421875,0.17129786513046424,26,11,374,0.19304261,0.03308916,0.15995345,21,4,17.0,3,0,3.0,0.0,0.0,0.0,0,0,0.0,1.0,0.990681,0.009319,0.30738,0.733626,-0.426246,109.0,106.0,3.0,0.0,0.0,0.0,0.0,0.0,0.0,107.0,0.0,107.0,0.0,0.0,0.0,0.0,0.0,0.0,1.288,0.212,1.076,0,base_keep,base_keep,0,satin_like,reject,reject,0.54253782,-0.05506651,-0.02312697,-0.02276431,-0.04065337,-0.03005069,-0.00797011,-0.00280799,0.54253782,reject,keep_selector_prediction,0.54534581,0,,
qd_008,QuickDraw,star,full,public_benchmark_v1,dtsatin_safeadt_light,results\public_benchmark_v1_ext33_m2_73_texture_dtsatin_safeadt_light,dt_satin,0,1,0,excluded_source,-3.89417374,line_text_skeleton,1.0,1.25,0.090057373046875,0.0154266357421875,0.17129786513046424,26,11,374,0.19303745,0.03308916,0.15994829,21,4,17.0,3,0,3.0,0.0,0.0,0.0,0,0,0.0,1.0,0.990681,0.009319,0.307252,0.733626,-0.426374,109.0,106.0,3.0,0.0,0.0,0.0,0.0,0.0,0.0,0.0,0.0,0.0,117.0,0.0,117.0,0.0,0.0,0.0,1.388,0.212,1.176,0,base_keep,base_keep,0,satin_like,reject,reject,0.52330701,-0.05628222,-0.02194148,-0.02077297,-0.03828653,-0.02804113,-0.0079611,-0.00274246,0.52330701,reject,keep_selector_prediction,0.52604947,0,,
qd_008,QuickDraw,star,full,public_benchmark_v1,satinrail_w4_s18_i4_cap40,results\public_benchmark_v1_ext33_m2_74_texture_satinrail_w4_s18_i4_cap40,satin_rail,0,1,0,excluded_source,-4.52648492,line_text_skeleton,1.0,1.25,0.090057373046875,0.0154266357421875,0.17129786513046424,26,11,374,0.19304648,0.03308916,0.15995732,21,4,17.0,3,0,3.0,0.0,0.0,0.0,0,0,0.0,1.0,0.990681,0.009319,0.309833,0.733626,-0.423793,109.0,106.0,3.0,0.0,0.0,0.0,0.0,0.0,0.0,53.0,0.0,53.0,0.0,0.0,0.0,0.0,0.0,0.0,0.748,0.212,0.536,0,base_keep,base_keep,0,satin_like,reject,reject,0.64700205,-0.04846733,-0.02956789,-0.03340107,-0.05354714,-0.04106487,-0.00801061,-0.00321056,0.64700205,reject,keep_selector_prediction,0.65021261,0,,
qd_008,QuickDraw,star,full,public_benchmark_v1,satinrail_w5_s16_i5_cap45,results\public_benchmark_v1_ext33_m2_74_texture_satinrail_w5_s16_i5_cap45,satin_rail,0,1,0,excluded_source,-4.40299142,line_text_skeleton,1.0,1.25,0.090057373046875,0.0154266357421875,0.17129786513046424,26,11,374,0.19305173,0.03308916,0.15996257,21,4,17.0,3,0,3.0,0.0,0.0,0.0,0,0,0.0,1.0,0.990681,0.009319,0.311008,0.733626,-0.422618,109.0,106.0,3.0,0.0,0.0,0.0,0.0,0.0,0.0,65.0,0.0,65.0,0.0,0.0,0.0,0.0,0.0,0.0,0.868,0.212,0.656,0,base_keep,base_keep,0,satin_like,reject,reject,0.62450325,-0.04989379,-0.02818258,-0.03092844,-0.05080711,-0.03879096,-0.00799279,-0.00317064,0.62450325,reject,keep_selector_prediction,0.62767389,0,,
txt_001,Rendered text,AI,core,public_benchmark_v1,base_keep,results\public_benchmark_v1_ext33_m2_72_line_skeleton_profile,base_keep,1,0,1,base_keep,0.0,line_text_skeleton,1.0,1.1,0.055633544921875,0.0037841796875,0.06801974766867801,26,6,79,0.008,0.008,0.0,1,1,0.0,0,0,0.0,0.0,0.0,0.0,0,0,0.0,0.996709,0.996709,0.0,0.836556,0.836556,0.0,31.0,31.0,0.0,0.0,0.0,0.0,0.0,0.0,0.0,0.0,0.0,0.0,0.0,0.0,0.0,0.0,0.0,0.0,0.062,0.062,0.0,1,base_keep,base_keep,0,base_keep,base_keep,base_keep,0.79482576,0.79482576,-0.03165087,5.148e-05,-0.0361907,-0.02542684,-0.02548447,-0.007556,-2.02099576,base_keep,keep_selector_prediction,2.81582152,0,,
txt_001,Rendered text,AI,core,public_benchmark_v1,satinrail_safeadt_light,results\public_benchmark_v1_ext33_m2_73_texture_satinrail_safeadt_light,satin_rail,0,1,0,precision_drop_too_large,-0.41865704,line_text_skeleton,1.0,1.1,0.055633544921875,0.0037841796875,0.06801974766867801,26,6,79,0.01623934,0.008,0.00823934,2,1,1.0,0,0,0.0,0.0,0.0,0.0,0,0,0.0,1.0,0.996709,0.003291,0.569955,0.836556,-0.266601,28.0,31.0,-3.0,0.0,0.0,0.0,0.0,0.0,0.0,58.0,0.0,58.0,0.0,0.0,0.0,0.0,0.0,0.0,0.636,0.062,0.574,0,base_keep,base_keep,0,satin_like,reject,reject,0.13529171,-0.07831911,0.00584245,0.00696304,0.01036456,0.01776722,-0.0110116,0.00109388,0.13529171,reject,keep_selector_prediction,0.11752449,0,,
txt_001,Rendered text,AI,core,public_benchmark_v1,dtsatin_safeadt_light,results\public_benchmark_v1_ext33_m2_73_texture_dtsatin_safeadt_light,dt_satin,0,1,0,precision_drop_too_large,-0.40087204,line_text_skeleton,1.0,1.1,0.055633544921875,0.0037841796875,0.06801974766867801,26,6,79,0.01623934,0.008,0.00823934,2,1,1.0,0,0,0.0,0.0,0.0,0.0,0,0,0.0,1.0,0.996709,0.003291,0.57255,0.836556,-0.264006,28.0,31.0,-3.0,0.0,0.0,0.0,0.0,0.0,0.0,0.0,0.0,0.0,59.0,0.0,59.0,0.0,0.0,0.0,0.646,0.062,0.584,0,base_keep,base_keep,0,satin_like,reject,reject,0.1344201,-0.07838191,0.00589352,0.00732872,0.01041583,0.01770929,-0.01099758,0.00102592,0.1344201,reject,keep_selector_prediction,0.11671081,0,,
txt_001,Rendered text,AI,core,public_benchmark_v1,satinrail_w4_s18_i4_cap40,results\public_benchmark_v1_ext33_m2_74_texture_satinrail_w4_s18_i4_cap40,satin_rail,0,1,0,precision_drop_too_large,-0.71464404,line_text_skeleton,1.0,1.1,0.055633544921875,0.0037841796875,0.06801974766867801,26,6,79,0.01623934,0.008,0.00823934,2,1,1.0,0,0,0.0,0.0,0.0,0.0,0,0,0.0,1.0,0.996709,0.003291,0.574626,0.836556,-0.26193,28.0,31.0,-3.0,0.0,0.0,0.0,0.0,0.0,0.0,27.0,0.0,27.0,0.0,0.0,0.0,0.0,0.0,0.0,0.326,0.062,0.264,0,base_keep,base_keep,0,satin_like,reject,reject,0.19656659,-0.07445779,0.00206119,0.0010656,0.00273206,0.01112181,-0.01101852,0.00076975,0.19656659,reject,keep_selector_prediction,0.18544478,0,,
txt_001,Rendered text,AI,core,public_benchmark_v1,satinrail_w5_s16_i5_cap45,results\public_benchmark_v1_ext33_m2_74_texture_satinrail_w5_s16_i5_cap45,satin_rail,0,1,0,precision_drop_too_large,-0.61491704,line_text_skeleton,1.0,1.1,0.055633544921875,0.0037841796875,0.06801974766867801,26,6,79,0.01623934,0.008,0.00823934,2,1,1.0,0,0,0.0,0.0,0.0,0.0,0,0,0.0,1.0,0.996709,0.003291,0.574535,0.836556,-0.262021,28.0,31.0,-3.0,0.0,0.0,0.0,0.0,0.0,0.0,37.0,0.0,37.0,0.0,0.0,0.0,0.0,0.0,0.0,0.426,0.062,0.364,0,base_keep,base_keep,0,satin_like,reject,reject,0.17737028,-0.07567153,0.00324439,0.00305846,0.00509363,0.01312509,-0.01100918,0.00083387,0.17737028,reject,keep_selector_prediction,0.16424519,0,,
txt_002,Rendered text,DST,core,public_benchmark_v1,base_keep,results\public_benchmark_v1_ext33_m2_72_line_skeleton_profile,base_keep,1,0,1,base_keep,0.0,line_text_skeleton,1.0,1.25,0.111724853515625,0.009368896484375,0.08385686970773013,27,9,198,0.04727158,0.04727158,0.0,5.0,5.0,0.0,1.0,1.0,0.0,0.0,0.0,0.0,0.0,0.0,0.0,0.972412,0.972412,0.0,0.845305,0.845305,0.0,50.0,50.0,0.0,0.0,0.0,0.0,0.0,0.0,0.0,0.0,0.0,0.0,0.0,0.0,0.0,0.0,0.0,0.0,0.1,0.1,0.0,1,base_keep,base_keep,0,base_keep,base_keep,base_keep,0.8027344,0.8027344,-0.04091599,0.00028079,-0.05957358,-0.04426807,-0.02452082,-0.01052406,-1.88435053,base_keep,keep_selector_prediction,2.68708493,0,,
txt_002,Rendered text,DST,core,public_benchmark_v1,satinrail_safeadt_light,results\public_benchmark_v1_ext33_m2_73_texture_satinrail_safeadt_light,satin_rail,0,1,0,precision_drop_too_large,0.153597,line_text_skeleton,1.0,1.25,0.111724853515625,0.009368896484375,0.08385686970773013,27,9,198,0.01621633,0.04727158,-0.03105525,2,5.0,-3.0,0,1.0,-1.0,0.0,0.0,0.0,0,0.0,0.0,1.0,0.972412,0.027588,0.588112,0.845305,-0.257193,40.0,50.0,-10.0,0.0,0.0,0.0,0.0,0.0,0.0,89.0,0.0,89.0,0.0,0.0,0.0,0.0,0.0,0.0,0.97,0.1,0.87,0,base_keep,base_keep,0,satin_like,reject,reject,0.0758052,-0.0820172,0.00943644,0.01511449,0.01728134,0.022997,-0.01109712,0.00079724,0.0758052,reject,keep_selector_prediction,0.0528082,0,,
txt_002,Rendered text,DST,core,public_benchmark_v1,dtsatin_safeadt_light,results\public_benchmark_v1_ext33_m2_73_texture_dtsatin_safeadt_light,dt_satin,0,1,0,precision_drop_too_large,0.203313,line_text_skeleton,1.0,1.25,0.111724853515625,0.009368896484375,0.08385686970773013,27,9,198,0.01621633,0.04727158,-0.03105525,2,5.0,-3.0,0,1.0,-1.0,0.0,0.0,0.0,0,0.0,0.0,1.0,0.972412,0.027588,0.584684,0.845305,-0.260621,40.0,50.0,-10.0,0.0,0.0,0.0,0.0,0.0,0.0,0.0,0.0,0.0,95.0,0.0,95.0,0.0,0.0,0.0,1.03,0.1,0.93,0,base_keep,base_keep,0,satin_like,reject,reject,0.06292979,-0.08282132,0.01023348,0.01609466,0.0189378,0.02453351,-0.01110847,0.00093205,0.06292979,reject,keep_selector_prediction,0.03839628,0,,
txt_002,Rendered text,DST,core,public_benchmark_v1,satinrail_w4_s18_i4_cap40,results\public_benchmark_v1_ext33_m2_74_texture_satinrail_w4_s18_i4_cap40,satin_rail,0,1,0,precision_drop_too_large,-0.305031,line_text_skeleton,1.0,1.25,0.111724853515625,0.009368896484375,0.08385686970773013,27,9,198,0.01621633,0.04727158,-0.03105525,2,5.0,-3.0,0,1.0,-1.0,0.0,0.0,0.0,0,0.0,0.0,1.0,0.972412,0.027588,0.595236,0.845305,-0.250069,40.0,50.0,-10.0,0.0,0.0,0.0,0.0,0.0,0.0,41.0,0.0,41.0,0.0,0.0,0.0,0.0,0.0,0.0,0.49,0.1,0.39,0,base_keep,base_keep,0,satin_like,reject,reject,0.17063876,-0.07604081,0.00358439,0.00597603,0.00547097,0.0127181,-0.01110839,0.00029845,0.17063876,reject,keep_selector_prediction,0.15792066,0,,
txt_002,Rendered text,DST,core,public_benchmark_v1,satinrail_w5_s16_i5_cap45,results\public_benchmark_v1_ext33_m2_74_texture_satinrail_w5_s16_i5_cap45,satin_rail,0,1,0,precision_drop_too_large,-0.123046,line_text_skeleton,1.0,1.25,0.111724853515625,0.009368896484375,0.08385686970773013,27,9,198,0.01621633,0.04727158,-0.03105525,2,5.0,-3.0,0,1.0,-1.0,0.0,0.0,0.0,0,0.0,0.0,1.0,0.972412,0.027588,0.599231,0.845305,-0.246074,40.0,50.0,-10.0,0.0,0.0,0.0,0.0,0.0,0.0,58.0,0.0,58.0,0.0,0.0,0.0,0.0,0.0,0.0,0.66,0.1,0.56,0,base_keep,base_keep,0,satin_like,reject,reject,0.13967508,-0.07801083,0.00548865,0.00962904,0.00919102,0.01571213,-0.01107164,0.00028895,0.13967508,reject,keep_selector_prediction,0.12396295,0,,
txt_003,Rendered text,WKU,full,public_benchmark_v1,base_keep,results\public_benchmark_v1_ext33_m2_72_line_skeleton_profile,base_keep,1,0,1,base_keep,0.0,line_text_skeleton,1.0,1.25,0.1407318115234375,0.01055908203125,0.07502981676244172,40,6,215,0.03294437,0.03294437,0.0,4,4,0.0,0,0,0.0,0.0,0.0,0.0,0,0,0.0,0.992627,0.992627,0.0,0.753064,0.753064,0.0,76.0,76.0,0.0,0.0,0.0,0.0,0.0,0.0,0.0,0.0,0.0,0.0,0.0,0.0,0.0,0.0,0.0,0.0,0.152,0.152,0.0,1,base_keep,base_keep,0,base_keep,base_keep,base_keep,0.7972636,0.7972636,-0.03394266,-0.00739591,-0.03972257,-0.02824876,-0.02563282,-0.00678706,-1.98198114,base_keep,keep_selector_prediction,2.77924474,0,,
txt_003,Rendered text,WKU,full,public_benchmark_v1,satinrail_safeadt_light,results\public_benchmark_v1_ext33_m2_73_texture_satinrail_safeadt_light,satin_rail,0,1,0,off_mask_increase,-20.80882388,line_text_skeleton,1.0,1.25,0.1407318115234375,0.01055908203125,0.07502981676244172,40,6,215,0.06470835,0.03294437,0.03176398,5,4,1.0,0,0,0.0,1.05,0.0,1.05,0,0,0.0,1.0,0.992627,0.007373,0.583402,0.753064,-0.169662,64.0,76.0,-12.0,0.0,0.0,0.0,0.0,0.0,0.0,105.0,0.0,105.0,0.0,0.0,0.0,0.0,0.0,0.0,1.178,0.152,1.026,0,base_keep,base_keep,0,satin_like,reject,reject,0.17413388,-0.07643828,0.00254044,0.01229339,0.00660262,0.00795279,-0.01029824,-0.002757,0.17413388,reject,keep_selector_prediction,0.16184049,0,,
txt_003,Rendered text,WKU,full,public_benchmark_v1,dtsatin_safeadt_light,results\public_benchmark_v1_ext33_m2_73_texture_dtsatin_safeadt_light,dt_satin,0,1,0,off_mask_increase,-20.50428088,line_text_skeleton,1.0,1.25,0.1407318115234375,0.01055908203125,0.07502981676244172,40,6,215,0.05658035,0.03294437,0.02363598,4,4,0.0,0,0,0.0,1.05,0.0,1.05,0,0,0.0,1.0,0.992627,0.007373,0.585327,0.753064,-0.167737,64.0,76.0,-12.0,0.0,0.0,0.0,0.0,0.0,0.0,0.0,0.0,0.0,115.0,0.0,115.0,0.0,0.0,0.0,1.278,0.152,1.126,0,base_keep,base_keep,0,satin_like,reject,reject,0.12450312,-0.07940282,0.00557249,0.01613315,0.01259884,0.01421887,-0.0105248,-0.00220174,0.12450312,reject,keep_selector_prediction,0.10836997,0,,
txt_003,Rendered text,WKU,full,public_benchmark_v1,satinrail_w4_s18_i4_cap40,results\public_benchmark_v1_ext33_m2_74_texture_satinrail_w4_s18_i4_cap40,satin_rail,0,1,0,off_mask_increase,-21.06227088,line_text_skeleton,1.0,1.25,0.1407318115234375,0.01055908203125,0.07502981676244172,40,6,215,0.05658035,0.03294437,0.02363598,4,4,0.0,0,0,0.0,1.05,0.0,1.05,0,0,0.0,1.0,0.992627,0.007373,0.585997,0.753064,-0.167067,64.0,76.0,-12.0,0.0,0.0,0.0,0.0,0.0,0.0,59.0,0.0,59.0,0.0,0.0,0.0,0.0,0.0,0.0,0.718,0.152,0.566,0,base_keep,base_keep,0,satin_like,reject,reject,0.23206702,-0.07260225,-0.00105755,0.00498337,-0.00063738,0.00298463,-0.01057634,-0.00256543,0.23206702,reject,keep_selector_prediction,0.22708365,0,,
txt_003,Rendered text,WKU,full,public_benchmark_v1,satinrail_w5_s16_i5_cap45,results\public_benchmark_v1_ext33_m2_74_texture_satinrail_w5_s16_i5_cap45,satin_rail,0,1,0,off_mask_increase,-20.88092988,line_text_skeleton,1.0,1.25,0.1407318115234375,0.01055908203125,0.07502981676244172,40,6,215,0.05658035,0.03294437,0.02363598,4,4,0.0,0,0,0.0,1.05,0.0,1.05,0,0,0.0,1.0,0.992627,0.007373,0.586444,0.753064,-0.16662,64.0,76.0,-12.0,0.0,0.0,0.0,0.0,0.0,0.0,77.0,0.0,77.0,0.0,0.0,0.0,0.0,0.0,0.0,0.898,0.152,0.746,0,base_keep,base_keep,0,satin_like,reject,reject,0.19775947,-0.07477325,0.00105643,0.00860955,0.00357009,0.00652995,-0.01055644,-0.00246745,0.19775947,reject,keep_selector_prediction,0.18914992,0,,
txt_004,Rendered text,2026,full,public_benchmark_v1,base_keep,results\public_benchmark_v1_ext33_m2_72_line_skeleton_profile,base_keep,1,0,1,base_keep,0.0,line_text_skeleton,1.0,1.25,0.1381683349609375,0.0102081298828125,0.07388183324130315,45,12,172,0.06417366,0.06417366,0.0,7.0,7.0,0.0,1.0,1.0,0.0,0.0,0.0,0.0,0.0,0.0,0.0,0.991717,0.991717,0.0,0.832406,0.832406,0.0,69.0,69.0,0.0,0.0,0.0,0.0,0.0,0.0,0.0,0.0,0.0,0.0,0.0,0.0,0.0,0.0,0.0,0.0,0.138,0.138,0.0,1,base_keep,base_keep,0,base_keep,base_keep,base_keep,0.80554726,0.80554726,-0.04432014,-0.00583195,-0.06183594,-0.05078321,-0.02428936,-0.01115493,-1.83656878,base_keep,keep_selector_prediction,2.64211604,0,,
txt_004,Rendered text,2026,full,public_benchmark_v1,satinrail_safeadt_light,results\public_benchmark_v1_ext33_m2_73_texture_satinrail_safeadt_light,satin_rail,0,1,0,precision_drop_too_large,0.059546,line_text_skeleton,1.0,1.25,0.1381683349609375,0.0102081298828125,0.07388183324130315,45,12,172,0.02466871,0.06417366,-0.03950495,3,7.0,-4.0,0,1.0,-1.0,0.0,0.0,0.0,0,0.0,0.0,1.0,0.991717,0.008283,0.600066,0.832406,-0.23234,44.0,69.0,-25.0,0.0,0.0,0.0,0.0,0.0,0.0,79.0,0.0,79.0,0.0,0.0,0.0,0.0,0.0,0.0,0.878,0.138,0.74,0,base_keep,base_keep,0,satin_like,reject,reject,0.12800831,-0.07882096,0.00616922,0.01258018,0.01065042,0.01570763,-0.01099917,-0.00015658,0.12800831,reject,keep_selector_prediction,0.11230068,0,,
txt_004,Rendered text,2026,full,public_benchmark_v1,dtsatin_safeadt_light,results\public_benchmark_v1_ext33_m2_73_texture_dtsatin_safeadt_light,dt_satin,0,1,0,off_mask_increase,-12.395686,line_text_skeleton,1.0,1.25,0.1381683349609375,0.0102081298828125,0.07388183324130315,45,12,172,0.03874246,0.06417366,-0.0254312,3,7.0,-4.0,0,1.0,-1.0,0.6255,0.0,0.6255,0,0.0,0.0,1.0,0.991717,0.008283,0.598322,0.832406,-0.234084,44.0,69.0,-25.0,0.0,0.0,0.0,0.0,0.0,0.0,0.0,0.0,0.0,85.0,0.0,85.0,0.0,0.0,0.0,0.938,0.138,0.8,0,base_keep,base_keep,0,satin_like,reject,reject,0.14453372,-0.07792772,0.00465886,0.01255348,0.00933948,0.01319534,-0.01080226,-0.00135554,0.14453372,reject,keep_selector_prediction,0.13133838,0,,
txt_004,Rendered text,2026,full,public_benchmark_v1,satinrail_w4_s18_i4_cap40,results\public_benchmark_v1_ext33_m2_74_texture_satinrail_w4_s18_i4_cap40,satin_rail,0,1,0,precision_drop_too_large,-0.284709,line_text_skeleton,1.0,1.25,0.1381683349609375,0.0102081298828125,0.07388183324130315,45,12,172,0.02466871,0.06417366,-0.03950495,3,7.0,-4.0,0,1.0,-1.0,0.0,0.0,0.0,0,0.0,0.0,1.0,0.991717,0.008283,0.601981,0.832406,-0.230425,44.0,69.0,-25.0,0.0,0.0,0.0,0.0,0.0,0.0,44.0,0.0,44.0,0.0,0.0,0.0,0.0,0.0,0.0,0.528,0.138,0.39,0,base_keep,base_keep,0,satin_like,reject,reject,0.19583791,-0.07453695,0.0019868,0.00570717,0.00227155,0.00853784,-0.01102386,-0.00042662,0.19583791,reject,keep_selector_prediction,0.18730007,0,,
txt_004,Rendered text,2026,full,public_benchmark_v1,satinrail_w5_s16_i5_cap45,results\public_benchmark_v1_ext33_m2_74_texture_satinrail_w5_s16_i5_cap45,satin_rail,0,1,0,precision_drop_too_large,-0.183626,line_text_skeleton,1.0,1.25,0.1381683349609375,0.0102081298828125,0.07388183324130315,45,12,172,0.02466871,0.06417366,-0.03950495,3,7.0,-4.0,0,1.0,-1.0,0.0,0.0,0.0,0,0.0,0.0,1.0,0.991717,0.008283,0.602342,0.832406,-0.230064,44.0,69.0,-25.0,0.0,0.0,0.0,0.0,0.0,0.0,54.0,0.0,54.0,0.0,0.0,0.0,0.0,0.0,0.0,0.628,0.138,0.49,0,base_keep,base_keep,0,satin_like,reject,reject,0.17682351,-0.07574052,0.00315832,0.00772891,0.00460103,0.01049629,-0.01101225,-0.00037541,0.17682351,reject,keep_selector_prediction,0.16632722,0,,
txt_005,Rendered text,HELLO,full,public_benchmark_v1,base_keep,results\public_benchmark_v1_ext33_m2_72_line_skeleton_profile,base_keep,1,0,1,base_keep,0.0,line_text_skeleton,1.0,1.25,0.1432342529296875,0.011383056640625,0.07947160967295196,16,10,170,0.14271031,0.14271031,0.0,15.0,15.0,0.0,3.0,3.0,0.0,0.0,0.0,0.0,0.0,0.0,0.0,0.985405,0.985405,0.0,0.821273,0.821273,0.0,65.0,65.0,0.0,0.0,0.0,0.0,0.0,0.0,0.0,0.0,0.0,0.0,0.0,0.0,0.0,0.0,0.0,0.0,0.13,0.13,0.0,1,base_keep,base_keep,0,base_keep,base_keep,base_keep,0.82160412,0.82160412,-0.06407262,-0.01574188,-0.1016373,-0.08733875,-0.02207466,-0.01613036,-1.55707048,base_keep,keep_selector_prediction,2.3786746,0,,
txt_005,Rendered text,HELLO,full,public_benchmark_v1,satinrail_safeadt_light,results\public_benchmark_v1_ext33_m2_73_texture_satinrail_safeadt_light,satin_rail,0,1,0,precision_drop_too_large,0.296811,line_text_skeleton,1.0,1.25,0.1432342529296875,0.011383056640625,0.07947160967295196,16,10,170,0.07229788,0.14271031,-0.07041243,8,15.0,-7.0,1,3.0,-2.0,0.0,0.0,0.0,0,0.0,0.0,1.0,0.985405,0.014595,0.57448,0.821273,-0.246793,44.0,65.0,-21.0,0.0,0.0,0.0,0.0,0.0,0.0,105.0,0.0,105.0,0.0,0.0,0.0,0.0,0.0,0.0,1.138,0.13,1.008,0,base_keep,base_keep,0,satin_like,reject,reject,0.24121146,-0.07260788,-0.00209961,0.0093728,-0.00497301,0.00011765,-0.0096932,-0.00245921,0.24121146,reject,keep_selector_prediction,0.23183866,0,,
txt_005,Rendered text,HELLO,full,public_benchmark_v1,dtsatin_safeadt_light,results\public_benchmark_v1_ext33_m2_73_texture_dtsatin_safeadt_light,dt_satin,0,1,0,precision_drop_too_large,0.384072,line_text_skeleton,1.0,1.25,0.1432342529296875,0.011383056640625,0.07947160967295196,16,10,170,0.07232356,0.14271031,-0.07038675,8,15.0,-7.0,1,3.0,-2.0,0.0,0.0,0.0,0,0.0,0.0,1.0,0.985405,0.014595,0.573567,0.821273,-0.247706,44.0,65.0,-21.0,0.0,0.0,0.0,0.0,0.0,0.0,0.0,0.0,0.0,114.0,0.0,114.0,0.0,0.0,0.0,1.228,0.13,1.098,0,base_keep,base_keep,0,satin_like,reject,reject,0.22369788,-0.07371333,-0.00101993,0.01110906,-0.00280171,0.00199,-0.0096882,-0.0023795,0.22369788,reject,keep_selector_prediction,0.21258882,0,,
txt_005,Rendered text,HELLO,full,public_benchmark_v1,satinrail_w4_s18_i4_cap40,results\public_benchmark_v1_ext33_m2_74_texture_satinrail_w4_s18_i4_cap40,satin_rail,0,1,0,precision_drop_too_large,-0.166346,line_text_skeleton,1.0,1.25,0.1432342529296875,0.011383056640625,0.07947160967295196,16,10,170,0.07229399,0.14271031,-0.07041632,8,15.0,-7.0,1,3.0,-2.0,0.0,0.0,0.0,0,0.0,0.0,1.0,0.985405,0.014595,0.586761,0.821273,-0.234512,44.0,65.0,-21.0,0.0,0.0,0.0,0.0,0.0,0.0,55.0,0.0,55.0,0.0,0.0,0.0,0.0,0.0,0.0,0.638,0.13,0.508,0,base_keep,base_keep,0,satin_like,reject,reject,0.34193762,-0.066274,-0.00832001,0.00016475,-0.01761856,-0.01106956,-0.00968063,-0.00311732,0.34193762,reject,keep_selector_prediction,0.34177287,0,,
txt_005,Rendered text,HELLO,full,public_benchmark_v1,satinrail_w5_s16_i5_cap45,results\public_benchmark_v1_ext33_m2_74_texture_satinrail_w5_s16_i5_cap45,satin_rail,0,1,0,precision_drop_too_large,0.015951,line_text_skeleton,1.0,1.25,0.1432342529296875,0.011383056640625,0.07947160967295196,16,10,170,0.07228889,0.14271031,-0.07042142,8,15.0,-7.0,1,3.0,-2.0,0.0,0.0,0.0,0,0.0,0.0,1.0,0.985405,0.014595,0.59086,0.821273,-0.230413,44.0,65.0,-21.0,0.0,0.0,0.0,0.0,0.0,0.0,72.0,0.0,72.0,0.0,0.0,0.0,0.0,0.0,0.0,0.808,0.13,0.678,0,base_keep,base_keep,0,satin_like,reject,reject,0.31099641,-0.0682428,-0.00641712,0.00382524,-0.01390329,-0.00808326,-0.00964351,-0.00312943,0.31099641,reject,keep_selector_prediction,0.30717117,0,,
