sample_id,source_name,category,base_candidate,candidate,allowed,reason,guarded_score,delta_unified_loss,base_unified_loss,candidate_unified_loss,delta_jump_count,base_jump_count,candidate_jump_count,delta_trim_count,base_trim_count,candidate_trim_count,delta_off_mask_stitch_length_mm,base_off_mask_stitch_length_mm,candidate_off_mask_stitch_length_mm,delta_visible_connector_count,base_visible_connector_count,candidate_visible_connector_count,delta_coverage_ratio,base_coverage_ratio,candidate_coverage_ratio,delta_stitch_precision_ratio,base_stitch_precision_ratio,candidate_stitch_precision_ratio,delta_adaptive_coverage_ratio,base_adaptive_coverage_ratio,candidate_adaptive_coverage_ratio,delta_adaptive_stitch_precision_ratio,base_adaptive_stitch_precision_ratio,candidate_adaptive_stitch_precision_ratio,delta_overfill_outside_adaptive_ratio,base_overfill_outside_adaptive_ratio,candidate_overfill_outside_adaptive_ratio
qd_001,QuickDraw,cat,inset2,public_benchmark_v1_core20_auto_hybrid_skeleton_connect12_trimcap20,False,off_mask_increase,-0.17963282,0.11215938,0.09782929,0.20998867,11.0,11,22,1.0,1,2,0.6731,0.0,0.6731,0.0,0,0,-0.004744,0.947944,0.9432,-0.006932,0.677754,0.670822,0.044007,0.826083,0.87009,0.043997,0.921511,0.965508,-0.043997,0.078489,0.034492
qd_001,QuickDraw,cat,inset2,public_benchmark_v1_core20_source_aware_hybrid_skeleton,False,candidate_hard_fail,-0.39167226,0.17138222,0.09782929,0.26921151,33.0,11,44,8.0,1,9,0.0,0.0,0.0,0.0,0,0,-0.014101,0.947944,0.933843,0.0053,0.677754,0.683054,0.034125,0.826083,0.860208,0.060174,0.921511,0.981685,-0.060174,0.078489,0.018315
qd_001,QuickDraw,cat,inset2,public_benchmark_v1_core20_source_aware_hybrid_skeleton_connect12,False,off_mask_increase,-0.17963282,0.11215938,0.09782929,0.20998867,11.0,11,22,1.0,1,2,0.6731,0.0,0.6731,0.0,0,0,-0.004744,0.947944,0.9432,-0.006932,0.677754,0.670822,0.044007,0.826083,0.87009,0.043997,0.921511,0.965508,-0.043997,0.078489,0.034492
qd_001,QuickDraw,cat,inset2,public_benchmark_v1_core20_source_aware_hybrid_skeleton_connect12_trimcap20,False,off_mask_increase,-0.17963282,0.11215938,0.09782929,0.20998867,11.0,11,22,1.0,1,2,0.6731,0.0,0.6731,0.0,0,0,-0.004744,0.947944,0.9432,-0.006932,0.677754,0.670822,0.044007,0.826083,0.87009,0.043997,0.921511,0.965508,-0.043997,0.078489,0.034492
qd_001,QuickDraw,cat,inset2,public_benchmark_v1_ext33_all_skeleton_connect20_trimcap20,False,off_mask_increase,-0.12304156,0.07925342,0.09782929,0.17708271,7.0,11,18,1.0,1,2,0.6731,0.0,0.6731,0.0,0,0,-0.004744,0.947944,0.9432,-0.014762,0.677754,0.662992,0.045612,0.826083,0.871695,0.034487,0.921511,0.955998,-0.034487,0.078489,0.044002
qd_001,QuickDraw,cat,inset2,public_benchmark_v1_ext33_all_skeleton_connect30_min12_trimcap20,False,jump_increase,-0.06641832,0.03904618,0.09782929,0.13687547,4.0,11,15,1.0,1,2,0.0,0.0,0.0,0.0,0,0,-0.054428,0.947944,0.893516,-0.016291,0.677754,0.661463,0.009038,0.826083,0.835121,0.043074,0.921511,0.964585,-0.043074,0.078489,0.035415
qd_001,QuickDraw,cat,inset2,public_benchmark_v1_ext33_all_skeleton_connect30_min20_trimcap20,False,jump_increase,-0.06641832,0.03904618,0.09782929,0.13687547,4.0,11,15,1.0,1,2,0.0,0.0,0.0,0.0,0,0,-0.054428,0.947944,0.893516,-0.016291,0.677754,0.661463,0.009038,0.826083,0.835121,0.043074,0.921511,0.964585,-0.043074,0.078489,0.035415
qd_001,QuickDraw,cat,inset2,public_benchmark_v1_ext33_all_skeleton_connect30_min8_trimcap20,False,jump_increase,-0.10911045,0.06428961,0.09782929,0.1621189,7.0,11,18,1.0,1,2,0.0,0.0,0.0,0.0,0,0,-0.040195,0.947944,0.907749,-0.013594,0.677754,0.66416,0.019259,0.826083,0.845342,0.043488,0.921511,0.964999,-0.043488,0.078489,0.035001
qd_001,QuickDraw,cat,inset2,public_benchmark_v1_ext33_all_skeleton_connect30_trimcap20,False,off_mask_increase,-0.12304156,0.07925342,0.09782929,0.17708271,7.0,11,18,1.0,1,2,0.6731,0.0,0.6731,0.0,0,0,-0.004744,0.947944,0.9432,-0.014762,0.677754,0.662992,0.045612,0.826083,0.871695,0.034487,0.921511,0.955998,-0.034487,0.078489,0.044002
qd_001,QuickDraw,cat,inset2,public_benchmark_v1_ext33_auto_hybrid_evalrepair_r10_c20_trimcap20,False,off_mask_increase,-0.12304156,0.07925342,0.09782929,0.17708271,7.0,11,18,1.0,1,2,0.6731,0.0,0.6731,0.0,0,0,-0.004744,0.947944,0.9432,-0.014762,0.677754,0.662992,0.045612,0.826083,0.871695,0.034487,0.921511,0.955998,-0.034487,0.078489,0.044002
qd_001,QuickDraw,cat,inset2,public_benchmark_v1_ext33_auto_hybrid_evalrepair_r10_inside085_c20_trimcap20,False,off_mask_increase,-0.12304156,0.07925342,0.09782929,0.17708271,7.0,11,18,1.0,1,2,0.6731,0.0,0.6731,0.0,0,0,-0.004744,0.947944,0.9432,-0.014762,0.677754,0.662992,0.045612,0.826083,0.871695,0.034487,0.921511,0.955998,-0.034487,0.078489,0.044002
qd_001,QuickDraw,cat,inset2,public_benchmark_v1_ext33_auto_hybrid_evalrepair_r10_inside090_c20_trimcap20,False,off_mask_increase,-0.12304156,0.07925342,0.09782929,0.17708271,7.0,11,18,1.0,1,2,0.6731,0.0,0.6731,0.0,0,0,-0.004744,0.947944,0.9432,-0.014762,0.677754,0.662992,0.045612,0.826083,0.871695,0.034487,0.921511,0.955998,-0.034487,0.078489,0.044002
qd_001,QuickDraw,cat,inset2,public_benchmark_v1_ext33_auto_hybrid_evalrepair_r15_c20_trimcap20,False,off_mask_increase,-0.12304156,0.07925342,0.09782929,0.17708271,7.0,11,18,1.0,1,2,0.6731,0.0,0.6731,0.0,0,0,-0.004744,0.947944,0.9432,-0.014762,0.677754,0.662992,0.045612,0.826083,0.871695,0.034487,0.921511,0.955998,-0.034487,0.078489,0.044002
qd_001,QuickDraw,cat,inset2,public_benchmark_v1_ext33_auto_hybrid_evalrepair_r15_inside090_c20_trimcap20,False,off_mask_increase,-0.12304156,0.07925342,0.09782929,0.17708271,7.0,11,18,1.0,1,2,0.6731,0.0,0.6731,0.0,0,0,-0.004744,0.947944,0.9432,-0.014762,0.677754,0.662992,0.045612,0.826083,0.871695,0.034487,0.921511,0.955998,-0.034487,0.078489,0.044002
qd_001,QuickDraw,cat,inset2,public_benchmark_v1_ext33_auto_hybrid_r10_c16_trimcap20,False,off_mask_increase,-0.15123922,0.09576578,0.09782929,0.19359507,9.0,11,20,1.0,1,2,0.6731,0.0,0.6731,0.0,0,0,-0.004744,0.947944,0.9432,-0.006932,0.677754,0.670822,0.044007,0.826083,0.87009,0.043997,0.921511,0.965508,-0.043997,0.078489,0.034492
qd_001,QuickDraw,cat,inset2,public_benchmark_v1_ext33_auto_hybrid_r10_c20_trimcap20,False,off_mask_increase,-0.12304156,0.07925342,0.09782929,0.17708271,7.0,11,18,1.0,1,2,0.6731,0.0,0.6731,0.0,0,0,-0.004744,0.947944,0.9432,-0.014762,0.677754,0.662992,0.045612,0.826083,0.871695,0.034487,0.921511,0.955998,-0.034487,0.078489,0.044002
qd_001,QuickDraw,cat,inset2,public_benchmark_v1_ext33_auto_hybrid_r125_c16_trimcap20,False,off_mask_increase,-0.15123922,0.09576578,0.09782929,0.19359507,9.0,11,20,1.0,1,2,0.6731,0.0,0.6731,0.0,0,0,-0.004744,0.947944,0.9432,-0.006932,0.677754,0.670822,0.044007,0.826083,0.87009,0.043997,0.921511,0.965508,-0.043997,0.078489,0.034492
qd_001,QuickDraw,cat,inset2,public_benchmark_v1_ext33_auto_hybrid_r125_c20_trimcap20,False,off_mask_increase,-0.12304156,0.07925342,0.09782929,0.17708271,7.0,11,18,1.0,1,2,0.6731,0.0,0.6731,0.0,0,0,-0.004744,0.947944,0.9432,-0.014762,0.677754,0.662992,0.045612,0.826083,0.871695,0.034487,0.921511,0.955998,-0.034487,0.078489,0.044002
qd_001,QuickDraw,cat,inset2,public_benchmark_v1_ext33_auto_hybrid_skeleton_connect12_trimcap20,False,off_mask_increase,-0.17963282,0.11215938,0.09782929,0.20998867,11.0,11,22,1.0,1,2,0.6731,0.0,0.6731,0.0,0,0,-0.004744,0.947944,0.9432,-0.006932,0.677754,0.670822,0.044007,0.826083,0.87009,0.043997,0.921511,0.965508,-0.043997,0.078489,0.034492
qd_001,QuickDraw,cat,inset2,public_benchmark_v1_ext33_b0_m2_1_globalrepair20,False,candidate_hard_fail,-0.34493533,0.31848197,0.09782929,0.41631126,1.0,11,12,2.0,1,3,5743.7377,0.0,5743.7377,1294.0,0,1294,0.026885,0.947944,0.974829,-0.377539,0.677754,0.300215,0.10305,0.826083,0.929133,-0.475064,0.921511,0.446447,0.475064,0.078489,0.553553
qd_001,QuickDraw,cat,inset2,public_benchmark_v1_ext33_m2_4_coverage_rerank,False,off_mask_increase,-0.12304156,0.07925342,0.09782929,0.17708271,7.0,11,18,1.0,1,2,0.6731,0.0,0.6731,0.0,0,0,-0.004744,0.947944,0.9432,-0.014762,0.677754,0.662992,0.045612,0.826083,0.871695,0.034487,0.921511,0.955998,-0.034487,0.078489,0.044002
qd_001,QuickDraw,cat,inset2,public_benchmark_v1_ext33_m2_4_coverage_rerank_connect30,False,off_mask_increase,-0.12304156,0.07925342,0.09782929,0.17708271,7.0,11,18,1.0,1,2,0.6731,0.0,0.6731,0.0,0,0,-0.004744,0.947944,0.9432,-0.014762,0.677754,0.662992,0.045612,0.826083,0.871695,0.034487,0.921511,0.955998,-0.034487,0.078489,0.044002
qd_001,QuickDraw,cat,inset2,public_benchmark_v1_ext33_m2_4_coverage_rerank_min12,False,jump_increase,-0.06641832,0.03904618,0.09782929,0.13687547,4.0,11,15,1.0,1,2,0.0,0.0,0.0,0.0,0,0,-0.054428,0.947944,0.893516,-0.016291,0.677754,0.661463,0.009038,0.826083,0.835121,0.043074,0.921511,0.964585,-0.043074,0.078489,0.035415
qd_001,QuickDraw,cat,inset2,public_benchmark_v1_ext33_m2_4_coverage_rerank_min20,False,jump_increase,-0.06641832,0.03904618,0.09782929,0.13687547,4.0,11,15,1.0,1,2,0.0,0.0,0.0,0.0,0,0,-0.054428,0.947944,0.893516,-0.016291,0.677754,0.661463,0.009038,0.826083,0.835121,0.043074,0.921511,0.964585,-0.043074,0.078489,0.035415
qd_001,QuickDraw,cat,inset2,public_benchmark_v1_ext33_m2_4_coverage_rerank_min8,False,jump_increase,-0.10911045,0.06428961,0.09782929,0.1621189,7.0,11,18,1.0,1,2,0.0,0.0,0.0,0.0,0,0,-0.040195,0.947944,0.907749,-0.013594,0.677754,0.66416,0.019259,0.826083,0.845342,0.043488,0.921511,0.964999,-0.043488,0.078489,0.035001
qd_001,QuickDraw,cat,inset2,public_benchmark_v1_ext33_m2_51_sweeptuned_gate_balanced_applied,False,strict_precision_drop,0.00024953,-2.561e-05,0.09782929,0.09780368,0.0,11,11,0.0,1,1,0.0,0.0,0.0,0.0,0,0,0.024513,0.947944,0.972457,-0.027794,0.677754,0.64996,0.03649,0.826083,0.862573,-0.022013,0.921511,0.899498,0.022013,0.078489,0.100502
qd_001,QuickDraw,cat,inset2,public_benchmark_v1_ext33_m2_51_sweeptuned_gate_low_jump_applied,False,off_mask_increase,0.0019639,0.00191936,0.09782929,0.09974865,-1.0,11,10,0.0,1,1,0.4714,0.0,0.4714,0.0,0,0,0.051661,0.947944,0.999605,-0.167014,0.677754,0.51074,0.151618,0.826083,0.977701,-0.142102,0.921511,0.779409,0.142102,0.078489,0.220591
qd_001,QuickDraw,cat,inset2,public_benchmark_v1_ext33_m2_55_line_domain_guard_low_jump,False,off_mask_increase,0.0019639,0.00191936,0.09782929,0.09974865,-1.0,11,10,0.0,1,1,0.4714,0.0,0.4714,0.0,0,0,0.051661,0.947944,0.999605,-0.167014,0.677754,0.51074,0.151618,0.826083,0.977701,-0.142102,0.921511,0.779409,0.142102,0.078489,0.220591
qd_001,QuickDraw,cat,inset2,public_benchmark_v1_ext33_m2_56_line_stroke_d0_c12_i090,False,jump_increase,-0.1513317,0.0890487,0.09782929,0.18687799,10.0,11,21,1.0,1,2,0.0,0.0,0.0,0.0,0,0,-0.040195,0.947944,0.907749,-0.001067,0.677754,0.676687,0.017485,0.826083,0.843568,0.059627,0.921511,0.981138,-0.059627,0.078489,0.018862
qd_001,QuickDraw,cat,inset2,public_benchmark_v1_ext33_m2_56_line_stroke_d0_c12_i090_min12,False,jump_increase,-0.10875643,0.06380527,0.09782929,0.16163456,7.0,11,18,1.0,1,2,0.0,0.0,0.0,0.0,0,0,-0.057591,0.947944,0.890353,-0.00404,0.677754,0.673714,0.00473,0.826083,0.830813,0.059343,0.921511,0.980854,-0.059343,0.078489,0.019146
qd_001,QuickDraw,cat,inset2,public_benchmark_v1_ext33_m2_56_line_stroke_d0_c12_i090_min20,False,jump_increase,-0.10875643,0.06380527,0.09782929,0.16163456,7.0,11,18,1.0,1,2,0.0,0.0,0.0,0.0,0,0,-0.057591,0.947944,0.890353,-0.00404,0.677754,0.673714,0.00473,0.826083,0.830813,0.059343,0.921511,0.980854,-0.059343,0.078489,0.019146
qd_001,QuickDraw,cat,inset2,public_benchmark_v1_ext33_m2_56_line_stroke_d0_c12_i090_min30,False,jump_increase,-0.12384834,0.07211856,0.09782929,0.16994785,8.0,11,19,1.0,1,2,0.0,0.0,0.0,0.0,0,0,-0.078677,0.947944,0.869267,-0.001311,0.677754,0.676443,-0.017146,0.826083,0.808937,0.060645,0.921511,0.982156,-0.060645,0.078489,0.017844
qd_001,QuickDraw,cat,inset2,public_benchmark_v1_ext33_m2_56_line_stroke_d0_c8_i095,False,jump_increase,-0.20721132,0.1219515,0.09782929,0.21978079,14.0,11,25,1.0,1,2,0.0,0.0,0.0,0.0,0,0,-0.01331,0.947944,0.934634,0.005417,0.677754,0.683171,0.034716,0.826083,0.860799,0.060186,0.921511,0.981697,-0.060186,0.078489,0.018303
qd_001,QuickDraw,cat,inset2,public_benchmark_v1_ext33_m2_56_line_stroke_d1_c10_i090,False,jump_increase,-0.20721132,0.1219515,0.09782929,0.21978079,14.0,11,25,1.0,1,2,0.0,0.0,0.0,0.0,0,0,-0.01331,0.947944,0.934634,0.005417,0.677754,0.683171,0.034716,0.826083,0.860799,0.060186,0.921511,0.981697,-0.060186,0.078489,0.018303
qd_001,QuickDraw,cat,inset2,public_benchmark_v1_ext33_m2_56_line_stroke_d1_c12_i090_min20,False,jump_increase,-0.10875643,0.06380527,0.09782929,0.16163456,7.0,11,18,1.0,1,2,0.0,0.0,0.0,0.0,0,0,-0.057591,0.947944,0.890353,-0.00404,0.677754,0.673714,0.00473,0.826083,0.830813,0.059343,0.921511,0.980854,-0.059343,0.078489,0.019146
qd_001,QuickDraw,cat,inset2,public_benchmark_v1_ext33_m2_56_line_stroke_d1_c6_i095,False,jump_increase,-0.16579177,0.09740037,0.09782929,0.19522966,11.0,11,22,1.0,1,2,0.0,0.0,0.0,0.0,0,0,-0.043094,0.947944,0.90485,-0.000166,0.677754,0.677588,0.013853,0.826083,0.839936,0.059837,0.921511,0.981348,-0.059837,0.078489,0.018652
qd_001,QuickDraw,cat,inset2,public_benchmark_v1_ext33_m2_56_line_stroke_d2_c12_i085_min20,False,jump_increase,-0.10875643,0.06380527,0.09782929,0.16163456,7.0,11,18,1.0,1,2,0.0,0.0,0.0,0.0,0,0,-0.057591,0.947944,0.890353,-0.00404,0.677754,0.673714,0.00473,0.826083,0.830813,0.059343,0.921511,0.980854,-0.059343,0.078489,0.019146
qd_001,QuickDraw,cat,inset2,public_benchmark_v1_ext33_m2_56_line_stroke_d3_c18,False,candidate_hard_fail,-0.40319177,0.35351375,0.09782929,0.45134304,8.0,11,19,1.0,1,2,11.1646,0.0,11.1646,4.0,0,4,-0.010411,0.947944,0.937533,-0.007823,0.677754,0.669931,0.040122,0.826083,0.866205,0.044211,0.921511,0.965722,-0.044211,0.078489,0.034278
qd_001,QuickDraw,cat,inset2,public_benchmark_v1_ext33_m2_56_line_stroke_selector_probe,False,off_mask_increase,0.0019639,0.00191936,0.09782929,0.09974865,-1.0,11,10,0.0,1,1,0.4714,0.0,0.4714,0.0,0,0,0.051661,0.947944,0.999605,-0.167014,0.677754,0.51074,0.151618,0.826083,0.977701,-0.142102,0.921511,0.779409,0.142102,0.078489,0.220591
qd_001,QuickDraw,cat,inset2,public_benchmark_v1_ext33_m2_57_topology_open_d0_c12_i090_min12,False,jump_increase,-0.0948034,0.05591282,0.09782929,0.15374211,6.0,11,17,1.0,1,2,0.0,0.0,0.0,0.0,0,0,-0.055878,0.947944,0.892066,-0.002811,0.677754,0.674943,0.004815,0.826083,0.830898,0.059345,0.921511,0.980856,-0.059345,0.078489,0.019144
qd_001,QuickDraw,cat,inset2,public_benchmark_v1_ext33_m2_57_topology_open_d0_c12_i090_min20,False,jump_increase,-0.0948034,0.05591282,0.09782929,0.15374211,6.0,11,17,1.0,1,2,0.0,0.0,0.0,0.0,0,0,-0.055878,0.947944,0.892066,-0.002811,0.677754,0.674943,0.004815,0.826083,0.830898,0.059345,0.921511,0.980856,-0.059345,0.078489,0.019144
qd_001,QuickDraw,cat,inset2,public_benchmark_v1_ext33_m2_57_topology_open_d0_c12_i090_min30,False,jump_increase,-0.08103969,0.04737117,0.09782929,0.14520046,5.0,11,16,1.0,1,2,0.0,0.0,0.0,0.0,0,0,-0.076964,0.947944,0.87098,-4.7e-05,0.677754,0.677707,-0.017062,0.826083,0.809021,0.060647,0.921511,0.982158,-0.060647,0.078489,0.017842
qd_001,QuickDraw,cat,inset2,public_benchmark_v1_ext33_m2_57_topology_open_d0_c16_i085_min20,False,jump_increase,-0.0948034,0.05591282,0.09782929,0.15374211,6.0,11,17,1.0,1,2,0.0,0.0,0.0,0.0,0,0,-0.055878,0.947944,0.892066,-0.002811,0.677754,0.674943,0.004815,0.826083,0.830898,0.059345,0.921511,0.980856,-0.059345,0.078489,0.019144
qd_001,QuickDraw,cat,inset2,public_benchmark_v1_ext33_m2_57_topology_open_d0_c20_i080_min30,False,jump_increase,-0.08103969,0.04737117,0.09782929,0.14520046,5.0,11,16,1.0,1,2,0.0,0.0,0.0,0.0,0,0,-0.076964,0.947944,0.87098,-4.7e-05,0.677754,0.677707,-0.017062,0.826083,0.809021,0.060647,0.921511,0.982158,-0.060647,0.078489,0.017842
qd_001,QuickDraw,cat,inset2,public_benchmark_v1_ext33_m2_57_topology_open_d0_c20_i080_min40,False,coverage_drop,-0.0020633,-0.00034898,0.09782929,0.09748031,0.0,11,11,0.0,1,1,0.0,0.0,0.0,0.0,0,0,-0.122825,0.947944,0.825119,-0.0097,0.677754,0.668054,-0.048652,0.826083,0.777431,0.060563,0.921511,0.982074,-0.060563,0.078489,0.017926
qd_001,QuickDraw,cat,inset2,public_benchmark_v1_ext33_m2_57_topology_open_d0_c24_i075_min40,False,coverage_drop,-0.0020633,-0.00034898,0.09782929,0.09748031,0.0,11,11,0.0,1,1,0.0,0.0,0.0,0.0,0,0,-0.122825,0.947944,0.825119,-0.0097,0.677754,0.668054,-0.048652,0.826083,0.777431,0.060563,0.921511,0.982074,-0.060563,0.078489,0.017926
qd_001,QuickDraw,cat,inset2,public_benchmark_v1_ext33_m2_57_topology_open_d0_c24_i075_min60,False,coverage_drop,-0.0020633,-0.00034898,0.09782929,0.09748031,0.0,11,11,0.0,1,1,0.0,0.0,0.0,0.0,0,0,-0.122825,0.947944,0.825119,-0.0097,0.677754,0.668054,-0.048652,0.826083,0.777431,0.060563,0.921511,0.982074,-0.060563,0.078489,0.017926
qd_001,QuickDraw,cat,inset2,public_benchmark_v1_ext33_m2_57_topology_open_d0_c30_i070_min100,False,coverage_drop,0.02092763,-0.01671309,0.09782929,0.0811162,-2.0,11,9,0.0,1,1,0.0,0.0,0.0,0.0,0,0,-0.259225,0.947944,0.688719,-0.017489,0.677754,0.660265,-0.17096,0.826083,0.655123,0.058401,0.921511,0.979912,-0.058401,0.078489,0.020088
qd_001,QuickDraw,cat,inset2,public_benchmark_v1_ext33_m2_57_topology_open_d0_c30_i070_min80,False,coverage_drop,-0.0020633,-0.00034898,0.09782929,0.09748031,0.0,11,11,0.0,1,1,0.0,0.0,0.0,0.0,0,0,-0.122825,0.947944,0.825119,-0.0097,0.677754,0.668054,-0.048652,0.826083,0.777431,0.060563,0.921511,0.982074,-0.060563,0.078489,0.017926
qd_001,QuickDraw,cat,inset2,public_benchmark_v1_ext33_m2_57_topology_open_d1_c16_i085_min20,False,jump_increase,-0.0948034,0.05591282,0.09782929,0.15374211,6.0,11,17,1.0,1,2,0.0,0.0,0.0,0.0,0,0,-0.055878,0.947944,0.892066,-0.002811,0.677754,0.674943,0.004815,0.826083,0.830898,0.059345,0.921511,0.980856,-0.059345,0.078489,0.019144
qd_001,QuickDraw,cat,inset2,public_benchmark_v1_ext33_m2_57_topology_open_d1_c20_i080_min20,False,jump_increase,-0.0948034,0.05591282,0.09782929,0.15374211,6.0,11,17,1.0,1,2,0.0,0.0,0.0,0.0,0,0,-0.055878,0.947944,0.892066,-0.002811,0.677754,0.674943,0.004815,0.826083,0.830898,0.059345,0.921511,0.980856,-0.059345,0.078489,0.019144
qd_001,QuickDraw,cat,inset2,public_benchmark_v1_ext33_m2_57_topology_open_d1_c24_i070_min60,False,coverage_drop,-0.0020633,-0.00034898,0.09782929,0.09748031,0.0,11,11,0.0,1,1,0.0,0.0,0.0,0.0,0,0,-0.122825,0.947944,0.825119,-0.0097,0.677754,0.668054,-0.048652,0.826083,0.777431,0.060563,0.921511,0.982074,-0.060563,0.078489,0.017926
qd_001,QuickDraw,cat,inset2,public_benchmark_v1_ext33_m2_57_topology_open_d1_c24_i075_min40,False,coverage_drop,-0.0020633,-0.00034898,0.09782929,0.09748031,0.0,11,11,0.0,1,1,0.0,0.0,0.0,0.0,0,0,-0.122825,0.947944,0.825119,-0.0097,0.677754,0.668054,-0.048652,0.826083,0.777431,0.060563,0.921511,0.982074,-0.060563,0.078489,0.017926
qd_001,QuickDraw,cat,inset2,public_benchmark_v1_ext33_m2_57_topology_open_d1_c30_i065_min80,False,off_mask_increase,-0.19874118,0.2081675,0.09782929,0.30599679,-2.0,11,9,0.0,1,1,7.063,0.0,7.063,2.0,0,2,-0.113205,0.947944,0.834739,-0.021041,0.677754,0.656713,-0.039023,0.826083,0.78706,0.044585,0.921511,0.966096,-0.044585,0.078489,0.033904
qd_001,QuickDraw,cat,inset2,public_benchmark_v1_ext33_m2_57_topology_open_d2_c20_i075_min20,False,jump_increase,-0.0948034,0.05591282,0.09782929,0.15374211,6.0,11,17,1.0,1,2,0.0,0.0,0.0,0.0,0,0,-0.055878,0.947944,0.892066,-0.002811,0.677754,0.674943,0.004815,0.826083,0.830898,0.059345,0.921511,0.980856,-0.059345,0.078489,0.019144
qd_001,QuickDraw,cat,inset2,public_benchmark_v1_ext33_m2_57_topology_relative_rescue,False,off_mask_increase,0.0019639,0.00191936,0.09782929,0.09974865,-1.0,11,10,0.0,1,1,0.4714,0.0,0.4714,0.0,0,0,0.051661,0.947944,0.999605,-0.167014,0.677754,0.51074,0.151618,0.826083,0.977701,-0.142102,0.921511,0.779409,0.142102,0.078489,0.220591
qd_001,QuickDraw,cat,inset2,public_benchmark_v1_ext33_m2_57_topology_selector_probe_min100,False,off_mask_increase,0.0019639,0.00191936,0.09782929,0.09974865,-1.0,11,10,0.0,1,1,0.4714,0.0,0.4714,0.0,0,0,0.051661,0.947944,0.999605,-0.167014,0.677754,0.51074,0.151618,0.826083,0.977701,-0.142102,0.921511,0.779409,0.142102,0.078489,0.220591
qd_001,QuickDraw,cat,inset2,public_benchmark_v1_ext33_m2_57_topology_selector_probe_min100_j14,False,absolute_adaptive_coverage_too_low,0.0,0.0,0.09782929,0.09782929,0.0,11,11,0.0,1,1,0.0,0.0,0.0,0.0,0,0,0.0,0.947944,0.947944,0.0,0.677754,0.677754,0.0,0.826083,0.826083,0.0,0.921511,0.921511,0.0,0.078489,0.078489
qd_001,QuickDraw,cat,inset2,public_benchmark_v1_ext33_m2_58_coverage_aware_relative_rescue,False,off_mask_increase,0.0019639,0.00191936,0.09782929,0.09974865,-1.0,11,10,0.0,1,1,0.4714,0.0,0.4714,0.0,0,0,0.051661,0.947944,0.999605,-0.167014,0.677754,0.51074,0.151618,0.826083,0.977701,-0.142102,0.921511,0.779409,0.142102,0.078489,0.220591
qd_001,QuickDraw,cat,inset2,public_benchmark_v1_ext33_m2_59_anchored_quality_rescue_selector,False,off_mask_increase,0.0019639,0.00191936,0.09782929,0.09974865,-1.0,11,10,0.0,1,1,0.4714,0.0,0.4714,0.0,0,0,0.051661,0.947944,0.999605,-0.167014,0.677754,0.51074,0.151618,0.826083,0.977701,-0.142102,0.921511,0.779409,0.142102,0.078489,0.220591
qd_001,QuickDraw,cat,inset2,public_benchmark_v1_ext33_m2_59_grouped_topology_g_d0_c16_i085_s4_min12_p80,False,jump_increase,-0.10890571,0.06401513,0.09782929,0.16184442,7.0,11,18,1.0,1,2,0.0,0.0,0.0,0.0,0,0,-0.055878,0.947944,0.892066,-0.002811,0.677754,0.674943,0.004815,0.826083,0.830898,0.059345,0.921511,0.980856,-0.059345,0.078489,0.019144
qd_001,QuickDraw,cat,inset2,public_benchmark_v1_ext33_m2_59_grouped_topology_g_d0_c16_i090_s3_min20_p80,False,jump_increase,-0.10890571,0.06401513,0.09782929,0.16184442,7.0,11,18,1.0,1,2,0.0,0.0,0.0,0.0,0,0,-0.055878,0.947944,0.892066,-0.002811,0.677754,0.674943,0.004815,0.826083,0.830898,0.059345,0.921511,0.980856,-0.059345,0.078489,0.019144
qd_001,QuickDraw,cat,inset2,public_benchmark_v1_ext33_m2_59_grouped_topology_g_d0_c18_i092_s4_min12_p100,False,jump_increase,-0.10890571,0.06401513,0.09782929,0.16184442,7.0,11,18,1.0,1,2,0.0,0.0,0.0,0.0,0,0,-0.055878,0.947944,0.892066,-0.002811,0.677754,0.674943,0.004815,0.826083,0.830898,0.059345,0.921511,0.980856,-0.059345,0.078489,0.019144
qd_001,QuickDraw,cat,inset2,public_benchmark_v1_ext33_m2_59_grouped_topology_g_d0_c18_i095_s3_min12_p120,False,jump_increase,-0.10890571,0.06401513,0.09782929,0.16184442,7.0,11,18,1.0,1,2,0.0,0.0,0.0,0.0,0,0,-0.055878,0.947944,0.892066,-0.002811,0.677754,0.674943,0.004815,0.826083,0.830898,0.059345,0.921511,0.980856,-0.059345,0.078489,0.019144
qd_001,QuickDraw,cat,inset2,public_benchmark_v1_ext33_m2_59_grouped_topology_g_d0_c20_i080_s5_min12_p80,False,jump_increase,-0.10890571,0.06401513,0.09782929,0.16184442,7.0,11,18,1.0,1,2,0.0,0.0,0.0,0.0,0,0,-0.055878,0.947944,0.892066,-0.002811,0.677754,0.674943,0.004815,0.826083,0.830898,0.059345,0.921511,0.980856,-0.059345,0.078489,0.019144
qd_001,QuickDraw,cat,inset2,public_benchmark_v1_ext33_m2_59_grouped_topology_g_d0_c20_i090_s4_min12_p100,False,jump_increase,-0.10890571,0.06401513,0.09782929,0.16184442,7.0,11,18,1.0,1,2,0.0,0.0,0.0,0.0,0,0,-0.055878,0.947944,0.892066,-0.002811,0.677754,0.674943,0.004815,0.826083,0.830898,0.059345,0.921511,0.980856,-0.059345,0.078489,0.019144
qd_001,QuickDraw,cat,inset2,public_benchmark_v1_ext33_m2_59_grouped_topology_g_d0_c20_i095_s4_min12_p100,False,jump_increase,-0.10890571,0.06401513,0.09782929,0.16184442,7.0,11,18,1.0,1,2,0.0,0.0,0.0,0.0,0,0,-0.055878,0.947944,0.892066,-0.002811,0.677754,0.674943,0.004815,0.826083,0.830898,0.059345,0.921511,0.980856,-0.059345,0.078489,0.019144
qd_001,QuickDraw,cat,inset2,public_benchmark_v1_ext33_m2_59_grouped_topology_g_d0_c24_i075_s6_min20_p80,False,jump_increase,-0.10890571,0.06401513,0.09782929,0.16184442,7.0,11,18,1.0,1,2,0.0,0.0,0.0,0.0,0,0,-0.055878,0.947944,0.892066,-0.002811,0.677754,0.674943,0.004815,0.826083,0.830898,0.059345,0.921511,0.980856,-0.059345,0.078489,0.019144
qd_001,QuickDraw,cat,inset2,public_benchmark_v1_ext33_m2_59_grouped_topology_g_d0_c30_i070_s8_min30_p100,False,jump_increase,-0.08103969,0.04737117,0.09782929,0.14520046,5.0,11,16,1.0,1,2,0.0,0.0,0.0,0.0,0,0,-0.076964,0.947944,0.87098,-4.7e-05,0.677754,0.677707,-0.017062,0.826083,0.809021,0.060647,0.921511,0.982158,-0.060647,0.078489,0.017842
qd_001,QuickDraw,cat,inset2,public_benchmark_v1_ext33_m2_59_grouped_topology_g_d1_c20_i075_s5_min12_p80,False,jump_increase,-0.10890571,0.06401513,0.09782929,0.16184442,7.0,11,18,1.0,1,2,0.0,0.0,0.0,0.0,0,0,-0.055878,0.947944,0.892066,-0.002811,0.677754,0.674943,0.004815,0.826083,0.830898,0.059345,0.921511,0.980856,-0.059345,0.078489,0.019144
qd_001,QuickDraw,cat,inset2,public_benchmark_v1_ext33_m2_59_quality_rescue_selector,False,absolute_adaptive_coverage_too_low,0.0,0.0,0.09782929,0.09782929,0.0,11,11,0.0,1,1,0.0,0.0,0.0,0.0,0,0,0.0,0.947944,0.947944,0.0,0.677754,0.677754,0.0,0.826083,0.826083,0.0,0.921511,0.921511,0.0,0.078489,0.078489
qd_001,QuickDraw,cat,inset2,public_benchmark_v1_ext33_m2_5_learned_selector_applied,False,jump_increase,-0.06641832,0.03904618,0.09782929,0.13687547,4.0,11,15,1.0,1,2,0.0,0.0,0.0,0.0,0,0,-0.054428,0.947944,0.893516,-0.016291,0.677754,0.661463,0.009038,0.826083,0.835121,0.043074,0.921511,0.964585,-0.043074,0.078489,0.035415
qd_001,QuickDraw,cat,inset2,public_benchmark_v1_ext33_m2_60_maskpath_combo_rescue_selector,False,off_mask_increase,0.0019639,0.00191936,0.09782929,0.09974865,-1.0,11,10,0.0,1,1,0.4714,0.0,0.4714,0.0,0,0,0.051661,0.947944,0.999605,-0.167014,0.677754,0.51074,0.151618,0.826083,0.977701,-0.142102,0.921511,0.779409,0.142102,0.078489,0.220591
qd_001,QuickDraw,cat,inset2,public_benchmark_v1_ext33_m2_60_maskpath_mp_d0_r0_c20_i095_route24_f20_min12,False,jump_increase,-0.10890571,0.06401513,0.09782929,0.16184442,7.0,11,18,1.0,1,2,0.0,0.0,0.0,0.0,0,0,-0.055878,0.947944,0.892066,-0.002811,0.677754,0.674943,0.004815,0.826083,0.830898,0.059345,0.921511,0.980856,-0.059345,0.078489,0.019144
qd_001,QuickDraw,cat,inset2,public_benchmark_v1_ext33_m2_60_maskpath_mp_d0_r0_c20_i095_route32_f26_min12,False,jump_increase,-0.10890571,0.06401513,0.09782929,0.16184442,7.0,11,18,1.0,1,2,0.0,0.0,0.0,0.0,0,0,-0.055878,0.947944,0.892066,-0.002811,0.677754,0.674943,0.004815,0.826083,0.830898,0.059345,0.921511,0.980856,-0.059345,0.078489,0.019144
qd_001,QuickDraw,cat,inset2,public_benchmark_v1_ext33_m2_60_maskpath_mp_d0_r0_c20_i095_route32_f26_min20,False,jump_increase,-0.10890571,0.06401513,0.09782929,0.16184442,7.0,11,18,1.0,1,2,0.0,0.0,0.0,0.0,0,0,-0.055878,0.947944,0.892066,-0.002811,0.677754,0.674943,0.004815,0.826083,0.830898,0.059345,0.921511,0.980856,-0.059345,0.078489,0.019144
qd_001,QuickDraw,cat,inset2,public_benchmark_v1_ext33_m2_60_maskpath_mp_d0_r0_c24_i090_route36_f30_min12,False,jump_increase,-0.10890571,0.06401513,0.09782929,0.16184442,7.0,11,18,1.0,1,2,0.0,0.0,0.0,0.0,0,0,-0.055878,0.947944,0.892066,-0.002811,0.677754,0.674943,0.004815,0.826083,0.830898,0.059345,0.921511,0.980856,-0.059345,0.078489,0.019144
qd_001,QuickDraw,cat,inset2,public_benchmark_v1_ext33_m2_60_maskpath_mp_d0_r1_c20_i095_route32_f26_min12,False,jump_increase,-0.10890571,0.06401513,0.09782929,0.16184442,7.0,11,18,1.0,1,2,0.0,0.0,0.0,0.0,0,0,-0.055878,0.947944,0.892066,-0.002811,0.677754,0.674943,0.004815,0.826083,0.830898,0.059345,0.921511,0.980856,-0.059345,0.078489,0.019144
qd_001,QuickDraw,cat,inset2,public_benchmark_v1_ext33_m2_60_maskpath_mp_d0_r1_c24_i090_route36_f30_min12,False,jump_increase,-0.10890571,0.06401513,0.09782929,0.16184442,7.0,11,18,1.0,1,2,0.0,0.0,0.0,0.0,0,0,-0.055878,0.947944,0.892066,-0.002811,0.677754,0.674943,0.004815,0.826083,0.830898,0.059345,0.921511,0.980856,-0.059345,0.078489,0.019144
qd_001,QuickDraw,cat,inset2,public_benchmark_v1_ext33_m2_60_maskpath_rescue_selector,False,off_mask_increase,0.0019639,0.00191936,0.09782929,0.09974865,-1.0,11,10,0.0,1,1,0.4714,0.0,0.4714,0.0,0,0,0.051661,0.947944,0.999605,-0.167014,0.677754,0.51074,0.151618,0.826083,0.977701,-0.142102,0.921511,0.779409,0.142102,0.078489,0.220591
qd_001,QuickDraw,cat,inset2,public_benchmark_v1_ext33_m2_61_segment_graph_sg_d0_l035_c20_i095_r32_f26_min12,False,jump_increase,-0.10353198,0.0616414,0.09782929,0.15947069,6.0,11,17,2.0,1,3,0.0,0.0,0.0,0.0,0,0,-0.055878,0.947944,0.892066,-0.002811,0.677754,0.674943,0.004815,0.826083,0.830898,0.059345,0.921511,0.980856,-0.059345,0.078489,0.019144
qd_001,QuickDraw,cat,inset2,public_benchmark_v1_ext33_m2_61_segment_graph_sg_d0_l050_c24_i090_r36_f30_min12,False,jump_increase,-0.10353198,0.0616414,0.09782929,0.15947069,6.0,11,17,2.0,1,3,0.0,0.0,0.0,0.0,0,0,-0.055878,0.947944,0.892066,-0.002811,0.677754,0.674943,0.004815,0.826083,0.830898,0.059345,0.921511,0.980856,-0.059345,0.078489,0.019144
qd_001,QuickDraw,cat,inset2,public_benchmark_v1_ext33_m2_61_segment_graph_sg_d0_l070_c20_i095_r32_f26_min12,False,jump_increase,-0.05704942,0.03315884,0.09782929,0.13098813,4.0,11,15,0.0,1,1,0.0,0.0,0.0,0.0,0,0,-0.055878,0.947944,0.892066,-0.002811,0.677754,0.674943,0.004815,0.826083,0.830898,0.059345,0.921511,0.980856,-0.059345,0.078489,0.019144
qd_001,QuickDraw,cat,inset2,public_benchmark_v1_ext33_m2_61_segment_graph_sg_d1_l050_c20_i095_r32_f26_min12,False,jump_increase,-0.10353198,0.0616414,0.09782929,0.15947069,6.0,11,17,2.0,1,3,0.0,0.0,0.0,0.0,0,0,-0.055878,0.947944,0.892066,-0.002811,0.677754,0.674943,0.004815,0.826083,0.830898,0.059345,0.921511,0.980856,-0.059345,0.078489,0.019144
qd_001,QuickDraw,cat,inset2,public_benchmark_v1_ext33_m2_61_segment_graph_sg_euler_d0_l000_c20_i095_r32_f26_min12,False,jump_increase,-0.10890571,0.06401513,0.09782929,0.16184442,7.0,11,18,1.0,1,2,0.0,0.0,0.0,0.0,0,0,-0.055878,0.947944,0.892066,-0.002811,0.677754,0.674943,0.004815,0.826083,0.830898,0.059345,0.921511,0.980856,-0.059345,0.078489,0.019144
qd_001,QuickDraw,cat,inset2,public_benchmark_v1_ext33_m2_61_segment_graph_sg_euler_d0_l020_c24_i090_r36_f30_min12,False,jump_increase,-0.08944035,0.05354977,0.09782929,0.15137906,5.0,11,16,2.0,1,3,0.0,0.0,0.0,0.0,0,0,-0.055878,0.947944,0.892066,-0.002811,0.677754,0.674943,0.004815,0.826083,0.830898,0.059345,0.921511,0.980856,-0.059345,0.078489,0.019144
qd_001,QuickDraw,cat,inset2,public_benchmark_v1_ext33_m2_61_segment_graph_sg_euler_d0_l035_c20_i095_r32_f26_min12,False,jump_increase,-0.10353198,0.0616414,0.09782929,0.15947069,6.0,11,17,2.0,1,3,0.0,0.0,0.0,0.0,0,0,-0.055878,0.947944,0.892066,-0.002811,0.677754,0.674943,0.004815,0.826083,0.830898,0.059345,0.921511,0.980856,-0.059345,0.078489,0.019144
qd_001,QuickDraw,cat,inset2,public_benchmark_v1_ext33_m2_62_precision_rescue_selector,False,absolute_adaptive_coverage_too_low,0.0,0.0,0.09782929,0.09782929,0.0,11,11,0.0,1,1,0.0,0.0,0.0,0.0,0,0,0.0,0.947944,0.947944,0.0,0.677754,0.677754,0.0,0.826083,0.826083,0.0,0.921511,0.921511,0.0,0.078489,0.078489
qd_001,QuickDraw,cat,inset2,public_benchmark_v1_ext33_m2_64_text_precision_rescue_selector,False,absolute_adaptive_coverage_too_low,0.0,0.0,0.09782929,0.09782929,0.0,11,11,0.0,1,1,0.0,0.0,0.0,0.0,0,0,0.0,0.947944,0.947944,0.0,0.677754,0.677754,0.0,0.826083,0.826083,0.0,0.921511,0.921511,0.0,0.078489,0.078489
qd_001,QuickDraw,cat,inset2,public_benchmark_v1_ext33_m2_65_text_legibility_rescue_selector,False,absolute_adaptive_coverage_too_low,0.0,0.0,0.09782929,0.09782929,0.0,11,11,0.0,1,1,0.0,0.0,0.0,0.0,0,0,0.0,0.947944,0.947944,0.0,0.677754,0.677754,0.0,0.826083,0.826083,0.0,0.921511,0.921511,0.0,0.078489,0.078489
qd_001,QuickDraw,cat,inset2,public_benchmark_v1_ext33_m2_66_profile_switcher,False,absolute_adaptive_coverage_too_low,0.0,0.0,0.09782929,0.09782929,0.0,11,11,0.0,1,1,0.0,0.0,0.0,0.0,0,0,0.0,0.947944,0.947944,0.0,0.677754,0.677754,0.0,0.826083,0.826083,0.0,0.921511,0.921511,0.0,0.078489,0.078489
qd_001,QuickDraw,cat,inset2,public_benchmark_v1_ext33_m2_67_line_art_profile,False,absolute_adaptive_coverage_too_low,0.0,0.0,0.09782929,0.09782929,0.0,11,11,0.0,1,1,0.0,0.0,0.0,0.0,0,0,0.0,0.947944,0.947944,0.0,0.677754,0.677754,0.0,0.826083,0.826083,0.0,0.921511,0.921511,0.0,0.078489,0.078489
qd_001,QuickDraw,cat,inset2,public_benchmark_v1_ext33_m2_68_shape_aware_profile,False,absolute_adaptive_coverage_too_low,0.0,0.0,0.09782929,0.09782929,0.0,11,11,0.0,1,1,0.0,0.0,0.0,0.0,0,0,0.0,0.947944,0.947944,0.0,0.677754,0.677754,0.0,0.826083,0.826083,0.0,0.921511,0.921511,0.0,0.078489,0.078489
qd_001,QuickDraw,cat,inset2,public_benchmark_v1_ext33_m2_69_text_wku_profile,False,absolute_adaptive_coverage_too_low,0.0,0.0,0.09782929,0.09782929,0.0,11,11,0.0,1,1,0.0,0.0,0.0,0.0,0,0,0.0,0.947944,0.947944,0.0,0.677754,0.677754,0.0,0.826083,0.826083,0.0,0.921511,0.921511,0.0,0.078489,0.078489
qd_001,QuickDraw,cat,inset2,public_benchmark_v1_ext33_mask_fill_edgewalk_dtsatin_o3_i8_s14_p90,False,candidate_hard_fail,-2.35987779,0.30217071,0.09782929,0.4,314.0,11,325,56.0,1,57,0.0,0.0,0.0,0.0,0,0,0.051924,0.947944,0.999868,-0.242495,0.677754,0.435259,0.158206,0.826083,0.984289,-0.252989,0.921511,0.668522,0.252989,0.078489,0.331478
qd_001,QuickDraw,cat,inset2,public_benchmark_v1_ext33_mask_fill_edgewalk_dtsatin_o3_i9_s7,False,candidate_hard_fail,-2.35987779,0.30217071,0.09782929,0.4,314.0,11,325,56.0,1,57,0.0,0.0,0.0,0.0,0,0,0.051924,0.947944,0.999868,-0.242495,0.677754,0.435259,0.158206,0.826083,0.984289,-0.252989,0.921511,0.668522,0.252989,0.078489,0.331478
qd_001,QuickDraw,cat,inset2,public_benchmark_v1_ext33_mask_fill_edgewalk_nearest_rows16_p40,False,candidate_hard_fail,-2.37149991,0.30217071,0.09782929,0.4,316.0,11,327,56.0,1,57,0.0,0.0,0.0,0.0,0,0,0.051924,0.947944,0.999868,-0.235157,0.677754,0.442597,0.158375,0.826083,0.984458,-0.241602,0.921511,0.679909,0.241602,0.078489,0.320091
qd_001,QuickDraw,cat,inset2,public_benchmark_v1_ext33_mask_fill_edgewalk_nearestrow_adapt_t2_m5_rows16_p40,False,absolute_adaptive_coverage_too_low,7.594e-05,0.0,0.09782929,0.09782929,0.0,11,11,0.0,1,1,0.0,0.0,0.0,0.0,0,0,0.004217,0.947944,0.952161,-0.004408,0.677754,0.673346,0.006673,0.826083,0.832756,-0.002685,0.921511,0.918826,0.002685,0.078489,0.081174
qd_001,QuickDraw,cat,inset2,public_benchmark_v1_ext33_mask_fill_edgewalk_nearestrow_adapt_t3_m6_rows16_p40,False,strict_precision_drop,0.00024953,-2.561e-05,0.09782929,0.09780368,0.0,11,11,0.0,1,1,0.0,0.0,0.0,0.0,0,0,0.024513,0.947944,0.972457,-0.027794,0.677754,0.64996,0.03649,0.826083,0.862573,-0.022013,0.921511,0.899498,0.022013,0.078489,0.100502
qd_001,QuickDraw,cat,inset2,public_benchmark_v1_ext33_mask_fill_edgewalk_nearestrow_adapt_t4_m8_rows16_p40,False,strict_precision_drop,0.00024953,-2.561e-05,0.09782929,0.09780368,0.0,11,11,0.0,1,1,0.0,0.0,0.0,0.0,0,0,0.024513,0.947944,0.972457,-0.027794,0.677754,0.64996,0.03649,0.826083,0.862573,-0.022013,0.921511,0.899498,0.022013,0.078489,0.100502
qd_001,QuickDraw,cat,inset2,public_benchmark_v1_ext33_mask_fill_edgewalk_nearestrow_evalfill_rows16_p40,False,off_mask_increase,-0.11381514,0.09405394,0.09782929,0.19188323,1.0,11,12,0.0,1,1,3.8144,0.0,3.8144,0.0,0,0,0.052056,0.947944,1.0,-0.410109,0.677754,0.267645,0.173917,0.826083,1.0,-0.503924,0.921511,0.417587,0.503924,0.078489,0.582413
qd_001,QuickDraw,cat,inset2,public_benchmark_v1_ext33_mask_fill_edgewalk_nearestrow_inset1_rows16_p40,False,jump_increase,-0.05063026,0.03139598,0.09782929,0.12922527,3.0,11,14,1.0,1,2,0.0,0.0,0.0,0.0,0,0,0.04718,0.947944,0.995124,-0.065147,0.677754,0.612607,0.119521,0.826083,0.945604,-0.013268,0.921511,0.908243,0.013268,0.078489,0.091757
qd_001,QuickDraw,cat,inset2,public_benchmark_v1_ext33_mask_fill_edgewalk_nearestrow_inset2_rows16_p40,False,absolute_adaptive_coverage_too_low,0.0,0.0,0.09782929,0.09782929,0.0,11,11,0.0,1,1,0.0,0.0,0.0,0.0,0,0,0.0,0.947944,0.947944,0.0,0.677754,0.677754,0.0,0.826083,0.826083,0.0,0.921511,0.921511,0.0,0.078489,0.078489
qd_001,QuickDraw,cat,inset2,public_benchmark_v1_ext33_mask_fill_edgewalk_nearestrow_qdirect_rows16_p40,False,off_mask_increase,0.0019639,0.00191936,0.09782929,0.09974865,-1.0,11,10,0.0,1,1,0.4714,0.0,0.4714,0.0,0,0,0.051661,0.947944,0.999605,-0.167014,0.677754,0.51074,0.151618,0.826083,0.977701,-0.142102,0.921511,0.779409,0.142102,0.078489,0.220591
qd_001,QuickDraw,cat,inset2,public_benchmark_v1_ext33_mask_fill_edgewalk_nearestrow_qpath090_rows16_p40,False,off_mask_increase,0.0019639,0.00191936,0.09782929,0.09974865,-1.0,11,10,0.0,1,1,0.4714,0.0,0.4714,0.0,0,0,0.051661,0.947944,0.999605,-0.167014,0.677754,0.51074,0.151618,0.826083,0.977701,-0.142102,0.921511,0.779409,0.142102,0.078489,0.220591
qd_001,QuickDraw,cat,inset2,public_benchmark_v1_ext33_mask_fill_edgewalk_nearestrow_qpath095_rows16_p40,False,off_mask_increase,0.0019639,0.00191936,0.09782929,0.09974865,-1.0,11,10,0.0,1,1,0.4714,0.0,0.4714,0.0,0,0,0.051661,0.947944,0.999605,-0.167014,0.677754,0.51074,0.151618,0.826083,0.977701,-0.142102,0.921511,0.779409,0.142102,0.078489,0.220591
qd_001,QuickDraw,cat,inset2,public_benchmark_v1_ext33_mask_fill_edgewalk_nearestrow_quantvalid_rows16_p40,False,off_mask_increase,0.0019639,0.00191936,0.09782929,0.09974865,-1.0,11,10,0.0,1,1,0.4714,0.0,0.4714,0.0,0,0,0.051661,0.947944,0.999605,-0.167014,0.677754,0.51074,0.151618,0.826083,0.977701,-0.142102,0.921511,0.779409,0.142102,0.078489,0.220591
qd_001,QuickDraw,cat,inset2,public_benchmark_v1_ext33_mask_fill_edgewalk_nearestrow_rows16_p40,False,off_mask_increase,0.0019639,0.00191936,0.09782929,0.09974865,-1.0,11,10,0.0,1,1,0.4714,0.0,0.4714,0.0,0,0,0.051661,0.947944,0.999605,-0.167014,0.677754,0.51074,0.151618,0.826083,0.977701,-0.142102,0.921511,0.779409,0.142102,0.078489,0.220591
qd_001,QuickDraw,cat,inset2,public_benchmark_v1_ext33_mask_fill_edgewalk_nearestrow_safeadt_rows16_p40,False,off_mask_increase,-0.14517102,0.08549564,0.09782929,0.18332493,7.0,11,18,2.0,1,3,0.6915,0.0,0.6915,0.0,0,0,0.052056,0.947944,1.0,-0.369374,0.677754,0.30838,0.173917,0.826083,1.0,-0.440368,0.921511,0.481143,0.440368,0.078489,0.518857
qd_001,QuickDraw,cat,inset2,public_benchmark_v1_ext33_mask_fill_edgewalk_nearestrow_safeadt_t2m5_r035_a32_rows16_p40,False,off_mask_increase,-0.14517102,0.08549564,0.09782929,0.18332493,7.0,11,18,2.0,1,3,0.6915,0.0,0.6915,0.0,0,0,0.052056,0.947944,1.0,-0.369374,0.677754,0.30838,0.173917,0.826083,1.0,-0.440368,0.921511,0.481143,0.440368,0.078489,0.518857
qd_001,QuickDraw,cat,inset2,public_benchmark_v1_ext33_mask_fill_edgewalk_nearestrow_safeadt_t2m5_r055_a64_rows16_p40,False,off_mask_increase,-0.14517102,0.08549564,0.09782929,0.18332493,7.0,11,18,2.0,1,3,0.6915,0.0,0.6915,0.0,0,0,0.052056,0.947944,1.0,-0.369374,0.677754,0.30838,0.173917,0.826083,1.0,-0.440368,0.921511,0.481143,0.440368,0.078489,0.518857
qd_001,QuickDraw,cat,inset2,public_benchmark_v1_ext33_mask_fill_edgewalk_nearestrow_segvalid_rows16_p40,False,off_mask_increase,0.0019639,0.00191936,0.09782929,0.09974865,-1.0,11,10,0.0,1,1,0.4714,0.0,0.4714,0.0,0,0,0.051661,0.947944,0.999605,-0.167014,0.677754,0.51074,0.151618,0.826083,0.977701,-0.142102,0.921511,0.779409,0.142102,0.078489,0.220591
qd_001,QuickDraw,cat,inset2,public_benchmark_v1_ext33_mask_fill_edgewalk_nearestrow_strict_p20_rows16,False,jump_increase,-0.06675498,0.03900772,0.09782929,0.13683701,4.0,11,15,1.0,1,2,0.0,0.0,0.0,0.0,0,0,0.051661,0.947944,0.999605,-0.137935,0.677754,0.539819,0.148915,0.826083,0.974998,-0.100004,0.921511,0.821507,0.100004,0.078489,0.178493
qd_001,QuickDraw,cat,inset2,public_benchmark_v1_ext33_mask_fill_edgewalk_nearestrow_strict_p40_rows16,False,off_mask_increase,0.0019639,0.00191936,0.09782929,0.09974865,-1.0,11,10,0.0,1,1,0.4714,0.0,0.4714,0.0,0,0,0.051661,0.947944,0.999605,-0.167014,0.677754,0.51074,0.151618,0.826083,0.977701,-0.142102,0.921511,0.779409,0.142102,0.078489,0.220591
qd_001,QuickDraw,cat,inset2,public_benchmark_v1_ext33_mask_fill_edgewalk_outline_ext_in2_rows16_p40,False,candidate_hard_fail,-2.39910503,0.30217071,0.09782929,0.4,320.0,11,331,57.0,1,58,0.0,0.0,0.0,0.0,0,0,0.052056,0.947944,1.0,-0.255283,0.677754,0.422471,0.170876,0.826083,0.996959,-0.264365,0.921511,0.657146,0.264365,0.078489,0.342854
qd_001,QuickDraw,cat,inset2,public_benchmark_v1_ext33_mask_fill_edgewalk_outline_ext_in3_rows16_p40,False,candidate_hard_fail,-2.44977013,0.30217071,0.09782929,0.4,328.0,11,339,58.0,1,59,0.0,0.0,0.0,0.0,0,0,0.051924,0.947944,0.999868,-0.241995,0.677754,0.435759,0.160656,0.826083,0.986739,-0.250556,0.921511,0.670955,0.250556,0.078489,0.329045
qd_001,QuickDraw,cat,inset2,public_benchmark_v1_ext33_mask_fill_edgewalk_outline_ext_rows16_p40,False,candidate_hard_fail,-2.40045181,0.30217071,0.09782929,0.4,320.0,11,331,57.0,1,58,0.0,0.0,0.0,0.0,0,0,0.052056,0.947944,1.0,-0.283449,0.677754,0.394305,0.173748,0.826083,0.999831,-0.30641,0.921511,0.615101,0.30641,0.078489,0.384899
qd_001,QuickDraw,cat,inset2,public_benchmark_v1_ext33_mask_fill_edgewalk_outline_rows16_p40,False,candidate_hard_fail,-2.40044657,0.30217071,0.09782929,0.4,320.0,11,331,57.0,1,58,0.0,0.0,0.0,0.0,0,0,0.052056,0.947944,1.0,-0.283347,0.677754,0.394407,0.173748,0.826083,0.999831,-0.30625,0.921511,0.615261,0.30625,0.078489,0.384739
qd_001,QuickDraw,cat,inset2,public_benchmark_v1_ext33_mask_fill_edgewalk_rows16_p24,False,candidate_hard_fail,-2.61517481,0.30217071,0.09782929,0.4,353.0,11,364,64.0,1,65,0.0,0.0,0.0,0.0,0,0,0.051661,0.947944,0.999605,-0.184164,0.677754,0.49359,0.151027,0.826083,0.97711,-0.168729,0.921511,0.752782,0.168729,0.078489,0.247218
qd_001,QuickDraw,cat,inset2,public_benchmark_v1_ext33_mask_fill_edgewalk_rows16_p40,False,candidate_hard_fail,-2.35987779,0.30217071,0.09782929,0.4,314.0,11,325,56.0,1,57,0.0,0.0,0.0,0.0,0,0,0.051924,0.947944,0.999868,-0.242495,0.677754,0.435259,0.158206,0.826083,0.984289,-0.252989,0.921511,0.668522,0.252989,0.078489,0.331478
qd_001,QuickDraw,cat,inset2,public_benchmark_v1_ext33_mask_fill_edgewalk_rows20_p24,False,candidate_hard_fail,-2.12638341,0.32617371,0.09782929,0.424003,274.0,11,285,51.0,1,52,1.0668,0.0,1.0668,0.0,0,0,0.046916,0.947944,0.99486,-0.176026,0.677754,0.501728,0.134387,0.826083,0.96047,-0.165762,0.921511,0.755749,0.165762,0.078489,0.244251
qd_001,QuickDraw,cat,inset2,public_benchmark_v1_ext33_mask_fill_edgewalk_satin_w4_s6_i3,False,candidate_hard_fail,-2.44979791,0.30217071,0.09782929,0.4,328.0,11,339,58.0,1,59,0.0,0.0,0.0,0.0,0,0,0.051924,0.947944,0.999868,-0.242095,0.677754,0.435659,0.15998,0.826083,0.986063,-0.251169,0.921511,0.670342,0.251169,0.078489,0.329658
qd_001,QuickDraw,cat,inset2,public_benchmark_v1_ext33_mask_fill_edgewalk_satin_w6_s5_i3,False,candidate_hard_fail,-2.44382269,0.30217071,0.09782929,0.4,327.0,11,338,58.0,1,59,0.0,0.0,0.0,0.0,0,0,0.051924,0.947944,0.999868,-0.242695,0.677754,0.435059,0.160149,0.826083,0.986232,-0.251977,0.921511,0.669534,0.251977,0.078489,0.330466
qd_001,QuickDraw,cat,inset2,public_benchmark_v1_ext33_mask_fill_edgewalk_satin_w8_s7_i4,False,candidate_hard_fail,-2.44986607,0.30217071,0.09782929,0.4,328.0,11,339,58.0,1,59,0.0,0.0,0.0,0.0,0,0,0.051924,0.947944,0.999868,-0.24232,0.677754,0.435434,0.158291,0.826083,0.984374,-0.252663,0.921511,0.668848,0.252663,0.078489,0.331152
qd_001,QuickDraw,cat,inset2,public_benchmark_v1_ext33_mask_fill_edgewalk_satinrail_w10_s8_i5,False,candidate_hard_fail,-2.35985847,0.30217071,0.09782929,0.4,314.0,11,325,56.0,1,57,0.0,0.0,0.0,0.0,0,0,0.051924,0.947944,0.999868,-0.24217,0.677754,0.435584,0.158291,0.826083,0.984374,-0.252433,0.921511,0.669078,0.252433,0.078489,0.330922
qd_001,QuickDraw,cat,inset2,public_benchmark_v1_ext33_mask_fill_edgewalk_satinrail_w6_s6_i3,False,candidate_hard_fail,-2.44981845,0.30217071,0.09782929,0.4,328.0,11,339,58.0,1,59,0.0,0.0,0.0,0.0,0,0,0.051924,0.947944,0.999868,-0.24222,0.677754,0.435534,0.159558,0.826083,0.985641,-0.251649,0.921511,0.669862,0.251649,0.078489,0.330138
qd_001,QuickDraw,cat,inset2,public_benchmark_v1_ext33_mask_fill_edgewalk_satinrail_w8_s7_i4,False,candidate_hard_fail,-2.44987115,0.30217071,0.09782929,0.4,328.0,11,339,58.0,1,59,0.0,0.0,0.0,0.0,0,0,0.051924,0.947944,0.999868,-0.24242,0.677754,0.435334,0.158291,0.826083,0.984374,-0.252817,0.921511,0.668694,0.252817,0.078489,0.331306
qd_001,QuickDraw,cat,inset2,public_benchmark_v1_ext33_mask_fill_edgewalk_styleaware_r008_d45,False,candidate_hard_fail,-0.32153891,0.15106959,0.09782929,0.24889888,26.0,11,37,5.0,1,6,0.0,0.0,0.0,0.0,0,0,0.018187,0.947944,0.966131,-0.050476,0.677754,0.627278,0.07129,0.826083,0.897373,-0.012467,0.921511,0.909044,0.012467,0.078489,0.090956
qd_001,QuickDraw,cat,inset2,public_benchmark_v1_ext33_mask_fill_nearestrow_strict_short_rows16,False,jump_increase,-0.19389836,0.1129709,0.09782929,0.21080019,13.0,11,24,1.0,1,2,0.0,0.0,0.0,0.0,0,0,0.051661,0.947944,0.999605,-0.119047,0.677754,0.558707,0.145367,0.826083,0.97145,-0.074354,0.921511,0.847157,0.074354,0.078489,0.152843
qd_001,QuickDraw,cat,inset2,public_benchmark_v1_ext33_mask_fill_rows12_c10,False,candidate_hard_fail,-4.16156167,0.30217071,0.09782929,0.4,595.0,11,606,96.0,1,97,0.0,0.0,0.0,0.0,0,0,0.052056,0.947944,1.0,-0.168287,0.677754,0.509467,0.173579,0.826083,0.999662,-0.126896,0.921511,0.794615,0.126896,0.078489,0.205385
qd_001,QuickDraw,cat,inset2,public_benchmark_v1_ext33_mask_fill_rows12_c6,False,candidate_hard_fail,-4.25097801,0.30217071,0.09782929,0.4,610.0,11,621,96.0,1,97,0.0,0.0,0.0,0.0,0,0,0.052056,0.947944,1.0,-0.156886,0.677754,0.520868,0.173579,0.826083,0.999662,-0.109114,0.921511,0.812397,0.109114,0.078489,0.187603
qd_001,QuickDraw,cat,inset2,public_benchmark_v1_ext33_mask_fill_rows16_c12_in025,False,candidate_hard_fail,-2.84742205,0.36854571,0.09782929,0.466375,381.0,11,392,64.0,1,65,2.95,0.0,2.95,0.0,0,0,0.051661,0.947944,0.999605,-0.140001,0.677754,0.537753,0.148239,0.826083,0.974322,-0.103716,0.921511,0.817795,0.103716,0.078489,0.182205
qd_001,QuickDraw,cat,inset2,public_benchmark_v1_ext33_mask_fill_rows16_c12_in050,False,candidate_hard_fail,-2.84742205,0.36854571,0.09782929,0.466375,381.0,11,392,64.0,1,65,2.95,0.0,2.95,0.0,0,0,0.051661,0.947944,0.999605,-0.140001,0.677754,0.537753,0.148239,0.826083,0.974322,-0.103716,0.921511,0.817795,0.103716,0.078489,0.182205
qd_001,QuickDraw,cat,inset2,public_benchmark_v1_ext33_mask_fill_rows16_c6,False,candidate_hard_fail,-2.88157151,0.30217071,0.09782929,0.4,398.0,11,409,64.0,1,65,0.0,0.0,0.0,0.0,0,0,0.051661,0.947944,0.999605,-0.108138,0.677754,0.569616,0.144776,0.826083,0.970859,-0.058339,0.921511,0.863172,0.058339,0.078489,0.136828
qd_001,QuickDraw,cat,inset2,public_benchmark_v1_ext33_mask_fill_rows20_c12_in050,False,candidate_hard_fail,-2.25855359,0.31679571,0.09782929,0.414625,298.0,11,309,51.0,1,52,0.65,0.0,0.65,0.0,0,0,0.045994,0.947944,0.993938,-0.121436,0.677754,0.556318,0.126869,0.826083,0.952952,-0.089321,0.921511,0.83219,0.089321,0.078489,0.16781
qd_001,QuickDraw,cat,inset2,public_benchmark_v1_ext33_m2_70_line_art_jump_profile,False,absolute_adaptive_coverage_too_low,0.0,0.0,0.09782929,0.09782929,0.0,11,11,0.0,1,1,0.0,0.0,0.0,0.0,0,0,0.0,0.947944,0.947944,0.0,0.677754,0.677754,0.0,0.826083,0.826083,0.0,0.921511,0.921511,0.0,0.078489,0.078489
qd_001,QuickDraw,cat,inset2,public_benchmark_v1_ext33_m2_71_maskpath_d1_c24_i090_r42_f32_min8,False,jump_increase,-0.0941929,0.05581226,0.09782929,0.15364155,6.0,11,17,1.0,1,2,0.0,0.0,0.0,0.0,0,0,-0.042831,0.947944,0.905113,-0.000236,0.677754,0.677518,0.014191,0.826083,0.840274,0.059844,0.921511,0.981355,-0.059844,0.078489,0.018645
qd_001,QuickDraw,cat,inset2,public_benchmark_v1_ext33_m2_71_maskpath_d2_c28_i085_r48_f36_min6,False,jump_increase,-0.12201308,0.07223626,0.09782929,0.17006555,8.0,11,19,1.0,1,2,0.0,0.0,0.0,0.0,0,0,-0.026884,0.947944,0.92106,0.003568,0.677754,0.681322,0.024411,0.826083,0.850494,0.060064,0.921511,0.981575,-0.060064,0.078489,0.018425
qd_001,QuickDraw,cat,inset2,public_benchmark_v1_ext33_m2_71_sg_euler_d1_c24_i090_r42_f32_min8,False,jump_increase,-0.0745071,0.04512646,0.09782929,0.14295575,4.0,11,15,2.0,1,3,0.0,0.0,0.0,0.0,0,0,-0.042831,0.947944,0.905113,-0.000236,0.677754,0.677518,0.014191,0.826083,0.840274,0.059844,0.921511,0.981355,-0.059844,0.078489,0.018645
qd_001,QuickDraw,cat,inset2,public_benchmark_v1_ext33_m2_71_sg_open_d1_c24_i090_r42_f32_min8,False,jump_increase,-0.0745071,0.04512646,0.09782929,0.14295575,4.0,11,15,2.0,1,3,0.0,0.0,0.0,0.0,0,0,-0.042831,0.947944,0.905113,-0.000236,0.677754,0.677518,0.014191,0.826083,0.840274,0.059844,0.921511,0.981355,-0.059844,0.078489,0.018645
qd_002,QuickDraw,dog,public_benchmark_v1_ext33_mask_fill_edgewalk_nearestrow_adapt_t2_m5_rows16_p40,public_benchmark_v1_core20_auto_hybrid_skeleton_connect12_trimcap20,False,jump_increase,-0.15283895,0.08903729,0.07256709,0.16160438,10.0,8,18,1.0,1,2,0.0,0.0,0.0,0.0,0,0,-0.0273,0.99175,0.96445,0.006244,0.723491,0.729735,-0.025773,0.88561,0.859837,0.006746,0.964153,0.970899,-0.006746,0.035847,0.029101
qd_002,QuickDraw,dog,public_benchmark_v1_ext33_mask_fill_edgewalk_nearestrow_adapt_t2_m5_rows16_p40,public_benchmark_v1_core20_source_aware_hybrid_skeleton,False,candidate_hard_fail,-0.75474692,0.24132838,0.07256709,0.31389547,79.0,8,87,13.0,1,14,0.0,0.0,0.0,0.0,0,0,-0.034337,0.99175,0.957413,0.029108,0.723491,0.752599,-0.041626,0.88561,0.843984,0.025928,0.964153,0.990081,-0.025928,0.035847,0.009919
qd_002,QuickDraw,dog,public_benchmark_v1_ext33_mask_fill_edgewalk_nearestrow_adapt_t2_m5_rows16_p40,public_benchmark_v1_core20_source_aware_hybrid_skeleton_connect12,False,jump_increase,-0.15283895,0.08903729,0.07256709,0.16160438,10.0,8,18,1.0,1,2,0.0,0.0,0.0,0.0,0,0,-0.0273,0.99175,0.96445,0.006244,0.723491,0.729735,-0.025773,0.88561,0.859837,0.006746,0.964153,0.970899,-0.006746,0.035847,0.029101
qd_002,QuickDraw,dog,public_benchmark_v1_ext33_mask_fill_edgewalk_nearestrow_adapt_t2_m5_rows16_p40,public_benchmark_v1_core20_source_aware_hybrid_skeleton_connect12_trimcap20,False,jump_increase,-0.15283895,0.08903729,0.07256709,0.16160438,10.0,8,18,1.0,1,2,0.0,0.0,0.0,0.0,0,0,-0.0273,0.99175,0.96445,0.006244,0.723491,0.729735,-0.025773,0.88561,0.859837,0.006746,0.964153,0.970899,-0.006746,0.035847,0.029101
qd_002,QuickDraw,dog,public_benchmark_v1_ext33_mask_fill_edgewalk_nearestrow_adapt_t2_m5_rows16_p40,public_benchmark_v1_ext33_all_skeleton_connect20_trimcap20,False,jump_increase,-0.08154819,0.04756325,0.07256709,0.12013034,5.0,8,13,1.0,1,2,0.0,0.0,0.0,0.0,0,0,-0.023417,0.99175,0.968333,-0.002859,0.723491,0.720632,-0.020082,0.88561,0.865528,-0.002889,0.964153,0.961264,0.002889,0.035847,0.038736
qd_002,QuickDraw,dog,public_benchmark_v1_ext33_mask_fill_edgewalk_nearestrow_adapt_t2_m5_rows16_p40,public_benchmark_v1_ext33_all_skeleton_connect30_min12_trimcap20,False,jump_increase,-0.03069782,0.01671688,0.07256709,0.08928397,2.0,8,10,0.0,1,1,0.0,0.0,0.0,0.0,0,0,-0.035186,0.99175,0.956564,-0.021318,0.723491,0.702173,-0.023171,0.88561,0.862439,-0.019372,0.964153,0.944781,0.019372,0.035847,0.055219
qd_002,QuickDraw,dog,public_benchmark_v1_ext33_mask_fill_edgewalk_nearestrow_adapt_t2_m5_rows16_p40,public_benchmark_v1_ext33_all_skeleton_connect30_min20_trimcap20,False,jump_increase,-0.03179222,0.01671688,0.07256709,0.08928397,2.0,8,10,0.0,1,1,0.0,0.0,0.0,0.0,0,0,-0.051687,0.99175,0.940063,-0.033738,0.723491,0.689753,-0.035285,0.88561,0.850325,-0.033057,0.964153,0.931096,0.033057,0.035847,0.068904
qd_002,QuickDraw,dog,public_benchmark_v1_ext33_mask_fill_edgewalk_nearestrow_adapt_t2_m5_rows16_p40,public_benchmark_v1_ext33_all_skeleton_connect30_min8_trimcap20,False,jump_increase,-0.03052766,0.01671688,0.07256709,0.08928397,2.0,8,10,0.0,1,1,0.0,0.0,0.0,0.0,0,0,-0.031304,0.99175,0.960446,-0.020471,0.723491,0.70302,-0.020082,0.88561,0.865528,-0.018682,0.964153,0.945471,0.018682,0.035847,0.054529
qd_002,QuickDraw,dog,public_benchmark_v1_ext33_mask_fill_edgewalk_nearestrow_adapt_t2_m5_rows16_p40,public_benchmark_v1_ext33_all_skeleton_connect30_trimcap20,False,jump_increase,-0.02985162,0.01671688,0.07256709,0.08928397,2.0,8,10,0.0,1,1,0.0,0.0,0.0,0.0,0,0,-0.023417,0.99175,0.968333,-0.010965,0.723491,0.712526,-0.014634,0.88561,0.870976,-0.007721,0.964153,0.956432,0.007721,0.035847,0.043568
qd_002,QuickDraw,dog,public_benchmark_v1_ext33_mask_fill_edgewalk_nearestrow_adapt_t2_m5_rows16_p40,public_benchmark_v1_ext33_auto_hybrid_evalrepair_r10_c20_trimcap20,False,jump_increase,-0.08154819,0.04756325,0.07256709,0.12013034,5.0,8,13,1.0,1,2,0.0,0.0,0.0,0.0,0,0,-0.023417,0.99175,0.968333,-0.002859,0.723491,0.720632,-0.020082,0.88561,0.865528,-0.002889,0.964153,0.961264,0.002889,0.035847,0.038736
qd_002,QuickDraw,dog,public_benchmark_v1_ext33_mask_fill_edgewalk_nearestrow_adapt_t2_m5_rows16_p40,public_benchmark_v1_ext33_auto_hybrid_evalrepair_r10_inside085_c20_trimcap20,False,jump_increase,-0.08154819,0.04756325,0.07256709,0.12013034,5.0,8,13,1.0,1,2,0.0,0.0,0.0,0.0,0,0,-0.023417,0.99175,0.968333,-0.002859,0.723491,0.720632,-0.020082,0.88561,0.865528,-0.002889,0.964153,0.961264,0.002889,0.035847,0.038736
qd_002,QuickDraw,dog,public_benchmark_v1_ext33_mask_fill_edgewalk_nearestrow_adapt_t2_m5_rows16_p40,public_benchmark_v1_ext33_auto_hybrid_evalrepair_r10_inside090_c20_trimcap20,False,jump_increase,-0.08154819,0.04756325,0.07256709,0.12013034,5.0,8,13,1.0,1,2,0.0,0.0,0.0,0.0,0,0,-0.023417,0.99175,0.968333,-0.002859,0.723491,0.720632,-0.020082,0.88561,0.865528,-0.002889,0.964153,0.961264,0.002889,0.035847,0.038736
qd_002,QuickDraw,dog,public_benchmark_v1_ext33_mask_fill_edgewalk_nearestrow_adapt_t2_m5_rows16_p40,public_benchmark_v1_ext33_auto_hybrid_evalrepair_r15_c20_trimcap20,False,jump_increase,-0.08154819,0.04756325,0.07256709,0.12013034,5.0,8,13,1.0,1,2,0.0,0.0,0.0,0.0,0,0,-0.023417,0.99175,0.968333,-0.002859,0.723491,0.720632,-0.020082,0.88561,0.865528,-0.002889,0.964153,0.961264,0.002889,0.035847,0.038736
qd_002,QuickDraw,dog,public_benchmark_v1_ext33_mask_fill_edgewalk_nearestrow_adapt_t2_m5_rows16_p40,public_benchmark_v1_ext33_auto_hybrid_evalrepair_r15_inside090_c20_trimcap20,False,jump_increase,-0.08154819,0.04756325,0.07256709,0.12013034,5.0,8,13,1.0,1,2,0.0,0.0,0.0,0.0,0,0,-0.023417,0.99175,0.968333,-0.002859,0.723491,0.720632,-0.020082,0.88561,0.865528,-0.002889,0.964153,0.961264,0.002889,0.035847,0.038736
qd_002,QuickDraw,dog,public_benchmark_v1_ext33_mask_fill_edgewalk_nearestrow_adapt_t2_m5_rows16_p40,public_benchmark_v1_ext33_auto_hybrid_r10_c16_trimcap20,False,jump_increase,-0.110001,0.06416706,0.07256709,0.13673415,7.0,8,15,1.0,1,2,0.0,0.0,0.0,0.0,0,0,-0.023417,0.99175,0.968333,0.002516,0.723491,0.726007,-0.022439,0.88561,0.863171,0.001643,0.964153,0.965796,-0.001643,0.035847,0.034204
qd_002,QuickDraw,dog,public_benchmark_v1_ext33_mask_fill_edgewalk_nearestrow_adapt_t2_m5_rows16_p40,public_benchmark_v1_ext33_auto_hybrid_r10_c20_trimcap20,False,jump_increase,-0.08154819,0.04756325,0.07256709,0.12013034,5.0,8,13,1.0,1,2,0.0,0.0,0.0,0.0,0,0,-0.023417,0.99175,0.968333,-0.002859,0.723491,0.720632,-0.020082,0.88561,0.865528,-0.002889,0.964153,0.961264,0.002889,0.035847,0.038736
qd_002,QuickDraw,dog,public_benchmark_v1_ext33_mask_fill_edgewalk_nearestrow_adapt_t2_m5_rows16_p40,public_benchmark_v1_ext33_auto_hybrid_r125_c16_trimcap20,False,jump_increase,-0.110001,0.06416706,0.07256709,0.13673415,7.0,8,15,1.0,1,2,0.0,0.0,0.0,0.0,0,0,-0.023417,0.99175,0.968333,0.002516,0.723491,0.726007,-0.022439,0.88561,0.863171,0.001643,0.964153,0.965796,-0.001643,0.035847,0.034204
qd_002,QuickDraw,dog,public_benchmark_v1_ext33_mask_fill_edgewalk_nearestrow_adapt_t2_m5_rows16_p40,public_benchmark_v1_ext33_auto_hybrid_r125_c20_trimcap20,False,jump_increase,-0.08154819,0.04756325,0.07256709,0.12013034,5.0,8,13,1.0,1,2,0.0,0.0,0.0,0.0,0,0,-0.023417,0.99175,0.968333,-0.002859,0.723491,0.720632,-0.020082,0.88561,0.865528,-0.002889,0.964153,0.961264,0.002889,0.035847,0.038736
qd_002,QuickDraw,dog,public_benchmark_v1_ext33_mask_fill_edgewalk_nearestrow_adapt_t2_m5_rows16_p40,public_benchmark_v1_ext33_auto_hybrid_skeleton_connect12_trimcap20,False,jump_increase,-0.15283895,0.08903729,0.07256709,0.16160438,10.0,8,18,1.0,1,2,0.0,0.0,0.0,0.0,0,0,-0.0273,0.99175,0.96445,0.006244,0.723491,0.729735,-0.025773,0.88561,0.859837,0.006746,0.964153,0.970899,-0.006746,0.035847,0.029101
qd_002,QuickDraw,dog,public_benchmark_v1_ext33_mask_fill_edgewalk_nearestrow_adapt_t2_m5_rows16_p40,public_benchmark_v1_ext33_b0_m2_1_globalrepair20,False,candidate_hard_fail,-0.62816404,0.45268812,0.07256709,0.52525521,25.0,8,33,2.0,1,3,7284.4015,0.0,7284.4015,1688.0,0,1688,-0.006067,0.99175,0.985683,-0.451212,0.723491,0.272279,0.058455,0.88561,0.944065,-0.574972,0.964153,0.389181,0.574972,0.035847,0.610819
qd_002,QuickDraw,dog,public_benchmark_v1_ext33_mask_fill_edgewalk_nearestrow_adapt_t2_m5_rows16_p40,public_benchmark_v1_ext33_m2_4_coverage_rerank,False,jump_increase,-0.08154819,0.04756325,0.07256709,0.12013034,5.0,8,13,1.0,1,2,0.0,0.0,0.0,0.0,0,0,-0.023417,0.99175,0.968333,-0.002859,0.723491,0.720632,-0.020082,0.88561,0.865528,-0.002889,0.964153,0.961264,0.002889,0.035847,0.038736
qd_002,QuickDraw,dog,public_benchmark_v1_ext33_mask_fill_edgewalk_nearestrow_adapt_t2_m5_rows16_p40,public_benchmark_v1_ext33_m2_4_coverage_rerank_connect30,False,jump_increase,-0.02985162,0.01671688,0.07256709,0.08928397,2.0,8,10,0.0,1,1,0.0,0.0,0.0,0.0,0,0,-0.023417,0.99175,0.968333,-0.010965,0.723491,0.712526,-0.014634,0.88561,0.870976,-0.007721,0.964153,0.956432,0.007721,0.035847,0.043568
qd_002,QuickDraw,dog,public_benchmark_v1_ext33_mask_fill_edgewalk_nearestrow_adapt_t2_m5_rows16_p40,public_benchmark_v1_ext33_m2_4_coverage_rerank_min12,False,jump_increase,-0.03069782,0.01671688,0.07256709,0.08928397,2.0,8,10,0.0,1,1,0.0,0.0,0.0,0.0,0,0,-0.035186,0.99175,0.956564,-0.021318,0.723491,0.702173,-0.023171,0.88561,0.862439,-0.019372,0.964153,0.944781,0.019372,0.035847,0.055219
qd_002,QuickDraw,dog,public_benchmark_v1_ext33_mask_fill_edgewalk_nearestrow_adapt_t2_m5_rows16_p40,public_benchmark_v1_ext33_m2_4_coverage_rerank_min20,False,jump_increase,-0.03179222,0.01671688,0.07256709,0.08928397,2.0,8,10,0.0,1,1,0.0,0.0,0.0,0.0,0,0,-0.051687,0.99175,0.940063,-0.033738,0.723491,0.689753,-0.035285,0.88561,0.850325,-0.033057,0.964153,0.931096,0.033057,0.035847,0.068904
qd_002,QuickDraw,dog,public_benchmark_v1_ext33_mask_fill_edgewalk_nearestrow_adapt_t2_m5_rows16_p40,public_benchmark_v1_ext33_m2_4_coverage_rerank_min8,False,jump_increase,-0.03052766,0.01671688,0.07256709,0.08928397,2.0,8,10,0.0,1,1,0.0,0.0,0.0,0.0,0,0,-0.031304,0.99175,0.960446,-0.020471,0.723491,0.70302,-0.020082,0.88561,0.865528,-0.018682,0.964153,0.945471,0.018682,0.035847,0.054529
qd_002,QuickDraw,dog,public_benchmark_v1_ext33_mask_fill_edgewalk_nearestrow_adapt_t2_m5_rows16_p40,public_benchmark_v1_ext33_m2_51_sweeptuned_gate_balanced_applied,False,strict_precision_drop,0.06072398,-0.03919466,0.07256709,0.03337243,-4.0,8,4,-1.0,1,0,0.0,0.0,0.0,0.0,0,0,0.007886,0.99175,0.999636,-0.193072,0.723491,0.530419,0.097398,0.88561,0.983008,-0.185746,0.964153,0.778407,0.185746,0.035847,0.221593
qd_002,QuickDraw,dog,public_benchmark_v1_ext33_mask_fill_edgewalk_nearestrow_adapt_t2_m5_rows16_p40,public_benchmark_v1_ext33_m2_51_sweeptuned_gate_low_jump_applied,False,strict_precision_drop,0.06338653,-0.03920055,0.07256709,0.03336654,-4.0,8,4,-1.0,1,0,0.0,0.0,0.0,0.0,0,0,0.006066,0.99175,0.997816,-0.122892,0.723491,0.600599,0.07626,0.88561,0.96187,-0.100135,0.964153,0.864018,0.100135,0.035847,0.135982
qd_002,QuickDraw,dog,public_benchmark_v1_ext33_mask_fill_edgewalk_nearestrow_adapt_t2_m5_rows16_p40,public_benchmark_v1_ext33_m2_55_line_domain_guard_low_jump,False,strict_precision_drop,0.06338653,-0.03920055,0.07256709,0.03336654,-4.0,8,4,-1.0,1,0,0.0,0.0,0.0,0.0,0,0,0.006066,0.99175,0.997816,-0.122892,0.723491,0.600599,0.07626,0.88561,0.96187,-0.100135,0.964153,0.864018,0.100135,0.035847,0.135982
qd_002,QuickDraw,dog,public_benchmark_v1_ext33_mask_fill_edgewalk_nearestrow_adapt_t2_m5_rows16_p40,public_benchmark_v1_ext33_m2_56_line_stroke_d0_c12_i090,False,jump_increase,-0.22415622,0.13034884,0.07256709,0.20291593,15.0,8,23,1.0,1,2,0.0,0.0,0.0,0.0,0,0,-0.044043,0.99175,0.947707,0.024832,0.723491,0.748323,-0.046179,0.88561,0.839431,0.025021,0.964153,0.989174,-0.025021,0.035847,0.010826
qd_002,QuickDraw,dog,public_benchmark_v1_ext33_mask_fill_edgewalk_nearestrow_adapt_t2_m5_rows16_p40,public_benchmark_v1_ext33_m2_56_line_stroke_d0_c12_i090_min12,False,jump_increase,-0.22460843,0.13035883,0.07256709,0.20292592,15.0,8,23,1.0,1,2,0.0,0.0,0.0,0.0,0,0,-0.054841,0.99175,0.936909,0.022957,0.723491,0.746448,-0.054553,0.88561,0.831057,0.023957,0.964153,0.98811,-0.023957,0.035847,0.01189
qd_002,QuickDraw,dog,public_benchmark_v1_ext33_mask_fill_edgewalk_nearestrow_adapt_t2_m5_rows16_p40,public_benchmark_v1_ext33_m2_56_line_stroke_d0_c12_i090_min20,False,jump_increase,-0.24021504,0.13867968,0.07256709,0.21124677,16.0,8,24,1.0,1,2,0.0,0.0,0.0,0.0,0,0,-0.088814,0.99175,0.902936,0.023923,0.723491,0.747414,-0.085773,0.88561,0.799837,0.023896,0.964153,0.988049,-0.023896,0.035847,0.011951
qd_002,QuickDraw,dog,public_benchmark_v1_ext33_mask_fill_edgewalk_nearestrow_adapt_t2_m5_rows16_p40,public_benchmark_v1_ext33_m2_56_line_stroke_d0_c12_i090_min30,False,jump_increase,-0.22243494,0.12858508,0.07256709,0.20115217,14.0,8,22,2.0,1,3,0.0,0.0,0.0,0.0,0,0,-0.120966,0.99175,0.870784,0.021784,0.723491,0.745275,-0.114309,0.88561,0.771301,0.020998,0.964153,0.985151,-0.020998,0.035847,0.014849
qd_002,QuickDraw,dog,public_benchmark_v1_ext33_mask_fill_edgewalk_nearestrow_adapt_t2_m5_rows16_p40,public_benchmark_v1_ext33_m2_56_line_stroke_d0_c8_i095,False,jump_increase,-0.22375466,0.13046826,0.07256709,0.20303535,15.0,8,23,1.0,1,2,0.0,0.0,0.0,0.0,0,0,-0.030333,0.99175,0.961417,0.025399,0.723491,0.74889,-0.034553,0.88561,0.851057,0.025167,0.964153,0.98932,-0.025167,0.035847,0.01068
qd_002,QuickDraw,dog,public_benchmark_v1_ext33_mask_fill_edgewalk_nearestrow_adapt_t2_m5_rows16_p40,public_benchmark_v1_ext33_m2_56_line_stroke_d1_c10_i090,False,off_mask_increase,-0.21075818,0.12950734,0.07256709,0.20207443,13.0,8,21,1.0,1,2,0.6915,0.0,0.6915,0.0,0,0,-0.027906,0.99175,0.963844,0.022565,0.723491,0.746056,-0.030651,0.88561,0.854959,0.02345,0.964153,0.987603,-0.02345,0.035847,0.012397
qd_002,QuickDraw,dog,public_benchmark_v1_ext33_mask_fill_edgewalk_nearestrow_adapt_t2_m5_rows16_p40,public_benchmark_v1_ext33_m2_56_line_stroke_d1_c12_i090_min20,False,off_mask_increase,-0.24211957,0.14683779,0.07256709,0.21940488,15.0,8,23,1.0,1,2,0.7302,0.0,0.7302,0.0,0,0,-0.080927,0.99175,0.910823,0.022583,0.723491,0.746074,-0.078374,0.88561,0.807236,0.022629,0.964153,0.986782,-0.022629,0.035847,0.013218
qd_002,QuickDraw,dog,public_benchmark_v1_ext33_mask_fill_edgewalk_nearestrow_adapt_t2_m5_rows16_p40,public_benchmark_v1_ext33_m2_56_line_stroke_d1_c6_i095,False,jump_increase,-0.25267866,0.14685518,0.07256709,0.21942227,17.0,8,25,1.0,1,2,0.0,0.0,0.0,0.0,0,0,-0.045135,0.99175,0.946615,0.027062,0.723491,0.750553,-0.048943,0.88561,0.836667,0.025842,0.964153,0.989995,-0.025842,0.035847,0.010005
qd_002,QuickDraw,dog,public_benchmark_v1_ext33_mask_fill_edgewalk_nearestrow_adapt_t2_m5_rows16_p40,public_benchmark_v1_ext33_m2_56_line_stroke_d2_c12_i085_min20,False,off_mask_increase,-0.24211957,0.14683779,0.07256709,0.21940488,15.0,8,23,1.0,1,2,0.7302,0.0,0.7302,0.0,0,0,-0.080927,0.99175,0.910823,0.022583,0.723491,0.746074,-0.078374,0.88561,0.807236,0.022629,0.964153,0.986782,-0.022629,0.035847,0.013218
qd_002,QuickDraw,dog,public_benchmark_v1_ext33_mask_fill_edgewalk_nearestrow_adapt_t2_m5_rows16_p40,public_benchmark_v1_ext33_m2_56_line_stroke_d3_c18,False,candidate_hard_fail,-0.41135735,0.35973243,0.07256709,0.43229952,8.0,8,16,1.0,1,2,17.8271,0.0,17.8271,5.0,0,5,-0.023417,0.99175,0.968333,0.00804,0.723491,0.731531,-0.023577,0.88561,0.862033,0.007708,0.964153,0.971861,-0.007708,0.035847,0.028139
qd_002,QuickDraw,dog,public_benchmark_v1_ext33_mask_fill_edgewalk_nearestrow_adapt_t2_m5_rows16_p40,public_benchmark_v1_ext33_m2_56_line_stroke_selector_probe,False,strict_precision_drop,0.06338653,-0.03920055,0.07256709,0.03336654,-4.0,8,4,-1.0,1,0,0.0,0.0,0.0,0.0,0,0,0.006066,0.99175,0.997816,-0.122892,0.723491,0.600599,0.07626,0.88561,0.96187,-0.100135,0.964153,0.864018,0.100135,0.035847,0.135982
qd_002,QuickDraw,dog,public_benchmark_v1_ext33_mask_fill_edgewalk_nearestrow_adapt_t2_m5_rows16_p40,public_benchmark_v1_ext33_m2_57_topology_open_d0_c12_i090_min12,False,jump_increase,-0.11009997,0.06410333,0.07256709,0.13667042,7.0,8,15,1.0,1,2,0.0,0.0,0.0,0.0,0,0,-0.049624,0.99175,0.942126,0.027912,0.723491,0.751403,-0.053903,0.88561,0.831707,0.025783,0.964153,0.989936,-0.025783,0.035847,0.010064
qd_002,QuickDraw,dog,public_benchmark_v1_ext33_mask_fill_edgewalk_nearestrow_adapt_t2_m5_rows16_p40,public_benchmark_v1_ext33_m2_57_topology_open_d0_c12_i090_min20,False,jump_increase,-0.12518307,0.07223943,0.07256709,0.14480652,8.0,8,16,1.0,1,2,0.0,0.0,0.0,0.0,0,0,-0.074861,0.99175,0.916889,0.028449,0.723491,0.75194,-0.076667,0.88561,0.808943,0.025897,0.964153,0.99005,-0.025897,0.035847,0.00995
qd_002,QuickDraw,dog,public_benchmark_v1_ext33_mask_fill_edgewalk_nearestrow_adapt_t2_m5_rows16_p40,public_benchmark_v1_ext33_m2_57_topology_open_d0_c12_i090_min30,False,jump_increase,-0.14181833,0.08076383,0.07256709,0.15333092,9.0,8,17,1.0,1,2,0.0,0.0,0.0,0.0,0,0,-0.130794,0.99175,0.860956,0.025032,0.723491,0.748523,-0.122683,0.88561,0.762927,0.02572,0.964153,0.989873,-0.02572,0.035847,0.010127
qd_002,QuickDraw,dog,public_benchmark_v1_ext33_mask_fill_edgewalk_nearestrow_adapt_t2_m5_rows16_p40,public_benchmark_v1_ext33_m2_57_topology_open_d0_c16_i085_min20,False,jump_increase,-0.12518307,0.07223943,0.07256709,0.14480652,8.0,8,16,1.0,1,2,0.0,0.0,0.0,0.0,0,0,-0.074861,0.99175,0.916889,0.028449,0.723491,0.75194,-0.076667,0.88561,0.808943,0.025897,0.964153,0.99005,-0.025897,0.035847,0.00995
qd_002,QuickDraw,dog,public_benchmark_v1_ext33_mask_fill_edgewalk_nearestrow_adapt_t2_m5_rows16_p40,public_benchmark_v1_ext33_m2_57_topology_open_d0_c20_i080_min30,False,jump_increase,-0.11222437,0.06414623,0.07256709,0.13671332,7.0,8,15,1.0,1,2,0.0,0.0,0.0,0.0,0,0,-0.105072,0.99175,0.886678,0.028284,0.723491,0.751775,-0.10309,0.88561,0.78252,0.025971,0.964153,0.990124,-0.025971,0.035847,0.009876
qd_002,QuickDraw,dog,public_benchmark_v1_ext33_mask_fill_edgewalk_nearestrow_adapt_t2_m5_rows16_p40,public_benchmark_v1_ext33_m2_57_topology_open_d0_c20_i080_min40,False,jump_increase,-0.11402449,0.06422207,0.07256709,0.13678916,7.0,8,15,1.0,1,2,0.0,0.0,0.0,0.0,0,0,-0.150449,0.99175,0.841301,0.02138,0.723491,0.744871,-0.136586,0.88561,0.749024,0.025534,0.964153,0.989687,-0.025534,0.035847,0.010313
qd_002,QuickDraw,dog,public_benchmark_v1_ext33_mask_fill_edgewalk_nearestrow_adapt_t2_m5_rows16_p40,public_benchmark_v1_ext33_m2_57_topology_open_d0_c24_i075_min40,False,jump_increase,-0.11402449,0.06422207,0.07256709,0.13678916,7.0,8,15,1.0,1,2,0.0,0.0,0.0,0.0,0,0,-0.150449,0.99175,0.841301,0.02138,0.723491,0.744871,-0.136586,0.88561,0.749024,0.025534,0.964153,0.989687,-0.025534,0.035847,0.010313
qd_002,QuickDraw,dog,public_benchmark_v1_ext33_mask_fill_edgewalk_nearestrow_adapt_t2_m5_rows16_p40,public_benchmark_v1_ext33_m2_57_topology_open_d0_c24_i075_min60,False,jump_increase,-0.12070994,0.06425088,0.07256709,0.13681797,7.0,8,15,1.0,1,2,0.0,0.0,0.0,0.0,0,0,-0.326014,0.99175,0.665736,0.020913,0.723491,0.744404,-0.292846,0.88561,0.592764,0.024994,0.964153,0.989147,-0.024994,0.035847,0.010853
qd_002,QuickDraw,dog,public_benchmark_v1_ext33_mask_fill_edgewalk_nearestrow_adapt_t2_m5_rows16_p40,public_benchmark_v1_ext33_m2_57_topology_open_d0_c30_i070_min100,False,off_mask_increase,-0.08486542,0.0783455,0.07256709,0.15091259,-1.0,8,7,-1.0,1,0,2.7023,0.0,2.7023,1.0,0,1,-0.430721,0.99175,0.561029,0.022917,0.723491,0.746408,-0.38935,0.88561,0.49626,0.021158,0.964153,0.985311,-0.021158,0.035847,0.014689
qd_002,QuickDraw,dog,public_benchmark_v1_ext33_mask_fill_edgewalk_nearestrow_adapt_t2_m5_rows16_p40,public_benchmark_v1_ext33_m2_57_topology_open_d0_c30_i070_min80,False,off_mask_increase,-0.14927873,0.11778437,0.07256709,0.19035146,3.0,8,11,0.0,1,1,2.7023,0.0,2.7023,1.0,0,1,-0.375516,0.99175,0.616234,0.01495,0.723491,0.738441,-0.334878,0.88561,0.550732,0.020726,0.964153,0.984879,-0.020726,0.035847,0.015121
qd_002,QuickDraw,dog,public_benchmark_v1_ext33_mask_fill_edgewalk_nearestrow_adapt_t2_m5_rows16_p40,public_benchmark_v1_ext33_m2_57_topology_open_d1_c16_i085_min20,False,off_mask_increase,-0.1970286,0.15009522,0.07256709,0.22266231,7.0,8,15,1.0,1,2,2.4299,0.0,2.4299,1.0,0,1,-0.072434,0.99175,0.919316,0.026336,0.723491,0.749827,-0.074147,0.88561,0.811463,0.023576,0.964153,0.987729,-0.023576,0.035847,0.012271
qd_002,QuickDraw,dog,public_benchmark_v1_ext33_mask_fill_edgewalk_nearestrow_adapt_t2_m5_rows16_p40,public_benchmark_v1_ext33_m2_57_topology_open_d1_c20_i080_min20,False,off_mask_increase,-0.1970286,0.15009522,0.07256709,0.22266231,7.0,8,15,1.0,1,2,2.4299,0.0,2.4299,1.0,0,1,-0.072434,0.99175,0.919316,0.026336,0.723491,0.749827,-0.074147,0.88561,0.811463,0.023576,0.964153,0.987729,-0.023576,0.035847,0.012271
qd_002,QuickDraw,dog,public_benchmark_v1_ext33_mask_fill_edgewalk_nearestrow_adapt_t2_m5_rows16_p40,public_benchmark_v1_ext33_m2_57_topology_open_d1_c24_i070_min60,False,off_mask_increase,-0.19866985,0.14876331,0.07256709,0.2213304,6.0,8,14,1.0,1,2,2.7023,0.0,2.7023,1.0,0,1,-0.308785,0.99175,0.682965,0.019219,0.723491,0.74271,-0.277886,0.88561,0.607724,0.022125,0.964153,0.986278,-0.022125,0.035847,0.013722
qd_002,QuickDraw,dog,public_benchmark_v1_ext33_mask_fill_edgewalk_nearestrow_adapt_t2_m5_rows16_p40,public_benchmark_v1_ext33_m2_57_topology_open_d1_c24_i075_min40,False,off_mask_increase,-0.18587619,0.14207787,0.07256709,0.21464496,6.0,8,14,1.0,1,2,2.4299,0.0,2.4299,1.0,0,1,-0.148023,0.99175,0.843727,0.01914,0.723491,0.742631,-0.134065,0.88561,0.751545,0.023032,0.964153,0.987185,-0.023032,0.035847,0.012815
qd_002,QuickDraw,dog,public_benchmark_v1_ext33_mask_fill_edgewalk_nearestrow_adapt_t2_m5_rows16_p40,public_benchmark_v1_ext33_m2_57_topology_open_d1_c30_i065_min80,False,off_mask_increase,-0.21039183,0.18483187,0.07256709,0.25739896,2.0,8,10,0.0,1,1,4.6822,0.0,4.6822,2.0,0,2,-0.374424,0.99175,0.617326,0.011982,0.723491,0.735473,-0.333334,0.88561,0.552276,0.017778,0.964153,0.981931,-0.017778,0.035847,0.018069
qd_002,QuickDraw,dog,public_benchmark_v1_ext33_mask_fill_edgewalk_nearestrow_adapt_t2_m5_rows16_p40,public_benchmark_v1_ext33_m2_57_topology_open_d2_c20_i075_min20,False,off_mask_increase,-0.25644099,0.21544687,0.07256709,0.28801396,6.0,8,14,1.0,1,2,4.3404,0.0,4.3404,2.0,0,2,-0.072434,0.99175,0.919316,0.024559,0.723491,0.74805,-0.073659,0.88561,0.811951,0.021828,0.964153,0.985981,-0.021828,0.035847,0.014019
qd_002,QuickDraw,dog,public_benchmark_v1_ext33_mask_fill_edgewalk_nearestrow_adapt_t2_m5_rows16_p40,public_benchmark_v1_ext33_m2_57_topology_relative_rescue,False,strict_precision_drop,0.06338653,-0.03920055,0.07256709,0.03336654,-4.0,8,4,-1.0,1,0,0.0,0.0,0.0,0.0,0,0,0.006066,0.99175,0.997816,-0.122892,0.723491,0.600599,0.07626,0.88561,0.96187,-0.100135,0.964153,0.864018,0.100135,0.035847,0.135982
qd_002,QuickDraw,dog,public_benchmark_v1_ext33_mask_fill_edgewalk_nearestrow_adapt_t2_m5_rows16_p40,public_benchmark_v1_ext33_m2_57_topology_selector_probe_min100,False,strict_precision_drop,0.06338653,-0.03920055,0.07256709,0.03336654,-4.0,8,4,-1.0,1,0,0.0,0.0,0.0,0.0,0,0,0.006066,0.99175,0.997816,-0.122892,0.723491,0.600599,0.07626,0.88561,0.96187,-0.100135,0.964153,0.864018,0.100135,0.035847,0.135982
qd_002,QuickDraw,dog,public_benchmark_v1_ext33_mask_fill_edgewalk_nearestrow_adapt_t2_m5_rows16_p40,public_benchmark_v1_ext33_m2_57_topology_selector_probe_min100_j14,False,strict_precision_drop,0.06338653,-0.03920055,0.07256709,0.03336654,-4.0,8,4,-1.0,1,0,0.0,0.0,0.0,0.0,0,0,0.006066,0.99175,0.997816,-0.122892,0.723491,0.600599,0.07626,0.88561,0.96187,-0.100135,0.964153,0.864018,0.100135,0.035847,0.135982
qd_002,QuickDraw,dog,public_benchmark_v1_ext33_mask_fill_edgewalk_nearestrow_adapt_t2_m5_rows16_p40,public_benchmark_v1_ext33_m2_58_coverage_aware_relative_rescue,False,strict_precision_drop,0.06338653,-0.03920055,0.07256709,0.03336654,-4.0,8,4,-1.0,1,0,0.0,0.0,0.0,0.0,0,0,0.006066,0.99175,0.997816,-0.122892,0.723491,0.600599,0.07626,0.88561,0.96187,-0.100135,0.964153,0.864018,0.100135,0.035847,0.135982
qd_002,QuickDraw,dog,public_benchmark_v1_ext33_mask_fill_edgewalk_nearestrow_adapt_t2_m5_rows16_p40,public_benchmark_v1_ext33_m2_59_anchored_quality_rescue_selector,False,strict_precision_drop,0.06338653,-0.03920055,0.07256709,0.03336654,-4.0,8,4,-1.0,1,0,0.0,0.0,0.0,0.0,0,0,0.006066,0.99175,0.997816,-0.122892,0.723491,0.600599,0.07626,0.88561,0.96187,-0.100135,0.964153,0.864018,0.100135,0.035847,0.135982
qd_002,QuickDraw,dog,public_benchmark_v1_ext33_mask_fill_edgewalk_nearestrow_adapt_t2_m5_rows16_p40,public_benchmark_v1_ext33_m2_59_grouped_topology_g_d0_c16_i085_s4_min12_p80,False,jump_increase,-0.16223675,0.09536419,0.07256709,0.16793128,10.0,8,18,2.0,1,3,0.0,0.0,0.0,0.0,0,0,-0.045135,0.99175,0.946615,0.026846,0.723491,0.750337,-0.049838,0.88561,0.835772,0.024499,0.964153,0.988652,-0.024499,0.035847,0.011348
qd_002,QuickDraw,dog,public_benchmark_v1_ext33_mask_fill_edgewalk_nearestrow_adapt_t2_m5_rows16_p40,public_benchmark_v1_ext33_m2_59_grouped_topology_g_d0_c16_i090_s3_min20_p80,False,jump_increase,-0.16331692,0.09550052,0.07256709,0.16806761,10.0,8,18,2.0,1,3,0.0,0.0,0.0,0.0,0,0,-0.07025,0.99175,0.9215,0.027374,0.723491,0.750865,-0.072521,0.88561,0.813089,0.024577,0.964153,0.98873,-0.024577,0.035847,0.01127
qd_002,QuickDraw,dog,public_benchmark_v1_ext33_mask_fill_edgewalk_nearestrow_adapt_t2_m5_rows16_p40,public_benchmark_v1_ext33_m2_59_grouped_topology_g_d0_c18_i092_s4_min12_p100,False,jump_increase,-0.16223675,0.09536419,0.07256709,0.16793128,10.0,8,18,2.0,1,3,0.0,0.0,0.0,0.0,0,0,-0.045135,0.99175,0.946615,0.026846,0.723491,0.750337,-0.049838,0.88561,0.835772,0.024499,0.964153,0.988652,-0.024499,0.035847,0.011348
qd_002,QuickDraw,dog,public_benchmark_v1_ext33_mask_fill_edgewalk_nearestrow_adapt_t2_m5_rows16_p40,public_benchmark_v1_ext33_m2_59_grouped_topology_g_d0_c18_i095_s3_min12_p120,False,jump_increase,-0.16223675,0.09536419,0.07256709,0.16793128,10.0,8,18,2.0,1,3,0.0,0.0,0.0,0.0,0,0,-0.045135,0.99175,0.946615,0.026846,0.723491,0.750337,-0.049838,0.88561,0.835772,0.024499,0.964153,0.988652,-0.024499,0.035847,0.011348
qd_002,QuickDraw,dog,public_benchmark_v1_ext33_mask_fill_edgewalk_nearestrow_adapt_t2_m5_rows16_p40,public_benchmark_v1_ext33_m2_59_grouped_topology_g_d0_c20_i080_s5_min12_p80,False,off_mask_increase,-0.19347107,0.13254529,0.07256709,0.20511238,9.0,8,17,2.0,1,3,2.0194,0.0,2.0194,0.0,0,0,-0.045135,0.99175,0.946615,0.025621,0.723491,0.749112,-0.049756,0.88561,0.835854,0.022981,0.964153,0.987134,-0.022981,0.035847,0.012866
qd_002,QuickDraw,dog,public_benchmark_v1_ext33_mask_fill_edgewalk_nearestrow_adapt_t2_m5_rows16_p40,public_benchmark_v1_ext33_m2_59_grouped_topology_g_d0_c20_i090_s4_min12_p100,False,jump_increase,-0.16223675,0.09536419,0.07256709,0.16793128,10.0,8,18,2.0,1,3,0.0,0.0,0.0,0.0,0,0,-0.045135,0.99175,0.946615,0.026846,0.723491,0.750337,-0.049838,0.88561,0.835772,0.024499,0.964153,0.988652,-0.024499,0.035847,0.011348
qd_002,QuickDraw,dog,public_benchmark_v1_ext33_mask_fill_edgewalk_nearestrow_adapt_t2_m5_rows16_p40,public_benchmark_v1_ext33_m2_59_grouped_topology_g_d0_c20_i095_s4_min12_p100,False,jump_increase,-0.16223675,0.09536419,0.07256709,0.16793128,10.0,8,18,2.0,1,3,0.0,0.0,0.0,0.0,0,0,-0.045135,0.99175,0.946615,0.026846,0.723491,0.750337,-0.049838,0.88561,0.835772,0.024499,0.964153,0.988652,-0.024499,0.035847,0.011348
qd_002,QuickDraw,dog,public_benchmark_v1_ext33_mask_fill_edgewalk_nearestrow_adapt_t2_m5_rows16_p40,public_benchmark_v1_ext33_m2_59_grouped_topology_g_d0_c24_i075_s6_min20_p80,False,off_mask_increase,-0.1945528,0.13268162,0.07256709,0.20524871,9.0,8,17,2.0,1,3,2.0194,0.0,2.0194,0.0,0,0,-0.07025,0.99175,0.9215,0.026114,0.723491,0.749605,-0.072439,0.88561,0.813171,0.023016,0.964153,0.987169,-0.023016,0.035847,0.012831
qd_002,QuickDraw,dog,public_benchmark_v1_ext33_mask_fill_edgewalk_nearestrow_adapt_t2_m5_rows16_p40,public_benchmark_v1_ext33_m2_59_grouped_topology_g_d0_c30_i070_s8_min30_p100,False,off_mask_increase,-0.2238623,0.16084668,0.07256709,0.23341377,9.0,8,17,2.0,1,3,1.9105,0.0,1.9105,1.0,0,1,-0.100461,0.99175,0.891289,0.025337,0.723491,0.748828,-0.098456,0.88561,0.787154,0.022799,0.964153,0.986952,-0.022799,0.035847,0.013048
qd_002,QuickDraw,dog,public_benchmark_v1_ext33_mask_fill_edgewalk_nearestrow_adapt_t2_m5_rows16_p40,public_benchmark_v1_ext33_m2_59_grouped_topology_g_d1_c20_i075_s5_min12_p80,False,off_mask_increase,-0.35496278,0.29381092,0.07256709,0.36637801,9.0,8,17,2.0,1,3,6.4292,0.0,6.4292,2.0,0,2,-0.04829,0.99175,0.94346,0.024129,0.723491,0.74762,-0.053415,0.88561,0.832195,0.019983,0.964153,0.984136,-0.019983,0.035847,0.015864
qd_002,QuickDraw,dog,public_benchmark_v1_ext33_mask_fill_edgewalk_nearestrow_adapt_t2_m5_rows16_p40,public_benchmark_v1_ext33_m2_59_quality_rescue_selector,False,strict_precision_drop,0.06338653,-0.03920055,0.07256709,0.03336654,-4.0,8,4,-1.0,1,0,0.0,0.0,0.0,0.0,0,0,0.006066,0.99175,0.997816,-0.122892,0.723491,0.600599,0.07626,0.88561,0.96187,-0.100135,0.964153,0.864018,0.100135,0.035847,0.135982
qd_002,QuickDraw,dog,public_benchmark_v1_ext33_mask_fill_edgewalk_nearestrow_adapt_t2_m5_rows16_p40,public_benchmark_v1_ext33_m2_5_learned_selector_applied,False,jump_increase,-0.03069782,0.01671688,0.07256709,0.08928397,2.0,8,10,0.0,1,1,0.0,0.0,0.0,0.0,0,0,-0.035186,0.99175,0.956564,-0.021318,0.723491,0.702173,-0.023171,0.88561,0.862439,-0.019372,0.964153,0.944781,0.019372,0.035847,0.055219
qd_002,QuickDraw,dog,public_benchmark_v1_ext33_mask_fill_edgewalk_nearestrow_adapt_t2_m5_rows16_p40,public_benchmark_v1_ext33_m2_60_maskpath_combo_rescue_selector,False,strict_precision_drop,0.06338653,-0.03920055,0.07256709,0.03336654,-4.0,8,4,-1.0,1,0,0.0,0.0,0.0,0.0,0,0,0.006066,0.99175,0.997816,-0.122892,0.723491,0.600599,0.07626,0.88561,0.96187,-0.100135,0.964153,0.864018,0.100135,0.035847,0.135982
qd_002,QuickDraw,dog,public_benchmark_v1_ext33_mask_fill_edgewalk_nearestrow_adapt_t2_m5_rows16_p40,public_benchmark_v1_ext33_m2_60_maskpath_mp_d0_r0_c20_i095_route24_f20_min12,False,jump_increase,-0.14800787,0.08710879,0.07256709,0.15967588,9.0,8,17,2.0,1,3,0.0,0.0,0.0,0.0,0,0,-0.045135,0.99175,0.946615,0.026197,0.723491,0.749688,-0.049756,0.88561,0.835854,0.02374,0.964153,0.987893,-0.02374,0.035847,0.012107
qd_002,QuickDraw,dog,public_benchmark_v1_ext33_mask_fill_edgewalk_nearestrow_adapt_t2_m5_rows16_p40,public_benchmark_v1_ext33_m2_60_maskpath_mp_d0_r0_c20_i095_route32_f26_min12,False,jump_increase,-0.11929024,0.07044034,0.07256709,0.14300743,7.0,8,15,2.0,1,3,0.0,0.0,0.0,0.0,0,0,-0.037855,0.99175,0.953895,0.017788,0.723491,0.741279,-0.039512,0.88561,0.846098,0.017084,0.964153,0.981237,-0.017084,0.035847,0.018763
qd_002,QuickDraw,dog,public_benchmark_v1_ext33_mask_fill_edgewalk_nearestrow_adapt_t2_m5_rows16_p40,public_benchmark_v1_ext33_m2_60_maskpath_mp_d0_r0_c20_i095_route32_f26_min20,False,jump_increase,-0.1203797,0.07057666,0.07256709,0.14314375,7.0,8,15,2.0,1,3,0.0,0.0,0.0,0.0,0,0,-0.062971,0.99175,0.928779,0.018057,0.723491,0.741548,-0.062195,0.88561,0.823415,0.016957,0.964153,0.98111,-0.016957,0.035847,0.01889
qd_002,QuickDraw,dog,public_benchmark_v1_ext33_mask_fill_edgewalk_nearestrow_adapt_t2_m5_rows16_p40,public_benchmark_v1_ext33_m2_60_maskpath_mp_d0_r0_c24_i090_route36_f30_min12,False,jump_increase,-0.11929024,0.07044034,0.07256709,0.14300743,7.0,8,15,2.0,1,3,0.0,0.0,0.0,0.0,0,0,-0.037855,0.99175,0.953895,0.017788,0.723491,0.741279,-0.039512,0.88561,0.846098,0.017084,0.964153,0.981237,-0.017084,0.035847,0.018763
qd_002,QuickDraw,dog,public_benchmark_v1_ext33_mask_fill_edgewalk_nearestrow_adapt_t2_m5_rows16_p40,public_benchmark_v1_ext33_m2_60_maskpath_mp_d0_r1_c20_i095_route32_f26_min12,False,candidate_hard_fail,-0.29934566,0.25044034,0.07256709,0.32300743,7.0,8,15,2.0,1,3,9.9512,0.0,9.9512,0.0,0,0,-0.03737,0.99175,0.95438,0.016073,0.723491,0.739564,-0.038943,0.88561,0.846667,0.014974,0.964153,0.979127,-0.014974,0.035847,0.020873
qd_002,QuickDraw,dog,public_benchmark_v1_ext33_mask_fill_edgewalk_nearestrow_adapt_t2_m5_rows16_p40,public_benchmark_v1_ext33_m2_60_maskpath_mp_d0_r1_c24_i090_route36_f30_min12,False,candidate_hard_fail,-0.29934566,0.25044034,0.07256709,0.32300743,7.0,8,15,2.0,1,3,9.9512,0.0,9.9512,0.0,0,0,-0.03737,0.99175,0.95438,0.016073,0.723491,0.739564,-0.038943,0.88561,0.846667,0.014974,0.964153,0.979127,-0.014974,0.035847,0.020873
qd_002,QuickDraw,dog,public_benchmark_v1_ext33_mask_fill_edgewalk_nearestrow_adapt_t2_m5_rows16_p40,public_benchmark_v1_ext33_m2_60_maskpath_rescue_selector,False,strict_precision_drop,0.06338653,-0.03920055,0.07256709,0.03336654,-4.0,8,4,-1.0,1,0,0.0,0.0,0.0,0.0,0,0,0.006066,0.99175,0.997816,-0.122892,0.723491,0.600599,0.07626,0.88561,0.96187,-0.100135,0.964153,0.864018,0.100135,0.035847,0.135982
qd_002,QuickDraw,dog,public_benchmark_v1_ext33_mask_fill_edgewalk_nearestrow_adapt_t2_m5_rows16_p40,public_benchmark_v1_ext33_m2_61_segment_graph_sg_d0_l035_c20_i095_r32_f26_min12,False,jump_increase,-0.22878035,0.13481193,0.07256709,0.20737902,14.0,8,22,3.0,1,4,0.0,0.0,0.0,0.0,0,0,-0.038583,0.99175,0.953167,0.015758,0.723491,0.739249,-0.040082,0.88561,0.845528,0.014486,0.964153,0.978639,-0.014486,0.035847,0.021361
qd_002,QuickDraw,dog,public_benchmark_v1_ext33_mask_fill_edgewalk_nearestrow_adapt_t2_m5_rows16_p40,public_benchmark_v1_ext33_m2_61_segment_graph_sg_d0_l050_c24_i090_r36_f30_min12,False,jump_increase,-0.17780176,0.10410912,0.07256709,0.17667621,11.0,8,19,2.0,1,3,0.0,0.0,0.0,0.0,0,0,-0.044892,0.99175,0.946858,0.000442,0.723491,0.723933,-0.040407,0.88561,0.845203,0.000225,0.964153,0.964378,-0.000225,0.035847,0.035622
qd_002,QuickDraw,dog,public_benchmark_v1_ext33_mask_fill_edgewalk_nearestrow_adapt_t2_m5_rows16_p40,public_benchmark_v1_ext33_m2_61_segment_graph_sg_d0_l070_c20_i095_r32_f26_min12,False,jump_increase,-0.17773326,0.10410912,0.07256709,0.17667621,11.0,8,19,2.0,1,3,0.0,0.0,0.0,0.0,0,0,-0.045742,0.99175,0.946008,0.003773,0.723491,0.727264,-0.042439,0.88561,0.843171,0.003201,0.964153,0.967354,-0.003201,0.035847,0.032646
qd_002,QuickDraw,dog,public_benchmark_v1_ext33_mask_fill_edgewalk_nearestrow_adapt_t2_m5_rows16_p40,public_benchmark_v1_ext33_m2_61_segment_graph_sg_d1_l050_c20_i095_r32_f26_min12,False,candidate_hard_fail,-0.35783612,0.28410912,0.07256709,0.35667621,11.0,8,19,2.0,1,3,16.6462,0.0,16.6462,0.0,0,0,-0.046106,0.99175,0.945644,0.001937,0.723491,0.725428,-0.042846,0.88561,0.842764,0.000665,0.964153,0.964818,-0.000665,0.035847,0.035182
qd_002,QuickDraw,dog,public_benchmark_v1_ext33_mask_fill_edgewalk_nearestrow_adapt_t2_m5_rows16_p40,public_benchmark_v1_ext33_m2_61_segment_graph_sg_euler_d0_l000_c20_i095_r32_f26_min12,False,jump_increase,-0.06805197,0.03962445,0.07256709,0.11219154,4.0,8,12,1.0,1,2,0.0,0.0,0.0,0.0,0,0,-0.046955,0.99175,0.944795,0.007751,0.723491,0.731242,-0.042195,0.88561,0.843415,0.010023,0.964153,0.974176,-0.010023,0.035847,0.025824
qd_002,QuickDraw,dog,public_benchmark_v1_ext33_mask_fill_edgewalk_nearestrow_adapt_t2_m5_rows16_p40,public_benchmark_v1_ext33_m2_61_segment_graph_sg_euler_d0_l020_c24_i090_r36_f30_min12,False,jump_increase,-0.1772229,0.10399604,0.07256709,0.17656313,11.0,8,19,2.0,1,3,0.0,0.0,0.0,0.0,0,0,-0.032638,0.99175,0.959112,-0.001771,0.723491,0.72172,-0.026992,0.88561,0.858618,5.8e-05,0.964153,0.964211,-5.8e-05,0.035847,0.035789
qd_002,QuickDraw,dog,public_benchmark_v1_ext33_mask_fill_edgewalk_nearestrow_adapt_t2_m5_rows16_p40,public_benchmark_v1_ext33_m2_61_segment_graph_sg_euler_d0_l035_c20_i095_r32_f26_min12,False,jump_increase,-0.22878035,0.13481193,0.07256709,0.20737902,14.0,8,22,3.0,1,4,0.0,0.0,0.0,0.0,0,0,-0.038583,0.99175,0.953167,0.015758,0.723491,0.739249,-0.040082,0.88561,0.845528,0.014486,0.964153,0.978639,-0.014486,0.035847,0.021361
qd_002,QuickDraw,dog,public_benchmark_v1_ext33_mask_fill_edgewalk_nearestrow_adapt_t2_m5_rows16_p40,public_benchmark_v1_ext33_m2_64_text_precision_rescue_selector,False,strict_precision_drop,0.06338653,-0.03920055,0.07256709,0.03336654,-4.0,8,4,-1.0,1,0,0.0,0.0,0.0,0.0,0,0,0.006066,0.99175,0.997816,-0.122892,0.723491,0.600599,0.07626,0.88561,0.96187,-0.100135,0.964153,0.864018,0.100135,0.035847,0.135982
qd_002,QuickDraw,dog,public_benchmark_v1_ext33_mask_fill_edgewalk_nearestrow_adapt_t2_m5_rows16_p40,public_benchmark_v1_ext33_m2_65_text_legibility_rescue_selector,False,strict_precision_drop,0.06338653,-0.03920055,0.07256709,0.03336654,-4.0,8,4,-1.0,1,0,0.0,0.0,0.0,0.0,0,0,0.006066,0.99175,0.997816,-0.122892,0.723491,0.600599,0.07626,0.88561,0.96187,-0.100135,0.964153,0.864018,0.100135,0.035847,0.135982
qd_002,QuickDraw,dog,public_benchmark_v1_ext33_mask_fill_edgewalk_nearestrow_adapt_t2_m5_rows16_p40,public_benchmark_v1_ext33_m2_66_profile_switcher,False,strict_precision_drop,0.06338653,-0.03920055,0.07256709,0.03336654,-4.0,8,4,-1.0,1,0,0.0,0.0,0.0,0.0,0,0,0.006066,0.99175,0.997816,-0.122892,0.723491,0.600599,0.07626,0.88561,0.96187,-0.100135,0.964153,0.864018,0.100135,0.035847,0.135982
qd_002,QuickDraw,dog,public_benchmark_v1_ext33_mask_fill_edgewalk_nearestrow_adapt_t2_m5_rows16_p40,public_benchmark_v1_ext33_m2_67_line_art_profile,False,jump_increase,-0.11009997,0.06410333,0.07256709,0.13667042,7.0,8,15,1.0,1,2,0.0,0.0,0.0,0.0,0,0,-0.049624,0.99175,0.942126,0.027912,0.723491,0.751403,-0.053903,0.88561,0.831707,0.025783,0.964153,0.989936,-0.025783,0.035847,0.010064
qd_002,QuickDraw,dog,public_benchmark_v1_ext33_mask_fill_edgewalk_nearestrow_adapt_t2_m5_rows16_p40,public_benchmark_v1_ext33_m2_68_shape_aware_profile,False,jump_increase,-0.11009997,0.06410333,0.07256709,0.13667042,7.0,8,15,1.0,1,2,0.0,0.0,0.0,0.0,0,0,-0.049624,0.99175,0.942126,0.027912,0.723491,0.751403,-0.053903,0.88561,0.831707,0.025783,0.964153,0.989936,-0.025783,0.035847,0.010064
qd_002,QuickDraw,dog,public_benchmark_v1_ext33_mask_fill_edgewalk_nearestrow_adapt_t2_m5_rows16_p40,public_benchmark_v1_ext33_m2_69_text_wku_profile,False,jump_increase,-0.11009997,0.06410333,0.07256709,0.13667042,7.0,8,15,1.0,1,2,0.0,0.0,0.0,0.0,0,0,-0.049624,0.99175,0.942126,0.027912,0.723491,0.751403,-0.053903,0.88561,0.831707,0.025783,0.964153,0.989936,-0.025783,0.035847,0.010064
qd_002,QuickDraw,dog,public_benchmark_v1_ext33_mask_fill_edgewalk_nearestrow_adapt_t2_m5_rows16_p40,public_benchmark_v1_ext33_mask_fill_edgewalk_dtsatin_o3_i8_s14_p90,False,candidate_hard_fail,-1.69938791,0.44507949,0.07256709,0.51764658,191.0,8,199,33.0,1,34,5.7329,0.0,5.7329,0.0,0,0,0.007886,0.99175,0.999636,-0.273371,0.723491,0.45012,0.101138,0.88561,0.986748,-0.301074,0.964153,0.663079,0.301074,0.035847,0.336921
qd_002,QuickDraw,dog,public_benchmark_v1_ext33_mask_fill_edgewalk_nearestrow_adapt_t2_m5_rows16_p40,public_benchmark_v1_ext33_mask_fill_edgewalk_dtsatin_o3_i9_s7,False,candidate_hard_fail,-1.69938639,0.44507949,0.07256709,0.51764658,191.0,8,199,33.0,1,34,5.7329,0.0,5.7329,0.0,0,0,0.007886,0.99175,0.999636,-0.273395,0.723491,0.450096,0.101219,0.88561,0.986829,-0.301055,0.964153,0.663098,0.301055,0.035847,0.336902
qd_002,QuickDraw,dog,public_benchmark_v1_ext33_mask_fill_edgewalk_nearestrow_adapt_t2_m5_rows16_p40,public_benchmark_v1_ext33_mask_fill_edgewalk_nearest_rows16_p40,False,candidate_hard_fail,-1.65762683,0.44231841,0.07256709,0.5148855,185.0,8,193,32.0,1,33,5.7329,0.0,5.7329,0.0,0,0,0.007886,0.99175,0.999636,-0.273371,0.723491,0.45012,0.101138,0.88561,0.986748,-0.301074,0.964153,0.663079,0.301074,0.035847,0.336921
qd_002,QuickDraw,dog,public_benchmark_v1_ext33_mask_fill_edgewalk_nearestrow_adapt_t2_m5_rows16_p40,public_benchmark_v1_ext33_mask_fill_edgewalk_nearestrow_adapt_t3_m6_rows16_p40,False,no_material_improvement,0.0,0.0,0.07256709,0.07256709,0.0,8,8,0.0,1,1,0.0,0.0,0.0,0.0,0,0,0.0,0.99175,0.99175,0.0,0.723491,0.723491,0.0,0.88561,0.88561,0.0,0.964153,0.964153,0.0,0.035847,0.035847
qd_002,QuickDraw,dog,public_benchmark_v1_ext33_mask_fill_edgewalk_nearestrow_adapt_t2_m5_rows16_p40,public_benchmark_v1_ext33_mask_fill_edgewalk_nearestrow_adapt_t4_m8_rows16_p40,False,no_material_improvement,0.0,0.0,0.07256709,0.07256709,0.0,8,8,0.0,1,1,0.0,0.0,0.0,0.0,0,0,0.0,0.99175,0.99175,0.0,0.723491,0.723491,0.0,0.88561,0.88561,0.0,0.964153,0.964153,0.0,0.035847,0.035847
qd_002,QuickDraw,dog,public_benchmark_v1_ext33_mask_fill_edgewalk_nearestrow_adapt_t2_m5_rows16_p40,public_benchmark_v1_ext33_mask_fill_edgewalk_nearestrow_evalfill_rows16_p40,False,off_mask_increase,-0.0554375,0.04008122,0.07256709,0.11264831,0.0,8,8,0.0,1,1,1.7669,0.0,1.7669,0.0,0,0,0.00825,0.99175,1.0,-0.403637,0.723491,0.319854,0.11439,0.88561,1.0,-0.486817,0.964153,0.477336,0.486817,0.035847,0.522664
qd_002,QuickDraw,dog,public_benchmark_v1_ext33_mask_fill_edgewalk_nearestrow_adapt_t2_m5_rows16_p40,public_benchmark_v1_ext33_mask_fill_edgewalk_nearestrow_inset1_rows16_p40,False,strict_precision_drop,0.06338653,-0.03920055,0.07256709,0.03336654,-4.0,8,4,-1.0,1,0,0.0,0.0,0.0,0.0,0,0,0.006066,0.99175,0.997816,-0.122892,0.723491,0.600599,0.07626,0.88561,0.96187,-0.100135,0.964153,0.864018,0.100135,0.035847,0.135982
qd_002,QuickDraw,dog,public_benchmark_v1_ext33_mask_fill_edgewalk_nearestrow_adapt_t2_m5_rows16_p40,public_benchmark_v1_ext33_mask_fill_edgewalk_nearestrow_inset2_rows16_p40,False,no_material_improvement,0.0,0.0,0.07256709,0.07256709,0.0,8,8,0.0,1,1,0.0,0.0,0.0,0.0,0,0,0.0,0.99175,0.99175,0.0,0.723491,0.723491,0.0,0.88561,0.88561,0.0,0.964153,0.964153,0.0,0.035847,0.035847
qd_002,QuickDraw,dog,public_benchmark_v1_ext33_mask_fill_edgewalk_nearestrow_adapt_t2_m5_rows16_p40,public_benchmark_v1_ext33_mask_fill_edgewalk_nearestrow_qdirect_rows16_p40,False,strict_precision_drop,0.06072398,-0.03919466,0.07256709,0.03337243,-4.0,8,4,-1.0,1,0,0.0,0.0,0.0,0.0,0,0,0.007886,0.99175,0.999636,-0.193072,0.723491,0.530419,0.097398,0.88561,0.983008,-0.185746,0.964153,0.778407,0.185746,0.035847,0.221593
qd_002,QuickDraw,dog,public_benchmark_v1_ext33_mask_fill_edgewalk_nearestrow_adapt_t2_m5_rows16_p40,public_benchmark_v1_ext33_mask_fill_edgewalk_nearestrow_qpath090_rows16_p40,False,strict_precision_drop,0.06072398,-0.03919466,0.07256709,0.03337243,-4.0,8,4,-1.0,1,0,0.0,0.0,0.0,0.0,0,0,0.007886,0.99175,0.999636,-0.193072,0.723491,0.530419,0.097398,0.88561,0.983008,-0.185746,0.964153,0.778407,0.185746,0.035847,0.221593
qd_002,QuickDraw,dog,public_benchmark_v1_ext33_mask_fill_edgewalk_nearestrow_adapt_t2_m5_rows16_p40,public_benchmark_v1_ext33_mask_fill_edgewalk_nearestrow_qpath095_rows16_p40,False,strict_precision_drop,0.06072398,-0.03919466,0.07256709,0.03337243,-4.0,8,4,-1.0,1,0,0.0,0.0,0.0,0.0,0,0,0.007886,0.99175,0.999636,-0.193072,0.723491,0.530419,0.097398,0.88561,0.983008,-0.185746,0.964153,0.778407,0.185746,0.035847,0.221593
qd_002,QuickDraw,dog,public_benchmark_v1_ext33_mask_fill_edgewalk_nearestrow_adapt_t2_m5_rows16_p40,public_benchmark_v1_ext33_mask_fill_edgewalk_nearestrow_quantvalid_rows16_p40,False,strict_precision_drop,0.06072398,-0.03919466,0.07256709,0.03337243,-4.0,8,4,-1.0,1,0,0.0,0.0,0.0,0.0,0,0,0.007886,0.99175,0.999636,-0.193072,0.723491,0.530419,0.097398,0.88561,0.983008,-0.185746,0.964153,0.778407,0.185746,0.035847,0.221593
qd_002,QuickDraw,dog,public_benchmark_v1_ext33_mask_fill_edgewalk_nearestrow_adapt_t2_m5_rows16_p40,public_benchmark_v1_ext33_mask_fill_edgewalk_nearestrow_rows16_p40,False,strict_precision_drop,0.06072398,-0.03919466,0.07256709,0.03337243,-4.0,8,4,-1.0,1,0,0.0,0.0,0.0,0.0,0,0,0.007886,0.99175,0.999636,-0.193072,0.723491,0.530419,0.097398,0.88561,0.983008,-0.185746,0.964153,0.778407,0.185746,0.035847,0.221593
qd_002,QuickDraw,dog,public_benchmark_v1_ext33_mask_fill_edgewalk_nearestrow_adapt_t2_m5_rows16_p40,public_benchmark_v1_ext33_mask_fill_edgewalk_nearestrow_safeadt_rows16_p40,False,jump_increase,-0.02806545,0.00882031,0.07256709,0.0813874,1.0,8,9,0.0,1,1,0.0,0.0,0.0,0.0,0,0,0.00825,0.99175,1.0,-0.361285,0.723491,0.362206,0.11439,0.88561,1.0,-0.423612,0.964153,0.540541,0.423612,0.035847,0.459459
qd_002,QuickDraw,dog,public_benchmark_v1_ext33_mask_fill_edgewalk_nearestrow_adapt_t2_m5_rows16_p40,public_benchmark_v1_ext33_mask_fill_edgewalk_nearestrow_safeadt_t2m5_r035_a32_rows16_p40,False,jump_increase,-0.02806545,0.00882031,0.07256709,0.0813874,1.0,8,9,0.0,1,1,0.0,0.0,0.0,0.0,0,0,0.00825,0.99175,1.0,-0.361285,0.723491,0.362206,0.11439,0.88561,1.0,-0.423612,0.964153,0.540541,0.423612,0.035847,0.459459
qd_002,QuickDraw,dog,public_benchmark_v1_ext33_mask_fill_edgewalk_nearestrow_adapt_t2_m5_rows16_p40,public_benchmark_v1_ext33_mask_fill_edgewalk_nearestrow_safeadt_t2m5_r055_a64_rows16_p40,False,jump_increase,-0.02806545,0.00882031,0.07256709,0.0813874,1.0,8,9,0.0,1,1,0.0,0.0,0.0,0.0,0,0,0.00825,0.99175,1.0,-0.361285,0.723491,0.362206,0.11439,0.88561,1.0,-0.423612,0.964153,0.540541,0.423612,0.035847,0.459459
qd_002,QuickDraw,dog,public_benchmark_v1_ext33_mask_fill_edgewalk_nearestrow_adapt_t2_m5_rows16_p40,public_benchmark_v1_ext33_mask_fill_edgewalk_nearestrow_segvalid_rows16_p40,False,strict_precision_drop,0.06072398,-0.03919466,0.07256709,0.03337243,-4.0,8,4,-1.0,1,0,0.0,0.0,0.0,0.0,0,0,0.007886,0.99175,0.999636,-0.193072,0.723491,0.530419,0.097398,0.88561,0.983008,-0.185746,0.964153,0.778407,0.185746,0.035847,0.221593
qd_002,QuickDraw,dog,public_benchmark_v1_ext33_mask_fill_edgewalk_nearestrow_adapt_t2_m5_rows16_p40,public_benchmark_v1_ext33_mask_fill_edgewalk_nearestrow_strict_p20_rows16,False,jump_increase,-0.04148664,0.02301474,0.07256709,0.09558183,2.0,8,10,1.0,1,2,0.0,0.0,0.0,0.0,0,0,0.007886,0.99175,0.999636,-0.152449,0.723491,0.571042,0.097236,0.88561,0.982846,-0.126268,0.964153,0.837885,0.126268,0.035847,0.162115
qd_002,QuickDraw,dog,public_benchmark_v1_ext33_mask_fill_edgewalk_nearestrow_adapt_t2_m5_rows16_p40,public_benchmark_v1_ext33_mask_fill_edgewalk_nearestrow_strict_p40_rows16,False,strict_precision_drop,0.06072398,-0.03919466,0.07256709,0.03337243,-4.0,8,4,-1.0,1,0,0.0,0.0,0.0,0.0,0,0,0.007886,0.99175,0.999636,-0.193072,0.723491,0.530419,0.097398,0.88561,0.983008,-0.185746,0.964153,0.778407,0.185746,0.035847,0.221593
qd_002,QuickDraw,dog,public_benchmark_v1_ext33_mask_fill_edgewalk_nearestrow_adapt_t2_m5_rows16_p40,public_benchmark_v1_ext33_mask_fill_edgewalk_outline_ext_in2_rows16_p40,False,candidate_hard_fail,-1.69235425,0.44423925,0.07256709,0.51680634,190.0,8,198,33.0,1,34,5.7329,0.0,5.7329,0.0,0,0,0.008129,0.99175,0.999879,-0.276727,0.723491,0.446764,0.11187,0.88561,0.99748,-0.299022,0.964153,0.665131,0.299022,0.035847,0.334869
qd_002,QuickDraw,dog,public_benchmark_v1_ext33_mask_fill_edgewalk_nearestrow_adapt_t2_m5_rows16_p40,public_benchmark_v1_ext33_mask_fill_edgewalk_outline_ext_in3_rows16_p40,False,candidate_hard_fail,-1.78160119,0.44930013,0.07256709,0.52186722,203.0,8,211,35.0,1,36,5.7329,0.0,5.7329,0.0,0,0,0.008007,0.99175,0.999757,-0.273513,0.723491,0.449978,0.101544,0.88561,0.987154,-0.301091,0.964153,0.663062,0.301091,0.035847,0.336938
qd_002,QuickDraw,dog,public_benchmark_v1_ext33_mask_fill_edgewalk_nearestrow_adapt_t2_m5_rows16_p40,public_benchmark_v1_ext33_mask_fill_edgewalk_outline_ext_rows16_p40,False,candidate_hard_fail,-1.69294072,0.44423742,0.07256709,0.51680451,190.0,8,198,33.0,1,34,5.7329,0.0,5.7329,0.0,0,0,0.008129,0.99175,0.999879,-0.288977,0.723491,0.434514,0.11252,0.88561,0.99813,-0.316837,0.964153,0.647316,0.316837,0.035847,0.352684
qd_002,QuickDraw,dog,public_benchmark_v1_ext33_mask_fill_edgewalk_nearestrow_adapt_t2_m5_rows16_p40,public_benchmark_v1_ext33_mask_fill_edgewalk_outline_rows16_p40,False,candidate_hard_fail,-1.76936045,0.44809565,0.07256709,0.52066274,201.0,8,209,35.0,1,36,5.7329,0.0,5.7329,0.0,0,0,0.00825,0.99175,1.0,-0.301495,0.723491,0.421996,0.11439,0.88561,1.0,-0.334385,0.964153,0.629768,0.334385,0.035847,0.370232
qd_002,QuickDraw,dog,public_benchmark_v1_ext33_mask_fill_edgewalk_nearestrow_adapt_t2_m5_rows16_p40,public_benchmark_v1_ext33_mask_fill_edgewalk_rows16_p24,False,candidate_hard_fail,-2.00318047,0.33803941,0.07256709,0.4106065,255.0,8,263,43.0,1,44,0.4714,0.0,0.4714,0.0,0,0,0.007886,0.99175,0.999636,-0.208521,0.723491,0.51497,0.1,0.88561,0.98561,-0.206418,0.964153,0.757735,0.206418,0.035847,0.242265
qd_002,QuickDraw,dog,public_benchmark_v1_ext33_mask_fill_edgewalk_nearestrow_adapt_t2_m5_rows16_p40,public_benchmark_v1_ext33_mask_fill_edgewalk_rows16_p40,False,candidate_hard_fail,-1.65762683,0.44231841,0.07256709,0.5148855,185.0,8,193,32.0,1,33,5.7329,0.0,5.7329,0.0,0,0,0.007886,0.99175,0.999636,-0.273371,0.723491,0.45012,0.101138,0.88561,0.986748,-0.301074,0.964153,0.663079,0.301074,0.035847,0.336921
qd_002,QuickDraw,dog,public_benchmark_v1_ext33_mask_fill_edgewalk_nearestrow_adapt_t2_m5_rows16_p40,public_benchmark_v1_ext33_mask_fill_edgewalk_rows20_p24,False,candidate_hard_fail,-1.83698993,0.33730499,0.07256709,0.40987208,230.0,8,238,38.0,1,39,0.4714,0.0,0.4714,0.0,0,0,0.006794,0.99175,0.998544,-0.192352,0.723491,0.531139,0.090569,0.88561,0.976179,-0.189258,0.964153,0.774895,0.189258,0.035847,0.225105
qd_002,QuickDraw,dog,public_benchmark_v1_ext33_mask_fill_edgewalk_nearestrow_adapt_t2_m5_rows16_p40,public_benchmark_v1_ext33_mask_fill_edgewalk_satin_w4_s6_i3,False,candidate_hard_fail,-1.77565149,0.44925189,0.07256709,0.52181898,202.0,8,210,35.0,1,36,5.7329,0.0,5.7329,0.0,0,0,0.008007,0.99175,0.999757,-0.276273,0.723491,0.447218,0.102683,0.88561,0.988293,-0.304397,0.964153,0.659756,0.304397,0.035847,0.340244
qd_002,QuickDraw,dog,public_benchmark_v1_ext33_mask_fill_edgewalk_nearestrow_adapt_t2_m5_rows16_p40,public_benchmark_v1_ext33_mask_fill_edgewalk_satin_w6_s5_i3,False,candidate_hard_fail,-1.7816849,0.4492625,0.07256709,0.52182959,203.0,8,211,35.0,1,36,5.7329,0.0,5.7329,0.0,0,0,0.008007,0.99175,0.999757,-0.276733,0.723491,0.446758,0.102683,0.88561,0.988293,-0.305077,0.964153,0.659076,0.305077,0.035847,0.340924
qd_002,QuickDraw,dog,public_benchmark_v1_ext33_mask_fill_edgewalk_nearestrow_adapt_t2_m5_rows16_p40,public_benchmark_v1_ext33_mask_fill_edgewalk_satin_w8_s7_i4,False,candidate_hard_fail,-1.69941748,0.4450957,0.07256709,0.51766279,191.0,8,199,33.0,1,34,5.7329,0.0,5.7329,0.0,0,0,0.007886,0.99175,0.999636,-0.273641,0.723491,0.44985,0.101138,0.88561,0.986748,-0.301472,0.964153,0.662681,0.301472,0.035847,0.337319
qd_002,QuickDraw,dog,public_benchmark_v1_ext33_mask_fill_edgewalk_nearestrow_adapt_t2_m5_rows16_p40,public_benchmark_v1_ext33_mask_fill_edgewalk_satinrail_w10_s8_i5,False,candidate_hard_fail,-1.69941341,0.44510499,0.07256709,0.51767208,191.0,8,199,33.0,1,34,5.7329,0.0,5.7329,0.0,0,0,0.007886,0.99175,0.999636,-0.273371,0.723491,0.45012,0.101138,0.88561,0.986748,-0.301074,0.964153,0.663079,0.301074,0.035847,0.336921
qd_002,QuickDraw,dog,public_benchmark_v1_ext33_mask_fill_edgewalk_nearestrow_adapt_t2_m5_rows16_p40,public_benchmark_v1_ext33_mask_fill_edgewalk_satinrail_w6_s6_i3,False,candidate_hard_fail,-1.78159393,0.44923133,0.07256709,0.52179842,203.0,8,211,35.0,1,36,5.7329,0.0,5.7329,0.0,0,0,0.008007,0.99175,0.999757,-0.27547,0.723491,0.448021,0.102601,0.88561,0.988211,-0.303268,0.964153,0.660885,0.303268,0.035847,0.339115
qd_002,QuickDraw,dog,public_benchmark_v1_ext33_mask_fill_edgewalk_nearestrow_adapt_t2_m5_rows16_p40,public_benchmark_v1_ext33_mask_fill_edgewalk_satinrail_w8_s7_i4,False,candidate_hard_fail,-1.6994114,0.4450957,0.07256709,0.51766279,191.0,8,199,33.0,1,34,5.7329,0.0,5.7329,0.0,0,0,0.007886,0.99175,0.999636,-0.273518,0.723491,0.449973,0.101138,0.88561,0.986748,-0.301291,0.964153,0.662862,0.301291,0.035847,0.337138
qd_002,QuickDraw,dog,public_benchmark_v1_ext33_mask_fill_edgewalk_nearestrow_adapt_t2_m5_rows16_p40,public_benchmark_v1_ext33_mask_fill_edgewalk_styleaware_r008_d45,False,candidate_hard_fail,-0.6734105,0.2289244,0.07256709,0.30149149,68.0,8,76,11.0,1,12,0.0,0.0,0.0,0.0,0,0,-0.024752,0.99175,0.966998,-0.056043,0.723491,0.667448,-0.020488,0.88561,0.865122,-0.073022,0.964153,0.891131,0.073022,0.035847,0.108869
qd_002,QuickDraw,dog,public_benchmark_v1_ext33_mask_fill_edgewalk_nearestrow_adapt_t2_m5_rows16_p40,public_benchmark_v1_ext33_mask_fill_nearestrow_strict_short_rows16,False,jump_increase,-0.09818443,0.05593373,0.07256709,0.12850082,6.0,8,14,1.0,1,2,0.0,0.0,0.0,0.0,0,0,0.007886,0.99175,0.999636,-0.147659,0.723491,0.575832,0.096829,0.88561,0.982439,-0.119591,0.964153,0.844562,0.119591,0.035847,0.155438
qd_002,QuickDraw,dog,public_benchmark_v1_ext33_mask_fill_edgewalk_nearestrow_adapt_t2_m5_rows16_p40,public_benchmark_v1_ext33_mask_fill_rows12_c10,False,candidate_hard_fail,-3.53230865,0.32743291,0.07256709,0.4,499.0,8,507,69.0,1,70,0.0,0.0,0.0,0.0,0,0,0.00825,0.99175,1.0,-0.173144,0.723491,0.550347,0.114146,0.88561,0.999756,-0.143039,0.964153,0.821114,0.143039,0.035847,0.178886
qd_002,QuickDraw,dog,public_benchmark_v1_ext33_mask_fill_edgewalk_nearestrow_adapt_t2_m5_rows16_p40,public_benchmark_v1_ext33_mask_fill_rows12_c6,False,candidate_hard_fail,-3.61583731,0.32743291,0.07256709,0.4,513.0,8,521,69.0,1,70,0.0,0.0,0.0,0.0,0,0,0.00825,0.99175,1.0,-0.163687,0.723491,0.559804,0.114146,0.88561,0.999756,-0.128929,0.964153,0.835224,0.128929,0.035847,0.164776
qd_002,QuickDraw,dog,public_benchmark_v1_ext33_mask_fill_edgewalk_nearestrow_adapt_t2_m5_rows16_p40,public_benchmark_v1_ext33_mask_fill_rows16_c12_in025,False,candidate_hard_fail,-2.48114172,0.57236624,0.07256709,0.64493333,296.0,8,304,43.0,1,44,10.5738,0.0,10.5738,2.0,0,2,0.007886,0.99175,0.999636,-0.158479,0.723491,0.565012,0.097073,0.88561,0.982683,-0.135254,0.964153,0.828899,0.135254,0.035847,0.171101
qd_002,QuickDraw,dog,public_benchmark_v1_ext33_mask_fill_edgewalk_nearestrow_adapt_t2_m5_rows16_p40,public_benchmark_v1_ext33_mask_fill_rows16_c12_in050,False,candidate_hard_fail,-2.48114172,0.57236624,0.07256709,0.64493333,296.0,8,304,43.0,1,44,10.5738,0.0,10.5738,2.0,0,2,0.007886,0.99175,0.999636,-0.158479,0.723491,0.565012,0.097073,0.88561,0.982683,-0.135254,0.964153,0.828899,0.135254,0.035847,0.171101
qd_002,QuickDraw,dog,public_benchmark_v1_ext33_mask_fill_edgewalk_nearestrow_adapt_t2_m5_rows16_p40,public_benchmark_v1_ext33_mask_fill_rows16_c6,False,candidate_hard_fail,-2.31289903,0.32743291,0.07256709,0.4,309.0,8,317,43.0,1,44,0.0,0.0,0.0,0.0,0,0,0.007886,0.99175,0.999636,-0.131694,0.723491,0.591797,0.096748,0.88561,0.982358,-0.096246,0.964153,0.867907,0.096246,0.035847,0.132093
qd_002,QuickDraw,dog,public_benchmark_v1_ext33_mask_fill_edgewalk_nearestrow_adapt_t2_m5_rows16_p40,public_benchmark_v1_ext33_mask_fill_rows20_c12_in050,False,candidate_hard_fail,-2.14442159,0.48484233,0.07256709,0.55740942,257.0,8,265,38.0,1,39,5.5619,0.0,5.5619,1.0,0,1,0.00643,0.99175,0.99818,-0.142283,0.723491,0.581208,0.081057,0.88561,0.966667,-0.124167,0.964153,0.839986,0.124167,0.035847,0.160014
qd_002,QuickDraw,dog,public_benchmark_v1_ext33_mask_fill_edgewalk_nearestrow_adapt_t2_m5_rows16_p40,public_benchmark_v1_ext33_m2_70_line_art_jump_profile,False,no_material_improvement,0.0,0.0,0.07256709,0.07256709,0.0,8,8,0.0,1,1,0.0,0.0,0.0,0.0,0,0,0.0,0.99175,0.99175,0.0,0.723491,0.723491,0.0,0.88561,0.88561,0.0,0.964153,0.964153,0.0,0.035847,0.035847
qd_002,QuickDraw,dog,public_benchmark_v1_ext33_mask_fill_edgewalk_nearestrow_adapt_t2_m5_rows16_p40,public_benchmark_v1_ext33_m2_71_maskpath_d1_c24_i090_r42_f32_min8,False,candidate_hard_fail,-0.21175143,0.21067489,0.07256709,0.28324198,0.0,8,8,0.0,1,1,32.9121,0.0,32.9121,1.0,0,1,-0.023417,0.99175,0.968333,-0.002468,0.723491,0.721023,-0.022683,0.88561,0.862927,-0.005259,0.964153,0.958894,0.005259,0.035847,0.041106
qd_002,QuickDraw,dog,public_benchmark_v1_ext33_mask_fill_edgewalk_nearestrow_adapt_t2_m5_rows16_p40,public_benchmark_v1_ext33_m2_71_maskpath_d2_c28_i085_r48_f36_min6,False,candidate_hard_fail,-0.21199967,0.21067489,0.07256709,0.28324198,0.0,8,8,0.0,1,1,44.3598,0.0,44.3598,1.0,0,1,-0.017957,0.99175,0.973793,-0.013477,0.723491,0.710014,-0.016423,0.88561,0.869187,-0.018382,0.964153,0.945771,0.018382,0.035847,0.054229
qd_002,QuickDraw,dog,public_benchmark_v1_ext33_mask_fill_edgewalk_nearestrow_adapt_t2_m5_rows16_p40,public_benchmark_v1_ext33_m2_71_sg_euler_d1_c24_i090_r42_f32_min8,False,candidate_hard_fail,-0.27886554,0.25025092,0.07256709,0.32281801,4.0,8,12,1.0,1,2,60.1746,0.0,60.1746,1.0,0,1,-0.022689,0.99175,0.969061,-0.01948,0.723491,0.704011,-0.016586,0.88561,0.869024,-0.021976,0.964153,0.942177,0.021976,0.035847,0.057823
qd_002,QuickDraw,dog,public_benchmark_v1_ext33_mask_fill_edgewalk_nearestrow_adapt_t2_m5_rows16_p40,public_benchmark_v1_ext33_m2_71_sg_open_d1_c24_i090_r42_f32_min8,False,candidate_hard_fail,-0.27886554,0.25025092,0.07256709,0.32281801,4.0,8,12,1.0,1,2,60.1746,0.0,60.1746,1.0,0,1,-0.022689,0.99175,0.969061,-0.01948,0.723491,0.704011,-0.016586,0.88561,0.869024,-0.021976,0.964153,0.942177,0.021976,0.035847,0.057823
qd_003,QuickDraw,fish,adapt_t2m5,public_benchmark_v1_core20_auto_hybrid_skeleton_connect12_trimcap20,False,jump_increase,-0.04965836,0.03014434,0.08985826,0.1200026,3.0,10,13,1.0,1,2,0.0,0.0,0.0,0.0,0,0,0.00654,0.987317,0.993857,-0.025195,0.671791,0.646596,0.066063,0.868504,0.934567,0.026891,0.93069,0.957581,-0.026891,0.06931,0.042419
qd_003,QuickDraw,fish,adapt_t2m5,public_benchmark_v1_core20_source_aware_hybrid_skeleton,False,candidate_hard_fail,-0.5935037,0.2077349,0.08985826,0.29759316,59.0,10,69,11.0,1,12,0.0,0.0,0.0,0.0,0,0,-0.023385,0.987317,0.963932,-0.003384,0.671791,0.668407,0.033723,0.868504,0.902227,0.054606,0.93069,0.985296,-0.054606,0.06931,0.014704
qd_003,QuickDraw,fish,adapt_t2m5,public_benchmark_v1_core20_source_aware_hybrid_skeleton_connect12,False,jump_increase,-0.04965836,0.03014434,0.08985826,0.1200026,3.0,10,13,1.0,1,2,0.0,0.0,0.0,0.0,0,0,0.00654,0.987317,0.993857,-0.025195,0.671791,0.646596,0.066063,0.868504,0.934567,0.026891,0.93069,0.957581,-0.026891,0.06931,0.042419
qd_003,QuickDraw,fish,adapt_t2m5,public_benchmark_v1_core20_source_aware_hybrid_skeleton_connect12_trimcap20,False,jump_increase,-0.04965836,0.03014434,0.08985826,0.1200026,3.0,10,13,1.0,1,2,0.0,0.0,0.0,0.0,0,0,0.00654,0.987317,0.993857,-0.025195,0.671791,0.646596,0.066063,0.868504,0.934567,0.026891,0.93069,0.957581,-0.026891,0.06931,0.042419
qd_003,QuickDraw,fish,adapt_t2m5,public_benchmark_v1_ext33_all_skeleton_connect20_trimcap20,False,jump_increase,-0.02134489,0.01365399,0.08985826,0.10351225,1.0,10,11,1.0,1,2,0.0,0.0,0.0,0.0,0,0,0.00654,0.987317,0.993857,-0.02876,0.671791,0.643031,0.066063,0.868504,0.934567,0.021612,0.93069,0.952302,-0.021612,0.06931,0.047698
qd_003,QuickDraw,fish,adapt_t2m5,public_benchmark_v1_ext33_all_skeleton_connect30_min12_trimcap20,False,jump_increase,-0.0232717,0.01357708,0.08985826,0.10343534,1.0,10,11,1.0,1,2,0.0,0.0,0.0,0.0,0,0,-0.047761,0.987317,0.939556,-0.033788,0.671791,0.638003,0.023531,0.868504,0.892035,0.023287,0.93069,0.953977,-0.023287,0.06931,0.046023
qd_003,QuickDraw,fish,adapt_t2m5,public_benchmark_v1_ext33_all_skeleton_connect30_min20_trimcap20,False,jump_increase,-0.02421742,0.01357708,0.08985826,0.10343534,1.0,10,11,1.0,1,2,0.0,0.0,0.0,0.0,0,0,-0.071146,0.987317,0.916171,-0.036414,0.671791,0.635377,0.003649,0.868504,0.872153,0.021894,0.93069,0.952584,-0.021894,0.06931,0.047416
qd_003,QuickDraw,fish,adapt_t2m5,public_benchmark_v1_ext33_all_skeleton_connect30_min8_trimcap20,False,jump_increase,-0.02181634,0.01357708,0.08985826,0.10343534,1.0,10,11,1.0,1,2,0.0,0.0,0.0,0.0,0,0,-0.006342,0.987317,0.980975,-0.031512,0.671791,0.640279,0.056122,0.868504,0.924626,0.019769,0.93069,0.950459,-0.019769,0.06931,0.049541
qd_003,QuickDraw,fish,adapt_t2m5,public_benchmark_v1_ext33_all_skeleton_connect30_trimcap20,False,jump_increase,-0.02134489,0.01365399,0.08985826,0.10351225,1.0,10,11,1.0,1,2,0.0,0.0,0.0,0.0,0,0,0.00654,0.987317,0.993857,-0.02876,0.671791,0.643031,0.066063,0.868504,0.934567,0.021612,0.93069,0.952302,-0.021612,0.06931,0.047698
qd_003,QuickDraw,fish,adapt_t2m5,public_benchmark_v1_ext33_auto_hybrid_evalrepair_r10_c20_trimcap20,False,jump_increase,-0.02134489,0.01365399,0.08985826,0.10351225,1.0,10,11,1.0,1,2,0.0,0.0,0.0,0.0,0,0,0.00654,0.987317,0.993857,-0.02876,0.671791,0.643031,0.066063,0.868504,0.934567,0.021612,0.93069,0.952302,-0.021612,0.06931,0.047698
qd_003,QuickDraw,fish,adapt_t2m5,public_benchmark_v1_ext33_auto_hybrid_evalrepair_r10_inside085_c20_trimcap20,False,jump_increase,-0.02134489,0.01365399,0.08985826,0.10351225,1.0,10,11,1.0,1,2,0.0,0.0,0.0,0.0,0,0,0.00654,0.987317,0.993857,-0.02876,0.671791,0.643031,0.066063,0.868504,0.934567,0.021612,0.93069,0.952302,-0.021612,0.06931,0.047698
qd_003,QuickDraw,fish,adapt_t2m5,public_benchmark_v1_ext33_auto_hybrid_evalrepair_r10_inside090_c20_trimcap20,False,jump_increase,-0.02134489,0.01365399,0.08985826,0.10351225,1.0,10,11,1.0,1,2,0.0,0.0,0.0,0.0,0,0,0.00654,0.987317,0.993857,-0.02876,0.671791,0.643031,0.066063,0.868504,0.934567,0.021612,0.93069,0.952302,-0.021612,0.06931,0.047698
qd_003,QuickDraw,fish,adapt_t2m5,public_benchmark_v1_ext33_auto_hybrid_evalrepair_r15_c20_trimcap20,False,jump_increase,-0.02134489,0.01365399,0.08985826,0.10351225,1.0,10,11,1.0,1,2,0.0,0.0,0.0,0.0,0,0,0.00654,0.987317,0.993857,-0.02876,0.671791,0.643031,0.066063,0.868504,0.934567,0.021612,0.93069,0.952302,-0.021612,0.06931,0.047698
qd_003,QuickDraw,fish,adapt_t2m5,public_benchmark_v1_ext33_auto_hybrid_evalrepair_r15_inside090_c20_trimcap20,False,jump_increase,-0.02134489,0.01365399,0.08985826,0.10351225,1.0,10,11,1.0,1,2,0.0,0.0,0.0,0.0,0,0,0.00654,0.987317,0.993857,-0.02876,0.671791,0.643031,0.066063,0.868504,0.934567,0.021612,0.93069,0.952302,-0.021612,0.06931,0.047698
qd_003,QuickDraw,fish,adapt_t2m5,public_benchmark_v1_ext33_auto_hybrid_r10_c16_trimcap20,False,jump_increase,-0.02134489,0.01365399,0.08985826,0.10351225,1.0,10,11,1.0,1,2,0.0,0.0,0.0,0.0,0,0,0.00654,0.987317,0.993857,-0.02876,0.671791,0.643031,0.066063,0.868504,0.934567,0.021612,0.93069,0.952302,-0.021612,0.06931,0.047698
qd_003,QuickDraw,fish,adapt_t2m5,public_benchmark_v1_ext33_auto_hybrid_r10_c20_trimcap20,False,jump_increase,-0.02134489,0.01365399,0.08985826,0.10351225,1.0,10,11,1.0,1,2,0.0,0.0,0.0,0.0,0,0,0.00654,0.987317,0.993857,-0.02876,0.671791,0.643031,0.066063,0.868504,0.934567,0.021612,0.93069,0.952302,-0.021612,0.06931,0.047698
qd_003,QuickDraw,fish,adapt_t2m5,public_benchmark_v1_ext33_auto_hybrid_r125_c16_trimcap20,False,jump_increase,-0.02134489,0.01365399,0.08985826,0.10351225,1.0,10,11,1.0,1,2,0.0,0.0,0.0,0.0,0,0,0.00654,0.987317,0.993857,-0.02876,0.671791,0.643031,0.066063,0.868504,0.934567,0.021612,0.93069,0.952302,-0.021612,0.06931,0.047698
qd_003,QuickDraw,fish,adapt_t2m5,public_benchmark_v1_ext33_auto_hybrid_r125_c20_trimcap20,False,jump_increase,-0.02134489,0.01365399,0.08985826,0.10351225,1.0,10,11,1.0,1,2,0.0,0.0,0.0,0.0,0,0,0.00654,0.987317,0.993857,-0.02876,0.671791,0.643031,0.066063,0.868504,0.934567,0.021612,0.93069,0.952302,-0.021612,0.06931,0.047698
qd_003,QuickDraw,fish,adapt_t2m5,public_benchmark_v1_ext33_auto_hybrid_skeleton_connect12_trimcap20,False,jump_increase,-0.04965836,0.03014434,0.08985826,0.1200026,3.0,10,13,1.0,1,2,0.0,0.0,0.0,0.0,0,0,0.00654,0.987317,0.993857,-0.025195,0.671791,0.646596,0.066063,0.868504,0.934567,0.026891,0.93069,0.957581,-0.026891,0.06931,0.042419
qd_003,QuickDraw,fish,adapt_t2m5,public_benchmark_v1_ext33_b0_m2_1_globalrepair20,False,candidate_hard_fail,-0.40452458,0.3511326,0.08985826,0.44099086,5.0,10,15,2.0,1,3,3425.707,0.0,3425.707,768.0,0,768,-0.007927,0.987317,0.97939,-0.393023,0.671791,0.278768,0.050207,0.868504,0.918711,-0.518856,0.93069,0.411834,0.518856,0.06931,0.588166
qd_003,QuickDraw,fish,adapt_t2m5,public_benchmark_v1_ext33_m2_4_coverage_rerank,False,jump_increase,-0.02134489,0.01365399,0.08985826,0.10351225,1.0,10,11,1.0,1,2,0.0,0.0,0.0,0.0,0,0,0.00654,0.987317,0.993857,-0.02876,0.671791,0.643031,0.066063,0.868504,0.934567,0.021612,0.93069,0.952302,-0.021612,0.06931,0.047698
qd_003,QuickDraw,fish,adapt_t2m5,public_benchmark_v1_ext33_m2_4_coverage_rerank_connect30,False,jump_increase,-0.02134489,0.01365399,0.08985826,0.10351225,1.0,10,11,1.0,1,2,0.0,0.0,0.0,0.0,0,0,0.00654,0.987317,0.993857,-0.02876,0.671791,0.643031,0.066063,0.868504,0.934567,0.021612,0.93069,0.952302,-0.021612,0.06931,0.047698
qd_003,QuickDraw,fish,adapt_t2m5,public_benchmark_v1_ext33_m2_4_coverage_rerank_min12,False,jump_increase,-0.02134489,0.01365399,0.08985826,0.10351225,1.0,10,11,1.0,1,2,0.0,0.0,0.0,0.0,0,0,0.00654,0.987317,0.993857,-0.02876,0.671791,0.643031,0.066063,0.868504,0.934567,0.021612,0.93069,0.952302,-0.021612,0.06931,0.047698
qd_003,QuickDraw,fish,adapt_t2m5,public_benchmark_v1_ext33_m2_4_coverage_rerank_min20,False,jump_increase,-0.02134489,0.01365399,0.08985826,0.10351225,1.0,10,11,1.0,1,2,0.0,0.0,0.0,0.0,0,0,0.00654,0.987317,0.993857,-0.02876,0.671791,0.643031,0.066063,0.868504,0.934567,0.021612,0.93069,0.952302,-0.021612,0.06931,0.047698
qd_003,QuickDraw,fish,adapt_t2m5,public_benchmark_v1_ext33_m2_4_coverage_rerank_min8,False,jump_increase,-0.02134489,0.01365399,0.08985826,0.10351225,1.0,10,11,1.0,1,2,0.0,0.0,0.0,0.0,0,0,0.00654,0.987317,0.993857,-0.02876,0.671791,0.643031,0.066063,0.868504,0.934567,0.021612,0.93069,0.952302,-0.021612,0.06931,0.047698
qd_003,QuickDraw,fish,adapt_t2m5,public_benchmark_v1_ext33_m2_51_sweeptuned_gate_balanced_applied,False,strict_precision_drop,0.05400307,-0.03999255,0.08985826,0.04986571,-4.0,10,6,-1.0,1,0,0.0,0.0,0.0,0.0,0,0,0.012683,0.987317,1.0,-0.357672,0.671791,0.314119,0.131496,0.868504,1.0,-0.435981,0.93069,0.494709,0.435981,0.06931,0.505291
qd_003,QuickDraw,fish,adapt_t2m5,public_benchmark_v1_ext33_m2_51_sweeptuned_gate_low_jump_applied,False,strict_precision_drop,0.05400307,-0.03999255,0.08985826,0.04986571,-4.0,10,6,-1.0,1,0,0.0,0.0,0.0,0.0,0,0,0.012683,0.987317,1.0,-0.357672,0.671791,0.314119,0.131496,0.868504,1.0,-0.435981,0.93069,0.494709,0.435981,0.06931,0.505291
qd_003,QuickDraw,fish,adapt_t2m5,public_benchmark_v1_ext33_m2_55_line_domain_guard_low_jump,False,strict_precision_drop,0.05400307,-0.03999255,0.08985826,0.04986571,-4.0,10,6,-1.0,1,0,0.0,0.0,0.0,0.0,0,0,0.012683,0.987317,1.0,-0.357672,0.671791,0.314119,0.131496,0.868504,1.0,-0.435981,0.93069,0.494709,0.435981,0.06931,0.505291
qd_003,QuickDraw,fish,adapt_t2m5,public_benchmark_v1_ext33_m2_56_line_stroke_d0_c12_i090,False,jump_increase,-0.07775066,0.04664994,0.08985826,0.1365082,5.0,10,15,1.0,1,2,0.0,0.0,0.0,0.0,0,0,-0.00654,0.987317,0.980777,-0.005349,0.671791,0.666442,0.052221,0.868504,0.920725,0.054632,0.93069,0.985322,-0.054632,0.06931,0.014678
qd_003,QuickDraw,fish,adapt_t2m5,public_benchmark_v1_ext33_m2_56_line_stroke_d0_c12_i090_min12,False,jump_increase,-0.06516664,0.03843652,0.08985826,0.12829478,4.0,10,14,1.0,1,2,0.0,0.0,0.0,0.0,0,0,-0.049148,0.987317,0.938169,-0.010341,0.671791,0.66145,0.018623,0.868504,0.887127,0.05436,0.93069,0.98505,-0.05436,0.06931,0.01495
qd_003,QuickDraw,fish,adapt_t2m5,public_benchmark_v1_ext33_m2_56_line_stroke_d0_c12_i090_min20,False,jump_increase,-0.06613574,0.0384303,0.08985826,0.12828856,4.0,10,14,1.0,1,2,0.0,0.0,0.0,0.0,0,0,-0.074118,0.987317,0.913199,-0.011997,0.671791,0.659794,-0.003146,0.868504,0.865358,0.053989,0.93069,0.984679,-0.053989,0.06931,0.015321
qd_003,QuickDraw,fish,adapt_t2m5,public_benchmark_v1_ext33_m2_56_line_stroke_d0_c12_i090_min30,False,jump_increase,-0.06613574,0.0384303,0.08985826,0.12828856,4.0,10,14,1.0,1,2,0.0,0.0,0.0,0.0,0,0,-0.074118,0.987317,0.913199,-0.011997,0.671791,0.659794,-0.003146,0.868504,0.865358,0.053989,0.93069,0.984679,-0.053989,0.06931,0.015321
qd_003,QuickDraw,fish,adapt_t2m5,public_benchmark_v1_ext33_m2_56_line_stroke_d0_c8_i095,False,jump_increase,-0.10707048,0.06330674,0.08985826,0.153165,7.0,10,17,1.0,1,2,0.0,0.0,0.0,0.0,0,0,-0.023385,0.987317,0.963932,-0.004026,0.671791,0.667765,0.034604,0.868504,0.903108,0.05462,0.93069,0.98531,-0.05462,0.06931,0.01469
qd_003,QuickDraw,fish,adapt_t2m5,public_benchmark_v1_ext33_m2_56_line_stroke_d1_c10_i090,False,jump_increase,-0.10707048,0.06330674,0.08985826,0.153165,7.0,10,17,1.0,1,2,0.0,0.0,0.0,0.0,0,0,-0.023385,0.987317,0.963932,-0.004026,0.671791,0.667765,0.034604,0.868504,0.903108,0.05462,0.93069,0.98531,-0.05462,0.06931,0.01469
qd_003,QuickDraw,fish,adapt_t2m5,public_benchmark_v1_ext33_m2_56_line_stroke_d1_c12_i090_min20,False,jump_increase,-0.06613574,0.0384303,0.08985826,0.12828856,4.0,10,14,1.0,1,2,0.0,0.0,0.0,0.0,0,0,-0.074118,0.987317,0.913199,-0.011997,0.671791,0.659794,-0.003146,0.868504,0.865358,0.053989,0.93069,0.984679,-0.053989,0.06931,0.015321
qd_003,QuickDraw,fish,adapt_t2m5,public_benchmark_v1_ext33_m2_56_line_stroke_d1_c6_i095,False,jump_increase,-0.10747964,0.0632109,0.08985826,0.15306916,7.0,10,17,1.0,1,2,0.0,0.0,0.0,0.0,0,0,-0.036663,0.987317,0.950654,-0.00628,0.671791,0.665511,0.025041,0.868504,0.893545,0.054465,0.93069,0.985155,-0.054465,0.06931,0.014845
qd_003,QuickDraw,fish,adapt_t2m5,public_benchmark_v1_ext33_m2_56_line_stroke_d2_c12_i085_min20,False,jump_increase,-0.06613574,0.0384303,0.08985826,0.12828856,4.0,10,14,1.0,1,2,0.0,0.0,0.0,0.0,0,0,-0.074118,0.987317,0.913199,-0.011997,0.671791,0.659794,-0.003146,0.868504,0.865358,0.053989,0.93069,0.984679,-0.053989,0.06931,0.015321
qd_003,QuickDraw,fish,adapt_t2m5,public_benchmark_v1_ext33_m2_56_line_stroke_d3_c18,False,candidate_hard_fail,-0.31858655,0.30520635,0.08985826,0.39506461,2.0,10,12,1.0,1,2,16.5491,0.0,16.5491,4.0,0,4,0.00654,0.987317,0.993857,-0.021674,0.671791,0.650117,0.065056,0.868504,0.93356,0.031068,0.93069,0.961758,-0.031068,0.06931,0.038242
qd_003,QuickDraw,fish,adapt_t2m5,public_benchmark_v1_ext33_m2_56_line_stroke_selector_probe,False,strict_precision_drop,0.05400307,-0.03999255,0.08985826,0.04986571,-4.0,10,6,-1.0,1,0,0.0,0.0,0.0,0.0,0,0,0.012683,0.987317,1.0,-0.357672,0.671791,0.314119,0.131496,0.868504,1.0,-0.435981,0.93069,0.494709,0.435981,0.06931,0.505291
qd_003,QuickDraw,fish,adapt_t2m5,public_benchmark_v1_ext33_m2_57_topology_open_d0_c12_i090_min12,False,jump_increase,-0.07017898,0.04076176,0.08985826,0.13062002,5.0,10,15,0.0,1,1,0.0,0.0,0.0,0.0,0,0,-0.040627,0.987317,0.94669,-0.009331,0.671791,0.66246,0.025041,0.868504,0.893545,0.054056,0.93069,0.984746,-0.054056,0.06931,0.015254
qd_003,QuickDraw,fish,adapt_t2m5,public_benchmark_v1_ext33_m2_57_topology_open_d0_c12_i090_min20,False,jump_increase,-0.07137035,0.04079101,0.08985826,0.13064927,5.0,10,15,0.0,1,1,0.0,0.0,0.0,0.0,0,0,-0.070749,0.987317,0.916568,-0.011737,0.671791,0.660054,-0.000378,0.868504,0.868126,0.053897,0.93069,0.984587,-0.053897,0.06931,0.015413
qd_003,QuickDraw,fish,adapt_t2m5,public_benchmark_v1_ext33_m2_57_topology_open_d0_c12_i090_min30,False,jump_increase,-0.07137035,0.04079101,0.08985826,0.13064927,5.0,10,15,0.0,1,1,0.0,0.0,0.0,0.0,0,0,-0.070749,0.987317,0.916568,-0.011737,0.671791,0.660054,-0.000378,0.868504,0.868126,0.053897,0.93069,0.984587,-0.053897,0.06931,0.015413
qd_003,QuickDraw,fish,adapt_t2m5,public_benchmark_v1_ext33_m2_57_topology_open_d0_c16_i085_min20,False,jump_increase,-0.07137035,0.04079101,0.08985826,0.13064927,5.0,10,15,0.0,1,1,0.0,0.0,0.0,0.0,0,0,-0.070749,0.987317,0.916568,-0.011737,0.671791,0.660054,-0.000378,0.868504,0.868126,0.053897,0.93069,0.984587,-0.053897,0.06931,0.015413
qd_003,QuickDraw,fish,adapt_t2m5,public_benchmark_v1_ext33_m2_57_topology_open_d0_c20_i080_min30,False,jump_increase,-0.07137035,0.04079101,0.08985826,0.13064927,5.0,10,15,0.0,1,1,0.0,0.0,0.0,0.0,0,0,-0.070749,0.987317,0.916568,-0.011737,0.671791,0.660054,-0.000378,0.868504,0.868126,0.053897,0.93069,0.984587,-0.053897,0.06931,0.015413
qd_003,QuickDraw,fish,adapt_t2m5,public_benchmark_v1_ext33_m2_57_topology_open_d0_c20_i080_min40,False,jump_increase,-0.05894046,0.03079996,0.08985826,0.12065822,3.0,10,13,1.0,1,2,0.0,0.0,0.0,0.0,0,0,-0.240983,0.987317,0.746334,-0.00689,0.671791,0.664901,-0.16522,0.868504,0.703284,0.056068,0.93069,0.986758,-0.056068,0.06931,0.013242
qd_003,QuickDraw,fish,adapt_t2m5,public_benchmark_v1_ext33_m2_57_topology_open_d0_c24_i075_min40,False,jump_increase,-0.05894046,0.03079996,0.08985826,0.12065822,3.0,10,13,1.0,1,2,0.0,0.0,0.0,0.0,0,0,-0.240983,0.987317,0.746334,-0.00689,0.671791,0.664901,-0.16522,0.868504,0.703284,0.056068,0.93069,0.986758,-0.056068,0.06931,0.013242
qd_003,QuickDraw,fish,adapt_t2m5,public_benchmark_v1_ext33_m2_57_topology_open_d0_c24_i075_min60,False,coverage_drop,0.01791387,-0.01744575,0.08985826,0.07241251,-2.0,10,8,0.0,1,1,0.0,0.0,0.0,0.0,0,0,-0.356719,0.987317,0.630598,-0.002037,0.671791,0.669754,-0.276834,0.868504,0.59167,0.058996,0.93069,0.989686,-0.058996,0.06931,0.010314
qd_003,QuickDraw,fish,adapt_t2m5,public_benchmark_v1_ext33_m2_57_topology_open_d0_c30_i070_min100,False,coverage_drop,0.0812027,-0.05668438,0.08985826,0.03317388,-6.0,10,4,-1.0,1,0,0.0,0.0,0.0,0.0,0,0,-0.438169,0.987317,0.549148,0.007043,0.671791,0.678834,-0.357368,0.868504,0.511136,0.06441,0.93069,0.9951,-0.06441,0.06931,0.0049
qd_003,QuickDraw,fish,adapt_t2m5,public_benchmark_v1_ext33_m2_57_topology_open_d0_c30_i070_min80,False,coverage_drop,0.01791387,-0.01744575,0.08985826,0.07241251,-2.0,10,8,0.0,1,1,0.0,0.0,0.0,0.0,0,0,-0.356719,0.987317,0.630598,-0.002037,0.671791,0.669754,-0.276834,0.868504,0.59167,0.058996,0.93069,0.989686,-0.058996,0.06931,0.010314
qd_003,QuickDraw,fish,adapt_t2m5,public_benchmark_v1_ext33_m2_57_topology_open_d1_c16_i085_min20,False,jump_increase,-0.07137035,0.04079101,0.08985826,0.13064927,5.0,10,15,0.0,1,1,0.0,0.0,0.0,0.0,0,0,-0.070749,0.987317,0.916568,-0.011737,0.671791,0.660054,-0.000378,0.868504,0.868126,0.053897,0.93069,0.984587,-0.053897,0.06931,0.015413
qd_003,QuickDraw,fish,adapt_t2m5,public_benchmark_v1_ext33_m2_57_topology_open_d1_c20_i080_min20,False,jump_increase,-0.07137035,0.04079101,0.08985826,0.13064927,5.0,10,15,0.0,1,1,0.0,0.0,0.0,0.0,0,0,-0.070749,0.987317,0.916568,-0.011737,0.671791,0.660054,-0.000378,0.868504,0.868126,0.053897,0.93069,0.984587,-0.053897,0.06931,0.015413
qd_003,QuickDraw,fish,adapt_t2m5,public_benchmark_v1_ext33_m2_57_topology_open_d1_c24_i070_min60,False,coverage_drop,0.01791387,-0.01744575,0.08985826,0.07241251,-2.0,10,8,0.0,1,1,0.0,0.0,0.0,0.0,0,0,-0.356719,0.987317,0.630598,-0.002037,0.671791,0.669754,-0.276834,0.868504,0.59167,0.058996,0.93069,0.989686,-0.058996,0.06931,0.010314
qd_003,QuickDraw,fish,adapt_t2m5,public_benchmark_v1_ext33_m2_57_topology_open_d1_c24_i075_min40,False,jump_increase,-0.05894046,0.03079996,0.08985826,0.12065822,3.0,10,13,1.0,1,2,0.0,0.0,0.0,0.0,0,0,-0.240983,0.987317,0.746334,-0.00689,0.671791,0.664901,-0.16522,0.868504,0.703284,0.056068,0.93069,0.986758,-0.056068,0.06931,0.013242
qd_003,QuickDraw,fish,adapt_t2m5,public_benchmark_v1_ext33_m2_57_topology_open_d1_c30_i065_min80,False,coverage_drop,0.01791387,-0.01744575,0.08985826,0.07241251,-2.0,10,8,0.0,1,1,0.0,0.0,0.0,0.0,0,0,-0.356719,0.987317,0.630598,-0.002037,0.671791,0.669754,-0.276834,0.868504,0.59167,0.058996,0.93069,0.989686,-0.058996,0.06931,0.010314
qd_003,QuickDraw,fish,adapt_t2m5,public_benchmark_v1_ext33_m2_57_topology_open_d2_c20_i075_min20,False,candidate_hard_fail,-0.27384616,0.26081474,0.08985826,0.350673,2.0,10,12,0.0,1,1,10.005,0.0,10.005,2.0,0,2,-0.069957,0.987317,0.91736,-0.022926,0.671791,0.648865,0.002139,0.868504,0.870643,0.039173,0.93069,0.969863,-0.039173,0.06931,0.030137
qd_003,QuickDraw,fish,adapt_t2m5,public_benchmark_v1_ext33_m2_57_topology_relative_rescue,False,strict_precision_drop,0.05400307,-0.03999255,0.08985826,0.04986571,-4.0,10,6,-1.0,1,0,0.0,0.0,0.0,0.0,0,0,0.012683,0.987317,1.0,-0.357672,0.671791,0.314119,0.131496,0.868504,1.0,-0.435981,0.93069,0.494709,0.435981,0.06931,0.505291
qd_003,QuickDraw,fish,adapt_t2m5,public_benchmark_v1_ext33_m2_57_topology_selector_probe_min100,False,strict_precision_drop,0.05400307,-0.03999255,0.08985826,0.04986571,-4.0,10,6,-1.0,1,0,0.0,0.0,0.0,0.0,0,0,0.012683,0.987317,1.0,-0.357672,0.671791,0.314119,0.131496,0.868504,1.0,-0.435981,0.93069,0.494709,0.435981,0.06931,0.505291
qd_003,QuickDraw,fish,adapt_t2m5,public_benchmark_v1_ext33_m2_57_topology_selector_probe_min100_j14,False,strict_precision_drop,0.05400307,-0.03999255,0.08985826,0.04986571,-4.0,10,6,-1.0,1,0,0.0,0.0,0.0,0.0,0,0,0.012683,0.987317,1.0,-0.357672,0.671791,0.314119,0.131496,0.868504,1.0,-0.435981,0.93069,0.494709,0.435981,0.06931,0.505291
qd_003,QuickDraw,fish,adapt_t2m5,public_benchmark_v1_ext33_m2_58_coverage_aware_relative_rescue,False,strict_precision_drop,0.05400307,-0.03999255,0.08985826,0.04986571,-4.0,10,6,-1.0,1,0,0.0,0.0,0.0,0.0,0,0,0.012683,0.987317,1.0,-0.357672,0.671791,0.314119,0.131496,0.868504,1.0,-0.435981,0.93069,0.494709,0.435981,0.06931,0.505291
qd_003,QuickDraw,fish,adapt_t2m5,public_benchmark_v1_ext33_m2_59_anchored_quality_rescue_selector,False,strict_precision_drop,0.05400307,-0.03999255,0.08985826,0.04986571,-4.0,10,6,-1.0,1,0,0.0,0.0,0.0,0.0,0,0,0.012683,0.987317,1.0,-0.357672,0.671791,0.314119,0.131496,0.868504,1.0,-0.435981,0.93069,0.494709,0.435981,0.06931,0.505291
qd_003,QuickDraw,fish,adapt_t2m5,public_benchmark_v1_ext33_m2_59_grouped_topology_g_d0_c16_i085_s4_min12_p80,False,jump_increase,-0.07020337,0.04077121,0.08985826,0.13062947,5.0,10,15,0.0,1,1,0.0,0.0,0.0,0.0,0,0,-0.041023,0.987317,0.946294,-0.009425,0.671791,0.662366,0.024789,0.868504,0.893293,0.054051,0.93069,0.984741,-0.054051,0.06931,0.015259
qd_003,QuickDraw,fish,adapt_t2m5,public_benchmark_v1_ext33_m2_59_grouped_topology_g_d0_c16_i090_s3_min20_p80,False,jump_increase,-0.07137512,0.04079578,0.08985826,0.13065404,5.0,10,15,0.0,1,1,0.0,0.0,0.0,0.0,0,0,-0.070749,0.987317,0.916568,-0.011737,0.671791,0.660054,-0.000378,0.868504,0.868126,0.053897,0.93069,0.984587,-0.053897,0.06931,0.015413
qd_003,QuickDraw,fish,adapt_t2m5,public_benchmark_v1_ext33_m2_59_grouped_topology_g_d0_c18_i092_s4_min12_p100,False,jump_increase,-0.07020337,0.04077121,0.08985826,0.13062947,5.0,10,15,0.0,1,1,0.0,0.0,0.0,0.0,0,0,-0.041023,0.987317,0.946294,-0.009425,0.671791,0.662366,0.024789,0.868504,0.893293,0.054051,0.93069,0.984741,-0.054051,0.06931,0.015259
qd_003,QuickDraw,fish,adapt_t2m5,public_benchmark_v1_ext33_m2_59_grouped_topology_g_d0_c18_i095_s3_min12_p120,False,jump_increase,-0.07020337,0.04077121,0.08985826,0.13062947,5.0,10,15,0.0,1,1,0.0,0.0,0.0,0.0,0,0,-0.041023,0.987317,0.946294,-0.009425,0.671791,0.662366,0.024789,0.868504,0.893293,0.054051,0.93069,0.984741,-0.054051,0.06931,0.015259
qd_003,QuickDraw,fish,adapt_t2m5,public_benchmark_v1_ext33_m2_59_grouped_topology_g_d0_c20_i080_s5_min12_p80,False,jump_increase,-0.07020337,0.04077121,0.08985826,0.13062947,5.0,10,15,0.0,1,1,0.0,0.0,0.0,0.0,0,0,-0.041023,0.987317,0.946294,-0.009425,0.671791,0.662366,0.024789,0.868504,0.893293,0.054051,0.93069,0.984741,-0.054051,0.06931,0.015259
qd_003,QuickDraw,fish,adapt_t2m5,public_benchmark_v1_ext33_m2_59_grouped_topology_g_d0_c20_i090_s4_min12_p100,False,jump_increase,-0.07020337,0.04077121,0.08985826,0.13062947,5.0,10,15,0.0,1,1,0.0,0.0,0.0,0.0,0,0,-0.041023,0.987317,0.946294,-0.009425,0.671791,0.662366,0.024789,0.868504,0.893293,0.054051,0.93069,0.984741,-0.054051,0.06931,0.015259
qd_003,QuickDraw,fish,adapt_t2m5,public_benchmark_v1_ext33_m2_59_grouped_topology_g_d0_c20_i095_s4_min12_p100,False,jump_increase,-0.07020337,0.04077121,0.08985826,0.13062947,5.0,10,15,0.0,1,1,0.0,0.0,0.0,0.0,0,0,-0.041023,0.987317,0.946294,-0.009425,0.671791,0.662366,0.024789,0.868504,0.893293,0.054051,0.93069,0.984741,-0.054051,0.06931,0.015259
qd_003,QuickDraw,fish,adapt_t2m5,public_benchmark_v1_ext33_m2_59_grouped_topology_g_d0_c24_i075_s6_min20_p80,False,off_mask_increase,-0.1080796,0.08340246,0.08985826,0.17326072,4.0,10,14,0.0,1,1,2.2556,0.0,2.2556,0.0,0,0,-0.070155,0.987317,0.917162,-0.015616,0.671791,0.656175,0.001887,0.868504,0.870391,0.050027,0.93069,0.980717,-0.050027,0.06931,0.019283
qd_003,QuickDraw,fish,adapt_t2m5,public_benchmark_v1_ext33_m2_59_grouped_topology_g_d0_c30_i070_s8_min30_p100,False,off_mask_increase,-0.1080796,0.08340246,0.08985826,0.17326072,4.0,10,14,0.0,1,1,2.2556,0.0,2.2556,0.0,0,0,-0.070155,0.987317,0.917162,-0.015616,0.671791,0.656175,0.001887,0.868504,0.870391,0.050027,0.93069,0.980717,-0.050027,0.06931,0.019283
qd_003,QuickDraw,fish,adapt_t2m5,public_benchmark_v1_ext33_m2_59_grouped_topology_g_d1_c20_i075_s5_min12_p80,False,off_mask_increase,-0.10687942,0.08336844,0.08985826,0.1732267,4.0,10,14,0.0,1,1,2.2556,0.0,2.2556,0.0,0,0,-0.040032,0.987317,0.947285,-0.013117,0.671791,0.658674,0.027306,0.868504,0.89581,0.050294,0.93069,0.980984,-0.050294,0.06931,0.019016
qd_003,QuickDraw,fish,adapt_t2m5,public_benchmark_v1_ext33_m2_59_quality_rescue_selector,False,strict_precision_drop,0.05400307,-0.03999255,0.08985826,0.04986571,-4.0,10,6,-1.0,1,0,0.0,0.0,0.0,0.0,0,0,0.012683,0.987317,1.0,-0.357672,0.671791,0.314119,0.131496,0.868504,1.0,-0.435981,0.93069,0.494709,0.435981,0.06931,0.505291
qd_003,QuickDraw,fish,adapt_t2m5,public_benchmark_v1_ext33_m2_5_learned_selector_applied,False,jump_increase,-0.0232717,0.01357708,0.08985826,0.10343534,1.0,10,11,1.0,1,2,0.0,0.0,0.0,0.0,0,0,-0.047761,0.987317,0.939556,-0.033788,0.671791,0.638003,0.023531,0.868504,0.892035,0.023287,0.93069,0.953977,-0.023287,0.06931,0.046023
qd_003,QuickDraw,fish,adapt_t2m5,public_benchmark_v1_ext33_m2_60_maskpath_combo_rescue_selector,False,strict_precision_drop,0.05400307,-0.03999255,0.08985826,0.04986571,-4.0,10,6,-1.0,1,0,0.0,0.0,0.0,0.0,0,0,0.012683,0.987317,1.0,-0.357672,0.671791,0.314119,0.131496,0.868504,1.0,-0.435981,0.93069,0.494709,0.435981,0.06931,0.505291
qd_003,QuickDraw,fish,adapt_t2m5,public_benchmark_v1_ext33_m2_60_maskpath_mp_d0_r0_c20_i095_route24_f20_min12,False,jump_increase,-0.07020337,0.04077121,0.08985826,0.13062947,5.0,10,15,0.0,1,1,0.0,0.0,0.0,0.0,0,0,-0.041023,0.987317,0.946294,-0.009425,0.671791,0.662366,0.024789,0.868504,0.893293,0.054051,0.93069,0.984741,-0.054051,0.06931,0.015259
qd_003,QuickDraw,fish,adapt_t2m5,public_benchmark_v1_ext33_m2_60_maskpath_mp_d0_r0_c20_i095_route32_f26_min12,False,jump_increase,-0.04196799,0.02434757,0.08985826,0.11420583,3.0,10,13,0.0,1,1,0.0,0.0,0.0,0.0,0,0,-0.038248,0.987317,0.949069,-0.016033,0.671791,0.655758,0.028187,0.868504,0.896691,0.045073,0.93069,0.975763,-0.045073,0.06931,0.024237
qd_003,QuickDraw,fish,adapt_t2m5,public_benchmark_v1_ext33_m2_60_maskpath_mp_d0_r0_c20_i095_route32_f26_min20,False,jump_increase,-0.04305741,0.02434757,0.08985826,0.11420583,3.0,10,13,0.0,1,1,0.0,0.0,0.0,0.0,0,0,-0.067579,0.987317,0.919738,-0.016097,0.671791,0.655694,0.001762,0.868504,0.870266,0.046422,0.93069,0.977112,-0.046422,0.06931,0.022888
qd_003,QuickDraw,fish,adapt_t2m5,public_benchmark_v1_ext33_m2_60_maskpath_mp_d0_r0_c24_i090_route36_f30_min12,False,jump_increase,-0.04196799,0.02434757,0.08985826,0.11420583,3.0,10,13,0.0,1,1,0.0,0.0,0.0,0.0,0,0,-0.038248,0.987317,0.949069,-0.016033,0.671791,0.655758,0.028187,0.868504,0.896691,0.045073,0.93069,0.975763,-0.045073,0.06931,0.024237
qd_003,QuickDraw,fish,adapt_t2m5,public_benchmark_v1_ext33_m2_60_maskpath_mp_d0_r1_c20_i095_route32_f26_min12,False,candidate_hard_fail,-0.22206347,0.20434757,0.08985826,0.29420583,3.0,10,13,0.0,1,1,9.2855,0.0,9.2855,0.0,0,0,-0.039239,0.987317,0.948078,-0.017435,0.671791,0.654356,0.027557,0.868504,0.896061,0.043322,0.93069,0.974012,-0.043322,0.06931,0.025988
qd_003,QuickDraw,fish,adapt_t2m5,public_benchmark_v1_ext33_m2_60_maskpath_mp_d0_r1_c24_i090_route36_f30_min12,False,candidate_hard_fail,-0.22206347,0.20434757,0.08985826,0.29420583,3.0,10,13,0.0,1,1,9.2855,0.0,9.2855,0.0,0,0,-0.039239,0.987317,0.948078,-0.017435,0.671791,0.654356,0.027557,0.868504,0.896061,0.043322,0.93069,0.974012,-0.043322,0.06931,0.025988
qd_003,QuickDraw,fish,adapt_t2m5,public_benchmark_v1_ext33_m2_60_maskpath_rescue_selector,False,strict_precision_drop,0.05400307,-0.03999255,0.08985826,0.04986571,-4.0,10,6,-1.0,1,0,0.0,0.0,0.0,0.0,0,0,0.012683,0.987317,1.0,-0.357672,0.671791,0.314119,0.131496,0.868504,1.0,-0.435981,0.93069,0.494709,0.435981,0.06931,0.505291
qd_003,QuickDraw,fish,adapt_t2m5,public_benchmark_v1_ext33_m2_61_segment_graph_sg_d0_l035_c20_i095_r32_f26_min12,False,off_mask_increase,0.03047869,-0.00546343,0.08985826,0.08439483,-4.0,10,6,0.0,1,1,1.2761,0.0,1.2761,0.0,0,0,-0.020016,0.987317,0.967301,-0.015743,0.671791,0.656048,0.043287,0.868504,0.911791,0.043235,0.93069,0.973925,-0.043235,0.06931,0.026075
qd_003,QuickDraw,fish,adapt_t2m5,public_benchmark_v1_ext33_m2_61_segment_graph_sg_d0_l050_c24_i090_r36_f30_min12,False,off_mask_increase,0.03034721,-0.00546343,0.08985826,0.08439483,-4.0,10,6,0.0,1,1,1.2761,0.0,1.2761,0.0,0,0,-0.021998,0.987317,0.965319,-0.016823,0.671791,0.654968,0.041399,0.868504,0.909903,0.041611,0.93069,0.972301,-0.041611,0.06931,0.027699
qd_003,QuickDraw,fish,adapt_t2m5,public_benchmark_v1_ext33_m2_61_segment_graph_sg_d0_l070_c20_i095_r32_f26_min12,False,off_mask_increase,0.03047869,-0.00546343,0.08985826,0.08439483,-4.0,10,6,0.0,1,1,1.2761,0.0,1.2761,0.0,0,0,-0.020016,0.987317,0.967301,-0.015743,0.671791,0.656048,0.043287,0.868504,0.911791,0.043235,0.93069,0.973925,-0.043235,0.06931,0.026075
qd_003,QuickDraw,fish,adapt_t2m5,public_benchmark_v1_ext33_m2_61_segment_graph_sg_d1_l050_c20_i095_r32_f26_min12,False,candidate_hard_fail,-0.1209316,0.14582432,0.08985826,0.23568258,-4.0,10,6,0.0,1,1,10.5516,0.0,10.5516,0.0,0,0,-0.0218,0.987317,0.965517,-0.01748,0.671791,0.654311,0.042406,0.868504,0.91091,0.04151,0.93069,0.9722,-0.04151,0.06931,0.0278
qd_003,QuickDraw,fish,adapt_t2m5,public_benchmark_v1_ext33_m2_61_segment_graph_sg_euler_d0_l000_c20_i095_r32_f26_min12,False,jump_increase,-0.04196799,0.02434757,0.08985826,0.11420583,3.0,10,13,0.0,1,1,0.0,0.0,0.0,0.0,0,0,-0.038248,0.987317,0.949069,-0.016033,0.671791,0.655758,0.028187,0.868504,0.896691,0.045073,0.93069,0.975763,-0.045073,0.06931,0.024237
qd_003,QuickDraw,fish,adapt_t2m5,public_benchmark_v1_ext33_m2_61_segment_graph_sg_euler_d0_l020_c24_i090_r36_f30_min12,False,off_mask_increase,0.03034721,-0.00546343,0.08985826,0.08439483,-4.0,10,6,0.0,1,1,1.2761,0.0,1.2761,0.0,0,0,-0.021998,0.987317,0.965319,-0.016823,0.671791,0.654968,0.041399,0.868504,0.909903,0.041611,0.93069,0.972301,-0.041611,0.06931,0.027699
qd_003,QuickDraw,fish,adapt_t2m5,public_benchmark_v1_ext33_m2_61_segment_graph_sg_euler_d0_l035_c20_i095_r32_f26_min12,False,off_mask_increase,0.03047869,-0.00546343,0.08985826,0.08439483,-4.0,10,6,0.0,1,1,1.2761,0.0,1.2761,0.0,0,0,-0.020016,0.987317,0.967301,-0.015743,0.671791,0.656048,0.043287,0.868504,0.911791,0.043235,0.93069,0.973925,-0.043235,0.06931,0.026075
qd_003,QuickDraw,fish,adapt_t2m5,public_benchmark_v1_ext33_m2_62_precision_rescue_selector,False,absolute_adaptive_precision_too_low,0.0,0.0,0.08985826,0.08985826,0.0,10,10,0.0,1,1,0.0,0.0,0.0,0.0,0,0,0.0,0.987317,0.987317,0.0,0.671791,0.671791,0.0,0.868504,0.868504,0.0,0.93069,0.93069,0.0,0.06931,0.06931
qd_003,QuickDraw,fish,adapt_t2m5,public_benchmark_v1_ext33_m2_64_text_precision_rescue_selector,False,absolute_adaptive_precision_too_low,0.0,0.0,0.08985826,0.08985826,0.0,10,10,0.0,1,1,0.0,0.0,0.0,0.0,0,0,0.0,0.987317,0.987317,0.0,0.671791,0.671791,0.0,0.868504,0.868504,0.0,0.93069,0.93069,0.0,0.06931,0.06931
qd_003,QuickDraw,fish,adapt_t2m5,public_benchmark_v1_ext33_m2_65_text_legibility_rescue_selector,False,absolute_adaptive_precision_too_low,0.0,0.0,0.08985826,0.08985826,0.0,10,10,0.0,1,1,0.0,0.0,0.0,0.0,0,0,0.0,0.987317,0.987317,0.0,0.671791,0.671791,0.0,0.868504,0.868504,0.0,0.93069,0.93069,0.0,0.06931,0.06931
qd_003,QuickDraw,fish,adapt_t2m5,public_benchmark_v1_ext33_m2_66_profile_switcher,False,absolute_adaptive_precision_too_low,0.0,0.0,0.08985826,0.08985826,0.0,10,10,0.0,1,1,0.0,0.0,0.0,0.0,0,0,0.0,0.987317,0.987317,0.0,0.671791,0.671791,0.0,0.868504,0.868504,0.0,0.93069,0.93069,0.0,0.06931,0.06931
qd_003,QuickDraw,fish,adapt_t2m5,public_benchmark_v1_ext33_m2_67_line_art_profile,False,absolute_adaptive_precision_too_low,0.0,0.0,0.08985826,0.08985826,0.0,10,10,0.0,1,1,0.0,0.0,0.0,0.0,0,0,0.0,0.987317,0.987317,0.0,0.671791,0.671791,0.0,0.868504,0.868504,0.0,0.93069,0.93069,0.0,0.06931,0.06931
qd_003,QuickDraw,fish,adapt_t2m5,public_benchmark_v1_ext33_m2_68_shape_aware_profile,False,absolute_adaptive_precision_too_low,0.0,0.0,0.08985826,0.08985826,0.0,10,10,0.0,1,1,0.0,0.0,0.0,0.0,0,0,0.0,0.987317,0.987317,0.0,0.671791,0.671791,0.0,0.868504,0.868504,0.0,0.93069,0.93069,0.0,0.06931,0.06931
qd_003,QuickDraw,fish,adapt_t2m5,public_benchmark_v1_ext33_m2_69_text_wku_profile,False,absolute_adaptive_precision_too_low,0.0,0.0,0.08985826,0.08985826,0.0,10,10,0.0,1,1,0.0,0.0,0.0,0.0,0,0,0.0,0.987317,0.987317,0.0,0.671791,0.671791,0.0,0.868504,0.868504,0.0,0.93069,0.93069,0.0,0.06931,0.06931
qd_003,QuickDraw,fish,adapt_t2m5,public_benchmark_v1_ext33_mask_fill_edgewalk_dtsatin_o3_i8_s14_p90,False,candidate_hard_fail,-0.70191045,0.25868731,0.08985826,0.34854557,66.0,10,76,13.0,1,14,1.698,0.0,1.698,0.0,0,0,0.011494,0.987317,0.998811,-0.251721,0.671791,0.42007,0.110985,0.868504,0.979489,-0.281915,0.93069,0.648775,0.281915,0.06931,0.351225
qd_003,QuickDraw,fish,adapt_t2m5,public_benchmark_v1_ext33_mask_fill_edgewalk_dtsatin_o3_i9_s7,False,candidate_hard_fail,-0.70191045,0.25868731,0.08985826,0.34854557,66.0,10,76,13.0,1,14,1.698,0.0,1.698,0.0,0,0,0.011494,0.987317,0.998811,-0.251721,0.671791,0.42007,0.110985,0.868504,0.979489,-0.281915,0.93069,0.648775,0.281915,0.06931,0.351225
qd_003,QuickDraw,fish,adapt_t2m5,public_benchmark_v1_ext33_mask_fill_edgewalk_nearest_rows16_p40,False,candidate_hard_fail,-0.70191045,0.25868731,0.08985826,0.34854557,66.0,10,76,13.0,1,14,1.698,0.0,1.698,0.0,0,0,0.011494,0.987317,0.998811,-0.251721,0.671791,0.42007,0.110985,0.868504,0.979489,-0.281915,0.93069,0.648775,0.281915,0.06931,0.351225
qd_003,QuickDraw,fish,adapt_t2m5,public_benchmark_v1_ext33_mask_fill_edgewalk_nearestrow_adapt_t2_m5_rows16_p40,False,absolute_adaptive_precision_too_low,0.0,0.0,0.08985826,0.08985826,0.0,10,10,0.0,1,1,0.0,0.0,0.0,0.0,0,0,0.0,0.987317,0.987317,0.0,0.671791,0.671791,0.0,0.868504,0.868504,0.0,0.93069,0.93069,0.0,0.06931,0.06931
qd_003,QuickDraw,fish,adapt_t2m5,public_benchmark_v1_ext33_mask_fill_edgewalk_nearestrow_adapt_t3_m6_rows16_p40,False,absolute_adaptive_precision_too_low,0.0,0.0,0.08985826,0.08985826,0.0,10,10,0.0,1,1,0.0,0.0,0.0,0.0,0,0,0.0,0.987317,0.987317,0.0,0.671791,0.671791,0.0,0.868504,0.868504,0.0,0.93069,0.93069,0.0,0.06931,0.06931
qd_003,QuickDraw,fish,adapt_t2m5,public_benchmark_v1_ext33_mask_fill_edgewalk_nearestrow_adapt_t4_m8_rows16_p40,False,off_mask_increase,-3.561e-05,0.00528071,0.08985826,0.09513897,-1.0,10,9,0.0,1,1,0.6083,0.0,0.6083,0.0,0,0,0.009116,0.987317,0.996433,-0.072149,0.671791,0.599642,0.068202,0.868504,0.936706,-0.042914,0.93069,0.887776,0.042914,0.06931,0.112224
qd_003,QuickDraw,fish,adapt_t2m5,public_benchmark_v1_ext33_mask_fill_edgewalk_nearestrow_evalfill_rows16_p40,False,off_mask_increase,-0.02467134,0.02183056,0.08985826,0.11168882,-2.0,10,8,0.0,1,1,1.7178,0.0,1.7178,0.0,0,0,0.012683,0.987317,1.0,-0.393621,0.671791,0.27817,0.131496,0.868504,1.0,-0.492597,0.93069,0.438093,0.492597,0.06931,0.561907
qd_003,QuickDraw,fish,adapt_t2m5,public_benchmark_v1_ext33_mask_fill_edgewalk_nearestrow_inset1_rows16_p40,False,off_mask_increase,-3.561e-05,0.00528071,0.08985826,0.09513897,-1.0,10,9,0.0,1,1,0.6083,0.0,0.6083,0.0,0,0,0.009116,0.987317,0.996433,-0.072149,0.671791,0.599642,0.068202,0.868504,0.936706,-0.042914,0.93069,0.887776,0.042914,0.06931,0.112224
qd_003,QuickDraw,fish,adapt_t2m5,public_benchmark_v1_ext33_mask_fill_edgewalk_nearestrow_inset2_rows16_p40,False,jump_increase,-0.0143281,0.00804534,0.08985826,0.0979036,1.0,10,11,0.0,1,1,0.0,0.0,0.0,0.0,0,0,-0.008522,0.987317,0.978795,0.007016,0.671791,0.678807,-0.014597,0.868504,0.853907,0.001965,0.93069,0.932655,-0.001965,0.06931,0.067345
qd_003,QuickDraw,fish,adapt_t2m5,public_benchmark_v1_ext33_mask_fill_edgewalk_nearestrow_qdirect_rows16_p40,False,strict_precision_drop,0.01216433,-0.00853163,0.08985826,0.08132663,-1.0,10,9,0.0,1,1,0.0,0.0,0.0,0.0,0,0,0.011494,0.987317,0.998811,-0.12857,0.671791,0.543221,0.099912,0.868504,0.968416,-0.101201,0.93069,0.829489,0.101201,0.06931,0.170511
qd_003,QuickDraw,fish,adapt_t2m5,public_benchmark_v1_ext33_mask_fill_edgewalk_nearestrow_qpath090_rows16_p40,False,strict_precision_drop,0.01216433,-0.00853163,0.08985826,0.08132663,-1.0,10,9,0.0,1,1,0.0,0.0,0.0,0.0,0,0,0.011494,0.987317,0.998811,-0.12857,0.671791,0.543221,0.099912,0.868504,0.968416,-0.101201,0.93069,0.829489,0.101201,0.06931,0.170511
qd_003,QuickDraw,fish,adapt_t2m5,public_benchmark_v1_ext33_mask_fill_edgewalk_nearestrow_qpath095_rows16_p40,False,strict_precision_drop,0.01216433,-0.00853163,0.08985826,0.08132663,-1.0,10,9,0.0,1,1,0.0,0.0,0.0,0.0,0,0,0.011494,0.987317,0.998811,-0.12857,0.671791,0.543221,0.099912,0.868504,0.968416,-0.101201,0.93069,0.829489,0.101201,0.06931,0.170511
qd_003,QuickDraw,fish,adapt_t2m5,public_benchmark_v1_ext33_mask_fill_edgewalk_nearestrow_quantvalid_rows16_p40,False,strict_precision_drop,0.01216433,-0.00853163,0.08985826,0.08132663,-1.0,10,9,0.0,1,1,0.0,0.0,0.0,0.0,0,0,0.011494,0.987317,0.998811,-0.12857,0.671791,0.543221,0.099912,0.868504,0.968416,-0.101201,0.93069,0.829489,0.101201,0.06931,0.170511
qd_003,QuickDraw,fish,adapt_t2m5,public_benchmark_v1_ext33_mask_fill_edgewalk_nearestrow_rows16_p40,False,strict_precision_drop,0.01216433,-0.00853163,0.08985826,0.08132663,-1.0,10,9,0.0,1,1,0.0,0.0,0.0,0.0,0,0,0.011494,0.987317,0.998811,-0.12857,0.671791,0.543221,0.099912,0.868504,0.968416,-0.101201,0.93069,0.829489,0.101201,0.06931,0.170511
qd_003,QuickDraw,fish,adapt_t2m5,public_benchmark_v1_ext33_mask_fill_edgewalk_nearestrow_safeadt_rows16_p40,False,strict_precision_drop,0.05400307,-0.03999255,0.08985826,0.04986571,-4.0,10,6,-1.0,1,0,0.0,0.0,0.0,0.0,0,0,0.012683,0.987317,1.0,-0.357672,0.671791,0.314119,0.131496,0.868504,1.0,-0.435981,0.93069,0.494709,0.435981,0.06931,0.505291
qd_003,QuickDraw,fish,adapt_t2m5,public_benchmark_v1_ext33_mask_fill_edgewalk_nearestrow_safeadt_t2m5_r035_a32_rows16_p40,False,strict_precision_drop,0.05400307,-0.03999255,0.08985826,0.04986571,-4.0,10,6,-1.0,1,0,0.0,0.0,0.0,0.0,0,0,0.012683,0.987317,1.0,-0.357672,0.671791,0.314119,0.131496,0.868504,1.0,-0.435981,0.93069,0.494709,0.435981,0.06931,0.505291
qd_003,QuickDraw,fish,adapt_t2m5,public_benchmark_v1_ext33_mask_fill_edgewalk_nearestrow_safeadt_t2m5_r055_a64_rows16_p40,False,strict_precision_drop,0.05400307,-0.03999255,0.08985826,0.04986571,-4.0,10,6,-1.0,1,0,0.0,0.0,0.0,0.0,0,0,0.012683,0.987317,1.0,-0.357672,0.671791,0.314119,0.131496,0.868504,1.0,-0.435981,0.93069,0.494709,0.435981,0.06931,0.505291
qd_003,QuickDraw,fish,adapt_t2m5,public_benchmark_v1_ext33_mask_fill_edgewalk_nearestrow_segvalid_rows16_p40,False,strict_precision_drop,0.01216433,-0.00853163,0.08985826,0.08132663,-1.0,10,9,0.0,1,1,0.0,0.0,0.0,0.0,0,0,0.011494,0.987317,0.998811,-0.12857,0.671791,0.543221,0.099912,0.868504,0.968416,-0.101201,0.93069,0.829489,0.101201,0.06931,0.170511
qd_003,QuickDraw,fish,adapt_t2m5,public_benchmark_v1_ext33_mask_fill_edgewalk_nearestrow_strict_p20_rows16,False,jump_increase,-0.03944871,0.02237113,0.08985826,0.11222939,2.0,10,12,1.0,1,2,0.0,0.0,0.0,0.0,0,0,0.011494,0.987317,0.998811,-0.122652,0.671791,0.549139,0.09966,0.868504,0.968164,-0.092381,0.93069,0.838309,0.092381,0.06931,0.161691
qd_003,QuickDraw,fish,adapt_t2m5,public_benchmark_v1_ext33_mask_fill_edgewalk_nearestrow_strict_p40_rows16,False,strict_precision_drop,0.01216433,-0.00853163,0.08985826,0.08132663,-1.0,10,9,0.0,1,1,0.0,0.0,0.0,0.0,0,0,0.011494,0.987317,0.998811,-0.12857,0.671791,0.543221,0.099912,0.868504,0.968416,-0.101201,0.93069,0.829489,0.101201,0.06931,0.170511
qd_003,QuickDraw,fish,adapt_t2m5,public_benchmark_v1_ext33_mask_fill_edgewalk_outline_ext_in2_rows16_p40,False,candidate_hard_fail,-0.80259017,0.27567773,0.08985826,0.36553599,79.0,10,89,15.0,1,16,1.698,0.0,1.698,0.0,0,0,0.012287,0.987317,0.999604,-0.256202,0.671791,0.415589,0.127092,0.868504,0.995596,-0.278799,0.93069,0.651891,0.278799,0.06931,0.348109
qd_003,QuickDraw,fish,adapt_t2m5,public_benchmark_v1_ext33_mask_fill_edgewalk_outline_ext_in3_rows16_p40,False,candidate_hard_fail,-0.80275167,0.27555885,0.08985826,0.36541711,79.0,10,89,15.0,1,16,1.698,0.0,1.698,0.0,0,0,0.011494,0.987317,0.998811,-0.251125,0.671791,0.420666,0.110985,0.868504,0.979489,-0.280995,0.93069,0.649695,0.280995,0.06931,0.350305
qd_003,QuickDraw,fish,adapt_t2m5,public_benchmark_v1_ext33_mask_fill_edgewalk_outline_ext_rows16_p40,False,candidate_hard_fail,-0.80359141,0.27571741,0.08985826,0.36557567,79.0,10,89,15.0,1,16,1.698,0.0,1.698,0.0,0,0,0.012683,0.987317,1.0,-0.277757,0.671791,0.394034,0.131496,0.868504,1.0,-0.310122,0.93069,0.620568,0.310122,0.06931,0.379432
qd_003,QuickDraw,fish,adapt_t2m5,public_benchmark_v1_ext33_mask_fill_edgewalk_outline_rows16_p40,False,candidate_hard_fail,-0.79739503,0.27548623,0.08985826,0.36534449,78.0,10,88,15.0,1,16,1.698,0.0,1.698,0.0,0,0,0.012683,0.987317,1.0,-0.278433,0.671791,0.393358,0.131496,0.868504,1.0,-0.311186,0.93069,0.619504,0.311186,0.06931,0.380496
qd_003,QuickDraw,fish,adapt_t2m5,public_benchmark_v1_ext33_mask_fill_edgewalk_rows16_p24,False,candidate_hard_fail,-0.91508534,0.29160346,0.08985826,0.38146172,93.0,10,103,20.0,1,21,1.1795,0.0,1.1795,0.0,0,0,0.011494,0.987317,0.998811,-0.194473,0.671791,0.477318,0.106078,0.868504,0.974582,-0.197193,0.93069,0.733497,0.197193,0.06931,0.266503
qd_003,QuickDraw,fish,adapt_t2m5,public_benchmark_v1_ext33_mask_fill_edgewalk_rows16_p40,False,candidate_hard_fail,-0.70191045,0.25868731,0.08985826,0.34854557,66.0,10,76,13.0,1,14,1.698,0.0,1.698,0.0,0,0,0.011494,0.987317,0.998811,-0.251721,0.671791,0.42007,0.110985,0.868504,0.979489,-0.281915,0.93069,0.648775,0.281915,0.06931,0.351225
qd_003,QuickDraw,fish,adapt_t2m5,public_benchmark_v1_ext33_mask_fill_edgewalk_rows20_p24,False,candidate_hard_fail,-0.84557124,0.25754818,0.08985826,0.34740644,88.0,10,98,18.0,1,19,0.0,0.0,0.0,0.0,0,0,0.007927,0.987317,0.995244,-0.198776,0.671791,0.473015,0.097395,0.868504,0.965899,-0.207699,0.93069,0.722991,0.207699,0.06931,0.277009
qd_003,QuickDraw,fish,adapt_t2m5,public_benchmark_v1_ext33_mask_fill_edgewalk_satin_w4_s6_i3,False,candidate_hard_fail,-0.80278054,0.27556646,0.08985826,0.36542472,79.0,10,89,15.0,1,16,1.698,0.0,1.698,0.0,0,0,0.011494,0.987317,0.998811,-0.252036,0.671791,0.419755,0.11174,0.868504,0.980244,-0.281902,0.93069,0.648788,0.281902,0.06931,0.351212
qd_003,QuickDraw,fish,adapt_t2m5,public_benchmark_v1_ext33_mask_fill_edgewalk_satin_w6_s5_i3,False,candidate_hard_fail,-0.80272157,0.27547855,0.08985826,0.36533681,79.0,10,89,15.0,1,16,1.698,0.0,1.698,0.0,0,0,0.011494,0.987317,0.998811,-0.252769,0.671791,0.419022,0.111992,0.868504,0.980496,-0.282868,0.93069,0.647822,0.282868,0.06931,0.352178
qd_003,QuickDraw,fish,adapt_t2m5,public_benchmark_v1_ext33_mask_fill_edgewalk_satin_w8_s7_i4,False,candidate_hard_fail,-0.70191045,0.25868731,0.08985826,0.34854557,66.0,10,76,13.0,1,14,1.698,0.0,1.698,0.0,0,0,0.011494,0.987317,0.998811,-0.251721,0.671791,0.42007,0.110985,0.868504,0.979489,-0.281915,0.93069,0.648775,0.281915,0.06931,0.351225
qd_003,QuickDraw,fish,adapt_t2m5,public_benchmark_v1_ext33_mask_fill_edgewalk_satinrail_w10_s8_i5,False,candidate_hard_fail,-0.70191045,0.25868731,0.08985826,0.34854557,66.0,10,76,13.0,1,14,1.698,0.0,1.698,0.0,0,0,0.011494,0.987317,0.998811,-0.251721,0.671791,0.42007,0.110985,0.868504,0.979489,-0.281915,0.93069,0.648775,0.281915,0.06931,0.351225
qd_003,QuickDraw,fish,adapt_t2m5,public_benchmark_v1_ext33_mask_fill_edgewalk_satinrail_w6_s6_i3,False,candidate_hard_fail,-0.80272028,0.27549802,0.08985826,0.36535628,79.0,10,89,15.0,1,16,1.698,0.0,1.698,0.0,0,0,0.011494,0.987317,0.998811,-0.252525,0.671791,0.419266,0.112243,0.868504,0.980747,-0.282325,0.93069,0.648365,0.282325,0.06931,0.351635
qd_003,QuickDraw,fish,adapt_t2m5,public_benchmark_v1_ext33_mask_fill_edgewalk_satinrail_w8_s7_i4,False,candidate_hard_fail,-0.70191045,0.25868731,0.08985826,0.34854557,66.0,10,76,13.0,1,14,1.698,0.0,1.698,0.0,0,0,0.011494,0.987317,0.998811,-0.251721,0.671791,0.42007,0.110985,0.868504,0.979489,-0.281915,0.93069,0.648775,0.281915,0.06931,0.351225
qd_003,QuickDraw,fish,adapt_t2m5,public_benchmark_v1_ext33_mask_fill_edgewalk_styleaware_r008_d45,False,candidate_hard_fail,-0.37219517,0.17724257,0.08985826,0.26710083,29.0,10,39,6.0,1,7,0.4955,0.0,0.4955,0.0,0,0,-0.023187,0.987317,0.96413,-0.094959,0.671791,0.576832,0.042657,0.868504,0.911161,-0.072141,0.93069,0.858549,0.072141,0.06931,0.141451
qd_003,QuickDraw,fish,adapt_t2m5,public_benchmark_v1_ext33_mask_fill_nearestrow_strict_short_rows16,False,jump_increase,-0.06786885,0.03909437,0.08985826,0.12895263,4.0,10,14,1.0,1,2,0.0,0.0,0.0,0.0,0,0,0.011494,0.987317,0.998811,-0.115438,0.671791,0.556353,0.098024,0.868504,0.966528,-0.082804,0.93069,0.847886,0.082804,0.06931,0.152114
qd_003,QuickDraw,fish,adapt_t2m5,public_benchmark_v1_ext33_mask_fill_rows12_c10,False,candidate_hard_fail,-1.69277384,0.30298122,0.08985826,0.39283948,214.0,10,224,34.0,1,35,0.0,0.0,0.0,0.0,0,0,0.012683,0.987317,1.0,-0.178391,0.671791,0.4934,0.130489,0.868504,0.998993,-0.154412,0.93069,0.776278,0.154412,0.06931,0.223722
qd_003,QuickDraw,fish,adapt_t2m5,public_benchmark_v1_ext33_mask_fill_rows12_c6,False,candidate_hard_fail,-1.78598328,0.3070003,0.08985826,0.39685856,229.0,10,239,34.0,1,35,0.0,0.0,0.0,0.0,0,0,0.012683,0.987317,1.0,-0.16266,0.671791,0.509131,0.130489,0.868504,0.998993,-0.129661,0.93069,0.801029,0.129661,0.06931,0.198971
qd_003,QuickDraw,fish,adapt_t2m5,public_benchmark_v1_ext33_mask_fill_rows16_c12_in025,False,candidate_hard_fail,-1.1015367,0.33551076,0.08985826,0.42536902,117.0,10,127,20.0,1,21,2.85,0.0,2.85,0.0,0,0,0.011494,0.987317,0.998811,-0.161928,0.671791,0.509863,0.100667,0.868504,0.969171,-0.15153,0.93069,0.77916,0.15153,0.06931,0.22084
qd_003,QuickDraw,fish,adapt_t2m5,public_benchmark_v1_ext33_mask_fill_rows16_c12_in050,False,candidate_hard_fail,-1.1015367,0.33551076,0.08985826,0.42536902,117.0,10,127,20.0,1,21,2.85,0.0,2.85,0.0,0,0,0.011494,0.987317,0.998811,-0.161928,0.671791,0.509863,0.100667,0.868504,0.969171,-0.15153,0.93069,0.77916,0.15153,0.06931,0.22084
qd_003,QuickDraw,fish,adapt_t2m5,public_benchmark_v1_ext33_mask_fill_rows16_c6,False,candidate_hard_fail,-1.12365513,0.27573711,0.08985826,0.36559537,131.0,10,141,20.0,1,21,0.0,0.0,0.0,0.0,0,0,0.011494,0.987317,0.998811,-0.118188,0.671791,0.553603,0.097898,0.868504,0.966402,-0.087105,0.93069,0.843585,0.087105,0.06931,0.156415
qd_003,QuickDraw,fish,adapt_t2m5,public_benchmark_v1_ext33_mask_fill_rows20_c12_in050,False,candidate_hard_fail,-1.04619336,0.32808848,0.08985826,0.41794674,110.0,10,120,18.0,1,19,2.875,0.0,2.875,0.0,0,0,0.001783,0.987317,0.9891,-0.145758,0.671791,0.526033,0.077262,0.868504,0.945766,-0.138531,0.93069,0.792159,0.138531,0.06931,0.207841
qd_003,QuickDraw,fish,adapt_t2m5,public_benchmark_v1_ext33_m2_70_line_art_jump_profile,False,absolute_adaptive_precision_too_low,0.0,0.0,0.08985826,0.08985826,0.0,10,10,0.0,1,1,0.0,0.0,0.0,0.0,0,0,0.0,0.987317,0.987317,0.0,0.671791,0.671791,0.0,0.868504,0.868504,0.0,0.93069,0.93069,0.0,0.06931,0.06931
qd_003,QuickDraw,fish,adapt_t2m5,public_benchmark_v1_ext33_m2_71_maskpath_d1_c24_i090_r42_f32_min8,False,candidate_hard_fail,-0.22072283,0.20450423,0.08985826,0.29436249,3.0,10,13,0.0,1,1,9.2855,0.0,9.2855,0.0,0,0,-0.000595,0.987317,0.986722,-0.012757,0.671791,0.659034,0.058261,0.868504,0.926765,0.044161,0.93069,0.974851,-0.044161,0.06931,0.025149
qd_003,QuickDraw,fish,adapt_t2m5,public_benchmark_v1_ext33_m2_71_maskpath_d2_c28_i085_r48_f36_min6,False,candidate_hard_fail,-0.20690365,0.19619381,0.08985826,0.28605207,2.0,10,12,0.0,1,1,20.0746,0.0,20.0746,0.0,0,0,-0.001982,0.987317,0.985335,-0.024816,0.671791,0.646975,0.060903,0.868504,0.929407,0.030403,0.93069,0.961093,-0.030403,0.06931,0.038907
qd_003,QuickDraw,fish,adapt_t2m5,public_benchmark_v1_ext33_m2_71_sg_euler_d1_c24_i090_r42_f32_min8,False,candidate_hard_fail,-0.11999504,0.14576596,0.08985826,0.23562422,-4.0,10,6,0.0,1,1,9.6355,0.0,9.6355,0.0,0,0,-0.002973,0.987317,0.984344,-0.010142,0.671791,0.661649,0.054863,0.868504,0.923367,0.046798,0.93069,0.977488,-0.046798,0.06931,0.022512
qd_003,QuickDraw,fish,adapt_t2m5,public_benchmark_v1_ext33_m2_71_sg_open_d1_c24_i090_r42_f32_min8,False,candidate_hard_fail,-0.11999504,0.14576596,0.08985826,0.23562422,-4.0,10,6,0.0,1,1,9.6355,0.0,9.6355,0.0,0,0,-0.002973,0.987317,0.984344,-0.010142,0.671791,0.661649,0.054863,0.868504,0.923367,0.046798,0.93069,0.977488,-0.046798,0.06931,0.022512
qd_004,QuickDraw,flower,m2_60,public_benchmark_v1_core20_auto_hybrid_skeleton_connect12_trimcap20,False,jump_increase,-0.07450724,0.04350296,0.07266845,0.11617141,6.0,8,14,-1.0,1,0,0.0,0.0,0.0,0.0,0,0,0.062055,0.926755,0.98881,-0.003391,0.698173,0.694782,0.050932,0.830189,0.881121,-0.00981,0.972283,0.962473,0.00981,0.027717,0.037527
qd_004,QuickDraw,flower,m2_60,public_benchmark_v1_core20_source_aware_hybrid_skeleton,False,candidate_hard_fail,-0.63647051,0.24630393,0.07266845,0.31897238,58.0,8,66,15.0,1,16,0.0,0.0,0.0,0.0,0,0,0.058494,0.926755,0.985249,0.022258,0.698173,0.720431,0.04188,0.830189,0.872069,0.019039,0.972283,0.991322,-0.019039,0.027717,0.008678
qd_004,QuickDraw,flower,m2_60,public_benchmark_v1_core20_source_aware_hybrid_skeleton_connect12,False,jump_increase,-0.07450724,0.04350296,0.07266845,0.11617141,6.0,8,14,-1.0,1,0,0.0,0.0,0.0,0.0,0,0,0.062055,0.926755,0.98881,-0.003391,0.698173,0.694782,0.050932,0.830189,0.881121,-0.00981,0.972283,0.962473,0.00981,0.027717,0.037527
qd_004,QuickDraw,flower,m2_60,public_benchmark_v1_core20_source_aware_hybrid_skeleton_connect12_trimcap20,False,jump_increase,-0.07450724,0.04350296,0.07266845,0.11617141,6.0,8,14,-1.0,1,0,0.0,0.0,0.0,0.0,0,0,0.062055,0.926755,0.98881,-0.003391,0.698173,0.694782,0.050932,0.830189,0.881121,-0.00981,0.972283,0.962473,0.00981,0.027717,0.037527
qd_004,QuickDraw,flower,m2_60,public_benchmark_v1_ext33_all_skeleton_connect20_trimcap20,False,jump_increase,-0.03199402,0.01849708,0.07266845,0.09116553,3.0,8,11,-1.0,1,0,0.0,0.0,0.0,0.0,0,0,0.063242,0.926755,0.989997,-0.019693,0.698173,0.67848,0.057803,0.830189,0.887992,-0.026199,0.972283,0.946084,0.026199,0.027717,0.053916
qd_004,QuickDraw,flower,m2_60,public_benchmark_v1_ext33_all_skeleton_connect30_min12_trimcap20,False,jump_increase,-0.05885305,0.03313007,0.07266845,0.10579852,4.0,8,12,0.0,1,1,0.0,0.0,0.0,0.0,0,0,-0.012377,0.926755,0.914378,-0.034991,0.698173,0.663182,-0.0012,0.830189,0.828989,-0.037581,0.972283,0.934702,0.037581,0.027717,0.065298
qd_004,QuickDraw,flower,m2_60,public_benchmark_v1_ext33_all_skeleton_connect30_min20_trimcap20,False,jump_increase,-0.00799131,0.00219001,0.07266845,0.07485846,1.0,8,9,-1.0,1,0,0.0,0.0,0.0,0.0,0,0,-0.041031,0.926755,0.885724,-0.029201,0.698173,0.668972,-0.033265,0.830189,0.796924,-0.036568,0.972283,0.935715,0.036568,0.027717,0.064285
qd_004,QuickDraw,flower,m2_60,public_benchmark_v1_ext33_all_skeleton_connect30_min8_trimcap20,False,jump_increase,-0.04362714,0.02505406,0.07266845,0.09772251,3.0,8,11,0.0,1,1,0.0,0.0,0.0,0.0,0,0,0.016107,0.926755,0.942862,-0.030265,0.698173,0.667908,0.020722,0.830189,0.850911,-0.035218,0.972283,0.937065,0.035218,0.027717,0.062935
qd_004,QuickDraw,flower,m2_60,public_benchmark_v1_ext33_all_skeleton_connect30_trimcap20,False,jump_increase,-0.03199402,0.01849708,0.07266845,0.09116553,3.0,8,11,-1.0,1,0,0.0,0.0,0.0,0.0,0,0,0.063242,0.926755,0.989997,-0.019693,0.698173,0.67848,0.057803,0.830189,0.887992,-0.026199,0.972283,0.946084,0.026199,0.027717,0.053916
qd_004,QuickDraw,flower,m2_60,public_benchmark_v1_ext33_auto_hybrid_evalrepair_r10_c20_trimcap20,False,jump_increase,-0.03199402,0.01849708,0.07266845,0.09116553,3.0,8,11,-1.0,1,0,0.0,0.0,0.0,0.0,0,0,0.063242,0.926755,0.989997,-0.019693,0.698173,0.67848,0.057803,0.830189,0.887992,-0.026199,0.972283,0.946084,0.026199,0.027717,0.053916
qd_004,QuickDraw,flower,m2_60,public_benchmark_v1_ext33_auto_hybrid_evalrepair_r10_inside085_c20_trimcap20,False,jump_increase,-0.03199402,0.01849708,0.07266845,0.09116553,3.0,8,11,-1.0,1,0,0.0,0.0,0.0,0.0,0,0,0.063242,0.926755,0.989997,-0.019693,0.698173,0.67848,0.057803,0.830189,0.887992,-0.026199,0.972283,0.946084,0.026199,0.027717,0.053916
qd_004,QuickDraw,flower,m2_60,public_benchmark_v1_ext33_auto_hybrid_evalrepair_r10_inside090_c20_trimcap20,False,jump_increase,-0.03199402,0.01849708,0.07266845,0.09116553,3.0,8,11,-1.0,1,0,0.0,0.0,0.0,0.0,0,0,0.063242,0.926755,0.989997,-0.019693,0.698173,0.67848,0.057803,0.830189,0.887992,-0.026199,0.972283,0.946084,0.026199,0.027717,0.053916
qd_004,QuickDraw,flower,m2_60,public_benchmark_v1_ext33_auto_hybrid_evalrepair_r15_c20_trimcap20,False,jump_increase,-0.03199402,0.01849708,0.07266845,0.09116553,3.0,8,11,-1.0,1,0,0.0,0.0,0.0,0.0,0,0,0.063242,0.926755,0.989997,-0.019693,0.698173,0.67848,0.057803,0.830189,0.887992,-0.026199,0.972283,0.946084,0.026199,0.027717,0.053916
qd_004,QuickDraw,flower,m2_60,public_benchmark_v1_ext33_auto_hybrid_evalrepair_r15_inside090_c20_trimcap20,False,jump_increase,-0.03199402,0.01849708,0.07266845,0.09116553,3.0,8,11,-1.0,1,0,0.0,0.0,0.0,0.0,0,0,0.063242,0.926755,0.989997,-0.019693,0.698173,0.67848,0.057803,0.830189,0.887992,-0.026199,0.972283,0.946084,0.026199,0.027717,0.053916
qd_004,QuickDraw,flower,m2_60,public_benchmark_v1_ext33_auto_hybrid_r10_c16_trimcap20,False,jump_increase,-0.06032323,0.03503685,0.07266845,0.1077053,5.0,8,13,-1.0,1,0,0.0,0.0,0.0,0.0,0,0,0.063072,0.926755,0.989827,-0.012076,0.698173,0.686097,0.054095,0.830189,0.884284,-0.01941,0.972283,0.952873,0.01941,0.027717,0.047127
qd_004,QuickDraw,flower,m2_60,public_benchmark_v1_ext33_auto_hybrid_r10_c20_trimcap20,False,jump_increase,-0.03199402,0.01849708,0.07266845,0.09116553,3.0,8,11,-1.0,1,0,0.0,0.0,0.0,0.0,0,0,0.063242,0.926755,0.989997,-0.019693,0.698173,0.67848,0.057803,0.830189,0.887992,-0.026199,0.972283,0.946084,0.026199,0.027717,0.053916
qd_004,QuickDraw,flower,m2_60,public_benchmark_v1_ext33_auto_hybrid_r125_c16_trimcap20,False,jump_increase,-0.06032323,0.03503685,0.07266845,0.1077053,5.0,8,13,-1.0,1,0,0.0,0.0,0.0,0.0,0,0,0.063072,0.926755,0.989827,-0.012076,0.698173,0.686097,0.054095,0.830189,0.884284,-0.01941,0.972283,0.952873,0.01941,0.027717,0.047127
qd_004,QuickDraw,flower,m2_60,public_benchmark_v1_ext33_auto_hybrid_r125_c20_trimcap20,False,jump_increase,-0.03199402,0.01849708,0.07266845,0.09116553,3.0,8,11,-1.0,1,0,0.0,0.0,0.0,0.0,0,0,0.063242,0.926755,0.989997,-0.019693,0.698173,0.67848,0.057803,0.830189,0.887992,-0.026199,0.972283,0.946084,0.026199,0.027717,0.053916
qd_004,QuickDraw,flower,m2_60,public_benchmark_v1_ext33_auto_hybrid_skeleton_connect12_trimcap20,False,jump_increase,-0.07450724,0.04350296,0.07266845,0.11617141,6.0,8,14,-1.0,1,0,0.0,0.0,0.0,0.0,0,0,0.062055,0.926755,0.98881,-0.003391,0.698173,0.694782,0.050932,0.830189,0.881121,-0.00981,0.972283,0.962473,0.00981,0.027717,0.037527
qd_004,QuickDraw,flower,m2_60,public_benchmark_v1_ext33_b0_m2_1_globalrepair20,False,candidate_hard_fail,-0.30085681,0.29059297,0.07266845,0.36326142,-1.0,8,7,0.0,1,1,4105.0975,0.0,4105.0975,803.0,0,803,0.033401,0.926755,0.960156,-0.398019,0.698173,0.300154,0.080925,0.830189,0.911114,-0.529499,0.972283,0.442784,0.529499,0.027717,0.557216
qd_004,QuickDraw,flower,m2_60,public_benchmark_v1_ext33_m2_4_coverage_rerank,False,jump_increase,-0.03199402,0.01849708,0.07266845,0.09116553,3.0,8,11,-1.0,1,0,0.0,0.0,0.0,0.0,0,0,0.063242,0.926755,0.989997,-0.019693,0.698173,0.67848,0.057803,0.830189,0.887992,-0.026199,0.972283,0.946084,0.026199,0.027717,0.053916
qd_004,QuickDraw,flower,m2_60,public_benchmark_v1_ext33_m2_4_coverage_rerank_connect30,False,jump_increase,-0.03199402,0.01849708,0.07266845,0.09116553,3.0,8,11,-1.0,1,0,0.0,0.0,0.0,0.0,0,0,0.063242,0.926755,0.989997,-0.019693,0.698173,0.67848,0.057803,0.830189,0.887992,-0.026199,0.972283,0.946084,0.026199,0.027717,0.053916
qd_004,QuickDraw,flower,m2_60,public_benchmark_v1_ext33_m2_4_coverage_rerank_min12,False,jump_increase,-0.03199402,0.01849708,0.07266845,0.09116553,3.0,8,11,-1.0,1,0,0.0,0.0,0.0,0.0,0,0,0.063242,0.926755,0.989997,-0.019693,0.698173,0.67848,0.057803,0.830189,0.887992,-0.026199,0.972283,0.946084,0.026199,0.027717,0.053916
qd_004,QuickDraw,flower,m2_60,public_benchmark_v1_ext33_m2_4_coverage_rerank_min20,False,jump_increase,-0.00799131,0.00219001,0.07266845,0.07485846,1.0,8,9,-1.0,1,0,0.0,0.0,0.0,0.0,0,0,-0.041031,0.926755,0.885724,-0.029201,0.698173,0.668972,-0.033265,0.830189,0.796924,-0.036568,0.972283,0.935715,0.036568,0.027717,0.064285
qd_004,QuickDraw,flower,m2_60,public_benchmark_v1_ext33_m2_4_coverage_rerank_min8,False,jump_increase,-0.03199402,0.01849708,0.07266845,0.09116553,3.0,8,11,-1.0,1,0,0.0,0.0,0.0,0.0,0,0,0.063242,0.926755,0.989997,-0.019693,0.698173,0.67848,0.057803,0.830189,0.887992,-0.026199,0.972283,0.946084,0.026199,0.027717,0.053916
qd_004,QuickDraw,flower,m2_60,public_benchmark_v1_ext33_m2_51_sweeptuned_gate_balanced_applied,False,jump_increase,-0.03199402,0.01849708,0.07266845,0.09116553,3.0,8,11,-1.0,1,0,0.0,0.0,0.0,0.0,0,0,0.063242,0.926755,0.989997,-0.019693,0.698173,0.67848,0.057803,0.830189,0.887992,-0.026199,0.972283,0.946084,0.026199,0.027717,0.053916
qd_004,QuickDraw,flower,m2_60,public_benchmark_v1_ext33_m2_51_sweeptuned_gate_low_jump_applied,False,jump_increase,-0.00799131,0.00219001,0.07266845,0.07485846,1.0,8,9,-1.0,1,0,0.0,0.0,0.0,0.0,0,0,-0.041031,0.926755,0.885724,-0.029201,0.698173,0.668972,-0.033265,0.830189,0.796924,-0.036568,0.972283,0.935715,0.036568,0.027717,0.064285
qd_004,QuickDraw,flower,m2_60,public_benchmark_v1_ext33_m2_55_line_domain_guard_low_jump,False,jump_increase,-0.00799131,0.00219001,0.07266845,0.07485846,1.0,8,9,-1.0,1,0,0.0,0.0,0.0,0.0,0,0,-0.041031,0.926755,0.885724,-0.029201,0.698173,0.668972,-0.033265,0.830189,0.796924,-0.036568,0.972283,0.935715,0.036568,0.027717,0.064285
qd_004,QuickDraw,flower,m2_60,public_benchmark_v1_ext33_m2_56_line_stroke_d0_c12_i090,False,jump_increase,-0.14222838,0.0831739,0.07266845,0.15584235,10.0,8,18,0.0,1,1,0.0,0.0,0.0,0.0,0,0,0.00729,0.926755,0.934045,0.017467,0.698173,0.71564,0.002726,0.830189,0.832915,0.019793,0.972283,0.992076,-0.019793,0.027717,0.007924
qd_004,QuickDraw,flower,m2_60,public_benchmark_v1_ext33_m2_56_line_stroke_d0_c12_i090_min12,False,jump_increase,-0.18582811,0.10767147,0.07266845,0.18033992,13.0,8,21,0.0,1,1,0.0,0.0,0.0,0.0,0,0,-0.021872,0.926755,0.904883,0.015616,0.698173,0.713789,-0.021268,0.830189,0.808921,0.019692,0.972283,0.991975,-0.019692,0.027717,0.008025
qd_004,QuickDraw,flower,m2_60,public_benchmark_v1_ext33_m2_56_line_stroke_d0_c12_i090_min20,False,jump_increase,-0.13550781,0.07673129,0.07266845,0.14939974,10.0,8,18,-1.0,1,0,0.0,0.0,0.0,0.0,0,0,-0.066124,0.926755,0.860631,0.020705,0.698173,0.718878,-0.064893,0.830189,0.765296,0.021486,0.972283,0.993769,-0.021486,0.027717,0.006231
qd_004,QuickDraw,flower,m2_60,public_benchmark_v1_ext33_m2_56_line_stroke_d0_c12_i090_min30,False,jump_increase,-0.1333428,0.0746968,0.07266845,0.14736525,9.0,8,17,0.0,1,1,0.0,0.0,0.0,0.0,0,0,-0.142082,0.926755,0.784673,0.020461,0.698173,0.718634,-0.132185,0.830189,0.698004,0.021506,0.972283,0.993789,-0.021506,0.027717,0.006211
qd_004,QuickDraw,flower,m2_60,public_benchmark_v1_ext33_m2_56_line_stroke_d0_c8_i095,False,jump_increase,-0.14483684,0.08475728,0.07266845,0.15742573,11.0,8,19,-1.0,1,0,0.0,0.0,0.0,0.0,0,0,0.061377,0.926755,0.988132,0.021156,0.698173,0.719329,0.045152,0.830189,0.875341,0.018337,0.972283,0.99062,-0.018337,0.027717,0.00938
qd_004,QuickDraw,flower,m2_60,public_benchmark_v1_ext33_m2_56_line_stroke_d1_c10_i090,False,off_mask_increase,-0.1798215,0.12568762,0.07266845,0.19835607,10.0,8,18,-1.0,1,0,2.184,0.0,2.184,0.0,0,0,0.061885,0.926755,0.98864,0.019135,0.698173,0.717308,0.046133,0.830189,0.876322,0.016153,0.972283,0.988436,-0.016153,0.027717,0.011564
qd_004,QuickDraw,flower,m2_60,public_benchmark_v1_ext33_m2_56_line_stroke_d1_c12_i090_min20,False,jump_increase,-0.13550781,0.07673129,0.07266845,0.14939974,10.0,8,18,-1.0,1,0,0.0,0.0,0.0,0.0,0,0,-0.066124,0.926755,0.860631,0.020705,0.698173,0.718878,-0.064893,0.830189,0.765296,0.021486,0.972283,0.993769,-0.021486,0.027717,0.006231
qd_004,QuickDraw,flower,m2_60,public_benchmark_v1_ext33_m2_56_line_stroke_d1_c6_i095,False,jump_increase,-0.14222838,0.0831739,0.07266845,0.15584235,10.0,8,18,0.0,1,1,0.0,0.0,0.0,0.0,0,0,0.00729,0.926755,0.934045,0.017467,0.698173,0.71564,0.002726,0.830189,0.832915,0.019793,0.972283,0.992076,-0.019793,0.027717,0.007924
qd_004,QuickDraw,flower,m2_60,public_benchmark_v1_ext33_m2_56_line_stroke_d2_c12_i085_min20,False,off_mask_increase,-0.23698124,0.18410622,0.07266845,0.25677467,9.0,8,17,-1.0,1,0,3.7347,0.0,3.7347,1.0,0,1,-0.063581,0.926755,0.863174,0.015652,0.698173,0.713825,-0.061621,0.830189,0.768568,0.015799,0.972283,0.988082,-0.015799,0.027717,0.011918
qd_004,QuickDraw,flower,m2_60,public_benchmark_v1_ext33_m2_56_line_stroke_d3_c18,False,candidate_hard_fail,-0.32341002,0.30991308,0.07266845,0.38258153,3.0,8,11,-1.0,1,0,31.4199,0.0,31.4199,6.0,0,6,0.063242,0.926755,0.989997,-0.019693,0.698173,0.67848,0.057803,0.830189,0.887992,-0.026199,0.972283,0.946084,0.026199,0.027717,0.053916
qd_004,QuickDraw,flower,m2_60,public_benchmark_v1_ext33_m2_56_line_stroke_selector_probe,False,jump_increase,-0.00799131,0.00219001,0.07266845,0.07485846,1.0,8,9,-1.0,1,0,0.0,0.0,0.0,0.0,0,0,-0.041031,0.926755,0.885724,-0.029201,0.698173,0.668972,-0.033265,0.830189,0.796924,-0.036568,0.972283,0.935715,0.036568,0.027717,0.064285
qd_004,QuickDraw,flower,m2_60,public_benchmark_v1_ext33_m2_57_topology_open_d0_c12_i090_min12,False,jump_increase,-0.13789311,0.08121951,0.07266845,0.15388796,9.0,8,17,1.0,1,2,0.0,0.0,0.0,0.0,0,0,-0.008139,0.926755,0.918616,0.015097,0.698173,0.71327,-0.009271,0.830189,0.820918,0.018633,0.972283,0.990916,-0.018633,0.027717,0.009084
qd_004,QuickDraw,flower,m2_60,public_benchmark_v1_ext33_m2_57_topology_open_d0_c12_i090_min20,False,jump_increase,-0.08250159,0.04809447,0.07266845,0.12076292,5.0,8,13,1.0,1,2,0.0,0.0,0.0,0.0,0,0,-0.053239,0.926755,0.873516,0.018976,0.698173,0.717149,-0.054205,0.830189,0.775984,0.018112,0.972283,0.990395,-0.018112,0.027717,0.009605
qd_004,QuickDraw,flower,m2_60,public_benchmark_v1_ext33_m2_57_topology_open_d0_c12_i090_min30,False,jump_increase,-0.03378806,0.017055,0.07266845,0.08972345,2.0,8,10,0.0,1,1,0.0,0.0,0.0,0.0,0,0,-0.140895,0.926755,0.78586,0.016884,0.698173,0.715057,-0.130331,0.830189,0.699858,0.017689,0.972283,0.989972,-0.017689,0.027717,0.010028
qd_004,QuickDraw,flower,m2_60,public_benchmark_v1_ext33_m2_57_topology_open_d0_c16_i085_min20,False,jump_increase,-0.08250159,0.04809447,0.07266845,0.12076292,5.0,8,13,1.0,1,2,0.0,0.0,0.0,0.0,0,0,-0.053239,0.926755,0.873516,0.018976,0.698173,0.717149,-0.054205,0.830189,0.775984,0.018112,0.972283,0.990395,-0.018112,0.027717,0.009605
qd_004,QuickDraw,flower,m2_60,public_benchmark_v1_ext33_m2_57_topology_open_d0_c20_i080_min30,False,jump_increase,-0.03378806,0.017055,0.07266845,0.08972345,2.0,8,10,0.0,1,1,0.0,0.0,0.0,0.0,0,0,-0.140895,0.926755,0.78586,0.016884,0.698173,0.715057,-0.130331,0.830189,0.699858,0.017689,0.972283,0.989972,-0.017689,0.027717,0.010028
qd_004,QuickDraw,flower,m2_60,public_benchmark_v1_ext33_m2_57_topology_open_d0_c20_i080_min40,False,loss_increase,-0.00644607,0.00032721,0.07266845,0.07299566,0.0,8,8,0.0,1,1,0.0,0.0,0.0,0.0,0,0,-0.177348,0.926755,0.749407,0.014385,0.698173,0.712558,-0.160541,0.830189,0.669648,0.017561,0.972283,0.989844,-0.017561,0.027717,0.010156
qd_004,QuickDraw,flower,m2_60,public_benchmark_v1_ext33_m2_57_topology_open_d0_c24_i075_min40,False,loss_increase,-0.00644607,0.00032721,0.07266845,0.07299566,0.0,8,8,0.0,1,1,0.0,0.0,0.0,0.0,0,0,-0.177348,0.926755,0.749407,0.014385,0.698173,0.712558,-0.160541,0.830189,0.669648,0.017561,0.972283,0.989844,-0.017561,0.027717,0.010156
qd_004,QuickDraw,flower,m2_60,public_benchmark_v1_ext33_m2_57_topology_open_d0_c24_i075_min60,False,loss_increase,-0.00973879,0.00042217,0.07266845,0.07309062,0.0,8,8,0.0,1,1,0.0,0.0,0.0,0.0,0,0,-0.264836,0.926755,0.661919,0.01842,0.698173,0.716593,-0.240157,0.830189,0.590032,0.020742,0.972283,0.993025,-0.020742,0.027717,0.006975
qd_004,QuickDraw,flower,m2_60,public_benchmark_v1_ext33_m2_57_topology_open_d0_c30_i070_min100,False,loss_increase,-0.020236,0.00053012,0.07266845,0.07319857,0.0,8,8,0.0,1,1,0.0,0.0,0.0,0.0,0,0,-0.534419,0.926755,0.392336,0.00517,0.698173,0.703343,-0.474643,0.830189,0.355546,0.018598,0.972283,0.990881,-0.018598,0.027717,0.009119
qd_004,QuickDraw,flower,m2_60,public_benchmark_v1_ext33_m2_57_topology_open_d0_c30_i070_min80,False,loss_increase,-0.01602284,0.00053012,0.07266845,0.07319857,0.0,8,8,0.0,1,1,0.0,0.0,0.0,0.0,0,0,-0.42506,0.926755,0.501695,0.011249,0.698173,0.709422,-0.379431,0.830189,0.450758,0.018606,0.972283,0.990889,-0.018606,0.027717,0.009111
qd_004,QuickDraw,flower,m2_60,public_benchmark_v1_ext33_m2_57_topology_open_d1_c16_i085_min20,False,jump_increase,-0.08250159,0.04809447,0.07266845,0.12076292,5.0,8,13,1.0,1,2,0.0,0.0,0.0,0.0,0,0,-0.053239,0.926755,0.873516,0.018976,0.698173,0.717149,-0.054205,0.830189,0.775984,0.018112,0.972283,0.990395,-0.018112,0.027717,0.009605
qd_004,QuickDraw,flower,m2_60,public_benchmark_v1_ext33_m2_57_topology_open_d1_c20_i080_min20,False,jump_increase,-0.08250159,0.04809447,0.07266845,0.12076292,5.0,8,13,1.0,1,2,0.0,0.0,0.0,0.0,0,0,-0.053239,0.926755,0.873516,0.018976,0.698173,0.717149,-0.054205,0.830189,0.775984,0.018112,0.972283,0.990395,-0.018112,0.027717,0.009605
qd_004,QuickDraw,flower,m2_60,public_benchmark_v1_ext33_m2_57_topology_open_d1_c24_i070_min60,False,off_mask_increase,-0.12920762,0.12626072,0.07266845,0.19892917,-1.0,8,7,0.0,1,1,4.5499,0.0,4.5499,1.0,0,1,-0.24432,0.926755,0.682435,0.00772,0.698173,0.705893,-0.219872,0.830189,0.610317,0.009127,0.972283,0.98141,-0.009127,0.027717,0.01859
qd_004,QuickDraw,flower,m2_60,public_benchmark_v1_ext33_m2_57_topology_open_d1_c24_i075_min40,False,loss_increase,-0.00644607,0.00032721,0.07266845,0.07299566,0.0,8,8,0.0,1,1,0.0,0.0,0.0,0.0,0,0,-0.177348,0.926755,0.749407,0.014385,0.698173,0.712558,-0.160541,0.830189,0.669648,0.017561,0.972283,0.989844,-0.017561,0.027717,0.010156
qd_004,QuickDraw,flower,m2_60,public_benchmark_v1_ext33_m2_57_topology_open_d1_c30_i065_min80,False,loss_increase,-0.01602284,0.00053012,0.07266845,0.07319857,0.0,8,8,0.0,1,1,0.0,0.0,0.0,0.0,0,0,-0.42506,0.926755,0.501695,0.011249,0.698173,0.709422,-0.379431,0.830189,0.450758,0.018606,0.972283,0.990889,-0.018606,0.027717,0.009111
qd_004,QuickDraw,flower,m2_60,public_benchmark_v1_ext33_m2_57_topology_open_d2_c20_i075_min20,False,off_mask_increase,-0.19831333,0.16966263,0.07266845,0.24233108,4.0,8,12,1.0,1,2,4.3676,0.0,4.3676,1.0,0,1,-0.053239,0.926755,0.873516,0.013134,0.698173,0.711307,-0.053441,0.830189,0.776748,0.011011,0.972283,0.983294,-0.011011,0.027717,0.016706
qd_004,QuickDraw,flower,m2_60,public_benchmark_v1_ext33_m2_57_topology_relative_rescue,False,jump_increase,-0.00799131,0.00219001,0.07266845,0.07485846,1.0,8,9,-1.0,1,0,0.0,0.0,0.0,0.0,0,0,-0.041031,0.926755,0.885724,-0.029201,0.698173,0.668972,-0.033265,0.830189,0.796924,-0.036568,0.972283,0.935715,0.036568,0.027717,0.064285
qd_004,QuickDraw,flower,m2_60,public_benchmark_v1_ext33_m2_57_topology_selector_probe_min100,False,jump_increase,-0.00799131,0.00219001,0.07266845,0.07485846,1.0,8,9,-1.0,1,0,0.0,0.0,0.0,0.0,0,0,-0.041031,0.926755,0.885724,-0.029201,0.698173,0.668972,-0.033265,0.830189,0.796924,-0.036568,0.972283,0.935715,0.036568,0.027717,0.064285
qd_004,QuickDraw,flower,m2_60,public_benchmark_v1_ext33_m2_57_topology_selector_probe_min100_j14,False,jump_increase,-0.00799131,0.00219001,0.07266845,0.07485846,1.0,8,9,-1.0,1,0,0.0,0.0,0.0,0.0,0,0,-0.041031,0.926755,0.885724,-0.029201,0.698173,0.668972,-0.033265,0.830189,0.796924,-0.036568,0.972283,0.935715,0.036568,0.027717,0.064285
qd_004,QuickDraw,flower,m2_60,public_benchmark_v1_ext33_m2_58_coverage_aware_relative_rescue,False,jump_increase,-0.00799131,0.00219001,0.07266845,0.07485846,1.0,8,9,-1.0,1,0,0.0,0.0,0.0,0.0,0,0,-0.041031,0.926755,0.885724,-0.029201,0.698173,0.668972,-0.033265,0.830189,0.796924,-0.036568,0.972283,0.935715,0.036568,0.027717,0.064285
qd_004,QuickDraw,flower,m2_60,public_benchmark_v1_ext33_m2_59_anchored_quality_rescue_selector,False,jump_increase,-0.00799131,0.00219001,0.07266845,0.07485846,1.0,8,9,-1.0,1,0,0.0,0.0,0.0,0.0,0,0,-0.041031,0.926755,0.885724,-0.029201,0.698173,0.668972,-0.033265,0.830189,0.796924,-0.036568,0.972283,0.935715,0.036568,0.027717,0.064285
qd_004,QuickDraw,flower,m2_60,public_benchmark_v1_ext33_m2_59_grouped_topology_g_d0_c16_i085_s4_min12_p80,False,off_mask_increase,-0.12855679,0.08680995,0.07266845,0.1594784,7.0,8,15,0.0,1,1,1.276,0.0,1.276,0.0,0,0,-0.009495,0.926755,0.91726,0.014325,0.698173,0.712498,-0.010143,0.830189,0.820046,0.017971,0.972283,0.990254,-0.017971,0.027717,0.009746
qd_004,QuickDraw,flower,m2_60,public_benchmark_v1_ext33_m2_59_grouped_topology_g_d0_c16_i090_s3_min20_p80,False,jump_increase,-0.07306309,0.04158573,0.07266845,0.11425418,5.0,8,13,0.0,1,1,0.0,0.0,0.0,0.0,0,0,-0.055104,0.926755,0.871651,0.018542,0.698173,0.716715,-0.055404,0.830189,0.774785,0.018098,0.972283,0.990381,-0.018098,0.027717,0.009619
qd_004,QuickDraw,flower,m2_60,public_benchmark_v1_ext33_m2_59_grouped_topology_g_d0_c18_i092_s4_min12_p100,False,jump_increase,-0.11417006,0.0664266,0.07266845,0.13909505,8.0,8,16,0.0,1,1,0.0,0.0,0.0,0.0,0,0,-0.010004,0.926755,0.916751,0.014681,0.698173,0.712854,-0.01047,0.830189,0.819719,0.01862,0.972283,0.990903,-0.01862,0.027717,0.009097
qd_004,QuickDraw,flower,m2_60,public_benchmark_v1_ext33_m2_59_grouped_topology_g_d0_c18_i095_s3_min12_p120,False,jump_increase,-0.11417006,0.0664266,0.07266845,0.13909505,8.0,8,16,0.0,1,1,0.0,0.0,0.0,0.0,0,0,-0.010004,0.926755,0.916751,0.014681,0.698173,0.712854,-0.01047,0.830189,0.819719,0.01862,0.972283,0.990903,-0.01862,0.027717,0.009097
qd_004,QuickDraw,flower,m2_60,public_benchmark_v1_ext33_m2_59_grouped_topology_g_d0_c20_i080_s5_min12_p80,False,off_mask_increase,-0.12855679,0.08680995,0.07266845,0.1594784,7.0,8,15,0.0,1,1,1.276,0.0,1.276,0.0,0,0,-0.009495,0.926755,0.91726,0.014325,0.698173,0.712498,-0.010143,0.830189,0.820046,0.017971,0.972283,0.990254,-0.017971,0.027717,0.009746
qd_004,QuickDraw,flower,m2_60,public_benchmark_v1_ext33_m2_59_grouped_topology_g_d0_c20_i090_s4_min12_p100,False,jump_increase,-0.11417006,0.0664266,0.07266845,0.13909505,8.0,8,16,0.0,1,1,0.0,0.0,0.0,0.0,0,0,-0.010004,0.926755,0.916751,0.014681,0.698173,0.712854,-0.01047,0.830189,0.819719,0.01862,0.972283,0.990903,-0.01862,0.027717,0.009097
qd_004,QuickDraw,flower,m2_60,public_benchmark_v1_ext33_m2_59_grouped_topology_g_d0_c20_i095_s4_min12_p100,False,jump_increase,-0.11417006,0.0664266,0.07266845,0.13909505,8.0,8,16,0.0,1,1,0.0,0.0,0.0,0.0,0,0,-0.010004,0.926755,0.916751,0.014681,0.698173,0.712854,-0.01047,0.830189,0.819719,0.01862,0.972283,0.990903,-0.01862,0.027717,0.009097
qd_004,QuickDraw,flower,m2_60,public_benchmark_v1_ext33_m2_59_grouped_topology_g_d0_c24_i075_s6_min20_p80,False,off_mask_increase,-0.08745104,0.06196908,0.07266845,0.13463753,4.0,8,12,0.0,1,1,1.276,0.0,1.276,0.0,0,0,-0.054595,0.926755,0.87216,0.018162,0.698173,0.716335,-0.055077,0.830189,0.775112,0.017412,0.972283,0.989695,-0.017412,0.027717,0.010305
qd_004,QuickDraw,flower,m2_60,public_benchmark_v1_ext33_m2_59_grouped_topology_g_d0_c30_i070_s8_min30_p100,False,jump_increase,-0.03378806,0.017055,0.07266845,0.08972345,2.0,8,10,0.0,1,1,0.0,0.0,0.0,0.0,0,0,-0.140895,0.926755,0.78586,0.016884,0.698173,0.715057,-0.130331,0.830189,0.699858,0.017689,0.972283,0.989972,-0.017689,0.027717,0.010028
qd_004,QuickDraw,flower,m2_60,public_benchmark_v1_ext33_m2_59_grouped_topology_g_d1_c20_i075_s5_min12_p80,False,off_mask_increase,-0.26803169,0.23797477,0.07266845,0.31064322,5.0,8,13,0.0,1,1,7.3025,0.0,7.3025,1.0,0,1,-0.007291,0.926755,0.919464,0.002111,0.698173,0.700284,-0.003818,0.830189,0.826371,0.006152,0.972283,0.978435,-0.006152,0.027717,0.021565
qd_004,QuickDraw,flower,m2_60,public_benchmark_v1_ext33_m2_59_quality_rescue_selector,False,jump_increase,-0.00799131,0.00219001,0.07266845,0.07485846,1.0,8,9,-1.0,1,0,0.0,0.0,0.0,0.0,0,0,-0.041031,0.926755,0.885724,-0.029201,0.698173,0.668972,-0.033265,0.830189,0.796924,-0.036568,0.972283,0.935715,0.036568,0.027717,0.064285
qd_004,QuickDraw,flower,m2_60,public_benchmark_v1_ext33_m2_5_learned_selector_applied,False,jump_increase,-0.03199402,0.01849708,0.07266845,0.09116553,3.0,8,11,-1.0,1,0,0.0,0.0,0.0,0.0,0,0,0.063242,0.926755,0.989997,-0.019693,0.698173,0.67848,0.057803,0.830189,0.887992,-0.026199,0.972283,0.946084,0.026199,0.027717,0.053916
qd_004,QuickDraw,flower,m2_60,public_benchmark_v1_ext33_m2_60_maskpath_combo_rescue_selector,False,coverage_drop,0.01299731,-0.00829959,0.07266845,0.06436886,-1.0,8,7,0.0,1,1,0.0,0.0,0.0,0.0,0,0,-0.036284,0.926755,0.890471,0.007741,0.698173,0.705914,-0.039154,0.830189,0.791035,0.002583,0.972283,0.974866,-0.002583,0.027717,0.025134
qd_004,QuickDraw,flower,m2_60,public_benchmark_v1_ext33_m2_60_maskpath_mp_d0_r0_c20_i095_route24_f20_min12,False,absolute_adaptive_coverage_too_low,0.0,0.0,0.07266845,0.07266845,0.0,8,8,0.0,1,1,0.0,0.0,0.0,0.0,0,0,0.0,0.926755,0.926755,0.0,0.698173,0.698173,0.0,0.830189,0.830189,0.0,0.972283,0.972283,0.0,0.027717,0.027717
qd_004,QuickDraw,flower,m2_60,public_benchmark_v1_ext33_m2_60_maskpath_mp_d0_r0_c20_i095_route32_f26_min12,False,absolute_adaptive_coverage_too_low,0.0,0.0,0.07266845,0.07266845,0.0,8,8,0.0,1,1,0.0,0.0,0.0,0.0,0,0,0.0,0.926755,0.926755,0.0,0.698173,0.698173,0.0,0.830189,0.830189,0.0,0.972283,0.972283,0.0,0.027717,0.027717
qd_004,QuickDraw,flower,m2_60,public_benchmark_v1_ext33_m2_60_maskpath_mp_d0_r0_c20_i095_route32_f26_min20,False,coverage_drop,0.01299731,-0.00829959,0.07266845,0.06436886,-1.0,8,7,0.0,1,1,0.0,0.0,0.0,0.0,0,0,-0.036284,0.926755,0.890471,0.007741,0.698173,0.705914,-0.039154,0.830189,0.791035,0.002583,0.972283,0.974866,-0.002583,0.027717,0.025134
qd_004,QuickDraw,flower,m2_60,public_benchmark_v1_ext33_m2_60_maskpath_mp_d0_r0_c24_i090_route36_f30_min12,False,absolute_adaptive_coverage_too_low,0.0,0.0,0.07266845,0.07266845,0.0,8,8,0.0,1,1,0.0,0.0,0.0,0.0,0,0,0.0,0.926755,0.926755,0.0,0.698173,0.698173,0.0,0.830189,0.830189,0.0,0.972283,0.972283,0.0,0.027717,0.027717
qd_004,QuickDraw,flower,m2_60,public_benchmark_v1_ext33_m2_60_maskpath_mp_d0_r1_c20_i095_route32_f26_min12,False,candidate_hard_fail,-0.18029596,0.18,0.07266845,0.25266845,0.0,8,8,0.0,1,1,14.0399,0.0,14.0399,0.0,0,0,-0.001696,0.926755,0.925059,-0.005524,0.698173,0.692649,-0.000764,0.830189,0.829425,-0.006814,0.972283,0.965469,0.006814,0.027717,0.034531
qd_004,QuickDraw,flower,m2_60,public_benchmark_v1_ext33_m2_60_maskpath_mp_d0_r1_c24_i090_route36_f30_min12,False,candidate_hard_fail,-0.18029596,0.18,0.07266845,0.25266845,0.0,8,8,0.0,1,1,14.0399,0.0,14.0399,0.0,0,0,-0.001696,0.926755,0.925059,-0.005524,0.698173,0.692649,-0.000764,0.830189,0.829425,-0.006814,0.972283,0.965469,0.006814,0.027717,0.034531
qd_004,QuickDraw,flower,m2_60,public_benchmark_v1_ext33_m2_60_maskpath_rescue_selector,False,absolute_adaptive_coverage_too_low,0.0,0.0,0.07266845,0.07266845,0.0,8,8,0.0,1,1,0.0,0.0,0.0,0.0,0,0,0.0,0.926755,0.926755,0.0,0.698173,0.698173,0.0,0.830189,0.830189,0.0,0.972283,0.972283,0.0,0.027717,0.027717
qd_004,QuickDraw,flower,m2_60,public_benchmark_v1_ext33_m2_61_segment_graph_sg_d0_l035_c20_i095_r32_f26_min12,False,jump_increase,-0.03857904,0.02262002,0.07266845,0.09528847,2.0,8,10,1.0,1,2,0.0,0.0,0.0,0.0,0,0,-0.009834,0.926755,0.916921,-0.01655,0.698173,0.681623,-0.004036,0.830189,0.826153,-0.017531,0.972283,0.954752,0.017531,0.027717,0.045248
qd_004,QuickDraw,flower,m2_60,public_benchmark_v1_ext33_m2_61_segment_graph_sg_d0_l050_c24_i090_r36_f30_min12,False,coverage_drop,-0.00065256,-0.0003413,0.07266845,0.07232715,0.0,8,8,0.0,1,1,0.0,0.0,0.0,0.0,0,0,-0.007121,0.926755,0.919634,-0.021526,0.698173,0.676647,0.000763,0.830189,0.830952,-0.021809,0.972283,0.950474,0.021809,0.027717,0.049526
qd_004,QuickDraw,flower,m2_60,public_benchmark_v1_ext33_m2_61_segment_graph_sg_d0_l070_c20_i095_r32_f26_min12,False,jump_increase,-0.0524496,0.0308696,0.07266845,0.10353805,3.0,8,11,1.0,1,2,0.0,0.0,0.0,0.0,0,0,-0.010682,0.926755,0.916073,-0.006899,0.698173,0.691274,-0.005999,0.830189,0.82419,-0.00542,0.972283,0.966863,0.00542,0.027717,0.033137
qd_004,QuickDraw,flower,m2_60,public_benchmark_v1_ext33_m2_61_segment_graph_sg_d1_l050_c20_i095_r32_f26_min12,False,candidate_hard_fail,-0.21895128,0.20262002,0.07266845,0.27528847,2.0,8,10,1.0,1,2,27.316,0.0,27.316,0.0,0,0,-0.011699,0.926755,0.915056,-0.023548,0.698173,0.674625,-0.004908,0.830189,0.825281,-0.026408,0.972283,0.945875,0.026408,0.027717,0.054125
qd_004,QuickDraw,flower,m2_60,public_benchmark_v1_ext33_m2_61_segment_graph_sg_euler_d0_l000_c20_i095_r32_f26_min12,False,loss_increase,-0.00044823,0.00026771,0.07266845,0.07293616,0.0,8,8,0.0,1,1,0.0,0.0,0.0,0.0,0,0,-0.005256,0.926755,0.921499,-0.002003,0.698173,0.69617,-0.002073,0.830189,0.828116,0.000306,0.972283,0.972589,-0.000306,0.027717,0.027411
qd_004,QuickDraw,flower,m2_60,public_benchmark_v1_ext33_m2_61_segment_graph_sg_euler_d0_l020_c24_i090_r36_f30_min12,False,loss_increase,-0.00071282,1.848e-05,0.07266845,0.07268693,0.0,8,8,0.0,1,1,0.0,0.0,0.0,0.0,0,0,-0.001017,0.926755,0.925738,-0.020754,0.698173,0.677419,0.00698,0.830189,0.837169,-0.019926,0.972283,0.952357,0.019926,0.027717,0.047643
qd_004,QuickDraw,flower,m2_60,public_benchmark_v1_ext33_m2_61_segment_graph_sg_euler_d0_l035_c20_i095_r32_f26_min12,False,jump_increase,-0.03853489,0.02257587,0.07266845,0.09524432,2.0,8,10,1.0,1,2,0.0,0.0,0.0,0.0,0,0,-0.009834,0.926755,0.916921,-0.01655,0.698173,0.681623,-0.004036,0.830189,0.826153,-0.017531,0.972283,0.954752,0.017531,0.027717,0.045248
qd_004,QuickDraw,flower,m2_60,public_benchmark_v1_ext33_m2_64_text_precision_rescue_selector,False,absolute_adaptive_coverage_too_low,0.0,0.0,0.07266845,0.07266845,0.0,8,8,0.0,1,1,0.0,0.0,0.0,0.0,0,0,0.0,0.926755,0.926755,0.0,0.698173,0.698173,0.0,0.830189,0.830189,0.0,0.972283,0.972283,0.0,0.027717,0.027717
qd_004,QuickDraw,flower,m2_60,public_benchmark_v1_ext33_m2_65_text_legibility_rescue_selector,False,absolute_adaptive_coverage_too_low,0.0,0.0,0.07266845,0.07266845,0.0,8,8,0.0,1,1,0.0,0.0,0.0,0.0,0,0,0.0,0.926755,0.926755,0.0,0.698173,0.698173,0.0,0.830189,0.830189,0.0,0.972283,0.972283,0.0,0.027717,0.027717
qd_004,QuickDraw,flower,m2_60,public_benchmark_v1_ext33_m2_66_profile_switcher,False,absolute_adaptive_coverage_too_low,0.0,0.0,0.07266845,0.07266845,0.0,8,8,0.0,1,1,0.0,0.0,0.0,0.0,0,0,0.0,0.926755,0.926755,0.0,0.698173,0.698173,0.0,0.830189,0.830189,0.0,0.972283,0.972283,0.0,0.027717,0.027717
qd_004,QuickDraw,flower,m2_60,public_benchmark_v1_ext33_m2_67_line_art_profile,False,absolute_adaptive_coverage_too_low,0.0,0.0,0.07266845,0.07266845,0.0,8,8,0.0,1,1,0.0,0.0,0.0,0.0,0,0,0.0,0.926755,0.926755,0.0,0.698173,0.698173,0.0,0.830189,0.830189,0.0,0.972283,0.972283,0.0,0.027717,0.027717
qd_004,QuickDraw,flower,m2_60,public_benchmark_v1_ext33_m2_68_shape_aware_profile,False,absolute_adaptive_coverage_too_low,0.0,0.0,0.07266845,0.07266845,0.0,8,8,0.0,1,1,0.0,0.0,0.0,0.0,0,0,0.0,0.926755,0.926755,0.0,0.698173,0.698173,0.0,0.830189,0.830189,0.0,0.972283,0.972283,0.0,0.027717,0.027717
qd_004,QuickDraw,flower,m2_60,public_benchmark_v1_ext33_m2_69_text_wku_profile,False,absolute_adaptive_coverage_too_low,0.0,0.0,0.07266845,0.07266845,0.0,8,8,0.0,1,1,0.0,0.0,0.0,0.0,0,0,0.0,0.926755,0.926755,0.0,0.698173,0.698173,0.0,0.830189,0.830189,0.0,0.972283,0.972283,0.0,0.027717,0.027717
qd_004,QuickDraw,flower,m2_60,public_benchmark_v1_ext33_mask_fill_edgewalk_dtsatin_o3_i8_s14_p90,False,candidate_hard_fail,-1.0321313,0.300477,0.07266845,0.37314545,109.0,8,117,24.0,1,25,0.5303,0.0,0.5303,0.0,0,0,0.072397,0.926755,0.999152,-0.241811,0.698173,0.456362,0.157596,0.830189,0.987785,-0.270897,0.972283,0.701386,0.270897,0.027717,0.298614
qd_004,QuickDraw,flower,m2_60,public_benchmark_v1_ext33_mask_fill_edgewalk_dtsatin_o3_i9_s7,False,candidate_hard_fail,-1.0321313,0.300477,0.07266845,0.37314545,109.0,8,117,24.0,1,25,0.5303,0.0,0.5303,0.0,0,0,0.072397,0.926755,0.999152,-0.241811,0.698173,0.456362,0.157596,0.830189,0.987785,-0.270897,0.972283,0.701386,0.270897,0.027717,0.298614
qd_004,QuickDraw,flower,m2_60,public_benchmark_v1_ext33_mask_fill_edgewalk_nearest_rows16_p40,False,candidate_hard_fail,-1.0321313,0.300477,0.07266845,0.37314545,109.0,8,117,24.0,1,25,0.5303,0.0,0.5303,0.0,0,0,0.072397,0.926755,0.999152,-0.241811,0.698173,0.456362,0.157596,0.830189,0.987785,-0.270897,0.972283,0.701386,0.270897,0.027717,0.298614
qd_004,QuickDraw,flower,m2_60,public_benchmark_v1_ext33_mask_fill_edgewalk_nearestrow_adapt_t2_m5_rows16_p40,False,jump_increase,-0.1040387,0.06195966,0.07266845,0.13462811,6.0,8,14,2.0,1,3,0.0,0.0,0.0,0.0,0,0,0.016107,0.926755,0.942862,0.008614,0.698173,0.706787,-0.011016,0.830189,0.819173,-0.017657,0.972283,0.954626,0.017657,0.027717,0.045374
qd_004,QuickDraw,flower,m2_60,public_benchmark_v1_ext33_mask_fill_edgewalk_nearestrow_adapt_t3_m6_rows16_p40,False,jump_increase,-0.1040387,0.06195966,0.07266845,0.13462811,6.0,8,14,2.0,1,3,0.0,0.0,0.0,0.0,0,0,0.016107,0.926755,0.942862,0.008614,0.698173,0.706787,-0.011016,0.830189,0.819173,-0.017657,0.972283,0.954626,0.017657,0.027717,0.045374
qd_004,QuickDraw,flower,m2_60,public_benchmark_v1_ext33_mask_fill_edgewalk_nearestrow_adapt_t4_m8_rows16_p40,False,jump_increase,-0.09516952,0.0560405,0.07266845,0.12870895,6.0,8,14,1.0,1,2,0.0,0.0,0.0,0.0,0,0,0.059512,0.926755,0.986267,-0.088744,0.698173,0.609429,0.100774,0.830189,0.930963,-0.077993,0.972283,0.89429,0.077993,0.027717,0.10571
qd_004,QuickDraw,flower,m2_60,public_benchmark_v1_ext33_mask_fill_edgewalk_nearestrow_evalfill_rows16_p40,False,off_mask_increase,-0.12013567,0.07907587,0.07266845,0.15174432,4.0,8,12,1.0,1,2,1.7612,0.0,1.7612,0.0,0,0,0.073245,0.926755,1.0,-0.414602,0.698173,0.283571,0.169811,0.830189,1.0,-0.531444,0.972283,0.440839,0.531444,0.027717,0.559161
qd_004,QuickDraw,flower,m2_60,public_benchmark_v1_ext33_mask_fill_edgewalk_nearestrow_inset1_rows16_p40,False,jump_increase,-0.09511124,0.05604244,0.07266845,0.12871089,6.0,8,14,1.0,1,2,0.0,0.0,0.0,0.0,0,0,0.059512,0.926755,0.986267,-0.086308,0.698173,0.611865,0.099247,0.830189,0.929436,-0.075891,0.972283,0.896392,0.075891,0.027717,0.103608
qd_004,QuickDraw,flower,m2_60,public_benchmark_v1_ext33_mask_fill_edgewalk_nearestrow_inset2_rows16_p40,False,jump_increase,-0.05243104,0.03094738,0.07266845,0.10361583,3.0,8,11,1.0,1,2,0.0,0.0,0.0,0.0,0,0,0.004578,0.926755,0.931333,0.012435,0.698173,0.710608,-0.02454,0.830189,0.805649,-0.016656,0.972283,0.955627,0.016656,0.027717,0.044373
qd_004,QuickDraw,flower,m2_60,public_benchmark_v1_ext33_mask_fill_edgewalk_nearestrow_qdirect_rows16_p40,False,jump_increase,-0.03241591,0.01696893,0.07266845,0.08963738,2.0,8,10,0.0,1,1,0.0,0.0,0.0,0.0,0,0,0.072397,0.926755,0.999152,-0.194627,0.698173,0.503546,0.152361,0.830189,0.98255,-0.20248,0.972283,0.769803,0.20248,0.027717,0.230197
qd_004,QuickDraw,flower,m2_60,public_benchmark_v1_ext33_mask_fill_edgewalk_nearestrow_qpath090_rows16_p40,False,jump_increase,-0.03241591,0.01696893,0.07266845,0.08963738,2.0,8,10,0.0,1,1,0.0,0.0,0.0,0.0,0,0,0.072397,0.926755,0.999152,-0.194627,0.698173,0.503546,0.152361,0.830189,0.98255,-0.20248,0.972283,0.769803,0.20248,0.027717,0.230197
qd_004,QuickDraw,flower,m2_60,public_benchmark_v1_ext33_mask_fill_edgewalk_nearestrow_qpath095_rows16_p40,False,jump_increase,-0.03241591,0.01696893,0.07266845,0.08963738,2.0,8,10,0.0,1,1,0.0,0.0,0.0,0.0,0,0,0.072397,0.926755,0.999152,-0.194627,0.698173,0.503546,0.152361,0.830189,0.98255,-0.20248,0.972283,0.769803,0.20248,0.027717,0.230197
qd_004,QuickDraw,flower,m2_60,public_benchmark_v1_ext33_mask_fill_edgewalk_nearestrow_quantvalid_rows16_p40,False,jump_increase,-0.03241591,0.01696893,0.07266845,0.08963738,2.0,8,10,0.0,1,1,0.0,0.0,0.0,0.0,0,0,0.072397,0.926755,0.999152,-0.194627,0.698173,0.503546,0.152361,0.830189,0.98255,-0.20248,0.972283,0.769803,0.20248,0.027717,0.230197
qd_004,QuickDraw,flower,m2_60,public_benchmark_v1_ext33_mask_fill_edgewalk_nearestrow_rows16_p40,False,jump_increase,-0.03241591,0.01696893,0.07266845,0.08963738,2.0,8,10,0.0,1,1,0.0,0.0,0.0,0.0,0,0,0.072397,0.926755,0.999152,-0.194627,0.698173,0.503546,0.152361,0.830189,0.98255,-0.20248,0.972283,0.769803,0.20248,0.027717,0.230197
qd_004,QuickDraw,flower,m2_60,public_benchmark_v1_ext33_mask_fill_edgewalk_nearestrow_safeadt_rows16_p40,False,jump_increase,-0.05003995,0.02270523,0.07266845,0.09537368,2.0,8,10,1.0,1,2,0.0,0.0,0.0,0.0,0,0,0.073245,0.926755,1.0,-0.380837,0.698173,0.317336,0.169811,0.830189,1.0,-0.478955,0.972283,0.493328,0.478955,0.027717,0.506672
qd_004,QuickDraw,flower,m2_60,public_benchmark_v1_ext33_mask_fill_edgewalk_nearestrow_safeadt_t2m5_r035_a32_rows16_p40,False,jump_increase,-0.04999877,0.02274735,0.07266845,0.0954158,2.0,8,10,1.0,1,2,0.0,0.0,0.0,0.0,0,0,0.073245,0.926755,1.0,-0.379207,0.698173,0.318966,0.169811,0.830189,1.0,-0.47642,0.972283,0.495863,0.47642,0.027717,0.504137
qd_004,QuickDraw,flower,m2_60,public_benchmark_v1_ext33_mask_fill_edgewalk_nearestrow_safeadt_t2m5_r055_a64_rows16_p40,False,jump_increase,-0.04999877,0.02274735,0.07266845,0.0954158,2.0,8,10,1.0,1,2,0.0,0.0,0.0,0.0,0,0,0.073245,0.926755,1.0,-0.379207,0.698173,0.318966,0.169811,0.830189,1.0,-0.47642,0.972283,0.495863,0.47642,0.027717,0.504137
qd_004,QuickDraw,flower,m2_60,public_benchmark_v1_ext33_mask_fill_edgewalk_nearestrow_segvalid_rows16_p40,False,jump_increase,-0.03241591,0.01696893,0.07266845,0.08963738,2.0,8,10,0.0,1,1,0.0,0.0,0.0,0.0,0,0,0.072397,0.926755,0.999152,-0.194627,0.698173,0.503546,0.152361,0.830189,0.98255,-0.20248,0.972283,0.769803,0.20248,0.027717,0.230197
qd_004,QuickDraw,flower,m2_60,public_benchmark_v1_ext33_mask_fill_edgewalk_nearestrow_strict_p20_rows16,False,jump_increase,-0.11135777,0.06453285,0.07266845,0.1372013,7.0,8,15,1.0,1,2,0.0,0.0,0.0,0.0,0,0,0.072397,0.926755,0.999152,-0.161763,0.698173,0.53641,0.15127,0.830189,0.981459,-0.15315,0.972283,0.819133,0.15315,0.027717,0.180867
qd_004,QuickDraw,flower,m2_60,public_benchmark_v1_ext33_mask_fill_edgewalk_nearestrow_strict_p40_rows16,False,jump_increase,-0.03241591,0.01696893,0.07266845,0.08963738,2.0,8,10,0.0,1,1,0.0,0.0,0.0,0.0,0,0,0.072397,0.926755,0.999152,-0.194627,0.698173,0.503546,0.152361,0.830189,0.98255,-0.20248,0.972283,0.769803,0.20248,0.027717,0.230197
qd_004,QuickDraw,flower,m2_60,public_benchmark_v1_ext33_mask_fill_edgewalk_outline_ext_in2_rows16_p40,False,candidate_hard_fail,-1.0571823,0.30161946,0.07266845,0.37428791,113.0,8,121,24.0,1,25,0.5303,0.0,0.5303,0.0,0,0,0.072906,0.926755,0.999661,-0.243445,0.698173,0.454728,0.162613,0.830189,0.992802,-0.270216,0.972283,0.702067,0.270216,0.027717,0.297933
qd_004,QuickDraw,flower,m2_60,public_benchmark_v1_ext33_mask_fill_edgewalk_outline_ext_in3_rows16_p40,False,candidate_hard_fail,-1.03870199,0.30090195,0.07266845,0.3735704,110.0,8,118,24.0,1,25,0.5303,0.0,0.5303,0.0,0,0,0.072397,0.926755,0.999152,-0.24483,0.698173,0.453343,0.157814,0.830189,0.988003,-0.275383,0.972283,0.6969,0.275383,0.027717,0.3031
qd_004,QuickDraw,flower,m2_60,public_benchmark_v1_ext33_mask_fill_edgewalk_outline_ext_rows16_p40,False,candidate_hard_fail,-1.05786722,0.30161856,0.07266845,0.37428701,113.0,8,121,24.0,1,25,0.5303,0.0,0.5303,0.0,0,0,0.072906,0.926755,0.999661,-0.257647,0.698173,0.440526,0.163703,0.830189,0.993892,-0.291395,0.972283,0.680888,0.291395,0.027717,0.319112
qd_004,QuickDraw,flower,m2_60,public_benchmark_v1_ext33_mask_fill_edgewalk_outline_rows16_p40,False,candidate_hard_fail,-1.05821035,0.30152913,0.07266845,0.37419758,113.0,8,121,24.0,1,25,0.5303,0.0,0.5303,0.0,0,0,0.073245,0.926755,1.0,-0.269757,0.698173,0.428416,0.169157,0.830189,0.999346,-0.306706,0.972283,0.665577,0.306706,0.027717,0.334423
qd_004,QuickDraw,flower,m2_60,public_benchmark_v1_ext33_mask_fill_edgewalk_rows16_p24,False,candidate_hard_fail,-1.17790123,0.30708189,0.07266845,0.37975034,130.0,8,138,29.0,1,30,0.5303,0.0,0.5303,0.0,0,0,0.072397,0.926755,0.999152,-0.204125,0.698173,0.494048,0.155415,0.830189,0.985604,-0.214654,0.972283,0.757629,0.214654,0.027717,0.242371
qd_004,QuickDraw,flower,m2_60,public_benchmark_v1_ext33_mask_fill_edgewalk_rows16_p40,False,candidate_hard_fail,-1.0321313,0.300477,0.07266845,0.37314545,109.0,8,117,24.0,1,25,0.5303,0.0,0.5303,0.0,0,0,0.072397,0.926755,0.999152,-0.241811,0.698173,0.456362,0.157596,0.830189,0.987785,-0.270897,0.972283,0.701386,0.270897,0.027717,0.298614
qd_004,QuickDraw,flower,m2_60,public_benchmark_v1_ext33_mask_fill_edgewalk_rows20_p24,False,candidate_hard_fail,-1.05514823,0.30101317,0.07266845,0.37368162,113.0,8,121,24.0,1,25,0.5303,0.0,0.5303,0.0,0,0,0.065615,0.926755,0.99237,-0.190849,0.698173,0.507324,0.128694,0.830189,0.958883,-0.210213,0.972283,0.76207,0.210213,0.027717,0.23793
qd_004,QuickDraw,flower,m2_60,public_benchmark_v1_ext33_mask_fill_edgewalk_satin_w4_s6_i3,False,candidate_hard_fail,-1.06062583,0.30183711,0.07266845,0.37450556,113.0,8,121,25.0,1,26,0.5303,0.0,0.5303,0.0,0,0,0.072397,0.926755,0.999152,-0.2449,0.698173,0.453273,0.15825,0.830189,0.988439,-0.275183,0.972283,0.6971,0.275183,0.027717,0.3029
qd_004,QuickDraw,flower,m2_60,public_benchmark_v1_ext33_mask_fill_edgewalk_satin_w6_s5_i3,False,candidate_hard_fail,-1.06068339,0.30183171,0.07266845,0.37450016,113.0,8,121,25.0,1,26,0.5303,0.0,0.5303,0.0,0,0,0.072397,0.926755,0.999152,-0.24636,0.698173,0.451813,0.158577,0.830189,0.988766,-0.277198,0.972283,0.695085,0.277198,0.027717,0.304915
qd_004,QuickDraw,flower,m2_60,public_benchmark_v1_ext33_mask_fill_edgewalk_satin_w8_s7_i4,False,candidate_hard_fail,-1.0321313,0.300477,0.07266845,0.37314545,109.0,8,117,24.0,1,25,0.5303,0.0,0.5303,0.0,0,0,0.072397,0.926755,0.999152,-0.241811,0.698173,0.456362,0.157596,0.830189,0.987785,-0.270897,0.972283,0.701386,0.270897,0.027717,0.298614
qd_004,QuickDraw,flower,m2_60,public_benchmark_v1_ext33_mask_fill_edgewalk_satinrail_w10_s8_i5,False,candidate_hard_fail,-1.0321313,0.300477,0.07266845,0.37314545,109.0,8,117,24.0,1,25,0.5303,0.0,0.5303,0.0,0,0,0.072397,0.926755,0.999152,-0.241811,0.698173,0.456362,0.157596,0.830189,0.987785,-0.270897,0.972283,0.701386,0.270897,0.027717,0.298614
qd_004,QuickDraw,flower,m2_60,public_benchmark_v1_ext33_mask_fill_edgewalk_satinrail_w6_s6_i3,False,candidate_hard_fail,-1.06064121,0.30183711,0.07266845,0.37450556,113.0,8,121,25.0,1,26,0.5303,0.0,0.5303,0.0,0,0,0.072397,0.926755,0.999152,-0.245423,0.698173,0.45275,0.158577,0.830189,0.988766,-0.275756,0.972283,0.696527,0.275756,0.027717,0.303473
qd_004,QuickDraw,flower,m2_60,public_benchmark_v1_ext33_mask_fill_edgewalk_satinrail_w8_s7_i4,False,candidate_hard_fail,-1.0321313,0.300477,0.07266845,0.37314545,109.0,8,117,24.0,1,25,0.5303,0.0,0.5303,0.0,0,0,0.072397,0.926755,0.999152,-0.241811,0.698173,0.456362,0.157596,0.830189,0.987785,-0.270897,0.972283,0.701386,0.270897,0.027717,0.298614
qd_004,QuickDraw,flower,m2_60,public_benchmark_v1_ext33_mask_fill_edgewalk_styleaware_r008_d45,False,candidate_hard_fail,-0.46592248,0.20976338,0.07266845,0.28243183,37.0,8,45,10.0,1,11,0.0,0.0,0.0,0.0,0,0,0.065276,0.926755,0.992031,-0.153995,0.698173,0.544178,0.078307,0.830189,0.908496,-0.197543,0.972283,0.77474,0.197543,0.027717,0.22526
qd_004,QuickDraw,flower,m2_60,public_benchmark_v1_ext33_mask_fill_nearestrow_strict_short_rows16,False,jump_increase,-0.22430985,0.13006703,0.07266845,0.20273548,15.0,8,23,1.0,1,2,0.0,0.0,0.0,0.0,0,0,0.072397,0.926755,0.999152,-0.148965,0.698173,0.549208,0.149525,0.830189,0.979714,-0.135098,0.972283,0.837185,0.135098,0.027717,0.162815
qd_004,QuickDraw,flower,m2_60,public_benchmark_v1_ext33_mask_fill_rows12_c10,False,candidate_hard_fail,-2.09096341,0.32733155,0.07266845,0.4,269.0,8,277,49.0,1,50,0.0,0.0,0.0,0.0,0,0,0.073245,0.926755,1.0,-0.190775,0.698173,0.507398,0.169593,0.830189,0.999782,-0.183656,0.972283,0.788627,0.183656,0.027717,0.211373
qd_004,QuickDraw,flower,m2_60,public_benchmark_v1_ext33_mask_fill_rows12_c6,False,candidate_hard_fail,-2.19205399,0.32733155,0.07266845,0.4,286.0,8,294,49.0,1,50,0.0,0.0,0.0,0.0,0,0,0.073245,0.926755,1.0,-0.172973,0.698173,0.5252,0.169593,0.830189,0.999782,-0.155987,0.972283,0.816296,0.155987,0.027717,0.183704
qd_004,QuickDraw,flower,m2_60,public_benchmark_v1_ext33_mask_fill_rows16_c12_in025,False,candidate_hard_fail,-1.55491112,0.57715654,0.07266845,0.64982499,148.0,8,156,29.0,1,30,12.375,0.0,12.375,3.0,0,3,0.072397,0.926755,0.999152,-0.178049,0.698173,0.520124,0.148326,0.830189,0.978515,-0.180403,0.972283,0.79188,0.180403,0.027717,0.20812
qd_004,QuickDraw,flower,m2_60,public_benchmark_v1_ext33_mask_fill_rows16_c12_in050,False,candidate_hard_fail,-1.55491112,0.57715654,0.07266845,0.64982499,148.0,8,156,29.0,1,30,12.375,0.0,12.375,3.0,0,3,0.072397,0.926755,0.999152,-0.178049,0.698173,0.520124,0.148326,0.830189,0.978515,-0.180403,0.972283,0.79188,0.180403,0.027717,0.20812
qd_004,QuickDraw,flower,m2_60,public_benchmark_v1_ext33_mask_fill_rows16_c6,False,candidate_hard_fail,-1.37608094,0.30417406,0.07266845,0.37684251,164.0,8,172,29.0,1,30,0.0,0.0,0.0,0.0,0,0,0.072397,0.926755,0.999152,-0.141021,0.698173,0.557152,0.14778,0.830189,0.977969,-0.1245,0.972283,0.847783,0.1245,0.027717,0.152217
qd_004,QuickDraw,flower,m2_60,public_benchmark_v1_ext33_mask_fill_rows20_c12_in050,False,candidate_hard_fail,-1.28533399,0.44896149,0.07266845,0.52162994,127.0,8,135,24.0,1,25,5.5,0.0,5.5,1.0,0,1,0.065276,0.926755,0.992031,-0.150583,0.698173,0.54759,0.121932,0.830189,0.952121,-0.15525,0.972283,0.817033,0.15525,0.027717,0.182967
qd_004,QuickDraw,flower,m2_60,public_benchmark_v1_ext33_m2_70_line_art_jump_profile,False,absolute_adaptive_coverage_too_low,0.0,0.0,0.07266845,0.07266845,0.0,8,8,0.0,1,1,0.0,0.0,0.0,0.0,0,0,0.0,0.926755,0.926755,0.0,0.698173,0.698173,0.0,0.830189,0.830189,0.0,0.972283,0.972283,0.0,0.027717,0.027717
qd_004,QuickDraw,flower,m2_60,public_benchmark_v1_ext33_m2_71_maskpath_d1_c24_i090_r42_f32_min8,False,candidate_hard_fail,-0.25457762,0.2372161,0.07266845,0.30988455,3.0,8,11,0.0,1,1,18.2876,0.0,18.2876,1.0,0,1,0.024754,0.926755,0.951509,-0.00721,0.698173,0.690963,0.02323,0.830189,0.853419,-0.00885,0.972283,0.963433,0.00885,0.027717,0.036567
qd_004,QuickDraw,flower,m2_60,public_benchmark_v1_ext33_m2_71_maskpath_d2_c28_i085_r48_f36_min6,False,candidate_hard_fail,-0.27539415,0.27687909,0.07266845,0.34954754,0.0,8,8,0.0,1,1,22.4782,0.0,22.4782,3.0,0,3,0.053069,0.926755,0.979824,-0.006822,0.698173,0.691351,0.042752,0.830189,0.872941,-0.014752,0.972283,0.957531,0.014752,0.027717,0.042469
qd_004,QuickDraw,flower,m2_60,public_benchmark_v1_ext33_m2_71_sg_euler_d1_c24_i090_r42_f32_min8,False,candidate_hard_fail,-0.18079096,0.17983364,0.07266845,0.25250209,0.0,8,8,0.0,1,1,85.0452,0.0,85.0452,0.0,0,0,0.024584,0.926755,0.951339,-0.049352,0.698173,0.648821,0.033482,0.830189,0.863671,-0.05658,0.972283,0.915703,0.05658,0.027717,0.084297
qd_004,QuickDraw,flower,m2_60,public_benchmark_v1_ext33_m2_71_sg_open_d1_c24_i090_r42_f32_min8,False,candidate_hard_fail,-0.18077374,0.17983364,0.07266845,0.25250209,0.0,8,8,0.0,1,1,82.583,0.0,82.583,0.0,0,0,0.024584,0.926755,0.951339,-0.048902,0.698173,0.649271,0.033373,0.830189,0.863562,-0.05606,0.972283,0.916223,0.05606,0.027717,0.083777
qd_005,QuickDraw,bicycle,m2_60,public_benchmark_v1_core20_auto_hybrid_skeleton_connect12_trimcap20,False,off_mask_increase,-0.2506545,0.13156406,0.01639641,0.14796047,11.0,2,13,1.0,0,1,1.4866,0.0,1.4866,0.0,0,0,-0.733953,0.989125,0.255172,-0.477653,0.661522,0.183869,-0.654947,0.907774,0.252827,-0.637969,0.911478,0.273509,0.637969,0.088522,0.726491
qd_005,QuickDraw,bicycle,m2_60,public_benchmark_v1_core20_source_aware_hybrid_skeleton,False,candidate_hard_fail,-0.89693382,0.30291062,0.01639641,0.31930703,83.0,2,85,15.0,0,15,0.0,0.0,0.0,0.0,0,0,-0.751061,0.989125,0.238064,-0.481716,0.661522,0.179806,-0.673057,0.907774,0.234717,-0.645326,0.911478,0.266152,0.645326,0.088522,0.733848
qd_005,QuickDraw,bicycle,m2_60,public_benchmark_v1_core20_source_aware_hybrid_skeleton_connect12,False,off_mask_increase,-0.2506545,0.13156406,0.01639641,0.14796047,11.0,2,13,1.0,0,1,1.4866,0.0,1.4866,0.0,0,0,-0.733953,0.989125,0.255172,-0.477653,0.661522,0.183869,-0.654947,0.907774,0.252827,-0.637969,0.911478,0.273509,0.637969,0.088522,0.726491
qd_005,QuickDraw,bicycle,m2_60,public_benchmark_v1_core20_source_aware_hybrid_skeleton_connect12_trimcap20,False,off_mask_increase,-0.2506545,0.13156406,0.01639641,0.14796047,11.0,2,13,1.0,0,1,1.4866,0.0,1.4866,0.0,0,0,-0.733953,0.989125,0.255172,-0.477653,0.661522,0.183869,-0.654947,0.907774,0.252827,-0.637969,0.911478,0.273509,0.637969,0.088522,0.726491
qd_005,QuickDraw,bicycle,m2_60,public_benchmark_v1_ext33_all_skeleton_connect20_trimcap20,False,jump_increase,-0.0511322,0.0308,0.01639641,0.04719641,3.0,2,5,1.0,0,1,0.0,0.0,0.0,0.0,0,0,0.0,0.989125,0.989125,0.015248,0.661522,0.67677,-0.001414,0.907774,0.90636,0.019556,0.911478,0.931034,-0.019556,0.088522,0.068966
qd_005,QuickDraw,bicycle,m2_60,public_benchmark_v1_ext33_all_skeleton_connect30_min12_trimcap20,False,off_mask_increase,-0.08795268,0.06129934,0.01639641,0.07769575,4.0,2,6,0.0,0,0,1.2445,0.0,1.2445,0.0,0,0,-0.065783,0.989125,0.923342,-0.002616,0.661522,0.658906,-0.060513,0.907774,0.847261,-0.003755,0.911478,0.907723,0.003755,0.088522,0.092277
qd_005,QuickDraw,bicycle,m2_60,public_benchmark_v1_ext33_all_skeleton_connect30_min20_trimcap20,False,jump_increase,-0.14122046,0.08099256,0.01639641,0.09738897,9.0,2,11,1.0,0,1,0.0,0.0,0.0,0.0,0,0,-0.109549,0.989125,0.879576,0.024098,0.661522,0.68562,-0.104505,0.907774,0.803269,0.028561,0.911478,0.940039,-0.028561,0.088522,0.059961
qd_005,QuickDraw,bicycle,m2_60,public_benchmark_v1_ext33_all_skeleton_connect30_min8_trimcap20,False,jump_increase,-0.0299281,0.01678568,0.01639641,0.03318209,2.0,2,4,0.0,0,0,0.0,0.0,0.0,0.0,0,0,-0.03077,0.989125,0.958355,0.000139,0.661522,0.661661,-0.027474,0.907774,0.8803,0.000984,0.911478,0.912462,-0.000984,0.088522,0.087538
qd_005,QuickDraw,bicycle,m2_60,public_benchmark_v1_ext33_all_skeleton_connect30_trimcap20,False,absolute_adaptive_precision_too_low,0.0,0.0,0.01639641,0.01639641,0.0,2,2,0.0,0,0,0.0,0.0,0.0,0.0,0,0,0.0,0.989125,0.989125,0.0,0.661522,0.661522,0.0,0.907774,0.907774,0.0,0.911478,0.911478,0.0,0.088522,0.088522
qd_005,QuickDraw,bicycle,m2_60,public_benchmark_v1_ext33_auto_hybrid_evalrepair_r10_c20_trimcap20,False,jump_increase,-0.0511322,0.0308,0.01639641,0.04719641,3.0,2,5,1.0,0,1,0.0,0.0,0.0,0.0,0,0,0.0,0.989125,0.989125,0.015248,0.661522,0.67677,-0.001414,0.907774,0.90636,0.019556,0.911478,0.931034,-0.019556,0.088522,0.068966
qd_005,QuickDraw,bicycle,m2_60,public_benchmark_v1_ext33_auto_hybrid_evalrepair_r10_inside085_c20_trimcap20,False,jump_increase,-0.0511322,0.0308,0.01639641,0.04719641,3.0,2,5,1.0,0,1,0.0,0.0,0.0,0.0,0,0,0.0,0.989125,0.989125,0.015248,0.661522,0.67677,-0.001414,0.907774,0.90636,0.019556,0.911478,0.931034,-0.019556,0.088522,0.068966
qd_005,QuickDraw,bicycle,m2_60,public_benchmark_v1_ext33_auto_hybrid_evalrepair_r10_inside090_c20_trimcap20,False,jump_increase,-0.0511322,0.0308,0.01639641,0.04719641,3.0,2,5,1.0,0,1,0.0,0.0,0.0,0.0,0,0,0.0,0.989125,0.989125,0.015248,0.661522,0.67677,-0.001414,0.907774,0.90636,0.019556,0.911478,0.931034,-0.019556,0.088522,0.068966
qd_005,QuickDraw,bicycle,m2_60,public_benchmark_v1_ext33_auto_hybrid_evalrepair_r15_c20_trimcap20,False,jump_increase,-0.0511322,0.0308,0.01639641,0.04719641,3.0,2,5,1.0,0,1,0.0,0.0,0.0,0.0,0,0,0.0,0.989125,0.989125,0.015248,0.661522,0.67677,-0.001414,0.907774,0.90636,0.019556,0.911478,0.931034,-0.019556,0.088522,0.068966
qd_005,QuickDraw,bicycle,m2_60,public_benchmark_v1_ext33_auto_hybrid_evalrepair_r15_inside090_c20_trimcap20,False,jump_increase,-0.0511322,0.0308,0.01639641,0.04719641,3.0,2,5,1.0,0,1,0.0,0.0,0.0,0.0,0,0,0.0,0.989125,0.989125,0.015248,0.661522,0.67677,-0.001414,0.907774,0.90636,0.019556,0.911478,0.931034,-0.019556,0.088522,0.068966
qd_005,QuickDraw,bicycle,m2_60,public_benchmark_v1_ext33_auto_hybrid_r10_c16_trimcap20,False,jump_increase,-0.10763627,0.06399465,0.01639641,0.08039106,7.0,2,9,1.0,0,1,0.0,0.0,0.0,0.0,0,0,-0.00703,0.989125,0.982095,0.037921,0.661522,0.699443,-0.010689,0.907774,0.897085,0.047717,0.911478,0.959195,-0.047717,0.088522,0.040805
qd_005,QuickDraw,bicycle,m2_60,public_benchmark_v1_ext33_auto_hybrid_r10_c20_trimcap20,False,jump_increase,-0.0511322,0.0308,0.01639641,0.04719641,3.0,2,5,1.0,0,1,0.0,0.0,0.0,0.0,0,0,0.0,0.989125,0.989125,0.015248,0.661522,0.67677,-0.001414,0.907774,0.90636,0.019556,0.911478,0.931034,-0.019556,0.088522,0.068966
qd_005,QuickDraw,bicycle,m2_60,public_benchmark_v1_ext33_auto_hybrid_r125_c16_trimcap20,False,jump_increase,-0.10763627,0.06399465,0.01639641,0.08039106,7.0,2,9,1.0,0,1,0.0,0.0,0.0,0.0,0,0,-0.00703,0.989125,0.982095,0.037921,0.661522,0.699443,-0.010689,0.907774,0.897085,0.047717,0.911478,0.959195,-0.047717,0.088522,0.040805
qd_005,QuickDraw,bicycle,m2_60,public_benchmark_v1_ext33_auto_hybrid_r125_c20_trimcap20,False,jump_increase,-0.0511322,0.0308,0.01639641,0.04719641,3.0,2,5,1.0,0,1,0.0,0.0,0.0,0.0,0,0,0.0,0.989125,0.989125,0.015248,0.661522,0.67677,-0.001414,0.907774,0.90636,0.019556,0.911478,0.931034,-0.019556,0.088522,0.068966
qd_005,QuickDraw,bicycle,m2_60,public_benchmark_v1_ext33_auto_hybrid_skeleton_connect12_trimcap20,False,jump_increase,-0.17872345,0.10533505,0.01639641,0.12173146,12.0,2,14,1.0,0,1,0.0,0.0,0.0,0.0,0,0,-0.014191,0.989125,0.974934,0.051613,0.661522,0.713135,-0.020141,0.907774,0.887633,0.063299,0.911478,0.974777,-0.063299,0.088522,0.025223
qd_005,QuickDraw,bicycle,m2_60,public_benchmark_v1_ext33_b0_m2_1_globalrepair20,False,candidate_hard_fail,-0.61454272,0.47642598,0.01639641,0.49282239,20.0,2,22,2.0,0,2,3336.669,0.0,3336.669,748.0,0,748,-0.02374,0.989125,0.965385,-0.255078,0.661522,0.406444,0.006537,0.907774,0.914311,-0.333556,0.911478,0.577922,0.333556,0.088522,0.422078
qd_005,QuickDraw,bicycle,m2_60,public_benchmark_v1_ext33_m2_4_coverage_rerank,False,jump_increase,-0.0511322,0.0308,0.01639641,0.04719641,3.0,2,5,1.0,0,1,0.0,0.0,0.0,0.0,0,0,0.0,0.989125,0.989125,0.015248,0.661522,0.67677,-0.001414,0.907774,0.90636,0.019556,0.911478,0.931034,-0.019556,0.088522,0.068966
qd_005,QuickDraw,bicycle,m2_60,public_benchmark_v1_ext33_m2_4_coverage_rerank_connect30,False,absolute_adaptive_precision_too_low,0.0,0.0,0.01639641,0.01639641,0.0,2,2,0.0,0,0,0.0,0.0,0.0,0.0,0,0,0.0,0.989125,0.989125,0.0,0.661522,0.661522,0.0,0.907774,0.907774,0.0,0.911478,0.911478,0.0,0.088522,0.088522
qd_005,QuickDraw,bicycle,m2_60,public_benchmark_v1_ext33_m2_4_coverage_rerank_min12,False,jump_increase,-0.0511322,0.0308,0.01639641,0.04719641,3.0,2,5,1.0,0,1,0.0,0.0,0.0,0.0,0,0,0.0,0.989125,0.989125,0.015248,0.661522,0.67677,-0.001414,0.907774,0.90636,0.019556,0.911478,0.931034,-0.019556,0.088522,0.068966
qd_005,QuickDraw,bicycle,m2_60,public_benchmark_v1_ext33_m2_4_coverage_rerank_min20,False,jump_increase,-0.0511322,0.0308,0.01639641,0.04719641,3.0,2,5,1.0,0,1,0.0,0.0,0.0,0.0,0,0,0.0,0.989125,0.989125,0.015248,0.661522,0.67677,-0.001414,0.907774,0.90636,0.019556,0.911478,0.931034,-0.019556,0.088522,0.068966
qd_005,QuickDraw,bicycle,m2_60,public_benchmark_v1_ext33_m2_4_coverage_rerank_min8,False,jump_increase,-0.0299281,0.01678568,0.01639641,0.03318209,2.0,2,4,0.0,0,0,0.0,0.0,0.0,0.0,0,0,-0.03077,0.989125,0.958355,0.000139,0.661522,0.661661,-0.027474,0.907774,0.8803,0.000984,0.911478,0.912462,-0.000984,0.088522,0.087538
qd_005,QuickDraw,bicycle,m2_60,public_benchmark_v1_ext33_m2_51_sweeptuned_gate_balanced_applied,False,absolute_adaptive_precision_too_low,0.0,0.0,0.01639641,0.01639641,0.0,2,2,0.0,0,0,0.0,0.0,0.0,0.0,0,0,0.0,0.989125,0.989125,0.0,0.661522,0.661522,0.0,0.907774,0.907774,0.0,0.911478,0.911478,0.0,0.088522,0.088522
qd_005,QuickDraw,bicycle,m2_60,public_benchmark_v1_ext33_m2_51_sweeptuned_gate_low_jump_applied,False,absolute_adaptive_precision_too_low,0.0,0.0,0.01639641,0.01639641,0.0,2,2,0.0,0,0,0.0,0.0,0.0,0.0,0,0,0.0,0.989125,0.989125,0.0,0.661522,0.661522,0.0,0.907774,0.907774,0.0,0.911478,0.911478,0.0,0.088522,0.088522
qd_005,QuickDraw,bicycle,m2_60,public_benchmark_v1_ext33_m2_55_line_domain_guard_low_jump,False,absolute_adaptive_precision_too_low,0.0,0.0,0.01639641,0.01639641,0.0,2,2,0.0,0,0,0.0,0.0,0.0,0.0,0,0,0.0,0.989125,0.989125,0.0,0.661522,0.661522,0.0,0.907774,0.907774,0.0,0.911478,0.911478,0.0,0.088522,0.088522
qd_005,QuickDraw,bicycle,m2_60,public_benchmark_v1_ext33_m2_56_line_stroke_d0_c12_i090,False,off_mask_increase,-0.26709625,0.16879755,0.01639641,0.18519396,16.0,2,18,1.0,0,1,1.3285,0.0,1.3285,0.0,0,0,-0.051592,0.989125,0.937533,0.065442,0.661522,0.726964,-0.057332,0.907774,0.850442,0.078547,0.911478,0.990025,-0.078547,0.088522,0.009975
qd_005,QuickDraw,bicycle,m2_60,public_benchmark_v1_ext33_m2_56_line_stroke_d0_c12_i090_min12,False,off_mask_increase,-0.2536286,0.15420218,0.01639641,0.17059859,16.0,2,18,1.0,0,1,0.6755,0.0,0.6755,0.0,0,0,-0.079045,0.989125,0.91008,0.064155,0.661522,0.725677,-0.082686,0.907774,0.825088,0.076255,0.911478,0.987733,-0.076255,0.088522,0.012267
qd_005,QuickDraw,bicycle,m2_60,public_benchmark_v1_ext33_m2_56_line_stroke_d0_c12_i090_min20,False,jump_increase,-0.25426206,0.14749966,0.01639641,0.16389607,17.0,2,19,1.0,0,1,0.0,0.0,0.0,0.0,0,0,-0.116976,0.989125,0.872149,0.068496,0.661522,0.730018,-0.11917,0.907774,0.788604,0.07953,0.911478,0.991008,-0.07953,0.088522,0.008992
qd_005,QuickDraw,bicycle,m2_60,public_benchmark_v1_ext33_m2_56_line_stroke_d0_c12_i090_min30,False,jump_increase,-0.25189253,0.14497211,0.01639641,0.16136852,16.0,2,18,2.0,0,2,0.0,0.0,0.0,0.0,0,0,-0.199602,0.989125,0.789523,0.067923,0.661522,0.729445,-0.193551,0.907774,0.714223,0.079209,0.911478,0.990687,-0.079209,0.088522,0.009313
qd_005,QuickDraw,bicycle,m2_60,public_benchmark_v1_ext33_m2_56_line_stroke_d0_c8_i095,False,jump_increase,-0.24972384,0.146753,0.01639641,0.16314941,17.0,2,19,1.0,0,1,0.0,0.0,0.0,0.0,0,0,-0.017905,0.989125,0.97122,0.066266,0.661522,0.727788,-0.026679,0.907774,0.881095,0.079776,0.911478,0.991254,-0.079776,0.088522,0.008746
qd_005,QuickDraw,bicycle,m2_60,public_benchmark_v1_ext33_m2_56_line_stroke_d1_c10_i090,False,off_mask_increase,-0.26240446,0.1713709,0.01639641,0.18776731,15.0,2,17,1.0,0,1,1.8271,0.0,1.8271,0.0,0,0,-0.017905,0.989125,0.97122,0.064462,0.661522,0.725984,-0.026149,0.907774,0.881625,0.077914,0.911478,0.989392,-0.077914,0.088522,0.010608
qd_005,QuickDraw,bicycle,m2_60,public_benchmark_v1_ext33_m2_56_line_stroke_d1_c12_i090_min20,False,off_mask_increase,-0.32593825,0.23098049,0.01639641,0.2473769,15.0,2,17,1.0,0,1,4.4467,0.0,4.4467,0.0,0,0,-0.116976,0.989125,0.872149,0.063426,0.661522,0.724948,-0.118198,0.907774,0.789576,0.07386,0.911478,0.985338,-0.07386,0.088522,0.014662
qd_005,QuickDraw,bicycle,m2_60,public_benchmark_v1_ext33_m2_56_line_stroke_d1_c6_i095,False,off_mask_increase,-0.30988575,0.19359445,0.01639641,0.20999086,19.0,2,21,1.0,0,1,1.3285,0.0,1.3285,0.0,0,0,-0.051592,0.989125,0.937533,0.06649,0.661522,0.728012,-0.058304,0.907774,0.84947,0.078841,0.911478,0.990319,-0.078841,0.088522,0.009681
qd_005,QuickDraw,bicycle,m2_60,public_benchmark_v1_ext33_m2_56_line_stroke_d2_c12_i085_min20,False,candidate_hard_fail,-0.42418486,0.33495896,0.01639641,0.35135537,14.0,2,16,1.0,0,1,9.4435,0.0,9.4435,1.0,0,1,-0.116976,0.989125,0.872149,0.057324,0.661522,0.718846,-0.117756,0.907774,0.790018,0.066113,0.911478,0.977591,-0.066113,0.088522,0.022409
qd_005,QuickDraw,bicycle,m2_60,public_benchmark_v1_ext33_m2_56_line_stroke_d3_c18,False,candidate_hard_fail,-0.39742,0.3483195,0.01639641,0.36471591,8.0,2,10,1.0,0,1,15.0469,0.0,15.0469,3.0,0,3,-0.00703,0.989125,0.982095,0.050497,0.661522,0.712019,-0.012014,0.907774,0.89576,0.063522,0.911478,0.975,-0.063522,0.088522,0.025
qd_005,QuickDraw,bicycle,m2_60,public_benchmark_v1_ext33_m2_56_line_stroke_selector_probe,False,absolute_adaptive_precision_too_low,0.0,0.0,0.01639641,0.01639641,0.0,2,2,0.0,0,0,0.0,0.0,0.0,0.0,0,0,0.0,0.989125,0.989125,0.0,0.661522,0.661522,0.0,0.907774,0.907774,0.0,0.911478,0.911478,0.0,0.088522,0.088522
qd_005,QuickDraw,bicycle,m2_60,public_benchmark_v1_ext33_m2_57_topology_open_d0_c12_i090_min12,False,jump_increase,-0.24637493,0.14486331,0.01639641,0.16125972,16.0,2,18,2.0,0,2,0.0,0.0,0.0,0.0,0,0,-0.059019,0.989125,0.930106,0.06748,0.661522,0.729002,-0.064664,0.907774,0.84311,0.080622,0.911478,0.9921,-0.080622,0.088522,0.0079
qd_005,QuickDraw,bicycle,m2_60,public_benchmark_v1_ext33_m2_57_topology_open_d0_c12_i090_min20,False,jump_increase,-0.27654391,0.16153467,0.01639641,0.17793108,18.0,2,20,2.0,0,2,0.0,0.0,0.0,0.0,0,0,-0.097878,0.989125,0.891247,0.068833,0.661522,0.730355,-0.101679,0.907774,0.806095,0.080262,0.911478,0.99174,-0.080262,0.088522,0.00826
qd_005,QuickDraw,bicycle,m2_60,public_benchmark_v1_ext33_m2_57_topology_open_d0_c12_i090_min30,False,jump_increase,-0.28096043,0.16191057,0.01639641,0.17830698,18.0,2,20,2.0,0,2,0.0,0.0,0.0,0.0,0,0,-0.203183,0.989125,0.785942,0.067742,0.661522,0.729264,-0.196467,0.907774,0.711307,0.079415,0.911478,0.990893,-0.079415,0.088522,0.009107
qd_005,QuickDraw,bicycle,m2_60,public_benchmark_v1_ext33_m2_57_topology_open_d0_c16_i085_min20,False,off_mask_increase,-0.23492723,0.14390185,0.01639641,0.16029826,14.0,2,16,2.0,0,2,0.6792,0.0,0.6792,0.0,0,0,-0.093634,0.989125,0.895491,0.060463,0.661522,0.721985,-0.092933,0.907774,0.814841,0.074835,0.911478,0.986313,-0.074835,0.088522,0.013687
qd_005,QuickDraw,bicycle,m2_60,public_benchmark_v1_ext33_m2_57_topology_open_d0_c20_i080_min30,False,off_mask_increase,-0.28644466,0.18603176,0.01639641,0.20242817,15.0,2,17,2.0,0,2,2.1763,0.0,2.1763,0.0,0,0,-0.179709,0.989125,0.809416,0.059702,0.661522,0.721224,-0.172615,0.907774,0.735159,0.071977,0.911478,0.983455,-0.071977,0.088522,0.016545
qd_005,QuickDraw,bicycle,m2_60,public_benchmark_v1_ext33_m2_57_topology_open_d0_c20_i080_min40,False,off_mask_increase,-0.21042097,0.14369565,0.01639641,0.16009206,9.0,2,11,1.0,0,1,2.7793,0.0,2.7793,0.0,0,0,-0.314987,0.989125,0.674138,0.049984,0.661522,0.711506,-0.289488,0.907774,0.618286,0.068225,0.911478,0.979703,-0.068225,0.088522,0.020297
qd_005,QuickDraw,bicycle,m2_60,public_benchmark_v1_ext33_m2_57_topology_open_d0_c24_i075_min40,False,off_mask_increase,-0.21042097,0.14369565,0.01639641,0.16009206,9.0,2,11,1.0,0,1,2.7793,0.0,2.7793,0.0,0,0,-0.314987,0.989125,0.674138,0.049984,0.661522,0.711506,-0.289488,0.907774,0.618286,0.068225,0.911478,0.979703,-0.068225,0.088522,0.020297
qd_005,QuickDraw,bicycle,m2_60,public_benchmark_v1_ext33_m2_57_topology_open_d0_c24_i075_min60,False,jump_increase,-0.16643998,0.08704126,0.01639641,0.10343767,9.0,2,11,2.0,0,2,0.0,0.0,0.0,0.0,0,0,-0.572149,0.989125,0.416976,0.055795,0.661522,0.717317,-0.52659,0.907774,0.381184,0.073008,0.911478,0.984486,-0.073008,0.088522,0.015514
qd_005,QuickDraw,bicycle,m2_60,public_benchmark_v1_ext33_m2_57_topology_open_d0_c30_i070_min100,False,jump_increase,-0.09285686,0.0393348,0.01639641,0.05573121,4.0,2,6,1.0,0,1,0.0,0.0,0.0,0.0,0,0,-0.767242,0.989125,0.221883,0.059599,0.661522,0.721121,-0.703534,0.907774,0.20424,0.085074,0.911478,0.996552,-0.085074,0.088522,0.003448
qd_005,QuickDraw,bicycle,m2_60,public_benchmark_v1_ext33_m2_57_topology_open_d0_c30_i070_min80,False,jump_increase,-0.15634888,0.07885226,0.01639641,0.09524867,8.0,2,10,2.0,0,2,0.0,0.0,0.0,0.0,0,0,-0.687003,0.989125,0.302122,0.063033,0.661522,0.724555,-0.632067,0.907774,0.275707,0.081206,0.911478,0.992684,-0.081206,0.088522,0.007316
qd_005,QuickDraw,bicycle,m2_60,public_benchmark_v1_ext33_m2_57_topology_open_d1_c16_i085_min20,False,off_mask_increase,-0.26892699,0.18449493,0.01639641,0.20089134,13.0,2,15,2.0,0,2,2.8554,0.0,2.8554,0.0,0,0,-0.074404,0.989125,0.914721,0.056915,0.661522,0.718437,-0.074823,0.907774,0.832951,0.070709,0.911478,0.982187,-0.07071,0.088522,0.017812
qd_005,QuickDraw,bicycle,m2_60,public_benchmark_v1_ext33_m2_57_topology_open_d1_c20_i080_min20,False,off_mask_increase,-0.26892699,0.18449493,0.01639641,0.20089134,13.0,2,15,2.0,0,2,2.8554,0.0,2.8554,0.0,0,0,-0.074404,0.989125,0.914721,0.056915,0.661522,0.718437,-0.074823,0.907774,0.832951,0.070709,0.911478,0.982187,-0.07071,0.088522,0.017812
qd_005,QuickDraw,bicycle,m2_60,public_benchmark_v1_ext33_m2_57_topology_open_d1_c24_i070_min60,False,jump_increase,-0.16643998,0.08704126,0.01639641,0.10343767,9.0,2,11,2.0,0,2,0.0,0.0,0.0,0.0,0,0,-0.572149,0.989125,0.416976,0.055795,0.661522,0.717317,-0.52659,0.907774,0.381184,0.073008,0.911478,0.984486,-0.073008,0.088522,0.015514
qd_005,QuickDraw,bicycle,m2_60,public_benchmark_v1_ext33_m2_57_topology_open_d1_c24_i075_min40,False,off_mask_increase,-0.21042097,0.14369565,0.01639641,0.16009206,9.0,2,11,1.0,0,1,2.7793,0.0,2.7793,0.0,0,0,-0.314987,0.989125,0.674138,0.049984,0.661522,0.711506,-0.289488,0.907774,0.618286,0.068225,0.911478,0.979703,-0.068225,0.088522,0.020297
qd_005,QuickDraw,bicycle,m2_60,public_benchmark_v1_ext33_m2_57_topology_open_d1_c30_i065_min80,False,jump_increase,-0.15634888,0.07885226,0.01639641,0.09524867,8.0,2,10,2.0,0,2,0.0,0.0,0.0,0.0,0,0,-0.687003,0.989125,0.302122,0.063033,0.661522,0.724555,-0.632067,0.907774,0.275707,0.081206,0.911478,0.992684,-0.081206,0.088522,0.007316
qd_005,QuickDraw,bicycle,m2_60,public_benchmark_v1_ext33_m2_57_topology_open_d2_c20_i075_min20,False,off_mask_increase,-0.26892699,0.18449493,0.01639641,0.20089134,13.0,2,15,2.0,0,2,2.8554,0.0,2.8554,0.0,0,0,-0.074404,0.989125,0.914721,0.056915,0.661522,0.718437,-0.074823,0.907774,0.832951,0.070709,0.911478,0.982187,-0.07071,0.088522,0.017812
qd_005,QuickDraw,bicycle,m2_60,public_benchmark_v1_ext33_m2_57_topology_relative_rescue,False,absolute_adaptive_precision_too_low,0.0,0.0,0.01639641,0.01639641,0.0,2,2,0.0,0,0,0.0,0.0,0.0,0.0,0,0,0.0,0.989125,0.989125,0.0,0.661522,0.661522,0.0,0.907774,0.907774,0.0,0.911478,0.911478,0.0,0.088522,0.088522
qd_005,QuickDraw,bicycle,m2_60,public_benchmark_v1_ext33_m2_57_topology_selector_probe_min100,False,absolute_adaptive_precision_too_low,0.0,0.0,0.01639641,0.01639641,0.0,2,2,0.0,0,0,0.0,0.0,0.0,0.0,0,0,0.0,0.989125,0.989125,0.0,0.661522,0.661522,0.0,0.907774,0.907774,0.0,0.911478,0.911478,0.0,0.088522,0.088522
qd_005,QuickDraw,bicycle,m2_60,public_benchmark_v1_ext33_m2_57_topology_selector_probe_min100_j14,False,absolute_adaptive_precision_too_low,0.0,0.0,0.01639641,0.01639641,0.0,2,2,0.0,0,0,0.0,0.0,0.0,0.0,0,0,0.0,0.989125,0.989125,0.0,0.661522,0.661522,0.0,0.907774,0.907774,0.0,0.911478,0.911478,0.0,0.088522,0.088522
qd_005,QuickDraw,bicycle,m2_60,public_benchmark_v1_ext33_m2_58_coverage_aware_relative_rescue,False,absolute_adaptive_precision_too_low,0.0,0.0,0.01639641,0.01639641,0.0,2,2,0.0,0,0,0.0,0.0,0.0,0.0,0,0,0.0,0.989125,0.989125,0.0,0.661522,0.661522,0.0,0.907774,0.907774,0.0,0.911478,0.911478,0.0,0.088522,0.088522
qd_005,QuickDraw,bicycle,m2_60,public_benchmark_v1_ext33_m2_59_anchored_quality_rescue_selector,False,absolute_adaptive_precision_too_low,0.0,0.0,0.01639641,0.01639641,0.0,2,2,0.0,0,0,0.0,0.0,0.0,0.0,0,0,0.0,0.989125,0.989125,0.0,0.661522,0.661522,0.0,0.907774,0.907774,0.0,0.911478,0.911478,0.0,0.088522,0.088522
qd_005,QuickDraw,bicycle,m2_60,public_benchmark_v1_ext33_m2_59_grouped_topology_g_d0_c16_i085_s4_min12_p80,False,off_mask_increase,-0.20488344,0.12736652,0.01639641,0.14376293,12.0,2,14,2.0,0,2,0.6792,0.0,0.6792,0.0,0,0,-0.054775,0.989125,0.93435,0.059784,0.661522,0.721306,-0.056272,0.907774,0.851502,0.075417,0.911478,0.986895,-0.075417,0.088522,0.013105
qd_005,QuickDraw,bicycle,m2_60,public_benchmark_v1_ext33_m2_59_grouped_topology_g_d0_c16_i090_s3_min20_p80,False,off_mask_increase,-0.23506426,0.14403788,0.01639641,0.16043429,14.0,2,16,2.0,0,2,0.6792,0.0,0.6792,0.0,0,0,-0.093634,0.989125,0.895491,0.060772,0.661522,0.722294,-0.093286,0.907774,0.814488,0.074829,0.911478,0.986307,-0.074829,0.088522,0.013693
qd_005,QuickDraw,bicycle,m2_60,public_benchmark_v1_ext33_m2_59_grouped_topology_g_d0_c18_i092_s4_min12_p100,False,off_mask_increase,-0.20488344,0.12736652,0.01639641,0.14376293,12.0,2,14,2.0,0,2,0.6792,0.0,0.6792,0.0,0,0,-0.054775,0.989125,0.93435,0.059784,0.661522,0.721306,-0.056272,0.907774,0.851502,0.075417,0.911478,0.986895,-0.075417,0.088522,0.013105
qd_005,QuickDraw,bicycle,m2_60,public_benchmark_v1_ext33_m2_59_grouped_topology_g_d0_c18_i095_s3_min12_p120,False,off_mask_increase,-0.20488344,0.12736652,0.01639641,0.14376293,12.0,2,14,2.0,0,2,0.6792,0.0,0.6792,0.0,0,0,-0.054775,0.989125,0.93435,0.059784,0.661522,0.721306,-0.056272,0.907774,0.851502,0.075417,0.911478,0.986895,-0.075417,0.088522,0.013105
qd_005,QuickDraw,bicycle,m2_60,public_benchmark_v1_ext33_m2_59_grouped_topology_g_d0_c20_i080_s5_min12_p80,False,off_mask_increase,-0.20488344,0.12736652,0.01639641,0.14376293,12.0,2,14,2.0,0,2,0.6792,0.0,0.6792,0.0,0,0,-0.054775,0.989125,0.93435,0.059784,0.661522,0.721306,-0.056272,0.907774,0.851502,0.075417,0.911478,0.986895,-0.075417,0.088522,0.013105
qd_005,QuickDraw,bicycle,m2_60,public_benchmark_v1_ext33_m2_59_grouped_topology_g_d0_c20_i090_s4_min12_p100,False,off_mask_increase,-0.20488344,0.12736652,0.01639641,0.14376293,12.0,2,14,2.0,0,2,0.6792,0.0,0.6792,0.0,0,0,-0.054775,0.989125,0.93435,0.059784,0.661522,0.721306,-0.056272,0.907774,0.851502,0.075417,0.911478,0.986895,-0.075417,0.088522,0.013105
qd_005,QuickDraw,bicycle,m2_60,public_benchmark_v1_ext33_m2_59_grouped_topology_g_d0_c20_i095_s4_min12_p100,False,off_mask_increase,-0.20488344,0.12736652,0.01639641,0.14376293,12.0,2,14,2.0,0,2,0.6792,0.0,0.6792,0.0,0,0,-0.054775,0.989125,0.93435,0.059784,0.661522,0.721306,-0.056272,0.907774,0.851502,0.075417,0.911478,0.986895,-0.075417,0.088522,0.013105
qd_005,QuickDraw,bicycle,m2_60,public_benchmark_v1_ext33_m2_59_grouped_topology_g_d0_c24_i075_s6_min20_p80,False,off_mask_increase,-0.24036033,0.16791009,0.01639641,0.1843065,11.0,2,13,2.0,0,2,2.8554,0.0,2.8554,0.0,0,0,-0.074404,0.989125,0.914721,0.054826,0.661522,0.716348,-0.072968,0.907774,0.834806,0.070034,0.911478,0.981512,-0.070034,0.088522,0.018488
qd_005,QuickDraw,bicycle,m2_60,public_benchmark_v1_ext33_m2_59_grouped_topology_g_d0_c30_i070_s8_min30_p100,False,off_mask_increase,-0.36226875,0.27390313,0.01639641,0.29029954,13.0,2,15,2.0,0,2,6.8154,0.0,6.8154,0.0,0,0,-0.17321,0.989125,0.815915,0.05466,0.661522,0.716182,-0.165901,0.907774,0.741873,0.06617,0.911478,0.977648,-0.06617,0.088522,0.022352
qd_005,QuickDraw,bicycle,m2_60,public_benchmark_v1_ext33_m2_59_grouped_topology_g_d1_c20_i075_s5_min12_p80,False,off_mask_increase,-0.21351907,0.15143389,0.01639641,0.1678303,10.0,2,12,1.0,0,1,2.7585,0.0,2.7585,0.0,0,0,-0.043634,0.989125,0.945491,0.062308,0.661522,0.72383,-0.048763,0.907774,0.859011,0.07583,0.911478,0.987308,-0.07583,0.088522,0.012692
qd_005,QuickDraw,bicycle,m2_60,public_benchmark_v1_ext33_m2_59_quality_rescue_selector,False,absolute_adaptive_precision_too_low,0.0,0.0,0.01639641,0.01639641,0.0,2,2,0.0,0,0,0.0,0.0,0.0,0.0,0,0,0.0,0.989125,0.989125,0.0,0.661522,0.661522,0.0,0.907774,0.907774,0.0,0.911478,0.911478,0.0,0.088522,0.088522
qd_005,QuickDraw,bicycle,m2_60,public_benchmark_v1_ext33_m2_5_learned_selector_applied,False,jump_increase,-0.0511322,0.0308,0.01639641,0.04719641,3.0,2,5,1.0,0,1,0.0,0.0,0.0,0.0,0,0,0.0,0.989125,0.989125,0.015248,0.661522,0.67677,-0.001414,0.907774,0.90636,0.019556,0.911478,0.931034,-0.019556,0.088522,0.068966
qd_005,QuickDraw,bicycle,m2_60,public_benchmark_v1_ext33_m2_60_maskpath_combo_rescue_selector,False,absolute_adaptive_precision_too_low,0.0,0.0,0.01639641,0.01639641,0.0,2,2,0.0,0,0,0.0,0.0,0.0,0.0,0,0,0.0,0.989125,0.989125,0.0,0.661522,0.661522,0.0,0.907774,0.907774,0.0,0.911478,0.911478,0.0,0.088522,0.088522
qd_005,QuickDraw,bicycle,m2_60,public_benchmark_v1_ext33_m2_60_maskpath_mp_d0_r0_c20_i095_route24_f20_min12,False,off_mask_increase,-0.16151542,0.10237882,0.01639641,0.11877523,9.0,2,11,2.0,0,2,0.6792,0.0,0.6792,0.0,0,0,-0.040053,0.989125,0.949072,0.05322,0.661522,0.714742,-0.039841,0.907774,0.867933,0.069844,0.911478,0.981322,-0.069844,0.088522,0.018678
qd_005,QuickDraw,bicycle,m2_60,public_benchmark_v1_ext33_m2_60_maskpath_mp_d0_r0_c20_i095_route32_f26_min12,False,off_mask_increase,-0.16151542,0.10237882,0.01639641,0.11877523,9.0,2,11,2.0,0,2,0.6792,0.0,0.6792,0.0,0,0,-0.040053,0.989125,0.949072,0.05322,0.661522,0.714742,-0.039841,0.907774,0.867933,0.069844,0.911478,0.981322,-0.069844,0.088522,0.018678
qd_005,QuickDraw,bicycle,m2_60,public_benchmark_v1_ext33_m2_60_maskpath_mp_d0_r0_c20_i095_route32_f26_min20,False,off_mask_increase,-0.16201926,0.10237882,0.01639641,0.11877523,9.0,2,11,2.0,0,2,0.6792,0.0,0.6792,0.0,0,0,-0.046287,0.989125,0.942838,0.048384,0.661522,0.709906,-0.046378,0.907774,0.861396,0.062259,0.911478,0.973737,-0.062259,0.088522,0.026263
qd_005,QuickDraw,bicycle,m2_60,public_benchmark_v1_ext33_m2_60_maskpath_mp_d0_r0_c24_i090_route36_f30_min12,False,off_mask_increase,-0.1614138,0.10237882,0.01639641,0.11877523,9.0,2,11,2.0,0,2,0.6792,0.0,0.6792,0.0,0,0,-0.040053,0.989125,0.949072,0.056952,0.661522,0.718474,-0.041608,0.907774,0.866166,0.07296,0.911478,0.984438,-0.07296,0.088522,0.015562
qd_005,QuickDraw,bicycle,m2_60,public_benchmark_v1_ext33_m2_60_maskpath_mp_d0_r1_c20_i095_route32_f26_min12,False,off_mask_increase,-0.22492668,0.16572982,0.01639641,0.18212623,9.0,2,11,2.0,0,2,3.4948,0.0,3.4948,0.0,0,0,-0.040849,0.989125,0.948276,0.052336,0.661522,0.713858,-0.040283,0.907774,0.867491,0.068953,0.911478,0.980431,-0.068953,0.088522,0.019569
qd_005,QuickDraw,bicycle,m2_60,public_benchmark_v1_ext33_m2_60_maskpath_mp_d0_r1_c24_i090_route36_f30_min12,False,off_mask_increase,-0.22482532,0.16572982,0.01639641,0.18212623,9.0,2,11,2.0,0,2,3.4948,0.0,3.4948,0.0,0,0,-0.040849,0.989125,0.948276,0.056061,0.661522,0.717583,-0.04205,0.907774,0.865724,0.072063,0.911478,0.983541,-0.072063,0.088522,0.016459
qd_005,QuickDraw,bicycle,m2_60,public_benchmark_v1_ext33_m2_60_maskpath_rescue_selector,False,absolute_adaptive_precision_too_low,0.0,0.0,0.01639641,0.01639641,0.0,2,2,0.0,0,0,0.0,0.0,0.0,0.0,0,0,0.0,0.989125,0.989125,0.0,0.661522,0.661522,0.0,0.907774,0.907774,0.0,0.911478,0.911478,0.0,0.088522,0.088522
qd_005,QuickDraw,bicycle,m2_60,public_benchmark_v1_ext33_m2_61_segment_graph_sg_d0_l035_c20_i095_r32_f26_min12,False,jump_increase,-0.09481301,0.05611945,0.01639641,0.07251586,6.0,2,8,1.0,0,1,0.0,0.0,0.0,0.0,0,0,-0.034218,0.989125,0.954907,0.031519,0.661522,0.693041,-0.028534,0.907774,0.87924,0.046555,0.911478,0.958033,-0.046555,0.088522,0.041967
qd_005,QuickDraw,bicycle,m2_60,public_benchmark_v1_ext33_m2_61_segment_graph_sg_d0_l050_c24_i090_r36_f30_min12,False,jump_increase,-0.09482409,0.05611945,0.01639641,0.07251586,6.0,2,8,1.0,0,1,0.0,0.0,0.0,0.0,0,0,-0.034218,0.989125,0.954907,0.031519,0.661522,0.693041,-0.028799,0.907774,0.878975,0.046266,0.911478,0.957744,-0.046266,0.088522,0.042256
qd_005,QuickDraw,bicycle,m2_60,public_benchmark_v1_ext33_m2_61_segment_graph_sg_d0_l070_c20_i095_r32_f26_min12,False,jump_increase,-0.09481301,0.05611945,0.01639641,0.07251586,6.0,2,8,1.0,0,1,0.0,0.0,0.0,0.0,0,0,-0.034218,0.989125,0.954907,0.031519,0.661522,0.693041,-0.028534,0.907774,0.87924,0.046555,0.911478,0.958033,-0.046555,0.088522,0.041967
qd_005,QuickDraw,bicycle,m2_60,public_benchmark_v1_ext33_m2_61_segment_graph_sg_d1_l050_c20_i095_r32_f26_min12,False,candidate_hard_fail,-0.27522137,0.23611945,0.01639641,0.25251586,6.0,2,8,1.0,0,1,53.6361,0.0,53.6361,0.0,0,0,-0.035014,0.989125,0.954111,0.02349,0.661522,0.685012,-0.029152,0.907774,0.878622,0.03558,0.911478,0.947058,-0.03558,0.088522,0.052942
qd_005,QuickDraw,bicycle,m2_60,public_benchmark_v1_ext33_m2_61_segment_graph_sg_euler_d0_l000_c20_i095_r32_f26_min12,False,jump_increase,-0.11000063,0.06507191,0.01639641,0.08146832,7.0,2,9,1.0,0,1,0.0,0.0,0.0,0.0,0,0,-0.046685,0.989125,0.94244,0.042461,0.661522,0.703983,-0.046555,0.907774,0.861219,0.054343,0.911478,0.965821,-0.054343,0.088522,0.034179
qd_005,QuickDraw,bicycle,m2_60,public_benchmark_v1_ext33_m2_61_segment_graph_sg_euler_d0_l020_c24_i090_r36_f30_min12,False,jump_increase,-0.09482409,0.05611945,0.01639641,0.07251586,6.0,2,8,1.0,0,1,0.0,0.0,0.0,0.0,0,0,-0.034218,0.989125,0.954907,0.031519,0.661522,0.693041,-0.028799,0.907774,0.878975,0.046266,0.911478,0.957744,-0.046266,0.088522,0.042256
qd_005,QuickDraw,bicycle,m2_60,public_benchmark_v1_ext33_m2_61_segment_graph_sg_euler_d0_l035_c20_i095_r32_f26_min12,False,jump_increase,-0.09481301,0.05611945,0.01639641,0.07251586,6.0,2,8,1.0,0,1,0.0,0.0,0.0,0.0,0,0,-0.034218,0.989125,0.954907,0.031519,0.661522,0.693041,-0.028534,0.907774,0.87924,0.046555,0.911478,0.958033,-0.046555,0.088522,0.041967
qd_005,QuickDraw,bicycle,m2_60,public_benchmark_v1_ext33_m2_64_text_precision_rescue_selector,False,absolute_adaptive_precision_too_low,0.0,0.0,0.01639641,0.01639641,0.0,2,2,0.0,0,0,0.0,0.0,0.0,0.0,0,0,0.0,0.989125,0.989125,0.0,0.661522,0.661522,0.0,0.907774,0.907774,0.0,0.911478,0.911478,0.0,0.088522,0.088522
qd_005,QuickDraw,bicycle,m2_60,public_benchmark_v1_ext33_m2_65_text_legibility_rescue_selector,False,absolute_adaptive_precision_too_low,0.0,0.0,0.01639641,0.01639641,0.0,2,2,0.0,0,0,0.0,0.0,0.0,0.0,0,0,0.0,0.989125,0.989125,0.0,0.661522,0.661522,0.0,0.907774,0.907774,0.0,0.911478,0.911478,0.0,0.088522,0.088522
qd_005,QuickDraw,bicycle,m2_60,public_benchmark_v1_ext33_m2_66_profile_switcher,False,absolute_adaptive_precision_too_low,0.0,0.0,0.01639641,0.01639641,0.0,2,2,0.0,0,0,0.0,0.0,0.0,0.0,0,0,0.0,0.989125,0.989125,0.0,0.661522,0.661522,0.0,0.907774,0.907774,0.0,0.911478,0.911478,0.0,0.088522,0.088522
qd_005,QuickDraw,bicycle,m2_60,public_benchmark_v1_ext33_m2_67_line_art_profile,False,absolute_adaptive_precision_too_low,0.0,0.0,0.01639641,0.01639641,0.0,2,2,0.0,0,0,0.0,0.0,0.0,0.0,0,0,0.0,0.989125,0.989125,0.0,0.661522,0.661522,0.0,0.907774,0.907774,0.0,0.911478,0.911478,0.0,0.088522,0.088522
qd_005,QuickDraw,bicycle,m2_60,public_benchmark_v1_ext33_m2_68_shape_aware_profile,False,absolute_adaptive_precision_too_low,0.0,0.0,0.01639641,0.01639641,0.0,2,2,0.0,0,0,0.0,0.0,0.0,0.0,0,0,0.0,0.989125,0.989125,0.0,0.661522,0.661522,0.0,0.907774,0.907774,0.0,0.911478,0.911478,0.0,0.088522,0.088522
qd_005,QuickDraw,bicycle,m2_60,public_benchmark_v1_ext33_m2_69_text_wku_profile,False,absolute_adaptive_precision_too_low,0.0,0.0,0.01639641,0.01639641,0.0,2,2,0.0,0,0,0.0,0.0,0.0,0.0,0,0,0.0,0.989125,0.989125,0.0,0.661522,0.661522,0.0,0.907774,0.907774,0.0,0.911478,0.911478,0.0,0.088522,0.088522
qd_005,QuickDraw,bicycle,m2_60,public_benchmark_v1_ext33_mask_fill_edgewalk_dtsatin_o3_i8_s14_p90,False,candidate_hard_fail,-2.04376149,0.38360359,0.01639641,0.4,252.0,2,254,47.0,0,47,0.0,0.0,0.0,0.0,0,0,0.010875,0.989125,1.0,-0.207633,0.661522,0.453889,0.078357,0.907774,0.986131,-0.239494,0.911478,0.671984,0.239494,0.088522,0.328016
qd_005,QuickDraw,bicycle,m2_60,public_benchmark_v1_ext33_mask_fill_edgewalk_dtsatin_o3_i9_s7,False,candidate_hard_fail,-2.04376149,0.38360359,0.01639641,0.4,252.0,2,254,47.0,0,47,0.0,0.0,0.0,0.0,0,0,0.010875,0.989125,1.0,-0.207633,0.661522,0.453889,0.078357,0.907774,0.986131,-0.239494,0.911478,0.671984,0.239494,0.088522,0.328016
qd_005,QuickDraw,bicycle,m2_60,public_benchmark_v1_ext33_mask_fill_edgewalk_nearest_rows16_p40,False,candidate_hard_fail,-2.04376149,0.38360359,0.01639641,0.4,252.0,2,254,47.0,0,47,0.0,0.0,0.0,0.0,0,0,0.010875,0.989125,1.0,-0.207633,0.661522,0.453889,0.078357,0.907774,0.986131,-0.239494,0.911478,0.671984,0.239494,0.088522,0.328016
qd_005,QuickDraw,bicycle,m2_60,public_benchmark_v1_ext33_mask_fill_edgewalk_nearestrow_adapt_t2_m5_rows16_p40,False,jump_increase,-0.09499381,0.05632963,0.01639641,0.07272604,6.0,2,8,1.0,0,1,0.0,0.0,0.0,0.0,0,0,-0.028515,0.989125,0.96061,0.053483,0.661522,0.715005,-0.052474,0.907774,0.8553,0.044297,0.911478,0.955775,-0.044297,0.088522,0.044225
qd_005,QuickDraw,bicycle,m2_60,public_benchmark_v1_ext33_mask_fill_edgewalk_nearestrow_adapt_t3_m6_rows16_p40,False,jump_increase,-0.09499381,0.05632963,0.01639641,0.07272604,6.0,2,8,1.0,0,1,0.0,0.0,0.0,0.0,0,0,-0.028515,0.989125,0.96061,0.053483,0.661522,0.715005,-0.052474,0.907774,0.8553,0.044297,0.911478,0.955775,-0.044297,0.088522,0.044225
qd_005,QuickDraw,bicycle,m2_60,public_benchmark_v1_ext33_mask_fill_edgewalk_nearestrow_adapt_t4_m8_rows16_p40,False,jump_increase,-0.09499381,0.05632963,0.01639641,0.07272604,6.0,2,8,1.0,0,1,0.0,0.0,0.0,0.0,0,0,-0.028515,0.989125,0.96061,0.053483,0.661522,0.715005,-0.052474,0.907774,0.8553,0.044297,0.911478,0.955775,-0.044297,0.088522,0.044225
qd_005,QuickDraw,bicycle,m2_60,public_benchmark_v1_ext33_mask_fill_edgewalk_nearestrow_evalfill_rows16_p40,False,off_mask_increase,-0.17344274,0.11498122,0.01639641,0.13137763,7.0,2,9,1.0,0,1,2.2413,0.0,2.2413,0.0,0,0,0.010875,0.989125,1.0,-0.342962,0.661522,0.31856,0.092226,0.907774,1.0,-0.433215,0.911478,0.478263,0.433215,0.088522,0.521737
qd_005,QuickDraw,bicycle,m2_60,public_benchmark_v1_ext33_mask_fill_edgewalk_nearestrow_inset1_rows16_p40,False,jump_increase,-0.096865,0.05627646,0.01639641,0.07267287,6.0,2,8,1.0,0,1,0.0,0.0,0.0,0.0,0,0,-0.005969,0.989125,0.983156,-0.057513,0.661522,0.604009,0.0303,0.907774,0.938074,-0.046245,0.911478,0.865233,0.046245,0.088522,0.134767
qd_005,QuickDraw,bicycle,m2_60,public_benchmark_v1_ext33_mask_fill_edgewalk_nearestrow_inset2_rows16_p40,False,jump_increase,-0.09499381,0.05632963,0.01639641,0.07272604,6.0,2,8,1.0,0,1,0.0,0.0,0.0,0.0,0,0,-0.028515,0.989125,0.96061,0.053483,0.661522,0.715005,-0.052474,0.907774,0.8553,0.044297,0.911478,0.955775,-0.044297,0.088522,0.044225
qd_005,QuickDraw,bicycle,m2_60,public_benchmark_v1_ext33_mask_fill_edgewalk_nearestrow_qdirect_rows16_p40,False,jump_increase,-0.17801038,0.10415902,0.01639641,0.12055543,11.0,2,13,2.0,0,2,0.0,0.0,0.0,0.0,0,0,0.010875,0.989125,1.0,-0.096389,0.661522,0.565133,0.072615,0.907774,0.980389,-0.079669,0.911478,0.831809,0.079669,0.088522,0.168191
qd_005,QuickDraw,bicycle,m2_60,public_benchmark_v1_ext33_mask_fill_edgewalk_nearestrow_qpath090_rows16_p40,False,jump_increase,-0.17801038,0.10415902,0.01639641,0.12055543,11.0,2,13,2.0,0,2,0.0,0.0,0.0,0.0,0,0,0.010875,0.989125,1.0,-0.096389,0.661522,0.565133,0.072615,0.907774,0.980389,-0.079669,0.911478,0.831809,0.079669,0.088522,0.168191
qd_005,QuickDraw,bicycle,m2_60,public_benchmark_v1_ext33_mask_fill_edgewalk_nearestrow_qpath095_rows16_p40,False,jump_increase,-0.17801038,0.10415902,0.01639641,0.12055543,11.0,2,13,2.0,0,2,0.0,0.0,0.0,0.0,0,0,0.010875,0.989125,1.0,-0.096389,0.661522,0.565133,0.072615,0.907774,0.980389,-0.079669,0.911478,0.831809,0.079669,0.088522,0.168191
qd_005,QuickDraw,bicycle,m2_60,public_benchmark_v1_ext33_mask_fill_edgewalk_nearestrow_quantvalid_rows16_p40,False,jump_increase,-0.17801038,0.10415902,0.01639641,0.12055543,11.0,2,13,2.0,0,2,0.0,0.0,0.0,0.0,0,0,0.010875,0.989125,1.0,-0.096389,0.661522,0.565133,0.072615,0.907774,0.980389,-0.079669,0.911478,0.831809,0.079669,0.088522,0.168191
qd_005,QuickDraw,bicycle,m2_60,public_benchmark_v1_ext33_mask_fill_edgewalk_nearestrow_rows16_p40,False,jump_increase,-0.17801038,0.10415902,0.01639641,0.12055543,11.0,2,13,2.0,0,2,0.0,0.0,0.0,0.0,0,0,0.010875,0.989125,1.0,-0.096389,0.661522,0.565133,0.072615,0.907774,0.980389,-0.079669,0.911478,0.831809,0.079669,0.088522,0.168191
qd_005,QuickDraw,bicycle,m2_60,public_benchmark_v1_ext33_mask_fill_edgewalk_nearestrow_safeadt_rows16_p40,False,jump_increase,-0.1735128,0.09593586,0.01639641,0.11233227,10.0,2,12,2.0,0,2,0.0,0.0,0.0,0.0,0,0,0.010875,0.989125,1.0,-0.30529,0.661522,0.356232,0.092226,0.907774,1.0,-0.376658,0.911478,0.53482,0.376658,0.088522,0.46518
qd_005,QuickDraw,bicycle,m2_60,public_benchmark_v1_ext33_mask_fill_edgewalk_nearestrow_safeadt_t2m5_r035_a32_rows16_p40,False,jump_increase,-0.1735128,0.09593586,0.01639641,0.11233227,10.0,2,12,2.0,0,2,0.0,0.0,0.0,0.0,0,0,0.010875,0.989125,1.0,-0.30529,0.661522,0.356232,0.092226,0.907774,1.0,-0.376658,0.911478,0.53482,0.376658,0.088522,0.46518
qd_005,QuickDraw,bicycle,m2_60,public_benchmark_v1_ext33_mask_fill_edgewalk_nearestrow_safeadt_t2m5_r055_a64_rows16_p40,False,jump_increase,-0.1735128,0.09593586,0.01639641,0.11233227,10.0,2,12,2.0,0,2,0.0,0.0,0.0,0.0,0,0,0.010875,0.989125,1.0,-0.30529,0.661522,0.356232,0.092226,0.907774,1.0,-0.376658,0.911478,0.53482,0.376658,0.088522,0.46518
qd_005,QuickDraw,bicycle,m2_60,public_benchmark_v1_ext33_mask_fill_edgewalk_nearestrow_segvalid_rows16_p40,False,jump_increase,-0.17801038,0.10415902,0.01639641,0.12055543,11.0,2,13,2.0,0,2,0.0,0.0,0.0,0.0,0,0,0.010875,0.989125,1.0,-0.096389,0.661522,0.565133,0.072615,0.907774,0.980389,-0.079669,0.911478,0.831809,0.079669,0.088522,0.168191
qd_005,QuickDraw,bicycle,m2_60,public_benchmark_v1_ext33_mask_fill_edgewalk_nearestrow_strict_p20_rows16,False,jump_increase,-0.17801038,0.10415902,0.01639641,0.12055543,11.0,2,13,2.0,0,2,0.0,0.0,0.0,0.0,0,0,0.010875,0.989125,1.0,-0.096389,0.661522,0.565133,0.072615,0.907774,0.980389,-0.079669,0.911478,0.831809,0.079669,0.088522,0.168191
qd_005,QuickDraw,bicycle,m2_60,public_benchmark_v1_ext33_mask_fill_edgewalk_nearestrow_strict_p40_rows16,False,jump_increase,-0.17801038,0.10415902,0.01639641,0.12055543,11.0,2,13,2.0,0,2,0.0,0.0,0.0,0.0,0,0,0.010875,0.989125,1.0,-0.096389,0.661522,0.565133,0.072615,0.907774,0.980389,-0.079669,0.911478,0.831809,0.079669,0.088522,0.168191
qd_005,QuickDraw,bicycle,m2_60,public_benchmark_v1_ext33_mask_fill_edgewalk_outline_ext_in2_rows16_p40,False,candidate_hard_fail,-2.07658793,0.38360359,0.01639641,0.4,257.0,2,259,48.0,0,48,0.0,0.0,0.0,0.0,0,0,0.010875,0.989125,1.0,-0.212659,0.661522,0.448863,0.090989,0.907774,0.998763,-0.238422,0.911478,0.673056,0.238422,0.088522,0.326944
qd_005,QuickDraw,bicycle,m2_60,public_benchmark_v1_ext33_mask_fill_edgewalk_outline_ext_in3_rows16_p40,False,candidate_hard_fail,-2.14878617,0.38360359,0.01639641,0.4,268.0,2,270,50.0,0,50,0.0,0.0,0.0,0.0,0,0,0.010875,0.989125,1.0,-0.20837,0.661522,0.453152,0.07871,0.907774,0.986484,-0.240344,0.911478,0.671134,0.240344,0.088522,0.328866
qd_005,QuickDraw,bicycle,m2_60,public_benchmark_v1_ext33_mask_fill_edgewalk_outline_ext_rows16_p40,False,candidate_hard_fail,-2.07739135,0.38360359,0.01639641,0.4,257.0,2,259,48.0,0,48,0.0,0.0,0.0,0.0,0,0,0.010875,0.989125,1.0,-0.22943,0.661522,0.432092,0.092049,0.907774,0.999823,-0.262882,0.911478,0.648596,0.262882,0.088522,0.351404
qd_005,QuickDraw,bicycle,m2_60,public_benchmark_v1_ext33_mask_fill_edgewalk_outline_rows16_p40,False,candidate_hard_fail,-2.21549735,0.38360359,0.01639641,0.4,278.0,2,280,52.0,0,52,0.0,0.0,0.0,0.0,0,0,0.010875,0.989125,1.0,-0.231549,0.661522,0.429973,0.092049,0.907774,0.999823,-0.266063,0.911478,0.645415,0.266063,0.088522,0.354585
qd_005,QuickDraw,bicycle,m2_60,public_benchmark_v1_ext33_mask_fill_edgewalk_rows16_p24,False,candidate_hard_fail,-2.16887207,0.38360359,0.01639641,0.4,270.0,2,272,53.0,0,53,0.0,0.0,0.0,0.0,0,0,0.010875,0.989125,1.0,-0.188913,0.661522,0.472609,0.077208,0.907774,0.984982,-0.212594,0.911478,0.698884,0.212594,0.088522,0.301116
qd_005,QuickDraw,bicycle,m2_60,public_benchmark_v1_ext33_mask_fill_edgewalk_rows16_p40,False,candidate_hard_fail,-2.04376149,0.38360359,0.01639641,0.4,252.0,2,254,47.0,0,47,0.0,0.0,0.0,0.0,0,0,0.010875,0.989125,1.0,-0.207633,0.661522,0.453889,0.078357,0.907774,0.986131,-0.239494,0.911478,0.671984,0.239494,0.088522,0.328016
qd_005,QuickDraw,bicycle,m2_60,public_benchmark_v1_ext33_mask_fill_edgewalk_rows20_p24,False,candidate_hard_fail,-1.85407315,0.39598213,0.01639641,0.41237854,221.0,2,223,42.0,0,42,0.6083,0.0,0.6083,0.0,0,0,0.009416,0.989125,0.998541,-0.178584,0.661522,0.482938,0.067756,0.907774,0.97553,-0.203139,0.911478,0.708339,0.203139,0.088522,0.291661
qd_005,QuickDraw,bicycle,m2_60,public_benchmark_v1_ext33_mask_fill_edgewalk_satin_w4_s6_i3,False,candidate_hard_fail,-2.11587309,0.38360359,0.01639641,0.4,263.0,2,265,49.0,0,49,0.0,0.0,0.0,0.0,0,0,0.010875,0.989125,1.0,-0.210241,0.661522,0.451281,0.078887,0.907774,0.986661,-0.242996,0.911478,0.668482,0.242996,0.088522,0.331518
qd_005,QuickDraw,bicycle,m2_60,public_benchmark_v1_ext33_mask_fill_edgewalk_satin_w6_s5_i3,False,candidate_hard_fail,-2.11592335,0.38360359,0.01639641,0.4,263.0,2,265,49.0,0,49,0.0,0.0,0.0,0.0,0,0,0.010875,0.989125,1.0,-0.211373,0.661522,0.450149,0.079063,0.907774,0.986837,-0.244553,0.911478,0.666925,0.244553,0.088522,0.333075
qd_005,QuickDraw,bicycle,m2_60,public_benchmark_v1_ext33_mask_fill_edgewalk_satin_w8_s7_i4,False,candidate_hard_fail,-2.04377295,0.38360359,0.01639641,0.4,252.0,2,254,47.0,0,47,0.0,0.0,0.0,0.0,0,0,0.010875,0.989125,1.0,-0.208642,0.661522,0.45288,0.079505,0.907774,0.987279,-0.240206,0.911478,0.671272,0.240206,0.088522,0.328728
qd_005,QuickDraw,bicycle,m2_60,public_benchmark_v1_ext33_mask_fill_edgewalk_satinrail_w10_s8_i5,False,candidate_hard_fail,-2.04376421,0.38360359,0.01639641,0.4,252.0,2,254,47.0,0,47,0.0,0.0,0.0,0.0,0,0,0.010875,0.989125,1.0,-0.207688,0.661522,0.453834,0.078357,0.907774,0.986131,-0.239575,0.911478,0.671903,0.239575,0.088522,0.328097
qd_005,QuickDraw,bicycle,m2_60,public_benchmark_v1_ext33_mask_fill_edgewalk_satinrail_w6_s6_i3,False,candidate_hard_fail,-2.11585431,0.38360359,0.01639641,0.4,263.0,2,265,49.0,0,49,0.0,0.0,0.0,0.0,0,0,0.010875,0.989125,1.0,-0.209863,0.661522,0.451659,0.078887,0.907774,0.986661,-0.242435,0.911478,0.669043,0.242435,0.088522,0.330957
qd_005,QuickDraw,bicycle,m2_60,public_benchmark_v1_ext33_mask_fill_edgewalk_satinrail_w8_s7_i4,False,candidate_hard_fail,-2.04376749,0.38360359,0.01639641,0.4,252.0,2,254,47.0,0,47,0.0,0.0,0.0,0.0,0,0,0.010875,0.989125,1.0,-0.207934,0.661522,0.453588,0.078622,0.907774,0.986396,-0.239758,0.911478,0.67172,0.239758,0.088522,0.32828
qd_005,QuickDraw,bicycle,m2_60,public_benchmark_v1_ext33_mask_fill_edgewalk_styleaware_r008_d45,False,candidate_hard_fail,-0.83899305,0.30366481,0.01639641,0.32006122,81.0,2,83,15.0,0,15,0.0,0.0,0.0,0.0,0,0,-0.019894,0.989125,0.969231,-0.087715,0.661522,0.573807,-0.002209,0.907774,0.905565,-0.106594,0.911478,0.804884,0.106594,0.088522,0.195116
qd_005,QuickDraw,bicycle,m2_60,public_benchmark_v1_ext33_mask_fill_nearestrow_strict_short_rows16,False,jump_increase,-0.30568682,0.17826274,0.01639641,0.19465915,20.0,2,22,2.0,0,2,0.0,0.0,0.0,0.0,0,0,0.010875,0.989125,1.0,-0.086081,0.661522,0.575441,0.070406,0.907774,0.97818,-0.066404,0.911478,0.845074,0.066404,0.088522,0.154926
qd_005,QuickDraw,bicycle,m2_60,public_benchmark_v1_ext33_mask_fill_rows12_c10,False,candidate_hard_fail,-4.01626567,0.38360359,0.01639641,0.4,561.0,2,563,88.0,0,88,0.0,0.0,0.0,0.0,0,0,0.010875,0.989125,1.0,-0.12696,0.661522,0.534562,0.092049,0.907774,0.999823,-0.109068,0.911478,0.80241,0.109068,0.088522,0.19759
qd_005,QuickDraw,bicycle,m2_60,public_benchmark_v1_ext33_mask_fill_rows12_c6,False,candidate_hard_fail,-4.13519505,0.38360359,0.01639641,0.4,581.0,2,583,88.0,0,88,0.0,0.0,0.0,0.0,0,0,0.010875,0.989125,1.0,-0.105557,0.661522,0.555965,0.092049,0.907774,0.999823,-0.07694,0.911478,0.834538,0.07694,0.088522,0.165462
qd_005,QuickDraw,bicycle,m2_60,public_benchmark_v1_ext33_mask_fill_rows16_c12_in025,False,candidate_hard_fail,-2.73132339,0.68360359,0.01639641,0.7,314.0,2,316,53.0,0,53,54.775,0.0,54.775,10.0,0,10,0.010875,0.989125,1.0,-0.154222,0.661522,0.5073,0.07235,0.907774,0.980124,-0.164993,0.911478,0.746485,0.164993,0.088522,0.253515
qd_005,QuickDraw,bicycle,m2_60,public_benchmark_v1_ext33_mask_fill_rows16_c12_in050,False,candidate_hard_fail,-2.73132339,0.68360359,0.01639641,0.7,314.0,2,316,53.0,0,53,54.775,0.0,54.775,10.0,0,10,0.010875,0.989125,1.0,-0.154222,0.661522,0.5073,0.07235,0.907774,0.980124,-0.164993,0.911478,0.746485,0.164993,0.088522,0.253515
qd_005,QuickDraw,bicycle,m2_60,public_benchmark_v1_ext33_mask_fill_rows16_c6,False,candidate_hard_fail,-2.64316777,0.38360359,0.01639641,0.4,350.0,2,352,53.0,0,53,0.0,0.0,0.0,0.0,0,0,0.010875,0.989125,1.0,-0.068055,0.661522,0.593467,0.069611,0.907774,0.977385,-0.04064,0.911478,0.870838,0.04064,0.088522,0.129162
qd_005,QuickDraw,bicycle,m2_60,public_benchmark_v1_ext33_mask_fill_rows20_c12_in050,False,candidate_hard_fail,-2.41024517,0.67820359,0.01639641,0.6946,267.0,2,269,42.0,0,42,35.75,0.0,35.75,6.0,0,6,0.006498,0.989125,0.995623,-0.126569,0.661522,0.534953,0.053798,0.907774,0.961572,-0.135806,0.911478,0.775672,0.135806,0.088522,0.224328
qd_005,QuickDraw,bicycle,m2_60,public_benchmark_v1_ext33_m2_70_line_art_jump_profile,False,absolute_adaptive_precision_too_low,0.0,0.0,0.01639641,0.01639641,0.0,2,2,0.0,0,0,0.0,0.0,0.0,0.0,0,0,0.0,0.989125,0.989125,0.0,0.661522,0.661522,0.0,0.907774,0.907774,0.0,0.911478,0.911478,0.0,0.088522,0.088522
qd_005,QuickDraw,bicycle,m2_60,public_benchmark_v1_ext33_m2_71_maskpath_d1_c24_i090_r42_f32_min8,False,candidate_hard_fail,-0.27432439,0.23608051,0.01639641,0.25247692,6.0,2,8,1.0,0,1,12.9014,0.0,12.9014,0.0,0,0,-0.037136,0.989125,0.951989,0.05044,0.661522,0.711962,-0.039223,0.907774,0.868551,0.063725,0.911478,0.975203,-0.063725,0.088522,0.024797
qd_005,QuickDraw,bicycle,m2_60,public_benchmark_v1_ext33_m2_71_maskpath_d2_c28_i085_r48_f36_min6,False,candidate_hard_fail,-0.2593089,0.22776646,0.01639641,0.24416287,5.0,2,7,1.0,0,1,13.8672,0.0,13.8672,0.0,0,0,-0.015783,0.989125,0.973342,0.047971,0.661522,0.709493,-0.0197,0.907774,0.888074,0.06039,0.911478,0.971868,-0.06039,0.088522,0.028132
qd_005,QuickDraw,bicycle,m2_60,public_benchmark_v1_ext33_m2_71_sg_euler_d1_c24_i090_r42_f32_min8,False,candidate_hard_fail,-0.27349899,0.23611945,0.01639641,0.25251586,6.0,2,8,1.0,0,1,9.4127,0.0,9.4127,0.0,0,0,-0.014854,0.989125,0.974271,0.050783,0.661522,0.712305,-0.018993,0.907774,0.888781,0.064087,0.911478,0.975565,-0.064087,0.088522,0.024435
qd_005,QuickDraw,bicycle,m2_60,public_benchmark_v1_ext33_m2_71_sg_open_d1_c24_i090_r42_f32_min8,False,candidate_hard_fail,-0.27349857,0.23611945,0.01639641,0.25251586,6.0,2,8,1.0,0,1,9.4127,0.0,9.4127,0.0,0,0,-0.014854,0.989125,0.974271,0.050714,0.661522,0.712236,-0.018905,0.907774,0.888869,0.064089,0.911478,0.975567,-0.064089,0.088522,0.024433
qd_006,QuickDraw,bird,m2_60,public_benchmark_v1_ext33_all_skeleton_connect20_trimcap20,False,jump_increase,-0.06908485,0.04154911,0.06429324,0.10584235,5.0,7,12,0.0,1,1,0.0,0.0,0.0,0.0,0,0,0.057985,0.909377,0.967362,0.017356,0.672507,0.689863,0.039485,0.857875,0.89736,0.008387,0.963612,0.971999,-0.008387,0.036388,0.028001
qd_006,QuickDraw,bird,m2_60,public_benchmark_v1_ext33_all_skeleton_connect30_min12_trimcap20,False,jump_increase,-0.04366322,0.02540062,0.06429324,0.08969386,3.0,7,10,0.0,1,1,0.0,0.0,0.0,0.0,0,0,-0.011597,0.909377,0.89778,0.009729,0.672507,0.682236,-0.017561,0.857875,0.840314,0.006299,0.963612,0.969911,-0.006299,0.036388,0.030089
qd_006,QuickDraw,bird,m2_60,public_benchmark_v1_ext33_all_skeleton_connect30_min20_trimcap20,False,jump_increase,-0.09063715,0.05065831,0.06429324,0.11495155,6.0,7,13,0.0,1,1,0.0,0.0,0.0,0.0,0,0,-0.10106,0.909377,0.808317,-0.009509,0.672507,0.662998,-0.086169,0.857875,0.771706,-0.002204,0.963612,0.961408,0.002204,0.036388,0.038592
qd_006,QuickDraw,bird,m2_60,public_benchmark_v1_ext33_all_skeleton_connect30_min8_trimcap20,False,jump_increase,-0.02670193,0.01715219,0.06429324,0.08144543,2.0,7,9,0.0,1,1,0.0,0.0,0.0,0.0,0,0,0.048045,0.909377,0.957422,0.019838,0.672507,0.692345,0.036213,0.857875,0.894088,0.018417,0.963612,0.982029,-0.018417,0.036388,0.017971
qd_006,QuickDraw,bird,m2_60,public_benchmark_v1_ext33_all_skeleton_connect30_trimcap20,False,jump_increase,-0.06908485,0.04154911,0.06429324,0.10584235,5.0,7,12,0.0,1,1,0.0,0.0,0.0,0.0,0,0,0.057985,0.909377,0.967362,0.017356,0.672507,0.689863,0.039485,0.857875,0.89736,0.008387,0.963612,0.971999,-0.008387,0.036388,0.028001
qd_006,QuickDraw,bird,m2_60,public_benchmark_v1_ext33_auto_hybrid_evalrepair_r10_c20_trimcap20,False,jump_increase,-0.06908485,0.04154911,0.06429324,0.10584235,5.0,7,12,0.0,1,1,0.0,0.0,0.0,0.0,0,0,0.057985,0.909377,0.967362,0.017356,0.672507,0.689863,0.039485,0.857875,0.89736,0.008387,0.963612,0.971999,-0.008387,0.036388,0.028001
qd_006,QuickDraw,bird,m2_60,public_benchmark_v1_ext33_auto_hybrid_evalrepair_r10_inside085_c20_trimcap20,False,jump_increase,-0.06908485,0.04154911,0.06429324,0.10584235,5.0,7,12,0.0,1,1,0.0,0.0,0.0,0.0,0,0,0.057985,0.909377,0.967362,0.017356,0.672507,0.689863,0.039485,0.857875,0.89736,0.008387,0.963612,0.971999,-0.008387,0.036388,0.028001
qd_006,QuickDraw,bird,m2_60,public_benchmark_v1_ext33_auto_hybrid_evalrepair_r10_inside090_c20_trimcap20,False,jump_increase,-0.06908485,0.04154911,0.06429324,0.10584235,5.0,7,12,0.0,1,1,0.0,0.0,0.0,0.0,0,0,0.057985,0.909377,0.967362,0.017356,0.672507,0.689863,0.039485,0.857875,0.89736,0.008387,0.963612,0.971999,-0.008387,0.036388,0.028001
qd_006,QuickDraw,bird,m2_60,public_benchmark_v1_ext33_auto_hybrid_evalrepair_r15_c20_trimcap20,False,jump_increase,-0.06908485,0.04154911,0.06429324,0.10584235,5.0,7,12,0.0,1,1,0.0,0.0,0.0,0.0,0,0,0.057985,0.909377,0.967362,0.017356,0.672507,0.689863,0.039485,0.857875,0.89736,0.008387,0.963612,0.971999,-0.008387,0.036388,0.028001
qd_006,QuickDraw,bird,m2_60,public_benchmark_v1_ext33_auto_hybrid_evalrepair_r15_inside090_c20_trimcap20,False,jump_increase,-0.06908485,0.04154911,0.06429324,0.10584235,5.0,7,12,0.0,1,1,0.0,0.0,0.0,0.0,0,0,0.057985,0.909377,0.967362,0.017356,0.672507,0.689863,0.039485,0.857875,0.89736,0.008387,0.963612,0.971999,-0.008387,0.036388,0.028001
qd_006,QuickDraw,bird,m2_60,public_benchmark_v1_ext33_auto_hybrid_r10_c16_trimcap20,False,jump_increase,-0.06908485,0.04154911,0.06429324,0.10584235,5.0,7,12,0.0,1,1,0.0,0.0,0.0,0.0,0,0,0.057985,0.909377,0.967362,0.017356,0.672507,0.689863,0.039485,0.857875,0.89736,0.008387,0.963612,0.971999,-0.008387,0.036388,0.028001
qd_006,QuickDraw,bird,m2_60,public_benchmark_v1_ext33_auto_hybrid_r10_c20_trimcap20,False,jump_increase,-0.06908485,0.04154911,0.06429324,0.10584235,5.0,7,12,0.0,1,1,0.0,0.0,0.0,0.0,0,0,0.057985,0.909377,0.967362,0.017356,0.672507,0.689863,0.039485,0.857875,0.89736,0.008387,0.963612,0.971999,-0.008387,0.036388,0.028001
qd_006,QuickDraw,bird,m2_60,public_benchmark_v1_ext33_auto_hybrid_r125_c16_trimcap20,False,jump_increase,-0.06908485,0.04154911,0.06429324,0.10584235,5.0,7,12,0.0,1,1,0.0,0.0,0.0,0.0,0,0,0.057985,0.909377,0.967362,0.017356,0.672507,0.689863,0.039485,0.857875,0.89736,0.008387,0.963612,0.971999,-0.008387,0.036388,0.028001
qd_006,QuickDraw,bird,m2_60,public_benchmark_v1_ext33_auto_hybrid_r125_c20_trimcap20,False,jump_increase,-0.06908485,0.04154911,0.06429324,0.10584235,5.0,7,12,0.0,1,1,0.0,0.0,0.0,0.0,0,0,0.057985,0.909377,0.967362,0.017356,0.672507,0.689863,0.039485,0.857875,0.89736,0.008387,0.963612,0.971999,-0.008387,0.036388,0.028001
qd_006,QuickDraw,bird,m2_60,public_benchmark_v1_ext33_auto_hybrid_skeleton_connect12_trimcap20,False,jump_increase,-0.06908485,0.04154911,0.06429324,0.10584235,5.0,7,12,0.0,1,1,0.0,0.0,0.0,0.0,0,0,0.057985,0.909377,0.967362,0.017356,0.672507,0.689863,0.039485,0.857875,0.89736,0.008387,0.963612,0.971999,-0.008387,0.036388,0.028001
qd_006,QuickDraw,bird,m2_60,public_benchmark_v1_ext33_b0_m2_1_globalrepair20,False,candidate_hard_fail,-0.5618766,0.4447972,0.06429324,0.50909044,17.0,7,24,1.0,1,2,2861.6509,0.0,2861.6509,581.0,0,581,0.071239,0.909377,0.980616,-0.306346,0.672507,0.366161,0.069045,0.857875,0.92692,-0.437908,0.963612,0.525704,0.437908,0.036388,0.474296
qd_006,QuickDraw,bird,m2_60,public_benchmark_v1_ext33_m2_4_coverage_rerank,False,jump_increase,-0.06908485,0.04154911,0.06429324,0.10584235,5.0,7,12,0.0,1,1,0.0,0.0,0.0,0.0,0,0,0.057985,0.909377,0.967362,0.017356,0.672507,0.689863,0.039485,0.857875,0.89736,0.008387,0.963612,0.971999,-0.008387,0.036388,0.028001
qd_006,QuickDraw,bird,m2_60,public_benchmark_v1_ext33_m2_4_coverage_rerank_connect30,False,jump_increase,-0.06908485,0.04154911,0.06429324,0.10584235,5.0,7,12,0.0,1,1,0.0,0.0,0.0,0.0,0,0,0.057985,0.909377,0.967362,0.017356,0.672507,0.689863,0.039485,0.857875,0.89736,0.008387,0.963612,0.971999,-0.008387,0.036388,0.028001
qd_006,QuickDraw,bird,m2_60,public_benchmark_v1_ext33_m2_4_coverage_rerank_min12,False,jump_increase,-0.04366322,0.02540062,0.06429324,0.08969386,3.0,7,10,0.0,1,1,0.0,0.0,0.0,0.0,0,0,-0.011597,0.909377,0.89778,0.009729,0.672507,0.682236,-0.017561,0.857875,0.840314,0.006299,0.963612,0.969911,-0.006299,0.036388,0.030089
qd_006,QuickDraw,bird,m2_60,public_benchmark_v1_ext33_m2_4_coverage_rerank_min20,False,jump_increase,-0.06908485,0.04154911,0.06429324,0.10584235,5.0,7,12,0.0,1,1,0.0,0.0,0.0,0.0,0,0,0.057985,0.909377,0.967362,0.017356,0.672507,0.689863,0.039485,0.857875,0.89736,0.008387,0.963612,0.971999,-0.008387,0.036388,0.028001
qd_006,QuickDraw,bird,m2_60,public_benchmark_v1_ext33_m2_4_coverage_rerank_min8,False,jump_increase,-0.02670193,0.01715219,0.06429324,0.08144543,2.0,7,9,0.0,1,1,0.0,0.0,0.0,0.0,0,0,0.048045,0.909377,0.957422,0.019838,0.672507,0.692345,0.036213,0.857875,0.894088,0.018417,0.963612,0.982029,-0.018417,0.036388,0.017971
qd_006,QuickDraw,bird,m2_60,public_benchmark_v1_ext33_m2_51_sweeptuned_gate_balanced_applied,False,jump_increase,-0.0289055,0.01675006,0.06429324,0.0810433,2.0,7,9,0.0,1,1,0.0,0.0,0.0,0.0,0,0,0.040093,0.909377,0.94947,0.013758,0.672507,0.686265,-0.018979,0.857875,0.838896,-0.042644,0.963612,0.920968,0.042644,0.036388,0.079032
qd_006,QuickDraw,bird,m2_60,public_benchmark_v1_ext33_m2_51_sweeptuned_gate_low_jump_applied,False,jump_increase,-0.02670193,0.01715219,0.06429324,0.08144543,2.0,7,9,0.0,1,1,0.0,0.0,0.0,0.0,0,0,0.048045,0.909377,0.957422,0.019838,0.672507,0.692345,0.036213,0.857875,0.894088,0.018417,0.963612,0.982029,-0.018417,0.036388,0.017971
qd_006,QuickDraw,bird,m2_60,public_benchmark_v1_ext33_m2_55_line_domain_guard_low_jump,False,jump_increase,-0.02888678,0.0167644,0.06429324,0.08105764,2.0,7,9,0.0,1,1,0.0,0.0,0.0,0.0,0,0,0.038933,0.909377,0.94831,0.023335,0.672507,0.695842,-0.028796,0.857875,0.829079,-0.039591,0.963612,0.924021,0.039591,0.036388,0.075979
qd_006,QuickDraw,bird,m2_60,public_benchmark_v1_ext33_m2_56_line_stroke_d0_c12_i090,False,jump_increase,-0.09275652,0.05626646,0.06429324,0.1205597,6.0,7,13,1.0,1,2,0.0,0.0,0.0,0.0,0,0,0.047714,0.909377,0.957091,0.02268,0.672507,0.695187,0.034359,0.857875,0.892234,0.020744,0.963612,0.984356,-0.020744,0.036388,0.015644
qd_006,QuickDraw,bird,m2_60,public_benchmark_v1_ext33_m2_56_line_stroke_d0_c12_i090_min12,False,jump_increase,-0.13825847,0.08129109,0.06429324,0.14558433,9.0,7,16,1.0,1,2,0.0,0.0,0.0,0.0,0,0,-0.017727,0.909377,0.89165,0.026091,0.672507,0.698598,-0.029232,0.857875,0.828643,0.022499,0.963612,0.986111,-0.022499,0.036388,0.013889
qd_006,QuickDraw,bird,m2_60,public_benchmark_v1_ext33_m2_56_line_stroke_d0_c12_i090_min20,False,jump_increase,-0.14716369,0.08361685,0.06429324,0.14791009,10.0,7,17,0.0,1,1,0.0,0.0,0.0,0.0,0,0,-0.110338,0.909377,0.799039,0.009961,0.672507,0.682468,-0.098495,0.857875,0.75938,0.02153,0.963612,0.985142,-0.02153,0.036388,0.014858
qd_006,QuickDraw,bird,m2_60,public_benchmark_v1_ext33_m2_56_line_stroke_d0_c12_i090_min30,False,jump_increase,-0.10105289,0.05569561,0.06429324,0.11998885,6.0,7,13,1.0,1,2,0.0,0.0,0.0,0.0,0,0,-0.1834,0.909377,0.725977,0.009623,0.672507,0.68213,-0.166776,0.857875,0.691099,0.022689,0.963612,0.986301,-0.022689,0.036388,0.013699
qd_006,QuickDraw,bird,m2_60,public_benchmark_v1_ext33_m2_56_line_stroke_d0_c8_i095,False,jump_increase,-0.12568624,0.07457742,0.06429324,0.13887066,9.0,7,16,0.0,1,1,0.0,0.0,0.0,0.0,0,0,0.057157,0.909377,0.966534,0.028779,0.672507,0.701286,0.03654,0.857875,0.894415,0.022083,0.963612,0.985695,-0.022083,0.036388,0.014305
qd_006,QuickDraw,bird,m2_60,public_benchmark_v1_ext33_m2_56_line_stroke_d1_c10_i090,False,off_mask_increase,-0.12349442,0.0842813,0.06429324,0.14857454,7.0,7,14,0.0,1,1,1.1643,0.0,1.1643,0.0,0,0,0.057323,0.909377,0.9667,0.025376,0.672507,0.697883,0.037958,0.857875,0.895833,0.018687,0.963612,0.982299,-0.018687,0.036388,0.017701
qd_006,QuickDraw,bird,m2_60,public_benchmark_v1_ext33_m2_56_line_stroke_d1_c12_i090_min20,False,off_mask_increase,-0.22698529,0.17537307,0.06429324,0.23966631,8.0,7,15,0.0,1,1,3.4206,0.0,3.4206,1.0,0,1,-0.106693,0.909377,0.802684,0.004263,0.672507,0.67677,-0.093477,0.857875,0.764398,0.015296,0.963612,0.978908,-0.015296,0.036388,0.021092
qd_006,QuickDraw,bird,m2_60,public_benchmark_v1_ext33_m2_56_line_stroke_d1_c6_i095,False,jump_increase,-0.17872494,0.10599458,0.06429324,0.17028782,12.0,7,19,1.0,1,2,0.0,0.0,0.0,0.0,0,0,0.039762,0.909377,0.949139,0.026748,0.672507,0.699255,0.023888,0.857875,0.881763,0.023084,0.963612,0.986696,-0.023084,0.036388,0.013304
qd_006,QuickDraw,bird,m2_60,public_benchmark_v1_ext33_m2_56_line_stroke_d2_c12_i085_min20,False,off_mask_increase,-0.26148218,0.2158886,0.06429324,0.28018184,7.0,7,14,0.0,1,1,5.5891,0.0,5.5891,1.0,0,1,-0.103048,0.909377,0.806329,0.001313,0.672507,0.67382,-0.08955,0.857875,0.768325,0.011606,0.963612,0.975218,-0.011606,0.036388,0.024782
qd_006,QuickDraw,bird,m2_60,public_benchmark_v1_ext33_m2_56_line_stroke_d3_c18,False,off_mask_increase,-0.10915046,0.0759491,0.06429324,0.14024234,6.0,7,13,0.0,1,1,1.1643,0.0,1.1643,0.0,0,0,0.057985,0.909377,0.967362,0.02477,0.672507,0.697277,0.03894,0.857875,0.896815,0.018237,0.963612,0.981849,-0.018237,0.036388,0.018151
qd_006,QuickDraw,bird,m2_60,public_benchmark_v1_ext33_m2_56_line_stroke_selector_probe,False,jump_increase,-0.02888678,0.0167644,0.06429324,0.08105764,2.0,7,9,0.0,1,1,0.0,0.0,0.0,0.0,0,0,0.038933,0.909377,0.94831,0.023335,0.672507,0.695842,-0.028796,0.857875,0.829079,-0.039591,0.963612,0.924021,0.039591,0.036388,0.075979
qd_006,QuickDraw,bird,m2_60,public_benchmark_v1_ext33_m2_57_topology_open_d0_c12_i090_min12,False,jump_increase,-0.11414728,0.0662155,0.06429324,0.13050874,8.0,7,15,0.0,1,1,0.0,0.0,0.0,0.0,0,0,-0.016567,0.909377,0.89281,0.025098,0.672507,0.697605,-0.027269,0.857875,0.830606,0.022149,0.963612,0.985761,-0.022149,0.036388,0.014239
qd_006,QuickDraw,bird,m2_60,public_benchmark_v1_ext33_m2_57_topology_open_d0_c12_i090_min20,False,jump_increase,-0.13296231,0.07500123,0.06429324,0.13929447,9.0,7,16,0.0,1,1,0.0,0.0,0.0,0.0,0,0,-0.120775,0.909377,0.788602,0.010028,0.672507,0.682535,-0.108639,0.857875,0.749236,0.021332,0.963612,0.984944,-0.021332,0.036388,0.015056
qd_006,QuickDraw,bird,m2_60,public_benchmark_v1_ext33_m2_57_topology_open_d0_c12_i090_min30,False,jump_increase,-0.10674252,0.0579382,0.06429324,0.12223144,7.0,7,14,0.0,1,1,0.0,0.0,0.0,0.0,0,0,-0.194665,0.909377,0.714712,0.009548,0.672507,0.682055,-0.177574,0.857875,0.680301,0.022475,0.963612,0.986087,-0.022475,0.036388,0.013913
qd_006,QuickDraw,bird,m2_60,public_benchmark_v1_ext33_m2_57_topology_open_d0_c16_i085_min20,False,jump_increase,-0.13296231,0.07500123,0.06429324,0.13929447,9.0,7,16,0.0,1,1,0.0,0.0,0.0,0.0,0,0,-0.120775,0.909377,0.788602,0.010028,0.672507,0.682535,-0.108639,0.857875,0.749236,0.021332,0.963612,0.984944,-0.021332,0.036388,0.015056
qd_006,QuickDraw,bird,m2_60,public_benchmark_v1_ext33_m2_57_topology_open_d0_c20_i080_min30,False,jump_increase,-0.10674252,0.0579382,0.06429324,0.12223144,7.0,7,14,0.0,1,1,0.0,0.0,0.0,0.0,0,0,-0.194665,0.909377,0.714712,0.009548,0.672507,0.682055,-0.177574,0.857875,0.680301,0.022475,0.963612,0.986087,-0.022475,0.036388,0.013913
qd_006,QuickDraw,bird,m2_60,public_benchmark_v1_ext33_m2_57_topology_open_d0_c20_i080_min40,False,jump_increase,-0.09383875,0.04991081,0.06429324,0.11420405,6.0,7,13,0.0,1,1,0.0,0.0,0.0,0.0,0,0,-0.223658,0.909377,0.685719,0.01106,0.672507,0.683567,-0.206479,0.857875,0.651396,0.02268,0.963612,0.986292,-0.02268,0.036388,0.013708
qd_006,QuickDraw,bird,m2_60,public_benchmark_v1_ext33_m2_57_topology_open_d0_c24_i075_min40,False,jump_increase,-0.09383875,0.04991081,0.06429324,0.11420405,6.0,7,13,0.0,1,1,0.0,0.0,0.0,0.0,0,0,-0.223658,0.909377,0.685719,0.01106,0.672507,0.683567,-0.206479,0.857875,0.651396,0.02268,0.963612,0.986292,-0.02268,0.036388,0.013708
qd_006,QuickDraw,bird,m2_60,public_benchmark_v1_ext33_m2_57_topology_open_d0_c24_i075_min60,False,jump_increase,-0.08414606,0.04147222,0.06429324,0.10576546,5.0,7,12,0.0,1,1,0.0,0.0,0.0,0.0,0,0,-0.344102,0.909377,0.565275,-0.002436,0.672507,0.670071,-0.309991,0.857875,0.547884,0.022837,0.963612,0.986449,-0.022837,0.036388,0.013551
qd_006,QuickDraw,bird,m2_60,public_benchmark_v1_ext33_m2_57_topology_open_d0_c30_i070_min100,False,coverage_drop,0.00933076,-0.01699984,0.06429324,0.0472934,-2.0,7,5,0.0,1,1,0.0,0.0,0.0,0.0,0,0,-0.5222,0.909377,0.387177,0.006262,0.672507,0.678769,-0.48822,0.857875,0.369655,0.020704,0.963612,0.984316,-0.020704,0.036388,0.015684
qd_006,QuickDraw,bird,m2_60,public_benchmark_v1_ext33_m2_57_topology_open_d0_c30_i070_min80,False,coverage_drop,0.00933076,-0.01699984,0.06429324,0.0472934,-2.0,7,5,0.0,1,1,0.0,0.0,0.0,0.0,0,0,-0.5222,0.909377,0.387177,0.006262,0.672507,0.678769,-0.48822,0.857875,0.369655,0.020704,0.963612,0.984316,-0.020704,0.036388,0.015684
qd_006,QuickDraw,bird,m2_60,public_benchmark_v1_ext33_m2_57_topology_open_d1_c16_i085_min20,False,off_mask_increase,-0.33543899,0.28934607,0.06429324,0.35363931,7.0,7,14,0.0,1,1,7.4534,0.0,7.4534,2.0,0,2,-0.115805,0.909377,0.793572,-0.000792,0.672507,0.671715,-0.099476,0.857875,0.758399,0.011427,0.963612,0.975039,-0.011427,0.036388,0.024961
qd_006,QuickDraw,bird,m2_60,public_benchmark_v1_ext33_m2_57_topology_open_d1_c20_i080_min20,False,candidate_hard_fail,-0.3285677,0.30757238,0.06429324,0.37186562,3.0,7,10,0.0,1,1,15.5565,0.0,15.5565,4.0,0,4,-0.079026,0.909377,0.830351,-0.004062,0.672507,0.668445,-0.06839,0.857875,0.789485,0.001712,0.963612,0.965324,-0.001712,0.036388,0.034676
qd_006,QuickDraw,bird,m2_60,public_benchmark_v1_ext33_m2_57_topology_open_d1_c24_i070_min60,False,candidate_hard_fail,-0.30176917,0.27069539,0.06429324,0.33498863,3.0,7,10,0.0,1,1,8.1031,0.0,8.1031,2.0,0,2,-0.343771,0.909377,0.565606,-0.011775,0.672507,0.660732,-0.308791,0.857875,0.549084,0.010648,0.963612,0.97426,-0.010648,0.036388,0.02574
qd_006,QuickDraw,bird,m2_60,public_benchmark_v1_ext33_m2_57_topology_open_d1_c24_i075_min40,False,candidate_hard_fail,-0.32926101,0.30276261,0.06429324,0.36705585,3.0,7,10,0.0,1,1,13.3003,0.0,13.3003,3.0,0,3,-0.222001,0.909377,0.687376,-0.006856,0.672507,0.665651,-0.200043,0.857875,0.657832,0.00398,0.963612,0.967592,-0.00398,0.036388,0.032408
qd_006,QuickDraw,bird,m2_60,public_benchmark_v1_ext33_m2_57_topology_open_d1_c30_i065_min80,False,coverage_drop,0.00933076,-0.01699984,0.06429324,0.0472934,-2.0,7,5,0.0,1,1,0.0,0.0,0.0,0.0,0,0,-0.5222,0.909377,0.387177,0.006262,0.672507,0.678769,-0.48822,0.857875,0.369655,0.020704,0.963612,0.984316,-0.020704,0.036388,0.015684
qd_006,QuickDraw,bird,m2_60,public_benchmark_v1_ext33_m2_57_topology_open_d2_c20_i075_min20,False,candidate_hard_fail,-0.3285677,0.30757238,0.06429324,0.37186562,3.0,7,10,0.0,1,1,15.5565,0.0,15.5565,4.0,0,4,-0.079026,0.909377,0.830351,-0.004062,0.672507,0.668445,-0.06839,0.857875,0.789485,0.001712,0.963612,0.965324,-0.001712,0.036388,0.034676
qd_006,QuickDraw,bird,m2_60,public_benchmark_v1_ext33_m2_57_topology_relative_rescue,False,jump_increase,-0.02888678,0.0167644,0.06429324,0.08105764,2.0,7,9,0.0,1,1,0.0,0.0,0.0,0.0,0,0,0.038933,0.909377,0.94831,0.023335,0.672507,0.695842,-0.028796,0.857875,0.829079,-0.039591,0.963612,0.924021,0.039591,0.036388,0.075979
qd_006,QuickDraw,bird,m2_60,public_benchmark_v1_ext33_m2_57_topology_selector_probe_min100,False,jump_increase,-0.02888678,0.0167644,0.06429324,0.08105764,2.0,7,9,0.0,1,1,0.0,0.0,0.0,0.0,0,0,0.038933,0.909377,0.94831,0.023335,0.672507,0.695842,-0.028796,0.857875,0.829079,-0.039591,0.963612,0.924021,0.039591,0.036388,0.075979
qd_006,QuickDraw,bird,m2_60,public_benchmark_v1_ext33_m2_57_topology_selector_probe_min100_j14,False,jump_increase,-0.02888678,0.0167644,0.06429324,0.08105764,2.0,7,9,0.0,1,1,0.0,0.0,0.0,0.0,0,0,0.038933,0.909377,0.94831,0.023335,0.672507,0.695842,-0.028796,0.857875,0.829079,-0.039591,0.963612,0.924021,0.039591,0.036388,0.075979
qd_006,QuickDraw,bird,m2_60,public_benchmark_v1_ext33_m2_58_coverage_aware_relative_rescue,False,jump_increase,-0.02888678,0.0167644,0.06429324,0.08105764,2.0,7,9,0.0,1,1,0.0,0.0,0.0,0.0,0,0,0.038933,0.909377,0.94831,0.023335,0.672507,0.695842,-0.028796,0.857875,0.829079,-0.039591,0.963612,0.924021,0.039591,0.036388,0.075979
qd_006,QuickDraw,bird,m2_60,public_benchmark_v1_ext33_m2_59_anchored_quality_rescue_selector,False,jump_increase,-0.02888678,0.0167644,0.06429324,0.08105764,2.0,7,9,0.0,1,1,0.0,0.0,0.0,0.0,0,0,0.038933,0.909377,0.94831,0.023335,0.672507,0.695842,-0.028796,0.857875,0.829079,-0.039591,0.963612,0.924021,0.039591,0.036388,0.075979
qd_006,QuickDraw,bird,m2_60,public_benchmark_v1_ext33_m2_59_grouped_topology_g_d0_c16_i085_s4_min12_p80,False,jump_increase,-0.12352687,0.07249827,0.06429324,0.13679151,8.0,7,15,1.0,1,2,0.0,0.0,0.0,0.0,0,0,-0.01839,0.909377,0.890987,0.021339,0.672507,0.693846,-0.025414,0.857875,0.832461,0.021035,0.963612,0.984647,-0.021035,0.036388,0.015353
qd_006,QuickDraw,bird,m2_60,public_benchmark_v1_ext33_m2_59_grouped_topology_g_d0_c16_i090_s3_min20_p80,False,jump_increase,-0.12764695,0.07272333,0.06429324,0.13701657,8.0,7,15,1.0,1,2,0.0,0.0,0.0,0.0,0,0,-0.119781,0.909377,0.789596,0.008934,0.672507,0.681441,-0.106566,0.857875,0.751309,0.021232,0.963612,0.984844,-0.021232,0.036388,0.015156
qd_006,QuickDraw,bird,m2_60,public_benchmark_v1_ext33_m2_59_grouped_topology_g_d0_c18_i092_s4_min12_p100,False,jump_increase,-0.12352687,0.07249827,0.06429324,0.13679151,8.0,7,15,1.0,1,2,0.0,0.0,0.0,0.0,0,0,-0.01839,0.909377,0.890987,0.021339,0.672507,0.693846,-0.025414,0.857875,0.832461,0.021035,0.963612,0.984647,-0.021035,0.036388,0.015353
qd_006,QuickDraw,bird,m2_60,public_benchmark_v1_ext33_m2_59_grouped_topology_g_d0_c18_i095_s3_min12_p120,False,jump_increase,-0.12352687,0.07249827,0.06429324,0.13679151,8.0,7,15,1.0,1,2,0.0,0.0,0.0,0.0,0,0,-0.01839,0.909377,0.890987,0.021339,0.672507,0.693846,-0.025414,0.857875,0.832461,0.021035,0.963612,0.984647,-0.021035,0.036388,0.015353
qd_006,QuickDraw,bird,m2_60,public_benchmark_v1_ext33_m2_59_grouped_topology_g_d0_c20_i080_s5_min12_p80,False,jump_increase,-0.09445372,0.0557246,0.06429324,0.12001784,6.0,7,13,1.0,1,2,0.0,0.0,0.0,0.0,0,0,-0.008449,0.909377,0.900928,0.017157,0.672507,0.689664,-0.013416,0.857875,0.844459,0.018252,0.963612,0.981864,-0.018252,0.036388,0.018136
qd_006,QuickDraw,bird,m2_60,public_benchmark_v1_ext33_m2_59_grouped_topology_g_d0_c20_i090_s4_min12_p100,False,jump_increase,-0.09445372,0.0557246,0.06429324,0.12001784,6.0,7,13,1.0,1,2,0.0,0.0,0.0,0.0,0,0,-0.008449,0.909377,0.900928,0.017157,0.672507,0.689664,-0.013416,0.857875,0.844459,0.018252,0.963612,0.981864,-0.018252,0.036388,0.018136
qd_006,QuickDraw,bird,m2_60,public_benchmark_v1_ext33_m2_59_grouped_topology_g_d0_c20_i095_s4_min12_p100,False,jump_increase,-0.09445372,0.0557246,0.06429324,0.12001784,6.0,7,13,1.0,1,2,0.0,0.0,0.0,0.0,0,0,-0.008449,0.909377,0.900928,0.017157,0.672507,0.689664,-0.013416,0.857875,0.844459,0.018252,0.963612,0.981864,-0.018252,0.036388,0.018136
qd_006,QuickDraw,bird,m2_60,public_benchmark_v1_ext33_m2_59_grouped_topology_g_d0_c24_i075_s6_min20_p80,False,off_mask_increase,-0.13147588,0.10169806,0.06429324,0.1659913,4.0,7,11,1.0,1,2,2.7832,0.0,2.7832,0.0,0,0,-0.083333,0.909377,0.826044,0.00799,0.672507,0.680497,-0.077007,0.857875,0.780868,0.013459,0.963612,0.977071,-0.013459,0.036388,0.022929
qd_006,QuickDraw,bird,m2_60,public_benchmark_v1_ext33_m2_59_grouped_topology_g_d0_c30_i070_s8_min30_p100,False,candidate_hard_fail,-0.23470873,0.22118601,0.06429324,0.28547925,1.0,7,8,0.0,1,1,9.7749,0.0,9.7749,1.0,0,1,-0.193671,0.909377,0.715706,-0.007687,0.672507,0.66482,-0.174847,0.857875,0.683028,6.9e-05,0.963612,0.963681,-6.9e-05,0.036388,0.036319
qd_006,QuickDraw,bird,m2_60,public_benchmark_v1_ext33_m2_59_grouped_topology_g_d1_c20_i075_s5_min12_p80,False,off_mask_increase,-0.14148192,0.1143678,0.06429324,0.17866104,4.0,7,11,1.0,1,2,3.3328,0.0,3.3328,0.0,0,0,-0.014579,0.909377,0.894798,0.014731,0.672507,0.687238,-0.019851,0.857875,0.838024,0.013993,0.963612,0.977605,-0.013993,0.036388,0.022395
qd_006,QuickDraw,bird,m2_60,public_benchmark_v1_ext33_m2_59_quality_rescue_selector,False,jump_increase,-0.02888678,0.0167644,0.06429324,0.08105764,2.0,7,9,0.0,1,1,0.0,0.0,0.0,0.0,0,0,0.038933,0.909377,0.94831,0.023335,0.672507,0.695842,-0.028796,0.857875,0.829079,-0.039591,0.963612,0.924021,0.039591,0.036388,0.075979
qd_006,QuickDraw,bird,m2_60,public_benchmark_v1_ext33_m2_5_learned_selector_applied,False,jump_increase,-0.04366322,0.02540062,0.06429324,0.08969386,3.0,7,10,0.0,1,1,0.0,0.0,0.0,0.0,0,0,-0.011597,0.909377,0.89778,0.009729,0.672507,0.682236,-0.017561,0.857875,0.840314,0.006299,0.963612,0.969911,-0.006299,0.036388,0.030089
qd_006,QuickDraw,bird,m2_60,public_benchmark_v1_ext33_m2_60_maskpath_combo_rescue_selector,False,no_material_improvement,0.0,0.0,0.06429324,0.06429324,0.0,7,7,0.0,1,1,0.0,0.0,0.0,0.0,0,0,0.0,0.909377,0.909377,0.0,0.672507,0.672507,0.0,0.857875,0.857875,0.0,0.963612,0.963612,0.0,0.036388,0.036388
qd_006,QuickDraw,bird,m2_60,public_benchmark_v1_ext33_m2_60_maskpath_mp_d0_r0_c20_i095_route24_f20_min12,False,jump_increase,-0.05179709,0.03086217,0.06429324,0.09515541,3.0,7,10,1.0,1,2,0.0,0.0,0.0,0.0,0,0,-0.005964,0.909377,0.903413,0.00691,0.672507,0.679417,-0.006544,0.857875,0.851331,0.008852,0.963612,0.972464,-0.008852,0.036388,0.027536
qd_006,QuickDraw,bird,m2_60,public_benchmark_v1_ext33_m2_60_maskpath_mp_d0_r0_c20_i095_route32_f26_min12,False,no_material_improvement,0.0,0.0,0.06429324,0.06429324,0.0,7,7,0.0,1,1,0.0,0.0,0.0,0.0,0,0,0.0,0.909377,0.909377,0.0,0.672507,0.672507,0.0,0.857875,0.857875,0.0,0.963612,0.963612,0.0,0.036388,0.036388
qd_006,QuickDraw,bird,m2_60,public_benchmark_v1_ext33_m2_60_maskpath_mp_d0_r0_c20_i095_route32_f26_min20,False,coverage_drop,0.01127629,-0.00824557,0.06429324,0.05604767,-1.0,7,6,0.0,1,1,0.0,0.0,0.0,0.0,0,0,-0.067429,0.909377,0.841948,-0.013363,0.672507,0.659144,-0.056719,0.857875,0.801156,-0.010953,0.963612,0.952659,0.010953,0.036388,0.047341
qd_006,QuickDraw,bird,m2_60,public_benchmark_v1_ext33_m2_60_maskpath_mp_d0_r0_c24_i090_route36_f30_min12,False,no_material_improvement,0.0,0.0,0.06429324,0.06429324,0.0,7,7,0.0,1,1,0.0,0.0,0.0,0.0,0,0,0.0,0.909377,0.909377,0.0,0.672507,0.672507,0.0,0.857875,0.857875,0.0,0.963612,0.963612,0.0,0.036388,0.036388
qd_006,QuickDraw,bird,m2_60,public_benchmark_v1_ext33_m2_60_maskpath_mp_d0_r1_c20_i095_route32_f26_min12,False,candidate_hard_fail,-0.1801263,0.18,0.06429324,0.24429324,0.0,7,7,0.0,1,1,9.9885,0.0,9.9885,0.0,0,0,-0.000497,0.909377,0.90888,-0.001847,0.672507,0.67066,-0.000872,0.857875,0.857003,-0.003099,0.963612,0.960513,0.003099,0.036388,0.039487
qd_006,QuickDraw,bird,m2_60,public_benchmark_v1_ext33_m2_60_maskpath_mp_d0_r1_c24_i090_route36_f30_min12,False,candidate_hard_fail,-0.1801263,0.18,0.06429324,0.24429324,0.0,7,7,0.0,1,1,9.9885,0.0,9.9885,0.0,0,0,-0.000497,0.909377,0.90888,-0.001847,0.672507,0.67066,-0.000872,0.857875,0.857003,-0.003099,0.963612,0.960513,0.003099,0.036388,0.039487
qd_006,QuickDraw,bird,m2_60,public_benchmark_v1_ext33_m2_60_maskpath_rescue_selector,False,no_material_improvement,0.0,0.0,0.06429324,0.06429324,0.0,7,7,0.0,1,1,0.0,0.0,0.0,0.0,0,0,0.0,0.909377,0.909377,0.0,0.672507,0.672507,0.0,0.857875,0.857875,0.0,0.963612,0.963612,0.0,0.036388,0.036388
qd_006,QuickDraw,bird,m2_60,public_benchmark_v1_ext33_m2_61_segment_graph_sg_d0_l035_c20_i095_r32_f26_min12,False,jump_increase,-0.09585804,0.05673634,0.06429324,0.12102958,6.0,7,13,1.0,1,2,0.0,0.0,0.0,0.0,0,0,-0.000828,0.909377,0.908549,0.005702,0.672507,0.678209,-0.00938,0.857875,0.848495,-0.001579,0.963612,0.962033,0.001579,0.036388,0.037967
qd_006,QuickDraw,bird,m2_60,public_benchmark_v1_ext33_m2_61_segment_graph_sg_d0_l050_c24_i090_r36_f30_min12,False,jump_increase,-0.09525264,0.0566674,0.06429324,0.12096064,6.0,7,13,1.0,1,2,0.0,0.0,0.0,0.0,0,0,0.020875,0.909377,0.930252,-0.005008,0.672507,0.667499,0.016034,0.857875,0.873909,-0.011163,0.963612,0.952449,0.011163,0.036388,0.047551
qd_006,QuickDraw,bird,m2_60,public_benchmark_v1_ext33_m2_61_segment_graph_sg_d0_l070_c20_i095_r32_f26_min12,False,jump_increase,-0.10985928,0.06487954,0.06429324,0.12917278,7.0,7,14,1.0,1,2,0.0,0.0,0.0,0.0,0,0,0.020046,0.909377,0.929423,-0.013979,0.672507,0.658528,0.017016,0.857875,0.874891,-0.02207,0.963612,0.941542,0.02207,0.036388,0.058458
qd_006,QuickDraw,bird,m2_60,public_benchmark_v1_ext33_m2_61_segment_graph_sg_d1_l050_c20_i095_r32_f26_min12,False,candidate_hard_fail,-0.2757107,0.2366674,0.06429324,0.30096064,6.0,7,13,1.0,1,2,33.401,0.0,33.401,0.0,0,0,0.02104,0.909377,0.930417,-0.016585,0.672507,0.655922,0.018543,0.857875,0.876418,-0.025163,0.963612,0.938449,0.025163,0.036388,0.061551
qd_006,QuickDraw,bird,m2_60,public_benchmark_v1_ext33_m2_61_segment_graph_sg_euler_d0_l000_c20_i095_r32_f26_min12,False,jump_increase,-0.02922373,0.01664387,0.06429324,0.08093711,2.0,7,9,0.0,1,1,0.0,0.0,0.0,0.0,0,0,-0.013419,0.909377,0.895958,0.000716,0.672507,0.673223,-0.014834,0.857875,0.843041,-0.001456,0.963612,0.962156,0.001456,0.036388,0.037844
qd_006,QuickDraw,bird,m2_60,public_benchmark_v1_ext33_m2_61_segment_graph_sg_euler_d0_l020_c24_i090_r36_f30_min12,False,jump_increase,-0.09530112,0.0566674,0.06429324,0.12096064,6.0,7,13,1.0,1,2,0.0,0.0,0.0,0.0,0,0,0.023194,0.909377,0.932571,-0.007769,0.672507,0.664738,0.018107,0.857875,0.875982,-0.015218,0.963612,0.948394,0.015218,0.036388,0.051606
qd_006,QuickDraw,bird,m2_60,public_benchmark_v1_ext33_m2_61_segment_graph_sg_euler_d0_l035_c20_i095_r32_f26_min12,False,jump_increase,-0.09585804,0.05673634,0.06429324,0.12102958,6.0,7,13,1.0,1,2,0.0,0.0,0.0,0.0,0,0,-0.000828,0.909377,0.908549,0.005702,0.672507,0.678209,-0.00938,0.857875,0.848495,-0.001579,0.963612,0.962033,0.001579,0.036388,0.037967
qd_006,QuickDraw,bird,m2_60,public_benchmark_v1_ext33_m2_64_text_precision_rescue_selector,False,no_material_improvement,0.0,0.0,0.06429324,0.06429324,0.0,7,7,0.0,1,1,0.0,0.0,0.0,0.0,0,0,0.0,0.909377,0.909377,0.0,0.672507,0.672507,0.0,0.857875,0.857875,0.0,0.963612,0.963612,0.0,0.036388,0.036388
qd_006,QuickDraw,bird,m2_60,public_benchmark_v1_ext33_m2_65_text_legibility_rescue_selector,False,no_material_improvement,0.0,0.0,0.06429324,0.06429324,0.0,7,7,0.0,1,1,0.0,0.0,0.0,0.0,0,0,0.0,0.909377,0.909377,0.0,0.672507,0.672507,0.0,0.857875,0.857875,0.0,0.963612,0.963612,0.0,0.036388,0.036388
qd_006,QuickDraw,bird,m2_60,public_benchmark_v1_ext33_m2_66_profile_switcher,False,no_material_improvement,0.0,0.0,0.06429324,0.06429324,0.0,7,7,0.0,1,1,0.0,0.0,0.0,0.0,0,0,0.0,0.909377,0.909377,0.0,0.672507,0.672507,0.0,0.857875,0.857875,0.0,0.963612,0.963612,0.0,0.036388,0.036388
qd_006,QuickDraw,bird,m2_60,public_benchmark_v1_ext33_m2_67_line_art_profile,False,no_material_improvement,0.0,0.0,0.06429324,0.06429324,0.0,7,7,0.0,1,1,0.0,0.0,0.0,0.0,0,0,0.0,0.909377,0.909377,0.0,0.672507,0.672507,0.0,0.857875,0.857875,0.0,0.963612,0.963612,0.0,0.036388,0.036388
qd_006,QuickDraw,bird,m2_60,public_benchmark_v1_ext33_m2_68_shape_aware_profile,False,no_material_improvement,0.0,0.0,0.06429324,0.06429324,0.0,7,7,0.0,1,1,0.0,0.0,0.0,0.0,0,0,0.0,0.909377,0.909377,0.0,0.672507,0.672507,0.0,0.857875,0.857875,0.0,0.963612,0.963612,0.0,0.036388,0.036388
qd_006,QuickDraw,bird,m2_60,public_benchmark_v1_ext33_m2_69_text_wku_profile,False,no_material_improvement,0.0,0.0,0.06429324,0.06429324,0.0,7,7,0.0,1,1,0.0,0.0,0.0,0.0,0,0,0.0,0.909377,0.909377,0.0,0.672507,0.672507,0.0,0.857875,0.857875,0.0,0.963612,0.963612,0.0,0.036388,0.036388
qd_006,QuickDraw,bird,m2_60,public_benchmark_v1_ext33_mask_fill_edgewalk_dtsatin_o3_i8_s14_p90,False,candidate_hard_fail,-0.4314907,0.23791272,0.06429324,0.30220596,28.0,7,35,6.0,1,7,2.1404,0.0,2.1404,0.0,0,0,0.090292,0.909377,0.999669,-0.256484,0.672507,0.416023,0.127836,0.857875,0.985711,-0.340543,0.963612,0.623069,0.340543,0.036388,0.376931
qd_006,QuickDraw,bird,m2_60,public_benchmark_v1_ext33_mask_fill_edgewalk_dtsatin_o3_i9_s7,False,candidate_hard_fail,-0.4314907,0.23791272,0.06429324,0.30220596,28.0,7,35,6.0,1,7,2.1404,0.0,2.1404,0.0,0,0,0.090292,0.909377,0.999669,-0.256484,0.672507,0.416023,0.127836,0.857875,0.985711,-0.340543,0.963612,0.623069,0.340543,0.036388,0.376931
qd_006,QuickDraw,bird,m2_60,public_benchmark_v1_ext33_mask_fill_edgewalk_nearest_rows16_p40,False,candidate_hard_fail,-0.4314907,0.23791272,0.06429324,0.30220596,28.0,7,35,6.0,1,7,2.1404,0.0,2.1404,0.0,0,0,0.090292,0.909377,0.999669,-0.256484,0.672507,0.416023,0.127836,0.857875,0.985711,-0.340543,0.963612,0.623069,0.340543,0.036388,0.376931
qd_006,QuickDraw,bird,m2_60,public_benchmark_v1_ext33_mask_fill_edgewalk_nearestrow_adapt_t2_m5_rows16_p40,False,jump_increase,-0.02888678,0.0167644,0.06429324,0.08105764,2.0,7,9,0.0,1,1,0.0,0.0,0.0,0.0,0,0,0.038933,0.909377,0.94831,0.023335,0.672507,0.695842,-0.028796,0.857875,0.829079,-0.039591,0.963612,0.924021,0.039591,0.036388,0.075979
qd_006,QuickDraw,bird,m2_60,public_benchmark_v1_ext33_mask_fill_edgewalk_nearestrow_adapt_t3_m6_rows16_p40,False,jump_increase,-0.0289055,0.01675006,0.06429324,0.0810433,2.0,7,9,0.0,1,1,0.0,0.0,0.0,0.0,0,0,0.040093,0.909377,0.94947,0.013758,0.672507,0.686265,-0.018979,0.857875,0.838896,-0.042644,0.963612,0.920968,0.042644,0.036388,0.079032
qd_006,QuickDraw,bird,m2_60,public_benchmark_v1_ext33_mask_fill_edgewalk_nearestrow_adapt_t4_m8_rows16_p40,False,jump_increase,-0.0289055,0.01675006,0.06429324,0.0810433,2.0,7,9,0.0,1,1,0.0,0.0,0.0,0.0,0,0,0.040093,0.909377,0.94947,0.013758,0.672507,0.686265,-0.018979,0.857875,0.838896,-0.042644,0.963612,0.920968,0.042644,0.036388,0.079032
qd_006,QuickDraw,bird,m2_60,public_benchmark_v1_ext33_mask_fill_edgewalk_nearestrow_evalfill_rows16_p40,False,off_mask_increase,-0.14246686,0.11435738,0.06429324,0.17865062,2.0,7,9,1.0,1,2,4.0713,0.0,4.0713,0.0,0,0,0.090623,0.909377,1.0,-0.375591,0.672507,0.296916,0.142125,0.857875,1.0,-0.512631,0.963612,0.450981,0.512631,0.036388,0.549019
qd_006,QuickDraw,bird,m2_60,public_benchmark_v1_ext33_mask_fill_edgewalk_nearestrow_inset1_rows16_p40,False,jump_increase,-0.02739559,0.01675295,0.06429324,0.08104619,2.0,7,9,0.0,1,1,0.0,0.0,0.0,0.0,0,0,0.078695,0.909377,0.988072,-0.028307,0.672507,0.6442,0.0661,0.857875,0.923975,-0.04862,0.963612,0.914992,0.04862,0.036388,0.085008
qd_006,QuickDraw,bird,m2_60,public_benchmark_v1_ext33_mask_fill_edgewalk_nearestrow_inset2_rows16_p40,False,jump_increase,-0.02888678,0.0167644,0.06429324,0.08105764,2.0,7,9,0.0,1,1,0.0,0.0,0.0,0.0,0,0,0.038933,0.909377,0.94831,0.023335,0.672507,0.695842,-0.028796,0.857875,0.829079,-0.039591,0.963612,0.924021,0.039591,0.036388,0.075979
qd_006,QuickDraw,bird,m2_60,public_benchmark_v1_ext33_mask_fill_edgewalk_nearestrow_qdirect_rows16_p40,False,jump_increase,-0.06796601,0.03914217,0.06429324,0.10343541,4.0,7,11,1.0,1,2,0.0,0.0,0.0,0.0,0,0,0.090292,0.909377,0.999669,-0.127725,0.672507,0.544782,0.109293,0.857875,0.967168,-0.163052,0.963612,0.80056,0.163052,0.036388,0.19944
qd_006,QuickDraw,bird,m2_60,public_benchmark_v1_ext33_mask_fill_edgewalk_nearestrow_qpath090_rows16_p40,False,jump_increase,-0.06796601,0.03914217,0.06429324,0.10343541,4.0,7,11,1.0,1,2,0.0,0.0,0.0,0.0,0,0,0.090292,0.909377,0.999669,-0.127725,0.672507,0.544782,0.109293,0.857875,0.967168,-0.163052,0.963612,0.80056,0.163052,0.036388,0.19944
qd_006,QuickDraw,bird,m2_60,public_benchmark_v1_ext33_mask_fill_edgewalk_nearestrow_qpath095_rows16_p40,False,jump_increase,-0.06796601,0.03914217,0.06429324,0.10343541,4.0,7,11,1.0,1,2,0.0,0.0,0.0,0.0,0,0,0.090292,0.909377,0.999669,-0.127725,0.672507,0.544782,0.109293,0.857875,0.967168,-0.163052,0.963612,0.80056,0.163052,0.036388,0.19944
qd_006,QuickDraw,bird,m2_60,public_benchmark_v1_ext33_mask_fill_edgewalk_nearestrow_quantvalid_rows16_p40,False,jump_increase,-0.06796601,0.03914217,0.06429324,0.10343541,4.0,7,11,1.0,1,2,0.0,0.0,0.0,0.0,0,0,0.090292,0.909377,0.999669,-0.127725,0.672507,0.544782,0.109293,0.857875,0.967168,-0.163052,0.963612,0.80056,0.163052,0.036388,0.19944
qd_006,QuickDraw,bird,m2_60,public_benchmark_v1_ext33_mask_fill_edgewalk_nearestrow_rows16_p40,False,jump_increase,-0.06796601,0.03914217,0.06429324,0.10343541,4.0,7,11,1.0,1,2,0.0,0.0,0.0,0.0,0,0,0.090292,0.909377,0.999669,-0.127725,0.672507,0.544782,0.109293,0.857875,0.967168,-0.163052,0.963612,0.80056,0.163052,0.036388,0.19944
qd_006,QuickDraw,bird,m2_60,public_benchmark_v1_ext33_mask_fill_edgewalk_nearestrow_safeadt_rows16_p40,False,jump_increase,-0.03999794,0.01676308,0.06429324,0.08105632,2.0,7,9,0.0,1,1,0.0,0.0,0.0,0.0,0,0,0.090623,0.909377,1.0,-0.33838,0.672507,0.334127,0.142125,0.857875,1.0,-0.456111,0.963612,0.507501,0.456111,0.036388,0.492499
qd_006,QuickDraw,bird,m2_60,public_benchmark_v1_ext33_mask_fill_edgewalk_nearestrow_safeadt_t2m5_r035_a32_rows16_p40,False,jump_increase,-0.03999794,0.01676308,0.06429324,0.08105632,2.0,7,9,0.0,1,1,0.0,0.0,0.0,0.0,0,0,0.090623,0.909377,1.0,-0.33838,0.672507,0.334127,0.142125,0.857875,1.0,-0.456111,0.963612,0.507501,0.456111,0.036388,0.492499
qd_006,QuickDraw,bird,m2_60,public_benchmark_v1_ext33_mask_fill_edgewalk_nearestrow_safeadt_t2m5_r055_a64_rows16_p40,False,jump_increase,-0.03999794,0.01676308,0.06429324,0.08105632,2.0,7,9,0.0,1,1,0.0,0.0,0.0,0.0,0,0,0.090623,0.909377,1.0,-0.33838,0.672507,0.334127,0.142125,0.857875,1.0,-0.456111,0.963612,0.507501,0.456111,0.036388,0.492499
qd_006,QuickDraw,bird,m2_60,public_benchmark_v1_ext33_mask_fill_edgewalk_nearestrow_segvalid_rows16_p40,False,jump_increase,-0.06796601,0.03914217,0.06429324,0.10343541,4.0,7,11,1.0,1,2,0.0,0.0,0.0,0.0,0,0,0.090292,0.909377,0.999669,-0.127725,0.672507,0.544782,0.109293,0.857875,0.967168,-0.163052,0.963612,0.80056,0.163052,0.036388,0.19944
qd_006,QuickDraw,bird,m2_60,public_benchmark_v1_ext33_mask_fill_edgewalk_nearestrow_strict_p20_rows16,False,jump_increase,-0.12378106,0.07238152,0.06429324,0.13667476,8.0,7,15,1.0,1,2,0.0,0.0,0.0,0.0,0,0,0.090292,0.909377,0.999669,-0.097895,0.672507,0.574612,0.107985,0.857875,0.96586,-0.120359,0.963612,0.843253,0.120359,0.036388,0.156747
qd_006,QuickDraw,bird,m2_60,public_benchmark_v1_ext33_mask_fill_edgewalk_nearestrow_strict_p40_rows16,False,jump_increase,-0.06796601,0.03914217,0.06429324,0.10343541,4.0,7,11,1.0,1,2,0.0,0.0,0.0,0.0,0,0,0.090292,0.909377,0.999669,-0.127725,0.672507,0.544782,0.109293,0.857875,0.967168,-0.163052,0.963612,0.80056,0.163052,0.036388,0.19944
qd_006,QuickDraw,bird,m2_60,public_benchmark_v1_ext33_mask_fill_edgewalk_outline_ext_in2_rows16_p40,False,candidate_hard_fail,-0.43751489,0.23793349,0.06429324,0.30222673,29.0,7,36,6.0,1,7,2.1404,0.0,2.1404,0.0,0,0,0.090623,0.909377,1.0,-0.264034,0.672507,0.408473,0.139289,0.857875,0.997164,-0.344948,0.963612,0.618664,0.344948,0.036388,0.381336
qd_006,QuickDraw,bird,m2_60,public_benchmark_v1_ext33_mask_fill_edgewalk_outline_ext_in3_rows16_p40,False,candidate_hard_fail,-0.42468031,0.23700821,0.06429324,0.30130145,27.0,7,34,6.0,1,7,2.1404,0.0,2.1404,0.0,0,0,0.090292,0.909377,0.999669,-0.258368,0.672507,0.414139,0.127836,0.857875,0.985711,-0.343365,0.963612,0.620247,0.343365,0.036388,0.379753
qd_006,QuickDraw,bird,m2_60,public_benchmark_v1_ext33_mask_fill_edgewalk_outline_ext_rows16_p40,False,candidate_hard_fail,-0.43813824,0.23793822,0.06429324,0.30223146,29.0,7,36,6.0,1,7,2.1404,0.0,2.1404,0.0,0,0,0.090623,0.909377,1.0,-0.277584,0.672507,0.394923,0.141252,0.857875,0.999127,-0.364292,0.963612,0.59932,0.364292,0.036388,0.40068
qd_006,QuickDraw,bird,m2_60,public_benchmark_v1_ext33_mask_fill_edgewalk_outline_rows16_p40,False,candidate_hard_fail,-0.5197225,0.2534365,0.06429324,0.31772974,39.0,7,46,8.0,1,9,2.1404,0.0,2.1404,0.0,0,0,0.090623,0.909377,1.0,-0.279845,0.672507,0.392662,0.142125,0.857875,1.0,-0.367203,0.963612,0.596409,0.367203,0.036388,0.403591
qd_006,QuickDraw,bird,m2_60,public_benchmark_v1_ext33_mask_fill_edgewalk_rows16_p24,False,candidate_hard_fail,-0.95560573,0.28910217,0.06429324,0.35339541,97.0,7,104,27.0,1,28,0.0,0.0,0.0,0.0,0,0,0.090292,0.909377,0.999669,-0.162362,0.672507,0.510145,0.110166,0.857875,0.968041,-0.213274,0.963612,0.750338,0.213274,0.036388,0.249662
qd_006,QuickDraw,bird,m2_60,public_benchmark_v1_ext33_mask_fill_edgewalk_rows16_p40,False,candidate_hard_fail,-0.4314907,0.23791272,0.06429324,0.30220596,28.0,7,35,6.0,1,7,2.1404,0.0,2.1404,0.0,0,0,0.090292,0.909377,0.999669,-0.256484,0.672507,0.416023,0.127836,0.857875,0.985711,-0.340543,0.963612,0.623069,0.340543,0.036388,0.376931
qd_006,QuickDraw,bird,m2_60,public_benchmark_v1_ext33_mask_fill_edgewalk_rows20_p24,False,candidate_hard_fail,-0.75385743,0.29953425,0.06429324,0.36382749,66.0,7,73,18.0,1,19,1.1554,0.0,1.1554,0.0,0,0,0.069086,0.909377,0.978463,-0.150407,0.672507,0.5221,0.073735,0.857875,0.93161,-0.208573,0.963612,0.755039,0.208573,0.036388,0.244961
qd_006,QuickDraw,bird,m2_60,public_benchmark_v1_ext33_mask_fill_edgewalk_satin_w4_s6_i3,False,candidate_hard_fail,-0.42473456,0.23705818,0.06429324,0.30135142,27.0,7,34,6.0,1,7,2.1404,0.0,2.1404,0.0,0,0,0.090292,0.909377,0.999669,-0.258454,0.672507,0.414053,0.127836,0.857875,0.985711,-0.343493,0.963612,0.620119,0.343493,0.036388,0.379881
qd_006,QuickDraw,bird,m2_60,public_benchmark_v1_ext33_mask_fill_edgewalk_satin_w6_s5_i3,False,candidate_hard_fail,-0.42475718,0.23707656,0.06429324,0.3013698,27.0,7,34,6.0,1,7,2.1404,0.0,2.1404,0.0,0,0,0.090292,0.909377,0.999669,-0.258539,0.672507,0.413968,0.127836,0.857875,0.985711,-0.34362,0.963612,0.619992,0.34362,0.036388,0.380008
qd_006,QuickDraw,bird,m2_60,public_benchmark_v1_ext33_mask_fill_edgewalk_satin_w8_s7_i4,False,candidate_hard_fail,-0.44049555,0.24391757,0.06429324,0.30821081,28.0,7,35,7.0,1,8,2.1404,0.0,2.1404,0.0,0,0,0.090292,0.909377,0.999669,-0.256484,0.672507,0.416023,0.127836,0.857875,0.985711,-0.340543,0.963612,0.623069,0.340543,0.036388,0.376931
qd_006,QuickDraw,bird,m2_60,public_benchmark_v1_ext33_mask_fill_edgewalk_satinrail_w10_s8_i5,False,candidate_hard_fail,-0.44657437,0.24399639,0.06429324,0.30828963,29.0,7,36,7.0,1,8,2.1404,0.0,2.1404,0.0,0,0,0.090292,0.909377,0.999669,-0.256484,0.672507,0.416023,0.127836,0.857875,0.985711,-0.340543,0.963612,0.623069,0.340543,0.036388,0.376931
qd_006,QuickDraw,bird,m2_60,public_benchmark_v1_ext33_mask_fill_edgewalk_satinrail_w6_s6_i3,False,candidate_hard_fail,-0.43536359,0.24768439,0.06429324,0.31197763,27.0,7,34,6.0,1,7,2.6118,0.0,2.6118,0.0,0,0,0.090292,0.909377,0.999669,-0.25851,0.672507,0.413997,0.127836,0.857875,0.985711,-0.343578,0.963612,0.620034,0.343578,0.036388,0.379966
qd_006,QuickDraw,bird,m2_60,public_benchmark_v1_ext33_mask_fill_edgewalk_satinrail_w8_s7_i4,False,candidate_hard_fail,-0.44051631,0.24393833,0.06429324,0.30823157,28.0,7,35,7.0,1,8,2.1404,0.0,2.1404,0.0,0,0,0.090292,0.909377,0.999669,-0.256484,0.672507,0.416023,0.127836,0.857875,0.985711,-0.340543,0.963612,0.623069,0.340543,0.036388,0.376931
qd_006,QuickDraw,bird,m2_60,public_benchmark_v1_ext33_mask_fill_edgewalk_styleaware_r008_d45,False,off_mask_increase,-0.31129423,0.18747211,0.06429324,0.25176535,18.0,7,25,4.0,1,5,0.5483,0.0,0.5483,0.0,0,0,0.076706,0.909377,0.986083,-0.148702,0.672507,0.523805,0.084315,0.857875,0.94219,-0.203425,0.963612,0.760187,0.203425,0.036388,0.239813
qd_006,QuickDraw,bird,m2_60,public_benchmark_v1_ext33_mask_fill_nearestrow_strict_short_rows16,False,jump_increase,-0.20874896,0.12163344,0.06429324,0.18592668,14.0,7,21,1.0,1,2,0.0,0.0,0.0,0.0,0,0,0.090292,0.909377,0.999669,-0.091141,0.672507,0.581366,0.106676,0.857875,0.964551,-0.111603,0.963612,0.852009,0.111603,0.036388,0.147991
qd_006,QuickDraw,bird,m2_60,public_benchmark_v1_ext33_mask_fill_rows12_c10,False,candidate_hard_fail,-1.54625389,0.31518411,0.06429324,0.37947735,187.0,7,194,36.0,1,37,0.0,0.0,0.0,0.0,0,0,0.090623,0.909377,1.0,-0.135974,0.672507,0.536533,0.141252,0.857875,0.999127,-0.14939,0.963612,0.814222,0.14939,0.036388,0.185778
qd_006,QuickDraw,bird,m2_60,public_benchmark_v1_ext33_mask_fill_rows12_c6,False,candidate_hard_fail,-1.58970176,0.31691836,0.06429324,0.3812116,194.0,7,201,36.0,1,37,0.0,0.0,0.0,0.0,0,0,0.090623,0.909377,1.0,-0.130286,0.672507,0.542221,0.141252,0.857875,0.999127,-0.140759,0.963612,0.822853,0.140759,0.036388,0.177147
qd_006,QuickDraw,bird,m2_60,public_benchmark_v1_ext33_mask_fill_rows16_c12_in025,False,candidate_hard_fail,-1.12279793,0.32645783,0.06429324,0.39075107,119.0,7,126,27.0,1,28,1.425,0.0,1.425,0.0,0,0,0.090292,0.909377,0.999669,-0.117605,0.672507,0.554902,0.108857,0.857875,0.966732,-0.148549,0.963612,0.815063,0.148549,0.036388,0.184937
qd_006,QuickDraw,bird,m2_60,public_benchmark_v1_ext33_mask_fill_rows16_c12_in050,False,candidate_hard_fail,-1.12279793,0.32645783,0.06429324,0.39075107,119.0,7,126,27.0,1,28,1.425,0.0,1.425,0.0,0,0,0.090292,0.909377,0.999669,-0.117605,0.672507,0.554902,0.108857,0.857875,0.966732,-0.148549,0.963612,0.815063,0.148549,0.036388,0.184937
qd_006,QuickDraw,bird,m2_60,public_benchmark_v1_ext33_mask_fill_rows16_c6,False,candidate_hard_fail,-1.17094795,0.29818733,0.06429324,0.36248057,132.0,7,139,27.0,1,28,0.0,0.0,0.0,0.0,0,0,0.090292,0.909377,0.999669,-0.084111,0.672507,0.588396,0.106894,0.857875,0.964769,-0.101106,0.963612,0.862506,0.101106,0.036388,0.137494
qd_006,QuickDraw,bird,m2_60,public_benchmark_v1_ext33_mask_fill_rows20_c12_in050,False,candidate_hard_fail,-0.96311084,0.37917226,0.06429324,0.4434655,88.0,7,95,18.0,1,19,3.0,0.0,3.0,1.0,0,1,0.069086,0.909377,0.978463,-0.095749,0.672507,0.576758,0.0661,0.857875,0.923975,-0.136366,0.963612,0.827246,0.136366,0.036388,0.172754
qd_006,QuickDraw,bird,m2_60,public_benchmark_v1_ext33_m2_70_line_art_jump_profile,False,no_material_improvement,0.0,0.0,0.06429324,0.06429324,0.0,7,7,0.0,1,1,0.0,0.0,0.0,0.0,0,0,0.0,0.909377,0.909377,0.0,0.672507,0.672507,0.0,0.857875,0.857875,0.0,0.963612,0.963612,0.0,0.036388,0.036388
qd_006,QuickDraw,bird,m2_60,public_benchmark_v1_ext33_m2_71_maskpath_d1_c24_i090_r42_f32_min8,False,candidate_hard_fail,-0.1931924,0.18861932,0.06429324,0.25291256,1.0,7,8,0.0,1,1,24.8247,0.0,24.8247,0.0,0,0,0.051027,0.909377,0.960404,-0.005879,0.672507,0.666628,0.041558,0.857875,0.899433,-0.01536,0.963612,0.948252,0.01536,0.036388,0.051748
qd_006,QuickDraw,bird,m2_60,public_benchmark_v1_ext33_m2_71_maskpath_d2_c28_i085_r48_f36_min6,False,candidate_hard_fail,-0.24949584,0.26239718,0.06429324,0.32669042,-2.0,7,5,0.0,1,1,41.0121,0.0,41.0121,3.0,0,3,0.056163,0.909377,0.96554,-0.021188,0.672507,0.651319,0.046793,0.857875,0.904668,-0.036701,0.963612,0.926911,0.036701,0.036388,0.073089
qd_006,QuickDraw,bird,m2_60,public_benchmark_v1_ext33_m2_71_sg_euler_d1_c24_i090_r42_f32_min8,False,candidate_hard_fail,-0.16505716,0.1713351,0.06429324,0.23562834,-1.0,7,6,0.0,1,1,86.8543,0.0,86.8543,0.0,0,0,0.074553,0.909377,0.98393,-0.057704,0.672507,0.614803,0.075153,0.857875,0.933028,-0.078105,0.963612,0.885507,0.078105,0.036388,0.114493
qd_006,QuickDraw,bird,m2_60,public_benchmark_v1_ext33_m2_71_sg_open_d1_c24_i090_r42_f32_min8,False,candidate_hard_fail,-0.16505716,0.1713351,0.06429324,0.23562834,-1.0,7,6,0.0,1,1,86.8543,0.0,86.8543,0.0,0,0,0.074553,0.909377,0.98393,-0.057704,0.672507,0.614803,0.075153,0.857875,0.933028,-0.078105,0.963612,0.885507,0.078105,0.036388,0.114493
qd_007,QuickDraw,moon,m2_60,public_benchmark_v1_ext33_all_skeleton_connect20_trimcap20,False,candidate_hard_fail,-0.18294281,0.10492373,0.12174937,0.2266731,12.0,14,26,2.0,1,3,0.0,0.0,0.0,0.0,0,0,0.007431,0.987986,0.995417,-0.00601,0.66381,0.6578,0.006737,0.918222,0.924959,-0.009112,0.986686,0.977574,0.009112,0.013314,0.022426
qd_007,QuickDraw,moon,m2_60,public_benchmark_v1_ext33_all_skeleton_connect30_min12_trimcap20,False,jump_increase,-0.17780634,0.10429128,0.12174937,0.22604065,11.0,14,25,2.0,1,3,0.0,0.0,0.0,0.0,0,0,-0.035422,0.987986,0.952564,-0.003185,0.66381,0.660625,-0.03268,0.918222,0.885542,-0.004466,0.986686,0.98222,0.004466,0.013314,0.01778
qd_007,QuickDraw,moon,m2_60,public_benchmark_v1_ext33_all_skeleton_connect30_min20_trimcap20,False,jump_increase,-0.11245529,0.06478777,0.12174937,0.18653714,7.0,14,21,1.0,1,2,0.0,0.0,0.0,0.0,0,0,-0.06812,0.987986,0.919866,-0.002692,0.66381,0.661118,-0.061101,0.918222,0.857121,-0.001463,0.986686,0.985223,0.001463,0.013314,0.014777
qd_007,QuickDraw,moon,m2_60,public_benchmark_v1_ext33_all_skeleton_connect30_min8_trimcap20,False,jump_increase,-0.17757911,0.10407531,0.12174937,0.22582468,11.0,14,25,2.0,1,3,0.0,0.0,0.0,0.0,0,0,-0.030592,0.987986,0.957394,-0.007947,0.66381,0.655863,-0.026717,0.918222,0.891505,-0.009934,0.986686,0.976752,0.009934,0.013314,0.023248
qd_007,QuickDraw,moon,m2_60,public_benchmark_v1_ext33_all_skeleton_connect30_trimcap20,False,candidate_hard_fail,-0.18294281,0.10492373,0.12174937,0.2266731,12.0,14,26,2.0,1,3,0.0,0.0,0.0,0.0,0,0,0.007431,0.987986,0.995417,-0.00601,0.66381,0.6578,0.006737,0.918222,0.924959,-0.009112,0.986686,0.977574,0.009112,0.013314,0.022426
qd_007,QuickDraw,moon,m2_60,public_benchmark_v1_ext33_auto_hybrid_evalrepair_r10_c20_trimcap20,False,candidate_hard_fail,-0.18294281,0.10492373,0.12174937,0.2266731,12.0,14,26,2.0,1,3,0.0,0.0,0.0,0.0,0,0,0.007431,0.987986,0.995417,-0.00601,0.66381,0.6578,0.006737,0.918222,0.924959,-0.009112,0.986686,0.977574,0.009112,0.013314,0.022426
qd_007,QuickDraw,moon,m2_60,public_benchmark_v1_ext33_auto_hybrid_evalrepair_r10_inside085_c20_trimcap20,False,candidate_hard_fail,-0.18294281,0.10492373,0.12174937,0.2266731,12.0,14,26,2.0,1,3,0.0,0.0,0.0,0.0,0,0,0.007431,0.987986,0.995417,-0.00601,0.66381,0.6578,0.006737,0.918222,0.924959,-0.009112,0.986686,0.977574,0.009112,0.013314,0.022426
qd_007,QuickDraw,moon,m2_60,public_benchmark_v1_ext33_auto_hybrid_evalrepair_r10_inside090_c20_trimcap20,False,candidate_hard_fail,-0.18294281,0.10492373,0.12174937,0.2266731,12.0,14,26,2.0,1,3,0.0,0.0,0.0,0.0,0,0,0.007431,0.987986,0.995417,-0.00601,0.66381,0.6578,0.006737,0.918222,0.924959,-0.009112,0.986686,0.977574,0.009112,0.013314,0.022426
qd_007,QuickDraw,moon,m2_60,public_benchmark_v1_ext33_auto_hybrid_evalrepair_r15_c20_trimcap20,False,candidate_hard_fail,-0.18294281,0.10492373,0.12174937,0.2266731,12.0,14,26,2.0,1,3,0.0,0.0,0.0,0.0,0,0,0.007431,0.987986,0.995417,-0.00601,0.66381,0.6578,0.006737,0.918222,0.924959,-0.009112,0.986686,0.977574,0.009112,0.013314,0.022426
qd_007,QuickDraw,moon,m2_60,public_benchmark_v1_ext33_auto_hybrid_evalrepair_r15_inside090_c20_trimcap20,False,candidate_hard_fail,-0.18294281,0.10492373,0.12174937,0.2266731,12.0,14,26,2.0,1,3,0.0,0.0,0.0,0.0,0,0,0.007431,0.987986,0.995417,-0.00601,0.66381,0.6578,0.006737,0.918222,0.924959,-0.009112,0.986686,0.977574,0.009112,0.013314,0.022426
qd_007,QuickDraw,moon,m2_60,public_benchmark_v1_ext33_auto_hybrid_r10_c16_trimcap20,False,candidate_hard_fail,-0.18294281,0.10492373,0.12174937,0.2266731,12.0,14,26,2.0,1,3,0.0,0.0,0.0,0.0,0,0,0.007431,0.987986,0.995417,-0.00601,0.66381,0.6578,0.006737,0.918222,0.924959,-0.009112,0.986686,0.977574,0.009112,0.013314,0.022426
qd_007,QuickDraw,moon,m2_60,public_benchmark_v1_ext33_auto_hybrid_r10_c20_trimcap20,False,candidate_hard_fail,-0.18294281,0.10492373,0.12174937,0.2266731,12.0,14,26,2.0,1,3,0.0,0.0,0.0,0.0,0,0,0.007431,0.987986,0.995417,-0.00601,0.66381,0.6578,0.006737,0.918222,0.924959,-0.009112,0.986686,0.977574,0.009112,0.013314,0.022426
qd_007,QuickDraw,moon,m2_60,public_benchmark_v1_ext33_auto_hybrid_r125_c16_trimcap20,False,candidate_hard_fail,-0.18294281,0.10492373,0.12174937,0.2266731,12.0,14,26,2.0,1,3,0.0,0.0,0.0,0.0,0,0,0.007431,0.987986,0.995417,-0.00601,0.66381,0.6578,0.006737,0.918222,0.924959,-0.009112,0.986686,0.977574,0.009112,0.013314,0.022426
qd_007,QuickDraw,moon,m2_60,public_benchmark_v1_ext33_auto_hybrid_r125_c20_trimcap20,False,candidate_hard_fail,-0.18294281,0.10492373,0.12174937,0.2266731,12.0,14,26,2.0,1,3,0.0,0.0,0.0,0.0,0,0,0.007431,0.987986,0.995417,-0.00601,0.66381,0.6578,0.006737,0.918222,0.924959,-0.009112,0.986686,0.977574,0.009112,0.013314,0.022426
qd_007,QuickDraw,moon,m2_60,public_benchmark_v1_ext33_auto_hybrid_skeleton_connect12_trimcap20,False,candidate_hard_fail,-0.18294281,0.10492373,0.12174937,0.2266731,12.0,14,26,2.0,1,3,0.0,0.0,0.0,0.0,0,0,0.007431,0.987986,0.995417,-0.00601,0.66381,0.6578,0.006737,0.918222,0.924959,-0.009112,0.986686,0.977574,0.009112,0.013314,0.022426
qd_007,QuickDraw,moon,m2_60,public_benchmark_v1_ext33_b0_m2_1_globalrepair20,False,candidate_hard_fail,-0.56643398,0.43258318,0.12174937,0.55433255,17.0,14,31,7.0,1,8,700.8862,0.0,700.8862,141.0,0,141,-0.054867,0.987986,0.933119,-0.1652,0.66381,0.49861,-0.064973,0.918222,0.853249,-0.2575,0.986686,0.729186,0.2575,0.013314,0.270814
qd_007,QuickDraw,moon,m2_60,public_benchmark_v1_ext33_m2_4_coverage_rerank,False,candidate_hard_fail,-0.18294281,0.10492373,0.12174937,0.2266731,12.0,14,26,2.0,1,3,0.0,0.0,0.0,0.0,0,0,0.007431,0.987986,0.995417,-0.00601,0.66381,0.6578,0.006737,0.918222,0.924959,-0.009112,0.986686,0.977574,0.009112,0.013314,0.022426
qd_007,QuickDraw,moon,m2_60,public_benchmark_v1_ext33_m2_4_coverage_rerank_connect30,False,candidate_hard_fail,-0.18294281,0.10492373,0.12174937,0.2266731,12.0,14,26,2.0,1,3,0.0,0.0,0.0,0.0,0,0,0.007431,0.987986,0.995417,-0.00601,0.66381,0.6578,0.006737,0.918222,0.924959,-0.009112,0.986686,0.977574,0.009112,0.013314,0.022426
qd_007,QuickDraw,moon,m2_60,public_benchmark_v1_ext33_m2_4_coverage_rerank_min12,False,jump_increase,-0.17780634,0.10429128,0.12174937,0.22604065,11.0,14,25,2.0,1,3,0.0,0.0,0.0,0.0,0,0,-0.035422,0.987986,0.952564,-0.003185,0.66381,0.660625,-0.03268,0.918222,0.885542,-0.004466,0.986686,0.98222,0.004466,0.013314,0.01778
qd_007,QuickDraw,moon,m2_60,public_benchmark_v1_ext33_m2_4_coverage_rerank_min20,False,jump_increase,-0.11245529,0.06478777,0.12174937,0.18653714,7.0,14,21,1.0,1,2,0.0,0.0,0.0,0.0,0,0,-0.06812,0.987986,0.919866,-0.002692,0.66381,0.661118,-0.061101,0.918222,0.857121,-0.001463,0.986686,0.985223,0.001463,0.013314,0.014777
qd_007,QuickDraw,moon,m2_60,public_benchmark_v1_ext33_m2_4_coverage_rerank_min8,False,jump_increase,-0.17757911,0.10407531,0.12174937,0.22582468,11.0,14,25,2.0,1,3,0.0,0.0,0.0,0.0,0,0,-0.030592,0.987986,0.957394,-0.007947,0.66381,0.655863,-0.026717,0.918222,0.891505,-0.009934,0.986686,0.976752,0.009934,0.013314,0.023248
qd_007,QuickDraw,moon,m2_60,public_benchmark_v1_ext33_m2_51_sweeptuned_gate_balanced_applied,False,jump_increase,-0.03563979,0.02116943,0.12174937,0.1429188,1.0,14,15,2.0,1,3,0.0,0.0,0.0,0.0,0,0,0.001239,0.987986,0.989225,-0.056941,0.66381,0.606869,0.009061,0.918222,0.927283,-0.076877,0.986686,0.909809,0.076877,0.013314,0.090191
qd_007,QuickDraw,moon,m2_60,public_benchmark_v1_ext33_m2_51_sweeptuned_gate_low_jump_applied,False,trim_increase,-0.01472094,0.00713642,0.12174937,0.12888579,0.0,14,14,1.0,1,2,0.0,0.0,0.0,0.0,0,0,-0.054124,0.987986,0.933862,-0.002058,0.66381,0.661752,-0.106404,0.918222,0.811818,-0.06664,0.986686,0.920046,0.06664,0.013314,0.079954
qd_007,QuickDraw,moon,m2_60,public_benchmark_v1_ext33_m2_55_line_domain_guard_low_jump,False,trim_increase,-0.01472094,0.00713642,0.12174937,0.12888579,0.0,14,14,1.0,1,2,0.0,0.0,0.0,0.0,0,0,-0.054124,0.987986,0.933862,-0.002058,0.66381,0.661752,-0.106404,0.918222,0.811818,-0.06664,0.986686,0.920046,0.06664,0.013314,0.079954
qd_007,QuickDraw,moon,m2_60,public_benchmark_v1_ext33_m2_56_line_stroke_d0_c12_i090,False,candidate_hard_fail,-0.18984824,0.1046614,0.12174937,0.22641077,13.0,14,27,2.0,1,3,0.0,0.0,0.0,0.0,0,0,-0.030592,0.987986,0.957394,-6e-06,0.66381,0.663804,-0.028576,0.918222,0.889646,-0.000168,0.986686,0.986518,0.000168,0.013314,0.013482
qd_007,QuickDraw,moon,m2_60,public_benchmark_v1_ext33_m2_56_line_stroke_d0_c12_i090_min12,False,candidate_hard_fail,-0.18402863,0.10465301,0.12174937,0.22640238,12.0,14,26,2.0,1,3,0.0,0.0,0.0,0.0,0,0,-0.035422,0.987986,0.952564,0.00041,0.66381,0.66422,-0.03361,0.918222,0.884612,-0.000159,0.986686,0.986527,0.000159,0.013314,0.013473
qd_007,QuickDraw,moon,m2_60,public_benchmark_v1_ext33_m2_56_line_stroke_d0_c12_i090_min20,False,jump_increase,-0.15639694,0.0895795,0.12174937,0.21132887,10.0,14,24,1.0,1,2,0.0,0.0,0.0,0.0,0,0,-0.099207,0.987986,0.888779,-0.007569,0.66381,0.656241,-0.083327,0.918222,0.834895,-0.000769,0.986686,0.985917,0.000769,0.013314,0.014083
qd_007,QuickDraw,moon,m2_60,public_benchmark_v1_ext33_m2_56_line_stroke_d0_c12_i090_min30,False,jump_increase,-0.14278896,0.08143746,0.12174937,0.20318683,9.0,14,23,1.0,1,2,0.0,0.0,0.0,0.0,0,0,-0.113327,0.987986,0.874659,-0.008404,0.66381,0.655406,-0.09533,0.918222,0.822892,-0.000514,0.986686,0.986172,0.000514,0.013314,0.013828
qd_007,QuickDraw,moon,m2_60,public_benchmark_v1_ext33_m2_56_line_stroke_d0_c8_i095,False,candidate_hard_fail,-0.19522395,0.10550983,0.12174937,0.2272592,14.0,14,28,2.0,1,3,0.0,0.0,0.0,0.0,0,0,0.007431,0.987986,0.995417,0.00167,0.66381,0.66548,0.004879,0.918222,0.923101,0.000314,0.986686,0.987,-0.000314,0.013314,0.013
qd_007,QuickDraw,moon,m2_60,public_benchmark_v1_ext33_m2_56_line_stroke_d1_c10_i090,False,candidate_hard_fail,-0.19522395,0.10550983,0.12174937,0.2272592,14.0,14,28,2.0,1,3,0.0,0.0,0.0,0.0,0,0,0.007431,0.987986,0.995417,0.00167,0.66381,0.66548,0.004879,0.918222,0.923101,0.000314,0.986686,0.987,-0.000314,0.013314,0.013
qd_007,QuickDraw,moon,m2_60,public_benchmark_v1_ext33_m2_56_line_stroke_d1_c12_i090_min20,False,off_mask_increase,-0.17896142,0.11815382,0.12174937,0.23990319,9.0,14,23,1.0,1,2,1.6317,0.0,1.6317,0.0,0,0,-0.098216,0.987986,0.88977,-0.009351,0.66381,0.654459,-0.081004,0.918222,0.837218,-0.001809,0.986686,0.984877,0.001809,0.013314,0.015123
qd_007,QuickDraw,moon,m2_60,public_benchmark_v1_ext33_m2_56_line_stroke_d1_c6_i095,False,candidate_hard_fail,-0.20253982,0.105167,0.12174937,0.22691637,15.0,14,29,2.0,1,3,0.0,0.0,0.0,0.0,0,0,-0.035546,0.987986,0.95244,-0.00105,0.66381,0.66276,-0.031828,0.918222,0.886394,-0.000217,0.986686,0.986469,0.000217,0.013314,0.013531
qd_007,QuickDraw,moon,m2_60,public_benchmark_v1_ext33_m2_56_line_stroke_d2_c12_i085_min20,False,off_mask_increase,-0.17896142,0.11815382,0.12174937,0.23990319,9.0,14,23,1.0,1,2,1.6317,0.0,1.6317,0.0,0,0,-0.098216,0.987986,0.88977,-0.009351,0.66381,0.654459,-0.081004,0.918222,0.837218,-0.001809,0.986686,0.984877,0.001809,0.013314,0.015123
qd_007,QuickDraw,moon,m2_60,public_benchmark_v1_ext33_m2_56_line_stroke_d3_c18,False,candidate_hard_fail,-0.25314063,0.16929335,0.12174937,0.29104272,13.0,14,27,2.0,1,3,2.8509,0.0,2.8509,0.0,0,0,0.007431,0.987986,0.995417,-0.001784,0.66381,0.662026,0.005808,0.918222,0.92403,-0.003819,0.986686,0.982867,0.003819,0.013314,0.017133
qd_007,QuickDraw,moon,m2_60,public_benchmark_v1_ext33_m2_56_line_stroke_selector_probe,False,trim_increase,-0.01472094,0.00713642,0.12174937,0.12888579,0.0,14,14,1.0,1,2,0.0,0.0,0.0,0.0,0,0,-0.054124,0.987986,0.933862,-0.002058,0.66381,0.661752,-0.106404,0.918222,0.811818,-0.06664,0.986686,0.920046,0.06664,0.013314,0.079954
qd_007,QuickDraw,moon,m2_60,public_benchmark_v1_ext33_m2_57_topology_open_d0_c12_i090_min12,False,off_mask_increase,-0.01419793,0.01271077,0.12174937,0.13446014,0.0,14,14,0.0,1,1,0.5506,0.0,0.5506,0.0,0,0,-0.038023,0.987986,0.949963,-0.00266,0.66381,0.66115,-0.03268,0.918222,0.885542,-0.000995,0.986686,0.985691,0.000995,0.013314,0.014309
qd_007,QuickDraw,moon,m2_60,public_benchmark_v1_ext33_m2_57_topology_open_d0_c12_i090_min20,False,jump_increase,-0.04712195,0.02563915,0.12174937,0.14738852,3.0,14,17,0.0,1,1,0.0,0.0,0.0,0.0,0,0,-0.090661,0.987986,0.897325,-0.009338,0.66381,0.654472,-0.073182,0.918222,0.84504,-0.000959,0.986686,0.985727,0.000959,0.013314,0.014273
qd_007,QuickDraw,moon,m2_60,public_benchmark_v1_ext33_m2_57_topology_open_d0_c12_i090_min30,False,jump_increase,-0.04772964,0.02565662,0.12174937,0.14740599,3.0,14,17,0.0,1,1,0.0,0.0,0.0,0.0,0,0,-0.106267,0.987986,0.881719,-0.008466,0.66381,0.655344,-0.088516,0.918222,0.829706,-0.000402,0.986686,0.986284,0.000402,0.013314,0.013716
qd_007,QuickDraw,moon,m2_60,public_benchmark_v1_ext33_m2_57_topology_open_d0_c16_i085_min20,False,jump_increase,-0.04712195,0.02563915,0.12174937,0.14738852,3.0,14,17,0.0,1,1,0.0,0.0,0.0,0.0,0,0,-0.090661,0.987986,0.897325,-0.009338,0.66381,0.654472,-0.073182,0.918222,0.84504,-0.000959,0.986686,0.985727,0.000959,0.013314,0.014273
qd_007,QuickDraw,moon,m2_60,public_benchmark_v1_ext33_m2_57_topology_open_d0_c20_i080_min30,False,off_mask_increase,-0.06955135,0.05369319,0.12174937,0.17544256,2.0,14,16,0.0,1,1,1.6109,0.0,1.6109,0.0,0,0,-0.099207,0.987986,0.888779,-0.009662,0.66381,0.654148,-0.081856,0.918222,0.836366,-0.002183,0.986686,0.984503,0.002183,0.013314,0.015497
qd_007,QuickDraw,moon,m2_60,public_benchmark_v1_ext33_m2_57_topology_open_d0_c20_i080_min40,False,off_mask_increase,-0.06955135,0.05369319,0.12174937,0.17544256,2.0,14,16,0.0,1,1,1.6109,0.0,1.6109,0.0,0,0,-0.099207,0.987986,0.888779,-0.009662,0.66381,0.654148,-0.081856,0.918222,0.836366,-0.002183,0.986686,0.984503,0.002183,0.013314,0.015497
qd_007,QuickDraw,moon,m2_60,public_benchmark_v1_ext33_m2_57_topology_open_d0_c24_i075_min40,False,off_mask_increase,-0.06955135,0.05369319,0.12174937,0.17544256,2.0,14,16,0.0,1,1,1.6109,0.0,1.6109,0.0,0,0,-0.099207,0.987986,0.888779,-0.009662,0.66381,0.654148,-0.081856,0.918222,0.836366,-0.002183,0.986686,0.984503,0.002183,0.013314,0.015497
qd_007,QuickDraw,moon,m2_60,public_benchmark_v1_ext33_m2_57_topology_open_d0_c24_i075_min60,False,jump_increase,-0.03457208,0.01744794,0.12174937,0.13919731,2.0,14,16,0.0,1,1,0.0,0.0,0.0,0.0,0,0,-0.133391,0.987986,0.854595,-0.008539,0.66381,0.655271,-0.113916,0.918222,0.804306,-0.000361,0.986686,0.986325,0.000361,0.013314,0.013675
qd_007,QuickDraw,moon,m2_60,public_benchmark_v1_ext33_m2_57_topology_open_d0_c30_i070_min100,False,coverage_drop,0.00336766,-0.00761832,0.12174937,0.11413105,-1.0,14,13,0.0,1,1,0.0,0.0,0.0,0.0,0,0,-0.264181,0.987986,0.723805,-0.006368,0.66381,0.657442,-0.240223,0.918222,0.677999,-0.001761,0.986686,0.984925,0.001761,0.013314,0.015075
qd_007,QuickDraw,moon,m2_60,public_benchmark_v1_ext33_m2_57_topology_open_d0_c30_i070_min80,False,jump_increase,-0.03457208,0.01744794,0.12174937,0.13919731,2.0,14,16,0.0,1,1,0.0,0.0,0.0,0.0,0,0,-0.133391,0.987986,0.854595,-0.008539,0.66381,0.655271,-0.113916,0.918222,0.804306,-0.000361,0.986686,0.986325,0.000361,0.013314,0.013675
qd_007,QuickDraw,moon,m2_60,public_benchmark_v1_ext33_m2_57_topology_open_d1_c16_i085_min20,False,off_mask_increase,-0.09154801,0.08225003,0.12174937,0.2039994,1.0,14,15,0.0,1,1,3.2426,0.0,3.2426,0.0,0,0,-0.083602,0.987986,0.904384,-0.011729,0.66381,0.652081,-0.065825,0.918222,0.852397,-0.003743,0.986686,0.982943,0.003743,0.013314,0.017057
qd_007,QuickDraw,moon,m2_60,public_benchmark_v1_ext33_m2_57_topology_open_d1_c20_i080_min20,False,off_mask_increase,-0.09154801,0.08225003,0.12174937,0.2039994,1.0,14,15,0.0,1,1,3.2426,0.0,3.2426,0.0,0,0,-0.083602,0.987986,0.904384,-0.011729,0.66381,0.652081,-0.065825,0.918222,0.852397,-0.003743,0.986686,0.982943,0.003743,0.013314,0.017057
qd_007,QuickDraw,moon,m2_60,public_benchmark_v1_ext33_m2_57_topology_open_d1_c24_i070_min60,False,jump_increase,-0.03457208,0.01744794,0.12174937,0.13919731,2.0,14,16,0.0,1,1,0.0,0.0,0.0,0.0,0,0,-0.133391,0.987986,0.854595,-0.008539,0.66381,0.655271,-0.113916,0.918222,0.804306,-0.000361,0.986686,0.986325,0.000361,0.013314,0.013675
qd_007,QuickDraw,moon,m2_60,public_benchmark_v1_ext33_m2_57_topology_open_d1_c24_i075_min40,False,off_mask_increase,-0.06955135,0.05369319,0.12174937,0.17544256,2.0,14,16,0.0,1,1,1.6109,0.0,1.6109,0.0,0,0,-0.099207,0.987986,0.888779,-0.009662,0.66381,0.654148,-0.081856,0.918222,0.836366,-0.002183,0.986686,0.984503,0.002183,0.013314,0.015497
qd_007,QuickDraw,moon,m2_60,public_benchmark_v1_ext33_m2_57_topology_open_d1_c30_i065_min80,False,jump_increase,-0.03457208,0.01744794,0.12174937,0.13919731,2.0,14,16,0.0,1,1,0.0,0.0,0.0,0.0,0,0,-0.133391,0.987986,0.854595,-0.008539,0.66381,0.655271,-0.113916,0.918222,0.804306,-0.000361,0.986686,0.986325,0.000361,0.013314,0.013675
qd_007,QuickDraw,moon,m2_60,public_benchmark_v1_ext33_m2_57_topology_open_d2_c20_i075_min20,False,off_mask_increase,-0.09154801,0.08225003,0.12174937,0.2039994,1.0,14,15,0.0,1,1,3.2426,0.0,3.2426,0.0,0,0,-0.083602,0.987986,0.904384,-0.011729,0.66381,0.652081,-0.065825,0.918222,0.852397,-0.003743,0.986686,0.982943,0.003743,0.013314,0.017057
qd_007,QuickDraw,moon,m2_60,public_benchmark_v1_ext33_m2_57_topology_relative_rescue,False,coverage_drop,0.00336766,-0.00761832,0.12174937,0.11413105,-1.0,14,13,0.0,1,1,0.0,0.0,0.0,0.0,0,0,-0.264181,0.987986,0.723805,-0.006368,0.66381,0.657442,-0.240223,0.918222,0.677999,-0.001761,0.986686,0.984925,0.001761,0.013314,0.015075
qd_007,QuickDraw,moon,m2_60,public_benchmark_v1_ext33_m2_57_topology_selector_probe_min100,False,trim_increase,-0.01472094,0.00713642,0.12174937,0.12888579,0.0,14,14,1.0,1,2,0.0,0.0,0.0,0.0,0,0,-0.054124,0.987986,0.933862,-0.002058,0.66381,0.661752,-0.106404,0.918222,0.811818,-0.06664,0.986686,0.920046,0.06664,0.013314,0.079954
qd_007,QuickDraw,moon,m2_60,public_benchmark_v1_ext33_m2_57_topology_selector_probe_min100_j14,False,trim_increase,-0.01472094,0.00713642,0.12174937,0.12888579,0.0,14,14,1.0,1,2,0.0,0.0,0.0,0.0,0,0,-0.054124,0.987986,0.933862,-0.002058,0.66381,0.661752,-0.106404,0.918222,0.811818,-0.06664,0.986686,0.920046,0.06664,0.013314,0.079954
qd_007,QuickDraw,moon,m2_60,public_benchmark_v1_ext33_m2_58_coverage_aware_relative_rescue,False,trim_increase,-0.01472094,0.00713642,0.12174937,0.12888579,0.0,14,14,1.0,1,2,0.0,0.0,0.0,0.0,0,0,-0.054124,0.987986,0.933862,-0.002058,0.66381,0.661752,-0.106404,0.918222,0.811818,-0.06664,0.986686,0.920046,0.06664,0.013314,0.079954
qd_007,QuickDraw,moon,m2_60,public_benchmark_v1_ext33_m2_59_anchored_quality_rescue_selector,False,no_material_improvement,0.0,0.0,0.12174937,0.12174937,0.0,14,14,0.0,1,1,0.0,0.0,0.0,0.0,0,0,0.0,0.987986,0.987986,0.0,0.66381,0.66381,0.0,0.918222,0.918222,0.0,0.986686,0.986686,0.0,0.013314,0.013314
qd_007,QuickDraw,moon,m2_60,public_benchmark_v1_ext33_m2_59_grouped_topology_g_d0_c16_i085_s4_min12_p80,False,jump_increase,-0.03006709,0.01659739,0.12174937,0.13834676,2.0,14,16,0.0,1,1,0.0,0.0,0.0,0.0,0,0,-0.038023,0.987986,0.949963,-0.002375,0.66381,0.661435,-0.032603,0.918222,0.885619,-0.000484,0.986686,0.986202,0.000484,0.013314,0.013798
qd_007,QuickDraw,moon,m2_60,public_benchmark_v1_ext33_m2_59_grouped_topology_g_d0_c16_i090_s3_min20_p80,False,jump_increase,-0.04587921,0.02496507,0.12174937,0.14671444,3.0,14,17,0.0,1,1,0.0,0.0,0.0,0.0,0,0,-0.075799,0.987986,0.912187,-0.006866,0.66381,0.656944,-0.062263,0.918222,0.855959,-0.000779,0.986686,0.985907,0.000779,0.013314,0.014093
qd_007,QuickDraw,moon,m2_60,public_benchmark_v1_ext33_m2_59_grouped_topology_g_d0_c18_i092_s4_min12_p100,False,jump_increase,-0.03006709,0.01659739,0.12174937,0.13834676,2.0,14,16,0.0,1,1,0.0,0.0,0.0,0.0,0,0,-0.038023,0.987986,0.949963,-0.002375,0.66381,0.661435,-0.032603,0.918222,0.885619,-0.000484,0.986686,0.986202,0.000484,0.013314,0.013798
qd_007,QuickDraw,moon,m2_60,public_benchmark_v1_ext33_m2_59_grouped_topology_g_d0_c18_i095_s3_min12_p120,False,jump_increase,-0.03006709,0.01659739,0.12174937,0.13834676,2.0,14,16,0.0,1,1,0.0,0.0,0.0,0.0,0,0,-0.038023,0.987986,0.949963,-0.002375,0.66381,0.661435,-0.032603,0.918222,0.885619,-0.000484,0.986686,0.986202,0.000484,0.013314,0.013798
qd_007,QuickDraw,moon,m2_60,public_benchmark_v1_ext33_m2_59_grouped_topology_g_d0_c20_i080_s5_min12_p80,False,off_mask_increase,-0.02260302,0.02857432,0.12174937,0.15032369,-1.0,14,13,0.0,1,1,1.6317,0.0,1.6317,0.0,0,0,0.0,0.987986,0.987986,-0.001158,0.66381,0.662652,0.000697,0.918222,0.918919,-0.000974,0.986686,0.985712,0.000974,0.013314,0.014288
qd_007,QuickDraw,moon,m2_60,public_benchmark_v1_ext33_m2_59_grouped_topology_g_d0_c20_i090_s4_min12_p100,False,no_material_improvement,0.0,0.0,0.12174937,0.12174937,0.0,14,14,0.0,1,1,0.0,0.0,0.0,0.0,0,0,0.0,0.987986,0.987986,0.0,0.66381,0.66381,0.0,0.918222,0.918222,0.0,0.986686,0.986686,0.0,0.013314,0.013314
qd_007,QuickDraw,moon,m2_60,public_benchmark_v1_ext33_m2_59_grouped_topology_g_d0_c20_i095_s4_min12_p100,False,no_material_improvement,0.0,0.0,0.12174937,0.12174937,0.0,14,14,0.0,1,1,0.0,0.0,0.0,0.0,0,0,0.0,0.987986,0.987986,0.0,0.66381,0.66381,0.0,0.918222,0.918222,0.0,0.986686,0.986686,0.0,0.013314,0.013314
qd_007,QuickDraw,moon,m2_60,public_benchmark_v1_ext33_m2_59_grouped_topology_g_d0_c24_i075_s6_min20_p80,False,off_mask_increase,-0.06022911,0.06497855,0.12174937,0.18672792,-1.0,14,13,0.0,1,1,3.2426,0.0,3.2426,0.0,0,0,-0.030716,0.987986,0.95727,-0.006582,0.66381,0.657228,-0.022303,0.918222,0.895919,-0.002927,0.986686,0.983759,0.002927,0.013314,0.016241
qd_007,QuickDraw,moon,m2_60,public_benchmark_v1_ext33_m2_59_grouped_topology_g_d0_c30_i070_s8_min30_p100,False,off_mask_increase,-0.06517478,0.0693683,0.12174937,0.19111767,-1.0,14,13,0.0,1,1,3.4377,0.0,3.4377,0.0,0,0,-0.045207,0.987986,0.942779,-0.006356,0.66381,0.657454,-0.03601,0.918222,0.882212,-0.002751,0.986686,0.983935,0.002751,0.013314,0.016065
qd_007,QuickDraw,moon,m2_60,public_benchmark_v1_ext33_m2_59_grouped_topology_g_d1_c20_i075_s5_min12_p80,False,off_mask_increase,-0.02262964,0.02860094,0.12174937,0.15035031,-1.0,14,13,0.0,1,1,1.6317,0.0,1.6317,0.0,0,0,0.0,0.987986,0.987986,-0.001158,0.66381,0.662652,0.000697,0.918222,0.918919,-0.000974,0.986686,0.985712,0.000974,0.013314,0.014288
qd_007,QuickDraw,moon,m2_60,public_benchmark_v1_ext33_m2_59_quality_rescue_selector,False,no_material_improvement,0.0,0.0,0.12174937,0.12174937,0.0,14,14,0.0,1,1,0.0,0.0,0.0,0.0,0,0,0.0,0.987986,0.987986,0.0,0.66381,0.66381,0.0,0.918222,0.918222,0.0,0.986686,0.986686,0.0,0.013314,0.013314
qd_007,QuickDraw,moon,m2_60,public_benchmark_v1_ext33_m2_5_learned_selector_applied,False,jump_increase,-0.17780634,0.10429128,0.12174937,0.22604065,11.0,14,25,2.0,1,3,0.0,0.0,0.0,0.0,0,0,-0.035422,0.987986,0.952564,-0.003185,0.66381,0.660625,-0.03268,0.918222,0.885542,-0.004466,0.986686,0.98222,0.004466,0.013314,0.01778
qd_007,QuickDraw,moon,m2_60,public_benchmark_v1_ext33_m2_60_maskpath_combo_rescue_selector,False,no_material_improvement,0.0,0.0,0.12174937,0.12174937,0.0,14,14,0.0,1,1,0.0,0.0,0.0,0.0,0,0,0.0,0.987986,0.987986,0.0,0.66381,0.66381,0.0,0.918222,0.918222,0.0,0.986686,0.986686,0.0,0.013314,0.013314
qd_007,QuickDraw,moon,m2_60,public_benchmark_v1_ext33_m2_60_maskpath_mp_d0_r0_c20_i095_route24_f20_min12,False,no_material_improvement,0.0,0.0,0.12174937,0.12174937,0.0,14,14,0.0,1,1,0.0,0.0,0.0,0.0,0,0,0.0,0.987986,0.987986,0.0,0.66381,0.66381,0.0,0.918222,0.918222,0.0,0.986686,0.986686,0.0,0.013314,0.013314
qd_007,QuickDraw,moon,m2_60,public_benchmark_v1_ext33_m2_60_maskpath_mp_d0_r0_c20_i095_route32_f26_min12,False,no_material_improvement,0.0,0.0,0.12174937,0.12174937,0.0,14,14,0.0,1,1,0.0,0.0,0.0,0.0,0,0,0.0,0.987986,0.987986,0.0,0.66381,0.66381,0.0,0.918222,0.918222,0.0,0.986686,0.986686,0.0,0.013314,0.013314
qd_007,QuickDraw,moon,m2_60,public_benchmark_v1_ext33_m2_60_maskpath_mp_d0_r0_c20_i095_route32_f26_min20,False,loss_increase,-0.00129965,0.00015899,0.12174937,0.12190836,0.0,14,14,0.0,1,1,0.0,0.0,0.0,0.0,0,0,-0.027743,0.987986,0.960243,-0.005325,0.66381,0.658485,-0.021142,0.918222,0.89708,-0.002823,0.986686,0.983863,0.002823,0.013314,0.016137
qd_007,QuickDraw,moon,m2_60,public_benchmark_v1_ext33_m2_60_maskpath_mp_d0_r0_c24_i090_route36_f30_min12,False,no_material_improvement,0.0,0.0,0.12174937,0.12174937,0.0,14,14,0.0,1,1,0.0,0.0,0.0,0.0,0,0,0.0,0.987986,0.987986,0.0,0.66381,0.66381,0.0,0.918222,0.918222,0.0,0.986686,0.986686,0.0,0.013314,0.013314
qd_007,QuickDraw,moon,m2_60,public_benchmark_v1_ext33_m2_60_maskpath_mp_d0_r1_c20_i095_route32_f26_min12,False,no_material_improvement,0.0,0.0,0.12174937,0.12174937,0.0,14,14,0.0,1,1,0.0,0.0,0.0,0.0,0,0,0.0,0.987986,0.987986,0.0,0.66381,0.66381,0.0,0.918222,0.918222,0.0,0.986686,0.986686,0.0,0.013314,0.013314
qd_007,QuickDraw,moon,m2_60,public_benchmark_v1_ext33_m2_60_maskpath_mp_d0_r1_c24_i090_route36_f30_min12,False,no_material_improvement,0.0,0.0,0.12174937,0.12174937,0.0,14,14,0.0,1,1,0.0,0.0,0.0,0.0,0,0,0.0,0.987986,0.987986,0.0,0.66381,0.66381,0.0,0.918222,0.918222,0.0,0.986686,0.986686,0.0,0.013314,0.013314
qd_007,QuickDraw,moon,m2_60,public_benchmark_v1_ext33_m2_60_maskpath_rescue_selector,False,no_material_improvement,0.0,0.0,0.12174937,0.12174937,0.0,14,14,0.0,1,1,0.0,0.0,0.0,0.0,0,0,0.0,0.987986,0.987986,0.0,0.66381,0.66381,0.0,0.918222,0.918222,0.0,0.986686,0.986686,0.0,0.013314,0.013314
qd_007,QuickDraw,moon,m2_60,public_benchmark_v1_ext33_m2_61_segment_graph_sg_d0_l035_c20_i095_r32_f26_min12,False,jump_increase,-0.06674526,0.03968664,0.12174937,0.16143601,4.0,14,18,1.0,1,2,0.0,0.0,0.0,0.0,0,0,-0.001486,0.987986,0.9865,0.001604,0.66381,0.665414,-0.00333,0.918222,0.914892,0.000281,0.986686,0.986967,-0.000281,0.013314,0.013033
qd_007,QuickDraw,moon,m2_60,public_benchmark_v1_ext33_m2_61_segment_graph_sg_d0_l050_c24_i090_r36_f30_min12,False,jump_increase,-0.06674526,0.03968664,0.12174937,0.16143601,4.0,14,18,1.0,1,2,0.0,0.0,0.0,0.0,0,0,-0.001486,0.987986,0.9865,0.001604,0.66381,0.665414,-0.00333,0.918222,0.914892,0.000281,0.986686,0.986967,-0.000281,0.013314,0.013033
qd_007,QuickDraw,moon,m2_60,public_benchmark_v1_ext33_m2_61_segment_graph_sg_d0_l070_c20_i095_r32_f26_min12,False,jump_increase,-0.06674526,0.03968664,0.12174937,0.16143601,4.0,14,18,1.0,1,2,0.0,0.0,0.0,0.0,0,0,-0.001486,0.987986,0.9865,0.001604,0.66381,0.665414,-0.00333,0.918222,0.914892,0.000281,0.986686,0.986967,-0.000281,0.013314,0.013033
qd_007,QuickDraw,moon,m2_60,public_benchmark_v1_ext33_m2_61_segment_graph_sg_d1_l050_c20_i095_r32_f26_min12,False,jump_increase,-0.06674526,0.03968664,0.12174937,0.16143601,4.0,14,18,1.0,1,2,0.0,0.0,0.0,0.0,0,0,-0.001486,0.987986,0.9865,0.001604,0.66381,0.665414,-0.00333,0.918222,0.914892,0.000281,0.986686,0.986967,-0.000281,0.013314,0.013033
qd_007,QuickDraw,moon,m2_60,public_benchmark_v1_ext33_m2_61_segment_graph_sg_euler_d0_l000_c20_i095_r32_f26_min12,False,no_material_improvement,0.0,0.0,0.12174937,0.12174937,0.0,14,14,0.0,1,1,0.0,0.0,0.0,0.0,0,0,0.0,0.987986,0.987986,0.0,0.66381,0.66381,0.0,0.918222,0.918222,0.0,0.986686,0.986686,0.0,0.013314,0.013314
qd_007,QuickDraw,moon,m2_60,public_benchmark_v1_ext33_m2_61_segment_graph_sg_euler_d0_l020_c24_i090_r36_f30_min12,False,jump_increase,-0.04327527,0.02521665,0.12174937,0.14696602,3.0,14,17,0.0,1,1,0.0,0.0,0.0,0.0,0,0,-0.001486,0.987986,0.9865,0.001604,0.66381,0.665414,-0.00333,0.918222,0.914892,0.000281,0.986686,0.986967,-0.000281,0.013314,0.013033
qd_007,QuickDraw,moon,m2_60,public_benchmark_v1_ext33_m2_61_segment_graph_sg_euler_d0_l035_c20_i095_r32_f26_min12,False,jump_increase,-0.06674526,0.03968664,0.12174937,0.16143601,4.0,14,18,1.0,1,2,0.0,0.0,0.0,0.0,0,0,-0.001486,0.987986,0.9865,0.001604,0.66381,0.665414,-0.00333,0.918222,0.914892,0.000281,0.986686,0.986967,-0.000281,0.013314,0.013033
qd_007,QuickDraw,moon,m2_60,public_benchmark_v1_ext33_m2_64_text_precision_rescue_selector,False,no_material_improvement,0.0,0.0,0.12174937,0.12174937,0.0,14,14,0.0,1,1,0.0,0.0,0.0,0.0,0,0,0.0,0.987986,0.987986,0.0,0.66381,0.66381,0.0,0.918222,0.918222,0.0,0.986686,0.986686,0.0,0.013314,0.013314
qd_007,QuickDraw,moon,m2_60,public_benchmark_v1_ext33_m2_65_text_legibility_rescue_selector,False,no_material_improvement,0.0,0.0,0.12174937,0.12174937,0.0,14,14,0.0,1,1,0.0,0.0,0.0,0.0,0,0,0.0,0.987986,0.987986,0.0,0.66381,0.66381,0.0,0.918222,0.918222,0.0,0.986686,0.986686,0.0,0.013314,0.013314
qd_007,QuickDraw,moon,m2_60,public_benchmark_v1_ext33_m2_66_profile_switcher,False,no_material_improvement,0.0,0.0,0.12174937,0.12174937,0.0,14,14,0.0,1,1,0.0,0.0,0.0,0.0,0,0,0.0,0.987986,0.987986,0.0,0.66381,0.66381,0.0,0.918222,0.918222,0.0,0.986686,0.986686,0.0,0.013314,0.013314
qd_007,QuickDraw,moon,m2_60,public_benchmark_v1_ext33_m2_67_line_art_profile,False,no_material_improvement,0.0,0.0,0.12174937,0.12174937,0.0,14,14,0.0,1,1,0.0,0.0,0.0,0.0,0,0,0.0,0.987986,0.987986,0.0,0.66381,0.66381,0.0,0.918222,0.918222,0.0,0.986686,0.986686,0.0,0.013314,0.013314
qd_007,QuickDraw,moon,m2_60,public_benchmark_v1_ext33_m2_68_shape_aware_profile,False,no_material_improvement,0.0,0.0,0.12174937,0.12174937,0.0,14,14,0.0,1,1,0.0,0.0,0.0,0.0,0,0,0.0,0.987986,0.987986,0.0,0.66381,0.66381,0.0,0.918222,0.918222,0.0,0.986686,0.986686,0.0,0.013314,0.013314
qd_007,QuickDraw,moon,m2_60,public_benchmark_v1_ext33_m2_69_text_wku_profile,False,no_material_improvement,0.0,0.0,0.12174937,0.12174937,0.0,14,14,0.0,1,1,0.0,0.0,0.0,0.0,0,0,0.0,0.987986,0.987986,0.0,0.66381,0.66381,0.0,0.918222,0.918222,0.0,0.986686,0.986686,0.0,0.013314,0.013314
qd_007,QuickDraw,moon,m2_60,public_benchmark_v1_ext33_mask_fill_edgewalk_dtsatin_o3_i8_s14_p90,False,candidate_hard_fail,-3.33118989,0.27825063,0.12174937,0.4,472.0,14,486,71.0,1,72,0.0,0.0,0.0,0.0,0,0,0.012014,0.987986,1.0,-0.208372,0.66381,0.455438,0.067839,0.918222,0.986061,-0.268444,0.986686,0.718242,0.268444,0.013314,0.281758
qd_007,QuickDraw,moon,m2_60,public_benchmark_v1_ext33_mask_fill_edgewalk_dtsatin_o3_i9_s7,False,candidate_hard_fail,-3.33118989,0.27825063,0.12174937,0.4,472.0,14,486,71.0,1,72,0.0,0.0,0.0,0.0,0,0,0.012014,0.987986,1.0,-0.208372,0.66381,0.455438,0.067839,0.918222,0.986061,-0.268444,0.986686,0.718242,0.268444,0.013314,0.281758
qd_007,QuickDraw,moon,m2_60,public_benchmark_v1_ext33_mask_fill_edgewalk_nearest_rows16_p40,False,candidate_hard_fail,-3.31915157,0.27825063,0.12174937,0.4,470.0,14,484,71.0,1,72,0.0,0.0,0.0,0.0,0,0,0.012014,0.987986,1.0,-0.207317,0.66381,0.456493,0.067374,0.918222,0.985596,-0.267118,0.986686,0.719568,0.267118,0.013314,0.280432
qd_007,QuickDraw,moon,m2_60,public_benchmark_v1_ext33_mask_fill_edgewalk_nearestrow_adapt_t2_m5_rows16_p40,False,jump_increase,-0.03587363,0.02118423,0.12174937,0.1429336,1.0,14,15,2.0,1,3,0.0,0.0,0.0,0.0,0,0,-0.0135,0.987986,0.974486,-0.016238,0.66381,0.647572,-0.045536,0.918222,0.872686,-0.059196,0.986686,0.92749,0.059196,0.013314,0.07251
qd_007,QuickDraw,moon,m2_60,public_benchmark_v1_ext33_mask_fill_edgewalk_nearestrow_adapt_t3_m6_rows16_p40,False,jump_increase,-0.03587363,0.02118423,0.12174937,0.1429336,1.0,14,15,2.0,1,3,0.0,0.0,0.0,0.0,0,0,-0.0135,0.987986,0.974486,-0.016238,0.66381,0.647572,-0.045536,0.918222,0.872686,-0.059196,0.986686,0.92749,0.059196,0.013314,0.07251
qd_007,QuickDraw,moon,m2_60,public_benchmark_v1_ext33_mask_fill_edgewalk_nearestrow_adapt_t4_m8_rows16_p40,False,jump_increase,-0.03563979,0.02116943,0.12174937,0.1429188,1.0,14,15,2.0,1,3,0.0,0.0,0.0,0.0,0,0,0.001239,0.987986,0.989225,-0.056941,0.66381,0.606869,0.009061,0.918222,0.927283,-0.076877,0.986686,0.909809,0.076877,0.013314,0.090191
qd_007,QuickDraw,moon,m2_60,public_benchmark_v1_ext33_mask_fill_edgewalk_nearestrow_evalfill_rows16_p40,False,off_mask_increase,-0.10272734,0.0880005,0.12174937,0.20974987,-1.0,14,13,1.0,1,2,3.9769,0.0,3.9769,0.0,0,0,0.012014,0.987986,1.0,-0.405912,0.66381,0.257898,0.081778,0.918222,1.0,-0.574222,0.986686,0.412464,0.574222,0.013314,0.587536
qd_007,QuickDraw,moon,m2_60,public_benchmark_v1_ext33_mask_fill_edgewalk_nearestrow_inset1_rows16_p40,False,jump_increase,-0.03563979,0.02116943,0.12174937,0.1429188,1.0,14,15,2.0,1,3,0.0,0.0,0.0,0.0,0,0,0.001239,0.987986,0.989225,-0.056941,0.66381,0.606869,0.009061,0.918222,0.927283,-0.076877,0.986686,0.909809,0.076877,0.013314,0.090191
qd_007,QuickDraw,moon,m2_60,public_benchmark_v1_ext33_mask_fill_edgewalk_nearestrow_inset2_rows16_p40,False,trim_increase,-0.01472094,0.00713642,0.12174937,0.12888579,0.0,14,14,1.0,1,2,0.0,0.0,0.0,0.0,0,0,-0.054124,0.987986,0.933862,-0.002058,0.66381,0.661752,-0.106404,0.918222,0.811818,-0.06664,0.986686,0.920046,0.06664,0.013314,0.079954
qd_007,QuickDraw,moon,m2_60,public_benchmark_v1_ext33_mask_fill_edgewalk_nearestrow_qdirect_rows16_p40,False,jump_increase,-0.1333999,0.07769182,0.12174937,0.19944119,7.0,14,21,3.0,1,4,0.0,0.0,0.0,0.0,0,0,0.012014,0.987986,1.0,-0.135199,0.66381,0.528611,0.053202,0.918222,0.971424,-0.165421,0.986686,0.821265,0.165421,0.013314,0.178735
qd_007,QuickDraw,moon,m2_60,public_benchmark_v1_ext33_mask_fill_edgewalk_nearestrow_qpath090_rows16_p40,False,jump_increase,-0.1333999,0.07769182,0.12174937,0.19944119,7.0,14,21,3.0,1,4,0.0,0.0,0.0,0.0,0,0,0.012014,0.987986,1.0,-0.135199,0.66381,0.528611,0.053202,0.918222,0.971424,-0.165421,0.986686,0.821265,0.165421,0.013314,0.178735
qd_007,QuickDraw,moon,m2_60,public_benchmark_v1_ext33_mask_fill_edgewalk_nearestrow_qpath095_rows16_p40,False,jump_increase,-0.1333999,0.07769182,0.12174937,0.19944119,7.0,14,21,3.0,1,4,0.0,0.0,0.0,0.0,0,0,0.012014,0.987986,1.0,-0.135199,0.66381,0.528611,0.053202,0.918222,0.971424,-0.165421,0.986686,0.821265,0.165421,0.013314,0.178735
qd_007,QuickDraw,moon,m2_60,public_benchmark_v1_ext33_mask_fill_edgewalk_nearestrow_quantvalid_rows16_p40,False,jump_increase,-0.1333999,0.07769182,0.12174937,0.19944119,7.0,14,21,3.0,1,4,0.0,0.0,0.0,0.0,0,0,0.012014,0.987986,1.0,-0.135199,0.66381,0.528611,0.053202,0.918222,0.971424,-0.165421,0.986686,0.821265,0.165421,0.013314,0.178735
qd_007,QuickDraw,moon,m2_60,public_benchmark_v1_ext33_mask_fill_edgewalk_nearestrow_rows16_p40,False,jump_increase,-0.1333999,0.07769182,0.12174937,0.19944119,7.0,14,21,3.0,1,4,0.0,0.0,0.0,0.0,0,0,0.012014,0.987986,1.0,-0.135199,0.66381,0.528611,0.053202,0.918222,0.971424,-0.165421,0.986686,0.821265,0.165421,0.013314,0.178735
qd_007,QuickDraw,moon,m2_60,public_benchmark_v1_ext33_mask_fill_edgewalk_nearestrow_safeadt_rows16_p40,False,jump_increase,-0.08296298,0.04042796,0.12174937,0.16217733,4.0,14,18,1.0,1,2,0.0,0.0,0.0,0.0,0,0,0.012014,0.987986,1.0,-0.363751,0.66381,0.300059,0.081778,0.918222,1.0,-0.506792,0.986686,0.479894,0.506792,0.013314,0.520106
qd_007,QuickDraw,moon,m2_60,public_benchmark_v1_ext33_mask_fill_edgewalk_nearestrow_safeadt_t2m5_r035_a32_rows16_p40,False,jump_increase,-0.08296298,0.04042796,0.12174937,0.16217733,4.0,14,18,1.0,1,2,0.0,0.0,0.0,0.0,0,0,0.012014,0.987986,1.0,-0.363751,0.66381,0.300059,0.081778,0.918222,1.0,-0.506792,0.986686,0.479894,0.506792,0.013314,0.520106
qd_007,QuickDraw,moon,m2_60,public_benchmark_v1_ext33_mask_fill_edgewalk_nearestrow_safeadt_t2m5_r055_a64_rows16_p40,False,jump_increase,-0.08296298,0.04042796,0.12174937,0.16217733,4.0,14,18,1.0,1,2,0.0,0.0,0.0,0.0,0,0,0.012014,0.987986,1.0,-0.363751,0.66381,0.300059,0.081778,0.918222,1.0,-0.506792,0.986686,0.479894,0.506792,0.013314,0.520106
qd_007,QuickDraw,moon,m2_60,public_benchmark_v1_ext33_mask_fill_edgewalk_nearestrow_segvalid_rows16_p40,False,jump_increase,-0.1333999,0.07769182,0.12174937,0.19944119,7.0,14,21,3.0,1,4,0.0,0.0,0.0,0.0,0,0,0.012014,0.987986,1.0,-0.135199,0.66381,0.528611,0.053202,0.918222,0.971424,-0.165421,0.986686,0.821265,0.165421,0.013314,0.178735
qd_007,QuickDraw,moon,m2_60,public_benchmark_v1_ext33_mask_fill_edgewalk_nearestrow_strict_p20_rows16,False,jump_increase,-0.16169611,0.09429871,0.12174937,0.21604808,9.0,14,23,3.0,1,4,0.0,0.0,0.0,0.0,0,0,0.012014,0.987986,1.0,-0.128328,0.66381,0.535482,0.052118,0.918222,0.97034,-0.155674,0.986686,0.831012,0.155674,0.013314,0.168988
qd_007,QuickDraw,moon,m2_60,public_benchmark_v1_ext33_mask_fill_edgewalk_nearestrow_strict_p40_rows16,False,jump_increase,-0.1333999,0.07769182,0.12174937,0.19944119,7.0,14,21,3.0,1,4,0.0,0.0,0.0,0.0,0,0,0.012014,0.987986,1.0,-0.135199,0.66381,0.528611,0.053202,0.918222,0.971424,-0.165421,0.986686,0.821265,0.165421,0.013314,0.178735
qd_007,QuickDraw,moon,m2_60,public_benchmark_v1_ext33_mask_fill_edgewalk_outline_ext_in2_rows16_p40,False,candidate_hard_fail,-3.38034605,0.27825063,0.12174937,0.4,479.0,14,493,73.0,1,74,0.0,0.0,0.0,0.0,0,0,0.012014,0.987986,1.0,-0.23893,0.66381,0.42488,0.080307,0.918222,0.998529,-0.308162,0.986686,0.678524,0.308162,0.013314,0.321476
qd_007,QuickDraw,moon,m2_60,public_benchmark_v1_ext33_mask_fill_edgewalk_outline_ext_in3_rows16_p40,False,candidate_hard_fail,-3.42119121,0.27825063,0.12174937,0.4,486.0,14,500,73.0,1,74,0.0,0.0,0.0,0.0,0,0,0.012014,0.987986,1.0,-0.208398,0.66381,0.455412,0.067839,0.918222,0.986061,-0.268484,0.986686,0.718202,0.268484,0.013314,0.281798
qd_007,QuickDraw,moon,m2_60,public_benchmark_v1_ext33_mask_fill_edgewalk_outline_ext_rows16_p40,False,candidate_hard_fail,-3.66566757,0.55600003,0.12174937,0.6777494,480.0,14,494,73.0,1,74,10.3242,0.0,10.3242,3.0,0,3,0.012014,0.987986,1.0,-0.269976,0.66381,0.393834,0.081546,0.918222,0.999768,-0.356961,0.986686,0.629725,0.356961,0.013314,0.370275
qd_007,QuickDraw,moon,m2_60,public_benchmark_v1_ext33_mask_fill_edgewalk_outline_rows16_p40,False,candidate_hard_fail,-3.65966757,0.55600003,0.12174937,0.6777494,479.0,14,493,73.0,1,74,10.3242,0.0,10.3242,3.0,0,3,0.012014,0.987986,1.0,-0.269976,0.66381,0.393834,0.081546,0.918222,0.999768,-0.356961,0.986686,0.629725,0.356961,0.013314,0.370275
qd_007,QuickDraw,moon,m2_60,public_benchmark_v1_ext33_mask_fill_edgewalk_rows16_p24,False,candidate_hard_fail,-3.43814713,0.27825063,0.12174937,0.4,488.0,14,502,75.0,1,76,0.0,0.0,0.0,0.0,0,0,0.012014,0.987986,1.0,-0.185861,0.66381,0.477949,0.064509,0.918222,0.982731,-0.235487,0.986686,0.751199,0.235487,0.013314,0.248801
qd_007,QuickDraw,moon,m2_60,public_benchmark_v1_ext33_mask_fill_edgewalk_rows16_p40,False,candidate_hard_fail,-3.33118989,0.27825063,0.12174937,0.4,472.0,14,486,71.0,1,72,0.0,0.0,0.0,0.0,0,0,0.012014,0.987986,1.0,-0.208372,0.66381,0.455438,0.067839,0.918222,0.986061,-0.268444,0.986686,0.718242,0.268444,0.013314,0.281758
qd_007,QuickDraw,moon,m2_60,public_benchmark_v1_ext33_mask_fill_edgewalk_rows20_p24,False,candidate_hard_fail,-2.90720663,0.27825063,0.12174937,0.4,406.0,14,420,62.0,1,63,0.0,0.0,0.0,0.0,0,0,0.007431,0.987986,0.995417,-0.169225,0.66381,0.494585,0.039572,0.918222,0.957794,-0.225578,0.986686,0.761108,0.225578,0.013314,0.238892
qd_007,QuickDraw,moon,m2_60,public_benchmark_v1_ext33_mask_fill_edgewalk_satin_w4_s6_i3,False,candidate_hard_fail,-3.42140245,0.27825063,0.12174937,0.4,486.0,14,500,73.0,1,74,0.0,0.0,0.0,0.0,0,0,0.012014,0.987986,1.0,-0.212496,0.66381,0.451314,0.067839,0.918222,0.986061,-0.274948,0.986686,0.711738,0.274948,0.013314,0.288262
qd_007,QuickDraw,moon,m2_60,public_benchmark_v1_ext33_mask_fill_edgewalk_satin_w6_s5_i3,False,candidate_hard_fail,-3.41541155,0.27825063,0.12174937,0.4,485.0,14,499,73.0,1,74,0.0,0.0,0.0,0.0,0,0,0.012014,0.987986,1.0,-0.212673,0.66381,0.451137,0.067839,0.918222,0.986061,-0.275226,0.986686,0.71146,0.275226,0.013314,0.28854
qd_007,QuickDraw,moon,m2_60,public_benchmark_v1_ext33_mask_fill_edgewalk_satin_w8_s7_i4,False,candidate_hard_fail,-3.33118989,0.27825063,0.12174937,0.4,472.0,14,486,71.0,1,72,0.0,0.0,0.0,0.0,0,0,0.012014,0.987986,1.0,-0.208372,0.66381,0.455438,0.067839,0.918222,0.986061,-0.268444,0.986686,0.718242,0.268444,0.013314,0.281758
qd_007,QuickDraw,moon,m2_60,public_benchmark_v1_ext33_mask_fill_edgewalk_satinrail_w10_s8_i5,False,candidate_hard_fail,-3.33118989,0.27825063,0.12174937,0.4,472.0,14,486,71.0,1,72,0.0,0.0,0.0,0.0,0,0,0.012014,0.987986,1.0,-0.208372,0.66381,0.455438,0.067839,0.918222,0.986061,-0.268444,0.986686,0.718242,0.268444,0.013314,0.281758
qd_007,QuickDraw,moon,m2_60,public_benchmark_v1_ext33_mask_fill_edgewalk_satinrail_w6_s6_i3,False,candidate_hard_fail,-3.41533073,0.27825063,0.12174937,0.4,485.0,14,499,73.0,1,74,0.0,0.0,0.0,0.0,0,0,0.012014,0.987986,1.0,-0.211105,0.66381,0.452705,0.067839,0.918222,0.986061,-0.272753,0.986686,0.713933,0.272753,0.013314,0.286067
qd_007,QuickDraw,moon,m2_60,public_benchmark_v1_ext33_mask_fill_edgewalk_satinrail_w8_s7_i4,False,candidate_hard_fail,-3.33118989,0.27825063,0.12174937,0.4,472.0,14,486,71.0,1,72,0.0,0.0,0.0,0.0,0,0,0.012014,0.987986,1.0,-0.208372,0.66381,0.455438,0.067839,0.918222,0.986061,-0.268444,0.986686,0.718242,0.268444,0.013314,0.281758
qd_007,QuickDraw,moon,m2_60,public_benchmark_v1_ext33_mask_fill_edgewalk_styleaware_r008_d45,False,candidate_hard_fail,-0.53970749,0.17612465,0.12174937,0.29787402,55.0,14,69,11.0,1,12,0.0,0.0,0.0,0.0,0,0,0.003468,0.987986,0.991454,-0.015264,0.66381,0.648546,0.004259,0.918222,0.922481,-0.021605,0.986686,0.965081,0.021605,0.013314,0.034919
qd_007,QuickDraw,moon,m2_60,public_benchmark_v1_ext33_mask_fill_nearestrow_strict_short_rows16,False,candidate_hard_fail,-0.2024015,0.11115458,0.12174937,0.23290395,13.0,14,27,3.0,1,4,0.0,0.0,0.0,0.0,0,0,0.012014,0.987986,1.0,-0.12504,0.66381,0.53877,0.051653,0.918222,0.969875,-0.150973,0.986686,0.835713,0.150973,0.013314,0.164287
qd_007,QuickDraw,moon,m2_60,public_benchmark_v1_ext33_mask_fill_rows12_c10,False,candidate_hard_fail,-6.05274789,0.27825063,0.12174937,0.4,899.0,14,913,125.0,1,126,0.0,0.0,0.0,0.0,0,0,0.012014,0.987986,1.0,-0.170561,0.66381,0.493249,0.081623,0.918222,0.999845,-0.197939,0.986686,0.788747,0.197939,0.013314,0.211253
qd_007,QuickDraw,moon,m2_60,public_benchmark_v1_ext33_mask_fill_rows12_c6,False,candidate_hard_fail,-6.17823665,0.27825063,0.12174937,0.4,920.0,14,934,125.0,1,126,0.0,0.0,0.0,0.0,0,0,0.012014,0.987986,1.0,-0.160726,0.66381,0.503084,0.081623,0.918222,0.999845,-0.182212,0.986686,0.804474,0.182212,0.013314,0.195526
qd_007,QuickDraw,moon,m2_60,public_benchmark_v1_ext33_mask_fill_rows16_c12_in025,False,candidate_hard_fail,-3.71147957,0.27825063,0.12174937,0.4,534.0,14,548,75.0,1,76,0.0,0.0,0.0,0.0,0,0,0.012014,0.987986,1.0,-0.127901,0.66381,0.535909,0.056067,0.918222,0.974289,-0.151627,0.986686,0.835059,0.151627,0.013314,0.164941
qd_007,QuickDraw,moon,m2_60,public_benchmark_v1_ext33_mask_fill_rows16_c12_in050,False,candidate_hard_fail,-3.71147957,0.27825063,0.12174937,0.4,534.0,14,548,75.0,1,76,0.0,0.0,0.0,0.0,0,0,0.012014,0.987986,1.0,-0.127901,0.66381,0.535909,0.056067,0.918222,0.974289,-0.151627,0.986686,0.835059,0.151627,0.013314,0.164941
qd_007,QuickDraw,moon,m2_60,public_benchmark_v1_ext33_mask_fill_rows16_c6,False,candidate_hard_fail,-3.78302773,0.27825063,0.12174937,0.4,546.0,14,560,75.0,1,76,0.0,0.0,0.0,0.0,0,0,0.012014,0.987986,1.0,-0.115491,0.66381,0.548319,0.051189,0.918222,0.969411,-0.136567,0.986686,0.850119,0.136567,0.013314,0.149881
qd_007,QuickDraw,moon,m2_60,public_benchmark_v1_ext33_mask_fill_rows20_c12_in050,False,candidate_hard_fail,-3.32255787,0.43746271,0.12174937,0.55921208,449.0,14,463,62.0,1,63,4.2071,0.0,4.2071,2.0,0,2,-0.002972,0.987986,0.985014,-0.111595,0.66381,0.552215,0.012236,0.918222,0.930458,-0.152427,0.986686,0.834259,0.152427,0.013314,0.165741
qd_007,QuickDraw,moon,m2_60,public_benchmark_v1_ext33_m2_70_line_art_jump_profile,False,no_material_improvement,0.0,0.0,0.12174937,0.12174937,0.0,14,14,0.0,1,1,0.0,0.0,0.0,0.0,0,0,0.0,0.987986,0.987986,0.0,0.66381,0.66381,0.0,0.918222,0.918222,0.0,0.986686,0.986686,0.0,0.013314,0.013314
qd_007,QuickDraw,moon,m2_60,public_benchmark_v1_ext33_m2_71_maskpath_d1_c24_i090_r42_f32_min8,False,off_mask_increase,-0.02222974,0.0285424,0.12174937,0.15029177,-1.0,14,13,0.0,1,1,1.6317,0.0,1.6317,0.0,0,0,0.008918,0.987986,0.996904,-0.000631,0.66381,0.663179,0.008286,0.918222,0.926508,-0.00094,0.986686,0.985746,0.00094,0.013314,0.014254
qd_007,QuickDraw,moon,m2_60,public_benchmark_v1_ext33_m2_71_maskpath_d2_c28_i085_r48_f36_min6,False,off_mask_increase,-0.02223168,0.0285424,0.12174937,0.15029177,-1.0,14,13,0.0,1,1,1.6317,0.0,1.6317,0.0,0,0,0.008918,0.987986,0.996904,-0.000413,0.66381,0.663397,0.007976,0.918222,0.926198,-0.000945,0.986686,0.985741,0.000945,0.013314,0.014259
qd_007,QuickDraw,moon,m2_60,public_benchmark_v1_ext33_m2_71_sg_euler_d1_c24_i090_r42_f32_min8,False,off_mask_increase,-0.05388518,0.05415766,0.12174937,0.17590703,0.0,14,14,0.0,1,1,2.3774,0.0,2.3774,0.0,0,0,0.008546,0.987986,0.996532,0.000106,0.66381,0.663916,0.006428,0.918222,0.92465,-0.001456,0.986686,0.98523,0.001456,0.013314,0.01477
qd_007,QuickDraw,moon,m2_60,public_benchmark_v1_ext33_m2_71_sg_open_d1_c24_i090_r42_f32_min8,False,off_mask_increase,-0.05388518,0.05415766,0.12174937,0.17590703,0.0,14,14,0.0,1,1,2.3774,0.0,2.3774,0.0,0,0,0.008546,0.987986,0.996532,0.000106,0.66381,0.663916,0.006428,0.918222,0.92465,-0.001456,0.986686,0.98523,0.001456,0.013314,0.01477
qd_008,QuickDraw,star,inset2,public_benchmark_v1_ext33_all_skeleton_connect20_trimcap20,False,jump_increase,-0.13331897,0.07932673,0.03308916,0.11241589,8.0,4,12,2.0,0,2,0.0,0.0,0.0,0.0,0,0,0.005083,0.990681,0.995764,-0.060276,0.733626,0.67335,0.068474,0.846764,0.915238,-0.012893,0.991468,0.978575,0.012893,0.008532,0.021425
qd_008,QuickDraw,star,inset2,public_benchmark_v1_ext33_all_skeleton_connect30_min12_trimcap20,False,jump_increase,-0.16228087,0.09594195,0.03308916,0.12903111,10.0,4,14,2.0,0,2,0.0,0.0,0.0,0.0,0,0,-0.002033,0.990681,0.988648,-0.061778,0.733626,0.671848,0.061937,0.846764,0.908701,-0.015072,0.991468,0.976396,0.015072,0.008532,0.023604
qd_008,QuickDraw,star,inset2,public_benchmark_v1_ext33_all_skeleton_connect30_min20_trimcap20,False,jump_increase,-0.17720615,0.10406865,0.03308916,0.13715781,11.0,4,15,2.0,0,2,0.0,0.0,0.0,0.0,0,0,-0.022704,0.990681,0.967977,-0.063558,0.733626,0.670068,0.044899,0.846764,0.891663,-0.015512,0.991468,0.975956,0.015512,0.008532,0.024044
qd_008,QuickDraw,star,inset2,public_benchmark_v1_ext33_all_skeleton_connect30_min8_trimcap20,False,jump_increase,-0.16228087,0.09594195,0.03308916,0.12903111,10.0,4,14,2.0,0,2,0.0,0.0,0.0,0.0,0,0,-0.002033,0.990681,0.988648,-0.061778,0.733626,0.671848,0.061937,0.846764,0.908701,-0.015072,0.991468,0.976396,0.015072,0.008532,0.023604
qd_008,QuickDraw,star,inset2,public_benchmark_v1_ext33_all_skeleton_connect30_trimcap20,False,jump_increase,-0.13331897,0.07932673,0.03308916,0.11241589,8.0,4,12,2.0,0,2,0.0,0.0,0.0,0.0,0,0,0.005083,0.990681,0.995764,-0.060276,0.733626,0.67335,0.068474,0.846764,0.915238,-0.012893,0.991468,0.978575,0.012893,0.008532,0.021425
qd_008,QuickDraw,star,inset2,public_benchmark_v1_ext33_auto_hybrid_evalrepair_r10_c20_trimcap20,False,jump_increase,-0.13331897,0.07932673,0.03308916,0.11241589,8.0,4,12,2.0,0,2,0.0,0.0,0.0,0.0,0,0,0.005083,0.990681,0.995764,-0.060276,0.733626,0.67335,0.068474,0.846764,0.915238,-0.012893,0.991468,0.978575,0.012893,0.008532,0.021425
qd_008,QuickDraw,star,inset2,public_benchmark_v1_ext33_auto_hybrid_evalrepair_r10_inside085_c20_trimcap20,False,jump_increase,-0.13331897,0.07932673,0.03308916,0.11241589,8.0,4,12,2.0,0,2,0.0,0.0,0.0,0.0,0,0,0.005083,0.990681,0.995764,-0.060276,0.733626,0.67335,0.068474,0.846764,0.915238,-0.012893,0.991468,0.978575,0.012893,0.008532,0.021425
qd_008,QuickDraw,star,inset2,public_benchmark_v1_ext33_auto_hybrid_evalrepair_r10_inside090_c20_trimcap20,False,jump_increase,-0.13331897,0.07932673,0.03308916,0.11241589,8.0,4,12,2.0,0,2,0.0,0.0,0.0,0.0,0,0,0.005083,0.990681,0.995764,-0.060276,0.733626,0.67335,0.068474,0.846764,0.915238,-0.012893,0.991468,0.978575,0.012893,0.008532,0.021425
qd_008,QuickDraw,star,inset2,public_benchmark_v1_ext33_auto_hybrid_evalrepair_r15_c20_trimcap20,False,jump_increase,-0.13331897,0.07932673,0.03308916,0.11241589,8.0,4,12,2.0,0,2,0.0,0.0,0.0,0.0,0,0,0.005083,0.990681,0.995764,-0.060276,0.733626,0.67335,0.068474,0.846764,0.915238,-0.012893,0.991468,0.978575,0.012893,0.008532,0.021425
qd_008,QuickDraw,star,inset2,public_benchmark_v1_ext33_auto_hybrid_evalrepair_r15_inside090_c20_trimcap20,False,jump_increase,-0.13331897,0.07932673,0.03308916,0.11241589,8.0,4,12,2.0,0,2,0.0,0.0,0.0,0.0,0,0,0.005083,0.990681,0.995764,-0.060276,0.733626,0.67335,0.068474,0.846764,0.915238,-0.012893,0.991468,0.978575,0.012893,0.008532,0.021425
qd_008,QuickDraw,star,inset2,public_benchmark_v1_ext33_auto_hybrid_r10_c16_trimcap20,False,jump_increase,-0.13331897,0.07932673,0.03308916,0.11241589,8.0,4,12,2.0,0,2,0.0,0.0,0.0,0.0,0,0,0.005083,0.990681,0.995764,-0.060276,0.733626,0.67335,0.068474,0.846764,0.915238,-0.012893,0.991468,0.978575,0.012893,0.008532,0.021425
qd_008,QuickDraw,star,inset2,public_benchmark_v1_ext33_auto_hybrid_r10_c20_trimcap20,False,jump_increase,-0.13331897,0.07932673,0.03308916,0.11241589,8.0,4,12,2.0,0,2,0.0,0.0,0.0,0.0,0,0,0.005083,0.990681,0.995764,-0.060276,0.733626,0.67335,0.068474,0.846764,0.915238,-0.012893,0.991468,0.978575,0.012893,0.008532,0.021425
qd_008,QuickDraw,star,inset2,public_benchmark_v1_ext33_auto_hybrid_r125_c16_trimcap20,False,jump_increase,-0.13331897,0.07932673,0.03308916,0.11241589,8.0,4,12,2.0,0,2,0.0,0.0,0.0,0.0,0,0,0.005083,0.990681,0.995764,-0.060276,0.733626,0.67335,0.068474,0.846764,0.915238,-0.012893,0.991468,0.978575,0.012893,0.008532,0.021425
qd_008,QuickDraw,star,inset2,public_benchmark_v1_ext33_auto_hybrid_r125_c20_trimcap20,False,jump_increase,-0.13331897,0.07932673,0.03308916,0.11241589,8.0,4,12,2.0,0,2,0.0,0.0,0.0,0.0,0,0,0.005083,0.990681,0.995764,-0.060276,0.733626,0.67335,0.068474,0.846764,0.915238,-0.012893,0.991468,0.978575,0.012893,0.008532,0.021425
qd_008,QuickDraw,star,inset2,public_benchmark_v1_ext33_auto_hybrid_skeleton_connect12_trimcap20,False,jump_increase,-0.14750672,0.08773484,0.03308916,0.120824,9.0,4,13,2.0,0,2,0.0,0.0,0.0,0.0,0,0,0.005083,0.990681,0.995764,-0.053968,0.733626,0.679658,0.066331,0.846764,0.913095,-0.00604,0.991468,0.985428,0.00604,0.008532,0.014572
qd_008,QuickDraw,star,inset2,public_benchmark_v1_ext33_b0_m2_1_globalrepair20,False,candidate_hard_fail,-0.35122108,0.31607498,0.03308916,0.34916414,2.0,4,6,0.0,0,0,6648.4543,0.0,6648.4543,1549.0,0,1549,-0.014063,0.990681,0.976618,-0.531125,0.733626,0.202501,0.076618,0.846764,0.923382,-0.688735,0.991468,0.302733,0.688735,0.008532,0.697267
qd_008,QuickDraw,star,inset2,public_benchmark_v1_ext33_m2_4_coverage_rerank,False,jump_increase,-0.13331897,0.07932673,0.03308916,0.11241589,8.0,4,12,2.0,0,2,0.0,0.0,0.0,0.0,0,0,0.005083,0.990681,0.995764,-0.060276,0.733626,0.67335,0.068474,0.846764,0.915238,-0.012893,0.991468,0.978575,0.012893,0.008532,0.021425
qd_008,QuickDraw,star,inset2,public_benchmark_v1_ext33_m2_4_coverage_rerank_connect30,False,jump_increase,-0.13331897,0.07932673,0.03308916,0.11241589,8.0,4,12,2.0,0,2,0.0,0.0,0.0,0.0,0,0,0.005083,0.990681,0.995764,-0.060276,0.733626,0.67335,0.068474,0.846764,0.915238,-0.012893,0.991468,0.978575,0.012893,0.008532,0.021425
qd_008,QuickDraw,star,inset2,public_benchmark_v1_ext33_m2_4_coverage_rerank_min12,False,jump_increase,-0.13331897,0.07932673,0.03308916,0.11241589,8.0,4,12,2.0,0,2,0.0,0.0,0.0,0.0,0,0,0.005083,0.990681,0.995764,-0.060276,0.733626,0.67335,0.068474,0.846764,0.915238,-0.012893,0.991468,0.978575,0.012893,0.008532,0.021425
qd_008,QuickDraw,star,inset2,public_benchmark_v1_ext33_m2_4_coverage_rerank_min20,False,jump_increase,-0.13331897,0.07932673,0.03308916,0.11241589,8.0,4,12,2.0,0,2,0.0,0.0,0.0,0.0,0,0,0.005083,0.990681,0.995764,-0.060276,0.733626,0.67335,0.068474,0.846764,0.915238,-0.012893,0.991468,0.978575,0.012893,0.008532,0.021425
qd_008,QuickDraw,star,inset2,public_benchmark_v1_ext33_m2_4_coverage_rerank_min8,False,jump_increase,-0.13331897,0.07932673,0.03308916,0.11241589,8.0,4,12,2.0,0,2,0.0,0.0,0.0,0.0,0,0,0.005083,0.990681,0.995764,-0.060276,0.733626,0.67335,0.068474,0.846764,0.915238,-0.012893,0.991468,0.978575,0.012893,0.008532,0.021425
qd_008,QuickDraw,star,inset2,public_benchmark_v1_ext33_m2_51_sweeptuned_gate_balanced_applied,False,absolute_adaptive_coverage_too_low,0.0,0.0,0.03308916,0.03308916,0.0,4,4,0.0,0,0,0.0,0.0,0.0,0.0,0,0,0.0,0.990681,0.990681,0.0,0.733626,0.733626,0.0,0.846764,0.846764,0.0,0.991468,0.991468,0.0,0.008532,0.008532
qd_008,QuickDraw,star,inset2,public_benchmark_v1_ext33_m2_51_sweeptuned_gate_low_jump_applied,False,absolute_adaptive_coverage_too_low,0.0,0.0,0.03308916,0.03308916,0.0,4,4,0.0,0,0,0.0,0.0,0.0,0.0,0,0,0.0,0.990681,0.990681,0.0,0.733626,0.733626,0.0,0.846764,0.846764,0.0,0.991468,0.991468,0.0,0.008532,0.008532
qd_008,QuickDraw,star,inset2,public_benchmark_v1_ext33_m2_55_line_domain_guard_low_jump,False,absolute_adaptive_coverage_too_low,0.0,0.0,0.03308916,0.03308916,0.0,4,4,0.0,0,0,0.0,0.0,0.0,0.0,0,0,0.0,0.990681,0.990681,0.0,0.733626,0.733626,0.0,0.846764,0.846764,0.0,0.991468,0.991468,0.0,0.008532,0.008532
qd_008,QuickDraw,star,inset2,public_benchmark_v1_ext33_m2_56_line_stroke_d0_c12_i090,False,jump_increase,-0.17640026,0.10421174,0.03308916,0.1373009,11.0,4,15,2.0,0,2,0.0,0.0,0.0,0.0,0,0,-0.005591,0.990681,0.98509,-0.053785,0.733626,0.679841,0.056151,0.846764,0.902915,-0.006201,0.991468,0.985267,0.006201,0.008532,0.014733
qd_008,QuickDraw,star,inset2,public_benchmark_v1_ext33_m2_56_line_stroke_d0_c12_i090_min12,False,jump_increase,-0.17640026,0.10421174,0.03308916,0.1373009,11.0,4,15,2.0,0,2,0.0,0.0,0.0,0.0,0,0,-0.005591,0.990681,0.98509,-0.053785,0.733626,0.679841,0.056151,0.846764,0.902915,-0.006201,0.991468,0.985267,0.006201,0.008532,0.014733
qd_008,QuickDraw,star,inset2,public_benchmark_v1_ext33_m2_56_line_stroke_d0_c12_i090_min20,False,jump_increase,-0.19141884,0.11233844,0.03308916,0.1454276,12.0,4,16,2.0,0,2,0.0,0.0,0.0,0.0,0,0,-0.028804,0.990681,0.961877,-0.055451,0.733626,0.678175,0.036755,0.846764,0.883519,-0.00652,0.991468,0.984948,0.00652,0.008532,0.015052
qd_008,QuickDraw,star,inset2,public_benchmark_v1_ext33_m2_56_line_stroke_d0_c12_i090_min30,False,jump_increase,-0.20413851,0.11846309,0.03308916,0.15155225,12.0,4,16,3.0,0,3,0.0,0.0,0.0,0.0,0,0,-0.121654,0.990681,0.869027,-0.065874,0.733626,0.667752,-0.03772,0.846764,0.809044,-0.008523,0.991468,0.982945,0.008523,0.008532,0.017055
qd_008,QuickDraw,star,inset2,public_benchmark_v1_ext33_m2_56_line_stroke_d0_c8_i095,False,jump_increase,-0.19041614,0.11264906,0.03308916,0.14573822,12.0,4,16,2.0,0,2,0.0,0.0,0.0,0.0,0,0,0.005083,0.990681,0.995764,-0.049856,0.733626,0.68377,0.061616,0.846764,0.90838,-0.005197,0.991468,0.986271,0.005197,0.008532,0.013729
qd_008,QuickDraw,star,inset2,public_benchmark_v1_ext33_m2_56_line_stroke_d1_c10_i090,False,jump_increase,-0.14750672,0.08773484,0.03308916,0.120824,9.0,4,13,2.0,0,2,0.0,0.0,0.0,0.0,0,0,0.005083,0.990681,0.995764,-0.053968,0.733626,0.679658,0.066331,0.846764,0.913095,-0.00604,0.991468,0.985428,0.00604,0.008532,0.014572
qd_008,QuickDraw,star,inset2,public_benchmark_v1_ext33_m2_56_line_stroke_d1_c12_i090_min20,False,jump_increase,-0.19141884,0.11233844,0.03308916,0.1454276,12.0,4,16,2.0,0,2,0.0,0.0,0.0,0.0,0,0,-0.028804,0.990681,0.961877,-0.055451,0.733626,0.678175,0.036755,0.846764,0.883519,-0.00652,0.991468,0.984948,0.00652,0.008532,0.015052
qd_008,QuickDraw,star,inset2,public_benchmark_v1_ext33_m2_56_line_stroke_d1_c6_i095,False,jump_increase,-0.20498917,0.12081221,0.03308916,0.15390137,13.0,4,17,2.0,0,2,0.0,0.0,0.0,0.0,0,0,-0.005591,0.990681,0.98509,-0.05043,0.733626,0.683196,0.052507,0.846764,0.899271,-0.005334,0.991468,0.986134,0.005334,0.008532,0.013866
qd_008,QuickDraw,star,inset2,public_benchmark_v1_ext33_m2_56_line_stroke_d2_c12_i085_min20,False,jump_increase,-0.19141884,0.11233844,0.03308916,0.1454276,12.0,4,16,2.0,0,2,0.0,0.0,0.0,0.0,0,0,-0.028804,0.990681,0.961877,-0.055451,0.733626,0.678175,0.036755,0.846764,0.883519,-0.00652,0.991468,0.984948,0.00652,0.008532,0.015052
qd_008,QuickDraw,star,inset2,public_benchmark_v1_ext33_m2_56_line_stroke_d3_c18,False,off_mask_increase,-0.25299254,0.1990003,0.03308916,0.23208946,8.0,4,12,2.0,0,2,3.8474,0.0,3.8474,1.0,0,1,0.005083,0.990681,0.995764,-0.060276,0.733626,0.67335,0.068474,0.846764,0.915238,-0.012893,0.991468,0.978575,0.012893,0.008532,0.021425
qd_008,QuickDraw,star,inset2,public_benchmark_v1_ext33_m2_56_line_stroke_selector_probe,False,absolute_adaptive_coverage_too_low,0.0,0.0,0.03308916,0.03308916,0.0,4,4,0.0,0,0,0.0,0.0,0.0,0.0,0,0,0.0,0.990681,0.990681,0.0,0.733626,0.733626,0.0,0.846764,0.846764,0.0,0.991468,0.991468,0.0,0.008532,0.008532
qd_008,QuickDraw,star,inset2,public_benchmark_v1_ext33_m2_57_topology_open_d0_c12_i090_min12,False,jump_increase,-0.02867361,0.01688959,0.03308916,0.04997875,2.0,4,6,0.0,0,0,0.0,0.0,0.0,0.0,0,0,0.004236,0.990681,0.994917,-0.0502,0.733626,0.683426,0.061616,0.846764,0.90838,-0.004853,0.991468,0.986615,0.004853,0.008532,0.013385
qd_008,QuickDraw,star,inset2,public_benchmark_v1_ext33_m2_57_topology_open_d0_c12_i090_min20,False,jump_increase,-0.04424404,0.02515938,0.03308916,0.05824854,3.0,4,7,0.0,0,0,0.0,0.0,0.0,0.0,0,0,-0.029651,0.990681,0.96103,-0.052305,0.733626,0.681321,0.033005,0.846764,0.879769,-0.005282,0.991468,0.986186,0.005282,0.008532,0.013814
qd_008,QuickDraw,star,inset2,public_benchmark_v1_ext33_m2_57_topology_open_d0_c12_i090_min30,False,jump_increase,-0.08609659,0.04778117,0.03308916,0.08087033,5.0,4,9,1.0,0,1,0.0,0.0,0.0,0.0,0,0,-0.139783,0.990681,0.850898,-0.065096,0.733626,0.66853,-0.054115,0.846764,0.792649,-0.006777,0.991468,0.984691,0.006777,0.008532,0.015309
qd_008,QuickDraw,star,inset2,public_benchmark_v1_ext33_m2_57_topology_open_d0_c16_i085_min20,False,jump_increase,-0.04424404,0.02515938,0.03308916,0.05824854,3.0,4,7,0.0,0,0,0.0,0.0,0.0,0.0,0,0,-0.029651,0.990681,0.96103,-0.052305,0.733626,0.681321,0.033005,0.846764,0.879769,-0.005282,0.991468,0.986186,0.005282,0.008532,0.013814
qd_008,QuickDraw,star,inset2,public_benchmark_v1_ext33_m2_57_topology_open_d0_c20_i080_min30,False,jump_increase,-0.08609659,0.04778117,0.03308916,0.08087033,5.0,4,9,1.0,0,1,0.0,0.0,0.0,0.0,0,0,-0.139783,0.990681,0.850898,-0.065096,0.733626,0.66853,-0.054115,0.846764,0.792649,-0.006777,0.991468,0.984691,0.006777,0.008532,0.015309
qd_008,QuickDraw,star,inset2,public_benchmark_v1_ext33_m2_57_topology_open_d0_c20_i080_min40,False,jump_increase,-0.08804535,0.04799457,0.03308916,0.08108373,5.0,4,9,1.0,0,1,0.0,0.0,0.0,0.0,0,0,-0.184514,0.990681,0.806167,-0.071505,0.733626,0.662121,-0.089049,0.846764,0.757715,-0.007471,0.991468,0.983997,0.007471,0.008532,0.016003
qd_008,QuickDraw,star,inset2,public_benchmark_v1_ext33_m2_57_topology_open_d0_c24_i075_min40,False,jump_increase,-0.08804535,0.04799457,0.03308916,0.08108373,5.0,4,9,1.0,0,1,0.0,0.0,0.0,0.0,0,0,-0.184514,0.990681,0.806167,-0.071505,0.733626,0.662121,-0.089049,0.846764,0.757715,-0.007471,0.991468,0.983997,0.007471,0.008532,0.016003
qd_008,QuickDraw,star,inset2,public_benchmark_v1_ext33_m2_57_topology_open_d0_c24_i075_min60,False,jump_increase,-0.08804535,0.04799457,0.03308916,0.08108373,5.0,4,9,1.0,0,1,0.0,0.0,0.0,0.0,0,0,-0.184514,0.990681,0.806167,-0.071505,0.733626,0.662121,-0.089049,0.846764,0.757715,-0.007471,0.991468,0.983997,0.007471,0.008532,0.016003
qd_008,QuickDraw,star,inset2,public_benchmark_v1_ext33_m2_57_topology_open_d0_c30_i070_min100,False,off_mask_increase,-0.23267929,0.20418707,0.03308916,0.23727623,3.0,4,7,1.0,0,1,6.2265,0.0,6.2265,1.0,0,1,-0.184175,0.990681,0.806506,-0.080945,0.733626,0.652681,-0.088406,0.846764,0.758358,-0.021085,0.991468,0.970383,0.021085,0.008532,0.029617
qd_008,QuickDraw,star,inset2,public_benchmark_v1_ext33_m2_57_topology_open_d0_c30_i070_min80,False,off_mask_increase,-0.23267929,0.20418707,0.03308916,0.23727623,3.0,4,7,1.0,0,1,6.2265,0.0,6.2265,1.0,0,1,-0.184175,0.990681,0.806506,-0.080945,0.733626,0.652681,-0.088406,0.846764,0.758358,-0.021085,0.991468,0.970383,0.021085,0.008532,0.029617
qd_008,QuickDraw,star,inset2,public_benchmark_v1_ext33_m2_57_topology_open_d1_c16_i085_min20,False,jump_increase,-0.04424404,0.02515938,0.03308916,0.05824854,3.0,4,7,0.0,0,0,0.0,0.0,0.0,0.0,0,0,-0.029651,0.990681,0.96103,-0.052305,0.733626,0.681321,0.033005,0.846764,0.879769,-0.005282,0.991468,0.986186,0.005282,0.008532,0.013814
qd_008,QuickDraw,star,inset2,public_benchmark_v1_ext33_m2_57_topology_open_d1_c20_i080_min20,False,jump_increase,-0.04424404,0.02515938,0.03308916,0.05824854,3.0,4,7,0.0,0,0,0.0,0.0,0.0,0.0,0,0,-0.029651,0.990681,0.96103,-0.052305,0.733626,0.681321,0.033005,0.846764,0.879769,-0.005282,0.991468,0.986186,0.005282,0.008532,0.013814
qd_008,QuickDraw,star,inset2,public_benchmark_v1_ext33_m2_57_topology_open_d1_c24_i070_min60,False,jump_increase,-0.08804535,0.04799457,0.03308916,0.08108373,5.0,4,9,1.0,0,1,0.0,0.0,0.0,0.0,0,0,-0.184514,0.990681,0.806167,-0.071505,0.733626,0.662121,-0.089049,0.846764,0.757715,-0.007471,0.991468,0.983997,0.007471,0.008532,0.016003
qd_008,QuickDraw,star,inset2,public_benchmark_v1_ext33_m2_57_topology_open_d1_c24_i075_min40,False,jump_increase,-0.08804535,0.04799457,0.03308916,0.08108373,5.0,4,9,1.0,0,1,0.0,0.0,0.0,0.0,0,0,-0.184514,0.990681,0.806167,-0.071505,0.733626,0.662121,-0.089049,0.846764,0.757715,-0.007471,0.991468,0.983997,0.007471,0.008532,0.016003
qd_008,QuickDraw,star,inset2,public_benchmark_v1_ext33_m2_57_topology_open_d1_c30_i065_min80,False,off_mask_increase,-0.23267929,0.20418707,0.03308916,0.23727623,3.0,4,7,1.0,0,1,6.2265,0.0,6.2265,1.0,0,1,-0.184175,0.990681,0.806506,-0.080945,0.733626,0.652681,-0.088406,0.846764,0.758358,-0.021085,0.991468,0.970383,0.021085,0.008532,0.029617
qd_008,QuickDraw,star,inset2,public_benchmark_v1_ext33_m2_57_topology_open_d2_c20_i075_min20,False,jump_increase,-0.04424404,0.02515938,0.03308916,0.05824854,3.0,4,7,0.0,0,0,0.0,0.0,0.0,0.0,0,0,-0.029651,0.990681,0.96103,-0.052305,0.733626,0.681321,0.033005,0.846764,0.879769,-0.005282,0.991468,0.986186,0.005282,0.008532,0.013814
qd_008,QuickDraw,star,inset2,public_benchmark_v1_ext33_m2_57_topology_relative_rescue,False,absolute_adaptive_coverage_too_low,0.0,0.0,0.03308916,0.03308916,0.0,4,4,0.0,0,0,0.0,0.0,0.0,0.0,0,0,0.0,0.990681,0.990681,0.0,0.733626,0.733626,0.0,0.846764,0.846764,0.0,0.991468,0.991468,0.0,0.008532,0.008532
qd_008,QuickDraw,star,inset2,public_benchmark_v1_ext33_m2_57_topology_selector_probe_min100,False,absolute_adaptive_coverage_too_low,0.0,0.0,0.03308916,0.03308916,0.0,4,4,0.0,0,0,0.0,0.0,0.0,0.0,0,0,0.0,0.990681,0.990681,0.0,0.733626,0.733626,0.0,0.846764,0.846764,0.0,0.991468,0.991468,0.0,0.008532,0.008532
qd_008,QuickDraw,star,inset2,public_benchmark_v1_ext33_m2_57_topology_selector_probe_min100_j14,False,absolute_adaptive_coverage_too_low,0.0,0.0,0.03308916,0.03308916,0.0,4,4,0.0,0,0,0.0,0.0,0.0,0.0,0,0,0.0,0.990681,0.990681,0.0,0.733626,0.733626,0.0,0.846764,0.846764,0.0,0.991468,0.991468,0.0,0.008532,0.008532
qd_008,QuickDraw,star,inset2,public_benchmark_v1_ext33_m2_58_coverage_aware_relative_rescue,False,absolute_adaptive_coverage_too_low,0.0,0.0,0.03308916,0.03308916,0.0,4,4,0.0,0,0,0.0,0.0,0.0,0.0,0,0,0.0,0.990681,0.990681,0.0,0.733626,0.733626,0.0,0.846764,0.846764,0.0,0.991468,0.991468,0.0,0.008532,0.008532
qd_008,QuickDraw,star,inset2,public_benchmark_v1_ext33_m2_59_anchored_quality_rescue_selector,False,absolute_adaptive_coverage_too_low,0.0,0.0,0.03308916,0.03308916,0.0,4,4,0.0,0,0,0.0,0.0,0.0,0.0,0,0,0.0,0.990681,0.990681,0.0,0.733626,0.733626,0.0,0.846764,0.846764,0.0,0.991468,0.991468,0.0,0.008532,0.008532
qd_008,QuickDraw,star,inset2,public_benchmark_v1_ext33_m2_59_grouped_topology_g_d0_c16_i085_s4_min12_p80,False,jump_increase,-0.02867361,0.01688959,0.03308916,0.04997875,2.0,4,6,0.0,0,0,0.0,0.0,0.0,0.0,0,0,0.004236,0.990681,0.994917,-0.0502,0.733626,0.683426,0.061616,0.846764,0.90838,-0.004853,0.991468,0.986615,0.004853,0.008532,0.013385
qd_008,QuickDraw,star,inset2,public_benchmark_v1_ext33_m2_59_grouped_topology_g_d0_c16_i090_s3_min20_p80,False,jump_increase,-0.04424404,0.02515938,0.03308916,0.05824854,3.0,4,7,0.0,0,0,0.0,0.0,0.0,0.0,0,0,-0.029651,0.990681,0.96103,-0.052305,0.733626,0.681321,0.033005,0.846764,0.879769,-0.005282,0.991468,0.986186,0.005282,0.008532,0.013814
qd_008,QuickDraw,star,inset2,public_benchmark_v1_ext33_m2_59_grouped_topology_g_d0_c18_i092_s4_min12_p100,False,jump_increase,-0.02867361,0.01688959,0.03308916,0.04997875,2.0,4,6,0.0,0,0,0.0,0.0,0.0,0.0,0,0,0.004236,0.990681,0.994917,-0.0502,0.733626,0.683426,0.061616,0.846764,0.90838,-0.004853,0.991468,0.986615,0.004853,0.008532,0.013385
qd_008,QuickDraw,star,inset2,public_benchmark_v1_ext33_m2_59_grouped_topology_g_d0_c18_i095_s3_min12_p120,False,jump_increase,-0.02867361,0.01688959,0.03308916,0.04997875,2.0,4,6,0.0,0,0,0.0,0.0,0.0,0.0,0,0,0.004236,0.990681,0.994917,-0.0502,0.733626,0.683426,0.061616,0.846764,0.90838,-0.004853,0.991468,0.986615,0.004853,0.008532,0.013385
qd_008,QuickDraw,star,inset2,public_benchmark_v1_ext33_m2_59_grouped_topology_g_d0_c20_i080_s5_min12_p80,False,jump_increase,-0.02867361,0.01688959,0.03308916,0.04997875,2.0,4,6,0.0,0,0,0.0,0.0,0.0,0.0,0,0,0.004236,0.990681,0.994917,-0.0502,0.733626,0.683426,0.061616,0.846764,0.90838,-0.004853,0.991468,0.986615,0.004853,0.008532,0.013385
qd_008,QuickDraw,star,inset2,public_benchmark_v1_ext33_m2_59_grouped_topology_g_d0_c20_i090_s4_min12_p100,False,jump_increase,-0.02867361,0.01688959,0.03308916,0.04997875,2.0,4,6,0.0,0,0,0.0,0.0,0.0,0.0,0,0,0.004236,0.990681,0.994917,-0.0502,0.733626,0.683426,0.061616,0.846764,0.90838,-0.004853,0.991468,0.986615,0.004853,0.008532,0.013385
qd_008,QuickDraw,star,inset2,public_benchmark_v1_ext33_m2_59_grouped_topology_g_d0_c20_i095_s4_min12_p100,False,jump_increase,-0.02867361,0.01688959,0.03308916,0.04997875,2.0,4,6,0.0,0,0,0.0,0.0,0.0,0.0,0,0,0.004236,0.990681,0.994917,-0.0502,0.733626,0.683426,0.061616,0.846764,0.90838,-0.004853,0.991468,0.986615,0.004853,0.008532,0.013385
qd_008,QuickDraw,star,inset2,public_benchmark_v1_ext33_m2_59_grouped_topology_g_d0_c24_i075_s6_min20_p80,False,jump_increase,-0.04424404,0.02515938,0.03308916,0.05824854,3.0,4,7,0.0,0,0,0.0,0.0,0.0,0.0,0,0,-0.029651,0.990681,0.96103,-0.052305,0.733626,0.681321,0.033005,0.846764,0.879769,-0.005282,0.991468,0.986186,0.005282,0.008532,0.013814
qd_008,QuickDraw,star,inset2,public_benchmark_v1_ext33_m2_59_grouped_topology_g_d0_c30_i070_s8_min30_p100,False,off_mask_increase,-0.23071279,0.20397367,0.03308916,0.23706283,3.0,4,7,1.0,0,1,6.2265,0.0,6.2265,1.0,0,1,-0.139444,0.990681,0.851237,-0.074222,0.733626,0.659404,-0.053472,0.846764,0.793292,-0.019818,0.991468,0.97165,0.019818,0.008532,0.02835
qd_008,QuickDraw,star,inset2,public_benchmark_v1_ext33_m2_59_grouped_topology_g_d1_c20_i075_s5_min12_p80,False,jump_increase,-0.02867361,0.01688959,0.03308916,0.04997875,2.0,4,6,0.0,0,0,0.0,0.0,0.0,0.0,0,0,0.004236,0.990681,0.994917,-0.0502,0.733626,0.683426,0.061616,0.846764,0.90838,-0.004853,0.991468,0.986615,0.004853,0.008532,0.013385
qd_008,QuickDraw,star,inset2,public_benchmark_v1_ext33_m2_59_quality_rescue_selector,False,absolute_adaptive_coverage_too_low,0.0,0.0,0.03308916,0.03308916,0.0,4,4,0.0,0,0,0.0,0.0,0.0,0.0,0,0,0.0,0.990681,0.990681,0.0,0.733626,0.733626,0.0,0.846764,0.846764,0.0,0.991468,0.991468,0.0,0.008532,0.008532
qd_008,QuickDraw,star,inset2,public_benchmark_v1_ext33_m2_5_learned_selector_applied,False,jump_increase,-0.16228087,0.09594195,0.03308916,0.12903111,10.0,4,14,2.0,0,2,0.0,0.0,0.0,0.0,0,0,-0.002033,0.990681,0.988648,-0.061778,0.733626,0.671848,0.061937,0.846764,0.908701,-0.015072,0.991468,0.976396,0.015072,0.008532,0.023604
qd_008,QuickDraw,star,inset2,public_benchmark_v1_ext33_m2_60_maskpath_combo_rescue_selector,False,absolute_adaptive_coverage_too_low,0.0,0.0,0.03308916,0.03308916,0.0,4,4,0.0,0,0,0.0,0.0,0.0,0.0,0,0,0.0,0.990681,0.990681,0.0,0.733626,0.733626,0.0,0.846764,0.846764,0.0,0.991468,0.991468,0.0,0.008532,0.008532
qd_008,QuickDraw,star,inset2,public_benchmark_v1_ext33_m2_60_maskpath_mp_d0_r0_c20_i095_route24_f20_min12,False,jump_increase,-0.02867361,0.01688959,0.03308916,0.04997875,2.0,4,6,0.0,0,0,0.0,0.0,0.0,0.0,0,0,0.004236,0.990681,0.994917,-0.0502,0.733626,0.683426,0.061616,0.846764,0.90838,-0.004853,0.991468,0.986615,0.004853,0.008532,0.013385
qd_008,QuickDraw,star,inset2,public_benchmark_v1_ext33_m2_60_maskpath_mp_d0_r0_c20_i095_route32_f26_min12,False,strict_precision_drop,3.895e-05,-5.43e-06,0.03308916,0.03308373,0.0,4,4,0.0,0,0,0.0,0.0,0.0,0.0,0,0,0.004236,0.990681,0.994917,-0.054389,0.733626,0.679237,0.062152,0.846764,0.908916,-0.010323,0.991468,0.981145,0.010323,0.008532,0.018855
qd_008,QuickDraw,star,inset2,public_benchmark_v1_ext33_m2_60_maskpath_mp_d0_r0_c20_i095_route32_f26_min20,False,coverage_drop,-0.00045217,-5.43e-06,0.03308916,0.03308373,0.0,4,4,0.0,0,0,0.0,0.0,0.0,0.0,0,0,-0.006608,0.990681,0.984073,-0.057176,0.733626,0.67645,0.053686,0.846764,0.90045,-0.012782,0.991468,0.978686,0.012782,0.008532,0.021314
qd_008,QuickDraw,star,inset2,public_benchmark_v1_ext33_m2_60_maskpath_mp_d0_r0_c24_i090_route36_f30_min12,False,strict_precision_drop,3.895e-05,-5.43e-06,0.03308916,0.03308373,0.0,4,4,0.0,0,0,0.0,0.0,0.0,0.0,0,0,0.004236,0.990681,0.994917,-0.054389,0.733626,0.679237,0.062152,0.846764,0.908916,-0.010323,0.991468,0.981145,0.010323,0.008532,0.018855
qd_008,QuickDraw,star,inset2,public_benchmark_v1_ext33_m2_60_maskpath_mp_d0_r1_c20_i095_route32_f26_min12,False,strict_precision_drop,3.895e-05,-5.43e-06,0.03308916,0.03308373,0.0,4,4,0.0,0,0,0.0,0.0,0.0,0.0,0,0,0.004236,0.990681,0.994917,-0.054389,0.733626,0.679237,0.062152,0.846764,0.908916,-0.010323,0.991468,0.981145,0.010323,0.008532,0.018855
qd_008,QuickDraw,star,inset2,public_benchmark_v1_ext33_m2_60_maskpath_mp_d0_r1_c24_i090_route36_f30_min12,False,strict_precision_drop,3.895e-05,-5.43e-06,0.03308916,0.03308373,0.0,4,4,0.0,0,0,0.0,0.0,0.0,0.0,0,0,0.004236,0.990681,0.994917,-0.054389,0.733626,0.679237,0.062152,0.846764,0.908916,-0.010323,0.991468,0.981145,0.010323,0.008532,0.018855
qd_008,QuickDraw,star,inset2,public_benchmark_v1_ext33_m2_60_maskpath_rescue_selector,False,absolute_adaptive_coverage_too_low,0.0,0.0,0.03308916,0.03308916,0.0,4,4,0.0,0,0,0.0,0.0,0.0,0.0,0,0,0.0,0.990681,0.990681,0.0,0.733626,0.733626,0.0,0.846764,0.846764,0.0,0.991468,0.991468,0.0,0.008532,0.008532
qd_008,QuickDraw,star,inset2,public_benchmark_v1_ext33_m2_61_segment_graph_sg_d0_l035_c20_i095_r32_f26_min12,False,jump_increase,-0.10972987,0.06467033,0.03308916,0.09775949,7.0,4,11,1.0,0,1,0.0,0.0,0.0,0.0,0,0,0.003558,0.990681,0.994239,-0.056106,0.733626,0.67752,0.061937,0.846764,0.908701,-0.012366,0.991468,0.979102,0.012366,0.008532,0.020898
qd_008,QuickDraw,star,inset2,public_benchmark_v1_ext33_m2_61_segment_graph_sg_d0_l050_c24_i090_r36_f30_min12,False,jump_increase,-0.10972987,0.06467033,0.03308916,0.09775949,7.0,4,11,1.0,0,1,0.0,0.0,0.0,0.0,0,0,0.003558,0.990681,0.994239,-0.056106,0.733626,0.67752,0.061937,0.846764,0.908701,-0.012366,0.991468,0.979102,0.012366,0.008532,0.020898
qd_008,QuickDraw,star,inset2,public_benchmark_v1_ext33_m2_61_segment_graph_sg_d0_l070_c20_i095_r32_f26_min12,False,jump_increase,-0.10972987,0.06467033,0.03308916,0.09775949,7.0,4,11,1.0,0,1,0.0,0.0,0.0,0.0,0,0,0.003558,0.990681,0.994239,-0.056106,0.733626,0.67752,0.061937,0.846764,0.908701,-0.012366,0.991468,0.979102,0.012366,0.008532,0.020898
qd_008,QuickDraw,star,inset2,public_benchmark_v1_ext33_m2_61_segment_graph_sg_d1_l050_c20_i095_r32_f26_min12,False,off_mask_increase,-0.21883958,0.17356808,0.03308916,0.20665724,7.0,4,11,1.0,0,1,4.8399,0.0,4.8399,0.0,0,0,0.000678,0.990681,0.991359,-0.058692,0.733626,0.674934,0.059901,0.846764,0.906665,-0.015462,0.991468,0.976006,0.015462,0.008532,0.023994
qd_008,QuickDraw,star,inset2,public_benchmark_v1_ext33_m2_61_segment_graph_sg_euler_d0_l000_c20_i095_r32_f26_min12,False,strict_precision_drop,-0.00010505,-5.43e-06,0.03308916,0.03308373,0.0,4,4,0.0,0,0,0.0,0.0,0.0,0.0,0,0,0.003728,0.990681,0.994409,-0.05724,0.733626,0.676386,0.062044,0.846764,0.908808,-0.014056,0.991468,0.977412,0.014056,0.008532,0.022588
qd_008,QuickDraw,star,inset2,public_benchmark_v1_ext33_m2_61_segment_graph_sg_euler_d0_l020_c24_i090_r36_f30_min12,False,jump_increase,-0.10972987,0.06467033,0.03308916,0.09775949,7.0,4,11,1.0,0,1,0.0,0.0,0.0,0.0,0,0,0.003558,0.990681,0.994239,-0.056106,0.733626,0.67752,0.061937,0.846764,0.908701,-0.012366,0.991468,0.979102,0.012366,0.008532,0.020898
qd_008,QuickDraw,star,inset2,public_benchmark_v1_ext33_m2_61_segment_graph_sg_euler_d0_l035_c20_i095_r32_f26_min12,False,jump_increase,-0.10972987,0.06467033,0.03308916,0.09775949,7.0,4,11,1.0,0,1,0.0,0.0,0.0,0.0,0,0,0.003558,0.990681,0.994239,-0.056106,0.733626,0.67752,0.061937,0.846764,0.908701,-0.012366,0.991468,0.979102,0.012366,0.008532,0.020898
qd_008,QuickDraw,star,inset2,public_benchmark_v1_ext33_m2_62_precision_rescue_selector,False,absolute_adaptive_coverage_too_low,0.0,0.0,0.03308916,0.03308916,0.0,4,4,0.0,0,0,0.0,0.0,0.0,0.0,0,0,0.0,0.990681,0.990681,0.0,0.733626,0.733626,0.0,0.846764,0.846764,0.0,0.991468,0.991468,0.0,0.008532,0.008532
qd_008,QuickDraw,star,inset2,public_benchmark_v1_ext33_m2_64_text_precision_rescue_selector,False,absolute_adaptive_coverage_too_low,0.0,0.0,0.03308916,0.03308916,0.0,4,4,0.0,0,0,0.0,0.0,0.0,0.0,0,0,0.0,0.990681,0.990681,0.0,0.733626,0.733626,0.0,0.846764,0.846764,0.0,0.991468,0.991468,0.0,0.008532,0.008532
qd_008,QuickDraw,star,inset2,public_benchmark_v1_ext33_m2_65_text_legibility_rescue_selector,False,absolute_adaptive_coverage_too_low,0.0,0.0,0.03308916,0.03308916,0.0,4,4,0.0,0,0,0.0,0.0,0.0,0.0,0,0,0.0,0.990681,0.990681,0.0,0.733626,0.733626,0.0,0.846764,0.846764,0.0,0.991468,0.991468,0.0,0.008532,0.008532
qd_008,QuickDraw,star,inset2,public_benchmark_v1_ext33_m2_66_profile_switcher,False,absolute_adaptive_coverage_too_low,0.0,0.0,0.03308916,0.03308916,0.0,4,4,0.0,0,0,0.0,0.0,0.0,0.0,0,0,0.0,0.990681,0.990681,0.0,0.733626,0.733626,0.0,0.846764,0.846764,0.0,0.991468,0.991468,0.0,0.008532,0.008532
qd_008,QuickDraw,star,inset2,public_benchmark_v1_ext33_m2_67_line_art_profile,False,absolute_adaptive_coverage_too_low,0.0,0.0,0.03308916,0.03308916,0.0,4,4,0.0,0,0,0.0,0.0,0.0,0.0,0,0,0.0,0.990681,0.990681,0.0,0.733626,0.733626,0.0,0.846764,0.846764,0.0,0.991468,0.991468,0.0,0.008532,0.008532
qd_008,QuickDraw,star,inset2,public_benchmark_v1_ext33_m2_68_shape_aware_profile,False,absolute_adaptive_coverage_too_low,0.0,0.0,0.03308916,0.03308916,0.0,4,4,0.0,0,0,0.0,0.0,0.0,0.0,0,0,0.0,0.990681,0.990681,0.0,0.733626,0.733626,0.0,0.846764,0.846764,0.0,0.991468,0.991468,0.0,0.008532,0.008532
qd_008,QuickDraw,star,inset2,public_benchmark_v1_ext33_m2_69_text_wku_profile,False,absolute_adaptive_coverage_too_low,0.0,0.0,0.03308916,0.03308916,0.0,4,4,0.0,0,0,0.0,0.0,0.0,0.0,0,0,0.0,0.990681,0.990681,0.0,0.733626,0.733626,0.0,0.846764,0.846764,0.0,0.991468,0.991468,0.0,0.008532,0.008532
qd_008,QuickDraw,star,inset2,public_benchmark_v1_ext33_mask_fill_edgewalk_dtsatin_o3_i8_s14_p90,False,candidate_hard_fail,-2.07306301,0.40543309,0.03308916,0.43852225,253.0,4,257,47.0,0,47,1.7121,0.0,1.7121,0.0,0,0,0.00898,0.990681,0.999661,-0.289315,0.733626,0.444311,0.14402,0.846764,0.990784,-0.295181,0.991468,0.696287,0.295181,0.008532,0.303713
qd_008,QuickDraw,star,inset2,public_benchmark_v1_ext33_mask_fill_edgewalk_dtsatin_o3_i9_s7,False,candidate_hard_fail,-2.07306301,0.40543309,0.03308916,0.43852225,253.0,4,257,47.0,0,47,1.7121,0.0,1.7121,0.0,0,0,0.00898,0.990681,0.999661,-0.289315,0.733626,0.444311,0.14402,0.846764,0.990784,-0.295181,0.991468,0.696287,0.295181,0.008532,0.303713
qd_008,QuickDraw,star,inset2,public_benchmark_v1_ext33_mask_fill_edgewalk_nearest_rows16_p40,False,candidate_hard_fail,-2.07306301,0.40543309,0.03308916,0.43852225,253.0,4,257,47.0,0,47,1.7121,0.0,1.7121,0.0,0,0,0.00898,0.990681,0.999661,-0.289315,0.733626,0.444311,0.14402,0.846764,0.990784,-0.295181,0.991468,0.696287,0.295181,0.008532,0.303713
qd_008,QuickDraw,star,inset2,public_benchmark_v1_ext33_mask_fill_edgewalk_nearestrow_adapt_t2_m5_rows16_p40,False,absolute_adaptive_coverage_too_low,0.0,0.0,0.03308916,0.03308916,0.0,4,4,0.0,0,0,0.0,0.0,0.0,0.0,0,0,0.0,0.990681,0.990681,0.0,0.733626,0.733626,0.0,0.846764,0.846764,0.0,0.991468,0.991468,0.0,0.008532,0.008532
qd_008,QuickDraw,star,inset2,public_benchmark_v1_ext33_mask_fill_edgewalk_nearestrow_adapt_t3_m6_rows16_p40,False,absolute_adaptive_coverage_too_low,0.0,0.0,0.03308916,0.03308916,0.0,4,4,0.0,0,0,0.0,0.0,0.0,0.0,0,0,0.0,0.990681,0.990681,0.0,0.733626,0.733626,0.0,0.846764,0.846764,0.0,0.991468,0.991468,0.0,0.008532,0.008532
qd_008,QuickDraw,star,inset2,public_benchmark_v1_ext33_mask_fill_edgewalk_nearestrow_adapt_t4_m8_rows16_p40,False,jump_increase,-0.1486646,0.08699016,0.03308916,0.12007932,9.0,4,13,2.0,0,2,0.0,0.0,0.0,0.0,0,0,0.008472,0.990681,0.999153,-0.130167,0.733626,0.603459,0.112945,0.846764,0.959709,-0.074972,0.991468,0.916496,0.074972,0.008532,0.083504
qd_008,QuickDraw,star,inset2,public_benchmark_v1_ext33_mask_fill_edgewalk_nearestrow_evalfill_rows16_p40,False,off_mask_increase,-0.24195309,0.18234673,0.03308916,0.21543589,6.0,4,10,2.0,0,2,5.3548,0.0,5.3548,0.0,0,0,0.009319,0.990681,1.0,-0.469318,0.733626,0.264308,0.153236,0.846764,1.0,-0.573555,0.991468,0.417913,0.573555,0.008532,0.582087
qd_008,QuickDraw,star,inset2,public_benchmark_v1_ext33_mask_fill_edgewalk_nearestrow_inset1_rows16_p40,False,jump_increase,-0.1486646,0.08699016,0.03308916,0.12007932,9.0,4,13,2.0,0,2,0.0,0.0,0.0,0.0,0,0,0.008472,0.990681,0.999153,-0.130167,0.733626,0.603459,0.112945,0.846764,0.959709,-0.074972,0.991468,0.916496,0.074972,0.008532,0.083504
qd_008,QuickDraw,star,inset2,public_benchmark_v1_ext33_mask_fill_edgewalk_nearestrow_inset2_rows16_p40,False,absolute_adaptive_coverage_too_low,0.0,0.0,0.03308916,0.03308916,0.0,4,4,0.0,0,0,0.0,0.0,0.0,0.0,0,0,0.0,0.990681,0.990681,0.0,0.733626,0.733626,0.0,0.846764,0.846764,0.0,0.991468,0.991468,0.0,0.008532,0.008532
qd_008,QuickDraw,star,inset2,public_benchmark_v1_ext33_mask_fill_edgewalk_nearestrow_qdirect_rows16_p40,False,jump_increase,-0.07059945,0.03935069,0.03308916,0.07243985,4.0,4,8,1.0,0,1,0.0,0.0,0.0,0.0,0,0,0.008811,0.990681,0.999492,-0.193523,0.733626,0.540103,0.129554,0.846764,0.976318,-0.15728,0.991468,0.834188,0.15728,0.008532,0.165812
qd_008,QuickDraw,star,inset2,public_benchmark_v1_ext33_mask_fill_edgewalk_nearestrow_qpath090_rows16_p40,False,jump_increase,-0.07059945,0.03935069,0.03308916,0.07243985,4.0,4,8,1.0,0,1,0.0,0.0,0.0,0.0,0,0,0.008811,0.990681,0.999492,-0.193523,0.733626,0.540103,0.129554,0.846764,0.976318,-0.15728,0.991468,0.834188,0.15728,0.008532,0.165812
qd_008,QuickDraw,star,inset2,public_benchmark_v1_ext33_mask_fill_edgewalk_nearestrow_qpath095_rows16_p40,False,jump_increase,-0.07059945,0.03935069,0.03308916,0.07243985,4.0,4,8,1.0,0,1,0.0,0.0,0.0,0.0,0,0,0.008811,0.990681,0.999492,-0.193523,0.733626,0.540103,0.129554,0.846764,0.976318,-0.15728,0.991468,0.834188,0.15728,0.008532,0.165812
qd_008,QuickDraw,star,inset2,public_benchmark_v1_ext33_mask_fill_edgewalk_nearestrow_quantvalid_rows16_p40,False,jump_increase,-0.07059945,0.03935069,0.03308916,0.07243985,4.0,4,8,1.0,0,1,0.0,0.0,0.0,0.0,0,0,0.008811,0.990681,0.999492,-0.193523,0.733626,0.540103,0.129554,0.846764,0.976318,-0.15728,0.991468,0.834188,0.15728,0.008532,0.165812
qd_008,QuickDraw,star,inset2,public_benchmark_v1_ext33_mask_fill_edgewalk_nearestrow_rows16_p40,False,jump_increase,-0.07059945,0.03935069,0.03308916,0.07243985,4.0,4,8,1.0,0,1,0.0,0.0,0.0,0.0,0,0,0.008811,0.990681,0.999492,-0.193523,0.733626,0.540103,0.129554,0.846764,0.976318,-0.15728,0.991468,0.834188,0.15728,0.008532,0.165812
qd_008,QuickDraw,star,inset2,public_benchmark_v1_ext33_mask_fill_edgewalk_nearestrow_safeadt_rows16_p40,False,jump_increase,-0.17643523,0.09524983,0.03308916,0.12833899,10.0,4,14,2.0,0,2,0.0,0.0,0.0,0.0,0,0,0.009319,0.990681,1.0,-0.422421,0.733626,0.311205,0.153236,0.846764,1.0,-0.499404,0.991468,0.492064,0.499404,0.008532,0.507936
qd_008,QuickDraw,star,inset2,public_benchmark_v1_ext33_mask_fill_edgewalk_nearestrow_safeadt_t2m5_r035_a32_rows16_p40,False,jump_increase,-0.17643523,0.09524983,0.03308916,0.12833899,10.0,4,14,2.0,0,2,0.0,0.0,0.0,0.0,0,0,0.009319,0.990681,1.0,-0.422421,0.733626,0.311205,0.153236,0.846764,1.0,-0.499404,0.991468,0.492064,0.499404,0.008532,0.507936
qd_008,QuickDraw,star,inset2,public_benchmark_v1_ext33_mask_fill_edgewalk_nearestrow_safeadt_t2m5_r055_a64_rows16_p40,False,jump_increase,-0.17643523,0.09524983,0.03308916,0.12833899,10.0,4,14,2.0,0,2,0.0,0.0,0.0,0.0,0,0,0.009319,0.990681,1.0,-0.422421,0.733626,0.311205,0.153236,0.846764,1.0,-0.499404,0.991468,0.492064,0.499404,0.008532,0.507936
qd_008,QuickDraw,star,inset2,public_benchmark_v1_ext33_mask_fill_edgewalk_nearestrow_segvalid_rows16_p40,False,jump_increase,-0.07059945,0.03935069,0.03308916,0.07243985,4.0,4,8,1.0,0,1,0.0,0.0,0.0,0.0,0,0,0.008811,0.990681,0.999492,-0.193523,0.733626,0.540103,0.129554,0.846764,0.976318,-0.15728,0.991468,0.834188,0.15728,0.008532,0.165812
qd_008,QuickDraw,star,inset2,public_benchmark_v1_ext33_mask_fill_edgewalk_nearestrow_strict_p20_rows16,False,jump_increase,-0.12241085,0.07025803,0.03308916,0.10334719,7.0,4,11,2.0,0,2,0.0,0.0,0.0,0.0,0,0,0.008811,0.990681,0.999492,-0.191638,0.733626,0.541988,0.129554,0.846764,0.976318,-0.154368,0.991468,0.8371,0.154368,0.008532,0.1629
qd_008,QuickDraw,star,inset2,public_benchmark_v1_ext33_mask_fill_edgewalk_nearestrow_strict_p40_rows16,False,jump_increase,-0.07059945,0.03935069,0.03308916,0.07243985,4.0,4,8,1.0,0,1,0.0,0.0,0.0,0.0,0,0,0.008811,0.990681,0.999492,-0.193523,0.733626,0.540103,0.129554,0.846764,0.976318,-0.15728,0.991468,0.834188,0.15728,0.008532,0.165812
qd_008,QuickDraw,star,inset2,public_benchmark_v1_ext33_mask_fill_edgewalk_outline_ext_in2_rows16_p40,False,candidate_hard_fail,-2.11805131,0.40543309,0.03308916,0.43852225,260.0,4,264,48.0,0,48,1.7121,0.0,1.7121,0.0,0,0,0.009319,0.990681,1.0,-0.294293,0.733626,0.439333,0.151843,0.846764,0.998607,-0.29778,0.991468,0.693688,0.29778,0.008532,0.306312
qd_008,QuickDraw,star,inset2,public_benchmark_v1_ext33_mask_fill_edgewalk_outline_ext_in3_rows16_p40,False,candidate_hard_fail,-2.14503583,0.40543309,0.03308916,0.43852225,264.0,4,268,49.0,0,49,1.7121,0.0,1.7121,0.0,0,0,0.009319,0.990681,1.0,-0.289466,0.733626,0.44416,0.144985,0.846764,0.991749,-0.294975,0.991468,0.696493,0.294975,0.008532,0.303507
qd_008,QuickDraw,star,inset2,public_benchmark_v1_ext33_mask_fill_edgewalk_outline_ext_rows16_p40,False,candidate_hard_fail,-2.11859813,0.40543309,0.03308916,0.43852225,260.0,4,264,48.0,0,48,1.7121,0.0,1.7121,0.0,0,0,0.009319,0.990681,1.0,-0.304546,0.733626,0.42908,0.151307,0.846764,0.998071,-0.314332,0.991468,0.677136,0.314332,0.008532,0.322864
qd_008,QuickDraw,star,inset2,public_benchmark_v1_ext33_mask_fill_edgewalk_outline_rows16_p40,False,candidate_hard_fail,-2.11960665,0.40543309,0.03308916,0.43852225,260.0,4,264,48.0,0,48,1.7121,0.0,1.7121,0.0,0,0,0.009319,0.990681,1.0,-0.325268,0.733626,0.408358,0.153129,0.846764,0.999893,-0.345858,0.991468,0.64561,0.345858,0.008532,0.35439
qd_008,QuickDraw,star,inset2,public_benchmark_v1_ext33_mask_fill_edgewalk_rows16_p24,False,candidate_hard_fail,-2.302693,0.36691084,0.03308916,0.4,297.0,4,301,49.0,0,49,0.0,0.0,0.0,0.0,0,0,0.00898,0.990681,0.999661,-0.253326,0.733626,0.4803,0.14402,0.846764,0.990784,-0.238782,0.991468,0.752686,0.238782,0.008532,0.247314
qd_008,QuickDraw,star,inset2,public_benchmark_v1_ext33_mask_fill_edgewalk_rows16_p40,False,candidate_hard_fail,-2.07306301,0.40543309,0.03308916,0.43852225,253.0,4,257,47.0,0,47,1.7121,0.0,1.7121,0.0,0,0,0.00898,0.990681,0.999661,-0.289315,0.733626,0.444311,0.14402,0.846764,0.990784,-0.295181,0.991468,0.696287,0.295181,0.008532,0.303713
qd_008,QuickDraw,star,inset2,public_benchmark_v1_ext33_mask_fill_edgewalk_rows20_p24,False,candidate_hard_fail,-1.97648273,0.37963909,0.03308916,0.41272825,244.0,4,248,42.0,0,42,0.5657,0.0,0.5657,0.0,0,0,0.008641,0.990681,0.999322,-0.24651,0.733626,0.487116,0.132447,0.846764,0.979211,-0.23676,0.991468,0.754708,0.23676,0.008532,0.245292
qd_008,QuickDraw,star,inset2,public_benchmark_v1_ext33_mask_fill_edgewalk_satin_w4_s6_i3,False,candidate_hard_fail,-2.14512939,0.40543309,0.03308916,0.43852225,264.0,4,268,49.0,0,49,1.7121,0.0,1.7121,0.0,0,0,0.009319,0.990681,1.0,-0.291429,0.733626,0.442197,0.145199,0.846764,0.991963,-0.297904,0.991468,0.693564,0.297904,0.008532,0.306436
qd_008,QuickDraw,star,inset2,public_benchmark_v1_ext33_mask_fill_edgewalk_satin_w6_s5_i3,False,candidate_hard_fail,-2.14513837,0.40543309,0.03308916,0.43852225,264.0,4,268,49.0,0,49,1.7121,0.0,1.7121,0.0,0,0,0.009319,0.990681,1.0,-0.291462,0.733626,0.442164,0.144985,0.846764,0.991749,-0.298106,0.991468,0.693362,0.298106,0.008532,0.306638
qd_008,QuickDraw,star,inset2,public_benchmark_v1_ext33_mask_fill_edgewalk_satin_w8_s7_i4,False,candidate_hard_fail,-2.07306301,0.40543309,0.03308916,0.43852225,253.0,4,257,47.0,0,47,1.7121,0.0,1.7121,0.0,0,0,0.00898,0.990681,0.999661,-0.289315,0.733626,0.444311,0.14402,0.846764,0.990784,-0.295181,0.991468,0.696287,0.295181,0.008532,0.303713
qd_008,QuickDraw,star,inset2,public_benchmark_v1_ext33_mask_fill_edgewalk_satinrail_w10_s8_i5,False,candidate_hard_fail,-2.07306301,0.40543309,0.03308916,0.43852225,253.0,4,257,47.0,0,47,1.7121,0.0,1.7121,0.0,0,0,0.00898,0.990681,0.999661,-0.289315,0.733626,0.444311,0.14402,0.846764,0.990784,-0.295181,0.991468,0.696287,0.295181,0.008532,0.303713
qd_008,QuickDraw,star,inset2,public_benchmark_v1_ext33_mask_fill_edgewalk_satinrail_w6_s6_i3,False,candidate_hard_fail,-2.14509941,0.40543309,0.03308916,0.43852225,264.0,4,268,49.0,0,49,1.7121,0.0,1.7121,0.0,0,0,0.009319,0.990681,1.0,-0.290633,0.733626,0.442993,0.144878,0.846764,0.991642,-0.29688,0.991468,0.694588,0.29688,0.008532,0.305412
qd_008,QuickDraw,star,inset2,public_benchmark_v1_ext33_mask_fill_edgewalk_satinrail_w8_s7_i4,False,candidate_hard_fail,-2.07306301,0.40543309,0.03308916,0.43852225,253.0,4,257,47.0,0,47,1.7121,0.0,1.7121,0.0,0,0,0.00898,0.990681,0.999661,-0.289315,0.733626,0.444311,0.14402,0.846764,0.990784,-0.295181,0.991468,0.696287,0.295181,0.008532,0.303713
qd_008,QuickDraw,star,inset2,public_benchmark_v1_ext33_mask_fill_edgewalk_styleaware_r008_d45,False,candidate_hard_fail,-0.34785439,0.20050779,0.03308916,0.23359695,22.0,4,26,4.0,0,4,0.0,0.0,0.0,0.0,0,0,0.004236,0.990681,0.994917,-0.129883,0.733626,0.603743,0.070081,0.846764,0.916845,-0.111764,0.991468,0.879704,0.111764,0.008532,0.120296
qd_008,QuickDraw,star,inset2,public_benchmark_v1_ext33_mask_fill_nearestrow_strict_short_rows16,False,jump_increase,-0.16507422,0.09498504,0.03308916,0.1280742,10.0,4,14,2.0,0,2,0.0,0.0,0.0,0.0,0,0,0.008811,0.990681,0.999492,-0.189839,0.733626,0.543787,0.128804,0.846764,0.975568,-0.152235,0.991468,0.839233,0.152235,0.008532,0.160767
qd_008,QuickDraw,star,inset2,public_benchmark_v1_ext33_mask_fill_rows12_c10,False,candidate_hard_fail,-3.98131938,0.36691084,0.03308916,0.4,560.0,4,564,83.0,0,83,0.0,0.0,0.0,0.0,0,0,0.009319,0.990681,1.0,-0.233032,0.733626,0.500594,0.153236,0.846764,1.0,-0.19995,0.991468,0.791518,0.19995,0.008532,0.208482
qd_008,QuickDraw,star,inset2,public_benchmark_v1_ext33_mask_fill_rows12_c6,False,candidate_hard_fail,-4.06459608,0.36691084,0.03308916,0.4,574.0,4,578,83.0,0,83,0.0,0.0,0.0,0.0,0,0,0.009319,0.990681,1.0,-0.219021,0.733626,0.514605,0.153236,0.846764,1.0,-0.177796,0.991468,0.813672,0.177796,0.008532,0.186328
qd_008,QuickDraw,star,inset2,public_benchmark_v1_ext33_mask_fill_rows16_c12_in025,False,candidate_hard_fail,-2.74642634,0.64439944,0.03308916,0.6774886,325.0,4,329,49.0,0,49,11.8819,0.0,11.8819,3.0,0,3,0.008811,0.990681,0.999492,-0.209969,0.733626,0.523657,0.131161,0.846764,0.977925,-0.181348,0.991468,0.81012,0.181348,0.008532,0.18988
qd_008,QuickDraw,star,inset2,public_benchmark_v1_ext33_mask_fill_rows16_c12_in050,False,candidate_hard_fail,-2.74642634,0.64439944,0.03308916,0.6774886,325.0,4,329,49.0,0,49,11.8819,0.0,11.8819,3.0,0,3,0.008811,0.990681,0.999492,-0.209969,0.733626,0.523657,0.131161,0.846764,0.977925,-0.181348,0.991468,0.81012,0.181348,0.008532,0.18988
qd_008,QuickDraw,star,inset2,public_benchmark_v1_ext33_mask_fill_rows16_c6,False,candidate_hard_fail,-2.5630586,0.36691084,0.03308916,0.4,341.0,4,345,49.0,0,49,0.0,0.0,0.0,0.0,0,0,0.008811,0.990681,0.999492,-0.171013,0.733626,0.562613,0.128375,0.846764,0.975139,-0.123561,0.991468,0.867907,0.123561,0.008532,0.132093
qd_008,QuickDraw,star,inset2,public_benchmark_v1_ext33_mask_fill_rows20_c12_in050,False,candidate_hard_fail,-2.38580311,0.61133597,0.03308916,0.64442513,274.0,4,278,42.0,0,42,9.5943,0.0,9.5943,2.0,0,2,0.006947,0.990681,0.997628,-0.1897,0.733626,0.543926,0.118624,0.846764,0.965388,-0.159228,0.991468,0.83224,0.159228,0.008532,0.16776
qd_008,QuickDraw,star,inset2,public_benchmark_v1_ext33_m2_70_line_art_jump_profile,False,absolute_adaptive_coverage_too_low,0.0,0.0,0.03308916,0.03308916,0.0,4,4,0.0,0,0,0.0,0.0,0.0,0.0,0,0,0.0,0.990681,0.990681,0.0,0.733626,0.733626,0.0,0.846764,0.846764,0.0,0.991468,0.991468,0.0,0.008532,0.008532
qd_008,QuickDraw,star,inset2,public_benchmark_v1_ext33_m2_71_maskpath_d1_c24_i090_r42_f32_min8,False,strict_precision_drop,3.895e-05,-5.43e-06,0.03308916,0.03308373,0.0,4,4,0.0,0,0,0.0,0.0,0.0,0.0,0,0,0.004236,0.990681,0.994917,-0.054389,0.733626,0.679237,0.062152,0.846764,0.908916,-0.010323,0.991468,0.981145,0.010323,0.008532,0.018855
qd_008,QuickDraw,star,inset2,public_benchmark_v1_ext33_m2_71_maskpath_d2_c28_i085_r48_f36_min6,False,off_mask_increase,-0.17325223,0.17308209,0.03308916,0.20617125,0.0,4,4,0.0,0,0,6.2265,0.0,6.2265,1.0,0,1,0.004236,0.990681,0.994917,-0.058373,0.733626,0.675253,0.061937,0.846764,0.908701,-0.016307,0.991468,0.975161,0.016307,0.008532,0.024839
qd_008,QuickDraw,star,inset2,public_benchmark_v1_ext33_m2_71_sg_euler_d1_c24_i090_r42_f32_min8,False,off_mask_increase,-0.21883958,0.17356808,0.03308916,0.20665724,7.0,4,11,1.0,0,1,4.8399,0.0,4.8399,0.0,0,0,0.000678,0.990681,0.991359,-0.058692,0.733626,0.674934,0.059901,0.846764,0.906665,-0.015462,0.991468,0.976006,0.015462,0.008532,0.023994
qd_008,QuickDraw,star,inset2,public_benchmark_v1_ext33_m2_71_sg_open_d1_c24_i090_r42_f32_min8,False,off_mask_increase,-0.21883958,0.17356808,0.03308916,0.20665724,7.0,4,11,1.0,0,1,4.8399,0.0,4.8399,0.0,0,0,0.000678,0.990681,0.991359,-0.058692,0.733626,0.674934,0.059901,0.846764,0.906665,-0.015462,0.991468,0.976006,0.015462,0.008532,0.023994
