sample_id,source_name,category,candidate,target_branch,oracle_score,oracle_quality_level,unified_loss,jump_count,trim_count,off_mask_stitch_length_mm,visible_connector_count,coverage_ratio,stitch_precision_ratio,coverage_deficit,precision_deficit,hard_penalty,is_oracle_choice,task_profile,sample_task_id,task_teacher_coverage_weight,task_teacher_precision_weight,task_teacher_off_mask_weight,task_teacher_visible_weight,task_teacher_jump_weight,task_teacher_trim_weight,feature.bias,feature.candidate_is_skeleton,feature.candidate_is_auto,feature.candidate_is_mask_fill,feature.candidate_is_edgewalk,feature.candidate_is_nearestrow,feature.candidate_is_raw_nearestrow,feature.candidate_is_fixed_inset,feature.candidate_is_inset1,feature.candidate_is_inset2,feature.candidate_fixed_inset_px,feature.candidate_is_adaptive_inset,feature.candidate_adaptive_thin_px,feature.candidate_adaptive_mid_px,feature.candidate_row_spacing_tag,feature.candidate_mask_path_limit_tag,feature.candidate_is_style_aware,feature.candidate_is_outline,feature.candidate_is_satin,feature.candidate_is_satinrail,feature.candidate_is_dt_satin,feature.candidate_is_quantvalid,feature.candidate_is_segvalid,feature.candidate_is_qdirect,feature.candidate_is_qpath,feature.candidate_is_strict,feature.branch_confidence,feature.branch_line_score,feature.mask_area_ratio,feature.skeleton_to_mask_ratio,feature.largest_skeleton_component,feature.large_skeleton_components,feature.metric_unified_loss,feature.metric_jump_count,feature.metric_trim_count,feature.metric_off_mask_mm,feature.metric_visible_count,feature.coverage_ratio,feature.precision_ratio,feature.interaction_skeleton_x_line_score,feature.interaction_skeleton_x_coverage,feature.interaction_auto_x_coverage,feature.interaction_mask_fill_x_coverage,feature.interaction_mask_fill_x_line_score,feature.interaction_edgewalk_x_coverage,feature.interaction_nearestrow_x_coverage,feature.interaction_nearestrow_x_mask_area,feature.interaction_fixed_inset_x_mask_area,feature.interaction_inset2_x_mask_area,feature.interaction_adaptive_inset_x_mask_area,feature.interaction_adaptive_inset_x_skeleton_ratio,feature.interaction_style_aware_x_coverage,feature.interaction_style_aware_x_line_score,feature.task_is_low_loss,feature.task_is_balanced,feature.task_is_precision,feature.task_is_coverage,feature.task_is_low_jump,feature.task_coverage_weight,feature.task_precision_weight,feature.task_off_mask_weight,feature.task_visible_weight,feature.task_jump_weight,feature.task_trim_weight,feature.task_coverage_weight_x_coverage_ratio,feature.task_precision_weight_x_precision_ratio,feature.task_off_mask_weight_x_metric_off_mask_mm,feature.task_visible_weight_x_metric_visible_count,feature.task_jump_weight_x_metric_jump_count,feature.task_trim_weight_x_metric_trim_count,feature.task_low_loss_x_metric_unified_loss
ocp_001,Openclipart,flower,mask_fill_edgewalk_nearestrow_inset1_rows16_p40,flat_icon_fill,0.08927202,excellent,0.08927202,10,1,0.0,0,0.993435,0.815765,0.0,0.0,0.0,1,low_loss,ocp_001::low_loss,0.0,0.0,0.0,0.0,0.0,0.0,1.0,0.0,0.0,1.0,1.0,1.0,0.0,1.0,1.0,0.0,1.0,0.0,0.0,0.0,16.0,40.0,0.0,0.0,0.0,0.0,0.0,0.0,0.0,0.0,0.0,0.0,1.0,0.0,0.306793212890625,0.05232268974435492,132.0,26.0,0.08927202,10.0,1.0,0.0,0.0,0.993435,0.815765,0.0,0.0,0.0,0.993435,0.0,0.993435,0.993435,0.306793212890625,0.306793212890625,0.0,0.0,0.0,0.0,0.0,1.0,0.0,0.0,0.0,0.0,0.0,0.0,0.0,0.0,0.0,0.0,0.0,0.0,0.0,0.0,0.0,0.0,0.08927202
ocp_001,Openclipart,flower,mask_fill_edgewalk_nearestrow_inset1_rows16_p40,flat_icon_fill,0.08927202,excellent,0.08927202,10,1,0.0,0,0.993435,0.815765,0.0,0.0,0.0,1,balanced,ocp_001::balanced,0.1,0.05,0.02,0.005,0.003,0.003,1.0,0.0,0.0,1.0,1.0,1.0,0.0,1.0,1.0,0.0,1.0,0.0,0.0,0.0,16.0,40.0,0.0,0.0,0.0,0.0,0.0,0.0,0.0,0.0,0.0,0.0,1.0,0.0,0.306793212890625,0.05232268974435492,132.0,26.0,0.08927202,10.0,1.0,0.0,0.0,0.993435,0.815765,0.0,0.0,0.0,0.993435,0.0,0.993435,0.993435,0.306793212890625,0.306793212890625,0.0,0.0,0.0,0.0,0.0,0.0,1.0,0.0,0.0,0.0,0.1,0.05,0.02,0.005,0.003,0.003,0.0993435,0.04078825,0.0,0.0,0.03,0.003,0.0
ocp_001,Openclipart,flower,mask_fill_edgewalk_nearestrow_inset1_rows16_p40,flat_icon_fill,0.08927202,excellent,0.08927202,10,1,0.0,0,0.993435,0.815765,0.0,0.0,0.0,1,precision,ocp_001::precision,0.1,0.2,0.02,0.005,0.003,0.003,1.0,0.0,0.0,1.0,1.0,1.0,0.0,1.0,1.0,0.0,1.0,0.0,0.0,0.0,16.0,40.0,0.0,0.0,0.0,0.0,0.0,0.0,0.0,0.0,0.0,0.0,1.0,0.0,0.306793212890625,0.05232268974435492,132.0,26.0,0.08927202,10.0,1.0,0.0,0.0,0.993435,0.815765,0.0,0.0,0.0,0.993435,0.0,0.993435,0.993435,0.306793212890625,0.306793212890625,0.0,0.0,0.0,0.0,0.0,0.0,0.0,1.0,0.0,0.0,0.1,0.2,0.02,0.005,0.003,0.003,0.0993435,0.163153,0.0,0.0,0.03,0.003,0.0
ocp_001,Openclipart,flower,mask_fill_edgewalk_nearestrow_inset1_rows16_p40,flat_icon_fill,0.08927202,excellent,0.08927202,10,1,0.0,0,0.993435,0.815765,0.0,0.0,0.0,1,coverage,ocp_001::coverage,0.35,0.05,0.02,0.005,0.003,0.003,1.0,0.0,0.0,1.0,1.0,1.0,0.0,1.0,1.0,0.0,1.0,0.0,0.0,0.0,16.0,40.0,0.0,0.0,0.0,0.0,0.0,0.0,0.0,0.0,0.0,0.0,1.0,0.0,0.306793212890625,0.05232268974435492,132.0,26.0,0.08927202,10.0,1.0,0.0,0.0,0.993435,0.815765,0.0,0.0,0.0,0.993435,0.0,0.993435,0.993435,0.306793212890625,0.306793212890625,0.0,0.0,0.0,0.0,0.0,0.0,0.0,0.0,1.0,0.0,0.35,0.05,0.02,0.005,0.003,0.003,0.34770225,0.04078825,0.0,0.0,0.03,0.003,0.0
ocp_001,Openclipart,flower,mask_fill_edgewalk_nearestrow_inset1_rows16_p40,flat_icon_fill,0.08927202,excellent,0.08927202,10,1,0.0,0,0.993435,0.815765,0.0,0.0,0.0,1,low_jump,ocp_001::low_jump,0.1,0.05,0.02,0.005,0.03,0.02,1.0,0.0,0.0,1.0,1.0,1.0,0.0,1.0,1.0,0.0,1.0,0.0,0.0,0.0,16.0,40.0,0.0,0.0,0.0,0.0,0.0,0.0,0.0,0.0,0.0,0.0,1.0,0.0,0.306793212890625,0.05232268974435492,132.0,26.0,0.08927202,10.0,1.0,0.0,0.0,0.993435,0.815765,0.0,0.0,0.0,0.993435,0.0,0.993435,0.993435,0.306793212890625,0.306793212890625,0.0,0.0,0.0,0.0,0.0,0.0,0.0,0.0,0.0,1.0,0.1,0.05,0.02,0.005,0.03,0.02,0.0993435,0.04078825,0.0,0.0,0.3,0.02,0.0
ocp_001,Openclipart,flower,mask_fill_edgewalk_nearestrow_inset2_rows16_p40,flat_icon_fill,0.09814515,excellent,0.09814515,8,1,1.1314,0,0.969512,0.881956,0.0,0.0,0.0,0,low_loss,ocp_001::low_loss,0.0,0.0,0.0,0.0,0.0,0.0,1.0,0.0,0.0,1.0,1.0,1.0,0.0,1.0,0.0,1.0,2.0,0.0,0.0,0.0,16.0,40.0,0.0,0.0,0.0,0.0,0.0,0.0,0.0,0.0,0.0,0.0,1.0,0.0,0.306793212890625,0.05232268974435492,132.0,26.0,0.09814515,8.0,1.0,1.1314,0.0,0.969512,0.881956,0.0,0.0,0.0,0.969512,0.0,0.969512,0.969512,0.306793212890625,0.306793212890625,0.306793212890625,0.0,0.0,0.0,0.0,1.0,0.0,0.0,0.0,0.0,0.0,0.0,0.0,0.0,0.0,0.0,0.0,0.0,0.0,0.0,0.0,0.0,0.09814515
ocp_001,Openclipart,flower,mask_fill_edgewalk_nearestrow_inset2_rows16_p40,flat_icon_fill,0.09814515,excellent,0.09814515,8,1,1.1314,0,0.969512,0.881956,0.0,0.0,0.0,0,balanced,ocp_001::balanced,0.1,0.05,0.02,0.005,0.003,0.003,1.0,0.0,0.0,1.0,1.0,1.0,0.0,1.0,0.0,1.0,2.0,0.0,0.0,0.0,16.0,40.0,0.0,0.0,0.0,0.0,0.0,0.0,0.0,0.0,0.0,0.0,1.0,0.0,0.306793212890625,0.05232268974435492,132.0,26.0,0.09814515,8.0,1.0,1.1314,0.0,0.969512,0.881956,0.0,0.0,0.0,0.969512,0.0,0.969512,0.969512,0.306793212890625,0.306793212890625,0.306793212890625,0.0,0.0,0.0,0.0,0.0,1.0,0.0,0.0,0.0,0.1,0.05,0.02,0.005,0.003,0.003,0.09695120000000002,0.0440978,0.022628,0.0,0.024,0.003,0.0
ocp_001,Openclipart,flower,mask_fill_edgewalk_nearestrow_inset2_rows16_p40,flat_icon_fill,0.09814515,excellent,0.09814515,8,1,1.1314,0,0.969512,0.881956,0.0,0.0,0.0,0,precision,ocp_001::precision,0.1,0.2,0.02,0.005,0.003,0.003,1.0,0.0,0.0,1.0,1.0,1.0,0.0,1.0,0.0,1.0,2.0,0.0,0.0,0.0,16.0,40.0,0.0,0.0,0.0,0.0,0.0,0.0,0.0,0.0,0.0,0.0,1.0,0.0,0.306793212890625,0.05232268974435492,132.0,26.0,0.09814515,8.0,1.0,1.1314,0.0,0.969512,0.881956,0.0,0.0,0.0,0.969512,0.0,0.969512,0.969512,0.306793212890625,0.306793212890625,0.306793212890625,0.0,0.0,0.0,0.0,0.0,0.0,1.0,0.0,0.0,0.1,0.2,0.02,0.005,0.003,0.003,0.09695120000000002,0.1763912,0.022628,0.0,0.024,0.003,0.0
ocp_001,Openclipart,flower,mask_fill_edgewalk_nearestrow_inset2_rows16_p40,flat_icon_fill,0.09814515,excellent,0.09814515,8,1,1.1314,0,0.969512,0.881956,0.0,0.0,0.0,0,coverage,ocp_001::coverage,0.35,0.05,0.02,0.005,0.003,0.003,1.0,0.0,0.0,1.0,1.0,1.0,0.0,1.0,0.0,1.0,2.0,0.0,0.0,0.0,16.0,40.0,0.0,0.0,0.0,0.0,0.0,0.0,0.0,0.0,0.0,0.0,1.0,0.0,0.306793212890625,0.05232268974435492,132.0,26.0,0.09814515,8.0,1.0,1.1314,0.0,0.969512,0.881956,0.0,0.0,0.0,0.969512,0.0,0.969512,0.969512,0.306793212890625,0.306793212890625,0.306793212890625,0.0,0.0,0.0,0.0,0.0,0.0,0.0,1.0,0.0,0.35,0.05,0.02,0.005,0.003,0.003,0.3393292,0.0440978,0.022628,0.0,0.024,0.003,0.0
ocp_001,Openclipart,flower,mask_fill_edgewalk_nearestrow_inset2_rows16_p40,flat_icon_fill,0.09814515,excellent,0.09814515,8,1,1.1314,0,0.969512,0.881956,0.0,0.0,0.0,0,low_jump,ocp_001::low_jump,0.1,0.05,0.02,0.005,0.03,0.02,1.0,0.0,0.0,1.0,1.0,1.0,0.0,1.0,0.0,1.0,2.0,0.0,0.0,0.0,16.0,40.0,0.0,0.0,0.0,0.0,0.0,0.0,0.0,0.0,0.0,0.0,1.0,0.0,0.306793212890625,0.05232268974435492,132.0,26.0,0.09814515,8.0,1.0,1.1314,0.0,0.969512,0.881956,0.0,0.0,0.0,0.969512,0.0,0.969512,0.969512,0.306793212890625,0.306793212890625,0.306793212890625,0.0,0.0,0.0,0.0,0.0,0.0,0.0,0.0,1.0,0.1,0.05,0.02,0.005,0.03,0.02,0.09695120000000002,0.0440978,0.022628,0.0,0.24,0.02,0.0
ocp_001,Openclipart,flower,mask_fill_edgewalk_nearestrow_rows16_p40,flat_icon_fill,0.09693779,pass,0.09693779,6,0,2.0983,0,0.998209,0.752954,0.0,0.0,0.0,0,low_loss,ocp_001::low_loss,0.0,0.0,0.0,0.0,0.0,0.0,1.0,0.0,0.0,1.0,1.0,1.0,1.0,0.0,0.0,0.0,0.0,0.0,0.0,0.0,16.0,40.0,0.0,0.0,0.0,0.0,0.0,0.0,0.0,0.0,0.0,0.0,1.0,0.0,0.306793212890625,0.05232268974435492,132.0,26.0,0.09693779,6.0,0.0,2.0983,0.0,0.998209,0.752954,0.0,0.0,0.0,0.998209,0.0,0.998209,0.998209,0.306793212890625,0.0,0.0,0.0,0.0,0.0,0.0,1.0,0.0,0.0,0.0,0.0,0.0,0.0,0.0,0.0,0.0,0.0,0.0,0.0,0.0,0.0,0.0,0.0,0.09693779
ocp_001,Openclipart,flower,mask_fill_edgewalk_nearestrow_rows16_p40,flat_icon_fill,0.09693779,pass,0.09693779,6,0,2.0983,0,0.998209,0.752954,0.0,0.0,0.0,0,balanced,ocp_001::balanced,0.1,0.05,0.02,0.005,0.003,0.003,1.0,0.0,0.0,1.0,1.0,1.0,1.0,0.0,0.0,0.0,0.0,0.0,0.0,0.0,16.0,40.0,0.0,0.0,0.0,0.0,0.0,0.0,0.0,0.0,0.0,0.0,1.0,0.0,0.306793212890625,0.05232268974435492,132.0,26.0,0.09693779,6.0,0.0,2.0983,0.0,0.998209,0.752954,0.0,0.0,0.0,0.998209,0.0,0.998209,0.998209,0.306793212890625,0.0,0.0,0.0,0.0,0.0,0.0,0.0,1.0,0.0,0.0,0.0,0.1,0.05,0.02,0.005,0.003,0.003,0.0998209,0.037647700000000006,0.041966,0.0,0.018000000000000002,0.0,0.0
ocp_001,Openclipart,flower,mask_fill_edgewalk_nearestrow_rows16_p40,flat_icon_fill,0.09693779,pass,0.09693779,6,0,2.0983,0,0.998209,0.752954,0.0,0.0,0.0,0,precision,ocp_001::precision,0.1,0.2,0.02,0.005,0.003,0.003,1.0,0.0,0.0,1.0,1.0,1.0,1.0,0.0,0.0,0.0,0.0,0.0,0.0,0.0,16.0,40.0,0.0,0.0,0.0,0.0,0.0,0.0,0.0,0.0,0.0,0.0,1.0,0.0,0.306793212890625,0.05232268974435492,132.0,26.0,0.09693779,6.0,0.0,2.0983,0.0,0.998209,0.752954,0.0,0.0,0.0,0.998209,0.0,0.998209,0.998209,0.306793212890625,0.0,0.0,0.0,0.0,0.0,0.0,0.0,0.0,1.0,0.0,0.0,0.1,0.2,0.02,0.005,0.003,0.003,0.0998209,0.15059080000000002,0.041966,0.0,0.018000000000000002,0.0,0.0
ocp_001,Openclipart,flower,mask_fill_edgewalk_nearestrow_rows16_p40,flat_icon_fill,0.09693779,pass,0.09693779,6,0,2.0983,0,0.998209,0.752954,0.0,0.0,0.0,0,coverage,ocp_001::coverage,0.35,0.05,0.02,0.005,0.003,0.003,1.0,0.0,0.0,1.0,1.0,1.0,1.0,0.0,0.0,0.0,0.0,0.0,0.0,0.0,16.0,40.0,0.0,0.0,0.0,0.0,0.0,0.0,0.0,0.0,0.0,0.0,1.0,0.0,0.306793212890625,0.05232268974435492,132.0,26.0,0.09693779,6.0,0.0,2.0983,0.0,0.998209,0.752954,0.0,0.0,0.0,0.998209,0.0,0.998209,0.998209,0.306793212890625,0.0,0.0,0.0,0.0,0.0,0.0,0.0,0.0,0.0,1.0,0.0,0.35,0.05,0.02,0.005,0.003,0.003,0.34937314999999997,0.037647700000000006,0.041966,0.0,0.018000000000000002,0.0,0.0
ocp_001,Openclipart,flower,mask_fill_edgewalk_nearestrow_rows16_p40,flat_icon_fill,0.09693779,pass,0.09693779,6,0,2.0983,0,0.998209,0.752954,0.0,0.0,0.0,0,low_jump,ocp_001::low_jump,0.1,0.05,0.02,0.005,0.03,0.02,1.0,0.0,0.0,1.0,1.0,1.0,1.0,0.0,0.0,0.0,0.0,0.0,0.0,0.0,16.0,40.0,0.0,0.0,0.0,0.0,0.0,0.0,0.0,0.0,0.0,0.0,1.0,0.0,0.306793212890625,0.05232268974435492,132.0,26.0,0.09693779,6.0,0.0,2.0983,0.0,0.998209,0.752954,0.0,0.0,0.0,0.998209,0.0,0.998209,0.998209,0.306793212890625,0.0,0.0,0.0,0.0,0.0,0.0,0.0,0.0,0.0,0.0,1.0,0.1,0.05,0.02,0.005,0.03,0.02,0.0998209,0.037647700000000006,0.041966,0.0,0.18,0.0,0.0
ocp_001,Openclipart,flower,mask_fill_edgewalk_rows16_p40,flat_icon_fill,0.559637,hard_fail,0.519637,356,61,5.3172,0,0.998209,0.762683,0.0,0.0,0.04,0,low_loss,ocp_001::low_loss,0.0,0.0,0.0,0.0,0.0,0.0,1.0,0.0,0.0,1.0,1.0,0.0,0.0,0.0,0.0,0.0,0.0,0.0,0.0,0.0,16.0,40.0,0.0,0.0,0.0,0.0,0.0,0.0,0.0,0.0,0.0,0.0,1.0,0.0,0.306793212890625,0.05232268974435492,132.0,26.0,0.519637,356.0,61.0,5.3172,0.0,0.998209,0.762683,0.0,0.0,0.0,0.998209,0.0,0.998209,0.0,0.0,0.0,0.0,0.0,0.0,0.0,0.0,1.0,0.0,0.0,0.0,0.0,0.0,0.0,0.0,0.0,0.0,0.0,0.0,0.0,0.0,0.0,0.0,0.0,0.519637
ocp_001,Openclipart,flower,mask_fill_edgewalk_rows16_p40,flat_icon_fill,0.559637,hard_fail,0.519637,356,61,5.3172,0,0.998209,0.762683,0.0,0.0,0.04,0,balanced,ocp_001::balanced,0.1,0.05,0.02,0.005,0.003,0.003,1.0,0.0,0.0,1.0,1.0,0.0,0.0,0.0,0.0,0.0,0.0,0.0,0.0,0.0,16.0,40.0,0.0,0.0,0.0,0.0,0.0,0.0,0.0,0.0,0.0,0.0,1.0,0.0,0.306793212890625,0.05232268974435492,132.0,26.0,0.519637,356.0,61.0,5.3172,0.0,0.998209,0.762683,0.0,0.0,0.0,0.998209,0.0,0.998209,0.0,0.0,0.0,0.0,0.0,0.0,0.0,0.0,0.0,1.0,0.0,0.0,0.0,0.1,0.05,0.02,0.005,0.003,0.003,0.0998209,0.038134150000000006,0.106344,0.0,1.068,0.183,0.0
ocp_001,Openclipart,flower,mask_fill_edgewalk_rows16_p40,flat_icon_fill,0.559637,hard_fail,0.519637,356,61,5.3172,0,0.998209,0.762683,0.0,0.0,0.04,0,precision,ocp_001::precision,0.1,0.2,0.02,0.005,0.003,0.003,1.0,0.0,0.0,1.0,1.0,0.0,0.0,0.0,0.0,0.0,0.0,0.0,0.0,0.0,16.0,40.0,0.0,0.0,0.0,0.0,0.0,0.0,0.0,0.0,0.0,0.0,1.0,0.0,0.306793212890625,0.05232268974435492,132.0,26.0,0.519637,356.0,61.0,5.3172,0.0,0.998209,0.762683,0.0,0.0,0.0,0.998209,0.0,0.998209,0.0,0.0,0.0,0.0,0.0,0.0,0.0,0.0,0.0,0.0,1.0,0.0,0.0,0.1,0.2,0.02,0.005,0.003,0.003,0.0998209,0.15253660000000002,0.106344,0.0,1.068,0.183,0.0
ocp_001,Openclipart,flower,mask_fill_edgewalk_rows16_p40,flat_icon_fill,0.559637,hard_fail,0.519637,356,61,5.3172,0,0.998209,0.762683,0.0,0.0,0.04,0,coverage,ocp_001::coverage,0.35,0.05,0.02,0.005,0.003,0.003,1.0,0.0,0.0,1.0,1.0,0.0,0.0,0.0,0.0,0.0,0.0,0.0,0.0,0.0,16.0,40.0,0.0,0.0,0.0,0.0,0.0,0.0,0.0,0.0,0.0,0.0,1.0,0.0,0.306793212890625,0.05232268974435492,132.0,26.0,0.519637,356.0,61.0,5.3172,0.0,0.998209,0.762683,0.0,0.0,0.0,0.998209,0.0,0.998209,0.0,0.0,0.0,0.0,0.0,0.0,0.0,0.0,0.0,0.0,0.0,1.0,0.0,0.35,0.05,0.02,0.005,0.003,0.003,0.34937314999999997,0.038134150000000006,0.106344,0.0,1.068,0.183,0.0
ocp_001,Openclipart,flower,mask_fill_edgewalk_rows16_p40,flat_icon_fill,0.559637,hard_fail,0.519637,356,61,5.3172,0,0.998209,0.762683,0.0,0.0,0.04,0,low_jump,ocp_001::low_jump,0.1,0.05,0.02,0.005,0.03,0.02,1.0,0.0,0.0,1.0,1.0,0.0,0.0,0.0,0.0,0.0,0.0,0.0,0.0,0.0,16.0,40.0,0.0,0.0,0.0,0.0,0.0,0.0,0.0,0.0,0.0,0.0,1.0,0.0,0.306793212890625,0.05232268974435492,132.0,26.0,0.519637,356.0,61.0,5.3172,0.0,0.998209,0.762683,0.0,0.0,0.0,0.998209,0.0,0.998209,0.0,0.0,0.0,0.0,0.0,0.0,0.0,0.0,0.0,0.0,0.0,0.0,1.0,0.1,0.05,0.02,0.005,0.03,0.02,0.0998209,0.038134150000000006,0.106344,0.0,10.68,1.22,0.0
ocp_001,Openclipart,flower,auto_evalrepair_r10_c20,flat_icon_fill,0.36602061,hard_fail,0.32602061,29,20,0.0,0,0.92838,0.916483,0.0,0.0,0.04,0,low_loss,ocp_001::low_loss,0.0,0.0,0.0,0.0,0.0,0.0,1.0,0.0,1.0,0.0,0.0,0.0,0.0,0.0,0.0,0.0,0.0,0.0,0.0,0.0,0.0,0.0,0.0,0.0,0.0,0.0,0.0,0.0,0.0,0.0,0.0,0.0,1.0,0.0,0.306793212890625,0.05232268974435492,132.0,26.0,0.32602061,29.0,20.0,0.0,0.0,0.92838,0.916483,0.0,0.0,0.92838,0.0,0.0,0.0,0.0,0.0,0.0,0.0,0.0,0.0,0.0,0.0,1.0,0.0,0.0,0.0,0.0,0.0,0.0,0.0,0.0,0.0,0.0,0.0,0.0,0.0,0.0,0.0,0.0,0.32602061
ocp_001,Openclipart,flower,auto_evalrepair_r10_c20,flat_icon_fill,0.36602061,hard_fail,0.32602061,29,20,0.0,0,0.92838,0.916483,0.0,0.0,0.04,0,balanced,ocp_001::balanced,0.1,0.05,0.02,0.005,0.003,0.003,1.0,0.0,1.0,0.0,0.0,0.0,0.0,0.0,0.0,0.0,0.0,0.0,0.0,0.0,0.0,0.0,0.0,0.0,0.0,0.0,0.0,0.0,0.0,0.0,0.0,0.0,1.0,0.0,0.306793212890625,0.05232268974435492,132.0,26.0,0.32602061,29.0,20.0,0.0,0.0,0.92838,0.916483,0.0,0.0,0.92838,0.0,0.0,0.0,0.0,0.0,0.0,0.0,0.0,0.0,0.0,0.0,0.0,1.0,0.0,0.0,0.0,0.1,0.05,0.02,0.005,0.003,0.003,0.092838,0.04582415000000001,0.0,0.0,0.08700000000000001,0.06,0.0
ocp_001,Openclipart,flower,auto_evalrepair_r10_c20,flat_icon_fill,0.36602061,hard_fail,0.32602061,29,20,0.0,0,0.92838,0.916483,0.0,0.0,0.04,0,precision,ocp_001::precision,0.1,0.2,0.02,0.005,0.003,0.003,1.0,0.0,1.0,0.0,0.0,0.0,0.0,0.0,0.0,0.0,0.0,0.0,0.0,0.0,0.0,0.0,0.0,0.0,0.0,0.0,0.0,0.0,0.0,0.0,0.0,0.0,1.0,0.0,0.306793212890625,0.05232268974435492,132.0,26.0,0.32602061,29.0,20.0,0.0,0.0,0.92838,0.916483,0.0,0.0,0.92838,0.0,0.0,0.0,0.0,0.0,0.0,0.0,0.0,0.0,0.0,0.0,0.0,0.0,1.0,0.0,0.0,0.1,0.2,0.02,0.005,0.003,0.003,0.092838,0.18329660000000003,0.0,0.0,0.08700000000000001,0.06,0.0
ocp_001,Openclipart,flower,auto_evalrepair_r10_c20,flat_icon_fill,0.36602061,hard_fail,0.32602061,29,20,0.0,0,0.92838,0.916483,0.0,0.0,0.04,0,coverage,ocp_001::coverage,0.35,0.05,0.02,0.005,0.003,0.003,1.0,0.0,1.0,0.0,0.0,0.0,0.0,0.0,0.0,0.0,0.0,0.0,0.0,0.0,0.0,0.0,0.0,0.0,0.0,0.0,0.0,0.0,0.0,0.0,0.0,0.0,1.0,0.0,0.306793212890625,0.05232268974435492,132.0,26.0,0.32602061,29.0,20.0,0.0,0.0,0.92838,0.916483,0.0,0.0,0.92838,0.0,0.0,0.0,0.0,0.0,0.0,0.0,0.0,0.0,0.0,0.0,0.0,0.0,0.0,1.0,0.0,0.35,0.05,0.02,0.005,0.003,0.003,0.32493299999999997,0.04582415000000001,0.0,0.0,0.08700000000000001,0.06,0.0
ocp_001,Openclipart,flower,auto_evalrepair_r10_c20,flat_icon_fill,0.36602061,hard_fail,0.32602061,29,20,0.0,0,0.92838,0.916483,0.0,0.0,0.04,0,low_jump,ocp_001::low_jump,0.1,0.05,0.02,0.005,0.03,0.02,1.0,0.0,1.0,0.0,0.0,0.0,0.0,0.0,0.0,0.0,0.0,0.0,0.0,0.0,0.0,0.0,0.0,0.0,0.0,0.0,0.0,0.0,0.0,0.0,0.0,0.0,1.0,0.0,0.306793212890625,0.05232268974435492,132.0,26.0,0.32602061,29.0,20.0,0.0,0.0,0.92838,0.916483,0.0,0.0,0.92838,0.0,0.0,0.0,0.0,0.0,0.0,0.0,0.0,0.0,0.0,0.0,0.0,0.0,0.0,0.0,1.0,0.1,0.05,0.02,0.005,0.03,0.02,0.092838,0.04582415000000001,0.0,0.0,0.87,0.4,0.0
ocp_001,Openclipart,flower,skeleton_c30_m20,flat_icon_fill,0.25922858,warning,0.15121098,16,3,0.0,0,0.479956,0.940546,0.270044,0.0,0.0,0,low_loss,ocp_001::low_loss,0.0,0.0,0.0,0.0,0.0,0.0,1.0,1.0,0.0,0.0,0.0,0.0,0.0,0.0,0.0,0.0,0.0,0.0,0.0,0.0,0.0,0.0,0.0,0.0,0.0,0.0,0.0,0.0,0.0,0.0,0.0,0.0,1.0,0.0,0.306793212890625,0.05232268974435492,132.0,26.0,0.15121098,16.0,3.0,0.0,0.0,0.479956,0.940546,0.0,0.479956,0.0,0.0,0.0,0.0,0.0,0.0,0.0,0.0,0.0,0.0,0.0,0.0,1.0,0.0,0.0,0.0,0.0,0.0,0.0,0.0,0.0,0.0,0.0,0.0,0.0,0.0,0.0,0.0,0.0,0.15121098
ocp_001,Openclipart,flower,skeleton_c30_m20,flat_icon_fill,0.25922858,warning,0.15121098,16,3,0.0,0,0.479956,0.940546,0.270044,0.0,0.0,0,balanced,ocp_001::balanced,0.1,0.05,0.02,0.005,0.003,0.003,1.0,1.0,0.0,0.0,0.0,0.0,0.0,0.0,0.0,0.0,0.0,0.0,0.0,0.0,0.0,0.0,0.0,0.0,0.0,0.0,0.0,0.0,0.0,0.0,0.0,0.0,1.0,0.0,0.306793212890625,0.05232268974435492,132.0,26.0,0.15121098,16.0,3.0,0.0,0.0,0.479956,0.940546,0.0,0.479956,0.0,0.0,0.0,0.0,0.0,0.0,0.0,0.0,0.0,0.0,0.0,0.0,0.0,1.0,0.0,0.0,0.0,0.1,0.05,0.02,0.005,0.003,0.003,0.0479956,0.0470273,0.0,0.0,0.048,0.009000000000000001,0.0
ocp_001,Openclipart,flower,skeleton_c30_m20,flat_icon_fill,0.25922858,warning,0.15121098,16,3,0.0,0,0.479956,0.940546,0.270044,0.0,0.0,0,precision,ocp_001::precision,0.1,0.2,0.02,0.005,0.003,0.003,1.0,1.0,0.0,0.0,0.0,0.0,0.0,0.0,0.0,0.0,0.0,0.0,0.0,0.0,0.0,0.0,0.0,0.0,0.0,0.0,0.0,0.0,0.0,0.0,0.0,0.0,1.0,0.0,0.306793212890625,0.05232268974435492,132.0,26.0,0.15121098,16.0,3.0,0.0,0.0,0.479956,0.940546,0.0,0.479956,0.0,0.0,0.0,0.0,0.0,0.0,0.0,0.0,0.0,0.0,0.0,0.0,0.0,0.0,1.0,0.0,0.0,0.1,0.2,0.02,0.005,0.003,0.003,0.0479956,0.1881092,0.0,0.0,0.048,0.009000000000000001,0.0
ocp_001,Openclipart,flower,skeleton_c30_m20,flat_icon_fill,0.25922858,warning,0.15121098,16,3,0.0,0,0.479956,0.940546,0.270044,0.0,0.0,0,coverage,ocp_001::coverage,0.35,0.05,0.02,0.005,0.003,0.003,1.0,1.0,0.0,0.0,0.0,0.0,0.0,0.0,0.0,0.0,0.0,0.0,0.0,0.0,0.0,0.0,0.0,0.0,0.0,0.0,0.0,0.0,0.0,0.0,0.0,0.0,1.0,0.0,0.306793212890625,0.05232268974435492,132.0,26.0,0.15121098,16.0,3.0,0.0,0.0,0.479956,0.940546,0.0,0.479956,0.0,0.0,0.0,0.0,0.0,0.0,0.0,0.0,0.0,0.0,0.0,0.0,0.0,0.0,0.0,1.0,0.0,0.35,0.05,0.02,0.005,0.003,0.003,0.16798459999999998,0.0470273,0.0,0.0,0.048,0.009000000000000001,0.0
ocp_001,Openclipart,flower,skeleton_c30_m20,flat_icon_fill,0.25922858,warning,0.15121098,16,3,0.0,0,0.479956,0.940546,0.270044,0.0,0.0,0,low_jump,ocp_001::low_jump,0.1,0.05,0.02,0.005,0.03,0.02,1.0,1.0,0.0,0.0,0.0,0.0,0.0,0.0,0.0,0.0,0.0,0.0,0.0,0.0,0.0,0.0,0.0,0.0,0.0,0.0,0.0,0.0,0.0,0.0,0.0,0.0,1.0,0.0,0.306793212890625,0.05232268974435492,132.0,26.0,0.15121098,16.0,3.0,0.0,0.0,0.479956,0.940546,0.0,0.479956,0.0,0.0,0.0,0.0,0.0,0.0,0.0,0.0,0.0,0.0,0.0,0.0,0.0,0.0,0.0,0.0,1.0,0.1,0.05,0.02,0.005,0.03,0.02,0.0479956,0.0470273,0.0,0.0,0.48,0.06,0.0
ocp_001,Openclipart,flower,skeleton_c30_m4,flat_icon_fill,0.24410396,warning,0.13966756,16,1,0.0,0,0.488909,0.921707,0.261091,0.0,0.0,0,low_loss,ocp_001::low_loss,0.0,0.0,0.0,0.0,0.0,0.0,1.0,1.0,0.0,0.0,0.0,0.0,0.0,0.0,0.0,0.0,0.0,0.0,0.0,0.0,0.0,0.0,0.0,0.0,0.0,0.0,0.0,0.0,0.0,0.0,0.0,0.0,1.0,0.0,0.306793212890625,0.05232268974435492,132.0,26.0,0.13966756,16.0,1.0,0.0,0.0,0.488909,0.921707,0.0,0.488909,0.0,0.0,0.0,0.0,0.0,0.0,0.0,0.0,0.0,0.0,0.0,0.0,1.0,0.0,0.0,0.0,0.0,0.0,0.0,0.0,0.0,0.0,0.0,0.0,0.0,0.0,0.0,0.0,0.0,0.13966756
ocp_001,Openclipart,flower,skeleton_c30_m4,flat_icon_fill,0.24410396,warning,0.13966756,16,1,0.0,0,0.488909,0.921707,0.261091,0.0,0.0,0,balanced,ocp_001::balanced,0.1,0.05,0.02,0.005,0.003,0.003,1.0,1.0,0.0,0.0,0.0,0.0,0.0,0.0,0.0,0.0,0.0,0.0,0.0,0.0,0.0,0.0,0.0,0.0,0.0,0.0,0.0,0.0,0.0,0.0,0.0,0.0,1.0,0.0,0.306793212890625,0.05232268974435492,132.0,26.0,0.13966756,16.0,1.0,0.0,0.0,0.488909,0.921707,0.0,0.488909,0.0,0.0,0.0,0.0,0.0,0.0,0.0,0.0,0.0,0.0,0.0,0.0,0.0,1.0,0.0,0.0,0.0,0.1,0.05,0.02,0.005,0.003,0.003,0.0488909,0.046085350000000004,0.0,0.0,0.048,0.003,0.0
ocp_001,Openclipart,flower,skeleton_c30_m4,flat_icon_fill,0.24410396,warning,0.13966756,16,1,0.0,0,0.488909,0.921707,0.261091,0.0,0.0,0,precision,ocp_001::precision,0.1,0.2,0.02,0.005,0.003,0.003,1.0,1.0,0.0,0.0,0.0,0.0,0.0,0.0,0.0,0.0,0.0,0.0,0.0,0.0,0.0,0.0,0.0,0.0,0.0,0.0,0.0,0.0,0.0,0.0,0.0,0.0,1.0,0.0,0.306793212890625,0.05232268974435492,132.0,26.0,0.13966756,16.0,1.0,0.0,0.0,0.488909,0.921707,0.0,0.488909,0.0,0.0,0.0,0.0,0.0,0.0,0.0,0.0,0.0,0.0,0.0,0.0,0.0,0.0,1.0,0.0,0.0,0.1,0.2,0.02,0.005,0.003,0.003,0.0488909,0.18434140000000002,0.0,0.0,0.048,0.003,0.0
ocp_001,Openclipart,flower,skeleton_c30_m4,flat_icon_fill,0.24410396,warning,0.13966756,16,1,0.0,0,0.488909,0.921707,0.261091,0.0,0.0,0,coverage,ocp_001::coverage,0.35,0.05,0.02,0.005,0.003,0.003,1.0,1.0,0.0,0.0,0.0,0.0,0.0,0.0,0.0,0.0,0.0,0.0,0.0,0.0,0.0,0.0,0.0,0.0,0.0,0.0,0.0,0.0,0.0,0.0,0.0,0.0,1.0,0.0,0.306793212890625,0.05232268974435492,132.0,26.0,0.13966756,16.0,1.0,0.0,0.0,0.488909,0.921707,0.0,0.488909,0.0,0.0,0.0,0.0,0.0,0.0,0.0,0.0,0.0,0.0,0.0,0.0,0.0,0.0,0.0,1.0,0.0,0.35,0.05,0.02,0.005,0.003,0.003,0.17111815,0.046085350000000004,0.0,0.0,0.048,0.003,0.0
ocp_001,Openclipart,flower,skeleton_c30_m4,flat_icon_fill,0.24410396,warning,0.13966756,16,1,0.0,0,0.488909,0.921707,0.261091,0.0,0.0,0,low_jump,ocp_001::low_jump,0.1,0.05,0.02,0.005,0.03,0.02,1.0,1.0,0.0,0.0,0.0,0.0,0.0,0.0,0.0,0.0,0.0,0.0,0.0,0.0,0.0,0.0,0.0,0.0,0.0,0.0,0.0,0.0,0.0,0.0,0.0,0.0,1.0,0.0,0.306793212890625,0.05232268974435492,132.0,26.0,0.13966756,16.0,1.0,0.0,0.0,0.488909,0.921707,0.0,0.488909,0.0,0.0,0.0,0.0,0.0,0.0,0.0,0.0,0.0,0.0,0.0,0.0,0.0,0.0,0.0,0.0,1.0,0.1,0.05,0.02,0.005,0.03,0.02,0.0488909,0.046085350000000004,0.0,0.0,0.48,0.02,0.0
ocp_001,Openclipart,flower,mask_fill_edgewalk_nearestrow_safeadt_t2m5_r055_a64_rows16_p40,flat_icon_fill,0.08927397,excellent,0.08927397,10,1,0.0,0,0.988461,0.833711,0.0,0.0,0.0,0,low_loss,ocp_001::low_loss,0.0,0.0,0.0,0.0,0.0,0.0,1.0,0.0,0.0,1.0,1.0,1.0,1.0,0.0,0.0,0.0,0.0,0.0,0.0,0.0,16.0,40.0,0.0,0.0,0.0,0.0,0.0,0.0,0.0,0.0,0.0,0.0,1.0,0.0,0.306793212890625,0.05232268974435492,132.0,26.0,0.08927397,10.0,1.0,0.0,0.0,0.988461,0.833711,0.0,0.0,0.0,0.988461,0.0,0.988461,0.988461,0.306793212890625,0.0,0.0,0.0,0.0,0.0,0.0,1.0,0.0,0.0,0.0,0.0,0.0,0.0,0.0,0.0,0.0,0.0,0.0,0.0,0.0,0.0,0.0,0.0,0.08927397
ocp_001,Openclipart,flower,mask_fill_edgewalk_nearestrow_safeadt_t2m5_r055_a64_rows16_p40,flat_icon_fill,0.08927397,excellent,0.08927397,10,1,0.0,0,0.988461,0.833711,0.0,0.0,0.0,0,balanced,ocp_001::balanced,0.1,0.05,0.02,0.005,0.003,0.003,1.0,0.0,0.0,1.0,1.0,1.0,1.0,0.0,0.0,0.0,0.0,0.0,0.0,0.0,16.0,40.0,0.0,0.0,0.0,0.0,0.0,0.0,0.0,0.0,0.0,0.0,1.0,0.0,0.306793212890625,0.05232268974435492,132.0,26.0,0.08927397,10.0,1.0,0.0,0.0,0.988461,0.833711,0.0,0.0,0.0,0.988461,0.0,0.988461,0.988461,0.306793212890625,0.0,0.0,0.0,0.0,0.0,0.0,0.0,1.0,0.0,0.0,0.0,0.1,0.05,0.02,0.005,0.003,0.003,0.0988461,0.04168555,0.0,0.0,0.03,0.003,0.0
ocp_001,Openclipart,flower,mask_fill_edgewalk_nearestrow_safeadt_t2m5_r055_a64_rows16_p40,flat_icon_fill,0.08927397,excellent,0.08927397,10,1,0.0,0,0.988461,0.833711,0.0,0.0,0.0,0,precision,ocp_001::precision,0.1,0.2,0.02,0.005,0.003,0.003,1.0,0.0,0.0,1.0,1.0,1.0,1.0,0.0,0.0,0.0,0.0,0.0,0.0,0.0,16.0,40.0,0.0,0.0,0.0,0.0,0.0,0.0,0.0,0.0,0.0,0.0,1.0,0.0,0.306793212890625,0.05232268974435492,132.0,26.0,0.08927397,10.0,1.0,0.0,0.0,0.988461,0.833711,0.0,0.0,0.0,0.988461,0.0,0.988461,0.988461,0.306793212890625,0.0,0.0,0.0,0.0,0.0,0.0,0.0,0.0,1.0,0.0,0.0,0.1,0.2,0.02,0.005,0.003,0.003,0.0988461,0.1667422,0.0,0.0,0.03,0.003,0.0
ocp_001,Openclipart,flower,mask_fill_edgewalk_nearestrow_safeadt_t2m5_r055_a64_rows16_p40,flat_icon_fill,0.08927397,excellent,0.08927397,10,1,0.0,0,0.988461,0.833711,0.0,0.0,0.0,0,coverage,ocp_001::coverage,0.35,0.05,0.02,0.005,0.003,0.003,1.0,0.0,0.0,1.0,1.0,1.0,1.0,0.0,0.0,0.0,0.0,0.0,0.0,0.0,16.0,40.0,0.0,0.0,0.0,0.0,0.0,0.0,0.0,0.0,0.0,0.0,1.0,0.0,0.306793212890625,0.05232268974435492,132.0,26.0,0.08927397,10.0,1.0,0.0,0.0,0.988461,0.833711,0.0,0.0,0.0,0.988461,0.0,0.988461,0.988461,0.306793212890625,0.0,0.0,0.0,0.0,0.0,0.0,0.0,0.0,0.0,1.0,0.0,0.35,0.05,0.02,0.005,0.003,0.003,0.34596135,0.04168555,0.0,0.0,0.03,0.003,0.0
ocp_001,Openclipart,flower,mask_fill_edgewalk_nearestrow_safeadt_t2m5_r055_a64_rows16_p40,flat_icon_fill,0.08927397,excellent,0.08927397,10,1,0.0,0,0.988461,0.833711,0.0,0.0,0.0,0,low_jump,ocp_001::low_jump,0.1,0.05,0.02,0.005,0.03,0.02,1.0,0.0,0.0,1.0,1.0,1.0,1.0,0.0,0.0,0.0,0.0,0.0,0.0,0.0,16.0,40.0,0.0,0.0,0.0,0.0,0.0,0.0,0.0,0.0,0.0,0.0,1.0,0.0,0.306793212890625,0.05232268974435492,132.0,26.0,0.08927397,10.0,1.0,0.0,0.0,0.988461,0.833711,0.0,0.0,0.0,0.988461,0.0,0.988461,0.988461,0.306793212890625,0.0,0.0,0.0,0.0,0.0,0.0,0.0,0.0,0.0,0.0,1.0,0.1,0.05,0.02,0.005,0.03,0.02,0.0988461,0.04168555,0.0,0.0,0.3,0.02,0.0
ocp_002,Openclipart,butterfly,mask_fill_edgewalk_nearestrow_inset1_rows16_p40,flat_icon_fill,0.09720195,excellent,0.09720195,6,1,1.8325,0,0.980505,0.913605,0.0,0.0,0.0,0,low_loss,ocp_002::low_loss,0.0,0.0,0.0,0.0,0.0,0.0,1.0,0.0,0.0,1.0,1.0,1.0,0.0,1.0,1.0,0.0,1.0,0.0,0.0,0.0,16.0,40.0,0.0,0.0,0.0,0.0,0.0,0.0,0.0,0.0,0.0,0.0,1.0,0.0,0.3115234375,0.026057993730407524,52.0,34.0,0.09720195,6.0,1.0,1.8325,0.0,0.980505,0.913605,0.0,0.0,0.0,0.980505,0.0,0.980505,0.980505,0.3115234375,0.3115234375,0.0,0.0,0.0,0.0,0.0,1.0,0.0,0.0,0.0,0.0,0.0,0.0,0.0,0.0,0.0,0.0,0.0,0.0,0.0,0.0,0.0,0.0,0.09720195
ocp_002,Openclipart,butterfly,mask_fill_edgewalk_nearestrow_inset1_rows16_p40,flat_icon_fill,0.09720195,excellent,0.09720195,6,1,1.8325,0,0.980505,0.913605,0.0,0.0,0.0,0,balanced,ocp_002::balanced,0.1,0.05,0.02,0.005,0.003,0.003,1.0,0.0,0.0,1.0,1.0,1.0,0.0,1.0,1.0,0.0,1.0,0.0,0.0,0.0,16.0,40.0,0.0,0.0,0.0,0.0,0.0,0.0,0.0,0.0,0.0,0.0,1.0,0.0,0.3115234375,0.026057993730407524,52.0,34.0,0.09720195,6.0,1.0,1.8325,0.0,0.980505,0.913605,0.0,0.0,0.0,0.980505,0.0,0.980505,0.980505,0.3115234375,0.3115234375,0.0,0.0,0.0,0.0,0.0,0.0,1.0,0.0,0.0,0.0,0.1,0.05,0.02,0.005,0.003,0.003,0.0980505,0.045680250000000006,0.03665,0.0,0.018000000000000002,0.003,0.0
ocp_002,Openclipart,butterfly,mask_fill_edgewalk_nearestrow_inset1_rows16_p40,flat_icon_fill,0.09720195,excellent,0.09720195,6,1,1.8325,0,0.980505,0.913605,0.0,0.0,0.0,0,precision,ocp_002::precision,0.1,0.2,0.02,0.005,0.003,0.003,1.0,0.0,0.0,1.0,1.0,1.0,0.0,1.0,1.0,0.0,1.0,0.0,0.0,0.0,16.0,40.0,0.0,0.0,0.0,0.0,0.0,0.0,0.0,0.0,0.0,0.0,1.0,0.0,0.3115234375,0.026057993730407524,52.0,34.0,0.09720195,6.0,1.0,1.8325,0.0,0.980505,0.913605,0.0,0.0,0.0,0.980505,0.0,0.980505,0.980505,0.3115234375,0.3115234375,0.0,0.0,0.0,0.0,0.0,0.0,0.0,1.0,0.0,0.0,0.1,0.2,0.02,0.005,0.003,0.003,0.0980505,0.18272100000000002,0.03665,0.0,0.018000000000000002,0.003,0.0
ocp_002,Openclipart,butterfly,mask_fill_edgewalk_nearestrow_inset1_rows16_p40,flat_icon_fill,0.09720195,excellent,0.09720195,6,1,1.8325,0,0.980505,0.913605,0.0,0.0,0.0,0,coverage,ocp_002::coverage,0.35,0.05,0.02,0.005,0.003,0.003,1.0,0.0,0.0,1.0,1.0,1.0,0.0,1.0,1.0,0.0,1.0,0.0,0.0,0.0,16.0,40.0,0.0,0.0,0.0,0.0,0.0,0.0,0.0,0.0,0.0,0.0,1.0,0.0,0.3115234375,0.026057993730407524,52.0,34.0,0.09720195,6.0,1.0,1.8325,0.0,0.980505,0.913605,0.0,0.0,0.0,0.980505,0.0,0.980505,0.980505,0.3115234375,0.3115234375,0.0,0.0,0.0,0.0,0.0,0.0,0.0,0.0,1.0,0.0,0.35,0.05,0.02,0.005,0.003,0.003,0.34317675,0.045680250000000006,0.03665,0.0,0.018000000000000002,0.003,0.0
ocp_002,Openclipart,butterfly,mask_fill_edgewalk_nearestrow_inset1_rows16_p40,flat_icon_fill,0.09720195,excellent,0.09720195,6,1,1.8325,0,0.980505,0.913605,0.0,0.0,0.0,0,low_jump,ocp_002::low_jump,0.1,0.05,0.02,0.005,0.03,0.02,1.0,0.0,0.0,1.0,1.0,1.0,0.0,1.0,1.0,0.0,1.0,0.0,0.0,0.0,16.0,40.0,0.0,0.0,0.0,0.0,0.0,0.0,0.0,0.0,0.0,0.0,1.0,0.0,0.3115234375,0.026057993730407524,52.0,34.0,0.09720195,6.0,1.0,1.8325,0.0,0.980505,0.913605,0.0,0.0,0.0,0.980505,0.0,0.980505,0.980505,0.3115234375,0.3115234375,0.0,0.0,0.0,0.0,0.0,0.0,0.0,0.0,0.0,1.0,0.1,0.05,0.02,0.005,0.03,0.02,0.0980505,0.045680250000000006,0.03665,0.0,0.18,0.02,0.0
ocp_002,Openclipart,butterfly,mask_fill_edgewalk_nearestrow_inset2_rows16_p40,flat_icon_fill,0.01645384,excellent,0.01645384,2,0,0.0,0,0.971346,0.943255,0.0,0.0,0.0,1,low_loss,ocp_002::low_loss,0.0,0.0,0.0,0.0,0.0,0.0,1.0,0.0,0.0,1.0,1.0,1.0,0.0,1.0,0.0,1.0,2.0,0.0,0.0,0.0,16.0,40.0,0.0,0.0,0.0,0.0,0.0,0.0,0.0,0.0,0.0,0.0,1.0,0.0,0.3115234375,0.026057993730407524,52.0,34.0,0.01645384,2.0,0.0,0.0,0.0,0.971346,0.943255,0.0,0.0,0.0,0.971346,0.0,0.971346,0.971346,0.3115234375,0.3115234375,0.3115234375,0.0,0.0,0.0,0.0,1.0,0.0,0.0,0.0,0.0,0.0,0.0,0.0,0.0,0.0,0.0,0.0,0.0,0.0,0.0,0.0,0.0,0.01645384
ocp_002,Openclipart,butterfly,mask_fill_edgewalk_nearestrow_inset2_rows16_p40,flat_icon_fill,0.01645384,excellent,0.01645384,2,0,0.0,0,0.971346,0.943255,0.0,0.0,0.0,1,balanced,ocp_002::balanced,0.1,0.05,0.02,0.005,0.003,0.003,1.0,0.0,0.0,1.0,1.0,1.0,0.0,1.0,0.0,1.0,2.0,0.0,0.0,0.0,16.0,40.0,0.0,0.0,0.0,0.0,0.0,0.0,0.0,0.0,0.0,0.0,1.0,0.0,0.3115234375,0.026057993730407524,52.0,34.0,0.01645384,2.0,0.0,0.0,0.0,0.971346,0.943255,0.0,0.0,0.0,0.971346,0.0,0.971346,0.971346,0.3115234375,0.3115234375,0.3115234375,0.0,0.0,0.0,0.0,0.0,1.0,0.0,0.0,0.0,0.1,0.05,0.02,0.005,0.003,0.003,0.09713460000000002,0.04716275,0.0,0.0,0.006,0.0,0.0
ocp_002,Openclipart,butterfly,mask_fill_edgewalk_nearestrow_inset2_rows16_p40,flat_icon_fill,0.01645384,excellent,0.01645384,2,0,0.0,0,0.971346,0.943255,0.0,0.0,0.0,1,precision,ocp_002::precision,0.1,0.2,0.02,0.005,0.003,0.003,1.0,0.0,0.0,1.0,1.0,1.0,0.0,1.0,0.0,1.0,2.0,0.0,0.0,0.0,16.0,40.0,0.0,0.0,0.0,0.0,0.0,0.0,0.0,0.0,0.0,0.0,1.0,0.0,0.3115234375,0.026057993730407524,52.0,34.0,0.01645384,2.0,0.0,0.0,0.0,0.971346,0.943255,0.0,0.0,0.0,0.971346,0.0,0.971346,0.971346,0.3115234375,0.3115234375,0.3115234375,0.0,0.0,0.0,0.0,0.0,0.0,1.0,0.0,0.0,0.1,0.2,0.02,0.005,0.003,0.003,0.09713460000000002,0.188651,0.0,0.0,0.006,0.0,0.0
ocp_002,Openclipart,butterfly,mask_fill_edgewalk_nearestrow_inset2_rows16_p40,flat_icon_fill,0.01645384,excellent,0.01645384,2,0,0.0,0,0.971346,0.943255,0.0,0.0,0.0,1,coverage,ocp_002::coverage,0.35,0.05,0.02,0.005,0.003,0.003,1.0,0.0,0.0,1.0,1.0,1.0,0.0,1.0,0.0,1.0,2.0,0.0,0.0,0.0,16.0,40.0,0.0,0.0,0.0,0.0,0.0,0.0,0.0,0.0,0.0,0.0,1.0,0.0,0.3115234375,0.026057993730407524,52.0,34.0,0.01645384,2.0,0.0,0.0,0.0,0.971346,0.943255,0.0,0.0,0.0,0.971346,0.0,0.971346,0.971346,0.3115234375,0.3115234375,0.3115234375,0.0,0.0,0.0,0.0,0.0,0.0,0.0,1.0,0.0,0.35,0.05,0.02,0.005,0.003,0.003,0.33997109999999997,0.04716275,0.0,0.0,0.006,0.0,0.0
ocp_002,Openclipart,butterfly,mask_fill_edgewalk_nearestrow_inset2_rows16_p40,flat_icon_fill,0.01645384,excellent,0.01645384,2,0,0.0,0,0.971346,0.943255,0.0,0.0,0.0,1,low_jump,ocp_002::low_jump,0.1,0.05,0.02,0.005,0.03,0.02,1.0,0.0,0.0,1.0,1.0,1.0,0.0,1.0,0.0,1.0,2.0,0.0,0.0,0.0,16.0,40.0,0.0,0.0,0.0,0.0,0.0,0.0,0.0,0.0,0.0,0.0,1.0,0.0,0.3115234375,0.026057993730407524,52.0,34.0,0.01645384,2.0,0.0,0.0,0.0,0.971346,0.943255,0.0,0.0,0.0,0.971346,0.0,0.971346,0.971346,0.3115234375,0.3115234375,0.3115234375,0.0,0.0,0.0,0.0,0.0,0.0,0.0,0.0,1.0,0.1,0.05,0.02,0.005,0.03,0.02,0.09713460000000002,0.04716275,0.0,0.0,0.06,0.0,0.0
ocp_002,Openclipart,butterfly,mask_fill_edgewalk_nearestrow_rows16_p40,flat_icon_fill,0.13157981,excellent,0.13157981,10,2,1.6151,0,0.996767,0.86123,0.0,0.0,0.0,0,low_loss,ocp_002::low_loss,0.0,0.0,0.0,0.0,0.0,0.0,1.0,0.0,0.0,1.0,1.0,1.0,1.0,0.0,0.0,0.0,0.0,0.0,0.0,0.0,16.0,40.0,0.0,0.0,0.0,0.0,0.0,0.0,0.0,0.0,0.0,0.0,1.0,0.0,0.3115234375,0.026057993730407524,52.0,34.0,0.13157981,10.0,2.0,1.6151,0.0,0.996767,0.86123,0.0,0.0,0.0,0.996767,0.0,0.996767,0.996767,0.3115234375,0.0,0.0,0.0,0.0,0.0,0.0,1.0,0.0,0.0,0.0,0.0,0.0,0.0,0.0,0.0,0.0,0.0,0.0,0.0,0.0,0.0,0.0,0.0,0.13157981
ocp_002,Openclipart,butterfly,mask_fill_edgewalk_nearestrow_rows16_p40,flat_icon_fill,0.13157981,excellent,0.13157981,10,2,1.6151,0,0.996767,0.86123,0.0,0.0,0.0,0,balanced,ocp_002::balanced,0.1,0.05,0.02,0.005,0.003,0.003,1.0,0.0,0.0,1.0,1.0,1.0,1.0,0.0,0.0,0.0,0.0,0.0,0.0,0.0,16.0,40.0,0.0,0.0,0.0,0.0,0.0,0.0,0.0,0.0,0.0,0.0,1.0,0.0,0.3115234375,0.026057993730407524,52.0,34.0,0.13157981,10.0,2.0,1.6151,0.0,0.996767,0.86123,0.0,0.0,0.0,0.996767,0.0,0.996767,0.996767,0.3115234375,0.0,0.0,0.0,0.0,0.0,0.0,0.0,1.0,0.0,0.0,0.0,0.1,0.05,0.02,0.005,0.003,0.003,0.09967670000000001,0.0430615,0.032302,0.0,0.03,0.006,0.0
ocp_002,Openclipart,butterfly,mask_fill_edgewalk_nearestrow_rows16_p40,flat_icon_fill,0.13157981,excellent,0.13157981,10,2,1.6151,0,0.996767,0.86123,0.0,0.0,0.0,0,precision,ocp_002::precision,0.1,0.2,0.02,0.005,0.003,0.003,1.0,0.0,0.0,1.0,1.0,1.0,1.0,0.0,0.0,0.0,0.0,0.0,0.0,0.0,16.0,40.0,0.0,0.0,0.0,0.0,0.0,0.0,0.0,0.0,0.0,0.0,1.0,0.0,0.3115234375,0.026057993730407524,52.0,34.0,0.13157981,10.0,2.0,1.6151,0.0,0.996767,0.86123,0.0,0.0,0.0,0.996767,0.0,0.996767,0.996767,0.3115234375,0.0,0.0,0.0,0.0,0.0,0.0,0.0,0.0,1.0,0.0,0.0,0.1,0.2,0.02,0.005,0.003,0.003,0.09967670000000001,0.172246,0.032302,0.0,0.03,0.006,0.0
ocp_002,Openclipart,butterfly,mask_fill_edgewalk_nearestrow_rows16_p40,flat_icon_fill,0.13157981,excellent,0.13157981,10,2,1.6151,0,0.996767,0.86123,0.0,0.0,0.0,0,coverage,ocp_002::coverage,0.35,0.05,0.02,0.005,0.003,0.003,1.0,0.0,0.0,1.0,1.0,1.0,1.0,0.0,0.0,0.0,0.0,0.0,0.0,0.0,16.0,40.0,0.0,0.0,0.0,0.0,0.0,0.0,0.0,0.0,0.0,0.0,1.0,0.0,0.3115234375,0.026057993730407524,52.0,34.0,0.13157981,10.0,2.0,1.6151,0.0,0.996767,0.86123,0.0,0.0,0.0,0.996767,0.0,0.996767,0.996767,0.3115234375,0.0,0.0,0.0,0.0,0.0,0.0,0.0,0.0,0.0,1.0,0.0,0.35,0.05,0.02,0.005,0.003,0.003,0.34886844999999994,0.0430615,0.032302,0.0,0.03,0.006,0.0
ocp_002,Openclipart,butterfly,mask_fill_edgewalk_nearestrow_rows16_p40,flat_icon_fill,0.13157981,excellent,0.13157981,10,2,1.6151,0,0.996767,0.86123,0.0,0.0,0.0,0,low_jump,ocp_002::low_jump,0.1,0.05,0.02,0.005,0.03,0.02,1.0,0.0,0.0,1.0,1.0,1.0,1.0,0.0,0.0,0.0,0.0,0.0,0.0,0.0,16.0,40.0,0.0,0.0,0.0,0.0,0.0,0.0,0.0,0.0,0.0,0.0,1.0,0.0,0.3115234375,0.026057993730407524,52.0,34.0,0.13157981,10.0,2.0,1.6151,0.0,0.996767,0.86123,0.0,0.0,0.0,0.996767,0.0,0.996767,0.996767,0.3115234375,0.0,0.0,0.0,0.0,0.0,0.0,0.0,0.0,0.0,0.0,1.0,0.1,0.05,0.02,0.005,0.03,0.02,0.09967670000000001,0.0430615,0.032302,0.0,0.3,0.04,0.0
ocp_002,Openclipart,butterfly,mask_fill_edgewalk_rows16_p40,flat_icon_fill,0.47966423,hard_fail,0.43966423,104,18,4.2208,0,0.996767,0.862471,0.0,0.0,0.04,0,low_loss,ocp_002::low_loss,0.0,0.0,0.0,0.0,0.0,0.0,1.0,0.0,0.0,1.0,1.0,0.0,0.0,0.0,0.0,0.0,0.0,0.0,0.0,0.0,16.0,40.0,0.0,0.0,0.0,0.0,0.0,0.0,0.0,0.0,0.0,0.0,1.0,0.0,0.3115234375,0.026057993730407524,52.0,34.0,0.43966423,104.0,18.0,4.2208,0.0,0.996767,0.862471,0.0,0.0,0.0,0.996767,0.0,0.996767,0.0,0.0,0.0,0.0,0.0,0.0,0.0,0.0,1.0,0.0,0.0,0.0,0.0,0.0,0.0,0.0,0.0,0.0,0.0,0.0,0.0,0.0,0.0,0.0,0.0,0.43966423
ocp_002,Openclipart,butterfly,mask_fill_edgewalk_rows16_p40,flat_icon_fill,0.47966423,hard_fail,0.43966423,104,18,4.2208,0,0.996767,0.862471,0.0,0.0,0.04,0,balanced,ocp_002::balanced,0.1,0.05,0.02,0.005,0.003,0.003,1.0,0.0,0.0,1.0,1.0,0.0,0.0,0.0,0.0,0.0,0.0,0.0,0.0,0.0,16.0,40.0,0.0,0.0,0.0,0.0,0.0,0.0,0.0,0.0,0.0,0.0,1.0,0.0,0.3115234375,0.026057993730407524,52.0,34.0,0.43966423,104.0,18.0,4.2208,0.0,0.996767,0.862471,0.0,0.0,0.0,0.996767,0.0,0.996767,0.0,0.0,0.0,0.0,0.0,0.0,0.0,0.0,0.0,1.0,0.0,0.0,0.0,0.1,0.05,0.02,0.005,0.003,0.003,0.09967670000000001,0.043123550000000004,0.08441599999999999,0.0,0.312,0.054,0.0
ocp_002,Openclipart,butterfly,mask_fill_edgewalk_rows16_p40,flat_icon_fill,0.47966423,hard_fail,0.43966423,104,18,4.2208,0,0.996767,0.862471,0.0,0.0,0.04,0,precision,ocp_002::precision,0.1,0.2,0.02,0.005,0.003,0.003,1.0,0.0,0.0,1.0,1.0,0.0,0.0,0.0,0.0,0.0,0.0,0.0,0.0,0.0,16.0,40.0,0.0,0.0,0.0,0.0,0.0,0.0,0.0,0.0,0.0,0.0,1.0,0.0,0.3115234375,0.026057993730407524,52.0,34.0,0.43966423,104.0,18.0,4.2208,0.0,0.996767,0.862471,0.0,0.0,0.0,0.996767,0.0,0.996767,0.0,0.0,0.0,0.0,0.0,0.0,0.0,0.0,0.0,0.0,1.0,0.0,0.0,0.1,0.2,0.02,0.005,0.003,0.003,0.09967670000000001,0.17249420000000001,0.08441599999999999,0.0,0.312,0.054,0.0
ocp_002,Openclipart,butterfly,mask_fill_edgewalk_rows16_p40,flat_icon_fill,0.47966423,hard_fail,0.43966423,104,18,4.2208,0,0.996767,0.862471,0.0,0.0,0.04,0,coverage,ocp_002::coverage,0.35,0.05,0.02,0.005,0.003,0.003,1.0,0.0,0.0,1.0,1.0,0.0,0.0,0.0,0.0,0.0,0.0,0.0,0.0,0.0,16.0,40.0,0.0,0.0,0.0,0.0,0.0,0.0,0.0,0.0,0.0,0.0,1.0,0.0,0.3115234375,0.026057993730407524,52.0,34.0,0.43966423,104.0,18.0,4.2208,0.0,0.996767,0.862471,0.0,0.0,0.0,0.996767,0.0,0.996767,0.0,0.0,0.0,0.0,0.0,0.0,0.0,0.0,0.0,0.0,0.0,1.0,0.0,0.35,0.05,0.02,0.005,0.003,0.003,0.34886844999999994,0.043123550000000004,0.08441599999999999,0.0,0.312,0.054,0.0
ocp_002,Openclipart,butterfly,mask_fill_edgewalk_rows16_p40,flat_icon_fill,0.47966423,hard_fail,0.43966423,104,18,4.2208,0,0.996767,0.862471,0.0,0.0,0.04,0,low_jump,ocp_002::low_jump,0.1,0.05,0.02,0.005,0.03,0.02,1.0,0.0,0.0,1.0,1.0,0.0,0.0,0.0,0.0,0.0,0.0,0.0,0.0,0.0,16.0,40.0,0.0,0.0,0.0,0.0,0.0,0.0,0.0,0.0,0.0,0.0,1.0,0.0,0.3115234375,0.026057993730407524,52.0,34.0,0.43966423,104.0,18.0,4.2208,0.0,0.996767,0.862471,0.0,0.0,0.0,0.996767,0.0,0.996767,0.0,0.0,0.0,0.0,0.0,0.0,0.0,0.0,0.0,0.0,0.0,0.0,1.0,0.1,0.05,0.02,0.005,0.03,0.02,0.09967670000000001,0.043123550000000004,0.08441599999999999,0.0,3.12,0.36,0.0
ocp_002,Openclipart,butterfly,auto_evalrepair_r10_c20,flat_icon_fill,0.09501301,pass,0.09501301,5,9,0.0,0,0.951705,0.951285,0.0,0.0,0.0,0,low_loss,ocp_002::low_loss,0.0,0.0,0.0,0.0,0.0,0.0,1.0,0.0,1.0,0.0,0.0,0.0,0.0,0.0,0.0,0.0,0.0,0.0,0.0,0.0,0.0,0.0,0.0,0.0,0.0,0.0,0.0,0.0,0.0,0.0,0.0,0.0,1.0,0.0,0.3115234375,0.026057993730407524,52.0,34.0,0.09501301,5.0,9.0,0.0,0.0,0.951705,0.951285,0.0,0.0,0.951705,0.0,0.0,0.0,0.0,0.0,0.0,0.0,0.0,0.0,0.0,0.0,1.0,0.0,0.0,0.0,0.0,0.0,0.0,0.0,0.0,0.0,0.0,0.0,0.0,0.0,0.0,0.0,0.0,0.09501301
ocp_002,Openclipart,butterfly,auto_evalrepair_r10_c20,flat_icon_fill,0.09501301,pass,0.09501301,5,9,0.0,0,0.951705,0.951285,0.0,0.0,0.0,0,balanced,ocp_002::balanced,0.1,0.05,0.02,0.005,0.003,0.003,1.0,0.0,1.0,0.0,0.0,0.0,0.0,0.0,0.0,0.0,0.0,0.0,0.0,0.0,0.0,0.0,0.0,0.0,0.0,0.0,0.0,0.0,0.0,0.0,0.0,0.0,1.0,0.0,0.3115234375,0.026057993730407524,52.0,34.0,0.09501301,5.0,9.0,0.0,0.0,0.951705,0.951285,0.0,0.0,0.951705,0.0,0.0,0.0,0.0,0.0,0.0,0.0,0.0,0.0,0.0,0.0,0.0,1.0,0.0,0.0,0.0,0.1,0.05,0.02,0.005,0.003,0.003,0.0951705,0.04756425,0.0,0.0,0.015,0.027,0.0
ocp_002,Openclipart,butterfly,auto_evalrepair_r10_c20,flat_icon_fill,0.09501301,pass,0.09501301,5,9,0.0,0,0.951705,0.951285,0.0,0.0,0.0,0,precision,ocp_002::precision,0.1,0.2,0.02,0.005,0.003,0.003,1.0,0.0,1.0,0.0,0.0,0.0,0.0,0.0,0.0,0.0,0.0,0.0,0.0,0.0,0.0,0.0,0.0,0.0,0.0,0.0,0.0,0.0,0.0,0.0,0.0,0.0,1.0,0.0,0.3115234375,0.026057993730407524,52.0,34.0,0.09501301,5.0,9.0,0.0,0.0,0.951705,0.951285,0.0,0.0,0.951705,0.0,0.0,0.0,0.0,0.0,0.0,0.0,0.0,0.0,0.0,0.0,0.0,0.0,1.0,0.0,0.0,0.1,0.2,0.02,0.005,0.003,0.003,0.0951705,0.190257,0.0,0.0,0.015,0.027,0.0
ocp_002,Openclipart,butterfly,auto_evalrepair_r10_c20,flat_icon_fill,0.09501301,pass,0.09501301,5,9,0.0,0,0.951705,0.951285,0.0,0.0,0.0,0,coverage,ocp_002::coverage,0.35,0.05,0.02,0.005,0.003,0.003,1.0,0.0,1.0,0.0,0.0,0.0,0.0,0.0,0.0,0.0,0.0,0.0,0.0,0.0,0.0,0.0,0.0,0.0,0.0,0.0,0.0,0.0,0.0,0.0,0.0,0.0,1.0,0.0,0.3115234375,0.026057993730407524,52.0,34.0,0.09501301,5.0,9.0,0.0,0.0,0.951705,0.951285,0.0,0.0,0.951705,0.0,0.0,0.0,0.0,0.0,0.0,0.0,0.0,0.0,0.0,0.0,0.0,0.0,0.0,1.0,0.0,0.35,0.05,0.02,0.005,0.003,0.003,0.33309675,0.04756425,0.0,0.0,0.015,0.027,0.0
ocp_002,Openclipart,butterfly,auto_evalrepair_r10_c20,flat_icon_fill,0.09501301,pass,0.09501301,5,9,0.0,0,0.951705,0.951285,0.0,0.0,0.0,0,low_jump,ocp_002::low_jump,0.1,0.05,0.02,0.005,0.03,0.02,1.0,0.0,1.0,0.0,0.0,0.0,0.0,0.0,0.0,0.0,0.0,0.0,0.0,0.0,0.0,0.0,0.0,0.0,0.0,0.0,0.0,0.0,0.0,0.0,0.0,0.0,1.0,0.0,0.3115234375,0.026057993730407524,52.0,34.0,0.09501301,5.0,9.0,0.0,0.0,0.951705,0.951285,0.0,0.0,0.951705,0.0,0.0,0.0,0.0,0.0,0.0,0.0,0.0,0.0,0.0,0.0,0.0,0.0,0.0,0.0,1.0,0.1,0.05,0.02,0.005,0.03,0.02,0.0951705,0.04756425,0.0,0.0,0.15,0.18,0.0
ocp_002,Openclipart,butterfly,skeleton_c30_m20,flat_icon_fill,0.31342087,excellent,0.05805247,7,0,0.0,0,0.111579,0.783895,0.638421,0.0,0.0,0,low_loss,ocp_002::low_loss,0.0,0.0,0.0,0.0,0.0,0.0,1.0,1.0,0.0,0.0,0.0,0.0,0.0,0.0,0.0,0.0,0.0,0.0,0.0,0.0,0.0,0.0,0.0,0.0,0.0,0.0,0.0,0.0,0.0,0.0,0.0,0.0,1.0,0.0,0.3115234375,0.026057993730407524,52.0,34.0,0.05805247,7.0,0.0,0.0,0.0,0.111579,0.783895,0.0,0.111579,0.0,0.0,0.0,0.0,0.0,0.0,0.0,0.0,0.0,0.0,0.0,0.0,1.0,0.0,0.0,0.0,0.0,0.0,0.0,0.0,0.0,0.0,0.0,0.0,0.0,0.0,0.0,0.0,0.0,0.05805247
ocp_002,Openclipart,butterfly,skeleton_c30_m20,flat_icon_fill,0.31342087,excellent,0.05805247,7,0,0.0,0,0.111579,0.783895,0.638421,0.0,0.0,0,balanced,ocp_002::balanced,0.1,0.05,0.02,0.005,0.003,0.003,1.0,1.0,0.0,0.0,0.0,0.0,0.0,0.0,0.0,0.0,0.0,0.0,0.0,0.0,0.0,0.0,0.0,0.0,0.0,0.0,0.0,0.0,0.0,0.0,0.0,0.0,1.0,0.0,0.3115234375,0.026057993730407524,52.0,34.0,0.05805247,7.0,0.0,0.0,0.0,0.111579,0.783895,0.0,0.111579,0.0,0.0,0.0,0.0,0.0,0.0,0.0,0.0,0.0,0.0,0.0,0.0,0.0,1.0,0.0,0.0,0.0,0.1,0.05,0.02,0.005,0.003,0.003,0.0111579,0.03919475,0.0,0.0,0.021,0.0,0.0
ocp_002,Openclipart,butterfly,skeleton_c30_m20,flat_icon_fill,0.31342087,excellent,0.05805247,7,0,0.0,0,0.111579,0.783895,0.638421,0.0,0.0,0,precision,ocp_002::precision,0.1,0.2,0.02,0.005,0.003,0.003,1.0,1.0,0.0,0.0,0.0,0.0,0.0,0.0,0.0,0.0,0.0,0.0,0.0,0.0,0.0,0.0,0.0,0.0,0.0,0.0,0.0,0.0,0.0,0.0,0.0,0.0,1.0,0.0,0.3115234375,0.026057993730407524,52.0,34.0,0.05805247,7.0,0.0,0.0,0.0,0.111579,0.783895,0.0,0.111579,0.0,0.0,0.0,0.0,0.0,0.0,0.0,0.0,0.0,0.0,0.0,0.0,0.0,0.0,1.0,0.0,0.0,0.1,0.2,0.02,0.005,0.003,0.003,0.0111579,0.156779,0.0,0.0,0.021,0.0,0.0
ocp_002,Openclipart,butterfly,skeleton_c30_m20,flat_icon_fill,0.31342087,excellent,0.05805247,7,0,0.0,0,0.111579,0.783895,0.638421,0.0,0.0,0,coverage,ocp_002::coverage,0.35,0.05,0.02,0.005,0.003,0.003,1.0,1.0,0.0,0.0,0.0,0.0,0.0,0.0,0.0,0.0,0.0,0.0,0.0,0.0,0.0,0.0,0.0,0.0,0.0,0.0,0.0,0.0,0.0,0.0,0.0,0.0,1.0,0.0,0.3115234375,0.026057993730407524,52.0,34.0,0.05805247,7.0,0.0,0.0,0.0,0.111579,0.783895,0.0,0.111579,0.0,0.0,0.0,0.0,0.0,0.0,0.0,0.0,0.0,0.0,0.0,0.0,0.0,0.0,0.0,1.0,0.0,0.35,0.05,0.02,0.005,0.003,0.003,0.039052649999999994,0.03919475,0.0,0.0,0.021,0.0,0.0
ocp_002,Openclipart,butterfly,skeleton_c30_m20,flat_icon_fill,0.31342087,excellent,0.05805247,7,0,0.0,0,0.111579,0.783895,0.638421,0.0,0.0,0,low_jump,ocp_002::low_jump,0.1,0.05,0.02,0.005,0.03,0.02,1.0,1.0,0.0,0.0,0.0,0.0,0.0,0.0,0.0,0.0,0.0,0.0,0.0,0.0,0.0,0.0,0.0,0.0,0.0,0.0,0.0,0.0,0.0,0.0,0.0,0.0,1.0,0.0,0.3115234375,0.026057993730407524,52.0,34.0,0.05805247,7.0,0.0,0.0,0.0,0.111579,0.783895,0.0,0.111579,0.0,0.0,0.0,0.0,0.0,0.0,0.0,0.0,0.0,0.0,0.0,0.0,0.0,0.0,0.0,0.0,1.0,0.1,0.05,0.02,0.005,0.03,0.02,0.0111579,0.03919475,0.0,0.0,0.21,0.0,0.0
ocp_002,Openclipart,butterfly,skeleton_c30_m4,flat_icon_fill,0.36066052,warning,0.15264732,17,2,0.0,0,0.229967,0.774241,0.520033,0.0,0.0,0,low_loss,ocp_002::low_loss,0.0,0.0,0.0,0.0,0.0,0.0,1.0,1.0,0.0,0.0,0.0,0.0,0.0,0.0,0.0,0.0,0.0,0.0,0.0,0.0,0.0,0.0,0.0,0.0,0.0,0.0,0.0,0.0,0.0,0.0,0.0,0.0,1.0,0.0,0.3115234375,0.026057993730407524,52.0,34.0,0.15264732,17.0,2.0,0.0,0.0,0.229967,0.774241,0.0,0.229967,0.0,0.0,0.0,0.0,0.0,0.0,0.0,0.0,0.0,0.0,0.0,0.0,1.0,0.0,0.0,0.0,0.0,0.0,0.0,0.0,0.0,0.0,0.0,0.0,0.0,0.0,0.0,0.0,0.0,0.15264732
ocp_002,Openclipart,butterfly,skeleton_c30_m4,flat_icon_fill,0.36066052,warning,0.15264732,17,2,0.0,0,0.229967,0.774241,0.520033,0.0,0.0,0,balanced,ocp_002::balanced,0.1,0.05,0.02,0.005,0.003,0.003,1.0,1.0,0.0,0.0,0.0,0.0,0.0,0.0,0.0,0.0,0.0,0.0,0.0,0.0,0.0,0.0,0.0,0.0,0.0,0.0,0.0,0.0,0.0,0.0,0.0,0.0,1.0,0.0,0.3115234375,0.026057993730407524,52.0,34.0,0.15264732,17.0,2.0,0.0,0.0,0.229967,0.774241,0.0,0.229967,0.0,0.0,0.0,0.0,0.0,0.0,0.0,0.0,0.0,0.0,0.0,0.0,0.0,1.0,0.0,0.0,0.0,0.1,0.05,0.02,0.005,0.003,0.003,0.022996700000000002,0.03871205,0.0,0.0,0.051000000000000004,0.006,0.0
ocp_002,Openclipart,butterfly,skeleton_c30_m4,flat_icon_fill,0.36066052,warning,0.15264732,17,2,0.0,0,0.229967,0.774241,0.520033,0.0,0.0,0,precision,ocp_002::precision,0.1,0.2,0.02,0.005,0.003,0.003,1.0,1.0,0.0,0.0,0.0,0.0,0.0,0.0,0.0,0.0,0.0,0.0,0.0,0.0,0.0,0.0,0.0,0.0,0.0,0.0,0.0,0.0,0.0,0.0,0.0,0.0,1.0,0.0,0.3115234375,0.026057993730407524,52.0,34.0,0.15264732,17.0,2.0,0.0,0.0,0.229967,0.774241,0.0,0.229967,0.0,0.0,0.0,0.0,0.0,0.0,0.0,0.0,0.0,0.0,0.0,0.0,0.0,0.0,1.0,0.0,0.0,0.1,0.2,0.02,0.005,0.003,0.003,0.022996700000000002,0.1548482,0.0,0.0,0.051000000000000004,0.006,0.0
ocp_002,Openclipart,butterfly,skeleton_c30_m4,flat_icon_fill,0.36066052,warning,0.15264732,17,2,0.0,0,0.229967,0.774241,0.520033,0.0,0.0,0,coverage,ocp_002::coverage,0.35,0.05,0.02,0.005,0.003,0.003,1.0,1.0,0.0,0.0,0.0,0.0,0.0,0.0,0.0,0.0,0.0,0.0,0.0,0.0,0.0,0.0,0.0,0.0,0.0,0.0,0.0,0.0,0.0,0.0,0.0,0.0,1.0,0.0,0.3115234375,0.026057993730407524,52.0,34.0,0.15264732,17.0,2.0,0.0,0.0,0.229967,0.774241,0.0,0.229967,0.0,0.0,0.0,0.0,0.0,0.0,0.0,0.0,0.0,0.0,0.0,0.0,0.0,0.0,0.0,1.0,0.0,0.35,0.05,0.02,0.005,0.003,0.003,0.08048845,0.03871205,0.0,0.0,0.051000000000000004,0.006,0.0
ocp_002,Openclipart,butterfly,skeleton_c30_m4,flat_icon_fill,0.36066052,warning,0.15264732,17,2,0.0,0,0.229967,0.774241,0.520033,0.0,0.0,0,low_jump,ocp_002::low_jump,0.1,0.05,0.02,0.005,0.03,0.02,1.0,1.0,0.0,0.0,0.0,0.0,0.0,0.0,0.0,0.0,0.0,0.0,0.0,0.0,0.0,0.0,0.0,0.0,0.0,0.0,0.0,0.0,0.0,0.0,0.0,0.0,1.0,0.0,0.3115234375,0.026057993730407524,52.0,34.0,0.15264732,17.0,2.0,0.0,0.0,0.229967,0.774241,0.0,0.229967,0.0,0.0,0.0,0.0,0.0,0.0,0.0,0.0,0.0,0.0,0.0,0.0,0.0,0.0,0.0,0.0,1.0,0.1,0.05,0.02,0.005,0.03,0.02,0.022996700000000002,0.03871205,0.0,0.0,0.51,0.04,0.0
ocp_002,Openclipart,butterfly,mask_fill_edgewalk_nearestrow_safeadt_t2m5_r055_a64_rows16_p40,flat_icon_fill,0.03300169,excellent,0.03300169,4,0,0.0,0,0.988196,0.904627,0.0,0.0,0.0,0,low_loss,ocp_002::low_loss,0.0,0.0,0.0,0.0,0.0,0.0,1.0,0.0,0.0,1.0,1.0,1.0,1.0,0.0,0.0,0.0,0.0,0.0,0.0,0.0,16.0,40.0,0.0,0.0,0.0,0.0,0.0,0.0,0.0,0.0,0.0,0.0,1.0,0.0,0.3115234375,0.026057993730407524,52.0,34.0,0.03300169,4.0,0.0,0.0,0.0,0.988196,0.904627,0.0,0.0,0.0,0.988196,0.0,0.988196,0.988196,0.3115234375,0.0,0.0,0.0,0.0,0.0,0.0,1.0,0.0,0.0,0.0,0.0,0.0,0.0,0.0,0.0,0.0,0.0,0.0,0.0,0.0,0.0,0.0,0.0,0.03300169
ocp_002,Openclipart,butterfly,mask_fill_edgewalk_nearestrow_safeadt_t2m5_r055_a64_rows16_p40,flat_icon_fill,0.03300169,excellent,0.03300169,4,0,0.0,0,0.988196,0.904627,0.0,0.0,0.0,0,balanced,ocp_002::balanced,0.1,0.05,0.02,0.005,0.003,0.003,1.0,0.0,0.0,1.0,1.0,1.0,1.0,0.0,0.0,0.0,0.0,0.0,0.0,0.0,16.0,40.0,0.0,0.0,0.0,0.0,0.0,0.0,0.0,0.0,0.0,0.0,1.0,0.0,0.3115234375,0.026057993730407524,52.0,34.0,0.03300169,4.0,0.0,0.0,0.0,0.988196,0.904627,0.0,0.0,0.0,0.988196,0.0,0.988196,0.988196,0.3115234375,0.0,0.0,0.0,0.0,0.0,0.0,0.0,1.0,0.0,0.0,0.0,0.1,0.05,0.02,0.005,0.003,0.003,0.09881960000000001,0.045231350000000003,0.0,0.0,0.012,0.0,0.0
ocp_002,Openclipart,butterfly,mask_fill_edgewalk_nearestrow_safeadt_t2m5_r055_a64_rows16_p40,flat_icon_fill,0.03300169,excellent,0.03300169,4,0,0.0,0,0.988196,0.904627,0.0,0.0,0.0,0,precision,ocp_002::precision,0.1,0.2,0.02,0.005,0.003,0.003,1.0,0.0,0.0,1.0,1.0,1.0,1.0,0.0,0.0,0.0,0.0,0.0,0.0,0.0,16.0,40.0,0.0,0.0,0.0,0.0,0.0,0.0,0.0,0.0,0.0,0.0,1.0,0.0,0.3115234375,0.026057993730407524,52.0,34.0,0.03300169,4.0,0.0,0.0,0.0,0.988196,0.904627,0.0,0.0,0.0,0.988196,0.0,0.988196,0.988196,0.3115234375,0.0,0.0,0.0,0.0,0.0,0.0,0.0,0.0,1.0,0.0,0.0,0.1,0.2,0.02,0.005,0.003,0.003,0.09881960000000001,0.18092540000000001,0.0,0.0,0.012,0.0,0.0
ocp_002,Openclipart,butterfly,mask_fill_edgewalk_nearestrow_safeadt_t2m5_r055_a64_rows16_p40,flat_icon_fill,0.03300169,excellent,0.03300169,4,0,0.0,0,0.988196,0.904627,0.0,0.0,0.0,0,coverage,ocp_002::coverage,0.35,0.05,0.02,0.005,0.003,0.003,1.0,0.0,0.0,1.0,1.0,1.0,1.0,0.0,0.0,0.0,0.0,0.0,0.0,0.0,16.0,40.0,0.0,0.0,0.0,0.0,0.0,0.0,0.0,0.0,0.0,0.0,1.0,0.0,0.3115234375,0.026057993730407524,52.0,34.0,0.03300169,4.0,0.0,0.0,0.0,0.988196,0.904627,0.0,0.0,0.0,0.988196,0.0,0.988196,0.988196,0.3115234375,0.0,0.0,0.0,0.0,0.0,0.0,0.0,0.0,0.0,1.0,0.0,0.35,0.05,0.02,0.005,0.003,0.003,0.34586859999999997,0.045231350000000003,0.0,0.0,0.012,0.0,0.0
ocp_002,Openclipart,butterfly,mask_fill_edgewalk_nearestrow_safeadt_t2m5_r055_a64_rows16_p40,flat_icon_fill,0.03300169,excellent,0.03300169,4,0,0.0,0,0.988196,0.904627,0.0,0.0,0.0,0,low_jump,ocp_002::low_jump,0.1,0.05,0.02,0.005,0.03,0.02,1.0,0.0,0.0,1.0,1.0,1.0,1.0,0.0,0.0,0.0,0.0,0.0,0.0,0.0,16.0,40.0,0.0,0.0,0.0,0.0,0.0,0.0,0.0,0.0,0.0,0.0,1.0,0.0,0.3115234375,0.026057993730407524,52.0,34.0,0.03300169,4.0,0.0,0.0,0.0,0.988196,0.904627,0.0,0.0,0.0,0.988196,0.0,0.988196,0.988196,0.3115234375,0.0,0.0,0.0,0.0,0.0,0.0,0.0,0.0,0.0,0.0,1.0,0.1,0.05,0.02,0.005,0.03,0.02,0.09881960000000001,0.045231350000000003,0.0,0.0,0.12,0.0,0.0
ocp_003,Openclipart,cat,mask_fill_edgewalk_nearestrow_inset1_rows16_p40,flat_icon_fill,0.07495327,excellent,0.07495327,7,1,0.4714,0,0.994249,0.895154,0.0,0.0,0.0,0,low_loss,ocp_003::low_loss,0.0,0.0,0.0,0.0,0.0,0.0,1.0,0.0,0.0,1.0,1.0,1.0,0.0,1.0,1.0,0.0,1.0,0.0,0.0,0.0,16.0,40.0,0.0,0.0,0.0,0.0,0.0,0.0,0.0,0.0,0.0,0.0,1.0,0.0,0.2653350830078125,0.027201104146299386,127.0,14.0,0.07495327,7.0,1.0,0.4714,0.0,0.994249,0.895154,0.0,0.0,0.0,0.994249,0.0,0.994249,0.994249,0.2653350830078125,0.2653350830078125,0.0,0.0,0.0,0.0,0.0,1.0,0.0,0.0,0.0,0.0,0.0,0.0,0.0,0.0,0.0,0.0,0.0,0.0,0.0,0.0,0.0,0.0,0.07495327
ocp_003,Openclipart,cat,mask_fill_edgewalk_nearestrow_inset1_rows16_p40,flat_icon_fill,0.07495327,excellent,0.07495327,7,1,0.4714,0,0.994249,0.895154,0.0,0.0,0.0,0,balanced,ocp_003::balanced,0.1,0.05,0.02,0.005,0.003,0.003,1.0,0.0,0.0,1.0,1.0,1.0,0.0,1.0,1.0,0.0,1.0,0.0,0.0,0.0,16.0,40.0,0.0,0.0,0.0,0.0,0.0,0.0,0.0,0.0,0.0,0.0,1.0,0.0,0.2653350830078125,0.027201104146299386,127.0,14.0,0.07495327,7.0,1.0,0.4714,0.0,0.994249,0.895154,0.0,0.0,0.0,0.994249,0.0,0.994249,0.994249,0.2653350830078125,0.2653350830078125,0.0,0.0,0.0,0.0,0.0,0.0,1.0,0.0,0.0,0.0,0.1,0.05,0.02,0.005,0.003,0.003,0.09942490000000001,0.044757700000000004,0.009428,0.0,0.021,0.003,0.0
ocp_003,Openclipart,cat,mask_fill_edgewalk_nearestrow_inset1_rows16_p40,flat_icon_fill,0.07495327,excellent,0.07495327,7,1,0.4714,0,0.994249,0.895154,0.0,0.0,0.0,0,precision,ocp_003::precision,0.1,0.2,0.02,0.005,0.003,0.003,1.0,0.0,0.0,1.0,1.0,1.0,0.0,1.0,1.0,0.0,1.0,0.0,0.0,0.0,16.0,40.0,0.0,0.0,0.0,0.0,0.0,0.0,0.0,0.0,0.0,0.0,1.0,0.0,0.2653350830078125,0.027201104146299386,127.0,14.0,0.07495327,7.0,1.0,0.4714,0.0,0.994249,0.895154,0.0,0.0,0.0,0.994249,0.0,0.994249,0.994249,0.2653350830078125,0.2653350830078125,0.0,0.0,0.0,0.0,0.0,0.0,0.0,1.0,0.0,0.0,0.1,0.2,0.02,0.005,0.003,0.003,0.09942490000000001,0.17903080000000002,0.009428,0.0,0.021,0.003,0.0
ocp_003,Openclipart,cat,mask_fill_edgewalk_nearestrow_inset1_rows16_p40,flat_icon_fill,0.07495327,excellent,0.07495327,7,1,0.4714,0,0.994249,0.895154,0.0,0.0,0.0,0,coverage,ocp_003::coverage,0.35,0.05,0.02,0.005,0.003,0.003,1.0,0.0,0.0,1.0,1.0,1.0,0.0,1.0,1.0,0.0,1.0,0.0,0.0,0.0,16.0,40.0,0.0,0.0,0.0,0.0,0.0,0.0,0.0,0.0,0.0,0.0,1.0,0.0,0.2653350830078125,0.027201104146299386,127.0,14.0,0.07495327,7.0,1.0,0.4714,0.0,0.994249,0.895154,0.0,0.0,0.0,0.994249,0.0,0.994249,0.994249,0.2653350830078125,0.2653350830078125,0.0,0.0,0.0,0.0,0.0,0.0,0.0,0.0,1.0,0.0,0.35,0.05,0.02,0.005,0.003,0.003,0.34798715,0.044757700000000004,0.009428,0.0,0.021,0.003,0.0
ocp_003,Openclipart,cat,mask_fill_edgewalk_nearestrow_inset1_rows16_p40,flat_icon_fill,0.07495327,excellent,0.07495327,7,1,0.4714,0,0.994249,0.895154,0.0,0.0,0.0,0,low_jump,ocp_003::low_jump,0.1,0.05,0.02,0.005,0.03,0.02,1.0,0.0,0.0,1.0,1.0,1.0,0.0,1.0,1.0,0.0,1.0,0.0,0.0,0.0,16.0,40.0,0.0,0.0,0.0,0.0,0.0,0.0,0.0,0.0,0.0,0.0,1.0,0.0,0.2653350830078125,0.027201104146299386,127.0,14.0,0.07495327,7.0,1.0,0.4714,0.0,0.994249,0.895154,0.0,0.0,0.0,0.994249,0.0,0.994249,0.994249,0.2653350830078125,0.2653350830078125,0.0,0.0,0.0,0.0,0.0,0.0,0.0,0.0,0.0,1.0,0.1,0.05,0.02,0.005,0.03,0.02,0.09942490000000001,0.044757700000000004,0.009428,0.0,0.21,0.02,0.0
ocp_003,Openclipart,cat,mask_fill_edgewalk_nearestrow_inset2_rows16_p40,flat_icon_fill,0.03313396,excellent,0.03313396,4,0,0.0,0,0.995802,0.933175,0.0,0.0,0.0,1,low_loss,ocp_003::low_loss,0.0,0.0,0.0,0.0,0.0,0.0,1.0,0.0,0.0,1.0,1.0,1.0,0.0,1.0,0.0,1.0,2.0,0.0,0.0,0.0,16.0,40.0,0.0,0.0,0.0,0.0,0.0,0.0,0.0,0.0,0.0,0.0,1.0,0.0,0.2653350830078125,0.027201104146299386,127.0,14.0,0.03313396,4.0,0.0,0.0,0.0,0.995802,0.933175,0.0,0.0,0.0,0.995802,0.0,0.995802,0.995802,0.2653350830078125,0.2653350830078125,0.2653350830078125,0.0,0.0,0.0,0.0,1.0,0.0,0.0,0.0,0.0,0.0,0.0,0.0,0.0,0.0,0.0,0.0,0.0,0.0,0.0,0.0,0.0,0.03313396
ocp_003,Openclipart,cat,mask_fill_edgewalk_nearestrow_inset2_rows16_p40,flat_icon_fill,0.03313396,excellent,0.03313396,4,0,0.0,0,0.995802,0.933175,0.0,0.0,0.0,1,balanced,ocp_003::balanced,0.1,0.05,0.02,0.005,0.003,0.003,1.0,0.0,0.0,1.0,1.0,1.0,0.0,1.0,0.0,1.0,2.0,0.0,0.0,0.0,16.0,40.0,0.0,0.0,0.0,0.0,0.0,0.0,0.0,0.0,0.0,0.0,1.0,0.0,0.2653350830078125,0.027201104146299386,127.0,14.0,0.03313396,4.0,0.0,0.0,0.0,0.995802,0.933175,0.0,0.0,0.0,0.995802,0.0,0.995802,0.995802,0.2653350830078125,0.2653350830078125,0.2653350830078125,0.0,0.0,0.0,0.0,0.0,1.0,0.0,0.0,0.0,0.1,0.05,0.02,0.005,0.003,0.003,0.09958020000000001,0.04665875,0.0,0.0,0.012,0.0,0.0
ocp_003,Openclipart,cat,mask_fill_edgewalk_nearestrow_inset2_rows16_p40,flat_icon_fill,0.03313396,excellent,0.03313396,4,0,0.0,0,0.995802,0.933175,0.0,0.0,0.0,1,precision,ocp_003::precision,0.1,0.2,0.02,0.005,0.003,0.003,1.0,0.0,0.0,1.0,1.0,1.0,0.0,1.0,0.0,1.0,2.0,0.0,0.0,0.0,16.0,40.0,0.0,0.0,0.0,0.0,0.0,0.0,0.0,0.0,0.0,0.0,1.0,0.0,0.2653350830078125,0.027201104146299386,127.0,14.0,0.03313396,4.0,0.0,0.0,0.0,0.995802,0.933175,0.0,0.0,0.0,0.995802,0.0,0.995802,0.995802,0.2653350830078125,0.2653350830078125,0.2653350830078125,0.0,0.0,0.0,0.0,0.0,0.0,1.0,0.0,0.0,0.1,0.2,0.02,0.005,0.003,0.003,0.09958020000000001,0.186635,0.0,0.0,0.012,0.0,0.0
ocp_003,Openclipart,cat,mask_fill_edgewalk_nearestrow_inset2_rows16_p40,flat_icon_fill,0.03313396,excellent,0.03313396,4,0,0.0,0,0.995802,0.933175,0.0,0.0,0.0,1,coverage,ocp_003::coverage,0.35,0.05,0.02,0.005,0.003,0.003,1.0,0.0,0.0,1.0,1.0,1.0,0.0,1.0,0.0,1.0,2.0,0.0,0.0,0.0,16.0,40.0,0.0,0.0,0.0,0.0,0.0,0.0,0.0,0.0,0.0,0.0,1.0,0.0,0.2653350830078125,0.027201104146299386,127.0,14.0,0.03313396,4.0,0.0,0.0,0.0,0.995802,0.933175,0.0,0.0,0.0,0.995802,0.0,0.995802,0.995802,0.2653350830078125,0.2653350830078125,0.2653350830078125,0.0,0.0,0.0,0.0,0.0,0.0,0.0,1.0,0.0,0.35,0.05,0.02,0.005,0.003,0.003,0.34853069999999997,0.04665875,0.0,0.0,0.012,0.0,0.0
ocp_003,Openclipart,cat,mask_fill_edgewalk_nearestrow_inset2_rows16_p40,flat_icon_fill,0.03313396,excellent,0.03313396,4,0,0.0,0,0.995802,0.933175,0.0,0.0,0.0,1,low_jump,ocp_003::low_jump,0.1,0.05,0.02,0.005,0.03,0.02,1.0,0.0,0.0,1.0,1.0,1.0,0.0,1.0,0.0,1.0,2.0,0.0,0.0,0.0,16.0,40.0,0.0,0.0,0.0,0.0,0.0,0.0,0.0,0.0,0.0,0.0,1.0,0.0,0.2653350830078125,0.027201104146299386,127.0,14.0,0.03313396,4.0,0.0,0.0,0.0,0.995802,0.933175,0.0,0.0,0.0,0.995802,0.0,0.995802,0.995802,0.2653350830078125,0.2653350830078125,0.2653350830078125,0.0,0.0,0.0,0.0,0.0,0.0,0.0,0.0,1.0,0.1,0.05,0.02,0.005,0.03,0.02,0.09958020000000001,0.04665875,0.0,0.0,0.12,0.0,0.0
ocp_003,Openclipart,cat,mask_fill_edgewalk_nearestrow_rows16_p40,flat_icon_fill,0.0727786,excellent,0.0727786,8,1,0.0,0,0.999942,0.85554,0.0,0.0,0.0,0,low_loss,ocp_003::low_loss,0.0,0.0,0.0,0.0,0.0,0.0,1.0,0.0,0.0,1.0,1.0,1.0,1.0,0.0,0.0,0.0,0.0,0.0,0.0,0.0,16.0,40.0,0.0,0.0,0.0,0.0,0.0,0.0,0.0,0.0,0.0,0.0,1.0,0.0,0.2653350830078125,0.027201104146299386,127.0,14.0,0.0727786,8.0,1.0,0.0,0.0,0.999942,0.85554,0.0,0.0,0.0,0.999942,0.0,0.999942,0.999942,0.2653350830078125,0.0,0.0,0.0,0.0,0.0,0.0,1.0,0.0,0.0,0.0,0.0,0.0,0.0,0.0,0.0,0.0,0.0,0.0,0.0,0.0,0.0,0.0,0.0,0.0727786
ocp_003,Openclipart,cat,mask_fill_edgewalk_nearestrow_rows16_p40,flat_icon_fill,0.0727786,excellent,0.0727786,8,1,0.0,0,0.999942,0.85554,0.0,0.0,0.0,0,balanced,ocp_003::balanced,0.1,0.05,0.02,0.005,0.003,0.003,1.0,0.0,0.0,1.0,1.0,1.0,1.0,0.0,0.0,0.0,0.0,0.0,0.0,0.0,16.0,40.0,0.0,0.0,0.0,0.0,0.0,0.0,0.0,0.0,0.0,0.0,1.0,0.0,0.2653350830078125,0.027201104146299386,127.0,14.0,0.0727786,8.0,1.0,0.0,0.0,0.999942,0.85554,0.0,0.0,0.0,0.999942,0.0,0.999942,0.999942,0.2653350830078125,0.0,0.0,0.0,0.0,0.0,0.0,0.0,1.0,0.0,0.0,0.0,0.1,0.05,0.02,0.005,0.003,0.003,0.0999942,0.042777,0.0,0.0,0.024,0.003,0.0
ocp_003,Openclipart,cat,mask_fill_edgewalk_nearestrow_rows16_p40,flat_icon_fill,0.0727786,excellent,0.0727786,8,1,0.0,0,0.999942,0.85554,0.0,0.0,0.0,0,precision,ocp_003::precision,0.1,0.2,0.02,0.005,0.003,0.003,1.0,0.0,0.0,1.0,1.0,1.0,1.0,0.0,0.0,0.0,0.0,0.0,0.0,0.0,16.0,40.0,0.0,0.0,0.0,0.0,0.0,0.0,0.0,0.0,0.0,0.0,1.0,0.0,0.2653350830078125,0.027201104146299386,127.0,14.0,0.0727786,8.0,1.0,0.0,0.0,0.999942,0.85554,0.0,0.0,0.0,0.999942,0.0,0.999942,0.999942,0.2653350830078125,0.0,0.0,0.0,0.0,0.0,0.0,0.0,0.0,1.0,0.0,0.0,0.1,0.2,0.02,0.005,0.003,0.003,0.0999942,0.171108,0.0,0.0,0.024,0.003,0.0
ocp_003,Openclipart,cat,mask_fill_edgewalk_nearestrow_rows16_p40,flat_icon_fill,0.0727786,excellent,0.0727786,8,1,0.0,0,0.999942,0.85554,0.0,0.0,0.0,0,coverage,ocp_003::coverage,0.35,0.05,0.02,0.005,0.003,0.003,1.0,0.0,0.0,1.0,1.0,1.0,1.0,0.0,0.0,0.0,0.0,0.0,0.0,0.0,16.0,40.0,0.0,0.0,0.0,0.0,0.0,0.0,0.0,0.0,0.0,0.0,1.0,0.0,0.2653350830078125,0.027201104146299386,127.0,14.0,0.0727786,8.0,1.0,0.0,0.0,0.999942,0.85554,0.0,0.0,0.0,0.999942,0.0,0.999942,0.999942,0.2653350830078125,0.0,0.0,0.0,0.0,0.0,0.0,0.0,0.0,0.0,1.0,0.0,0.35,0.05,0.02,0.005,0.003,0.003,0.3499797,0.042777,0.0,0.0,0.024,0.003,0.0
ocp_003,Openclipart,cat,mask_fill_edgewalk_nearestrow_rows16_p40,flat_icon_fill,0.0727786,excellent,0.0727786,8,1,0.0,0,0.999942,0.85554,0.0,0.0,0.0,0,low_jump,ocp_003::low_jump,0.1,0.05,0.02,0.005,0.03,0.02,1.0,0.0,0.0,1.0,1.0,1.0,1.0,0.0,0.0,0.0,0.0,0.0,0.0,0.0,16.0,40.0,0.0,0.0,0.0,0.0,0.0,0.0,0.0,0.0,0.0,0.0,1.0,0.0,0.2653350830078125,0.027201104146299386,127.0,14.0,0.0727786,8.0,1.0,0.0,0.0,0.999942,0.85554,0.0,0.0,0.0,0.999942,0.0,0.999942,0.999942,0.2653350830078125,0.0,0.0,0.0,0.0,0.0,0.0,0.0,0.0,0.0,0.0,1.0,0.1,0.05,0.02,0.005,0.03,0.02,0.0999942,0.042777,0.0,0.0,0.24,0.02,0.0
ocp_003,Openclipart,cat,mask_fill_edgewalk_rows16_p40,flat_icon_fill,0.31117184,hard_fail,0.27117184,39,8,0.4714,0,0.999942,0.855835,0.0,0.0,0.04,0,low_loss,ocp_003::low_loss,0.0,0.0,0.0,0.0,0.0,0.0,1.0,0.0,0.0,1.0,1.0,0.0,0.0,0.0,0.0,0.0,0.0,0.0,0.0,0.0,16.0,40.0,0.0,0.0,0.0,0.0,0.0,0.0,0.0,0.0,0.0,0.0,1.0,0.0,0.2653350830078125,0.027201104146299386,127.0,14.0,0.27117184,39.0,8.0,0.4714,0.0,0.999942,0.855835,0.0,0.0,0.0,0.999942,0.0,0.999942,0.0,0.0,0.0,0.0,0.0,0.0,0.0,0.0,1.0,0.0,0.0,0.0,0.0,0.0,0.0,0.0,0.0,0.0,0.0,0.0,0.0,0.0,0.0,0.0,0.0,0.27117184
ocp_003,Openclipart,cat,mask_fill_edgewalk_rows16_p40,flat_icon_fill,0.31117184,hard_fail,0.27117184,39,8,0.4714,0,0.999942,0.855835,0.0,0.0,0.04,0,balanced,ocp_003::balanced,0.1,0.05,0.02,0.005,0.003,0.003,1.0,0.0,0.0,1.0,1.0,0.0,0.0,0.0,0.0,0.0,0.0,0.0,0.0,0.0,16.0,40.0,0.0,0.0,0.0,0.0,0.0,0.0,0.0,0.0,0.0,0.0,1.0,0.0,0.2653350830078125,0.027201104146299386,127.0,14.0,0.27117184,39.0,8.0,0.4714,0.0,0.999942,0.855835,0.0,0.0,0.0,0.999942,0.0,0.999942,0.0,0.0,0.0,0.0,0.0,0.0,0.0,0.0,0.0,1.0,0.0,0.0,0.0,0.1,0.05,0.02,0.005,0.003,0.003,0.0999942,0.04279175,0.009428,0.0,0.117,0.024,0.0
ocp_003,Openclipart,cat,mask_fill_edgewalk_rows16_p40,flat_icon_fill,0.31117184,hard_fail,0.27117184,39,8,0.4714,0,0.999942,0.855835,0.0,0.0,0.04,0,precision,ocp_003::precision,0.1,0.2,0.02,0.005,0.003,0.003,1.0,0.0,0.0,1.0,1.0,0.0,0.0,0.0,0.0,0.0,0.0,0.0,0.0,0.0,16.0,40.0,0.0,0.0,0.0,0.0,0.0,0.0,0.0,0.0,0.0,0.0,1.0,0.0,0.2653350830078125,0.027201104146299386,127.0,14.0,0.27117184,39.0,8.0,0.4714,0.0,0.999942,0.855835,0.0,0.0,0.0,0.999942,0.0,0.999942,0.0,0.0,0.0,0.0,0.0,0.0,0.0,0.0,0.0,0.0,1.0,0.0,0.0,0.1,0.2,0.02,0.005,0.003,0.003,0.0999942,0.171167,0.009428,0.0,0.117,0.024,0.0
ocp_003,Openclipart,cat,mask_fill_edgewalk_rows16_p40,flat_icon_fill,0.31117184,hard_fail,0.27117184,39,8,0.4714,0,0.999942,0.855835,0.0,0.0,0.04,0,coverage,ocp_003::coverage,0.35,0.05,0.02,0.005,0.003,0.003,1.0,0.0,0.0,1.0,1.0,0.0,0.0,0.0,0.0,0.0,0.0,0.0,0.0,0.0,16.0,40.0,0.0,0.0,0.0,0.0,0.0,0.0,0.0,0.0,0.0,0.0,1.0,0.0,0.2653350830078125,0.027201104146299386,127.0,14.0,0.27117184,39.0,8.0,0.4714,0.0,0.999942,0.855835,0.0,0.0,0.0,0.999942,0.0,0.999942,0.0,0.0,0.0,0.0,0.0,0.0,0.0,0.0,0.0,0.0,0.0,1.0,0.0,0.35,0.05,0.02,0.005,0.003,0.003,0.3499797,0.04279175,0.009428,0.0,0.117,0.024,0.0
ocp_003,Openclipart,cat,mask_fill_edgewalk_rows16_p40,flat_icon_fill,0.31117184,hard_fail,0.27117184,39,8,0.4714,0,0.999942,0.855835,0.0,0.0,0.04,0,low_jump,ocp_003::low_jump,0.1,0.05,0.02,0.005,0.03,0.02,1.0,0.0,0.0,1.0,1.0,0.0,0.0,0.0,0.0,0.0,0.0,0.0,0.0,0.0,16.0,40.0,0.0,0.0,0.0,0.0,0.0,0.0,0.0,0.0,0.0,0.0,1.0,0.0,0.2653350830078125,0.027201104146299386,127.0,14.0,0.27117184,39.0,8.0,0.4714,0.0,0.999942,0.855835,0.0,0.0,0.0,0.999942,0.0,0.999942,0.0,0.0,0.0,0.0,0.0,0.0,0.0,0.0,0.0,0.0,0.0,0.0,1.0,0.1,0.05,0.02,0.005,0.03,0.02,0.0999942,0.04279175,0.009428,0.0,1.17,0.16,0.0
ocp_003,Openclipart,cat,auto_evalrepair_r10_c20,flat_icon_fill,0.15668438,pass,0.15668438,14,7,0.0,0,0.996377,0.935782,0.0,0.0,0.0,0,low_loss,ocp_003::low_loss,0.0,0.0,0.0,0.0,0.0,0.0,1.0,0.0,1.0,0.0,0.0,0.0,0.0,0.0,0.0,0.0,0.0,0.0,0.0,0.0,0.0,0.0,0.0,0.0,0.0,0.0,0.0,0.0,0.0,0.0,0.0,0.0,1.0,0.0,0.2653350830078125,0.027201104146299386,127.0,14.0,0.15668438,14.0,7.0,0.0,0.0,0.996377,0.935782,0.0,0.0,0.996377,0.0,0.0,0.0,0.0,0.0,0.0,0.0,0.0,0.0,0.0,0.0,1.0,0.0,0.0,0.0,0.0,0.0,0.0,0.0,0.0,0.0,0.0,0.0,0.0,0.0,0.0,0.0,0.0,0.15668438
ocp_003,Openclipart,cat,auto_evalrepair_r10_c20,flat_icon_fill,0.15668438,pass,0.15668438,14,7,0.0,0,0.996377,0.935782,0.0,0.0,0.0,0,balanced,ocp_003::balanced,0.1,0.05,0.02,0.005,0.003,0.003,1.0,0.0,1.0,0.0,0.0,0.0,0.0,0.0,0.0,0.0,0.0,0.0,0.0,0.0,0.0,0.0,0.0,0.0,0.0,0.0,0.0,0.0,0.0,0.0,0.0,0.0,1.0,0.0,0.2653350830078125,0.027201104146299386,127.0,14.0,0.15668438,14.0,7.0,0.0,0.0,0.996377,0.935782,0.0,0.0,0.996377,0.0,0.0,0.0,0.0,0.0,0.0,0.0,0.0,0.0,0.0,0.0,0.0,1.0,0.0,0.0,0.0,0.1,0.05,0.02,0.005,0.003,0.003,0.0996377,0.0467891,0.0,0.0,0.042,0.021,0.0
ocp_003,Openclipart,cat,auto_evalrepair_r10_c20,flat_icon_fill,0.15668438,pass,0.15668438,14,7,0.0,0,0.996377,0.935782,0.0,0.0,0.0,0,precision,ocp_003::precision,0.1,0.2,0.02,0.005,0.003,0.003,1.0,0.0,1.0,0.0,0.0,0.0,0.0,0.0,0.0,0.0,0.0,0.0,0.0,0.0,0.0,0.0,0.0,0.0,0.0,0.0,0.0,0.0,0.0,0.0,0.0,0.0,1.0,0.0,0.2653350830078125,0.027201104146299386,127.0,14.0,0.15668438,14.0,7.0,0.0,0.0,0.996377,0.935782,0.0,0.0,0.996377,0.0,0.0,0.0,0.0,0.0,0.0,0.0,0.0,0.0,0.0,0.0,0.0,0.0,1.0,0.0,0.0,0.1,0.2,0.02,0.005,0.003,0.003,0.0996377,0.1871564,0.0,0.0,0.042,0.021,0.0
ocp_003,Openclipart,cat,auto_evalrepair_r10_c20,flat_icon_fill,0.15668438,pass,0.15668438,14,7,0.0,0,0.996377,0.935782,0.0,0.0,0.0,0,coverage,ocp_003::coverage,0.35,0.05,0.02,0.005,0.003,0.003,1.0,0.0,1.0,0.0,0.0,0.0,0.0,0.0,0.0,0.0,0.0,0.0,0.0,0.0,0.0,0.0,0.0,0.0,0.0,0.0,0.0,0.0,0.0,0.0,0.0,0.0,1.0,0.0,0.2653350830078125,0.027201104146299386,127.0,14.0,0.15668438,14.0,7.0,0.0,0.0,0.996377,0.935782,0.0,0.0,0.996377,0.0,0.0,0.0,0.0,0.0,0.0,0.0,0.0,0.0,0.0,0.0,0.0,0.0,0.0,1.0,0.0,0.35,0.05,0.02,0.005,0.003,0.003,0.34873194999999996,0.0467891,0.0,0.0,0.042,0.021,0.0
ocp_003,Openclipart,cat,auto_evalrepair_r10_c20,flat_icon_fill,0.15668438,pass,0.15668438,14,7,0.0,0,0.996377,0.935782,0.0,0.0,0.0,0,low_jump,ocp_003::low_jump,0.1,0.05,0.02,0.005,0.03,0.02,1.0,0.0,1.0,0.0,0.0,0.0,0.0,0.0,0.0,0.0,0.0,0.0,0.0,0.0,0.0,0.0,0.0,0.0,0.0,0.0,0.0,0.0,0.0,0.0,0.0,0.0,1.0,0.0,0.2653350830078125,0.027201104146299386,127.0,14.0,0.15668438,14.0,7.0,0.0,0.0,0.996377,0.935782,0.0,0.0,0.996377,0.0,0.0,0.0,0.0,0.0,0.0,0.0,0.0,0.0,0.0,0.0,0.0,0.0,0.0,0.0,1.0,0.1,0.05,0.02,0.005,0.03,0.02,0.0996377,0.0467891,0.0,0.0,0.42,0.14,0.0
ocp_003,Openclipart,cat,skeleton_c30_m20,flat_icon_fill,0.25709074,excellent,0.06412394,7,1,0.0,0,0.267583,0.985179,0.482417,0.0,0.0,0,low_loss,ocp_003::low_loss,0.0,0.0,0.0,0.0,0.0,0.0,1.0,1.0,0.0,0.0,0.0,0.0,0.0,0.0,0.0,0.0,0.0,0.0,0.0,0.0,0.0,0.0,0.0,0.0,0.0,0.0,0.0,0.0,0.0,0.0,0.0,0.0,1.0,0.0,0.2653350830078125,0.027201104146299386,127.0,14.0,0.06412394,7.0,1.0,0.0,0.0,0.267583,0.985179,0.0,0.267583,0.0,0.0,0.0,0.0,0.0,0.0,0.0,0.0,0.0,0.0,0.0,0.0,1.0,0.0,0.0,0.0,0.0,0.0,0.0,0.0,0.0,0.0,0.0,0.0,0.0,0.0,0.0,0.0,0.0,0.06412394
ocp_003,Openclipart,cat,skeleton_c30_m20,flat_icon_fill,0.25709074,excellent,0.06412394,7,1,0.0,0,0.267583,0.985179,0.482417,0.0,0.0,0,balanced,ocp_003::balanced,0.1,0.05,0.02,0.005,0.003,0.003,1.0,1.0,0.0,0.0,0.0,0.0,0.0,0.0,0.0,0.0,0.0,0.0,0.0,0.0,0.0,0.0,0.0,0.0,0.0,0.0,0.0,0.0,0.0,0.0,0.0,0.0,1.0,0.0,0.2653350830078125,0.027201104146299386,127.0,14.0,0.06412394,7.0,1.0,0.0,0.0,0.267583,0.985179,0.0,0.267583,0.0,0.0,0.0,0.0,0.0,0.0,0.0,0.0,0.0,0.0,0.0,0.0,0.0,1.0,0.0,0.0,0.0,0.1,0.05,0.02,0.005,0.003,0.003,0.026758300000000002,0.04925895,0.0,0.0,0.021,0.003,0.0
ocp_003,Openclipart,cat,skeleton_c30_m20,flat_icon_fill,0.25709074,excellent,0.06412394,7,1,0.0,0,0.267583,0.985179,0.482417,0.0,0.0,0,precision,ocp_003::precision,0.1,0.2,0.02,0.005,0.003,0.003,1.0,1.0,0.0,0.0,0.0,0.0,0.0,0.0,0.0,0.0,0.0,0.0,0.0,0.0,0.0,0.0,0.0,0.0,0.0,0.0,0.0,0.0,0.0,0.0,0.0,0.0,1.0,0.0,0.2653350830078125,0.027201104146299386,127.0,14.0,0.06412394,7.0,1.0,0.0,0.0,0.267583,0.985179,0.0,0.267583,0.0,0.0,0.0,0.0,0.0,0.0,0.0,0.0,0.0,0.0,0.0,0.0,0.0,0.0,1.0,0.0,0.0,0.1,0.2,0.02,0.005,0.003,0.003,0.026758300000000002,0.1970358,0.0,0.0,0.021,0.003,0.0
ocp_003,Openclipart,cat,skeleton_c30_m20,flat_icon_fill,0.25709074,excellent,0.06412394,7,1,0.0,0,0.267583,0.985179,0.482417,0.0,0.0,0,coverage,ocp_003::coverage,0.35,0.05,0.02,0.005,0.003,0.003,1.0,1.0,0.0,0.0,0.0,0.0,0.0,0.0,0.0,0.0,0.0,0.0,0.0,0.0,0.0,0.0,0.0,0.0,0.0,0.0,0.0,0.0,0.0,0.0,0.0,0.0,1.0,0.0,0.2653350830078125,0.027201104146299386,127.0,14.0,0.06412394,7.0,1.0,0.0,0.0,0.267583,0.985179,0.0,0.267583,0.0,0.0,0.0,0.0,0.0,0.0,0.0,0.0,0.0,0.0,0.0,0.0,0.0,0.0,0.0,1.0,0.0,0.35,0.05,0.02,0.005,0.003,0.003,0.09365405,0.04925895,0.0,0.0,0.021,0.003,0.0
ocp_003,Openclipart,cat,skeleton_c30_m20,flat_icon_fill,0.25709074,excellent,0.06412394,7,1,0.0,0,0.267583,0.985179,0.482417,0.0,0.0,0,low_jump,ocp_003::low_jump,0.1,0.05,0.02,0.005,0.03,0.02,1.0,1.0,0.0,0.0,0.0,0.0,0.0,0.0,0.0,0.0,0.0,0.0,0.0,0.0,0.0,0.0,0.0,0.0,0.0,0.0,0.0,0.0,0.0,0.0,0.0,0.0,1.0,0.0,0.2653350830078125,0.027201104146299386,127.0,14.0,0.06412394,7.0,1.0,0.0,0.0,0.267583,0.985179,0.0,0.267583,0.0,0.0,0.0,0.0,0.0,0.0,0.0,0.0,0.0,0.0,0.0,0.0,0.0,0.0,0.0,0.0,1.0,0.1,0.05,0.02,0.005,0.03,0.02,0.026758300000000002,0.04925895,0.0,0.0,0.21,0.02,0.0
ocp_003,Openclipart,cat,skeleton_c30_m4,flat_icon_fill,0.25472866,excellent,0.07234306,8,1,0.0,0,0.294036,0.986494,0.455964,0.0,0.0,0,low_loss,ocp_003::low_loss,0.0,0.0,0.0,0.0,0.0,0.0,1.0,1.0,0.0,0.0,0.0,0.0,0.0,0.0,0.0,0.0,0.0,0.0,0.0,0.0,0.0,0.0,0.0,0.0,0.0,0.0,0.0,0.0,0.0,0.0,0.0,0.0,1.0,0.0,0.2653350830078125,0.027201104146299386,127.0,14.0,0.07234306,8.0,1.0,0.0,0.0,0.294036,0.986494,0.0,0.294036,0.0,0.0,0.0,0.0,0.0,0.0,0.0,0.0,0.0,0.0,0.0,0.0,1.0,0.0,0.0,0.0,0.0,0.0,0.0,0.0,0.0,0.0,0.0,0.0,0.0,0.0,0.0,0.0,0.0,0.07234306
ocp_003,Openclipart,cat,skeleton_c30_m4,flat_icon_fill,0.25472866,excellent,0.07234306,8,1,0.0,0,0.294036,0.986494,0.455964,0.0,0.0,0,balanced,ocp_003::balanced,0.1,0.05,0.02,0.005,0.003,0.003,1.0,1.0,0.0,0.0,0.0,0.0,0.0,0.0,0.0,0.0,0.0,0.0,0.0,0.0,0.0,0.0,0.0,0.0,0.0,0.0,0.0,0.0,0.0,0.0,0.0,0.0,1.0,0.0,0.2653350830078125,0.027201104146299386,127.0,14.0,0.07234306,8.0,1.0,0.0,0.0,0.294036,0.986494,0.0,0.294036,0.0,0.0,0.0,0.0,0.0,0.0,0.0,0.0,0.0,0.0,0.0,0.0,0.0,1.0,0.0,0.0,0.0,0.1,0.05,0.02,0.005,0.003,0.003,0.029403600000000002,0.0493247,0.0,0.0,0.024,0.003,0.0
ocp_003,Openclipart,cat,skeleton_c30_m4,flat_icon_fill,0.25472866,excellent,0.07234306,8,1,0.0,0,0.294036,0.986494,0.455964,0.0,0.0,0,precision,ocp_003::precision,0.1,0.2,0.02,0.005,0.003,0.003,1.0,1.0,0.0,0.0,0.0,0.0,0.0,0.0,0.0,0.0,0.0,0.0,0.0,0.0,0.0,0.0,0.0,0.0,0.0,0.0,0.0,0.0,0.0,0.0,0.0,0.0,1.0,0.0,0.2653350830078125,0.027201104146299386,127.0,14.0,0.07234306,8.0,1.0,0.0,0.0,0.294036,0.986494,0.0,0.294036,0.0,0.0,0.0,0.0,0.0,0.0,0.0,0.0,0.0,0.0,0.0,0.0,0.0,0.0,1.0,0.0,0.0,0.1,0.2,0.02,0.005,0.003,0.003,0.029403600000000002,0.1972988,0.0,0.0,0.024,0.003,0.0
ocp_003,Openclipart,cat,skeleton_c30_m4,flat_icon_fill,0.25472866,excellent,0.07234306,8,1,0.0,0,0.294036,0.986494,0.455964,0.0,0.0,0,coverage,ocp_003::coverage,0.35,0.05,0.02,0.005,0.003,0.003,1.0,1.0,0.0,0.0,0.0,0.0,0.0,0.0,0.0,0.0,0.0,0.0,0.0,0.0,0.0,0.0,0.0,0.0,0.0,0.0,0.0,0.0,0.0,0.0,0.0,0.0,1.0,0.0,0.2653350830078125,0.027201104146299386,127.0,14.0,0.07234306,8.0,1.0,0.0,0.0,0.294036,0.986494,0.0,0.294036,0.0,0.0,0.0,0.0,0.0,0.0,0.0,0.0,0.0,0.0,0.0,0.0,0.0,0.0,0.0,1.0,0.0,0.35,0.05,0.02,0.005,0.003,0.003,0.1029126,0.0493247,0.0,0.0,0.024,0.003,0.0
ocp_003,Openclipart,cat,skeleton_c30_m4,flat_icon_fill,0.25472866,excellent,0.07234306,8,1,0.0,0,0.294036,0.986494,0.455964,0.0,0.0,0,low_jump,ocp_003::low_jump,0.1,0.05,0.02,0.005,0.03,0.02,1.0,1.0,0.0,0.0,0.0,0.0,0.0,0.0,0.0,0.0,0.0,0.0,0.0,0.0,0.0,0.0,0.0,0.0,0.0,0.0,0.0,0.0,0.0,0.0,0.0,0.0,1.0,0.0,0.2653350830078125,0.027201104146299386,127.0,14.0,0.07234306,8.0,1.0,0.0,0.0,0.294036,0.986494,0.0,0.294036,0.0,0.0,0.0,0.0,0.0,0.0,0.0,0.0,0.0,0.0,0.0,0.0,0.0,0.0,0.0,0.0,1.0,0.1,0.05,0.02,0.005,0.03,0.02,0.029403600000000002,0.0493247,0.0,0.0,0.24,0.02,0.0
ocp_003,Openclipart,cat,mask_fill_edgewalk_nearestrow_safeadt_t2m5_r055_a64_rows16_p40,flat_icon_fill,0.08074413,excellent,0.08074413,9,1,0.0,0,0.994077,0.910412,0.0,0.0,0.0,0,low_loss,ocp_003::low_loss,0.0,0.0,0.0,0.0,0.0,0.0,1.0,0.0,0.0,1.0,1.0,1.0,1.0,0.0,0.0,0.0,0.0,0.0,0.0,0.0,16.0,40.0,0.0,0.0,0.0,0.0,0.0,0.0,0.0,0.0,0.0,0.0,1.0,0.0,0.2653350830078125,0.027201104146299386,127.0,14.0,0.08074413,9.0,1.0,0.0,0.0,0.994077,0.910412,0.0,0.0,0.0,0.994077,0.0,0.994077,0.994077,0.2653350830078125,0.0,0.0,0.0,0.0,0.0,0.0,1.0,0.0,0.0,0.0,0.0,0.0,0.0,0.0,0.0,0.0,0.0,0.0,0.0,0.0,0.0,0.0,0.0,0.08074413
ocp_003,Openclipart,cat,mask_fill_edgewalk_nearestrow_safeadt_t2m5_r055_a64_rows16_p40,flat_icon_fill,0.08074413,excellent,0.08074413,9,1,0.0,0,0.994077,0.910412,0.0,0.0,0.0,0,balanced,ocp_003::balanced,0.1,0.05,0.02,0.005,0.003,0.003,1.0,0.0,0.0,1.0,1.0,1.0,1.0,0.0,0.0,0.0,0.0,0.0,0.0,0.0,16.0,40.0,0.0,0.0,0.0,0.0,0.0,0.0,0.0,0.0,0.0,0.0,1.0,0.0,0.2653350830078125,0.027201104146299386,127.0,14.0,0.08074413,9.0,1.0,0.0,0.0,0.994077,0.910412,0.0,0.0,0.0,0.994077,0.0,0.994077,0.994077,0.2653350830078125,0.0,0.0,0.0,0.0,0.0,0.0,0.0,1.0,0.0,0.0,0.0,0.1,0.05,0.02,0.005,0.003,0.003,0.0994077,0.0455206,0.0,0.0,0.027,0.003,0.0
ocp_003,Openclipart,cat,mask_fill_edgewalk_nearestrow_safeadt_t2m5_r055_a64_rows16_p40,flat_icon_fill,0.08074413,excellent,0.08074413,9,1,0.0,0,0.994077,0.910412,0.0,0.0,0.0,0,precision,ocp_003::precision,0.1,0.2,0.02,0.005,0.003,0.003,1.0,0.0,0.0,1.0,1.0,1.0,1.0,0.0,0.0,0.0,0.0,0.0,0.0,0.0,16.0,40.0,0.0,0.0,0.0,0.0,0.0,0.0,0.0,0.0,0.0,0.0,1.0,0.0,0.2653350830078125,0.027201104146299386,127.0,14.0,0.08074413,9.0,1.0,0.0,0.0,0.994077,0.910412,0.0,0.0,0.0,0.994077,0.0,0.994077,0.994077,0.2653350830078125,0.0,0.0,0.0,0.0,0.0,0.0,0.0,0.0,1.0,0.0,0.0,0.1,0.2,0.02,0.005,0.003,0.003,0.0994077,0.1820824,0.0,0.0,0.027,0.003,0.0
ocp_003,Openclipart,cat,mask_fill_edgewalk_nearestrow_safeadt_t2m5_r055_a64_rows16_p40,flat_icon_fill,0.08074413,excellent,0.08074413,9,1,0.0,0,0.994077,0.910412,0.0,0.0,0.0,0,coverage,ocp_003::coverage,0.35,0.05,0.02,0.005,0.003,0.003,1.0,0.0,0.0,1.0,1.0,1.0,1.0,0.0,0.0,0.0,0.0,0.0,0.0,0.0,16.0,40.0,0.0,0.0,0.0,0.0,0.0,0.0,0.0,0.0,0.0,0.0,1.0,0.0,0.2653350830078125,0.027201104146299386,127.0,14.0,0.08074413,9.0,1.0,0.0,0.0,0.994077,0.910412,0.0,0.0,0.0,0.994077,0.0,0.994077,0.994077,0.2653350830078125,0.0,0.0,0.0,0.0,0.0,0.0,0.0,0.0,0.0,1.0,0.0,0.35,0.05,0.02,0.005,0.003,0.003,0.34792694999999996,0.0455206,0.0,0.0,0.027,0.003,0.0
ocp_003,Openclipart,cat,mask_fill_edgewalk_nearestrow_safeadt_t2m5_r055_a64_rows16_p40,flat_icon_fill,0.08074413,excellent,0.08074413,9,1,0.0,0,0.994077,0.910412,0.0,0.0,0.0,0,low_jump,ocp_003::low_jump,0.1,0.05,0.02,0.005,0.03,0.02,1.0,0.0,0.0,1.0,1.0,1.0,1.0,0.0,0.0,0.0,0.0,0.0,0.0,0.0,16.0,40.0,0.0,0.0,0.0,0.0,0.0,0.0,0.0,0.0,0.0,0.0,1.0,0.0,0.2653350830078125,0.027201104146299386,127.0,14.0,0.08074413,9.0,1.0,0.0,0.0,0.994077,0.910412,0.0,0.0,0.0,0.994077,0.0,0.994077,0.994077,0.2653350830078125,0.0,0.0,0.0,0.0,0.0,0.0,0.0,0.0,0.0,0.0,1.0,0.1,0.05,0.02,0.005,0.03,0.02,0.0994077,0.0455206,0.0,0.0,0.27,0.02,0.0
ocp_004,Openclipart,koi_fish,mask_fill_edgewalk_nearestrow_inset1_rows16_p40,flat_icon_fill,0.06662868,excellent,0.06662868,6,1,0.4955,0,0.998581,0.870697,0.0,0.0,0.0,1,low_loss,ocp_004::low_loss,0.0,0.0,0.0,0.0,0.0,0.0,1.0,0.0,0.0,1.0,1.0,1.0,0.0,1.0,1.0,0.0,1.0,0.0,0.0,0.0,16.0,40.0,0.0,0.0,0.0,0.0,0.0,0.0,0.0,0.0,0.0,0.0,1.0,0.0,0.2473602294921875,0.03312565541915983,140.0,19.0,0.06662868,6.0,1.0,0.4955,0.0,0.998581,0.870697,0.0,0.0,0.0,0.998581,0.0,0.998581,0.998581,0.2473602294921875,0.2473602294921875,0.0,0.0,0.0,0.0,0.0,1.0,0.0,0.0,0.0,0.0,0.0,0.0,0.0,0.0,0.0,0.0,0.0,0.0,0.0,0.0,0.0,0.0,0.06662868
ocp_004,Openclipart,koi_fish,mask_fill_edgewalk_nearestrow_inset1_rows16_p40,flat_icon_fill,0.06662868,excellent,0.06662868,6,1,0.4955,0,0.998581,0.870697,0.0,0.0,0.0,1,balanced,ocp_004::balanced,0.1,0.05,0.02,0.005,0.003,0.003,1.0,0.0,0.0,1.0,1.0,1.0,0.0,1.0,1.0,0.0,1.0,0.0,0.0,0.0,16.0,40.0,0.0,0.0,0.0,0.0,0.0,0.0,0.0,0.0,0.0,0.0,1.0,0.0,0.2473602294921875,0.03312565541915983,140.0,19.0,0.06662868,6.0,1.0,0.4955,0.0,0.998581,0.870697,0.0,0.0,0.0,0.998581,0.0,0.998581,0.998581,0.2473602294921875,0.2473602294921875,0.0,0.0,0.0,0.0,0.0,0.0,1.0,0.0,0.0,0.0,0.1,0.05,0.02,0.005,0.003,0.003,0.0998581,0.04353485000000001,0.00991,0.0,0.018000000000000002,0.003,0.0
ocp_004,Openclipart,koi_fish,mask_fill_edgewalk_nearestrow_inset1_rows16_p40,flat_icon_fill,0.06662868,excellent,0.06662868,6,1,0.4955,0,0.998581,0.870697,0.0,0.0,0.0,1,precision,ocp_004::precision,0.1,0.2,0.02,0.005,0.003,0.003,1.0,0.0,0.0,1.0,1.0,1.0,0.0,1.0,1.0,0.0,1.0,0.0,0.0,0.0,16.0,40.0,0.0,0.0,0.0,0.0,0.0,0.0,0.0,0.0,0.0,0.0,1.0,0.0,0.2473602294921875,0.03312565541915983,140.0,19.0,0.06662868,6.0,1.0,0.4955,0.0,0.998581,0.870697,0.0,0.0,0.0,0.998581,0.0,0.998581,0.998581,0.2473602294921875,0.2473602294921875,0.0,0.0,0.0,0.0,0.0,0.0,0.0,1.0,0.0,0.0,0.1,0.2,0.02,0.005,0.003,0.003,0.0998581,0.17413940000000003,0.00991,0.0,0.018000000000000002,0.003,0.0
ocp_004,Openclipart,koi_fish,mask_fill_edgewalk_nearestrow_inset1_rows16_p40,flat_icon_fill,0.06662868,excellent,0.06662868,6,1,0.4955,0,0.998581,0.870697,0.0,0.0,0.0,1,coverage,ocp_004::coverage,0.35,0.05,0.02,0.005,0.003,0.003,1.0,0.0,0.0,1.0,1.0,1.0,0.0,1.0,1.0,0.0,1.0,0.0,0.0,0.0,16.0,40.0,0.0,0.0,0.0,0.0,0.0,0.0,0.0,0.0,0.0,0.0,1.0,0.0,0.2473602294921875,0.03312565541915983,140.0,19.0,0.06662868,6.0,1.0,0.4955,0.0,0.998581,0.870697,0.0,0.0,0.0,0.998581,0.0,0.998581,0.998581,0.2473602294921875,0.2473602294921875,0.0,0.0,0.0,0.0,0.0,0.0,0.0,0.0,1.0,0.0,0.35,0.05,0.02,0.005,0.003,0.003,0.34950335,0.04353485000000001,0.00991,0.0,0.018000000000000002,0.003,0.0
ocp_004,Openclipart,koi_fish,mask_fill_edgewalk_nearestrow_inset1_rows16_p40,flat_icon_fill,0.06662868,excellent,0.06662868,6,1,0.4955,0,0.998581,0.870697,0.0,0.0,0.0,1,low_jump,ocp_004::low_jump,0.1,0.05,0.02,0.005,0.03,0.02,1.0,0.0,0.0,1.0,1.0,1.0,0.0,1.0,1.0,0.0,1.0,0.0,0.0,0.0,16.0,40.0,0.0,0.0,0.0,0.0,0.0,0.0,0.0,0.0,0.0,0.0,1.0,0.0,0.2473602294921875,0.03312565541915983,140.0,19.0,0.06662868,6.0,1.0,0.4955,0.0,0.998581,0.870697,0.0,0.0,0.0,0.998581,0.0,0.998581,0.998581,0.2473602294921875,0.2473602294921875,0.0,0.0,0.0,0.0,0.0,0.0,0.0,0.0,0.0,1.0,0.1,0.05,0.02,0.005,0.03,0.02,0.0998581,0.04353485000000001,0.00991,0.0,0.18,0.02,0.0
ocp_004,Openclipart,koi_fish,mask_fill_edgewalk_nearestrow_inset2_rows16_p40,flat_icon_fill,0.07231227,excellent,0.07231227,8,1,0.0,0,0.986799,0.922549,0.0,0.0,0.0,0,low_loss,ocp_004::low_loss,0.0,0.0,0.0,0.0,0.0,0.0,1.0,0.0,0.0,1.0,1.0,1.0,0.0,1.0,0.0,1.0,2.0,0.0,0.0,0.0,16.0,40.0,0.0,0.0,0.0,0.0,0.0,0.0,0.0,0.0,0.0,0.0,1.0,0.0,0.2473602294921875,0.03312565541915983,140.0,19.0,0.07231227,8.0,1.0,0.0,0.0,0.986799,0.922549,0.0,0.0,0.0,0.986799,0.0,0.986799,0.986799,0.2473602294921875,0.2473602294921875,0.2473602294921875,0.0,0.0,0.0,0.0,1.0,0.0,0.0,0.0,0.0,0.0,0.0,0.0,0.0,0.0,0.0,0.0,0.0,0.0,0.0,0.0,0.0,0.07231227
ocp_004,Openclipart,koi_fish,mask_fill_edgewalk_nearestrow_inset2_rows16_p40,flat_icon_fill,0.07231227,excellent,0.07231227,8,1,0.0,0,0.986799,0.922549,0.0,0.0,0.0,0,balanced,ocp_004::balanced,0.1,0.05,0.02,0.005,0.003,0.003,1.0,0.0,0.0,1.0,1.0,1.0,0.0,1.0,0.0,1.0,2.0,0.0,0.0,0.0,16.0,40.0,0.0,0.0,0.0,0.0,0.0,0.0,0.0,0.0,0.0,0.0,1.0,0.0,0.2473602294921875,0.03312565541915983,140.0,19.0,0.07231227,8.0,1.0,0.0,0.0,0.986799,0.922549,0.0,0.0,0.0,0.986799,0.0,0.986799,0.986799,0.2473602294921875,0.2473602294921875,0.2473602294921875,0.0,0.0,0.0,0.0,0.0,1.0,0.0,0.0,0.0,0.1,0.05,0.02,0.005,0.003,0.003,0.0986799,0.04612745,0.0,0.0,0.024,0.003,0.0
ocp_004,Openclipart,koi_fish,mask_fill_edgewalk_nearestrow_inset2_rows16_p40,flat_icon_fill,0.07231227,excellent,0.07231227,8,1,0.0,0,0.986799,0.922549,0.0,0.0,0.0,0,precision,ocp_004::precision,0.1,0.2,0.02,0.005,0.003,0.003,1.0,0.0,0.0,1.0,1.0,1.0,0.0,1.0,0.0,1.0,2.0,0.0,0.0,0.0,16.0,40.0,0.0,0.0,0.0,0.0,0.0,0.0,0.0,0.0,0.0,0.0,1.0,0.0,0.2473602294921875,0.03312565541915983,140.0,19.0,0.07231227,8.0,1.0,0.0,0.0,0.986799,0.922549,0.0,0.0,0.0,0.986799,0.0,0.986799,0.986799,0.2473602294921875,0.2473602294921875,0.2473602294921875,0.0,0.0,0.0,0.0,0.0,0.0,1.0,0.0,0.0,0.1,0.2,0.02,0.005,0.003,0.003,0.0986799,0.1845098,0.0,0.0,0.024,0.003,0.0
ocp_004,Openclipart,koi_fish,mask_fill_edgewalk_nearestrow_inset2_rows16_p40,flat_icon_fill,0.07231227,excellent,0.07231227,8,1,0.0,0,0.986799,0.922549,0.0,0.0,0.0,0,coverage,ocp_004::coverage,0.35,0.05,0.02,0.005,0.003,0.003,1.0,0.0,0.0,1.0,1.0,1.0,0.0,1.0,0.0,1.0,2.0,0.0,0.0,0.0,16.0,40.0,0.0,0.0,0.0,0.0,0.0,0.0,0.0,0.0,0.0,0.0,1.0,0.0,0.2473602294921875,0.03312565541915983,140.0,19.0,0.07231227,8.0,1.0,0.0,0.0,0.986799,0.922549,0.0,0.0,0.0,0.986799,0.0,0.986799,0.986799,0.2473602294921875,0.2473602294921875,0.2473602294921875,0.0,0.0,0.0,0.0,0.0,0.0,0.0,1.0,0.0,0.35,0.05,0.02,0.005,0.003,0.003,0.34537965,0.04612745,0.0,0.0,0.024,0.003,0.0
ocp_004,Openclipart,koi_fish,mask_fill_edgewalk_nearestrow_inset2_rows16_p40,flat_icon_fill,0.07231227,excellent,0.07231227,8,1,0.0,0,0.986799,0.922549,0.0,0.0,0.0,0,low_jump,ocp_004::low_jump,0.1,0.05,0.02,0.005,0.03,0.02,1.0,0.0,0.0,1.0,1.0,1.0,0.0,1.0,0.0,1.0,2.0,0.0,0.0,0.0,16.0,40.0,0.0,0.0,0.0,0.0,0.0,0.0,0.0,0.0,0.0,0.0,1.0,0.0,0.2473602294921875,0.03312565541915983,140.0,19.0,0.07231227,8.0,1.0,0.0,0.0,0.986799,0.922549,0.0,0.0,0.0,0.986799,0.0,0.986799,0.986799,0.2473602294921875,0.2473602294921875,0.2473602294921875,0.0,0.0,0.0,0.0,0.0,0.0,0.0,0.0,1.0,0.1,0.05,0.02,0.005,0.03,0.02,0.0986799,0.04612745,0.0,0.0,0.24,0.02,0.0
ocp_004,Openclipart,koi_fish,mask_fill_edgewalk_nearestrow_rows16_p40,flat_icon_fill,0.06688473,excellent,0.06688473,6,1,0.4955,0,0.999877,0.831913,0.0,0.0,0.0,0,low_loss,ocp_004::low_loss,0.0,0.0,0.0,0.0,0.0,0.0,1.0,0.0,0.0,1.0,1.0,1.0,1.0,0.0,0.0,0.0,0.0,0.0,0.0,0.0,16.0,40.0,0.0,0.0,0.0,0.0,0.0,0.0,0.0,0.0,0.0,0.0,1.0,0.0,0.2473602294921875,0.03312565541915983,140.0,19.0,0.06688473,6.0,1.0,0.4955,0.0,0.999877,0.831913,0.0,0.0,0.0,0.999877,0.0,0.999877,0.999877,0.2473602294921875,0.0,0.0,0.0,0.0,0.0,0.0,1.0,0.0,0.0,0.0,0.0,0.0,0.0,0.0,0.0,0.0,0.0,0.0,0.0,0.0,0.0,0.0,0.0,0.06688473
ocp_004,Openclipart,koi_fish,mask_fill_edgewalk_nearestrow_rows16_p40,flat_icon_fill,0.06688473,excellent,0.06688473,6,1,0.4955,0,0.999877,0.831913,0.0,0.0,0.0,0,balanced,ocp_004::balanced,0.1,0.05,0.02,0.005,0.003,0.003,1.0,0.0,0.0,1.0,1.0,1.0,1.0,0.0,0.0,0.0,0.0,0.0,0.0,0.0,16.0,40.0,0.0,0.0,0.0,0.0,0.0,0.0,0.0,0.0,0.0,0.0,1.0,0.0,0.2473602294921875,0.03312565541915983,140.0,19.0,0.06688473,6.0,1.0,0.4955,0.0,0.999877,0.831913,0.0,0.0,0.0,0.999877,0.0,0.999877,0.999877,0.2473602294921875,0.0,0.0,0.0,0.0,0.0,0.0,0.0,1.0,0.0,0.0,0.0,0.1,0.05,0.02,0.005,0.003,0.003,0.09998770000000001,0.041595650000000005,0.00991,0.0,0.018000000000000002,0.003,0.0
ocp_004,Openclipart,koi_fish,mask_fill_edgewalk_nearestrow_rows16_p40,flat_icon_fill,0.06688473,excellent,0.06688473,6,1,0.4955,0,0.999877,0.831913,0.0,0.0,0.0,0,precision,ocp_004::precision,0.1,0.2,0.02,0.005,0.003,0.003,1.0,0.0,0.0,1.0,1.0,1.0,1.0,0.0,0.0,0.0,0.0,0.0,0.0,0.0,16.0,40.0,0.0,0.0,0.0,0.0,0.0,0.0,0.0,0.0,0.0,0.0,1.0,0.0,0.2473602294921875,0.03312565541915983,140.0,19.0,0.06688473,6.0,1.0,0.4955,0.0,0.999877,0.831913,0.0,0.0,0.0,0.999877,0.0,0.999877,0.999877,0.2473602294921875,0.0,0.0,0.0,0.0,0.0,0.0,0.0,0.0,1.0,0.0,0.0,0.1,0.2,0.02,0.005,0.003,0.003,0.09998770000000001,0.16638260000000002,0.00991,0.0,0.018000000000000002,0.003,0.0
ocp_004,Openclipart,koi_fish,mask_fill_edgewalk_nearestrow_rows16_p40,flat_icon_fill,0.06688473,excellent,0.06688473,6,1,0.4955,0,0.999877,0.831913,0.0,0.0,0.0,0,coverage,ocp_004::coverage,0.35,0.05,0.02,0.005,0.003,0.003,1.0,0.0,0.0,1.0,1.0,1.0,1.0,0.0,0.0,0.0,0.0,0.0,0.0,0.0,16.0,40.0,0.0,0.0,0.0,0.0,0.0,0.0,0.0,0.0,0.0,0.0,1.0,0.0,0.2473602294921875,0.03312565541915983,140.0,19.0,0.06688473,6.0,1.0,0.4955,0.0,0.999877,0.831913,0.0,0.0,0.0,0.999877,0.0,0.999877,0.999877,0.2473602294921875,0.0,0.0,0.0,0.0,0.0,0.0,0.0,0.0,0.0,1.0,0.0,0.35,0.05,0.02,0.005,0.003,0.003,0.34995695,0.041595650000000005,0.00991,0.0,0.018000000000000002,0.003,0.0
ocp_004,Openclipart,koi_fish,mask_fill_edgewalk_nearestrow_rows16_p40,flat_icon_fill,0.06688473,excellent,0.06688473,6,1,0.4955,0,0.999877,0.831913,0.0,0.0,0.0,0,low_jump,ocp_004::low_jump,0.1,0.05,0.02,0.005,0.03,0.02,1.0,0.0,0.0,1.0,1.0,1.0,1.0,0.0,0.0,0.0,0.0,0.0,0.0,0.0,16.0,40.0,0.0,0.0,0.0,0.0,0.0,0.0,0.0,0.0,0.0,0.0,1.0,0.0,0.2473602294921875,0.03312565541915983,140.0,19.0,0.06688473,6.0,1.0,0.4955,0.0,0.999877,0.831913,0.0,0.0,0.0,0.999877,0.0,0.999877,0.999877,0.2473602294921875,0.0,0.0,0.0,0.0,0.0,0.0,0.0,0.0,0.0,0.0,1.0,0.1,0.05,0.02,0.005,0.03,0.02,0.09998770000000001,0.041595650000000005,0.00991,0.0,0.18,0.02,0.0
ocp_004,Openclipart,koi_fish,mask_fill_edgewalk_rows16_p40,flat_icon_fill,0.40572233,hard_fail,0.36572233,100,25,0.4955,0,0.999877,0.830975,0.0,0.0,0.04,0,low_loss,ocp_004::low_loss,0.0,0.0,0.0,0.0,0.0,0.0,1.0,0.0,0.0,1.0,1.0,0.0,0.0,0.0,0.0,0.0,0.0,0.0,0.0,0.0,16.0,40.0,0.0,0.0,0.0,0.0,0.0,0.0,0.0,0.0,0.0,0.0,1.0,0.0,0.2473602294921875,0.03312565541915983,140.0,19.0,0.36572233,100.0,25.0,0.4955,0.0,0.999877,0.830975,0.0,0.0,0.0,0.999877,0.0,0.999877,0.0,0.0,0.0,0.0,0.0,0.0,0.0,0.0,1.0,0.0,0.0,0.0,0.0,0.0,0.0,0.0,0.0,0.0,0.0,0.0,0.0,0.0,0.0,0.0,0.0,0.36572233
ocp_004,Openclipart,koi_fish,mask_fill_edgewalk_rows16_p40,flat_icon_fill,0.40572233,hard_fail,0.36572233,100,25,0.4955,0,0.999877,0.830975,0.0,0.0,0.04,0,balanced,ocp_004::balanced,0.1,0.05,0.02,0.005,0.003,0.003,1.0,0.0,0.0,1.0,1.0,0.0,0.0,0.0,0.0,0.0,0.0,0.0,0.0,0.0,16.0,40.0,0.0,0.0,0.0,0.0,0.0,0.0,0.0,0.0,0.0,0.0,1.0,0.0,0.2473602294921875,0.03312565541915983,140.0,19.0,0.36572233,100.0,25.0,0.4955,0.0,0.999877,0.830975,0.0,0.0,0.0,0.999877,0.0,0.999877,0.0,0.0,0.0,0.0,0.0,0.0,0.0,0.0,0.0,1.0,0.0,0.0,0.0,0.1,0.05,0.02,0.005,0.003,0.003,0.09998770000000001,0.04154875,0.00991,0.0,0.3,0.075,0.0
ocp_004,Openclipart,koi_fish,mask_fill_edgewalk_rows16_p40,flat_icon_fill,0.40572233,hard_fail,0.36572233,100,25,0.4955,0,0.999877,0.830975,0.0,0.0,0.04,0,precision,ocp_004::precision,0.1,0.2,0.02,0.005,0.003,0.003,1.0,0.0,0.0,1.0,1.0,0.0,0.0,0.0,0.0,0.0,0.0,0.0,0.0,0.0,16.0,40.0,0.0,0.0,0.0,0.0,0.0,0.0,0.0,0.0,0.0,0.0,1.0,0.0,0.2473602294921875,0.03312565541915983,140.0,19.0,0.36572233,100.0,25.0,0.4955,0.0,0.999877,0.830975,0.0,0.0,0.0,0.999877,0.0,0.999877,0.0,0.0,0.0,0.0,0.0,0.0,0.0,0.0,0.0,0.0,1.0,0.0,0.0,0.1,0.2,0.02,0.005,0.003,0.003,0.09998770000000001,0.166195,0.00991,0.0,0.3,0.075,0.0
ocp_004,Openclipart,koi_fish,mask_fill_edgewalk_rows16_p40,flat_icon_fill,0.40572233,hard_fail,0.36572233,100,25,0.4955,0,0.999877,0.830975,0.0,0.0,0.04,0,coverage,ocp_004::coverage,0.35,0.05,0.02,0.005,0.003,0.003,1.0,0.0,0.0,1.0,1.0,0.0,0.0,0.0,0.0,0.0,0.0,0.0,0.0,0.0,16.0,40.0,0.0,0.0,0.0,0.0,0.0,0.0,0.0,0.0,0.0,0.0,1.0,0.0,0.2473602294921875,0.03312565541915983,140.0,19.0,0.36572233,100.0,25.0,0.4955,0.0,0.999877,0.830975,0.0,0.0,0.0,0.999877,0.0,0.999877,0.0,0.0,0.0,0.0,0.0,0.0,0.0,0.0,0.0,0.0,0.0,1.0,0.0,0.35,0.05,0.02,0.005,0.003,0.003,0.34995695,0.04154875,0.00991,0.0,0.3,0.075,0.0
ocp_004,Openclipart,koi_fish,mask_fill_edgewalk_rows16_p40,flat_icon_fill,0.40572233,hard_fail,0.36572233,100,25,0.4955,0,0.999877,0.830975,0.0,0.0,0.04,0,low_jump,ocp_004::low_jump,0.1,0.05,0.02,0.005,0.03,0.02,1.0,0.0,0.0,1.0,1.0,0.0,0.0,0.0,0.0,0.0,0.0,0.0,0.0,0.0,16.0,40.0,0.0,0.0,0.0,0.0,0.0,0.0,0.0,0.0,0.0,0.0,1.0,0.0,0.2473602294921875,0.03312565541915983,140.0,19.0,0.36572233,100.0,25.0,0.4955,0.0,0.999877,0.830975,0.0,0.0,0.0,0.999877,0.0,0.999877,0.0,0.0,0.0,0.0,0.0,0.0,0.0,0.0,0.0,0.0,0.0,0.0,1.0,0.1,0.05,0.02,0.005,0.03,0.02,0.09998770000000001,0.04154875,0.00991,0.0,3.0,0.5,0.0
ocp_004,Openclipart,koi_fish,auto_evalrepair_r10_c20,flat_icon_fill,0.16071794,pass,0.16071794,13,9,0.0,0,0.974832,0.947877,0.0,0.0,0.0,0,low_loss,ocp_004::low_loss,0.0,0.0,0.0,0.0,0.0,0.0,1.0,0.0,1.0,0.0,0.0,0.0,0.0,0.0,0.0,0.0,0.0,0.0,0.0,0.0,0.0,0.0,0.0,0.0,0.0,0.0,0.0,0.0,0.0,0.0,0.0,0.0,1.0,0.0,0.2473602294921875,0.03312565541915983,140.0,19.0,0.16071794,13.0,9.0,0.0,0.0,0.974832,0.947877,0.0,0.0,0.974832,0.0,0.0,0.0,0.0,0.0,0.0,0.0,0.0,0.0,0.0,0.0,1.0,0.0,0.0,0.0,0.0,0.0,0.0,0.0,0.0,0.0,0.0,0.0,0.0,0.0,0.0,0.0,0.0,0.16071794
ocp_004,Openclipart,koi_fish,auto_evalrepair_r10_c20,flat_icon_fill,0.16071794,pass,0.16071794,13,9,0.0,0,0.974832,0.947877,0.0,0.0,0.0,0,balanced,ocp_004::balanced,0.1,0.05,0.02,0.005,0.003,0.003,1.0,0.0,1.0,0.0,0.0,0.0,0.0,0.0,0.0,0.0,0.0,0.0,0.0,0.0,0.0,0.0,0.0,0.0,0.0,0.0,0.0,0.0,0.0,0.0,0.0,0.0,1.0,0.0,0.2473602294921875,0.03312565541915983,140.0,19.0,0.16071794,13.0,9.0,0.0,0.0,0.974832,0.947877,0.0,0.0,0.974832,0.0,0.0,0.0,0.0,0.0,0.0,0.0,0.0,0.0,0.0,0.0,0.0,1.0,0.0,0.0,0.0,0.1,0.05,0.02,0.005,0.003,0.003,0.0974832,0.04739385,0.0,0.0,0.039,0.027,0.0
ocp_004,Openclipart,koi_fish,auto_evalrepair_r10_c20,flat_icon_fill,0.16071794,pass,0.16071794,13,9,0.0,0,0.974832,0.947877,0.0,0.0,0.0,0,precision,ocp_004::precision,0.1,0.2,0.02,0.005,0.003,0.003,1.0,0.0,1.0,0.0,0.0,0.0,0.0,0.0,0.0,0.0,0.0,0.0,0.0,0.0,0.0,0.0,0.0,0.0,0.0,0.0,0.0,0.0,0.0,0.0,0.0,0.0,1.0,0.0,0.2473602294921875,0.03312565541915983,140.0,19.0,0.16071794,13.0,9.0,0.0,0.0,0.974832,0.947877,0.0,0.0,0.974832,0.0,0.0,0.0,0.0,0.0,0.0,0.0,0.0,0.0,0.0,0.0,0.0,0.0,1.0,0.0,0.0,0.1,0.2,0.02,0.005,0.003,0.003,0.0974832,0.1895754,0.0,0.0,0.039,0.027,0.0
ocp_004,Openclipart,koi_fish,auto_evalrepair_r10_c20,flat_icon_fill,0.16071794,pass,0.16071794,13,9,0.0,0,0.974832,0.947877,0.0,0.0,0.0,0,coverage,ocp_004::coverage,0.35,0.05,0.02,0.005,0.003,0.003,1.0,0.0,1.0,0.0,0.0,0.0,0.0,0.0,0.0,0.0,0.0,0.0,0.0,0.0,0.0,0.0,0.0,0.0,0.0,0.0,0.0,0.0,0.0,0.0,0.0,0.0,1.0,0.0,0.2473602294921875,0.03312565541915983,140.0,19.0,0.16071794,13.0,9.0,0.0,0.0,0.974832,0.947877,0.0,0.0,0.974832,0.0,0.0,0.0,0.0,0.0,0.0,0.0,0.0,0.0,0.0,0.0,0.0,0.0,0.0,1.0,0.0,0.35,0.05,0.02,0.005,0.003,0.003,0.3411912,0.04739385,0.0,0.0,0.039,0.027,0.0
ocp_004,Openclipart,koi_fish,auto_evalrepair_r10_c20,flat_icon_fill,0.16071794,pass,0.16071794,13,9,0.0,0,0.974832,0.947877,0.0,0.0,0.0,0,low_jump,ocp_004::low_jump,0.1,0.05,0.02,0.005,0.03,0.02,1.0,0.0,1.0,0.0,0.0,0.0,0.0,0.0,0.0,0.0,0.0,0.0,0.0,0.0,0.0,0.0,0.0,0.0,0.0,0.0,0.0,0.0,0.0,0.0,0.0,0.0,1.0,0.0,0.2473602294921875,0.03312565541915983,140.0,19.0,0.16071794,13.0,9.0,0.0,0.0,0.974832,0.947877,0.0,0.0,0.974832,0.0,0.0,0.0,0.0,0.0,0.0,0.0,0.0,0.0,0.0,0.0,0.0,0.0,0.0,0.0,1.0,0.1,0.05,0.02,0.005,0.03,0.02,0.0974832,0.04739385,0.0,0.0,0.39,0.18,0.0
ocp_004,Openclipart,koi_fish,skeleton_c30_m20,flat_icon_fill,0.27112762,excellent,0.06400282,7,1,0.0,0,0.232188,0.999734,0.517812,0.0,0.0,0,low_loss,ocp_004::low_loss,0.0,0.0,0.0,0.0,0.0,0.0,1.0,1.0,0.0,0.0,0.0,0.0,0.0,0.0,0.0,0.0,0.0,0.0,0.0,0.0,0.0,0.0,0.0,0.0,0.0,0.0,0.0,0.0,0.0,0.0,0.0,0.0,1.0,0.0,0.2473602294921875,0.03312565541915983,140.0,19.0,0.06400282,7.0,1.0,0.0,0.0,0.232188,0.999734,0.0,0.232188,0.0,0.0,0.0,0.0,0.0,0.0,0.0,0.0,0.0,0.0,0.0,0.0,1.0,0.0,0.0,0.0,0.0,0.0,0.0,0.0,0.0,0.0,0.0,0.0,0.0,0.0,0.0,0.0,0.0,0.06400282
ocp_004,Openclipart,koi_fish,skeleton_c30_m20,flat_icon_fill,0.27112762,excellent,0.06400282,7,1,0.0,0,0.232188,0.999734,0.517812,0.0,0.0,0,balanced,ocp_004::balanced,0.1,0.05,0.02,0.005,0.003,0.003,1.0,1.0,0.0,0.0,0.0,0.0,0.0,0.0,0.0,0.0,0.0,0.0,0.0,0.0,0.0,0.0,0.0,0.0,0.0,0.0,0.0,0.0,0.0,0.0,0.0,0.0,1.0,0.0,0.2473602294921875,0.03312565541915983,140.0,19.0,0.06400282,7.0,1.0,0.0,0.0,0.232188,0.999734,0.0,0.232188,0.0,0.0,0.0,0.0,0.0,0.0,0.0,0.0,0.0,0.0,0.0,0.0,0.0,1.0,0.0,0.0,0.0,0.1,0.05,0.02,0.005,0.003,0.003,0.0232188,0.0499867,0.0,0.0,0.021,0.003,0.0
ocp_004,Openclipart,koi_fish,skeleton_c30_m20,flat_icon_fill,0.27112762,excellent,0.06400282,7,1,0.0,0,0.232188,0.999734,0.517812,0.0,0.0,0,precision,ocp_004::precision,0.1,0.2,0.02,0.005,0.003,0.003,1.0,1.0,0.0,0.0,0.0,0.0,0.0,0.0,0.0,0.0,0.0,0.0,0.0,0.0,0.0,0.0,0.0,0.0,0.0,0.0,0.0,0.0,0.0,0.0,0.0,0.0,1.0,0.0,0.2473602294921875,0.03312565541915983,140.0,19.0,0.06400282,7.0,1.0,0.0,0.0,0.232188,0.999734,0.0,0.232188,0.0,0.0,0.0,0.0,0.0,0.0,0.0,0.0,0.0,0.0,0.0,0.0,0.0,0.0,1.0,0.0,0.0,0.1,0.2,0.02,0.005,0.003,0.003,0.0232188,0.1999468,0.0,0.0,0.021,0.003,0.0
ocp_004,Openclipart,koi_fish,skeleton_c30_m20,flat_icon_fill,0.27112762,excellent,0.06400282,7,1,0.0,0,0.232188,0.999734,0.517812,0.0,0.0,0,coverage,ocp_004::coverage,0.35,0.05,0.02,0.005,0.003,0.003,1.0,1.0,0.0,0.0,0.0,0.0,0.0,0.0,0.0,0.0,0.0,0.0,0.0,0.0,0.0,0.0,0.0,0.0,0.0,0.0,0.0,0.0,0.0,0.0,0.0,0.0,1.0,0.0,0.2473602294921875,0.03312565541915983,140.0,19.0,0.06400282,7.0,1.0,0.0,0.0,0.232188,0.999734,0.0,0.232188,0.0,0.0,0.0,0.0,0.0,0.0,0.0,0.0,0.0,0.0,0.0,0.0,0.0,0.0,0.0,1.0,0.0,0.35,0.05,0.02,0.005,0.003,0.003,0.0812658,0.0499867,0.0,0.0,0.021,0.003,0.0
ocp_004,Openclipart,koi_fish,skeleton_c30_m20,flat_icon_fill,0.27112762,excellent,0.06400282,7,1,0.0,0,0.232188,0.999734,0.517812,0.0,0.0,0,low_jump,ocp_004::low_jump,0.1,0.05,0.02,0.005,0.03,0.02,1.0,1.0,0.0,0.0,0.0,0.0,0.0,0.0,0.0,0.0,0.0,0.0,0.0,0.0,0.0,0.0,0.0,0.0,0.0,0.0,0.0,0.0,0.0,0.0,0.0,0.0,1.0,0.0,0.2473602294921875,0.03312565541915983,140.0,19.0,0.06400282,7.0,1.0,0.0,0.0,0.232188,0.999734,0.0,0.232188,0.0,0.0,0.0,0.0,0.0,0.0,0.0,0.0,0.0,0.0,0.0,0.0,0.0,0.0,0.0,0.0,1.0,0.1,0.05,0.02,0.005,0.03,0.02,0.0232188,0.0499867,0.0,0.0,0.21,0.02,0.0
ocp_004,Openclipart,koi_fish,skeleton_c30_m4,flat_icon_fill,0.28086975,pass,0.12247735,14,1,0.0,0,0.354019,0.952057,0.395981,0.0,0.0,0,low_loss,ocp_004::low_loss,0.0,0.0,0.0,0.0,0.0,0.0,1.0,1.0,0.0,0.0,0.0,0.0,0.0,0.0,0.0,0.0,0.0,0.0,0.0,0.0,0.0,0.0,0.0,0.0,0.0,0.0,0.0,0.0,0.0,0.0,0.0,0.0,1.0,0.0,0.2473602294921875,0.03312565541915983,140.0,19.0,0.12247735,14.0,1.0,0.0,0.0,0.354019,0.952057,0.0,0.354019,0.0,0.0,0.0,0.0,0.0,0.0,0.0,0.0,0.0,0.0,0.0,0.0,1.0,0.0,0.0,0.0,0.0,0.0,0.0,0.0,0.0,0.0,0.0,0.0,0.0,0.0,0.0,0.0,0.0,0.12247735
ocp_004,Openclipart,koi_fish,skeleton_c30_m4,flat_icon_fill,0.28086975,pass,0.12247735,14,1,0.0,0,0.354019,0.952057,0.395981,0.0,0.0,0,balanced,ocp_004::balanced,0.1,0.05,0.02,0.005,0.003,0.003,1.0,1.0,0.0,0.0,0.0,0.0,0.0,0.0,0.0,0.0,0.0,0.0,0.0,0.0,0.0,0.0,0.0,0.0,0.0,0.0,0.0,0.0,0.0,0.0,0.0,0.0,1.0,0.0,0.2473602294921875,0.03312565541915983,140.0,19.0,0.12247735,14.0,1.0,0.0,0.0,0.354019,0.952057,0.0,0.354019,0.0,0.0,0.0,0.0,0.0,0.0,0.0,0.0,0.0,0.0,0.0,0.0,0.0,1.0,0.0,0.0,0.0,0.1,0.05,0.02,0.005,0.003,0.003,0.0354019,0.04760285,0.0,0.0,0.042,0.003,0.0
ocp_004,Openclipart,koi_fish,skeleton_c30_m4,flat_icon_fill,0.28086975,pass,0.12247735,14,1,0.0,0,0.354019,0.952057,0.395981,0.0,0.0,0,precision,ocp_004::precision,0.1,0.2,0.02,0.005,0.003,0.003,1.0,1.0,0.0,0.0,0.0,0.0,0.0,0.0,0.0,0.0,0.0,0.0,0.0,0.0,0.0,0.0,0.0,0.0,0.0,0.0,0.0,0.0,0.0,0.0,0.0,0.0,1.0,0.0,0.2473602294921875,0.03312565541915983,140.0,19.0,0.12247735,14.0,1.0,0.0,0.0,0.354019,0.952057,0.0,0.354019,0.0,0.0,0.0,0.0,0.0,0.0,0.0,0.0,0.0,0.0,0.0,0.0,0.0,0.0,1.0,0.0,0.0,0.1,0.2,0.02,0.005,0.003,0.003,0.0354019,0.1904114,0.0,0.0,0.042,0.003,0.0
ocp_004,Openclipart,koi_fish,skeleton_c30_m4,flat_icon_fill,0.28086975,pass,0.12247735,14,1,0.0,0,0.354019,0.952057,0.395981,0.0,0.0,0,coverage,ocp_004::coverage,0.35,0.05,0.02,0.005,0.003,0.003,1.0,1.0,0.0,0.0,0.0,0.0,0.0,0.0,0.0,0.0,0.0,0.0,0.0,0.0,0.0,0.0,0.0,0.0,0.0,0.0,0.0,0.0,0.0,0.0,0.0,0.0,1.0,0.0,0.2473602294921875,0.03312565541915983,140.0,19.0,0.12247735,14.0,1.0,0.0,0.0,0.354019,0.952057,0.0,0.354019,0.0,0.0,0.0,0.0,0.0,0.0,0.0,0.0,0.0,0.0,0.0,0.0,0.0,0.0,0.0,1.0,0.0,0.35,0.05,0.02,0.005,0.003,0.003,0.12390664999999998,0.04760285,0.0,0.0,0.042,0.003,0.0
ocp_004,Openclipart,koi_fish,skeleton_c30_m4,flat_icon_fill,0.28086975,pass,0.12247735,14,1,0.0,0,0.354019,0.952057,0.395981,0.0,0.0,0,low_jump,ocp_004::low_jump,0.1,0.05,0.02,0.005,0.03,0.02,1.0,1.0,0.0,0.0,0.0,0.0,0.0,0.0,0.0,0.0,0.0,0.0,0.0,0.0,0.0,0.0,0.0,0.0,0.0,0.0,0.0,0.0,0.0,0.0,0.0,0.0,1.0,0.0,0.2473602294921875,0.03312565541915983,140.0,19.0,0.12247735,14.0,1.0,0.0,0.0,0.354019,0.952057,0.0,0.354019,0.0,0.0,0.0,0.0,0.0,0.0,0.0,0.0,0.0,0.0,0.0,0.0,0.0,0.0,0.0,0.0,1.0,0.1,0.05,0.02,0.005,0.03,0.02,0.0354019,0.04760285,0.0,0.0,0.42,0.02,0.0
ocp_004,Openclipart,koi_fish,mask_fill_edgewalk_nearestrow_safeadt_t2m5_r055_a64_rows16_p40,flat_icon_fill,0.07204989,excellent,0.07204989,8,1,0.0,0,0.996546,0.890475,0.0,0.0,0.0,0,low_loss,ocp_004::low_loss,0.0,0.0,0.0,0.0,0.0,0.0,1.0,0.0,0.0,1.0,1.0,1.0,1.0,0.0,0.0,0.0,0.0,0.0,0.0,0.0,16.0,40.0,0.0,0.0,0.0,0.0,0.0,0.0,0.0,0.0,0.0,0.0,1.0,0.0,0.2473602294921875,0.03312565541915983,140.0,19.0,0.07204989,8.0,1.0,0.0,0.0,0.996546,0.890475,0.0,0.0,0.0,0.996546,0.0,0.996546,0.996546,0.2473602294921875,0.0,0.0,0.0,0.0,0.0,0.0,1.0,0.0,0.0,0.0,0.0,0.0,0.0,0.0,0.0,0.0,0.0,0.0,0.0,0.0,0.0,0.0,0.0,0.07204989
ocp_004,Openclipart,koi_fish,mask_fill_edgewalk_nearestrow_safeadt_t2m5_r055_a64_rows16_p40,flat_icon_fill,0.07204989,excellent,0.07204989,8,1,0.0,0,0.996546,0.890475,0.0,0.0,0.0,0,balanced,ocp_004::balanced,0.1,0.05,0.02,0.005,0.003,0.003,1.0,0.0,0.0,1.0,1.0,1.0,1.0,0.0,0.0,0.0,0.0,0.0,0.0,0.0,16.0,40.0,0.0,0.0,0.0,0.0,0.0,0.0,0.0,0.0,0.0,0.0,1.0,0.0,0.2473602294921875,0.03312565541915983,140.0,19.0,0.07204989,8.0,1.0,0.0,0.0,0.996546,0.890475,0.0,0.0,0.0,0.996546,0.0,0.996546,0.996546,0.2473602294921875,0.0,0.0,0.0,0.0,0.0,0.0,0.0,1.0,0.0,0.0,0.0,0.1,0.05,0.02,0.005,0.003,0.003,0.09965460000000001,0.04452375,0.0,0.0,0.024,0.003,0.0
ocp_004,Openclipart,koi_fish,mask_fill_edgewalk_nearestrow_safeadt_t2m5_r055_a64_rows16_p40,flat_icon_fill,0.07204989,excellent,0.07204989,8,1,0.0,0,0.996546,0.890475,0.0,0.0,0.0,0,precision,ocp_004::precision,0.1,0.2,0.02,0.005,0.003,0.003,1.0,0.0,0.0,1.0,1.0,1.0,1.0,0.0,0.0,0.0,0.0,0.0,0.0,0.0,16.0,40.0,0.0,0.0,0.0,0.0,0.0,0.0,0.0,0.0,0.0,0.0,1.0,0.0,0.2473602294921875,0.03312565541915983,140.0,19.0,0.07204989,8.0,1.0,0.0,0.0,0.996546,0.890475,0.0,0.0,0.0,0.996546,0.0,0.996546,0.996546,0.2473602294921875,0.0,0.0,0.0,0.0,0.0,0.0,0.0,0.0,1.0,0.0,0.0,0.1,0.2,0.02,0.005,0.003,0.003,0.09965460000000001,0.178095,0.0,0.0,0.024,0.003,0.0
ocp_004,Openclipart,koi_fish,mask_fill_edgewalk_nearestrow_safeadt_t2m5_r055_a64_rows16_p40,flat_icon_fill,0.07204989,excellent,0.07204989,8,1,0.0,0,0.996546,0.890475,0.0,0.0,0.0,0,coverage,ocp_004::coverage,0.35,0.05,0.02,0.005,0.003,0.003,1.0,0.0,0.0,1.0,1.0,1.0,1.0,0.0,0.0,0.0,0.0,0.0,0.0,0.0,16.0,40.0,0.0,0.0,0.0,0.0,0.0,0.0,0.0,0.0,0.0,0.0,1.0,0.0,0.2473602294921875,0.03312565541915983,140.0,19.0,0.07204989,8.0,1.0,0.0,0.0,0.996546,0.890475,0.0,0.0,0.0,0.996546,0.0,0.996546,0.996546,0.2473602294921875,0.0,0.0,0.0,0.0,0.0,0.0,0.0,0.0,0.0,1.0,0.0,0.35,0.05,0.02,0.005,0.003,0.003,0.3487911,0.04452375,0.0,0.0,0.024,0.003,0.0
ocp_004,Openclipart,koi_fish,mask_fill_edgewalk_nearestrow_safeadt_t2m5_r055_a64_rows16_p40,flat_icon_fill,0.07204989,excellent,0.07204989,8,1,0.0,0,0.996546,0.890475,0.0,0.0,0.0,0,low_jump,ocp_004::low_jump,0.1,0.05,0.02,0.005,0.03,0.02,1.0,0.0,0.0,1.0,1.0,1.0,1.0,0.0,0.0,0.0,0.0,0.0,0.0,0.0,16.0,40.0,0.0,0.0,0.0,0.0,0.0,0.0,0.0,0.0,0.0,0.0,1.0,0.0,0.2473602294921875,0.03312565541915983,140.0,19.0,0.07204989,8.0,1.0,0.0,0.0,0.996546,0.890475,0.0,0.0,0.0,0.996546,0.0,0.996546,0.996546,0.2473602294921875,0.0,0.0,0.0,0.0,0.0,0.0,0.0,0.0,0.0,0.0,1.0,0.1,0.05,0.02,0.005,0.03,0.02,0.09965460000000001,0.04452375,0.0,0.0,0.24,0.02,0.0
ocp_005,Openclipart,public_domain_logo,mask_fill_edgewalk_nearestrow_inset1_rows16_p40,flat_icon_fill,0.03311525,excellent,0.03311525,4,0,0.0,0,1.0,0.964093,0.0,0.0,0.0,0,low_loss,ocp_005::low_loss,0.0,0.0,0.0,0.0,0.0,0.0,1.0,0.0,0.0,1.0,1.0,1.0,0.0,1.0,1.0,0.0,1.0,0.0,0.0,0.0,16.0,40.0,0.0,0.0,0.0,0.0,0.0,0.0,0.0,0.0,0.0,0.0,1.0,0.0,0.3162841796875,0.012253956001543805,252.0,1.0,0.03311525,4.0,0.0,0.0,0.0,1.0,0.964093,0.0,0.0,0.0,1.0,0.0,1.0,1.0,0.3162841796875,0.3162841796875,0.0,0.0,0.0,0.0,0.0,1.0,0.0,0.0,0.0,0.0,0.0,0.0,0.0,0.0,0.0,0.0,0.0,0.0,0.0,0.0,0.0,0.0,0.03311525
ocp_005,Openclipart,public_domain_logo,mask_fill_edgewalk_nearestrow_inset1_rows16_p40,flat_icon_fill,0.03311525,excellent,0.03311525,4,0,0.0,0,1.0,0.964093,0.0,0.0,0.0,0,balanced,ocp_005::balanced,0.1,0.05,0.02,0.005,0.003,0.003,1.0,0.0,0.0,1.0,1.0,1.0,0.0,1.0,1.0,0.0,1.0,0.0,0.0,0.0,16.0,40.0,0.0,0.0,0.0,0.0,0.0,0.0,0.0,0.0,0.0,0.0,1.0,0.0,0.3162841796875,0.012253956001543805,252.0,1.0,0.03311525,4.0,0.0,0.0,0.0,1.0,0.964093,0.0,0.0,0.0,1.0,0.0,1.0,1.0,0.3162841796875,0.3162841796875,0.0,0.0,0.0,0.0,0.0,0.0,1.0,0.0,0.0,0.0,0.1,0.05,0.02,0.005,0.003,0.003,0.1,0.04820465,0.0,0.0,0.012,0.0,0.0
ocp_005,Openclipart,public_domain_logo,mask_fill_edgewalk_nearestrow_inset1_rows16_p40,flat_icon_fill,0.03311525,excellent,0.03311525,4,0,0.0,0,1.0,0.964093,0.0,0.0,0.0,0,precision,ocp_005::precision,0.1,0.2,0.02,0.005,0.003,0.003,1.0,0.0,0.0,1.0,1.0,1.0,0.0,1.0,1.0,0.0,1.0,0.0,0.0,0.0,16.0,40.0,0.0,0.0,0.0,0.0,0.0,0.0,0.0,0.0,0.0,0.0,1.0,0.0,0.3162841796875,0.012253956001543805,252.0,1.0,0.03311525,4.0,0.0,0.0,0.0,1.0,0.964093,0.0,0.0,0.0,1.0,0.0,1.0,1.0,0.3162841796875,0.3162841796875,0.0,0.0,0.0,0.0,0.0,0.0,0.0,1.0,0.0,0.0,0.1,0.2,0.02,0.005,0.003,0.003,0.1,0.1928186,0.0,0.0,0.012,0.0,0.0
ocp_005,Openclipart,public_domain_logo,mask_fill_edgewalk_nearestrow_inset1_rows16_p40,flat_icon_fill,0.03311525,excellent,0.03311525,4,0,0.0,0,1.0,0.964093,0.0,0.0,0.0,0,coverage,ocp_005::coverage,0.35,0.05,0.02,0.005,0.003,0.003,1.0,0.0,0.0,1.0,1.0,1.0,0.0,1.0,1.0,0.0,1.0,0.0,0.0,0.0,16.0,40.0,0.0,0.0,0.0,0.0,0.0,0.0,0.0,0.0,0.0,0.0,1.0,0.0,0.3162841796875,0.012253956001543805,252.0,1.0,0.03311525,4.0,0.0,0.0,0.0,1.0,0.964093,0.0,0.0,0.0,1.0,0.0,1.0,1.0,0.3162841796875,0.3162841796875,0.0,0.0,0.0,0.0,0.0,0.0,0.0,0.0,1.0,0.0,0.35,0.05,0.02,0.005,0.003,0.003,0.35,0.04820465,0.0,0.0,0.012,0.0,0.0
ocp_005,Openclipart,public_domain_logo,mask_fill_edgewalk_nearestrow_inset1_rows16_p40,flat_icon_fill,0.03311525,excellent,0.03311525,4,0,0.0,0,1.0,0.964093,0.0,0.0,0.0,0,low_jump,ocp_005::low_jump,0.1,0.05,0.02,0.005,0.03,0.02,1.0,0.0,0.0,1.0,1.0,1.0,0.0,1.0,1.0,0.0,1.0,0.0,0.0,0.0,16.0,40.0,0.0,0.0,0.0,0.0,0.0,0.0,0.0,0.0,0.0,0.0,1.0,0.0,0.3162841796875,0.012253956001543805,252.0,1.0,0.03311525,4.0,0.0,0.0,0.0,1.0,0.964093,0.0,0.0,0.0,1.0,0.0,1.0,1.0,0.3162841796875,0.3162841796875,0.0,0.0,0.0,0.0,0.0,0.0,0.0,0.0,0.0,1.0,0.1,0.05,0.02,0.005,0.03,0.02,0.1,0.04820465,0.0,0.0,0.12,0.0,0.0
ocp_005,Openclipart,public_domain_logo,mask_fill_edgewalk_nearestrow_inset2_rows16_p40,flat_icon_fill,0.03311236,excellent,0.03311236,4,0,0.0,0,1.0,0.964093,0.0,0.0,0.0,1,low_loss,ocp_005::low_loss,0.0,0.0,0.0,0.0,0.0,0.0,1.0,0.0,0.0,1.0,1.0,1.0,0.0,1.0,0.0,1.0,2.0,0.0,0.0,0.0,16.0,40.0,0.0,0.0,0.0,0.0,0.0,0.0,0.0,0.0,0.0,0.0,1.0,0.0,0.3162841796875,0.012253956001543805,252.0,1.0,0.03311236,4.0,0.0,0.0,0.0,1.0,0.964093,0.0,0.0,0.0,1.0,0.0,1.0,1.0,0.3162841796875,0.3162841796875,0.3162841796875,0.0,0.0,0.0,0.0,1.0,0.0,0.0,0.0,0.0,0.0,0.0,0.0,0.0,0.0,0.0,0.0,0.0,0.0,0.0,0.0,0.0,0.03311236
ocp_005,Openclipart,public_domain_logo,mask_fill_edgewalk_nearestrow_inset2_rows16_p40,flat_icon_fill,0.03311236,excellent,0.03311236,4,0,0.0,0,1.0,0.964093,0.0,0.0,0.0,1,balanced,ocp_005::balanced,0.1,0.05,0.02,0.005,0.003,0.003,1.0,0.0,0.0,1.0,1.0,1.0,0.0,1.0,0.0,1.0,2.0,0.0,0.0,0.0,16.0,40.0,0.0,0.0,0.0,0.0,0.0,0.0,0.0,0.0,0.0,0.0,1.0,0.0,0.3162841796875,0.012253956001543805,252.0,1.0,0.03311236,4.0,0.0,0.0,0.0,1.0,0.964093,0.0,0.0,0.0,1.0,0.0,1.0,1.0,0.3162841796875,0.3162841796875,0.3162841796875,0.0,0.0,0.0,0.0,0.0,1.0,0.0,0.0,0.0,0.1,0.05,0.02,0.005,0.003,0.003,0.1,0.04820465,0.0,0.0,0.012,0.0,0.0
ocp_005,Openclipart,public_domain_logo,mask_fill_edgewalk_nearestrow_inset2_rows16_p40,flat_icon_fill,0.03311236,excellent,0.03311236,4,0,0.0,0,1.0,0.964093,0.0,0.0,0.0,1,precision,ocp_005::precision,0.1,0.2,0.02,0.005,0.003,0.003,1.0,0.0,0.0,1.0,1.0,1.0,0.0,1.0,0.0,1.0,2.0,0.0,0.0,0.0,16.0,40.0,0.0,0.0,0.0,0.0,0.0,0.0,0.0,0.0,0.0,0.0,1.0,0.0,0.3162841796875,0.012253956001543805,252.0,1.0,0.03311236,4.0,0.0,0.0,0.0,1.0,0.964093,0.0,0.0,0.0,1.0,0.0,1.0,1.0,0.3162841796875,0.3162841796875,0.3162841796875,0.0,0.0,0.0,0.0,0.0,0.0,1.0,0.0,0.0,0.1,0.2,0.02,0.005,0.003,0.003,0.1,0.1928186,0.0,0.0,0.012,0.0,0.0
ocp_005,Openclipart,public_domain_logo,mask_fill_edgewalk_nearestrow_inset2_rows16_p40,flat_icon_fill,0.03311236,excellent,0.03311236,4,0,0.0,0,1.0,0.964093,0.0,0.0,0.0,1,coverage,ocp_005::coverage,0.35,0.05,0.02,0.005,0.003,0.003,1.0,0.0,0.0,1.0,1.0,1.0,0.0,1.0,0.0,1.0,2.0,0.0,0.0,0.0,16.0,40.0,0.0,0.0,0.0,0.0,0.0,0.0,0.0,0.0,0.0,0.0,1.0,0.0,0.3162841796875,0.012253956001543805,252.0,1.0,0.03311236,4.0,0.0,0.0,0.0,1.0,0.964093,0.0,0.0,0.0,1.0,0.0,1.0,1.0,0.3162841796875,0.3162841796875,0.3162841796875,0.0,0.0,0.0,0.0,0.0,0.0,0.0,1.0,0.0,0.35,0.05,0.02,0.005,0.003,0.003,0.35,0.04820465,0.0,0.0,0.012,0.0,0.0
ocp_005,Openclipart,public_domain_logo,mask_fill_edgewalk_nearestrow_inset2_rows16_p40,flat_icon_fill,0.03311236,excellent,0.03311236,4,0,0.0,0,1.0,0.964093,0.0,0.0,0.0,1,low_jump,ocp_005::low_jump,0.1,0.05,0.02,0.005,0.03,0.02,1.0,0.0,0.0,1.0,1.0,1.0,0.0,1.0,0.0,1.0,2.0,0.0,0.0,0.0,16.0,40.0,0.0,0.0,0.0,0.0,0.0,0.0,0.0,0.0,0.0,0.0,1.0,0.0,0.3162841796875,0.012253956001543805,252.0,1.0,0.03311236,4.0,0.0,0.0,0.0,1.0,0.964093,0.0,0.0,0.0,1.0,0.0,1.0,1.0,0.3162841796875,0.3162841796875,0.3162841796875,0.0,0.0,0.0,0.0,0.0,0.0,0.0,0.0,1.0,0.1,0.05,0.02,0.005,0.03,0.02,0.1,0.04820465,0.0,0.0,0.12,0.0,0.0
ocp_005,Openclipart,public_domain_logo,mask_fill_edgewalk_nearestrow_rows16_p40,flat_icon_fill,0.0331172,excellent,0.0331172,4,0,0.0,0,1.0,0.910081,0.0,0.0,0.0,0,low_loss,ocp_005::low_loss,0.0,0.0,0.0,0.0,0.0,0.0,1.0,0.0,0.0,1.0,1.0,1.0,1.0,0.0,0.0,0.0,0.0,0.0,0.0,0.0,16.0,40.0,0.0,0.0,0.0,0.0,0.0,0.0,0.0,0.0,0.0,0.0,1.0,0.0,0.3162841796875,0.012253956001543805,252.0,1.0,0.0331172,4.0,0.0,0.0,0.0,1.0,0.910081,0.0,0.0,0.0,1.0,0.0,1.0,1.0,0.3162841796875,0.0,0.0,0.0,0.0,0.0,0.0,1.0,0.0,0.0,0.0,0.0,0.0,0.0,0.0,0.0,0.0,0.0,0.0,0.0,0.0,0.0,0.0,0.0,0.0331172
ocp_005,Openclipart,public_domain_logo,mask_fill_edgewalk_nearestrow_rows16_p40,flat_icon_fill,0.0331172,excellent,0.0331172,4,0,0.0,0,1.0,0.910081,0.0,0.0,0.0,0,balanced,ocp_005::balanced,0.1,0.05,0.02,0.005,0.003,0.003,1.0,0.0,0.0,1.0,1.0,1.0,1.0,0.0,0.0,0.0,0.0,0.0,0.0,0.0,16.0,40.0,0.0,0.0,0.0,0.0,0.0,0.0,0.0,0.0,0.0,0.0,1.0,0.0,0.3162841796875,0.012253956001543805,252.0,1.0,0.0331172,4.0,0.0,0.0,0.0,1.0,0.910081,0.0,0.0,0.0,1.0,0.0,1.0,1.0,0.3162841796875,0.0,0.0,0.0,0.0,0.0,0.0,0.0,1.0,0.0,0.0,0.0,0.1,0.05,0.02,0.005,0.003,0.003,0.1,0.045504050000000004,0.0,0.0,0.012,0.0,0.0
ocp_005,Openclipart,public_domain_logo,mask_fill_edgewalk_nearestrow_rows16_p40,flat_icon_fill,0.0331172,excellent,0.0331172,4,0,0.0,0,1.0,0.910081,0.0,0.0,0.0,0,precision,ocp_005::precision,0.1,0.2,0.02,0.005,0.003,0.003,1.0,0.0,0.0,1.0,1.0,1.0,1.0,0.0,0.0,0.0,0.0,0.0,0.0,0.0,16.0,40.0,0.0,0.0,0.0,0.0,0.0,0.0,0.0,0.0,0.0,0.0,1.0,0.0,0.3162841796875,0.012253956001543805,252.0,1.0,0.0331172,4.0,0.0,0.0,0.0,1.0,0.910081,0.0,0.0,0.0,1.0,0.0,1.0,1.0,0.3162841796875,0.0,0.0,0.0,0.0,0.0,0.0,0.0,0.0,1.0,0.0,0.0,0.1,0.2,0.02,0.005,0.003,0.003,0.1,0.18201620000000002,0.0,0.0,0.012,0.0,0.0
ocp_005,Openclipart,public_domain_logo,mask_fill_edgewalk_nearestrow_rows16_p40,flat_icon_fill,0.0331172,excellent,0.0331172,4,0,0.0,0,1.0,0.910081,0.0,0.0,0.0,0,coverage,ocp_005::coverage,0.35,0.05,0.02,0.005,0.003,0.003,1.0,0.0,0.0,1.0,1.0,1.0,1.0,0.0,0.0,0.0,0.0,0.0,0.0,0.0,16.0,40.0,0.0,0.0,0.0,0.0,0.0,0.0,0.0,0.0,0.0,0.0,1.0,0.0,0.3162841796875,0.012253956001543805,252.0,1.0,0.0331172,4.0,0.0,0.0,0.0,1.0,0.910081,0.0,0.0,0.0,1.0,0.0,1.0,1.0,0.3162841796875,0.0,0.0,0.0,0.0,0.0,0.0,0.0,0.0,0.0,1.0,0.0,0.35,0.05,0.02,0.005,0.003,0.003,0.35,0.045504050000000004,0.0,0.0,0.012,0.0,0.0
ocp_005,Openclipart,public_domain_logo,mask_fill_edgewalk_nearestrow_rows16_p40,flat_icon_fill,0.0331172,excellent,0.0331172,4,0,0.0,0,1.0,0.910081,0.0,0.0,0.0,0,low_jump,ocp_005::low_jump,0.1,0.05,0.02,0.005,0.03,0.02,1.0,0.0,0.0,1.0,1.0,1.0,1.0,0.0,0.0,0.0,0.0,0.0,0.0,0.0,16.0,40.0,0.0,0.0,0.0,0.0,0.0,0.0,0.0,0.0,0.0,0.0,1.0,0.0,0.3162841796875,0.012253956001543805,252.0,1.0,0.0331172,4.0,0.0,0.0,0.0,1.0,0.910081,0.0,0.0,0.0,1.0,0.0,1.0,1.0,0.3162841796875,0.0,0.0,0.0,0.0,0.0,0.0,0.0,0.0,0.0,0.0,1.0,0.1,0.05,0.02,0.005,0.03,0.02,0.1,0.045504050000000004,0.0,0.0,0.12,0.0,0.0
ocp_005,Openclipart,public_domain_logo,mask_fill_edgewalk_rows16_p40,flat_icon_fill,0.0331172,excellent,0.0331172,4,0,0.0,0,1.0,0.910081,0.0,0.0,0.0,0,low_loss,ocp_005::low_loss,0.0,0.0,0.0,0.0,0.0,0.0,1.0,0.0,0.0,1.0,1.0,0.0,0.0,0.0,0.0,0.0,0.0,0.0,0.0,0.0,16.0,40.0,0.0,0.0,0.0,0.0,0.0,0.0,0.0,0.0,0.0,0.0,1.0,0.0,0.3162841796875,0.012253956001543805,252.0,1.0,0.0331172,4.0,0.0,0.0,0.0,1.0,0.910081,0.0,0.0,0.0,1.0,0.0,1.0,0.0,0.0,0.0,0.0,0.0,0.0,0.0,0.0,1.0,0.0,0.0,0.0,0.0,0.0,0.0,0.0,0.0,0.0,0.0,0.0,0.0,0.0,0.0,0.0,0.0,0.0331172
ocp_005,Openclipart,public_domain_logo,mask_fill_edgewalk_rows16_p40,flat_icon_fill,0.0331172,excellent,0.0331172,4,0,0.0,0,1.0,0.910081,0.0,0.0,0.0,0,balanced,ocp_005::balanced,0.1,0.05,0.02,0.005,0.003,0.003,1.0,0.0,0.0,1.0,1.0,0.0,0.0,0.0,0.0,0.0,0.0,0.0,0.0,0.0,16.0,40.0,0.0,0.0,0.0,0.0,0.0,0.0,0.0,0.0,0.0,0.0,1.0,0.0,0.3162841796875,0.012253956001543805,252.0,1.0,0.0331172,4.0,0.0,0.0,0.0,1.0,0.910081,0.0,0.0,0.0,1.0,0.0,1.0,0.0,0.0,0.0,0.0,0.0,0.0,0.0,0.0,0.0,1.0,0.0,0.0,0.0,0.1,0.05,0.02,0.005,0.003,0.003,0.1,0.045504050000000004,0.0,0.0,0.012,0.0,0.0
ocp_005,Openclipart,public_domain_logo,mask_fill_edgewalk_rows16_p40,flat_icon_fill,0.0331172,excellent,0.0331172,4,0,0.0,0,1.0,0.910081,0.0,0.0,0.0,0,precision,ocp_005::precision,0.1,0.2,0.02,0.005,0.003,0.003,1.0,0.0,0.0,1.0,1.0,0.0,0.0,0.0,0.0,0.0,0.0,0.0,0.0,0.0,16.0,40.0,0.0,0.0,0.0,0.0,0.0,0.0,0.0,0.0,0.0,0.0,1.0,0.0,0.3162841796875,0.012253956001543805,252.0,1.0,0.0331172,4.0,0.0,0.0,0.0,1.0,0.910081,0.0,0.0,0.0,1.0,0.0,1.0,0.0,0.0,0.0,0.0,0.0,0.0,0.0,0.0,0.0,0.0,1.0,0.0,0.0,0.1,0.2,0.02,0.005,0.003,0.003,0.1,0.18201620000000002,0.0,0.0,0.012,0.0,0.0
ocp_005,Openclipart,public_domain_logo,mask_fill_edgewalk_rows16_p40,flat_icon_fill,0.0331172,excellent,0.0331172,4,0,0.0,0,1.0,0.910081,0.0,0.0,0.0,0,coverage,ocp_005::coverage,0.35,0.05,0.02,0.005,0.003,0.003,1.0,0.0,0.0,1.0,1.0,0.0,0.0,0.0,0.0,0.0,0.0,0.0,0.0,0.0,16.0,40.0,0.0,0.0,0.0,0.0,0.0,0.0,0.0,0.0,0.0,0.0,1.0,0.0,0.3162841796875,0.012253956001543805,252.0,1.0,0.0331172,4.0,0.0,0.0,0.0,1.0,0.910081,0.0,0.0,0.0,1.0,0.0,1.0,0.0,0.0,0.0,0.0,0.0,0.0,0.0,0.0,0.0,0.0,0.0,1.0,0.0,0.35,0.05,0.02,0.005,0.003,0.003,0.35,0.045504050000000004,0.0,0.0,0.012,0.0,0.0
ocp_005,Openclipart,public_domain_logo,mask_fill_edgewalk_rows16_p40,flat_icon_fill,0.0331172,excellent,0.0331172,4,0,0.0,0,1.0,0.910081,0.0,0.0,0.0,0,low_jump,ocp_005::low_jump,0.1,0.05,0.02,0.005,0.03,0.02,1.0,0.0,0.0,1.0,1.0,0.0,0.0,0.0,0.0,0.0,0.0,0.0,0.0,0.0,16.0,40.0,0.0,0.0,0.0,0.0,0.0,0.0,0.0,0.0,0.0,0.0,1.0,0.0,0.3162841796875,0.012253956001543805,252.0,1.0,0.0331172,4.0,0.0,0.0,0.0,1.0,0.910081,0.0,0.0,0.0,1.0,0.0,1.0,0.0,0.0,0.0,0.0,0.0,0.0,0.0,0.0,0.0,0.0,0.0,0.0,1.0,0.1,0.05,0.02,0.005,0.03,0.02,0.1,0.045504050000000004,0.0,0.0,0.12,0.0,0.0
ocp_005,Openclipart,public_domain_logo,auto_evalrepair_r10_c20,flat_icon_fill,0.0610012,excellent,0.044,1,6,0.0,0,0.707497,1.0,0.042503,0.0,0.0,0,low_loss,ocp_005::low_loss,0.0,0.0,0.0,0.0,0.0,0.0,1.0,0.0,1.0,0.0,0.0,0.0,0.0,0.0,0.0,0.0,0.0,0.0,0.0,0.0,0.0,0.0,0.0,0.0,0.0,0.0,0.0,0.0,0.0,0.0,0.0,0.0,1.0,0.0,0.3162841796875,0.012253956001543805,252.0,1.0,0.044,1.0,6.0,0.0,0.0,0.707497,1.0,0.0,0.0,0.707497,0.0,0.0,0.0,0.0,0.0,0.0,0.0,0.0,0.0,0.0,0.0,1.0,0.0,0.0,0.0,0.0,0.0,0.0,0.0,0.0,0.0,0.0,0.0,0.0,0.0,0.0,0.0,0.0,0.044
ocp_005,Openclipart,public_domain_logo,auto_evalrepair_r10_c20,flat_icon_fill,0.0610012,excellent,0.044,1,6,0.0,0,0.707497,1.0,0.042503,0.0,0.0,0,balanced,ocp_005::balanced,0.1,0.05,0.02,0.005,0.003,0.003,1.0,0.0,1.0,0.0,0.0,0.0,0.0,0.0,0.0,0.0,0.0,0.0,0.0,0.0,0.0,0.0,0.0,0.0,0.0,0.0,0.0,0.0,0.0,0.0,0.0,0.0,1.0,0.0,0.3162841796875,0.012253956001543805,252.0,1.0,0.044,1.0,6.0,0.0,0.0,0.707497,1.0,0.0,0.0,0.707497,0.0,0.0,0.0,0.0,0.0,0.0,0.0,0.0,0.0,0.0,0.0,0.0,1.0,0.0,0.0,0.0,0.1,0.05,0.02,0.005,0.003,0.003,0.07074970000000001,0.05,0.0,0.0,0.003,0.018000000000000002,0.0
ocp_005,Openclipart,public_domain_logo,auto_evalrepair_r10_c20,flat_icon_fill,0.0610012,excellent,0.044,1,6,0.0,0,0.707497,1.0,0.042503,0.0,0.0,0,precision,ocp_005::precision,0.1,0.2,0.02,0.005,0.003,0.003,1.0,0.0,1.0,0.0,0.0,0.0,0.0,0.0,0.0,0.0,0.0,0.0,0.0,0.0,0.0,0.0,0.0,0.0,0.0,0.0,0.0,0.0,0.0,0.0,0.0,0.0,1.0,0.0,0.3162841796875,0.012253956001543805,252.0,1.0,0.044,1.0,6.0,0.0,0.0,0.707497,1.0,0.0,0.0,0.707497,0.0,0.0,0.0,0.0,0.0,0.0,0.0,0.0,0.0,0.0,0.0,0.0,0.0,1.0,0.0,0.0,0.1,0.2,0.02,0.005,0.003,0.003,0.07074970000000001,0.2,0.0,0.0,0.003,0.018000000000000002,0.0
ocp_005,Openclipart,public_domain_logo,auto_evalrepair_r10_c20,flat_icon_fill,0.0610012,excellent,0.044,1,6,0.0,0,0.707497,1.0,0.042503,0.0,0.0,0,coverage,ocp_005::coverage,0.35,0.05,0.02,0.005,0.003,0.003,1.0,0.0,1.0,0.0,0.0,0.0,0.0,0.0,0.0,0.0,0.0,0.0,0.0,0.0,0.0,0.0,0.0,0.0,0.0,0.0,0.0,0.0,0.0,0.0,0.0,0.0,1.0,0.0,0.3162841796875,0.012253956001543805,252.0,1.0,0.044,1.0,6.0,0.0,0.0,0.707497,1.0,0.0,0.0,0.707497,0.0,0.0,0.0,0.0,0.0,0.0,0.0,0.0,0.0,0.0,0.0,0.0,0.0,0.0,1.0,0.0,0.35,0.05,0.02,0.005,0.003,0.003,0.24762395,0.05,0.0,0.0,0.003,0.018000000000000002,0.0
ocp_005,Openclipart,public_domain_logo,auto_evalrepair_r10_c20,flat_icon_fill,0.0610012,excellent,0.044,1,6,0.0,0,0.707497,1.0,0.042503,0.0,0.0,0,low_jump,ocp_005::low_jump,0.1,0.05,0.02,0.005,0.03,0.02,1.0,0.0,1.0,0.0,0.0,0.0,0.0,0.0,0.0,0.0,0.0,0.0,0.0,0.0,0.0,0.0,0.0,0.0,0.0,0.0,0.0,0.0,0.0,0.0,0.0,0.0,1.0,0.0,0.3162841796875,0.012253956001543805,252.0,1.0,0.044,1.0,6.0,0.0,0.0,0.707497,1.0,0.0,0.0,0.707497,0.0,0.0,0.0,0.0,0.0,0.0,0.0,0.0,0.0,0.0,0.0,0.0,0.0,0.0,0.0,1.0,0.1,0.05,0.02,0.005,0.03,0.02,0.07074970000000001,0.05,0.0,0.0,0.03,0.12,0.0
ocp_005,Openclipart,public_domain_logo,skeleton_c30_m20,flat_icon_fill,0.28875524,excellent,0.03306244,4,0,0.0,0,0.110768,1.0,0.639232,0.0,0.0,0,low_loss,ocp_005::low_loss,0.0,0.0,0.0,0.0,0.0,0.0,1.0,1.0,0.0,0.0,0.0,0.0,0.0,0.0,0.0,0.0,0.0,0.0,0.0,0.0,0.0,0.0,0.0,0.0,0.0,0.0,0.0,0.0,0.0,0.0,0.0,0.0,1.0,0.0,0.3162841796875,0.012253956001543805,252.0,1.0,0.03306244,4.0,0.0,0.0,0.0,0.110768,1.0,0.0,0.110768,0.0,0.0,0.0,0.0,0.0,0.0,0.0,0.0,0.0,0.0,0.0,0.0,1.0,0.0,0.0,0.0,0.0,0.0,0.0,0.0,0.0,0.0,0.0,0.0,0.0,0.0,0.0,0.0,0.0,0.03306244
ocp_005,Openclipart,public_domain_logo,skeleton_c30_m20,flat_icon_fill,0.28875524,excellent,0.03306244,4,0,0.0,0,0.110768,1.0,0.639232,0.0,0.0,0,balanced,ocp_005::balanced,0.1,0.05,0.02,0.005,0.003,0.003,1.0,1.0,0.0,0.0,0.0,0.0,0.0,0.0,0.0,0.0,0.0,0.0,0.0,0.0,0.0,0.0,0.0,0.0,0.0,0.0,0.0,0.0,0.0,0.0,0.0,0.0,1.0,0.0,0.3162841796875,0.012253956001543805,252.0,1.0,0.03306244,4.0,0.0,0.0,0.0,0.110768,1.0,0.0,0.110768,0.0,0.0,0.0,0.0,0.0,0.0,0.0,0.0,0.0,0.0,0.0,0.0,0.0,1.0,0.0,0.0,0.0,0.1,0.05,0.02,0.005,0.003,0.003,0.011076800000000001,0.05,0.0,0.0,0.012,0.0,0.0
ocp_005,Openclipart,public_domain_logo,skeleton_c30_m20,flat_icon_fill,0.28875524,excellent,0.03306244,4,0,0.0,0,0.110768,1.0,0.639232,0.0,0.0,0,precision,ocp_005::precision,0.1,0.2,0.02,0.005,0.003,0.003,1.0,1.0,0.0,0.0,0.0,0.0,0.0,0.0,0.0,0.0,0.0,0.0,0.0,0.0,0.0,0.0,0.0,0.0,0.0,0.0,0.0,0.0,0.0,0.0,0.0,0.0,1.0,0.0,0.3162841796875,0.012253956001543805,252.0,1.0,0.03306244,4.0,0.0,0.0,0.0,0.110768,1.0,0.0,0.110768,0.0,0.0,0.0,0.0,0.0,0.0,0.0,0.0,0.0,0.0,0.0,0.0,0.0,0.0,1.0,0.0,0.0,0.1,0.2,0.02,0.005,0.003,0.003,0.011076800000000001,0.2,0.0,0.0,0.012,0.0,0.0
ocp_005,Openclipart,public_domain_logo,skeleton_c30_m20,flat_icon_fill,0.28875524,excellent,0.03306244,4,0,0.0,0,0.110768,1.0,0.639232,0.0,0.0,0,coverage,ocp_005::coverage,0.35,0.05,0.02,0.005,0.003,0.003,1.0,1.0,0.0,0.0,0.0,0.0,0.0,0.0,0.0,0.0,0.0,0.0,0.0,0.0,0.0,0.0,0.0,0.0,0.0,0.0,0.0,0.0,0.0,0.0,0.0,0.0,1.0,0.0,0.3162841796875,0.012253956001543805,252.0,1.0,0.03306244,4.0,0.0,0.0,0.0,0.110768,1.0,0.0,0.110768,0.0,0.0,0.0,0.0,0.0,0.0,0.0,0.0,0.0,0.0,0.0,0.0,0.0,0.0,0.0,1.0,0.0,0.35,0.05,0.02,0.005,0.003,0.003,0.0387688,0.05,0.0,0.0,0.012,0.0,0.0
ocp_005,Openclipart,public_domain_logo,skeleton_c30_m20,flat_icon_fill,0.28875524,excellent,0.03306244,4,0,0.0,0,0.110768,1.0,0.639232,0.0,0.0,0,low_jump,ocp_005::low_jump,0.1,0.05,0.02,0.005,0.03,0.02,1.0,1.0,0.0,0.0,0.0,0.0,0.0,0.0,0.0,0.0,0.0,0.0,0.0,0.0,0.0,0.0,0.0,0.0,0.0,0.0,0.0,0.0,0.0,0.0,0.0,0.0,1.0,0.0,0.3162841796875,0.012253956001543805,252.0,1.0,0.03306244,4.0,0.0,0.0,0.0,0.110768,1.0,0.0,0.110768,0.0,0.0,0.0,0.0,0.0,0.0,0.0,0.0,0.0,0.0,0.0,0.0,0.0,0.0,0.0,0.0,1.0,0.1,0.05,0.02,0.005,0.03,0.02,0.011076800000000001,0.05,0.0,0.0,0.12,0.0,0.0
ocp_005,Openclipart,public_domain_logo,skeleton_c30_m4,flat_icon_fill,0.28875524,excellent,0.03306244,4,0,0.0,0,0.110768,1.0,0.639232,0.0,0.0,0,low_loss,ocp_005::low_loss,0.0,0.0,0.0,0.0,0.0,0.0,1.0,1.0,0.0,0.0,0.0,0.0,0.0,0.0,0.0,0.0,0.0,0.0,0.0,0.0,0.0,0.0,0.0,0.0,0.0,0.0,0.0,0.0,0.0,0.0,0.0,0.0,1.0,0.0,0.3162841796875,0.012253956001543805,252.0,1.0,0.03306244,4.0,0.0,0.0,0.0,0.110768,1.0,0.0,0.110768,0.0,0.0,0.0,0.0,0.0,0.0,0.0,0.0,0.0,0.0,0.0,0.0,1.0,0.0,0.0,0.0,0.0,0.0,0.0,0.0,0.0,0.0,0.0,0.0,0.0,0.0,0.0,0.0,0.0,0.03306244
ocp_005,Openclipart,public_domain_logo,skeleton_c30_m4,flat_icon_fill,0.28875524,excellent,0.03306244,4,0,0.0,0,0.110768,1.0,0.639232,0.0,0.0,0,balanced,ocp_005::balanced,0.1,0.05,0.02,0.005,0.003,0.003,1.0,1.0,0.0,0.0,0.0,0.0,0.0,0.0,0.0,0.0,0.0,0.0,0.0,0.0,0.0,0.0,0.0,0.0,0.0,0.0,0.0,0.0,0.0,0.0,0.0,0.0,1.0,0.0,0.3162841796875,0.012253956001543805,252.0,1.0,0.03306244,4.0,0.0,0.0,0.0,0.110768,1.0,0.0,0.110768,0.0,0.0,0.0,0.0,0.0,0.0,0.0,0.0,0.0,0.0,0.0,0.0,0.0,1.0,0.0,0.0,0.0,0.1,0.05,0.02,0.005,0.003,0.003,0.011076800000000001,0.05,0.0,0.0,0.012,0.0,0.0
ocp_005,Openclipart,public_domain_logo,skeleton_c30_m4,flat_icon_fill,0.28875524,excellent,0.03306244,4,0,0.0,0,0.110768,1.0,0.639232,0.0,0.0,0,precision,ocp_005::precision,0.1,0.2,0.02,0.005,0.003,0.003,1.0,1.0,0.0,0.0,0.0,0.0,0.0,0.0,0.0,0.0,0.0,0.0,0.0,0.0,0.0,0.0,0.0,0.0,0.0,0.0,0.0,0.0,0.0,0.0,0.0,0.0,1.0,0.0,0.3162841796875,0.012253956001543805,252.0,1.0,0.03306244,4.0,0.0,0.0,0.0,0.110768,1.0,0.0,0.110768,0.0,0.0,0.0,0.0,0.0,0.0,0.0,0.0,0.0,0.0,0.0,0.0,0.0,0.0,1.0,0.0,0.0,0.1,0.2,0.02,0.005,0.003,0.003,0.011076800000000001,0.2,0.0,0.0,0.012,0.0,0.0
ocp_005,Openclipart,public_domain_logo,skeleton_c30_m4,flat_icon_fill,0.28875524,excellent,0.03306244,4,0,0.0,0,0.110768,1.0,0.639232,0.0,0.0,0,coverage,ocp_005::coverage,0.35,0.05,0.02,0.005,0.003,0.003,1.0,1.0,0.0,0.0,0.0,0.0,0.0,0.0,0.0,0.0,0.0,0.0,0.0,0.0,0.0,0.0,0.0,0.0,0.0,0.0,0.0,0.0,0.0,0.0,0.0,0.0,1.0,0.0,0.3162841796875,0.012253956001543805,252.0,1.0,0.03306244,4.0,0.0,0.0,0.0,0.110768,1.0,0.0,0.110768,0.0,0.0,0.0,0.0,0.0,0.0,0.0,0.0,0.0,0.0,0.0,0.0,0.0,0.0,0.0,1.0,0.0,0.35,0.05,0.02,0.005,0.003,0.003,0.0387688,0.05,0.0,0.0,0.012,0.0,0.0
ocp_005,Openclipart,public_domain_logo,skeleton_c30_m4,flat_icon_fill,0.28875524,excellent,0.03306244,4,0,0.0,0,0.110768,1.0,0.639232,0.0,0.0,0,low_jump,ocp_005::low_jump,0.1,0.05,0.02,0.005,0.03,0.02,1.0,1.0,0.0,0.0,0.0,0.0,0.0,0.0,0.0,0.0,0.0,0.0,0.0,0.0,0.0,0.0,0.0,0.0,0.0,0.0,0.0,0.0,0.0,0.0,0.0,0.0,1.0,0.0,0.3162841796875,0.012253956001543805,252.0,1.0,0.03306244,4.0,0.0,0.0,0.0,0.110768,1.0,0.0,0.110768,0.0,0.0,0.0,0.0,0.0,0.0,0.0,0.0,0.0,0.0,0.0,0.0,0.0,0.0,0.0,0.0,1.0,0.1,0.05,0.02,0.005,0.03,0.02,0.011076800000000001,0.05,0.0,0.0,0.12,0.0,0.0
ocp_005,Openclipart,public_domain_logo,mask_fill_edgewalk_nearestrow_safeadt_t2m5_r055_a64_rows16_p40,flat_icon_fill,0.03311525,excellent,0.03311525,4,0,0.0,0,1.0,0.964093,0.0,0.0,0.0,0,low_loss,ocp_005::low_loss,0.0,0.0,0.0,0.0,0.0,0.0,1.0,0.0,0.0,1.0,1.0,1.0,1.0,0.0,0.0,0.0,0.0,0.0,0.0,0.0,16.0,40.0,0.0,0.0,0.0,0.0,0.0,0.0,0.0,0.0,0.0,0.0,1.0,0.0,0.3162841796875,0.012253956001543805,252.0,1.0,0.03311525,4.0,0.0,0.0,0.0,1.0,0.964093,0.0,0.0,0.0,1.0,0.0,1.0,1.0,0.3162841796875,0.0,0.0,0.0,0.0,0.0,0.0,1.0,0.0,0.0,0.0,0.0,0.0,0.0,0.0,0.0,0.0,0.0,0.0,0.0,0.0,0.0,0.0,0.0,0.03311525
ocp_005,Openclipart,public_domain_logo,mask_fill_edgewalk_nearestrow_safeadt_t2m5_r055_a64_rows16_p40,flat_icon_fill,0.03311525,excellent,0.03311525,4,0,0.0,0,1.0,0.964093,0.0,0.0,0.0,0,balanced,ocp_005::balanced,0.1,0.05,0.02,0.005,0.003,0.003,1.0,0.0,0.0,1.0,1.0,1.0,1.0,0.0,0.0,0.0,0.0,0.0,0.0,0.0,16.0,40.0,0.0,0.0,0.0,0.0,0.0,0.0,0.0,0.0,0.0,0.0,1.0,0.0,0.3162841796875,0.012253956001543805,252.0,1.0,0.03311525,4.0,0.0,0.0,0.0,1.0,0.964093,0.0,0.0,0.0,1.0,0.0,1.0,1.0,0.3162841796875,0.0,0.0,0.0,0.0,0.0,0.0,0.0,1.0,0.0,0.0,0.0,0.1,0.05,0.02,0.005,0.003,0.003,0.1,0.04820465,0.0,0.0,0.012,0.0,0.0
ocp_005,Openclipart,public_domain_logo,mask_fill_edgewalk_nearestrow_safeadt_t2m5_r055_a64_rows16_p40,flat_icon_fill,0.03311525,excellent,0.03311525,4,0,0.0,0,1.0,0.964093,0.0,0.0,0.0,0,precision,ocp_005::precision,0.1,0.2,0.02,0.005,0.003,0.003,1.0,0.0,0.0,1.0,1.0,1.0,1.0,0.0,0.0,0.0,0.0,0.0,0.0,0.0,16.0,40.0,0.0,0.0,0.0,0.0,0.0,0.0,0.0,0.0,0.0,0.0,1.0,0.0,0.3162841796875,0.012253956001543805,252.0,1.0,0.03311525,4.0,0.0,0.0,0.0,1.0,0.964093,0.0,0.0,0.0,1.0,0.0,1.0,1.0,0.3162841796875,0.0,0.0,0.0,0.0,0.0,0.0,0.0,0.0,1.0,0.0,0.0,0.1,0.2,0.02,0.005,0.003,0.003,0.1,0.1928186,0.0,0.0,0.012,0.0,0.0
ocp_005,Openclipart,public_domain_logo,mask_fill_edgewalk_nearestrow_safeadt_t2m5_r055_a64_rows16_p40,flat_icon_fill,0.03311525,excellent,0.03311525,4,0,0.0,0,1.0,0.964093,0.0,0.0,0.0,0,coverage,ocp_005::coverage,0.35,0.05,0.02,0.005,0.003,0.003,1.0,0.0,0.0,1.0,1.0,1.0,1.0,0.0,0.0,0.0,0.0,0.0,0.0,0.0,16.0,40.0,0.0,0.0,0.0,0.0,0.0,0.0,0.0,0.0,0.0,0.0,1.0,0.0,0.3162841796875,0.012253956001543805,252.0,1.0,0.03311525,4.0,0.0,0.0,0.0,1.0,0.964093,0.0,0.0,0.0,1.0,0.0,1.0,1.0,0.3162841796875,0.0,0.0,0.0,0.0,0.0,0.0,0.0,0.0,0.0,1.0,0.0,0.35,0.05,0.02,0.005,0.003,0.003,0.35,0.04820465,0.0,0.0,0.012,0.0,0.0
ocp_005,Openclipart,public_domain_logo,mask_fill_edgewalk_nearestrow_safeadt_t2m5_r055_a64_rows16_p40,flat_icon_fill,0.03311525,excellent,0.03311525,4,0,0.0,0,1.0,0.964093,0.0,0.0,0.0,0,low_jump,ocp_005::low_jump,0.1,0.05,0.02,0.005,0.03,0.02,1.0,0.0,0.0,1.0,1.0,1.0,1.0,0.0,0.0,0.0,0.0,0.0,0.0,0.0,16.0,40.0,0.0,0.0,0.0,0.0,0.0,0.0,0.0,0.0,0.0,0.0,1.0,0.0,0.3162841796875,0.012253956001543805,252.0,1.0,0.03311525,4.0,0.0,0.0,0.0,1.0,0.964093,0.0,0.0,0.0,1.0,0.0,1.0,1.0,0.3162841796875,0.0,0.0,0.0,0.0,0.0,0.0,0.0,0.0,0.0,0.0,1.0,0.1,0.05,0.02,0.005,0.03,0.02,0.1,0.04820465,0.0,0.0,0.12,0.0,0.0
ocp_006,Openclipart,butterfly_2,mask_fill_edgewalk_nearestrow_inset1_rows16_p40,flat_icon_fill,0.13081457,excellent,0.13081457,10,2,1.5982,0,0.999385,0.907497,0.0,0.0,0.0,0,low_loss,ocp_006::low_loss,0.0,0.0,0.0,0.0,0.0,0.0,1.0,0.0,0.0,1.0,1.0,1.0,0.0,1.0,1.0,0.0,1.0,0.0,0.0,0.0,16.0,40.0,0.0,0.0,0.0,0.0,0.0,0.0,0.0,0.0,0.0,0.0,1.0,0.0,0.372222900390625,0.020906780355825202,93.0,22.0,0.13081457,10.0,2.0,1.5982,0.0,0.999385,0.907497,0.0,0.0,0.0,0.999385,0.0,0.999385,0.999385,0.372222900390625,0.372222900390625,0.0,0.0,0.0,0.0,0.0,1.0,0.0,0.0,0.0,0.0,0.0,0.0,0.0,0.0,0.0,0.0,0.0,0.0,0.0,0.0,0.0,0.0,0.13081457
ocp_006,Openclipart,butterfly_2,mask_fill_edgewalk_nearestrow_inset1_rows16_p40,flat_icon_fill,0.13081457,excellent,0.13081457,10,2,1.5982,0,0.999385,0.907497,0.0,0.0,0.0,0,balanced,ocp_006::balanced,0.1,0.05,0.02,0.005,0.003,0.003,1.0,0.0,0.0,1.0,1.0,1.0,0.0,1.0,1.0,0.0,1.0,0.0,0.0,0.0,16.0,40.0,0.0,0.0,0.0,0.0,0.0,0.0,0.0,0.0,0.0,0.0,1.0,0.0,0.372222900390625,0.020906780355825202,93.0,22.0,0.13081457,10.0,2.0,1.5982,0.0,0.999385,0.907497,0.0,0.0,0.0,0.999385,0.0,0.999385,0.999385,0.372222900390625,0.372222900390625,0.0,0.0,0.0,0.0,0.0,0.0,1.0,0.0,0.0,0.0,0.1,0.05,0.02,0.005,0.003,0.003,0.0999385,0.04537485,0.031964,0.0,0.03,0.006,0.0
ocp_006,Openclipart,butterfly_2,mask_fill_edgewalk_nearestrow_inset1_rows16_p40,flat_icon_fill,0.13081457,excellent,0.13081457,10,2,1.5982,0,0.999385,0.907497,0.0,0.0,0.0,0,precision,ocp_006::precision,0.1,0.2,0.02,0.005,0.003,0.003,1.0,0.0,0.0,1.0,1.0,1.0,0.0,1.0,1.0,0.0,1.0,0.0,0.0,0.0,16.0,40.0,0.0,0.0,0.0,0.0,0.0,0.0,0.0,0.0,0.0,0.0,1.0,0.0,0.372222900390625,0.020906780355825202,93.0,22.0,0.13081457,10.0,2.0,1.5982,0.0,0.999385,0.907497,0.0,0.0,0.0,0.999385,0.0,0.999385,0.999385,0.372222900390625,0.372222900390625,0.0,0.0,0.0,0.0,0.0,0.0,0.0,1.0,0.0,0.0,0.1,0.2,0.02,0.005,0.003,0.003,0.0999385,0.1814994,0.031964,0.0,0.03,0.006,0.0
ocp_006,Openclipart,butterfly_2,mask_fill_edgewalk_nearestrow_inset1_rows16_p40,flat_icon_fill,0.13081457,excellent,0.13081457,10,2,1.5982,0,0.999385,0.907497,0.0,0.0,0.0,0,coverage,ocp_006::coverage,0.35,0.05,0.02,0.005,0.003,0.003,1.0,0.0,0.0,1.0,1.0,1.0,0.0,1.0,1.0,0.0,1.0,0.0,0.0,0.0,16.0,40.0,0.0,0.0,0.0,0.0,0.0,0.0,0.0,0.0,0.0,0.0,1.0,0.0,0.372222900390625,0.020906780355825202,93.0,22.0,0.13081457,10.0,2.0,1.5982,0.0,0.999385,0.907497,0.0,0.0,0.0,0.999385,0.0,0.999385,0.999385,0.372222900390625,0.372222900390625,0.0,0.0,0.0,0.0,0.0,0.0,0.0,0.0,1.0,0.0,0.35,0.05,0.02,0.005,0.003,0.003,0.34978475,0.04537485,0.031964,0.0,0.03,0.006,0.0
ocp_006,Openclipart,butterfly_2,mask_fill_edgewalk_nearestrow_inset1_rows16_p40,flat_icon_fill,0.13081457,excellent,0.13081457,10,2,1.5982,0,0.999385,0.907497,0.0,0.0,0.0,0,low_jump,ocp_006::low_jump,0.1,0.05,0.02,0.005,0.03,0.02,1.0,0.0,0.0,1.0,1.0,1.0,0.0,1.0,1.0,0.0,1.0,0.0,0.0,0.0,16.0,40.0,0.0,0.0,0.0,0.0,0.0,0.0,0.0,0.0,0.0,0.0,1.0,0.0,0.372222900390625,0.020906780355825202,93.0,22.0,0.13081457,10.0,2.0,1.5982,0.0,0.999385,0.907497,0.0,0.0,0.0,0.999385,0.0,0.999385,0.999385,0.372222900390625,0.372222900390625,0.0,0.0,0.0,0.0,0.0,0.0,0.0,0.0,0.0,1.0,0.1,0.05,0.02,0.005,0.03,0.02,0.0999385,0.04537485,0.031964,0.0,0.3,0.04,0.0
ocp_006,Openclipart,butterfly_2,mask_fill_edgewalk_nearestrow_inset2_rows16_p40,flat_icon_fill,0.0642997,excellent,0.0642997,7,1,0.0,0,0.985939,0.956797,0.0,0.0,0.0,0,low_loss,ocp_006::low_loss,0.0,0.0,0.0,0.0,0.0,0.0,1.0,0.0,0.0,1.0,1.0,1.0,0.0,1.0,0.0,1.0,2.0,0.0,0.0,0.0,16.0,40.0,0.0,0.0,0.0,0.0,0.0,0.0,0.0,0.0,0.0,0.0,1.0,0.0,0.372222900390625,0.020906780355825202,93.0,22.0,0.0642997,7.0,1.0,0.0,0.0,0.985939,0.956797,0.0,0.0,0.0,0.985939,0.0,0.985939,0.985939,0.372222900390625,0.372222900390625,0.372222900390625,0.0,0.0,0.0,0.0,1.0,0.0,0.0,0.0,0.0,0.0,0.0,0.0,0.0,0.0,0.0,0.0,0.0,0.0,0.0,0.0,0.0,0.0642997
ocp_006,Openclipart,butterfly_2,mask_fill_edgewalk_nearestrow_inset2_rows16_p40,flat_icon_fill,0.0642997,excellent,0.0642997,7,1,0.0,0,0.985939,0.956797,0.0,0.0,0.0,0,balanced,ocp_006::balanced,0.1,0.05,0.02,0.005,0.003,0.003,1.0,0.0,0.0,1.0,1.0,1.0,0.0,1.0,0.0,1.0,2.0,0.0,0.0,0.0,16.0,40.0,0.0,0.0,0.0,0.0,0.0,0.0,0.0,0.0,0.0,0.0,1.0,0.0,0.372222900390625,0.020906780355825202,93.0,22.0,0.0642997,7.0,1.0,0.0,0.0,0.985939,0.956797,0.0,0.0,0.0,0.985939,0.0,0.985939,0.985939,0.372222900390625,0.372222900390625,0.372222900390625,0.0,0.0,0.0,0.0,0.0,1.0,0.0,0.0,0.0,0.1,0.05,0.02,0.005,0.003,0.003,0.09859390000000001,0.04783985,0.0,0.0,0.021,0.003,0.0
ocp_006,Openclipart,butterfly_2,mask_fill_edgewalk_nearestrow_inset2_rows16_p40,flat_icon_fill,0.0642997,excellent,0.0642997,7,1,0.0,0,0.985939,0.956797,0.0,0.0,0.0,0,precision,ocp_006::precision,0.1,0.2,0.02,0.005,0.003,0.003,1.0,0.0,0.0,1.0,1.0,1.0,0.0,1.0,0.0,1.0,2.0,0.0,0.0,0.0,16.0,40.0,0.0,0.0,0.0,0.0,0.0,0.0,0.0,0.0,0.0,0.0,1.0,0.0,0.372222900390625,0.020906780355825202,93.0,22.0,0.0642997,7.0,1.0,0.0,0.0,0.985939,0.956797,0.0,0.0,0.0,0.985939,0.0,0.985939,0.985939,0.372222900390625,0.372222900390625,0.372222900390625,0.0,0.0,0.0,0.0,0.0,0.0,1.0,0.0,0.0,0.1,0.2,0.02,0.005,0.003,0.003,0.09859390000000001,0.1913594,0.0,0.0,0.021,0.003,0.0
ocp_006,Openclipart,butterfly_2,mask_fill_edgewalk_nearestrow_inset2_rows16_p40,flat_icon_fill,0.0642997,excellent,0.0642997,7,1,0.0,0,0.985939,0.956797,0.0,0.0,0.0,0,coverage,ocp_006::coverage,0.35,0.05,0.02,0.005,0.003,0.003,1.0,0.0,0.0,1.0,1.0,1.0,0.0,1.0,0.0,1.0,2.0,0.0,0.0,0.0,16.0,40.0,0.0,0.0,0.0,0.0,0.0,0.0,0.0,0.0,0.0,0.0,1.0,0.0,0.372222900390625,0.020906780355825202,93.0,22.0,0.0642997,7.0,1.0,0.0,0.0,0.985939,0.956797,0.0,0.0,0.0,0.985939,0.0,0.985939,0.985939,0.372222900390625,0.372222900390625,0.372222900390625,0.0,0.0,0.0,0.0,0.0,0.0,0.0,1.0,0.0,0.35,0.05,0.02,0.005,0.003,0.003,0.34507865,0.04783985,0.0,0.0,0.021,0.003,0.0
ocp_006,Openclipart,butterfly_2,mask_fill_edgewalk_nearestrow_inset2_rows16_p40,flat_icon_fill,0.0642997,excellent,0.0642997,7,1,0.0,0,0.985939,0.956797,0.0,0.0,0.0,0,low_jump,ocp_006::low_jump,0.1,0.05,0.02,0.005,0.03,0.02,1.0,0.0,0.0,1.0,1.0,1.0,0.0,1.0,0.0,1.0,2.0,0.0,0.0,0.0,16.0,40.0,0.0,0.0,0.0,0.0,0.0,0.0,0.0,0.0,0.0,0.0,1.0,0.0,0.372222900390625,0.020906780355825202,93.0,22.0,0.0642997,7.0,1.0,0.0,0.0,0.985939,0.956797,0.0,0.0,0.0,0.985939,0.0,0.985939,0.985939,0.372222900390625,0.372222900390625,0.372222900390625,0.0,0.0,0.0,0.0,0.0,0.0,0.0,0.0,1.0,0.1,0.05,0.02,0.005,0.03,0.02,0.09859390000000001,0.04783985,0.0,0.0,0.21,0.02,0.0
ocp_006,Openclipart,butterfly_2,mask_fill_edgewalk_nearestrow_rows16_p40,flat_icon_fill,0.10392872,excellent,0.10392872,7,1,1.7651,0,0.999795,0.885842,0.0,0.0,0.0,0,low_loss,ocp_006::low_loss,0.0,0.0,0.0,0.0,0.0,0.0,1.0,0.0,0.0,1.0,1.0,1.0,1.0,0.0,0.0,0.0,0.0,0.0,0.0,0.0,16.0,40.0,0.0,0.0,0.0,0.0,0.0,0.0,0.0,0.0,0.0,0.0,1.0,0.0,0.372222900390625,0.020906780355825202,93.0,22.0,0.10392872,7.0,1.0,1.7651,0.0,0.999795,0.885842,0.0,0.0,0.0,0.999795,0.0,0.999795,0.999795,0.372222900390625,0.0,0.0,0.0,0.0,0.0,0.0,1.0,0.0,0.0,0.0,0.0,0.0,0.0,0.0,0.0,0.0,0.0,0.0,0.0,0.0,0.0,0.0,0.0,0.10392872
ocp_006,Openclipart,butterfly_2,mask_fill_edgewalk_nearestrow_rows16_p40,flat_icon_fill,0.10392872,excellent,0.10392872,7,1,1.7651,0,0.999795,0.885842,0.0,0.0,0.0,0,balanced,ocp_006::balanced,0.1,0.05,0.02,0.005,0.003,0.003,1.0,0.0,0.0,1.0,1.0,1.0,1.0,0.0,0.0,0.0,0.0,0.0,0.0,0.0,16.0,40.0,0.0,0.0,0.0,0.0,0.0,0.0,0.0,0.0,0.0,0.0,1.0,0.0,0.372222900390625,0.020906780355825202,93.0,22.0,0.10392872,7.0,1.0,1.7651,0.0,0.999795,0.885842,0.0,0.0,0.0,0.999795,0.0,0.999795,0.999795,0.372222900390625,0.0,0.0,0.0,0.0,0.0,0.0,0.0,1.0,0.0,0.0,0.0,0.1,0.05,0.02,0.005,0.003,0.003,0.0999795,0.0442921,0.035302,0.0,0.021,0.003,0.0
ocp_006,Openclipart,butterfly_2,mask_fill_edgewalk_nearestrow_rows16_p40,flat_icon_fill,0.10392872,excellent,0.10392872,7,1,1.7651,0,0.999795,0.885842,0.0,0.0,0.0,0,precision,ocp_006::precision,0.1,0.2,0.02,0.005,0.003,0.003,1.0,0.0,0.0,1.0,1.0,1.0,1.0,0.0,0.0,0.0,0.0,0.0,0.0,0.0,16.0,40.0,0.0,0.0,0.0,0.0,0.0,0.0,0.0,0.0,0.0,0.0,1.0,0.0,0.372222900390625,0.020906780355825202,93.0,22.0,0.10392872,7.0,1.0,1.7651,0.0,0.999795,0.885842,0.0,0.0,0.0,0.999795,0.0,0.999795,0.999795,0.372222900390625,0.0,0.0,0.0,0.0,0.0,0.0,0.0,0.0,1.0,0.0,0.0,0.1,0.2,0.02,0.005,0.003,0.003,0.0999795,0.1771684,0.035302,0.0,0.021,0.003,0.0
ocp_006,Openclipart,butterfly_2,mask_fill_edgewalk_nearestrow_rows16_p40,flat_icon_fill,0.10392872,excellent,0.10392872,7,1,1.7651,0,0.999795,0.885842,0.0,0.0,0.0,0,coverage,ocp_006::coverage,0.35,0.05,0.02,0.005,0.003,0.003,1.0,0.0,0.0,1.0,1.0,1.0,1.0,0.0,0.0,0.0,0.0,0.0,0.0,0.0,16.0,40.0,0.0,0.0,0.0,0.0,0.0,0.0,0.0,0.0,0.0,0.0,1.0,0.0,0.372222900390625,0.020906780355825202,93.0,22.0,0.10392872,7.0,1.0,1.7651,0.0,0.999795,0.885842,0.0,0.0,0.0,0.999795,0.0,0.999795,0.999795,0.372222900390625,0.0,0.0,0.0,0.0,0.0,0.0,0.0,0.0,0.0,1.0,0.0,0.35,0.05,0.02,0.005,0.003,0.003,0.34992825,0.0442921,0.035302,0.0,0.021,0.003,0.0
ocp_006,Openclipart,butterfly_2,mask_fill_edgewalk_nearestrow_rows16_p40,flat_icon_fill,0.10392872,excellent,0.10392872,7,1,1.7651,0,0.999795,0.885842,0.0,0.0,0.0,0,low_jump,ocp_006::low_jump,0.1,0.05,0.02,0.005,0.03,0.02,1.0,0.0,0.0,1.0,1.0,1.0,1.0,0.0,0.0,0.0,0.0,0.0,0.0,0.0,16.0,40.0,0.0,0.0,0.0,0.0,0.0,0.0,0.0,0.0,0.0,0.0,1.0,0.0,0.372222900390625,0.020906780355825202,93.0,22.0,0.10392872,7.0,1.0,1.7651,0.0,0.999795,0.885842,0.0,0.0,0.0,0.999795,0.0,0.999795,0.999795,0.372222900390625,0.0,0.0,0.0,0.0,0.0,0.0,0.0,0.0,0.0,0.0,1.0,0.1,0.05,0.02,0.005,0.03,0.02,0.0999795,0.0442921,0.035302,0.0,0.21,0.02,0.0
ocp_006,Openclipart,butterfly_2,mask_fill_edgewalk_rows16_p40,flat_icon_fill,0.43477264,hard_fail,0.39477264,30,6,6.6141,0,0.999795,0.879961,0.0,0.0,0.04,0,low_loss,ocp_006::low_loss,0.0,0.0,0.0,0.0,0.0,0.0,1.0,0.0,0.0,1.0,1.0,0.0,0.0,0.0,0.0,0.0,0.0,0.0,0.0,0.0,16.0,40.0,0.0,0.0,0.0,0.0,0.0,0.0,0.0,0.0,0.0,0.0,1.0,0.0,0.372222900390625,0.020906780355825202,93.0,22.0,0.39477264,30.0,6.0,6.6141,0.0,0.999795,0.879961,0.0,0.0,0.0,0.999795,0.0,0.999795,0.0,0.0,0.0,0.0,0.0,0.0,0.0,0.0,1.0,0.0,0.0,0.0,0.0,0.0,0.0,0.0,0.0,0.0,0.0,0.0,0.0,0.0,0.0,0.0,0.0,0.39477264
ocp_006,Openclipart,butterfly_2,mask_fill_edgewalk_rows16_p40,flat_icon_fill,0.43477264,hard_fail,0.39477264,30,6,6.6141,0,0.999795,0.879961,0.0,0.0,0.04,0,balanced,ocp_006::balanced,0.1,0.05,0.02,0.005,0.003,0.003,1.0,0.0,0.0,1.0,1.0,0.0,0.0,0.0,0.0,0.0,0.0,0.0,0.0,0.0,16.0,40.0,0.0,0.0,0.0,0.0,0.0,0.0,0.0,0.0,0.0,0.0,1.0,0.0,0.372222900390625,0.020906780355825202,93.0,22.0,0.39477264,30.0,6.0,6.6141,0.0,0.999795,0.879961,0.0,0.0,0.0,0.999795,0.0,0.999795,0.0,0.0,0.0,0.0,0.0,0.0,0.0,0.0,0.0,1.0,0.0,0.0,0.0,0.1,0.05,0.02,0.005,0.003,0.003,0.0999795,0.043998050000000004,0.13228199999999998,0.0,0.09,0.018000000000000002,0.0
ocp_006,Openclipart,butterfly_2,mask_fill_edgewalk_rows16_p40,flat_icon_fill,0.43477264,hard_fail,0.39477264,30,6,6.6141,0,0.999795,0.879961,0.0,0.0,0.04,0,precision,ocp_006::precision,0.1,0.2,0.02,0.005,0.003,0.003,1.0,0.0,0.0,1.0,1.0,0.0,0.0,0.0,0.0,0.0,0.0,0.0,0.0,0.0,16.0,40.0,0.0,0.0,0.0,0.0,0.0,0.0,0.0,0.0,0.0,0.0,1.0,0.0,0.372222900390625,0.020906780355825202,93.0,22.0,0.39477264,30.0,6.0,6.6141,0.0,0.999795,0.879961,0.0,0.0,0.0,0.999795,0.0,0.999795,0.0,0.0,0.0,0.0,0.0,0.0,0.0,0.0,0.0,0.0,1.0,0.0,0.0,0.1,0.2,0.02,0.005,0.003,0.003,0.0999795,0.17599220000000002,0.13228199999999998,0.0,0.09,0.018000000000000002,0.0
ocp_006,Openclipart,butterfly_2,mask_fill_edgewalk_rows16_p40,flat_icon_fill,0.43477264,hard_fail,0.39477264,30,6,6.6141,0,0.999795,0.879961,0.0,0.0,0.04,0,coverage,ocp_006::coverage,0.35,0.05,0.02,0.005,0.003,0.003,1.0,0.0,0.0,1.0,1.0,0.0,0.0,0.0,0.0,0.0,0.0,0.0,0.0,0.0,16.0,40.0,0.0,0.0,0.0,0.0,0.0,0.0,0.0,0.0,0.0,0.0,1.0,0.0,0.372222900390625,0.020906780355825202,93.0,22.0,0.39477264,30.0,6.0,6.6141,0.0,0.999795,0.879961,0.0,0.0,0.0,0.999795,0.0,0.999795,0.0,0.0,0.0,0.0,0.0,0.0,0.0,0.0,0.0,0.0,0.0,1.0,0.0,0.35,0.05,0.02,0.005,0.003,0.003,0.34992825,0.043998050000000004,0.13228199999999998,0.0,0.09,0.018000000000000002,0.0
ocp_006,Openclipart,butterfly_2,mask_fill_edgewalk_rows16_p40,flat_icon_fill,0.43477264,hard_fail,0.39477264,30,6,6.6141,0,0.999795,0.879961,0.0,0.0,0.04,0,low_jump,ocp_006::low_jump,0.1,0.05,0.02,0.005,0.03,0.02,1.0,0.0,0.0,1.0,1.0,0.0,0.0,0.0,0.0,0.0,0.0,0.0,0.0,0.0,16.0,40.0,0.0,0.0,0.0,0.0,0.0,0.0,0.0,0.0,0.0,0.0,1.0,0.0,0.372222900390625,0.020906780355825202,93.0,22.0,0.39477264,30.0,6.0,6.6141,0.0,0.999795,0.879961,0.0,0.0,0.0,0.999795,0.0,0.999795,0.0,0.0,0.0,0.0,0.0,0.0,0.0,0.0,0.0,0.0,0.0,0.0,1.0,0.1,0.05,0.02,0.005,0.03,0.02,0.0999795,0.043998050000000004,0.13228199999999998,0.0,0.8999999999999999,0.12,0.0
ocp_006,Openclipart,butterfly_2,auto_evalrepair_r10_c20,flat_icon_fill,0.14899964,warning,0.14899964,5,18,0.0,0,0.966139,0.978372,0.0,0.0,0.0,0,low_loss,ocp_006::low_loss,0.0,0.0,0.0,0.0,0.0,0.0,1.0,0.0,1.0,0.0,0.0,0.0,0.0,0.0,0.0,0.0,0.0,0.0,0.0,0.0,0.0,0.0,0.0,0.0,0.0,0.0,0.0,0.0,0.0,0.0,0.0,0.0,1.0,0.0,0.372222900390625,0.020906780355825202,93.0,22.0,0.14899964,5.0,18.0,0.0,0.0,0.966139,0.978372,0.0,0.0,0.966139,0.0,0.0,0.0,0.0,0.0,0.0,0.0,0.0,0.0,0.0,0.0,1.0,0.0,0.0,0.0,0.0,0.0,0.0,0.0,0.0,0.0,0.0,0.0,0.0,0.0,0.0,0.0,0.0,0.14899964
ocp_006,Openclipart,butterfly_2,auto_evalrepair_r10_c20,flat_icon_fill,0.14899964,warning,0.14899964,5,18,0.0,0,0.966139,0.978372,0.0,0.0,0.0,0,balanced,ocp_006::balanced,0.1,0.05,0.02,0.005,0.003,0.003,1.0,0.0,1.0,0.0,0.0,0.0,0.0,0.0,0.0,0.0,0.0,0.0,0.0,0.0,0.0,0.0,0.0,0.0,0.0,0.0,0.0,0.0,0.0,0.0,0.0,0.0,1.0,0.0,0.372222900390625,0.020906780355825202,93.0,22.0,0.14899964,5.0,18.0,0.0,0.0,0.966139,0.978372,0.0,0.0,0.966139,0.0,0.0,0.0,0.0,0.0,0.0,0.0,0.0,0.0,0.0,0.0,0.0,1.0,0.0,0.0,0.0,0.1,0.05,0.02,0.005,0.003,0.003,0.0966139,0.048918600000000007,0.0,0.0,0.015,0.054,0.0
ocp_006,Openclipart,butterfly_2,auto_evalrepair_r10_c20,flat_icon_fill,0.14899964,warning,0.14899964,5,18,0.0,0,0.966139,0.978372,0.0,0.0,0.0,0,precision,ocp_006::precision,0.1,0.2,0.02,0.005,0.003,0.003,1.0,0.0,1.0,0.0,0.0,0.0,0.0,0.0,0.0,0.0,0.0,0.0,0.0,0.0,0.0,0.0,0.0,0.0,0.0,0.0,0.0,0.0,0.0,0.0,0.0,0.0,1.0,0.0,0.372222900390625,0.020906780355825202,93.0,22.0,0.14899964,5.0,18.0,0.0,0.0,0.966139,0.978372,0.0,0.0,0.966139,0.0,0.0,0.0,0.0,0.0,0.0,0.0,0.0,0.0,0.0,0.0,0.0,0.0,1.0,0.0,0.0,0.1,0.2,0.02,0.005,0.003,0.003,0.0966139,0.19567440000000003,0.0,0.0,0.015,0.054,0.0
ocp_006,Openclipart,butterfly_2,auto_evalrepair_r10_c20,flat_icon_fill,0.14899964,warning,0.14899964,5,18,0.0,0,0.966139,0.978372,0.0,0.0,0.0,0,coverage,ocp_006::coverage,0.35,0.05,0.02,0.005,0.003,0.003,1.0,0.0,1.0,0.0,0.0,0.0,0.0,0.0,0.0,0.0,0.0,0.0,0.0,0.0,0.0,0.0,0.0,0.0,0.0,0.0,0.0,0.0,0.0,0.0,0.0,0.0,1.0,0.0,0.372222900390625,0.020906780355825202,93.0,22.0,0.14899964,5.0,18.0,0.0,0.0,0.966139,0.978372,0.0,0.0,0.966139,0.0,0.0,0.0,0.0,0.0,0.0,0.0,0.0,0.0,0.0,0.0,0.0,0.0,0.0,1.0,0.0,0.35,0.05,0.02,0.005,0.003,0.003,0.33814865,0.048918600000000007,0.0,0.0,0.015,0.054,0.0
ocp_006,Openclipart,butterfly_2,auto_evalrepair_r10_c20,flat_icon_fill,0.14899964,warning,0.14899964,5,18,0.0,0,0.966139,0.978372,0.0,0.0,0.0,0,low_jump,ocp_006::low_jump,0.1,0.05,0.02,0.005,0.03,0.02,1.0,0.0,1.0,0.0,0.0,0.0,0.0,0.0,0.0,0.0,0.0,0.0,0.0,0.0,0.0,0.0,0.0,0.0,0.0,0.0,0.0,0.0,0.0,0.0,0.0,0.0,1.0,0.0,0.372222900390625,0.020906780355825202,93.0,22.0,0.14899964,5.0,18.0,0.0,0.0,0.966139,0.978372,0.0,0.0,0.966139,0.0,0.0,0.0,0.0,0.0,0.0,0.0,0.0,0.0,0.0,0.0,0.0,0.0,0.0,0.0,1.0,0.1,0.05,0.02,0.005,0.03,0.02,0.0966139,0.048918600000000007,0.0,0.0,0.15,0.36,0.0
ocp_006,Openclipart,butterfly_2,skeleton_c30_m20,flat_icon_fill,0.33516475,excellent,0.08312755,10,0,0.0,0,0.119907,0.800493,0.630093,0.0,0.0,0,low_loss,ocp_006::low_loss,0.0,0.0,0.0,0.0,0.0,0.0,1.0,1.0,0.0,0.0,0.0,0.0,0.0,0.0,0.0,0.0,0.0,0.0,0.0,0.0,0.0,0.0,0.0,0.0,0.0,0.0,0.0,0.0,0.0,0.0,0.0,0.0,1.0,0.0,0.372222900390625,0.020906780355825202,93.0,22.0,0.08312755,10.0,0.0,0.0,0.0,0.119907,0.800493,0.0,0.119907,0.0,0.0,0.0,0.0,0.0,0.0,0.0,0.0,0.0,0.0,0.0,0.0,1.0,0.0,0.0,0.0,0.0,0.0,0.0,0.0,0.0,0.0,0.0,0.0,0.0,0.0,0.0,0.0,0.0,0.08312755
ocp_006,Openclipart,butterfly_2,skeleton_c30_m20,flat_icon_fill,0.33516475,excellent,0.08312755,10,0,0.0,0,0.119907,0.800493,0.630093,0.0,0.0,0,balanced,ocp_006::balanced,0.1,0.05,0.02,0.005,0.003,0.003,1.0,1.0,0.0,0.0,0.0,0.0,0.0,0.0,0.0,0.0,0.0,0.0,0.0,0.0,0.0,0.0,0.0,0.0,0.0,0.0,0.0,0.0,0.0,0.0,0.0,0.0,1.0,0.0,0.372222900390625,0.020906780355825202,93.0,22.0,0.08312755,10.0,0.0,0.0,0.0,0.119907,0.800493,0.0,0.119907,0.0,0.0,0.0,0.0,0.0,0.0,0.0,0.0,0.0,0.0,0.0,0.0,0.0,1.0,0.0,0.0,0.0,0.1,0.05,0.02,0.005,0.003,0.003,0.0119907,0.04002465,0.0,0.0,0.03,0.0,0.0
ocp_006,Openclipart,butterfly_2,skeleton_c30_m20,flat_icon_fill,0.33516475,excellent,0.08312755,10,0,0.0,0,0.119907,0.800493,0.630093,0.0,0.0,0,precision,ocp_006::precision,0.1,0.2,0.02,0.005,0.003,0.003,1.0,1.0,0.0,0.0,0.0,0.0,0.0,0.0,0.0,0.0,0.0,0.0,0.0,0.0,0.0,0.0,0.0,0.0,0.0,0.0,0.0,0.0,0.0,0.0,0.0,0.0,1.0,0.0,0.372222900390625,0.020906780355825202,93.0,22.0,0.08312755,10.0,0.0,0.0,0.0,0.119907,0.800493,0.0,0.119907,0.0,0.0,0.0,0.0,0.0,0.0,0.0,0.0,0.0,0.0,0.0,0.0,0.0,0.0,1.0,0.0,0.0,0.1,0.2,0.02,0.005,0.003,0.003,0.0119907,0.1600986,0.0,0.0,0.03,0.0,0.0
ocp_006,Openclipart,butterfly_2,skeleton_c30_m20,flat_icon_fill,0.33516475,excellent,0.08312755,10,0,0.0,0,0.119907,0.800493,0.630093,0.0,0.0,0,coverage,ocp_006::coverage,0.35,0.05,0.02,0.005,0.003,0.003,1.0,1.0,0.0,0.0,0.0,0.0,0.0,0.0,0.0,0.0,0.0,0.0,0.0,0.0,0.0,0.0,0.0,0.0,0.0,0.0,0.0,0.0,0.0,0.0,0.0,0.0,1.0,0.0,0.372222900390625,0.020906780355825202,93.0,22.0,0.08312755,10.0,0.0,0.0,0.0,0.119907,0.800493,0.0,0.119907,0.0,0.0,0.0,0.0,0.0,0.0,0.0,0.0,0.0,0.0,0.0,0.0,0.0,0.0,0.0,1.0,0.0,0.35,0.05,0.02,0.005,0.003,0.003,0.041967449999999996,0.04002465,0.0,0.0,0.03,0.0,0.0
ocp_006,Openclipart,butterfly_2,skeleton_c30_m20,flat_icon_fill,0.33516475,excellent,0.08312755,10,0,0.0,0,0.119907,0.800493,0.630093,0.0,0.0,0,low_jump,ocp_006::low_jump,0.1,0.05,0.02,0.005,0.03,0.02,1.0,1.0,0.0,0.0,0.0,0.0,0.0,0.0,0.0,0.0,0.0,0.0,0.0,0.0,0.0,0.0,0.0,0.0,0.0,0.0,0.0,0.0,0.0,0.0,0.0,0.0,1.0,0.0,0.372222900390625,0.020906780355825202,93.0,22.0,0.08312755,10.0,0.0,0.0,0.0,0.119907,0.800493,0.0,0.119907,0.0,0.0,0.0,0.0,0.0,0.0,0.0,0.0,0.0,0.0,0.0,0.0,0.0,0.0,0.0,0.0,1.0,0.1,0.05,0.02,0.005,0.03,0.02,0.0119907,0.04002465,0.0,0.0,0.3,0.0,0.0
ocp_006,Openclipart,butterfly_2,skeleton_c30_m4,flat_icon_fill,0.35480332,warning,0.14715372,17,1,0.0,0,0.230876,0.843619,0.519124,0.0,0.0,0,low_loss,ocp_006::low_loss,0.0,0.0,0.0,0.0,0.0,0.0,1.0,1.0,0.0,0.0,0.0,0.0,0.0,0.0,0.0,0.0,0.0,0.0,0.0,0.0,0.0,0.0,0.0,0.0,0.0,0.0,0.0,0.0,0.0,0.0,0.0,0.0,1.0,0.0,0.372222900390625,0.020906780355825202,93.0,22.0,0.14715372,17.0,1.0,0.0,0.0,0.230876,0.843619,0.0,0.230876,0.0,0.0,0.0,0.0,0.0,0.0,0.0,0.0,0.0,0.0,0.0,0.0,1.0,0.0,0.0,0.0,0.0,0.0,0.0,0.0,0.0,0.0,0.0,0.0,0.0,0.0,0.0,0.0,0.0,0.14715372
ocp_006,Openclipart,butterfly_2,skeleton_c30_m4,flat_icon_fill,0.35480332,warning,0.14715372,17,1,0.0,0,0.230876,0.843619,0.519124,0.0,0.0,0,balanced,ocp_006::balanced,0.1,0.05,0.02,0.005,0.003,0.003,1.0,1.0,0.0,0.0,0.0,0.0,0.0,0.0,0.0,0.0,0.0,0.0,0.0,0.0,0.0,0.0,0.0,0.0,0.0,0.0,0.0,0.0,0.0,0.0,0.0,0.0,1.0,0.0,0.372222900390625,0.020906780355825202,93.0,22.0,0.14715372,17.0,1.0,0.0,0.0,0.230876,0.843619,0.0,0.230876,0.0,0.0,0.0,0.0,0.0,0.0,0.0,0.0,0.0,0.0,0.0,0.0,0.0,1.0,0.0,0.0,0.0,0.1,0.05,0.02,0.005,0.003,0.003,0.0230876,0.04218095,0.0,0.0,0.051000000000000004,0.003,0.0
ocp_006,Openclipart,butterfly_2,skeleton_c30_m4,flat_icon_fill,0.35480332,warning,0.14715372,17,1,0.0,0,0.230876,0.843619,0.519124,0.0,0.0,0,precision,ocp_006::precision,0.1,0.2,0.02,0.005,0.003,0.003,1.0,1.0,0.0,0.0,0.0,0.0,0.0,0.0,0.0,0.0,0.0,0.0,0.0,0.0,0.0,0.0,0.0,0.0,0.0,0.0,0.0,0.0,0.0,0.0,0.0,0.0,1.0,0.0,0.372222900390625,0.020906780355825202,93.0,22.0,0.14715372,17.0,1.0,0.0,0.0,0.230876,0.843619,0.0,0.230876,0.0,0.0,0.0,0.0,0.0,0.0,0.0,0.0,0.0,0.0,0.0,0.0,0.0,0.0,1.0,0.0,0.0,0.1,0.2,0.02,0.005,0.003,0.003,0.0230876,0.1687238,0.0,0.0,0.051000000000000004,0.003,0.0
ocp_006,Openclipart,butterfly_2,skeleton_c30_m4,flat_icon_fill,0.35480332,warning,0.14715372,17,1,0.0,0,0.230876,0.843619,0.519124,0.0,0.0,0,coverage,ocp_006::coverage,0.35,0.05,0.02,0.005,0.003,0.003,1.0,1.0,0.0,0.0,0.0,0.0,0.0,0.0,0.0,0.0,0.0,0.0,0.0,0.0,0.0,0.0,0.0,0.0,0.0,0.0,0.0,0.0,0.0,0.0,0.0,0.0,1.0,0.0,0.372222900390625,0.020906780355825202,93.0,22.0,0.14715372,17.0,1.0,0.0,0.0,0.230876,0.843619,0.0,0.230876,0.0,0.0,0.0,0.0,0.0,0.0,0.0,0.0,0.0,0.0,0.0,0.0,0.0,0.0,0.0,1.0,0.0,0.35,0.05,0.02,0.005,0.003,0.003,0.08080659999999999,0.04218095,0.0,0.0,0.051000000000000004,0.003,0.0
ocp_006,Openclipart,butterfly_2,skeleton_c30_m4,flat_icon_fill,0.35480332,warning,0.14715372,17,1,0.0,0,0.230876,0.843619,0.519124,0.0,0.0,0,low_jump,ocp_006::low_jump,0.1,0.05,0.02,0.005,0.03,0.02,1.0,1.0,0.0,0.0,0.0,0.0,0.0,0.0,0.0,0.0,0.0,0.0,0.0,0.0,0.0,0.0,0.0,0.0,0.0,0.0,0.0,0.0,0.0,0.0,0.0,0.0,1.0,0.0,0.372222900390625,0.020906780355825202,93.0,22.0,0.14715372,17.0,1.0,0.0,0.0,0.230876,0.843619,0.0,0.230876,0.0,0.0,0.0,0.0,0.0,0.0,0.0,0.0,0.0,0.0,0.0,0.0,0.0,0.0,0.0,0.0,1.0,0.1,0.05,0.02,0.005,0.03,0.02,0.0230876,0.04218095,0.0,0.0,0.51,0.02,0.0
ocp_006,Openclipart,butterfly_2,mask_fill_edgewalk_nearestrow_safeadt_t2m5_r055_a64_rows16_p40,flat_icon_fill,0.0459051,excellent,0.0459051,3,0,0.9428,0,0.988768,0.92991,0.0,0.0,0.0,1,low_loss,ocp_006::low_loss,0.0,0.0,0.0,0.0,0.0,0.0,1.0,0.0,0.0,1.0,1.0,1.0,1.0,0.0,0.0,0.0,0.0,0.0,0.0,0.0,16.0,40.0,0.0,0.0,0.0,0.0,0.0,0.0,0.0,0.0,0.0,0.0,1.0,0.0,0.372222900390625,0.020906780355825202,93.0,22.0,0.0459051,3.0,0.0,0.9428,0.0,0.988768,0.92991,0.0,0.0,0.0,0.988768,0.0,0.988768,0.988768,0.372222900390625,0.0,0.0,0.0,0.0,0.0,0.0,1.0,0.0,0.0,0.0,0.0,0.0,0.0,0.0,0.0,0.0,0.0,0.0,0.0,0.0,0.0,0.0,0.0,0.0459051
ocp_006,Openclipart,butterfly_2,mask_fill_edgewalk_nearestrow_safeadt_t2m5_r055_a64_rows16_p40,flat_icon_fill,0.0459051,excellent,0.0459051,3,0,0.9428,0,0.988768,0.92991,0.0,0.0,0.0,1,balanced,ocp_006::balanced,0.1,0.05,0.02,0.005,0.003,0.003,1.0,0.0,0.0,1.0,1.0,1.0,1.0,0.0,0.0,0.0,0.0,0.0,0.0,0.0,16.0,40.0,0.0,0.0,0.0,0.0,0.0,0.0,0.0,0.0,0.0,0.0,1.0,0.0,0.372222900390625,0.020906780355825202,93.0,22.0,0.0459051,3.0,0.0,0.9428,0.0,0.988768,0.92991,0.0,0.0,0.0,0.988768,0.0,0.988768,0.988768,0.372222900390625,0.0,0.0,0.0,0.0,0.0,0.0,0.0,1.0,0.0,0.0,0.0,0.1,0.05,0.02,0.005,0.003,0.003,0.0988768,0.0464955,0.018856,0.0,0.009000000000000001,0.0,0.0
ocp_006,Openclipart,butterfly_2,mask_fill_edgewalk_nearestrow_safeadt_t2m5_r055_a64_rows16_p40,flat_icon_fill,0.0459051,excellent,0.0459051,3,0,0.9428,0,0.988768,0.92991,0.0,0.0,0.0,1,precision,ocp_006::precision,0.1,0.2,0.02,0.005,0.003,0.003,1.0,0.0,0.0,1.0,1.0,1.0,1.0,0.0,0.0,0.0,0.0,0.0,0.0,0.0,16.0,40.0,0.0,0.0,0.0,0.0,0.0,0.0,0.0,0.0,0.0,0.0,1.0,0.0,0.372222900390625,0.020906780355825202,93.0,22.0,0.0459051,3.0,0.0,0.9428,0.0,0.988768,0.92991,0.0,0.0,0.0,0.988768,0.0,0.988768,0.988768,0.372222900390625,0.0,0.0,0.0,0.0,0.0,0.0,0.0,0.0,1.0,0.0,0.0,0.1,0.2,0.02,0.005,0.003,0.003,0.0988768,0.185982,0.018856,0.0,0.009000000000000001,0.0,0.0
ocp_006,Openclipart,butterfly_2,mask_fill_edgewalk_nearestrow_safeadt_t2m5_r055_a64_rows16_p40,flat_icon_fill,0.0459051,excellent,0.0459051,3,0,0.9428,0,0.988768,0.92991,0.0,0.0,0.0,1,coverage,ocp_006::coverage,0.35,0.05,0.02,0.005,0.003,0.003,1.0,0.0,0.0,1.0,1.0,1.0,1.0,0.0,0.0,0.0,0.0,0.0,0.0,0.0,16.0,40.0,0.0,0.0,0.0,0.0,0.0,0.0,0.0,0.0,0.0,0.0,1.0,0.0,0.372222900390625,0.020906780355825202,93.0,22.0,0.0459051,3.0,0.0,0.9428,0.0,0.988768,0.92991,0.0,0.0,0.0,0.988768,0.0,0.988768,0.988768,0.372222900390625,0.0,0.0,0.0,0.0,0.0,0.0,0.0,0.0,0.0,1.0,0.0,0.35,0.05,0.02,0.005,0.003,0.003,0.34606879999999995,0.0464955,0.018856,0.0,0.009000000000000001,0.0,0.0
ocp_006,Openclipart,butterfly_2,mask_fill_edgewalk_nearestrow_safeadt_t2m5_r055_a64_rows16_p40,flat_icon_fill,0.0459051,excellent,0.0459051,3,0,0.9428,0,0.988768,0.92991,0.0,0.0,0.0,1,low_jump,ocp_006::low_jump,0.1,0.05,0.02,0.005,0.03,0.02,1.0,0.0,0.0,1.0,1.0,1.0,1.0,0.0,0.0,0.0,0.0,0.0,0.0,0.0,16.0,40.0,0.0,0.0,0.0,0.0,0.0,0.0,0.0,0.0,0.0,0.0,1.0,0.0,0.372222900390625,0.020906780355825202,93.0,22.0,0.0459051,3.0,0.0,0.9428,0.0,0.988768,0.92991,0.0,0.0,0.0,0.988768,0.0,0.988768,0.988768,0.372222900390625,0.0,0.0,0.0,0.0,0.0,0.0,0.0,0.0,0.0,0.0,1.0,0.1,0.05,0.02,0.005,0.03,0.02,0.0988768,0.0464955,0.018856,0.0,0.09,0.0,0.0
ocp_007,Openclipart,sitting_cat,mask_fill_edgewalk_nearestrow_inset1_rows16_p40,flat_icon_fill,0.10632535,pass,0.10632535,12,1,0.0,0,0.999608,0.90181,0.0,0.0,0.0,0,low_loss,ocp_007::low_loss,0.0,0.0,0.0,0.0,0.0,0.0,1.0,0.0,0.0,1.0,1.0,1.0,0.0,1.0,1.0,0.0,1.0,0.0,0.0,0.0,16.0,40.0,0.0,0.0,0.0,0.0,0.0,0.0,0.0,0.0,0.0,0.0,1.0,0.0,0.3506317138671875,0.026763566734844858,215.0,9.0,0.10632535,12.0,1.0,0.0,0.0,0.999608,0.90181,0.0,0.0,0.0,0.999608,0.0,0.999608,0.999608,0.3506317138671875,0.3506317138671875,0.0,0.0,0.0,0.0,0.0,1.0,0.0,0.0,0.0,0.0,0.0,0.0,0.0,0.0,0.0,0.0,0.0,0.0,0.0,0.0,0.0,0.0,0.10632535
ocp_007,Openclipart,sitting_cat,mask_fill_edgewalk_nearestrow_inset1_rows16_p40,flat_icon_fill,0.10632535,pass,0.10632535,12,1,0.0,0,0.999608,0.90181,0.0,0.0,0.0,0,balanced,ocp_007::balanced,0.1,0.05,0.02,0.005,0.003,0.003,1.0,0.0,0.0,1.0,1.0,1.0,0.0,1.0,1.0,0.0,1.0,0.0,0.0,0.0,16.0,40.0,0.0,0.0,0.0,0.0,0.0,0.0,0.0,0.0,0.0,0.0,1.0,0.0,0.3506317138671875,0.026763566734844858,215.0,9.0,0.10632535,12.0,1.0,0.0,0.0,0.999608,0.90181,0.0,0.0,0.0,0.999608,0.0,0.999608,0.999608,0.3506317138671875,0.3506317138671875,0.0,0.0,0.0,0.0,0.0,0.0,1.0,0.0,0.0,0.0,0.1,0.05,0.02,0.005,0.003,0.003,0.09996080000000002,0.045090500000000006,0.0,0.0,0.036000000000000004,0.003,0.0
ocp_007,Openclipart,sitting_cat,mask_fill_edgewalk_nearestrow_inset1_rows16_p40,flat_icon_fill,0.10632535,pass,0.10632535,12,1,0.0,0,0.999608,0.90181,0.0,0.0,0.0,0,precision,ocp_007::precision,0.1,0.2,0.02,0.005,0.003,0.003,1.0,0.0,0.0,1.0,1.0,1.0,0.0,1.0,1.0,0.0,1.0,0.0,0.0,0.0,16.0,40.0,0.0,0.0,0.0,0.0,0.0,0.0,0.0,0.0,0.0,0.0,1.0,0.0,0.3506317138671875,0.026763566734844858,215.0,9.0,0.10632535,12.0,1.0,0.0,0.0,0.999608,0.90181,0.0,0.0,0.0,0.999608,0.0,0.999608,0.999608,0.3506317138671875,0.3506317138671875,0.0,0.0,0.0,0.0,0.0,0.0,0.0,1.0,0.0,0.0,0.1,0.2,0.02,0.005,0.003,0.003,0.09996080000000002,0.18036200000000002,0.0,0.0,0.036000000000000004,0.003,0.0
ocp_007,Openclipart,sitting_cat,mask_fill_edgewalk_nearestrow_inset1_rows16_p40,flat_icon_fill,0.10632535,pass,0.10632535,12,1,0.0,0,0.999608,0.90181,0.0,0.0,0.0,0,coverage,ocp_007::coverage,0.35,0.05,0.02,0.005,0.003,0.003,1.0,0.0,0.0,1.0,1.0,1.0,0.0,1.0,1.0,0.0,1.0,0.0,0.0,0.0,16.0,40.0,0.0,0.0,0.0,0.0,0.0,0.0,0.0,0.0,0.0,0.0,1.0,0.0,0.3506317138671875,0.026763566734844858,215.0,9.0,0.10632535,12.0,1.0,0.0,0.0,0.999608,0.90181,0.0,0.0,0.0,0.999608,0.0,0.999608,0.999608,0.3506317138671875,0.3506317138671875,0.0,0.0,0.0,0.0,0.0,0.0,0.0,0.0,1.0,0.0,0.35,0.05,0.02,0.005,0.003,0.003,0.3498628,0.045090500000000006,0.0,0.0,0.036000000000000004,0.003,0.0
ocp_007,Openclipart,sitting_cat,mask_fill_edgewalk_nearestrow_inset1_rows16_p40,flat_icon_fill,0.10632535,pass,0.10632535,12,1,0.0,0,0.999608,0.90181,0.0,0.0,0.0,0,low_jump,ocp_007::low_jump,0.1,0.05,0.02,0.005,0.03,0.02,1.0,0.0,0.0,1.0,1.0,1.0,0.0,1.0,1.0,0.0,1.0,0.0,0.0,0.0,16.0,40.0,0.0,0.0,0.0,0.0,0.0,0.0,0.0,0.0,0.0,0.0,1.0,0.0,0.3506317138671875,0.026763566734844858,215.0,9.0,0.10632535,12.0,1.0,0.0,0.0,0.999608,0.90181,0.0,0.0,0.0,0.999608,0.0,0.999608,0.999608,0.3506317138671875,0.3506317138671875,0.0,0.0,0.0,0.0,0.0,0.0,0.0,0.0,0.0,1.0,0.1,0.05,0.02,0.005,0.03,0.02,0.09996080000000002,0.045090500000000006,0.0,0.0,0.36,0.02,0.0
ocp_007,Openclipart,sitting_cat,mask_fill_edgewalk_nearestrow_inset2_rows16_p40,flat_icon_fill,0.1373412,pass,0.1373412,15,2,0.0,0,0.998042,0.93861,0.0,0.0,0.0,0,low_loss,ocp_007::low_loss,0.0,0.0,0.0,0.0,0.0,0.0,1.0,0.0,0.0,1.0,1.0,1.0,0.0,1.0,0.0,1.0,2.0,0.0,0.0,0.0,16.0,40.0,0.0,0.0,0.0,0.0,0.0,0.0,0.0,0.0,0.0,0.0,1.0,0.0,0.3506317138671875,0.026763566734844858,215.0,9.0,0.1373412,15.0,2.0,0.0,0.0,0.998042,0.93861,0.0,0.0,0.0,0.998042,0.0,0.998042,0.998042,0.3506317138671875,0.3506317138671875,0.3506317138671875,0.0,0.0,0.0,0.0,1.0,0.0,0.0,0.0,0.0,0.0,0.0,0.0,0.0,0.0,0.0,0.0,0.0,0.0,0.0,0.0,0.0,0.1373412
ocp_007,Openclipart,sitting_cat,mask_fill_edgewalk_nearestrow_inset2_rows16_p40,flat_icon_fill,0.1373412,pass,0.1373412,15,2,0.0,0,0.998042,0.93861,0.0,0.0,0.0,0,balanced,ocp_007::balanced,0.1,0.05,0.02,0.005,0.003,0.003,1.0,0.0,0.0,1.0,1.0,1.0,0.0,1.0,0.0,1.0,2.0,0.0,0.0,0.0,16.0,40.0,0.0,0.0,0.0,0.0,0.0,0.0,0.0,0.0,0.0,0.0,1.0,0.0,0.3506317138671875,0.026763566734844858,215.0,9.0,0.1373412,15.0,2.0,0.0,0.0,0.998042,0.93861,0.0,0.0,0.0,0.998042,0.0,0.998042,0.998042,0.3506317138671875,0.3506317138671875,0.3506317138671875,0.0,0.0,0.0,0.0,0.0,1.0,0.0,0.0,0.0,0.1,0.05,0.02,0.005,0.003,0.003,0.09980420000000001,0.04693050000000001,0.0,0.0,0.045,0.006,0.0
ocp_007,Openclipart,sitting_cat,mask_fill_edgewalk_nearestrow_inset2_rows16_p40,flat_icon_fill,0.1373412,pass,0.1373412,15,2,0.0,0,0.998042,0.93861,0.0,0.0,0.0,0,precision,ocp_007::precision,0.1,0.2,0.02,0.005,0.003,0.003,1.0,0.0,0.0,1.0,1.0,1.0,0.0,1.0,0.0,1.0,2.0,0.0,0.0,0.0,16.0,40.0,0.0,0.0,0.0,0.0,0.0,0.0,0.0,0.0,0.0,0.0,1.0,0.0,0.3506317138671875,0.026763566734844858,215.0,9.0,0.1373412,15.0,2.0,0.0,0.0,0.998042,0.93861,0.0,0.0,0.0,0.998042,0.0,0.998042,0.998042,0.3506317138671875,0.3506317138671875,0.3506317138671875,0.0,0.0,0.0,0.0,0.0,0.0,1.0,0.0,0.0,0.1,0.2,0.02,0.005,0.003,0.003,0.09980420000000001,0.18772200000000003,0.0,0.0,0.045,0.006,0.0
ocp_007,Openclipart,sitting_cat,mask_fill_edgewalk_nearestrow_inset2_rows16_p40,flat_icon_fill,0.1373412,pass,0.1373412,15,2,0.0,0,0.998042,0.93861,0.0,0.0,0.0,0,coverage,ocp_007::coverage,0.35,0.05,0.02,0.005,0.003,0.003,1.0,0.0,0.0,1.0,1.0,1.0,0.0,1.0,0.0,1.0,2.0,0.0,0.0,0.0,16.0,40.0,0.0,0.0,0.0,0.0,0.0,0.0,0.0,0.0,0.0,0.0,1.0,0.0,0.3506317138671875,0.026763566734844858,215.0,9.0,0.1373412,15.0,2.0,0.0,0.0,0.998042,0.93861,0.0,0.0,0.0,0.998042,0.0,0.998042,0.998042,0.3506317138671875,0.3506317138671875,0.3506317138671875,0.0,0.0,0.0,0.0,0.0,0.0,0.0,1.0,0.0,0.35,0.05,0.02,0.005,0.003,0.003,0.3493147,0.04693050000000001,0.0,0.0,0.045,0.006,0.0
ocp_007,Openclipart,sitting_cat,mask_fill_edgewalk_nearestrow_inset2_rows16_p40,flat_icon_fill,0.1373412,pass,0.1373412,15,2,0.0,0,0.998042,0.93861,0.0,0.0,0.0,0,low_jump,ocp_007::low_jump,0.1,0.05,0.02,0.005,0.03,0.02,1.0,0.0,0.0,1.0,1.0,1.0,0.0,1.0,0.0,1.0,2.0,0.0,0.0,0.0,16.0,40.0,0.0,0.0,0.0,0.0,0.0,0.0,0.0,0.0,0.0,0.0,1.0,0.0,0.3506317138671875,0.026763566734844858,215.0,9.0,0.1373412,15.0,2.0,0.0,0.0,0.998042,0.93861,0.0,0.0,0.0,0.998042,0.0,0.998042,0.998042,0.3506317138671875,0.3506317138671875,0.3506317138671875,0.0,0.0,0.0,0.0,0.0,0.0,0.0,0.0,1.0,0.1,0.05,0.02,0.005,0.03,0.02,0.09980420000000001,0.04693050000000001,0.0,0.0,0.44999999999999996,0.04,0.0
ocp_007,Openclipart,sitting_cat,mask_fill_edgewalk_nearestrow_rows16_p40,flat_icon_fill,0.0445497,excellent,0.0445497,4,0,0.4955,0,1.0,0.874258,0.0,0.0,0.0,1,low_loss,ocp_007::low_loss,0.0,0.0,0.0,0.0,0.0,0.0,1.0,0.0,0.0,1.0,1.0,1.0,1.0,0.0,0.0,0.0,0.0,0.0,0.0,0.0,16.0,40.0,0.0,0.0,0.0,0.0,0.0,0.0,0.0,0.0,0.0,0.0,1.0,0.0,0.3506317138671875,0.026763566734844858,215.0,9.0,0.0445497,4.0,0.0,0.4955,0.0,1.0,0.874258,0.0,0.0,0.0,1.0,0.0,1.0,1.0,0.3506317138671875,0.0,0.0,0.0,0.0,0.0,0.0,1.0,0.0,0.0,0.0,0.0,0.0,0.0,0.0,0.0,0.0,0.0,0.0,0.0,0.0,0.0,0.0,0.0,0.0445497
ocp_007,Openclipart,sitting_cat,mask_fill_edgewalk_nearestrow_rows16_p40,flat_icon_fill,0.0445497,excellent,0.0445497,4,0,0.4955,0,1.0,0.874258,0.0,0.0,0.0,1,balanced,ocp_007::balanced,0.1,0.05,0.02,0.005,0.003,0.003,1.0,0.0,0.0,1.0,1.0,1.0,1.0,0.0,0.0,0.0,0.0,0.0,0.0,0.0,16.0,40.0,0.0,0.0,0.0,0.0,0.0,0.0,0.0,0.0,0.0,0.0,1.0,0.0,0.3506317138671875,0.026763566734844858,215.0,9.0,0.0445497,4.0,0.0,0.4955,0.0,1.0,0.874258,0.0,0.0,0.0,1.0,0.0,1.0,1.0,0.3506317138671875,0.0,0.0,0.0,0.0,0.0,0.0,0.0,1.0,0.0,0.0,0.0,0.1,0.05,0.02,0.005,0.003,0.003,0.1,0.0437129,0.00991,0.0,0.012,0.0,0.0
ocp_007,Openclipart,sitting_cat,mask_fill_edgewalk_nearestrow_rows16_p40,flat_icon_fill,0.0445497,excellent,0.0445497,4,0,0.4955,0,1.0,0.874258,0.0,0.0,0.0,1,precision,ocp_007::precision,0.1,0.2,0.02,0.005,0.003,0.003,1.0,0.0,0.0,1.0,1.0,1.0,1.0,0.0,0.0,0.0,0.0,0.0,0.0,0.0,16.0,40.0,0.0,0.0,0.0,0.0,0.0,0.0,0.0,0.0,0.0,0.0,1.0,0.0,0.3506317138671875,0.026763566734844858,215.0,9.0,0.0445497,4.0,0.0,0.4955,0.0,1.0,0.874258,0.0,0.0,0.0,1.0,0.0,1.0,1.0,0.3506317138671875,0.0,0.0,0.0,0.0,0.0,0.0,0.0,0.0,1.0,0.0,0.0,0.1,0.2,0.02,0.005,0.003,0.003,0.1,0.1748516,0.00991,0.0,0.012,0.0,0.0
ocp_007,Openclipart,sitting_cat,mask_fill_edgewalk_nearestrow_rows16_p40,flat_icon_fill,0.0445497,excellent,0.0445497,4,0,0.4955,0,1.0,0.874258,0.0,0.0,0.0,1,coverage,ocp_007::coverage,0.35,0.05,0.02,0.005,0.003,0.003,1.0,0.0,0.0,1.0,1.0,1.0,1.0,0.0,0.0,0.0,0.0,0.0,0.0,0.0,16.0,40.0,0.0,0.0,0.0,0.0,0.0,0.0,0.0,0.0,0.0,0.0,1.0,0.0,0.3506317138671875,0.026763566734844858,215.0,9.0,0.0445497,4.0,0.0,0.4955,0.0,1.0,0.874258,0.0,0.0,0.0,1.0,0.0,1.0,1.0,0.3506317138671875,0.0,0.0,0.0,0.0,0.0,0.0,0.0,0.0,0.0,1.0,0.0,0.35,0.05,0.02,0.005,0.003,0.003,0.35,0.0437129,0.00991,0.0,0.012,0.0,0.0
ocp_007,Openclipart,sitting_cat,mask_fill_edgewalk_nearestrow_rows16_p40,flat_icon_fill,0.0445497,excellent,0.0445497,4,0,0.4955,0,1.0,0.874258,0.0,0.0,0.0,1,low_jump,ocp_007::low_jump,0.1,0.05,0.02,0.005,0.03,0.02,1.0,0.0,0.0,1.0,1.0,1.0,1.0,0.0,0.0,0.0,0.0,0.0,0.0,0.0,16.0,40.0,0.0,0.0,0.0,0.0,0.0,0.0,0.0,0.0,0.0,0.0,1.0,0.0,0.3506317138671875,0.026763566734844858,215.0,9.0,0.0445497,4.0,0.0,0.4955,0.0,1.0,0.874258,0.0,0.0,0.0,1.0,0.0,1.0,1.0,0.3506317138671875,0.0,0.0,0.0,0.0,0.0,0.0,0.0,0.0,0.0,0.0,1.0,0.1,0.05,0.02,0.005,0.03,0.02,0.1,0.0437129,0.00991,0.0,0.12,0.0,0.0
ocp_007,Openclipart,sitting_cat,mask_fill_edgewalk_rows16_p40,flat_icon_fill,0.41253963,hard_fail,0.37253963,115,25,0.5657,0,1.0,0.877899,0.0,0.0,0.04,0,low_loss,ocp_007::low_loss,0.0,0.0,0.0,0.0,0.0,0.0,1.0,0.0,0.0,1.0,1.0,0.0,0.0,0.0,0.0,0.0,0.0,0.0,0.0,0.0,16.0,40.0,0.0,0.0,0.0,0.0,0.0,0.0,0.0,0.0,0.0,0.0,1.0,0.0,0.3506317138671875,0.026763566734844858,215.0,9.0,0.37253963,115.0,25.0,0.5657,0.0,1.0,0.877899,0.0,0.0,0.0,1.0,0.0,1.0,0.0,0.0,0.0,0.0,0.0,0.0,0.0,0.0,1.0,0.0,0.0,0.0,0.0,0.0,0.0,0.0,0.0,0.0,0.0,0.0,0.0,0.0,0.0,0.0,0.0,0.37253963
ocp_007,Openclipart,sitting_cat,mask_fill_edgewalk_rows16_p40,flat_icon_fill,0.41253963,hard_fail,0.37253963,115,25,0.5657,0,1.0,0.877899,0.0,0.0,0.04,0,balanced,ocp_007::balanced,0.1,0.05,0.02,0.005,0.003,0.003,1.0,0.0,0.0,1.0,1.0,0.0,0.0,0.0,0.0,0.0,0.0,0.0,0.0,0.0,16.0,40.0,0.0,0.0,0.0,0.0,0.0,0.0,0.0,0.0,0.0,0.0,1.0,0.0,0.3506317138671875,0.026763566734844858,215.0,9.0,0.37253963,115.0,25.0,0.5657,0.0,1.0,0.877899,0.0,0.0,0.0,1.0,0.0,1.0,0.0,0.0,0.0,0.0,0.0,0.0,0.0,0.0,0.0,1.0,0.0,0.0,0.0,0.1,0.05,0.02,0.005,0.003,0.003,0.1,0.04389495,0.011314,0.0,0.34500000000000003,0.075,0.0
ocp_007,Openclipart,sitting_cat,mask_fill_edgewalk_rows16_p40,flat_icon_fill,0.41253963,hard_fail,0.37253963,115,25,0.5657,0,1.0,0.877899,0.0,0.0,0.04,0,precision,ocp_007::precision,0.1,0.2,0.02,0.005,0.003,0.003,1.0,0.0,0.0,1.0,1.0,0.0,0.0,0.0,0.0,0.0,0.0,0.0,0.0,0.0,16.0,40.0,0.0,0.0,0.0,0.0,0.0,0.0,0.0,0.0,0.0,0.0,1.0,0.0,0.3506317138671875,0.026763566734844858,215.0,9.0,0.37253963,115.0,25.0,0.5657,0.0,1.0,0.877899,0.0,0.0,0.0,1.0,0.0,1.0,0.0,0.0,0.0,0.0,0.0,0.0,0.0,0.0,0.0,0.0,1.0,0.0,0.0,0.1,0.2,0.02,0.005,0.003,0.003,0.1,0.1755798,0.011314,0.0,0.34500000000000003,0.075,0.0
ocp_007,Openclipart,sitting_cat,mask_fill_edgewalk_rows16_p40,flat_icon_fill,0.41253963,hard_fail,0.37253963,115,25,0.5657,0,1.0,0.877899,0.0,0.0,0.04,0,coverage,ocp_007::coverage,0.35,0.05,0.02,0.005,0.003,0.003,1.0,0.0,0.0,1.0,1.0,0.0,0.0,0.0,0.0,0.0,0.0,0.0,0.0,0.0,16.0,40.0,0.0,0.0,0.0,0.0,0.0,0.0,0.0,0.0,0.0,0.0,1.0,0.0,0.3506317138671875,0.026763566734844858,215.0,9.0,0.37253963,115.0,25.0,0.5657,0.0,1.0,0.877899,0.0,0.0,0.0,1.0,0.0,1.0,0.0,0.0,0.0,0.0,0.0,0.0,0.0,0.0,0.0,0.0,0.0,1.0,0.0,0.35,0.05,0.02,0.005,0.003,0.003,0.35,0.04389495,0.011314,0.0,0.34500000000000003,0.075,0.0
ocp_007,Openclipart,sitting_cat,mask_fill_edgewalk_rows16_p40,flat_icon_fill,0.41253963,hard_fail,0.37253963,115,25,0.5657,0,1.0,0.877899,0.0,0.0,0.04,0,low_jump,ocp_007::low_jump,0.1,0.05,0.02,0.005,0.03,0.02,1.0,0.0,0.0,1.0,1.0,0.0,0.0,0.0,0.0,0.0,0.0,0.0,0.0,0.0,16.0,40.0,0.0,0.0,0.0,0.0,0.0,0.0,0.0,0.0,0.0,0.0,1.0,0.0,0.3506317138671875,0.026763566734844858,215.0,9.0,0.37253963,115.0,25.0,0.5657,0.0,1.0,0.877899,0.0,0.0,0.0,1.0,0.0,1.0,0.0,0.0,0.0,0.0,0.0,0.0,0.0,0.0,0.0,0.0,0.0,0.0,1.0,0.1,0.05,0.02,0.005,0.03,0.02,0.1,0.04389495,0.011314,0.0,3.4499999999999997,0.5,0.0
ocp_007,Openclipart,sitting_cat,auto_evalrepair_r10_c20,flat_icon_fill,0.08902364,pass,0.08902364,5,8,0.0,0,0.989164,0.945665,0.0,0.0,0.0,0,low_loss,ocp_007::low_loss,0.0,0.0,0.0,0.0,0.0,0.0,1.0,0.0,1.0,0.0,0.0,0.0,0.0,0.0,0.0,0.0,0.0,0.0,0.0,0.0,0.0,0.0,0.0,0.0,0.0,0.0,0.0,0.0,0.0,0.0,0.0,0.0,1.0,0.0,0.3506317138671875,0.026763566734844858,215.0,9.0,0.08902364,5.0,8.0,0.0,0.0,0.989164,0.945665,0.0,0.0,0.989164,0.0,0.0,0.0,0.0,0.0,0.0,0.0,0.0,0.0,0.0,0.0,1.0,0.0,0.0,0.0,0.0,0.0,0.0,0.0,0.0,0.0,0.0,0.0,0.0,0.0,0.0,0.0,0.0,0.08902364
ocp_007,Openclipart,sitting_cat,auto_evalrepair_r10_c20,flat_icon_fill,0.08902364,pass,0.08902364,5,8,0.0,0,0.989164,0.945665,0.0,0.0,0.0,0,balanced,ocp_007::balanced,0.1,0.05,0.02,0.005,0.003,0.003,1.0,0.0,1.0,0.0,0.0,0.0,0.0,0.0,0.0,0.0,0.0,0.0,0.0,0.0,0.0,0.0,0.0,0.0,0.0,0.0,0.0,0.0,0.0,0.0,0.0,0.0,1.0,0.0,0.3506317138671875,0.026763566734844858,215.0,9.0,0.08902364,5.0,8.0,0.0,0.0,0.989164,0.945665,0.0,0.0,0.989164,0.0,0.0,0.0,0.0,0.0,0.0,0.0,0.0,0.0,0.0,0.0,0.0,1.0,0.0,0.0,0.0,0.1,0.05,0.02,0.005,0.003,0.003,0.09891640000000002,0.04728325,0.0,0.0,0.015,0.024,0.0
ocp_007,Openclipart,sitting_cat,auto_evalrepair_r10_c20,flat_icon_fill,0.08902364,pass,0.08902364,5,8,0.0,0,0.989164,0.945665,0.0,0.0,0.0,0,precision,ocp_007::precision,0.1,0.2,0.02,0.005,0.003,0.003,1.0,0.0,1.0,0.0,0.0,0.0,0.0,0.0,0.0,0.0,0.0,0.0,0.0,0.0,0.0,0.0,0.0,0.0,0.0,0.0,0.0,0.0,0.0,0.0,0.0,0.0,1.0,0.0,0.3506317138671875,0.026763566734844858,215.0,9.0,0.08902364,5.0,8.0,0.0,0.0,0.989164,0.945665,0.0,0.0,0.989164,0.0,0.0,0.0,0.0,0.0,0.0,0.0,0.0,0.0,0.0,0.0,0.0,0.0,1.0,0.0,0.0,0.1,0.2,0.02,0.005,0.003,0.003,0.09891640000000002,0.189133,0.0,0.0,0.015,0.024,0.0
ocp_007,Openclipart,sitting_cat,auto_evalrepair_r10_c20,flat_icon_fill,0.08902364,pass,0.08902364,5,8,0.0,0,0.989164,0.945665,0.0,0.0,0.0,0,coverage,ocp_007::coverage,0.35,0.05,0.02,0.005,0.003,0.003,1.0,0.0,1.0,0.0,0.0,0.0,0.0,0.0,0.0,0.0,0.0,0.0,0.0,0.0,0.0,0.0,0.0,0.0,0.0,0.0,0.0,0.0,0.0,0.0,0.0,0.0,1.0,0.0,0.3506317138671875,0.026763566734844858,215.0,9.0,0.08902364,5.0,8.0,0.0,0.0,0.989164,0.945665,0.0,0.0,0.989164,0.0,0.0,0.0,0.0,0.0,0.0,0.0,0.0,0.0,0.0,0.0,0.0,0.0,0.0,1.0,0.0,0.35,0.05,0.02,0.005,0.003,0.003,0.3462074,0.04728325,0.0,0.0,0.015,0.024,0.0
ocp_007,Openclipart,sitting_cat,auto_evalrepair_r10_c20,flat_icon_fill,0.08902364,pass,0.08902364,5,8,0.0,0,0.989164,0.945665,0.0,0.0,0.0,0,low_jump,ocp_007::low_jump,0.1,0.05,0.02,0.005,0.03,0.02,1.0,0.0,1.0,0.0,0.0,0.0,0.0,0.0,0.0,0.0,0.0,0.0,0.0,0.0,0.0,0.0,0.0,0.0,0.0,0.0,0.0,0.0,0.0,0.0,0.0,0.0,1.0,0.0,0.3506317138671875,0.026763566734844858,215.0,9.0,0.08902364,5.0,8.0,0.0,0.0,0.989164,0.945665,0.0,0.0,0.989164,0.0,0.0,0.0,0.0,0.0,0.0,0.0,0.0,0.0,0.0,0.0,0.0,0.0,0.0,0.0,1.0,0.1,0.05,0.02,0.005,0.03,0.02,0.09891640000000002,0.04728325,0.0,0.0,0.15,0.16,0.0
ocp_007,Openclipart,sitting_cat,skeleton_c30_m20,flat_icon_fill,0.30396826,pass,0.10353746,11,2,0.0,0,0.248923,0.992194,0.501077,0.0,0.0,0,low_loss,ocp_007::low_loss,0.0,0.0,0.0,0.0,0.0,0.0,1.0,1.0,0.0,0.0,0.0,0.0,0.0,0.0,0.0,0.0,0.0,0.0,0.0,0.0,0.0,0.0,0.0,0.0,0.0,0.0,0.0,0.0,0.0,0.0,0.0,0.0,1.0,0.0,0.3506317138671875,0.026763566734844858,215.0,9.0,0.10353746,11.0,2.0,0.0,0.0,0.248923,0.992194,0.0,0.248923,0.0,0.0,0.0,0.0,0.0,0.0,0.0,0.0,0.0,0.0,0.0,0.0,1.0,0.0,0.0,0.0,0.0,0.0,0.0,0.0,0.0,0.0,0.0,0.0,0.0,0.0,0.0,0.0,0.0,0.10353746
ocp_007,Openclipart,sitting_cat,skeleton_c30_m20,flat_icon_fill,0.30396826,pass,0.10353746,11,2,0.0,0,0.248923,0.992194,0.501077,0.0,0.0,0,balanced,ocp_007::balanced,0.1,0.05,0.02,0.005,0.003,0.003,1.0,1.0,0.0,0.0,0.0,0.0,0.0,0.0,0.0,0.0,0.0,0.0,0.0,0.0,0.0,0.0,0.0,0.0,0.0,0.0,0.0,0.0,0.0,0.0,0.0,0.0,1.0,0.0,0.3506317138671875,0.026763566734844858,215.0,9.0,0.10353746,11.0,2.0,0.0,0.0,0.248923,0.992194,0.0,0.248923,0.0,0.0,0.0,0.0,0.0,0.0,0.0,0.0,0.0,0.0,0.0,0.0,0.0,1.0,0.0,0.0,0.0,0.1,0.05,0.02,0.005,0.003,0.003,0.024892300000000003,0.04960970000000001,0.0,0.0,0.033,0.006,0.0
ocp_007,Openclipart,sitting_cat,skeleton_c30_m20,flat_icon_fill,0.30396826,pass,0.10353746,11,2,0.0,0,0.248923,0.992194,0.501077,0.0,0.0,0,precision,ocp_007::precision,0.1,0.2,0.02,0.005,0.003,0.003,1.0,1.0,0.0,0.0,0.0,0.0,0.0,0.0,0.0,0.0,0.0,0.0,0.0,0.0,0.0,0.0,0.0,0.0,0.0,0.0,0.0,0.0,0.0,0.0,0.0,0.0,1.0,0.0,0.3506317138671875,0.026763566734844858,215.0,9.0,0.10353746,11.0,2.0,0.0,0.0,0.248923,0.992194,0.0,0.248923,0.0,0.0,0.0,0.0,0.0,0.0,0.0,0.0,0.0,0.0,0.0,0.0,0.0,0.0,1.0,0.0,0.0,0.1,0.2,0.02,0.005,0.003,0.003,0.024892300000000003,0.19843880000000003,0.0,0.0,0.033,0.006,0.0
ocp_007,Openclipart,sitting_cat,skeleton_c30_m20,flat_icon_fill,0.30396826,pass,0.10353746,11,2,0.0,0,0.248923,0.992194,0.501077,0.0,0.0,0,coverage,ocp_007::coverage,0.35,0.05,0.02,0.005,0.003,0.003,1.0,1.0,0.0,0.0,0.0,0.0,0.0,0.0,0.0,0.0,0.0,0.0,0.0,0.0,0.0,0.0,0.0,0.0,0.0,0.0,0.0,0.0,0.0,0.0,0.0,0.0,1.0,0.0,0.3506317138671875,0.026763566734844858,215.0,9.0,0.10353746,11.0,2.0,0.0,0.0,0.248923,0.992194,0.0,0.248923,0.0,0.0,0.0,0.0,0.0,0.0,0.0,0.0,0.0,0.0,0.0,0.0,0.0,0.0,0.0,1.0,0.0,0.35,0.05,0.02,0.005,0.003,0.003,0.08712305,0.04960970000000001,0.0,0.0,0.033,0.006,0.0
ocp_007,Openclipart,sitting_cat,skeleton_c30_m20,flat_icon_fill,0.30396826,pass,0.10353746,11,2,0.0,0,0.248923,0.992194,0.501077,0.0,0.0,0,low_jump,ocp_007::low_jump,0.1,0.05,0.02,0.005,0.03,0.02,1.0,1.0,0.0,0.0,0.0,0.0,0.0,0.0,0.0,0.0,0.0,0.0,0.0,0.0,0.0,0.0,0.0,0.0,0.0,0.0,0.0,0.0,0.0,0.0,0.0,0.0,1.0,0.0,0.3506317138671875,0.026763566734844858,215.0,9.0,0.10353746,11.0,2.0,0.0,0.0,0.248923,0.992194,0.0,0.248923,0.0,0.0,0.0,0.0,0.0,0.0,0.0,0.0,0.0,0.0,0.0,0.0,0.0,0.0,0.0,0.0,1.0,0.1,0.05,0.02,0.005,0.03,0.02,0.024892300000000003,0.04960970000000001,0.0,0.0,0.32999999999999996,0.04,0.0
ocp_007,Openclipart,sitting_cat,skeleton_c30_m4,flat_icon_fill,0.29223158,pass,0.10402078,11,2,0.0,0,0.279473,0.993042,0.470527,0.0,0.0,0,low_loss,ocp_007::low_loss,0.0,0.0,0.0,0.0,0.0,0.0,1.0,1.0,0.0,0.0,0.0,0.0,0.0,0.0,0.0,0.0,0.0,0.0,0.0,0.0,0.0,0.0,0.0,0.0,0.0,0.0,0.0,0.0,0.0,0.0,0.0,0.0,1.0,0.0,0.3506317138671875,0.026763566734844858,215.0,9.0,0.10402078,11.0,2.0,0.0,0.0,0.279473,0.993042,0.0,0.279473,0.0,0.0,0.0,0.0,0.0,0.0,0.0,0.0,0.0,0.0,0.0,0.0,1.0,0.0,0.0,0.0,0.0,0.0,0.0,0.0,0.0,0.0,0.0,0.0,0.0,0.0,0.0,0.0,0.0,0.10402078
ocp_007,Openclipart,sitting_cat,skeleton_c30_m4,flat_icon_fill,0.29223158,pass,0.10402078,11,2,0.0,0,0.279473,0.993042,0.470527,0.0,0.0,0,balanced,ocp_007::balanced,0.1,0.05,0.02,0.005,0.003,0.003,1.0,1.0,0.0,0.0,0.0,0.0,0.0,0.0,0.0,0.0,0.0,0.0,0.0,0.0,0.0,0.0,0.0,0.0,0.0,0.0,0.0,0.0,0.0,0.0,0.0,0.0,1.0,0.0,0.3506317138671875,0.026763566734844858,215.0,9.0,0.10402078,11.0,2.0,0.0,0.0,0.279473,0.993042,0.0,0.279473,0.0,0.0,0.0,0.0,0.0,0.0,0.0,0.0,0.0,0.0,0.0,0.0,0.0,1.0,0.0,0.0,0.0,0.1,0.05,0.02,0.005,0.003,0.003,0.027947300000000005,0.049652100000000005,0.0,0.0,0.033,0.006,0.0
ocp_007,Openclipart,sitting_cat,skeleton_c30_m4,flat_icon_fill,0.29223158,pass,0.10402078,11,2,0.0,0,0.279473,0.993042,0.470527,0.0,0.0,0,precision,ocp_007::precision,0.1,0.2,0.02,0.005,0.003,0.003,1.0,1.0,0.0,0.0,0.0,0.0,0.0,0.0,0.0,0.0,0.0,0.0,0.0,0.0,0.0,0.0,0.0,0.0,0.0,0.0,0.0,0.0,0.0,0.0,0.0,0.0,1.0,0.0,0.3506317138671875,0.026763566734844858,215.0,9.0,0.10402078,11.0,2.0,0.0,0.0,0.279473,0.993042,0.0,0.279473,0.0,0.0,0.0,0.0,0.0,0.0,0.0,0.0,0.0,0.0,0.0,0.0,0.0,0.0,1.0,0.0,0.0,0.1,0.2,0.02,0.005,0.003,0.003,0.027947300000000005,0.19860840000000002,0.0,0.0,0.033,0.006,0.0
ocp_007,Openclipart,sitting_cat,skeleton_c30_m4,flat_icon_fill,0.29223158,pass,0.10402078,11,2,0.0,0,0.279473,0.993042,0.470527,0.0,0.0,0,coverage,ocp_007::coverage,0.35,0.05,0.02,0.005,0.003,0.003,1.0,1.0,0.0,0.0,0.0,0.0,0.0,0.0,0.0,0.0,0.0,0.0,0.0,0.0,0.0,0.0,0.0,0.0,0.0,0.0,0.0,0.0,0.0,0.0,0.0,0.0,1.0,0.0,0.3506317138671875,0.026763566734844858,215.0,9.0,0.10402078,11.0,2.0,0.0,0.0,0.279473,0.993042,0.0,0.279473,0.0,0.0,0.0,0.0,0.0,0.0,0.0,0.0,0.0,0.0,0.0,0.0,0.0,0.0,0.0,1.0,0.0,0.35,0.05,0.02,0.005,0.003,0.003,0.09781555,0.049652100000000005,0.0,0.0,0.033,0.006,0.0
ocp_007,Openclipart,sitting_cat,skeleton_c30_m4,flat_icon_fill,0.29223158,pass,0.10402078,11,2,0.0,0,0.279473,0.993042,0.470527,0.0,0.0,0,low_jump,ocp_007::low_jump,0.1,0.05,0.02,0.005,0.03,0.02,1.0,1.0,0.0,0.0,0.0,0.0,0.0,0.0,0.0,0.0,0.0,0.0,0.0,0.0,0.0,0.0,0.0,0.0,0.0,0.0,0.0,0.0,0.0,0.0,0.0,0.0,1.0,0.0,0.3506317138671875,0.026763566734844858,215.0,9.0,0.10402078,11.0,2.0,0.0,0.0,0.279473,0.993042,0.0,0.279473,0.0,0.0,0.0,0.0,0.0,0.0,0.0,0.0,0.0,0.0,0.0,0.0,0.0,0.0,0.0,0.0,1.0,0.1,0.05,0.02,0.005,0.03,0.02,0.027947300000000005,0.049652100000000005,0.0,0.0,0.32999999999999996,0.04,0.0
ocp_007,Openclipart,sitting_cat,mask_fill_edgewalk_nearestrow_safeadt_t2m5_r055_a64_rows16_p40,flat_icon_fill,0.13729016,pass,0.13729016,15,2,0.0,0,0.999652,0.91336,0.0,0.0,0.0,0,low_loss,ocp_007::low_loss,0.0,0.0,0.0,0.0,0.0,0.0,1.0,0.0,0.0,1.0,1.0,1.0,1.0,0.0,0.0,0.0,0.0,0.0,0.0,0.0,16.0,40.0,0.0,0.0,0.0,0.0,0.0,0.0,0.0,0.0,0.0,0.0,1.0,0.0,0.3506317138671875,0.026763566734844858,215.0,9.0,0.13729016,15.0,2.0,0.0,0.0,0.999652,0.91336,0.0,0.0,0.0,0.999652,0.0,0.999652,0.999652,0.3506317138671875,0.0,0.0,0.0,0.0,0.0,0.0,1.0,0.0,0.0,0.0,0.0,0.0,0.0,0.0,0.0,0.0,0.0,0.0,0.0,0.0,0.0,0.0,0.0,0.13729016
ocp_007,Openclipart,sitting_cat,mask_fill_edgewalk_nearestrow_safeadt_t2m5_r055_a64_rows16_p40,flat_icon_fill,0.13729016,pass,0.13729016,15,2,0.0,0,0.999652,0.91336,0.0,0.0,0.0,0,balanced,ocp_007::balanced,0.1,0.05,0.02,0.005,0.003,0.003,1.0,0.0,0.0,1.0,1.0,1.0,1.0,0.0,0.0,0.0,0.0,0.0,0.0,0.0,16.0,40.0,0.0,0.0,0.0,0.0,0.0,0.0,0.0,0.0,0.0,0.0,1.0,0.0,0.3506317138671875,0.026763566734844858,215.0,9.0,0.13729016,15.0,2.0,0.0,0.0,0.999652,0.91336,0.0,0.0,0.0,0.999652,0.0,0.999652,0.999652,0.3506317138671875,0.0,0.0,0.0,0.0,0.0,0.0,0.0,1.0,0.0,0.0,0.0,0.1,0.05,0.02,0.005,0.003,0.003,0.0999652,0.045668,0.0,0.0,0.045,0.006,0.0
ocp_007,Openclipart,sitting_cat,mask_fill_edgewalk_nearestrow_safeadt_t2m5_r055_a64_rows16_p40,flat_icon_fill,0.13729016,pass,0.13729016,15,2,0.0,0,0.999652,0.91336,0.0,0.0,0.0,0,precision,ocp_007::precision,0.1,0.2,0.02,0.005,0.003,0.003,1.0,0.0,0.0,1.0,1.0,1.0,1.0,0.0,0.0,0.0,0.0,0.0,0.0,0.0,16.0,40.0,0.0,0.0,0.0,0.0,0.0,0.0,0.0,0.0,0.0,0.0,1.0,0.0,0.3506317138671875,0.026763566734844858,215.0,9.0,0.13729016,15.0,2.0,0.0,0.0,0.999652,0.91336,0.0,0.0,0.0,0.999652,0.0,0.999652,0.999652,0.3506317138671875,0.0,0.0,0.0,0.0,0.0,0.0,0.0,0.0,1.0,0.0,0.0,0.1,0.2,0.02,0.005,0.003,0.003,0.0999652,0.182672,0.0,0.0,0.045,0.006,0.0
ocp_007,Openclipart,sitting_cat,mask_fill_edgewalk_nearestrow_safeadt_t2m5_r055_a64_rows16_p40,flat_icon_fill,0.13729016,pass,0.13729016,15,2,0.0,0,0.999652,0.91336,0.0,0.0,0.0,0,coverage,ocp_007::coverage,0.35,0.05,0.02,0.005,0.003,0.003,1.0,0.0,0.0,1.0,1.0,1.0,1.0,0.0,0.0,0.0,0.0,0.0,0.0,0.0,16.0,40.0,0.0,0.0,0.0,0.0,0.0,0.0,0.0,0.0,0.0,0.0,1.0,0.0,0.3506317138671875,0.026763566734844858,215.0,9.0,0.13729016,15.0,2.0,0.0,0.0,0.999652,0.91336,0.0,0.0,0.0,0.999652,0.0,0.999652,0.999652,0.3506317138671875,0.0,0.0,0.0,0.0,0.0,0.0,0.0,0.0,0.0,1.0,0.0,0.35,0.05,0.02,0.005,0.003,0.003,0.3498782,0.045668,0.0,0.0,0.045,0.006,0.0
ocp_007,Openclipart,sitting_cat,mask_fill_edgewalk_nearestrow_safeadt_t2m5_r055_a64_rows16_p40,flat_icon_fill,0.13729016,pass,0.13729016,15,2,0.0,0,0.999652,0.91336,0.0,0.0,0.0,0,low_jump,ocp_007::low_jump,0.1,0.05,0.02,0.005,0.03,0.02,1.0,0.0,0.0,1.0,1.0,1.0,1.0,0.0,0.0,0.0,0.0,0.0,0.0,0.0,16.0,40.0,0.0,0.0,0.0,0.0,0.0,0.0,0.0,0.0,0.0,0.0,1.0,0.0,0.3506317138671875,0.026763566734844858,215.0,9.0,0.13729016,15.0,2.0,0.0,0.0,0.999652,0.91336,0.0,0.0,0.0,0.999652,0.0,0.999652,0.999652,0.3506317138671875,0.0,0.0,0.0,0.0,0.0,0.0,0.0,0.0,0.0,0.0,1.0,0.1,0.05,0.02,0.005,0.03,0.02,0.0999652,0.045668,0.0,0.0,0.44999999999999996,0.04,0.0
ocp_008,Openclipart,fish,mask_fill_edgewalk_nearestrow_inset1_rows16_p40,flat_icon_fill,0.04959581,excellent,0.04959581,6,0,0.0,0,0.998761,0.836391,0.0,0.0,0.0,0,low_loss,ocp_008::low_loss,0.0,0.0,0.0,0.0,0.0,0.0,1.0,0.0,0.0,1.0,1.0,1.0,0.0,1.0,1.0,0.0,1.0,0.0,0.0,0.0,16.0,40.0,0.0,0.0,0.0,0.0,0.0,0.0,0.0,0.0,0.0,0.0,1.0,0.0,0.27093505859375,0.04218292408200045,64.0,37.0,0.04959581,6.0,0.0,0.0,0.0,0.998761,0.836391,0.0,0.0,0.0,0.998761,0.0,0.998761,0.998761,0.27093505859375,0.27093505859375,0.0,0.0,0.0,0.0,0.0,1.0,0.0,0.0,0.0,0.0,0.0,0.0,0.0,0.0,0.0,0.0,0.0,0.0,0.0,0.0,0.0,0.0,0.04959581
ocp_008,Openclipart,fish,mask_fill_edgewalk_nearestrow_inset1_rows16_p40,flat_icon_fill,0.04959581,excellent,0.04959581,6,0,0.0,0,0.998761,0.836391,0.0,0.0,0.0,0,balanced,ocp_008::balanced,0.1,0.05,0.02,0.005,0.003,0.003,1.0,0.0,0.0,1.0,1.0,1.0,0.0,1.0,1.0,0.0,1.0,0.0,0.0,0.0,16.0,40.0,0.0,0.0,0.0,0.0,0.0,0.0,0.0,0.0,0.0,0.0,1.0,0.0,0.27093505859375,0.04218292408200045,64.0,37.0,0.04959581,6.0,0.0,0.0,0.0,0.998761,0.836391,0.0,0.0,0.0,0.998761,0.0,0.998761,0.998761,0.27093505859375,0.27093505859375,0.0,0.0,0.0,0.0,0.0,0.0,1.0,0.0,0.0,0.0,0.1,0.05,0.02,0.005,0.003,0.003,0.09987610000000001,0.041819550000000004,0.0,0.0,0.018000000000000002,0.0,0.0
ocp_008,Openclipart,fish,mask_fill_edgewalk_nearestrow_inset1_rows16_p40,flat_icon_fill,0.04959581,excellent,0.04959581,6,0,0.0,0,0.998761,0.836391,0.0,0.0,0.0,0,precision,ocp_008::precision,0.1,0.2,0.02,0.005,0.003,0.003,1.0,0.0,0.0,1.0,1.0,1.0,0.0,1.0,1.0,0.0,1.0,0.0,0.0,0.0,16.0,40.0,0.0,0.0,0.0,0.0,0.0,0.0,0.0,0.0,0.0,0.0,1.0,0.0,0.27093505859375,0.04218292408200045,64.0,37.0,0.04959581,6.0,0.0,0.0,0.0,0.998761,0.836391,0.0,0.0,0.0,0.998761,0.0,0.998761,0.998761,0.27093505859375,0.27093505859375,0.0,0.0,0.0,0.0,0.0,0.0,0.0,1.0,0.0,0.0,0.1,0.2,0.02,0.005,0.003,0.003,0.09987610000000001,0.16727820000000002,0.0,0.0,0.018000000000000002,0.0,0.0
ocp_008,Openclipart,fish,mask_fill_edgewalk_nearestrow_inset1_rows16_p40,flat_icon_fill,0.04959581,excellent,0.04959581,6,0,0.0,0,0.998761,0.836391,0.0,0.0,0.0,0,coverage,ocp_008::coverage,0.35,0.05,0.02,0.005,0.003,0.003,1.0,0.0,0.0,1.0,1.0,1.0,0.0,1.0,1.0,0.0,1.0,0.0,0.0,0.0,16.0,40.0,0.0,0.0,0.0,0.0,0.0,0.0,0.0,0.0,0.0,0.0,1.0,0.0,0.27093505859375,0.04218292408200045,64.0,37.0,0.04959581,6.0,0.0,0.0,0.0,0.998761,0.836391,0.0,0.0,0.0,0.998761,0.0,0.998761,0.998761,0.27093505859375,0.27093505859375,0.0,0.0,0.0,0.0,0.0,0.0,0.0,0.0,1.0,0.0,0.35,0.05,0.02,0.005,0.003,0.003,0.34956634999999997,0.041819550000000004,0.0,0.0,0.018000000000000002,0.0,0.0
ocp_008,Openclipart,fish,mask_fill_edgewalk_nearestrow_inset1_rows16_p40,flat_icon_fill,0.04959581,excellent,0.04959581,6,0,0.0,0,0.998761,0.836391,0.0,0.0,0.0,0,low_jump,ocp_008::low_jump,0.1,0.05,0.02,0.005,0.03,0.02,1.0,0.0,0.0,1.0,1.0,1.0,0.0,1.0,1.0,0.0,1.0,0.0,0.0,0.0,16.0,40.0,0.0,0.0,0.0,0.0,0.0,0.0,0.0,0.0,0.0,0.0,1.0,0.0,0.27093505859375,0.04218292408200045,64.0,37.0,0.04959581,6.0,0.0,0.0,0.0,0.998761,0.836391,0.0,0.0,0.0,0.998761,0.0,0.998761,0.998761,0.27093505859375,0.27093505859375,0.0,0.0,0.0,0.0,0.0,0.0,0.0,0.0,0.0,1.0,0.1,0.05,0.02,0.005,0.03,0.02,0.09987610000000001,0.041819550000000004,0.0,0.0,0.18,0.0,0.0
ocp_008,Openclipart,fish,mask_fill_edgewalk_nearestrow_inset2_rows16_p40,flat_icon_fill,0.10346588,pass,0.10346588,11,2,0.0,0,0.976121,0.909244,0.0,0.0,0.0,0,low_loss,ocp_008::low_loss,0.0,0.0,0.0,0.0,0.0,0.0,1.0,0.0,0.0,1.0,1.0,1.0,0.0,1.0,0.0,1.0,2.0,0.0,0.0,0.0,16.0,40.0,0.0,0.0,0.0,0.0,0.0,0.0,0.0,0.0,0.0,0.0,1.0,0.0,0.27093505859375,0.04218292408200045,64.0,37.0,0.10346588,11.0,2.0,0.0,0.0,0.976121,0.909244,0.0,0.0,0.0,0.976121,0.0,0.976121,0.976121,0.27093505859375,0.27093505859375,0.27093505859375,0.0,0.0,0.0,0.0,1.0,0.0,0.0,0.0,0.0,0.0,0.0,0.0,0.0,0.0,0.0,0.0,0.0,0.0,0.0,0.0,0.0,0.10346588
ocp_008,Openclipart,fish,mask_fill_edgewalk_nearestrow_inset2_rows16_p40,flat_icon_fill,0.10346588,pass,0.10346588,11,2,0.0,0,0.976121,0.909244,0.0,0.0,0.0,0,balanced,ocp_008::balanced,0.1,0.05,0.02,0.005,0.003,0.003,1.0,0.0,0.0,1.0,1.0,1.0,0.0,1.0,0.0,1.0,2.0,0.0,0.0,0.0,16.0,40.0,0.0,0.0,0.0,0.0,0.0,0.0,0.0,0.0,0.0,0.0,1.0,0.0,0.27093505859375,0.04218292408200045,64.0,37.0,0.10346588,11.0,2.0,0.0,0.0,0.976121,0.909244,0.0,0.0,0.0,0.976121,0.0,0.976121,0.976121,0.27093505859375,0.27093505859375,0.27093505859375,0.0,0.0,0.0,0.0,0.0,1.0,0.0,0.0,0.0,0.1,0.05,0.02,0.005,0.003,0.003,0.09761210000000001,0.04546220000000001,0.0,0.0,0.033,0.006,0.0
ocp_008,Openclipart,fish,mask_fill_edgewalk_nearestrow_inset2_rows16_p40,flat_icon_fill,0.10346588,pass,0.10346588,11,2,0.0,0,0.976121,0.909244,0.0,0.0,0.0,0,precision,ocp_008::precision,0.1,0.2,0.02,0.005,0.003,0.003,1.0,0.0,0.0,1.0,1.0,1.0,0.0,1.0,0.0,1.0,2.0,0.0,0.0,0.0,16.0,40.0,0.0,0.0,0.0,0.0,0.0,0.0,0.0,0.0,0.0,0.0,1.0,0.0,0.27093505859375,0.04218292408200045,64.0,37.0,0.10346588,11.0,2.0,0.0,0.0,0.976121,0.909244,0.0,0.0,0.0,0.976121,0.0,0.976121,0.976121,0.27093505859375,0.27093505859375,0.27093505859375,0.0,0.0,0.0,0.0,0.0,0.0,1.0,0.0,0.0,0.1,0.2,0.02,0.005,0.003,0.003,0.09761210000000001,0.18184880000000003,0.0,0.0,0.033,0.006,0.0
ocp_008,Openclipart,fish,mask_fill_edgewalk_nearestrow_inset2_rows16_p40,flat_icon_fill,0.10346588,pass,0.10346588,11,2,0.0,0,0.976121,0.909244,0.0,0.0,0.0,0,coverage,ocp_008::coverage,0.35,0.05,0.02,0.005,0.003,0.003,1.0,0.0,0.0,1.0,1.0,1.0,0.0,1.0,0.0,1.0,2.0,0.0,0.0,0.0,16.0,40.0,0.0,0.0,0.0,0.0,0.0,0.0,0.0,0.0,0.0,0.0,1.0,0.0,0.27093505859375,0.04218292408200045,64.0,37.0,0.10346588,11.0,2.0,0.0,0.0,0.976121,0.909244,0.0,0.0,0.0,0.976121,0.0,0.976121,0.976121,0.27093505859375,0.27093505859375,0.27093505859375,0.0,0.0,0.0,0.0,0.0,0.0,0.0,1.0,0.0,0.35,0.05,0.02,0.005,0.003,0.003,0.34164235,0.04546220000000001,0.0,0.0,0.033,0.006,0.0
ocp_008,Openclipart,fish,mask_fill_edgewalk_nearestrow_inset2_rows16_p40,flat_icon_fill,0.10346588,pass,0.10346588,11,2,0.0,0,0.976121,0.909244,0.0,0.0,0.0,0,low_jump,ocp_008::low_jump,0.1,0.05,0.02,0.005,0.03,0.02,1.0,0.0,0.0,1.0,1.0,1.0,0.0,1.0,0.0,1.0,2.0,0.0,0.0,0.0,16.0,40.0,0.0,0.0,0.0,0.0,0.0,0.0,0.0,0.0,0.0,0.0,1.0,0.0,0.27093505859375,0.04218292408200045,64.0,37.0,0.10346588,11.0,2.0,0.0,0.0,0.976121,0.909244,0.0,0.0,0.0,0.976121,0.0,0.976121,0.976121,0.27093505859375,0.27093505859375,0.27093505859375,0.0,0.0,0.0,0.0,0.0,0.0,0.0,0.0,1.0,0.1,0.05,0.02,0.005,0.03,0.02,0.09761210000000001,0.04546220000000001,0.0,0.0,0.32999999999999996,0.04,0.0
ocp_008,Openclipart,fish,mask_fill_edgewalk_nearestrow_rows16_p40,flat_icon_fill,0.04416606,excellent,0.04416606,4,0,0.4955,0,1.0,0.807752,0.0,0.0,0.0,1,low_loss,ocp_008::low_loss,0.0,0.0,0.0,0.0,0.0,0.0,1.0,0.0,0.0,1.0,1.0,1.0,1.0,0.0,0.0,0.0,0.0,0.0,0.0,0.0,16.0,40.0,0.0,0.0,0.0,0.0,0.0,0.0,0.0,0.0,0.0,0.0,1.0,0.0,0.27093505859375,0.04218292408200045,64.0,37.0,0.04416606,4.0,0.0,0.4955,0.0,1.0,0.807752,0.0,0.0,0.0,1.0,0.0,1.0,1.0,0.27093505859375,0.0,0.0,0.0,0.0,0.0,0.0,1.0,0.0,0.0,0.0,0.0,0.0,0.0,0.0,0.0,0.0,0.0,0.0,0.0,0.0,0.0,0.0,0.0,0.04416606
ocp_008,Openclipart,fish,mask_fill_edgewalk_nearestrow_rows16_p40,flat_icon_fill,0.04416606,excellent,0.04416606,4,0,0.4955,0,1.0,0.807752,0.0,0.0,0.0,1,balanced,ocp_008::balanced,0.1,0.05,0.02,0.005,0.003,0.003,1.0,0.0,0.0,1.0,1.0,1.0,1.0,0.0,0.0,0.0,0.0,0.0,0.0,0.0,16.0,40.0,0.0,0.0,0.0,0.0,0.0,0.0,0.0,0.0,0.0,0.0,1.0,0.0,0.27093505859375,0.04218292408200045,64.0,37.0,0.04416606,4.0,0.0,0.4955,0.0,1.0,0.807752,0.0,0.0,0.0,1.0,0.0,1.0,1.0,0.27093505859375,0.0,0.0,0.0,0.0,0.0,0.0,0.0,1.0,0.0,0.0,0.0,0.1,0.05,0.02,0.005,0.003,0.003,0.1,0.0403876,0.00991,0.0,0.012,0.0,0.0
ocp_008,Openclipart,fish,mask_fill_edgewalk_nearestrow_rows16_p40,flat_icon_fill,0.04416606,excellent,0.04416606,4,0,0.4955,0,1.0,0.807752,0.0,0.0,0.0,1,precision,ocp_008::precision,0.1,0.2,0.02,0.005,0.003,0.003,1.0,0.0,0.0,1.0,1.0,1.0,1.0,0.0,0.0,0.0,0.0,0.0,0.0,0.0,16.0,40.0,0.0,0.0,0.0,0.0,0.0,0.0,0.0,0.0,0.0,0.0,1.0,0.0,0.27093505859375,0.04218292408200045,64.0,37.0,0.04416606,4.0,0.0,0.4955,0.0,1.0,0.807752,0.0,0.0,0.0,1.0,0.0,1.0,1.0,0.27093505859375,0.0,0.0,0.0,0.0,0.0,0.0,0.0,0.0,1.0,0.0,0.0,0.1,0.2,0.02,0.005,0.003,0.003,0.1,0.1615504,0.00991,0.0,0.012,0.0,0.0
ocp_008,Openclipart,fish,mask_fill_edgewalk_nearestrow_rows16_p40,flat_icon_fill,0.04416606,excellent,0.04416606,4,0,0.4955,0,1.0,0.807752,0.0,0.0,0.0,1,coverage,ocp_008::coverage,0.35,0.05,0.02,0.005,0.003,0.003,1.0,0.0,0.0,1.0,1.0,1.0,1.0,0.0,0.0,0.0,0.0,0.0,0.0,0.0,16.0,40.0,0.0,0.0,0.0,0.0,0.0,0.0,0.0,0.0,0.0,0.0,1.0,0.0,0.27093505859375,0.04218292408200045,64.0,37.0,0.04416606,4.0,0.0,0.4955,0.0,1.0,0.807752,0.0,0.0,0.0,1.0,0.0,1.0,1.0,0.27093505859375,0.0,0.0,0.0,0.0,0.0,0.0,0.0,0.0,0.0,1.0,0.0,0.35,0.05,0.02,0.005,0.003,0.003,0.35,0.0403876,0.00991,0.0,0.012,0.0,0.0
ocp_008,Openclipart,fish,mask_fill_edgewalk_nearestrow_rows16_p40,flat_icon_fill,0.04416606,excellent,0.04416606,4,0,0.4955,0,1.0,0.807752,0.0,0.0,0.0,1,low_jump,ocp_008::low_jump,0.1,0.05,0.02,0.005,0.03,0.02,1.0,0.0,0.0,1.0,1.0,1.0,1.0,0.0,0.0,0.0,0.0,0.0,0.0,0.0,16.0,40.0,0.0,0.0,0.0,0.0,0.0,0.0,0.0,0.0,0.0,0.0,1.0,0.0,0.27093505859375,0.04218292408200045,64.0,37.0,0.04416606,4.0,0.0,0.4955,0.0,1.0,0.807752,0.0,0.0,0.0,1.0,0.0,1.0,1.0,0.27093505859375,0.0,0.0,0.0,0.0,0.0,0.0,0.0,0.0,0.0,0.0,1.0,0.1,0.05,0.02,0.005,0.03,0.02,0.1,0.0403876,0.00991,0.0,0.12,0.0,0.0
ocp_008,Openclipart,fish,mask_fill_edgewalk_rows16_p40,flat_icon_fill,0.39774147,hard_fail,0.35774147,77,16,1.6268,0,1.0,0.805334,0.0,0.0,0.04,0,low_loss,ocp_008::low_loss,0.0,0.0,0.0,0.0,0.0,0.0,1.0,0.0,0.0,1.0,1.0,0.0,0.0,0.0,0.0,0.0,0.0,0.0,0.0,0.0,16.0,40.0,0.0,0.0,0.0,0.0,0.0,0.0,0.0,0.0,0.0,0.0,1.0,0.0,0.27093505859375,0.04218292408200045,64.0,37.0,0.35774147,77.0,16.0,1.6268,0.0,1.0,0.805334,0.0,0.0,0.0,1.0,0.0,1.0,0.0,0.0,0.0,0.0,0.0,0.0,0.0,0.0,1.0,0.0,0.0,0.0,0.0,0.0,0.0,0.0,0.0,0.0,0.0,0.0,0.0,0.0,0.0,0.0,0.0,0.35774147
ocp_008,Openclipart,fish,mask_fill_edgewalk_rows16_p40,flat_icon_fill,0.39774147,hard_fail,0.35774147,77,16,1.6268,0,1.0,0.805334,0.0,0.0,0.04,0,balanced,ocp_008::balanced,0.1,0.05,0.02,0.005,0.003,0.003,1.0,0.0,0.0,1.0,1.0,0.0,0.0,0.0,0.0,0.0,0.0,0.0,0.0,0.0,16.0,40.0,0.0,0.0,0.0,0.0,0.0,0.0,0.0,0.0,0.0,0.0,1.0,0.0,0.27093505859375,0.04218292408200045,64.0,37.0,0.35774147,77.0,16.0,1.6268,0.0,1.0,0.805334,0.0,0.0,0.0,1.0,0.0,1.0,0.0,0.0,0.0,0.0,0.0,0.0,0.0,0.0,0.0,1.0,0.0,0.0,0.0,0.1,0.05,0.02,0.005,0.003,0.003,0.1,0.0402667,0.032536,0.0,0.231,0.048,0.0
ocp_008,Openclipart,fish,mask_fill_edgewalk_rows16_p40,flat_icon_fill,0.39774147,hard_fail,0.35774147,77,16,1.6268,0,1.0,0.805334,0.0,0.0,0.04,0,precision,ocp_008::precision,0.1,0.2,0.02,0.005,0.003,0.003,1.0,0.0,0.0,1.0,1.0,0.0,0.0,0.0,0.0,0.0,0.0,0.0,0.0,0.0,16.0,40.0,0.0,0.0,0.0,0.0,0.0,0.0,0.0,0.0,0.0,0.0,1.0,0.0,0.27093505859375,0.04218292408200045,64.0,37.0,0.35774147,77.0,16.0,1.6268,0.0,1.0,0.805334,0.0,0.0,0.0,1.0,0.0,1.0,0.0,0.0,0.0,0.0,0.0,0.0,0.0,0.0,0.0,0.0,1.0,0.0,0.0,0.1,0.2,0.02,0.005,0.003,0.003,0.1,0.1610668,0.032536,0.0,0.231,0.048,0.0
ocp_008,Openclipart,fish,mask_fill_edgewalk_rows16_p40,flat_icon_fill,0.39774147,hard_fail,0.35774147,77,16,1.6268,0,1.0,0.805334,0.0,0.0,0.04,0,coverage,ocp_008::coverage,0.35,0.05,0.02,0.005,0.003,0.003,1.0,0.0,0.0,1.0,1.0,0.0,0.0,0.0,0.0,0.0,0.0,0.0,0.0,0.0,16.0,40.0,0.0,0.0,0.0,0.0,0.0,0.0,0.0,0.0,0.0,0.0,1.0,0.0,0.27093505859375,0.04218292408200045,64.0,37.0,0.35774147,77.0,16.0,1.6268,0.0,1.0,0.805334,0.0,0.0,0.0,1.0,0.0,1.0,0.0,0.0,0.0,0.0,0.0,0.0,0.0,0.0,0.0,0.0,0.0,1.0,0.0,0.35,0.05,0.02,0.005,0.003,0.003,0.35,0.0402667,0.032536,0.0,0.231,0.048,0.0
ocp_008,Openclipart,fish,mask_fill_edgewalk_rows16_p40,flat_icon_fill,0.39774147,hard_fail,0.35774147,77,16,1.6268,0,1.0,0.805334,0.0,0.0,0.04,0,low_jump,ocp_008::low_jump,0.1,0.05,0.02,0.005,0.03,0.02,1.0,0.0,0.0,1.0,1.0,0.0,0.0,0.0,0.0,0.0,0.0,0.0,0.0,0.0,16.0,40.0,0.0,0.0,0.0,0.0,0.0,0.0,0.0,0.0,0.0,0.0,1.0,0.0,0.27093505859375,0.04218292408200045,64.0,37.0,0.35774147,77.0,16.0,1.6268,0.0,1.0,0.805334,0.0,0.0,0.0,1.0,0.0,1.0,0.0,0.0,0.0,0.0,0.0,0.0,0.0,0.0,0.0,0.0,0.0,0.0,1.0,0.1,0.05,0.02,0.005,0.03,0.02,0.1,0.0402667,0.032536,0.0,2.31,0.32,0.0
ocp_008,Openclipart,fish,auto_evalrepair_r10_c20,flat_icon_fill,0.40485706,hard_fail,0.36485706,5,4,70.2628,10,0.868889,0.945691,0.0,0.0,0.04,0,low_loss,ocp_008::low_loss,0.0,0.0,0.0,0.0,0.0,0.0,1.0,0.0,1.0,0.0,0.0,0.0,0.0,0.0,0.0,0.0,0.0,0.0,0.0,0.0,0.0,0.0,0.0,0.0,0.0,0.0,0.0,0.0,0.0,0.0,0.0,0.0,1.0,0.0,0.27093505859375,0.04218292408200045,64.0,37.0,0.36485706,5.0,4.0,70.2628,10.0,0.868889,0.945691,0.0,0.0,0.868889,0.0,0.0,0.0,0.0,0.0,0.0,0.0,0.0,0.0,0.0,0.0,1.0,0.0,0.0,0.0,0.0,0.0,0.0,0.0,0.0,0.0,0.0,0.0,0.0,0.0,0.0,0.0,0.0,0.36485706
ocp_008,Openclipart,fish,auto_evalrepair_r10_c20,flat_icon_fill,0.40485706,hard_fail,0.36485706,5,4,70.2628,10,0.868889,0.945691,0.0,0.0,0.04,0,balanced,ocp_008::balanced,0.1,0.05,0.02,0.005,0.003,0.003,1.0,0.0,1.0,0.0,0.0,0.0,0.0,0.0,0.0,0.0,0.0,0.0,0.0,0.0,0.0,0.0,0.0,0.0,0.0,0.0,0.0,0.0,0.0,0.0,0.0,0.0,1.0,0.0,0.27093505859375,0.04218292408200045,64.0,37.0,0.36485706,5.0,4.0,70.2628,10.0,0.868889,0.945691,0.0,0.0,0.868889,0.0,0.0,0.0,0.0,0.0,0.0,0.0,0.0,0.0,0.0,0.0,0.0,1.0,0.0,0.0,0.0,0.1,0.05,0.02,0.005,0.003,0.003,0.0868889,0.04728455,1.405256,0.05,0.015,0.012,0.0
ocp_008,Openclipart,fish,auto_evalrepair_r10_c20,flat_icon_fill,0.40485706,hard_fail,0.36485706,5,4,70.2628,10,0.868889,0.945691,0.0,0.0,0.04,0,precision,ocp_008::precision,0.1,0.2,0.02,0.005,0.003,0.003,1.0,0.0,1.0,0.0,0.0,0.0,0.0,0.0,0.0,0.0,0.0,0.0,0.0,0.0,0.0,0.0,0.0,0.0,0.0,0.0,0.0,0.0,0.0,0.0,0.0,0.0,1.0,0.0,0.27093505859375,0.04218292408200045,64.0,37.0,0.36485706,5.0,4.0,70.2628,10.0,0.868889,0.945691,0.0,0.0,0.868889,0.0,0.0,0.0,0.0,0.0,0.0,0.0,0.0,0.0,0.0,0.0,0.0,0.0,1.0,0.0,0.0,0.1,0.2,0.02,0.005,0.003,0.003,0.0868889,0.1891382,1.405256,0.05,0.015,0.012,0.0
ocp_008,Openclipart,fish,auto_evalrepair_r10_c20,flat_icon_fill,0.40485706,hard_fail,0.36485706,5,4,70.2628,10,0.868889,0.945691,0.0,0.0,0.04,0,coverage,ocp_008::coverage,0.35,0.05,0.02,0.005,0.003,0.003,1.0,0.0,1.0,0.0,0.0,0.0,0.0,0.0,0.0,0.0,0.0,0.0,0.0,0.0,0.0,0.0,0.0,0.0,0.0,0.0,0.0,0.0,0.0,0.0,0.0,0.0,1.0,0.0,0.27093505859375,0.04218292408200045,64.0,37.0,0.36485706,5.0,4.0,70.2628,10.0,0.868889,0.945691,0.0,0.0,0.868889,0.0,0.0,0.0,0.0,0.0,0.0,0.0,0.0,0.0,0.0,0.0,0.0,0.0,0.0,1.0,0.0,0.35,0.05,0.02,0.005,0.003,0.003,0.30411115,0.04728455,1.405256,0.05,0.015,0.012,0.0
ocp_008,Openclipart,fish,auto_evalrepair_r10_c20,flat_icon_fill,0.40485706,hard_fail,0.36485706,5,4,70.2628,10,0.868889,0.945691,0.0,0.0,0.04,0,low_jump,ocp_008::low_jump,0.1,0.05,0.02,0.005,0.03,0.02,1.0,0.0,1.0,0.0,0.0,0.0,0.0,0.0,0.0,0.0,0.0,0.0,0.0,0.0,0.0,0.0,0.0,0.0,0.0,0.0,0.0,0.0,0.0,0.0,0.0,0.0,1.0,0.0,0.27093505859375,0.04218292408200045,64.0,37.0,0.36485706,5.0,4.0,70.2628,10.0,0.868889,0.945691,0.0,0.0,0.868889,0.0,0.0,0.0,0.0,0.0,0.0,0.0,0.0,0.0,0.0,0.0,0.0,0.0,0.0,0.0,1.0,0.1,0.05,0.02,0.005,0.03,0.02,0.0868889,0.04728455,1.405256,0.05,0.15,0.08,0.0
ocp_008,Openclipart,fish,skeleton_c30_m20,flat_icon_fill,0.28700153,pass,0.10601473,12,1,0.0,0,0.297533,0.9,0.452467,0.0,0.0,0,low_loss,ocp_008::low_loss,0.0,0.0,0.0,0.0,0.0,0.0,1.0,1.0,0.0,0.0,0.0,0.0,0.0,0.0,0.0,0.0,0.0,0.0,0.0,0.0,0.0,0.0,0.0,0.0,0.0,0.0,0.0,0.0,0.0,0.0,0.0,0.0,1.0,0.0,0.27093505859375,0.04218292408200045,64.0,37.0,0.10601473,12.0,1.0,0.0,0.0,0.297533,0.9,0.0,0.297533,0.0,0.0,0.0,0.0,0.0,0.0,0.0,0.0,0.0,0.0,0.0,0.0,1.0,0.0,0.0,0.0,0.0,0.0,0.0,0.0,0.0,0.0,0.0,0.0,0.0,0.0,0.0,0.0,0.0,0.10601473
ocp_008,Openclipart,fish,skeleton_c30_m20,flat_icon_fill,0.28700153,pass,0.10601473,12,1,0.0,0,0.297533,0.9,0.452467,0.0,0.0,0,balanced,ocp_008::balanced,0.1,0.05,0.02,0.005,0.003,0.003,1.0,1.0,0.0,0.0,0.0,0.0,0.0,0.0,0.0,0.0,0.0,0.0,0.0,0.0,0.0,0.0,0.0,0.0,0.0,0.0,0.0,0.0,0.0,0.0,0.0,0.0,1.0,0.0,0.27093505859375,0.04218292408200045,64.0,37.0,0.10601473,12.0,1.0,0.0,0.0,0.297533,0.9,0.0,0.297533,0.0,0.0,0.0,0.0,0.0,0.0,0.0,0.0,0.0,0.0,0.0,0.0,0.0,1.0,0.0,0.0,0.0,0.1,0.05,0.02,0.005,0.003,0.003,0.0297533,0.045000000000000005,0.0,0.0,0.036000000000000004,0.003,0.0
ocp_008,Openclipart,fish,skeleton_c30_m20,flat_icon_fill,0.28700153,pass,0.10601473,12,1,0.0,0,0.297533,0.9,0.452467,0.0,0.0,0,precision,ocp_008::precision,0.1,0.2,0.02,0.005,0.003,0.003,1.0,1.0,0.0,0.0,0.0,0.0,0.0,0.0,0.0,0.0,0.0,0.0,0.0,0.0,0.0,0.0,0.0,0.0,0.0,0.0,0.0,0.0,0.0,0.0,0.0,0.0,1.0,0.0,0.27093505859375,0.04218292408200045,64.0,37.0,0.10601473,12.0,1.0,0.0,0.0,0.297533,0.9,0.0,0.297533,0.0,0.0,0.0,0.0,0.0,0.0,0.0,0.0,0.0,0.0,0.0,0.0,0.0,0.0,1.0,0.0,0.0,0.1,0.2,0.02,0.005,0.003,0.003,0.0297533,0.18000000000000002,0.0,0.0,0.036000000000000004,0.003,0.0
ocp_008,Openclipart,fish,skeleton_c30_m20,flat_icon_fill,0.28700153,pass,0.10601473,12,1,0.0,0,0.297533,0.9,0.452467,0.0,0.0,0,coverage,ocp_008::coverage,0.35,0.05,0.02,0.005,0.003,0.003,1.0,1.0,0.0,0.0,0.0,0.0,0.0,0.0,0.0,0.0,0.0,0.0,0.0,0.0,0.0,0.0,0.0,0.0,0.0,0.0,0.0,0.0,0.0,0.0,0.0,0.0,1.0,0.0,0.27093505859375,0.04218292408200045,64.0,37.0,0.10601473,12.0,1.0,0.0,0.0,0.297533,0.9,0.0,0.297533,0.0,0.0,0.0,0.0,0.0,0.0,0.0,0.0,0.0,0.0,0.0,0.0,0.0,0.0,0.0,1.0,0.0,0.35,0.05,0.02,0.005,0.003,0.003,0.10413655,0.045000000000000005,0.0,0.0,0.036000000000000004,0.003,0.0
ocp_008,Openclipart,fish,skeleton_c30_m20,flat_icon_fill,0.28700153,pass,0.10601473,12,1,0.0,0,0.297533,0.9,0.452467,0.0,0.0,0,low_jump,ocp_008::low_jump,0.1,0.05,0.02,0.005,0.03,0.02,1.0,1.0,0.0,0.0,0.0,0.0,0.0,0.0,0.0,0.0,0.0,0.0,0.0,0.0,0.0,0.0,0.0,0.0,0.0,0.0,0.0,0.0,0.0,0.0,0.0,0.0,1.0,0.0,0.27093505859375,0.04218292408200045,64.0,37.0,0.10601473,12.0,1.0,0.0,0.0,0.297533,0.9,0.0,0.297533,0.0,0.0,0.0,0.0,0.0,0.0,0.0,0.0,0.0,0.0,0.0,0.0,0.0,0.0,0.0,0.0,1.0,0.1,0.05,0.02,0.005,0.03,0.02,0.0297533,0.045000000000000005,0.0,0.0,0.36,0.02,0.0
ocp_008,Openclipart,fish,skeleton_c30_m4,flat_icon_fill,0.27284317,warning,0.14736437,17,1,0.0,0,0.436303,0.907355,0.313697,0.0,0.0,0,low_loss,ocp_008::low_loss,0.0,0.0,0.0,0.0,0.0,0.0,1.0,1.0,0.0,0.0,0.0,0.0,0.0,0.0,0.0,0.0,0.0,0.0,0.0,0.0,0.0,0.0,0.0,0.0,0.0,0.0,0.0,0.0,0.0,0.0,0.0,0.0,1.0,0.0,0.27093505859375,0.04218292408200045,64.0,37.0,0.14736437,17.0,1.0,0.0,0.0,0.436303,0.907355,0.0,0.436303,0.0,0.0,0.0,0.0,0.0,0.0,0.0,0.0,0.0,0.0,0.0,0.0,1.0,0.0,0.0,0.0,0.0,0.0,0.0,0.0,0.0,0.0,0.0,0.0,0.0,0.0,0.0,0.0,0.0,0.14736437
ocp_008,Openclipart,fish,skeleton_c30_m4,flat_icon_fill,0.27284317,warning,0.14736437,17,1,0.0,0,0.436303,0.907355,0.313697,0.0,0.0,0,balanced,ocp_008::balanced,0.1,0.05,0.02,0.005,0.003,0.003,1.0,1.0,0.0,0.0,0.0,0.0,0.0,0.0,0.0,0.0,0.0,0.0,0.0,0.0,0.0,0.0,0.0,0.0,0.0,0.0,0.0,0.0,0.0,0.0,0.0,0.0,1.0,0.0,0.27093505859375,0.04218292408200045,64.0,37.0,0.14736437,17.0,1.0,0.0,0.0,0.436303,0.907355,0.0,0.436303,0.0,0.0,0.0,0.0,0.0,0.0,0.0,0.0,0.0,0.0,0.0,0.0,0.0,1.0,0.0,0.0,0.0,0.1,0.05,0.02,0.005,0.003,0.003,0.043630300000000004,0.045367750000000005,0.0,0.0,0.051000000000000004,0.003,0.0
ocp_008,Openclipart,fish,skeleton_c30_m4,flat_icon_fill,0.27284317,warning,0.14736437,17,1,0.0,0,0.436303,0.907355,0.313697,0.0,0.0,0,precision,ocp_008::precision,0.1,0.2,0.02,0.005,0.003,0.003,1.0,1.0,0.0,0.0,0.0,0.0,0.0,0.0,0.0,0.0,0.0,0.0,0.0,0.0,0.0,0.0,0.0,0.0,0.0,0.0,0.0,0.0,0.0,0.0,0.0,0.0,1.0,0.0,0.27093505859375,0.04218292408200045,64.0,37.0,0.14736437,17.0,1.0,0.0,0.0,0.436303,0.907355,0.0,0.436303,0.0,0.0,0.0,0.0,0.0,0.0,0.0,0.0,0.0,0.0,0.0,0.0,0.0,0.0,1.0,0.0,0.0,0.1,0.2,0.02,0.005,0.003,0.003,0.043630300000000004,0.18147100000000002,0.0,0.0,0.051000000000000004,0.003,0.0
ocp_008,Openclipart,fish,skeleton_c30_m4,flat_icon_fill,0.27284317,warning,0.14736437,17,1,0.0,0,0.436303,0.907355,0.313697,0.0,0.0,0,coverage,ocp_008::coverage,0.35,0.05,0.02,0.005,0.003,0.003,1.0,1.0,0.0,0.0,0.0,0.0,0.0,0.0,0.0,0.0,0.0,0.0,0.0,0.0,0.0,0.0,0.0,0.0,0.0,0.0,0.0,0.0,0.0,0.0,0.0,0.0,1.0,0.0,0.27093505859375,0.04218292408200045,64.0,37.0,0.14736437,17.0,1.0,0.0,0.0,0.436303,0.907355,0.0,0.436303,0.0,0.0,0.0,0.0,0.0,0.0,0.0,0.0,0.0,0.0,0.0,0.0,0.0,0.0,0.0,1.0,0.0,0.35,0.05,0.02,0.005,0.003,0.003,0.15270604999999998,0.045367750000000005,0.0,0.0,0.051000000000000004,0.003,0.0
ocp_008,Openclipart,fish,skeleton_c30_m4,flat_icon_fill,0.27284317,warning,0.14736437,17,1,0.0,0,0.436303,0.907355,0.313697,0.0,0.0,0,low_jump,ocp_008::low_jump,0.1,0.05,0.02,0.005,0.03,0.02,1.0,1.0,0.0,0.0,0.0,0.0,0.0,0.0,0.0,0.0,0.0,0.0,0.0,0.0,0.0,0.0,0.0,0.0,0.0,0.0,0.0,0.0,0.0,0.0,0.0,0.0,1.0,0.0,0.27093505859375,0.04218292408200045,64.0,37.0,0.14736437,17.0,1.0,0.0,0.0,0.436303,0.907355,0.0,0.436303,0.0,0.0,0.0,0.0,0.0,0.0,0.0,0.0,0.0,0.0,0.0,0.0,0.0,0.0,0.0,0.0,1.0,0.1,0.05,0.02,0.005,0.03,0.02,0.043630300000000004,0.045367750000000005,0.0,0.0,0.51,0.02,0.0
ocp_008,Openclipart,fish,mask_fill_edgewalk_nearestrow_safeadt_t2m5_r055_a64_rows16_p40,flat_icon_fill,0.1052326,pass,0.1052326,12,1,0.0,0,0.997409,0.859375,0.0,0.0,0.0,0,low_loss,ocp_008::low_loss,0.0,0.0,0.0,0.0,0.0,0.0,1.0,0.0,0.0,1.0,1.0,1.0,1.0,0.0,0.0,0.0,0.0,0.0,0.0,0.0,16.0,40.0,0.0,0.0,0.0,0.0,0.0,0.0,0.0,0.0,0.0,0.0,1.0,0.0,0.27093505859375,0.04218292408200045,64.0,37.0,0.1052326,12.0,1.0,0.0,0.0,0.997409,0.859375,0.0,0.0,0.0,0.997409,0.0,0.997409,0.997409,0.27093505859375,0.0,0.0,0.0,0.0,0.0,0.0,1.0,0.0,0.0,0.0,0.0,0.0,0.0,0.0,0.0,0.0,0.0,0.0,0.0,0.0,0.0,0.0,0.0,0.1052326
ocp_008,Openclipart,fish,mask_fill_edgewalk_nearestrow_safeadt_t2m5_r055_a64_rows16_p40,flat_icon_fill,0.1052326,pass,0.1052326,12,1,0.0,0,0.997409,0.859375,0.0,0.0,0.0,0,balanced,ocp_008::balanced,0.1,0.05,0.02,0.005,0.003,0.003,1.0,0.0,0.0,1.0,1.0,1.0,1.0,0.0,0.0,0.0,0.0,0.0,0.0,0.0,16.0,40.0,0.0,0.0,0.0,0.0,0.0,0.0,0.0,0.0,0.0,0.0,1.0,0.0,0.27093505859375,0.04218292408200045,64.0,37.0,0.1052326,12.0,1.0,0.0,0.0,0.997409,0.859375,0.0,0.0,0.0,0.997409,0.0,0.997409,0.997409,0.27093505859375,0.0,0.0,0.0,0.0,0.0,0.0,0.0,1.0,0.0,0.0,0.0,0.1,0.05,0.02,0.005,0.003,0.003,0.09974090000000001,0.04296875,0.0,0.0,0.036000000000000004,0.003,0.0
ocp_008,Openclipart,fish,mask_fill_edgewalk_nearestrow_safeadt_t2m5_r055_a64_rows16_p40,flat_icon_fill,0.1052326,pass,0.1052326,12,1,0.0,0,0.997409,0.859375,0.0,0.0,0.0,0,precision,ocp_008::precision,0.1,0.2,0.02,0.005,0.003,0.003,1.0,0.0,0.0,1.0,1.0,1.0,1.0,0.0,0.0,0.0,0.0,0.0,0.0,0.0,16.0,40.0,0.0,0.0,0.0,0.0,0.0,0.0,0.0,0.0,0.0,0.0,1.0,0.0,0.27093505859375,0.04218292408200045,64.0,37.0,0.1052326,12.0,1.0,0.0,0.0,0.997409,0.859375,0.0,0.0,0.0,0.997409,0.0,0.997409,0.997409,0.27093505859375,0.0,0.0,0.0,0.0,0.0,0.0,0.0,0.0,1.0,0.0,0.0,0.1,0.2,0.02,0.005,0.003,0.003,0.09974090000000001,0.171875,0.0,0.0,0.036000000000000004,0.003,0.0
ocp_008,Openclipart,fish,mask_fill_edgewalk_nearestrow_safeadt_t2m5_r055_a64_rows16_p40,flat_icon_fill,0.1052326,pass,0.1052326,12,1,0.0,0,0.997409,0.859375,0.0,0.0,0.0,0,coverage,ocp_008::coverage,0.35,0.05,0.02,0.005,0.003,0.003,1.0,0.0,0.0,1.0,1.0,1.0,1.0,0.0,0.0,0.0,0.0,0.0,0.0,0.0,16.0,40.0,0.0,0.0,0.0,0.0,0.0,0.0,0.0,0.0,0.0,0.0,1.0,0.0,0.27093505859375,0.04218292408200045,64.0,37.0,0.1052326,12.0,1.0,0.0,0.0,0.997409,0.859375,0.0,0.0,0.0,0.997409,0.0,0.997409,0.997409,0.27093505859375,0.0,0.0,0.0,0.0,0.0,0.0,0.0,0.0,0.0,1.0,0.0,0.35,0.05,0.02,0.005,0.003,0.003,0.34909314999999996,0.04296875,0.0,0.0,0.036000000000000004,0.003,0.0
ocp_008,Openclipart,fish,mask_fill_edgewalk_nearestrow_safeadt_t2m5_r055_a64_rows16_p40,flat_icon_fill,0.1052326,pass,0.1052326,12,1,0.0,0,0.997409,0.859375,0.0,0.0,0.0,0,low_jump,ocp_008::low_jump,0.1,0.05,0.02,0.005,0.03,0.02,1.0,0.0,0.0,1.0,1.0,1.0,1.0,0.0,0.0,0.0,0.0,0.0,0.0,0.0,16.0,40.0,0.0,0.0,0.0,0.0,0.0,0.0,0.0,0.0,0.0,0.0,1.0,0.0,0.27093505859375,0.04218292408200045,64.0,37.0,0.1052326,12.0,1.0,0.0,0.0,0.997409,0.859375,0.0,0.0,0.0,0.997409,0.0,0.997409,0.997409,0.27093505859375,0.0,0.0,0.0,0.0,0.0,0.0,0.0,0.0,0.0,0.0,1.0,0.1,0.05,0.02,0.005,0.03,0.02,0.09974090000000001,0.04296875,0.0,0.0,0.36,0.02,0.0
ocp_009,Openclipart,flower_2,mask_fill_edgewalk_nearestrow_inset1_rows16_p40,flat_icon_fill,0.02474275,excellent,0.02474275,3,0,0.0,0,0.99727,0.765745,0.0,0.0,0.0,1,low_loss,ocp_009::low_loss,0.0,0.0,0.0,0.0,0.0,0.0,1.0,0.0,0.0,1.0,1.0,1.0,0.0,1.0,1.0,0.0,1.0,0.0,0.0,0.0,16.0,40.0,0.0,0.0,0.0,0.0,0.0,0.0,0.0,0.0,0.0,0.0,0.55,0.45,0.234771728515625,0.07773300402963733,110.0,62.0,0.02474275,3.0,0.0,0.0,0.0,0.99727,0.765745,0.0,0.0,0.0,0.99727,0.45,0.99727,0.99727,0.234771728515625,0.234771728515625,0.0,0.0,0.0,0.0,0.0,1.0,0.0,0.0,0.0,0.0,0.0,0.0,0.0,0.0,0.0,0.0,0.0,0.0,0.0,0.0,0.0,0.0,0.02474275
ocp_009,Openclipart,flower_2,mask_fill_edgewalk_nearestrow_inset1_rows16_p40,flat_icon_fill,0.02474275,excellent,0.02474275,3,0,0.0,0,0.99727,0.765745,0.0,0.0,0.0,1,balanced,ocp_009::balanced,0.1,0.05,0.02,0.005,0.003,0.003,1.0,0.0,0.0,1.0,1.0,1.0,0.0,1.0,1.0,0.0,1.0,0.0,0.0,0.0,16.0,40.0,0.0,0.0,0.0,0.0,0.0,0.0,0.0,0.0,0.0,0.0,0.55,0.45,0.234771728515625,0.07773300402963733,110.0,62.0,0.02474275,3.0,0.0,0.0,0.0,0.99727,0.765745,0.0,0.0,0.0,0.99727,0.45,0.99727,0.99727,0.234771728515625,0.234771728515625,0.0,0.0,0.0,0.0,0.0,0.0,1.0,0.0,0.0,0.0,0.1,0.05,0.02,0.005,0.003,0.003,0.09972700000000001,0.03828725,0.0,0.0,0.009000000000000001,0.0,0.0
ocp_009,Openclipart,flower_2,mask_fill_edgewalk_nearestrow_inset1_rows16_p40,flat_icon_fill,0.02474275,excellent,0.02474275,3,0,0.0,0,0.99727,0.765745,0.0,0.0,0.0,1,precision,ocp_009::precision,0.1,0.2,0.02,0.005,0.003,0.003,1.0,0.0,0.0,1.0,1.0,1.0,0.0,1.0,1.0,0.0,1.0,0.0,0.0,0.0,16.0,40.0,0.0,0.0,0.0,0.0,0.0,0.0,0.0,0.0,0.0,0.0,0.55,0.45,0.234771728515625,0.07773300402963733,110.0,62.0,0.02474275,3.0,0.0,0.0,0.0,0.99727,0.765745,0.0,0.0,0.0,0.99727,0.45,0.99727,0.99727,0.234771728515625,0.234771728515625,0.0,0.0,0.0,0.0,0.0,0.0,0.0,1.0,0.0,0.0,0.1,0.2,0.02,0.005,0.003,0.003,0.09972700000000001,0.153149,0.0,0.0,0.009000000000000001,0.0,0.0
ocp_009,Openclipart,flower_2,mask_fill_edgewalk_nearestrow_inset1_rows16_p40,flat_icon_fill,0.02474275,excellent,0.02474275,3,0,0.0,0,0.99727,0.765745,0.0,0.0,0.0,1,coverage,ocp_009::coverage,0.35,0.05,0.02,0.005,0.003,0.003,1.0,0.0,0.0,1.0,1.0,1.0,0.0,1.0,1.0,0.0,1.0,0.0,0.0,0.0,16.0,40.0,0.0,0.0,0.0,0.0,0.0,0.0,0.0,0.0,0.0,0.0,0.55,0.45,0.234771728515625,0.07773300402963733,110.0,62.0,0.02474275,3.0,0.0,0.0,0.0,0.99727,0.765745,0.0,0.0,0.0,0.99727,0.45,0.99727,0.99727,0.234771728515625,0.234771728515625,0.0,0.0,0.0,0.0,0.0,0.0,0.0,0.0,1.0,0.0,0.35,0.05,0.02,0.005,0.003,0.003,0.3490445,0.03828725,0.0,0.0,0.009000000000000001,0.0,0.0
ocp_009,Openclipart,flower_2,mask_fill_edgewalk_nearestrow_inset1_rows16_p40,flat_icon_fill,0.02474275,excellent,0.02474275,3,0,0.0,0,0.99727,0.765745,0.0,0.0,0.0,1,low_jump,ocp_009::low_jump,0.1,0.05,0.02,0.005,0.03,0.02,1.0,0.0,0.0,1.0,1.0,1.0,0.0,1.0,1.0,0.0,1.0,0.0,0.0,0.0,16.0,40.0,0.0,0.0,0.0,0.0,0.0,0.0,0.0,0.0,0.0,0.0,0.55,0.45,0.234771728515625,0.07773300402963733,110.0,62.0,0.02474275,3.0,0.0,0.0,0.0,0.99727,0.765745,0.0,0.0,0.0,0.99727,0.45,0.99727,0.99727,0.234771728515625,0.234771728515625,0.0,0.0,0.0,0.0,0.0,0.0,0.0,0.0,0.0,1.0,0.1,0.05,0.02,0.005,0.03,0.02,0.09972700000000001,0.03828725,0.0,0.0,0.09,0.0,0.0
ocp_009,Openclipart,flower_2,mask_fill_edgewalk_nearestrow_inset2_rows16_p40,flat_icon_fill,0.06442548,excellent,0.06442548,7,1,0.0,0,0.954244,0.843066,0.0,0.0,0.0,0,low_loss,ocp_009::low_loss,0.0,0.0,0.0,0.0,0.0,0.0,1.0,0.0,0.0,1.0,1.0,1.0,0.0,1.0,0.0,1.0,2.0,0.0,0.0,0.0,16.0,40.0,0.0,0.0,0.0,0.0,0.0,0.0,0.0,0.0,0.0,0.0,0.55,0.45,0.234771728515625,0.07773300402963733,110.0,62.0,0.06442548,7.0,1.0,0.0,0.0,0.954244,0.843066,0.0,0.0,0.0,0.954244,0.45,0.954244,0.954244,0.234771728515625,0.234771728515625,0.234771728515625,0.0,0.0,0.0,0.0,1.0,0.0,0.0,0.0,0.0,0.0,0.0,0.0,0.0,0.0,0.0,0.0,0.0,0.0,0.0,0.0,0.0,0.06442548
ocp_009,Openclipart,flower_2,mask_fill_edgewalk_nearestrow_inset2_rows16_p40,flat_icon_fill,0.06442548,excellent,0.06442548,7,1,0.0,0,0.954244,0.843066,0.0,0.0,0.0,0,balanced,ocp_009::balanced,0.1,0.05,0.02,0.005,0.003,0.003,1.0,0.0,0.0,1.0,1.0,1.0,0.0,1.0,0.0,1.0,2.0,0.0,0.0,0.0,16.0,40.0,0.0,0.0,0.0,0.0,0.0,0.0,0.0,0.0,0.0,0.0,0.55,0.45,0.234771728515625,0.07773300402963733,110.0,62.0,0.06442548,7.0,1.0,0.0,0.0,0.954244,0.843066,0.0,0.0,0.0,0.954244,0.45,0.954244,0.954244,0.234771728515625,0.234771728515625,0.234771728515625,0.0,0.0,0.0,0.0,0.0,1.0,0.0,0.0,0.0,0.1,0.05,0.02,0.005,0.003,0.003,0.0954244,0.042153300000000005,0.0,0.0,0.021,0.003,0.0
ocp_009,Openclipart,flower_2,mask_fill_edgewalk_nearestrow_inset2_rows16_p40,flat_icon_fill,0.06442548,excellent,0.06442548,7,1,0.0,0,0.954244,0.843066,0.0,0.0,0.0,0,precision,ocp_009::precision,0.1,0.2,0.02,0.005,0.003,0.003,1.0,0.0,0.0,1.0,1.0,1.0,0.0,1.0,0.0,1.0,2.0,0.0,0.0,0.0,16.0,40.0,0.0,0.0,0.0,0.0,0.0,0.0,0.0,0.0,0.0,0.0,0.55,0.45,0.234771728515625,0.07773300402963733,110.0,62.0,0.06442548,7.0,1.0,0.0,0.0,0.954244,0.843066,0.0,0.0,0.0,0.954244,0.45,0.954244,0.954244,0.234771728515625,0.234771728515625,0.234771728515625,0.0,0.0,0.0,0.0,0.0,0.0,1.0,0.0,0.0,0.1,0.2,0.02,0.005,0.003,0.003,0.0954244,0.16861320000000002,0.0,0.0,0.021,0.003,0.0
ocp_009,Openclipart,flower_2,mask_fill_edgewalk_nearestrow_inset2_rows16_p40,flat_icon_fill,0.06442548,excellent,0.06442548,7,1,0.0,0,0.954244,0.843066,0.0,0.0,0.0,0,coverage,ocp_009::coverage,0.35,0.05,0.02,0.005,0.003,0.003,1.0,0.0,0.0,1.0,1.0,1.0,0.0,1.0,0.0,1.0,2.0,0.0,0.0,0.0,16.0,40.0,0.0,0.0,0.0,0.0,0.0,0.0,0.0,0.0,0.0,0.0,0.55,0.45,0.234771728515625,0.07773300402963733,110.0,62.0,0.06442548,7.0,1.0,0.0,0.0,0.954244,0.843066,0.0,0.0,0.0,0.954244,0.45,0.954244,0.954244,0.234771728515625,0.234771728515625,0.234771728515625,0.0,0.0,0.0,0.0,0.0,0.0,0.0,1.0,0.0,0.35,0.05,0.02,0.005,0.003,0.003,0.3339854,0.042153300000000005,0.0,0.0,0.021,0.003,0.0
ocp_009,Openclipart,flower_2,mask_fill_edgewalk_nearestrow_inset2_rows16_p40,flat_icon_fill,0.06442548,excellent,0.06442548,7,1,0.0,0,0.954244,0.843066,0.0,0.0,0.0,0,low_jump,ocp_009::low_jump,0.1,0.05,0.02,0.005,0.03,0.02,1.0,0.0,0.0,1.0,1.0,1.0,0.0,1.0,0.0,1.0,2.0,0.0,0.0,0.0,16.0,40.0,0.0,0.0,0.0,0.0,0.0,0.0,0.0,0.0,0.0,0.0,0.55,0.45,0.234771728515625,0.07773300402963733,110.0,62.0,0.06442548,7.0,1.0,0.0,0.0,0.954244,0.843066,0.0,0.0,0.0,0.954244,0.45,0.954244,0.954244,0.234771728515625,0.234771728515625,0.234771728515625,0.0,0.0,0.0,0.0,0.0,0.0,0.0,0.0,1.0,0.1,0.05,0.02,0.005,0.03,0.02,0.0954244,0.042153300000000005,0.0,0.0,0.21,0.02,0.0
ocp_009,Openclipart,flower_2,mask_fill_edgewalk_nearestrow_rows16_p40,flat_icon_fill,0.07523601,excellent,0.07523601,7,1,0.4955,0,0.99896,0.715849,0.0,0.0,0.0,0,low_loss,ocp_009::low_loss,0.0,0.0,0.0,0.0,0.0,0.0,1.0,0.0,0.0,1.0,1.0,1.0,1.0,0.0,0.0,0.0,0.0,0.0,0.0,0.0,16.0,40.0,0.0,0.0,0.0,0.0,0.0,0.0,0.0,0.0,0.0,0.0,0.55,0.45,0.234771728515625,0.07773300402963733,110.0,62.0,0.07523601,7.0,1.0,0.4955,0.0,0.99896,0.715849,0.0,0.0,0.0,0.99896,0.45,0.99896,0.99896,0.234771728515625,0.0,0.0,0.0,0.0,0.0,0.0,1.0,0.0,0.0,0.0,0.0,0.0,0.0,0.0,0.0,0.0,0.0,0.0,0.0,0.0,0.0,0.0,0.0,0.07523601
ocp_009,Openclipart,flower_2,mask_fill_edgewalk_nearestrow_rows16_p40,flat_icon_fill,0.07523601,excellent,0.07523601,7,1,0.4955,0,0.99896,0.715849,0.0,0.0,0.0,0,balanced,ocp_009::balanced,0.1,0.05,0.02,0.005,0.003,0.003,1.0,0.0,0.0,1.0,1.0,1.0,1.0,0.0,0.0,0.0,0.0,0.0,0.0,0.0,16.0,40.0,0.0,0.0,0.0,0.0,0.0,0.0,0.0,0.0,0.0,0.0,0.55,0.45,0.234771728515625,0.07773300402963733,110.0,62.0,0.07523601,7.0,1.0,0.4955,0.0,0.99896,0.715849,0.0,0.0,0.0,0.99896,0.45,0.99896,0.99896,0.234771728515625,0.0,0.0,0.0,0.0,0.0,0.0,0.0,1.0,0.0,0.0,0.0,0.1,0.05,0.02,0.005,0.003,0.003,0.099896,0.035792449999999996,0.00991,0.0,0.021,0.003,0.0
ocp_009,Openclipart,flower_2,mask_fill_edgewalk_nearestrow_rows16_p40,flat_icon_fill,0.07523601,excellent,0.07523601,7,1,0.4955,0,0.99896,0.715849,0.0,0.0,0.0,0,precision,ocp_009::precision,0.1,0.2,0.02,0.005,0.003,0.003,1.0,0.0,0.0,1.0,1.0,1.0,1.0,0.0,0.0,0.0,0.0,0.0,0.0,0.0,16.0,40.0,0.0,0.0,0.0,0.0,0.0,0.0,0.0,0.0,0.0,0.0,0.55,0.45,0.234771728515625,0.07773300402963733,110.0,62.0,0.07523601,7.0,1.0,0.4955,0.0,0.99896,0.715849,0.0,0.0,0.0,0.99896,0.45,0.99896,0.99896,0.234771728515625,0.0,0.0,0.0,0.0,0.0,0.0,0.0,0.0,1.0,0.0,0.0,0.1,0.2,0.02,0.005,0.003,0.003,0.099896,0.14316979999999999,0.00991,0.0,0.021,0.003,0.0
ocp_009,Openclipart,flower_2,mask_fill_edgewalk_nearestrow_rows16_p40,flat_icon_fill,0.07523601,excellent,0.07523601,7,1,0.4955,0,0.99896,0.715849,0.0,0.0,0.0,0,coverage,ocp_009::coverage,0.35,0.05,0.02,0.005,0.003,0.003,1.0,0.0,0.0,1.0,1.0,1.0,1.0,0.0,0.0,0.0,0.0,0.0,0.0,0.0,16.0,40.0,0.0,0.0,0.0,0.0,0.0,0.0,0.0,0.0,0.0,0.0,0.55,0.45,0.234771728515625,0.07773300402963733,110.0,62.0,0.07523601,7.0,1.0,0.4955,0.0,0.99896,0.715849,0.0,0.0,0.0,0.99896,0.45,0.99896,0.99896,0.234771728515625,0.0,0.0,0.0,0.0,0.0,0.0,0.0,0.0,0.0,1.0,0.0,0.35,0.05,0.02,0.005,0.003,0.003,0.34963599999999995,0.035792449999999996,0.00991,0.0,0.021,0.003,0.0
ocp_009,Openclipart,flower_2,mask_fill_edgewalk_nearestrow_rows16_p40,flat_icon_fill,0.07523601,excellent,0.07523601,7,1,0.4955,0,0.99896,0.715849,0.0,0.0,0.0,0,low_jump,ocp_009::low_jump,0.1,0.05,0.02,0.005,0.03,0.02,1.0,0.0,0.0,1.0,1.0,1.0,1.0,0.0,0.0,0.0,0.0,0.0,0.0,0.0,16.0,40.0,0.0,0.0,0.0,0.0,0.0,0.0,0.0,0.0,0.0,0.0,0.55,0.45,0.234771728515625,0.07773300402963733,110.0,62.0,0.07523601,7.0,1.0,0.4955,0.0,0.99896,0.715849,0.0,0.0,0.0,0.99896,0.45,0.99896,0.99896,0.234771728515625,0.0,0.0,0.0,0.0,0.0,0.0,0.0,0.0,0.0,0.0,1.0,0.1,0.05,0.02,0.005,0.03,0.02,0.099896,0.035792449999999996,0.00991,0.0,0.21,0.02,0.0
ocp_009,Openclipart,flower_2,mask_fill_edgewalk_rows16_p40,flat_icon_fill,0.3781849,hard_fail,0.3381849,52,11,2.4294,0,0.999675,0.70701,0.0,0.0,0.04,0,low_loss,ocp_009::low_loss,0.0,0.0,0.0,0.0,0.0,0.0,1.0,0.0,0.0,1.0,1.0,0.0,0.0,0.0,0.0,0.0,0.0,0.0,0.0,0.0,16.0,40.0,0.0,0.0,0.0,0.0,0.0,0.0,0.0,0.0,0.0,0.0,0.55,0.45,0.234771728515625,0.07773300402963733,110.0,62.0,0.3381849,52.0,11.0,2.4294,0.0,0.999675,0.70701,0.0,0.0,0.0,0.999675,0.45,0.999675,0.0,0.0,0.0,0.0,0.0,0.0,0.0,0.0,1.0,0.0,0.0,0.0,0.0,0.0,0.0,0.0,0.0,0.0,0.0,0.0,0.0,0.0,0.0,0.0,0.0,0.3381849
ocp_009,Openclipart,flower_2,mask_fill_edgewalk_rows16_p40,flat_icon_fill,0.3781849,hard_fail,0.3381849,52,11,2.4294,0,0.999675,0.70701,0.0,0.0,0.04,0,balanced,ocp_009::balanced,0.1,0.05,0.02,0.005,0.003,0.003,1.0,0.0,0.0,1.0,1.0,0.0,0.0,0.0,0.0,0.0,0.0,0.0,0.0,0.0,16.0,40.0,0.0,0.0,0.0,0.0,0.0,0.0,0.0,0.0,0.0,0.0,0.55,0.45,0.234771728515625,0.07773300402963733,110.0,62.0,0.3381849,52.0,11.0,2.4294,0.0,0.999675,0.70701,0.0,0.0,0.0,0.999675,0.45,0.999675,0.0,0.0,0.0,0.0,0.0,0.0,0.0,0.0,0.0,1.0,0.0,0.0,0.0,0.1,0.05,0.02,0.005,0.003,0.003,0.0999675,0.0353505,0.048588,0.0,0.156,0.033,0.0
ocp_009,Openclipart,flower_2,mask_fill_edgewalk_rows16_p40,flat_icon_fill,0.3781849,hard_fail,0.3381849,52,11,2.4294,0,0.999675,0.70701,0.0,0.0,0.04,0,precision,ocp_009::precision,0.1,0.2,0.02,0.005,0.003,0.003,1.0,0.0,0.0,1.0,1.0,0.0,0.0,0.0,0.0,0.0,0.0,0.0,0.0,0.0,16.0,40.0,0.0,0.0,0.0,0.0,0.0,0.0,0.0,0.0,0.0,0.0,0.55,0.45,0.234771728515625,0.07773300402963733,110.0,62.0,0.3381849,52.0,11.0,2.4294,0.0,0.999675,0.70701,0.0,0.0,0.0,0.999675,0.45,0.999675,0.0,0.0,0.0,0.0,0.0,0.0,0.0,0.0,0.0,0.0,1.0,0.0,0.0,0.1,0.2,0.02,0.005,0.003,0.003,0.0999675,0.141402,0.048588,0.0,0.156,0.033,0.0
ocp_009,Openclipart,flower_2,mask_fill_edgewalk_rows16_p40,flat_icon_fill,0.3781849,hard_fail,0.3381849,52,11,2.4294,0,0.999675,0.70701,0.0,0.0,0.04,0,coverage,ocp_009::coverage,0.35,0.05,0.02,0.005,0.003,0.003,1.0,0.0,0.0,1.0,1.0,0.0,0.0,0.0,0.0,0.0,0.0,0.0,0.0,0.0,16.0,40.0,0.0,0.0,0.0,0.0,0.0,0.0,0.0,0.0,0.0,0.0,0.55,0.45,0.234771728515625,0.07773300402963733,110.0,62.0,0.3381849,52.0,11.0,2.4294,0.0,0.999675,0.70701,0.0,0.0,0.0,0.999675,0.45,0.999675,0.0,0.0,0.0,0.0,0.0,0.0,0.0,0.0,0.0,0.0,0.0,1.0,0.0,0.35,0.05,0.02,0.005,0.003,0.003,0.34988624999999995,0.0353505,0.048588,0.0,0.156,0.033,0.0
ocp_009,Openclipart,flower_2,mask_fill_edgewalk_rows16_p40,flat_icon_fill,0.3781849,hard_fail,0.3381849,52,11,2.4294,0,0.999675,0.70701,0.0,0.0,0.04,0,low_jump,ocp_009::low_jump,0.1,0.05,0.02,0.005,0.03,0.02,1.0,0.0,0.0,1.0,1.0,0.0,0.0,0.0,0.0,0.0,0.0,0.0,0.0,0.0,16.0,40.0,0.0,0.0,0.0,0.0,0.0,0.0,0.0,0.0,0.0,0.0,0.55,0.45,0.234771728515625,0.07773300402963733,110.0,62.0,0.3381849,52.0,11.0,2.4294,0.0,0.999675,0.70701,0.0,0.0,0.0,0.999675,0.45,0.999675,0.0,0.0,0.0,0.0,0.0,0.0,0.0,0.0,0.0,0.0,0.0,0.0,1.0,0.1,0.05,0.02,0.005,0.03,0.02,0.0999675,0.0353505,0.048588,0.0,1.56,0.22,0.0
ocp_009,Openclipart,flower_2,auto_evalrepair_r10_c20,flat_icon_fill,0.44832879,hard_fail,0.29124839,36,14,0.0,0,0.457299,0.87252,0.292701,0.0,0.04,0,low_loss,ocp_009::low_loss,0.0,0.0,0.0,0.0,0.0,0.0,1.0,0.0,1.0,0.0,0.0,0.0,0.0,0.0,0.0,0.0,0.0,0.0,0.0,0.0,0.0,0.0,0.0,0.0,0.0,0.0,0.0,0.0,0.0,0.0,0.0,0.0,0.55,0.45,0.234771728515625,0.07773300402963733,110.0,62.0,0.29124839,36.0,14.0,0.0,0.0,0.457299,0.87252,0.0,0.0,0.457299,0.0,0.0,0.0,0.0,0.0,0.0,0.0,0.0,0.0,0.0,0.0,1.0,0.0,0.0,0.0,0.0,0.0,0.0,0.0,0.0,0.0,0.0,0.0,0.0,0.0,0.0,0.0,0.0,0.29124839
ocp_009,Openclipart,flower_2,auto_evalrepair_r10_c20,flat_icon_fill,0.44832879,hard_fail,0.29124839,36,14,0.0,0,0.457299,0.87252,0.292701,0.0,0.04,0,balanced,ocp_009::balanced,0.1,0.05,0.02,0.005,0.003,0.003,1.0,0.0,1.0,0.0,0.0,0.0,0.0,0.0,0.0,0.0,0.0,0.0,0.0,0.0,0.0,0.0,0.0,0.0,0.0,0.0,0.0,0.0,0.0,0.0,0.0,0.0,0.55,0.45,0.234771728515625,0.07773300402963733,110.0,62.0,0.29124839,36.0,14.0,0.0,0.0,0.457299,0.87252,0.0,0.0,0.457299,0.0,0.0,0.0,0.0,0.0,0.0,0.0,0.0,0.0,0.0,0.0,0.0,1.0,0.0,0.0,0.0,0.1,0.05,0.02,0.005,0.003,0.003,0.045729900000000004,0.043626,0.0,0.0,0.108,0.042,0.0
ocp_009,Openclipart,flower_2,auto_evalrepair_r10_c20,flat_icon_fill,0.44832879,hard_fail,0.29124839,36,14,0.0,0,0.457299,0.87252,0.292701,0.0,0.04,0,precision,ocp_009::precision,0.1,0.2,0.02,0.005,0.003,0.003,1.0,0.0,1.0,0.0,0.0,0.0,0.0,0.0,0.0,0.0,0.0,0.0,0.0,0.0,0.0,0.0,0.0,0.0,0.0,0.0,0.0,0.0,0.0,0.0,0.0,0.0,0.55,0.45,0.234771728515625,0.07773300402963733,110.0,62.0,0.29124839,36.0,14.0,0.0,0.0,0.457299,0.87252,0.0,0.0,0.457299,0.0,0.0,0.0,0.0,0.0,0.0,0.0,0.0,0.0,0.0,0.0,0.0,0.0,1.0,0.0,0.0,0.1,0.2,0.02,0.005,0.003,0.003,0.045729900000000004,0.174504,0.0,0.0,0.108,0.042,0.0
ocp_009,Openclipart,flower_2,auto_evalrepair_r10_c20,flat_icon_fill,0.44832879,hard_fail,0.29124839,36,14,0.0,0,0.457299,0.87252,0.292701,0.0,0.04,0,coverage,ocp_009::coverage,0.35,0.05,0.02,0.005,0.003,0.003,1.0,0.0,1.0,0.0,0.0,0.0,0.0,0.0,0.0,0.0,0.0,0.0,0.0,0.0,0.0,0.0,0.0,0.0,0.0,0.0,0.0,0.0,0.0,0.0,0.0,0.0,0.55,0.45,0.234771728515625,0.07773300402963733,110.0,62.0,0.29124839,36.0,14.0,0.0,0.0,0.457299,0.87252,0.0,0.0,0.457299,0.0,0.0,0.0,0.0,0.0,0.0,0.0,0.0,0.0,0.0,0.0,0.0,0.0,0.0,1.0,0.0,0.35,0.05,0.02,0.005,0.003,0.003,0.16005465,0.043626,0.0,0.0,0.108,0.042,0.0
ocp_009,Openclipart,flower_2,auto_evalrepair_r10_c20,flat_icon_fill,0.44832879,hard_fail,0.29124839,36,14,0.0,0,0.457299,0.87252,0.292701,0.0,0.04,0,low_jump,ocp_009::low_jump,0.1,0.05,0.02,0.005,0.03,0.02,1.0,0.0,1.0,0.0,0.0,0.0,0.0,0.0,0.0,0.0,0.0,0.0,0.0,0.0,0.0,0.0,0.0,0.0,0.0,0.0,0.0,0.0,0.0,0.0,0.0,0.0,0.55,0.45,0.234771728515625,0.07773300402963733,110.0,62.0,0.29124839,36.0,14.0,0.0,0.0,0.457299,0.87252,0.0,0.0,0.457299,0.0,0.0,0.0,0.0,0.0,0.0,0.0,0.0,0.0,0.0,0.0,0.0,0.0,0.0,0.0,1.0,0.1,0.05,0.02,0.005,0.03,0.02,0.045729900000000004,0.043626,0.0,0.0,1.08,0.28,0.0
ocp_009,Openclipart,flower_2,skeleton_c30_m20,flat_icon_fill,0.32200701,warning,0.16925781,19,2,0.0,0,0.368127,0.896912,0.381873,0.0,0.0,0,low_loss,ocp_009::low_loss,0.0,0.0,0.0,0.0,0.0,0.0,1.0,1.0,0.0,0.0,0.0,0.0,0.0,0.0,0.0,0.0,0.0,0.0,0.0,0.0,0.0,0.0,0.0,0.0,0.0,0.0,0.0,0.0,0.0,0.0,0.0,0.0,0.55,0.45,0.234771728515625,0.07773300402963733,110.0,62.0,0.16925781,19.0,2.0,0.0,0.0,0.368127,0.896912,0.45,0.368127,0.0,0.0,0.0,0.0,0.0,0.0,0.0,0.0,0.0,0.0,0.0,0.0,1.0,0.0,0.0,0.0,0.0,0.0,0.0,0.0,0.0,0.0,0.0,0.0,0.0,0.0,0.0,0.0,0.0,0.16925781
ocp_009,Openclipart,flower_2,skeleton_c30_m20,flat_icon_fill,0.32200701,warning,0.16925781,19,2,0.0,0,0.368127,0.896912,0.381873,0.0,0.0,0,balanced,ocp_009::balanced,0.1,0.05,0.02,0.005,0.003,0.003,1.0,1.0,0.0,0.0,0.0,0.0,0.0,0.0,0.0,0.0,0.0,0.0,0.0,0.0,0.0,0.0,0.0,0.0,0.0,0.0,0.0,0.0,0.0,0.0,0.0,0.0,0.55,0.45,0.234771728515625,0.07773300402963733,110.0,62.0,0.16925781,19.0,2.0,0.0,0.0,0.368127,0.896912,0.45,0.368127,0.0,0.0,0.0,0.0,0.0,0.0,0.0,0.0,0.0,0.0,0.0,0.0,0.0,1.0,0.0,0.0,0.0,0.1,0.05,0.02,0.005,0.003,0.003,0.0368127,0.044845600000000006,0.0,0.0,0.057,0.006,0.0
ocp_009,Openclipart,flower_2,skeleton_c30_m20,flat_icon_fill,0.32200701,warning,0.16925781,19,2,0.0,0,0.368127,0.896912,0.381873,0.0,0.0,0,precision,ocp_009::precision,0.1,0.2,0.02,0.005,0.003,0.003,1.0,1.0,0.0,0.0,0.0,0.0,0.0,0.0,0.0,0.0,0.0,0.0,0.0,0.0,0.0,0.0,0.0,0.0,0.0,0.0,0.0,0.0,0.0,0.0,0.0,0.0,0.55,0.45,0.234771728515625,0.07773300402963733,110.0,62.0,0.16925781,19.0,2.0,0.0,0.0,0.368127,0.896912,0.45,0.368127,0.0,0.0,0.0,0.0,0.0,0.0,0.0,0.0,0.0,0.0,0.0,0.0,0.0,0.0,1.0,0.0,0.0,0.1,0.2,0.02,0.005,0.003,0.003,0.0368127,0.17938240000000003,0.0,0.0,0.057,0.006,0.0
ocp_009,Openclipart,flower_2,skeleton_c30_m20,flat_icon_fill,0.32200701,warning,0.16925781,19,2,0.0,0,0.368127,0.896912,0.381873,0.0,0.0,0,coverage,ocp_009::coverage,0.35,0.05,0.02,0.005,0.003,0.003,1.0,1.0,0.0,0.0,0.0,0.0,0.0,0.0,0.0,0.0,0.0,0.0,0.0,0.0,0.0,0.0,0.0,0.0,0.0,0.0,0.0,0.0,0.0,0.0,0.0,0.0,0.55,0.45,0.234771728515625,0.07773300402963733,110.0,62.0,0.16925781,19.0,2.0,0.0,0.0,0.368127,0.896912,0.45,0.368127,0.0,0.0,0.0,0.0,0.0,0.0,0.0,0.0,0.0,0.0,0.0,0.0,0.0,0.0,0.0,1.0,0.0,0.35,0.05,0.02,0.005,0.003,0.003,0.12884445,0.044845600000000006,0.0,0.0,0.057,0.006,0.0
ocp_009,Openclipart,flower_2,skeleton_c30_m20,flat_icon_fill,0.32200701,warning,0.16925781,19,2,0.0,0,0.368127,0.896912,0.381873,0.0,0.0,0,low_jump,ocp_009::low_jump,0.1,0.05,0.02,0.005,0.03,0.02,1.0,1.0,0.0,0.0,0.0,0.0,0.0,0.0,0.0,0.0,0.0,0.0,0.0,0.0,0.0,0.0,0.0,0.0,0.0,0.0,0.0,0.0,0.0,0.0,0.0,0.0,0.55,0.45,0.234771728515625,0.07773300402963733,110.0,62.0,0.16925781,19.0,2.0,0.0,0.0,0.368127,0.896912,0.45,0.368127,0.0,0.0,0.0,0.0,0.0,0.0,0.0,0.0,0.0,0.0,0.0,0.0,0.0,0.0,0.0,0.0,1.0,0.1,0.05,0.02,0.005,0.03,0.02,0.0368127,0.044845600000000006,0.0,0.0,0.57,0.04,0.0
ocp_009,Openclipart,flower_2,skeleton_c30_m4,flat_icon_fill,0.32746741,hard_fail,0.21952261,28,2,0.0,0,0.580138,0.836159,0.169862,0.0,0.04,0,low_loss,ocp_009::low_loss,0.0,0.0,0.0,0.0,0.0,0.0,1.0,1.0,0.0,0.0,0.0,0.0,0.0,0.0,0.0,0.0,0.0,0.0,0.0,0.0,0.0,0.0,0.0,0.0,0.0,0.0,0.0,0.0,0.0,0.0,0.0,0.0,0.55,0.45,0.234771728515625,0.07773300402963733,110.0,62.0,0.21952261,28.0,2.0,0.0,0.0,0.580138,0.836159,0.45,0.580138,0.0,0.0,0.0,0.0,0.0,0.0,0.0,0.0,0.0,0.0,0.0,0.0,1.0,0.0,0.0,0.0,0.0,0.0,0.0,0.0,0.0,0.0,0.0,0.0,0.0,0.0,0.0,0.0,0.0,0.21952261
ocp_009,Openclipart,flower_2,skeleton_c30_m4,flat_icon_fill,0.32746741,hard_fail,0.21952261,28,2,0.0,0,0.580138,0.836159,0.169862,0.0,0.04,0,balanced,ocp_009::balanced,0.1,0.05,0.02,0.005,0.003,0.003,1.0,1.0,0.0,0.0,0.0,0.0,0.0,0.0,0.0,0.0,0.0,0.0,0.0,0.0,0.0,0.0,0.0,0.0,0.0,0.0,0.0,0.0,0.0,0.0,0.0,0.0,0.55,0.45,0.234771728515625,0.07773300402963733,110.0,62.0,0.21952261,28.0,2.0,0.0,0.0,0.580138,0.836159,0.45,0.580138,0.0,0.0,0.0,0.0,0.0,0.0,0.0,0.0,0.0,0.0,0.0,0.0,0.0,1.0,0.0,0.0,0.0,0.1,0.05,0.02,0.005,0.003,0.003,0.058013800000000004,0.04180795,0.0,0.0,0.084,0.006,0.0
ocp_009,Openclipart,flower_2,skeleton_c30_m4,flat_icon_fill,0.32746741,hard_fail,0.21952261,28,2,0.0,0,0.580138,0.836159,0.169862,0.0,0.04,0,precision,ocp_009::precision,0.1,0.2,0.02,0.005,0.003,0.003,1.0,1.0,0.0,0.0,0.0,0.0,0.0,0.0,0.0,0.0,0.0,0.0,0.0,0.0,0.0,0.0,0.0,0.0,0.0,0.0,0.0,0.0,0.0,0.0,0.0,0.0,0.55,0.45,0.234771728515625,0.07773300402963733,110.0,62.0,0.21952261,28.0,2.0,0.0,0.0,0.580138,0.836159,0.45,0.580138,0.0,0.0,0.0,0.0,0.0,0.0,0.0,0.0,0.0,0.0,0.0,0.0,0.0,0.0,1.0,0.0,0.0,0.1,0.2,0.02,0.005,0.003,0.003,0.058013800000000004,0.1672318,0.0,0.0,0.084,0.006,0.0
ocp_009,Openclipart,flower_2,skeleton_c30_m4,flat_icon_fill,0.32746741,hard_fail,0.21952261,28,2,0.0,0,0.580138,0.836159,0.169862,0.0,0.04,0,coverage,ocp_009::coverage,0.35,0.05,0.02,0.005,0.003,0.003,1.0,1.0,0.0,0.0,0.0,0.0,0.0,0.0,0.0,0.0,0.0,0.0,0.0,0.0,0.0,0.0,0.0,0.0,0.0,0.0,0.0,0.0,0.0,0.0,0.0,0.0,0.55,0.45,0.234771728515625,0.07773300402963733,110.0,62.0,0.21952261,28.0,2.0,0.0,0.0,0.580138,0.836159,0.45,0.580138,0.0,0.0,0.0,0.0,0.0,0.0,0.0,0.0,0.0,0.0,0.0,0.0,0.0,0.0,0.0,1.0,0.0,0.35,0.05,0.02,0.005,0.003,0.003,0.20304830000000001,0.04180795,0.0,0.0,0.084,0.006,0.0
ocp_009,Openclipart,flower_2,skeleton_c30_m4,flat_icon_fill,0.32746741,hard_fail,0.21952261,28,2,0.0,0,0.580138,0.836159,0.169862,0.0,0.04,0,low_jump,ocp_009::low_jump,0.1,0.05,0.02,0.005,0.03,0.02,1.0,1.0,0.0,0.0,0.0,0.0,0.0,0.0,0.0,0.0,0.0,0.0,0.0,0.0,0.0,0.0,0.0,0.0,0.0,0.0,0.0,0.0,0.0,0.0,0.0,0.0,0.55,0.45,0.234771728515625,0.07773300402963733,110.0,62.0,0.21952261,28.0,2.0,0.0,0.0,0.580138,0.836159,0.45,0.580138,0.0,0.0,0.0,0.0,0.0,0.0,0.0,0.0,0.0,0.0,0.0,0.0,0.0,0.0,0.0,0.0,1.0,0.1,0.05,0.02,0.005,0.03,0.02,0.058013800000000004,0.04180795,0.0,0.0,0.84,0.04,0.0
ocp_009,Openclipart,flower_2,mask_fill_edgewalk_nearestrow_safeadt_t2m5_r055_a64_rows16_p40,flat_icon_fill,0.08074572,excellent,0.08074572,9,1,0.0,0,0.987716,0.79007,0.0,0.0,0.0,0,low_loss,ocp_009::low_loss,0.0,0.0,0.0,0.0,0.0,0.0,1.0,0.0,0.0,1.0,1.0,1.0,1.0,0.0,0.0,0.0,0.0,0.0,0.0,0.0,16.0,40.0,0.0,0.0,0.0,0.0,0.0,0.0,0.0,0.0,0.0,0.0,0.55,0.45,0.234771728515625,0.07773300402963733,110.0,62.0,0.08074572,9.0,1.0,0.0,0.0,0.987716,0.79007,0.0,0.0,0.0,0.987716,0.45,0.987716,0.987716,0.234771728515625,0.0,0.0,0.0,0.0,0.0,0.0,1.0,0.0,0.0,0.0,0.0,0.0,0.0,0.0,0.0,0.0,0.0,0.0,0.0,0.0,0.0,0.0,0.0,0.08074572
ocp_009,Openclipart,flower_2,mask_fill_edgewalk_nearestrow_safeadt_t2m5_r055_a64_rows16_p40,flat_icon_fill,0.08074572,excellent,0.08074572,9,1,0.0,0,0.987716,0.79007,0.0,0.0,0.0,0,balanced,ocp_009::balanced,0.1,0.05,0.02,0.005,0.003,0.003,1.0,0.0,0.0,1.0,1.0,1.0,1.0,0.0,0.0,0.0,0.0,0.0,0.0,0.0,16.0,40.0,0.0,0.0,0.0,0.0,0.0,0.0,0.0,0.0,0.0,0.0,0.55,0.45,0.234771728515625,0.07773300402963733,110.0,62.0,0.08074572,9.0,1.0,0.0,0.0,0.987716,0.79007,0.0,0.0,0.0,0.987716,0.45,0.987716,0.987716,0.234771728515625,0.0,0.0,0.0,0.0,0.0,0.0,0.0,1.0,0.0,0.0,0.0,0.1,0.05,0.02,0.005,0.003,0.003,0.09877160000000001,0.039503500000000004,0.0,0.0,0.027,0.003,0.0
ocp_009,Openclipart,flower_2,mask_fill_edgewalk_nearestrow_safeadt_t2m5_r055_a64_rows16_p40,flat_icon_fill,0.08074572,excellent,0.08074572,9,1,0.0,0,0.987716,0.79007,0.0,0.0,0.0,0,precision,ocp_009::precision,0.1,0.2,0.02,0.005,0.003,0.003,1.0,0.0,0.0,1.0,1.0,1.0,1.0,0.0,0.0,0.0,0.0,0.0,0.0,0.0,16.0,40.0,0.0,0.0,0.0,0.0,0.0,0.0,0.0,0.0,0.0,0.0,0.55,0.45,0.234771728515625,0.07773300402963733,110.0,62.0,0.08074572,9.0,1.0,0.0,0.0,0.987716,0.79007,0.0,0.0,0.0,0.987716,0.45,0.987716,0.987716,0.234771728515625,0.0,0.0,0.0,0.0,0.0,0.0,0.0,0.0,1.0,0.0,0.0,0.1,0.2,0.02,0.005,0.003,0.003,0.09877160000000001,0.15801400000000002,0.0,0.0,0.027,0.003,0.0
ocp_009,Openclipart,flower_2,mask_fill_edgewalk_nearestrow_safeadt_t2m5_r055_a64_rows16_p40,flat_icon_fill,0.08074572,excellent,0.08074572,9,1,0.0,0,0.987716,0.79007,0.0,0.0,0.0,0,coverage,ocp_009::coverage,0.35,0.05,0.02,0.005,0.003,0.003,1.0,0.0,0.0,1.0,1.0,1.0,1.0,0.0,0.0,0.0,0.0,0.0,0.0,0.0,16.0,40.0,0.0,0.0,0.0,0.0,0.0,0.0,0.0,0.0,0.0,0.0,0.55,0.45,0.234771728515625,0.07773300402963733,110.0,62.0,0.08074572,9.0,1.0,0.0,0.0,0.987716,0.79007,0.0,0.0,0.0,0.987716,0.45,0.987716,0.987716,0.234771728515625,0.0,0.0,0.0,0.0,0.0,0.0,0.0,0.0,0.0,1.0,0.0,0.35,0.05,0.02,0.005,0.003,0.003,0.34570059999999997,0.039503500000000004,0.0,0.0,0.027,0.003,0.0
ocp_009,Openclipart,flower_2,mask_fill_edgewalk_nearestrow_safeadt_t2m5_r055_a64_rows16_p40,flat_icon_fill,0.08074572,excellent,0.08074572,9,1,0.0,0,0.987716,0.79007,0.0,0.0,0.0,0,low_jump,ocp_009::low_jump,0.1,0.05,0.02,0.005,0.03,0.02,1.0,0.0,0.0,1.0,1.0,1.0,1.0,0.0,0.0,0.0,0.0,0.0,0.0,0.0,16.0,40.0,0.0,0.0,0.0,0.0,0.0,0.0,0.0,0.0,0.0,0.0,0.55,0.45,0.234771728515625,0.07773300402963733,110.0,62.0,0.08074572,9.0,1.0,0.0,0.0,0.987716,0.79007,0.0,0.0,0.0,0.987716,0.45,0.987716,0.987716,0.234771728515625,0.0,0.0,0.0,0.0,0.0,0.0,0.0,0.0,0.0,0.0,1.0,0.1,0.05,0.02,0.005,0.03,0.02,0.09877160000000001,0.039503500000000004,0.0,0.0,0.27,0.02,0.0
ocp_010,Openclipart,thought_bubble,mask_fill_edgewalk_nearestrow_inset1_rows16_p40,flat_icon_fill,0.05579052,excellent,0.05579052,6,1,0.0,0,0.998996,0.933427,0.0,0.0,0.0,0,low_loss,ocp_010::low_loss,0.0,0.0,0.0,0.0,0.0,0.0,1.0,0.0,0.0,1.0,1.0,1.0,0.0,1.0,1.0,0.0,1.0,0.0,0.0,0.0,16.0,40.0,0.0,0.0,0.0,0.0,0.0,0.0,0.0,0.0,0.0,0.0,1.0,0.0,0.3345184326171875,0.013319344980157825,66.0,15.0,0.05579052,6.0,1.0,0.0,0.0,0.998996,0.933427,0.0,0.0,0.0,0.998996,0.0,0.998996,0.998996,0.3345184326171875,0.3345184326171875,0.0,0.0,0.0,0.0,0.0,1.0,0.0,0.0,0.0,0.0,0.0,0.0,0.0,0.0,0.0,0.0,0.0,0.0,0.0,0.0,0.0,0.0,0.05579052
ocp_010,Openclipart,thought_bubble,mask_fill_edgewalk_nearestrow_inset1_rows16_p40,flat_icon_fill,0.05579052,excellent,0.05579052,6,1,0.0,0,0.998996,0.933427,0.0,0.0,0.0,0,balanced,ocp_010::balanced,0.1,0.05,0.02,0.005,0.003,0.003,1.0,0.0,0.0,1.0,1.0,1.0,0.0,1.0,1.0,0.0,1.0,0.0,0.0,0.0,16.0,40.0,0.0,0.0,0.0,0.0,0.0,0.0,0.0,0.0,0.0,0.0,1.0,0.0,0.3345184326171875,0.013319344980157825,66.0,15.0,0.05579052,6.0,1.0,0.0,0.0,0.998996,0.933427,0.0,0.0,0.0,0.998996,0.0,0.998996,0.998996,0.3345184326171875,0.3345184326171875,0.0,0.0,0.0,0.0,0.0,0.0,1.0,0.0,0.0,0.0,0.1,0.05,0.02,0.005,0.003,0.003,0.0998996,0.04667135,0.0,0.0,0.018000000000000002,0.003,0.0
ocp_010,Openclipart,thought_bubble,mask_fill_edgewalk_nearestrow_inset1_rows16_p40,flat_icon_fill,0.05579052,excellent,0.05579052,6,1,0.0,0,0.998996,0.933427,0.0,0.0,0.0,0,precision,ocp_010::precision,0.1,0.2,0.02,0.005,0.003,0.003,1.0,0.0,0.0,1.0,1.0,1.0,0.0,1.0,1.0,0.0,1.0,0.0,0.0,0.0,16.0,40.0,0.0,0.0,0.0,0.0,0.0,0.0,0.0,0.0,0.0,0.0,1.0,0.0,0.3345184326171875,0.013319344980157825,66.0,15.0,0.05579052,6.0,1.0,0.0,0.0,0.998996,0.933427,0.0,0.0,0.0,0.998996,0.0,0.998996,0.998996,0.3345184326171875,0.3345184326171875,0.0,0.0,0.0,0.0,0.0,0.0,0.0,1.0,0.0,0.0,0.1,0.2,0.02,0.005,0.003,0.003,0.0998996,0.1866854,0.0,0.0,0.018000000000000002,0.003,0.0
ocp_010,Openclipart,thought_bubble,mask_fill_edgewalk_nearestrow_inset1_rows16_p40,flat_icon_fill,0.05579052,excellent,0.05579052,6,1,0.0,0,0.998996,0.933427,0.0,0.0,0.0,0,coverage,ocp_010::coverage,0.35,0.05,0.02,0.005,0.003,0.003,1.0,0.0,0.0,1.0,1.0,1.0,0.0,1.0,1.0,0.0,1.0,0.0,0.0,0.0,16.0,40.0,0.0,0.0,0.0,0.0,0.0,0.0,0.0,0.0,0.0,0.0,1.0,0.0,0.3345184326171875,0.013319344980157825,66.0,15.0,0.05579052,6.0,1.0,0.0,0.0,0.998996,0.933427,0.0,0.0,0.0,0.998996,0.0,0.998996,0.998996,0.3345184326171875,0.3345184326171875,0.0,0.0,0.0,0.0,0.0,0.0,0.0,0.0,1.0,0.0,0.35,0.05,0.02,0.005,0.003,0.003,0.3496486,0.04667135,0.0,0.0,0.018000000000000002,0.003,0.0
ocp_010,Openclipart,thought_bubble,mask_fill_edgewalk_nearestrow_inset1_rows16_p40,flat_icon_fill,0.05579052,excellent,0.05579052,6,1,0.0,0,0.998996,0.933427,0.0,0.0,0.0,0,low_jump,ocp_010::low_jump,0.1,0.05,0.02,0.005,0.03,0.02,1.0,0.0,0.0,1.0,1.0,1.0,0.0,1.0,1.0,0.0,1.0,0.0,0.0,0.0,16.0,40.0,0.0,0.0,0.0,0.0,0.0,0.0,0.0,0.0,0.0,0.0,1.0,0.0,0.3345184326171875,0.013319344980157825,66.0,15.0,0.05579052,6.0,1.0,0.0,0.0,0.998996,0.933427,0.0,0.0,0.0,0.998996,0.0,0.998996,0.998996,0.3345184326171875,0.3345184326171875,0.0,0.0,0.0,0.0,0.0,0.0,0.0,0.0,0.0,1.0,0.1,0.05,0.02,0.005,0.03,0.02,0.0998996,0.04667135,0.0,0.0,0.18,0.02,0.0
ocp_010,Openclipart,thought_bubble,mask_fill_edgewalk_nearestrow_inset2_rows16_p40,flat_icon_fill,0.05565725,excellent,0.05565725,6,1,0.0,0,0.996579,0.953187,0.0,0.0,0.0,0,low_loss,ocp_010::low_loss,0.0,0.0,0.0,0.0,0.0,0.0,1.0,0.0,0.0,1.0,1.0,1.0,0.0,1.0,0.0,1.0,2.0,0.0,0.0,0.0,16.0,40.0,0.0,0.0,0.0,0.0,0.0,0.0,0.0,0.0,0.0,0.0,1.0,0.0,0.3345184326171875,0.013319344980157825,66.0,15.0,0.05565725,6.0,1.0,0.0,0.0,0.996579,0.953187,0.0,0.0,0.0,0.996579,0.0,0.996579,0.996579,0.3345184326171875,0.3345184326171875,0.3345184326171875,0.0,0.0,0.0,0.0,1.0,0.0,0.0,0.0,0.0,0.0,0.0,0.0,0.0,0.0,0.0,0.0,0.0,0.0,0.0,0.0,0.0,0.05565725
ocp_010,Openclipart,thought_bubble,mask_fill_edgewalk_nearestrow_inset2_rows16_p40,flat_icon_fill,0.05565725,excellent,0.05565725,6,1,0.0,0,0.996579,0.953187,0.0,0.0,0.0,0,balanced,ocp_010::balanced,0.1,0.05,0.02,0.005,0.003,0.003,1.0,0.0,0.0,1.0,1.0,1.0,0.0,1.0,0.0,1.0,2.0,0.0,0.0,0.0,16.0,40.0,0.0,0.0,0.0,0.0,0.0,0.0,0.0,0.0,0.0,0.0,1.0,0.0,0.3345184326171875,0.013319344980157825,66.0,15.0,0.05565725,6.0,1.0,0.0,0.0,0.996579,0.953187,0.0,0.0,0.0,0.996579,0.0,0.996579,0.996579,0.3345184326171875,0.3345184326171875,0.3345184326171875,0.0,0.0,0.0,0.0,0.0,1.0,0.0,0.0,0.0,0.1,0.05,0.02,0.005,0.003,0.003,0.09965790000000001,0.04765935,0.0,0.0,0.018000000000000002,0.003,0.0
ocp_010,Openclipart,thought_bubble,mask_fill_edgewalk_nearestrow_inset2_rows16_p40,flat_icon_fill,0.05565725,excellent,0.05565725,6,1,0.0,0,0.996579,0.953187,0.0,0.0,0.0,0,precision,ocp_010::precision,0.1,0.2,0.02,0.005,0.003,0.003,1.0,0.0,0.0,1.0,1.0,1.0,0.0,1.0,0.0,1.0,2.0,0.0,0.0,0.0,16.0,40.0,0.0,0.0,0.0,0.0,0.0,0.0,0.0,0.0,0.0,0.0,1.0,0.0,0.3345184326171875,0.013319344980157825,66.0,15.0,0.05565725,6.0,1.0,0.0,0.0,0.996579,0.953187,0.0,0.0,0.0,0.996579,0.0,0.996579,0.996579,0.3345184326171875,0.3345184326171875,0.3345184326171875,0.0,0.0,0.0,0.0,0.0,0.0,1.0,0.0,0.0,0.1,0.2,0.02,0.005,0.003,0.003,0.09965790000000001,0.1906374,0.0,0.0,0.018000000000000002,0.003,0.0
ocp_010,Openclipart,thought_bubble,mask_fill_edgewalk_nearestrow_inset2_rows16_p40,flat_icon_fill,0.05565725,excellent,0.05565725,6,1,0.0,0,0.996579,0.953187,0.0,0.0,0.0,0,coverage,ocp_010::coverage,0.35,0.05,0.02,0.005,0.003,0.003,1.0,0.0,0.0,1.0,1.0,1.0,0.0,1.0,0.0,1.0,2.0,0.0,0.0,0.0,16.0,40.0,0.0,0.0,0.0,0.0,0.0,0.0,0.0,0.0,0.0,0.0,1.0,0.0,0.3345184326171875,0.013319344980157825,66.0,15.0,0.05565725,6.0,1.0,0.0,0.0,0.996579,0.953187,0.0,0.0,0.0,0.996579,0.0,0.996579,0.996579,0.3345184326171875,0.3345184326171875,0.3345184326171875,0.0,0.0,0.0,0.0,0.0,0.0,0.0,1.0,0.0,0.35,0.05,0.02,0.005,0.003,0.003,0.34880265,0.04765935,0.0,0.0,0.018000000000000002,0.003,0.0
ocp_010,Openclipart,thought_bubble,mask_fill_edgewalk_nearestrow_inset2_rows16_p40,flat_icon_fill,0.05565725,excellent,0.05565725,6,1,0.0,0,0.996579,0.953187,0.0,0.0,0.0,0,low_jump,ocp_010::low_jump,0.1,0.05,0.02,0.005,0.03,0.02,1.0,0.0,0.0,1.0,1.0,1.0,0.0,1.0,0.0,1.0,2.0,0.0,0.0,0.0,16.0,40.0,0.0,0.0,0.0,0.0,0.0,0.0,0.0,0.0,0.0,0.0,1.0,0.0,0.3345184326171875,0.013319344980157825,66.0,15.0,0.05565725,6.0,1.0,0.0,0.0,0.996579,0.953187,0.0,0.0,0.0,0.996579,0.0,0.996579,0.996579,0.3345184326171875,0.3345184326171875,0.3345184326171875,0.0,0.0,0.0,0.0,0.0,0.0,0.0,0.0,1.0,0.1,0.05,0.02,0.005,0.03,0.02,0.09965790000000001,0.04765935,0.0,0.0,0.18,0.02,0.0
ocp_010,Openclipart,thought_bubble,mask_fill_edgewalk_nearestrow_rows16_p40,flat_icon_fill,0.06949863,excellent,0.06949863,6,1,0.6083,0,1.0,0.911105,0.0,0.0,0.0,0,low_loss,ocp_010::low_loss,0.0,0.0,0.0,0.0,0.0,0.0,1.0,0.0,0.0,1.0,1.0,1.0,1.0,0.0,0.0,0.0,0.0,0.0,0.0,0.0,16.0,40.0,0.0,0.0,0.0,0.0,0.0,0.0,0.0,0.0,0.0,0.0,1.0,0.0,0.3345184326171875,0.013319344980157825,66.0,15.0,0.06949863,6.0,1.0,0.6083,0.0,1.0,0.911105,0.0,0.0,0.0,1.0,0.0,1.0,1.0,0.3345184326171875,0.0,0.0,0.0,0.0,0.0,0.0,1.0,0.0,0.0,0.0,0.0,0.0,0.0,0.0,0.0,0.0,0.0,0.0,0.0,0.0,0.0,0.0,0.0,0.06949863
ocp_010,Openclipart,thought_bubble,mask_fill_edgewalk_nearestrow_rows16_p40,flat_icon_fill,0.06949863,excellent,0.06949863,6,1,0.6083,0,1.0,0.911105,0.0,0.0,0.0,0,balanced,ocp_010::balanced,0.1,0.05,0.02,0.005,0.003,0.003,1.0,0.0,0.0,1.0,1.0,1.0,1.0,0.0,0.0,0.0,0.0,0.0,0.0,0.0,16.0,40.0,0.0,0.0,0.0,0.0,0.0,0.0,0.0,0.0,0.0,0.0,1.0,0.0,0.3345184326171875,0.013319344980157825,66.0,15.0,0.06949863,6.0,1.0,0.6083,0.0,1.0,0.911105,0.0,0.0,0.0,1.0,0.0,1.0,1.0,0.3345184326171875,0.0,0.0,0.0,0.0,0.0,0.0,0.0,1.0,0.0,0.0,0.0,0.1,0.05,0.02,0.005,0.003,0.003,0.1,0.045555250000000005,0.012166,0.0,0.018000000000000002,0.003,0.0
ocp_010,Openclipart,thought_bubble,mask_fill_edgewalk_nearestrow_rows16_p40,flat_icon_fill,0.06949863,excellent,0.06949863,6,1,0.6083,0,1.0,0.911105,0.0,0.0,0.0,0,precision,ocp_010::precision,0.1,0.2,0.02,0.005,0.003,0.003,1.0,0.0,0.0,1.0,1.0,1.0,1.0,0.0,0.0,0.0,0.0,0.0,0.0,0.0,16.0,40.0,0.0,0.0,0.0,0.0,0.0,0.0,0.0,0.0,0.0,0.0,1.0,0.0,0.3345184326171875,0.013319344980157825,66.0,15.0,0.06949863,6.0,1.0,0.6083,0.0,1.0,0.911105,0.0,0.0,0.0,1.0,0.0,1.0,1.0,0.3345184326171875,0.0,0.0,0.0,0.0,0.0,0.0,0.0,0.0,1.0,0.0,0.0,0.1,0.2,0.02,0.005,0.003,0.003,0.1,0.18222100000000002,0.012166,0.0,0.018000000000000002,0.003,0.0
ocp_010,Openclipart,thought_bubble,mask_fill_edgewalk_nearestrow_rows16_p40,flat_icon_fill,0.06949863,excellent,0.06949863,6,1,0.6083,0,1.0,0.911105,0.0,0.0,0.0,0,coverage,ocp_010::coverage,0.35,0.05,0.02,0.005,0.003,0.003,1.0,0.0,0.0,1.0,1.0,1.0,1.0,0.0,0.0,0.0,0.0,0.0,0.0,0.0,16.0,40.0,0.0,0.0,0.0,0.0,0.0,0.0,0.0,0.0,0.0,0.0,1.0,0.0,0.3345184326171875,0.013319344980157825,66.0,15.0,0.06949863,6.0,1.0,0.6083,0.0,1.0,0.911105,0.0,0.0,0.0,1.0,0.0,1.0,1.0,0.3345184326171875,0.0,0.0,0.0,0.0,0.0,0.0,0.0,0.0,0.0,1.0,0.0,0.35,0.05,0.02,0.005,0.003,0.003,0.35,0.045555250000000005,0.012166,0.0,0.018000000000000002,0.003,0.0
ocp_010,Openclipart,thought_bubble,mask_fill_edgewalk_nearestrow_rows16_p40,flat_icon_fill,0.06949863,excellent,0.06949863,6,1,0.6083,0,1.0,0.911105,0.0,0.0,0.0,0,low_jump,ocp_010::low_jump,0.1,0.05,0.02,0.005,0.03,0.02,1.0,0.0,0.0,1.0,1.0,1.0,1.0,0.0,0.0,0.0,0.0,0.0,0.0,0.0,16.0,40.0,0.0,0.0,0.0,0.0,0.0,0.0,0.0,0.0,0.0,0.0,1.0,0.0,0.3345184326171875,0.013319344980157825,66.0,15.0,0.06949863,6.0,1.0,0.6083,0.0,1.0,0.911105,0.0,0.0,0.0,1.0,0.0,1.0,1.0,0.3345184326171875,0.0,0.0,0.0,0.0,0.0,0.0,0.0,0.0,0.0,0.0,1.0,0.1,0.05,0.02,0.005,0.03,0.02,0.1,0.045555250000000005,0.012166,0.0,0.18,0.02,0.0
ocp_010,Openclipart,thought_bubble,mask_fill_edgewalk_rows16_p40,flat_icon_fill,0.1315153,pass,0.1315153,13,2,0.4955,0,0.999954,0.911669,0.0,0.0,0.0,0,low_loss,ocp_010::low_loss,0.0,0.0,0.0,0.0,0.0,0.0,1.0,0.0,0.0,1.0,1.0,0.0,0.0,0.0,0.0,0.0,0.0,0.0,0.0,0.0,16.0,40.0,0.0,0.0,0.0,0.0,0.0,0.0,0.0,0.0,0.0,0.0,1.0,0.0,0.3345184326171875,0.013319344980157825,66.0,15.0,0.1315153,13.0,2.0,0.4955,0.0,0.999954,0.911669,0.0,0.0,0.0,0.999954,0.0,0.999954,0.0,0.0,0.0,0.0,0.0,0.0,0.0,0.0,1.0,0.0,0.0,0.0,0.0,0.0,0.0,0.0,0.0,0.0,0.0,0.0,0.0,0.0,0.0,0.0,0.0,0.1315153
ocp_010,Openclipart,thought_bubble,mask_fill_edgewalk_rows16_p40,flat_icon_fill,0.1315153,pass,0.1315153,13,2,0.4955,0,0.999954,0.911669,0.0,0.0,0.0,0,balanced,ocp_010::balanced,0.1,0.05,0.02,0.005,0.003,0.003,1.0,0.0,0.0,1.0,1.0,0.0,0.0,0.0,0.0,0.0,0.0,0.0,0.0,0.0,16.0,40.0,0.0,0.0,0.0,0.0,0.0,0.0,0.0,0.0,0.0,0.0,1.0,0.0,0.3345184326171875,0.013319344980157825,66.0,15.0,0.1315153,13.0,2.0,0.4955,0.0,0.999954,0.911669,0.0,0.0,0.0,0.999954,0.0,0.999954,0.0,0.0,0.0,0.0,0.0,0.0,0.0,0.0,0.0,1.0,0.0,0.0,0.0,0.1,0.05,0.02,0.005,0.003,0.003,0.09999540000000001,0.04558345,0.00991,0.0,0.039,0.006,0.0
ocp_010,Openclipart,thought_bubble,mask_fill_edgewalk_rows16_p40,flat_icon_fill,0.1315153,pass,0.1315153,13,2,0.4955,0,0.999954,0.911669,0.0,0.0,0.0,0,precision,ocp_010::precision,0.1,0.2,0.02,0.005,0.003,0.003,1.0,0.0,0.0,1.0,1.0,0.0,0.0,0.0,0.0,0.0,0.0,0.0,0.0,0.0,16.0,40.0,0.0,0.0,0.0,0.0,0.0,0.0,0.0,0.0,0.0,0.0,1.0,0.0,0.3345184326171875,0.013319344980157825,66.0,15.0,0.1315153,13.0,2.0,0.4955,0.0,0.999954,0.911669,0.0,0.0,0.0,0.999954,0.0,0.999954,0.0,0.0,0.0,0.0,0.0,0.0,0.0,0.0,0.0,0.0,1.0,0.0,0.0,0.1,0.2,0.02,0.005,0.003,0.003,0.09999540000000001,0.1823338,0.00991,0.0,0.039,0.006,0.0
ocp_010,Openclipart,thought_bubble,mask_fill_edgewalk_rows16_p40,flat_icon_fill,0.1315153,pass,0.1315153,13,2,0.4955,0,0.999954,0.911669,0.0,0.0,0.0,0,coverage,ocp_010::coverage,0.35,0.05,0.02,0.005,0.003,0.003,1.0,0.0,0.0,1.0,1.0,0.0,0.0,0.0,0.0,0.0,0.0,0.0,0.0,0.0,16.0,40.0,0.0,0.0,0.0,0.0,0.0,0.0,0.0,0.0,0.0,0.0,1.0,0.0,0.3345184326171875,0.013319344980157825,66.0,15.0,0.1315153,13.0,2.0,0.4955,0.0,0.999954,0.911669,0.0,0.0,0.0,0.999954,0.0,0.999954,0.0,0.0,0.0,0.0,0.0,0.0,0.0,0.0,0.0,0.0,0.0,1.0,0.0,0.35,0.05,0.02,0.005,0.003,0.003,0.34998389999999996,0.04558345,0.00991,0.0,0.039,0.006,0.0
ocp_010,Openclipart,thought_bubble,mask_fill_edgewalk_rows16_p40,flat_icon_fill,0.1315153,pass,0.1315153,13,2,0.4955,0,0.999954,0.911669,0.0,0.0,0.0,0,low_jump,ocp_010::low_jump,0.1,0.05,0.02,0.005,0.03,0.02,1.0,0.0,0.0,1.0,1.0,0.0,0.0,0.0,0.0,0.0,0.0,0.0,0.0,0.0,16.0,40.0,0.0,0.0,0.0,0.0,0.0,0.0,0.0,0.0,0.0,0.0,1.0,0.0,0.3345184326171875,0.013319344980157825,66.0,15.0,0.1315153,13.0,2.0,0.4955,0.0,0.999954,0.911669,0.0,0.0,0.0,0.999954,0.0,0.999954,0.0,0.0,0.0,0.0,0.0,0.0,0.0,0.0,0.0,0.0,0.0,0.0,1.0,0.1,0.05,0.02,0.005,0.03,0.02,0.09999540000000001,0.04558345,0.00991,0.0,0.39,0.04,0.0
ocp_010,Openclipart,thought_bubble,auto_evalrepair_r10_c20,flat_icon_fill,0.0324356,excellent,0.008,1,0,0.0,0,0.688911,0.988028,0.061089,0.0,0.0,1,low_loss,ocp_010::low_loss,0.0,0.0,0.0,0.0,0.0,0.0,1.0,0.0,1.0,0.0,0.0,0.0,0.0,0.0,0.0,0.0,0.0,0.0,0.0,0.0,0.0,0.0,0.0,0.0,0.0,0.0,0.0,0.0,0.0,0.0,0.0,0.0,1.0,0.0,0.3345184326171875,0.013319344980157825,66.0,15.0,0.008,1.0,0.0,0.0,0.0,0.688911,0.988028,0.0,0.0,0.688911,0.0,0.0,0.0,0.0,0.0,0.0,0.0,0.0,0.0,0.0,0.0,1.0,0.0,0.0,0.0,0.0,0.0,0.0,0.0,0.0,0.0,0.0,0.0,0.0,0.0,0.0,0.0,0.0,0.008
ocp_010,Openclipart,thought_bubble,auto_evalrepair_r10_c20,flat_icon_fill,0.0324356,excellent,0.008,1,0,0.0,0,0.688911,0.988028,0.061089,0.0,0.0,1,balanced,ocp_010::balanced,0.1,0.05,0.02,0.005,0.003,0.003,1.0,0.0,1.0,0.0,0.0,0.0,0.0,0.0,0.0,0.0,0.0,0.0,0.0,0.0,0.0,0.0,0.0,0.0,0.0,0.0,0.0,0.0,0.0,0.0,0.0,0.0,1.0,0.0,0.3345184326171875,0.013319344980157825,66.0,15.0,0.008,1.0,0.0,0.0,0.0,0.688911,0.988028,0.0,0.0,0.688911,0.0,0.0,0.0,0.0,0.0,0.0,0.0,0.0,0.0,0.0,0.0,0.0,1.0,0.0,0.0,0.0,0.1,0.05,0.02,0.005,0.003,0.003,0.06889110000000001,0.049401400000000005,0.0,0.0,0.003,0.0,0.0
ocp_010,Openclipart,thought_bubble,auto_evalrepair_r10_c20,flat_icon_fill,0.0324356,excellent,0.008,1,0,0.0,0,0.688911,0.988028,0.061089,0.0,0.0,1,precision,ocp_010::precision,0.1,0.2,0.02,0.005,0.003,0.003,1.0,0.0,1.0,0.0,0.0,0.0,0.0,0.0,0.0,0.0,0.0,0.0,0.0,0.0,0.0,0.0,0.0,0.0,0.0,0.0,0.0,0.0,0.0,0.0,0.0,0.0,1.0,0.0,0.3345184326171875,0.013319344980157825,66.0,15.0,0.008,1.0,0.0,0.0,0.0,0.688911,0.988028,0.0,0.0,0.688911,0.0,0.0,0.0,0.0,0.0,0.0,0.0,0.0,0.0,0.0,0.0,0.0,0.0,1.0,0.0,0.0,0.1,0.2,0.02,0.005,0.003,0.003,0.06889110000000001,0.19760560000000002,0.0,0.0,0.003,0.0,0.0
ocp_010,Openclipart,thought_bubble,auto_evalrepair_r10_c20,flat_icon_fill,0.0324356,excellent,0.008,1,0,0.0,0,0.688911,0.988028,0.061089,0.0,0.0,1,coverage,ocp_010::coverage,0.35,0.05,0.02,0.005,0.003,0.003,1.0,0.0,1.0,0.0,0.0,0.0,0.0,0.0,0.0,0.0,0.0,0.0,0.0,0.0,0.0,0.0,0.0,0.0,0.0,0.0,0.0,0.0,0.0,0.0,0.0,0.0,1.0,0.0,0.3345184326171875,0.013319344980157825,66.0,15.0,0.008,1.0,0.0,0.0,0.0,0.688911,0.988028,0.0,0.0,0.688911,0.0,0.0,0.0,0.0,0.0,0.0,0.0,0.0,0.0,0.0,0.0,0.0,0.0,0.0,1.0,0.0,0.35,0.05,0.02,0.005,0.003,0.003,0.24111885,0.049401400000000005,0.0,0.0,0.003,0.0,0.0
ocp_010,Openclipart,thought_bubble,auto_evalrepair_r10_c20,flat_icon_fill,0.0324356,excellent,0.008,1,0,0.0,0,0.688911,0.988028,0.061089,0.0,0.0,1,low_jump,ocp_010::low_jump,0.1,0.05,0.02,0.005,0.03,0.02,1.0,0.0,1.0,0.0,0.0,0.0,0.0,0.0,0.0,0.0,0.0,0.0,0.0,0.0,0.0,0.0,0.0,0.0,0.0,0.0,0.0,0.0,0.0,0.0,0.0,0.0,1.0,0.0,0.3345184326171875,0.013319344980157825,66.0,15.0,0.008,1.0,0.0,0.0,0.0,0.688911,0.988028,0.0,0.0,0.688911,0.0,0.0,0.0,0.0,0.0,0.0,0.0,0.0,0.0,0.0,0.0,0.0,0.0,0.0,0.0,1.0,0.1,0.05,0.02,0.005,0.03,0.02,0.06889110000000001,0.049401400000000005,0.0,0.0,0.03,0.0,0.0
ocp_010,Openclipart,thought_bubble,skeleton_c30_m20,flat_icon_fill,0.2880028,excellent,0.008,1,0,0.0,0,0.049993,1.0,0.700007,0.0,0.0,0,low_loss,ocp_010::low_loss,0.0,0.0,0.0,0.0,0.0,0.0,1.0,1.0,0.0,0.0,0.0,0.0,0.0,0.0,0.0,0.0,0.0,0.0,0.0,0.0,0.0,0.0,0.0,0.0,0.0,0.0,0.0,0.0,0.0,0.0,0.0,0.0,1.0,0.0,0.3345184326171875,0.013319344980157825,66.0,15.0,0.008,1.0,0.0,0.0,0.0,0.049993,1.0,0.0,0.049993,0.0,0.0,0.0,0.0,0.0,0.0,0.0,0.0,0.0,0.0,0.0,0.0,1.0,0.0,0.0,0.0,0.0,0.0,0.0,0.0,0.0,0.0,0.0,0.0,0.0,0.0,0.0,0.0,0.0,0.008
ocp_010,Openclipart,thought_bubble,skeleton_c30_m20,flat_icon_fill,0.2880028,excellent,0.008,1,0,0.0,0,0.049993,1.0,0.700007,0.0,0.0,0,balanced,ocp_010::balanced,0.1,0.05,0.02,0.005,0.003,0.003,1.0,1.0,0.0,0.0,0.0,0.0,0.0,0.0,0.0,0.0,0.0,0.0,0.0,0.0,0.0,0.0,0.0,0.0,0.0,0.0,0.0,0.0,0.0,0.0,0.0,0.0,1.0,0.0,0.3345184326171875,0.013319344980157825,66.0,15.0,0.008,1.0,0.0,0.0,0.0,0.049993,1.0,0.0,0.049993,0.0,0.0,0.0,0.0,0.0,0.0,0.0,0.0,0.0,0.0,0.0,0.0,0.0,1.0,0.0,0.0,0.0,0.1,0.05,0.02,0.005,0.003,0.003,0.004999300000000001,0.05,0.0,0.0,0.003,0.0,0.0
ocp_010,Openclipart,thought_bubble,skeleton_c30_m20,flat_icon_fill,0.2880028,excellent,0.008,1,0,0.0,0,0.049993,1.0,0.700007,0.0,0.0,0,precision,ocp_010::precision,0.1,0.2,0.02,0.005,0.003,0.003,1.0,1.0,0.0,0.0,0.0,0.0,0.0,0.0,0.0,0.0,0.0,0.0,0.0,0.0,0.0,0.0,0.0,0.0,0.0,0.0,0.0,0.0,0.0,0.0,0.0,0.0,1.0,0.0,0.3345184326171875,0.013319344980157825,66.0,15.0,0.008,1.0,0.0,0.0,0.0,0.049993,1.0,0.0,0.049993,0.0,0.0,0.0,0.0,0.0,0.0,0.0,0.0,0.0,0.0,0.0,0.0,0.0,0.0,1.0,0.0,0.0,0.1,0.2,0.02,0.005,0.003,0.003,0.004999300000000001,0.2,0.0,0.0,0.003,0.0,0.0
ocp_010,Openclipart,thought_bubble,skeleton_c30_m20,flat_icon_fill,0.2880028,excellent,0.008,1,0,0.0,0,0.049993,1.0,0.700007,0.0,0.0,0,coverage,ocp_010::coverage,0.35,0.05,0.02,0.005,0.003,0.003,1.0,1.0,0.0,0.0,0.0,0.0,0.0,0.0,0.0,0.0,0.0,0.0,0.0,0.0,0.0,0.0,0.0,0.0,0.0,0.0,0.0,0.0,0.0,0.0,0.0,0.0,1.0,0.0,0.3345184326171875,0.013319344980157825,66.0,15.0,0.008,1.0,0.0,0.0,0.0,0.049993,1.0,0.0,0.049993,0.0,0.0,0.0,0.0,0.0,0.0,0.0,0.0,0.0,0.0,0.0,0.0,0.0,0.0,0.0,1.0,0.0,0.35,0.05,0.02,0.005,0.003,0.003,0.01749755,0.05,0.0,0.0,0.003,0.0,0.0
ocp_010,Openclipart,thought_bubble,skeleton_c30_m20,flat_icon_fill,0.2880028,excellent,0.008,1,0,0.0,0,0.049993,1.0,0.700007,0.0,0.0,0,low_jump,ocp_010::low_jump,0.1,0.05,0.02,0.005,0.03,0.02,1.0,1.0,0.0,0.0,0.0,0.0,0.0,0.0,0.0,0.0,0.0,0.0,0.0,0.0,0.0,0.0,0.0,0.0,0.0,0.0,0.0,0.0,0.0,0.0,0.0,0.0,1.0,0.0,0.3345184326171875,0.013319344980157825,66.0,15.0,0.008,1.0,0.0,0.0,0.0,0.049993,1.0,0.0,0.049993,0.0,0.0,0.0,0.0,0.0,0.0,0.0,0.0,0.0,0.0,0.0,0.0,0.0,0.0,0.0,0.0,1.0,0.1,0.05,0.02,0.005,0.03,0.02,0.004999300000000001,0.05,0.0,0.0,0.03,0.0,0.0
ocp_010,Openclipart,thought_bubble,skeleton_c30_m4,flat_icon_fill,0.29797854,excellent,0.04757014,5,1,0.0,0,0.123979,0.988364,0.626021,0.0,0.0,0,low_loss,ocp_010::low_loss,0.0,0.0,0.0,0.0,0.0,0.0,1.0,1.0,0.0,0.0,0.0,0.0,0.0,0.0,0.0,0.0,0.0,0.0,0.0,0.0,0.0,0.0,0.0,0.0,0.0,0.0,0.0,0.0,0.0,0.0,0.0,0.0,1.0,0.0,0.3345184326171875,0.013319344980157825,66.0,15.0,0.04757014,5.0,1.0,0.0,0.0,0.123979,0.988364,0.0,0.123979,0.0,0.0,0.0,0.0,0.0,0.0,0.0,0.0,0.0,0.0,0.0,0.0,1.0,0.0,0.0,0.0,0.0,0.0,0.0,0.0,0.0,0.0,0.0,0.0,0.0,0.0,0.0,0.0,0.0,0.04757014
ocp_010,Openclipart,thought_bubble,skeleton_c30_m4,flat_icon_fill,0.29797854,excellent,0.04757014,5,1,0.0,0,0.123979,0.988364,0.626021,0.0,0.0,0,balanced,ocp_010::balanced,0.1,0.05,0.02,0.005,0.003,0.003,1.0,1.0,0.0,0.0,0.0,0.0,0.0,0.0,0.0,0.0,0.0,0.0,0.0,0.0,0.0,0.0,0.0,0.0,0.0,0.0,0.0,0.0,0.0,0.0,0.0,0.0,1.0,0.0,0.3345184326171875,0.013319344980157825,66.0,15.0,0.04757014,5.0,1.0,0.0,0.0,0.123979,0.988364,0.0,0.123979,0.0,0.0,0.0,0.0,0.0,0.0,0.0,0.0,0.0,0.0,0.0,0.0,0.0,1.0,0.0,0.0,0.0,0.1,0.05,0.02,0.005,0.003,0.003,0.012397900000000002,0.0494182,0.0,0.0,0.015,0.003,0.0
ocp_010,Openclipart,thought_bubble,skeleton_c30_m4,flat_icon_fill,0.29797854,excellent,0.04757014,5,1,0.0,0,0.123979,0.988364,0.626021,0.0,0.0,0,precision,ocp_010::precision,0.1,0.2,0.02,0.005,0.003,0.003,1.0,1.0,0.0,0.0,0.0,0.0,0.0,0.0,0.0,0.0,0.0,0.0,0.0,0.0,0.0,0.0,0.0,0.0,0.0,0.0,0.0,0.0,0.0,0.0,0.0,0.0,1.0,0.0,0.3345184326171875,0.013319344980157825,66.0,15.0,0.04757014,5.0,1.0,0.0,0.0,0.123979,0.988364,0.0,0.123979,0.0,0.0,0.0,0.0,0.0,0.0,0.0,0.0,0.0,0.0,0.0,0.0,0.0,0.0,1.0,0.0,0.0,0.1,0.2,0.02,0.005,0.003,0.003,0.012397900000000002,0.1976728,0.0,0.0,0.015,0.003,0.0
ocp_010,Openclipart,thought_bubble,skeleton_c30_m4,flat_icon_fill,0.29797854,excellent,0.04757014,5,1,0.0,0,0.123979,0.988364,0.626021,0.0,0.0,0,coverage,ocp_010::coverage,0.35,0.05,0.02,0.005,0.003,0.003,1.0,1.0,0.0,0.0,0.0,0.0,0.0,0.0,0.0,0.0,0.0,0.0,0.0,0.0,0.0,0.0,0.0,0.0,0.0,0.0,0.0,0.0,0.0,0.0,0.0,0.0,1.0,0.0,0.3345184326171875,0.013319344980157825,66.0,15.0,0.04757014,5.0,1.0,0.0,0.0,0.123979,0.988364,0.0,0.123979,0.0,0.0,0.0,0.0,0.0,0.0,0.0,0.0,0.0,0.0,0.0,0.0,0.0,0.0,0.0,1.0,0.0,0.35,0.05,0.02,0.005,0.003,0.003,0.04339265,0.0494182,0.0,0.0,0.015,0.003,0.0
ocp_010,Openclipart,thought_bubble,skeleton_c30_m4,flat_icon_fill,0.29797854,excellent,0.04757014,5,1,0.0,0,0.123979,0.988364,0.626021,0.0,0.0,0,low_jump,ocp_010::low_jump,0.1,0.05,0.02,0.005,0.03,0.02,1.0,1.0,0.0,0.0,0.0,0.0,0.0,0.0,0.0,0.0,0.0,0.0,0.0,0.0,0.0,0.0,0.0,0.0,0.0,0.0,0.0,0.0,0.0,0.0,0.0,0.0,1.0,0.0,0.3345184326171875,0.013319344980157825,66.0,15.0,0.04757014,5.0,1.0,0.0,0.0,0.123979,0.988364,0.0,0.123979,0.0,0.0,0.0,0.0,0.0,0.0,0.0,0.0,0.0,0.0,0.0,0.0,0.0,0.0,0.0,0.0,1.0,0.1,0.05,0.02,0.005,0.03,0.02,0.012397900000000002,0.0494182,0.0,0.0,0.15,0.02,0.0
ocp_010,Openclipart,thought_bubble,mask_fill_edgewalk_nearestrow_safeadt_t2m5_r055_a64_rows16_p40,flat_icon_fill,0.05579052,excellent,0.05579052,6,1,0.0,0,0.998996,0.935181,0.0,0.0,0.0,0,low_loss,ocp_010::low_loss,0.0,0.0,0.0,0.0,0.0,0.0,1.0,0.0,0.0,1.0,1.0,1.0,1.0,0.0,0.0,0.0,0.0,0.0,0.0,0.0,16.0,40.0,0.0,0.0,0.0,0.0,0.0,0.0,0.0,0.0,0.0,0.0,1.0,0.0,0.3345184326171875,0.013319344980157825,66.0,15.0,0.05579052,6.0,1.0,0.0,0.0,0.998996,0.935181,0.0,0.0,0.0,0.998996,0.0,0.998996,0.998996,0.3345184326171875,0.0,0.0,0.0,0.0,0.0,0.0,1.0,0.0,0.0,0.0,0.0,0.0,0.0,0.0,0.0,0.0,0.0,0.0,0.0,0.0,0.0,0.0,0.0,0.05579052
ocp_010,Openclipart,thought_bubble,mask_fill_edgewalk_nearestrow_safeadt_t2m5_r055_a64_rows16_p40,flat_icon_fill,0.05579052,excellent,0.05579052,6,1,0.0,0,0.998996,0.935181,0.0,0.0,0.0,0,balanced,ocp_010::balanced,0.1,0.05,0.02,0.005,0.003,0.003,1.0,0.0,0.0,1.0,1.0,1.0,1.0,0.0,0.0,0.0,0.0,0.0,0.0,0.0,16.0,40.0,0.0,0.0,0.0,0.0,0.0,0.0,0.0,0.0,0.0,0.0,1.0,0.0,0.3345184326171875,0.013319344980157825,66.0,15.0,0.05579052,6.0,1.0,0.0,0.0,0.998996,0.935181,0.0,0.0,0.0,0.998996,0.0,0.998996,0.998996,0.3345184326171875,0.0,0.0,0.0,0.0,0.0,0.0,0.0,1.0,0.0,0.0,0.0,0.1,0.05,0.02,0.005,0.003,0.003,0.0998996,0.04675905,0.0,0.0,0.018000000000000002,0.003,0.0
ocp_010,Openclipart,thought_bubble,mask_fill_edgewalk_nearestrow_safeadt_t2m5_r055_a64_rows16_p40,flat_icon_fill,0.05579052,excellent,0.05579052,6,1,0.0,0,0.998996,0.935181,0.0,0.0,0.0,0,precision,ocp_010::precision,0.1,0.2,0.02,0.005,0.003,0.003,1.0,0.0,0.0,1.0,1.0,1.0,1.0,0.0,0.0,0.0,0.0,0.0,0.0,0.0,16.0,40.0,0.0,0.0,0.0,0.0,0.0,0.0,0.0,0.0,0.0,0.0,1.0,0.0,0.3345184326171875,0.013319344980157825,66.0,15.0,0.05579052,6.0,1.0,0.0,0.0,0.998996,0.935181,0.0,0.0,0.0,0.998996,0.0,0.998996,0.998996,0.3345184326171875,0.0,0.0,0.0,0.0,0.0,0.0,0.0,0.0,1.0,0.0,0.0,0.1,0.2,0.02,0.005,0.003,0.003,0.0998996,0.1870362,0.0,0.0,0.018000000000000002,0.003,0.0
ocp_010,Openclipart,thought_bubble,mask_fill_edgewalk_nearestrow_safeadt_t2m5_r055_a64_rows16_p40,flat_icon_fill,0.05579052,excellent,0.05579052,6,1,0.0,0,0.998996,0.935181,0.0,0.0,0.0,0,coverage,ocp_010::coverage,0.35,0.05,0.02,0.005,0.003,0.003,1.0,0.0,0.0,1.0,1.0,1.0,1.0,0.0,0.0,0.0,0.0,0.0,0.0,0.0,16.0,40.0,0.0,0.0,0.0,0.0,0.0,0.0,0.0,0.0,0.0,0.0,1.0,0.0,0.3345184326171875,0.013319344980157825,66.0,15.0,0.05579052,6.0,1.0,0.0,0.0,0.998996,0.935181,0.0,0.0,0.0,0.998996,0.0,0.998996,0.998996,0.3345184326171875,0.0,0.0,0.0,0.0,0.0,0.0,0.0,0.0,0.0,1.0,0.0,0.35,0.05,0.02,0.005,0.003,0.003,0.3496486,0.04675905,0.0,0.0,0.018000000000000002,0.003,0.0
ocp_010,Openclipart,thought_bubble,mask_fill_edgewalk_nearestrow_safeadt_t2m5_r055_a64_rows16_p40,flat_icon_fill,0.05579052,excellent,0.05579052,6,1,0.0,0,0.998996,0.935181,0.0,0.0,0.0,0,low_jump,ocp_010::low_jump,0.1,0.05,0.02,0.005,0.03,0.02,1.0,0.0,0.0,1.0,1.0,1.0,1.0,0.0,0.0,0.0,0.0,0.0,0.0,0.0,16.0,40.0,0.0,0.0,0.0,0.0,0.0,0.0,0.0,0.0,0.0,0.0,1.0,0.0,0.3345184326171875,0.013319344980157825,66.0,15.0,0.05579052,6.0,1.0,0.0,0.0,0.998996,0.935181,0.0,0.0,0.0,0.998996,0.0,0.998996,0.998996,0.3345184326171875,0.0,0.0,0.0,0.0,0.0,0.0,0.0,0.0,0.0,0.0,1.0,0.1,0.05,0.02,0.005,0.03,0.02,0.0998996,0.04675905,0.0,0.0,0.18,0.02,0.0
omj_001,OpenMoji,heart,mask_fill_edgewalk_nearestrow_inset1_rows16_p40,flat_icon_fill,0.07242141,excellent,0.07242141,8,1,0.0,0,0.99949,0.931584,0.0,0.0,0.0,0,low_loss,omj_001::low_loss,0.0,0.0,0.0,0.0,0.0,0.0,1.0,0.0,0.0,1.0,1.0,1.0,0.0,1.0,1.0,0.0,1.0,0.0,0.0,0.0,16.0,40.0,0.0,0.0,0.0,0.0,0.0,0.0,0.0,0.0,0.0,0.0,1.0,0.0,0.29913330078125,0.008671699653132013,97.0,3.0,0.07242141,8.0,1.0,0.0,0.0,0.99949,0.931584,0.0,0.0,0.0,0.99949,0.0,0.99949,0.99949,0.29913330078125,0.29913330078125,0.0,0.0,0.0,0.0,0.0,1.0,0.0,0.0,0.0,0.0,0.0,0.0,0.0,0.0,0.0,0.0,0.0,0.0,0.0,0.0,0.0,0.0,0.07242141
omj_001,OpenMoji,heart,mask_fill_edgewalk_nearestrow_inset1_rows16_p40,flat_icon_fill,0.07242141,excellent,0.07242141,8,1,0.0,0,0.99949,0.931584,0.0,0.0,0.0,0,balanced,omj_001::balanced,0.1,0.05,0.02,0.005,0.003,0.003,1.0,0.0,0.0,1.0,1.0,1.0,0.0,1.0,1.0,0.0,1.0,0.0,0.0,0.0,16.0,40.0,0.0,0.0,0.0,0.0,0.0,0.0,0.0,0.0,0.0,0.0,1.0,0.0,0.29913330078125,0.008671699653132013,97.0,3.0,0.07242141,8.0,1.0,0.0,0.0,0.99949,0.931584,0.0,0.0,0.0,0.99949,0.0,0.99949,0.99949,0.29913330078125,0.29913330078125,0.0,0.0,0.0,0.0,0.0,0.0,1.0,0.0,0.0,0.0,0.1,0.05,0.02,0.005,0.003,0.003,0.09994900000000001,0.0465792,0.0,0.0,0.024,0.003,0.0
omj_001,OpenMoji,heart,mask_fill_edgewalk_nearestrow_inset1_rows16_p40,flat_icon_fill,0.07242141,excellent,0.07242141,8,1,0.0,0,0.99949,0.931584,0.0,0.0,0.0,0,precision,omj_001::precision,0.1,0.2,0.02,0.005,0.003,0.003,1.0,0.0,0.0,1.0,1.0,1.0,0.0,1.0,1.0,0.0,1.0,0.0,0.0,0.0,16.0,40.0,0.0,0.0,0.0,0.0,0.0,0.0,0.0,0.0,0.0,0.0,1.0,0.0,0.29913330078125,0.008671699653132013,97.0,3.0,0.07242141,8.0,1.0,0.0,0.0,0.99949,0.931584,0.0,0.0,0.0,0.99949,0.0,0.99949,0.99949,0.29913330078125,0.29913330078125,0.0,0.0,0.0,0.0,0.0,0.0,0.0,1.0,0.0,0.0,0.1,0.2,0.02,0.005,0.003,0.003,0.09994900000000001,0.1863168,0.0,0.0,0.024,0.003,0.0
omj_001,OpenMoji,heart,mask_fill_edgewalk_nearestrow_inset1_rows16_p40,flat_icon_fill,0.07242141,excellent,0.07242141,8,1,0.0,0,0.99949,0.931584,0.0,0.0,0.0,0,coverage,omj_001::coverage,0.35,0.05,0.02,0.005,0.003,0.003,1.0,0.0,0.0,1.0,1.0,1.0,0.0,1.0,1.0,0.0,1.0,0.0,0.0,0.0,16.0,40.0,0.0,0.0,0.0,0.0,0.0,0.0,0.0,0.0,0.0,0.0,1.0,0.0,0.29913330078125,0.008671699653132013,97.0,3.0,0.07242141,8.0,1.0,0.0,0.0,0.99949,0.931584,0.0,0.0,0.0,0.99949,0.0,0.99949,0.99949,0.29913330078125,0.29913330078125,0.0,0.0,0.0,0.0,0.0,0.0,0.0,0.0,1.0,0.0,0.35,0.05,0.02,0.005,0.003,0.003,0.34982149999999995,0.0465792,0.0,0.0,0.024,0.003,0.0
omj_001,OpenMoji,heart,mask_fill_edgewalk_nearestrow_inset1_rows16_p40,flat_icon_fill,0.07242141,excellent,0.07242141,8,1,0.0,0,0.99949,0.931584,0.0,0.0,0.0,0,low_jump,omj_001::low_jump,0.1,0.05,0.02,0.005,0.03,0.02,1.0,0.0,0.0,1.0,1.0,1.0,0.0,1.0,1.0,0.0,1.0,0.0,0.0,0.0,16.0,40.0,0.0,0.0,0.0,0.0,0.0,0.0,0.0,0.0,0.0,0.0,1.0,0.0,0.29913330078125,0.008671699653132013,97.0,3.0,0.07242141,8.0,1.0,0.0,0.0,0.99949,0.931584,0.0,0.0,0.0,0.99949,0.0,0.99949,0.99949,0.29913330078125,0.29913330078125,0.0,0.0,0.0,0.0,0.0,0.0,0.0,0.0,0.0,1.0,0.1,0.05,0.02,0.005,0.03,0.02,0.09994900000000001,0.0465792,0.0,0.0,0.24,0.02,0.0
omj_001,OpenMoji,heart,mask_fill_edgewalk_nearestrow_inset2_rows16_p40,flat_icon_fill,0.07241489,excellent,0.07241489,8,1,0.0,0,0.998725,0.962633,0.0,0.0,0.0,0,low_loss,omj_001::low_loss,0.0,0.0,0.0,0.0,0.0,0.0,1.0,0.0,0.0,1.0,1.0,1.0,0.0,1.0,0.0,1.0,2.0,0.0,0.0,0.0,16.0,40.0,0.0,0.0,0.0,0.0,0.0,0.0,0.0,0.0,0.0,0.0,1.0,0.0,0.29913330078125,0.008671699653132013,97.0,3.0,0.07241489,8.0,1.0,0.0,0.0,0.998725,0.962633,0.0,0.0,0.0,0.998725,0.0,0.998725,0.998725,0.29913330078125,0.29913330078125,0.29913330078125,0.0,0.0,0.0,0.0,1.0,0.0,0.0,0.0,0.0,0.0,0.0,0.0,0.0,0.0,0.0,0.0,0.0,0.0,0.0,0.0,0.0,0.07241489
omj_001,OpenMoji,heart,mask_fill_edgewalk_nearestrow_inset2_rows16_p40,flat_icon_fill,0.07241489,excellent,0.07241489,8,1,0.0,0,0.998725,0.962633,0.0,0.0,0.0,0,balanced,omj_001::balanced,0.1,0.05,0.02,0.005,0.003,0.003,1.0,0.0,0.0,1.0,1.0,1.0,0.0,1.0,0.0,1.0,2.0,0.0,0.0,0.0,16.0,40.0,0.0,0.0,0.0,0.0,0.0,0.0,0.0,0.0,0.0,0.0,1.0,0.0,0.29913330078125,0.008671699653132013,97.0,3.0,0.07241489,8.0,1.0,0.0,0.0,0.998725,0.962633,0.0,0.0,0.0,0.998725,0.0,0.998725,0.998725,0.29913330078125,0.29913330078125,0.29913330078125,0.0,0.0,0.0,0.0,0.0,1.0,0.0,0.0,0.0,0.1,0.05,0.02,0.005,0.003,0.003,0.0998725,0.04813165,0.0,0.0,0.024,0.003,0.0
omj_001,OpenMoji,heart,mask_fill_edgewalk_nearestrow_inset2_rows16_p40,flat_icon_fill,0.07241489,excellent,0.07241489,8,1,0.0,0,0.998725,0.962633,0.0,0.0,0.0,0,precision,omj_001::precision,0.1,0.2,0.02,0.005,0.003,0.003,1.0,0.0,0.0,1.0,1.0,1.0,0.0,1.0,0.0,1.0,2.0,0.0,0.0,0.0,16.0,40.0,0.0,0.0,0.0,0.0,0.0,0.0,0.0,0.0,0.0,0.0,1.0,0.0,0.29913330078125,0.008671699653132013,97.0,3.0,0.07241489,8.0,1.0,0.0,0.0,0.998725,0.962633,0.0,0.0,0.0,0.998725,0.0,0.998725,0.998725,0.29913330078125,0.29913330078125,0.29913330078125,0.0,0.0,0.0,0.0,0.0,0.0,1.0,0.0,0.0,0.1,0.2,0.02,0.005,0.003,0.003,0.0998725,0.1925266,0.0,0.0,0.024,0.003,0.0
omj_001,OpenMoji,heart,mask_fill_edgewalk_nearestrow_inset2_rows16_p40,flat_icon_fill,0.07241489,excellent,0.07241489,8,1,0.0,0,0.998725,0.962633,0.0,0.0,0.0,0,coverage,omj_001::coverage,0.35,0.05,0.02,0.005,0.003,0.003,1.0,0.0,0.0,1.0,1.0,1.0,0.0,1.0,0.0,1.0,2.0,0.0,0.0,0.0,16.0,40.0,0.0,0.0,0.0,0.0,0.0,0.0,0.0,0.0,0.0,0.0,1.0,0.0,0.29913330078125,0.008671699653132013,97.0,3.0,0.07241489,8.0,1.0,0.0,0.0,0.998725,0.962633,0.0,0.0,0.0,0.998725,0.0,0.998725,0.998725,0.29913330078125,0.29913330078125,0.29913330078125,0.0,0.0,0.0,0.0,0.0,0.0,0.0,1.0,0.0,0.35,0.05,0.02,0.005,0.003,0.003,0.34955375,0.04813165,0.0,0.0,0.024,0.003,0.0
omj_001,OpenMoji,heart,mask_fill_edgewalk_nearestrow_inset2_rows16_p40,flat_icon_fill,0.07241489,excellent,0.07241489,8,1,0.0,0,0.998725,0.962633,0.0,0.0,0.0,0,low_jump,omj_001::low_jump,0.1,0.05,0.02,0.005,0.03,0.02,1.0,0.0,0.0,1.0,1.0,1.0,0.0,1.0,0.0,1.0,2.0,0.0,0.0,0.0,16.0,40.0,0.0,0.0,0.0,0.0,0.0,0.0,0.0,0.0,0.0,0.0,1.0,0.0,0.29913330078125,0.008671699653132013,97.0,3.0,0.07241489,8.0,1.0,0.0,0.0,0.998725,0.962633,0.0,0.0,0.0,0.998725,0.0,0.998725,0.998725,0.29913330078125,0.29913330078125,0.29913330078125,0.0,0.0,0.0,0.0,0.0,0.0,0.0,0.0,1.0,0.1,0.05,0.02,0.005,0.03,0.02,0.0998725,0.04813165,0.0,0.0,0.24,0.02,0.0
omj_001,OpenMoji,heart,mask_fill_edgewalk_nearestrow_rows16_p40,flat_icon_fill,0.08727267,excellent,0.08727267,8,1,0.6574,0,1.0,0.90646,0.0,0.0,0.0,0,low_loss,omj_001::low_loss,0.0,0.0,0.0,0.0,0.0,0.0,1.0,0.0,0.0,1.0,1.0,1.0,1.0,0.0,0.0,0.0,0.0,0.0,0.0,0.0,16.0,40.0,0.0,0.0,0.0,0.0,0.0,0.0,0.0,0.0,0.0,0.0,1.0,0.0,0.29913330078125,0.008671699653132013,97.0,3.0,0.08727267,8.0,1.0,0.6574,0.0,1.0,0.90646,0.0,0.0,0.0,1.0,0.0,1.0,1.0,0.29913330078125,0.0,0.0,0.0,0.0,0.0,0.0,1.0,0.0,0.0,0.0,0.0,0.0,0.0,0.0,0.0,0.0,0.0,0.0,0.0,0.0,0.0,0.0,0.0,0.08727267
omj_001,OpenMoji,heart,mask_fill_edgewalk_nearestrow_rows16_p40,flat_icon_fill,0.08727267,excellent,0.08727267,8,1,0.6574,0,1.0,0.90646,0.0,0.0,0.0,0,balanced,omj_001::balanced,0.1,0.05,0.02,0.005,0.003,0.003,1.0,0.0,0.0,1.0,1.0,1.0,1.0,0.0,0.0,0.0,0.0,0.0,0.0,0.0,16.0,40.0,0.0,0.0,0.0,0.0,0.0,0.0,0.0,0.0,0.0,0.0,1.0,0.0,0.29913330078125,0.008671699653132013,97.0,3.0,0.08727267,8.0,1.0,0.6574,0.0,1.0,0.90646,0.0,0.0,0.0,1.0,0.0,1.0,1.0,0.29913330078125,0.0,0.0,0.0,0.0,0.0,0.0,0.0,1.0,0.0,0.0,0.0,0.1,0.05,0.02,0.005,0.003,0.003,0.1,0.045323,0.013148,0.0,0.024,0.003,0.0
omj_001,OpenMoji,heart,mask_fill_edgewalk_nearestrow_rows16_p40,flat_icon_fill,0.08727267,excellent,0.08727267,8,1,0.6574,0,1.0,0.90646,0.0,0.0,0.0,0,precision,omj_001::precision,0.1,0.2,0.02,0.005,0.003,0.003,1.0,0.0,0.0,1.0,1.0,1.0,1.0,0.0,0.0,0.0,0.0,0.0,0.0,0.0,16.0,40.0,0.0,0.0,0.0,0.0,0.0,0.0,0.0,0.0,0.0,0.0,1.0,0.0,0.29913330078125,0.008671699653132013,97.0,3.0,0.08727267,8.0,1.0,0.6574,0.0,1.0,0.90646,0.0,0.0,0.0,1.0,0.0,1.0,1.0,0.29913330078125,0.0,0.0,0.0,0.0,0.0,0.0,0.0,0.0,1.0,0.0,0.0,0.1,0.2,0.02,0.005,0.003,0.003,0.1,0.181292,0.013148,0.0,0.024,0.003,0.0
omj_001,OpenMoji,heart,mask_fill_edgewalk_nearestrow_rows16_p40,flat_icon_fill,0.08727267,excellent,0.08727267,8,1,0.6574,0,1.0,0.90646,0.0,0.0,0.0,0,coverage,omj_001::coverage,0.35,0.05,0.02,0.005,0.003,0.003,1.0,0.0,0.0,1.0,1.0,1.0,1.0,0.0,0.0,0.0,0.0,0.0,0.0,0.0,16.0,40.0,0.0,0.0,0.0,0.0,0.0,0.0,0.0,0.0,0.0,0.0,1.0,0.0,0.29913330078125,0.008671699653132013,97.0,3.0,0.08727267,8.0,1.0,0.6574,0.0,1.0,0.90646,0.0,0.0,0.0,1.0,0.0,1.0,1.0,0.29913330078125,0.0,0.0,0.0,0.0,0.0,0.0,0.0,0.0,0.0,1.0,0.0,0.35,0.05,0.02,0.005,0.003,0.003,0.35,0.045323,0.013148,0.0,0.024,0.003,0.0
omj_001,OpenMoji,heart,mask_fill_edgewalk_nearestrow_rows16_p40,flat_icon_fill,0.08727267,excellent,0.08727267,8,1,0.6574,0,1.0,0.90646,0.0,0.0,0.0,0,low_jump,omj_001::low_jump,0.1,0.05,0.02,0.005,0.03,0.02,1.0,0.0,0.0,1.0,1.0,1.0,1.0,0.0,0.0,0.0,0.0,0.0,0.0,0.0,16.0,40.0,0.0,0.0,0.0,0.0,0.0,0.0,0.0,0.0,0.0,0.0,1.0,0.0,0.29913330078125,0.008671699653132013,97.0,3.0,0.08727267,8.0,1.0,0.6574,0.0,1.0,0.90646,0.0,0.0,0.0,1.0,0.0,1.0,1.0,0.29913330078125,0.0,0.0,0.0,0.0,0.0,0.0,0.0,0.0,0.0,0.0,1.0,0.1,0.05,0.02,0.005,0.03,0.02,0.1,0.045323,0.013148,0.0,0.24,0.02,0.0
omj_001,OpenMoji,heart,mask_fill_edgewalk_rows16_p40,flat_icon_fill,0.03952851,excellent,0.03952851,3,0,0.6574,0,1.0,0.903244,0.0,0.0,0.0,1,low_loss,omj_001::low_loss,0.0,0.0,0.0,0.0,0.0,0.0,1.0,0.0,0.0,1.0,1.0,0.0,0.0,0.0,0.0,0.0,0.0,0.0,0.0,0.0,16.0,40.0,0.0,0.0,0.0,0.0,0.0,0.0,0.0,0.0,0.0,0.0,1.0,0.0,0.29913330078125,0.008671699653132013,97.0,3.0,0.03952851,3.0,0.0,0.6574,0.0,1.0,0.903244,0.0,0.0,0.0,1.0,0.0,1.0,0.0,0.0,0.0,0.0,0.0,0.0,0.0,0.0,1.0,0.0,0.0,0.0,0.0,0.0,0.0,0.0,0.0,0.0,0.0,0.0,0.0,0.0,0.0,0.0,0.0,0.03952851
omj_001,OpenMoji,heart,mask_fill_edgewalk_rows16_p40,flat_icon_fill,0.03952851,excellent,0.03952851,3,0,0.6574,0,1.0,0.903244,0.0,0.0,0.0,1,balanced,omj_001::balanced,0.1,0.05,0.02,0.005,0.003,0.003,1.0,0.0,0.0,1.0,1.0,0.0,0.0,0.0,0.0,0.0,0.0,0.0,0.0,0.0,16.0,40.0,0.0,0.0,0.0,0.0,0.0,0.0,0.0,0.0,0.0,0.0,1.0,0.0,0.29913330078125,0.008671699653132013,97.0,3.0,0.03952851,3.0,0.0,0.6574,0.0,1.0,0.903244,0.0,0.0,0.0,1.0,0.0,1.0,0.0,0.0,0.0,0.0,0.0,0.0,0.0,0.0,0.0,1.0,0.0,0.0,0.0,0.1,0.05,0.02,0.005,0.003,0.003,0.1,0.045162200000000007,0.013148,0.0,0.009000000000000001,0.0,0.0
omj_001,OpenMoji,heart,mask_fill_edgewalk_rows16_p40,flat_icon_fill,0.03952851,excellent,0.03952851,3,0,0.6574,0,1.0,0.903244,0.0,0.0,0.0,1,precision,omj_001::precision,0.1,0.2,0.02,0.005,0.003,0.003,1.0,0.0,0.0,1.0,1.0,0.0,0.0,0.0,0.0,0.0,0.0,0.0,0.0,0.0,16.0,40.0,0.0,0.0,0.0,0.0,0.0,0.0,0.0,0.0,0.0,0.0,1.0,0.0,0.29913330078125,0.008671699653132013,97.0,3.0,0.03952851,3.0,0.0,0.6574,0.0,1.0,0.903244,0.0,0.0,0.0,1.0,0.0,1.0,0.0,0.0,0.0,0.0,0.0,0.0,0.0,0.0,0.0,0.0,1.0,0.0,0.0,0.1,0.2,0.02,0.005,0.003,0.003,0.1,0.18064880000000003,0.013148,0.0,0.009000000000000001,0.0,0.0
omj_001,OpenMoji,heart,mask_fill_edgewalk_rows16_p40,flat_icon_fill,0.03952851,excellent,0.03952851,3,0,0.6574,0,1.0,0.903244,0.0,0.0,0.0,1,coverage,omj_001::coverage,0.35,0.05,0.02,0.005,0.003,0.003,1.0,0.0,0.0,1.0,1.0,0.0,0.0,0.0,0.0,0.0,0.0,0.0,0.0,0.0,16.0,40.0,0.0,0.0,0.0,0.0,0.0,0.0,0.0,0.0,0.0,0.0,1.0,0.0,0.29913330078125,0.008671699653132013,97.0,3.0,0.03952851,3.0,0.0,0.6574,0.0,1.0,0.903244,0.0,0.0,0.0,1.0,0.0,1.0,0.0,0.0,0.0,0.0,0.0,0.0,0.0,0.0,0.0,0.0,0.0,1.0,0.0,0.35,0.05,0.02,0.005,0.003,0.003,0.35,0.045162200000000007,0.013148,0.0,0.009000000000000001,0.0,0.0
omj_001,OpenMoji,heart,mask_fill_edgewalk_rows16_p40,flat_icon_fill,0.03952851,excellent,0.03952851,3,0,0.6574,0,1.0,0.903244,0.0,0.0,0.0,1,low_jump,omj_001::low_jump,0.1,0.05,0.02,0.005,0.03,0.02,1.0,0.0,0.0,1.0,1.0,0.0,0.0,0.0,0.0,0.0,0.0,0.0,0.0,0.0,16.0,40.0,0.0,0.0,0.0,0.0,0.0,0.0,0.0,0.0,0.0,0.0,1.0,0.0,0.29913330078125,0.008671699653132013,97.0,3.0,0.03952851,3.0,0.0,0.6574,0.0,1.0,0.903244,0.0,0.0,0.0,1.0,0.0,1.0,0.0,0.0,0.0,0.0,0.0,0.0,0.0,0.0,0.0,0.0,0.0,0.0,1.0,0.1,0.05,0.02,0.005,0.03,0.02,0.1,0.045162200000000007,0.013148,0.0,0.09,0.0,0.0
omj_001,OpenMoji,heart,auto_evalrepair_r10_c20,flat_icon_fill,0.054,pass,0.054,0,9,0.0,0,0.955519,0.917291,0.0,0.0,0.0,0,low_loss,omj_001::low_loss,0.0,0.0,0.0,0.0,0.0,0.0,1.0,0.0,1.0,0.0,0.0,0.0,0.0,0.0,0.0,0.0,0.0,0.0,0.0,0.0,0.0,0.0,0.0,0.0,0.0,0.0,0.0,0.0,0.0,0.0,0.0,0.0,1.0,0.0,0.29913330078125,0.008671699653132013,97.0,3.0,0.054,0.0,9.0,0.0,0.0,0.955519,0.917291,0.0,0.0,0.955519,0.0,0.0,0.0,0.0,0.0,0.0,0.0,0.0,0.0,0.0,0.0,1.0,0.0,0.0,0.0,0.0,0.0,0.0,0.0,0.0,0.0,0.0,0.0,0.0,0.0,0.0,0.0,0.0,0.054
omj_001,OpenMoji,heart,auto_evalrepair_r10_c20,flat_icon_fill,0.054,pass,0.054,0,9,0.0,0,0.955519,0.917291,0.0,0.0,0.0,0,balanced,omj_001::balanced,0.1,0.05,0.02,0.005,0.003,0.003,1.0,0.0,1.0,0.0,0.0,0.0,0.0,0.0,0.0,0.0,0.0,0.0,0.0,0.0,0.0,0.0,0.0,0.0,0.0,0.0,0.0,0.0,0.0,0.0,0.0,0.0,1.0,0.0,0.29913330078125,0.008671699653132013,97.0,3.0,0.054,0.0,9.0,0.0,0.0,0.955519,0.917291,0.0,0.0,0.955519,0.0,0.0,0.0,0.0,0.0,0.0,0.0,0.0,0.0,0.0,0.0,0.0,1.0,0.0,0.0,0.0,0.1,0.05,0.02,0.005,0.003,0.003,0.09555190000000001,0.045864550000000004,0.0,0.0,0.0,0.027,0.0
omj_001,OpenMoji,heart,auto_evalrepair_r10_c20,flat_icon_fill,0.054,pass,0.054,0,9,0.0,0,0.955519,0.917291,0.0,0.0,0.0,0,precision,omj_001::precision,0.1,0.2,0.02,0.005,0.003,0.003,1.0,0.0,1.0,0.0,0.0,0.0,0.0,0.0,0.0,0.0,0.0,0.0,0.0,0.0,0.0,0.0,0.0,0.0,0.0,0.0,0.0,0.0,0.0,0.0,0.0,0.0,1.0,0.0,0.29913330078125,0.008671699653132013,97.0,3.0,0.054,0.0,9.0,0.0,0.0,0.955519,0.917291,0.0,0.0,0.955519,0.0,0.0,0.0,0.0,0.0,0.0,0.0,0.0,0.0,0.0,0.0,0.0,0.0,1.0,0.0,0.0,0.1,0.2,0.02,0.005,0.003,0.003,0.09555190000000001,0.18345820000000002,0.0,0.0,0.0,0.027,0.0
omj_001,OpenMoji,heart,auto_evalrepair_r10_c20,flat_icon_fill,0.054,pass,0.054,0,9,0.0,0,0.955519,0.917291,0.0,0.0,0.0,0,coverage,omj_001::coverage,0.35,0.05,0.02,0.005,0.003,0.003,1.0,0.0,1.0,0.0,0.0,0.0,0.0,0.0,0.0,0.0,0.0,0.0,0.0,0.0,0.0,0.0,0.0,0.0,0.0,0.0,0.0,0.0,0.0,0.0,0.0,0.0,1.0,0.0,0.29913330078125,0.008671699653132013,97.0,3.0,0.054,0.0,9.0,0.0,0.0,0.955519,0.917291,0.0,0.0,0.955519,0.0,0.0,0.0,0.0,0.0,0.0,0.0,0.0,0.0,0.0,0.0,0.0,0.0,0.0,1.0,0.0,0.35,0.05,0.02,0.005,0.003,0.003,0.33443164999999997,0.045864550000000004,0.0,0.0,0.0,0.027,0.0
omj_001,OpenMoji,heart,auto_evalrepair_r10_c20,flat_icon_fill,0.054,pass,0.054,0,9,0.0,0,0.955519,0.917291,0.0,0.0,0.0,0,low_jump,omj_001::low_jump,0.1,0.05,0.02,0.005,0.03,0.02,1.0,0.0,1.0,0.0,0.0,0.0,0.0,0.0,0.0,0.0,0.0,0.0,0.0,0.0,0.0,0.0,0.0,0.0,0.0,0.0,0.0,0.0,0.0,0.0,0.0,0.0,1.0,0.0,0.29913330078125,0.008671699653132013,97.0,3.0,0.054,0.0,9.0,0.0,0.0,0.955519,0.917291,0.0,0.0,0.955519,0.0,0.0,0.0,0.0,0.0,0.0,0.0,0.0,0.0,0.0,0.0,0.0,0.0,0.0,0.0,1.0,0.1,0.05,0.02,0.005,0.03,0.02,0.09555190000000001,0.045864550000000004,0.0,0.0,0.0,0.18,0.0
omj_001,OpenMoji,heart,skeleton_c30_m20,flat_icon_fill,0.28878246,excellent,0.01634846,2,0,0.0,0,0.068915,1.0,0.681085,0.0,0.0,0,low_loss,omj_001::low_loss,0.0,0.0,0.0,0.0,0.0,0.0,1.0,1.0,0.0,0.0,0.0,0.0,0.0,0.0,0.0,0.0,0.0,0.0,0.0,0.0,0.0,0.0,0.0,0.0,0.0,0.0,0.0,0.0,0.0,0.0,0.0,0.0,1.0,0.0,0.29913330078125,0.008671699653132013,97.0,3.0,0.01634846,2.0,0.0,0.0,0.0,0.068915,1.0,0.0,0.068915,0.0,0.0,0.0,0.0,0.0,0.0,0.0,0.0,0.0,0.0,0.0,0.0,1.0,0.0,0.0,0.0,0.0,0.0,0.0,0.0,0.0,0.0,0.0,0.0,0.0,0.0,0.0,0.0,0.0,0.01634846
omj_001,OpenMoji,heart,skeleton_c30_m20,flat_icon_fill,0.28878246,excellent,0.01634846,2,0,0.0,0,0.068915,1.0,0.681085,0.0,0.0,0,balanced,omj_001::balanced,0.1,0.05,0.02,0.005,0.003,0.003,1.0,1.0,0.0,0.0,0.0,0.0,0.0,0.0,0.0,0.0,0.0,0.0,0.0,0.0,0.0,0.0,0.0,0.0,0.0,0.0,0.0,0.0,0.0,0.0,0.0,0.0,1.0,0.0,0.29913330078125,0.008671699653132013,97.0,3.0,0.01634846,2.0,0.0,0.0,0.0,0.068915,1.0,0.0,0.068915,0.0,0.0,0.0,0.0,0.0,0.0,0.0,0.0,0.0,0.0,0.0,0.0,0.0,1.0,0.0,0.0,0.0,0.1,0.05,0.02,0.005,0.003,0.003,0.006891500000000001,0.05,0.0,0.0,0.006,0.0,0.0
omj_001,OpenMoji,heart,skeleton_c30_m20,flat_icon_fill,0.28878246,excellent,0.01634846,2,0,0.0,0,0.068915,1.0,0.681085,0.0,0.0,0,precision,omj_001::precision,0.1,0.2,0.02,0.005,0.003,0.003,1.0,1.0,0.0,0.0,0.0,0.0,0.0,0.0,0.0,0.0,0.0,0.0,0.0,0.0,0.0,0.0,0.0,0.0,0.0,0.0,0.0,0.0,0.0,0.0,0.0,0.0,1.0,0.0,0.29913330078125,0.008671699653132013,97.0,3.0,0.01634846,2.0,0.0,0.0,0.0,0.068915,1.0,0.0,0.068915,0.0,0.0,0.0,0.0,0.0,0.0,0.0,0.0,0.0,0.0,0.0,0.0,0.0,0.0,1.0,0.0,0.0,0.1,0.2,0.02,0.005,0.003,0.003,0.006891500000000001,0.2,0.0,0.0,0.006,0.0,0.0
omj_001,OpenMoji,heart,skeleton_c30_m20,flat_icon_fill,0.28878246,excellent,0.01634846,2,0,0.0,0,0.068915,1.0,0.681085,0.0,0.0,0,coverage,omj_001::coverage,0.35,0.05,0.02,0.005,0.003,0.003,1.0,1.0,0.0,0.0,0.0,0.0,0.0,0.0,0.0,0.0,0.0,0.0,0.0,0.0,0.0,0.0,0.0,0.0,0.0,0.0,0.0,0.0,0.0,0.0,0.0,0.0,1.0,0.0,0.29913330078125,0.008671699653132013,97.0,3.0,0.01634846,2.0,0.0,0.0,0.0,0.068915,1.0,0.0,0.068915,0.0,0.0,0.0,0.0,0.0,0.0,0.0,0.0,0.0,0.0,0.0,0.0,0.0,0.0,0.0,1.0,0.0,0.35,0.05,0.02,0.005,0.003,0.003,0.02412025,0.05,0.0,0.0,0.006,0.0,0.0
omj_001,OpenMoji,heart,skeleton_c30_m20,flat_icon_fill,0.28878246,excellent,0.01634846,2,0,0.0,0,0.068915,1.0,0.681085,0.0,0.0,0,low_jump,omj_001::low_jump,0.1,0.05,0.02,0.005,0.03,0.02,1.0,1.0,0.0,0.0,0.0,0.0,0.0,0.0,0.0,0.0,0.0,0.0,0.0,0.0,0.0,0.0,0.0,0.0,0.0,0.0,0.0,0.0,0.0,0.0,0.0,0.0,1.0,0.0,0.29913330078125,0.008671699653132013,97.0,3.0,0.01634846,2.0,0.0,0.0,0.0,0.068915,1.0,0.0,0.068915,0.0,0.0,0.0,0.0,0.0,0.0,0.0,0.0,0.0,0.0,0.0,0.0,0.0,0.0,0.0,0.0,1.0,0.1,0.05,0.02,0.005,0.03,0.02,0.006891500000000001,0.05,0.0,0.0,0.06,0.0,0.0
omj_001,OpenMoji,heart,skeleton_c30_m4,flat_icon_fill,0.31629726,excellent,0.04737246,5,1,0.0,0,0.077688,1.0,0.672312,0.0,0.0,0,low_loss,omj_001::low_loss,0.0,0.0,0.0,0.0,0.0,0.0,1.0,1.0,0.0,0.0,0.0,0.0,0.0,0.0,0.0,0.0,0.0,0.0,0.0,0.0,0.0,0.0,0.0,0.0,0.0,0.0,0.0,0.0,0.0,0.0,0.0,0.0,1.0,0.0,0.29913330078125,0.008671699653132013,97.0,3.0,0.04737246,5.0,1.0,0.0,0.0,0.077688,1.0,0.0,0.077688,0.0,0.0,0.0,0.0,0.0,0.0,0.0,0.0,0.0,0.0,0.0,0.0,1.0,0.0,0.0,0.0,0.0,0.0,0.0,0.0,0.0,0.0,0.0,0.0,0.0,0.0,0.0,0.0,0.0,0.04737246
omj_001,OpenMoji,heart,skeleton_c30_m4,flat_icon_fill,0.31629726,excellent,0.04737246,5,1,0.0,0,0.077688,1.0,0.672312,0.0,0.0,0,balanced,omj_001::balanced,0.1,0.05,0.02,0.005,0.003,0.003,1.0,1.0,0.0,0.0,0.0,0.0,0.0,0.0,0.0,0.0,0.0,0.0,0.0,0.0,0.0,0.0,0.0,0.0,0.0,0.0,0.0,0.0,0.0,0.0,0.0,0.0,1.0,0.0,0.29913330078125,0.008671699653132013,97.0,3.0,0.04737246,5.0,1.0,0.0,0.0,0.077688,1.0,0.0,0.077688,0.0,0.0,0.0,0.0,0.0,0.0,0.0,0.0,0.0,0.0,0.0,0.0,0.0,1.0,0.0,0.0,0.0,0.1,0.05,0.02,0.005,0.003,0.003,0.007768799999999999,0.05,0.0,0.0,0.015,0.003,0.0
omj_001,OpenMoji,heart,skeleton_c30_m4,flat_icon_fill,0.31629726,excellent,0.04737246,5,1,0.0,0,0.077688,1.0,0.672312,0.0,0.0,0,precision,omj_001::precision,0.1,0.2,0.02,0.005,0.003,0.003,1.0,1.0,0.0,0.0,0.0,0.0,0.0,0.0,0.0,0.0,0.0,0.0,0.0,0.0,0.0,0.0,0.0,0.0,0.0,0.0,0.0,0.0,0.0,0.0,0.0,0.0,1.0,0.0,0.29913330078125,0.008671699653132013,97.0,3.0,0.04737246,5.0,1.0,0.0,0.0,0.077688,1.0,0.0,0.077688,0.0,0.0,0.0,0.0,0.0,0.0,0.0,0.0,0.0,0.0,0.0,0.0,0.0,0.0,1.0,0.0,0.0,0.1,0.2,0.02,0.005,0.003,0.003,0.007768799999999999,0.2,0.0,0.0,0.015,0.003,0.0
omj_001,OpenMoji,heart,skeleton_c30_m4,flat_icon_fill,0.31629726,excellent,0.04737246,5,1,0.0,0,0.077688,1.0,0.672312,0.0,0.0,0,coverage,omj_001::coverage,0.35,0.05,0.02,0.005,0.003,0.003,1.0,1.0,0.0,0.0,0.0,0.0,0.0,0.0,0.0,0.0,0.0,0.0,0.0,0.0,0.0,0.0,0.0,0.0,0.0,0.0,0.0,0.0,0.0,0.0,0.0,0.0,1.0,0.0,0.29913330078125,0.008671699653132013,97.0,3.0,0.04737246,5.0,1.0,0.0,0.0,0.077688,1.0,0.0,0.077688,0.0,0.0,0.0,0.0,0.0,0.0,0.0,0.0,0.0,0.0,0.0,0.0,0.0,0.0,0.0,1.0,0.0,0.35,0.05,0.02,0.005,0.003,0.003,0.027190799999999998,0.05,0.0,0.0,0.015,0.003,0.0
omj_001,OpenMoji,heart,skeleton_c30_m4,flat_icon_fill,0.31629726,excellent,0.04737246,5,1,0.0,0,0.077688,1.0,0.672312,0.0,0.0,0,low_jump,omj_001::low_jump,0.1,0.05,0.02,0.005,0.03,0.02,1.0,1.0,0.0,0.0,0.0,0.0,0.0,0.0,0.0,0.0,0.0,0.0,0.0,0.0,0.0,0.0,0.0,0.0,0.0,0.0,0.0,0.0,0.0,0.0,0.0,0.0,1.0,0.0,0.29913330078125,0.008671699653132013,97.0,3.0,0.04737246,5.0,1.0,0.0,0.0,0.077688,1.0,0.0,0.077688,0.0,0.0,0.0,0.0,0.0,0.0,0.0,0.0,0.0,0.0,0.0,0.0,0.0,0.0,0.0,0.0,1.0,0.1,0.05,0.02,0.005,0.03,0.02,0.007768799999999999,0.05,0.0,0.0,0.15,0.02,0.0
omj_001,OpenMoji,heart,mask_fill_edgewalk_nearestrow_safeadt_t2m5_r055_a64_rows16_p40,flat_icon_fill,0.07242164,excellent,0.07242164,8,1,0.0,0,0.99949,0.940346,0.0,0.0,0.0,0,low_loss,omj_001::low_loss,0.0,0.0,0.0,0.0,0.0,0.0,1.0,0.0,0.0,1.0,1.0,1.0,1.0,0.0,0.0,0.0,0.0,0.0,0.0,0.0,16.0,40.0,0.0,0.0,0.0,0.0,0.0,0.0,0.0,0.0,0.0,0.0,1.0,0.0,0.29913330078125,0.008671699653132013,97.0,3.0,0.07242164,8.0,1.0,0.0,0.0,0.99949,0.940346,0.0,0.0,0.0,0.99949,0.0,0.99949,0.99949,0.29913330078125,0.0,0.0,0.0,0.0,0.0,0.0,1.0,0.0,0.0,0.0,0.0,0.0,0.0,0.0,0.0,0.0,0.0,0.0,0.0,0.0,0.0,0.0,0.0,0.07242164
omj_001,OpenMoji,heart,mask_fill_edgewalk_nearestrow_safeadt_t2m5_r055_a64_rows16_p40,flat_icon_fill,0.07242164,excellent,0.07242164,8,1,0.0,0,0.99949,0.940346,0.0,0.0,0.0,0,balanced,omj_001::balanced,0.1,0.05,0.02,0.005,0.003,0.003,1.0,0.0,0.0,1.0,1.0,1.0,1.0,0.0,0.0,0.0,0.0,0.0,0.0,0.0,16.0,40.0,0.0,0.0,0.0,0.0,0.0,0.0,0.0,0.0,0.0,0.0,1.0,0.0,0.29913330078125,0.008671699653132013,97.0,3.0,0.07242164,8.0,1.0,0.0,0.0,0.99949,0.940346,0.0,0.0,0.0,0.99949,0.0,0.99949,0.99949,0.29913330078125,0.0,0.0,0.0,0.0,0.0,0.0,0.0,1.0,0.0,0.0,0.0,0.1,0.05,0.02,0.005,0.003,0.003,0.09994900000000001,0.047017300000000005,0.0,0.0,0.024,0.003,0.0
omj_001,OpenMoji,heart,mask_fill_edgewalk_nearestrow_safeadt_t2m5_r055_a64_rows16_p40,flat_icon_fill,0.07242164,excellent,0.07242164,8,1,0.0,0,0.99949,0.940346,0.0,0.0,0.0,0,precision,omj_001::precision,0.1,0.2,0.02,0.005,0.003,0.003,1.0,0.0,0.0,1.0,1.0,1.0,1.0,0.0,0.0,0.0,0.0,0.0,0.0,0.0,16.0,40.0,0.0,0.0,0.0,0.0,0.0,0.0,0.0,0.0,0.0,0.0,1.0,0.0,0.29913330078125,0.008671699653132013,97.0,3.0,0.07242164,8.0,1.0,0.0,0.0,0.99949,0.940346,0.0,0.0,0.0,0.99949,0.0,0.99949,0.99949,0.29913330078125,0.0,0.0,0.0,0.0,0.0,0.0,0.0,0.0,1.0,0.0,0.0,0.1,0.2,0.02,0.005,0.003,0.003,0.09994900000000001,0.18806920000000002,0.0,0.0,0.024,0.003,0.0
omj_001,OpenMoji,heart,mask_fill_edgewalk_nearestrow_safeadt_t2m5_r055_a64_rows16_p40,flat_icon_fill,0.07242164,excellent,0.07242164,8,1,0.0,0,0.99949,0.940346,0.0,0.0,0.0,0,coverage,omj_001::coverage,0.35,0.05,0.02,0.005,0.003,0.003,1.0,0.0,0.0,1.0,1.0,1.0,1.0,0.0,0.0,0.0,0.0,0.0,0.0,0.0,16.0,40.0,0.0,0.0,0.0,0.0,0.0,0.0,0.0,0.0,0.0,0.0,1.0,0.0,0.29913330078125,0.008671699653132013,97.0,3.0,0.07242164,8.0,1.0,0.0,0.0,0.99949,0.940346,0.0,0.0,0.0,0.99949,0.0,0.99949,0.99949,0.29913330078125,0.0,0.0,0.0,0.0,0.0,0.0,0.0,0.0,0.0,1.0,0.0,0.35,0.05,0.02,0.005,0.003,0.003,0.34982149999999995,0.047017300000000005,0.0,0.0,0.024,0.003,0.0
omj_001,OpenMoji,heart,mask_fill_edgewalk_nearestrow_safeadt_t2m5_r055_a64_rows16_p40,flat_icon_fill,0.07242164,excellent,0.07242164,8,1,0.0,0,0.99949,0.940346,0.0,0.0,0.0,0,low_jump,omj_001::low_jump,0.1,0.05,0.02,0.005,0.03,0.02,1.0,0.0,0.0,1.0,1.0,1.0,1.0,0.0,0.0,0.0,0.0,0.0,0.0,0.0,16.0,40.0,0.0,0.0,0.0,0.0,0.0,0.0,0.0,0.0,0.0,0.0,1.0,0.0,0.29913330078125,0.008671699653132013,97.0,3.0,0.07242164,8.0,1.0,0.0,0.0,0.99949,0.940346,0.0,0.0,0.0,0.99949,0.0,0.99949,0.99949,0.29913330078125,0.0,0.0,0.0,0.0,0.0,0.0,0.0,0.0,0.0,0.0,1.0,0.1,0.05,0.02,0.005,0.03,0.02,0.09994900000000001,0.047017300000000005,0.0,0.0,0.24,0.02,0.0
omj_002,OpenMoji,star,mask_fill_edgewalk_nearestrow_inset1_rows16_p40,flat_icon_fill,0.02469779,excellent,0.02469779,3,0,0.0,0,0.999481,0.897558,0.0,0.0,0.0,1,low_loss,omj_002::low_loss,0.0,0.0,0.0,0.0,0.0,0.0,1.0,0.0,0.0,1.0,1.0,1.0,0.0,1.0,1.0,0.0,1.0,0.0,0.0,0.0,16.0,40.0,0.0,0.0,0.0,0.0,0.0,0.0,0.0,0.0,0.0,0.0,1.0,0.0,0.2648468017578125,0.019876706804171227,71.0,22.0,0.02469779,3.0,0.0,0.0,0.0,0.999481,0.897558,0.0,0.0,0.0,0.999481,0.0,0.999481,0.999481,0.2648468017578125,0.2648468017578125,0.0,0.0,0.0,0.0,0.0,1.0,0.0,0.0,0.0,0.0,0.0,0.0,0.0,0.0,0.0,0.0,0.0,0.0,0.0,0.0,0.0,0.0,0.02469779
omj_002,OpenMoji,star,mask_fill_edgewalk_nearestrow_inset1_rows16_p40,flat_icon_fill,0.02469779,excellent,0.02469779,3,0,0.0,0,0.999481,0.897558,0.0,0.0,0.0,1,balanced,omj_002::balanced,0.1,0.05,0.02,0.005,0.003,0.003,1.0,0.0,0.0,1.0,1.0,1.0,0.0,1.0,1.0,0.0,1.0,0.0,0.0,0.0,16.0,40.0,0.0,0.0,0.0,0.0,0.0,0.0,0.0,0.0,0.0,0.0,1.0,0.0,0.2648468017578125,0.019876706804171227,71.0,22.0,0.02469779,3.0,0.0,0.0,0.0,0.999481,0.897558,0.0,0.0,0.0,0.999481,0.0,0.999481,0.999481,0.2648468017578125,0.2648468017578125,0.0,0.0,0.0,0.0,0.0,0.0,1.0,0.0,0.0,0.0,0.1,0.05,0.02,0.005,0.003,0.003,0.0999481,0.0448779,0.0,0.0,0.009000000000000001,0.0,0.0
omj_002,OpenMoji,star,mask_fill_edgewalk_nearestrow_inset1_rows16_p40,flat_icon_fill,0.02469779,excellent,0.02469779,3,0,0.0,0,0.999481,0.897558,0.0,0.0,0.0,1,precision,omj_002::precision,0.1,0.2,0.02,0.005,0.003,0.003,1.0,0.0,0.0,1.0,1.0,1.0,0.0,1.0,1.0,0.0,1.0,0.0,0.0,0.0,16.0,40.0,0.0,0.0,0.0,0.0,0.0,0.0,0.0,0.0,0.0,0.0,1.0,0.0,0.2648468017578125,0.019876706804171227,71.0,22.0,0.02469779,3.0,0.0,0.0,0.0,0.999481,0.897558,0.0,0.0,0.0,0.999481,0.0,0.999481,0.999481,0.2648468017578125,0.2648468017578125,0.0,0.0,0.0,0.0,0.0,0.0,0.0,1.0,0.0,0.0,0.1,0.2,0.02,0.005,0.003,0.003,0.0999481,0.1795116,0.0,0.0,0.009000000000000001,0.0,0.0
omj_002,OpenMoji,star,mask_fill_edgewalk_nearestrow_inset1_rows16_p40,flat_icon_fill,0.02469779,excellent,0.02469779,3,0,0.0,0,0.999481,0.897558,0.0,0.0,0.0,1,coverage,omj_002::coverage,0.35,0.05,0.02,0.005,0.003,0.003,1.0,0.0,0.0,1.0,1.0,1.0,0.0,1.0,1.0,0.0,1.0,0.0,0.0,0.0,16.0,40.0,0.0,0.0,0.0,0.0,0.0,0.0,0.0,0.0,0.0,0.0,1.0,0.0,0.2648468017578125,0.019876706804171227,71.0,22.0,0.02469779,3.0,0.0,0.0,0.0,0.999481,0.897558,0.0,0.0,0.0,0.999481,0.0,0.999481,0.999481,0.2648468017578125,0.2648468017578125,0.0,0.0,0.0,0.0,0.0,0.0,0.0,0.0,1.0,0.0,0.35,0.05,0.02,0.005,0.003,0.003,0.34981834999999994,0.0448779,0.0,0.0,0.009000000000000001,0.0,0.0
omj_002,OpenMoji,star,mask_fill_edgewalk_nearestrow_inset1_rows16_p40,flat_icon_fill,0.02469779,excellent,0.02469779,3,0,0.0,0,0.999481,0.897558,0.0,0.0,0.0,1,low_jump,omj_002::low_jump,0.1,0.05,0.02,0.005,0.03,0.02,1.0,0.0,0.0,1.0,1.0,1.0,0.0,1.0,1.0,0.0,1.0,0.0,0.0,0.0,16.0,40.0,0.0,0.0,0.0,0.0,0.0,0.0,0.0,0.0,0.0,0.0,1.0,0.0,0.2648468017578125,0.019876706804171227,71.0,22.0,0.02469779,3.0,0.0,0.0,0.0,0.999481,0.897558,0.0,0.0,0.0,0.999481,0.0,0.999481,0.999481,0.2648468017578125,0.2648468017578125,0.0,0.0,0.0,0.0,0.0,0.0,0.0,0.0,0.0,1.0,0.1,0.05,0.02,0.005,0.03,0.02,0.0999481,0.0448779,0.0,0.0,0.09,0.0,0.0
omj_002,OpenMoji,star,mask_fill_edgewalk_nearestrow_inset2_rows16_p40,flat_icon_fill,0.06389415,excellent,0.06389415,7,1,0.0,0,0.995967,0.935545,0.0,0.0,0.0,0,low_loss,omj_002::low_loss,0.0,0.0,0.0,0.0,0.0,0.0,1.0,0.0,0.0,1.0,1.0,1.0,0.0,1.0,0.0,1.0,2.0,0.0,0.0,0.0,16.0,40.0,0.0,0.0,0.0,0.0,0.0,0.0,0.0,0.0,0.0,0.0,1.0,0.0,0.2648468017578125,0.019876706804171227,71.0,22.0,0.06389415,7.0,1.0,0.0,0.0,0.995967,0.935545,0.0,0.0,0.0,0.995967,0.0,0.995967,0.995967,0.2648468017578125,0.2648468017578125,0.2648468017578125,0.0,0.0,0.0,0.0,1.0,0.0,0.0,0.0,0.0,0.0,0.0,0.0,0.0,0.0,0.0,0.0,0.0,0.0,0.0,0.0,0.0,0.06389415
omj_002,OpenMoji,star,mask_fill_edgewalk_nearestrow_inset2_rows16_p40,flat_icon_fill,0.06389415,excellent,0.06389415,7,1,0.0,0,0.995967,0.935545,0.0,0.0,0.0,0,balanced,omj_002::balanced,0.1,0.05,0.02,0.005,0.003,0.003,1.0,0.0,0.0,1.0,1.0,1.0,0.0,1.0,0.0,1.0,2.0,0.0,0.0,0.0,16.0,40.0,0.0,0.0,0.0,0.0,0.0,0.0,0.0,0.0,0.0,0.0,1.0,0.0,0.2648468017578125,0.019876706804171227,71.0,22.0,0.06389415,7.0,1.0,0.0,0.0,0.995967,0.935545,0.0,0.0,0.0,0.995967,0.0,0.995967,0.995967,0.2648468017578125,0.2648468017578125,0.2648468017578125,0.0,0.0,0.0,0.0,0.0,1.0,0.0,0.0,0.0,0.1,0.05,0.02,0.005,0.003,0.003,0.09959670000000001,0.04677725,0.0,0.0,0.021,0.003,0.0
omj_002,OpenMoji,star,mask_fill_edgewalk_nearestrow_inset2_rows16_p40,flat_icon_fill,0.06389415,excellent,0.06389415,7,1,0.0,0,0.995967,0.935545,0.0,0.0,0.0,0,precision,omj_002::precision,0.1,0.2,0.02,0.005,0.003,0.003,1.0,0.0,0.0,1.0,1.0,1.0,0.0,1.0,0.0,1.0,2.0,0.0,0.0,0.0,16.0,40.0,0.0,0.0,0.0,0.0,0.0,0.0,0.0,0.0,0.0,0.0,1.0,0.0,0.2648468017578125,0.019876706804171227,71.0,22.0,0.06389415,7.0,1.0,0.0,0.0,0.995967,0.935545,0.0,0.0,0.0,0.995967,0.0,0.995967,0.995967,0.2648468017578125,0.2648468017578125,0.2648468017578125,0.0,0.0,0.0,0.0,0.0,0.0,1.0,0.0,0.0,0.1,0.2,0.02,0.005,0.003,0.003,0.09959670000000001,0.187109,0.0,0.0,0.021,0.003,0.0
omj_002,OpenMoji,star,mask_fill_edgewalk_nearestrow_inset2_rows16_p40,flat_icon_fill,0.06389415,excellent,0.06389415,7,1,0.0,0,0.995967,0.935545,0.0,0.0,0.0,0,coverage,omj_002::coverage,0.35,0.05,0.02,0.005,0.003,0.003,1.0,0.0,0.0,1.0,1.0,1.0,0.0,1.0,0.0,1.0,2.0,0.0,0.0,0.0,16.0,40.0,0.0,0.0,0.0,0.0,0.0,0.0,0.0,0.0,0.0,0.0,1.0,0.0,0.2648468017578125,0.019876706804171227,71.0,22.0,0.06389415,7.0,1.0,0.0,0.0,0.995967,0.935545,0.0,0.0,0.0,0.995967,0.0,0.995967,0.995967,0.2648468017578125,0.2648468017578125,0.2648468017578125,0.0,0.0,0.0,0.0,0.0,0.0,0.0,1.0,0.0,0.35,0.05,0.02,0.005,0.003,0.003,0.34858845,0.04677725,0.0,0.0,0.021,0.003,0.0
omj_002,OpenMoji,star,mask_fill_edgewalk_nearestrow_inset2_rows16_p40,flat_icon_fill,0.06389415,excellent,0.06389415,7,1,0.0,0,0.995967,0.935545,0.0,0.0,0.0,0,low_jump,omj_002::low_jump,0.1,0.05,0.02,0.005,0.03,0.02,1.0,0.0,0.0,1.0,1.0,1.0,0.0,1.0,0.0,1.0,2.0,0.0,0.0,0.0,16.0,40.0,0.0,0.0,0.0,0.0,0.0,0.0,0.0,0.0,0.0,0.0,1.0,0.0,0.2648468017578125,0.019876706804171227,71.0,22.0,0.06389415,7.0,1.0,0.0,0.0,0.995967,0.935545,0.0,0.0,0.0,0.995967,0.0,0.995967,0.995967,0.2648468017578125,0.2648468017578125,0.2648468017578125,0.0,0.0,0.0,0.0,0.0,0.0,0.0,0.0,1.0,0.1,0.05,0.02,0.005,0.03,0.02,0.09959670000000001,0.04677725,0.0,0.0,0.21,0.02,0.0
omj_002,OpenMoji,star,mask_fill_edgewalk_nearestrow_rows16_p40,flat_icon_fill,0.02470419,excellent,0.02470419,3,0,0.0,0,1.0,0.875953,0.0,0.0,0.0,0,low_loss,omj_002::low_loss,0.0,0.0,0.0,0.0,0.0,0.0,1.0,0.0,0.0,1.0,1.0,1.0,1.0,0.0,0.0,0.0,0.0,0.0,0.0,0.0,16.0,40.0,0.0,0.0,0.0,0.0,0.0,0.0,0.0,0.0,0.0,0.0,1.0,0.0,0.2648468017578125,0.019876706804171227,71.0,22.0,0.02470419,3.0,0.0,0.0,0.0,1.0,0.875953,0.0,0.0,0.0,1.0,0.0,1.0,1.0,0.2648468017578125,0.0,0.0,0.0,0.0,0.0,0.0,1.0,0.0,0.0,0.0,0.0,0.0,0.0,0.0,0.0,0.0,0.0,0.0,0.0,0.0,0.0,0.0,0.0,0.02470419
omj_002,OpenMoji,star,mask_fill_edgewalk_nearestrow_rows16_p40,flat_icon_fill,0.02470419,excellent,0.02470419,3,0,0.0,0,1.0,0.875953,0.0,0.0,0.0,0,balanced,omj_002::balanced,0.1,0.05,0.02,0.005,0.003,0.003,1.0,0.0,0.0,1.0,1.0,1.0,1.0,0.0,0.0,0.0,0.0,0.0,0.0,0.0,16.0,40.0,0.0,0.0,0.0,0.0,0.0,0.0,0.0,0.0,0.0,0.0,1.0,0.0,0.2648468017578125,0.019876706804171227,71.0,22.0,0.02470419,3.0,0.0,0.0,0.0,1.0,0.875953,0.0,0.0,0.0,1.0,0.0,1.0,1.0,0.2648468017578125,0.0,0.0,0.0,0.0,0.0,0.0,0.0,1.0,0.0,0.0,0.0,0.1,0.05,0.02,0.005,0.003,0.003,0.1,0.04379765,0.0,0.0,0.009000000000000001,0.0,0.0
omj_002,OpenMoji,star,mask_fill_edgewalk_nearestrow_rows16_p40,flat_icon_fill,0.02470419,excellent,0.02470419,3,0,0.0,0,1.0,0.875953,0.0,0.0,0.0,0,precision,omj_002::precision,0.1,0.2,0.02,0.005,0.003,0.003,1.0,0.0,0.0,1.0,1.0,1.0,1.0,0.0,0.0,0.0,0.0,0.0,0.0,0.0,16.0,40.0,0.0,0.0,0.0,0.0,0.0,0.0,0.0,0.0,0.0,0.0,1.0,0.0,0.2648468017578125,0.019876706804171227,71.0,22.0,0.02470419,3.0,0.0,0.0,0.0,1.0,0.875953,0.0,0.0,0.0,1.0,0.0,1.0,1.0,0.2648468017578125,0.0,0.0,0.0,0.0,0.0,0.0,0.0,0.0,1.0,0.0,0.0,0.1,0.2,0.02,0.005,0.003,0.003,0.1,0.1751906,0.0,0.0,0.009000000000000001,0.0,0.0
omj_002,OpenMoji,star,mask_fill_edgewalk_nearestrow_rows16_p40,flat_icon_fill,0.02470419,excellent,0.02470419,3,0,0.0,0,1.0,0.875953,0.0,0.0,0.0,0,coverage,omj_002::coverage,0.35,0.05,0.02,0.005,0.003,0.003,1.0,0.0,0.0,1.0,1.0,1.0,1.0,0.0,0.0,0.0,0.0,0.0,0.0,0.0,16.0,40.0,0.0,0.0,0.0,0.0,0.0,0.0,0.0,0.0,0.0,0.0,1.0,0.0,0.2648468017578125,0.019876706804171227,71.0,22.0,0.02470419,3.0,0.0,0.0,0.0,1.0,0.875953,0.0,0.0,0.0,1.0,0.0,1.0,1.0,0.2648468017578125,0.0,0.0,0.0,0.0,0.0,0.0,0.0,0.0,0.0,1.0,0.0,0.35,0.05,0.02,0.005,0.003,0.003,0.35,0.04379765,0.0,0.0,0.009000000000000001,0.0,0.0
omj_002,OpenMoji,star,mask_fill_edgewalk_nearestrow_rows16_p40,flat_icon_fill,0.02470419,excellent,0.02470419,3,0,0.0,0,1.0,0.875953,0.0,0.0,0.0,0,low_jump,omj_002::low_jump,0.1,0.05,0.02,0.005,0.03,0.02,1.0,0.0,0.0,1.0,1.0,1.0,1.0,0.0,0.0,0.0,0.0,0.0,0.0,0.0,16.0,40.0,0.0,0.0,0.0,0.0,0.0,0.0,0.0,0.0,0.0,0.0,1.0,0.0,0.2648468017578125,0.019876706804171227,71.0,22.0,0.02470419,3.0,0.0,0.0,0.0,1.0,0.875953,0.0,0.0,0.0,1.0,0.0,1.0,1.0,0.2648468017578125,0.0,0.0,0.0,0.0,0.0,0.0,0.0,0.0,0.0,0.0,1.0,0.1,0.05,0.02,0.005,0.03,0.02,0.1,0.04379765,0.0,0.0,0.09,0.0,0.0
omj_002,OpenMoji,star,mask_fill_edgewalk_rows16_p40,flat_icon_fill,0.14236001,pass,0.14236001,15,3,0.0,0,1.0,0.872781,0.0,0.0,0.0,0,low_loss,omj_002::low_loss,0.0,0.0,0.0,0.0,0.0,0.0,1.0,0.0,0.0,1.0,1.0,0.0,0.0,0.0,0.0,0.0,0.0,0.0,0.0,0.0,16.0,40.0,0.0,0.0,0.0,0.0,0.0,0.0,0.0,0.0,0.0,0.0,1.0,0.0,0.2648468017578125,0.019876706804171227,71.0,22.0,0.14236001,15.0,3.0,0.0,0.0,1.0,0.872781,0.0,0.0,0.0,1.0,0.0,1.0,0.0,0.0,0.0,0.0,0.0,0.0,0.0,0.0,1.0,0.0,0.0,0.0,0.0,0.0,0.0,0.0,0.0,0.0,0.0,0.0,0.0,0.0,0.0,0.0,0.0,0.14236001
omj_002,OpenMoji,star,mask_fill_edgewalk_rows16_p40,flat_icon_fill,0.14236001,pass,0.14236001,15,3,0.0,0,1.0,0.872781,0.0,0.0,0.0,0,balanced,omj_002::balanced,0.1,0.05,0.02,0.005,0.003,0.003,1.0,0.0,0.0,1.0,1.0,0.0,0.0,0.0,0.0,0.0,0.0,0.0,0.0,0.0,16.0,40.0,0.0,0.0,0.0,0.0,0.0,0.0,0.0,0.0,0.0,0.0,1.0,0.0,0.2648468017578125,0.019876706804171227,71.0,22.0,0.14236001,15.0,3.0,0.0,0.0,1.0,0.872781,0.0,0.0,0.0,1.0,0.0,1.0,0.0,0.0,0.0,0.0,0.0,0.0,0.0,0.0,0.0,1.0,0.0,0.0,0.0,0.1,0.05,0.02,0.005,0.003,0.003,0.1,0.043639050000000006,0.0,0.0,0.045,0.009000000000000001,0.0
omj_002,OpenMoji,star,mask_fill_edgewalk_rows16_p40,flat_icon_fill,0.14236001,pass,0.14236001,15,3,0.0,0,1.0,0.872781,0.0,0.0,0.0,0,precision,omj_002::precision,0.1,0.2,0.02,0.005,0.003,0.003,1.0,0.0,0.0,1.0,1.0,0.0,0.0,0.0,0.0,0.0,0.0,0.0,0.0,0.0,16.0,40.0,0.0,0.0,0.0,0.0,0.0,0.0,0.0,0.0,0.0,0.0,1.0,0.0,0.2648468017578125,0.019876706804171227,71.0,22.0,0.14236001,15.0,3.0,0.0,0.0,1.0,0.872781,0.0,0.0,0.0,1.0,0.0,1.0,0.0,0.0,0.0,0.0,0.0,0.0,0.0,0.0,0.0,0.0,1.0,0.0,0.0,0.1,0.2,0.02,0.005,0.003,0.003,0.1,0.17455620000000002,0.0,0.0,0.045,0.009000000000000001,0.0
omj_002,OpenMoji,star,mask_fill_edgewalk_rows16_p40,flat_icon_fill,0.14236001,pass,0.14236001,15,3,0.0,0,1.0,0.872781,0.0,0.0,0.0,0,coverage,omj_002::coverage,0.35,0.05,0.02,0.005,0.003,0.003,1.0,0.0,0.0,1.0,1.0,0.0,0.0,0.0,0.0,0.0,0.0,0.0,0.0,0.0,16.0,40.0,0.0,0.0,0.0,0.0,0.0,0.0,0.0,0.0,0.0,0.0,1.0,0.0,0.2648468017578125,0.019876706804171227,71.0,22.0,0.14236001,15.0,3.0,0.0,0.0,1.0,0.872781,0.0,0.0,0.0,1.0,0.0,1.0,0.0,0.0,0.0,0.0,0.0,0.0,0.0,0.0,0.0,0.0,0.0,1.0,0.0,0.35,0.05,0.02,0.005,0.003,0.003,0.35,0.043639050000000006,0.0,0.0,0.045,0.009000000000000001,0.0
omj_002,OpenMoji,star,mask_fill_edgewalk_rows16_p40,flat_icon_fill,0.14236001,pass,0.14236001,15,3,0.0,0,1.0,0.872781,0.0,0.0,0.0,0,low_jump,omj_002::low_jump,0.1,0.05,0.02,0.005,0.03,0.02,1.0,0.0,0.0,1.0,1.0,0.0,0.0,0.0,0.0,0.0,0.0,0.0,0.0,0.0,16.0,40.0,0.0,0.0,0.0,0.0,0.0,0.0,0.0,0.0,0.0,0.0,1.0,0.0,0.2648468017578125,0.019876706804171227,71.0,22.0,0.14236001,15.0,3.0,0.0,0.0,1.0,0.872781,0.0,0.0,0.0,1.0,0.0,1.0,0.0,0.0,0.0,0.0,0.0,0.0,0.0,0.0,0.0,0.0,0.0,0.0,1.0,0.1,0.05,0.02,0.005,0.03,0.02,0.1,0.043639050000000006,0.0,0.0,0.44999999999999996,0.06,0.0
omj_002,OpenMoji,star,auto_evalrepair_r10_c20,flat_icon_fill,0.0770139,excellent,0.0770139,5,6,0.0,0,0.998848,0.888211,0.0,0.0,0.0,0,low_loss,omj_002::low_loss,0.0,0.0,0.0,0.0,0.0,0.0,1.0,0.0,1.0,0.0,0.0,0.0,0.0,0.0,0.0,0.0,0.0,0.0,0.0,0.0,0.0,0.0,0.0,0.0,0.0,0.0,0.0,0.0,0.0,0.0,0.0,0.0,1.0,0.0,0.2648468017578125,0.019876706804171227,71.0,22.0,0.0770139,5.0,6.0,0.0,0.0,0.998848,0.888211,0.0,0.0,0.998848,0.0,0.0,0.0,0.0,0.0,0.0,0.0,0.0,0.0,0.0,0.0,1.0,0.0,0.0,0.0,0.0,0.0,0.0,0.0,0.0,0.0,0.0,0.0,0.0,0.0,0.0,0.0,0.0,0.0770139
omj_002,OpenMoji,star,auto_evalrepair_r10_c20,flat_icon_fill,0.0770139,excellent,0.0770139,5,6,0.0,0,0.998848,0.888211,0.0,0.0,0.0,0,balanced,omj_002::balanced,0.1,0.05,0.02,0.005,0.003,0.003,1.0,0.0,1.0,0.0,0.0,0.0,0.0,0.0,0.0,0.0,0.0,0.0,0.0,0.0,0.0,0.0,0.0,0.0,0.0,0.0,0.0,0.0,0.0,0.0,0.0,0.0,1.0,0.0,0.2648468017578125,0.019876706804171227,71.0,22.0,0.0770139,5.0,6.0,0.0,0.0,0.998848,0.888211,0.0,0.0,0.998848,0.0,0.0,0.0,0.0,0.0,0.0,0.0,0.0,0.0,0.0,0.0,0.0,1.0,0.0,0.0,0.0,0.1,0.05,0.02,0.005,0.003,0.003,0.0998848,0.04441055,0.0,0.0,0.015,0.018000000000000002,0.0
omj_002,OpenMoji,star,auto_evalrepair_r10_c20,flat_icon_fill,0.0770139,excellent,0.0770139,5,6,0.0,0,0.998848,0.888211,0.0,0.0,0.0,0,precision,omj_002::precision,0.1,0.2,0.02,0.005,0.003,0.003,1.0,0.0,1.0,0.0,0.0,0.0,0.0,0.0,0.0,0.0,0.0,0.0,0.0,0.0,0.0,0.0,0.0,0.0,0.0,0.0,0.0,0.0,0.0,0.0,0.0,0.0,1.0,0.0,0.2648468017578125,0.019876706804171227,71.0,22.0,0.0770139,5.0,6.0,0.0,0.0,0.998848,0.888211,0.0,0.0,0.998848,0.0,0.0,0.0,0.0,0.0,0.0,0.0,0.0,0.0,0.0,0.0,0.0,0.0,1.0,0.0,0.0,0.1,0.2,0.02,0.005,0.003,0.003,0.0998848,0.1776422,0.0,0.0,0.015,0.018000000000000002,0.0
omj_002,OpenMoji,star,auto_evalrepair_r10_c20,flat_icon_fill,0.0770139,excellent,0.0770139,5,6,0.0,0,0.998848,0.888211,0.0,0.0,0.0,0,coverage,omj_002::coverage,0.35,0.05,0.02,0.005,0.003,0.003,1.0,0.0,1.0,0.0,0.0,0.0,0.0,0.0,0.0,0.0,0.0,0.0,0.0,0.0,0.0,0.0,0.0,0.0,0.0,0.0,0.0,0.0,0.0,0.0,0.0,0.0,1.0,0.0,0.2648468017578125,0.019876706804171227,71.0,22.0,0.0770139,5.0,6.0,0.0,0.0,0.998848,0.888211,0.0,0.0,0.998848,0.0,0.0,0.0,0.0,0.0,0.0,0.0,0.0,0.0,0.0,0.0,0.0,0.0,0.0,1.0,0.0,0.35,0.05,0.02,0.005,0.003,0.003,0.3495968,0.04441055,0.0,0.0,0.015,0.018000000000000002,0.0
omj_002,OpenMoji,star,auto_evalrepair_r10_c20,flat_icon_fill,0.0770139,excellent,0.0770139,5,6,0.0,0,0.998848,0.888211,0.0,0.0,0.0,0,low_jump,omj_002::low_jump,0.1,0.05,0.02,0.005,0.03,0.02,1.0,0.0,1.0,0.0,0.0,0.0,0.0,0.0,0.0,0.0,0.0,0.0,0.0,0.0,0.0,0.0,0.0,0.0,0.0,0.0,0.0,0.0,0.0,0.0,0.0,0.0,1.0,0.0,0.2648468017578125,0.019876706804171227,71.0,22.0,0.0770139,5.0,6.0,0.0,0.0,0.998848,0.888211,0.0,0.0,0.998848,0.0,0.0,0.0,0.0,0.0,0.0,0.0,0.0,0.0,0.0,0.0,0.0,0.0,0.0,0.0,1.0,0.1,0.05,0.02,0.005,0.03,0.02,0.0998848,0.04441055,0.0,0.0,0.15,0.12,0.0
omj_002,OpenMoji,star,skeleton_c30_m20,flat_icon_fill,0.2525296,excellent,0.008,1,0,0.0,0,0.138676,0.989314,0.611324,0.0,0.0,0,low_loss,omj_002::low_loss,0.0,0.0,0.0,0.0,0.0,0.0,1.0,1.0,0.0,0.0,0.0,0.0,0.0,0.0,0.0,0.0,0.0,0.0,0.0,0.0,0.0,0.0,0.0,0.0,0.0,0.0,0.0,0.0,0.0,0.0,0.0,0.0,1.0,0.0,0.2648468017578125,0.019876706804171227,71.0,22.0,0.008,1.0,0.0,0.0,0.0,0.138676,0.989314,0.0,0.138676,0.0,0.0,0.0,0.0,0.0,0.0,0.0,0.0,0.0,0.0,0.0,0.0,1.0,0.0,0.0,0.0,0.0,0.0,0.0,0.0,0.0,0.0,0.0,0.0,0.0,0.0,0.0,0.0,0.0,0.008
omj_002,OpenMoji,star,skeleton_c30_m20,flat_icon_fill,0.2525296,excellent,0.008,1,0,0.0,0,0.138676,0.989314,0.611324,0.0,0.0,0,balanced,omj_002::balanced,0.1,0.05,0.02,0.005,0.003,0.003,1.0,1.0,0.0,0.0,0.0,0.0,0.0,0.0,0.0,0.0,0.0,0.0,0.0,0.0,0.0,0.0,0.0,0.0,0.0,0.0,0.0,0.0,0.0,0.0,0.0,0.0,1.0,0.0,0.2648468017578125,0.019876706804171227,71.0,22.0,0.008,1.0,0.0,0.0,0.0,0.138676,0.989314,0.0,0.138676,0.0,0.0,0.0,0.0,0.0,0.0,0.0,0.0,0.0,0.0,0.0,0.0,0.0,1.0,0.0,0.0,0.0,0.1,0.05,0.02,0.005,0.003,0.003,0.0138676,0.0494657,0.0,0.0,0.003,0.0,0.0
omj_002,OpenMoji,star,skeleton_c30_m20,flat_icon_fill,0.2525296,excellent,0.008,1,0,0.0,0,0.138676,0.989314,0.611324,0.0,0.0,0,precision,omj_002::precision,0.1,0.2,0.02,0.005,0.003,0.003,1.0,1.0,0.0,0.0,0.0,0.0,0.0,0.0,0.0,0.0,0.0,0.0,0.0,0.0,0.0,0.0,0.0,0.0,0.0,0.0,0.0,0.0,0.0,0.0,0.0,0.0,1.0,0.0,0.2648468017578125,0.019876706804171227,71.0,22.0,0.008,1.0,0.0,0.0,0.0,0.138676,0.989314,0.0,0.138676,0.0,0.0,0.0,0.0,0.0,0.0,0.0,0.0,0.0,0.0,0.0,0.0,0.0,0.0,1.0,0.0,0.0,0.1,0.2,0.02,0.005,0.003,0.003,0.0138676,0.1978628,0.0,0.0,0.003,0.0,0.0
omj_002,OpenMoji,star,skeleton_c30_m20,flat_icon_fill,0.2525296,excellent,0.008,1,0,0.0,0,0.138676,0.989314,0.611324,0.0,0.0,0,coverage,omj_002::coverage,0.35,0.05,0.02,0.005,0.003,0.003,1.0,1.0,0.0,0.0,0.0,0.0,0.0,0.0,0.0,0.0,0.0,0.0,0.0,0.0,0.0,0.0,0.0,0.0,0.0,0.0,0.0,0.0,0.0,0.0,0.0,0.0,1.0,0.0,0.2648468017578125,0.019876706804171227,71.0,22.0,0.008,1.0,0.0,0.0,0.0,0.138676,0.989314,0.0,0.138676,0.0,0.0,0.0,0.0,0.0,0.0,0.0,0.0,0.0,0.0,0.0,0.0,0.0,0.0,0.0,1.0,0.0,0.35,0.05,0.02,0.005,0.003,0.003,0.04853659999999999,0.0494657,0.0,0.0,0.003,0.0,0.0
omj_002,OpenMoji,star,skeleton_c30_m20,flat_icon_fill,0.2525296,excellent,0.008,1,0,0.0,0,0.138676,0.989314,0.611324,0.0,0.0,0,low_jump,omj_002::low_jump,0.1,0.05,0.02,0.005,0.03,0.02,1.0,1.0,0.0,0.0,0.0,0.0,0.0,0.0,0.0,0.0,0.0,0.0,0.0,0.0,0.0,0.0,0.0,0.0,0.0,0.0,0.0,0.0,0.0,0.0,0.0,0.0,1.0,0.0,0.2648468017578125,0.019876706804171227,71.0,22.0,0.008,1.0,0.0,0.0,0.0,0.138676,0.989314,0.0,0.138676,0.0,0.0,0.0,0.0,0.0,0.0,0.0,0.0,0.0,0.0,0.0,0.0,0.0,0.0,0.0,0.0,1.0,0.1,0.05,0.02,0.005,0.03,0.02,0.0138676,0.0494657,0.0,0.0,0.03,0.0,0.0
omj_002,OpenMoji,star,skeleton_c30_m4,flat_icon_fill,0.27349013,excellent,0.07002773,7,2,0.0,0,0.241344,0.993832,0.508656,0.0,0.0,0,low_loss,omj_002::low_loss,0.0,0.0,0.0,0.0,0.0,0.0,1.0,1.0,0.0,0.0,0.0,0.0,0.0,0.0,0.0,0.0,0.0,0.0,0.0,0.0,0.0,0.0,0.0,0.0,0.0,0.0,0.0,0.0,0.0,0.0,0.0,0.0,1.0,0.0,0.2648468017578125,0.019876706804171227,71.0,22.0,0.07002773,7.0,2.0,0.0,0.0,0.241344,0.993832,0.0,0.241344,0.0,0.0,0.0,0.0,0.0,0.0,0.0,0.0,0.0,0.0,0.0,0.0,1.0,0.0,0.0,0.0,0.0,0.0,0.0,0.0,0.0,0.0,0.0,0.0,0.0,0.0,0.0,0.0,0.0,0.07002773
omj_002,OpenMoji,star,skeleton_c30_m4,flat_icon_fill,0.27349013,excellent,0.07002773,7,2,0.0,0,0.241344,0.993832,0.508656,0.0,0.0,0,balanced,omj_002::balanced,0.1,0.05,0.02,0.005,0.003,0.003,1.0,1.0,0.0,0.0,0.0,0.0,0.0,0.0,0.0,0.0,0.0,0.0,0.0,0.0,0.0,0.0,0.0,0.0,0.0,0.0,0.0,0.0,0.0,0.0,0.0,0.0,1.0,0.0,0.2648468017578125,0.019876706804171227,71.0,22.0,0.07002773,7.0,2.0,0.0,0.0,0.241344,0.993832,0.0,0.241344,0.0,0.0,0.0,0.0,0.0,0.0,0.0,0.0,0.0,0.0,0.0,0.0,0.0,1.0,0.0,0.0,0.0,0.1,0.05,0.02,0.005,0.003,0.003,0.0241344,0.0496916,0.0,0.0,0.021,0.006,0.0
omj_002,OpenMoji,star,skeleton_c30_m4,flat_icon_fill,0.27349013,excellent,0.07002773,7,2,0.0,0,0.241344,0.993832,0.508656,0.0,0.0,0,precision,omj_002::precision,0.1,0.2,0.02,0.005,0.003,0.003,1.0,1.0,0.0,0.0,0.0,0.0,0.0,0.0,0.0,0.0,0.0,0.0,0.0,0.0,0.0,0.0,0.0,0.0,0.0,0.0,0.0,0.0,0.0,0.0,0.0,0.0,1.0,0.0,0.2648468017578125,0.019876706804171227,71.0,22.0,0.07002773,7.0,2.0,0.0,0.0,0.241344,0.993832,0.0,0.241344,0.0,0.0,0.0,0.0,0.0,0.0,0.0,0.0,0.0,0.0,0.0,0.0,0.0,0.0,1.0,0.0,0.0,0.1,0.2,0.02,0.005,0.003,0.003,0.0241344,0.1987664,0.0,0.0,0.021,0.006,0.0
omj_002,OpenMoji,star,skeleton_c30_m4,flat_icon_fill,0.27349013,excellent,0.07002773,7,2,0.0,0,0.241344,0.993832,0.508656,0.0,0.0,0,coverage,omj_002::coverage,0.35,0.05,0.02,0.005,0.003,0.003,1.0,1.0,0.0,0.0,0.0,0.0,0.0,0.0,0.0,0.0,0.0,0.0,0.0,0.0,0.0,0.0,0.0,0.0,0.0,0.0,0.0,0.0,0.0,0.0,0.0,0.0,1.0,0.0,0.2648468017578125,0.019876706804171227,71.0,22.0,0.07002773,7.0,2.0,0.0,0.0,0.241344,0.993832,0.0,0.241344,0.0,0.0,0.0,0.0,0.0,0.0,0.0,0.0,0.0,0.0,0.0,0.0,0.0,0.0,0.0,1.0,0.0,0.35,0.05,0.02,0.005,0.003,0.003,0.0844704,0.0496916,0.0,0.0,0.021,0.006,0.0
omj_002,OpenMoji,star,skeleton_c30_m4,flat_icon_fill,0.27349013,excellent,0.07002773,7,2,0.0,0,0.241344,0.993832,0.508656,0.0,0.0,0,low_jump,omj_002::low_jump,0.1,0.05,0.02,0.005,0.03,0.02,1.0,1.0,0.0,0.0,0.0,0.0,0.0,0.0,0.0,0.0,0.0,0.0,0.0,0.0,0.0,0.0,0.0,0.0,0.0,0.0,0.0,0.0,0.0,0.0,0.0,0.0,1.0,0.0,0.2648468017578125,0.019876706804171227,71.0,22.0,0.07002773,7.0,2.0,0.0,0.0,0.241344,0.993832,0.0,0.241344,0.0,0.0,0.0,0.0,0.0,0.0,0.0,0.0,0.0,0.0,0.0,0.0,0.0,0.0,0.0,0.0,1.0,0.1,0.05,0.02,0.005,0.03,0.02,0.0241344,0.0496916,0.0,0.0,0.21,0.04,0.0
omj_002,OpenMoji,star,mask_fill_edgewalk_nearestrow_safeadt_t2m5_r055_a64_rows16_p40,flat_icon_fill,0.0639774,excellent,0.0639774,5,0,1.0062,0,0.998329,0.91916,0.0,0.0,0.0,0,low_loss,omj_002::low_loss,0.0,0.0,0.0,0.0,0.0,0.0,1.0,0.0,0.0,1.0,1.0,1.0,1.0,0.0,0.0,0.0,0.0,0.0,0.0,0.0,16.0,40.0,0.0,0.0,0.0,0.0,0.0,0.0,0.0,0.0,0.0,0.0,1.0,0.0,0.2648468017578125,0.019876706804171227,71.0,22.0,0.0639774,5.0,0.0,1.0062,0.0,0.998329,0.91916,0.0,0.0,0.0,0.998329,0.0,0.998329,0.998329,0.2648468017578125,0.0,0.0,0.0,0.0,0.0,0.0,1.0,0.0,0.0,0.0,0.0,0.0,0.0,0.0,0.0,0.0,0.0,0.0,0.0,0.0,0.0,0.0,0.0,0.0639774
omj_002,OpenMoji,star,mask_fill_edgewalk_nearestrow_safeadt_t2m5_r055_a64_rows16_p40,flat_icon_fill,0.0639774,excellent,0.0639774,5,0,1.0062,0,0.998329,0.91916,0.0,0.0,0.0,0,balanced,omj_002::balanced,0.1,0.05,0.02,0.005,0.003,0.003,1.0,0.0,0.0,1.0,1.0,1.0,1.0,0.0,0.0,0.0,0.0,0.0,0.0,0.0,16.0,40.0,0.0,0.0,0.0,0.0,0.0,0.0,0.0,0.0,0.0,0.0,1.0,0.0,0.2648468017578125,0.019876706804171227,71.0,22.0,0.0639774,5.0,0.0,1.0062,0.0,0.998329,0.91916,0.0,0.0,0.0,0.998329,0.0,0.998329,0.998329,0.2648468017578125,0.0,0.0,0.0,0.0,0.0,0.0,0.0,1.0,0.0,0.0,0.0,0.1,0.05,0.02,0.005,0.003,0.003,0.0998329,0.045958,0.020124,0.0,0.015,0.0,0.0
omj_002,OpenMoji,star,mask_fill_edgewalk_nearestrow_safeadt_t2m5_r055_a64_rows16_p40,flat_icon_fill,0.0639774,excellent,0.0639774,5,0,1.0062,0,0.998329,0.91916,0.0,0.0,0.0,0,precision,omj_002::precision,0.1,0.2,0.02,0.005,0.003,0.003,1.0,0.0,0.0,1.0,1.0,1.0,1.0,0.0,0.0,0.0,0.0,0.0,0.0,0.0,16.0,40.0,0.0,0.0,0.0,0.0,0.0,0.0,0.0,0.0,0.0,0.0,1.0,0.0,0.2648468017578125,0.019876706804171227,71.0,22.0,0.0639774,5.0,0.0,1.0062,0.0,0.998329,0.91916,0.0,0.0,0.0,0.998329,0.0,0.998329,0.998329,0.2648468017578125,0.0,0.0,0.0,0.0,0.0,0.0,0.0,0.0,1.0,0.0,0.0,0.1,0.2,0.02,0.005,0.003,0.003,0.0998329,0.183832,0.020124,0.0,0.015,0.0,0.0
omj_002,OpenMoji,star,mask_fill_edgewalk_nearestrow_safeadt_t2m5_r055_a64_rows16_p40,flat_icon_fill,0.0639774,excellent,0.0639774,5,0,1.0062,0,0.998329,0.91916,0.0,0.0,0.0,0,coverage,omj_002::coverage,0.35,0.05,0.02,0.005,0.003,0.003,1.0,0.0,0.0,1.0,1.0,1.0,1.0,0.0,0.0,0.0,0.0,0.0,0.0,0.0,16.0,40.0,0.0,0.0,0.0,0.0,0.0,0.0,0.0,0.0,0.0,0.0,1.0,0.0,0.2648468017578125,0.019876706804171227,71.0,22.0,0.0639774,5.0,0.0,1.0062,0.0,0.998329,0.91916,0.0,0.0,0.0,0.998329,0.0,0.998329,0.998329,0.2648468017578125,0.0,0.0,0.0,0.0,0.0,0.0,0.0,0.0,0.0,1.0,0.0,0.35,0.05,0.02,0.005,0.003,0.003,0.34941515,0.045958,0.020124,0.0,0.015,0.0,0.0
omj_002,OpenMoji,star,mask_fill_edgewalk_nearestrow_safeadt_t2m5_r055_a64_rows16_p40,flat_icon_fill,0.0639774,excellent,0.0639774,5,0,1.0062,0,0.998329,0.91916,0.0,0.0,0.0,0,low_jump,omj_002::low_jump,0.1,0.05,0.02,0.005,0.03,0.02,1.0,0.0,0.0,1.0,1.0,1.0,1.0,0.0,0.0,0.0,0.0,0.0,0.0,0.0,16.0,40.0,0.0,0.0,0.0,0.0,0.0,0.0,0.0,0.0,0.0,0.0,1.0,0.0,0.2648468017578125,0.019876706804171227,71.0,22.0,0.0639774,5.0,0.0,1.0062,0.0,0.998329,0.91916,0.0,0.0,0.0,0.998329,0.0,0.998329,0.998329,0.2648468017578125,0.0,0.0,0.0,0.0,0.0,0.0,0.0,0.0,0.0,0.0,1.0,0.1,0.05,0.02,0.005,0.03,0.02,0.0998329,0.045958,0.020124,0.0,0.15,0.0,0.0
omj_003,OpenMoji,butterfly,mask_fill_edgewalk_nearestrow_inset1_rows16_p40,flat_icon_fill,0.10371842,pass,0.10371842,11,2,0.0,0,0.998872,0.929803,0.0,0.0,0.0,0,low_loss,omj_003::low_loss,0.0,0.0,0.0,0.0,0.0,0.0,1.0,0.0,0.0,1.0,1.0,1.0,0.0,1.0,1.0,0.0,1.0,0.0,0.0,0.0,16.0,40.0,0.0,0.0,0.0,0.0,0.0,0.0,0.0,0.0,0.0,0.0,1.0,0.0,0.3516693115234375,0.018353798759057578,87.0,15.0,0.10371842,11.0,2.0,0.0,0.0,0.998872,0.929803,0.0,0.0,0.0,0.998872,0.0,0.998872,0.998872,0.3516693115234375,0.3516693115234375,0.0,0.0,0.0,0.0,0.0,1.0,0.0,0.0,0.0,0.0,0.0,0.0,0.0,0.0,0.0,0.0,0.0,0.0,0.0,0.0,0.0,0.0,0.10371842
omj_003,OpenMoji,butterfly,mask_fill_edgewalk_nearestrow_inset1_rows16_p40,flat_icon_fill,0.10371842,pass,0.10371842,11,2,0.0,0,0.998872,0.929803,0.0,0.0,0.0,0,balanced,omj_003::balanced,0.1,0.05,0.02,0.005,0.003,0.003,1.0,0.0,0.0,1.0,1.0,1.0,0.0,1.0,1.0,0.0,1.0,0.0,0.0,0.0,16.0,40.0,0.0,0.0,0.0,0.0,0.0,0.0,0.0,0.0,0.0,0.0,1.0,0.0,0.3516693115234375,0.018353798759057578,87.0,15.0,0.10371842,11.0,2.0,0.0,0.0,0.998872,0.929803,0.0,0.0,0.0,0.998872,0.0,0.998872,0.998872,0.3516693115234375,0.3516693115234375,0.0,0.0,0.0,0.0,0.0,0.0,1.0,0.0,0.0,0.0,0.1,0.05,0.02,0.005,0.003,0.003,0.09988720000000001,0.04649015000000001,0.0,0.0,0.033,0.006,0.0
omj_003,OpenMoji,butterfly,mask_fill_edgewalk_nearestrow_inset1_rows16_p40,flat_icon_fill,0.10371842,pass,0.10371842,11,2,0.0,0,0.998872,0.929803,0.0,0.0,0.0,0,precision,omj_003::precision,0.1,0.2,0.02,0.005,0.003,0.003,1.0,0.0,0.0,1.0,1.0,1.0,0.0,1.0,1.0,0.0,1.0,0.0,0.0,0.0,16.0,40.0,0.0,0.0,0.0,0.0,0.0,0.0,0.0,0.0,0.0,0.0,1.0,0.0,0.3516693115234375,0.018353798759057578,87.0,15.0,0.10371842,11.0,2.0,0.0,0.0,0.998872,0.929803,0.0,0.0,0.0,0.998872,0.0,0.998872,0.998872,0.3516693115234375,0.3516693115234375,0.0,0.0,0.0,0.0,0.0,0.0,0.0,1.0,0.0,0.0,0.1,0.2,0.02,0.005,0.003,0.003,0.09988720000000001,0.18596060000000003,0.0,0.0,0.033,0.006,0.0
omj_003,OpenMoji,butterfly,mask_fill_edgewalk_nearestrow_inset1_rows16_p40,flat_icon_fill,0.10371842,pass,0.10371842,11,2,0.0,0,0.998872,0.929803,0.0,0.0,0.0,0,coverage,omj_003::coverage,0.35,0.05,0.02,0.005,0.003,0.003,1.0,0.0,0.0,1.0,1.0,1.0,0.0,1.0,1.0,0.0,1.0,0.0,0.0,0.0,16.0,40.0,0.0,0.0,0.0,0.0,0.0,0.0,0.0,0.0,0.0,0.0,1.0,0.0,0.3516693115234375,0.018353798759057578,87.0,15.0,0.10371842,11.0,2.0,0.0,0.0,0.998872,0.929803,0.0,0.0,0.0,0.998872,0.0,0.998872,0.998872,0.3516693115234375,0.3516693115234375,0.0,0.0,0.0,0.0,0.0,0.0,0.0,0.0,1.0,0.0,0.35,0.05,0.02,0.005,0.003,0.003,0.34960519999999995,0.04649015000000001,0.0,0.0,0.033,0.006,0.0
omj_003,OpenMoji,butterfly,mask_fill_edgewalk_nearestrow_inset1_rows16_p40,flat_icon_fill,0.10371842,pass,0.10371842,11,2,0.0,0,0.998872,0.929803,0.0,0.0,0.0,0,low_jump,omj_003::low_jump,0.1,0.05,0.02,0.005,0.03,0.02,1.0,0.0,0.0,1.0,1.0,1.0,0.0,1.0,1.0,0.0,1.0,0.0,0.0,0.0,16.0,40.0,0.0,0.0,0.0,0.0,0.0,0.0,0.0,0.0,0.0,0.0,1.0,0.0,0.3516693115234375,0.018353798759057578,87.0,15.0,0.10371842,11.0,2.0,0.0,0.0,0.998872,0.929803,0.0,0.0,0.0,0.998872,0.0,0.998872,0.998872,0.3516693115234375,0.3516693115234375,0.0,0.0,0.0,0.0,0.0,0.0,0.0,0.0,0.0,1.0,0.1,0.05,0.02,0.005,0.03,0.02,0.09988720000000001,0.04649015000000001,0.0,0.0,0.32999999999999996,0.04,0.0
omj_003,OpenMoji,butterfly,mask_fill_edgewalk_nearestrow_inset2_rows16_p40,flat_icon_fill,0.1148195,pass,0.1148195,11,2,0.4955,0,0.993795,0.958647,0.0,0.0,0.0,0,low_loss,omj_003::low_loss,0.0,0.0,0.0,0.0,0.0,0.0,1.0,0.0,0.0,1.0,1.0,1.0,0.0,1.0,0.0,1.0,2.0,0.0,0.0,0.0,16.0,40.0,0.0,0.0,0.0,0.0,0.0,0.0,0.0,0.0,0.0,0.0,1.0,0.0,0.3516693115234375,0.018353798759057578,87.0,15.0,0.1148195,11.0,2.0,0.4955,0.0,0.993795,0.958647,0.0,0.0,0.0,0.993795,0.0,0.993795,0.993795,0.3516693115234375,0.3516693115234375,0.3516693115234375,0.0,0.0,0.0,0.0,1.0,0.0,0.0,0.0,0.0,0.0,0.0,0.0,0.0,0.0,0.0,0.0,0.0,0.0,0.0,0.0,0.0,0.1148195
omj_003,OpenMoji,butterfly,mask_fill_edgewalk_nearestrow_inset2_rows16_p40,flat_icon_fill,0.1148195,pass,0.1148195,11,2,0.4955,0,0.993795,0.958647,0.0,0.0,0.0,0,balanced,omj_003::balanced,0.1,0.05,0.02,0.005,0.003,0.003,1.0,0.0,0.0,1.0,1.0,1.0,0.0,1.0,0.0,1.0,2.0,0.0,0.0,0.0,16.0,40.0,0.0,0.0,0.0,0.0,0.0,0.0,0.0,0.0,0.0,0.0,1.0,0.0,0.3516693115234375,0.018353798759057578,87.0,15.0,0.1148195,11.0,2.0,0.4955,0.0,0.993795,0.958647,0.0,0.0,0.0,0.993795,0.0,0.993795,0.993795,0.3516693115234375,0.3516693115234375,0.3516693115234375,0.0,0.0,0.0,0.0,0.0,1.0,0.0,0.0,0.0,0.1,0.05,0.02,0.005,0.003,0.003,0.09937950000000001,0.047932350000000006,0.00991,0.0,0.033,0.006,0.0
omj_003,OpenMoji,butterfly,mask_fill_edgewalk_nearestrow_inset2_rows16_p40,flat_icon_fill,0.1148195,pass,0.1148195,11,2,0.4955,0,0.993795,0.958647,0.0,0.0,0.0,0,precision,omj_003::precision,0.1,0.2,0.02,0.005,0.003,0.003,1.0,0.0,0.0,1.0,1.0,1.0,0.0,1.0,0.0,1.0,2.0,0.0,0.0,0.0,16.0,40.0,0.0,0.0,0.0,0.0,0.0,0.0,0.0,0.0,0.0,0.0,1.0,0.0,0.3516693115234375,0.018353798759057578,87.0,15.0,0.1148195,11.0,2.0,0.4955,0.0,0.993795,0.958647,0.0,0.0,0.0,0.993795,0.0,0.993795,0.993795,0.3516693115234375,0.3516693115234375,0.3516693115234375,0.0,0.0,0.0,0.0,0.0,0.0,1.0,0.0,0.0,0.1,0.2,0.02,0.005,0.003,0.003,0.09937950000000001,0.19172940000000002,0.00991,0.0,0.033,0.006,0.0
omj_003,OpenMoji,butterfly,mask_fill_edgewalk_nearestrow_inset2_rows16_p40,flat_icon_fill,0.1148195,pass,0.1148195,11,2,0.4955,0,0.993795,0.958647,0.0,0.0,0.0,0,coverage,omj_003::coverage,0.35,0.05,0.02,0.005,0.003,0.003,1.0,0.0,0.0,1.0,1.0,1.0,0.0,1.0,0.0,1.0,2.0,0.0,0.0,0.0,16.0,40.0,0.0,0.0,0.0,0.0,0.0,0.0,0.0,0.0,0.0,0.0,1.0,0.0,0.3516693115234375,0.018353798759057578,87.0,15.0,0.1148195,11.0,2.0,0.4955,0.0,0.993795,0.958647,0.0,0.0,0.0,0.993795,0.0,0.993795,0.993795,0.3516693115234375,0.3516693115234375,0.3516693115234375,0.0,0.0,0.0,0.0,0.0,0.0,0.0,1.0,0.0,0.35,0.05,0.02,0.005,0.003,0.003,0.34782824999999995,0.047932350000000006,0.00991,0.0,0.033,0.006,0.0
omj_003,OpenMoji,butterfly,mask_fill_edgewalk_nearestrow_inset2_rows16_p40,flat_icon_fill,0.1148195,pass,0.1148195,11,2,0.4955,0,0.993795,0.958647,0.0,0.0,0.0,0,low_jump,omj_003::low_jump,0.1,0.05,0.02,0.005,0.03,0.02,1.0,0.0,0.0,1.0,1.0,1.0,0.0,1.0,0.0,1.0,2.0,0.0,0.0,0.0,16.0,40.0,0.0,0.0,0.0,0.0,0.0,0.0,0.0,0.0,0.0,0.0,1.0,0.0,0.3516693115234375,0.018353798759057578,87.0,15.0,0.1148195,11.0,2.0,0.4955,0.0,0.993795,0.958647,0.0,0.0,0.0,0.993795,0.0,0.993795,0.993795,0.3516693115234375,0.3516693115234375,0.3516693115234375,0.0,0.0,0.0,0.0,0.0,0.0,0.0,0.0,1.0,0.1,0.05,0.02,0.005,0.03,0.02,0.09937950000000001,0.047932350000000006,0.00991,0.0,0.32999999999999996,0.04,0.0
omj_003,OpenMoji,butterfly,mask_fill_edgewalk_nearestrow_rows16_p40,flat_icon_fill,0.12344612,pass,0.12344612,12,2,0.5185,0,1.0,0.902883,0.0,0.0,0.0,0,low_loss,omj_003::low_loss,0.0,0.0,0.0,0.0,0.0,0.0,1.0,0.0,0.0,1.0,1.0,1.0,1.0,0.0,0.0,0.0,0.0,0.0,0.0,0.0,16.0,40.0,0.0,0.0,0.0,0.0,0.0,0.0,0.0,0.0,0.0,0.0,1.0,0.0,0.3516693115234375,0.018353798759057578,87.0,15.0,0.12344612,12.0,2.0,0.5185,0.0,1.0,0.902883,0.0,0.0,0.0,1.0,0.0,1.0,1.0,0.3516693115234375,0.0,0.0,0.0,0.0,0.0,0.0,1.0,0.0,0.0,0.0,0.0,0.0,0.0,0.0,0.0,0.0,0.0,0.0,0.0,0.0,0.0,0.0,0.0,0.12344612
omj_003,OpenMoji,butterfly,mask_fill_edgewalk_nearestrow_rows16_p40,flat_icon_fill,0.12344612,pass,0.12344612,12,2,0.5185,0,1.0,0.902883,0.0,0.0,0.0,0,balanced,omj_003::balanced,0.1,0.05,0.02,0.005,0.003,0.003,1.0,0.0,0.0,1.0,1.0,1.0,1.0,0.0,0.0,0.0,0.0,0.0,0.0,0.0,16.0,40.0,0.0,0.0,0.0,0.0,0.0,0.0,0.0,0.0,0.0,0.0,1.0,0.0,0.3516693115234375,0.018353798759057578,87.0,15.0,0.12344612,12.0,2.0,0.5185,0.0,1.0,0.902883,0.0,0.0,0.0,1.0,0.0,1.0,1.0,0.3516693115234375,0.0,0.0,0.0,0.0,0.0,0.0,0.0,1.0,0.0,0.0,0.0,0.1,0.05,0.02,0.005,0.003,0.003,0.1,0.04514415,0.010369999999999999,0.0,0.036000000000000004,0.006,0.0
omj_003,OpenMoji,butterfly,mask_fill_edgewalk_nearestrow_rows16_p40,flat_icon_fill,0.12344612,pass,0.12344612,12,2,0.5185,0,1.0,0.902883,0.0,0.0,0.0,0,precision,omj_003::precision,0.1,0.2,0.02,0.005,0.003,0.003,1.0,0.0,0.0,1.0,1.0,1.0,1.0,0.0,0.0,0.0,0.0,0.0,0.0,0.0,16.0,40.0,0.0,0.0,0.0,0.0,0.0,0.0,0.0,0.0,0.0,0.0,1.0,0.0,0.3516693115234375,0.018353798759057578,87.0,15.0,0.12344612,12.0,2.0,0.5185,0.0,1.0,0.902883,0.0,0.0,0.0,1.0,0.0,1.0,1.0,0.3516693115234375,0.0,0.0,0.0,0.0,0.0,0.0,0.0,0.0,1.0,0.0,0.0,0.1,0.2,0.02,0.005,0.003,0.003,0.1,0.1805766,0.010369999999999999,0.0,0.036000000000000004,0.006,0.0
omj_003,OpenMoji,butterfly,mask_fill_edgewalk_nearestrow_rows16_p40,flat_icon_fill,0.12344612,pass,0.12344612,12,2,0.5185,0,1.0,0.902883,0.0,0.0,0.0,0,coverage,omj_003::coverage,0.35,0.05,0.02,0.005,0.003,0.003,1.0,0.0,0.0,1.0,1.0,1.0,1.0,0.0,0.0,0.0,0.0,0.0,0.0,0.0,16.0,40.0,0.0,0.0,0.0,0.0,0.0,0.0,0.0,0.0,0.0,0.0,1.0,0.0,0.3516693115234375,0.018353798759057578,87.0,15.0,0.12344612,12.0,2.0,0.5185,0.0,1.0,0.902883,0.0,0.0,0.0,1.0,0.0,1.0,1.0,0.3516693115234375,0.0,0.0,0.0,0.0,0.0,0.0,0.0,0.0,0.0,1.0,0.0,0.35,0.05,0.02,0.005,0.003,0.003,0.35,0.04514415,0.010369999999999999,0.0,0.036000000000000004,0.006,0.0
omj_003,OpenMoji,butterfly,mask_fill_edgewalk_nearestrow_rows16_p40,flat_icon_fill,0.12344612,pass,0.12344612,12,2,0.5185,0,1.0,0.902883,0.0,0.0,0.0,0,low_jump,omj_003::low_jump,0.1,0.05,0.02,0.005,0.03,0.02,1.0,0.0,0.0,1.0,1.0,1.0,1.0,0.0,0.0,0.0,0.0,0.0,0.0,0.0,16.0,40.0,0.0,0.0,0.0,0.0,0.0,0.0,0.0,0.0,0.0,0.0,1.0,0.0,0.3516693115234375,0.018353798759057578,87.0,15.0,0.12344612,12.0,2.0,0.5185,0.0,1.0,0.902883,0.0,0.0,0.0,1.0,0.0,1.0,1.0,0.3516693115234375,0.0,0.0,0.0,0.0,0.0,0.0,0.0,0.0,0.0,0.0,1.0,0.1,0.05,0.02,0.005,0.03,0.02,0.1,0.04514415,0.010369999999999999,0.0,0.36,0.04,0.0
omj_003,OpenMoji,butterfly,mask_fill_edgewalk_rows16_p40,flat_icon_fill,0.08646574,excellent,0.08646574,9,2,0.0,0,1.0,0.896875,0.0,0.0,0.0,1,low_loss,omj_003::low_loss,0.0,0.0,0.0,0.0,0.0,0.0,1.0,0.0,0.0,1.0,1.0,0.0,0.0,0.0,0.0,0.0,0.0,0.0,0.0,0.0,16.0,40.0,0.0,0.0,0.0,0.0,0.0,0.0,0.0,0.0,0.0,0.0,1.0,0.0,0.3516693115234375,0.018353798759057578,87.0,15.0,0.08646574,9.0,2.0,0.0,0.0,1.0,0.896875,0.0,0.0,0.0,1.0,0.0,1.0,0.0,0.0,0.0,0.0,0.0,0.0,0.0,0.0,1.0,0.0,0.0,0.0,0.0,0.0,0.0,0.0,0.0,0.0,0.0,0.0,0.0,0.0,0.0,0.0,0.0,0.08646574
omj_003,OpenMoji,butterfly,mask_fill_edgewalk_rows16_p40,flat_icon_fill,0.08646574,excellent,0.08646574,9,2,0.0,0,1.0,0.896875,0.0,0.0,0.0,1,balanced,omj_003::balanced,0.1,0.05,0.02,0.005,0.003,0.003,1.0,0.0,0.0,1.0,1.0,0.0,0.0,0.0,0.0,0.0,0.0,0.0,0.0,0.0,16.0,40.0,0.0,0.0,0.0,0.0,0.0,0.0,0.0,0.0,0.0,0.0,1.0,0.0,0.3516693115234375,0.018353798759057578,87.0,15.0,0.08646574,9.0,2.0,0.0,0.0,1.0,0.896875,0.0,0.0,0.0,1.0,0.0,1.0,0.0,0.0,0.0,0.0,0.0,0.0,0.0,0.0,0.0,1.0,0.0,0.0,0.0,0.1,0.05,0.02,0.005,0.003,0.003,0.1,0.04484375,0.0,0.0,0.027,0.006,0.0
omj_003,OpenMoji,butterfly,mask_fill_edgewalk_rows16_p40,flat_icon_fill,0.08646574,excellent,0.08646574,9,2,0.0,0,1.0,0.896875,0.0,0.0,0.0,1,precision,omj_003::precision,0.1,0.2,0.02,0.005,0.003,0.003,1.0,0.0,0.0,1.0,1.0,0.0,0.0,0.0,0.0,0.0,0.0,0.0,0.0,0.0,16.0,40.0,0.0,0.0,0.0,0.0,0.0,0.0,0.0,0.0,0.0,0.0,1.0,0.0,0.3516693115234375,0.018353798759057578,87.0,15.0,0.08646574,9.0,2.0,0.0,0.0,1.0,0.896875,0.0,0.0,0.0,1.0,0.0,1.0,0.0,0.0,0.0,0.0,0.0,0.0,0.0,0.0,0.0,0.0,1.0,0.0,0.0,0.1,0.2,0.02,0.005,0.003,0.003,0.1,0.179375,0.0,0.0,0.027,0.006,0.0
omj_003,OpenMoji,butterfly,mask_fill_edgewalk_rows16_p40,flat_icon_fill,0.08646574,excellent,0.08646574,9,2,0.0,0,1.0,0.896875,0.0,0.0,0.0,1,coverage,omj_003::coverage,0.35,0.05,0.02,0.005,0.003,0.003,1.0,0.0,0.0,1.0,1.0,0.0,0.0,0.0,0.0,0.0,0.0,0.0,0.0,0.0,16.0,40.0,0.0,0.0,0.0,0.0,0.0,0.0,0.0,0.0,0.0,0.0,1.0,0.0,0.3516693115234375,0.018353798759057578,87.0,15.0,0.08646574,9.0,2.0,0.0,0.0,1.0,0.896875,0.0,0.0,0.0,1.0,0.0,1.0,0.0,0.0,0.0,0.0,0.0,0.0,0.0,0.0,0.0,0.0,0.0,1.0,0.0,0.35,0.05,0.02,0.005,0.003,0.003,0.35,0.04484375,0.0,0.0,0.027,0.006,0.0
omj_003,OpenMoji,butterfly,mask_fill_edgewalk_rows16_p40,flat_icon_fill,0.08646574,excellent,0.08646574,9,2,0.0,0,1.0,0.896875,0.0,0.0,0.0,1,low_jump,omj_003::low_jump,0.1,0.05,0.02,0.005,0.03,0.02,1.0,0.0,0.0,1.0,1.0,0.0,0.0,0.0,0.0,0.0,0.0,0.0,0.0,0.0,16.0,40.0,0.0,0.0,0.0,0.0,0.0,0.0,0.0,0.0,0.0,0.0,1.0,0.0,0.3516693115234375,0.018353798759057578,87.0,15.0,0.08646574,9.0,2.0,0.0,0.0,1.0,0.896875,0.0,0.0,0.0,1.0,0.0,1.0,0.0,0.0,0.0,0.0,0.0,0.0,0.0,0.0,0.0,0.0,0.0,0.0,1.0,0.1,0.05,0.02,0.005,0.03,0.02,0.1,0.04484375,0.0,0.0,0.27,0.04,0.0
omj_003,OpenMoji,butterfly,auto_evalrepair_r10_c20,flat_icon_fill,0.22652258,warning,0.22652258,13,20,0.0,0,0.909446,0.90201,0.0,0.0,0.0,0,low_loss,omj_003::low_loss,0.0,0.0,0.0,0.0,0.0,0.0,1.0,0.0,1.0,0.0,0.0,0.0,0.0,0.0,0.0,0.0,0.0,0.0,0.0,0.0,0.0,0.0,0.0,0.0,0.0,0.0,0.0,0.0,0.0,0.0,0.0,0.0,1.0,0.0,0.3516693115234375,0.018353798759057578,87.0,15.0,0.22652258,13.0,20.0,0.0,0.0,0.909446,0.90201,0.0,0.0,0.909446,0.0,0.0,0.0,0.0,0.0,0.0,0.0,0.0,0.0,0.0,0.0,1.0,0.0,0.0,0.0,0.0,0.0,0.0,0.0,0.0,0.0,0.0,0.0,0.0,0.0,0.0,0.0,0.0,0.22652258
omj_003,OpenMoji,butterfly,auto_evalrepair_r10_c20,flat_icon_fill,0.22652258,warning,0.22652258,13,20,0.0,0,0.909446,0.90201,0.0,0.0,0.0,0,balanced,omj_003::balanced,0.1,0.05,0.02,0.005,0.003,0.003,1.0,0.0,1.0,0.0,0.0,0.0,0.0,0.0,0.0,0.0,0.0,0.0,0.0,0.0,0.0,0.0,0.0,0.0,0.0,0.0,0.0,0.0,0.0,0.0,0.0,0.0,1.0,0.0,0.3516693115234375,0.018353798759057578,87.0,15.0,0.22652258,13.0,20.0,0.0,0.0,0.909446,0.90201,0.0,0.0,0.909446,0.0,0.0,0.0,0.0,0.0,0.0,0.0,0.0,0.0,0.0,0.0,0.0,1.0,0.0,0.0,0.0,0.1,0.05,0.02,0.005,0.003,0.003,0.0909446,0.0451005,0.0,0.0,0.039,0.06,0.0
omj_003,OpenMoji,butterfly,auto_evalrepair_r10_c20,flat_icon_fill,0.22652258,warning,0.22652258,13,20,0.0,0,0.909446,0.90201,0.0,0.0,0.0,0,precision,omj_003::precision,0.1,0.2,0.02,0.005,0.003,0.003,1.0,0.0,1.0,0.0,0.0,0.0,0.0,0.0,0.0,0.0,0.0,0.0,0.0,0.0,0.0,0.0,0.0,0.0,0.0,0.0,0.0,0.0,0.0,0.0,0.0,0.0,1.0,0.0,0.3516693115234375,0.018353798759057578,87.0,15.0,0.22652258,13.0,20.0,0.0,0.0,0.909446,0.90201,0.0,0.0,0.909446,0.0,0.0,0.0,0.0,0.0,0.0,0.0,0.0,0.0,0.0,0.0,0.0,0.0,1.0,0.0,0.0,0.1,0.2,0.02,0.005,0.003,0.003,0.0909446,0.180402,0.0,0.0,0.039,0.06,0.0
omj_003,OpenMoji,butterfly,auto_evalrepair_r10_c20,flat_icon_fill,0.22652258,warning,0.22652258,13,20,0.0,0,0.909446,0.90201,0.0,0.0,0.0,0,coverage,omj_003::coverage,0.35,0.05,0.02,0.005,0.003,0.003,1.0,0.0,1.0,0.0,0.0,0.0,0.0,0.0,0.0,0.0,0.0,0.0,0.0,0.0,0.0,0.0,0.0,0.0,0.0,0.0,0.0,0.0,0.0,0.0,0.0,0.0,1.0,0.0,0.3516693115234375,0.018353798759057578,87.0,15.0,0.22652258,13.0,20.0,0.0,0.0,0.909446,0.90201,0.0,0.0,0.909446,0.0,0.0,0.0,0.0,0.0,0.0,0.0,0.0,0.0,0.0,0.0,0.0,0.0,0.0,1.0,0.0,0.35,0.05,0.02,0.005,0.003,0.003,0.3183061,0.0451005,0.0,0.0,0.039,0.06,0.0
omj_003,OpenMoji,butterfly,auto_evalrepair_r10_c20,flat_icon_fill,0.22652258,warning,0.22652258,13,20,0.0,0,0.909446,0.90201,0.0,0.0,0.0,0,low_jump,omj_003::low_jump,0.1,0.05,0.02,0.005,0.03,0.02,1.0,0.0,1.0,0.0,0.0,0.0,0.0,0.0,0.0,0.0,0.0,0.0,0.0,0.0,0.0,0.0,0.0,0.0,0.0,0.0,0.0,0.0,0.0,0.0,0.0,0.0,1.0,0.0,0.3516693115234375,0.018353798759057578,87.0,15.0,0.22652258,13.0,20.0,0.0,0.0,0.909446,0.90201,0.0,0.0,0.909446,0.0,0.0,0.0,0.0,0.0,0.0,0.0,0.0,0.0,0.0,0.0,0.0,0.0,0.0,0.0,1.0,0.1,0.05,0.02,0.005,0.03,0.02,0.0909446,0.0451005,0.0,0.0,0.39,0.4,0.0
omj_003,OpenMoji,butterfly,skeleton_c30_m20,flat_icon_fill,0.29283412,excellent,0.05592252,6,1,0.0,0,0.157721,1.0,0.592279,0.0,0.0,0,low_loss,omj_003::low_loss,0.0,0.0,0.0,0.0,0.0,0.0,1.0,1.0,0.0,0.0,0.0,0.0,0.0,0.0,0.0,0.0,0.0,0.0,0.0,0.0,0.0,0.0,0.0,0.0,0.0,0.0,0.0,0.0,0.0,0.0,0.0,0.0,1.0,0.0,0.3516693115234375,0.018353798759057578,87.0,15.0,0.05592252,6.0,1.0,0.0,0.0,0.157721,1.0,0.0,0.157721,0.0,0.0,0.0,0.0,0.0,0.0,0.0,0.0,0.0,0.0,0.0,0.0,1.0,0.0,0.0,0.0,0.0,0.0,0.0,0.0,0.0,0.0,0.0,0.0,0.0,0.0,0.0,0.0,0.0,0.05592252
omj_003,OpenMoji,butterfly,skeleton_c30_m20,flat_icon_fill,0.29283412,excellent,0.05592252,6,1,0.0,0,0.157721,1.0,0.592279,0.0,0.0,0,balanced,omj_003::balanced,0.1,0.05,0.02,0.005,0.003,0.003,1.0,1.0,0.0,0.0,0.0,0.0,0.0,0.0,0.0,0.0,0.0,0.0,0.0,0.0,0.0,0.0,0.0,0.0,0.0,0.0,0.0,0.0,0.0,0.0,0.0,0.0,1.0,0.0,0.3516693115234375,0.018353798759057578,87.0,15.0,0.05592252,6.0,1.0,0.0,0.0,0.157721,1.0,0.0,0.157721,0.0,0.0,0.0,0.0,0.0,0.0,0.0,0.0,0.0,0.0,0.0,0.0,0.0,1.0,0.0,0.0,0.0,0.1,0.05,0.02,0.005,0.003,0.003,0.0157721,0.05,0.0,0.0,0.018000000000000002,0.003,0.0
omj_003,OpenMoji,butterfly,skeleton_c30_m20,flat_icon_fill,0.29283412,excellent,0.05592252,6,1,0.0,0,0.157721,1.0,0.592279,0.0,0.0,0,precision,omj_003::precision,0.1,0.2,0.02,0.005,0.003,0.003,1.0,1.0,0.0,0.0,0.0,0.0,0.0,0.0,0.0,0.0,0.0,0.0,0.0,0.0,0.0,0.0,0.0,0.0,0.0,0.0,0.0,0.0,0.0,0.0,0.0,0.0,1.0,0.0,0.3516693115234375,0.018353798759057578,87.0,15.0,0.05592252,6.0,1.0,0.0,0.0,0.157721,1.0,0.0,0.157721,0.0,0.0,0.0,0.0,0.0,0.0,0.0,0.0,0.0,0.0,0.0,0.0,0.0,0.0,1.0,0.0,0.0,0.1,0.2,0.02,0.005,0.003,0.003,0.0157721,0.2,0.0,0.0,0.018000000000000002,0.003,0.0
omj_003,OpenMoji,butterfly,skeleton_c30_m20,flat_icon_fill,0.29283412,excellent,0.05592252,6,1,0.0,0,0.157721,1.0,0.592279,0.0,0.0,0,coverage,omj_003::coverage,0.35,0.05,0.02,0.005,0.003,0.003,1.0,1.0,0.0,0.0,0.0,0.0,0.0,0.0,0.0,0.0,0.0,0.0,0.0,0.0,0.0,0.0,0.0,0.0,0.0,0.0,0.0,0.0,0.0,0.0,0.0,0.0,1.0,0.0,0.3516693115234375,0.018353798759057578,87.0,15.0,0.05592252,6.0,1.0,0.0,0.0,0.157721,1.0,0.0,0.157721,0.0,0.0,0.0,0.0,0.0,0.0,0.0,0.0,0.0,0.0,0.0,0.0,0.0,0.0,0.0,1.0,0.0,0.35,0.05,0.02,0.005,0.003,0.003,0.05520235,0.05,0.0,0.0,0.018000000000000002,0.003,0.0
omj_003,OpenMoji,butterfly,skeleton_c30_m20,flat_icon_fill,0.29283412,excellent,0.05592252,6,1,0.0,0,0.157721,1.0,0.592279,0.0,0.0,0,low_jump,omj_003::low_jump,0.1,0.05,0.02,0.005,0.03,0.02,1.0,1.0,0.0,0.0,0.0,0.0,0.0,0.0,0.0,0.0,0.0,0.0,0.0,0.0,0.0,0.0,0.0,0.0,0.0,0.0,0.0,0.0,0.0,0.0,0.0,0.0,1.0,0.0,0.3516693115234375,0.018353798759057578,87.0,15.0,0.05592252,6.0,1.0,0.0,0.0,0.157721,1.0,0.0,0.157721,0.0,0.0,0.0,0.0,0.0,0.0,0.0,0.0,0.0,0.0,0.0,0.0,0.0,0.0,0.0,0.0,1.0,0.1,0.05,0.02,0.005,0.03,0.02,0.0157721,0.05,0.0,0.0,0.18,0.02,0.0
omj_003,OpenMoji,butterfly,skeleton_c30_m4,flat_icon_fill,0.35486237,pass,0.13643477,15,2,0.0,0,0.203931,0.980188,0.546069,0.0,0.0,0,low_loss,omj_003::low_loss,0.0,0.0,0.0,0.0,0.0,0.0,1.0,1.0,0.0,0.0,0.0,0.0,0.0,0.0,0.0,0.0,0.0,0.0,0.0,0.0,0.0,0.0,0.0,0.0,0.0,0.0,0.0,0.0,0.0,0.0,0.0,0.0,1.0,0.0,0.3516693115234375,0.018353798759057578,87.0,15.0,0.13643477,15.0,2.0,0.0,0.0,0.203931,0.980188,0.0,0.203931,0.0,0.0,0.0,0.0,0.0,0.0,0.0,0.0,0.0,0.0,0.0,0.0,1.0,0.0,0.0,0.0,0.0,0.0,0.0,0.0,0.0,0.0,0.0,0.0,0.0,0.0,0.0,0.0,0.0,0.13643477
omj_003,OpenMoji,butterfly,skeleton_c30_m4,flat_icon_fill,0.35486237,pass,0.13643477,15,2,0.0,0,0.203931,0.980188,0.546069,0.0,0.0,0,balanced,omj_003::balanced,0.1,0.05,0.02,0.005,0.003,0.003,1.0,1.0,0.0,0.0,0.0,0.0,0.0,0.0,0.0,0.0,0.0,0.0,0.0,0.0,0.0,0.0,0.0,0.0,0.0,0.0,0.0,0.0,0.0,0.0,0.0,0.0,1.0,0.0,0.3516693115234375,0.018353798759057578,87.0,15.0,0.13643477,15.0,2.0,0.0,0.0,0.203931,0.980188,0.0,0.203931,0.0,0.0,0.0,0.0,0.0,0.0,0.0,0.0,0.0,0.0,0.0,0.0,0.0,1.0,0.0,0.0,0.0,0.1,0.05,0.02,0.005,0.003,0.003,0.0203931,0.0490094,0.0,0.0,0.045,0.006,0.0
omj_003,OpenMoji,butterfly,skeleton_c30_m4,flat_icon_fill,0.35486237,pass,0.13643477,15,2,0.0,0,0.203931,0.980188,0.546069,0.0,0.0,0,precision,omj_003::precision,0.1,0.2,0.02,0.005,0.003,0.003,1.0,1.0,0.0,0.0,0.0,0.0,0.0,0.0,0.0,0.0,0.0,0.0,0.0,0.0,0.0,0.0,0.0,0.0,0.0,0.0,0.0,0.0,0.0,0.0,0.0,0.0,1.0,0.0,0.3516693115234375,0.018353798759057578,87.0,15.0,0.13643477,15.0,2.0,0.0,0.0,0.203931,0.980188,0.0,0.203931,0.0,0.0,0.0,0.0,0.0,0.0,0.0,0.0,0.0,0.0,0.0,0.0,0.0,0.0,1.0,0.0,0.0,0.1,0.2,0.02,0.005,0.003,0.003,0.0203931,0.1960376,0.0,0.0,0.045,0.006,0.0
omj_003,OpenMoji,butterfly,skeleton_c30_m4,flat_icon_fill,0.35486237,pass,0.13643477,15,2,0.0,0,0.203931,0.980188,0.546069,0.0,0.0,0,coverage,omj_003::coverage,0.35,0.05,0.02,0.005,0.003,0.003,1.0,1.0,0.0,0.0,0.0,0.0,0.0,0.0,0.0,0.0,0.0,0.0,0.0,0.0,0.0,0.0,0.0,0.0,0.0,0.0,0.0,0.0,0.0,0.0,0.0,0.0,1.0,0.0,0.3516693115234375,0.018353798759057578,87.0,15.0,0.13643477,15.0,2.0,0.0,0.0,0.203931,0.980188,0.0,0.203931,0.0,0.0,0.0,0.0,0.0,0.0,0.0,0.0,0.0,0.0,0.0,0.0,0.0,0.0,0.0,1.0,0.0,0.35,0.05,0.02,0.005,0.003,0.003,0.07137584999999999,0.0490094,0.0,0.0,0.045,0.006,0.0
omj_003,OpenMoji,butterfly,skeleton_c30_m4,flat_icon_fill,0.35486237,pass,0.13643477,15,2,0.0,0,0.203931,0.980188,0.546069,0.0,0.0,0,low_jump,omj_003::low_jump,0.1,0.05,0.02,0.005,0.03,0.02,1.0,1.0,0.0,0.0,0.0,0.0,0.0,0.0,0.0,0.0,0.0,0.0,0.0,0.0,0.0,0.0,0.0,0.0,0.0,0.0,0.0,0.0,0.0,0.0,0.0,0.0,1.0,0.0,0.3516693115234375,0.018353798759057578,87.0,15.0,0.13643477,15.0,2.0,0.0,0.0,0.203931,0.980188,0.0,0.203931,0.0,0.0,0.0,0.0,0.0,0.0,0.0,0.0,0.0,0.0,0.0,0.0,0.0,0.0,0.0,0.0,1.0,0.1,0.05,0.02,0.005,0.03,0.02,0.0203931,0.0490094,0.0,0.0,0.44999999999999996,0.04,0.0
omj_003,OpenMoji,butterfly,mask_fill_edgewalk_nearestrow_safeadt_t2m5_r055_a64_rows16_p40,flat_icon_fill,0.10368072,pass,0.10368072,11,2,0.0,0,0.997917,0.93816,0.0,0.0,0.0,0,low_loss,omj_003::low_loss,0.0,0.0,0.0,0.0,0.0,0.0,1.0,0.0,0.0,1.0,1.0,1.0,1.0,0.0,0.0,0.0,0.0,0.0,0.0,0.0,16.0,40.0,0.0,0.0,0.0,0.0,0.0,0.0,0.0,0.0,0.0,0.0,1.0,0.0,0.3516693115234375,0.018353798759057578,87.0,15.0,0.10368072,11.0,2.0,0.0,0.0,0.997917,0.93816,0.0,0.0,0.0,0.997917,0.0,0.997917,0.997917,0.3516693115234375,0.0,0.0,0.0,0.0,0.0,0.0,1.0,0.0,0.0,0.0,0.0,0.0,0.0,0.0,0.0,0.0,0.0,0.0,0.0,0.0,0.0,0.0,0.0,0.10368072
omj_003,OpenMoji,butterfly,mask_fill_edgewalk_nearestrow_safeadt_t2m5_r055_a64_rows16_p40,flat_icon_fill,0.10368072,pass,0.10368072,11,2,0.0,0,0.997917,0.93816,0.0,0.0,0.0,0,balanced,omj_003::balanced,0.1,0.05,0.02,0.005,0.003,0.003,1.0,0.0,0.0,1.0,1.0,1.0,1.0,0.0,0.0,0.0,0.0,0.0,0.0,0.0,16.0,40.0,0.0,0.0,0.0,0.0,0.0,0.0,0.0,0.0,0.0,0.0,1.0,0.0,0.3516693115234375,0.018353798759057578,87.0,15.0,0.10368072,11.0,2.0,0.0,0.0,0.997917,0.93816,0.0,0.0,0.0,0.997917,0.0,0.997917,0.997917,0.3516693115234375,0.0,0.0,0.0,0.0,0.0,0.0,0.0,1.0,0.0,0.0,0.0,0.1,0.05,0.02,0.005,0.003,0.003,0.09979170000000001,0.046908000000000005,0.0,0.0,0.033,0.006,0.0
omj_003,OpenMoji,butterfly,mask_fill_edgewalk_nearestrow_safeadt_t2m5_r055_a64_rows16_p40,flat_icon_fill,0.10368072,pass,0.10368072,11,2,0.0,0,0.997917,0.93816,0.0,0.0,0.0,0,precision,omj_003::precision,0.1,0.2,0.02,0.005,0.003,0.003,1.0,0.0,0.0,1.0,1.0,1.0,1.0,0.0,0.0,0.0,0.0,0.0,0.0,0.0,16.0,40.0,0.0,0.0,0.0,0.0,0.0,0.0,0.0,0.0,0.0,0.0,1.0,0.0,0.3516693115234375,0.018353798759057578,87.0,15.0,0.10368072,11.0,2.0,0.0,0.0,0.997917,0.93816,0.0,0.0,0.0,0.997917,0.0,0.997917,0.997917,0.3516693115234375,0.0,0.0,0.0,0.0,0.0,0.0,0.0,0.0,1.0,0.0,0.0,0.1,0.2,0.02,0.005,0.003,0.003,0.09979170000000001,0.18763200000000002,0.0,0.0,0.033,0.006,0.0
omj_003,OpenMoji,butterfly,mask_fill_edgewalk_nearestrow_safeadt_t2m5_r055_a64_rows16_p40,flat_icon_fill,0.10368072,pass,0.10368072,11,2,0.0,0,0.997917,0.93816,0.0,0.0,0.0,0,coverage,omj_003::coverage,0.35,0.05,0.02,0.005,0.003,0.003,1.0,0.0,0.0,1.0,1.0,1.0,1.0,0.0,0.0,0.0,0.0,0.0,0.0,0.0,16.0,40.0,0.0,0.0,0.0,0.0,0.0,0.0,0.0,0.0,0.0,0.0,1.0,0.0,0.3516693115234375,0.018353798759057578,87.0,15.0,0.10368072,11.0,2.0,0.0,0.0,0.997917,0.93816,0.0,0.0,0.0,0.997917,0.0,0.997917,0.997917,0.3516693115234375,0.0,0.0,0.0,0.0,0.0,0.0,0.0,0.0,0.0,1.0,0.0,0.35,0.05,0.02,0.005,0.003,0.003,0.34927095,0.046908000000000005,0.0,0.0,0.033,0.006,0.0
omj_003,OpenMoji,butterfly,mask_fill_edgewalk_nearestrow_safeadt_t2m5_r055_a64_rows16_p40,flat_icon_fill,0.10368072,pass,0.10368072,11,2,0.0,0,0.997917,0.93816,0.0,0.0,0.0,0,low_jump,omj_003::low_jump,0.1,0.05,0.02,0.005,0.03,0.02,1.0,0.0,0.0,1.0,1.0,1.0,1.0,0.0,0.0,0.0,0.0,0.0,0.0,0.0,16.0,40.0,0.0,0.0,0.0,0.0,0.0,0.0,0.0,0.0,0.0,0.0,1.0,0.0,0.3516693115234375,0.018353798759057578,87.0,15.0,0.10368072,11.0,2.0,0.0,0.0,0.997917,0.93816,0.0,0.0,0.0,0.997917,0.0,0.997917,0.997917,0.3516693115234375,0.0,0.0,0.0,0.0,0.0,0.0,0.0,0.0,0.0,0.0,1.0,0.1,0.05,0.02,0.005,0.03,0.02,0.09979170000000001,0.046908000000000005,0.0,0.0,0.32999999999999996,0.04,0.0
omj_004,OpenMoji,fish,mask_fill_edgewalk_nearestrow_inset1_rows16_p40,flat_icon_fill,0.05112688,excellent,0.05112688,3,0,1.1795,0,0.999836,0.914171,0.0,0.0,0.0,0,low_loss,omj_004::low_loss,0.0,0.0,0.0,0.0,0.0,0.0,1.0,0.0,0.0,1.0,1.0,1.0,0.0,1.0,1.0,0.0,1.0,0.0,0.0,0.0,16.0,40.0,0.0,0.0,0.0,0.0,0.0,0.0,0.0,0.0,0.0,0.0,1.0,0.0,0.2786102294921875,0.012706062763568652,92.0,7.0,0.05112688,3.0,0.0,1.1795,0.0,0.999836,0.914171,0.0,0.0,0.0,0.999836,0.0,0.999836,0.999836,0.2786102294921875,0.2786102294921875,0.0,0.0,0.0,0.0,0.0,1.0,0.0,0.0,0.0,0.0,0.0,0.0,0.0,0.0,0.0,0.0,0.0,0.0,0.0,0.0,0.0,0.0,0.05112688
omj_004,OpenMoji,fish,mask_fill_edgewalk_nearestrow_inset1_rows16_p40,flat_icon_fill,0.05112688,excellent,0.05112688,3,0,1.1795,0,0.999836,0.914171,0.0,0.0,0.0,0,balanced,omj_004::balanced,0.1,0.05,0.02,0.005,0.003,0.003,1.0,0.0,0.0,1.0,1.0,1.0,0.0,1.0,1.0,0.0,1.0,0.0,0.0,0.0,16.0,40.0,0.0,0.0,0.0,0.0,0.0,0.0,0.0,0.0,0.0,0.0,1.0,0.0,0.2786102294921875,0.012706062763568652,92.0,7.0,0.05112688,3.0,0.0,1.1795,0.0,0.999836,0.914171,0.0,0.0,0.0,0.999836,0.0,0.999836,0.999836,0.2786102294921875,0.2786102294921875,0.0,0.0,0.0,0.0,0.0,0.0,1.0,0.0,0.0,0.0,0.1,0.05,0.02,0.005,0.003,0.003,0.0999836,0.04570855,0.02359,0.0,0.009000000000000001,0.0,0.0
omj_004,OpenMoji,fish,mask_fill_edgewalk_nearestrow_inset1_rows16_p40,flat_icon_fill,0.05112688,excellent,0.05112688,3,0,1.1795,0,0.999836,0.914171,0.0,0.0,0.0,0,precision,omj_004::precision,0.1,0.2,0.02,0.005,0.003,0.003,1.0,0.0,0.0,1.0,1.0,1.0,0.0,1.0,1.0,0.0,1.0,0.0,0.0,0.0,16.0,40.0,0.0,0.0,0.0,0.0,0.0,0.0,0.0,0.0,0.0,0.0,1.0,0.0,0.2786102294921875,0.012706062763568652,92.0,7.0,0.05112688,3.0,0.0,1.1795,0.0,0.999836,0.914171,0.0,0.0,0.0,0.999836,0.0,0.999836,0.999836,0.2786102294921875,0.2786102294921875,0.0,0.0,0.0,0.0,0.0,0.0,0.0,1.0,0.0,0.0,0.1,0.2,0.02,0.005,0.003,0.003,0.0999836,0.1828342,0.02359,0.0,0.009000000000000001,0.0,0.0
omj_004,OpenMoji,fish,mask_fill_edgewalk_nearestrow_inset1_rows16_p40,flat_icon_fill,0.05112688,excellent,0.05112688,3,0,1.1795,0,0.999836,0.914171,0.0,0.0,0.0,0,coverage,omj_004::coverage,0.35,0.05,0.02,0.005,0.003,0.003,1.0,0.0,0.0,1.0,1.0,1.0,0.0,1.0,1.0,0.0,1.0,0.0,0.0,0.0,16.0,40.0,0.0,0.0,0.0,0.0,0.0,0.0,0.0,0.0,0.0,0.0,1.0,0.0,0.2786102294921875,0.012706062763568652,92.0,7.0,0.05112688,3.0,0.0,1.1795,0.0,0.999836,0.914171,0.0,0.0,0.0,0.999836,0.0,0.999836,0.999836,0.2786102294921875,0.2786102294921875,0.0,0.0,0.0,0.0,0.0,0.0,0.0,0.0,1.0,0.0,0.35,0.05,0.02,0.005,0.003,0.003,0.34994259999999994,0.04570855,0.02359,0.0,0.009000000000000001,0.0,0.0
omj_004,OpenMoji,fish,mask_fill_edgewalk_nearestrow_inset1_rows16_p40,flat_icon_fill,0.05112688,excellent,0.05112688,3,0,1.1795,0,0.999836,0.914171,0.0,0.0,0.0,0,low_jump,omj_004::low_jump,0.1,0.05,0.02,0.005,0.03,0.02,1.0,0.0,0.0,1.0,1.0,1.0,0.0,1.0,1.0,0.0,1.0,0.0,0.0,0.0,16.0,40.0,0.0,0.0,0.0,0.0,0.0,0.0,0.0,0.0,0.0,0.0,1.0,0.0,0.2786102294921875,0.012706062763568652,92.0,7.0,0.05112688,3.0,0.0,1.1795,0.0,0.999836,0.914171,0.0,0.0,0.0,0.999836,0.0,0.999836,0.999836,0.2786102294921875,0.2786102294921875,0.0,0.0,0.0,0.0,0.0,0.0,0.0,0.0,0.0,1.0,0.1,0.05,0.02,0.005,0.03,0.02,0.0999836,0.04570855,0.02359,0.0,0.09,0.0,0.0
omj_004,OpenMoji,fish,mask_fill_edgewalk_nearestrow_inset2_rows16_p40,flat_icon_fill,0.04876926,excellent,0.04876926,3,0,1.075,0,0.997043,0.950702,0.0,0.0,0.0,1,low_loss,omj_004::low_loss,0.0,0.0,0.0,0.0,0.0,0.0,1.0,0.0,0.0,1.0,1.0,1.0,0.0,1.0,0.0,1.0,2.0,0.0,0.0,0.0,16.0,40.0,0.0,0.0,0.0,0.0,0.0,0.0,0.0,0.0,0.0,0.0,1.0,0.0,0.2786102294921875,0.012706062763568652,92.0,7.0,0.04876926,3.0,0.0,1.075,0.0,0.997043,0.950702,0.0,0.0,0.0,0.997043,0.0,0.997043,0.997043,0.2786102294921875,0.2786102294921875,0.2786102294921875,0.0,0.0,0.0,0.0,1.0,0.0,0.0,0.0,0.0,0.0,0.0,0.0,0.0,0.0,0.0,0.0,0.0,0.0,0.0,0.0,0.0,0.04876926
omj_004,OpenMoji,fish,mask_fill_edgewalk_nearestrow_inset2_rows16_p40,flat_icon_fill,0.04876926,excellent,0.04876926,3,0,1.075,0,0.997043,0.950702,0.0,0.0,0.0,1,balanced,omj_004::balanced,0.1,0.05,0.02,0.005,0.003,0.003,1.0,0.0,0.0,1.0,1.0,1.0,0.0,1.0,0.0,1.0,2.0,0.0,0.0,0.0,16.0,40.0,0.0,0.0,0.0,0.0,0.0,0.0,0.0,0.0,0.0,0.0,1.0,0.0,0.2786102294921875,0.012706062763568652,92.0,7.0,0.04876926,3.0,0.0,1.075,0.0,0.997043,0.950702,0.0,0.0,0.0,0.997043,0.0,0.997043,0.997043,0.2786102294921875,0.2786102294921875,0.2786102294921875,0.0,0.0,0.0,0.0,0.0,1.0,0.0,0.0,0.0,0.1,0.05,0.02,0.005,0.003,0.003,0.09970430000000001,0.047535100000000004,0.0215,0.0,0.009000000000000001,0.0,0.0
omj_004,OpenMoji,fish,mask_fill_edgewalk_nearestrow_inset2_rows16_p40,flat_icon_fill,0.04876926,excellent,0.04876926,3,0,1.075,0,0.997043,0.950702,0.0,0.0,0.0,1,precision,omj_004::precision,0.1,0.2,0.02,0.005,0.003,0.003,1.0,0.0,0.0,1.0,1.0,1.0,0.0,1.0,0.0,1.0,2.0,0.0,0.0,0.0,16.0,40.0,0.0,0.0,0.0,0.0,0.0,0.0,0.0,0.0,0.0,0.0,1.0,0.0,0.2786102294921875,0.012706062763568652,92.0,7.0,0.04876926,3.0,0.0,1.075,0.0,0.997043,0.950702,0.0,0.0,0.0,0.997043,0.0,0.997043,0.997043,0.2786102294921875,0.2786102294921875,0.2786102294921875,0.0,0.0,0.0,0.0,0.0,0.0,1.0,0.0,0.0,0.1,0.2,0.02,0.005,0.003,0.003,0.09970430000000001,0.19014040000000001,0.0215,0.0,0.009000000000000001,0.0,0.0
omj_004,OpenMoji,fish,mask_fill_edgewalk_nearestrow_inset2_rows16_p40,flat_icon_fill,0.04876926,excellent,0.04876926,3,0,1.075,0,0.997043,0.950702,0.0,0.0,0.0,1,coverage,omj_004::coverage,0.35,0.05,0.02,0.005,0.003,0.003,1.0,0.0,0.0,1.0,1.0,1.0,0.0,1.0,0.0,1.0,2.0,0.0,0.0,0.0,16.0,40.0,0.0,0.0,0.0,0.0,0.0,0.0,0.0,0.0,0.0,0.0,1.0,0.0,0.2786102294921875,0.012706062763568652,92.0,7.0,0.04876926,3.0,0.0,1.075,0.0,0.997043,0.950702,0.0,0.0,0.0,0.997043,0.0,0.997043,0.997043,0.2786102294921875,0.2786102294921875,0.2786102294921875,0.0,0.0,0.0,0.0,0.0,0.0,0.0,1.0,0.0,0.35,0.05,0.02,0.005,0.003,0.003,0.34896505,0.047535100000000004,0.0215,0.0,0.009000000000000001,0.0,0.0
omj_004,OpenMoji,fish,mask_fill_edgewalk_nearestrow_inset2_rows16_p40,flat_icon_fill,0.04876926,excellent,0.04876926,3,0,1.075,0,0.997043,0.950702,0.0,0.0,0.0,1,low_jump,omj_004::low_jump,0.1,0.05,0.02,0.005,0.03,0.02,1.0,0.0,0.0,1.0,1.0,1.0,0.0,1.0,0.0,1.0,2.0,0.0,0.0,0.0,16.0,40.0,0.0,0.0,0.0,0.0,0.0,0.0,0.0,0.0,0.0,0.0,1.0,0.0,0.2786102294921875,0.012706062763568652,92.0,7.0,0.04876926,3.0,0.0,1.075,0.0,0.997043,0.950702,0.0,0.0,0.0,0.997043,0.0,0.997043,0.997043,0.2786102294921875,0.2786102294921875,0.2786102294921875,0.0,0.0,0.0,0.0,0.0,0.0,0.0,0.0,1.0,0.1,0.05,0.02,0.005,0.03,0.02,0.09970430000000001,0.047535100000000004,0.0215,0.0,0.09,0.0,0.0
omj_004,OpenMoji,fish,mask_fill_edgewalk_nearestrow_rows16_p40,flat_icon_fill,0.05113326,excellent,0.05113326,3,0,1.1795,0,1.0,0.891422,0.0,0.0,0.0,0,low_loss,omj_004::low_loss,0.0,0.0,0.0,0.0,0.0,0.0,1.0,0.0,0.0,1.0,1.0,1.0,1.0,0.0,0.0,0.0,0.0,0.0,0.0,0.0,16.0,40.0,0.0,0.0,0.0,0.0,0.0,0.0,0.0,0.0,0.0,0.0,1.0,0.0,0.2786102294921875,0.012706062763568652,92.0,7.0,0.05113326,3.0,0.0,1.1795,0.0,1.0,0.891422,0.0,0.0,0.0,1.0,0.0,1.0,1.0,0.2786102294921875,0.0,0.0,0.0,0.0,0.0,0.0,1.0,0.0,0.0,0.0,0.0,0.0,0.0,0.0,0.0,0.0,0.0,0.0,0.0,0.0,0.0,0.0,0.0,0.05113326
omj_004,OpenMoji,fish,mask_fill_edgewalk_nearestrow_rows16_p40,flat_icon_fill,0.05113326,excellent,0.05113326,3,0,1.1795,0,1.0,0.891422,0.0,0.0,0.0,0,balanced,omj_004::balanced,0.1,0.05,0.02,0.005,0.003,0.003,1.0,0.0,0.0,1.0,1.0,1.0,1.0,0.0,0.0,0.0,0.0,0.0,0.0,0.0,16.0,40.0,0.0,0.0,0.0,0.0,0.0,0.0,0.0,0.0,0.0,0.0,1.0,0.0,0.2786102294921875,0.012706062763568652,92.0,7.0,0.05113326,3.0,0.0,1.1795,0.0,1.0,0.891422,0.0,0.0,0.0,1.0,0.0,1.0,1.0,0.2786102294921875,0.0,0.0,0.0,0.0,0.0,0.0,0.0,1.0,0.0,0.0,0.0,0.1,0.05,0.02,0.005,0.003,0.003,0.1,0.0445711,0.02359,0.0,0.009000000000000001,0.0,0.0
omj_004,OpenMoji,fish,mask_fill_edgewalk_nearestrow_rows16_p40,flat_icon_fill,0.05113326,excellent,0.05113326,3,0,1.1795,0,1.0,0.891422,0.0,0.0,0.0,0,precision,omj_004::precision,0.1,0.2,0.02,0.005,0.003,0.003,1.0,0.0,0.0,1.0,1.0,1.0,1.0,0.0,0.0,0.0,0.0,0.0,0.0,0.0,16.0,40.0,0.0,0.0,0.0,0.0,0.0,0.0,0.0,0.0,0.0,0.0,1.0,0.0,0.2786102294921875,0.012706062763568652,92.0,7.0,0.05113326,3.0,0.0,1.1795,0.0,1.0,0.891422,0.0,0.0,0.0,1.0,0.0,1.0,1.0,0.2786102294921875,0.0,0.0,0.0,0.0,0.0,0.0,0.0,0.0,1.0,0.0,0.0,0.1,0.2,0.02,0.005,0.003,0.003,0.1,0.1782844,0.02359,0.0,0.009000000000000001,0.0,0.0
omj_004,OpenMoji,fish,mask_fill_edgewalk_nearestrow_rows16_p40,flat_icon_fill,0.05113326,excellent,0.05113326,3,0,1.1795,0,1.0,0.891422,0.0,0.0,0.0,0,coverage,omj_004::coverage,0.35,0.05,0.02,0.005,0.003,0.003,1.0,0.0,0.0,1.0,1.0,1.0,1.0,0.0,0.0,0.0,0.0,0.0,0.0,0.0,16.0,40.0,0.0,0.0,0.0,0.0,0.0,0.0,0.0,0.0,0.0,0.0,1.0,0.0,0.2786102294921875,0.012706062763568652,92.0,7.0,0.05113326,3.0,0.0,1.1795,0.0,1.0,0.891422,0.0,0.0,0.0,1.0,0.0,1.0,1.0,0.2786102294921875,0.0,0.0,0.0,0.0,0.0,0.0,0.0,0.0,0.0,1.0,0.0,0.35,0.05,0.02,0.005,0.003,0.003,0.35,0.0445711,0.02359,0.0,0.009000000000000001,0.0,0.0
omj_004,OpenMoji,fish,mask_fill_edgewalk_nearestrow_rows16_p40,flat_icon_fill,0.05113326,excellent,0.05113326,3,0,1.1795,0,1.0,0.891422,0.0,0.0,0.0,0,low_jump,omj_004::low_jump,0.1,0.05,0.02,0.005,0.03,0.02,1.0,0.0,0.0,1.0,1.0,1.0,1.0,0.0,0.0,0.0,0.0,0.0,0.0,0.0,16.0,40.0,0.0,0.0,0.0,0.0,0.0,0.0,0.0,0.0,0.0,0.0,1.0,0.0,0.2786102294921875,0.012706062763568652,92.0,7.0,0.05113326,3.0,0.0,1.1795,0.0,1.0,0.891422,0.0,0.0,0.0,1.0,0.0,1.0,1.0,0.2786102294921875,0.0,0.0,0.0,0.0,0.0,0.0,0.0,0.0,0.0,0.0,1.0,0.1,0.05,0.02,0.005,0.03,0.02,0.1,0.0445711,0.02359,0.0,0.09,0.0,0.0
omj_004,OpenMoji,fish,mask_fill_edgewalk_rows16_p40,flat_icon_fill,0.37317406,hard_fail,0.33317406,39,9,2.9095,0,1.0,0.894742,0.0,0.0,0.04,0,low_loss,omj_004::low_loss,0.0,0.0,0.0,0.0,0.0,0.0,1.0,0.0,0.0,1.0,1.0,0.0,0.0,0.0,0.0,0.0,0.0,0.0,0.0,0.0,16.0,40.0,0.0,0.0,0.0,0.0,0.0,0.0,0.0,0.0,0.0,0.0,1.0,0.0,0.2786102294921875,0.012706062763568652,92.0,7.0,0.33317406,39.0,9.0,2.9095,0.0,1.0,0.894742,0.0,0.0,0.0,1.0,0.0,1.0,0.0,0.0,0.0,0.0,0.0,0.0,0.0,0.0,1.0,0.0,0.0,0.0,0.0,0.0,0.0,0.0,0.0,0.0,0.0,0.0,0.0,0.0,0.0,0.0,0.0,0.33317406
omj_004,OpenMoji,fish,mask_fill_edgewalk_rows16_p40,flat_icon_fill,0.37317406,hard_fail,0.33317406,39,9,2.9095,0,1.0,0.894742,0.0,0.0,0.04,0,balanced,omj_004::balanced,0.1,0.05,0.02,0.005,0.003,0.003,1.0,0.0,0.0,1.0,1.0,0.0,0.0,0.0,0.0,0.0,0.0,0.0,0.0,0.0,16.0,40.0,0.0,0.0,0.0,0.0,0.0,0.0,0.0,0.0,0.0,0.0,1.0,0.0,0.2786102294921875,0.012706062763568652,92.0,7.0,0.33317406,39.0,9.0,2.9095,0.0,1.0,0.894742,0.0,0.0,0.0,1.0,0.0,1.0,0.0,0.0,0.0,0.0,0.0,0.0,0.0,0.0,0.0,1.0,0.0,0.0,0.0,0.1,0.05,0.02,0.005,0.003,0.003,0.1,0.0447371,0.05819,0.0,0.117,0.027,0.0
omj_004,OpenMoji,fish,mask_fill_edgewalk_rows16_p40,flat_icon_fill,0.37317406,hard_fail,0.33317406,39,9,2.9095,0,1.0,0.894742,0.0,0.0,0.04,0,precision,omj_004::precision,0.1,0.2,0.02,0.005,0.003,0.003,1.0,0.0,0.0,1.0,1.0,0.0,0.0,0.0,0.0,0.0,0.0,0.0,0.0,0.0,16.0,40.0,0.0,0.0,0.0,0.0,0.0,0.0,0.0,0.0,0.0,0.0,1.0,0.0,0.2786102294921875,0.012706062763568652,92.0,7.0,0.33317406,39.0,9.0,2.9095,0.0,1.0,0.894742,0.0,0.0,0.0,1.0,0.0,1.0,0.0,0.0,0.0,0.0,0.0,0.0,0.0,0.0,0.0,0.0,1.0,0.0,0.0,0.1,0.2,0.02,0.005,0.003,0.003,0.1,0.1789484,0.05819,0.0,0.117,0.027,0.0
omj_004,OpenMoji,fish,mask_fill_edgewalk_rows16_p40,flat_icon_fill,0.37317406,hard_fail,0.33317406,39,9,2.9095,0,1.0,0.894742,0.0,0.0,0.04,0,coverage,omj_004::coverage,0.35,0.05,0.02,0.005,0.003,0.003,1.0,0.0,0.0,1.0,1.0,0.0,0.0,0.0,0.0,0.0,0.0,0.0,0.0,0.0,16.0,40.0,0.0,0.0,0.0,0.0,0.0,0.0,0.0,0.0,0.0,0.0,1.0,0.0,0.2786102294921875,0.012706062763568652,92.0,7.0,0.33317406,39.0,9.0,2.9095,0.0,1.0,0.894742,0.0,0.0,0.0,1.0,0.0,1.0,0.0,0.0,0.0,0.0,0.0,0.0,0.0,0.0,0.0,0.0,0.0,1.0,0.0,0.35,0.05,0.02,0.005,0.003,0.003,0.35,0.0447371,0.05819,0.0,0.117,0.027,0.0
omj_004,OpenMoji,fish,mask_fill_edgewalk_rows16_p40,flat_icon_fill,0.37317406,hard_fail,0.33317406,39,9,2.9095,0,1.0,0.894742,0.0,0.0,0.04,0,low_jump,omj_004::low_jump,0.1,0.05,0.02,0.005,0.03,0.02,1.0,0.0,0.0,1.0,1.0,0.0,0.0,0.0,0.0,0.0,0.0,0.0,0.0,0.0,16.0,40.0,0.0,0.0,0.0,0.0,0.0,0.0,0.0,0.0,0.0,0.0,1.0,0.0,0.2786102294921875,0.012706062763568652,92.0,7.0,0.33317406,39.0,9.0,2.9095,0.0,1.0,0.894742,0.0,0.0,0.0,1.0,0.0,1.0,0.0,0.0,0.0,0.0,0.0,0.0,0.0,0.0,0.0,0.0,0.0,0.0,1.0,0.1,0.05,0.02,0.005,0.03,0.02,0.1,0.0447371,0.05819,0.0,1.17,0.18,0.0
omj_004,OpenMoji,fish,auto_evalrepair_r10_c20,flat_icon_fill,0.20026304,warning,0.20026304,12,17,0.0,0,0.916534,0.890823,0.0,0.0,0.0,0,low_loss,omj_004::low_loss,0.0,0.0,0.0,0.0,0.0,0.0,1.0,0.0,1.0,0.0,0.0,0.0,0.0,0.0,0.0,0.0,0.0,0.0,0.0,0.0,0.0,0.0,0.0,0.0,0.0,0.0,0.0,0.0,0.0,0.0,0.0,0.0,1.0,0.0,0.2786102294921875,0.012706062763568652,92.0,7.0,0.20026304,12.0,17.0,0.0,0.0,0.916534,0.890823,0.0,0.0,0.916534,0.0,0.0,0.0,0.0,0.0,0.0,0.0,0.0,0.0,0.0,0.0,1.0,0.0,0.0,0.0,0.0,0.0,0.0,0.0,0.0,0.0,0.0,0.0,0.0,0.0,0.0,0.0,0.0,0.20026304
omj_004,OpenMoji,fish,auto_evalrepair_r10_c20,flat_icon_fill,0.20026304,warning,0.20026304,12,17,0.0,0,0.916534,0.890823,0.0,0.0,0.0,0,balanced,omj_004::balanced,0.1,0.05,0.02,0.005,0.003,0.003,1.0,0.0,1.0,0.0,0.0,0.0,0.0,0.0,0.0,0.0,0.0,0.0,0.0,0.0,0.0,0.0,0.0,0.0,0.0,0.0,0.0,0.0,0.0,0.0,0.0,0.0,1.0,0.0,0.2786102294921875,0.012706062763568652,92.0,7.0,0.20026304,12.0,17.0,0.0,0.0,0.916534,0.890823,0.0,0.0,0.916534,0.0,0.0,0.0,0.0,0.0,0.0,0.0,0.0,0.0,0.0,0.0,0.0,1.0,0.0,0.0,0.0,0.1,0.05,0.02,0.005,0.003,0.003,0.0916534,0.04454115,0.0,0.0,0.036000000000000004,0.051000000000000004,0.0
omj_004,OpenMoji,fish,auto_evalrepair_r10_c20,flat_icon_fill,0.20026304,warning,0.20026304,12,17,0.0,0,0.916534,0.890823,0.0,0.0,0.0,0,precision,omj_004::precision,0.1,0.2,0.02,0.005,0.003,0.003,1.0,0.0,1.0,0.0,0.0,0.0,0.0,0.0,0.0,0.0,0.0,0.0,0.0,0.0,0.0,0.0,0.0,0.0,0.0,0.0,0.0,0.0,0.0,0.0,0.0,0.0,1.0,0.0,0.2786102294921875,0.012706062763568652,92.0,7.0,0.20026304,12.0,17.0,0.0,0.0,0.916534,0.890823,0.0,0.0,0.916534,0.0,0.0,0.0,0.0,0.0,0.0,0.0,0.0,0.0,0.0,0.0,0.0,0.0,1.0,0.0,0.0,0.1,0.2,0.02,0.005,0.003,0.003,0.0916534,0.1781646,0.0,0.0,0.036000000000000004,0.051000000000000004,0.0
omj_004,OpenMoji,fish,auto_evalrepair_r10_c20,flat_icon_fill,0.20026304,warning,0.20026304,12,17,0.0,0,0.916534,0.890823,0.0,0.0,0.0,0,coverage,omj_004::coverage,0.35,0.05,0.02,0.005,0.003,0.003,1.0,0.0,1.0,0.0,0.0,0.0,0.0,0.0,0.0,0.0,0.0,0.0,0.0,0.0,0.0,0.0,0.0,0.0,0.0,0.0,0.0,0.0,0.0,0.0,0.0,0.0,1.0,0.0,0.2786102294921875,0.012706062763568652,92.0,7.0,0.20026304,12.0,17.0,0.0,0.0,0.916534,0.890823,0.0,0.0,0.916534,0.0,0.0,0.0,0.0,0.0,0.0,0.0,0.0,0.0,0.0,0.0,0.0,0.0,0.0,1.0,0.0,0.35,0.05,0.02,0.005,0.003,0.003,0.3207869,0.04454115,0.0,0.0,0.036000000000000004,0.051000000000000004,0.0
omj_004,OpenMoji,fish,auto_evalrepair_r10_c20,flat_icon_fill,0.20026304,warning,0.20026304,12,17,0.0,0,0.916534,0.890823,0.0,0.0,0.0,0,low_jump,omj_004::low_jump,0.1,0.05,0.02,0.005,0.03,0.02,1.0,0.0,1.0,0.0,0.0,0.0,0.0,0.0,0.0,0.0,0.0,0.0,0.0,0.0,0.0,0.0,0.0,0.0,0.0,0.0,0.0,0.0,0.0,0.0,0.0,0.0,1.0,0.0,0.2786102294921875,0.012706062763568652,92.0,7.0,0.20026304,12.0,17.0,0.0,0.0,0.916534,0.890823,0.0,0.0,0.916534,0.0,0.0,0.0,0.0,0.0,0.0,0.0,0.0,0.0,0.0,0.0,0.0,0.0,0.0,0.0,1.0,0.1,0.05,0.02,0.005,0.03,0.02,0.0916534,0.04454115,0.0,0.0,0.36,0.34,0.0
omj_004,OpenMoji,fish,skeleton_c30_m20,flat_icon_fill,0.29922618,excellent,0.02466018,3,0,0.0,0,0.063585,1.0,0.686415,0.0,0.0,0,low_loss,omj_004::low_loss,0.0,0.0,0.0,0.0,0.0,0.0,1.0,1.0,0.0,0.0,0.0,0.0,0.0,0.0,0.0,0.0,0.0,0.0,0.0,0.0,0.0,0.0,0.0,0.0,0.0,0.0,0.0,0.0,0.0,0.0,0.0,0.0,1.0,0.0,0.2786102294921875,0.012706062763568652,92.0,7.0,0.02466018,3.0,0.0,0.0,0.0,0.063585,1.0,0.0,0.063585,0.0,0.0,0.0,0.0,0.0,0.0,0.0,0.0,0.0,0.0,0.0,0.0,1.0,0.0,0.0,0.0,0.0,0.0,0.0,0.0,0.0,0.0,0.0,0.0,0.0,0.0,0.0,0.0,0.0,0.02466018
omj_004,OpenMoji,fish,skeleton_c30_m20,flat_icon_fill,0.29922618,excellent,0.02466018,3,0,0.0,0,0.063585,1.0,0.686415,0.0,0.0,0,balanced,omj_004::balanced,0.1,0.05,0.02,0.005,0.003,0.003,1.0,1.0,0.0,0.0,0.0,0.0,0.0,0.0,0.0,0.0,0.0,0.0,0.0,0.0,0.0,0.0,0.0,0.0,0.0,0.0,0.0,0.0,0.0,0.0,0.0,0.0,1.0,0.0,0.2786102294921875,0.012706062763568652,92.0,7.0,0.02466018,3.0,0.0,0.0,0.0,0.063585,1.0,0.0,0.063585,0.0,0.0,0.0,0.0,0.0,0.0,0.0,0.0,0.0,0.0,0.0,0.0,0.0,1.0,0.0,0.0,0.0,0.1,0.05,0.02,0.005,0.003,0.003,0.0063585000000000004,0.05,0.0,0.0,0.009000000000000001,0.0,0.0
omj_004,OpenMoji,fish,skeleton_c30_m20,flat_icon_fill,0.29922618,excellent,0.02466018,3,0,0.0,0,0.063585,1.0,0.686415,0.0,0.0,0,precision,omj_004::precision,0.1,0.2,0.02,0.005,0.003,0.003,1.0,1.0,0.0,0.0,0.0,0.0,0.0,0.0,0.0,0.0,0.0,0.0,0.0,0.0,0.0,0.0,0.0,0.0,0.0,0.0,0.0,0.0,0.0,0.0,0.0,0.0,1.0,0.0,0.2786102294921875,0.012706062763568652,92.0,7.0,0.02466018,3.0,0.0,0.0,0.0,0.063585,1.0,0.0,0.063585,0.0,0.0,0.0,0.0,0.0,0.0,0.0,0.0,0.0,0.0,0.0,0.0,0.0,0.0,1.0,0.0,0.0,0.1,0.2,0.02,0.005,0.003,0.003,0.0063585000000000004,0.2,0.0,0.0,0.009000000000000001,0.0,0.0
omj_004,OpenMoji,fish,skeleton_c30_m20,flat_icon_fill,0.29922618,excellent,0.02466018,3,0,0.0,0,0.063585,1.0,0.686415,0.0,0.0,0,coverage,omj_004::coverage,0.35,0.05,0.02,0.005,0.003,0.003,1.0,1.0,0.0,0.0,0.0,0.0,0.0,0.0,0.0,0.0,0.0,0.0,0.0,0.0,0.0,0.0,0.0,0.0,0.0,0.0,0.0,0.0,0.0,0.0,0.0,0.0,1.0,0.0,0.2786102294921875,0.012706062763568652,92.0,7.0,0.02466018,3.0,0.0,0.0,0.0,0.063585,1.0,0.0,0.063585,0.0,0.0,0.0,0.0,0.0,0.0,0.0,0.0,0.0,0.0,0.0,0.0,0.0,0.0,0.0,1.0,0.0,0.35,0.05,0.02,0.005,0.003,0.003,0.02225475,0.05,0.0,0.0,0.009000000000000001,0.0,0.0
omj_004,OpenMoji,fish,skeleton_c30_m20,flat_icon_fill,0.29922618,excellent,0.02466018,3,0,0.0,0,0.063585,1.0,0.686415,0.0,0.0,0,low_jump,omj_004::low_jump,0.1,0.05,0.02,0.005,0.03,0.02,1.0,1.0,0.0,0.0,0.0,0.0,0.0,0.0,0.0,0.0,0.0,0.0,0.0,0.0,0.0,0.0,0.0,0.0,0.0,0.0,0.0,0.0,0.0,0.0,0.0,0.0,1.0,0.0,0.2786102294921875,0.012706062763568652,92.0,7.0,0.02466018,3.0,0.0,0.0,0.0,0.063585,1.0,0.0,0.063585,0.0,0.0,0.0,0.0,0.0,0.0,0.0,0.0,0.0,0.0,0.0,0.0,0.0,0.0,0.0,0.0,1.0,0.1,0.05,0.02,0.005,0.03,0.02,0.0063585000000000004,0.05,0.0,0.0,0.09,0.0,0.0
omj_004,OpenMoji,fish,skeleton_c30_m4,flat_icon_fill,0.28325491,excellent,0.05583291,6,1,0.0,0,0.181445,0.979019,0.568555,0.0,0.0,0,low_loss,omj_004::low_loss,0.0,0.0,0.0,0.0,0.0,0.0,1.0,1.0,0.0,0.0,0.0,0.0,0.0,0.0,0.0,0.0,0.0,0.0,0.0,0.0,0.0,0.0,0.0,0.0,0.0,0.0,0.0,0.0,0.0,0.0,0.0,0.0,1.0,0.0,0.2786102294921875,0.012706062763568652,92.0,7.0,0.05583291,6.0,1.0,0.0,0.0,0.181445,0.979019,0.0,0.181445,0.0,0.0,0.0,0.0,0.0,0.0,0.0,0.0,0.0,0.0,0.0,0.0,1.0,0.0,0.0,0.0,0.0,0.0,0.0,0.0,0.0,0.0,0.0,0.0,0.0,0.0,0.0,0.0,0.0,0.05583291
omj_004,OpenMoji,fish,skeleton_c30_m4,flat_icon_fill,0.28325491,excellent,0.05583291,6,1,0.0,0,0.181445,0.979019,0.568555,0.0,0.0,0,balanced,omj_004::balanced,0.1,0.05,0.02,0.005,0.003,0.003,1.0,1.0,0.0,0.0,0.0,0.0,0.0,0.0,0.0,0.0,0.0,0.0,0.0,0.0,0.0,0.0,0.0,0.0,0.0,0.0,0.0,0.0,0.0,0.0,0.0,0.0,1.0,0.0,0.2786102294921875,0.012706062763568652,92.0,7.0,0.05583291,6.0,1.0,0.0,0.0,0.181445,0.979019,0.0,0.181445,0.0,0.0,0.0,0.0,0.0,0.0,0.0,0.0,0.0,0.0,0.0,0.0,0.0,1.0,0.0,0.0,0.0,0.1,0.05,0.02,0.005,0.003,0.003,0.0181445,0.04895095,0.0,0.0,0.018000000000000002,0.003,0.0
omj_004,OpenMoji,fish,skeleton_c30_m4,flat_icon_fill,0.28325491,excellent,0.05583291,6,1,0.0,0,0.181445,0.979019,0.568555,0.0,0.0,0,precision,omj_004::precision,0.1,0.2,0.02,0.005,0.003,0.003,1.0,1.0,0.0,0.0,0.0,0.0,0.0,0.0,0.0,0.0,0.0,0.0,0.0,0.0,0.0,0.0,0.0,0.0,0.0,0.0,0.0,0.0,0.0,0.0,0.0,0.0,1.0,0.0,0.2786102294921875,0.012706062763568652,92.0,7.0,0.05583291,6.0,1.0,0.0,0.0,0.181445,0.979019,0.0,0.181445,0.0,0.0,0.0,0.0,0.0,0.0,0.0,0.0,0.0,0.0,0.0,0.0,0.0,0.0,1.0,0.0,0.0,0.1,0.2,0.02,0.005,0.003,0.003,0.0181445,0.1958038,0.0,0.0,0.018000000000000002,0.003,0.0
omj_004,OpenMoji,fish,skeleton_c30_m4,flat_icon_fill,0.28325491,excellent,0.05583291,6,1,0.0,0,0.181445,0.979019,0.568555,0.0,0.0,0,coverage,omj_004::coverage,0.35,0.05,0.02,0.005,0.003,0.003,1.0,1.0,0.0,0.0,0.0,0.0,0.0,0.0,0.0,0.0,0.0,0.0,0.0,0.0,0.0,0.0,0.0,0.0,0.0,0.0,0.0,0.0,0.0,0.0,0.0,0.0,1.0,0.0,0.2786102294921875,0.012706062763568652,92.0,7.0,0.05583291,6.0,1.0,0.0,0.0,0.181445,0.979019,0.0,0.181445,0.0,0.0,0.0,0.0,0.0,0.0,0.0,0.0,0.0,0.0,0.0,0.0,0.0,0.0,0.0,1.0,0.0,0.35,0.05,0.02,0.005,0.003,0.003,0.06350575,0.04895095,0.0,0.0,0.018000000000000002,0.003,0.0
omj_004,OpenMoji,fish,skeleton_c30_m4,flat_icon_fill,0.28325491,excellent,0.05583291,6,1,0.0,0,0.181445,0.979019,0.568555,0.0,0.0,0,low_jump,omj_004::low_jump,0.1,0.05,0.02,0.005,0.03,0.02,1.0,1.0,0.0,0.0,0.0,0.0,0.0,0.0,0.0,0.0,0.0,0.0,0.0,0.0,0.0,0.0,0.0,0.0,0.0,0.0,0.0,0.0,0.0,0.0,0.0,0.0,1.0,0.0,0.2786102294921875,0.012706062763568652,92.0,7.0,0.05583291,6.0,1.0,0.0,0.0,0.181445,0.979019,0.0,0.181445,0.0,0.0,0.0,0.0,0.0,0.0,0.0,0.0,0.0,0.0,0.0,0.0,0.0,0.0,0.0,0.0,1.0,0.1,0.05,0.02,0.005,0.03,0.02,0.0181445,0.04895095,0.0,0.0,0.18,0.02,0.0
omj_004,OpenMoji,fish,mask_fill_edgewalk_nearestrow_safeadt_t2m5_r055_a64_rows16_p40,flat_icon_fill,0.05556092,excellent,0.05556092,6,1,0.0,0,0.999836,0.928114,0.0,0.0,0.0,0,low_loss,omj_004::low_loss,0.0,0.0,0.0,0.0,0.0,0.0,1.0,0.0,0.0,1.0,1.0,1.0,1.0,0.0,0.0,0.0,0.0,0.0,0.0,0.0,16.0,40.0,0.0,0.0,0.0,0.0,0.0,0.0,0.0,0.0,0.0,0.0,1.0,0.0,0.2786102294921875,0.012706062763568652,92.0,7.0,0.05556092,6.0,1.0,0.0,0.0,0.999836,0.928114,0.0,0.0,0.0,0.999836,0.0,0.999836,0.999836,0.2786102294921875,0.0,0.0,0.0,0.0,0.0,0.0,1.0,0.0,0.0,0.0,0.0,0.0,0.0,0.0,0.0,0.0,0.0,0.0,0.0,0.0,0.0,0.0,0.0,0.05556092
omj_004,OpenMoji,fish,mask_fill_edgewalk_nearestrow_safeadt_t2m5_r055_a64_rows16_p40,flat_icon_fill,0.05556092,excellent,0.05556092,6,1,0.0,0,0.999836,0.928114,0.0,0.0,0.0,0,balanced,omj_004::balanced,0.1,0.05,0.02,0.005,0.003,0.003,1.0,0.0,0.0,1.0,1.0,1.0,1.0,0.0,0.0,0.0,0.0,0.0,0.0,0.0,16.0,40.0,0.0,0.0,0.0,0.0,0.0,0.0,0.0,0.0,0.0,0.0,1.0,0.0,0.2786102294921875,0.012706062763568652,92.0,7.0,0.05556092,6.0,1.0,0.0,0.0,0.999836,0.928114,0.0,0.0,0.0,0.999836,0.0,0.999836,0.999836,0.2786102294921875,0.0,0.0,0.0,0.0,0.0,0.0,0.0,1.0,0.0,0.0,0.0,0.1,0.05,0.02,0.005,0.003,0.003,0.0999836,0.0464057,0.0,0.0,0.018000000000000002,0.003,0.0
omj_004,OpenMoji,fish,mask_fill_edgewalk_nearestrow_safeadt_t2m5_r055_a64_rows16_p40,flat_icon_fill,0.05556092,excellent,0.05556092,6,1,0.0,0,0.999836,0.928114,0.0,0.0,0.0,0,precision,omj_004::precision,0.1,0.2,0.02,0.005,0.003,0.003,1.0,0.0,0.0,1.0,1.0,1.0,1.0,0.0,0.0,0.0,0.0,0.0,0.0,0.0,16.0,40.0,0.0,0.0,0.0,0.0,0.0,0.0,0.0,0.0,0.0,0.0,1.0,0.0,0.2786102294921875,0.012706062763568652,92.0,7.0,0.05556092,6.0,1.0,0.0,0.0,0.999836,0.928114,0.0,0.0,0.0,0.999836,0.0,0.999836,0.999836,0.2786102294921875,0.0,0.0,0.0,0.0,0.0,0.0,0.0,0.0,1.0,0.0,0.0,0.1,0.2,0.02,0.005,0.003,0.003,0.0999836,0.1856228,0.0,0.0,0.018000000000000002,0.003,0.0
omj_004,OpenMoji,fish,mask_fill_edgewalk_nearestrow_safeadt_t2m5_r055_a64_rows16_p40,flat_icon_fill,0.05556092,excellent,0.05556092,6,1,0.0,0,0.999836,0.928114,0.0,0.0,0.0,0,coverage,omj_004::coverage,0.35,0.05,0.02,0.005,0.003,0.003,1.0,0.0,0.0,1.0,1.0,1.0,1.0,0.0,0.0,0.0,0.0,0.0,0.0,0.0,16.0,40.0,0.0,0.0,0.0,0.0,0.0,0.0,0.0,0.0,0.0,0.0,1.0,0.0,0.2786102294921875,0.012706062763568652,92.0,7.0,0.05556092,6.0,1.0,0.0,0.0,0.999836,0.928114,0.0,0.0,0.0,0.999836,0.0,0.999836,0.999836,0.2786102294921875,0.0,0.0,0.0,0.0,0.0,0.0,0.0,0.0,0.0,1.0,0.0,0.35,0.05,0.02,0.005,0.003,0.003,0.34994259999999994,0.0464057,0.0,0.0,0.018000000000000002,0.003,0.0
omj_004,OpenMoji,fish,mask_fill_edgewalk_nearestrow_safeadt_t2m5_r055_a64_rows16_p40,flat_icon_fill,0.05556092,excellent,0.05556092,6,1,0.0,0,0.999836,0.928114,0.0,0.0,0.0,0,low_jump,omj_004::low_jump,0.1,0.05,0.02,0.005,0.03,0.02,1.0,0.0,0.0,1.0,1.0,1.0,1.0,0.0,0.0,0.0,0.0,0.0,0.0,0.0,16.0,40.0,0.0,0.0,0.0,0.0,0.0,0.0,0.0,0.0,0.0,0.0,1.0,0.0,0.2786102294921875,0.012706062763568652,92.0,7.0,0.05556092,6.0,1.0,0.0,0.0,0.999836,0.928114,0.0,0.0,0.0,0.999836,0.0,0.999836,0.999836,0.2786102294921875,0.0,0.0,0.0,0.0,0.0,0.0,0.0,0.0,0.0,0.0,1.0,0.1,0.05,0.02,0.005,0.03,0.02,0.0999836,0.0464057,0.0,0.0,0.18,0.02,0.0
omj_005,OpenMoji,sun,mask_fill_edgewalk_nearestrow_inset1_rows16_p40,flat_icon_fill,0.1120648,pass,0.1120648,12,2,0.0,0,0.998994,0.913568,0.0,0.0,0.0,0,low_loss,omj_005::low_loss,0.0,0.0,0.0,0.0,0.0,0.0,1.0,0.0,0.0,1.0,1.0,1.0,0.0,1.0,1.0,0.0,1.0,0.0,0.0,0.0,16.0,40.0,0.0,0.0,0.0,0.0,0.0,0.0,0.0,0.0,0.0,0.0,1.0,0.0,0.4247589111328125,0.017530624708122285,38.0,17.0,0.1120648,12.0,2.0,0.0,0.0,0.998994,0.913568,0.0,0.0,0.0,0.998994,0.0,0.998994,0.998994,0.4247589111328125,0.4247589111328125,0.0,0.0,0.0,0.0,0.0,1.0,0.0,0.0,0.0,0.0,0.0,0.0,0.0,0.0,0.0,0.0,0.0,0.0,0.0,0.0,0.0,0.0,0.1120648
omj_005,OpenMoji,sun,mask_fill_edgewalk_nearestrow_inset1_rows16_p40,flat_icon_fill,0.1120648,pass,0.1120648,12,2,0.0,0,0.998994,0.913568,0.0,0.0,0.0,0,balanced,omj_005::balanced,0.1,0.05,0.02,0.005,0.003,0.003,1.0,0.0,0.0,1.0,1.0,1.0,0.0,1.0,1.0,0.0,1.0,0.0,0.0,0.0,16.0,40.0,0.0,0.0,0.0,0.0,0.0,0.0,0.0,0.0,0.0,0.0,1.0,0.0,0.4247589111328125,0.017530624708122285,38.0,17.0,0.1120648,12.0,2.0,0.0,0.0,0.998994,0.913568,0.0,0.0,0.0,0.998994,0.0,0.998994,0.998994,0.4247589111328125,0.4247589111328125,0.0,0.0,0.0,0.0,0.0,0.0,1.0,0.0,0.0,0.0,0.1,0.05,0.02,0.005,0.003,0.003,0.09989940000000001,0.04567840000000001,0.0,0.0,0.036000000000000004,0.006,0.0
omj_005,OpenMoji,sun,mask_fill_edgewalk_nearestrow_inset1_rows16_p40,flat_icon_fill,0.1120648,pass,0.1120648,12,2,0.0,0,0.998994,0.913568,0.0,0.0,0.0,0,precision,omj_005::precision,0.1,0.2,0.02,0.005,0.003,0.003,1.0,0.0,0.0,1.0,1.0,1.0,0.0,1.0,1.0,0.0,1.0,0.0,0.0,0.0,16.0,40.0,0.0,0.0,0.0,0.0,0.0,0.0,0.0,0.0,0.0,0.0,1.0,0.0,0.4247589111328125,0.017530624708122285,38.0,17.0,0.1120648,12.0,2.0,0.0,0.0,0.998994,0.913568,0.0,0.0,0.0,0.998994,0.0,0.998994,0.998994,0.4247589111328125,0.4247589111328125,0.0,0.0,0.0,0.0,0.0,0.0,0.0,1.0,0.0,0.0,0.1,0.2,0.02,0.005,0.003,0.003,0.09989940000000001,0.18271360000000003,0.0,0.0,0.036000000000000004,0.006,0.0
omj_005,OpenMoji,sun,mask_fill_edgewalk_nearestrow_inset1_rows16_p40,flat_icon_fill,0.1120648,pass,0.1120648,12,2,0.0,0,0.998994,0.913568,0.0,0.0,0.0,0,coverage,omj_005::coverage,0.35,0.05,0.02,0.005,0.003,0.003,1.0,0.0,0.0,1.0,1.0,1.0,0.0,1.0,1.0,0.0,1.0,0.0,0.0,0.0,16.0,40.0,0.0,0.0,0.0,0.0,0.0,0.0,0.0,0.0,0.0,0.0,1.0,0.0,0.4247589111328125,0.017530624708122285,38.0,17.0,0.1120648,12.0,2.0,0.0,0.0,0.998994,0.913568,0.0,0.0,0.0,0.998994,0.0,0.998994,0.998994,0.4247589111328125,0.4247589111328125,0.0,0.0,0.0,0.0,0.0,0.0,0.0,0.0,1.0,0.0,0.35,0.05,0.02,0.005,0.003,0.003,0.3496479,0.04567840000000001,0.0,0.0,0.036000000000000004,0.006,0.0
omj_005,OpenMoji,sun,mask_fill_edgewalk_nearestrow_inset1_rows16_p40,flat_icon_fill,0.1120648,pass,0.1120648,12,2,0.0,0,0.998994,0.913568,0.0,0.0,0.0,0,low_jump,omj_005::low_jump,0.1,0.05,0.02,0.005,0.03,0.02,1.0,0.0,0.0,1.0,1.0,1.0,0.0,1.0,1.0,0.0,1.0,0.0,0.0,0.0,16.0,40.0,0.0,0.0,0.0,0.0,0.0,0.0,0.0,0.0,0.0,0.0,1.0,0.0,0.4247589111328125,0.017530624708122285,38.0,17.0,0.1120648,12.0,2.0,0.0,0.0,0.998994,0.913568,0.0,0.0,0.0,0.998994,0.0,0.998994,0.998994,0.4247589111328125,0.4247589111328125,0.0,0.0,0.0,0.0,0.0,0.0,0.0,0.0,0.0,1.0,0.1,0.05,0.02,0.005,0.03,0.02,0.09989940000000001,0.04567840000000001,0.0,0.0,0.36,0.04,0.0
omj_005,OpenMoji,sun,mask_fill_edgewalk_nearestrow_inset2_rows16_p40,flat_icon_fill,0.08906568,excellent,0.08906568,10,1,0.0,0,0.997342,0.947187,0.0,0.0,0.0,0,low_loss,omj_005::low_loss,0.0,0.0,0.0,0.0,0.0,0.0,1.0,0.0,0.0,1.0,1.0,1.0,0.0,1.0,0.0,1.0,2.0,0.0,0.0,0.0,16.0,40.0,0.0,0.0,0.0,0.0,0.0,0.0,0.0,0.0,0.0,0.0,1.0,0.0,0.4247589111328125,0.017530624708122285,38.0,17.0,0.08906568,10.0,1.0,0.0,0.0,0.997342,0.947187,0.0,0.0,0.0,0.997342,0.0,0.997342,0.997342,0.4247589111328125,0.4247589111328125,0.4247589111328125,0.0,0.0,0.0,0.0,1.0,0.0,0.0,0.0,0.0,0.0,0.0,0.0,0.0,0.0,0.0,0.0,0.0,0.0,0.0,0.0,0.0,0.08906568
omj_005,OpenMoji,sun,mask_fill_edgewalk_nearestrow_inset2_rows16_p40,flat_icon_fill,0.08906568,excellent,0.08906568,10,1,0.0,0,0.997342,0.947187,0.0,0.0,0.0,0,balanced,omj_005::balanced,0.1,0.05,0.02,0.005,0.003,0.003,1.0,0.0,0.0,1.0,1.0,1.0,0.0,1.0,0.0,1.0,2.0,0.0,0.0,0.0,16.0,40.0,0.0,0.0,0.0,0.0,0.0,0.0,0.0,0.0,0.0,0.0,1.0,0.0,0.4247589111328125,0.017530624708122285,38.0,17.0,0.08906568,10.0,1.0,0.0,0.0,0.997342,0.947187,0.0,0.0,0.0,0.997342,0.0,0.997342,0.997342,0.4247589111328125,0.4247589111328125,0.4247589111328125,0.0,0.0,0.0,0.0,0.0,1.0,0.0,0.0,0.0,0.1,0.05,0.02,0.005,0.003,0.003,0.0997342,0.04735935,0.0,0.0,0.03,0.003,0.0
omj_005,OpenMoji,sun,mask_fill_edgewalk_nearestrow_inset2_rows16_p40,flat_icon_fill,0.08906568,excellent,0.08906568,10,1,0.0,0,0.997342,0.947187,0.0,0.0,0.0,0,precision,omj_005::precision,0.1,0.2,0.02,0.005,0.003,0.003,1.0,0.0,0.0,1.0,1.0,1.0,0.0,1.0,0.0,1.0,2.0,0.0,0.0,0.0,16.0,40.0,0.0,0.0,0.0,0.0,0.0,0.0,0.0,0.0,0.0,0.0,1.0,0.0,0.4247589111328125,0.017530624708122285,38.0,17.0,0.08906568,10.0,1.0,0.0,0.0,0.997342,0.947187,0.0,0.0,0.0,0.997342,0.0,0.997342,0.997342,0.4247589111328125,0.4247589111328125,0.4247589111328125,0.0,0.0,0.0,0.0,0.0,0.0,1.0,0.0,0.0,0.1,0.2,0.02,0.005,0.003,0.003,0.0997342,0.1894374,0.0,0.0,0.03,0.003,0.0
omj_005,OpenMoji,sun,mask_fill_edgewalk_nearestrow_inset2_rows16_p40,flat_icon_fill,0.08906568,excellent,0.08906568,10,1,0.0,0,0.997342,0.947187,0.0,0.0,0.0,0,coverage,omj_005::coverage,0.35,0.05,0.02,0.005,0.003,0.003,1.0,0.0,0.0,1.0,1.0,1.0,0.0,1.0,0.0,1.0,2.0,0.0,0.0,0.0,16.0,40.0,0.0,0.0,0.0,0.0,0.0,0.0,0.0,0.0,0.0,0.0,1.0,0.0,0.4247589111328125,0.017530624708122285,38.0,17.0,0.08906568,10.0,1.0,0.0,0.0,0.997342,0.947187,0.0,0.0,0.0,0.997342,0.0,0.997342,0.997342,0.4247589111328125,0.4247589111328125,0.4247589111328125,0.0,0.0,0.0,0.0,0.0,0.0,0.0,1.0,0.0,0.35,0.05,0.02,0.005,0.003,0.003,0.3490697,0.04735935,0.0,0.0,0.03,0.003,0.0
omj_005,OpenMoji,sun,mask_fill_edgewalk_nearestrow_inset2_rows16_p40,flat_icon_fill,0.08906568,excellent,0.08906568,10,1,0.0,0,0.997342,0.947187,0.0,0.0,0.0,0,low_jump,omj_005::low_jump,0.1,0.05,0.02,0.005,0.03,0.02,1.0,0.0,0.0,1.0,1.0,1.0,0.0,1.0,0.0,1.0,2.0,0.0,0.0,0.0,16.0,40.0,0.0,0.0,0.0,0.0,0.0,0.0,0.0,0.0,0.0,0.0,1.0,0.0,0.4247589111328125,0.017530624708122285,38.0,17.0,0.08906568,10.0,1.0,0.0,0.0,0.997342,0.947187,0.0,0.0,0.0,0.997342,0.0,0.997342,0.997342,0.4247589111328125,0.4247589111328125,0.4247589111328125,0.0,0.0,0.0,0.0,0.0,0.0,0.0,0.0,1.0,0.1,0.05,0.02,0.005,0.03,0.02,0.0997342,0.04735935,0.0,0.0,0.3,0.02,0.0
omj_005,OpenMoji,sun,mask_fill_edgewalk_nearestrow_rows16_p40,flat_icon_fill,0.12028483,pass,0.12028483,13,2,0.0,0,1.0,0.888595,0.0,0.0,0.0,0,low_loss,omj_005::low_loss,0.0,0.0,0.0,0.0,0.0,0.0,1.0,0.0,0.0,1.0,1.0,1.0,1.0,0.0,0.0,0.0,0.0,0.0,0.0,0.0,16.0,40.0,0.0,0.0,0.0,0.0,0.0,0.0,0.0,0.0,0.0,0.0,1.0,0.0,0.4247589111328125,0.017530624708122285,38.0,17.0,0.12028483,13.0,2.0,0.0,0.0,1.0,0.888595,0.0,0.0,0.0,1.0,0.0,1.0,1.0,0.4247589111328125,0.0,0.0,0.0,0.0,0.0,0.0,1.0,0.0,0.0,0.0,0.0,0.0,0.0,0.0,0.0,0.0,0.0,0.0,0.0,0.0,0.0,0.0,0.0,0.12028483
omj_005,OpenMoji,sun,mask_fill_edgewalk_nearestrow_rows16_p40,flat_icon_fill,0.12028483,pass,0.12028483,13,2,0.0,0,1.0,0.888595,0.0,0.0,0.0,0,balanced,omj_005::balanced,0.1,0.05,0.02,0.005,0.003,0.003,1.0,0.0,0.0,1.0,1.0,1.0,1.0,0.0,0.0,0.0,0.0,0.0,0.0,0.0,16.0,40.0,0.0,0.0,0.0,0.0,0.0,0.0,0.0,0.0,0.0,0.0,1.0,0.0,0.4247589111328125,0.017530624708122285,38.0,17.0,0.12028483,13.0,2.0,0.0,0.0,1.0,0.888595,0.0,0.0,0.0,1.0,0.0,1.0,1.0,0.4247589111328125,0.0,0.0,0.0,0.0,0.0,0.0,0.0,1.0,0.0,0.0,0.0,0.1,0.05,0.02,0.005,0.003,0.003,0.1,0.044429750000000004,0.0,0.0,0.039,0.006,0.0
omj_005,OpenMoji,sun,mask_fill_edgewalk_nearestrow_rows16_p40,flat_icon_fill,0.12028483,pass,0.12028483,13,2,0.0,0,1.0,0.888595,0.0,0.0,0.0,0,precision,omj_005::precision,0.1,0.2,0.02,0.005,0.003,0.003,1.0,0.0,0.0,1.0,1.0,1.0,1.0,0.0,0.0,0.0,0.0,0.0,0.0,0.0,16.0,40.0,0.0,0.0,0.0,0.0,0.0,0.0,0.0,0.0,0.0,0.0,1.0,0.0,0.4247589111328125,0.017530624708122285,38.0,17.0,0.12028483,13.0,2.0,0.0,0.0,1.0,0.888595,0.0,0.0,0.0,1.0,0.0,1.0,1.0,0.4247589111328125,0.0,0.0,0.0,0.0,0.0,0.0,0.0,0.0,1.0,0.0,0.0,0.1,0.2,0.02,0.005,0.003,0.003,0.1,0.17771900000000002,0.0,0.0,0.039,0.006,0.0
omj_005,OpenMoji,sun,mask_fill_edgewalk_nearestrow_rows16_p40,flat_icon_fill,0.12028483,pass,0.12028483,13,2,0.0,0,1.0,0.888595,0.0,0.0,0.0,0,coverage,omj_005::coverage,0.35,0.05,0.02,0.005,0.003,0.003,1.0,0.0,0.0,1.0,1.0,1.0,1.0,0.0,0.0,0.0,0.0,0.0,0.0,0.0,16.0,40.0,0.0,0.0,0.0,0.0,0.0,0.0,0.0,0.0,0.0,0.0,1.0,0.0,0.4247589111328125,0.017530624708122285,38.0,17.0,0.12028483,13.0,2.0,0.0,0.0,1.0,0.888595,0.0,0.0,0.0,1.0,0.0,1.0,1.0,0.4247589111328125,0.0,0.0,0.0,0.0,0.0,0.0,0.0,0.0,0.0,1.0,0.0,0.35,0.05,0.02,0.005,0.003,0.003,0.35,0.044429750000000004,0.0,0.0,0.039,0.006,0.0
omj_005,OpenMoji,sun,mask_fill_edgewalk_nearestrow_rows16_p40,flat_icon_fill,0.12028483,pass,0.12028483,13,2,0.0,0,1.0,0.888595,0.0,0.0,0.0,0,low_jump,omj_005::low_jump,0.1,0.05,0.02,0.005,0.03,0.02,1.0,0.0,0.0,1.0,1.0,1.0,1.0,0.0,0.0,0.0,0.0,0.0,0.0,0.0,16.0,40.0,0.0,0.0,0.0,0.0,0.0,0.0,0.0,0.0,0.0,0.0,1.0,0.0,0.4247589111328125,0.017530624708122285,38.0,17.0,0.12028483,13.0,2.0,0.0,0.0,1.0,0.888595,0.0,0.0,0.0,1.0,0.0,1.0,1.0,0.4247589111328125,0.0,0.0,0.0,0.0,0.0,0.0,0.0,0.0,0.0,0.0,1.0,0.1,0.05,0.02,0.005,0.03,0.02,0.1,0.044429750000000004,0.0,0.0,0.39,0.04,0.0
omj_005,OpenMoji,sun,mask_fill_edgewalk_rows16_p40,flat_icon_fill,0.11168015,pass,0.11168015,12,2,0.0,0,1.0,0.883462,0.0,0.0,0.0,0,low_loss,omj_005::low_loss,0.0,0.0,0.0,0.0,0.0,0.0,1.0,0.0,0.0,1.0,1.0,0.0,0.0,0.0,0.0,0.0,0.0,0.0,0.0,0.0,16.0,40.0,0.0,0.0,0.0,0.0,0.0,0.0,0.0,0.0,0.0,0.0,1.0,0.0,0.4247589111328125,0.017530624708122285,38.0,17.0,0.11168015,12.0,2.0,0.0,0.0,1.0,0.883462,0.0,0.0,0.0,1.0,0.0,1.0,0.0,0.0,0.0,0.0,0.0,0.0,0.0,0.0,1.0,0.0,0.0,0.0,0.0,0.0,0.0,0.0,0.0,0.0,0.0,0.0,0.0,0.0,0.0,0.0,0.0,0.11168015
omj_005,OpenMoji,sun,mask_fill_edgewalk_rows16_p40,flat_icon_fill,0.11168015,pass,0.11168015,12,2,0.0,0,1.0,0.883462,0.0,0.0,0.0,0,balanced,omj_005::balanced,0.1,0.05,0.02,0.005,0.003,0.003,1.0,0.0,0.0,1.0,1.0,0.0,0.0,0.0,0.0,0.0,0.0,0.0,0.0,0.0,16.0,40.0,0.0,0.0,0.0,0.0,0.0,0.0,0.0,0.0,0.0,0.0,1.0,0.0,0.4247589111328125,0.017530624708122285,38.0,17.0,0.11168015,12.0,2.0,0.0,0.0,1.0,0.883462,0.0,0.0,0.0,1.0,0.0,1.0,0.0,0.0,0.0,0.0,0.0,0.0,0.0,0.0,0.0,1.0,0.0,0.0,0.0,0.1,0.05,0.02,0.005,0.003,0.003,0.1,0.0441731,0.0,0.0,0.036000000000000004,0.006,0.0
omj_005,OpenMoji,sun,mask_fill_edgewalk_rows16_p40,flat_icon_fill,0.11168015,pass,0.11168015,12,2,0.0,0,1.0,0.883462,0.0,0.0,0.0,0,precision,omj_005::precision,0.1,0.2,0.02,0.005,0.003,0.003,1.0,0.0,0.0,1.0,1.0,0.0,0.0,0.0,0.0,0.0,0.0,0.0,0.0,0.0,16.0,40.0,0.0,0.0,0.0,0.0,0.0,0.0,0.0,0.0,0.0,0.0,1.0,0.0,0.4247589111328125,0.017530624708122285,38.0,17.0,0.11168015,12.0,2.0,0.0,0.0,1.0,0.883462,0.0,0.0,0.0,1.0,0.0,1.0,0.0,0.0,0.0,0.0,0.0,0.0,0.0,0.0,0.0,0.0,1.0,0.0,0.0,0.1,0.2,0.02,0.005,0.003,0.003,0.1,0.1766924,0.0,0.0,0.036000000000000004,0.006,0.0
omj_005,OpenMoji,sun,mask_fill_edgewalk_rows16_p40,flat_icon_fill,0.11168015,pass,0.11168015,12,2,0.0,0,1.0,0.883462,0.0,0.0,0.0,0,coverage,omj_005::coverage,0.35,0.05,0.02,0.005,0.003,0.003,1.0,0.0,0.0,1.0,1.0,0.0,0.0,0.0,0.0,0.0,0.0,0.0,0.0,0.0,16.0,40.0,0.0,0.0,0.0,0.0,0.0,0.0,0.0,0.0,0.0,0.0,1.0,0.0,0.4247589111328125,0.017530624708122285,38.0,17.0,0.11168015,12.0,2.0,0.0,0.0,1.0,0.883462,0.0,0.0,0.0,1.0,0.0,1.0,0.0,0.0,0.0,0.0,0.0,0.0,0.0,0.0,0.0,0.0,0.0,1.0,0.0,0.35,0.05,0.02,0.005,0.003,0.003,0.35,0.0441731,0.0,0.0,0.036000000000000004,0.006,0.0
omj_005,OpenMoji,sun,mask_fill_edgewalk_rows16_p40,flat_icon_fill,0.11168015,pass,0.11168015,12,2,0.0,0,1.0,0.883462,0.0,0.0,0.0,0,low_jump,omj_005::low_jump,0.1,0.05,0.02,0.005,0.03,0.02,1.0,0.0,0.0,1.0,1.0,0.0,0.0,0.0,0.0,0.0,0.0,0.0,0.0,0.0,16.0,40.0,0.0,0.0,0.0,0.0,0.0,0.0,0.0,0.0,0.0,0.0,1.0,0.0,0.4247589111328125,0.017530624708122285,38.0,17.0,0.11168015,12.0,2.0,0.0,0.0,1.0,0.883462,0.0,0.0,0.0,1.0,0.0,1.0,0.0,0.0,0.0,0.0,0.0,0.0,0.0,0.0,0.0,0.0,0.0,0.0,1.0,0.1,0.05,0.02,0.005,0.03,0.02,0.1,0.0441731,0.0,0.0,0.36,0.04,0.0
omj_005,OpenMoji,sun,auto_evalrepair_r10_c20,flat_icon_fill,0.36576003,hard_fail,0.32576003,29,20,0.0,0,1.0,0.902626,0.0,0.0,0.04,0,low_loss,omj_005::low_loss,0.0,0.0,0.0,0.0,0.0,0.0,1.0,0.0,1.0,0.0,0.0,0.0,0.0,0.0,0.0,0.0,0.0,0.0,0.0,0.0,0.0,0.0,0.0,0.0,0.0,0.0,0.0,0.0,0.0,0.0,0.0,0.0,1.0,0.0,0.4247589111328125,0.017530624708122285,38.0,17.0,0.32576003,29.0,20.0,0.0,0.0,1.0,0.902626,0.0,0.0,1.0,0.0,0.0,0.0,0.0,0.0,0.0,0.0,0.0,0.0,0.0,0.0,1.0,0.0,0.0,0.0,0.0,0.0,0.0,0.0,0.0,0.0,0.0,0.0,0.0,0.0,0.0,0.0,0.0,0.32576003
omj_005,OpenMoji,sun,auto_evalrepair_r10_c20,flat_icon_fill,0.36576003,hard_fail,0.32576003,29,20,0.0,0,1.0,0.902626,0.0,0.0,0.04,0,balanced,omj_005::balanced,0.1,0.05,0.02,0.005,0.003,0.003,1.0,0.0,1.0,0.0,0.0,0.0,0.0,0.0,0.0,0.0,0.0,0.0,0.0,0.0,0.0,0.0,0.0,0.0,0.0,0.0,0.0,0.0,0.0,0.0,0.0,0.0,1.0,0.0,0.4247589111328125,0.017530624708122285,38.0,17.0,0.32576003,29.0,20.0,0.0,0.0,1.0,0.902626,0.0,0.0,1.0,0.0,0.0,0.0,0.0,0.0,0.0,0.0,0.0,0.0,0.0,0.0,0.0,1.0,0.0,0.0,0.0,0.1,0.05,0.02,0.005,0.003,0.003,0.1,0.045131300000000006,0.0,0.0,0.08700000000000001,0.06,0.0
omj_005,OpenMoji,sun,auto_evalrepair_r10_c20,flat_icon_fill,0.36576003,hard_fail,0.32576003,29,20,0.0,0,1.0,0.902626,0.0,0.0,0.04,0,precision,omj_005::precision,0.1,0.2,0.02,0.005,0.003,0.003,1.0,0.0,1.0,0.0,0.0,0.0,0.0,0.0,0.0,0.0,0.0,0.0,0.0,0.0,0.0,0.0,0.0,0.0,0.0,0.0,0.0,0.0,0.0,0.0,0.0,0.0,1.0,0.0,0.4247589111328125,0.017530624708122285,38.0,17.0,0.32576003,29.0,20.0,0.0,0.0,1.0,0.902626,0.0,0.0,1.0,0.0,0.0,0.0,0.0,0.0,0.0,0.0,0.0,0.0,0.0,0.0,0.0,0.0,1.0,0.0,0.0,0.1,0.2,0.02,0.005,0.003,0.003,0.1,0.18052520000000002,0.0,0.0,0.08700000000000001,0.06,0.0
omj_005,OpenMoji,sun,auto_evalrepair_r10_c20,flat_icon_fill,0.36576003,hard_fail,0.32576003,29,20,0.0,0,1.0,0.902626,0.0,0.0,0.04,0,coverage,omj_005::coverage,0.35,0.05,0.02,0.005,0.003,0.003,1.0,0.0,1.0,0.0,0.0,0.0,0.0,0.0,0.0,0.0,0.0,0.0,0.0,0.0,0.0,0.0,0.0,0.0,0.0,0.0,0.0,0.0,0.0,0.0,0.0,0.0,1.0,0.0,0.4247589111328125,0.017530624708122285,38.0,17.0,0.32576003,29.0,20.0,0.0,0.0,1.0,0.902626,0.0,0.0,1.0,0.0,0.0,0.0,0.0,0.0,0.0,0.0,0.0,0.0,0.0,0.0,0.0,0.0,0.0,1.0,0.0,0.35,0.05,0.02,0.005,0.003,0.003,0.35,0.045131300000000006,0.0,0.0,0.08700000000000001,0.06,0.0
omj_005,OpenMoji,sun,auto_evalrepair_r10_c20,flat_icon_fill,0.36576003,hard_fail,0.32576003,29,20,0.0,0,1.0,0.902626,0.0,0.0,0.04,0,low_jump,omj_005::low_jump,0.1,0.05,0.02,0.005,0.03,0.02,1.0,0.0,1.0,0.0,0.0,0.0,0.0,0.0,0.0,0.0,0.0,0.0,0.0,0.0,0.0,0.0,0.0,0.0,0.0,0.0,0.0,0.0,0.0,0.0,0.0,0.0,1.0,0.0,0.4247589111328125,0.017530624708122285,38.0,17.0,0.32576003,29.0,20.0,0.0,0.0,1.0,0.902626,0.0,0.0,1.0,0.0,0.0,0.0,0.0,0.0,0.0,0.0,0.0,0.0,0.0,0.0,0.0,0.0,0.0,0.0,1.0,0.1,0.05,0.02,0.005,0.03,0.02,0.1,0.045131300000000006,0.0,0.0,0.87,0.4,0.0
omj_005,OpenMoji,sun,skeleton_c30_m20,flat_icon_fill,0.22524476,excellent,0.01637516,2,0,0.0,0,0.227826,0.994356,0.522174,0.0,0.0,0,low_loss,omj_005::low_loss,0.0,0.0,0.0,0.0,0.0,0.0,1.0,1.0,0.0,0.0,0.0,0.0,0.0,0.0,0.0,0.0,0.0,0.0,0.0,0.0,0.0,0.0,0.0,0.0,0.0,0.0,0.0,0.0,0.0,0.0,0.0,0.0,1.0,0.0,0.4247589111328125,0.017530624708122285,38.0,17.0,0.01637516,2.0,0.0,0.0,0.0,0.227826,0.994356,0.0,0.227826,0.0,0.0,0.0,0.0,0.0,0.0,0.0,0.0,0.0,0.0,0.0,0.0,1.0,0.0,0.0,0.0,0.0,0.0,0.0,0.0,0.0,0.0,0.0,0.0,0.0,0.0,0.0,0.0,0.0,0.01637516
omj_005,OpenMoji,sun,skeleton_c30_m20,flat_icon_fill,0.22524476,excellent,0.01637516,2,0,0.0,0,0.227826,0.994356,0.522174,0.0,0.0,0,balanced,omj_005::balanced,0.1,0.05,0.02,0.005,0.003,0.003,1.0,1.0,0.0,0.0,0.0,0.0,0.0,0.0,0.0,0.0,0.0,0.0,0.0,0.0,0.0,0.0,0.0,0.0,0.0,0.0,0.0,0.0,0.0,0.0,0.0,0.0,1.0,0.0,0.4247589111328125,0.017530624708122285,38.0,17.0,0.01637516,2.0,0.0,0.0,0.0,0.227826,0.994356,0.0,0.227826,0.0,0.0,0.0,0.0,0.0,0.0,0.0,0.0,0.0,0.0,0.0,0.0,0.0,1.0,0.0,0.0,0.0,0.1,0.05,0.02,0.005,0.003,0.003,0.0227826,0.049717800000000006,0.0,0.0,0.006,0.0,0.0
omj_005,OpenMoji,sun,skeleton_c30_m20,flat_icon_fill,0.22524476,excellent,0.01637516,2,0,0.0,0,0.227826,0.994356,0.522174,0.0,0.0,0,precision,omj_005::precision,0.1,0.2,0.02,0.005,0.003,0.003,1.0,1.0,0.0,0.0,0.0,0.0,0.0,0.0,0.0,0.0,0.0,0.0,0.0,0.0,0.0,0.0,0.0,0.0,0.0,0.0,0.0,0.0,0.0,0.0,0.0,0.0,1.0,0.0,0.4247589111328125,0.017530624708122285,38.0,17.0,0.01637516,2.0,0.0,0.0,0.0,0.227826,0.994356,0.0,0.227826,0.0,0.0,0.0,0.0,0.0,0.0,0.0,0.0,0.0,0.0,0.0,0.0,0.0,0.0,1.0,0.0,0.0,0.1,0.2,0.02,0.005,0.003,0.003,0.0227826,0.19887120000000003,0.0,0.0,0.006,0.0,0.0
omj_005,OpenMoji,sun,skeleton_c30_m20,flat_icon_fill,0.22524476,excellent,0.01637516,2,0,0.0,0,0.227826,0.994356,0.522174,0.0,0.0,0,coverage,omj_005::coverage,0.35,0.05,0.02,0.005,0.003,0.003,1.0,1.0,0.0,0.0,0.0,0.0,0.0,0.0,0.0,0.0,0.0,0.0,0.0,0.0,0.0,0.0,0.0,0.0,0.0,0.0,0.0,0.0,0.0,0.0,0.0,0.0,1.0,0.0,0.4247589111328125,0.017530624708122285,38.0,17.0,0.01637516,2.0,0.0,0.0,0.0,0.227826,0.994356,0.0,0.227826,0.0,0.0,0.0,0.0,0.0,0.0,0.0,0.0,0.0,0.0,0.0,0.0,0.0,0.0,0.0,1.0,0.0,0.35,0.05,0.02,0.005,0.003,0.003,0.0797391,0.049717800000000006,0.0,0.0,0.006,0.0,0.0
omj_005,OpenMoji,sun,skeleton_c30_m20,flat_icon_fill,0.22524476,excellent,0.01637516,2,0,0.0,0,0.227826,0.994356,0.522174,0.0,0.0,0,low_jump,omj_005::low_jump,0.1,0.05,0.02,0.005,0.03,0.02,1.0,1.0,0.0,0.0,0.0,0.0,0.0,0.0,0.0,0.0,0.0,0.0,0.0,0.0,0.0,0.0,0.0,0.0,0.0,0.0,0.0,0.0,0.0,0.0,0.0,0.0,1.0,0.0,0.4247589111328125,0.017530624708122285,38.0,17.0,0.01637516,2.0,0.0,0.0,0.0,0.227826,0.994356,0.0,0.227826,0.0,0.0,0.0,0.0,0.0,0.0,0.0,0.0,0.0,0.0,0.0,0.0,0.0,0.0,0.0,0.0,1.0,0.1,0.05,0.02,0.005,0.03,0.02,0.0227826,0.049717800000000006,0.0,0.0,0.06,0.0,0.0
omj_005,OpenMoji,sun,skeleton_c30_m4,flat_icon_fill,0.22558516,excellent,0.04735116,5,1,0.0,0,0.304415,0.994251,0.445585,0.0,0.0,0,low_loss,omj_005::low_loss,0.0,0.0,0.0,0.0,0.0,0.0,1.0,1.0,0.0,0.0,0.0,0.0,0.0,0.0,0.0,0.0,0.0,0.0,0.0,0.0,0.0,0.0,0.0,0.0,0.0,0.0,0.0,0.0,0.0,0.0,0.0,0.0,1.0,0.0,0.4247589111328125,0.017530624708122285,38.0,17.0,0.04735116,5.0,1.0,0.0,0.0,0.304415,0.994251,0.0,0.304415,0.0,0.0,0.0,0.0,0.0,0.0,0.0,0.0,0.0,0.0,0.0,0.0,1.0,0.0,0.0,0.0,0.0,0.0,0.0,0.0,0.0,0.0,0.0,0.0,0.0,0.0,0.0,0.0,0.0,0.04735116
omj_005,OpenMoji,sun,skeleton_c30_m4,flat_icon_fill,0.22558516,excellent,0.04735116,5,1,0.0,0,0.304415,0.994251,0.445585,0.0,0.0,0,balanced,omj_005::balanced,0.1,0.05,0.02,0.005,0.003,0.003,1.0,1.0,0.0,0.0,0.0,0.0,0.0,0.0,0.0,0.0,0.0,0.0,0.0,0.0,0.0,0.0,0.0,0.0,0.0,0.0,0.0,0.0,0.0,0.0,0.0,0.0,1.0,0.0,0.4247589111328125,0.017530624708122285,38.0,17.0,0.04735116,5.0,1.0,0.0,0.0,0.304415,0.994251,0.0,0.304415,0.0,0.0,0.0,0.0,0.0,0.0,0.0,0.0,0.0,0.0,0.0,0.0,0.0,1.0,0.0,0.0,0.0,0.1,0.05,0.02,0.005,0.003,0.003,0.0304415,0.04971255,0.0,0.0,0.015,0.003,0.0
omj_005,OpenMoji,sun,skeleton_c30_m4,flat_icon_fill,0.22558516,excellent,0.04735116,5,1,0.0,0,0.304415,0.994251,0.445585,0.0,0.0,0,precision,omj_005::precision,0.1,0.2,0.02,0.005,0.003,0.003,1.0,1.0,0.0,0.0,0.0,0.0,0.0,0.0,0.0,0.0,0.0,0.0,0.0,0.0,0.0,0.0,0.0,0.0,0.0,0.0,0.0,0.0,0.0,0.0,0.0,0.0,1.0,0.0,0.4247589111328125,0.017530624708122285,38.0,17.0,0.04735116,5.0,1.0,0.0,0.0,0.304415,0.994251,0.0,0.304415,0.0,0.0,0.0,0.0,0.0,0.0,0.0,0.0,0.0,0.0,0.0,0.0,0.0,0.0,1.0,0.0,0.0,0.1,0.2,0.02,0.005,0.003,0.003,0.0304415,0.1988502,0.0,0.0,0.015,0.003,0.0
omj_005,OpenMoji,sun,skeleton_c30_m4,flat_icon_fill,0.22558516,excellent,0.04735116,5,1,0.0,0,0.304415,0.994251,0.445585,0.0,0.0,0,coverage,omj_005::coverage,0.35,0.05,0.02,0.005,0.003,0.003,1.0,1.0,0.0,0.0,0.0,0.0,0.0,0.0,0.0,0.0,0.0,0.0,0.0,0.0,0.0,0.0,0.0,0.0,0.0,0.0,0.0,0.0,0.0,0.0,0.0,0.0,1.0,0.0,0.4247589111328125,0.017530624708122285,38.0,17.0,0.04735116,5.0,1.0,0.0,0.0,0.304415,0.994251,0.0,0.304415,0.0,0.0,0.0,0.0,0.0,0.0,0.0,0.0,0.0,0.0,0.0,0.0,0.0,0.0,0.0,1.0,0.0,0.35,0.05,0.02,0.005,0.003,0.003,0.10654525,0.04971255,0.0,0.0,0.015,0.003,0.0
omj_005,OpenMoji,sun,skeleton_c30_m4,flat_icon_fill,0.22558516,excellent,0.04735116,5,1,0.0,0,0.304415,0.994251,0.445585,0.0,0.0,0,low_jump,omj_005::low_jump,0.1,0.05,0.02,0.005,0.03,0.02,1.0,1.0,0.0,0.0,0.0,0.0,0.0,0.0,0.0,0.0,0.0,0.0,0.0,0.0,0.0,0.0,0.0,0.0,0.0,0.0,0.0,0.0,0.0,0.0,0.0,0.0,1.0,0.0,0.4247589111328125,0.017530624708122285,38.0,17.0,0.04735116,5.0,1.0,0.0,0.0,0.304415,0.994251,0.0,0.304415,0.0,0.0,0.0,0.0,0.0,0.0,0.0,0.0,0.0,0.0,0.0,0.0,0.0,0.0,0.0,0.0,1.0,0.1,0.05,0.02,0.005,0.03,0.02,0.0304415,0.04971255,0.0,0.0,0.15,0.02,0.0
omj_005,OpenMoji,sun,mask_fill_edgewalk_nearestrow_safeadt_t2m5_r055_a64_rows16_p40,flat_icon_fill,0.08080196,excellent,0.08080196,9,1,0.0,0,0.998635,0.916461,0.0,0.0,0.0,1,low_loss,omj_005::low_loss,0.0,0.0,0.0,0.0,0.0,0.0,1.0,0.0,0.0,1.0,1.0,1.0,1.0,0.0,0.0,0.0,0.0,0.0,0.0,0.0,16.0,40.0,0.0,0.0,0.0,0.0,0.0,0.0,0.0,0.0,0.0,0.0,1.0,0.0,0.4247589111328125,0.017530624708122285,38.0,17.0,0.08080196,9.0,1.0,0.0,0.0,0.998635,0.916461,0.0,0.0,0.0,0.998635,0.0,0.998635,0.998635,0.4247589111328125,0.0,0.0,0.0,0.0,0.0,0.0,1.0,0.0,0.0,0.0,0.0,0.0,0.0,0.0,0.0,0.0,0.0,0.0,0.0,0.0,0.0,0.0,0.0,0.08080196
omj_005,OpenMoji,sun,mask_fill_edgewalk_nearestrow_safeadt_t2m5_r055_a64_rows16_p40,flat_icon_fill,0.08080196,excellent,0.08080196,9,1,0.0,0,0.998635,0.916461,0.0,0.0,0.0,1,balanced,omj_005::balanced,0.1,0.05,0.02,0.005,0.003,0.003,1.0,0.0,0.0,1.0,1.0,1.0,1.0,0.0,0.0,0.0,0.0,0.0,0.0,0.0,16.0,40.0,0.0,0.0,0.0,0.0,0.0,0.0,0.0,0.0,0.0,0.0,1.0,0.0,0.4247589111328125,0.017530624708122285,38.0,17.0,0.08080196,9.0,1.0,0.0,0.0,0.998635,0.916461,0.0,0.0,0.0,0.998635,0.0,0.998635,0.998635,0.4247589111328125,0.0,0.0,0.0,0.0,0.0,0.0,0.0,1.0,0.0,0.0,0.0,0.1,0.05,0.02,0.005,0.003,0.003,0.09986350000000001,0.045823050000000004,0.0,0.0,0.027,0.003,0.0
omj_005,OpenMoji,sun,mask_fill_edgewalk_nearestrow_safeadt_t2m5_r055_a64_rows16_p40,flat_icon_fill,0.08080196,excellent,0.08080196,9,1,0.0,0,0.998635,0.916461,0.0,0.0,0.0,1,precision,omj_005::precision,0.1,0.2,0.02,0.005,0.003,0.003,1.0,0.0,0.0,1.0,1.0,1.0,1.0,0.0,0.0,0.0,0.0,0.0,0.0,0.0,16.0,40.0,0.0,0.0,0.0,0.0,0.0,0.0,0.0,0.0,0.0,0.0,1.0,0.0,0.4247589111328125,0.017530624708122285,38.0,17.0,0.08080196,9.0,1.0,0.0,0.0,0.998635,0.916461,0.0,0.0,0.0,0.998635,0.0,0.998635,0.998635,0.4247589111328125,0.0,0.0,0.0,0.0,0.0,0.0,0.0,0.0,1.0,0.0,0.0,0.1,0.2,0.02,0.005,0.003,0.003,0.09986350000000001,0.18329220000000002,0.0,0.0,0.027,0.003,0.0
omj_005,OpenMoji,sun,mask_fill_edgewalk_nearestrow_safeadt_t2m5_r055_a64_rows16_p40,flat_icon_fill,0.08080196,excellent,0.08080196,9,1,0.0,0,0.998635,0.916461,0.0,0.0,0.0,1,coverage,omj_005::coverage,0.35,0.05,0.02,0.005,0.003,0.003,1.0,0.0,0.0,1.0,1.0,1.0,1.0,0.0,0.0,0.0,0.0,0.0,0.0,0.0,16.0,40.0,0.0,0.0,0.0,0.0,0.0,0.0,0.0,0.0,0.0,0.0,1.0,0.0,0.4247589111328125,0.017530624708122285,38.0,17.0,0.08080196,9.0,1.0,0.0,0.0,0.998635,0.916461,0.0,0.0,0.0,0.998635,0.0,0.998635,0.998635,0.4247589111328125,0.0,0.0,0.0,0.0,0.0,0.0,0.0,0.0,0.0,1.0,0.0,0.35,0.05,0.02,0.005,0.003,0.003,0.34952225,0.045823050000000004,0.0,0.0,0.027,0.003,0.0
omj_005,OpenMoji,sun,mask_fill_edgewalk_nearestrow_safeadt_t2m5_r055_a64_rows16_p40,flat_icon_fill,0.08080196,excellent,0.08080196,9,1,0.0,0,0.998635,0.916461,0.0,0.0,0.0,1,low_jump,omj_005::low_jump,0.1,0.05,0.02,0.005,0.03,0.02,1.0,0.0,0.0,1.0,1.0,1.0,1.0,0.0,0.0,0.0,0.0,0.0,0.0,0.0,16.0,40.0,0.0,0.0,0.0,0.0,0.0,0.0,0.0,0.0,0.0,0.0,1.0,0.0,0.4247589111328125,0.017530624708122285,38.0,17.0,0.08080196,9.0,1.0,0.0,0.0,0.998635,0.916461,0.0,0.0,0.0,0.998635,0.0,0.998635,0.998635,0.4247589111328125,0.0,0.0,0.0,0.0,0.0,0.0,0.0,0.0,0.0,0.0,1.0,0.1,0.05,0.02,0.005,0.03,0.02,0.09986350000000001,0.045823050000000004,0.0,0.0,0.27,0.02,0.0
omj_006,OpenMoji,cherry_blossom,mask_fill_edgewalk_nearestrow_inset1_rows16_p40,flat_icon_fill,0.03581865,excellent,0.03581865,3,0,0.4955,0,0.998295,0.879569,0.0,0.0,0.0,0,low_loss,omj_006::low_loss,0.0,0.0,0.0,0.0,0.0,0.0,1.0,0.0,0.0,1.0,1.0,1.0,0.0,1.0,1.0,0.0,1.0,0.0,0.0,0.0,16.0,40.0,0.0,0.0,0.0,0.0,0.0,0.0,0.0,0.0,0.0,0.0,1.0,0.0,0.21478271484375,0.031187837453822108,96.0,13.0,0.03581865,3.0,0.0,0.4955,0.0,0.998295,0.879569,0.0,0.0,0.0,0.998295,0.0,0.998295,0.998295,0.21478271484375,0.21478271484375,0.0,0.0,0.0,0.0,0.0,1.0,0.0,0.0,0.0,0.0,0.0,0.0,0.0,0.0,0.0,0.0,0.0,0.0,0.0,0.0,0.0,0.0,0.03581865
omj_006,OpenMoji,cherry_blossom,mask_fill_edgewalk_nearestrow_inset1_rows16_p40,flat_icon_fill,0.03581865,excellent,0.03581865,3,0,0.4955,0,0.998295,0.879569,0.0,0.0,0.0,0,balanced,omj_006::balanced,0.1,0.05,0.02,0.005,0.003,0.003,1.0,0.0,0.0,1.0,1.0,1.0,0.0,1.0,1.0,0.0,1.0,0.0,0.0,0.0,16.0,40.0,0.0,0.0,0.0,0.0,0.0,0.0,0.0,0.0,0.0,0.0,1.0,0.0,0.21478271484375,0.031187837453822108,96.0,13.0,0.03581865,3.0,0.0,0.4955,0.0,0.998295,0.879569,0.0,0.0,0.0,0.998295,0.0,0.998295,0.998295,0.21478271484375,0.21478271484375,0.0,0.0,0.0,0.0,0.0,0.0,1.0,0.0,0.0,0.0,0.1,0.05,0.02,0.005,0.003,0.003,0.09982950000000002,0.04397845,0.00991,0.0,0.009000000000000001,0.0,0.0
omj_006,OpenMoji,cherry_blossom,mask_fill_edgewalk_nearestrow_inset1_rows16_p40,flat_icon_fill,0.03581865,excellent,0.03581865,3,0,0.4955,0,0.998295,0.879569,0.0,0.0,0.0,0,precision,omj_006::precision,0.1,0.2,0.02,0.005,0.003,0.003,1.0,0.0,0.0,1.0,1.0,1.0,0.0,1.0,1.0,0.0,1.0,0.0,0.0,0.0,16.0,40.0,0.0,0.0,0.0,0.0,0.0,0.0,0.0,0.0,0.0,0.0,1.0,0.0,0.21478271484375,0.031187837453822108,96.0,13.0,0.03581865,3.0,0.0,0.4955,0.0,0.998295,0.879569,0.0,0.0,0.0,0.998295,0.0,0.998295,0.998295,0.21478271484375,0.21478271484375,0.0,0.0,0.0,0.0,0.0,0.0,0.0,1.0,0.0,0.0,0.1,0.2,0.02,0.005,0.003,0.003,0.09982950000000002,0.1759138,0.00991,0.0,0.009000000000000001,0.0,0.0
omj_006,OpenMoji,cherry_blossom,mask_fill_edgewalk_nearestrow_inset1_rows16_p40,flat_icon_fill,0.03581865,excellent,0.03581865,3,0,0.4955,0,0.998295,0.879569,0.0,0.0,0.0,0,coverage,omj_006::coverage,0.35,0.05,0.02,0.005,0.003,0.003,1.0,0.0,0.0,1.0,1.0,1.0,0.0,1.0,1.0,0.0,1.0,0.0,0.0,0.0,16.0,40.0,0.0,0.0,0.0,0.0,0.0,0.0,0.0,0.0,0.0,0.0,1.0,0.0,0.21478271484375,0.031187837453822108,96.0,13.0,0.03581865,3.0,0.0,0.4955,0.0,0.998295,0.879569,0.0,0.0,0.0,0.998295,0.0,0.998295,0.998295,0.21478271484375,0.21478271484375,0.0,0.0,0.0,0.0,0.0,0.0,0.0,0.0,1.0,0.0,0.35,0.05,0.02,0.005,0.003,0.003,0.34940325,0.04397845,0.00991,0.0,0.009000000000000001,0.0,0.0
omj_006,OpenMoji,cherry_blossom,mask_fill_edgewalk_nearestrow_inset1_rows16_p40,flat_icon_fill,0.03581865,excellent,0.03581865,3,0,0.4955,0,0.998295,0.879569,0.0,0.0,0.0,0,low_jump,omj_006::low_jump,0.1,0.05,0.02,0.005,0.03,0.02,1.0,0.0,0.0,1.0,1.0,1.0,0.0,1.0,1.0,0.0,1.0,0.0,0.0,0.0,16.0,40.0,0.0,0.0,0.0,0.0,0.0,0.0,0.0,0.0,0.0,0.0,1.0,0.0,0.21478271484375,0.031187837453822108,96.0,13.0,0.03581865,3.0,0.0,0.4955,0.0,0.998295,0.879569,0.0,0.0,0.0,0.998295,0.0,0.998295,0.998295,0.21478271484375,0.21478271484375,0.0,0.0,0.0,0.0,0.0,0.0,0.0,0.0,0.0,1.0,0.1,0.05,0.02,0.005,0.03,0.02,0.09982950000000002,0.04397845,0.00991,0.0,0.09,0.0,0.0
omj_006,OpenMoji,cherry_blossom,mask_fill_edgewalk_nearestrow_inset2_rows16_p40,flat_icon_fill,0.0246882,excellent,0.0246882,3,0,0.0,0,0.992683,0.916022,0.0,0.0,0.0,1,low_loss,omj_006::low_loss,0.0,0.0,0.0,0.0,0.0,0.0,1.0,0.0,0.0,1.0,1.0,1.0,0.0,1.0,0.0,1.0,2.0,0.0,0.0,0.0,16.0,40.0,0.0,0.0,0.0,0.0,0.0,0.0,0.0,0.0,0.0,0.0,1.0,0.0,0.21478271484375,0.031187837453822108,96.0,13.0,0.0246882,3.0,0.0,0.0,0.0,0.992683,0.916022,0.0,0.0,0.0,0.992683,0.0,0.992683,0.992683,0.21478271484375,0.21478271484375,0.21478271484375,0.0,0.0,0.0,0.0,1.0,0.0,0.0,0.0,0.0,0.0,0.0,0.0,0.0,0.0,0.0,0.0,0.0,0.0,0.0,0.0,0.0,0.0246882
omj_006,OpenMoji,cherry_blossom,mask_fill_edgewalk_nearestrow_inset2_rows16_p40,flat_icon_fill,0.0246882,excellent,0.0246882,3,0,0.0,0,0.992683,0.916022,0.0,0.0,0.0,1,balanced,omj_006::balanced,0.1,0.05,0.02,0.005,0.003,0.003,1.0,0.0,0.0,1.0,1.0,1.0,0.0,1.0,0.0,1.0,2.0,0.0,0.0,0.0,16.0,40.0,0.0,0.0,0.0,0.0,0.0,0.0,0.0,0.0,0.0,0.0,1.0,0.0,0.21478271484375,0.031187837453822108,96.0,13.0,0.0246882,3.0,0.0,0.0,0.0,0.992683,0.916022,0.0,0.0,0.0,0.992683,0.0,0.992683,0.992683,0.21478271484375,0.21478271484375,0.21478271484375,0.0,0.0,0.0,0.0,0.0,1.0,0.0,0.0,0.0,0.1,0.05,0.02,0.005,0.003,0.003,0.0992683,0.045801100000000004,0.0,0.0,0.009000000000000001,0.0,0.0
omj_006,OpenMoji,cherry_blossom,mask_fill_edgewalk_nearestrow_inset2_rows16_p40,flat_icon_fill,0.0246882,excellent,0.0246882,3,0,0.0,0,0.992683,0.916022,0.0,0.0,0.0,1,precision,omj_006::precision,0.1,0.2,0.02,0.005,0.003,0.003,1.0,0.0,0.0,1.0,1.0,1.0,0.0,1.0,0.0,1.0,2.0,0.0,0.0,0.0,16.0,40.0,0.0,0.0,0.0,0.0,0.0,0.0,0.0,0.0,0.0,0.0,1.0,0.0,0.21478271484375,0.031187837453822108,96.0,13.0,0.0246882,3.0,0.0,0.0,0.0,0.992683,0.916022,0.0,0.0,0.0,0.992683,0.0,0.992683,0.992683,0.21478271484375,0.21478271484375,0.21478271484375,0.0,0.0,0.0,0.0,0.0,0.0,1.0,0.0,0.0,0.1,0.2,0.02,0.005,0.003,0.003,0.0992683,0.18320440000000002,0.0,0.0,0.009000000000000001,0.0,0.0
omj_006,OpenMoji,cherry_blossom,mask_fill_edgewalk_nearestrow_inset2_rows16_p40,flat_icon_fill,0.0246882,excellent,0.0246882,3,0,0.0,0,0.992683,0.916022,0.0,0.0,0.0,1,coverage,omj_006::coverage,0.35,0.05,0.02,0.005,0.003,0.003,1.0,0.0,0.0,1.0,1.0,1.0,0.0,1.0,0.0,1.0,2.0,0.0,0.0,0.0,16.0,40.0,0.0,0.0,0.0,0.0,0.0,0.0,0.0,0.0,0.0,0.0,1.0,0.0,0.21478271484375,0.031187837453822108,96.0,13.0,0.0246882,3.0,0.0,0.0,0.0,0.992683,0.916022,0.0,0.0,0.0,0.992683,0.0,0.992683,0.992683,0.21478271484375,0.21478271484375,0.21478271484375,0.0,0.0,0.0,0.0,0.0,0.0,0.0,1.0,0.0,0.35,0.05,0.02,0.005,0.003,0.003,0.34743904999999997,0.045801100000000004,0.0,0.0,0.009000000000000001,0.0,0.0
omj_006,OpenMoji,cherry_blossom,mask_fill_edgewalk_nearestrow_inset2_rows16_p40,flat_icon_fill,0.0246882,excellent,0.0246882,3,0,0.0,0,0.992683,0.916022,0.0,0.0,0.0,1,low_jump,omj_006::low_jump,0.1,0.05,0.02,0.005,0.03,0.02,1.0,0.0,0.0,1.0,1.0,1.0,0.0,1.0,0.0,1.0,2.0,0.0,0.0,0.0,16.0,40.0,0.0,0.0,0.0,0.0,0.0,0.0,0.0,0.0,0.0,0.0,1.0,0.0,0.21478271484375,0.031187837453822108,96.0,13.0,0.0246882,3.0,0.0,0.0,0.0,0.992683,0.916022,0.0,0.0,0.0,0.992683,0.0,0.992683,0.992683,0.21478271484375,0.21478271484375,0.21478271484375,0.0,0.0,0.0,0.0,0.0,0.0,0.0,0.0,1.0,0.1,0.05,0.02,0.005,0.03,0.02,0.0992683,0.045801100000000004,0.0,0.0,0.09,0.0,0.0
omj_006,OpenMoji,cherry_blossom,mask_fill_edgewalk_nearestrow_rows16_p40,flat_icon_fill,0.04749354,excellent,0.04749354,3,0,1.0141,0,0.999929,0.848914,0.0,0.0,0.0,0,low_loss,omj_006::low_loss,0.0,0.0,0.0,0.0,0.0,0.0,1.0,0.0,0.0,1.0,1.0,1.0,1.0,0.0,0.0,0.0,0.0,0.0,0.0,0.0,16.0,40.0,0.0,0.0,0.0,0.0,0.0,0.0,0.0,0.0,0.0,0.0,1.0,0.0,0.21478271484375,0.031187837453822108,96.0,13.0,0.04749354,3.0,0.0,1.0141,0.0,0.999929,0.848914,0.0,0.0,0.0,0.999929,0.0,0.999929,0.999929,0.21478271484375,0.0,0.0,0.0,0.0,0.0,0.0,1.0,0.0,0.0,0.0,0.0,0.0,0.0,0.0,0.0,0.0,0.0,0.0,0.0,0.0,0.0,0.0,0.0,0.04749354
omj_006,OpenMoji,cherry_blossom,mask_fill_edgewalk_nearestrow_rows16_p40,flat_icon_fill,0.04749354,excellent,0.04749354,3,0,1.0141,0,0.999929,0.848914,0.0,0.0,0.0,0,balanced,omj_006::balanced,0.1,0.05,0.02,0.005,0.003,0.003,1.0,0.0,0.0,1.0,1.0,1.0,1.0,0.0,0.0,0.0,0.0,0.0,0.0,0.0,16.0,40.0,0.0,0.0,0.0,0.0,0.0,0.0,0.0,0.0,0.0,0.0,1.0,0.0,0.21478271484375,0.031187837453822108,96.0,13.0,0.04749354,3.0,0.0,1.0141,0.0,0.999929,0.848914,0.0,0.0,0.0,0.999929,0.0,0.999929,0.999929,0.21478271484375,0.0,0.0,0.0,0.0,0.0,0.0,0.0,1.0,0.0,0.0,0.0,0.1,0.05,0.02,0.005,0.003,0.003,0.0999929,0.0424457,0.020282,0.0,0.009000000000000001,0.0,0.0
omj_006,OpenMoji,cherry_blossom,mask_fill_edgewalk_nearestrow_rows16_p40,flat_icon_fill,0.04749354,excellent,0.04749354,3,0,1.0141,0,0.999929,0.848914,0.0,0.0,0.0,0,precision,omj_006::precision,0.1,0.2,0.02,0.005,0.003,0.003,1.0,0.0,0.0,1.0,1.0,1.0,1.0,0.0,0.0,0.0,0.0,0.0,0.0,0.0,16.0,40.0,0.0,0.0,0.0,0.0,0.0,0.0,0.0,0.0,0.0,0.0,1.0,0.0,0.21478271484375,0.031187837453822108,96.0,13.0,0.04749354,3.0,0.0,1.0141,0.0,0.999929,0.848914,0.0,0.0,0.0,0.999929,0.0,0.999929,0.999929,0.21478271484375,0.0,0.0,0.0,0.0,0.0,0.0,0.0,0.0,1.0,0.0,0.0,0.1,0.2,0.02,0.005,0.003,0.003,0.0999929,0.1697828,0.020282,0.0,0.009000000000000001,0.0,0.0
omj_006,OpenMoji,cherry_blossom,mask_fill_edgewalk_nearestrow_rows16_p40,flat_icon_fill,0.04749354,excellent,0.04749354,3,0,1.0141,0,0.999929,0.848914,0.0,0.0,0.0,0,coverage,omj_006::coverage,0.35,0.05,0.02,0.005,0.003,0.003,1.0,0.0,0.0,1.0,1.0,1.0,1.0,0.0,0.0,0.0,0.0,0.0,0.0,0.0,16.0,40.0,0.0,0.0,0.0,0.0,0.0,0.0,0.0,0.0,0.0,0.0,1.0,0.0,0.21478271484375,0.031187837453822108,96.0,13.0,0.04749354,3.0,0.0,1.0141,0.0,0.999929,0.848914,0.0,0.0,0.0,0.999929,0.0,0.999929,0.999929,0.21478271484375,0.0,0.0,0.0,0.0,0.0,0.0,0.0,0.0,0.0,1.0,0.0,0.35,0.05,0.02,0.005,0.003,0.003,0.34997514999999996,0.0424457,0.020282,0.0,0.009000000000000001,0.0,0.0
omj_006,OpenMoji,cherry_blossom,mask_fill_edgewalk_nearestrow_rows16_p40,flat_icon_fill,0.04749354,excellent,0.04749354,3,0,1.0141,0,0.999929,0.848914,0.0,0.0,0.0,0,low_jump,omj_006::low_jump,0.1,0.05,0.02,0.005,0.03,0.02,1.0,0.0,0.0,1.0,1.0,1.0,1.0,0.0,0.0,0.0,0.0,0.0,0.0,0.0,16.0,40.0,0.0,0.0,0.0,0.0,0.0,0.0,0.0,0.0,0.0,0.0,1.0,0.0,0.21478271484375,0.031187837453822108,96.0,13.0,0.04749354,3.0,0.0,1.0141,0.0,0.999929,0.848914,0.0,0.0,0.0,0.999929,0.0,0.999929,0.999929,0.21478271484375,0.0,0.0,0.0,0.0,0.0,0.0,0.0,0.0,0.0,0.0,1.0,0.1,0.05,0.02,0.005,0.03,0.02,0.0999929,0.0424457,0.020282,0.0,0.09,0.0,0.0
omj_006,OpenMoji,cherry_blossom,mask_fill_edgewalk_rows16_p40,flat_icon_fill,0.12026157,pass,0.12026157,7,1,2.5007,0,0.999929,0.848658,0.0,0.0,0.0,0,low_loss,omj_006::low_loss,0.0,0.0,0.0,0.0,0.0,0.0,1.0,0.0,0.0,1.0,1.0,0.0,0.0,0.0,0.0,0.0,0.0,0.0,0.0,0.0,16.0,40.0,0.0,0.0,0.0,0.0,0.0,0.0,0.0,0.0,0.0,0.0,1.0,0.0,0.21478271484375,0.031187837453822108,96.0,13.0,0.12026157,7.0,1.0,2.5007,0.0,0.999929,0.848658,0.0,0.0,0.0,0.999929,0.0,0.999929,0.0,0.0,0.0,0.0,0.0,0.0,0.0,0.0,1.0,0.0,0.0,0.0,0.0,0.0,0.0,0.0,0.0,0.0,0.0,0.0,0.0,0.0,0.0,0.0,0.0,0.12026157
omj_006,OpenMoji,cherry_blossom,mask_fill_edgewalk_rows16_p40,flat_icon_fill,0.12026157,pass,0.12026157,7,1,2.5007,0,0.999929,0.848658,0.0,0.0,0.0,0,balanced,omj_006::balanced,0.1,0.05,0.02,0.005,0.003,0.003,1.0,0.0,0.0,1.0,1.0,0.0,0.0,0.0,0.0,0.0,0.0,0.0,0.0,0.0,16.0,40.0,0.0,0.0,0.0,0.0,0.0,0.0,0.0,0.0,0.0,0.0,1.0,0.0,0.21478271484375,0.031187837453822108,96.0,13.0,0.12026157,7.0,1.0,2.5007,0.0,0.999929,0.848658,0.0,0.0,0.0,0.999929,0.0,0.999929,0.0,0.0,0.0,0.0,0.0,0.0,0.0,0.0,0.0,1.0,0.0,0.0,0.0,0.1,0.05,0.02,0.005,0.003,0.003,0.0999929,0.0424329,0.050014,0.0,0.021,0.003,0.0
omj_006,OpenMoji,cherry_blossom,mask_fill_edgewalk_rows16_p40,flat_icon_fill,0.12026157,pass,0.12026157,7,1,2.5007,0,0.999929,0.848658,0.0,0.0,0.0,0,precision,omj_006::precision,0.1,0.2,0.02,0.005,0.003,0.003,1.0,0.0,0.0,1.0,1.0,0.0,0.0,0.0,0.0,0.0,0.0,0.0,0.0,0.0,16.0,40.0,0.0,0.0,0.0,0.0,0.0,0.0,0.0,0.0,0.0,0.0,1.0,0.0,0.21478271484375,0.031187837453822108,96.0,13.0,0.12026157,7.0,1.0,2.5007,0.0,0.999929,0.848658,0.0,0.0,0.0,0.999929,0.0,0.999929,0.0,0.0,0.0,0.0,0.0,0.0,0.0,0.0,0.0,0.0,1.0,0.0,0.0,0.1,0.2,0.02,0.005,0.003,0.003,0.0999929,0.1697316,0.050014,0.0,0.021,0.003,0.0
omj_006,OpenMoji,cherry_blossom,mask_fill_edgewalk_rows16_p40,flat_icon_fill,0.12026157,pass,0.12026157,7,1,2.5007,0,0.999929,0.848658,0.0,0.0,0.0,0,coverage,omj_006::coverage,0.35,0.05,0.02,0.005,0.003,0.003,1.0,0.0,0.0,1.0,1.0,0.0,0.0,0.0,0.0,0.0,0.0,0.0,0.0,0.0,16.0,40.0,0.0,0.0,0.0,0.0,0.0,0.0,0.0,0.0,0.0,0.0,1.0,0.0,0.21478271484375,0.031187837453822108,96.0,13.0,0.12026157,7.0,1.0,2.5007,0.0,0.999929,0.848658,0.0,0.0,0.0,0.999929,0.0,0.999929,0.0,0.0,0.0,0.0,0.0,0.0,0.0,0.0,0.0,0.0,0.0,1.0,0.0,0.35,0.05,0.02,0.005,0.003,0.003,0.34997514999999996,0.0424329,0.050014,0.0,0.021,0.003,0.0
omj_006,OpenMoji,cherry_blossom,mask_fill_edgewalk_rows16_p40,flat_icon_fill,0.12026157,pass,0.12026157,7,1,2.5007,0,0.999929,0.848658,0.0,0.0,0.0,0,low_jump,omj_006::low_jump,0.1,0.05,0.02,0.005,0.03,0.02,1.0,0.0,0.0,1.0,1.0,0.0,0.0,0.0,0.0,0.0,0.0,0.0,0.0,0.0,16.0,40.0,0.0,0.0,0.0,0.0,0.0,0.0,0.0,0.0,0.0,0.0,1.0,0.0,0.21478271484375,0.031187837453822108,96.0,13.0,0.12026157,7.0,1.0,2.5007,0.0,0.999929,0.848658,0.0,0.0,0.0,0.999929,0.0,0.999929,0.0,0.0,0.0,0.0,0.0,0.0,0.0,0.0,0.0,0.0,0.0,0.0,1.0,0.1,0.05,0.02,0.005,0.03,0.02,0.0999929,0.0424329,0.050014,0.0,0.21,0.02,0.0
omj_006,OpenMoji,cherry_blossom,auto_evalrepair_r10_c20,flat_icon_fill,0.18598001,warning,0.18598001,11,16,0.0,0,0.987212,0.900525,0.0,0.0,0.0,0,low_loss,omj_006::low_loss,0.0,0.0,0.0,0.0,0.0,0.0,1.0,0.0,1.0,0.0,0.0,0.0,0.0,0.0,0.0,0.0,0.0,0.0,0.0,0.0,0.0,0.0,0.0,0.0,0.0,0.0,0.0,0.0,0.0,0.0,0.0,0.0,1.0,0.0,0.21478271484375,0.031187837453822108,96.0,13.0,0.18598001,11.0,16.0,0.0,0.0,0.987212,0.900525,0.0,0.0,0.987212,0.0,0.0,0.0,0.0,0.0,0.0,0.0,0.0,0.0,0.0,0.0,1.0,0.0,0.0,0.0,0.0,0.0,0.0,0.0,0.0,0.0,0.0,0.0,0.0,0.0,0.0,0.0,0.0,0.18598001
omj_006,OpenMoji,cherry_blossom,auto_evalrepair_r10_c20,flat_icon_fill,0.18598001,warning,0.18598001,11,16,0.0,0,0.987212,0.900525,0.0,0.0,0.0,0,balanced,omj_006::balanced,0.1,0.05,0.02,0.005,0.003,0.003,1.0,0.0,1.0,0.0,0.0,0.0,0.0,0.0,0.0,0.0,0.0,0.0,0.0,0.0,0.0,0.0,0.0,0.0,0.0,0.0,0.0,0.0,0.0,0.0,0.0,0.0,1.0,0.0,0.21478271484375,0.031187837453822108,96.0,13.0,0.18598001,11.0,16.0,0.0,0.0,0.987212,0.900525,0.0,0.0,0.987212,0.0,0.0,0.0,0.0,0.0,0.0,0.0,0.0,0.0,0.0,0.0,0.0,1.0,0.0,0.0,0.0,0.1,0.05,0.02,0.005,0.003,0.003,0.09872120000000001,0.045026250000000004,0.0,0.0,0.033,0.048,0.0
omj_006,OpenMoji,cherry_blossom,auto_evalrepair_r10_c20,flat_icon_fill,0.18598001,warning,0.18598001,11,16,0.0,0,0.987212,0.900525,0.0,0.0,0.0,0,precision,omj_006::precision,0.1,0.2,0.02,0.005,0.003,0.003,1.0,0.0,1.0,0.0,0.0,0.0,0.0,0.0,0.0,0.0,0.0,0.0,0.0,0.0,0.0,0.0,0.0,0.0,0.0,0.0,0.0,0.0,0.0,0.0,0.0,0.0,1.0,0.0,0.21478271484375,0.031187837453822108,96.0,13.0,0.18598001,11.0,16.0,0.0,0.0,0.987212,0.900525,0.0,0.0,0.987212,0.0,0.0,0.0,0.0,0.0,0.0,0.0,0.0,0.0,0.0,0.0,0.0,0.0,1.0,0.0,0.0,0.1,0.2,0.02,0.005,0.003,0.003,0.09872120000000001,0.18010500000000002,0.0,0.0,0.033,0.048,0.0
omj_006,OpenMoji,cherry_blossom,auto_evalrepair_r10_c20,flat_icon_fill,0.18598001,warning,0.18598001,11,16,0.0,0,0.987212,0.900525,0.0,0.0,0.0,0,coverage,omj_006::coverage,0.35,0.05,0.02,0.005,0.003,0.003,1.0,0.0,1.0,0.0,0.0,0.0,0.0,0.0,0.0,0.0,0.0,0.0,0.0,0.0,0.0,0.0,0.0,0.0,0.0,0.0,0.0,0.0,0.0,0.0,0.0,0.0,1.0,0.0,0.21478271484375,0.031187837453822108,96.0,13.0,0.18598001,11.0,16.0,0.0,0.0,0.987212,0.900525,0.0,0.0,0.987212,0.0,0.0,0.0,0.0,0.0,0.0,0.0,0.0,0.0,0.0,0.0,0.0,0.0,0.0,1.0,0.0,0.35,0.05,0.02,0.005,0.003,0.003,0.34552419999999995,0.045026250000000004,0.0,0.0,0.033,0.048,0.0
omj_006,OpenMoji,cherry_blossom,auto_evalrepair_r10_c20,flat_icon_fill,0.18598001,warning,0.18598001,11,16,0.0,0,0.987212,0.900525,0.0,0.0,0.0,0,low_jump,omj_006::low_jump,0.1,0.05,0.02,0.005,0.03,0.02,1.0,0.0,1.0,0.0,0.0,0.0,0.0,0.0,0.0,0.0,0.0,0.0,0.0,0.0,0.0,0.0,0.0,0.0,0.0,0.0,0.0,0.0,0.0,0.0,0.0,0.0,1.0,0.0,0.21478271484375,0.031187837453822108,96.0,13.0,0.18598001,11.0,16.0,0.0,0.0,0.987212,0.900525,0.0,0.0,0.987212,0.0,0.0,0.0,0.0,0.0,0.0,0.0,0.0,0.0,0.0,0.0,0.0,0.0,0.0,0.0,1.0,0.1,0.05,0.02,0.005,0.03,0.02,0.09872120000000001,0.045026250000000004,0.0,0.0,0.32999999999999996,0.32,0.0
omj_006,OpenMoji,cherry_blossom,skeleton_c30_m20,flat_icon_fill,0.26121744,excellent,0.07215824,8,1,0.0,0,0.277352,0.963475,0.472648,0.0,0.0,0,low_loss,omj_006::low_loss,0.0,0.0,0.0,0.0,0.0,0.0,1.0,1.0,0.0,0.0,0.0,0.0,0.0,0.0,0.0,0.0,0.0,0.0,0.0,0.0,0.0,0.0,0.0,0.0,0.0,0.0,0.0,0.0,0.0,0.0,0.0,0.0,1.0,0.0,0.21478271484375,0.031187837453822108,96.0,13.0,0.07215824,8.0,1.0,0.0,0.0,0.277352,0.963475,0.0,0.277352,0.0,0.0,0.0,0.0,0.0,0.0,0.0,0.0,0.0,0.0,0.0,0.0,1.0,0.0,0.0,0.0,0.0,0.0,0.0,0.0,0.0,0.0,0.0,0.0,0.0,0.0,0.0,0.0,0.0,0.07215824
omj_006,OpenMoji,cherry_blossom,skeleton_c30_m20,flat_icon_fill,0.26121744,excellent,0.07215824,8,1,0.0,0,0.277352,0.963475,0.472648,0.0,0.0,0,balanced,omj_006::balanced,0.1,0.05,0.02,0.005,0.003,0.003,1.0,1.0,0.0,0.0,0.0,0.0,0.0,0.0,0.0,0.0,0.0,0.0,0.0,0.0,0.0,0.0,0.0,0.0,0.0,0.0,0.0,0.0,0.0,0.0,0.0,0.0,1.0,0.0,0.21478271484375,0.031187837453822108,96.0,13.0,0.07215824,8.0,1.0,0.0,0.0,0.277352,0.963475,0.0,0.277352,0.0,0.0,0.0,0.0,0.0,0.0,0.0,0.0,0.0,0.0,0.0,0.0,0.0,1.0,0.0,0.0,0.0,0.1,0.05,0.02,0.005,0.003,0.003,0.0277352,0.04817375,0.0,0.0,0.024,0.003,0.0
omj_006,OpenMoji,cherry_blossom,skeleton_c30_m20,flat_icon_fill,0.26121744,excellent,0.07215824,8,1,0.0,0,0.277352,0.963475,0.472648,0.0,0.0,0,precision,omj_006::precision,0.1,0.2,0.02,0.005,0.003,0.003,1.0,1.0,0.0,0.0,0.0,0.0,0.0,0.0,0.0,0.0,0.0,0.0,0.0,0.0,0.0,0.0,0.0,0.0,0.0,0.0,0.0,0.0,0.0,0.0,0.0,0.0,1.0,0.0,0.21478271484375,0.031187837453822108,96.0,13.0,0.07215824,8.0,1.0,0.0,0.0,0.277352,0.963475,0.0,0.277352,0.0,0.0,0.0,0.0,0.0,0.0,0.0,0.0,0.0,0.0,0.0,0.0,0.0,0.0,1.0,0.0,0.0,0.1,0.2,0.02,0.005,0.003,0.003,0.0277352,0.192695,0.0,0.0,0.024,0.003,0.0
omj_006,OpenMoji,cherry_blossom,skeleton_c30_m20,flat_icon_fill,0.26121744,excellent,0.07215824,8,1,0.0,0,0.277352,0.963475,0.472648,0.0,0.0,0,coverage,omj_006::coverage,0.35,0.05,0.02,0.005,0.003,0.003,1.0,1.0,0.0,0.0,0.0,0.0,0.0,0.0,0.0,0.0,0.0,0.0,0.0,0.0,0.0,0.0,0.0,0.0,0.0,0.0,0.0,0.0,0.0,0.0,0.0,0.0,1.0,0.0,0.21478271484375,0.031187837453822108,96.0,13.0,0.07215824,8.0,1.0,0.0,0.0,0.277352,0.963475,0.0,0.277352,0.0,0.0,0.0,0.0,0.0,0.0,0.0,0.0,0.0,0.0,0.0,0.0,0.0,0.0,0.0,1.0,0.0,0.35,0.05,0.02,0.005,0.003,0.003,0.09707319999999998,0.04817375,0.0,0.0,0.024,0.003,0.0
omj_006,OpenMoji,cherry_blossom,skeleton_c30_m20,flat_icon_fill,0.26121744,excellent,0.07215824,8,1,0.0,0,0.277352,0.963475,0.472648,0.0,0.0,0,low_jump,omj_006::low_jump,0.1,0.05,0.02,0.005,0.03,0.02,1.0,1.0,0.0,0.0,0.0,0.0,0.0,0.0,0.0,0.0,0.0,0.0,0.0,0.0,0.0,0.0,0.0,0.0,0.0,0.0,0.0,0.0,0.0,0.0,0.0,0.0,1.0,0.0,0.21478271484375,0.031187837453822108,96.0,13.0,0.07215824,8.0,1.0,0.0,0.0,0.277352,0.963475,0.0,0.277352,0.0,0.0,0.0,0.0,0.0,0.0,0.0,0.0,0.0,0.0,0.0,0.0,0.0,0.0,0.0,0.0,1.0,0.1,0.05,0.02,0.005,0.03,0.02,0.0277352,0.04817375,0.0,0.0,0.24,0.02,0.0
omj_006,OpenMoji,cherry_blossom,skeleton_c30_m4,flat_icon_fill,0.26165755,excellent,0.08910835,10,1,0.0,0,0.318627,0.959974,0.431373,0.0,0.0,0,low_loss,omj_006::low_loss,0.0,0.0,0.0,0.0,0.0,0.0,1.0,1.0,0.0,0.0,0.0,0.0,0.0,0.0,0.0,0.0,0.0,0.0,0.0,0.0,0.0,0.0,0.0,0.0,0.0,0.0,0.0,0.0,0.0,0.0,0.0,0.0,1.0,0.0,0.21478271484375,0.031187837453822108,96.0,13.0,0.08910835,10.0,1.0,0.0,0.0,0.318627,0.959974,0.0,0.318627,0.0,0.0,0.0,0.0,0.0,0.0,0.0,0.0,0.0,0.0,0.0,0.0,1.0,0.0,0.0,0.0,0.0,0.0,0.0,0.0,0.0,0.0,0.0,0.0,0.0,0.0,0.0,0.0,0.0,0.08910835
omj_006,OpenMoji,cherry_blossom,skeleton_c30_m4,flat_icon_fill,0.26165755,excellent,0.08910835,10,1,0.0,0,0.318627,0.959974,0.431373,0.0,0.0,0,balanced,omj_006::balanced,0.1,0.05,0.02,0.005,0.003,0.003,1.0,1.0,0.0,0.0,0.0,0.0,0.0,0.0,0.0,0.0,0.0,0.0,0.0,0.0,0.0,0.0,0.0,0.0,0.0,0.0,0.0,0.0,0.0,0.0,0.0,0.0,1.0,0.0,0.21478271484375,0.031187837453822108,96.0,13.0,0.08910835,10.0,1.0,0.0,0.0,0.318627,0.959974,0.0,0.318627,0.0,0.0,0.0,0.0,0.0,0.0,0.0,0.0,0.0,0.0,0.0,0.0,0.0,1.0,0.0,0.0,0.0,0.1,0.05,0.02,0.005,0.003,0.003,0.0318627,0.047998700000000005,0.0,0.0,0.03,0.003,0.0
omj_006,OpenMoji,cherry_blossom,skeleton_c30_m4,flat_icon_fill,0.26165755,excellent,0.08910835,10,1,0.0,0,0.318627,0.959974,0.431373,0.0,0.0,0,precision,omj_006::precision,0.1,0.2,0.02,0.005,0.003,0.003,1.0,1.0,0.0,0.0,0.0,0.0,0.0,0.0,0.0,0.0,0.0,0.0,0.0,0.0,0.0,0.0,0.0,0.0,0.0,0.0,0.0,0.0,0.0,0.0,0.0,0.0,1.0,0.0,0.21478271484375,0.031187837453822108,96.0,13.0,0.08910835,10.0,1.0,0.0,0.0,0.318627,0.959974,0.0,0.318627,0.0,0.0,0.0,0.0,0.0,0.0,0.0,0.0,0.0,0.0,0.0,0.0,0.0,0.0,1.0,0.0,0.0,0.1,0.2,0.02,0.005,0.003,0.003,0.0318627,0.19199480000000002,0.0,0.0,0.03,0.003,0.0
omj_006,OpenMoji,cherry_blossom,skeleton_c30_m4,flat_icon_fill,0.26165755,excellent,0.08910835,10,1,0.0,0,0.318627,0.959974,0.431373,0.0,0.0,0,coverage,omj_006::coverage,0.35,0.05,0.02,0.005,0.003,0.003,1.0,1.0,0.0,0.0,0.0,0.0,0.0,0.0,0.0,0.0,0.0,0.0,0.0,0.0,0.0,0.0,0.0,0.0,0.0,0.0,0.0,0.0,0.0,0.0,0.0,0.0,1.0,0.0,0.21478271484375,0.031187837453822108,96.0,13.0,0.08910835,10.0,1.0,0.0,0.0,0.318627,0.959974,0.0,0.318627,0.0,0.0,0.0,0.0,0.0,0.0,0.0,0.0,0.0,0.0,0.0,0.0,0.0,0.0,0.0,1.0,0.0,0.35,0.05,0.02,0.005,0.003,0.003,0.11151944999999999,0.047998700000000005,0.0,0.0,0.03,0.003,0.0
omj_006,OpenMoji,cherry_blossom,skeleton_c30_m4,flat_icon_fill,0.26165755,excellent,0.08910835,10,1,0.0,0,0.318627,0.959974,0.431373,0.0,0.0,0,low_jump,omj_006::low_jump,0.1,0.05,0.02,0.005,0.03,0.02,1.0,1.0,0.0,0.0,0.0,0.0,0.0,0.0,0.0,0.0,0.0,0.0,0.0,0.0,0.0,0.0,0.0,0.0,0.0,0.0,0.0,0.0,0.0,0.0,0.0,0.0,1.0,0.0,0.21478271484375,0.031187837453822108,96.0,13.0,0.08910835,10.0,1.0,0.0,0.0,0.318627,0.959974,0.0,0.318627,0.0,0.0,0.0,0.0,0.0,0.0,0.0,0.0,0.0,0.0,0.0,0.0,0.0,0.0,0.0,0.0,1.0,0.1,0.05,0.02,0.005,0.03,0.02,0.0318627,0.047998700000000005,0.0,0.0,0.3,0.02,0.0
omj_006,OpenMoji,cherry_blossom,mask_fill_edgewalk_nearestrow_safeadt_t2m5_r055_a64_rows16_p40,flat_icon_fill,0.04139115,excellent,0.04139115,5,0,0.0,0,0.99929,0.887613,0.0,0.0,0.0,0,low_loss,omj_006::low_loss,0.0,0.0,0.0,0.0,0.0,0.0,1.0,0.0,0.0,1.0,1.0,1.0,1.0,0.0,0.0,0.0,0.0,0.0,0.0,0.0,16.0,40.0,0.0,0.0,0.0,0.0,0.0,0.0,0.0,0.0,0.0,0.0,1.0,0.0,0.21478271484375,0.031187837453822108,96.0,13.0,0.04139115,5.0,0.0,0.0,0.0,0.99929,0.887613,0.0,0.0,0.0,0.99929,0.0,0.99929,0.99929,0.21478271484375,0.0,0.0,0.0,0.0,0.0,0.0,1.0,0.0,0.0,0.0,0.0,0.0,0.0,0.0,0.0,0.0,0.0,0.0,0.0,0.0,0.0,0.0,0.0,0.04139115
omj_006,OpenMoji,cherry_blossom,mask_fill_edgewalk_nearestrow_safeadt_t2m5_r055_a64_rows16_p40,flat_icon_fill,0.04139115,excellent,0.04139115,5,0,0.0,0,0.99929,0.887613,0.0,0.0,0.0,0,balanced,omj_006::balanced,0.1,0.05,0.02,0.005,0.003,0.003,1.0,0.0,0.0,1.0,1.0,1.0,1.0,0.0,0.0,0.0,0.0,0.0,0.0,0.0,16.0,40.0,0.0,0.0,0.0,0.0,0.0,0.0,0.0,0.0,0.0,0.0,1.0,0.0,0.21478271484375,0.031187837453822108,96.0,13.0,0.04139115,5.0,0.0,0.0,0.0,0.99929,0.887613,0.0,0.0,0.0,0.99929,0.0,0.99929,0.99929,0.21478271484375,0.0,0.0,0.0,0.0,0.0,0.0,0.0,1.0,0.0,0.0,0.0,0.1,0.05,0.02,0.005,0.003,0.003,0.099929,0.04438065,0.0,0.0,0.015,0.0,0.0
omj_006,OpenMoji,cherry_blossom,mask_fill_edgewalk_nearestrow_safeadt_t2m5_r055_a64_rows16_p40,flat_icon_fill,0.04139115,excellent,0.04139115,5,0,0.0,0,0.99929,0.887613,0.0,0.0,0.0,0,precision,omj_006::precision,0.1,0.2,0.02,0.005,0.003,0.003,1.0,0.0,0.0,1.0,1.0,1.0,1.0,0.0,0.0,0.0,0.0,0.0,0.0,0.0,16.0,40.0,0.0,0.0,0.0,0.0,0.0,0.0,0.0,0.0,0.0,0.0,1.0,0.0,0.21478271484375,0.031187837453822108,96.0,13.0,0.04139115,5.0,0.0,0.0,0.0,0.99929,0.887613,0.0,0.0,0.0,0.99929,0.0,0.99929,0.99929,0.21478271484375,0.0,0.0,0.0,0.0,0.0,0.0,0.0,0.0,1.0,0.0,0.0,0.1,0.2,0.02,0.005,0.003,0.003,0.099929,0.1775226,0.0,0.0,0.015,0.0,0.0
omj_006,OpenMoji,cherry_blossom,mask_fill_edgewalk_nearestrow_safeadt_t2m5_r055_a64_rows16_p40,flat_icon_fill,0.04139115,excellent,0.04139115,5,0,0.0,0,0.99929,0.887613,0.0,0.0,0.0,0,coverage,omj_006::coverage,0.35,0.05,0.02,0.005,0.003,0.003,1.0,0.0,0.0,1.0,1.0,1.0,1.0,0.0,0.0,0.0,0.0,0.0,0.0,0.0,16.0,40.0,0.0,0.0,0.0,0.0,0.0,0.0,0.0,0.0,0.0,0.0,1.0,0.0,0.21478271484375,0.031187837453822108,96.0,13.0,0.04139115,5.0,0.0,0.0,0.0,0.99929,0.887613,0.0,0.0,0.0,0.99929,0.0,0.99929,0.99929,0.21478271484375,0.0,0.0,0.0,0.0,0.0,0.0,0.0,0.0,0.0,1.0,0.0,0.35,0.05,0.02,0.005,0.003,0.003,0.3497515,0.04438065,0.0,0.0,0.015,0.0,0.0
omj_006,OpenMoji,cherry_blossom,mask_fill_edgewalk_nearestrow_safeadt_t2m5_r055_a64_rows16_p40,flat_icon_fill,0.04139115,excellent,0.04139115,5,0,0.0,0,0.99929,0.887613,0.0,0.0,0.0,0,low_jump,omj_006::low_jump,0.1,0.05,0.02,0.005,0.03,0.02,1.0,0.0,0.0,1.0,1.0,1.0,1.0,0.0,0.0,0.0,0.0,0.0,0.0,0.0,16.0,40.0,0.0,0.0,0.0,0.0,0.0,0.0,0.0,0.0,0.0,0.0,1.0,0.0,0.21478271484375,0.031187837453822108,96.0,13.0,0.04139115,5.0,0.0,0.0,0.0,0.99929,0.887613,0.0,0.0,0.0,0.99929,0.0,0.99929,0.99929,0.21478271484375,0.0,0.0,0.0,0.0,0.0,0.0,0.0,0.0,0.0,0.0,1.0,0.1,0.05,0.02,0.005,0.03,0.02,0.099929,0.04438065,0.0,0.0,0.15,0.0,0.0
omj_007,OpenMoji,ribbon,mask_fill_edgewalk_nearestrow_inset1_rows16_p40,flat_icon_fill,0.08897856,excellent,0.08897856,10,1,0.0,0,0.99931,0.911692,0.0,0.0,0.0,0,low_loss,omj_007::low_loss,0.0,0.0,0.0,0.0,0.0,0.0,1.0,0.0,0.0,1.0,1.0,1.0,0.0,1.0,1.0,0.0,1.0,0.0,0.0,0.0,16.0,40.0,0.0,0.0,0.0,0.0,0.0,0.0,0.0,0.0,0.0,0.0,1.0,0.0,0.376129150390625,0.019188640973630832,51.0,27.0,0.08897856,10.0,1.0,0.0,0.0,0.99931,0.911692,0.0,0.0,0.0,0.99931,0.0,0.99931,0.99931,0.376129150390625,0.376129150390625,0.0,0.0,0.0,0.0,0.0,1.0,0.0,0.0,0.0,0.0,0.0,0.0,0.0,0.0,0.0,0.0,0.0,0.0,0.0,0.0,0.0,0.0,0.08897856
omj_007,OpenMoji,ribbon,mask_fill_edgewalk_nearestrow_inset1_rows16_p40,flat_icon_fill,0.08897856,excellent,0.08897856,10,1,0.0,0,0.99931,0.911692,0.0,0.0,0.0,0,balanced,omj_007::balanced,0.1,0.05,0.02,0.005,0.003,0.003,1.0,0.0,0.0,1.0,1.0,1.0,0.0,1.0,1.0,0.0,1.0,0.0,0.0,0.0,16.0,40.0,0.0,0.0,0.0,0.0,0.0,0.0,0.0,0.0,0.0,0.0,1.0,0.0,0.376129150390625,0.019188640973630832,51.0,27.0,0.08897856,10.0,1.0,0.0,0.0,0.99931,0.911692,0.0,0.0,0.0,0.99931,0.0,0.99931,0.99931,0.376129150390625,0.376129150390625,0.0,0.0,0.0,0.0,0.0,0.0,1.0,0.0,0.0,0.0,0.1,0.05,0.02,0.005,0.003,0.003,0.099931,0.0455846,0.0,0.0,0.03,0.003,0.0
omj_007,OpenMoji,ribbon,mask_fill_edgewalk_nearestrow_inset1_rows16_p40,flat_icon_fill,0.08897856,excellent,0.08897856,10,1,0.0,0,0.99931,0.911692,0.0,0.0,0.0,0,precision,omj_007::precision,0.1,0.2,0.02,0.005,0.003,0.003,1.0,0.0,0.0,1.0,1.0,1.0,0.0,1.0,1.0,0.0,1.0,0.0,0.0,0.0,16.0,40.0,0.0,0.0,0.0,0.0,0.0,0.0,0.0,0.0,0.0,0.0,1.0,0.0,0.376129150390625,0.019188640973630832,51.0,27.0,0.08897856,10.0,1.0,0.0,0.0,0.99931,0.911692,0.0,0.0,0.0,0.99931,0.0,0.99931,0.99931,0.376129150390625,0.376129150390625,0.0,0.0,0.0,0.0,0.0,0.0,0.0,1.0,0.0,0.0,0.1,0.2,0.02,0.005,0.003,0.003,0.099931,0.1823384,0.0,0.0,0.03,0.003,0.0
omj_007,OpenMoji,ribbon,mask_fill_edgewalk_nearestrow_inset1_rows16_p40,flat_icon_fill,0.08897856,excellent,0.08897856,10,1,0.0,0,0.99931,0.911692,0.0,0.0,0.0,0,coverage,omj_007::coverage,0.35,0.05,0.02,0.005,0.003,0.003,1.0,0.0,0.0,1.0,1.0,1.0,0.0,1.0,1.0,0.0,1.0,0.0,0.0,0.0,16.0,40.0,0.0,0.0,0.0,0.0,0.0,0.0,0.0,0.0,0.0,0.0,1.0,0.0,0.376129150390625,0.019188640973630832,51.0,27.0,0.08897856,10.0,1.0,0.0,0.0,0.99931,0.911692,0.0,0.0,0.0,0.99931,0.0,0.99931,0.99931,0.376129150390625,0.376129150390625,0.0,0.0,0.0,0.0,0.0,0.0,0.0,0.0,1.0,0.0,0.35,0.05,0.02,0.005,0.003,0.003,0.34975849999999997,0.0455846,0.0,0.0,0.03,0.003,0.0
omj_007,OpenMoji,ribbon,mask_fill_edgewalk_nearestrow_inset1_rows16_p40,flat_icon_fill,0.08897856,excellent,0.08897856,10,1,0.0,0,0.99931,0.911692,0.0,0.0,0.0,0,low_jump,omj_007::low_jump,0.1,0.05,0.02,0.005,0.03,0.02,1.0,0.0,0.0,1.0,1.0,1.0,0.0,1.0,1.0,0.0,1.0,0.0,0.0,0.0,16.0,40.0,0.0,0.0,0.0,0.0,0.0,0.0,0.0,0.0,0.0,0.0,1.0,0.0,0.376129150390625,0.019188640973630832,51.0,27.0,0.08897856,10.0,1.0,0.0,0.0,0.99931,0.911692,0.0,0.0,0.0,0.99931,0.0,0.99931,0.99931,0.376129150390625,0.376129150390625,0.0,0.0,0.0,0.0,0.0,0.0,0.0,0.0,0.0,1.0,0.1,0.05,0.02,0.005,0.03,0.02,0.099931,0.0455846,0.0,0.0,0.3,0.02,0.0
omj_007,OpenMoji,ribbon,mask_fill_edgewalk_nearestrow_inset2_rows16_p40,flat_icon_fill,0.08920968,excellent,0.08920968,10,1,0.0,0,0.998053,0.937076,0.0,0.0,0.0,0,low_loss,omj_007::low_loss,0.0,0.0,0.0,0.0,0.0,0.0,1.0,0.0,0.0,1.0,1.0,1.0,0.0,1.0,0.0,1.0,2.0,0.0,0.0,0.0,16.0,40.0,0.0,0.0,0.0,0.0,0.0,0.0,0.0,0.0,0.0,0.0,1.0,0.0,0.376129150390625,0.019188640973630832,51.0,27.0,0.08920968,10.0,1.0,0.0,0.0,0.998053,0.937076,0.0,0.0,0.0,0.998053,0.0,0.998053,0.998053,0.376129150390625,0.376129150390625,0.376129150390625,0.0,0.0,0.0,0.0,1.0,0.0,0.0,0.0,0.0,0.0,0.0,0.0,0.0,0.0,0.0,0.0,0.0,0.0,0.0,0.0,0.0,0.08920968
omj_007,OpenMoji,ribbon,mask_fill_edgewalk_nearestrow_inset2_rows16_p40,flat_icon_fill,0.08920968,excellent,0.08920968,10,1,0.0,0,0.998053,0.937076,0.0,0.0,0.0,0,balanced,omj_007::balanced,0.1,0.05,0.02,0.005,0.003,0.003,1.0,0.0,0.0,1.0,1.0,1.0,0.0,1.0,0.0,1.0,2.0,0.0,0.0,0.0,16.0,40.0,0.0,0.0,0.0,0.0,0.0,0.0,0.0,0.0,0.0,0.0,1.0,0.0,0.376129150390625,0.019188640973630832,51.0,27.0,0.08920968,10.0,1.0,0.0,0.0,0.998053,0.937076,0.0,0.0,0.0,0.998053,0.0,0.998053,0.998053,0.376129150390625,0.376129150390625,0.376129150390625,0.0,0.0,0.0,0.0,0.0,1.0,0.0,0.0,0.0,0.1,0.05,0.02,0.005,0.003,0.003,0.0998053,0.0468538,0.0,0.0,0.03,0.003,0.0
omj_007,OpenMoji,ribbon,mask_fill_edgewalk_nearestrow_inset2_rows16_p40,flat_icon_fill,0.08920968,excellent,0.08920968,10,1,0.0,0,0.998053,0.937076,0.0,0.0,0.0,0,precision,omj_007::precision,0.1,0.2,0.02,0.005,0.003,0.003,1.0,0.0,0.0,1.0,1.0,1.0,0.0,1.0,0.0,1.0,2.0,0.0,0.0,0.0,16.0,40.0,0.0,0.0,0.0,0.0,0.0,0.0,0.0,0.0,0.0,0.0,1.0,0.0,0.376129150390625,0.019188640973630832,51.0,27.0,0.08920968,10.0,1.0,0.0,0.0,0.998053,0.937076,0.0,0.0,0.0,0.998053,0.0,0.998053,0.998053,0.376129150390625,0.376129150390625,0.376129150390625,0.0,0.0,0.0,0.0,0.0,0.0,1.0,0.0,0.0,0.1,0.2,0.02,0.005,0.003,0.003,0.0998053,0.1874152,0.0,0.0,0.03,0.003,0.0
omj_007,OpenMoji,ribbon,mask_fill_edgewalk_nearestrow_inset2_rows16_p40,flat_icon_fill,0.08920968,excellent,0.08920968,10,1,0.0,0,0.998053,0.937076,0.0,0.0,0.0,0,coverage,omj_007::coverage,0.35,0.05,0.02,0.005,0.003,0.003,1.0,0.0,0.0,1.0,1.0,1.0,0.0,1.0,0.0,1.0,2.0,0.0,0.0,0.0,16.0,40.0,0.0,0.0,0.0,0.0,0.0,0.0,0.0,0.0,0.0,0.0,1.0,0.0,0.376129150390625,0.019188640973630832,51.0,27.0,0.08920968,10.0,1.0,0.0,0.0,0.998053,0.937076,0.0,0.0,0.0,0.998053,0.0,0.998053,0.998053,0.376129150390625,0.376129150390625,0.376129150390625,0.0,0.0,0.0,0.0,0.0,0.0,0.0,1.0,0.0,0.35,0.05,0.02,0.005,0.003,0.003,0.34931854999999995,0.0468538,0.0,0.0,0.03,0.003,0.0
omj_007,OpenMoji,ribbon,mask_fill_edgewalk_nearestrow_inset2_rows16_p40,flat_icon_fill,0.08920968,excellent,0.08920968,10,1,0.0,0,0.998053,0.937076,0.0,0.0,0.0,0,low_jump,omj_007::low_jump,0.1,0.05,0.02,0.005,0.03,0.02,1.0,0.0,0.0,1.0,1.0,1.0,0.0,1.0,0.0,1.0,2.0,0.0,0.0,0.0,16.0,40.0,0.0,0.0,0.0,0.0,0.0,0.0,0.0,0.0,0.0,0.0,1.0,0.0,0.376129150390625,0.019188640973630832,51.0,27.0,0.08920968,10.0,1.0,0.0,0.0,0.998053,0.937076,0.0,0.0,0.0,0.998053,0.0,0.998053,0.998053,0.376129150390625,0.376129150390625,0.376129150390625,0.0,0.0,0.0,0.0,0.0,0.0,0.0,0.0,1.0,0.1,0.05,0.02,0.005,0.03,0.02,0.0998053,0.0468538,0.0,0.0,0.3,0.02,0.0
omj_007,OpenMoji,ribbon,mask_fill_edgewalk_nearestrow_rows16_p40,flat_icon_fill,0.08082922,excellent,0.08082922,9,1,0.0,0,1.0,0.891565,0.0,0.0,0.0,1,low_loss,omj_007::low_loss,0.0,0.0,0.0,0.0,0.0,0.0,1.0,0.0,0.0,1.0,1.0,1.0,1.0,0.0,0.0,0.0,0.0,0.0,0.0,0.0,16.0,40.0,0.0,0.0,0.0,0.0,0.0,0.0,0.0,0.0,0.0,0.0,1.0,0.0,0.376129150390625,0.019188640973630832,51.0,27.0,0.08082922,9.0,1.0,0.0,0.0,1.0,0.891565,0.0,0.0,0.0,1.0,0.0,1.0,1.0,0.376129150390625,0.0,0.0,0.0,0.0,0.0,0.0,1.0,0.0,0.0,0.0,0.0,0.0,0.0,0.0,0.0,0.0,0.0,0.0,0.0,0.0,0.0,0.0,0.0,0.08082922
omj_007,OpenMoji,ribbon,mask_fill_edgewalk_nearestrow_rows16_p40,flat_icon_fill,0.08082922,excellent,0.08082922,9,1,0.0,0,1.0,0.891565,0.0,0.0,0.0,1,balanced,omj_007::balanced,0.1,0.05,0.02,0.005,0.003,0.003,1.0,0.0,0.0,1.0,1.0,1.0,1.0,0.0,0.0,0.0,0.0,0.0,0.0,0.0,16.0,40.0,0.0,0.0,0.0,0.0,0.0,0.0,0.0,0.0,0.0,0.0,1.0,0.0,0.376129150390625,0.019188640973630832,51.0,27.0,0.08082922,9.0,1.0,0.0,0.0,1.0,0.891565,0.0,0.0,0.0,1.0,0.0,1.0,1.0,0.376129150390625,0.0,0.0,0.0,0.0,0.0,0.0,0.0,1.0,0.0,0.0,0.0,0.1,0.05,0.02,0.005,0.003,0.003,0.1,0.04457825000000001,0.0,0.0,0.027,0.003,0.0
omj_007,OpenMoji,ribbon,mask_fill_edgewalk_nearestrow_rows16_p40,flat_icon_fill,0.08082922,excellent,0.08082922,9,1,0.0,0,1.0,0.891565,0.0,0.0,0.0,1,precision,omj_007::precision,0.1,0.2,0.02,0.005,0.003,0.003,1.0,0.0,0.0,1.0,1.0,1.0,1.0,0.0,0.0,0.0,0.0,0.0,0.0,0.0,16.0,40.0,0.0,0.0,0.0,0.0,0.0,0.0,0.0,0.0,0.0,0.0,1.0,0.0,0.376129150390625,0.019188640973630832,51.0,27.0,0.08082922,9.0,1.0,0.0,0.0,1.0,0.891565,0.0,0.0,0.0,1.0,0.0,1.0,1.0,0.376129150390625,0.0,0.0,0.0,0.0,0.0,0.0,0.0,0.0,1.0,0.0,0.0,0.1,0.2,0.02,0.005,0.003,0.003,0.1,0.17831300000000003,0.0,0.0,0.027,0.003,0.0
omj_007,OpenMoji,ribbon,mask_fill_edgewalk_nearestrow_rows16_p40,flat_icon_fill,0.08082922,excellent,0.08082922,9,1,0.0,0,1.0,0.891565,0.0,0.0,0.0,1,coverage,omj_007::coverage,0.35,0.05,0.02,0.005,0.003,0.003,1.0,0.0,0.0,1.0,1.0,1.0,1.0,0.0,0.0,0.0,0.0,0.0,0.0,0.0,16.0,40.0,0.0,0.0,0.0,0.0,0.0,0.0,0.0,0.0,0.0,0.0,1.0,0.0,0.376129150390625,0.019188640973630832,51.0,27.0,0.08082922,9.0,1.0,0.0,0.0,1.0,0.891565,0.0,0.0,0.0,1.0,0.0,1.0,1.0,0.376129150390625,0.0,0.0,0.0,0.0,0.0,0.0,0.0,0.0,0.0,1.0,0.0,0.35,0.05,0.02,0.005,0.003,0.003,0.35,0.04457825000000001,0.0,0.0,0.027,0.003,0.0
omj_007,OpenMoji,ribbon,mask_fill_edgewalk_nearestrow_rows16_p40,flat_icon_fill,0.08082922,excellent,0.08082922,9,1,0.0,0,1.0,0.891565,0.0,0.0,0.0,1,low_jump,omj_007::low_jump,0.1,0.05,0.02,0.005,0.03,0.02,1.0,0.0,0.0,1.0,1.0,1.0,1.0,0.0,0.0,0.0,0.0,0.0,0.0,0.0,16.0,40.0,0.0,0.0,0.0,0.0,0.0,0.0,0.0,0.0,0.0,0.0,1.0,0.0,0.376129150390625,0.019188640973630832,51.0,27.0,0.08082922,9.0,1.0,0.0,0.0,1.0,0.891565,0.0,0.0,0.0,1.0,0.0,1.0,1.0,0.376129150390625,0.0,0.0,0.0,0.0,0.0,0.0,0.0,0.0,0.0,0.0,1.0,0.1,0.05,0.02,0.005,0.03,0.02,0.1,0.04457825000000001,0.0,0.0,0.27,0.02,0.0
omj_007,OpenMoji,ribbon,mask_fill_edgewalk_rows16_p40,flat_icon_fill,0.39872363,hard_fail,0.35872363,115,25,0.0,0,1.0,0.898029,0.0,0.0,0.04,0,low_loss,omj_007::low_loss,0.0,0.0,0.0,0.0,0.0,0.0,1.0,0.0,0.0,1.0,1.0,0.0,0.0,0.0,0.0,0.0,0.0,0.0,0.0,0.0,16.0,40.0,0.0,0.0,0.0,0.0,0.0,0.0,0.0,0.0,0.0,0.0,1.0,0.0,0.376129150390625,0.019188640973630832,51.0,27.0,0.35872363,115.0,25.0,0.0,0.0,1.0,0.898029,0.0,0.0,0.0,1.0,0.0,1.0,0.0,0.0,0.0,0.0,0.0,0.0,0.0,0.0,1.0,0.0,0.0,0.0,0.0,0.0,0.0,0.0,0.0,0.0,0.0,0.0,0.0,0.0,0.0,0.0,0.0,0.35872363
omj_007,OpenMoji,ribbon,mask_fill_edgewalk_rows16_p40,flat_icon_fill,0.39872363,hard_fail,0.35872363,115,25,0.0,0,1.0,0.898029,0.0,0.0,0.04,0,balanced,omj_007::balanced,0.1,0.05,0.02,0.005,0.003,0.003,1.0,0.0,0.0,1.0,1.0,0.0,0.0,0.0,0.0,0.0,0.0,0.0,0.0,0.0,16.0,40.0,0.0,0.0,0.0,0.0,0.0,0.0,0.0,0.0,0.0,0.0,1.0,0.0,0.376129150390625,0.019188640973630832,51.0,27.0,0.35872363,115.0,25.0,0.0,0.0,1.0,0.898029,0.0,0.0,0.0,1.0,0.0,1.0,0.0,0.0,0.0,0.0,0.0,0.0,0.0,0.0,0.0,1.0,0.0,0.0,0.0,0.1,0.05,0.02,0.005,0.003,0.003,0.1,0.04490145,0.0,0.0,0.34500000000000003,0.075,0.0
omj_007,OpenMoji,ribbon,mask_fill_edgewalk_rows16_p40,flat_icon_fill,0.39872363,hard_fail,0.35872363,115,25,0.0,0,1.0,0.898029,0.0,0.0,0.04,0,precision,omj_007::precision,0.1,0.2,0.02,0.005,0.003,0.003,1.0,0.0,0.0,1.0,1.0,0.0,0.0,0.0,0.0,0.0,0.0,0.0,0.0,0.0,16.0,40.0,0.0,0.0,0.0,0.0,0.0,0.0,0.0,0.0,0.0,0.0,1.0,0.0,0.376129150390625,0.019188640973630832,51.0,27.0,0.35872363,115.0,25.0,0.0,0.0,1.0,0.898029,0.0,0.0,0.0,1.0,0.0,1.0,0.0,0.0,0.0,0.0,0.0,0.0,0.0,0.0,0.0,0.0,1.0,0.0,0.0,0.1,0.2,0.02,0.005,0.003,0.003,0.1,0.1796058,0.0,0.0,0.34500000000000003,0.075,0.0
omj_007,OpenMoji,ribbon,mask_fill_edgewalk_rows16_p40,flat_icon_fill,0.39872363,hard_fail,0.35872363,115,25,0.0,0,1.0,0.898029,0.0,0.0,0.04,0,coverage,omj_007::coverage,0.35,0.05,0.02,0.005,0.003,0.003,1.0,0.0,0.0,1.0,1.0,0.0,0.0,0.0,0.0,0.0,0.0,0.0,0.0,0.0,16.0,40.0,0.0,0.0,0.0,0.0,0.0,0.0,0.0,0.0,0.0,0.0,1.0,0.0,0.376129150390625,0.019188640973630832,51.0,27.0,0.35872363,115.0,25.0,0.0,0.0,1.0,0.898029,0.0,0.0,0.0,1.0,0.0,1.0,0.0,0.0,0.0,0.0,0.0,0.0,0.0,0.0,0.0,0.0,0.0,1.0,0.0,0.35,0.05,0.02,0.005,0.003,0.003,0.35,0.04490145,0.0,0.0,0.34500000000000003,0.075,0.0
omj_007,OpenMoji,ribbon,mask_fill_edgewalk_rows16_p40,flat_icon_fill,0.39872363,hard_fail,0.35872363,115,25,0.0,0,1.0,0.898029,0.0,0.0,0.04,0,low_jump,omj_007::low_jump,0.1,0.05,0.02,0.005,0.03,0.02,1.0,0.0,0.0,1.0,1.0,0.0,0.0,0.0,0.0,0.0,0.0,0.0,0.0,0.0,16.0,40.0,0.0,0.0,0.0,0.0,0.0,0.0,0.0,0.0,0.0,0.0,1.0,0.0,0.376129150390625,0.019188640973630832,51.0,27.0,0.35872363,115.0,25.0,0.0,0.0,1.0,0.898029,0.0,0.0,0.0,1.0,0.0,1.0,0.0,0.0,0.0,0.0,0.0,0.0,0.0,0.0,0.0,0.0,0.0,0.0,1.0,0.1,0.05,0.02,0.005,0.03,0.02,0.1,0.04490145,0.0,0.0,3.4499999999999997,0.5,0.0
omj_007,OpenMoji,ribbon,auto_evalrepair_r10_c20,flat_icon_fill,0.25005031,warning,0.25005031,21,13,0.0,0,0.973955,0.90412,0.0,0.0,0.0,0,low_loss,omj_007::low_loss,0.0,0.0,0.0,0.0,0.0,0.0,1.0,0.0,1.0,0.0,0.0,0.0,0.0,0.0,0.0,0.0,0.0,0.0,0.0,0.0,0.0,0.0,0.0,0.0,0.0,0.0,0.0,0.0,0.0,0.0,0.0,0.0,1.0,0.0,0.376129150390625,0.019188640973630832,51.0,27.0,0.25005031,21.0,13.0,0.0,0.0,0.973955,0.90412,0.0,0.0,0.973955,0.0,0.0,0.0,0.0,0.0,0.0,0.0,0.0,0.0,0.0,0.0,1.0,0.0,0.0,0.0,0.0,0.0,0.0,0.0,0.0,0.0,0.0,0.0,0.0,0.0,0.0,0.0,0.0,0.25005031
omj_007,OpenMoji,ribbon,auto_evalrepair_r10_c20,flat_icon_fill,0.25005031,warning,0.25005031,21,13,0.0,0,0.973955,0.90412,0.0,0.0,0.0,0,balanced,omj_007::balanced,0.1,0.05,0.02,0.005,0.003,0.003,1.0,0.0,1.0,0.0,0.0,0.0,0.0,0.0,0.0,0.0,0.0,0.0,0.0,0.0,0.0,0.0,0.0,0.0,0.0,0.0,0.0,0.0,0.0,0.0,0.0,0.0,1.0,0.0,0.376129150390625,0.019188640973630832,51.0,27.0,0.25005031,21.0,13.0,0.0,0.0,0.973955,0.90412,0.0,0.0,0.973955,0.0,0.0,0.0,0.0,0.0,0.0,0.0,0.0,0.0,0.0,0.0,0.0,1.0,0.0,0.0,0.0,0.1,0.05,0.02,0.005,0.003,0.003,0.09739550000000001,0.045206,0.0,0.0,0.063,0.039,0.0
omj_007,OpenMoji,ribbon,auto_evalrepair_r10_c20,flat_icon_fill,0.25005031,warning,0.25005031,21,13,0.0,0,0.973955,0.90412,0.0,0.0,0.0,0,precision,omj_007::precision,0.1,0.2,0.02,0.005,0.003,0.003,1.0,0.0,1.0,0.0,0.0,0.0,0.0,0.0,0.0,0.0,0.0,0.0,0.0,0.0,0.0,0.0,0.0,0.0,0.0,0.0,0.0,0.0,0.0,0.0,0.0,0.0,1.0,0.0,0.376129150390625,0.019188640973630832,51.0,27.0,0.25005031,21.0,13.0,0.0,0.0,0.973955,0.90412,0.0,0.0,0.973955,0.0,0.0,0.0,0.0,0.0,0.0,0.0,0.0,0.0,0.0,0.0,0.0,0.0,1.0,0.0,0.0,0.1,0.2,0.02,0.005,0.003,0.003,0.09739550000000001,0.180824,0.0,0.0,0.063,0.039,0.0
omj_007,OpenMoji,ribbon,auto_evalrepair_r10_c20,flat_icon_fill,0.25005031,warning,0.25005031,21,13,0.0,0,0.973955,0.90412,0.0,0.0,0.0,0,coverage,omj_007::coverage,0.35,0.05,0.02,0.005,0.003,0.003,1.0,0.0,1.0,0.0,0.0,0.0,0.0,0.0,0.0,0.0,0.0,0.0,0.0,0.0,0.0,0.0,0.0,0.0,0.0,0.0,0.0,0.0,0.0,0.0,0.0,0.0,1.0,0.0,0.376129150390625,0.019188640973630832,51.0,27.0,0.25005031,21.0,13.0,0.0,0.0,0.973955,0.90412,0.0,0.0,0.973955,0.0,0.0,0.0,0.0,0.0,0.0,0.0,0.0,0.0,0.0,0.0,0.0,0.0,0.0,1.0,0.0,0.35,0.05,0.02,0.005,0.003,0.003,0.34088425,0.045206,0.0,0.0,0.063,0.039,0.0
omj_007,OpenMoji,ribbon,auto_evalrepair_r10_c20,flat_icon_fill,0.25005031,warning,0.25005031,21,13,0.0,0,0.973955,0.90412,0.0,0.0,0.0,0,low_jump,omj_007::low_jump,0.1,0.05,0.02,0.005,0.03,0.02,1.0,0.0,1.0,0.0,0.0,0.0,0.0,0.0,0.0,0.0,0.0,0.0,0.0,0.0,0.0,0.0,0.0,0.0,0.0,0.0,0.0,0.0,0.0,0.0,0.0,0.0,1.0,0.0,0.376129150390625,0.019188640973630832,51.0,27.0,0.25005031,21.0,13.0,0.0,0.0,0.973955,0.90412,0.0,0.0,0.973955,0.0,0.0,0.0,0.0,0.0,0.0,0.0,0.0,0.0,0.0,0.0,0.0,0.0,0.0,0.0,1.0,0.1,0.05,0.02,0.005,0.03,0.02,0.09739550000000001,0.045206,0.0,0.0,0.63,0.26,0.0
omj_007,OpenMoji,ribbon,skeleton_c30_m20,flat_icon_fill,0.29653486,excellent,0.05556926,6,1,0.0,0,0.147586,1.0,0.602414,0.0,0.0,0,low_loss,omj_007::low_loss,0.0,0.0,0.0,0.0,0.0,0.0,1.0,1.0,0.0,0.0,0.0,0.0,0.0,0.0,0.0,0.0,0.0,0.0,0.0,0.0,0.0,0.0,0.0,0.0,0.0,0.0,0.0,0.0,0.0,0.0,0.0,0.0,1.0,0.0,0.376129150390625,0.019188640973630832,51.0,27.0,0.05556926,6.0,1.0,0.0,0.0,0.147586,1.0,0.0,0.147586,0.0,0.0,0.0,0.0,0.0,0.0,0.0,0.0,0.0,0.0,0.0,0.0,1.0,0.0,0.0,0.0,0.0,0.0,0.0,0.0,0.0,0.0,0.0,0.0,0.0,0.0,0.0,0.0,0.0,0.05556926
omj_007,OpenMoji,ribbon,skeleton_c30_m20,flat_icon_fill,0.29653486,excellent,0.05556926,6,1,0.0,0,0.147586,1.0,0.602414,0.0,0.0,0,balanced,omj_007::balanced,0.1,0.05,0.02,0.005,0.003,0.003,1.0,1.0,0.0,0.0,0.0,0.0,0.0,0.0,0.0,0.0,0.0,0.0,0.0,0.0,0.0,0.0,0.0,0.0,0.0,0.0,0.0,0.0,0.0,0.0,0.0,0.0,1.0,0.0,0.376129150390625,0.019188640973630832,51.0,27.0,0.05556926,6.0,1.0,0.0,0.0,0.147586,1.0,0.0,0.147586,0.0,0.0,0.0,0.0,0.0,0.0,0.0,0.0,0.0,0.0,0.0,0.0,0.0,1.0,0.0,0.0,0.0,0.1,0.05,0.02,0.005,0.003,0.003,0.0147586,0.05,0.0,0.0,0.018000000000000002,0.003,0.0
omj_007,OpenMoji,ribbon,skeleton_c30_m20,flat_icon_fill,0.29653486,excellent,0.05556926,6,1,0.0,0,0.147586,1.0,0.602414,0.0,0.0,0,precision,omj_007::precision,0.1,0.2,0.02,0.005,0.003,0.003,1.0,1.0,0.0,0.0,0.0,0.0,0.0,0.0,0.0,0.0,0.0,0.0,0.0,0.0,0.0,0.0,0.0,0.0,0.0,0.0,0.0,0.0,0.0,0.0,0.0,0.0,1.0,0.0,0.376129150390625,0.019188640973630832,51.0,27.0,0.05556926,6.0,1.0,0.0,0.0,0.147586,1.0,0.0,0.147586,0.0,0.0,0.0,0.0,0.0,0.0,0.0,0.0,0.0,0.0,0.0,0.0,0.0,0.0,1.0,0.0,0.0,0.1,0.2,0.02,0.005,0.003,0.003,0.0147586,0.2,0.0,0.0,0.018000000000000002,0.003,0.0
omj_007,OpenMoji,ribbon,skeleton_c30_m20,flat_icon_fill,0.29653486,excellent,0.05556926,6,1,0.0,0,0.147586,1.0,0.602414,0.0,0.0,0,coverage,omj_007::coverage,0.35,0.05,0.02,0.005,0.003,0.003,1.0,1.0,0.0,0.0,0.0,0.0,0.0,0.0,0.0,0.0,0.0,0.0,0.0,0.0,0.0,0.0,0.0,0.0,0.0,0.0,0.0,0.0,0.0,0.0,0.0,0.0,1.0,0.0,0.376129150390625,0.019188640973630832,51.0,27.0,0.05556926,6.0,1.0,0.0,0.0,0.147586,1.0,0.0,0.147586,0.0,0.0,0.0,0.0,0.0,0.0,0.0,0.0,0.0,0.0,0.0,0.0,0.0,0.0,0.0,1.0,0.0,0.35,0.05,0.02,0.005,0.003,0.003,0.051655099999999995,0.05,0.0,0.0,0.018000000000000002,0.003,0.0
omj_007,OpenMoji,ribbon,skeleton_c30_m20,flat_icon_fill,0.29653486,excellent,0.05556926,6,1,0.0,0,0.147586,1.0,0.602414,0.0,0.0,0,low_jump,omj_007::low_jump,0.1,0.05,0.02,0.005,0.03,0.02,1.0,1.0,0.0,0.0,0.0,0.0,0.0,0.0,0.0,0.0,0.0,0.0,0.0,0.0,0.0,0.0,0.0,0.0,0.0,0.0,0.0,0.0,0.0,0.0,0.0,0.0,1.0,0.0,0.376129150390625,0.019188640973630832,51.0,27.0,0.05556926,6.0,1.0,0.0,0.0,0.147586,1.0,0.0,0.147586,0.0,0.0,0.0,0.0,0.0,0.0,0.0,0.0,0.0,0.0,0.0,0.0,0.0,0.0,0.0,0.0,1.0,0.1,0.05,0.02,0.005,0.03,0.02,0.0147586,0.05,0.0,0.0,0.18,0.02,0.0
omj_007,OpenMoji,ribbon,skeleton_c30_m4,flat_icon_fill,0.28249374,excellent,0.07284654,8,1,0.0,0,0.225882,1.0,0.524118,0.0,0.0,0,low_loss,omj_007::low_loss,0.0,0.0,0.0,0.0,0.0,0.0,1.0,1.0,0.0,0.0,0.0,0.0,0.0,0.0,0.0,0.0,0.0,0.0,0.0,0.0,0.0,0.0,0.0,0.0,0.0,0.0,0.0,0.0,0.0,0.0,0.0,0.0,1.0,0.0,0.376129150390625,0.019188640973630832,51.0,27.0,0.07284654,8.0,1.0,0.0,0.0,0.225882,1.0,0.0,0.225882,0.0,0.0,0.0,0.0,0.0,0.0,0.0,0.0,0.0,0.0,0.0,0.0,1.0,0.0,0.0,0.0,0.0,0.0,0.0,0.0,0.0,0.0,0.0,0.0,0.0,0.0,0.0,0.0,0.0,0.07284654
omj_007,OpenMoji,ribbon,skeleton_c30_m4,flat_icon_fill,0.28249374,excellent,0.07284654,8,1,0.0,0,0.225882,1.0,0.524118,0.0,0.0,0,balanced,omj_007::balanced,0.1,0.05,0.02,0.005,0.003,0.003,1.0,1.0,0.0,0.0,0.0,0.0,0.0,0.0,0.0,0.0,0.0,0.0,0.0,0.0,0.0,0.0,0.0,0.0,0.0,0.0,0.0,0.0,0.0,0.0,0.0,0.0,1.0,0.0,0.376129150390625,0.019188640973630832,51.0,27.0,0.07284654,8.0,1.0,0.0,0.0,0.225882,1.0,0.0,0.225882,0.0,0.0,0.0,0.0,0.0,0.0,0.0,0.0,0.0,0.0,0.0,0.0,0.0,1.0,0.0,0.0,0.0,0.1,0.05,0.02,0.005,0.003,0.003,0.022588200000000003,0.05,0.0,0.0,0.024,0.003,0.0
omj_007,OpenMoji,ribbon,skeleton_c30_m4,flat_icon_fill,0.28249374,excellent,0.07284654,8,1,0.0,0,0.225882,1.0,0.524118,0.0,0.0,0,precision,omj_007::precision,0.1,0.2,0.02,0.005,0.003,0.003,1.0,1.0,0.0,0.0,0.0,0.0,0.0,0.0,0.0,0.0,0.0,0.0,0.0,0.0,0.0,0.0,0.0,0.0,0.0,0.0,0.0,0.0,0.0,0.0,0.0,0.0,1.0,0.0,0.376129150390625,0.019188640973630832,51.0,27.0,0.07284654,8.0,1.0,0.0,0.0,0.225882,1.0,0.0,0.225882,0.0,0.0,0.0,0.0,0.0,0.0,0.0,0.0,0.0,0.0,0.0,0.0,0.0,0.0,1.0,0.0,0.0,0.1,0.2,0.02,0.005,0.003,0.003,0.022588200000000003,0.2,0.0,0.0,0.024,0.003,0.0
omj_007,OpenMoji,ribbon,skeleton_c30_m4,flat_icon_fill,0.28249374,excellent,0.07284654,8,1,0.0,0,0.225882,1.0,0.524118,0.0,0.0,0,coverage,omj_007::coverage,0.35,0.05,0.02,0.005,0.003,0.003,1.0,1.0,0.0,0.0,0.0,0.0,0.0,0.0,0.0,0.0,0.0,0.0,0.0,0.0,0.0,0.0,0.0,0.0,0.0,0.0,0.0,0.0,0.0,0.0,0.0,0.0,1.0,0.0,0.376129150390625,0.019188640973630832,51.0,27.0,0.07284654,8.0,1.0,0.0,0.0,0.225882,1.0,0.0,0.225882,0.0,0.0,0.0,0.0,0.0,0.0,0.0,0.0,0.0,0.0,0.0,0.0,0.0,0.0,0.0,1.0,0.0,0.35,0.05,0.02,0.005,0.003,0.003,0.0790587,0.05,0.0,0.0,0.024,0.003,0.0
omj_007,OpenMoji,ribbon,skeleton_c30_m4,flat_icon_fill,0.28249374,excellent,0.07284654,8,1,0.0,0,0.225882,1.0,0.524118,0.0,0.0,0,low_jump,omj_007::low_jump,0.1,0.05,0.02,0.005,0.03,0.02,1.0,1.0,0.0,0.0,0.0,0.0,0.0,0.0,0.0,0.0,0.0,0.0,0.0,0.0,0.0,0.0,0.0,0.0,0.0,0.0,0.0,0.0,0.0,0.0,0.0,0.0,1.0,0.0,0.376129150390625,0.019188640973630832,51.0,27.0,0.07284654,8.0,1.0,0.0,0.0,0.225882,1.0,0.0,0.225882,0.0,0.0,0.0,0.0,0.0,0.0,0.0,0.0,0.0,0.0,0.0,0.0,0.0,0.0,0.0,0.0,1.0,0.1,0.05,0.02,0.005,0.03,0.02,0.022588200000000003,0.05,0.0,0.0,0.24,0.02,0.0
omj_007,OpenMoji,ribbon,mask_fill_edgewalk_nearestrow_safeadt_t2m5_r055_a64_rows16_p40,flat_icon_fill,0.10415996,pass,0.10415996,11,2,0.0,0,0.999959,0.917513,0.0,0.0,0.0,0,low_loss,omj_007::low_loss,0.0,0.0,0.0,0.0,0.0,0.0,1.0,0.0,0.0,1.0,1.0,1.0,1.0,0.0,0.0,0.0,0.0,0.0,0.0,0.0,16.0,40.0,0.0,0.0,0.0,0.0,0.0,0.0,0.0,0.0,0.0,0.0,1.0,0.0,0.376129150390625,0.019188640973630832,51.0,27.0,0.10415996,11.0,2.0,0.0,0.0,0.999959,0.917513,0.0,0.0,0.0,0.999959,0.0,0.999959,0.999959,0.376129150390625,0.0,0.0,0.0,0.0,0.0,0.0,1.0,0.0,0.0,0.0,0.0,0.0,0.0,0.0,0.0,0.0,0.0,0.0,0.0,0.0,0.0,0.0,0.0,0.10415996
omj_007,OpenMoji,ribbon,mask_fill_edgewalk_nearestrow_safeadt_t2m5_r055_a64_rows16_p40,flat_icon_fill,0.10415996,pass,0.10415996,11,2,0.0,0,0.999959,0.917513,0.0,0.0,0.0,0,balanced,omj_007::balanced,0.1,0.05,0.02,0.005,0.003,0.003,1.0,0.0,0.0,1.0,1.0,1.0,1.0,0.0,0.0,0.0,0.0,0.0,0.0,0.0,16.0,40.0,0.0,0.0,0.0,0.0,0.0,0.0,0.0,0.0,0.0,0.0,1.0,0.0,0.376129150390625,0.019188640973630832,51.0,27.0,0.10415996,11.0,2.0,0.0,0.0,0.999959,0.917513,0.0,0.0,0.0,0.999959,0.0,0.999959,0.999959,0.376129150390625,0.0,0.0,0.0,0.0,0.0,0.0,0.0,1.0,0.0,0.0,0.0,0.1,0.05,0.02,0.005,0.003,0.003,0.09999590000000001,0.045875650000000004,0.0,0.0,0.033,0.006,0.0
omj_007,OpenMoji,ribbon,mask_fill_edgewalk_nearestrow_safeadt_t2m5_r055_a64_rows16_p40,flat_icon_fill,0.10415996,pass,0.10415996,11,2,0.0,0,0.999959,0.917513,0.0,0.0,0.0,0,precision,omj_007::precision,0.1,0.2,0.02,0.005,0.003,0.003,1.0,0.0,0.0,1.0,1.0,1.0,1.0,0.0,0.0,0.0,0.0,0.0,0.0,0.0,16.0,40.0,0.0,0.0,0.0,0.0,0.0,0.0,0.0,0.0,0.0,0.0,1.0,0.0,0.376129150390625,0.019188640973630832,51.0,27.0,0.10415996,11.0,2.0,0.0,0.0,0.999959,0.917513,0.0,0.0,0.0,0.999959,0.0,0.999959,0.999959,0.376129150390625,0.0,0.0,0.0,0.0,0.0,0.0,0.0,0.0,1.0,0.0,0.0,0.1,0.2,0.02,0.005,0.003,0.003,0.09999590000000001,0.18350260000000002,0.0,0.0,0.033,0.006,0.0
omj_007,OpenMoji,ribbon,mask_fill_edgewalk_nearestrow_safeadt_t2m5_r055_a64_rows16_p40,flat_icon_fill,0.10415996,pass,0.10415996,11,2,0.0,0,0.999959,0.917513,0.0,0.0,0.0,0,coverage,omj_007::coverage,0.35,0.05,0.02,0.005,0.003,0.003,1.0,0.0,0.0,1.0,1.0,1.0,1.0,0.0,0.0,0.0,0.0,0.0,0.0,0.0,16.0,40.0,0.0,0.0,0.0,0.0,0.0,0.0,0.0,0.0,0.0,0.0,1.0,0.0,0.376129150390625,0.019188640973630832,51.0,27.0,0.10415996,11.0,2.0,0.0,0.0,0.999959,0.917513,0.0,0.0,0.0,0.999959,0.0,0.999959,0.999959,0.376129150390625,0.0,0.0,0.0,0.0,0.0,0.0,0.0,0.0,0.0,1.0,0.0,0.35,0.05,0.02,0.005,0.003,0.003,0.34998565,0.045875650000000004,0.0,0.0,0.033,0.006,0.0
omj_007,OpenMoji,ribbon,mask_fill_edgewalk_nearestrow_safeadt_t2m5_r055_a64_rows16_p40,flat_icon_fill,0.10415996,pass,0.10415996,11,2,0.0,0,0.999959,0.917513,0.0,0.0,0.0,0,low_jump,omj_007::low_jump,0.1,0.05,0.02,0.005,0.03,0.02,1.0,0.0,0.0,1.0,1.0,1.0,1.0,0.0,0.0,0.0,0.0,0.0,0.0,0.0,16.0,40.0,0.0,0.0,0.0,0.0,0.0,0.0,0.0,0.0,0.0,0.0,1.0,0.0,0.376129150390625,0.019188640973630832,51.0,27.0,0.10415996,11.0,2.0,0.0,0.0,0.999959,0.917513,0.0,0.0,0.0,0.999959,0.0,0.999959,0.999959,0.376129150390625,0.0,0.0,0.0,0.0,0.0,0.0,0.0,0.0,0.0,0.0,1.0,0.1,0.05,0.02,0.005,0.03,0.02,0.09999590000000001,0.045875650000000004,0.0,0.0,0.32999999999999996,0.04,0.0
omj_008,OpenMoji,paw_prints,mask_fill_edgewalk_nearestrow_inset1_rows16_p40,flat_icon_fill,0.06088992,excellent,0.06088992,6,0,0.4955,0,0.99951,0.814631,0.0,0.0,0.0,1,low_loss,omj_008::low_loss,0.0,0.0,0.0,0.0,0.0,0.0,1.0,0.0,0.0,1.0,1.0,1.0,0.0,1.0,1.0,0.0,1.0,0.0,0.0,0.0,16.0,40.0,0.0,0.0,0.0,0.0,0.0,0.0,0.0,0.0,0.0,0.0,1.0,0.0,0.2177734375,0.03160033632286995,23.0,18.0,0.06088992,6.0,0.0,0.4955,0.0,0.99951,0.814631,0.0,0.0,0.0,0.99951,0.0,0.99951,0.99951,0.2177734375,0.2177734375,0.0,0.0,0.0,0.0,0.0,1.0,0.0,0.0,0.0,0.0,0.0,0.0,0.0,0.0,0.0,0.0,0.0,0.0,0.0,0.0,0.0,0.0,0.06088992
omj_008,OpenMoji,paw_prints,mask_fill_edgewalk_nearestrow_inset1_rows16_p40,flat_icon_fill,0.06088992,excellent,0.06088992,6,0,0.4955,0,0.99951,0.814631,0.0,0.0,0.0,1,balanced,omj_008::balanced,0.1,0.05,0.02,0.005,0.003,0.003,1.0,0.0,0.0,1.0,1.0,1.0,0.0,1.0,1.0,0.0,1.0,0.0,0.0,0.0,16.0,40.0,0.0,0.0,0.0,0.0,0.0,0.0,0.0,0.0,0.0,0.0,1.0,0.0,0.2177734375,0.03160033632286995,23.0,18.0,0.06088992,6.0,0.0,0.4955,0.0,0.99951,0.814631,0.0,0.0,0.0,0.99951,0.0,0.99951,0.99951,0.2177734375,0.2177734375,0.0,0.0,0.0,0.0,0.0,0.0,1.0,0.0,0.0,0.0,0.1,0.05,0.02,0.005,0.003,0.003,0.09995100000000001,0.040731550000000005,0.00991,0.0,0.018000000000000002,0.0,0.0
omj_008,OpenMoji,paw_prints,mask_fill_edgewalk_nearestrow_inset1_rows16_p40,flat_icon_fill,0.06088992,excellent,0.06088992,6,0,0.4955,0,0.99951,0.814631,0.0,0.0,0.0,1,precision,omj_008::precision,0.1,0.2,0.02,0.005,0.003,0.003,1.0,0.0,0.0,1.0,1.0,1.0,0.0,1.0,1.0,0.0,1.0,0.0,0.0,0.0,16.0,40.0,0.0,0.0,0.0,0.0,0.0,0.0,0.0,0.0,0.0,0.0,1.0,0.0,0.2177734375,0.03160033632286995,23.0,18.0,0.06088992,6.0,0.0,0.4955,0.0,0.99951,0.814631,0.0,0.0,0.0,0.99951,0.0,0.99951,0.99951,0.2177734375,0.2177734375,0.0,0.0,0.0,0.0,0.0,0.0,0.0,1.0,0.0,0.0,0.1,0.2,0.02,0.005,0.003,0.003,0.09995100000000001,0.16292620000000002,0.00991,0.0,0.018000000000000002,0.0,0.0
omj_008,OpenMoji,paw_prints,mask_fill_edgewalk_nearestrow_inset1_rows16_p40,flat_icon_fill,0.06088992,excellent,0.06088992,6,0,0.4955,0,0.99951,0.814631,0.0,0.0,0.0,1,coverage,omj_008::coverage,0.35,0.05,0.02,0.005,0.003,0.003,1.0,0.0,0.0,1.0,1.0,1.0,0.0,1.0,1.0,0.0,1.0,0.0,0.0,0.0,16.0,40.0,0.0,0.0,0.0,0.0,0.0,0.0,0.0,0.0,0.0,0.0,1.0,0.0,0.2177734375,0.03160033632286995,23.0,18.0,0.06088992,6.0,0.0,0.4955,0.0,0.99951,0.814631,0.0,0.0,0.0,0.99951,0.0,0.99951,0.99951,0.2177734375,0.2177734375,0.0,0.0,0.0,0.0,0.0,0.0,0.0,0.0,1.0,0.0,0.35,0.05,0.02,0.005,0.003,0.003,0.3498285,0.040731550000000005,0.00991,0.0,0.018000000000000002,0.0,0.0
omj_008,OpenMoji,paw_prints,mask_fill_edgewalk_nearestrow_inset1_rows16_p40,flat_icon_fill,0.06088992,excellent,0.06088992,6,0,0.4955,0,0.99951,0.814631,0.0,0.0,0.0,1,low_jump,omj_008::low_jump,0.1,0.05,0.02,0.005,0.03,0.02,1.0,0.0,0.0,1.0,1.0,1.0,0.0,1.0,1.0,0.0,1.0,0.0,0.0,0.0,16.0,40.0,0.0,0.0,0.0,0.0,0.0,0.0,0.0,0.0,0.0,0.0,1.0,0.0,0.2177734375,0.03160033632286995,23.0,18.0,0.06088992,6.0,0.0,0.4955,0.0,0.99951,0.814631,0.0,0.0,0.0,0.99951,0.0,0.99951,0.99951,0.2177734375,0.2177734375,0.0,0.0,0.0,0.0,0.0,0.0,0.0,0.0,0.0,1.0,0.1,0.05,0.02,0.005,0.03,0.02,0.09995100000000001,0.040731550000000005,0.00991,0.0,0.18,0.0,0.0
omj_008,OpenMoji,paw_prints,mask_fill_edgewalk_nearestrow_inset2_rows16_p40,flat_icon_fill,0.09494591,excellent,0.09494591,10,2,0.0,0,0.995796,0.884987,0.0,0.0,0.0,0,low_loss,omj_008::low_loss,0.0,0.0,0.0,0.0,0.0,0.0,1.0,0.0,0.0,1.0,1.0,1.0,0.0,1.0,0.0,1.0,2.0,0.0,0.0,0.0,16.0,40.0,0.0,0.0,0.0,0.0,0.0,0.0,0.0,0.0,0.0,0.0,1.0,0.0,0.2177734375,0.03160033632286995,23.0,18.0,0.09494591,10.0,2.0,0.0,0.0,0.995796,0.884987,0.0,0.0,0.0,0.995796,0.0,0.995796,0.995796,0.2177734375,0.2177734375,0.2177734375,0.0,0.0,0.0,0.0,1.0,0.0,0.0,0.0,0.0,0.0,0.0,0.0,0.0,0.0,0.0,0.0,0.0,0.0,0.0,0.0,0.0,0.09494591
omj_008,OpenMoji,paw_prints,mask_fill_edgewalk_nearestrow_inset2_rows16_p40,flat_icon_fill,0.09494591,excellent,0.09494591,10,2,0.0,0,0.995796,0.884987,0.0,0.0,0.0,0,balanced,omj_008::balanced,0.1,0.05,0.02,0.005,0.003,0.003,1.0,0.0,0.0,1.0,1.0,1.0,0.0,1.0,0.0,1.0,2.0,0.0,0.0,0.0,16.0,40.0,0.0,0.0,0.0,0.0,0.0,0.0,0.0,0.0,0.0,0.0,1.0,0.0,0.2177734375,0.03160033632286995,23.0,18.0,0.09494591,10.0,2.0,0.0,0.0,0.995796,0.884987,0.0,0.0,0.0,0.995796,0.0,0.995796,0.995796,0.2177734375,0.2177734375,0.2177734375,0.0,0.0,0.0,0.0,0.0,1.0,0.0,0.0,0.0,0.1,0.05,0.02,0.005,0.003,0.003,0.0995796,0.04424935,0.0,0.0,0.03,0.006,0.0
omj_008,OpenMoji,paw_prints,mask_fill_edgewalk_nearestrow_inset2_rows16_p40,flat_icon_fill,0.09494591,excellent,0.09494591,10,2,0.0,0,0.995796,0.884987,0.0,0.0,0.0,0,precision,omj_008::precision,0.1,0.2,0.02,0.005,0.003,0.003,1.0,0.0,0.0,1.0,1.0,1.0,0.0,1.0,0.0,1.0,2.0,0.0,0.0,0.0,16.0,40.0,0.0,0.0,0.0,0.0,0.0,0.0,0.0,0.0,0.0,0.0,1.0,0.0,0.2177734375,0.03160033632286995,23.0,18.0,0.09494591,10.0,2.0,0.0,0.0,0.995796,0.884987,0.0,0.0,0.0,0.995796,0.0,0.995796,0.995796,0.2177734375,0.2177734375,0.2177734375,0.0,0.0,0.0,0.0,0.0,0.0,1.0,0.0,0.0,0.1,0.2,0.02,0.005,0.003,0.003,0.0995796,0.1769974,0.0,0.0,0.03,0.006,0.0
omj_008,OpenMoji,paw_prints,mask_fill_edgewalk_nearestrow_inset2_rows16_p40,flat_icon_fill,0.09494591,excellent,0.09494591,10,2,0.0,0,0.995796,0.884987,0.0,0.0,0.0,0,coverage,omj_008::coverage,0.35,0.05,0.02,0.005,0.003,0.003,1.0,0.0,0.0,1.0,1.0,1.0,0.0,1.0,0.0,1.0,2.0,0.0,0.0,0.0,16.0,40.0,0.0,0.0,0.0,0.0,0.0,0.0,0.0,0.0,0.0,0.0,1.0,0.0,0.2177734375,0.03160033632286995,23.0,18.0,0.09494591,10.0,2.0,0.0,0.0,0.995796,0.884987,0.0,0.0,0.0,0.995796,0.0,0.995796,0.995796,0.2177734375,0.2177734375,0.2177734375,0.0,0.0,0.0,0.0,0.0,0.0,0.0,1.0,0.0,0.35,0.05,0.02,0.005,0.003,0.003,0.34852859999999997,0.04424935,0.0,0.0,0.03,0.006,0.0
omj_008,OpenMoji,paw_prints,mask_fill_edgewalk_nearestrow_inset2_rows16_p40,flat_icon_fill,0.09494591,excellent,0.09494591,10,2,0.0,0,0.995796,0.884987,0.0,0.0,0.0,0,low_jump,omj_008::low_jump,0.1,0.05,0.02,0.005,0.03,0.02,1.0,0.0,0.0,1.0,1.0,1.0,0.0,1.0,0.0,1.0,2.0,0.0,0.0,0.0,16.0,40.0,0.0,0.0,0.0,0.0,0.0,0.0,0.0,0.0,0.0,0.0,1.0,0.0,0.2177734375,0.03160033632286995,23.0,18.0,0.09494591,10.0,2.0,0.0,0.0,0.995796,0.884987,0.0,0.0,0.0,0.995796,0.0,0.995796,0.995796,0.2177734375,0.2177734375,0.2177734375,0.0,0.0,0.0,0.0,0.0,0.0,0.0,0.0,1.0,0.1,0.05,0.02,0.005,0.03,0.02,0.0995796,0.04424935,0.0,0.0,0.3,0.04,0.0
omj_008,OpenMoji,paw_prints,mask_fill_edgewalk_nearestrow_rows16_p40,flat_icon_fill,0.06932126,excellent,0.06932126,7,0,0.4955,0,1.0,0.774768,0.0,0.0,0.0,0,low_loss,omj_008::low_loss,0.0,0.0,0.0,0.0,0.0,0.0,1.0,0.0,0.0,1.0,1.0,1.0,1.0,0.0,0.0,0.0,0.0,0.0,0.0,0.0,16.0,40.0,0.0,0.0,0.0,0.0,0.0,0.0,0.0,0.0,0.0,0.0,1.0,0.0,0.2177734375,0.03160033632286995,23.0,18.0,0.06932126,7.0,0.0,0.4955,0.0,1.0,0.774768,0.0,0.0,0.0,1.0,0.0,1.0,1.0,0.2177734375,0.0,0.0,0.0,0.0,0.0,0.0,1.0,0.0,0.0,0.0,0.0,0.0,0.0,0.0,0.0,0.0,0.0,0.0,0.0,0.0,0.0,0.0,0.0,0.06932126
omj_008,OpenMoji,paw_prints,mask_fill_edgewalk_nearestrow_rows16_p40,flat_icon_fill,0.06932126,excellent,0.06932126,7,0,0.4955,0,1.0,0.774768,0.0,0.0,0.0,0,balanced,omj_008::balanced,0.1,0.05,0.02,0.005,0.003,0.003,1.0,0.0,0.0,1.0,1.0,1.0,1.0,0.0,0.0,0.0,0.0,0.0,0.0,0.0,16.0,40.0,0.0,0.0,0.0,0.0,0.0,0.0,0.0,0.0,0.0,0.0,1.0,0.0,0.2177734375,0.03160033632286995,23.0,18.0,0.06932126,7.0,0.0,0.4955,0.0,1.0,0.774768,0.0,0.0,0.0,1.0,0.0,1.0,1.0,0.2177734375,0.0,0.0,0.0,0.0,0.0,0.0,0.0,1.0,0.0,0.0,0.0,0.1,0.05,0.02,0.005,0.003,0.003,0.1,0.038738400000000006,0.00991,0.0,0.021,0.0,0.0
omj_008,OpenMoji,paw_prints,mask_fill_edgewalk_nearestrow_rows16_p40,flat_icon_fill,0.06932126,excellent,0.06932126,7,0,0.4955,0,1.0,0.774768,0.0,0.0,0.0,0,precision,omj_008::precision,0.1,0.2,0.02,0.005,0.003,0.003,1.0,0.0,0.0,1.0,1.0,1.0,1.0,0.0,0.0,0.0,0.0,0.0,0.0,0.0,16.0,40.0,0.0,0.0,0.0,0.0,0.0,0.0,0.0,0.0,0.0,0.0,1.0,0.0,0.2177734375,0.03160033632286995,23.0,18.0,0.06932126,7.0,0.0,0.4955,0.0,1.0,0.774768,0.0,0.0,0.0,1.0,0.0,1.0,1.0,0.2177734375,0.0,0.0,0.0,0.0,0.0,0.0,0.0,0.0,1.0,0.0,0.0,0.1,0.2,0.02,0.005,0.003,0.003,0.1,0.15495360000000002,0.00991,0.0,0.021,0.0,0.0
omj_008,OpenMoji,paw_prints,mask_fill_edgewalk_nearestrow_rows16_p40,flat_icon_fill,0.06932126,excellent,0.06932126,7,0,0.4955,0,1.0,0.774768,0.0,0.0,0.0,0,coverage,omj_008::coverage,0.35,0.05,0.02,0.005,0.003,0.003,1.0,0.0,0.0,1.0,1.0,1.0,1.0,0.0,0.0,0.0,0.0,0.0,0.0,0.0,16.0,40.0,0.0,0.0,0.0,0.0,0.0,0.0,0.0,0.0,0.0,0.0,1.0,0.0,0.2177734375,0.03160033632286995,23.0,18.0,0.06932126,7.0,0.0,0.4955,0.0,1.0,0.774768,0.0,0.0,0.0,1.0,0.0,1.0,1.0,0.2177734375,0.0,0.0,0.0,0.0,0.0,0.0,0.0,0.0,0.0,1.0,0.0,0.35,0.05,0.02,0.005,0.003,0.003,0.35,0.038738400000000006,0.00991,0.0,0.021,0.0,0.0
omj_008,OpenMoji,paw_prints,mask_fill_edgewalk_nearestrow_rows16_p40,flat_icon_fill,0.06932126,excellent,0.06932126,7,0,0.4955,0,1.0,0.774768,0.0,0.0,0.0,0,low_jump,omj_008::low_jump,0.1,0.05,0.02,0.005,0.03,0.02,1.0,0.0,0.0,1.0,1.0,1.0,1.0,0.0,0.0,0.0,0.0,0.0,0.0,0.0,16.0,40.0,0.0,0.0,0.0,0.0,0.0,0.0,0.0,0.0,0.0,0.0,1.0,0.0,0.2177734375,0.03160033632286995,23.0,18.0,0.06932126,7.0,0.0,0.4955,0.0,1.0,0.774768,0.0,0.0,0.0,1.0,0.0,1.0,1.0,0.2177734375,0.0,0.0,0.0,0.0,0.0,0.0,0.0,0.0,0.0,0.0,1.0,0.1,0.05,0.02,0.005,0.03,0.02,0.1,0.038738400000000006,0.00991,0.0,0.21,0.0,0.0
omj_008,OpenMoji,paw_prints,mask_fill_edgewalk_rows16_p40,flat_icon_fill,0.1405736,pass,0.1405736,14,2,0.4955,0,1.0,0.772922,0.0,0.0,0.0,0,low_loss,omj_008::low_loss,0.0,0.0,0.0,0.0,0.0,0.0,1.0,0.0,0.0,1.0,1.0,0.0,0.0,0.0,0.0,0.0,0.0,0.0,0.0,0.0,16.0,40.0,0.0,0.0,0.0,0.0,0.0,0.0,0.0,0.0,0.0,0.0,1.0,0.0,0.2177734375,0.03160033632286995,23.0,18.0,0.1405736,14.0,2.0,0.4955,0.0,1.0,0.772922,0.0,0.0,0.0,1.0,0.0,1.0,0.0,0.0,0.0,0.0,0.0,0.0,0.0,0.0,1.0,0.0,0.0,0.0,0.0,0.0,0.0,0.0,0.0,0.0,0.0,0.0,0.0,0.0,0.0,0.0,0.0,0.1405736
omj_008,OpenMoji,paw_prints,mask_fill_edgewalk_rows16_p40,flat_icon_fill,0.1405736,pass,0.1405736,14,2,0.4955,0,1.0,0.772922,0.0,0.0,0.0,0,balanced,omj_008::balanced,0.1,0.05,0.02,0.005,0.003,0.003,1.0,0.0,0.0,1.0,1.0,0.0,0.0,0.0,0.0,0.0,0.0,0.0,0.0,0.0,16.0,40.0,0.0,0.0,0.0,0.0,0.0,0.0,0.0,0.0,0.0,0.0,1.0,0.0,0.2177734375,0.03160033632286995,23.0,18.0,0.1405736,14.0,2.0,0.4955,0.0,1.0,0.772922,0.0,0.0,0.0,1.0,0.0,1.0,0.0,0.0,0.0,0.0,0.0,0.0,0.0,0.0,0.0,1.0,0.0,0.0,0.0,0.1,0.05,0.02,0.005,0.003,0.003,0.1,0.0386461,0.00991,0.0,0.042,0.006,0.0
omj_008,OpenMoji,paw_prints,mask_fill_edgewalk_rows16_p40,flat_icon_fill,0.1405736,pass,0.1405736,14,2,0.4955,0,1.0,0.772922,0.0,0.0,0.0,0,precision,omj_008::precision,0.1,0.2,0.02,0.005,0.003,0.003,1.0,0.0,0.0,1.0,1.0,0.0,0.0,0.0,0.0,0.0,0.0,0.0,0.0,0.0,16.0,40.0,0.0,0.0,0.0,0.0,0.0,0.0,0.0,0.0,0.0,0.0,1.0,0.0,0.2177734375,0.03160033632286995,23.0,18.0,0.1405736,14.0,2.0,0.4955,0.0,1.0,0.772922,0.0,0.0,0.0,1.0,0.0,1.0,0.0,0.0,0.0,0.0,0.0,0.0,0.0,0.0,0.0,0.0,1.0,0.0,0.0,0.1,0.2,0.02,0.005,0.003,0.003,0.1,0.1545844,0.00991,0.0,0.042,0.006,0.0
omj_008,OpenMoji,paw_prints,mask_fill_edgewalk_rows16_p40,flat_icon_fill,0.1405736,pass,0.1405736,14,2,0.4955,0,1.0,0.772922,0.0,0.0,0.0,0,coverage,omj_008::coverage,0.35,0.05,0.02,0.005,0.003,0.003,1.0,0.0,0.0,1.0,1.0,0.0,0.0,0.0,0.0,0.0,0.0,0.0,0.0,0.0,16.0,40.0,0.0,0.0,0.0,0.0,0.0,0.0,0.0,0.0,0.0,0.0,1.0,0.0,0.2177734375,0.03160033632286995,23.0,18.0,0.1405736,14.0,2.0,0.4955,0.0,1.0,0.772922,0.0,0.0,0.0,1.0,0.0,1.0,0.0,0.0,0.0,0.0,0.0,0.0,0.0,0.0,0.0,0.0,0.0,1.0,0.0,0.35,0.05,0.02,0.005,0.003,0.003,0.35,0.0386461,0.00991,0.0,0.042,0.006,0.0
omj_008,OpenMoji,paw_prints,mask_fill_edgewalk_rows16_p40,flat_icon_fill,0.1405736,pass,0.1405736,14,2,0.4955,0,1.0,0.772922,0.0,0.0,0.0,0,low_jump,omj_008::low_jump,0.1,0.05,0.02,0.005,0.03,0.02,1.0,0.0,0.0,1.0,1.0,0.0,0.0,0.0,0.0,0.0,0.0,0.0,0.0,0.0,16.0,40.0,0.0,0.0,0.0,0.0,0.0,0.0,0.0,0.0,0.0,0.0,1.0,0.0,0.2177734375,0.03160033632286995,23.0,18.0,0.1405736,14.0,2.0,0.4955,0.0,1.0,0.772922,0.0,0.0,0.0,1.0,0.0,1.0,0.0,0.0,0.0,0.0,0.0,0.0,0.0,0.0,0.0,0.0,0.0,0.0,1.0,0.1,0.05,0.02,0.005,0.03,0.02,0.1,0.0386461,0.00991,0.0,0.42,0.04,0.0
omj_008,OpenMoji,paw_prints,auto_evalrepair_r10_c20,flat_icon_fill,0.36943594,hard_fail,0.32943594,49,20,0.0,0,0.993694,0.816794,0.0,0.0,0.04,0,low_loss,omj_008::low_loss,0.0,0.0,0.0,0.0,0.0,0.0,1.0,0.0,1.0,0.0,0.0,0.0,0.0,0.0,0.0,0.0,0.0,0.0,0.0,0.0,0.0,0.0,0.0,0.0,0.0,0.0,0.0,0.0,0.0,0.0,0.0,0.0,1.0,0.0,0.2177734375,0.03160033632286995,23.0,18.0,0.32943594,49.0,20.0,0.0,0.0,0.993694,0.816794,0.0,0.0,0.993694,0.0,0.0,0.0,0.0,0.0,0.0,0.0,0.0,0.0,0.0,0.0,1.0,0.0,0.0,0.0,0.0,0.0,0.0,0.0,0.0,0.0,0.0,0.0,0.0,0.0,0.0,0.0,0.0,0.32943594
omj_008,OpenMoji,paw_prints,auto_evalrepair_r10_c20,flat_icon_fill,0.36943594,hard_fail,0.32943594,49,20,0.0,0,0.993694,0.816794,0.0,0.0,0.04,0,balanced,omj_008::balanced,0.1,0.05,0.02,0.005,0.003,0.003,1.0,0.0,1.0,0.0,0.0,0.0,0.0,0.0,0.0,0.0,0.0,0.0,0.0,0.0,0.0,0.0,0.0,0.0,0.0,0.0,0.0,0.0,0.0,0.0,0.0,0.0,1.0,0.0,0.2177734375,0.03160033632286995,23.0,18.0,0.32943594,49.0,20.0,0.0,0.0,0.993694,0.816794,0.0,0.0,0.993694,0.0,0.0,0.0,0.0,0.0,0.0,0.0,0.0,0.0,0.0,0.0,0.0,1.0,0.0,0.0,0.0,0.1,0.05,0.02,0.005,0.003,0.003,0.0993694,0.04083970000000001,0.0,0.0,0.147,0.06,0.0
omj_008,OpenMoji,paw_prints,auto_evalrepair_r10_c20,flat_icon_fill,0.36943594,hard_fail,0.32943594,49,20,0.0,0,0.993694,0.816794,0.0,0.0,0.04,0,precision,omj_008::precision,0.1,0.2,0.02,0.005,0.003,0.003,1.0,0.0,1.0,0.0,0.0,0.0,0.0,0.0,0.0,0.0,0.0,0.0,0.0,0.0,0.0,0.0,0.0,0.0,0.0,0.0,0.0,0.0,0.0,0.0,0.0,0.0,1.0,0.0,0.2177734375,0.03160033632286995,23.0,18.0,0.32943594,49.0,20.0,0.0,0.0,0.993694,0.816794,0.0,0.0,0.993694,0.0,0.0,0.0,0.0,0.0,0.0,0.0,0.0,0.0,0.0,0.0,0.0,0.0,1.0,0.0,0.0,0.1,0.2,0.02,0.005,0.003,0.003,0.0993694,0.16335880000000003,0.0,0.0,0.147,0.06,0.0
omj_008,OpenMoji,paw_prints,auto_evalrepair_r10_c20,flat_icon_fill,0.36943594,hard_fail,0.32943594,49,20,0.0,0,0.993694,0.816794,0.0,0.0,0.04,0,coverage,omj_008::coverage,0.35,0.05,0.02,0.005,0.003,0.003,1.0,0.0,1.0,0.0,0.0,0.0,0.0,0.0,0.0,0.0,0.0,0.0,0.0,0.0,0.0,0.0,0.0,0.0,0.0,0.0,0.0,0.0,0.0,0.0,0.0,0.0,1.0,0.0,0.2177734375,0.03160033632286995,23.0,18.0,0.32943594,49.0,20.0,0.0,0.0,0.993694,0.816794,0.0,0.0,0.993694,0.0,0.0,0.0,0.0,0.0,0.0,0.0,0.0,0.0,0.0,0.0,0.0,0.0,0.0,1.0,0.0,0.35,0.05,0.02,0.005,0.003,0.003,0.34779289999999996,0.04083970000000001,0.0,0.0,0.147,0.06,0.0
omj_008,OpenMoji,paw_prints,auto_evalrepair_r10_c20,flat_icon_fill,0.36943594,hard_fail,0.32943594,49,20,0.0,0,0.993694,0.816794,0.0,0.0,0.04,0,low_jump,omj_008::low_jump,0.1,0.05,0.02,0.005,0.03,0.02,1.0,0.0,1.0,0.0,0.0,0.0,0.0,0.0,0.0,0.0,0.0,0.0,0.0,0.0,0.0,0.0,0.0,0.0,0.0,0.0,0.0,0.0,0.0,0.0,0.0,0.0,1.0,0.0,0.2177734375,0.03160033632286995,23.0,18.0,0.32943594,49.0,20.0,0.0,0.0,0.993694,0.816794,0.0,0.0,0.993694,0.0,0.0,0.0,0.0,0.0,0.0,0.0,0.0,0.0,0.0,0.0,0.0,0.0,0.0,0.0,1.0,0.1,0.05,0.02,0.005,0.03,0.02,0.0993694,0.04083970000000001,0.0,0.0,1.47,0.4,0.0
omj_008,OpenMoji,paw_prints,skeleton_c30_m20,flat_icon_fill,0.31730733,excellent,0.03317053,4,0,0.0,0,0.039658,1.0,0.710342,0.0,0.0,0,low_loss,omj_008::low_loss,0.0,0.0,0.0,0.0,0.0,0.0,1.0,1.0,0.0,0.0,0.0,0.0,0.0,0.0,0.0,0.0,0.0,0.0,0.0,0.0,0.0,0.0,0.0,0.0,0.0,0.0,0.0,0.0,0.0,0.0,0.0,0.0,1.0,0.0,0.2177734375,0.03160033632286995,23.0,18.0,0.03317053,4.0,0.0,0.0,0.0,0.039658,1.0,0.0,0.039658,0.0,0.0,0.0,0.0,0.0,0.0,0.0,0.0,0.0,0.0,0.0,0.0,1.0,0.0,0.0,0.0,0.0,0.0,0.0,0.0,0.0,0.0,0.0,0.0,0.0,0.0,0.0,0.0,0.0,0.03317053
omj_008,OpenMoji,paw_prints,skeleton_c30_m20,flat_icon_fill,0.31730733,excellent,0.03317053,4,0,0.0,0,0.039658,1.0,0.710342,0.0,0.0,0,balanced,omj_008::balanced,0.1,0.05,0.02,0.005,0.003,0.003,1.0,1.0,0.0,0.0,0.0,0.0,0.0,0.0,0.0,0.0,0.0,0.0,0.0,0.0,0.0,0.0,0.0,0.0,0.0,0.0,0.0,0.0,0.0,0.0,0.0,0.0,1.0,0.0,0.2177734375,0.03160033632286995,23.0,18.0,0.03317053,4.0,0.0,0.0,0.0,0.039658,1.0,0.0,0.039658,0.0,0.0,0.0,0.0,0.0,0.0,0.0,0.0,0.0,0.0,0.0,0.0,0.0,1.0,0.0,0.0,0.0,0.1,0.05,0.02,0.005,0.003,0.003,0.0039658,0.05,0.0,0.0,0.012,0.0,0.0
omj_008,OpenMoji,paw_prints,skeleton_c30_m20,flat_icon_fill,0.31730733,excellent,0.03317053,4,0,0.0,0,0.039658,1.0,0.710342,0.0,0.0,0,precision,omj_008::precision,0.1,0.2,0.02,0.005,0.003,0.003,1.0,1.0,0.0,0.0,0.0,0.0,0.0,0.0,0.0,0.0,0.0,0.0,0.0,0.0,0.0,0.0,0.0,0.0,0.0,0.0,0.0,0.0,0.0,0.0,0.0,0.0,1.0,0.0,0.2177734375,0.03160033632286995,23.0,18.0,0.03317053,4.0,0.0,0.0,0.0,0.039658,1.0,0.0,0.039658,0.0,0.0,0.0,0.0,0.0,0.0,0.0,0.0,0.0,0.0,0.0,0.0,0.0,0.0,1.0,0.0,0.0,0.1,0.2,0.02,0.005,0.003,0.003,0.0039658,0.2,0.0,0.0,0.012,0.0,0.0
omj_008,OpenMoji,paw_prints,skeleton_c30_m20,flat_icon_fill,0.31730733,excellent,0.03317053,4,0,0.0,0,0.039658,1.0,0.710342,0.0,0.0,0,coverage,omj_008::coverage,0.35,0.05,0.02,0.005,0.003,0.003,1.0,1.0,0.0,0.0,0.0,0.0,0.0,0.0,0.0,0.0,0.0,0.0,0.0,0.0,0.0,0.0,0.0,0.0,0.0,0.0,0.0,0.0,0.0,0.0,0.0,0.0,1.0,0.0,0.2177734375,0.03160033632286995,23.0,18.0,0.03317053,4.0,0.0,0.0,0.0,0.039658,1.0,0.0,0.039658,0.0,0.0,0.0,0.0,0.0,0.0,0.0,0.0,0.0,0.0,0.0,0.0,0.0,0.0,0.0,1.0,0.0,0.35,0.05,0.02,0.005,0.003,0.003,0.013880299999999998,0.05,0.0,0.0,0.012,0.0,0.0
omj_008,OpenMoji,paw_prints,skeleton_c30_m20,flat_icon_fill,0.31730733,excellent,0.03317053,4,0,0.0,0,0.039658,1.0,0.710342,0.0,0.0,0,low_jump,omj_008::low_jump,0.1,0.05,0.02,0.005,0.03,0.02,1.0,1.0,0.0,0.0,0.0,0.0,0.0,0.0,0.0,0.0,0.0,0.0,0.0,0.0,0.0,0.0,0.0,0.0,0.0,0.0,0.0,0.0,0.0,0.0,0.0,0.0,1.0,0.0,0.2177734375,0.03160033632286995,23.0,18.0,0.03317053,4.0,0.0,0.0,0.0,0.039658,1.0,0.0,0.039658,0.0,0.0,0.0,0.0,0.0,0.0,0.0,0.0,0.0,0.0,0.0,0.0,0.0,0.0,0.0,0.0,1.0,0.1,0.05,0.02,0.005,0.03,0.02,0.0039658,0.05,0.0,0.0,0.12,0.0,0.0
omj_008,OpenMoji,paw_prints,skeleton_c30_m4,flat_icon_fill,0.26914596,excellent,0.08296316,10,0,0.0,0,0.284543,0.987117,0.465457,0.0,0.0,0,low_loss,omj_008::low_loss,0.0,0.0,0.0,0.0,0.0,0.0,1.0,1.0,0.0,0.0,0.0,0.0,0.0,0.0,0.0,0.0,0.0,0.0,0.0,0.0,0.0,0.0,0.0,0.0,0.0,0.0,0.0,0.0,0.0,0.0,0.0,0.0,1.0,0.0,0.2177734375,0.03160033632286995,23.0,18.0,0.08296316,10.0,0.0,0.0,0.0,0.284543,0.987117,0.0,0.284543,0.0,0.0,0.0,0.0,0.0,0.0,0.0,0.0,0.0,0.0,0.0,0.0,1.0,0.0,0.0,0.0,0.0,0.0,0.0,0.0,0.0,0.0,0.0,0.0,0.0,0.0,0.0,0.0,0.0,0.08296316
omj_008,OpenMoji,paw_prints,skeleton_c30_m4,flat_icon_fill,0.26914596,excellent,0.08296316,10,0,0.0,0,0.284543,0.987117,0.465457,0.0,0.0,0,balanced,omj_008::balanced,0.1,0.05,0.02,0.005,0.003,0.003,1.0,1.0,0.0,0.0,0.0,0.0,0.0,0.0,0.0,0.0,0.0,0.0,0.0,0.0,0.0,0.0,0.0,0.0,0.0,0.0,0.0,0.0,0.0,0.0,0.0,0.0,1.0,0.0,0.2177734375,0.03160033632286995,23.0,18.0,0.08296316,10.0,0.0,0.0,0.0,0.284543,0.987117,0.0,0.284543,0.0,0.0,0.0,0.0,0.0,0.0,0.0,0.0,0.0,0.0,0.0,0.0,0.0,1.0,0.0,0.0,0.0,0.1,0.05,0.02,0.005,0.003,0.003,0.028454300000000002,0.04935585000000001,0.0,0.0,0.03,0.0,0.0
omj_008,OpenMoji,paw_prints,skeleton_c30_m4,flat_icon_fill,0.26914596,excellent,0.08296316,10,0,0.0,0,0.284543,0.987117,0.465457,0.0,0.0,0,precision,omj_008::precision,0.1,0.2,0.02,0.005,0.003,0.003,1.0,1.0,0.0,0.0,0.0,0.0,0.0,0.0,0.0,0.0,0.0,0.0,0.0,0.0,0.0,0.0,0.0,0.0,0.0,0.0,0.0,0.0,0.0,0.0,0.0,0.0,1.0,0.0,0.2177734375,0.03160033632286995,23.0,18.0,0.08296316,10.0,0.0,0.0,0.0,0.284543,0.987117,0.0,0.284543,0.0,0.0,0.0,0.0,0.0,0.0,0.0,0.0,0.0,0.0,0.0,0.0,0.0,0.0,1.0,0.0,0.0,0.1,0.2,0.02,0.005,0.003,0.003,0.028454300000000002,0.19742340000000003,0.0,0.0,0.03,0.0,0.0
omj_008,OpenMoji,paw_prints,skeleton_c30_m4,flat_icon_fill,0.26914596,excellent,0.08296316,10,0,0.0,0,0.284543,0.987117,0.465457,0.0,0.0,0,coverage,omj_008::coverage,0.35,0.05,0.02,0.005,0.003,0.003,1.0,1.0,0.0,0.0,0.0,0.0,0.0,0.0,0.0,0.0,0.0,0.0,0.0,0.0,0.0,0.0,0.0,0.0,0.0,0.0,0.0,0.0,0.0,0.0,0.0,0.0,1.0,0.0,0.2177734375,0.03160033632286995,23.0,18.0,0.08296316,10.0,0.0,0.0,0.0,0.284543,0.987117,0.0,0.284543,0.0,0.0,0.0,0.0,0.0,0.0,0.0,0.0,0.0,0.0,0.0,0.0,0.0,0.0,0.0,1.0,0.0,0.35,0.05,0.02,0.005,0.003,0.003,0.09959004999999999,0.04935585000000001,0.0,0.0,0.03,0.0,0.0
omj_008,OpenMoji,paw_prints,skeleton_c30_m4,flat_icon_fill,0.26914596,excellent,0.08296316,10,0,0.0,0,0.284543,0.987117,0.465457,0.0,0.0,0,low_jump,omj_008::low_jump,0.1,0.05,0.02,0.005,0.03,0.02,1.0,1.0,0.0,0.0,0.0,0.0,0.0,0.0,0.0,0.0,0.0,0.0,0.0,0.0,0.0,0.0,0.0,0.0,0.0,0.0,0.0,0.0,0.0,0.0,0.0,0.0,1.0,0.0,0.2177734375,0.03160033632286995,23.0,18.0,0.08296316,10.0,0.0,0.0,0.0,0.284543,0.987117,0.0,0.284543,0.0,0.0,0.0,0.0,0.0,0.0,0.0,0.0,0.0,0.0,0.0,0.0,0.0,0.0,0.0,0.0,1.0,0.1,0.05,0.02,0.005,0.03,0.02,0.028454300000000002,0.04935585000000001,0.0,0.0,0.3,0.0,0.0
omj_008,OpenMoji,paw_prints,mask_fill_edgewalk_nearestrow_safeadt_t2m5_r055_a64_rows16_p40,flat_icon_fill,0.09152214,excellent,0.09152214,9,1,0.4955,0,0.999439,0.834445,0.0,0.0,0.0,0,low_loss,omj_008::low_loss,0.0,0.0,0.0,0.0,0.0,0.0,1.0,0.0,0.0,1.0,1.0,1.0,1.0,0.0,0.0,0.0,0.0,0.0,0.0,0.0,16.0,40.0,0.0,0.0,0.0,0.0,0.0,0.0,0.0,0.0,0.0,0.0,1.0,0.0,0.2177734375,0.03160033632286995,23.0,18.0,0.09152214,9.0,1.0,0.4955,0.0,0.999439,0.834445,0.0,0.0,0.0,0.999439,0.0,0.999439,0.999439,0.2177734375,0.0,0.0,0.0,0.0,0.0,0.0,1.0,0.0,0.0,0.0,0.0,0.0,0.0,0.0,0.0,0.0,0.0,0.0,0.0,0.0,0.0,0.0,0.0,0.09152214
omj_008,OpenMoji,paw_prints,mask_fill_edgewalk_nearestrow_safeadt_t2m5_r055_a64_rows16_p40,flat_icon_fill,0.09152214,excellent,0.09152214,9,1,0.4955,0,0.999439,0.834445,0.0,0.0,0.0,0,balanced,omj_008::balanced,0.1,0.05,0.02,0.005,0.003,0.003,1.0,0.0,0.0,1.0,1.0,1.0,1.0,0.0,0.0,0.0,0.0,0.0,0.0,0.0,16.0,40.0,0.0,0.0,0.0,0.0,0.0,0.0,0.0,0.0,0.0,0.0,1.0,0.0,0.2177734375,0.03160033632286995,23.0,18.0,0.09152214,9.0,1.0,0.4955,0.0,0.999439,0.834445,0.0,0.0,0.0,0.999439,0.0,0.999439,0.999439,0.2177734375,0.0,0.0,0.0,0.0,0.0,0.0,0.0,1.0,0.0,0.0,0.0,0.1,0.05,0.02,0.005,0.003,0.003,0.0999439,0.04172225,0.00991,0.0,0.027,0.003,0.0
omj_008,OpenMoji,paw_prints,mask_fill_edgewalk_nearestrow_safeadt_t2m5_r055_a64_rows16_p40,flat_icon_fill,0.09152214,excellent,0.09152214,9,1,0.4955,0,0.999439,0.834445,0.0,0.0,0.0,0,precision,omj_008::precision,0.1,0.2,0.02,0.005,0.003,0.003,1.0,0.0,0.0,1.0,1.0,1.0,1.0,0.0,0.0,0.0,0.0,0.0,0.0,0.0,16.0,40.0,0.0,0.0,0.0,0.0,0.0,0.0,0.0,0.0,0.0,0.0,1.0,0.0,0.2177734375,0.03160033632286995,23.0,18.0,0.09152214,9.0,1.0,0.4955,0.0,0.999439,0.834445,0.0,0.0,0.0,0.999439,0.0,0.999439,0.999439,0.2177734375,0.0,0.0,0.0,0.0,0.0,0.0,0.0,0.0,1.0,0.0,0.0,0.1,0.2,0.02,0.005,0.003,0.003,0.0999439,0.166889,0.00991,0.0,0.027,0.003,0.0
omj_008,OpenMoji,paw_prints,mask_fill_edgewalk_nearestrow_safeadt_t2m5_r055_a64_rows16_p40,flat_icon_fill,0.09152214,excellent,0.09152214,9,1,0.4955,0,0.999439,0.834445,0.0,0.0,0.0,0,coverage,omj_008::coverage,0.35,0.05,0.02,0.005,0.003,0.003,1.0,0.0,0.0,1.0,1.0,1.0,1.0,0.0,0.0,0.0,0.0,0.0,0.0,0.0,16.0,40.0,0.0,0.0,0.0,0.0,0.0,0.0,0.0,0.0,0.0,0.0,1.0,0.0,0.2177734375,0.03160033632286995,23.0,18.0,0.09152214,9.0,1.0,0.4955,0.0,0.999439,0.834445,0.0,0.0,0.0,0.999439,0.0,0.999439,0.999439,0.2177734375,0.0,0.0,0.0,0.0,0.0,0.0,0.0,0.0,0.0,1.0,0.0,0.35,0.05,0.02,0.005,0.003,0.003,0.34980364999999997,0.04172225,0.00991,0.0,0.027,0.003,0.0
omj_008,OpenMoji,paw_prints,mask_fill_edgewalk_nearestrow_safeadt_t2m5_r055_a64_rows16_p40,flat_icon_fill,0.09152214,excellent,0.09152214,9,1,0.4955,0,0.999439,0.834445,0.0,0.0,0.0,0,low_jump,omj_008::low_jump,0.1,0.05,0.02,0.005,0.03,0.02,1.0,0.0,0.0,1.0,1.0,1.0,1.0,0.0,0.0,0.0,0.0,0.0,0.0,0.0,16.0,40.0,0.0,0.0,0.0,0.0,0.0,0.0,0.0,0.0,0.0,0.0,1.0,0.0,0.2177734375,0.03160033632286995,23.0,18.0,0.09152214,9.0,1.0,0.4955,0.0,0.999439,0.834445,0.0,0.0,0.0,0.999439,0.0,0.999439,0.999439,0.2177734375,0.0,0.0,0.0,0.0,0.0,0.0,0.0,0.0,0.0,0.0,1.0,0.1,0.05,0.02,0.005,0.03,0.02,0.0999439,0.04172225,0.00991,0.0,0.27,0.02,0.0
omj_009,OpenMoji,lady_beetle,mask_fill_edgewalk_nearestrow_inset1_rows16_p40,flat_icon_fill,0.09254193,excellent,0.09254193,6,1,1.6269,0,1.0,0.876138,0.0,0.0,0.0,0,low_loss,omj_009::low_loss,0.0,0.0,0.0,0.0,0.0,0.0,1.0,0.0,0.0,1.0,1.0,1.0,0.0,1.0,1.0,0.0,1.0,0.0,0.0,0.0,16.0,40.0,0.0,0.0,0.0,0.0,0.0,0.0,0.0,0.0,0.0,0.0,1.0,0.0,0.2730712890625,0.0203956191327671,40.0,18.0,0.09254193,6.0,1.0,1.6269,0.0,1.0,0.876138,0.0,0.0,0.0,1.0,0.0,1.0,1.0,0.2730712890625,0.2730712890625,0.0,0.0,0.0,0.0,0.0,1.0,0.0,0.0,0.0,0.0,0.0,0.0,0.0,0.0,0.0,0.0,0.0,0.0,0.0,0.0,0.0,0.0,0.09254193
omj_009,OpenMoji,lady_beetle,mask_fill_edgewalk_nearestrow_inset1_rows16_p40,flat_icon_fill,0.09254193,excellent,0.09254193,6,1,1.6269,0,1.0,0.876138,0.0,0.0,0.0,0,balanced,omj_009::balanced,0.1,0.05,0.02,0.005,0.003,0.003,1.0,0.0,0.0,1.0,1.0,1.0,0.0,1.0,1.0,0.0,1.0,0.0,0.0,0.0,16.0,40.0,0.0,0.0,0.0,0.0,0.0,0.0,0.0,0.0,0.0,0.0,1.0,0.0,0.2730712890625,0.0203956191327671,40.0,18.0,0.09254193,6.0,1.0,1.6269,0.0,1.0,0.876138,0.0,0.0,0.0,1.0,0.0,1.0,1.0,0.2730712890625,0.2730712890625,0.0,0.0,0.0,0.0,0.0,0.0,1.0,0.0,0.0,0.0,0.1,0.05,0.02,0.005,0.003,0.003,0.1,0.0438069,0.032538,0.0,0.018000000000000002,0.003,0.0
omj_009,OpenMoji,lady_beetle,mask_fill_edgewalk_nearestrow_inset1_rows16_p40,flat_icon_fill,0.09254193,excellent,0.09254193,6,1,1.6269,0,1.0,0.876138,0.0,0.0,0.0,0,precision,omj_009::precision,0.1,0.2,0.02,0.005,0.003,0.003,1.0,0.0,0.0,1.0,1.0,1.0,0.0,1.0,1.0,0.0,1.0,0.0,0.0,0.0,16.0,40.0,0.0,0.0,0.0,0.0,0.0,0.0,0.0,0.0,0.0,0.0,1.0,0.0,0.2730712890625,0.0203956191327671,40.0,18.0,0.09254193,6.0,1.0,1.6269,0.0,1.0,0.876138,0.0,0.0,0.0,1.0,0.0,1.0,1.0,0.2730712890625,0.2730712890625,0.0,0.0,0.0,0.0,0.0,0.0,0.0,1.0,0.0,0.0,0.1,0.2,0.02,0.005,0.003,0.003,0.1,0.1752276,0.032538,0.0,0.018000000000000002,0.003,0.0
omj_009,OpenMoji,lady_beetle,mask_fill_edgewalk_nearestrow_inset1_rows16_p40,flat_icon_fill,0.09254193,excellent,0.09254193,6,1,1.6269,0,1.0,0.876138,0.0,0.0,0.0,0,coverage,omj_009::coverage,0.35,0.05,0.02,0.005,0.003,0.003,1.0,0.0,0.0,1.0,1.0,1.0,0.0,1.0,1.0,0.0,1.0,0.0,0.0,0.0,16.0,40.0,0.0,0.0,0.0,0.0,0.0,0.0,0.0,0.0,0.0,0.0,1.0,0.0,0.2730712890625,0.0203956191327671,40.0,18.0,0.09254193,6.0,1.0,1.6269,0.0,1.0,0.876138,0.0,0.0,0.0,1.0,0.0,1.0,1.0,0.2730712890625,0.2730712890625,0.0,0.0,0.0,0.0,0.0,0.0,0.0,0.0,1.0,0.0,0.35,0.05,0.02,0.005,0.003,0.003,0.35,0.0438069,0.032538,0.0,0.018000000000000002,0.003,0.0
omj_009,OpenMoji,lady_beetle,mask_fill_edgewalk_nearestrow_inset1_rows16_p40,flat_icon_fill,0.09254193,excellent,0.09254193,6,1,1.6269,0,1.0,0.876138,0.0,0.0,0.0,0,low_jump,omj_009::low_jump,0.1,0.05,0.02,0.005,0.03,0.02,1.0,0.0,0.0,1.0,1.0,1.0,0.0,1.0,1.0,0.0,1.0,0.0,0.0,0.0,16.0,40.0,0.0,0.0,0.0,0.0,0.0,0.0,0.0,0.0,0.0,0.0,1.0,0.0,0.2730712890625,0.0203956191327671,40.0,18.0,0.09254193,6.0,1.0,1.6269,0.0,1.0,0.876138,0.0,0.0,0.0,1.0,0.0,1.0,1.0,0.2730712890625,0.2730712890625,0.0,0.0,0.0,0.0,0.0,0.0,0.0,0.0,0.0,1.0,0.1,0.05,0.02,0.005,0.03,0.02,0.1,0.0438069,0.032538,0.0,0.18,0.02,0.0
omj_009,OpenMoji,lady_beetle,mask_fill_edgewalk_nearestrow_inset2_rows16_p40,flat_icon_fill,0.05602895,excellent,0.05602895,6,1,0.0,0,0.994021,0.927864,0.0,0.0,0.0,1,low_loss,omj_009::low_loss,0.0,0.0,0.0,0.0,0.0,0.0,1.0,0.0,0.0,1.0,1.0,1.0,0.0,1.0,0.0,1.0,2.0,0.0,0.0,0.0,16.0,40.0,0.0,0.0,0.0,0.0,0.0,0.0,0.0,0.0,0.0,0.0,1.0,0.0,0.2730712890625,0.0203956191327671,40.0,18.0,0.05602895,6.0,1.0,0.0,0.0,0.994021,0.927864,0.0,0.0,0.0,0.994021,0.0,0.994021,0.994021,0.2730712890625,0.2730712890625,0.2730712890625,0.0,0.0,0.0,0.0,1.0,0.0,0.0,0.0,0.0,0.0,0.0,0.0,0.0,0.0,0.0,0.0,0.0,0.0,0.0,0.0,0.0,0.05602895
omj_009,OpenMoji,lady_beetle,mask_fill_edgewalk_nearestrow_inset2_rows16_p40,flat_icon_fill,0.05602895,excellent,0.05602895,6,1,0.0,0,0.994021,0.927864,0.0,0.0,0.0,1,balanced,omj_009::balanced,0.1,0.05,0.02,0.005,0.003,0.003,1.0,0.0,0.0,1.0,1.0,1.0,0.0,1.0,0.0,1.0,2.0,0.0,0.0,0.0,16.0,40.0,0.0,0.0,0.0,0.0,0.0,0.0,0.0,0.0,0.0,0.0,1.0,0.0,0.2730712890625,0.0203956191327671,40.0,18.0,0.05602895,6.0,1.0,0.0,0.0,0.994021,0.927864,0.0,0.0,0.0,0.994021,0.0,0.994021,0.994021,0.2730712890625,0.2730712890625,0.2730712890625,0.0,0.0,0.0,0.0,0.0,1.0,0.0,0.0,0.0,0.1,0.05,0.02,0.005,0.003,0.003,0.09940210000000001,0.0463932,0.0,0.0,0.018000000000000002,0.003,0.0
omj_009,OpenMoji,lady_beetle,mask_fill_edgewalk_nearestrow_inset2_rows16_p40,flat_icon_fill,0.05602895,excellent,0.05602895,6,1,0.0,0,0.994021,0.927864,0.0,0.0,0.0,1,precision,omj_009::precision,0.1,0.2,0.02,0.005,0.003,0.003,1.0,0.0,0.0,1.0,1.0,1.0,0.0,1.0,0.0,1.0,2.0,0.0,0.0,0.0,16.0,40.0,0.0,0.0,0.0,0.0,0.0,0.0,0.0,0.0,0.0,0.0,1.0,0.0,0.2730712890625,0.0203956191327671,40.0,18.0,0.05602895,6.0,1.0,0.0,0.0,0.994021,0.927864,0.0,0.0,0.0,0.994021,0.0,0.994021,0.994021,0.2730712890625,0.2730712890625,0.2730712890625,0.0,0.0,0.0,0.0,0.0,0.0,1.0,0.0,0.0,0.1,0.2,0.02,0.005,0.003,0.003,0.09940210000000001,0.1855728,0.0,0.0,0.018000000000000002,0.003,0.0
omj_009,OpenMoji,lady_beetle,mask_fill_edgewalk_nearestrow_inset2_rows16_p40,flat_icon_fill,0.05602895,excellent,0.05602895,6,1,0.0,0,0.994021,0.927864,0.0,0.0,0.0,1,coverage,omj_009::coverage,0.35,0.05,0.02,0.005,0.003,0.003,1.0,0.0,0.0,1.0,1.0,1.0,0.0,1.0,0.0,1.0,2.0,0.0,0.0,0.0,16.0,40.0,0.0,0.0,0.0,0.0,0.0,0.0,0.0,0.0,0.0,0.0,1.0,0.0,0.2730712890625,0.0203956191327671,40.0,18.0,0.05602895,6.0,1.0,0.0,0.0,0.994021,0.927864,0.0,0.0,0.0,0.994021,0.0,0.994021,0.994021,0.2730712890625,0.2730712890625,0.2730712890625,0.0,0.0,0.0,0.0,0.0,0.0,0.0,1.0,0.0,0.35,0.05,0.02,0.005,0.003,0.003,0.34790735,0.0463932,0.0,0.0,0.018000000000000002,0.003,0.0
omj_009,OpenMoji,lady_beetle,mask_fill_edgewalk_nearestrow_inset2_rows16_p40,flat_icon_fill,0.05602895,excellent,0.05602895,6,1,0.0,0,0.994021,0.927864,0.0,0.0,0.0,1,low_jump,omj_009::low_jump,0.1,0.05,0.02,0.005,0.03,0.02,1.0,0.0,0.0,1.0,1.0,1.0,0.0,1.0,0.0,1.0,2.0,0.0,0.0,0.0,16.0,40.0,0.0,0.0,0.0,0.0,0.0,0.0,0.0,0.0,0.0,0.0,1.0,0.0,0.2730712890625,0.0203956191327671,40.0,18.0,0.05602895,6.0,1.0,0.0,0.0,0.994021,0.927864,0.0,0.0,0.0,0.994021,0.0,0.994021,0.994021,0.2730712890625,0.2730712890625,0.2730712890625,0.0,0.0,0.0,0.0,0.0,0.0,0.0,0.0,1.0,0.1,0.05,0.02,0.005,0.03,0.02,0.09940210000000001,0.0463932,0.0,0.0,0.18,0.02,0.0
omj_009,OpenMoji,lady_beetle,mask_fill_edgewalk_nearestrow_rows16_p40,flat_icon_fill,0.09128345,excellent,0.09128345,7,1,1.2082,0,1.0,0.863957,0.0,0.0,0.0,0,low_loss,omj_009::low_loss,0.0,0.0,0.0,0.0,0.0,0.0,1.0,0.0,0.0,1.0,1.0,1.0,1.0,0.0,0.0,0.0,0.0,0.0,0.0,0.0,16.0,40.0,0.0,0.0,0.0,0.0,0.0,0.0,0.0,0.0,0.0,0.0,1.0,0.0,0.2730712890625,0.0203956191327671,40.0,18.0,0.09128345,7.0,1.0,1.2082,0.0,1.0,0.863957,0.0,0.0,0.0,1.0,0.0,1.0,1.0,0.2730712890625,0.0,0.0,0.0,0.0,0.0,0.0,1.0,0.0,0.0,0.0,0.0,0.0,0.0,0.0,0.0,0.0,0.0,0.0,0.0,0.0,0.0,0.0,0.0,0.09128345
omj_009,OpenMoji,lady_beetle,mask_fill_edgewalk_nearestrow_rows16_p40,flat_icon_fill,0.09128345,excellent,0.09128345,7,1,1.2082,0,1.0,0.863957,0.0,0.0,0.0,0,balanced,omj_009::balanced,0.1,0.05,0.02,0.005,0.003,0.003,1.0,0.0,0.0,1.0,1.0,1.0,1.0,0.0,0.0,0.0,0.0,0.0,0.0,0.0,16.0,40.0,0.0,0.0,0.0,0.0,0.0,0.0,0.0,0.0,0.0,0.0,1.0,0.0,0.2730712890625,0.0203956191327671,40.0,18.0,0.09128345,7.0,1.0,1.2082,0.0,1.0,0.863957,0.0,0.0,0.0,1.0,0.0,1.0,1.0,0.2730712890625,0.0,0.0,0.0,0.0,0.0,0.0,0.0,1.0,0.0,0.0,0.0,0.1,0.05,0.02,0.005,0.003,0.003,0.1,0.04319785,0.024163999999999998,0.0,0.021,0.003,0.0
omj_009,OpenMoji,lady_beetle,mask_fill_edgewalk_nearestrow_rows16_p40,flat_icon_fill,0.09128345,excellent,0.09128345,7,1,1.2082,0,1.0,0.863957,0.0,0.0,0.0,0,precision,omj_009::precision,0.1,0.2,0.02,0.005,0.003,0.003,1.0,0.0,0.0,1.0,1.0,1.0,1.0,0.0,0.0,0.0,0.0,0.0,0.0,0.0,16.0,40.0,0.0,0.0,0.0,0.0,0.0,0.0,0.0,0.0,0.0,0.0,1.0,0.0,0.2730712890625,0.0203956191327671,40.0,18.0,0.09128345,7.0,1.0,1.2082,0.0,1.0,0.863957,0.0,0.0,0.0,1.0,0.0,1.0,1.0,0.2730712890625,0.0,0.0,0.0,0.0,0.0,0.0,0.0,0.0,1.0,0.0,0.0,0.1,0.2,0.02,0.005,0.003,0.003,0.1,0.1727914,0.024163999999999998,0.0,0.021,0.003,0.0
omj_009,OpenMoji,lady_beetle,mask_fill_edgewalk_nearestrow_rows16_p40,flat_icon_fill,0.09128345,excellent,0.09128345,7,1,1.2082,0,1.0,0.863957,0.0,0.0,0.0,0,coverage,omj_009::coverage,0.35,0.05,0.02,0.005,0.003,0.003,1.0,0.0,0.0,1.0,1.0,1.0,1.0,0.0,0.0,0.0,0.0,0.0,0.0,0.0,16.0,40.0,0.0,0.0,0.0,0.0,0.0,0.0,0.0,0.0,0.0,0.0,1.0,0.0,0.2730712890625,0.0203956191327671,40.0,18.0,0.09128345,7.0,1.0,1.2082,0.0,1.0,0.863957,0.0,0.0,0.0,1.0,0.0,1.0,1.0,0.2730712890625,0.0,0.0,0.0,0.0,0.0,0.0,0.0,0.0,0.0,1.0,0.0,0.35,0.05,0.02,0.005,0.003,0.003,0.35,0.04319785,0.024163999999999998,0.0,0.021,0.003,0.0
omj_009,OpenMoji,lady_beetle,mask_fill_edgewalk_nearestrow_rows16_p40,flat_icon_fill,0.09128345,excellent,0.09128345,7,1,1.2082,0,1.0,0.863957,0.0,0.0,0.0,0,low_jump,omj_009::low_jump,0.1,0.05,0.02,0.005,0.03,0.02,1.0,0.0,0.0,1.0,1.0,1.0,1.0,0.0,0.0,0.0,0.0,0.0,0.0,0.0,16.0,40.0,0.0,0.0,0.0,0.0,0.0,0.0,0.0,0.0,0.0,0.0,1.0,0.0,0.2730712890625,0.0203956191327671,40.0,18.0,0.09128345,7.0,1.0,1.2082,0.0,1.0,0.863957,0.0,0.0,0.0,1.0,0.0,1.0,1.0,0.2730712890625,0.0,0.0,0.0,0.0,0.0,0.0,0.0,0.0,0.0,0.0,1.0,0.1,0.05,0.02,0.005,0.03,0.02,0.1,0.04319785,0.024163999999999998,0.0,0.21,0.02,0.0
omj_009,OpenMoji,lady_beetle,mask_fill_edgewalk_rows16_p40,flat_icon_fill,0.21015766,warning,0.21015766,18,4,1.6028,0,1.0,0.858404,0.0,0.0,0.0,0,low_loss,omj_009::low_loss,0.0,0.0,0.0,0.0,0.0,0.0,1.0,0.0,0.0,1.0,1.0,0.0,0.0,0.0,0.0,0.0,0.0,0.0,0.0,0.0,16.0,40.0,0.0,0.0,0.0,0.0,0.0,0.0,0.0,0.0,0.0,0.0,1.0,0.0,0.2730712890625,0.0203956191327671,40.0,18.0,0.21015766,18.0,4.0,1.6028,0.0,1.0,0.858404,0.0,0.0,0.0,1.0,0.0,1.0,0.0,0.0,0.0,0.0,0.0,0.0,0.0,0.0,1.0,0.0,0.0,0.0,0.0,0.0,0.0,0.0,0.0,0.0,0.0,0.0,0.0,0.0,0.0,0.0,0.0,0.21015766
omj_009,OpenMoji,lady_beetle,mask_fill_edgewalk_rows16_p40,flat_icon_fill,0.21015766,warning,0.21015766,18,4,1.6028,0,1.0,0.858404,0.0,0.0,0.0,0,balanced,omj_009::balanced,0.1,0.05,0.02,0.005,0.003,0.003,1.0,0.0,0.0,1.0,1.0,0.0,0.0,0.0,0.0,0.0,0.0,0.0,0.0,0.0,16.0,40.0,0.0,0.0,0.0,0.0,0.0,0.0,0.0,0.0,0.0,0.0,1.0,0.0,0.2730712890625,0.0203956191327671,40.0,18.0,0.21015766,18.0,4.0,1.6028,0.0,1.0,0.858404,0.0,0.0,0.0,1.0,0.0,1.0,0.0,0.0,0.0,0.0,0.0,0.0,0.0,0.0,0.0,1.0,0.0,0.0,0.0,0.1,0.05,0.02,0.005,0.003,0.003,0.1,0.0429202,0.032056,0.0,0.054,0.012,0.0
omj_009,OpenMoji,lady_beetle,mask_fill_edgewalk_rows16_p40,flat_icon_fill,0.21015766,warning,0.21015766,18,4,1.6028,0,1.0,0.858404,0.0,0.0,0.0,0,precision,omj_009::precision,0.1,0.2,0.02,0.005,0.003,0.003,1.0,0.0,0.0,1.0,1.0,0.0,0.0,0.0,0.0,0.0,0.0,0.0,0.0,0.0,16.0,40.0,0.0,0.0,0.0,0.0,0.0,0.0,0.0,0.0,0.0,0.0,1.0,0.0,0.2730712890625,0.0203956191327671,40.0,18.0,0.21015766,18.0,4.0,1.6028,0.0,1.0,0.858404,0.0,0.0,0.0,1.0,0.0,1.0,0.0,0.0,0.0,0.0,0.0,0.0,0.0,0.0,0.0,0.0,1.0,0.0,0.0,0.1,0.2,0.02,0.005,0.003,0.003,0.1,0.1716808,0.032056,0.0,0.054,0.012,0.0
omj_009,OpenMoji,lady_beetle,mask_fill_edgewalk_rows16_p40,flat_icon_fill,0.21015766,warning,0.21015766,18,4,1.6028,0,1.0,0.858404,0.0,0.0,0.0,0,coverage,omj_009::coverage,0.35,0.05,0.02,0.005,0.003,0.003,1.0,0.0,0.0,1.0,1.0,0.0,0.0,0.0,0.0,0.0,0.0,0.0,0.0,0.0,16.0,40.0,0.0,0.0,0.0,0.0,0.0,0.0,0.0,0.0,0.0,0.0,1.0,0.0,0.2730712890625,0.0203956191327671,40.0,18.0,0.21015766,18.0,4.0,1.6028,0.0,1.0,0.858404,0.0,0.0,0.0,1.0,0.0,1.0,0.0,0.0,0.0,0.0,0.0,0.0,0.0,0.0,0.0,0.0,0.0,1.0,0.0,0.35,0.05,0.02,0.005,0.003,0.003,0.35,0.0429202,0.032056,0.0,0.054,0.012,0.0
omj_009,OpenMoji,lady_beetle,mask_fill_edgewalk_rows16_p40,flat_icon_fill,0.21015766,warning,0.21015766,18,4,1.6028,0,1.0,0.858404,0.0,0.0,0.0,0,low_jump,omj_009::low_jump,0.1,0.05,0.02,0.005,0.03,0.02,1.0,0.0,0.0,1.0,1.0,0.0,0.0,0.0,0.0,0.0,0.0,0.0,0.0,0.0,16.0,40.0,0.0,0.0,0.0,0.0,0.0,0.0,0.0,0.0,0.0,0.0,1.0,0.0,0.2730712890625,0.0203956191327671,40.0,18.0,0.21015766,18.0,4.0,1.6028,0.0,1.0,0.858404,0.0,0.0,0.0,1.0,0.0,1.0,0.0,0.0,0.0,0.0,0.0,0.0,0.0,0.0,0.0,0.0,0.0,0.0,1.0,0.1,0.05,0.02,0.005,0.03,0.02,0.1,0.0429202,0.032056,0.0,0.54,0.08,0.0
omj_009,OpenMoji,lady_beetle,auto_evalrepair_r10_c20,flat_icon_fill,0.14656692,pass,0.14656692,12,8,0.0,0,0.988936,0.89792,0.0,0.0,0.0,0,low_loss,omj_009::low_loss,0.0,0.0,0.0,0.0,0.0,0.0,1.0,0.0,1.0,0.0,0.0,0.0,0.0,0.0,0.0,0.0,0.0,0.0,0.0,0.0,0.0,0.0,0.0,0.0,0.0,0.0,0.0,0.0,0.0,0.0,0.0,0.0,1.0,0.0,0.2730712890625,0.0203956191327671,40.0,18.0,0.14656692,12.0,8.0,0.0,0.0,0.988936,0.89792,0.0,0.0,0.988936,0.0,0.0,0.0,0.0,0.0,0.0,0.0,0.0,0.0,0.0,0.0,1.0,0.0,0.0,0.0,0.0,0.0,0.0,0.0,0.0,0.0,0.0,0.0,0.0,0.0,0.0,0.0,0.0,0.14656692
omj_009,OpenMoji,lady_beetle,auto_evalrepair_r10_c20,flat_icon_fill,0.14656692,pass,0.14656692,12,8,0.0,0,0.988936,0.89792,0.0,0.0,0.0,0,balanced,omj_009::balanced,0.1,0.05,0.02,0.005,0.003,0.003,1.0,0.0,1.0,0.0,0.0,0.0,0.0,0.0,0.0,0.0,0.0,0.0,0.0,0.0,0.0,0.0,0.0,0.0,0.0,0.0,0.0,0.0,0.0,0.0,0.0,0.0,1.0,0.0,0.2730712890625,0.0203956191327671,40.0,18.0,0.14656692,12.0,8.0,0.0,0.0,0.988936,0.89792,0.0,0.0,0.988936,0.0,0.0,0.0,0.0,0.0,0.0,0.0,0.0,0.0,0.0,0.0,0.0,1.0,0.0,0.0,0.0,0.1,0.05,0.02,0.005,0.003,0.003,0.09889360000000001,0.044896000000000005,0.0,0.0,0.036000000000000004,0.024,0.0
omj_009,OpenMoji,lady_beetle,auto_evalrepair_r10_c20,flat_icon_fill,0.14656692,pass,0.14656692,12,8,0.0,0,0.988936,0.89792,0.0,0.0,0.0,0,precision,omj_009::precision,0.1,0.2,0.02,0.005,0.003,0.003,1.0,0.0,1.0,0.0,0.0,0.0,0.0,0.0,0.0,0.0,0.0,0.0,0.0,0.0,0.0,0.0,0.0,0.0,0.0,0.0,0.0,0.0,0.0,0.0,0.0,0.0,1.0,0.0,0.2730712890625,0.0203956191327671,40.0,18.0,0.14656692,12.0,8.0,0.0,0.0,0.988936,0.89792,0.0,0.0,0.988936,0.0,0.0,0.0,0.0,0.0,0.0,0.0,0.0,0.0,0.0,0.0,0.0,0.0,1.0,0.0,0.0,0.1,0.2,0.02,0.005,0.003,0.003,0.09889360000000001,0.17958400000000002,0.0,0.0,0.036000000000000004,0.024,0.0
omj_009,OpenMoji,lady_beetle,auto_evalrepair_r10_c20,flat_icon_fill,0.14656692,pass,0.14656692,12,8,0.0,0,0.988936,0.89792,0.0,0.0,0.0,0,coverage,omj_009::coverage,0.35,0.05,0.02,0.005,0.003,0.003,1.0,0.0,1.0,0.0,0.0,0.0,0.0,0.0,0.0,0.0,0.0,0.0,0.0,0.0,0.0,0.0,0.0,0.0,0.0,0.0,0.0,0.0,0.0,0.0,0.0,0.0,1.0,0.0,0.2730712890625,0.0203956191327671,40.0,18.0,0.14656692,12.0,8.0,0.0,0.0,0.988936,0.89792,0.0,0.0,0.988936,0.0,0.0,0.0,0.0,0.0,0.0,0.0,0.0,0.0,0.0,0.0,0.0,0.0,0.0,1.0,0.0,0.35,0.05,0.02,0.005,0.003,0.003,0.3461276,0.044896000000000005,0.0,0.0,0.036000000000000004,0.024,0.0
omj_009,OpenMoji,lady_beetle,auto_evalrepair_r10_c20,flat_icon_fill,0.14656692,pass,0.14656692,12,8,0.0,0,0.988936,0.89792,0.0,0.0,0.0,0,low_jump,omj_009::low_jump,0.1,0.05,0.02,0.005,0.03,0.02,1.0,0.0,1.0,0.0,0.0,0.0,0.0,0.0,0.0,0.0,0.0,0.0,0.0,0.0,0.0,0.0,0.0,0.0,0.0,0.0,0.0,0.0,0.0,0.0,0.0,0.0,1.0,0.0,0.2730712890625,0.0203956191327671,40.0,18.0,0.14656692,12.0,8.0,0.0,0.0,0.988936,0.89792,0.0,0.0,0.988936,0.0,0.0,0.0,0.0,0.0,0.0,0.0,0.0,0.0,0.0,0.0,0.0,0.0,0.0,0.0,1.0,0.1,0.05,0.02,0.005,0.03,0.02,0.09889360000000001,0.044896000000000005,0.0,0.0,0.36,0.16,0.0
omj_009,OpenMoji,lady_beetle,skeleton_c30_m20,flat_icon_fill,0.2835362,excellent,0.0641354,7,1,0.0,0,0.201498,0.90877,0.548502,0.0,0.0,0,low_loss,omj_009::low_loss,0.0,0.0,0.0,0.0,0.0,0.0,1.0,1.0,0.0,0.0,0.0,0.0,0.0,0.0,0.0,0.0,0.0,0.0,0.0,0.0,0.0,0.0,0.0,0.0,0.0,0.0,0.0,0.0,0.0,0.0,0.0,0.0,1.0,0.0,0.2730712890625,0.0203956191327671,40.0,18.0,0.0641354,7.0,1.0,0.0,0.0,0.201498,0.90877,0.0,0.201498,0.0,0.0,0.0,0.0,0.0,0.0,0.0,0.0,0.0,0.0,0.0,0.0,1.0,0.0,0.0,0.0,0.0,0.0,0.0,0.0,0.0,0.0,0.0,0.0,0.0,0.0,0.0,0.0,0.0,0.0641354
omj_009,OpenMoji,lady_beetle,skeleton_c30_m20,flat_icon_fill,0.2835362,excellent,0.0641354,7,1,0.0,0,0.201498,0.90877,0.548502,0.0,0.0,0,balanced,omj_009::balanced,0.1,0.05,0.02,0.005,0.003,0.003,1.0,1.0,0.0,0.0,0.0,0.0,0.0,0.0,0.0,0.0,0.0,0.0,0.0,0.0,0.0,0.0,0.0,0.0,0.0,0.0,0.0,0.0,0.0,0.0,0.0,0.0,1.0,0.0,0.2730712890625,0.0203956191327671,40.0,18.0,0.0641354,7.0,1.0,0.0,0.0,0.201498,0.90877,0.0,0.201498,0.0,0.0,0.0,0.0,0.0,0.0,0.0,0.0,0.0,0.0,0.0,0.0,0.0,1.0,0.0,0.0,0.0,0.1,0.05,0.02,0.005,0.003,0.003,0.020149800000000002,0.0454385,0.0,0.0,0.021,0.003,0.0
omj_009,OpenMoji,lady_beetle,skeleton_c30_m20,flat_icon_fill,0.2835362,excellent,0.0641354,7,1,0.0,0,0.201498,0.90877,0.548502,0.0,0.0,0,precision,omj_009::precision,0.1,0.2,0.02,0.005,0.003,0.003,1.0,1.0,0.0,0.0,0.0,0.0,0.0,0.0,0.0,0.0,0.0,0.0,0.0,0.0,0.0,0.0,0.0,0.0,0.0,0.0,0.0,0.0,0.0,0.0,0.0,0.0,1.0,0.0,0.2730712890625,0.0203956191327671,40.0,18.0,0.0641354,7.0,1.0,0.0,0.0,0.201498,0.90877,0.0,0.201498,0.0,0.0,0.0,0.0,0.0,0.0,0.0,0.0,0.0,0.0,0.0,0.0,0.0,0.0,1.0,0.0,0.0,0.1,0.2,0.02,0.005,0.003,0.003,0.020149800000000002,0.181754,0.0,0.0,0.021,0.003,0.0
omj_009,OpenMoji,lady_beetle,skeleton_c30_m20,flat_icon_fill,0.2835362,excellent,0.0641354,7,1,0.0,0,0.201498,0.90877,0.548502,0.0,0.0,0,coverage,omj_009::coverage,0.35,0.05,0.02,0.005,0.003,0.003,1.0,1.0,0.0,0.0,0.0,0.0,0.0,0.0,0.0,0.0,0.0,0.0,0.0,0.0,0.0,0.0,0.0,0.0,0.0,0.0,0.0,0.0,0.0,0.0,0.0,0.0,1.0,0.0,0.2730712890625,0.0203956191327671,40.0,18.0,0.0641354,7.0,1.0,0.0,0.0,0.201498,0.90877,0.0,0.201498,0.0,0.0,0.0,0.0,0.0,0.0,0.0,0.0,0.0,0.0,0.0,0.0,0.0,0.0,0.0,1.0,0.0,0.35,0.05,0.02,0.005,0.003,0.003,0.0705243,0.0454385,0.0,0.0,0.021,0.003,0.0
omj_009,OpenMoji,lady_beetle,skeleton_c30_m20,flat_icon_fill,0.2835362,excellent,0.0641354,7,1,0.0,0,0.201498,0.90877,0.548502,0.0,0.0,0,low_jump,omj_009::low_jump,0.1,0.05,0.02,0.005,0.03,0.02,1.0,1.0,0.0,0.0,0.0,0.0,0.0,0.0,0.0,0.0,0.0,0.0,0.0,0.0,0.0,0.0,0.0,0.0,0.0,0.0,0.0,0.0,0.0,0.0,0.0,0.0,1.0,0.0,0.2730712890625,0.0203956191327671,40.0,18.0,0.0641354,7.0,1.0,0.0,0.0,0.201498,0.90877,0.0,0.201498,0.0,0.0,0.0,0.0,0.0,0.0,0.0,0.0,0.0,0.0,0.0,0.0,0.0,0.0,0.0,0.0,1.0,0.1,0.05,0.02,0.005,0.03,0.02,0.020149800000000002,0.0454385,0.0,0.0,0.21,0.02,0.0
omj_009,OpenMoji,lady_beetle,skeleton_c30_m4,flat_icon_fill,0.25504731,excellent,0.06620051,8,0,0.0,0,0.277883,0.897978,0.472117,0.0,0.0,0,low_loss,omj_009::low_loss,0.0,0.0,0.0,0.0,0.0,0.0,1.0,1.0,0.0,0.0,0.0,0.0,0.0,0.0,0.0,0.0,0.0,0.0,0.0,0.0,0.0,0.0,0.0,0.0,0.0,0.0,0.0,0.0,0.0,0.0,0.0,0.0,1.0,0.0,0.2730712890625,0.0203956191327671,40.0,18.0,0.06620051,8.0,0.0,0.0,0.0,0.277883,0.897978,0.0,0.277883,0.0,0.0,0.0,0.0,0.0,0.0,0.0,0.0,0.0,0.0,0.0,0.0,1.0,0.0,0.0,0.0,0.0,0.0,0.0,0.0,0.0,0.0,0.0,0.0,0.0,0.0,0.0,0.0,0.0,0.06620051
omj_009,OpenMoji,lady_beetle,skeleton_c30_m4,flat_icon_fill,0.25504731,excellent,0.06620051,8,0,0.0,0,0.277883,0.897978,0.472117,0.0,0.0,0,balanced,omj_009::balanced,0.1,0.05,0.02,0.005,0.003,0.003,1.0,1.0,0.0,0.0,0.0,0.0,0.0,0.0,0.0,0.0,0.0,0.0,0.0,0.0,0.0,0.0,0.0,0.0,0.0,0.0,0.0,0.0,0.0,0.0,0.0,0.0,1.0,0.0,0.2730712890625,0.0203956191327671,40.0,18.0,0.06620051,8.0,0.0,0.0,0.0,0.277883,0.897978,0.0,0.277883,0.0,0.0,0.0,0.0,0.0,0.0,0.0,0.0,0.0,0.0,0.0,0.0,0.0,1.0,0.0,0.0,0.0,0.1,0.05,0.02,0.005,0.003,0.003,0.027788300000000002,0.044898900000000005,0.0,0.0,0.024,0.0,0.0
omj_009,OpenMoji,lady_beetle,skeleton_c30_m4,flat_icon_fill,0.25504731,excellent,0.06620051,8,0,0.0,0,0.277883,0.897978,0.472117,0.0,0.0,0,precision,omj_009::precision,0.1,0.2,0.02,0.005,0.003,0.003,1.0,1.0,0.0,0.0,0.0,0.0,0.0,0.0,0.0,0.0,0.0,0.0,0.0,0.0,0.0,0.0,0.0,0.0,0.0,0.0,0.0,0.0,0.0,0.0,0.0,0.0,1.0,0.0,0.2730712890625,0.0203956191327671,40.0,18.0,0.06620051,8.0,0.0,0.0,0.0,0.277883,0.897978,0.0,0.277883,0.0,0.0,0.0,0.0,0.0,0.0,0.0,0.0,0.0,0.0,0.0,0.0,0.0,0.0,1.0,0.0,0.0,0.1,0.2,0.02,0.005,0.003,0.003,0.027788300000000002,0.17959560000000002,0.0,0.0,0.024,0.0,0.0
omj_009,OpenMoji,lady_beetle,skeleton_c30_m4,flat_icon_fill,0.25504731,excellent,0.06620051,8,0,0.0,0,0.277883,0.897978,0.472117,0.0,0.0,0,coverage,omj_009::coverage,0.35,0.05,0.02,0.005,0.003,0.003,1.0,1.0,0.0,0.0,0.0,0.0,0.0,0.0,0.0,0.0,0.0,0.0,0.0,0.0,0.0,0.0,0.0,0.0,0.0,0.0,0.0,0.0,0.0,0.0,0.0,0.0,1.0,0.0,0.2730712890625,0.0203956191327671,40.0,18.0,0.06620051,8.0,0.0,0.0,0.0,0.277883,0.897978,0.0,0.277883,0.0,0.0,0.0,0.0,0.0,0.0,0.0,0.0,0.0,0.0,0.0,0.0,0.0,0.0,0.0,1.0,0.0,0.35,0.05,0.02,0.005,0.003,0.003,0.09725904999999999,0.044898900000000005,0.0,0.0,0.024,0.0,0.0
omj_009,OpenMoji,lady_beetle,skeleton_c30_m4,flat_icon_fill,0.25504731,excellent,0.06620051,8,0,0.0,0,0.277883,0.897978,0.472117,0.0,0.0,0,low_jump,omj_009::low_jump,0.1,0.05,0.02,0.005,0.03,0.02,1.0,1.0,0.0,0.0,0.0,0.0,0.0,0.0,0.0,0.0,0.0,0.0,0.0,0.0,0.0,0.0,0.0,0.0,0.0,0.0,0.0,0.0,0.0,0.0,0.0,0.0,1.0,0.0,0.2730712890625,0.0203956191327671,40.0,18.0,0.06620051,8.0,0.0,0.0,0.0,0.277883,0.897978,0.0,0.277883,0.0,0.0,0.0,0.0,0.0,0.0,0.0,0.0,0.0,0.0,0.0,0.0,0.0,0.0,0.0,0.0,1.0,0.1,0.05,0.02,0.005,0.03,0.02,0.027788300000000002,0.044898900000000005,0.0,0.0,0.24,0.0,0.0
omj_009,OpenMoji,lady_beetle,mask_fill_edgewalk_nearestrow_safeadt_t2m5_r055_a64_rows16_p40,flat_icon_fill,0.10072604,excellent,0.10072604,7,1,1.6269,0,0.997262,0.893422,0.0,0.0,0.0,0,low_loss,omj_009::low_loss,0.0,0.0,0.0,0.0,0.0,0.0,1.0,0.0,0.0,1.0,1.0,1.0,1.0,0.0,0.0,0.0,0.0,0.0,0.0,0.0,16.0,40.0,0.0,0.0,0.0,0.0,0.0,0.0,0.0,0.0,0.0,0.0,1.0,0.0,0.2730712890625,0.0203956191327671,40.0,18.0,0.10072604,7.0,1.0,1.6269,0.0,0.997262,0.893422,0.0,0.0,0.0,0.997262,0.0,0.997262,0.997262,0.2730712890625,0.0,0.0,0.0,0.0,0.0,0.0,1.0,0.0,0.0,0.0,0.0,0.0,0.0,0.0,0.0,0.0,0.0,0.0,0.0,0.0,0.0,0.0,0.0,0.10072604
omj_009,OpenMoji,lady_beetle,mask_fill_edgewalk_nearestrow_safeadt_t2m5_r055_a64_rows16_p40,flat_icon_fill,0.10072604,excellent,0.10072604,7,1,1.6269,0,0.997262,0.893422,0.0,0.0,0.0,0,balanced,omj_009::balanced,0.1,0.05,0.02,0.005,0.003,0.003,1.0,0.0,0.0,1.0,1.0,1.0,1.0,0.0,0.0,0.0,0.0,0.0,0.0,0.0,16.0,40.0,0.0,0.0,0.0,0.0,0.0,0.0,0.0,0.0,0.0,0.0,1.0,0.0,0.2730712890625,0.0203956191327671,40.0,18.0,0.10072604,7.0,1.0,1.6269,0.0,0.997262,0.893422,0.0,0.0,0.0,0.997262,0.0,0.997262,0.997262,0.2730712890625,0.0,0.0,0.0,0.0,0.0,0.0,0.0,1.0,0.0,0.0,0.0,0.1,0.05,0.02,0.005,0.003,0.003,0.0997262,0.044671100000000005,0.032538,0.0,0.021,0.003,0.0
omj_009,OpenMoji,lady_beetle,mask_fill_edgewalk_nearestrow_safeadt_t2m5_r055_a64_rows16_p40,flat_icon_fill,0.10072604,excellent,0.10072604,7,1,1.6269,0,0.997262,0.893422,0.0,0.0,0.0,0,precision,omj_009::precision,0.1,0.2,0.02,0.005,0.003,0.003,1.0,0.0,0.0,1.0,1.0,1.0,1.0,0.0,0.0,0.0,0.0,0.0,0.0,0.0,16.0,40.0,0.0,0.0,0.0,0.0,0.0,0.0,0.0,0.0,0.0,0.0,1.0,0.0,0.2730712890625,0.0203956191327671,40.0,18.0,0.10072604,7.0,1.0,1.6269,0.0,0.997262,0.893422,0.0,0.0,0.0,0.997262,0.0,0.997262,0.997262,0.2730712890625,0.0,0.0,0.0,0.0,0.0,0.0,0.0,0.0,1.0,0.0,0.0,0.1,0.2,0.02,0.005,0.003,0.003,0.0997262,0.17868440000000002,0.032538,0.0,0.021,0.003,0.0
omj_009,OpenMoji,lady_beetle,mask_fill_edgewalk_nearestrow_safeadt_t2m5_r055_a64_rows16_p40,flat_icon_fill,0.10072604,excellent,0.10072604,7,1,1.6269,0,0.997262,0.893422,0.0,0.0,0.0,0,coverage,omj_009::coverage,0.35,0.05,0.02,0.005,0.003,0.003,1.0,0.0,0.0,1.0,1.0,1.0,1.0,0.0,0.0,0.0,0.0,0.0,0.0,0.0,16.0,40.0,0.0,0.0,0.0,0.0,0.0,0.0,0.0,0.0,0.0,0.0,1.0,0.0,0.2730712890625,0.0203956191327671,40.0,18.0,0.10072604,7.0,1.0,1.6269,0.0,0.997262,0.893422,0.0,0.0,0.0,0.997262,0.0,0.997262,0.997262,0.2730712890625,0.0,0.0,0.0,0.0,0.0,0.0,0.0,0.0,0.0,1.0,0.0,0.35,0.05,0.02,0.005,0.003,0.003,0.34904169999999995,0.044671100000000005,0.032538,0.0,0.021,0.003,0.0
omj_009,OpenMoji,lady_beetle,mask_fill_edgewalk_nearestrow_safeadt_t2m5_r055_a64_rows16_p40,flat_icon_fill,0.10072604,excellent,0.10072604,7,1,1.6269,0,0.997262,0.893422,0.0,0.0,0.0,0,low_jump,omj_009::low_jump,0.1,0.05,0.02,0.005,0.03,0.02,1.0,0.0,0.0,1.0,1.0,1.0,1.0,0.0,0.0,0.0,0.0,0.0,0.0,0.0,16.0,40.0,0.0,0.0,0.0,0.0,0.0,0.0,0.0,0.0,0.0,0.0,1.0,0.0,0.2730712890625,0.0203956191327671,40.0,18.0,0.10072604,7.0,1.0,1.6269,0.0,0.997262,0.893422,0.0,0.0,0.0,0.997262,0.0,0.997262,0.997262,0.2730712890625,0.0,0.0,0.0,0.0,0.0,0.0,0.0,0.0,0.0,0.0,1.0,0.1,0.05,0.02,0.005,0.03,0.02,0.0997262,0.044671100000000005,0.032538,0.0,0.21,0.02,0.0
omj_010,OpenMoji,seedling,mask_fill_edgewalk_nearestrow_inset1_rows16_p40,line_text_skeleton,0.05579439,excellent,0.05579439,6,1,0.0,0,0.999133,0.743184,0.0,0.0,0.0,0,low_loss,omj_010::low_loss,0.0,0.0,0.0,0.0,0.0,0.0,1.0,0.0,0.0,1.0,1.0,1.0,0.0,1.0,1.0,0.0,1.0,0.0,0.0,0.0,16.0,40.0,0.0,0.0,0.0,0.0,0.0,0.0,0.0,0.0,0.0,0.0,1.0,1.1,0.0703582763671875,0.0687486445456517,95.0,15.0,0.05579439,6.0,1.0,0.0,0.0,0.999133,0.743184,0.0,0.0,0.0,0.999133,1.1,0.999133,0.999133,0.0703582763671875,0.0703582763671875,0.0,0.0,0.0,0.0,0.0,1.0,0.0,0.0,0.0,0.0,0.0,0.0,0.0,0.0,0.0,0.0,0.0,0.0,0.0,0.0,0.0,0.0,0.05579439
omj_010,OpenMoji,seedling,mask_fill_edgewalk_nearestrow_inset1_rows16_p40,line_text_skeleton,0.05579439,excellent,0.05579439,6,1,0.0,0,0.999133,0.743184,0.0,0.0,0.0,0,balanced,omj_010::balanced,0.1,0.05,0.02,0.005,0.003,0.003,1.0,0.0,0.0,1.0,1.0,1.0,0.0,1.0,1.0,0.0,1.0,0.0,0.0,0.0,16.0,40.0,0.0,0.0,0.0,0.0,0.0,0.0,0.0,0.0,0.0,0.0,1.0,1.1,0.0703582763671875,0.0687486445456517,95.0,15.0,0.05579439,6.0,1.0,0.0,0.0,0.999133,0.743184,0.0,0.0,0.0,0.999133,1.1,0.999133,0.999133,0.0703582763671875,0.0703582763671875,0.0,0.0,0.0,0.0,0.0,0.0,1.0,0.0,0.0,0.0,0.1,0.05,0.02,0.005,0.003,0.003,0.09991330000000001,0.037159199999999996,0.0,0.0,0.018000000000000002,0.003,0.0
omj_010,OpenMoji,seedling,mask_fill_edgewalk_nearestrow_inset1_rows16_p40,line_text_skeleton,0.05579439,excellent,0.05579439,6,1,0.0,0,0.999133,0.743184,0.0,0.0,0.0,0,precision,omj_010::precision,0.1,0.2,0.02,0.005,0.003,0.003,1.0,0.0,0.0,1.0,1.0,1.0,0.0,1.0,1.0,0.0,1.0,0.0,0.0,0.0,16.0,40.0,0.0,0.0,0.0,0.0,0.0,0.0,0.0,0.0,0.0,0.0,1.0,1.1,0.0703582763671875,0.0687486445456517,95.0,15.0,0.05579439,6.0,1.0,0.0,0.0,0.999133,0.743184,0.0,0.0,0.0,0.999133,1.1,0.999133,0.999133,0.0703582763671875,0.0703582763671875,0.0,0.0,0.0,0.0,0.0,0.0,0.0,1.0,0.0,0.0,0.1,0.2,0.02,0.005,0.003,0.003,0.09991330000000001,0.14863679999999999,0.0,0.0,0.018000000000000002,0.003,0.0
omj_010,OpenMoji,seedling,mask_fill_edgewalk_nearestrow_inset1_rows16_p40,line_text_skeleton,0.05579439,excellent,0.05579439,6,1,0.0,0,0.999133,0.743184,0.0,0.0,0.0,0,coverage,omj_010::coverage,0.35,0.05,0.02,0.005,0.003,0.003,1.0,0.0,0.0,1.0,1.0,1.0,0.0,1.0,1.0,0.0,1.0,0.0,0.0,0.0,16.0,40.0,0.0,0.0,0.0,0.0,0.0,0.0,0.0,0.0,0.0,0.0,1.0,1.1,0.0703582763671875,0.0687486445456517,95.0,15.0,0.05579439,6.0,1.0,0.0,0.0,0.999133,0.743184,0.0,0.0,0.0,0.999133,1.1,0.999133,0.999133,0.0703582763671875,0.0703582763671875,0.0,0.0,0.0,0.0,0.0,0.0,0.0,0.0,1.0,0.0,0.35,0.05,0.02,0.005,0.003,0.003,0.34969655,0.037159199999999996,0.0,0.0,0.018000000000000002,0.003,0.0
omj_010,OpenMoji,seedling,mask_fill_edgewalk_nearestrow_inset1_rows16_p40,line_text_skeleton,0.05579439,excellent,0.05579439,6,1,0.0,0,0.999133,0.743184,0.0,0.0,0.0,0,low_jump,omj_010::low_jump,0.1,0.05,0.02,0.005,0.03,0.02,1.0,0.0,0.0,1.0,1.0,1.0,0.0,1.0,1.0,0.0,1.0,0.0,0.0,0.0,16.0,40.0,0.0,0.0,0.0,0.0,0.0,0.0,0.0,0.0,0.0,0.0,1.0,1.1,0.0703582763671875,0.0687486445456517,95.0,15.0,0.05579439,6.0,1.0,0.0,0.0,0.999133,0.743184,0.0,0.0,0.0,0.999133,1.1,0.999133,0.999133,0.0703582763671875,0.0703582763671875,0.0,0.0,0.0,0.0,0.0,0.0,0.0,0.0,0.0,1.0,0.1,0.05,0.02,0.005,0.03,0.02,0.09991330000000001,0.037159199999999996,0.0,0.0,0.18,0.02,0.0
omj_010,OpenMoji,seedling,mask_fill_edgewalk_nearestrow_inset2_rows16_p40,line_text_skeleton,0.05566039,excellent,0.05566039,6,1,0.0,0,0.988723,0.848344,0.0,0.0,0.0,0,low_loss,omj_010::low_loss,0.0,0.0,0.0,0.0,0.0,0.0,1.0,0.0,0.0,1.0,1.0,1.0,0.0,1.0,0.0,1.0,2.0,0.0,0.0,0.0,16.0,40.0,0.0,0.0,0.0,0.0,0.0,0.0,0.0,0.0,0.0,0.0,1.0,1.1,0.0703582763671875,0.0687486445456517,95.0,15.0,0.05566039,6.0,1.0,0.0,0.0,0.988723,0.848344,0.0,0.0,0.0,0.988723,1.1,0.988723,0.988723,0.0703582763671875,0.0703582763671875,0.0703582763671875,0.0,0.0,0.0,0.0,1.0,0.0,0.0,0.0,0.0,0.0,0.0,0.0,0.0,0.0,0.0,0.0,0.0,0.0,0.0,0.0,0.0,0.05566039
omj_010,OpenMoji,seedling,mask_fill_edgewalk_nearestrow_inset2_rows16_p40,line_text_skeleton,0.05566039,excellent,0.05566039,6,1,0.0,0,0.988723,0.848344,0.0,0.0,0.0,0,balanced,omj_010::balanced,0.1,0.05,0.02,0.005,0.003,0.003,1.0,0.0,0.0,1.0,1.0,1.0,0.0,1.0,0.0,1.0,2.0,0.0,0.0,0.0,16.0,40.0,0.0,0.0,0.0,0.0,0.0,0.0,0.0,0.0,0.0,0.0,1.0,1.1,0.0703582763671875,0.0687486445456517,95.0,15.0,0.05566039,6.0,1.0,0.0,0.0,0.988723,0.848344,0.0,0.0,0.0,0.988723,1.1,0.988723,0.988723,0.0703582763671875,0.0703582763671875,0.0703582763671875,0.0,0.0,0.0,0.0,0.0,1.0,0.0,0.0,0.0,0.1,0.05,0.02,0.005,0.003,0.003,0.09887230000000001,0.0424172,0.0,0.0,0.018000000000000002,0.003,0.0
omj_010,OpenMoji,seedling,mask_fill_edgewalk_nearestrow_inset2_rows16_p40,line_text_skeleton,0.05566039,excellent,0.05566039,6,1,0.0,0,0.988723,0.848344,0.0,0.0,0.0,0,precision,omj_010::precision,0.1,0.2,0.02,0.005,0.003,0.003,1.0,0.0,0.0,1.0,1.0,1.0,0.0,1.0,0.0,1.0,2.0,0.0,0.0,0.0,16.0,40.0,0.0,0.0,0.0,0.0,0.0,0.0,0.0,0.0,0.0,0.0,1.0,1.1,0.0703582763671875,0.0687486445456517,95.0,15.0,0.05566039,6.0,1.0,0.0,0.0,0.988723,0.848344,0.0,0.0,0.0,0.988723,1.1,0.988723,0.988723,0.0703582763671875,0.0703582763671875,0.0703582763671875,0.0,0.0,0.0,0.0,0.0,0.0,1.0,0.0,0.0,0.1,0.2,0.02,0.005,0.003,0.003,0.09887230000000001,0.1696688,0.0,0.0,0.018000000000000002,0.003,0.0
omj_010,OpenMoji,seedling,mask_fill_edgewalk_nearestrow_inset2_rows16_p40,line_text_skeleton,0.05566039,excellent,0.05566039,6,1,0.0,0,0.988723,0.848344,0.0,0.0,0.0,0,coverage,omj_010::coverage,0.35,0.05,0.02,0.005,0.003,0.003,1.0,0.0,0.0,1.0,1.0,1.0,0.0,1.0,0.0,1.0,2.0,0.0,0.0,0.0,16.0,40.0,0.0,0.0,0.0,0.0,0.0,0.0,0.0,0.0,0.0,0.0,1.0,1.1,0.0703582763671875,0.0687486445456517,95.0,15.0,0.05566039,6.0,1.0,0.0,0.0,0.988723,0.848344,0.0,0.0,0.0,0.988723,1.1,0.988723,0.988723,0.0703582763671875,0.0703582763671875,0.0703582763671875,0.0,0.0,0.0,0.0,0.0,0.0,0.0,1.0,0.0,0.35,0.05,0.02,0.005,0.003,0.003,0.34605305,0.0424172,0.0,0.0,0.018000000000000002,0.003,0.0
omj_010,OpenMoji,seedling,mask_fill_edgewalk_nearestrow_inset2_rows16_p40,line_text_skeleton,0.05566039,excellent,0.05566039,6,1,0.0,0,0.988723,0.848344,0.0,0.0,0.0,0,low_jump,omj_010::low_jump,0.1,0.05,0.02,0.005,0.03,0.02,1.0,0.0,0.0,1.0,1.0,1.0,0.0,1.0,0.0,1.0,2.0,0.0,0.0,0.0,16.0,40.0,0.0,0.0,0.0,0.0,0.0,0.0,0.0,0.0,0.0,0.0,1.0,1.1,0.0703582763671875,0.0687486445456517,95.0,15.0,0.05566039,6.0,1.0,0.0,0.0,0.988723,0.848344,0.0,0.0,0.0,0.988723,1.1,0.988723,0.988723,0.0703582763671875,0.0703582763671875,0.0703582763671875,0.0,0.0,0.0,0.0,0.0,0.0,0.0,0.0,1.0,0.1,0.05,0.02,0.005,0.03,0.02,0.09887230000000001,0.0424172,0.0,0.0,0.18,0.02,0.0
omj_010,OpenMoji,seedling,mask_fill_edgewalk_nearestrow_rows16_p40,line_text_skeleton,0.09882793,excellent,0.09490198,10,2,0.0,0,1.0,0.673827,0.0,0.026173,0.0,0,low_loss,omj_010::low_loss,0.0,0.0,0.0,0.0,0.0,0.0,1.0,0.0,0.0,1.0,1.0,1.0,1.0,0.0,0.0,0.0,0.0,0.0,0.0,0.0,16.0,40.0,0.0,0.0,0.0,0.0,0.0,0.0,0.0,0.0,0.0,0.0,1.0,1.1,0.0703582763671875,0.0687486445456517,95.0,15.0,0.09490198,10.0,2.0,0.0,0.0,1.0,0.673827,0.0,0.0,0.0,1.0,1.1,1.0,1.0,0.0703582763671875,0.0,0.0,0.0,0.0,0.0,0.0,1.0,0.0,0.0,0.0,0.0,0.0,0.0,0.0,0.0,0.0,0.0,0.0,0.0,0.0,0.0,0.0,0.0,0.09490198
omj_010,OpenMoji,seedling,mask_fill_edgewalk_nearestrow_rows16_p40,line_text_skeleton,0.09882793,excellent,0.09490198,10,2,0.0,0,1.0,0.673827,0.0,0.026173,0.0,0,balanced,omj_010::balanced,0.1,0.05,0.02,0.005,0.003,0.003,1.0,0.0,0.0,1.0,1.0,1.0,1.0,0.0,0.0,0.0,0.0,0.0,0.0,0.0,16.0,40.0,0.0,0.0,0.0,0.0,0.0,0.0,0.0,0.0,0.0,0.0,1.0,1.1,0.0703582763671875,0.0687486445456517,95.0,15.0,0.09490198,10.0,2.0,0.0,0.0,1.0,0.673827,0.0,0.0,0.0,1.0,1.1,1.0,1.0,0.0703582763671875,0.0,0.0,0.0,0.0,0.0,0.0,0.0,1.0,0.0,0.0,0.0,0.1,0.05,0.02,0.005,0.003,0.003,0.1,0.03369135,0.0,0.0,0.03,0.006,0.0
omj_010,OpenMoji,seedling,mask_fill_edgewalk_nearestrow_rows16_p40,line_text_skeleton,0.09882793,excellent,0.09490198,10,2,0.0,0,1.0,0.673827,0.0,0.026173,0.0,0,precision,omj_010::precision,0.1,0.2,0.02,0.005,0.003,0.003,1.0,0.0,0.0,1.0,1.0,1.0,1.0,0.0,0.0,0.0,0.0,0.0,0.0,0.0,16.0,40.0,0.0,0.0,0.0,0.0,0.0,0.0,0.0,0.0,0.0,0.0,1.0,1.1,0.0703582763671875,0.0687486445456517,95.0,15.0,0.09490198,10.0,2.0,0.0,0.0,1.0,0.673827,0.0,0.0,0.0,1.0,1.1,1.0,1.0,0.0703582763671875,0.0,0.0,0.0,0.0,0.0,0.0,0.0,0.0,1.0,0.0,0.0,0.1,0.2,0.02,0.005,0.003,0.003,0.1,0.1347654,0.0,0.0,0.03,0.006,0.0
omj_010,OpenMoji,seedling,mask_fill_edgewalk_nearestrow_rows16_p40,line_text_skeleton,0.09882793,excellent,0.09490198,10,2,0.0,0,1.0,0.673827,0.0,0.026173,0.0,0,coverage,omj_010::coverage,0.35,0.05,0.02,0.005,0.003,0.003,1.0,0.0,0.0,1.0,1.0,1.0,1.0,0.0,0.0,0.0,0.0,0.0,0.0,0.0,16.0,40.0,0.0,0.0,0.0,0.0,0.0,0.0,0.0,0.0,0.0,0.0,1.0,1.1,0.0703582763671875,0.0687486445456517,95.0,15.0,0.09490198,10.0,2.0,0.0,0.0,1.0,0.673827,0.0,0.0,0.0,1.0,1.1,1.0,1.0,0.0703582763671875,0.0,0.0,0.0,0.0,0.0,0.0,0.0,0.0,0.0,1.0,0.0,0.35,0.05,0.02,0.005,0.003,0.003,0.35,0.03369135,0.0,0.0,0.03,0.006,0.0
omj_010,OpenMoji,seedling,mask_fill_edgewalk_nearestrow_rows16_p40,line_text_skeleton,0.09882793,excellent,0.09490198,10,2,0.0,0,1.0,0.673827,0.0,0.026173,0.0,0,low_jump,omj_010::low_jump,0.1,0.05,0.02,0.005,0.03,0.02,1.0,0.0,0.0,1.0,1.0,1.0,1.0,0.0,0.0,0.0,0.0,0.0,0.0,0.0,16.0,40.0,0.0,0.0,0.0,0.0,0.0,0.0,0.0,0.0,0.0,0.0,1.0,1.1,0.0703582763671875,0.0687486445456517,95.0,15.0,0.09490198,10.0,2.0,0.0,0.0,1.0,0.673827,0.0,0.0,0.0,1.0,1.1,1.0,1.0,0.0703582763671875,0.0,0.0,0.0,0.0,0.0,0.0,0.0,0.0,0.0,0.0,1.0,0.1,0.05,0.02,0.005,0.03,0.02,0.1,0.03369135,0.0,0.0,0.3,0.04,0.0
omj_010,OpenMoji,seedling,mask_fill_edgewalk_rows16_p40,line_text_skeleton,0.06926814,excellent,0.06398694,7,1,0.0,0,1.0,0.664792,0.0,0.035208,0.0,0,low_loss,omj_010::low_loss,0.0,0.0,0.0,0.0,0.0,0.0,1.0,0.0,0.0,1.0,1.0,0.0,0.0,0.0,0.0,0.0,0.0,0.0,0.0,0.0,16.0,40.0,0.0,0.0,0.0,0.0,0.0,0.0,0.0,0.0,0.0,0.0,1.0,1.1,0.0703582763671875,0.0687486445456517,95.0,15.0,0.06398694,7.0,1.0,0.0,0.0,1.0,0.664792,0.0,0.0,0.0,1.0,1.1,1.0,0.0,0.0,0.0,0.0,0.0,0.0,0.0,0.0,1.0,0.0,0.0,0.0,0.0,0.0,0.0,0.0,0.0,0.0,0.0,0.0,0.0,0.0,0.0,0.0,0.0,0.06398694
omj_010,OpenMoji,seedling,mask_fill_edgewalk_rows16_p40,line_text_skeleton,0.06926814,excellent,0.06398694,7,1,0.0,0,1.0,0.664792,0.0,0.035208,0.0,0,balanced,omj_010::balanced,0.1,0.05,0.02,0.005,0.003,0.003,1.0,0.0,0.0,1.0,1.0,0.0,0.0,0.0,0.0,0.0,0.0,0.0,0.0,0.0,16.0,40.0,0.0,0.0,0.0,0.0,0.0,0.0,0.0,0.0,0.0,0.0,1.0,1.1,0.0703582763671875,0.0687486445456517,95.0,15.0,0.06398694,7.0,1.0,0.0,0.0,1.0,0.664792,0.0,0.0,0.0,1.0,1.1,1.0,0.0,0.0,0.0,0.0,0.0,0.0,0.0,0.0,0.0,1.0,0.0,0.0,0.0,0.1,0.05,0.02,0.005,0.003,0.003,0.1,0.0332396,0.0,0.0,0.021,0.003,0.0
omj_010,OpenMoji,seedling,mask_fill_edgewalk_rows16_p40,line_text_skeleton,0.06926814,excellent,0.06398694,7,1,0.0,0,1.0,0.664792,0.0,0.035208,0.0,0,precision,omj_010::precision,0.1,0.2,0.02,0.005,0.003,0.003,1.0,0.0,0.0,1.0,1.0,0.0,0.0,0.0,0.0,0.0,0.0,0.0,0.0,0.0,16.0,40.0,0.0,0.0,0.0,0.0,0.0,0.0,0.0,0.0,0.0,0.0,1.0,1.1,0.0703582763671875,0.0687486445456517,95.0,15.0,0.06398694,7.0,1.0,0.0,0.0,1.0,0.664792,0.0,0.0,0.0,1.0,1.1,1.0,0.0,0.0,0.0,0.0,0.0,0.0,0.0,0.0,0.0,0.0,1.0,0.0,0.0,0.1,0.2,0.02,0.005,0.003,0.003,0.1,0.1329584,0.0,0.0,0.021,0.003,0.0
omj_010,OpenMoji,seedling,mask_fill_edgewalk_rows16_p40,line_text_skeleton,0.06926814,excellent,0.06398694,7,1,0.0,0,1.0,0.664792,0.0,0.035208,0.0,0,coverage,omj_010::coverage,0.35,0.05,0.02,0.005,0.003,0.003,1.0,0.0,0.0,1.0,1.0,0.0,0.0,0.0,0.0,0.0,0.0,0.0,0.0,0.0,16.0,40.0,0.0,0.0,0.0,0.0,0.0,0.0,0.0,0.0,0.0,0.0,1.0,1.1,0.0703582763671875,0.0687486445456517,95.0,15.0,0.06398694,7.0,1.0,0.0,0.0,1.0,0.664792,0.0,0.0,0.0,1.0,1.1,1.0,0.0,0.0,0.0,0.0,0.0,0.0,0.0,0.0,0.0,0.0,0.0,1.0,0.0,0.35,0.05,0.02,0.005,0.003,0.003,0.35,0.0332396,0.0,0.0,0.021,0.003,0.0
omj_010,OpenMoji,seedling,mask_fill_edgewalk_rows16_p40,line_text_skeleton,0.06926814,excellent,0.06398694,7,1,0.0,0,1.0,0.664792,0.0,0.035208,0.0,0,low_jump,omj_010::low_jump,0.1,0.05,0.02,0.005,0.03,0.02,1.0,0.0,0.0,1.0,1.0,0.0,0.0,0.0,0.0,0.0,0.0,0.0,0.0,0.0,16.0,40.0,0.0,0.0,0.0,0.0,0.0,0.0,0.0,0.0,0.0,0.0,1.0,1.1,0.0703582763671875,0.0687486445456517,95.0,15.0,0.06398694,7.0,1.0,0.0,0.0,1.0,0.664792,0.0,0.0,0.0,1.0,1.1,1.0,0.0,0.0,0.0,0.0,0.0,0.0,0.0,0.0,0.0,0.0,0.0,0.0,1.0,0.1,0.05,0.02,0.005,0.03,0.02,0.1,0.0332396,0.0,0.0,0.21,0.02,0.0
omj_010,OpenMoji,seedling,auto_evalrepair_r10_c20,line_text_skeleton,0.06401391,excellent,0.06401391,7,1,0.0,0,0.45283,0.889646,0.0,0.0,0.0,0,low_loss,omj_010::low_loss,0.0,0.0,0.0,0.0,0.0,0.0,1.0,0.0,1.0,0.0,0.0,0.0,0.0,0.0,0.0,0.0,0.0,0.0,0.0,0.0,0.0,0.0,0.0,0.0,0.0,0.0,0.0,0.0,0.0,0.0,0.0,0.0,1.0,1.1,0.0703582763671875,0.0687486445456517,95.0,15.0,0.06401391,7.0,1.0,0.0,0.0,0.45283,0.889646,0.0,0.0,0.45283,0.0,0.0,0.0,0.0,0.0,0.0,0.0,0.0,0.0,0.0,0.0,1.0,0.0,0.0,0.0,0.0,0.0,0.0,0.0,0.0,0.0,0.0,0.0,0.0,0.0,0.0,0.0,0.0,0.06401391
omj_010,OpenMoji,seedling,auto_evalrepair_r10_c20,line_text_skeleton,0.06401391,excellent,0.06401391,7,1,0.0,0,0.45283,0.889646,0.0,0.0,0.0,0,balanced,omj_010::balanced,0.1,0.05,0.02,0.005,0.003,0.003,1.0,0.0,1.0,0.0,0.0,0.0,0.0,0.0,0.0,0.0,0.0,0.0,0.0,0.0,0.0,0.0,0.0,0.0,0.0,0.0,0.0,0.0,0.0,0.0,0.0,0.0,1.0,1.1,0.0703582763671875,0.0687486445456517,95.0,15.0,0.06401391,7.0,1.0,0.0,0.0,0.45283,0.889646,0.0,0.0,0.45283,0.0,0.0,0.0,0.0,0.0,0.0,0.0,0.0,0.0,0.0,0.0,0.0,1.0,0.0,0.0,0.0,0.1,0.05,0.02,0.005,0.003,0.003,0.045283000000000004,0.0444823,0.0,0.0,0.021,0.003,0.0
omj_010,OpenMoji,seedling,auto_evalrepair_r10_c20,line_text_skeleton,0.06401391,excellent,0.06401391,7,1,0.0,0,0.45283,0.889646,0.0,0.0,0.0,0,precision,omj_010::precision,0.1,0.2,0.02,0.005,0.003,0.003,1.0,0.0,1.0,0.0,0.0,0.0,0.0,0.0,0.0,0.0,0.0,0.0,0.0,0.0,0.0,0.0,0.0,0.0,0.0,0.0,0.0,0.0,0.0,0.0,0.0,0.0,1.0,1.1,0.0703582763671875,0.0687486445456517,95.0,15.0,0.06401391,7.0,1.0,0.0,0.0,0.45283,0.889646,0.0,0.0,0.45283,0.0,0.0,0.0,0.0,0.0,0.0,0.0,0.0,0.0,0.0,0.0,0.0,0.0,1.0,0.0,0.0,0.1,0.2,0.02,0.005,0.003,0.003,0.045283000000000004,0.1779292,0.0,0.0,0.021,0.003,0.0
omj_010,OpenMoji,seedling,auto_evalrepair_r10_c20,line_text_skeleton,0.06401391,excellent,0.06401391,7,1,0.0,0,0.45283,0.889646,0.0,0.0,0.0,0,coverage,omj_010::coverage,0.35,0.05,0.02,0.005,0.003,0.003,1.0,0.0,1.0,0.0,0.0,0.0,0.0,0.0,0.0,0.0,0.0,0.0,0.0,0.0,0.0,0.0,0.0,0.0,0.0,0.0,0.0,0.0,0.0,0.0,0.0,0.0,1.0,1.1,0.0703582763671875,0.0687486445456517,95.0,15.0,0.06401391,7.0,1.0,0.0,0.0,0.45283,0.889646,0.0,0.0,0.45283,0.0,0.0,0.0,0.0,0.0,0.0,0.0,0.0,0.0,0.0,0.0,0.0,0.0,0.0,1.0,0.0,0.35,0.05,0.02,0.005,0.003,0.003,0.1584905,0.0444823,0.0,0.0,0.021,0.003,0.0
omj_010,OpenMoji,seedling,auto_evalrepair_r10_c20,line_text_skeleton,0.06401391,excellent,0.06401391,7,1,0.0,0,0.45283,0.889646,0.0,0.0,0.0,0,low_jump,omj_010::low_jump,0.1,0.05,0.02,0.005,0.03,0.02,1.0,0.0,1.0,0.0,0.0,0.0,0.0,0.0,0.0,0.0,0.0,0.0,0.0,0.0,0.0,0.0,0.0,0.0,0.0,0.0,0.0,0.0,0.0,0.0,0.0,0.0,1.0,1.1,0.0703582763671875,0.0687486445456517,95.0,15.0,0.06401391,7.0,1.0,0.0,0.0,0.45283,0.889646,0.0,0.0,0.45283,0.0,0.0,0.0,0.0,0.0,0.0,0.0,0.0,0.0,0.0,0.0,0.0,0.0,0.0,0.0,1.0,0.1,0.05,0.02,0.005,0.03,0.02,0.045283000000000004,0.0444823,0.0,0.0,0.21,0.02,0.0
omj_010,OpenMoji,seedling,skeleton_c30_m20,line_text_skeleton,0.09657808,excellent,0.01625288,2,0,0.0,0,0.249187,0.838074,0.200813,0.0,0.0,0,low_loss,omj_010::low_loss,0.0,0.0,0.0,0.0,0.0,0.0,1.0,1.0,0.0,0.0,0.0,0.0,0.0,0.0,0.0,0.0,0.0,0.0,0.0,0.0,0.0,0.0,0.0,0.0,0.0,0.0,0.0,0.0,0.0,0.0,0.0,0.0,1.0,1.1,0.0703582763671875,0.0687486445456517,95.0,15.0,0.01625288,2.0,0.0,0.0,0.0,0.249187,0.838074,1.1,0.249187,0.0,0.0,0.0,0.0,0.0,0.0,0.0,0.0,0.0,0.0,0.0,0.0,1.0,0.0,0.0,0.0,0.0,0.0,0.0,0.0,0.0,0.0,0.0,0.0,0.0,0.0,0.0,0.0,0.0,0.01625288
omj_010,OpenMoji,seedling,skeleton_c30_m20,line_text_skeleton,0.09657808,excellent,0.01625288,2,0,0.0,0,0.249187,0.838074,0.200813,0.0,0.0,0,balanced,omj_010::balanced,0.1,0.05,0.02,0.005,0.003,0.003,1.0,1.0,0.0,0.0,0.0,0.0,0.0,0.0,0.0,0.0,0.0,0.0,0.0,0.0,0.0,0.0,0.0,0.0,0.0,0.0,0.0,0.0,0.0,0.0,0.0,0.0,1.0,1.1,0.0703582763671875,0.0687486445456517,95.0,15.0,0.01625288,2.0,0.0,0.0,0.0,0.249187,0.838074,1.1,0.249187,0.0,0.0,0.0,0.0,0.0,0.0,0.0,0.0,0.0,0.0,0.0,0.0,0.0,1.0,0.0,0.0,0.0,0.1,0.05,0.02,0.005,0.003,0.003,0.024918700000000002,0.0419037,0.0,0.0,0.006,0.0,0.0
omj_010,OpenMoji,seedling,skeleton_c30_m20,line_text_skeleton,0.09657808,excellent,0.01625288,2,0,0.0,0,0.249187,0.838074,0.200813,0.0,0.0,0,precision,omj_010::precision,0.1,0.2,0.02,0.005,0.003,0.003,1.0,1.0,0.0,0.0,0.0,0.0,0.0,0.0,0.0,0.0,0.0,0.0,0.0,0.0,0.0,0.0,0.0,0.0,0.0,0.0,0.0,0.0,0.0,0.0,0.0,0.0,1.0,1.1,0.0703582763671875,0.0687486445456517,95.0,15.0,0.01625288,2.0,0.0,0.0,0.0,0.249187,0.838074,1.1,0.249187,0.0,0.0,0.0,0.0,0.0,0.0,0.0,0.0,0.0,0.0,0.0,0.0,0.0,0.0,1.0,0.0,0.0,0.1,0.2,0.02,0.005,0.003,0.003,0.024918700000000002,0.1676148,0.0,0.0,0.006,0.0,0.0
omj_010,OpenMoji,seedling,skeleton_c30_m20,line_text_skeleton,0.09657808,excellent,0.01625288,2,0,0.0,0,0.249187,0.838074,0.200813,0.0,0.0,0,coverage,omj_010::coverage,0.35,0.05,0.02,0.005,0.003,0.003,1.0,1.0,0.0,0.0,0.0,0.0,0.0,0.0,0.0,0.0,0.0,0.0,0.0,0.0,0.0,0.0,0.0,0.0,0.0,0.0,0.0,0.0,0.0,0.0,0.0,0.0,1.0,1.1,0.0703582763671875,0.0687486445456517,95.0,15.0,0.01625288,2.0,0.0,0.0,0.0,0.249187,0.838074,1.1,0.249187,0.0,0.0,0.0,0.0,0.0,0.0,0.0,0.0,0.0,0.0,0.0,0.0,0.0,0.0,0.0,1.0,0.0,0.35,0.05,0.02,0.005,0.003,0.003,0.08721544999999999,0.0419037,0.0,0.0,0.006,0.0,0.0
omj_010,OpenMoji,seedling,skeleton_c30_m20,line_text_skeleton,0.09657808,excellent,0.01625288,2,0,0.0,0,0.249187,0.838074,0.200813,0.0,0.0,0,low_jump,omj_010::low_jump,0.1,0.05,0.02,0.005,0.03,0.02,1.0,1.0,0.0,0.0,0.0,0.0,0.0,0.0,0.0,0.0,0.0,0.0,0.0,0.0,0.0,0.0,0.0,0.0,0.0,0.0,0.0,0.0,0.0,0.0,0.0,0.0,1.0,1.1,0.0703582763671875,0.0687486445456517,95.0,15.0,0.01625288,2.0,0.0,0.0,0.0,0.249187,0.838074,1.1,0.249187,0.0,0.0,0.0,0.0,0.0,0.0,0.0,0.0,0.0,0.0,0.0,0.0,0.0,0.0,0.0,0.0,1.0,0.1,0.05,0.02,0.005,0.03,0.02,0.024918700000000002,0.0419037,0.0,0.0,0.06,0.0,0.0
omj_010,OpenMoji,seedling,skeleton_c30_m4,line_text_skeleton,0.06401391,excellent,0.06401391,7,1,0.0,0,0.45283,0.889646,0.0,0.0,0.0,0,low_loss,omj_010::low_loss,0.0,0.0,0.0,0.0,0.0,0.0,1.0,1.0,0.0,0.0,0.0,0.0,0.0,0.0,0.0,0.0,0.0,0.0,0.0,0.0,0.0,0.0,0.0,0.0,0.0,0.0,0.0,0.0,0.0,0.0,0.0,0.0,1.0,1.1,0.0703582763671875,0.0687486445456517,95.0,15.0,0.06401391,7.0,1.0,0.0,0.0,0.45283,0.889646,1.1,0.45283,0.0,0.0,0.0,0.0,0.0,0.0,0.0,0.0,0.0,0.0,0.0,0.0,1.0,0.0,0.0,0.0,0.0,0.0,0.0,0.0,0.0,0.0,0.0,0.0,0.0,0.0,0.0,0.0,0.0,0.06401391
omj_010,OpenMoji,seedling,skeleton_c30_m4,line_text_skeleton,0.06401391,excellent,0.06401391,7,1,0.0,0,0.45283,0.889646,0.0,0.0,0.0,0,balanced,omj_010::balanced,0.1,0.05,0.02,0.005,0.003,0.003,1.0,1.0,0.0,0.0,0.0,0.0,0.0,0.0,0.0,0.0,0.0,0.0,0.0,0.0,0.0,0.0,0.0,0.0,0.0,0.0,0.0,0.0,0.0,0.0,0.0,0.0,1.0,1.1,0.0703582763671875,0.0687486445456517,95.0,15.0,0.06401391,7.0,1.0,0.0,0.0,0.45283,0.889646,1.1,0.45283,0.0,0.0,0.0,0.0,0.0,0.0,0.0,0.0,0.0,0.0,0.0,0.0,0.0,1.0,0.0,0.0,0.0,0.1,0.05,0.02,0.005,0.003,0.003,0.045283000000000004,0.0444823,0.0,0.0,0.021,0.003,0.0
omj_010,OpenMoji,seedling,skeleton_c30_m4,line_text_skeleton,0.06401391,excellent,0.06401391,7,1,0.0,0,0.45283,0.889646,0.0,0.0,0.0,0,precision,omj_010::precision,0.1,0.2,0.02,0.005,0.003,0.003,1.0,1.0,0.0,0.0,0.0,0.0,0.0,0.0,0.0,0.0,0.0,0.0,0.0,0.0,0.0,0.0,0.0,0.0,0.0,0.0,0.0,0.0,0.0,0.0,0.0,0.0,1.0,1.1,0.0703582763671875,0.0687486445456517,95.0,15.0,0.06401391,7.0,1.0,0.0,0.0,0.45283,0.889646,1.1,0.45283,0.0,0.0,0.0,0.0,0.0,0.0,0.0,0.0,0.0,0.0,0.0,0.0,0.0,0.0,1.0,0.0,0.0,0.1,0.2,0.02,0.005,0.003,0.003,0.045283000000000004,0.1779292,0.0,0.0,0.021,0.003,0.0
omj_010,OpenMoji,seedling,skeleton_c30_m4,line_text_skeleton,0.06401391,excellent,0.06401391,7,1,0.0,0,0.45283,0.889646,0.0,0.0,0.0,0,coverage,omj_010::coverage,0.35,0.05,0.02,0.005,0.003,0.003,1.0,1.0,0.0,0.0,0.0,0.0,0.0,0.0,0.0,0.0,0.0,0.0,0.0,0.0,0.0,0.0,0.0,0.0,0.0,0.0,0.0,0.0,0.0,0.0,0.0,0.0,1.0,1.1,0.0703582763671875,0.0687486445456517,95.0,15.0,0.06401391,7.0,1.0,0.0,0.0,0.45283,0.889646,1.1,0.45283,0.0,0.0,0.0,0.0,0.0,0.0,0.0,0.0,0.0,0.0,0.0,0.0,0.0,0.0,0.0,1.0,0.0,0.35,0.05,0.02,0.005,0.003,0.003,0.1584905,0.0444823,0.0,0.0,0.021,0.003,0.0
omj_010,OpenMoji,seedling,skeleton_c30_m4,line_text_skeleton,0.06401391,excellent,0.06401391,7,1,0.0,0,0.45283,0.889646,0.0,0.0,0.0,0,low_jump,omj_010::low_jump,0.1,0.05,0.02,0.005,0.03,0.02,1.0,1.0,0.0,0.0,0.0,0.0,0.0,0.0,0.0,0.0,0.0,0.0,0.0,0.0,0.0,0.0,0.0,0.0,0.0,0.0,0.0,0.0,0.0,0.0,0.0,0.0,1.0,1.1,0.0703582763671875,0.0687486445456517,95.0,15.0,0.06401391,7.0,1.0,0.0,0.0,0.45283,0.889646,1.1,0.45283,0.0,0.0,0.0,0.0,0.0,0.0,0.0,0.0,0.0,0.0,0.0,0.0,0.0,0.0,0.0,0.0,1.0,0.1,0.05,0.02,0.005,0.03,0.02,0.045283000000000004,0.0444823,0.0,0.0,0.21,0.02,0.0
omj_010,OpenMoji,seedling,mask_fill_edgewalk_nearestrow_safeadt_t2m5_r055_a64_rows16_p40,line_text_skeleton,0.04749282,excellent,0.04749282,5,1,0.0,0,0.999349,0.751958,0.0,0.0,0.0,1,low_loss,omj_010::low_loss,0.0,0.0,0.0,0.0,0.0,0.0,1.0,0.0,0.0,1.0,1.0,1.0,1.0,0.0,0.0,0.0,0.0,0.0,0.0,0.0,16.0,40.0,0.0,0.0,0.0,0.0,0.0,0.0,0.0,0.0,0.0,0.0,1.0,1.1,0.0703582763671875,0.0687486445456517,95.0,15.0,0.04749282,5.0,1.0,0.0,0.0,0.999349,0.751958,0.0,0.0,0.0,0.999349,1.1,0.999349,0.999349,0.0703582763671875,0.0,0.0,0.0,0.0,0.0,0.0,1.0,0.0,0.0,0.0,0.0,0.0,0.0,0.0,0.0,0.0,0.0,0.0,0.0,0.0,0.0,0.0,0.0,0.04749282
omj_010,OpenMoji,seedling,mask_fill_edgewalk_nearestrow_safeadt_t2m5_r055_a64_rows16_p40,line_text_skeleton,0.04749282,excellent,0.04749282,5,1,0.0,0,0.999349,0.751958,0.0,0.0,0.0,1,balanced,omj_010::balanced,0.1,0.05,0.02,0.005,0.003,0.003,1.0,0.0,0.0,1.0,1.0,1.0,1.0,0.0,0.0,0.0,0.0,0.0,0.0,0.0,16.0,40.0,0.0,0.0,0.0,0.0,0.0,0.0,0.0,0.0,0.0,0.0,1.0,1.1,0.0703582763671875,0.0687486445456517,95.0,15.0,0.04749282,5.0,1.0,0.0,0.0,0.999349,0.751958,0.0,0.0,0.0,0.999349,1.1,0.999349,0.999349,0.0703582763671875,0.0,0.0,0.0,0.0,0.0,0.0,0.0,1.0,0.0,0.0,0.0,0.1,0.05,0.02,0.005,0.003,0.003,0.09993490000000001,0.037597900000000004,0.0,0.0,0.015,0.003,0.0
omj_010,OpenMoji,seedling,mask_fill_edgewalk_nearestrow_safeadt_t2m5_r055_a64_rows16_p40,line_text_skeleton,0.04749282,excellent,0.04749282,5,1,0.0,0,0.999349,0.751958,0.0,0.0,0.0,1,precision,omj_010::precision,0.1,0.2,0.02,0.005,0.003,0.003,1.0,0.0,0.0,1.0,1.0,1.0,1.0,0.0,0.0,0.0,0.0,0.0,0.0,0.0,16.0,40.0,0.0,0.0,0.0,0.0,0.0,0.0,0.0,0.0,0.0,0.0,1.0,1.1,0.0703582763671875,0.0687486445456517,95.0,15.0,0.04749282,5.0,1.0,0.0,0.0,0.999349,0.751958,0.0,0.0,0.0,0.999349,1.1,0.999349,0.999349,0.0703582763671875,0.0,0.0,0.0,0.0,0.0,0.0,0.0,0.0,1.0,0.0,0.0,0.1,0.2,0.02,0.005,0.003,0.003,0.09993490000000001,0.15039160000000001,0.0,0.0,0.015,0.003,0.0
omj_010,OpenMoji,seedling,mask_fill_edgewalk_nearestrow_safeadt_t2m5_r055_a64_rows16_p40,line_text_skeleton,0.04749282,excellent,0.04749282,5,1,0.0,0,0.999349,0.751958,0.0,0.0,0.0,1,coverage,omj_010::coverage,0.35,0.05,0.02,0.005,0.003,0.003,1.0,0.0,0.0,1.0,1.0,1.0,1.0,0.0,0.0,0.0,0.0,0.0,0.0,0.0,16.0,40.0,0.0,0.0,0.0,0.0,0.0,0.0,0.0,0.0,0.0,0.0,1.0,1.1,0.0703582763671875,0.0687486445456517,95.0,15.0,0.04749282,5.0,1.0,0.0,0.0,0.999349,0.751958,0.0,0.0,0.0,0.999349,1.1,0.999349,0.999349,0.0703582763671875,0.0,0.0,0.0,0.0,0.0,0.0,0.0,0.0,0.0,1.0,0.0,0.35,0.05,0.02,0.005,0.003,0.003,0.34977215,0.037597900000000004,0.0,0.0,0.015,0.003,0.0
omj_010,OpenMoji,seedling,mask_fill_edgewalk_nearestrow_safeadt_t2m5_r055_a64_rows16_p40,line_text_skeleton,0.04749282,excellent,0.04749282,5,1,0.0,0,0.999349,0.751958,0.0,0.0,0.0,1,low_jump,omj_010::low_jump,0.1,0.05,0.02,0.005,0.03,0.02,1.0,0.0,0.0,1.0,1.0,1.0,1.0,0.0,0.0,0.0,0.0,0.0,0.0,0.0,16.0,40.0,0.0,0.0,0.0,0.0,0.0,0.0,0.0,0.0,0.0,0.0,1.0,1.1,0.0703582763671875,0.0687486445456517,95.0,15.0,0.04749282,5.0,1.0,0.0,0.0,0.999349,0.751958,0.0,0.0,0.0,0.999349,1.1,0.999349,0.999349,0.0703582763671875,0.0,0.0,0.0,0.0,0.0,0.0,0.0,0.0,0.0,0.0,1.0,0.1,0.05,0.02,0.005,0.03,0.02,0.09993490000000001,0.037597900000000004,0.0,0.0,0.15,0.02,0.0
qd_001,QuickDraw,cat,mask_fill_edgewalk_nearestrow_inset1_rows16_p40,line_text_skeleton,0.14233422,pass,0.12922527,14,2,0.0,0,0.995124,0.612607,0.0,0.087393,0.0,0,low_loss,qd_001::low_loss,0.0,0.0,0.0,0.0,0.0,0.0,1.0,0.0,0.0,1.0,1.0,1.0,0.0,1.0,1.0,0.0,1.0,0.0,0.0,0.0,16.0,40.0,0.0,0.0,0.0,0.0,0.0,0.0,0.0,0.0,0.0,0.0,1.0,1.25,0.11578369140625,0.1713231418028466,621.0,15.0,0.12922527,14.0,2.0,0.0,0.0,0.995124,0.612607,0.0,0.0,0.0,0.995124,1.25,0.995124,0.995124,0.11578369140625,0.11578369140625,0.0,0.0,0.0,0.0,0.0,1.0,0.0,0.0,0.0,0.0,0.0,0.0,0.0,0.0,0.0,0.0,0.0,0.0,0.0,0.0,0.0,0.0,0.12922527
qd_001,QuickDraw,cat,mask_fill_edgewalk_nearestrow_inset1_rows16_p40,line_text_skeleton,0.14233422,pass,0.12922527,14,2,0.0,0,0.995124,0.612607,0.0,0.087393,0.0,0,balanced,qd_001::balanced,0.1,0.05,0.02,0.005,0.003,0.003,1.0,0.0,0.0,1.0,1.0,1.0,0.0,1.0,1.0,0.0,1.0,0.0,0.0,0.0,16.0,40.0,0.0,0.0,0.0,0.0,0.0,0.0,0.0,0.0,0.0,0.0,1.0,1.25,0.11578369140625,0.1713231418028466,621.0,15.0,0.12922527,14.0,2.0,0.0,0.0,0.995124,0.612607,0.0,0.0,0.0,0.995124,1.25,0.995124,0.995124,0.11578369140625,0.11578369140625,0.0,0.0,0.0,0.0,0.0,0.0,1.0,0.0,0.0,0.0,0.1,0.05,0.02,0.005,0.003,0.003,0.0995124,0.03063035,0.0,0.0,0.042,0.006,0.0
qd_001,QuickDraw,cat,mask_fill_edgewalk_nearestrow_inset1_rows16_p40,line_text_skeleton,0.14233422,pass,0.12922527,14,2,0.0,0,0.995124,0.612607,0.0,0.087393,0.0,0,precision,qd_001::precision,0.1,0.2,0.02,0.005,0.003,0.003,1.0,0.0,0.0,1.0,1.0,1.0,0.0,1.0,1.0,0.0,1.0,0.0,0.0,0.0,16.0,40.0,0.0,0.0,0.0,0.0,0.0,0.0,0.0,0.0,0.0,0.0,1.0,1.25,0.11578369140625,0.1713231418028466,621.0,15.0,0.12922527,14.0,2.0,0.0,0.0,0.995124,0.612607,0.0,0.0,0.0,0.995124,1.25,0.995124,0.995124,0.11578369140625,0.11578369140625,0.0,0.0,0.0,0.0,0.0,0.0,0.0,1.0,0.0,0.0,0.1,0.2,0.02,0.005,0.003,0.003,0.0995124,0.1225214,0.0,0.0,0.042,0.006,0.0
qd_001,QuickDraw,cat,mask_fill_edgewalk_nearestrow_inset1_rows16_p40,line_text_skeleton,0.14233422,pass,0.12922527,14,2,0.0,0,0.995124,0.612607,0.0,0.087393,0.0,0,coverage,qd_001::coverage,0.35,0.05,0.02,0.005,0.003,0.003,1.0,0.0,0.0,1.0,1.0,1.0,0.0,1.0,1.0,0.0,1.0,0.0,0.0,0.0,16.0,40.0,0.0,0.0,0.0,0.0,0.0,0.0,0.0,0.0,0.0,0.0,1.0,1.25,0.11578369140625,0.1713231418028466,621.0,15.0,0.12922527,14.0,2.0,0.0,0.0,0.995124,0.612607,0.0,0.0,0.0,0.995124,1.25,0.995124,0.995124,0.11578369140625,0.11578369140625,0.0,0.0,0.0,0.0,0.0,0.0,0.0,0.0,1.0,0.0,0.35,0.05,0.02,0.005,0.003,0.003,0.3482934,0.03063035,0.0,0.0,0.042,0.006,0.0
qd_001,QuickDraw,cat,mask_fill_edgewalk_nearestrow_inset1_rows16_p40,line_text_skeleton,0.14233422,pass,0.12922527,14,2,0.0,0,0.995124,0.612607,0.0,0.087393,0.0,0,low_jump,qd_001::low_jump,0.1,0.05,0.02,0.005,0.03,0.02,1.0,0.0,0.0,1.0,1.0,1.0,0.0,1.0,1.0,0.0,1.0,0.0,0.0,0.0,16.0,40.0,0.0,0.0,0.0,0.0,0.0,0.0,0.0,0.0,0.0,0.0,1.0,1.25,0.11578369140625,0.1713231418028466,621.0,15.0,0.12922527,14.0,2.0,0.0,0.0,0.995124,0.612607,0.0,0.0,0.0,0.995124,1.25,0.995124,0.995124,0.11578369140625,0.11578369140625,0.0,0.0,0.0,0.0,0.0,0.0,0.0,0.0,0.0,1.0,0.1,0.05,0.02,0.005,0.03,0.02,0.0995124,0.03063035,0.0,0.0,0.42,0.04,0.0
qd_001,QuickDraw,cat,mask_fill_edgewalk_nearestrow_inset2_rows16_p40,line_text_skeleton,0.10116619,pass,0.09782929,11,1,0.0,0,0.947944,0.677754,0.0,0.022246,0.0,1,low_loss,qd_001::low_loss,0.0,0.0,0.0,0.0,0.0,0.0,1.0,0.0,0.0,1.0,1.0,1.0,0.0,1.0,0.0,1.0,2.0,0.0,0.0,0.0,16.0,40.0,0.0,0.0,0.0,0.0,0.0,0.0,0.0,0.0,0.0,0.0,1.0,1.25,0.11578369140625,0.1713231418028466,621.0,15.0,0.09782929,11.0,1.0,0.0,0.0,0.947944,0.677754,0.0,0.0,0.0,0.947944,1.25,0.947944,0.947944,0.11578369140625,0.11578369140625,0.11578369140625,0.0,0.0,0.0,0.0,1.0,0.0,0.0,0.0,0.0,0.0,0.0,0.0,0.0,0.0,0.0,0.0,0.0,0.0,0.0,0.0,0.0,0.09782929
qd_001,QuickDraw,cat,mask_fill_edgewalk_nearestrow_inset2_rows16_p40,line_text_skeleton,0.10116619,pass,0.09782929,11,1,0.0,0,0.947944,0.677754,0.0,0.022246,0.0,1,balanced,qd_001::balanced,0.1,0.05,0.02,0.005,0.003,0.003,1.0,0.0,0.0,1.0,1.0,1.0,0.0,1.0,0.0,1.0,2.0,0.0,0.0,0.0,16.0,40.0,0.0,0.0,0.0,0.0,0.0,0.0,0.0,0.0,0.0,0.0,1.0,1.25,0.11578369140625,0.1713231418028466,621.0,15.0,0.09782929,11.0,1.0,0.0,0.0,0.947944,0.677754,0.0,0.0,0.0,0.947944,1.25,0.947944,0.947944,0.11578369140625,0.11578369140625,0.11578369140625,0.0,0.0,0.0,0.0,0.0,1.0,0.0,0.0,0.0,0.1,0.05,0.02,0.005,0.003,0.003,0.0947944,0.0338877,0.0,0.0,0.033,0.003,0.0
qd_001,QuickDraw,cat,mask_fill_edgewalk_nearestrow_inset2_rows16_p40,line_text_skeleton,0.10116619,pass,0.09782929,11,1,0.0,0,0.947944,0.677754,0.0,0.022246,0.0,1,precision,qd_001::precision,0.1,0.2,0.02,0.005,0.003,0.003,1.0,0.0,0.0,1.0,1.0,1.0,0.0,1.0,0.0,1.0,2.0,0.0,0.0,0.0,16.0,40.0,0.0,0.0,0.0,0.0,0.0,0.0,0.0,0.0,0.0,0.0,1.0,1.25,0.11578369140625,0.1713231418028466,621.0,15.0,0.09782929,11.0,1.0,0.0,0.0,0.947944,0.677754,0.0,0.0,0.0,0.947944,1.25,0.947944,0.947944,0.11578369140625,0.11578369140625,0.11578369140625,0.0,0.0,0.0,0.0,0.0,0.0,1.0,0.0,0.0,0.1,0.2,0.02,0.005,0.003,0.003,0.0947944,0.1355508,0.0,0.0,0.033,0.003,0.0
qd_001,QuickDraw,cat,mask_fill_edgewalk_nearestrow_inset2_rows16_p40,line_text_skeleton,0.10116619,pass,0.09782929,11,1,0.0,0,0.947944,0.677754,0.0,0.022246,0.0,1,coverage,qd_001::coverage,0.35,0.05,0.02,0.005,0.003,0.003,1.0,0.0,0.0,1.0,1.0,1.0,0.0,1.0,0.0,1.0,2.0,0.0,0.0,0.0,16.0,40.0,0.0,0.0,0.0,0.0,0.0,0.0,0.0,0.0,0.0,0.0,1.0,1.25,0.11578369140625,0.1713231418028466,621.0,15.0,0.09782929,11.0,1.0,0.0,0.0,0.947944,0.677754,0.0,0.0,0.0,0.947944,1.25,0.947944,0.947944,0.11578369140625,0.11578369140625,0.11578369140625,0.0,0.0,0.0,0.0,0.0,0.0,0.0,1.0,0.0,0.35,0.05,0.02,0.005,0.003,0.003,0.3317804,0.0338877,0.0,0.0,0.033,0.003,0.0
qd_001,QuickDraw,cat,mask_fill_edgewalk_nearestrow_inset2_rows16_p40,line_text_skeleton,0.10116619,pass,0.09782929,11,1,0.0,0,0.947944,0.677754,0.0,0.022246,0.0,1,low_jump,qd_001::low_jump,0.1,0.05,0.02,0.005,0.03,0.02,1.0,0.0,0.0,1.0,1.0,1.0,0.0,1.0,0.0,1.0,2.0,0.0,0.0,0.0,16.0,40.0,0.0,0.0,0.0,0.0,0.0,0.0,0.0,0.0,0.0,0.0,1.0,1.25,0.11578369140625,0.1713231418028466,621.0,15.0,0.09782929,11.0,1.0,0.0,0.0,0.947944,0.677754,0.0,0.0,0.0,0.947944,1.25,0.947944,0.947944,0.11578369140625,0.11578369140625,0.11578369140625,0.0,0.0,0.0,0.0,0.0,0.0,0.0,0.0,1.0,0.1,0.05,0.02,0.005,0.03,0.02,0.0947944,0.0338877,0.0,0.0,0.32999999999999996,0.02,0.0
qd_001,QuickDraw,cat,mask_fill_edgewalk_nearestrow_rows16_p40,line_text_skeleton,0.12813765,excellent,0.09974865,10,1,0.4714,0,0.999605,0.51074,0.0,0.18926,0.0,0,low_loss,qd_001::low_loss,0.0,0.0,0.0,0.0,0.0,0.0,1.0,0.0,0.0,1.0,1.0,1.0,1.0,0.0,0.0,0.0,0.0,0.0,0.0,0.0,16.0,40.0,0.0,0.0,0.0,0.0,0.0,0.0,0.0,0.0,0.0,0.0,1.0,1.25,0.11578369140625,0.1713231418028466,621.0,15.0,0.09974865,10.0,1.0,0.4714,0.0,0.999605,0.51074,0.0,0.0,0.0,0.999605,1.25,0.999605,0.999605,0.11578369140625,0.0,0.0,0.0,0.0,0.0,0.0,1.0,0.0,0.0,0.0,0.0,0.0,0.0,0.0,0.0,0.0,0.0,0.0,0.0,0.0,0.0,0.0,0.0,0.09974865
qd_001,QuickDraw,cat,mask_fill_edgewalk_nearestrow_rows16_p40,line_text_skeleton,0.12813765,excellent,0.09974865,10,1,0.4714,0,0.999605,0.51074,0.0,0.18926,0.0,0,balanced,qd_001::balanced,0.1,0.05,0.02,0.005,0.003,0.003,1.0,0.0,0.0,1.0,1.0,1.0,1.0,0.0,0.0,0.0,0.0,0.0,0.0,0.0,16.0,40.0,0.0,0.0,0.0,0.0,0.0,0.0,0.0,0.0,0.0,0.0,1.0,1.25,0.11578369140625,0.1713231418028466,621.0,15.0,0.09974865,10.0,1.0,0.4714,0.0,0.999605,0.51074,0.0,0.0,0.0,0.999605,1.25,0.999605,0.999605,0.11578369140625,0.0,0.0,0.0,0.0,0.0,0.0,0.0,1.0,0.0,0.0,0.0,0.1,0.05,0.02,0.005,0.003,0.003,0.09996050000000001,0.025537,0.009428,0.0,0.03,0.003,0.0
qd_001,QuickDraw,cat,mask_fill_edgewalk_nearestrow_rows16_p40,line_text_skeleton,0.12813765,excellent,0.09974865,10,1,0.4714,0,0.999605,0.51074,0.0,0.18926,0.0,0,precision,qd_001::precision,0.1,0.2,0.02,0.005,0.003,0.003,1.0,0.0,0.0,1.0,1.0,1.0,1.0,0.0,0.0,0.0,0.0,0.0,0.0,0.0,16.0,40.0,0.0,0.0,0.0,0.0,0.0,0.0,0.0,0.0,0.0,0.0,1.0,1.25,0.11578369140625,0.1713231418028466,621.0,15.0,0.09974865,10.0,1.0,0.4714,0.0,0.999605,0.51074,0.0,0.0,0.0,0.999605,1.25,0.999605,0.999605,0.11578369140625,0.0,0.0,0.0,0.0,0.0,0.0,0.0,0.0,1.0,0.0,0.0,0.1,0.2,0.02,0.005,0.003,0.003,0.09996050000000001,0.102148,0.009428,0.0,0.03,0.003,0.0
qd_001,QuickDraw,cat,mask_fill_edgewalk_nearestrow_rows16_p40,line_text_skeleton,0.12813765,excellent,0.09974865,10,1,0.4714,0,0.999605,0.51074,0.0,0.18926,0.0,0,coverage,qd_001::coverage,0.35,0.05,0.02,0.005,0.003,0.003,1.0,0.0,0.0,1.0,1.0,1.0,1.0,0.0,0.0,0.0,0.0,0.0,0.0,0.0,16.0,40.0,0.0,0.0,0.0,0.0,0.0,0.0,0.0,0.0,0.0,0.0,1.0,1.25,0.11578369140625,0.1713231418028466,621.0,15.0,0.09974865,10.0,1.0,0.4714,0.0,0.999605,0.51074,0.0,0.0,0.0,0.999605,1.25,0.999605,0.999605,0.11578369140625,0.0,0.0,0.0,0.0,0.0,0.0,0.0,0.0,0.0,1.0,0.0,0.35,0.05,0.02,0.005,0.003,0.003,0.34986174999999997,0.025537,0.009428,0.0,0.03,0.003,0.0
qd_001,QuickDraw,cat,mask_fill_edgewalk_nearestrow_rows16_p40,line_text_skeleton,0.12813765,excellent,0.09974865,10,1,0.4714,0,0.999605,0.51074,0.0,0.18926,0.0,0,low_jump,qd_001::low_jump,0.1,0.05,0.02,0.005,0.03,0.02,1.0,0.0,0.0,1.0,1.0,1.0,1.0,0.0,0.0,0.0,0.0,0.0,0.0,0.0,16.0,40.0,0.0,0.0,0.0,0.0,0.0,0.0,0.0,0.0,0.0,0.0,1.0,1.25,0.11578369140625,0.1713231418028466,621.0,15.0,0.09974865,10.0,1.0,0.4714,0.0,0.999605,0.51074,0.0,0.0,0.0,0.999605,1.25,0.999605,0.999605,0.11578369140625,0.0,0.0,0.0,0.0,0.0,0.0,0.0,0.0,0.0,0.0,1.0,0.1,0.05,0.02,0.005,0.03,0.02,0.09996050000000001,0.025537,0.009428,0.0,0.3,0.02,0.0
qd_001,QuickDraw,cat,mask_fill_edgewalk_rows16_p40,line_text_skeleton,0.47971115,hard_fail,0.4,325,57,0.0,0,0.999868,0.435259,0.0,0.264741,0.04,0,low_loss,qd_001::low_loss,0.0,0.0,0.0,0.0,0.0,0.0,1.0,0.0,0.0,1.0,1.0,0.0,0.0,0.0,0.0,0.0,0.0,0.0,0.0,0.0,16.0,40.0,0.0,0.0,0.0,0.0,0.0,0.0,0.0,0.0,0.0,0.0,1.0,1.25,0.11578369140625,0.1713231418028466,621.0,15.0,0.4,325.0,57.0,0.0,0.0,0.999868,0.435259,0.0,0.0,0.0,0.999868,1.25,0.999868,0.0,0.0,0.0,0.0,0.0,0.0,0.0,0.0,1.0,0.0,0.0,0.0,0.0,0.0,0.0,0.0,0.0,0.0,0.0,0.0,0.0,0.0,0.0,0.0,0.0,0.4
qd_001,QuickDraw,cat,mask_fill_edgewalk_rows16_p40,line_text_skeleton,0.47971115,hard_fail,0.4,325,57,0.0,0,0.999868,0.435259,0.0,0.264741,0.04,0,balanced,qd_001::balanced,0.1,0.05,0.02,0.005,0.003,0.003,1.0,0.0,0.0,1.0,1.0,0.0,0.0,0.0,0.0,0.0,0.0,0.0,0.0,0.0,16.0,40.0,0.0,0.0,0.0,0.0,0.0,0.0,0.0,0.0,0.0,0.0,1.0,1.25,0.11578369140625,0.1713231418028466,621.0,15.0,0.4,325.0,57.0,0.0,0.0,0.999868,0.435259,0.0,0.0,0.0,0.999868,1.25,0.999868,0.0,0.0,0.0,0.0,0.0,0.0,0.0,0.0,0.0,1.0,0.0,0.0,0.0,0.1,0.05,0.02,0.005,0.003,0.003,0.0999868,0.021762950000000003,0.0,0.0,0.975,0.171,0.0
qd_001,QuickDraw,cat,mask_fill_edgewalk_rows16_p40,line_text_skeleton,0.47971115,hard_fail,0.4,325,57,0.0,0,0.999868,0.435259,0.0,0.264741,0.04,0,precision,qd_001::precision,0.1,0.2,0.02,0.005,0.003,0.003,1.0,0.0,0.0,1.0,1.0,0.0,0.0,0.0,0.0,0.0,0.0,0.0,0.0,0.0,16.0,40.0,0.0,0.0,0.0,0.0,0.0,0.0,0.0,0.0,0.0,0.0,1.0,1.25,0.11578369140625,0.1713231418028466,621.0,15.0,0.4,325.0,57.0,0.0,0.0,0.999868,0.435259,0.0,0.0,0.0,0.999868,1.25,0.999868,0.0,0.0,0.0,0.0,0.0,0.0,0.0,0.0,0.0,0.0,1.0,0.0,0.0,0.1,0.2,0.02,0.005,0.003,0.003,0.0999868,0.08705180000000001,0.0,0.0,0.975,0.171,0.0
qd_001,QuickDraw,cat,mask_fill_edgewalk_rows16_p40,line_text_skeleton,0.47971115,hard_fail,0.4,325,57,0.0,0,0.999868,0.435259,0.0,0.264741,0.04,0,coverage,qd_001::coverage,0.35,0.05,0.02,0.005,0.003,0.003,1.0,0.0,0.0,1.0,1.0,0.0,0.0,0.0,0.0,0.0,0.0,0.0,0.0,0.0,16.0,40.0,0.0,0.0,0.0,0.0,0.0,0.0,0.0,0.0,0.0,0.0,1.0,1.25,0.11578369140625,0.1713231418028466,621.0,15.0,0.4,325.0,57.0,0.0,0.0,0.999868,0.435259,0.0,0.0,0.0,0.999868,1.25,0.999868,0.0,0.0,0.0,0.0,0.0,0.0,0.0,0.0,0.0,0.0,0.0,1.0,0.0,0.35,0.05,0.02,0.005,0.003,0.003,0.3499538,0.021762950000000003,0.0,0.0,0.975,0.171,0.0
qd_001,QuickDraw,cat,mask_fill_edgewalk_rows16_p40,line_text_skeleton,0.47971115,hard_fail,0.4,325,57,0.0,0,0.999868,0.435259,0.0,0.264741,0.04,0,low_jump,qd_001::low_jump,0.1,0.05,0.02,0.005,0.03,0.02,1.0,0.0,0.0,1.0,1.0,0.0,0.0,0.0,0.0,0.0,0.0,0.0,0.0,0.0,16.0,40.0,0.0,0.0,0.0,0.0,0.0,0.0,0.0,0.0,0.0,0.0,1.0,1.25,0.11578369140625,0.1713231418028466,621.0,15.0,0.4,325.0,57.0,0.0,0.0,0.999868,0.435259,0.0,0.0,0.0,0.999868,1.25,0.999868,0.0,0.0,0.0,0.0,0.0,0.0,0.0,0.0,0.0,0.0,0.0,0.0,1.0,0.1,0.05,0.02,0.005,0.03,0.02,0.0999868,0.021762950000000003,0.0,0.0,9.75,1.1400000000000001,0.0
qd_001,QuickDraw,cat,auto_evalrepair_r10_c20,line_text_skeleton,0.18263391,warning,0.17708271,18,2,0.6731,0,0.9432,0.662992,0.0,0.037008,0.0,0,low_loss,qd_001::low_loss,0.0,0.0,0.0,0.0,0.0,0.0,1.0,0.0,1.0,0.0,0.0,0.0,0.0,0.0,0.0,0.0,0.0,0.0,0.0,0.0,0.0,0.0,0.0,0.0,0.0,0.0,0.0,0.0,0.0,0.0,0.0,0.0,1.0,1.25,0.11578369140625,0.1713231418028466,621.0,15.0,0.17708271,18.0,2.0,0.6731,0.0,0.9432,0.662992,0.0,0.0,0.9432,0.0,0.0,0.0,0.0,0.0,0.0,0.0,0.0,0.0,0.0,0.0,1.0,0.0,0.0,0.0,0.0,0.0,0.0,0.0,0.0,0.0,0.0,0.0,0.0,0.0,0.0,0.0,0.0,0.17708271
qd_001,QuickDraw,cat,auto_evalrepair_r10_c20,line_text_skeleton,0.18263391,warning,0.17708271,18,2,0.6731,0,0.9432,0.662992,0.0,0.037008,0.0,0,balanced,qd_001::balanced,0.1,0.05,0.02,0.005,0.003,0.003,1.0,0.0,1.0,0.0,0.0,0.0,0.0,0.0,0.0,0.0,0.0,0.0,0.0,0.0,0.0,0.0,0.0,0.0,0.0,0.0,0.0,0.0,0.0,0.0,0.0,0.0,1.0,1.25,0.11578369140625,0.1713231418028466,621.0,15.0,0.17708271,18.0,2.0,0.6731,0.0,0.9432,0.662992,0.0,0.0,0.9432,0.0,0.0,0.0,0.0,0.0,0.0,0.0,0.0,0.0,0.0,0.0,0.0,1.0,0.0,0.0,0.0,0.1,0.05,0.02,0.005,0.003,0.003,0.09432000000000001,0.0331496,0.013462000000000002,0.0,0.054,0.006,0.0
qd_001,QuickDraw,cat,auto_evalrepair_r10_c20,line_text_skeleton,0.18263391,warning,0.17708271,18,2,0.6731,0,0.9432,0.662992,0.0,0.037008,0.0,0,precision,qd_001::precision,0.1,0.2,0.02,0.005,0.003,0.003,1.0,0.0,1.0,0.0,0.0,0.0,0.0,0.0,0.0,0.0,0.0,0.0,0.0,0.0,0.0,0.0,0.0,0.0,0.0,0.0,0.0,0.0,0.0,0.0,0.0,0.0,1.0,1.25,0.11578369140625,0.1713231418028466,621.0,15.0,0.17708271,18.0,2.0,0.6731,0.0,0.9432,0.662992,0.0,0.0,0.9432,0.0,0.0,0.0,0.0,0.0,0.0,0.0,0.0,0.0,0.0,0.0,0.0,0.0,1.0,0.0,0.0,0.1,0.2,0.02,0.005,0.003,0.003,0.09432000000000001,0.1325984,0.013462000000000002,0.0,0.054,0.006,0.0
qd_001,QuickDraw,cat,auto_evalrepair_r10_c20,line_text_skeleton,0.18263391,warning,0.17708271,18,2,0.6731,0,0.9432,0.662992,0.0,0.037008,0.0,0,coverage,qd_001::coverage,0.35,0.05,0.02,0.005,0.003,0.003,1.0,0.0,1.0,0.0,0.0,0.0,0.0,0.0,0.0,0.0,0.0,0.0,0.0,0.0,0.0,0.0,0.0,0.0,0.0,0.0,0.0,0.0,0.0,0.0,0.0,0.0,1.0,1.25,0.11578369140625,0.1713231418028466,621.0,15.0,0.17708271,18.0,2.0,0.6731,0.0,0.9432,0.662992,0.0,0.0,0.9432,0.0,0.0,0.0,0.0,0.0,0.0,0.0,0.0,0.0,0.0,0.0,0.0,0.0,0.0,1.0,0.0,0.35,0.05,0.02,0.005,0.003,0.003,0.33011999999999997,0.0331496,0.013462000000000002,0.0,0.054,0.006,0.0
qd_001,QuickDraw,cat,auto_evalrepair_r10_c20,line_text_skeleton,0.18263391,warning,0.17708271,18,2,0.6731,0,0.9432,0.662992,0.0,0.037008,0.0,0,low_jump,qd_001::low_jump,0.1,0.05,0.02,0.005,0.03,0.02,1.0,0.0,1.0,0.0,0.0,0.0,0.0,0.0,0.0,0.0,0.0,0.0,0.0,0.0,0.0,0.0,0.0,0.0,0.0,0.0,0.0,0.0,0.0,0.0,0.0,0.0,1.0,1.25,0.11578369140625,0.1713231418028466,621.0,15.0,0.17708271,18.0,2.0,0.6731,0.0,0.9432,0.662992,0.0,0.0,0.9432,0.0,0.0,0.0,0.0,0.0,0.0,0.0,0.0,0.0,0.0,0.0,0.0,0.0,0.0,0.0,1.0,0.1,0.05,0.02,0.005,0.03,0.02,0.09432000000000001,0.0331496,0.013462000000000002,0.0,0.54,0.04,0.0
qd_001,QuickDraw,cat,skeleton_c30_m20,line_text_skeleton,0.14265602,pass,0.13687547,15,2,0.0,0,0.893516,0.661463,0.0,0.038537,0.0,0,low_loss,qd_001::low_loss,0.0,0.0,0.0,0.0,0.0,0.0,1.0,1.0,0.0,0.0,0.0,0.0,0.0,0.0,0.0,0.0,0.0,0.0,0.0,0.0,0.0,0.0,0.0,0.0,0.0,0.0,0.0,0.0,0.0,0.0,0.0,0.0,1.0,1.25,0.11578369140625,0.1713231418028466,621.0,15.0,0.13687547,15.0,2.0,0.0,0.0,0.893516,0.661463,1.25,0.893516,0.0,0.0,0.0,0.0,0.0,0.0,0.0,0.0,0.0,0.0,0.0,0.0,1.0,0.0,0.0,0.0,0.0,0.0,0.0,0.0,0.0,0.0,0.0,0.0,0.0,0.0,0.0,0.0,0.0,0.13687547
qd_001,QuickDraw,cat,skeleton_c30_m20,line_text_skeleton,0.14265602,pass,0.13687547,15,2,0.0,0,0.893516,0.661463,0.0,0.038537,0.0,0,balanced,qd_001::balanced,0.1,0.05,0.02,0.005,0.003,0.003,1.0,1.0,0.0,0.0,0.0,0.0,0.0,0.0,0.0,0.0,0.0,0.0,0.0,0.0,0.0,0.0,0.0,0.0,0.0,0.0,0.0,0.0,0.0,0.0,0.0,0.0,1.0,1.25,0.11578369140625,0.1713231418028466,621.0,15.0,0.13687547,15.0,2.0,0.0,0.0,0.893516,0.661463,1.25,0.893516,0.0,0.0,0.0,0.0,0.0,0.0,0.0,0.0,0.0,0.0,0.0,0.0,0.0,1.0,0.0,0.0,0.0,0.1,0.05,0.02,0.005,0.003,0.003,0.0893516,0.03307315,0.0,0.0,0.045,0.006,0.0
qd_001,QuickDraw,cat,skeleton_c30_m20,line_text_skeleton,0.14265602,pass,0.13687547,15,2,0.0,0,0.893516,0.661463,0.0,0.038537,0.0,0,precision,qd_001::precision,0.1,0.2,0.02,0.005,0.003,0.003,1.0,1.0,0.0,0.0,0.0,0.0,0.0,0.0,0.0,0.0,0.0,0.0,0.0,0.0,0.0,0.0,0.0,0.0,0.0,0.0,0.0,0.0,0.0,0.0,0.0,0.0,1.0,1.25,0.11578369140625,0.1713231418028466,621.0,15.0,0.13687547,15.0,2.0,0.0,0.0,0.893516,0.661463,1.25,0.893516,0.0,0.0,0.0,0.0,0.0,0.0,0.0,0.0,0.0,0.0,0.0,0.0,0.0,0.0,1.0,0.0,0.0,0.1,0.2,0.02,0.005,0.003,0.003,0.0893516,0.1322926,0.0,0.0,0.045,0.006,0.0
qd_001,QuickDraw,cat,skeleton_c30_m20,line_text_skeleton,0.14265602,pass,0.13687547,15,2,0.0,0,0.893516,0.661463,0.0,0.038537,0.0,0,coverage,qd_001::coverage,0.35,0.05,0.02,0.005,0.003,0.003,1.0,1.0,0.0,0.0,0.0,0.0,0.0,0.0,0.0,0.0,0.0,0.0,0.0,0.0,0.0,0.0,0.0,0.0,0.0,0.0,0.0,0.0,0.0,0.0,0.0,0.0,1.0,1.25,0.11578369140625,0.1713231418028466,621.0,15.0,0.13687547,15.0,2.0,0.0,0.0,0.893516,0.661463,1.25,0.893516,0.0,0.0,0.0,0.0,0.0,0.0,0.0,0.0,0.0,0.0,0.0,0.0,0.0,0.0,0.0,1.0,0.0,0.35,0.05,0.02,0.005,0.003,0.003,0.31273059999999997,0.03307315,0.0,0.0,0.045,0.006,0.0
qd_001,QuickDraw,cat,skeleton_c30_m20,line_text_skeleton,0.14265602,pass,0.13687547,15,2,0.0,0,0.893516,0.661463,0.0,0.038537,0.0,0,low_jump,qd_001::low_jump,0.1,0.05,0.02,0.005,0.03,0.02,1.0,1.0,0.0,0.0,0.0,0.0,0.0,0.0,0.0,0.0,0.0,0.0,0.0,0.0,0.0,0.0,0.0,0.0,0.0,0.0,0.0,0.0,0.0,0.0,0.0,0.0,1.0,1.25,0.11578369140625,0.1713231418028466,621.0,15.0,0.13687547,15.0,2.0,0.0,0.0,0.893516,0.661463,1.25,0.893516,0.0,0.0,0.0,0.0,0.0,0.0,0.0,0.0,0.0,0.0,0.0,0.0,0.0,0.0,0.0,0.0,1.0,0.1,0.05,0.02,0.005,0.03,0.02,0.0893516,0.03307315,0.0,0.0,0.44999999999999996,0.04,0.0
qd_001,QuickDraw,cat,skeleton_c30_m4,line_text_skeleton,0.18263391,warning,0.17708271,18,2,0.6731,0,0.9432,0.662992,0.0,0.037008,0.0,0,low_loss,qd_001::low_loss,0.0,0.0,0.0,0.0,0.0,0.0,1.0,1.0,0.0,0.0,0.0,0.0,0.0,0.0,0.0,0.0,0.0,0.0,0.0,0.0,0.0,0.0,0.0,0.0,0.0,0.0,0.0,0.0,0.0,0.0,0.0,0.0,1.0,1.25,0.11578369140625,0.1713231418028466,621.0,15.0,0.17708271,18.0,2.0,0.6731,0.0,0.9432,0.662992,1.25,0.9432,0.0,0.0,0.0,0.0,0.0,0.0,0.0,0.0,0.0,0.0,0.0,0.0,1.0,0.0,0.0,0.0,0.0,0.0,0.0,0.0,0.0,0.0,0.0,0.0,0.0,0.0,0.0,0.0,0.0,0.17708271
qd_001,QuickDraw,cat,skeleton_c30_m4,line_text_skeleton,0.18263391,warning,0.17708271,18,2,0.6731,0,0.9432,0.662992,0.0,0.037008,0.0,0,balanced,qd_001::balanced,0.1,0.05,0.02,0.005,0.003,0.003,1.0,1.0,0.0,0.0,0.0,0.0,0.0,0.0,0.0,0.0,0.0,0.0,0.0,0.0,0.0,0.0,0.0,0.0,0.0,0.0,0.0,0.0,0.0,0.0,0.0,0.0,1.0,1.25,0.11578369140625,0.1713231418028466,621.0,15.0,0.17708271,18.0,2.0,0.6731,0.0,0.9432,0.662992,1.25,0.9432,0.0,0.0,0.0,0.0,0.0,0.0,0.0,0.0,0.0,0.0,0.0,0.0,0.0,1.0,0.0,0.0,0.0,0.1,0.05,0.02,0.005,0.003,0.003,0.09432000000000001,0.0331496,0.013462000000000002,0.0,0.054,0.006,0.0
qd_001,QuickDraw,cat,skeleton_c30_m4,line_text_skeleton,0.18263391,warning,0.17708271,18,2,0.6731,0,0.9432,0.662992,0.0,0.037008,0.0,0,precision,qd_001::precision,0.1,0.2,0.02,0.005,0.003,0.003,1.0,1.0,0.0,0.0,0.0,0.0,0.0,0.0,0.0,0.0,0.0,0.0,0.0,0.0,0.0,0.0,0.0,0.0,0.0,0.0,0.0,0.0,0.0,0.0,0.0,0.0,1.0,1.25,0.11578369140625,0.1713231418028466,621.0,15.0,0.17708271,18.0,2.0,0.6731,0.0,0.9432,0.662992,1.25,0.9432,0.0,0.0,0.0,0.0,0.0,0.0,0.0,0.0,0.0,0.0,0.0,0.0,0.0,0.0,1.0,0.0,0.0,0.1,0.2,0.02,0.005,0.003,0.003,0.09432000000000001,0.1325984,0.013462000000000002,0.0,0.054,0.006,0.0
qd_001,QuickDraw,cat,skeleton_c30_m4,line_text_skeleton,0.18263391,warning,0.17708271,18,2,0.6731,0,0.9432,0.662992,0.0,0.037008,0.0,0,coverage,qd_001::coverage,0.35,0.05,0.02,0.005,0.003,0.003,1.0,1.0,0.0,0.0,0.0,0.0,0.0,0.0,0.0,0.0,0.0,0.0,0.0,0.0,0.0,0.0,0.0,0.0,0.0,0.0,0.0,0.0,0.0,0.0,0.0,0.0,1.0,1.25,0.11578369140625,0.1713231418028466,621.0,15.0,0.17708271,18.0,2.0,0.6731,0.0,0.9432,0.662992,1.25,0.9432,0.0,0.0,0.0,0.0,0.0,0.0,0.0,0.0,0.0,0.0,0.0,0.0,0.0,0.0,0.0,1.0,0.0,0.35,0.05,0.02,0.005,0.003,0.003,0.33011999999999997,0.0331496,0.013462000000000002,0.0,0.054,0.006,0.0
qd_001,QuickDraw,cat,skeleton_c30_m4,line_text_skeleton,0.18263391,warning,0.17708271,18,2,0.6731,0,0.9432,0.662992,0.0,0.037008,0.0,0,low_jump,qd_001::low_jump,0.1,0.05,0.02,0.005,0.03,0.02,1.0,1.0,0.0,0.0,0.0,0.0,0.0,0.0,0.0,0.0,0.0,0.0,0.0,0.0,0.0,0.0,0.0,0.0,0.0,0.0,0.0,0.0,0.0,0.0,0.0,0.0,1.0,1.25,0.11578369140625,0.1713231418028466,621.0,15.0,0.17708271,18.0,2.0,0.6731,0.0,0.9432,0.662992,1.25,0.9432,0.0,0.0,0.0,0.0,0.0,0.0,0.0,0.0,0.0,0.0,0.0,0.0,0.0,0.0,0.0,0.0,1.0,0.1,0.05,0.02,0.005,0.03,0.02,0.09432000000000001,0.0331496,0.013462000000000002,0.0,0.54,0.04,0.0
qd_001,QuickDraw,cat,mask_fill_edgewalk_nearestrow_safeadt_t2m5_r055_a64_rows16_p40,line_text_skeleton,0.24206793,warning,0.18332493,18,3,0.6915,0,1.0,0.30838,0.0,0.39162,0.0,0,low_loss,qd_001::low_loss,0.0,0.0,0.0,0.0,0.0,0.0,1.0,0.0,0.0,1.0,1.0,1.0,1.0,0.0,0.0,0.0,0.0,0.0,0.0,0.0,16.0,40.0,0.0,0.0,0.0,0.0,0.0,0.0,0.0,0.0,0.0,0.0,1.0,1.25,0.11578369140625,0.1713231418028466,621.0,15.0,0.18332493,18.0,3.0,0.6915,0.0,1.0,0.30838,0.0,0.0,0.0,1.0,1.25,1.0,1.0,0.11578369140625,0.0,0.0,0.0,0.0,0.0,0.0,1.0,0.0,0.0,0.0,0.0,0.0,0.0,0.0,0.0,0.0,0.0,0.0,0.0,0.0,0.0,0.0,0.0,0.18332493
qd_001,QuickDraw,cat,mask_fill_edgewalk_nearestrow_safeadt_t2m5_r055_a64_rows16_p40,line_text_skeleton,0.24206793,warning,0.18332493,18,3,0.6915,0,1.0,0.30838,0.0,0.39162,0.0,0,balanced,qd_001::balanced,0.1,0.05,0.02,0.005,0.003,0.003,1.0,0.0,0.0,1.0,1.0,1.0,1.0,0.0,0.0,0.0,0.0,0.0,0.0,0.0,16.0,40.0,0.0,0.0,0.0,0.0,0.0,0.0,0.0,0.0,0.0,0.0,1.0,1.25,0.11578369140625,0.1713231418028466,621.0,15.0,0.18332493,18.0,3.0,0.6915,0.0,1.0,0.30838,0.0,0.0,0.0,1.0,1.25,1.0,1.0,0.11578369140625,0.0,0.0,0.0,0.0,0.0,0.0,0.0,1.0,0.0,0.0,0.0,0.1,0.05,0.02,0.005,0.003,0.003,0.1,0.015419,0.01383,0.0,0.054,0.009000000000000001,0.0
qd_001,QuickDraw,cat,mask_fill_edgewalk_nearestrow_safeadt_t2m5_r055_a64_rows16_p40,line_text_skeleton,0.24206793,warning,0.18332493,18,3,0.6915,0,1.0,0.30838,0.0,0.39162,0.0,0,precision,qd_001::precision,0.1,0.2,0.02,0.005,0.003,0.003,1.0,0.0,0.0,1.0,1.0,1.0,1.0,0.0,0.0,0.0,0.0,0.0,0.0,0.0,16.0,40.0,0.0,0.0,0.0,0.0,0.0,0.0,0.0,0.0,0.0,0.0,1.0,1.25,0.11578369140625,0.1713231418028466,621.0,15.0,0.18332493,18.0,3.0,0.6915,0.0,1.0,0.30838,0.0,0.0,0.0,1.0,1.25,1.0,1.0,0.11578369140625,0.0,0.0,0.0,0.0,0.0,0.0,0.0,0.0,1.0,0.0,0.0,0.1,0.2,0.02,0.005,0.003,0.003,0.1,0.061676,0.01383,0.0,0.054,0.009000000000000001,0.0
qd_001,QuickDraw,cat,mask_fill_edgewalk_nearestrow_safeadt_t2m5_r055_a64_rows16_p40,line_text_skeleton,0.24206793,warning,0.18332493,18,3,0.6915,0,1.0,0.30838,0.0,0.39162,0.0,0,coverage,qd_001::coverage,0.35,0.05,0.02,0.005,0.003,0.003,1.0,0.0,0.0,1.0,1.0,1.0,1.0,0.0,0.0,0.0,0.0,0.0,0.0,0.0,16.0,40.0,0.0,0.0,0.0,0.0,0.0,0.0,0.0,0.0,0.0,0.0,1.0,1.25,0.11578369140625,0.1713231418028466,621.0,15.0,0.18332493,18.0,3.0,0.6915,0.0,1.0,0.30838,0.0,0.0,0.0,1.0,1.25,1.0,1.0,0.11578369140625,0.0,0.0,0.0,0.0,0.0,0.0,0.0,0.0,0.0,1.0,0.0,0.35,0.05,0.02,0.005,0.003,0.003,0.35,0.015419,0.01383,0.0,0.054,0.009000000000000001,0.0
qd_001,QuickDraw,cat,mask_fill_edgewalk_nearestrow_safeadt_t2m5_r055_a64_rows16_p40,line_text_skeleton,0.24206793,warning,0.18332493,18,3,0.6915,0,1.0,0.30838,0.0,0.39162,0.0,0,low_jump,qd_001::low_jump,0.1,0.05,0.02,0.005,0.03,0.02,1.0,0.0,0.0,1.0,1.0,1.0,1.0,0.0,0.0,0.0,0.0,0.0,0.0,0.0,16.0,40.0,0.0,0.0,0.0,0.0,0.0,0.0,0.0,0.0,0.0,0.0,1.0,1.25,0.11578369140625,0.1713231418028466,621.0,15.0,0.18332493,18.0,3.0,0.6915,0.0,1.0,0.30838,0.0,0.0,0.0,1.0,1.25,1.0,1.0,0.11578369140625,0.0,0.0,0.0,0.0,0.0,0.0,0.0,0.0,0.0,0.0,1.0,0.1,0.05,0.02,0.005,0.03,0.02,0.1,0.015419,0.01383,0.0,0.54,0.06,0.0
qd_002,QuickDraw,dog,mask_fill_edgewalk_nearestrow_inset1_rows16_p40,line_text_skeleton,0.04827669,excellent,0.03336654,4,0,0.0,0,0.997816,0.600599,0.0,0.099401,0.0,1,low_loss,qd_002::low_loss,0.0,0.0,0.0,0.0,0.0,0.0,1.0,0.0,0.0,1.0,1.0,1.0,0.0,1.0,1.0,0.0,1.0,0.0,0.0,0.0,16.0,40.0,0.0,0.0,0.0,0.0,0.0,0.0,0.0,0.0,0.0,0.0,1.0,1.25,0.125762939453125,0.15202620723125454,227.0,23.0,0.03336654,4.0,0.0,0.0,0.0,0.997816,0.600599,0.0,0.0,0.0,0.997816,1.25,0.997816,0.997816,0.125762939453125,0.125762939453125,0.0,0.0,0.0,0.0,0.0,1.0,0.0,0.0,0.0,0.0,0.0,0.0,0.0,0.0,0.0,0.0,0.0,0.0,0.0,0.0,0.0,0.0,0.03336654
qd_002,QuickDraw,dog,mask_fill_edgewalk_nearestrow_inset1_rows16_p40,line_text_skeleton,0.04827669,excellent,0.03336654,4,0,0.0,0,0.997816,0.600599,0.0,0.099401,0.0,1,balanced,qd_002::balanced,0.1,0.05,0.02,0.005,0.003,0.003,1.0,0.0,0.0,1.0,1.0,1.0,0.0,1.0,1.0,0.0,1.0,0.0,0.0,0.0,16.0,40.0,0.0,0.0,0.0,0.0,0.0,0.0,0.0,0.0,0.0,0.0,1.0,1.25,0.125762939453125,0.15202620723125454,227.0,23.0,0.03336654,4.0,0.0,0.0,0.0,0.997816,0.600599,0.0,0.0,0.0,0.997816,1.25,0.997816,0.997816,0.125762939453125,0.125762939453125,0.0,0.0,0.0,0.0,0.0,0.0,1.0,0.0,0.0,0.0,0.1,0.05,0.02,0.005,0.003,0.003,0.09978160000000001,0.03002995,0.0,0.0,0.012,0.0,0.0
qd_002,QuickDraw,dog,mask_fill_edgewalk_nearestrow_inset1_rows16_p40,line_text_skeleton,0.04827669,excellent,0.03336654,4,0,0.0,0,0.997816,0.600599,0.0,0.099401,0.0,1,precision,qd_002::precision,0.1,0.2,0.02,0.005,0.003,0.003,1.0,0.0,0.0,1.0,1.0,1.0,0.0,1.0,1.0,0.0,1.0,0.0,0.0,0.0,16.0,40.0,0.0,0.0,0.0,0.0,0.0,0.0,0.0,0.0,0.0,0.0,1.0,1.25,0.125762939453125,0.15202620723125454,227.0,23.0,0.03336654,4.0,0.0,0.0,0.0,0.997816,0.600599,0.0,0.0,0.0,0.997816,1.25,0.997816,0.997816,0.125762939453125,0.125762939453125,0.0,0.0,0.0,0.0,0.0,0.0,0.0,1.0,0.0,0.0,0.1,0.2,0.02,0.005,0.003,0.003,0.09978160000000001,0.1201198,0.0,0.0,0.012,0.0,0.0
qd_002,QuickDraw,dog,mask_fill_edgewalk_nearestrow_inset1_rows16_p40,line_text_skeleton,0.04827669,excellent,0.03336654,4,0,0.0,0,0.997816,0.600599,0.0,0.099401,0.0,1,coverage,qd_002::coverage,0.35,0.05,0.02,0.005,0.003,0.003,1.0,0.0,0.0,1.0,1.0,1.0,0.0,1.0,1.0,0.0,1.0,0.0,0.0,0.0,16.0,40.0,0.0,0.0,0.0,0.0,0.0,0.0,0.0,0.0,0.0,0.0,1.0,1.25,0.125762939453125,0.15202620723125454,227.0,23.0,0.03336654,4.0,0.0,0.0,0.0,0.997816,0.600599,0.0,0.0,0.0,0.997816,1.25,0.997816,0.997816,0.125762939453125,0.125762939453125,0.0,0.0,0.0,0.0,0.0,0.0,0.0,0.0,1.0,0.0,0.35,0.05,0.02,0.005,0.003,0.003,0.3492356,0.03002995,0.0,0.0,0.012,0.0,0.0
qd_002,QuickDraw,dog,mask_fill_edgewalk_nearestrow_inset1_rows16_p40,line_text_skeleton,0.04827669,excellent,0.03336654,4,0,0.0,0,0.997816,0.600599,0.0,0.099401,0.0,1,low_jump,qd_002::low_jump,0.1,0.05,0.02,0.005,0.03,0.02,1.0,0.0,0.0,1.0,1.0,1.0,0.0,1.0,1.0,0.0,1.0,0.0,0.0,0.0,16.0,40.0,0.0,0.0,0.0,0.0,0.0,0.0,0.0,0.0,0.0,0.0,1.0,1.25,0.125762939453125,0.15202620723125454,227.0,23.0,0.03336654,4.0,0.0,0.0,0.0,0.997816,0.600599,0.0,0.0,0.0,0.997816,1.25,0.997816,0.997816,0.125762939453125,0.125762939453125,0.0,0.0,0.0,0.0,0.0,0.0,0.0,0.0,0.0,1.0,0.1,0.05,0.02,0.005,0.03,0.02,0.09978160000000001,0.03002995,0.0,0.0,0.12,0.0,0.0
qd_002,QuickDraw,dog,mask_fill_edgewalk_nearestrow_inset2_rows16_p40,line_text_skeleton,0.07256709,excellent,0.07256709,8,1,0.0,0,0.99175,0.723491,0.0,0.0,0.0,0,low_loss,qd_002::low_loss,0.0,0.0,0.0,0.0,0.0,0.0,1.0,0.0,0.0,1.0,1.0,1.0,0.0,1.0,0.0,1.0,2.0,0.0,0.0,0.0,16.0,40.0,0.0,0.0,0.0,0.0,0.0,0.0,0.0,0.0,0.0,0.0,1.0,1.25,0.125762939453125,0.15202620723125454,227.0,23.0,0.07256709,8.0,1.0,0.0,0.0,0.99175,0.723491,0.0,0.0,0.0,0.99175,1.25,0.99175,0.99175,0.125762939453125,0.125762939453125,0.125762939453125,0.0,0.0,0.0,0.0,1.0,0.0,0.0,0.0,0.0,0.0,0.0,0.0,0.0,0.0,0.0,0.0,0.0,0.0,0.0,0.0,0.0,0.07256709
qd_002,QuickDraw,dog,mask_fill_edgewalk_nearestrow_inset2_rows16_p40,line_text_skeleton,0.07256709,excellent,0.07256709,8,1,0.0,0,0.99175,0.723491,0.0,0.0,0.0,0,balanced,qd_002::balanced,0.1,0.05,0.02,0.005,0.003,0.003,1.0,0.0,0.0,1.0,1.0,1.0,0.0,1.0,0.0,1.0,2.0,0.0,0.0,0.0,16.0,40.0,0.0,0.0,0.0,0.0,0.0,0.0,0.0,0.0,0.0,0.0,1.0,1.25,0.125762939453125,0.15202620723125454,227.0,23.0,0.07256709,8.0,1.0,0.0,0.0,0.99175,0.723491,0.0,0.0,0.0,0.99175,1.25,0.99175,0.99175,0.125762939453125,0.125762939453125,0.125762939453125,0.0,0.0,0.0,0.0,0.0,1.0,0.0,0.0,0.0,0.1,0.05,0.02,0.005,0.003,0.003,0.09917500000000001,0.03617455,0.0,0.0,0.024,0.003,0.0
qd_002,QuickDraw,dog,mask_fill_edgewalk_nearestrow_inset2_rows16_p40,line_text_skeleton,0.07256709,excellent,0.07256709,8,1,0.0,0,0.99175,0.723491,0.0,0.0,0.0,0,precision,qd_002::precision,0.1,0.2,0.02,0.005,0.003,0.003,1.0,0.0,0.0,1.0,1.0,1.0,0.0,1.0,0.0,1.0,2.0,0.0,0.0,0.0,16.0,40.0,0.0,0.0,0.0,0.0,0.0,0.0,0.0,0.0,0.0,0.0,1.0,1.25,0.125762939453125,0.15202620723125454,227.0,23.0,0.07256709,8.0,1.0,0.0,0.0,0.99175,0.723491,0.0,0.0,0.0,0.99175,1.25,0.99175,0.99175,0.125762939453125,0.125762939453125,0.125762939453125,0.0,0.0,0.0,0.0,0.0,0.0,1.0,0.0,0.0,0.1,0.2,0.02,0.005,0.003,0.003,0.09917500000000001,0.1446982,0.0,0.0,0.024,0.003,0.0
qd_002,QuickDraw,dog,mask_fill_edgewalk_nearestrow_inset2_rows16_p40,line_text_skeleton,0.07256709,excellent,0.07256709,8,1,0.0,0,0.99175,0.723491,0.0,0.0,0.0,0,coverage,qd_002::coverage,0.35,0.05,0.02,0.005,0.003,0.003,1.0,0.0,0.0,1.0,1.0,1.0,0.0,1.0,0.0,1.0,2.0,0.0,0.0,0.0,16.0,40.0,0.0,0.0,0.0,0.0,0.0,0.0,0.0,0.0,0.0,0.0,1.0,1.25,0.125762939453125,0.15202620723125454,227.0,23.0,0.07256709,8.0,1.0,0.0,0.0,0.99175,0.723491,0.0,0.0,0.0,0.99175,1.25,0.99175,0.99175,0.125762939453125,0.125762939453125,0.125762939453125,0.0,0.0,0.0,0.0,0.0,0.0,0.0,1.0,0.0,0.35,0.05,0.02,0.005,0.003,0.003,0.3471125,0.03617455,0.0,0.0,0.024,0.003,0.0
qd_002,QuickDraw,dog,mask_fill_edgewalk_nearestrow_inset2_rows16_p40,line_text_skeleton,0.07256709,excellent,0.07256709,8,1,0.0,0,0.99175,0.723491,0.0,0.0,0.0,0,low_jump,qd_002::low_jump,0.1,0.05,0.02,0.005,0.03,0.02,1.0,0.0,0.0,1.0,1.0,1.0,0.0,1.0,0.0,1.0,2.0,0.0,0.0,0.0,16.0,40.0,0.0,0.0,0.0,0.0,0.0,0.0,0.0,0.0,0.0,0.0,1.0,1.25,0.125762939453125,0.15202620723125454,227.0,23.0,0.07256709,8.0,1.0,0.0,0.0,0.99175,0.723491,0.0,0.0,0.0,0.99175,1.25,0.99175,0.99175,0.125762939453125,0.125762939453125,0.125762939453125,0.0,0.0,0.0,0.0,0.0,0.0,0.0,0.0,1.0,0.1,0.05,0.02,0.005,0.03,0.02,0.09917500000000001,0.03617455,0.0,0.0,0.24,0.02,0.0
qd_002,QuickDraw,dog,mask_fill_edgewalk_nearestrow_rows16_p40,line_text_skeleton,0.05880958,excellent,0.03337243,4,0,0.0,0,0.999636,0.530419,0.0,0.169581,0.0,0,low_loss,qd_002::low_loss,0.0,0.0,0.0,0.0,0.0,0.0,1.0,0.0,0.0,1.0,1.0,1.0,1.0,0.0,0.0,0.0,0.0,0.0,0.0,0.0,16.0,40.0,0.0,0.0,0.0,0.0,0.0,0.0,0.0,0.0,0.0,0.0,1.0,1.25,0.125762939453125,0.15202620723125454,227.0,23.0,0.03337243,4.0,0.0,0.0,0.0,0.999636,0.530419,0.0,0.0,0.0,0.999636,1.25,0.999636,0.999636,0.125762939453125,0.0,0.0,0.0,0.0,0.0,0.0,1.0,0.0,0.0,0.0,0.0,0.0,0.0,0.0,0.0,0.0,0.0,0.0,0.0,0.0,0.0,0.0,0.0,0.03337243
qd_002,QuickDraw,dog,mask_fill_edgewalk_nearestrow_rows16_p40,line_text_skeleton,0.05880958,excellent,0.03337243,4,0,0.0,0,0.999636,0.530419,0.0,0.169581,0.0,0,balanced,qd_002::balanced,0.1,0.05,0.02,0.005,0.003,0.003,1.0,0.0,0.0,1.0,1.0,1.0,1.0,0.0,0.0,0.0,0.0,0.0,0.0,0.0,16.0,40.0,0.0,0.0,0.0,0.0,0.0,0.0,0.0,0.0,0.0,0.0,1.0,1.25,0.125762939453125,0.15202620723125454,227.0,23.0,0.03337243,4.0,0.0,0.0,0.0,0.999636,0.530419,0.0,0.0,0.0,0.999636,1.25,0.999636,0.999636,0.125762939453125,0.0,0.0,0.0,0.0,0.0,0.0,0.0,1.0,0.0,0.0,0.0,0.1,0.05,0.02,0.005,0.003,0.003,0.0999636,0.02652095,0.0,0.0,0.012,0.0,0.0
qd_002,QuickDraw,dog,mask_fill_edgewalk_nearestrow_rows16_p40,line_text_skeleton,0.05880958,excellent,0.03337243,4,0,0.0,0,0.999636,0.530419,0.0,0.169581,0.0,0,precision,qd_002::precision,0.1,0.2,0.02,0.005,0.003,0.003,1.0,0.0,0.0,1.0,1.0,1.0,1.0,0.0,0.0,0.0,0.0,0.0,0.0,0.0,16.0,40.0,0.0,0.0,0.0,0.0,0.0,0.0,0.0,0.0,0.0,0.0,1.0,1.25,0.125762939453125,0.15202620723125454,227.0,23.0,0.03337243,4.0,0.0,0.0,0.0,0.999636,0.530419,0.0,0.0,0.0,0.999636,1.25,0.999636,0.999636,0.125762939453125,0.0,0.0,0.0,0.0,0.0,0.0,0.0,0.0,1.0,0.0,0.0,0.1,0.2,0.02,0.005,0.003,0.003,0.0999636,0.1060838,0.0,0.0,0.012,0.0,0.0
qd_002,QuickDraw,dog,mask_fill_edgewalk_nearestrow_rows16_p40,line_text_skeleton,0.05880958,excellent,0.03337243,4,0,0.0,0,0.999636,0.530419,0.0,0.169581,0.0,0,coverage,qd_002::coverage,0.35,0.05,0.02,0.005,0.003,0.003,1.0,0.0,0.0,1.0,1.0,1.0,1.0,0.0,0.0,0.0,0.0,0.0,0.0,0.0,16.0,40.0,0.0,0.0,0.0,0.0,0.0,0.0,0.0,0.0,0.0,0.0,1.0,1.25,0.125762939453125,0.15202620723125454,227.0,23.0,0.03337243,4.0,0.0,0.0,0.0,0.999636,0.530419,0.0,0.0,0.0,0.999636,1.25,0.999636,0.999636,0.125762939453125,0.0,0.0,0.0,0.0,0.0,0.0,0.0,0.0,0.0,1.0,0.0,0.35,0.05,0.02,0.005,0.003,0.003,0.3498726,0.02652095,0.0,0.0,0.012,0.0,0.0
qd_002,QuickDraw,dog,mask_fill_edgewalk_nearestrow_rows16_p40,line_text_skeleton,0.05880958,excellent,0.03337243,4,0,0.0,0,0.999636,0.530419,0.0,0.169581,0.0,0,low_jump,qd_002::low_jump,0.1,0.05,0.02,0.005,0.03,0.02,1.0,0.0,0.0,1.0,1.0,1.0,1.0,0.0,0.0,0.0,0.0,0.0,0.0,0.0,16.0,40.0,0.0,0.0,0.0,0.0,0.0,0.0,0.0,0.0,0.0,0.0,1.0,1.25,0.125762939453125,0.15202620723125454,227.0,23.0,0.03337243,4.0,0.0,0.0,0.0,0.999636,0.530419,0.0,0.0,0.0,0.999636,1.25,0.999636,0.999636,0.125762939453125,0.0,0.0,0.0,0.0,0.0,0.0,0.0,0.0,0.0,0.0,1.0,0.1,0.05,0.02,0.005,0.03,0.02,0.0999636,0.02652095,0.0,0.0,0.12,0.0,0.0
qd_002,QuickDraw,dog,mask_fill_edgewalk_rows16_p40,line_text_skeleton,0.5923675,hard_fail,0.5148855,193,33,5.7329,0,0.999636,0.45012,0.0,0.24988,0.04,0,low_loss,qd_002::low_loss,0.0,0.0,0.0,0.0,0.0,0.0,1.0,0.0,0.0,1.0,1.0,0.0,0.0,0.0,0.0,0.0,0.0,0.0,0.0,0.0,16.0,40.0,0.0,0.0,0.0,0.0,0.0,0.0,0.0,0.0,0.0,0.0,1.0,1.25,0.125762939453125,0.15202620723125454,227.0,23.0,0.5148855,193.0,33.0,5.7329,0.0,0.999636,0.45012,0.0,0.0,0.0,0.999636,1.25,0.999636,0.0,0.0,0.0,0.0,0.0,0.0,0.0,0.0,1.0,0.0,0.0,0.0,0.0,0.0,0.0,0.0,0.0,0.0,0.0,0.0,0.0,0.0,0.0,0.0,0.0,0.5148855
qd_002,QuickDraw,dog,mask_fill_edgewalk_rows16_p40,line_text_skeleton,0.5923675,hard_fail,0.5148855,193,33,5.7329,0,0.999636,0.45012,0.0,0.24988,0.04,0,balanced,qd_002::balanced,0.1,0.05,0.02,0.005,0.003,0.003,1.0,0.0,0.0,1.0,1.0,0.0,0.0,0.0,0.0,0.0,0.0,0.0,0.0,0.0,16.0,40.0,0.0,0.0,0.0,0.0,0.0,0.0,0.0,0.0,0.0,0.0,1.0,1.25,0.125762939453125,0.15202620723125454,227.0,23.0,0.5148855,193.0,33.0,5.7329,0.0,0.999636,0.45012,0.0,0.0,0.0,0.999636,1.25,0.999636,0.0,0.0,0.0,0.0,0.0,0.0,0.0,0.0,0.0,1.0,0.0,0.0,0.0,0.1,0.05,0.02,0.005,0.003,0.003,0.0999636,0.022506,0.114658,0.0,0.579,0.099,0.0
qd_002,QuickDraw,dog,mask_fill_edgewalk_rows16_p40,line_text_skeleton,0.5923675,hard_fail,0.5148855,193,33,5.7329,0,0.999636,0.45012,0.0,0.24988,0.04,0,precision,qd_002::precision,0.1,0.2,0.02,0.005,0.003,0.003,1.0,0.0,0.0,1.0,1.0,0.0,0.0,0.0,0.0,0.0,0.0,0.0,0.0,0.0,16.0,40.0,0.0,0.0,0.0,0.0,0.0,0.0,0.0,0.0,0.0,0.0,1.0,1.25,0.125762939453125,0.15202620723125454,227.0,23.0,0.5148855,193.0,33.0,5.7329,0.0,0.999636,0.45012,0.0,0.0,0.0,0.999636,1.25,0.999636,0.0,0.0,0.0,0.0,0.0,0.0,0.0,0.0,0.0,0.0,1.0,0.0,0.0,0.1,0.2,0.02,0.005,0.003,0.003,0.0999636,0.090024,0.114658,0.0,0.579,0.099,0.0
qd_002,QuickDraw,dog,mask_fill_edgewalk_rows16_p40,line_text_skeleton,0.5923675,hard_fail,0.5148855,193,33,5.7329,0,0.999636,0.45012,0.0,0.24988,0.04,0,coverage,qd_002::coverage,0.35,0.05,0.02,0.005,0.003,0.003,1.0,0.0,0.0,1.0,1.0,0.0,0.0,0.0,0.0,0.0,0.0,0.0,0.0,0.0,16.0,40.0,0.0,0.0,0.0,0.0,0.0,0.0,0.0,0.0,0.0,0.0,1.0,1.25,0.125762939453125,0.15202620723125454,227.0,23.0,0.5148855,193.0,33.0,5.7329,0.0,0.999636,0.45012,0.0,0.0,0.0,0.999636,1.25,0.999636,0.0,0.0,0.0,0.0,0.0,0.0,0.0,0.0,0.0,0.0,0.0,1.0,0.0,0.35,0.05,0.02,0.005,0.003,0.003,0.3498726,0.022506,0.114658,0.0,0.579,0.099,0.0
qd_002,QuickDraw,dog,mask_fill_edgewalk_rows16_p40,line_text_skeleton,0.5923675,hard_fail,0.5148855,193,33,5.7329,0,0.999636,0.45012,0.0,0.24988,0.04,0,low_jump,qd_002::low_jump,0.1,0.05,0.02,0.005,0.03,0.02,1.0,0.0,0.0,1.0,1.0,0.0,0.0,0.0,0.0,0.0,0.0,0.0,0.0,0.0,16.0,40.0,0.0,0.0,0.0,0.0,0.0,0.0,0.0,0.0,0.0,0.0,1.0,1.25,0.125762939453125,0.15202620723125454,227.0,23.0,0.5148855,193.0,33.0,5.7329,0.0,0.999636,0.45012,0.0,0.0,0.0,0.999636,1.25,0.999636,0.0,0.0,0.0,0.0,0.0,0.0,0.0,0.0,0.0,0.0,0.0,0.0,1.0,0.1,0.05,0.02,0.005,0.03,0.02,0.0999636,0.022506,0.114658,0.0,5.79,0.66,0.0
qd_002,QuickDraw,dog,auto_evalrepair_r10_c20,line_text_skeleton,0.12013034,pass,0.12013034,13,2,0.0,0,0.968333,0.720632,0.0,0.0,0.0,0,low_loss,qd_002::low_loss,0.0,0.0,0.0,0.0,0.0,0.0,1.0,0.0,1.0,0.0,0.0,0.0,0.0,0.0,0.0,0.0,0.0,0.0,0.0,0.0,0.0,0.0,0.0,0.0,0.0,0.0,0.0,0.0,0.0,0.0,0.0,0.0,1.0,1.25,0.125762939453125,0.15202620723125454,227.0,23.0,0.12013034,13.0,2.0,0.0,0.0,0.968333,0.720632,0.0,0.0,0.968333,0.0,0.0,0.0,0.0,0.0,0.0,0.0,0.0,0.0,0.0,0.0,1.0,0.0,0.0,0.0,0.0,0.0,0.0,0.0,0.0,0.0,0.0,0.0,0.0,0.0,0.0,0.0,0.0,0.12013034
qd_002,QuickDraw,dog,auto_evalrepair_r10_c20,line_text_skeleton,0.12013034,pass,0.12013034,13,2,0.0,0,0.968333,0.720632,0.0,0.0,0.0,0,balanced,qd_002::balanced,0.1,0.05,0.02,0.005,0.003,0.003,1.0,0.0,1.0,0.0,0.0,0.0,0.0,0.0,0.0,0.0,0.0,0.0,0.0,0.0,0.0,0.0,0.0,0.0,0.0,0.0,0.0,0.0,0.0,0.0,0.0,0.0,1.0,1.25,0.125762939453125,0.15202620723125454,227.0,23.0,0.12013034,13.0,2.0,0.0,0.0,0.968333,0.720632,0.0,0.0,0.968333,0.0,0.0,0.0,0.0,0.0,0.0,0.0,0.0,0.0,0.0,0.0,0.0,1.0,0.0,0.0,0.0,0.1,0.05,0.02,0.005,0.003,0.003,0.09683330000000001,0.036031600000000004,0.0,0.0,0.039,0.006,0.0
qd_002,QuickDraw,dog,auto_evalrepair_r10_c20,line_text_skeleton,0.12013034,pass,0.12013034,13,2,0.0,0,0.968333,0.720632,0.0,0.0,0.0,0,precision,qd_002::precision,0.1,0.2,0.02,0.005,0.003,0.003,1.0,0.0,1.0,0.0,0.0,0.0,0.0,0.0,0.0,0.0,0.0,0.0,0.0,0.0,0.0,0.0,0.0,0.0,0.0,0.0,0.0,0.0,0.0,0.0,0.0,0.0,1.0,1.25,0.125762939453125,0.15202620723125454,227.0,23.0,0.12013034,13.0,2.0,0.0,0.0,0.968333,0.720632,0.0,0.0,0.968333,0.0,0.0,0.0,0.0,0.0,0.0,0.0,0.0,0.0,0.0,0.0,0.0,0.0,1.0,0.0,0.0,0.1,0.2,0.02,0.005,0.003,0.003,0.09683330000000001,0.14412640000000002,0.0,0.0,0.039,0.006,0.0
qd_002,QuickDraw,dog,auto_evalrepair_r10_c20,line_text_skeleton,0.12013034,pass,0.12013034,13,2,0.0,0,0.968333,0.720632,0.0,0.0,0.0,0,coverage,qd_002::coverage,0.35,0.05,0.02,0.005,0.003,0.003,1.0,0.0,1.0,0.0,0.0,0.0,0.0,0.0,0.0,0.0,0.0,0.0,0.0,0.0,0.0,0.0,0.0,0.0,0.0,0.0,0.0,0.0,0.0,0.0,0.0,0.0,1.0,1.25,0.125762939453125,0.15202620723125454,227.0,23.0,0.12013034,13.0,2.0,0.0,0.0,0.968333,0.720632,0.0,0.0,0.968333,0.0,0.0,0.0,0.0,0.0,0.0,0.0,0.0,0.0,0.0,0.0,0.0,0.0,0.0,1.0,0.0,0.35,0.05,0.02,0.005,0.003,0.003,0.33891655,0.036031600000000004,0.0,0.0,0.039,0.006,0.0
qd_002,QuickDraw,dog,auto_evalrepair_r10_c20,line_text_skeleton,0.12013034,pass,0.12013034,13,2,0.0,0,0.968333,0.720632,0.0,0.0,0.0,0,low_jump,qd_002::low_jump,0.1,0.05,0.02,0.005,0.03,0.02,1.0,0.0,1.0,0.0,0.0,0.0,0.0,0.0,0.0,0.0,0.0,0.0,0.0,0.0,0.0,0.0,0.0,0.0,0.0,0.0,0.0,0.0,0.0,0.0,0.0,0.0,1.0,1.25,0.125762939453125,0.15202620723125454,227.0,23.0,0.12013034,13.0,2.0,0.0,0.0,0.968333,0.720632,0.0,0.0,0.968333,0.0,0.0,0.0,0.0,0.0,0.0,0.0,0.0,0.0,0.0,0.0,0.0,0.0,0.0,0.0,1.0,0.1,0.05,0.02,0.005,0.03,0.02,0.09683330000000001,0.036031600000000004,0.0,0.0,0.39,0.04,0.0
qd_002,QuickDraw,dog,skeleton_c30_m20,line_text_skeleton,0.09082102,excellent,0.08928397,10,1,0.0,0,0.940063,0.689753,0.0,0.010247,0.0,0,low_loss,qd_002::low_loss,0.0,0.0,0.0,0.0,0.0,0.0,1.0,1.0,0.0,0.0,0.0,0.0,0.0,0.0,0.0,0.0,0.0,0.0,0.0,0.0,0.0,0.0,0.0,0.0,0.0,0.0,0.0,0.0,0.0,0.0,0.0,0.0,1.0,1.25,0.125762939453125,0.15202620723125454,227.0,23.0,0.08928397,10.0,1.0,0.0,0.0,0.940063,0.689753,1.25,0.940063,0.0,0.0,0.0,0.0,0.0,0.0,0.0,0.0,0.0,0.0,0.0,0.0,1.0,0.0,0.0,0.0,0.0,0.0,0.0,0.0,0.0,0.0,0.0,0.0,0.0,0.0,0.0,0.0,0.0,0.08928397
qd_002,QuickDraw,dog,skeleton_c30_m20,line_text_skeleton,0.09082102,excellent,0.08928397,10,1,0.0,0,0.940063,0.689753,0.0,0.010247,0.0,0,balanced,qd_002::balanced,0.1,0.05,0.02,0.005,0.003,0.003,1.0,1.0,0.0,0.0,0.0,0.0,0.0,0.0,0.0,0.0,0.0,0.0,0.0,0.0,0.0,0.0,0.0,0.0,0.0,0.0,0.0,0.0,0.0,0.0,0.0,0.0,1.0,1.25,0.125762939453125,0.15202620723125454,227.0,23.0,0.08928397,10.0,1.0,0.0,0.0,0.940063,0.689753,1.25,0.940063,0.0,0.0,0.0,0.0,0.0,0.0,0.0,0.0,0.0,0.0,0.0,0.0,0.0,1.0,0.0,0.0,0.0,0.1,0.05,0.02,0.005,0.003,0.003,0.0940063,0.03448765,0.0,0.0,0.03,0.003,0.0
qd_002,QuickDraw,dog,skeleton_c30_m20,line_text_skeleton,0.09082102,excellent,0.08928397,10,1,0.0,0,0.940063,0.689753,0.0,0.010247,0.0,0,precision,qd_002::precision,0.1,0.2,0.02,0.005,0.003,0.003,1.0,1.0,0.0,0.0,0.0,0.0,0.0,0.0,0.0,0.0,0.0,0.0,0.0,0.0,0.0,0.0,0.0,0.0,0.0,0.0,0.0,0.0,0.0,0.0,0.0,0.0,1.0,1.25,0.125762939453125,0.15202620723125454,227.0,23.0,0.08928397,10.0,1.0,0.0,0.0,0.940063,0.689753,1.25,0.940063,0.0,0.0,0.0,0.0,0.0,0.0,0.0,0.0,0.0,0.0,0.0,0.0,0.0,0.0,1.0,0.0,0.0,0.1,0.2,0.02,0.005,0.003,0.003,0.0940063,0.1379506,0.0,0.0,0.03,0.003,0.0
qd_002,QuickDraw,dog,skeleton_c30_m20,line_text_skeleton,0.09082102,excellent,0.08928397,10,1,0.0,0,0.940063,0.689753,0.0,0.010247,0.0,0,coverage,qd_002::coverage,0.35,0.05,0.02,0.005,0.003,0.003,1.0,1.0,0.0,0.0,0.0,0.0,0.0,0.0,0.0,0.0,0.0,0.0,0.0,0.0,0.0,0.0,0.0,0.0,0.0,0.0,0.0,0.0,0.0,0.0,0.0,0.0,1.0,1.25,0.125762939453125,0.15202620723125454,227.0,23.0,0.08928397,10.0,1.0,0.0,0.0,0.940063,0.689753,1.25,0.940063,0.0,0.0,0.0,0.0,0.0,0.0,0.0,0.0,0.0,0.0,0.0,0.0,0.0,0.0,0.0,1.0,0.0,0.35,0.05,0.02,0.005,0.003,0.003,0.32902204999999995,0.03448765,0.0,0.0,0.03,0.003,0.0
qd_002,QuickDraw,dog,skeleton_c30_m20,line_text_skeleton,0.09082102,excellent,0.08928397,10,1,0.0,0,0.940063,0.689753,0.0,0.010247,0.0,0,low_jump,qd_002::low_jump,0.1,0.05,0.02,0.005,0.03,0.02,1.0,1.0,0.0,0.0,0.0,0.0,0.0,0.0,0.0,0.0,0.0,0.0,0.0,0.0,0.0,0.0,0.0,0.0,0.0,0.0,0.0,0.0,0.0,0.0,0.0,0.0,1.0,1.25,0.125762939453125,0.15202620723125454,227.0,23.0,0.08928397,10.0,1.0,0.0,0.0,0.940063,0.689753,1.25,0.940063,0.0,0.0,0.0,0.0,0.0,0.0,0.0,0.0,0.0,0.0,0.0,0.0,0.0,0.0,0.0,0.0,1.0,0.1,0.05,0.02,0.005,0.03,0.02,0.0940063,0.03448765,0.0,0.0,0.3,0.02,0.0
qd_002,QuickDraw,dog,skeleton_c30_m4,line_text_skeleton,0.08928397,excellent,0.08928397,10,1,0.0,0,0.968333,0.712526,0.0,0.0,0.0,0,low_loss,qd_002::low_loss,0.0,0.0,0.0,0.0,0.0,0.0,1.0,1.0,0.0,0.0,0.0,0.0,0.0,0.0,0.0,0.0,0.0,0.0,0.0,0.0,0.0,0.0,0.0,0.0,0.0,0.0,0.0,0.0,0.0,0.0,0.0,0.0,1.0,1.25,0.125762939453125,0.15202620723125454,227.0,23.0,0.08928397,10.0,1.0,0.0,0.0,0.968333,0.712526,1.25,0.968333,0.0,0.0,0.0,0.0,0.0,0.0,0.0,0.0,0.0,0.0,0.0,0.0,1.0,0.0,0.0,0.0,0.0,0.0,0.0,0.0,0.0,0.0,0.0,0.0,0.0,0.0,0.0,0.0,0.0,0.08928397
qd_002,QuickDraw,dog,skeleton_c30_m4,line_text_skeleton,0.08928397,excellent,0.08928397,10,1,0.0,0,0.968333,0.712526,0.0,0.0,0.0,0,balanced,qd_002::balanced,0.1,0.05,0.02,0.005,0.003,0.003,1.0,1.0,0.0,0.0,0.0,0.0,0.0,0.0,0.0,0.0,0.0,0.0,0.0,0.0,0.0,0.0,0.0,0.0,0.0,0.0,0.0,0.0,0.0,0.0,0.0,0.0,1.0,1.25,0.125762939453125,0.15202620723125454,227.0,23.0,0.08928397,10.0,1.0,0.0,0.0,0.968333,0.712526,1.25,0.968333,0.0,0.0,0.0,0.0,0.0,0.0,0.0,0.0,0.0,0.0,0.0,0.0,0.0,1.0,0.0,0.0,0.0,0.1,0.05,0.02,0.005,0.003,0.003,0.09683330000000001,0.0356263,0.0,0.0,0.03,0.003,0.0
qd_002,QuickDraw,dog,skeleton_c30_m4,line_text_skeleton,0.08928397,excellent,0.08928397,10,1,0.0,0,0.968333,0.712526,0.0,0.0,0.0,0,precision,qd_002::precision,0.1,0.2,0.02,0.005,0.003,0.003,1.0,1.0,0.0,0.0,0.0,0.0,0.0,0.0,0.0,0.0,0.0,0.0,0.0,0.0,0.0,0.0,0.0,0.0,0.0,0.0,0.0,0.0,0.0,0.0,0.0,0.0,1.0,1.25,0.125762939453125,0.15202620723125454,227.0,23.0,0.08928397,10.0,1.0,0.0,0.0,0.968333,0.712526,1.25,0.968333,0.0,0.0,0.0,0.0,0.0,0.0,0.0,0.0,0.0,0.0,0.0,0.0,0.0,0.0,1.0,0.0,0.0,0.1,0.2,0.02,0.005,0.003,0.003,0.09683330000000001,0.1425052,0.0,0.0,0.03,0.003,0.0
qd_002,QuickDraw,dog,skeleton_c30_m4,line_text_skeleton,0.08928397,excellent,0.08928397,10,1,0.0,0,0.968333,0.712526,0.0,0.0,0.0,0,coverage,qd_002::coverage,0.35,0.05,0.02,0.005,0.003,0.003,1.0,1.0,0.0,0.0,0.0,0.0,0.0,0.0,0.0,0.0,0.0,0.0,0.0,0.0,0.0,0.0,0.0,0.0,0.0,0.0,0.0,0.0,0.0,0.0,0.0,0.0,1.0,1.25,0.125762939453125,0.15202620723125454,227.0,23.0,0.08928397,10.0,1.0,0.0,0.0,0.968333,0.712526,1.25,0.968333,0.0,0.0,0.0,0.0,0.0,0.0,0.0,0.0,0.0,0.0,0.0,0.0,0.0,0.0,0.0,1.0,0.0,0.35,0.05,0.02,0.005,0.003,0.003,0.33891655,0.0356263,0.0,0.0,0.03,0.003,0.0
qd_002,QuickDraw,dog,skeleton_c30_m4,line_text_skeleton,0.08928397,excellent,0.08928397,10,1,0.0,0,0.968333,0.712526,0.0,0.0,0.0,0,low_jump,qd_002::low_jump,0.1,0.05,0.02,0.005,0.03,0.02,1.0,1.0,0.0,0.0,0.0,0.0,0.0,0.0,0.0,0.0,0.0,0.0,0.0,0.0,0.0,0.0,0.0,0.0,0.0,0.0,0.0,0.0,0.0,0.0,0.0,0.0,1.0,1.25,0.125762939453125,0.15202620723125454,227.0,23.0,0.08928397,10.0,1.0,0.0,0.0,0.968333,0.712526,1.25,0.968333,0.0,0.0,0.0,0.0,0.0,0.0,0.0,0.0,0.0,0.0,0.0,0.0,0.0,0.0,0.0,0.0,1.0,0.1,0.05,0.02,0.005,0.03,0.02,0.09683330000000001,0.0356263,0.0,0.0,0.3,0.02,0.0
qd_002,QuickDraw,dog,mask_fill_edgewalk_nearestrow_safeadt_t2m5_r055_a64_rows16_p40,line_text_skeleton,0.1320565,excellent,0.0813874,9,1,0.0,0,1.0,0.362206,0.0,0.337794,0.0,0,low_loss,qd_002::low_loss,0.0,0.0,0.0,0.0,0.0,0.0,1.0,0.0,0.0,1.0,1.0,1.0,1.0,0.0,0.0,0.0,0.0,0.0,0.0,0.0,16.0,40.0,0.0,0.0,0.0,0.0,0.0,0.0,0.0,0.0,0.0,0.0,1.0,1.25,0.125762939453125,0.15202620723125454,227.0,23.0,0.0813874,9.0,1.0,0.0,0.0,1.0,0.362206,0.0,0.0,0.0,1.0,1.25,1.0,1.0,0.125762939453125,0.0,0.0,0.0,0.0,0.0,0.0,1.0,0.0,0.0,0.0,0.0,0.0,0.0,0.0,0.0,0.0,0.0,0.0,0.0,0.0,0.0,0.0,0.0,0.0813874
qd_002,QuickDraw,dog,mask_fill_edgewalk_nearestrow_safeadt_t2m5_r055_a64_rows16_p40,line_text_skeleton,0.1320565,excellent,0.0813874,9,1,0.0,0,1.0,0.362206,0.0,0.337794,0.0,0,balanced,qd_002::balanced,0.1,0.05,0.02,0.005,0.003,0.003,1.0,0.0,0.0,1.0,1.0,1.0,1.0,0.0,0.0,0.0,0.0,0.0,0.0,0.0,16.0,40.0,0.0,0.0,0.0,0.0,0.0,0.0,0.0,0.0,0.0,0.0,1.0,1.25,0.125762939453125,0.15202620723125454,227.0,23.0,0.0813874,9.0,1.0,0.0,0.0,1.0,0.362206,0.0,0.0,0.0,1.0,1.25,1.0,1.0,0.125762939453125,0.0,0.0,0.0,0.0,0.0,0.0,0.0,1.0,0.0,0.0,0.0,0.1,0.05,0.02,0.005,0.003,0.003,0.1,0.0181103,0.0,0.0,0.027,0.003,0.0
qd_002,QuickDraw,dog,mask_fill_edgewalk_nearestrow_safeadt_t2m5_r055_a64_rows16_p40,line_text_skeleton,0.1320565,excellent,0.0813874,9,1,0.0,0,1.0,0.362206,0.0,0.337794,0.0,0,precision,qd_002::precision,0.1,0.2,0.02,0.005,0.003,0.003,1.0,0.0,0.0,1.0,1.0,1.0,1.0,0.0,0.0,0.0,0.0,0.0,0.0,0.0,16.0,40.0,0.0,0.0,0.0,0.0,0.0,0.0,0.0,0.0,0.0,0.0,1.0,1.25,0.125762939453125,0.15202620723125454,227.0,23.0,0.0813874,9.0,1.0,0.0,0.0,1.0,0.362206,0.0,0.0,0.0,1.0,1.25,1.0,1.0,0.125762939453125,0.0,0.0,0.0,0.0,0.0,0.0,0.0,0.0,1.0,0.0,0.0,0.1,0.2,0.02,0.005,0.003,0.003,0.1,0.0724412,0.0,0.0,0.027,0.003,0.0
qd_002,QuickDraw,dog,mask_fill_edgewalk_nearestrow_safeadt_t2m5_r055_a64_rows16_p40,line_text_skeleton,0.1320565,excellent,0.0813874,9,1,0.0,0,1.0,0.362206,0.0,0.337794,0.0,0,coverage,qd_002::coverage,0.35,0.05,0.02,0.005,0.003,0.003,1.0,0.0,0.0,1.0,1.0,1.0,1.0,0.0,0.0,0.0,0.0,0.0,0.0,0.0,16.0,40.0,0.0,0.0,0.0,0.0,0.0,0.0,0.0,0.0,0.0,0.0,1.0,1.25,0.125762939453125,0.15202620723125454,227.0,23.0,0.0813874,9.0,1.0,0.0,0.0,1.0,0.362206,0.0,0.0,0.0,1.0,1.25,1.0,1.0,0.125762939453125,0.0,0.0,0.0,0.0,0.0,0.0,0.0,0.0,0.0,1.0,0.0,0.35,0.05,0.02,0.005,0.003,0.003,0.35,0.0181103,0.0,0.0,0.027,0.003,0.0
qd_002,QuickDraw,dog,mask_fill_edgewalk_nearestrow_safeadt_t2m5_r055_a64_rows16_p40,line_text_skeleton,0.1320565,excellent,0.0813874,9,1,0.0,0,1.0,0.362206,0.0,0.337794,0.0,0,low_jump,qd_002::low_jump,0.1,0.05,0.02,0.005,0.03,0.02,1.0,0.0,0.0,1.0,1.0,1.0,1.0,0.0,0.0,0.0,0.0,0.0,0.0,0.0,16.0,40.0,0.0,0.0,0.0,0.0,0.0,0.0,0.0,0.0,0.0,0.0,1.0,1.25,0.125762939453125,0.15202620723125454,227.0,23.0,0.0813874,9.0,1.0,0.0,0.0,1.0,0.362206,0.0,0.0,0.0,1.0,1.25,1.0,1.0,0.125762939453125,0.0,0.0,0.0,0.0,0.0,0.0,0.0,0.0,0.0,0.0,1.0,0.1,0.05,0.02,0.005,0.03,0.02,0.1,0.0181103,0.0,0.0,0.27,0.02,0.0
qd_003,QuickDraw,fish,mask_fill_edgewalk_nearestrow_inset1_rows16_p40,line_text_skeleton,0.11019267,excellent,0.09513897,9,1,0.6083,0,0.996433,0.599642,0.0,0.100358,0.0,0,low_loss,qd_003::low_loss,0.0,0.0,0.0,0.0,0.0,0.0,1.0,0.0,0.0,1.0,1.0,1.0,0.0,1.0,1.0,0.0,1.0,0.0,0.0,0.0,16.0,40.0,0.0,0.0,0.0,0.0,0.0,0.0,0.0,0.0,0.0,0.0,1.0,1.25,0.076995849609375,0.18212445501387237,326.0,15.0,0.09513897,9.0,1.0,0.6083,0.0,0.996433,0.599642,0.0,0.0,0.0,0.996433,1.25,0.996433,0.996433,0.076995849609375,0.076995849609375,0.0,0.0,0.0,0.0,0.0,1.0,0.0,0.0,0.0,0.0,0.0,0.0,0.0,0.0,0.0,0.0,0.0,0.0,0.0,0.0,0.0,0.0,0.09513897
qd_003,QuickDraw,fish,mask_fill_edgewalk_nearestrow_inset1_rows16_p40,line_text_skeleton,0.11019267,excellent,0.09513897,9,1,0.6083,0,0.996433,0.599642,0.0,0.100358,0.0,0,balanced,qd_003::balanced,0.1,0.05,0.02,0.005,0.003,0.003,1.0,0.0,0.0,1.0,1.0,1.0,0.0,1.0,1.0,0.0,1.0,0.0,0.0,0.0,16.0,40.0,0.0,0.0,0.0,0.0,0.0,0.0,0.0,0.0,0.0,0.0,1.0,1.25,0.076995849609375,0.18212445501387237,326.0,15.0,0.09513897,9.0,1.0,0.6083,0.0,0.996433,0.599642,0.0,0.0,0.0,0.996433,1.25,0.996433,0.996433,0.076995849609375,0.076995849609375,0.0,0.0,0.0,0.0,0.0,0.0,1.0,0.0,0.0,0.0,0.1,0.05,0.02,0.005,0.003,0.003,0.0996433,0.0299821,0.012166,0.0,0.027,0.003,0.0
qd_003,QuickDraw,fish,mask_fill_edgewalk_nearestrow_inset1_rows16_p40,line_text_skeleton,0.11019267,excellent,0.09513897,9,1,0.6083,0,0.996433,0.599642,0.0,0.100358,0.0,0,precision,qd_003::precision,0.1,0.2,0.02,0.005,0.003,0.003,1.0,0.0,0.0,1.0,1.0,1.0,0.0,1.0,1.0,0.0,1.0,0.0,0.0,0.0,16.0,40.0,0.0,0.0,0.0,0.0,0.0,0.0,0.0,0.0,0.0,0.0,1.0,1.25,0.076995849609375,0.18212445501387237,326.0,15.0,0.09513897,9.0,1.0,0.6083,0.0,0.996433,0.599642,0.0,0.0,0.0,0.996433,1.25,0.996433,0.996433,0.076995849609375,0.076995849609375,0.0,0.0,0.0,0.0,0.0,0.0,0.0,1.0,0.0,0.0,0.1,0.2,0.02,0.005,0.003,0.003,0.0996433,0.1199284,0.012166,0.0,0.027,0.003,0.0
qd_003,QuickDraw,fish,mask_fill_edgewalk_nearestrow_inset1_rows16_p40,line_text_skeleton,0.11019267,excellent,0.09513897,9,1,0.6083,0,0.996433,0.599642,0.0,0.100358,0.0,0,coverage,qd_003::coverage,0.35,0.05,0.02,0.005,0.003,0.003,1.0,0.0,0.0,1.0,1.0,1.0,0.0,1.0,1.0,0.0,1.0,0.0,0.0,0.0,16.0,40.0,0.0,0.0,0.0,0.0,0.0,0.0,0.0,0.0,0.0,0.0,1.0,1.25,0.076995849609375,0.18212445501387237,326.0,15.0,0.09513897,9.0,1.0,0.6083,0.0,0.996433,0.599642,0.0,0.0,0.0,0.996433,1.25,0.996433,0.996433,0.076995849609375,0.076995849609375,0.0,0.0,0.0,0.0,0.0,0.0,0.0,0.0,1.0,0.0,0.35,0.05,0.02,0.005,0.003,0.003,0.34875154999999997,0.0299821,0.012166,0.0,0.027,0.003,0.0
qd_003,QuickDraw,fish,mask_fill_edgewalk_nearestrow_inset1_rows16_p40,line_text_skeleton,0.11019267,excellent,0.09513897,9,1,0.6083,0,0.996433,0.599642,0.0,0.100358,0.0,0,low_jump,qd_003::low_jump,0.1,0.05,0.02,0.005,0.03,0.02,1.0,0.0,0.0,1.0,1.0,1.0,0.0,1.0,1.0,0.0,1.0,0.0,0.0,0.0,16.0,40.0,0.0,0.0,0.0,0.0,0.0,0.0,0.0,0.0,0.0,0.0,1.0,1.25,0.076995849609375,0.18212445501387237,326.0,15.0,0.09513897,9.0,1.0,0.6083,0.0,0.996433,0.599642,0.0,0.0,0.0,0.996433,1.25,0.996433,0.996433,0.076995849609375,0.076995849609375,0.0,0.0,0.0,0.0,0.0,0.0,0.0,0.0,0.0,1.0,0.1,0.05,0.02,0.005,0.03,0.02,0.0996433,0.0299821,0.012166,0.0,0.27,0.02,0.0
qd_003,QuickDraw,fish,mask_fill_edgewalk_nearestrow_inset2_rows16_p40,line_text_skeleton,0.10108255,pass,0.0979036,11,1,0.0,0,0.978795,0.678807,0.0,0.021193,0.0,1,low_loss,qd_003::low_loss,0.0,0.0,0.0,0.0,0.0,0.0,1.0,0.0,0.0,1.0,1.0,1.0,0.0,1.0,0.0,1.0,2.0,0.0,0.0,0.0,16.0,40.0,0.0,0.0,0.0,0.0,0.0,0.0,0.0,0.0,0.0,0.0,1.0,1.25,0.076995849609375,0.18212445501387237,326.0,15.0,0.0979036,11.0,1.0,0.0,0.0,0.978795,0.678807,0.0,0.0,0.0,0.978795,1.25,0.978795,0.978795,0.076995849609375,0.076995849609375,0.076995849609375,0.0,0.0,0.0,0.0,1.0,0.0,0.0,0.0,0.0,0.0,0.0,0.0,0.0,0.0,0.0,0.0,0.0,0.0,0.0,0.0,0.0,0.0979036
qd_003,QuickDraw,fish,mask_fill_edgewalk_nearestrow_inset2_rows16_p40,line_text_skeleton,0.10108255,pass,0.0979036,11,1,0.0,0,0.978795,0.678807,0.0,0.021193,0.0,1,balanced,qd_003::balanced,0.1,0.05,0.02,0.005,0.003,0.003,1.0,0.0,0.0,1.0,1.0,1.0,0.0,1.0,0.0,1.0,2.0,0.0,0.0,0.0,16.0,40.0,0.0,0.0,0.0,0.0,0.0,0.0,0.0,0.0,0.0,0.0,1.0,1.25,0.076995849609375,0.18212445501387237,326.0,15.0,0.0979036,11.0,1.0,0.0,0.0,0.978795,0.678807,0.0,0.0,0.0,0.978795,1.25,0.978795,0.978795,0.076995849609375,0.076995849609375,0.076995849609375,0.0,0.0,0.0,0.0,0.0,1.0,0.0,0.0,0.0,0.1,0.05,0.02,0.005,0.003,0.003,0.09787950000000001,0.03394035,0.0,0.0,0.033,0.003,0.0
qd_003,QuickDraw,fish,mask_fill_edgewalk_nearestrow_inset2_rows16_p40,line_text_skeleton,0.10108255,pass,0.0979036,11,1,0.0,0,0.978795,0.678807,0.0,0.021193,0.0,1,precision,qd_003::precision,0.1,0.2,0.02,0.005,0.003,0.003,1.0,0.0,0.0,1.0,1.0,1.0,0.0,1.0,0.0,1.0,2.0,0.0,0.0,0.0,16.0,40.0,0.0,0.0,0.0,0.0,0.0,0.0,0.0,0.0,0.0,0.0,1.0,1.25,0.076995849609375,0.18212445501387237,326.0,15.0,0.0979036,11.0,1.0,0.0,0.0,0.978795,0.678807,0.0,0.0,0.0,0.978795,1.25,0.978795,0.978795,0.076995849609375,0.076995849609375,0.076995849609375,0.0,0.0,0.0,0.0,0.0,0.0,1.0,0.0,0.0,0.1,0.2,0.02,0.005,0.003,0.003,0.09787950000000001,0.1357614,0.0,0.0,0.033,0.003,0.0
qd_003,QuickDraw,fish,mask_fill_edgewalk_nearestrow_inset2_rows16_p40,line_text_skeleton,0.10108255,pass,0.0979036,11,1,0.0,0,0.978795,0.678807,0.0,0.021193,0.0,1,coverage,qd_003::coverage,0.35,0.05,0.02,0.005,0.003,0.003,1.0,0.0,0.0,1.0,1.0,1.0,0.0,1.0,0.0,1.0,2.0,0.0,0.0,0.0,16.0,40.0,0.0,0.0,0.0,0.0,0.0,0.0,0.0,0.0,0.0,0.0,1.0,1.25,0.076995849609375,0.18212445501387237,326.0,15.0,0.0979036,11.0,1.0,0.0,0.0,0.978795,0.678807,0.0,0.0,0.0,0.978795,1.25,0.978795,0.978795,0.076995849609375,0.076995849609375,0.076995849609375,0.0,0.0,0.0,0.0,0.0,0.0,0.0,1.0,0.0,0.35,0.05,0.02,0.005,0.003,0.003,0.34257825,0.03394035,0.0,0.0,0.033,0.003,0.0
qd_003,QuickDraw,fish,mask_fill_edgewalk_nearestrow_inset2_rows16_p40,line_text_skeleton,0.10108255,pass,0.0979036,11,1,0.0,0,0.978795,0.678807,0.0,0.021193,0.0,1,low_jump,qd_003::low_jump,0.1,0.05,0.02,0.005,0.03,0.02,1.0,0.0,0.0,1.0,1.0,1.0,0.0,1.0,0.0,1.0,2.0,0.0,0.0,0.0,16.0,40.0,0.0,0.0,0.0,0.0,0.0,0.0,0.0,0.0,0.0,0.0,1.0,1.25,0.076995849609375,0.18212445501387237,326.0,15.0,0.0979036,11.0,1.0,0.0,0.0,0.978795,0.678807,0.0,0.0,0.0,0.978795,1.25,0.978795,0.978795,0.076995849609375,0.076995849609375,0.076995849609375,0.0,0.0,0.0,0.0,0.0,0.0,0.0,0.0,1.0,0.1,0.05,0.02,0.005,0.03,0.02,0.09787950000000001,0.03394035,0.0,0.0,0.32999999999999996,0.02,0.0
qd_003,QuickDraw,fish,mask_fill_edgewalk_nearestrow_rows16_p40,line_text_skeleton,0.10484348,excellent,0.08132663,9,1,0.0,0,0.998811,0.543221,0.0,0.156779,0.0,0,low_loss,qd_003::low_loss,0.0,0.0,0.0,0.0,0.0,0.0,1.0,0.0,0.0,1.0,1.0,1.0,1.0,0.0,0.0,0.0,0.0,0.0,0.0,0.0,16.0,40.0,0.0,0.0,0.0,0.0,0.0,0.0,0.0,0.0,0.0,0.0,1.0,1.25,0.076995849609375,0.18212445501387237,326.0,15.0,0.08132663,9.0,1.0,0.0,0.0,0.998811,0.543221,0.0,0.0,0.0,0.998811,1.25,0.998811,0.998811,0.076995849609375,0.0,0.0,0.0,0.0,0.0,0.0,1.0,0.0,0.0,0.0,0.0,0.0,0.0,0.0,0.0,0.0,0.0,0.0,0.0,0.0,0.0,0.0,0.0,0.08132663
qd_003,QuickDraw,fish,mask_fill_edgewalk_nearestrow_rows16_p40,line_text_skeleton,0.10484348,excellent,0.08132663,9,1,0.0,0,0.998811,0.543221,0.0,0.156779,0.0,0,balanced,qd_003::balanced,0.1,0.05,0.02,0.005,0.003,0.003,1.0,0.0,0.0,1.0,1.0,1.0,1.0,0.0,0.0,0.0,0.0,0.0,0.0,0.0,16.0,40.0,0.0,0.0,0.0,0.0,0.0,0.0,0.0,0.0,0.0,0.0,1.0,1.25,0.076995849609375,0.18212445501387237,326.0,15.0,0.08132663,9.0,1.0,0.0,0.0,0.998811,0.543221,0.0,0.0,0.0,0.998811,1.25,0.998811,0.998811,0.076995849609375,0.0,0.0,0.0,0.0,0.0,0.0,0.0,1.0,0.0,0.0,0.0,0.1,0.05,0.02,0.005,0.003,0.003,0.0998811,0.02716105,0.0,0.0,0.027,0.003,0.0
qd_003,QuickDraw,fish,mask_fill_edgewalk_nearestrow_rows16_p40,line_text_skeleton,0.10484348,excellent,0.08132663,9,1,0.0,0,0.998811,0.543221,0.0,0.156779,0.0,0,precision,qd_003::precision,0.1,0.2,0.02,0.005,0.003,0.003,1.0,0.0,0.0,1.0,1.0,1.0,1.0,0.0,0.0,0.0,0.0,0.0,0.0,0.0,16.0,40.0,0.0,0.0,0.0,0.0,0.0,0.0,0.0,0.0,0.0,0.0,1.0,1.25,0.076995849609375,0.18212445501387237,326.0,15.0,0.08132663,9.0,1.0,0.0,0.0,0.998811,0.543221,0.0,0.0,0.0,0.998811,1.25,0.998811,0.998811,0.076995849609375,0.0,0.0,0.0,0.0,0.0,0.0,0.0,0.0,1.0,0.0,0.0,0.1,0.2,0.02,0.005,0.003,0.003,0.0998811,0.1086442,0.0,0.0,0.027,0.003,0.0
qd_003,QuickDraw,fish,mask_fill_edgewalk_nearestrow_rows16_p40,line_text_skeleton,0.10484348,excellent,0.08132663,9,1,0.0,0,0.998811,0.543221,0.0,0.156779,0.0,0,coverage,qd_003::coverage,0.35,0.05,0.02,0.005,0.003,0.003,1.0,0.0,0.0,1.0,1.0,1.0,1.0,0.0,0.0,0.0,0.0,0.0,0.0,0.0,16.0,40.0,0.0,0.0,0.0,0.0,0.0,0.0,0.0,0.0,0.0,0.0,1.0,1.25,0.076995849609375,0.18212445501387237,326.0,15.0,0.08132663,9.0,1.0,0.0,0.0,0.998811,0.543221,0.0,0.0,0.0,0.998811,1.25,0.998811,0.998811,0.076995849609375,0.0,0.0,0.0,0.0,0.0,0.0,0.0,0.0,0.0,1.0,0.0,0.35,0.05,0.02,0.005,0.003,0.003,0.34958385,0.02716105,0.0,0.0,0.027,0.003,0.0
qd_003,QuickDraw,fish,mask_fill_edgewalk_nearestrow_rows16_p40,line_text_skeleton,0.10484348,excellent,0.08132663,9,1,0.0,0,0.998811,0.543221,0.0,0.156779,0.0,0,low_jump,qd_003::low_jump,0.1,0.05,0.02,0.005,0.03,0.02,1.0,0.0,0.0,1.0,1.0,1.0,1.0,0.0,0.0,0.0,0.0,0.0,0.0,0.0,16.0,40.0,0.0,0.0,0.0,0.0,0.0,0.0,0.0,0.0,0.0,0.0,1.0,1.25,0.076995849609375,0.18212445501387237,326.0,15.0,0.08132663,9.0,1.0,0.0,0.0,0.998811,0.543221,0.0,0.0,0.0,0.998811,1.25,0.998811,0.998811,0.076995849609375,0.0,0.0,0.0,0.0,0.0,0.0,0.0,0.0,0.0,0.0,1.0,0.1,0.05,0.02,0.005,0.03,0.02,0.0998811,0.02716105,0.0,0.0,0.27,0.02,0.0
qd_003,QuickDraw,fish,mask_fill_edgewalk_rows16_p40,line_text_skeleton,0.43053507,hard_fail,0.34854557,76,14,1.698,0,0.998811,0.42007,0.0,0.27993,0.04,0,low_loss,qd_003::low_loss,0.0,0.0,0.0,0.0,0.0,0.0,1.0,0.0,0.0,1.0,1.0,0.0,0.0,0.0,0.0,0.0,0.0,0.0,0.0,0.0,16.0,40.0,0.0,0.0,0.0,0.0,0.0,0.0,0.0,0.0,0.0,0.0,1.0,1.25,0.076995849609375,0.18212445501387237,326.0,15.0,0.34854557,76.0,14.0,1.698,0.0,0.998811,0.42007,0.0,0.0,0.0,0.998811,1.25,0.998811,0.0,0.0,0.0,0.0,0.0,0.0,0.0,0.0,1.0,0.0,0.0,0.0,0.0,0.0,0.0,0.0,0.0,0.0,0.0,0.0,0.0,0.0,0.0,0.0,0.0,0.34854557
qd_003,QuickDraw,fish,mask_fill_edgewalk_rows16_p40,line_text_skeleton,0.43053507,hard_fail,0.34854557,76,14,1.698,0,0.998811,0.42007,0.0,0.27993,0.04,0,balanced,qd_003::balanced,0.1,0.05,0.02,0.005,0.003,0.003,1.0,0.0,0.0,1.0,1.0,0.0,0.0,0.0,0.0,0.0,0.0,0.0,0.0,0.0,16.0,40.0,0.0,0.0,0.0,0.0,0.0,0.0,0.0,0.0,0.0,0.0,1.0,1.25,0.076995849609375,0.18212445501387237,326.0,15.0,0.34854557,76.0,14.0,1.698,0.0,0.998811,0.42007,0.0,0.0,0.0,0.998811,1.25,0.998811,0.0,0.0,0.0,0.0,0.0,0.0,0.0,0.0,0.0,1.0,0.0,0.0,0.0,0.1,0.05,0.02,0.005,0.003,0.003,0.0998811,0.0210035,0.03396,0.0,0.228,0.042,0.0
qd_003,QuickDraw,fish,mask_fill_edgewalk_rows16_p40,line_text_skeleton,0.43053507,hard_fail,0.34854557,76,14,1.698,0,0.998811,0.42007,0.0,0.27993,0.04,0,precision,qd_003::precision,0.1,0.2,0.02,0.005,0.003,0.003,1.0,0.0,0.0,1.0,1.0,0.0,0.0,0.0,0.0,0.0,0.0,0.0,0.0,0.0,16.0,40.0,0.0,0.0,0.0,0.0,0.0,0.0,0.0,0.0,0.0,0.0,1.0,1.25,0.076995849609375,0.18212445501387237,326.0,15.0,0.34854557,76.0,14.0,1.698,0.0,0.998811,0.42007,0.0,0.0,0.0,0.998811,1.25,0.998811,0.0,0.0,0.0,0.0,0.0,0.0,0.0,0.0,0.0,0.0,1.0,0.0,0.0,0.1,0.2,0.02,0.005,0.003,0.003,0.0998811,0.084014,0.03396,0.0,0.228,0.042,0.0
qd_003,QuickDraw,fish,mask_fill_edgewalk_rows16_p40,line_text_skeleton,0.43053507,hard_fail,0.34854557,76,14,1.698,0,0.998811,0.42007,0.0,0.27993,0.04,0,coverage,qd_003::coverage,0.35,0.05,0.02,0.005,0.003,0.003,1.0,0.0,0.0,1.0,1.0,0.0,0.0,0.0,0.0,0.0,0.0,0.0,0.0,0.0,16.0,40.0,0.0,0.0,0.0,0.0,0.0,0.0,0.0,0.0,0.0,0.0,1.0,1.25,0.076995849609375,0.18212445501387237,326.0,15.0,0.34854557,76.0,14.0,1.698,0.0,0.998811,0.42007,0.0,0.0,0.0,0.998811,1.25,0.998811,0.0,0.0,0.0,0.0,0.0,0.0,0.0,0.0,0.0,0.0,0.0,1.0,0.0,0.35,0.05,0.02,0.005,0.003,0.003,0.34958385,0.0210035,0.03396,0.0,0.228,0.042,0.0
qd_003,QuickDraw,fish,mask_fill_edgewalk_rows16_p40,line_text_skeleton,0.43053507,hard_fail,0.34854557,76,14,1.698,0,0.998811,0.42007,0.0,0.27993,0.04,0,low_jump,qd_003::low_jump,0.1,0.05,0.02,0.005,0.03,0.02,1.0,0.0,0.0,1.0,1.0,0.0,0.0,0.0,0.0,0.0,0.0,0.0,0.0,0.0,16.0,40.0,0.0,0.0,0.0,0.0,0.0,0.0,0.0,0.0,0.0,0.0,1.0,1.25,0.076995849609375,0.18212445501387237,326.0,15.0,0.34854557,76.0,14.0,1.698,0.0,0.998811,0.42007,0.0,0.0,0.0,0.998811,1.25,0.998811,0.0,0.0,0.0,0.0,0.0,0.0,0.0,0.0,0.0,0.0,0.0,0.0,1.0,0.1,0.05,0.02,0.005,0.03,0.02,0.0998811,0.0210035,0.03396,0.0,2.28,0.28,0.0
qd_003,QuickDraw,fish,auto_evalrepair_r10_c20,line_text_skeleton,0.1120576,pass,0.10351225,11,2,0.0,0,0.993857,0.643031,0.0,0.056969,0.0,0,low_loss,qd_003::low_loss,0.0,0.0,0.0,0.0,0.0,0.0,1.0,0.0,1.0,0.0,0.0,0.0,0.0,0.0,0.0,0.0,0.0,0.0,0.0,0.0,0.0,0.0,0.0,0.0,0.0,0.0,0.0,0.0,0.0,0.0,0.0,0.0,1.0,1.25,0.076995849609375,0.18212445501387237,326.0,15.0,0.10351225,11.0,2.0,0.0,0.0,0.993857,0.643031,0.0,0.0,0.993857,0.0,0.0,0.0,0.0,0.0,0.0,0.0,0.0,0.0,0.0,0.0,1.0,0.0,0.0,0.0,0.0,0.0,0.0,0.0,0.0,0.0,0.0,0.0,0.0,0.0,0.0,0.0,0.0,0.10351225
qd_003,QuickDraw,fish,auto_evalrepair_r10_c20,line_text_skeleton,0.1120576,pass,0.10351225,11,2,0.0,0,0.993857,0.643031,0.0,0.056969,0.0,0,balanced,qd_003::balanced,0.1,0.05,0.02,0.005,0.003,0.003,1.0,0.0,1.0,0.0,0.0,0.0,0.0,0.0,0.0,0.0,0.0,0.0,0.0,0.0,0.0,0.0,0.0,0.0,0.0,0.0,0.0,0.0,0.0,0.0,0.0,0.0,1.0,1.25,0.076995849609375,0.18212445501387237,326.0,15.0,0.10351225,11.0,2.0,0.0,0.0,0.993857,0.643031,0.0,0.0,0.993857,0.0,0.0,0.0,0.0,0.0,0.0,0.0,0.0,0.0,0.0,0.0,0.0,1.0,0.0,0.0,0.0,0.1,0.05,0.02,0.005,0.003,0.003,0.09938570000000001,0.03215155,0.0,0.0,0.033,0.006,0.0
qd_003,QuickDraw,fish,auto_evalrepair_r10_c20,line_text_skeleton,0.1120576,pass,0.10351225,11,2,0.0,0,0.993857,0.643031,0.0,0.056969,0.0,0,precision,qd_003::precision,0.1,0.2,0.02,0.005,0.003,0.003,1.0,0.0,1.0,0.0,0.0,0.0,0.0,0.0,0.0,0.0,0.0,0.0,0.0,0.0,0.0,0.0,0.0,0.0,0.0,0.0,0.0,0.0,0.0,0.0,0.0,0.0,1.0,1.25,0.076995849609375,0.18212445501387237,326.0,15.0,0.10351225,11.0,2.0,0.0,0.0,0.993857,0.643031,0.0,0.0,0.993857,0.0,0.0,0.0,0.0,0.0,0.0,0.0,0.0,0.0,0.0,0.0,0.0,0.0,1.0,0.0,0.0,0.1,0.2,0.02,0.005,0.003,0.003,0.09938570000000001,0.1286062,0.0,0.0,0.033,0.006,0.0
qd_003,QuickDraw,fish,auto_evalrepair_r10_c20,line_text_skeleton,0.1120576,pass,0.10351225,11,2,0.0,0,0.993857,0.643031,0.0,0.056969,0.0,0,coverage,qd_003::coverage,0.35,0.05,0.02,0.005,0.003,0.003,1.0,0.0,1.0,0.0,0.0,0.0,0.0,0.0,0.0,0.0,0.0,0.0,0.0,0.0,0.0,0.0,0.0,0.0,0.0,0.0,0.0,0.0,0.0,0.0,0.0,0.0,1.0,1.25,0.076995849609375,0.18212445501387237,326.0,15.0,0.10351225,11.0,2.0,0.0,0.0,0.993857,0.643031,0.0,0.0,0.993857,0.0,0.0,0.0,0.0,0.0,0.0,0.0,0.0,0.0,0.0,0.0,0.0,0.0,0.0,1.0,0.0,0.35,0.05,0.02,0.005,0.003,0.003,0.34784994999999996,0.03215155,0.0,0.0,0.033,0.006,0.0
qd_003,QuickDraw,fish,auto_evalrepair_r10_c20,line_text_skeleton,0.1120576,pass,0.10351225,11,2,0.0,0,0.993857,0.643031,0.0,0.056969,0.0,0,low_jump,qd_003::low_jump,0.1,0.05,0.02,0.005,0.03,0.02,1.0,0.0,1.0,0.0,0.0,0.0,0.0,0.0,0.0,0.0,0.0,0.0,0.0,0.0,0.0,0.0,0.0,0.0,0.0,0.0,0.0,0.0,0.0,0.0,0.0,0.0,1.0,1.25,0.076995849609375,0.18212445501387237,326.0,15.0,0.10351225,11.0,2.0,0.0,0.0,0.993857,0.643031,0.0,0.0,0.993857,0.0,0.0,0.0,0.0,0.0,0.0,0.0,0.0,0.0,0.0,0.0,0.0,0.0,0.0,0.0,1.0,0.1,0.05,0.02,0.005,0.03,0.02,0.09938570000000001,0.03215155,0.0,0.0,0.32999999999999996,0.04,0.0
qd_003,QuickDraw,fish,skeleton_c30_m20,line_text_skeleton,0.11312879,pass,0.10343534,11,2,0.0,0,0.916171,0.635377,0.0,0.064623,0.0,0,low_loss,qd_003::low_loss,0.0,0.0,0.0,0.0,0.0,0.0,1.0,1.0,0.0,0.0,0.0,0.0,0.0,0.0,0.0,0.0,0.0,0.0,0.0,0.0,0.0,0.0,0.0,0.0,0.0,0.0,0.0,0.0,0.0,0.0,0.0,0.0,1.0,1.25,0.076995849609375,0.18212445501387237,326.0,15.0,0.10343534,11.0,2.0,0.0,0.0,0.916171,0.635377,1.25,0.916171,0.0,0.0,0.0,0.0,0.0,0.0,0.0,0.0,0.0,0.0,0.0,0.0,1.0,0.0,0.0,0.0,0.0,0.0,0.0,0.0,0.0,0.0,0.0,0.0,0.0,0.0,0.0,0.0,0.0,0.10343534
qd_003,QuickDraw,fish,skeleton_c30_m20,line_text_skeleton,0.11312879,pass,0.10343534,11,2,0.0,0,0.916171,0.635377,0.0,0.064623,0.0,0,balanced,qd_003::balanced,0.1,0.05,0.02,0.005,0.003,0.003,1.0,1.0,0.0,0.0,0.0,0.0,0.0,0.0,0.0,0.0,0.0,0.0,0.0,0.0,0.0,0.0,0.0,0.0,0.0,0.0,0.0,0.0,0.0,0.0,0.0,0.0,1.0,1.25,0.076995849609375,0.18212445501387237,326.0,15.0,0.10343534,11.0,2.0,0.0,0.0,0.916171,0.635377,1.25,0.916171,0.0,0.0,0.0,0.0,0.0,0.0,0.0,0.0,0.0,0.0,0.0,0.0,0.0,1.0,0.0,0.0,0.0,0.1,0.05,0.02,0.005,0.003,0.003,0.0916171,0.03176885,0.0,0.0,0.033,0.006,0.0
qd_003,QuickDraw,fish,skeleton_c30_m20,line_text_skeleton,0.11312879,pass,0.10343534,11,2,0.0,0,0.916171,0.635377,0.0,0.064623,0.0,0,precision,qd_003::precision,0.1,0.2,0.02,0.005,0.003,0.003,1.0,1.0,0.0,0.0,0.0,0.0,0.0,0.0,0.0,0.0,0.0,0.0,0.0,0.0,0.0,0.0,0.0,0.0,0.0,0.0,0.0,0.0,0.0,0.0,0.0,0.0,1.0,1.25,0.076995849609375,0.18212445501387237,326.0,15.0,0.10343534,11.0,2.0,0.0,0.0,0.916171,0.635377,1.25,0.916171,0.0,0.0,0.0,0.0,0.0,0.0,0.0,0.0,0.0,0.0,0.0,0.0,0.0,0.0,1.0,0.0,0.0,0.1,0.2,0.02,0.005,0.003,0.003,0.0916171,0.1270754,0.0,0.0,0.033,0.006,0.0
qd_003,QuickDraw,fish,skeleton_c30_m20,line_text_skeleton,0.11312879,pass,0.10343534,11,2,0.0,0,0.916171,0.635377,0.0,0.064623,0.0,0,coverage,qd_003::coverage,0.35,0.05,0.02,0.005,0.003,0.003,1.0,1.0,0.0,0.0,0.0,0.0,0.0,0.0,0.0,0.0,0.0,0.0,0.0,0.0,0.0,0.0,0.0,0.0,0.0,0.0,0.0,0.0,0.0,0.0,0.0,0.0,1.0,1.25,0.076995849609375,0.18212445501387237,326.0,15.0,0.10343534,11.0,2.0,0.0,0.0,0.916171,0.635377,1.25,0.916171,0.0,0.0,0.0,0.0,0.0,0.0,0.0,0.0,0.0,0.0,0.0,0.0,0.0,0.0,0.0,1.0,0.0,0.35,0.05,0.02,0.005,0.003,0.003,0.32065984999999997,0.03176885,0.0,0.0,0.033,0.006,0.0
qd_003,QuickDraw,fish,skeleton_c30_m20,line_text_skeleton,0.11312879,pass,0.10343534,11,2,0.0,0,0.916171,0.635377,0.0,0.064623,0.0,0,low_jump,qd_003::low_jump,0.1,0.05,0.02,0.005,0.03,0.02,1.0,1.0,0.0,0.0,0.0,0.0,0.0,0.0,0.0,0.0,0.0,0.0,0.0,0.0,0.0,0.0,0.0,0.0,0.0,0.0,0.0,0.0,0.0,0.0,0.0,0.0,1.0,1.25,0.076995849609375,0.18212445501387237,326.0,15.0,0.10343534,11.0,2.0,0.0,0.0,0.916171,0.635377,1.25,0.916171,0.0,0.0,0.0,0.0,0.0,0.0,0.0,0.0,0.0,0.0,0.0,0.0,0.0,0.0,0.0,0.0,1.0,0.1,0.05,0.02,0.005,0.03,0.02,0.0916171,0.03176885,0.0,0.0,0.32999999999999996,0.04,0.0
qd_003,QuickDraw,fish,skeleton_c30_m4,line_text_skeleton,0.1120576,pass,0.10351225,11,2,0.0,0,0.993857,0.643031,0.0,0.056969,0.0,0,low_loss,qd_003::low_loss,0.0,0.0,0.0,0.0,0.0,0.0,1.0,1.0,0.0,0.0,0.0,0.0,0.0,0.0,0.0,0.0,0.0,0.0,0.0,0.0,0.0,0.0,0.0,0.0,0.0,0.0,0.0,0.0,0.0,0.0,0.0,0.0,1.0,1.25,0.076995849609375,0.18212445501387237,326.0,15.0,0.10351225,11.0,2.0,0.0,0.0,0.993857,0.643031,1.25,0.993857,0.0,0.0,0.0,0.0,0.0,0.0,0.0,0.0,0.0,0.0,0.0,0.0,1.0,0.0,0.0,0.0,0.0,0.0,0.0,0.0,0.0,0.0,0.0,0.0,0.0,0.0,0.0,0.0,0.0,0.10351225
qd_003,QuickDraw,fish,skeleton_c30_m4,line_text_skeleton,0.1120576,pass,0.10351225,11,2,0.0,0,0.993857,0.643031,0.0,0.056969,0.0,0,balanced,qd_003::balanced,0.1,0.05,0.02,0.005,0.003,0.003,1.0,1.0,0.0,0.0,0.0,0.0,0.0,0.0,0.0,0.0,0.0,0.0,0.0,0.0,0.0,0.0,0.0,0.0,0.0,0.0,0.0,0.0,0.0,0.0,0.0,0.0,1.0,1.25,0.076995849609375,0.18212445501387237,326.0,15.0,0.10351225,11.0,2.0,0.0,0.0,0.993857,0.643031,1.25,0.993857,0.0,0.0,0.0,0.0,0.0,0.0,0.0,0.0,0.0,0.0,0.0,0.0,0.0,1.0,0.0,0.0,0.0,0.1,0.05,0.02,0.005,0.003,0.003,0.09938570000000001,0.03215155,0.0,0.0,0.033,0.006,0.0
qd_003,QuickDraw,fish,skeleton_c30_m4,line_text_skeleton,0.1120576,pass,0.10351225,11,2,0.0,0,0.993857,0.643031,0.0,0.056969,0.0,0,precision,qd_003::precision,0.1,0.2,0.02,0.005,0.003,0.003,1.0,1.0,0.0,0.0,0.0,0.0,0.0,0.0,0.0,0.0,0.0,0.0,0.0,0.0,0.0,0.0,0.0,0.0,0.0,0.0,0.0,0.0,0.0,0.0,0.0,0.0,1.0,1.25,0.076995849609375,0.18212445501387237,326.0,15.0,0.10351225,11.0,2.0,0.0,0.0,0.993857,0.643031,1.25,0.993857,0.0,0.0,0.0,0.0,0.0,0.0,0.0,0.0,0.0,0.0,0.0,0.0,0.0,0.0,1.0,0.0,0.0,0.1,0.2,0.02,0.005,0.003,0.003,0.09938570000000001,0.1286062,0.0,0.0,0.033,0.006,0.0
qd_003,QuickDraw,fish,skeleton_c30_m4,line_text_skeleton,0.1120576,pass,0.10351225,11,2,0.0,0,0.993857,0.643031,0.0,0.056969,0.0,0,coverage,qd_003::coverage,0.35,0.05,0.02,0.005,0.003,0.003,1.0,1.0,0.0,0.0,0.0,0.0,0.0,0.0,0.0,0.0,0.0,0.0,0.0,0.0,0.0,0.0,0.0,0.0,0.0,0.0,0.0,0.0,0.0,0.0,0.0,0.0,1.0,1.25,0.076995849609375,0.18212445501387237,326.0,15.0,0.10351225,11.0,2.0,0.0,0.0,0.993857,0.643031,1.25,0.993857,0.0,0.0,0.0,0.0,0.0,0.0,0.0,0.0,0.0,0.0,0.0,0.0,0.0,0.0,0.0,1.0,0.0,0.35,0.05,0.02,0.005,0.003,0.003,0.34784994999999996,0.03215155,0.0,0.0,0.033,0.006,0.0
qd_003,QuickDraw,fish,skeleton_c30_m4,line_text_skeleton,0.1120576,pass,0.10351225,11,2,0.0,0,0.993857,0.643031,0.0,0.056969,0.0,0,low_jump,qd_003::low_jump,0.1,0.05,0.02,0.005,0.03,0.02,1.0,1.0,0.0,0.0,0.0,0.0,0.0,0.0,0.0,0.0,0.0,0.0,0.0,0.0,0.0,0.0,0.0,0.0,0.0,0.0,0.0,0.0,0.0,0.0,0.0,0.0,1.0,1.25,0.076995849609375,0.18212445501387237,326.0,15.0,0.10351225,11.0,2.0,0.0,0.0,0.993857,0.643031,1.25,0.993857,0.0,0.0,0.0,0.0,0.0,0.0,0.0,0.0,0.0,0.0,0.0,0.0,0.0,0.0,0.0,0.0,1.0,0.1,0.05,0.02,0.005,0.03,0.02,0.09938570000000001,0.03215155,0.0,0.0,0.32999999999999996,0.04,0.0
qd_003,QuickDraw,fish,mask_fill_edgewalk_nearestrow_safeadt_t2m5_r055_a64_rows16_p40,line_text_skeleton,0.10774786,excellent,0.04986571,6,0,0.0,0,1.0,0.314119,0.0,0.385881,0.0,0,low_loss,qd_003::low_loss,0.0,0.0,0.0,0.0,0.0,0.0,1.0,0.0,0.0,1.0,1.0,1.0,1.0,0.0,0.0,0.0,0.0,0.0,0.0,0.0,16.0,40.0,0.0,0.0,0.0,0.0,0.0,0.0,0.0,0.0,0.0,0.0,1.0,1.25,0.076995849609375,0.18212445501387237,326.0,15.0,0.04986571,6.0,0.0,0.0,0.0,1.0,0.314119,0.0,0.0,0.0,1.0,1.25,1.0,1.0,0.076995849609375,0.0,0.0,0.0,0.0,0.0,0.0,1.0,0.0,0.0,0.0,0.0,0.0,0.0,0.0,0.0,0.0,0.0,0.0,0.0,0.0,0.0,0.0,0.0,0.04986571
qd_003,QuickDraw,fish,mask_fill_edgewalk_nearestrow_safeadt_t2m5_r055_a64_rows16_p40,line_text_skeleton,0.10774786,excellent,0.04986571,6,0,0.0,0,1.0,0.314119,0.0,0.385881,0.0,0,balanced,qd_003::balanced,0.1,0.05,0.02,0.005,0.003,0.003,1.0,0.0,0.0,1.0,1.0,1.0,1.0,0.0,0.0,0.0,0.0,0.0,0.0,0.0,16.0,40.0,0.0,0.0,0.0,0.0,0.0,0.0,0.0,0.0,0.0,0.0,1.0,1.25,0.076995849609375,0.18212445501387237,326.0,15.0,0.04986571,6.0,0.0,0.0,0.0,1.0,0.314119,0.0,0.0,0.0,1.0,1.25,1.0,1.0,0.076995849609375,0.0,0.0,0.0,0.0,0.0,0.0,0.0,1.0,0.0,0.0,0.0,0.1,0.05,0.02,0.005,0.003,0.003,0.1,0.01570595,0.0,0.0,0.018000000000000002,0.0,0.0
qd_003,QuickDraw,fish,mask_fill_edgewalk_nearestrow_safeadt_t2m5_r055_a64_rows16_p40,line_text_skeleton,0.10774786,excellent,0.04986571,6,0,0.0,0,1.0,0.314119,0.0,0.385881,0.0,0,precision,qd_003::precision,0.1,0.2,0.02,0.005,0.003,0.003,1.0,0.0,0.0,1.0,1.0,1.0,1.0,0.0,0.0,0.0,0.0,0.0,0.0,0.0,16.0,40.0,0.0,0.0,0.0,0.0,0.0,0.0,0.0,0.0,0.0,0.0,1.0,1.25,0.076995849609375,0.18212445501387237,326.0,15.0,0.04986571,6.0,0.0,0.0,0.0,1.0,0.314119,0.0,0.0,0.0,1.0,1.25,1.0,1.0,0.076995849609375,0.0,0.0,0.0,0.0,0.0,0.0,0.0,0.0,1.0,0.0,0.0,0.1,0.2,0.02,0.005,0.003,0.003,0.1,0.0628238,0.0,0.0,0.018000000000000002,0.0,0.0
qd_003,QuickDraw,fish,mask_fill_edgewalk_nearestrow_safeadt_t2m5_r055_a64_rows16_p40,line_text_skeleton,0.10774786,excellent,0.04986571,6,0,0.0,0,1.0,0.314119,0.0,0.385881,0.0,0,coverage,qd_003::coverage,0.35,0.05,0.02,0.005,0.003,0.003,1.0,0.0,0.0,1.0,1.0,1.0,1.0,0.0,0.0,0.0,0.0,0.0,0.0,0.0,16.0,40.0,0.0,0.0,0.0,0.0,0.0,0.0,0.0,0.0,0.0,0.0,1.0,1.25,0.076995849609375,0.18212445501387237,326.0,15.0,0.04986571,6.0,0.0,0.0,0.0,1.0,0.314119,0.0,0.0,0.0,1.0,1.25,1.0,1.0,0.076995849609375,0.0,0.0,0.0,0.0,0.0,0.0,0.0,0.0,0.0,1.0,0.0,0.35,0.05,0.02,0.005,0.003,0.003,0.35,0.01570595,0.0,0.0,0.018000000000000002,0.0,0.0
qd_003,QuickDraw,fish,mask_fill_edgewalk_nearestrow_safeadt_t2m5_r055_a64_rows16_p40,line_text_skeleton,0.10774786,excellent,0.04986571,6,0,0.0,0,1.0,0.314119,0.0,0.385881,0.0,0,low_jump,qd_003::low_jump,0.1,0.05,0.02,0.005,0.03,0.02,1.0,0.0,0.0,1.0,1.0,1.0,1.0,0.0,0.0,0.0,0.0,0.0,0.0,0.0,16.0,40.0,0.0,0.0,0.0,0.0,0.0,0.0,0.0,0.0,0.0,0.0,1.0,1.25,0.076995849609375,0.18212445501387237,326.0,15.0,0.04986571,6.0,0.0,0.0,0.0,1.0,0.314119,0.0,0.0,0.0,1.0,1.25,1.0,1.0,0.076995849609375,0.0,0.0,0.0,0.0,0.0,0.0,0.0,0.0,0.0,0.0,1.0,0.1,0.05,0.02,0.005,0.03,0.02,0.1,0.01570595,0.0,0.0,0.18,0.0,0.0
qd_004,QuickDraw,flower,mask_fill_edgewalk_nearestrow_inset1_rows16_p40,line_text_skeleton,0.14193114,pass,0.12871089,14,2,0.0,0,0.986267,0.611865,0.0,0.088135,0.0,0,low_loss,qd_004::low_loss,0.0,0.0,0.0,0.0,0.0,0.0,1.0,0.0,0.0,1.0,1.0,1.0,0.0,1.0,1.0,0.0,1.0,0.0,0.0,0.0,16.0,40.0,0.0,0.0,0.0,0.0,0.0,0.0,0.0,0.0,0.0,0.0,1.0,1.25,0.089996337890625,0.16225839267548323,145.0,24.0,0.12871089,14.0,2.0,0.0,0.0,0.986267,0.611865,0.0,0.0,0.0,0.986267,1.25,0.986267,0.986267,0.089996337890625,0.089996337890625,0.0,0.0,0.0,0.0,0.0,1.0,0.0,0.0,0.0,0.0,0.0,0.0,0.0,0.0,0.0,0.0,0.0,0.0,0.0,0.0,0.0,0.0,0.12871089
qd_004,QuickDraw,flower,mask_fill_edgewalk_nearestrow_inset1_rows16_p40,line_text_skeleton,0.14193114,pass,0.12871089,14,2,0.0,0,0.986267,0.611865,0.0,0.088135,0.0,0,balanced,qd_004::balanced,0.1,0.05,0.02,0.005,0.003,0.003,1.0,0.0,0.0,1.0,1.0,1.0,0.0,1.0,1.0,0.0,1.0,0.0,0.0,0.0,16.0,40.0,0.0,0.0,0.0,0.0,0.0,0.0,0.0,0.0,0.0,0.0,1.0,1.25,0.089996337890625,0.16225839267548323,145.0,24.0,0.12871089,14.0,2.0,0.0,0.0,0.986267,0.611865,0.0,0.0,0.0,0.986267,1.25,0.986267,0.986267,0.089996337890625,0.089996337890625,0.0,0.0,0.0,0.0,0.0,0.0,1.0,0.0,0.0,0.0,0.1,0.05,0.02,0.005,0.003,0.003,0.09862670000000001,0.030593250000000002,0.0,0.0,0.042,0.006,0.0
qd_004,QuickDraw,flower,mask_fill_edgewalk_nearestrow_inset1_rows16_p40,line_text_skeleton,0.14193114,pass,0.12871089,14,2,0.0,0,0.986267,0.611865,0.0,0.088135,0.0,0,precision,qd_004::precision,0.1,0.2,0.02,0.005,0.003,0.003,1.0,0.0,0.0,1.0,1.0,1.0,0.0,1.0,1.0,0.0,1.0,0.0,0.0,0.0,16.0,40.0,0.0,0.0,0.0,0.0,0.0,0.0,0.0,0.0,0.0,0.0,1.0,1.25,0.089996337890625,0.16225839267548323,145.0,24.0,0.12871089,14.0,2.0,0.0,0.0,0.986267,0.611865,0.0,0.0,0.0,0.986267,1.25,0.986267,0.986267,0.089996337890625,0.089996337890625,0.0,0.0,0.0,0.0,0.0,0.0,0.0,1.0,0.0,0.0,0.1,0.2,0.02,0.005,0.003,0.003,0.09862670000000001,0.12237300000000001,0.0,0.0,0.042,0.006,0.0
qd_004,QuickDraw,flower,mask_fill_edgewalk_nearestrow_inset1_rows16_p40,line_text_skeleton,0.14193114,pass,0.12871089,14,2,0.0,0,0.986267,0.611865,0.0,0.088135,0.0,0,coverage,qd_004::coverage,0.35,0.05,0.02,0.005,0.003,0.003,1.0,0.0,0.0,1.0,1.0,1.0,0.0,1.0,1.0,0.0,1.0,0.0,0.0,0.0,16.0,40.0,0.0,0.0,0.0,0.0,0.0,0.0,0.0,0.0,0.0,0.0,1.0,1.25,0.089996337890625,0.16225839267548323,145.0,24.0,0.12871089,14.0,2.0,0.0,0.0,0.986267,0.611865,0.0,0.0,0.0,0.986267,1.25,0.986267,0.986267,0.089996337890625,0.089996337890625,0.0,0.0,0.0,0.0,0.0,0.0,0.0,0.0,1.0,0.0,0.35,0.05,0.02,0.005,0.003,0.003,0.34519344999999996,0.030593250000000002,0.0,0.0,0.042,0.006,0.0
qd_004,QuickDraw,flower,mask_fill_edgewalk_nearestrow_inset1_rows16_p40,line_text_skeleton,0.14193114,pass,0.12871089,14,2,0.0,0,0.986267,0.611865,0.0,0.088135,0.0,0,low_jump,qd_004::low_jump,0.1,0.05,0.02,0.005,0.03,0.02,1.0,0.0,0.0,1.0,1.0,1.0,0.0,1.0,1.0,0.0,1.0,0.0,0.0,0.0,16.0,40.0,0.0,0.0,0.0,0.0,0.0,0.0,0.0,0.0,0.0,0.0,1.0,1.25,0.089996337890625,0.16225839267548323,145.0,24.0,0.12871089,14.0,2.0,0.0,0.0,0.986267,0.611865,0.0,0.0,0.0,0.986267,1.25,0.986267,0.986267,0.089996337890625,0.089996337890625,0.0,0.0,0.0,0.0,0.0,0.0,0.0,0.0,0.0,1.0,0.1,0.05,0.02,0.005,0.03,0.02,0.09862670000000001,0.030593250000000002,0.0,0.0,0.42,0.04,0.0
qd_004,QuickDraw,flower,mask_fill_edgewalk_nearestrow_inset2_rows16_p40,line_text_skeleton,0.10361583,pass,0.10361583,11,2,0.0,0,0.931333,0.710608,0.0,0.0,0.0,0,low_loss,qd_004::low_loss,0.0,0.0,0.0,0.0,0.0,0.0,1.0,0.0,0.0,1.0,1.0,1.0,0.0,1.0,0.0,1.0,2.0,0.0,0.0,0.0,16.0,40.0,0.0,0.0,0.0,0.0,0.0,0.0,0.0,0.0,0.0,0.0,1.0,1.25,0.089996337890625,0.16225839267548323,145.0,24.0,0.10361583,11.0,2.0,0.0,0.0,0.931333,0.710608,0.0,0.0,0.0,0.931333,1.25,0.931333,0.931333,0.089996337890625,0.089996337890625,0.089996337890625,0.0,0.0,0.0,0.0,1.0,0.0,0.0,0.0,0.0,0.0,0.0,0.0,0.0,0.0,0.0,0.0,0.0,0.0,0.0,0.0,0.0,0.10361583
qd_004,QuickDraw,flower,mask_fill_edgewalk_nearestrow_inset2_rows16_p40,line_text_skeleton,0.10361583,pass,0.10361583,11,2,0.0,0,0.931333,0.710608,0.0,0.0,0.0,0,balanced,qd_004::balanced,0.1,0.05,0.02,0.005,0.003,0.003,1.0,0.0,0.0,1.0,1.0,1.0,0.0,1.0,0.0,1.0,2.0,0.0,0.0,0.0,16.0,40.0,0.0,0.0,0.0,0.0,0.0,0.0,0.0,0.0,0.0,0.0,1.0,1.25,0.089996337890625,0.16225839267548323,145.0,24.0,0.10361583,11.0,2.0,0.0,0.0,0.931333,0.710608,0.0,0.0,0.0,0.931333,1.25,0.931333,0.931333,0.089996337890625,0.089996337890625,0.089996337890625,0.0,0.0,0.0,0.0,0.0,1.0,0.0,0.0,0.0,0.1,0.05,0.02,0.005,0.003,0.003,0.0931333,0.035530400000000004,0.0,0.0,0.033,0.006,0.0
qd_004,QuickDraw,flower,mask_fill_edgewalk_nearestrow_inset2_rows16_p40,line_text_skeleton,0.10361583,pass,0.10361583,11,2,0.0,0,0.931333,0.710608,0.0,0.0,0.0,0,precision,qd_004::precision,0.1,0.2,0.02,0.005,0.003,0.003,1.0,0.0,0.0,1.0,1.0,1.0,0.0,1.0,0.0,1.0,2.0,0.0,0.0,0.0,16.0,40.0,0.0,0.0,0.0,0.0,0.0,0.0,0.0,0.0,0.0,0.0,1.0,1.25,0.089996337890625,0.16225839267548323,145.0,24.0,0.10361583,11.0,2.0,0.0,0.0,0.931333,0.710608,0.0,0.0,0.0,0.931333,1.25,0.931333,0.931333,0.089996337890625,0.089996337890625,0.089996337890625,0.0,0.0,0.0,0.0,0.0,0.0,1.0,0.0,0.0,0.1,0.2,0.02,0.005,0.003,0.003,0.0931333,0.14212160000000001,0.0,0.0,0.033,0.006,0.0
qd_004,QuickDraw,flower,mask_fill_edgewalk_nearestrow_inset2_rows16_p40,line_text_skeleton,0.10361583,pass,0.10361583,11,2,0.0,0,0.931333,0.710608,0.0,0.0,0.0,0,coverage,qd_004::coverage,0.35,0.05,0.02,0.005,0.003,0.003,1.0,0.0,0.0,1.0,1.0,1.0,0.0,1.0,0.0,1.0,2.0,0.0,0.0,0.0,16.0,40.0,0.0,0.0,0.0,0.0,0.0,0.0,0.0,0.0,0.0,0.0,1.0,1.25,0.089996337890625,0.16225839267548323,145.0,24.0,0.10361583,11.0,2.0,0.0,0.0,0.931333,0.710608,0.0,0.0,0.0,0.931333,1.25,0.931333,0.931333,0.089996337890625,0.089996337890625,0.089996337890625,0.0,0.0,0.0,0.0,0.0,0.0,0.0,1.0,0.0,0.35,0.05,0.02,0.005,0.003,0.003,0.32596654999999997,0.035530400000000004,0.0,0.0,0.033,0.006,0.0
qd_004,QuickDraw,flower,mask_fill_edgewalk_nearestrow_inset2_rows16_p40,line_text_skeleton,0.10361583,pass,0.10361583,11,2,0.0,0,0.931333,0.710608,0.0,0.0,0.0,0,low_jump,qd_004::low_jump,0.1,0.05,0.02,0.005,0.03,0.02,1.0,0.0,0.0,1.0,1.0,1.0,0.0,1.0,0.0,1.0,2.0,0.0,0.0,0.0,16.0,40.0,0.0,0.0,0.0,0.0,0.0,0.0,0.0,0.0,0.0,0.0,1.0,1.25,0.089996337890625,0.16225839267548323,145.0,24.0,0.10361583,11.0,2.0,0.0,0.0,0.931333,0.710608,0.0,0.0,0.0,0.931333,1.25,0.931333,0.931333,0.089996337890625,0.089996337890625,0.089996337890625,0.0,0.0,0.0,0.0,0.0,0.0,0.0,0.0,1.0,0.1,0.05,0.02,0.005,0.03,0.02,0.0931333,0.035530400000000004,0.0,0.0,0.32999999999999996,0.04,0.0
qd_004,QuickDraw,flower,mask_fill_edgewalk_nearestrow_rows16_p40,line_text_skeleton,0.11910548,excellent,0.08963738,10,1,0.0,0,0.999152,0.503546,0.0,0.196454,0.0,0,low_loss,qd_004::low_loss,0.0,0.0,0.0,0.0,0.0,0.0,1.0,0.0,0.0,1.0,1.0,1.0,1.0,0.0,0.0,0.0,0.0,0.0,0.0,0.0,16.0,40.0,0.0,0.0,0.0,0.0,0.0,0.0,0.0,0.0,0.0,0.0,1.0,1.25,0.089996337890625,0.16225839267548323,145.0,24.0,0.08963738,10.0,1.0,0.0,0.0,0.999152,0.503546,0.0,0.0,0.0,0.999152,1.25,0.999152,0.999152,0.089996337890625,0.0,0.0,0.0,0.0,0.0,0.0,1.0,0.0,0.0,0.0,0.0,0.0,0.0,0.0,0.0,0.0,0.0,0.0,0.0,0.0,0.0,0.0,0.0,0.08963738
qd_004,QuickDraw,flower,mask_fill_edgewalk_nearestrow_rows16_p40,line_text_skeleton,0.11910548,excellent,0.08963738,10,1,0.0,0,0.999152,0.503546,0.0,0.196454,0.0,0,balanced,qd_004::balanced,0.1,0.05,0.02,0.005,0.003,0.003,1.0,0.0,0.0,1.0,1.0,1.0,1.0,0.0,0.0,0.0,0.0,0.0,0.0,0.0,16.0,40.0,0.0,0.0,0.0,0.0,0.0,0.0,0.0,0.0,0.0,0.0,1.0,1.25,0.089996337890625,0.16225839267548323,145.0,24.0,0.08963738,10.0,1.0,0.0,0.0,0.999152,0.503546,0.0,0.0,0.0,0.999152,1.25,0.999152,0.999152,0.089996337890625,0.0,0.0,0.0,0.0,0.0,0.0,0.0,1.0,0.0,0.0,0.0,0.1,0.05,0.02,0.005,0.003,0.003,0.09991520000000001,0.025177300000000003,0.0,0.0,0.03,0.003,0.0
qd_004,QuickDraw,flower,mask_fill_edgewalk_nearestrow_rows16_p40,line_text_skeleton,0.11910548,excellent,0.08963738,10,1,0.0,0,0.999152,0.503546,0.0,0.196454,0.0,0,precision,qd_004::precision,0.1,0.2,0.02,0.005,0.003,0.003,1.0,0.0,0.0,1.0,1.0,1.0,1.0,0.0,0.0,0.0,0.0,0.0,0.0,0.0,16.0,40.0,0.0,0.0,0.0,0.0,0.0,0.0,0.0,0.0,0.0,0.0,1.0,1.25,0.089996337890625,0.16225839267548323,145.0,24.0,0.08963738,10.0,1.0,0.0,0.0,0.999152,0.503546,0.0,0.0,0.0,0.999152,1.25,0.999152,0.999152,0.089996337890625,0.0,0.0,0.0,0.0,0.0,0.0,0.0,0.0,1.0,0.0,0.0,0.1,0.2,0.02,0.005,0.003,0.003,0.09991520000000001,0.10070920000000001,0.0,0.0,0.03,0.003,0.0
qd_004,QuickDraw,flower,mask_fill_edgewalk_nearestrow_rows16_p40,line_text_skeleton,0.11910548,excellent,0.08963738,10,1,0.0,0,0.999152,0.503546,0.0,0.196454,0.0,0,coverage,qd_004::coverage,0.35,0.05,0.02,0.005,0.003,0.003,1.0,0.0,0.0,1.0,1.0,1.0,1.0,0.0,0.0,0.0,0.0,0.0,0.0,0.0,16.0,40.0,0.0,0.0,0.0,0.0,0.0,0.0,0.0,0.0,0.0,0.0,1.0,1.25,0.089996337890625,0.16225839267548323,145.0,24.0,0.08963738,10.0,1.0,0.0,0.0,0.999152,0.503546,0.0,0.0,0.0,0.999152,1.25,0.999152,0.999152,0.089996337890625,0.0,0.0,0.0,0.0,0.0,0.0,0.0,0.0,0.0,1.0,0.0,0.35,0.05,0.02,0.005,0.003,0.003,0.3497032,0.025177300000000003,0.0,0.0,0.03,0.003,0.0
qd_004,QuickDraw,flower,mask_fill_edgewalk_nearestrow_rows16_p40,line_text_skeleton,0.11910548,excellent,0.08963738,10,1,0.0,0,0.999152,0.503546,0.0,0.196454,0.0,0,low_jump,qd_004::low_jump,0.1,0.05,0.02,0.005,0.03,0.02,1.0,0.0,0.0,1.0,1.0,1.0,1.0,0.0,0.0,0.0,0.0,0.0,0.0,0.0,16.0,40.0,0.0,0.0,0.0,0.0,0.0,0.0,0.0,0.0,0.0,0.0,1.0,1.25,0.089996337890625,0.16225839267548323,145.0,24.0,0.08963738,10.0,1.0,0.0,0.0,0.999152,0.503546,0.0,0.0,0.0,0.999152,1.25,0.999152,0.999152,0.089996337890625,0.0,0.0,0.0,0.0,0.0,0.0,0.0,0.0,0.0,0.0,1.0,0.1,0.05,0.02,0.005,0.03,0.02,0.09991520000000001,0.025177300000000003,0.0,0.0,0.3,0.02,0.0
qd_004,QuickDraw,flower,mask_fill_edgewalk_rows16_p40,line_text_skeleton,0.44969115,hard_fail,0.37314545,117,25,0.5303,0,0.999152,0.456362,0.0,0.243638,0.04,0,low_loss,qd_004::low_loss,0.0,0.0,0.0,0.0,0.0,0.0,1.0,0.0,0.0,1.0,1.0,0.0,0.0,0.0,0.0,0.0,0.0,0.0,0.0,0.0,16.0,40.0,0.0,0.0,0.0,0.0,0.0,0.0,0.0,0.0,0.0,0.0,1.0,1.25,0.089996337890625,0.16225839267548323,145.0,24.0,0.37314545,117.0,25.0,0.5303,0.0,0.999152,0.456362,0.0,0.0,0.0,0.999152,1.25,0.999152,0.0,0.0,0.0,0.0,0.0,0.0,0.0,0.0,1.0,0.0,0.0,0.0,0.0,0.0,0.0,0.0,0.0,0.0,0.0,0.0,0.0,0.0,0.0,0.0,0.0,0.37314545
qd_004,QuickDraw,flower,mask_fill_edgewalk_rows16_p40,line_text_skeleton,0.44969115,hard_fail,0.37314545,117,25,0.5303,0,0.999152,0.456362,0.0,0.243638,0.04,0,balanced,qd_004::balanced,0.1,0.05,0.02,0.005,0.003,0.003,1.0,0.0,0.0,1.0,1.0,0.0,0.0,0.0,0.0,0.0,0.0,0.0,0.0,0.0,16.0,40.0,0.0,0.0,0.0,0.0,0.0,0.0,0.0,0.0,0.0,0.0,1.0,1.25,0.089996337890625,0.16225839267548323,145.0,24.0,0.37314545,117.0,25.0,0.5303,0.0,0.999152,0.456362,0.0,0.0,0.0,0.999152,1.25,0.999152,0.0,0.0,0.0,0.0,0.0,0.0,0.0,0.0,0.0,1.0,0.0,0.0,0.0,0.1,0.05,0.02,0.005,0.003,0.003,0.09991520000000001,0.0228181,0.010606,0.0,0.35100000000000003,0.075,0.0
qd_004,QuickDraw,flower,mask_fill_edgewalk_rows16_p40,line_text_skeleton,0.44969115,hard_fail,0.37314545,117,25,0.5303,0,0.999152,0.456362,0.0,0.243638,0.04,0,precision,qd_004::precision,0.1,0.2,0.02,0.005,0.003,0.003,1.0,0.0,0.0,1.0,1.0,0.0,0.0,0.0,0.0,0.0,0.0,0.0,0.0,0.0,16.0,40.0,0.0,0.0,0.0,0.0,0.0,0.0,0.0,0.0,0.0,0.0,1.0,1.25,0.089996337890625,0.16225839267548323,145.0,24.0,0.37314545,117.0,25.0,0.5303,0.0,0.999152,0.456362,0.0,0.0,0.0,0.999152,1.25,0.999152,0.0,0.0,0.0,0.0,0.0,0.0,0.0,0.0,0.0,0.0,1.0,0.0,0.0,0.1,0.2,0.02,0.005,0.003,0.003,0.09991520000000001,0.0912724,0.010606,0.0,0.35100000000000003,0.075,0.0
qd_004,QuickDraw,flower,mask_fill_edgewalk_rows16_p40,line_text_skeleton,0.44969115,hard_fail,0.37314545,117,25,0.5303,0,0.999152,0.456362,0.0,0.243638,0.04,0,coverage,qd_004::coverage,0.35,0.05,0.02,0.005,0.003,0.003,1.0,0.0,0.0,1.0,1.0,0.0,0.0,0.0,0.0,0.0,0.0,0.0,0.0,0.0,16.0,40.0,0.0,0.0,0.0,0.0,0.0,0.0,0.0,0.0,0.0,0.0,1.0,1.25,0.089996337890625,0.16225839267548323,145.0,24.0,0.37314545,117.0,25.0,0.5303,0.0,0.999152,0.456362,0.0,0.0,0.0,0.999152,1.25,0.999152,0.0,0.0,0.0,0.0,0.0,0.0,0.0,0.0,0.0,0.0,0.0,1.0,0.0,0.35,0.05,0.02,0.005,0.003,0.003,0.3497032,0.0228181,0.010606,0.0,0.35100000000000003,0.075,0.0
qd_004,QuickDraw,flower,mask_fill_edgewalk_rows16_p40,line_text_skeleton,0.44969115,hard_fail,0.37314545,117,25,0.5303,0,0.999152,0.456362,0.0,0.243638,0.04,0,low_jump,qd_004::low_jump,0.1,0.05,0.02,0.005,0.03,0.02,1.0,0.0,0.0,1.0,1.0,0.0,0.0,0.0,0.0,0.0,0.0,0.0,0.0,0.0,16.0,40.0,0.0,0.0,0.0,0.0,0.0,0.0,0.0,0.0,0.0,0.0,1.0,1.25,0.089996337890625,0.16225839267548323,145.0,24.0,0.37314545,117.0,25.0,0.5303,0.0,0.999152,0.456362,0.0,0.0,0.0,0.999152,1.25,0.999152,0.0,0.0,0.0,0.0,0.0,0.0,0.0,0.0,0.0,0.0,0.0,0.0,1.0,0.1,0.05,0.02,0.005,0.03,0.02,0.09991520000000001,0.0228181,0.010606,0.0,3.51,0.5,0.0
qd_004,QuickDraw,flower,auto_evalrepair_r10_c20,line_text_skeleton,0.09439353,pass,0.09116553,11,0,0.0,0,0.989997,0.67848,0.0,0.02152,0.0,0,low_loss,qd_004::low_loss,0.0,0.0,0.0,0.0,0.0,0.0,1.0,0.0,1.0,0.0,0.0,0.0,0.0,0.0,0.0,0.0,0.0,0.0,0.0,0.0,0.0,0.0,0.0,0.0,0.0,0.0,0.0,0.0,0.0,0.0,0.0,0.0,1.0,1.25,0.089996337890625,0.16225839267548323,145.0,24.0,0.09116553,11.0,0.0,0.0,0.0,0.989997,0.67848,0.0,0.0,0.989997,0.0,0.0,0.0,0.0,0.0,0.0,0.0,0.0,0.0,0.0,0.0,1.0,0.0,0.0,0.0,0.0,0.0,0.0,0.0,0.0,0.0,0.0,0.0,0.0,0.0,0.0,0.0,0.0,0.09116553
qd_004,QuickDraw,flower,auto_evalrepair_r10_c20,line_text_skeleton,0.09439353,pass,0.09116553,11,0,0.0,0,0.989997,0.67848,0.0,0.02152,0.0,0,balanced,qd_004::balanced,0.1,0.05,0.02,0.005,0.003,0.003,1.0,0.0,1.0,0.0,0.0,0.0,0.0,0.0,0.0,0.0,0.0,0.0,0.0,0.0,0.0,0.0,0.0,0.0,0.0,0.0,0.0,0.0,0.0,0.0,0.0,0.0,1.0,1.25,0.089996337890625,0.16225839267548323,145.0,24.0,0.09116553,11.0,0.0,0.0,0.0,0.989997,0.67848,0.0,0.0,0.989997,0.0,0.0,0.0,0.0,0.0,0.0,0.0,0.0,0.0,0.0,0.0,0.0,1.0,0.0,0.0,0.0,0.1,0.05,0.02,0.005,0.003,0.003,0.09899970000000001,0.033924,0.0,0.0,0.033,0.0,0.0
qd_004,QuickDraw,flower,auto_evalrepair_r10_c20,line_text_skeleton,0.09439353,pass,0.09116553,11,0,0.0,0,0.989997,0.67848,0.0,0.02152,0.0,0,precision,qd_004::precision,0.1,0.2,0.02,0.005,0.003,0.003,1.0,0.0,1.0,0.0,0.0,0.0,0.0,0.0,0.0,0.0,0.0,0.0,0.0,0.0,0.0,0.0,0.0,0.0,0.0,0.0,0.0,0.0,0.0,0.0,0.0,0.0,1.0,1.25,0.089996337890625,0.16225839267548323,145.0,24.0,0.09116553,11.0,0.0,0.0,0.0,0.989997,0.67848,0.0,0.0,0.989997,0.0,0.0,0.0,0.0,0.0,0.0,0.0,0.0,0.0,0.0,0.0,0.0,0.0,1.0,0.0,0.0,0.1,0.2,0.02,0.005,0.003,0.003,0.09899970000000001,0.135696,0.0,0.0,0.033,0.0,0.0
qd_004,QuickDraw,flower,auto_evalrepair_r10_c20,line_text_skeleton,0.09439353,pass,0.09116553,11,0,0.0,0,0.989997,0.67848,0.0,0.02152,0.0,0,coverage,qd_004::coverage,0.35,0.05,0.02,0.005,0.003,0.003,1.0,0.0,1.0,0.0,0.0,0.0,0.0,0.0,0.0,0.0,0.0,0.0,0.0,0.0,0.0,0.0,0.0,0.0,0.0,0.0,0.0,0.0,0.0,0.0,0.0,0.0,1.0,1.25,0.089996337890625,0.16225839267548323,145.0,24.0,0.09116553,11.0,0.0,0.0,0.0,0.989997,0.67848,0.0,0.0,0.989997,0.0,0.0,0.0,0.0,0.0,0.0,0.0,0.0,0.0,0.0,0.0,0.0,0.0,0.0,1.0,0.0,0.35,0.05,0.02,0.005,0.003,0.003,0.34649895,0.033924,0.0,0.0,0.033,0.0,0.0
qd_004,QuickDraw,flower,auto_evalrepair_r10_c20,line_text_skeleton,0.09439353,pass,0.09116553,11,0,0.0,0,0.989997,0.67848,0.0,0.02152,0.0,0,low_jump,qd_004::low_jump,0.1,0.05,0.02,0.005,0.03,0.02,1.0,0.0,1.0,0.0,0.0,0.0,0.0,0.0,0.0,0.0,0.0,0.0,0.0,0.0,0.0,0.0,0.0,0.0,0.0,0.0,0.0,0.0,0.0,0.0,0.0,0.0,1.0,1.25,0.089996337890625,0.16225839267548323,145.0,24.0,0.09116553,11.0,0.0,0.0,0.0,0.989997,0.67848,0.0,0.0,0.989997,0.0,0.0,0.0,0.0,0.0,0.0,0.0,0.0,0.0,0.0,0.0,0.0,0.0,0.0,0.0,1.0,0.1,0.05,0.02,0.005,0.03,0.02,0.09899970000000001,0.033924,0.0,0.0,0.32999999999999996,0.0,0.0
qd_004,QuickDraw,flower,skeleton_c30_m20,line_text_skeleton,0.07951266,excellent,0.07485846,9,0,0.0,0,0.885724,0.668972,0.0,0.031028,0.0,1,low_loss,qd_004::low_loss,0.0,0.0,0.0,0.0,0.0,0.0,1.0,1.0,0.0,0.0,0.0,0.0,0.0,0.0,0.0,0.0,0.0,0.0,0.0,0.0,0.0,0.0,0.0,0.0,0.0,0.0,0.0,0.0,0.0,0.0,0.0,0.0,1.0,1.25,0.089996337890625,0.16225839267548323,145.0,24.0,0.07485846,9.0,0.0,0.0,0.0,0.885724,0.668972,1.25,0.885724,0.0,0.0,0.0,0.0,0.0,0.0,0.0,0.0,0.0,0.0,0.0,0.0,1.0,0.0,0.0,0.0,0.0,0.0,0.0,0.0,0.0,0.0,0.0,0.0,0.0,0.0,0.0,0.0,0.0,0.07485846
qd_004,QuickDraw,flower,skeleton_c30_m20,line_text_skeleton,0.07951266,excellent,0.07485846,9,0,0.0,0,0.885724,0.668972,0.0,0.031028,0.0,1,balanced,qd_004::balanced,0.1,0.05,0.02,0.005,0.003,0.003,1.0,1.0,0.0,0.0,0.0,0.0,0.0,0.0,0.0,0.0,0.0,0.0,0.0,0.0,0.0,0.0,0.0,0.0,0.0,0.0,0.0,0.0,0.0,0.0,0.0,0.0,1.0,1.25,0.089996337890625,0.16225839267548323,145.0,24.0,0.07485846,9.0,0.0,0.0,0.0,0.885724,0.668972,1.25,0.885724,0.0,0.0,0.0,0.0,0.0,0.0,0.0,0.0,0.0,0.0,0.0,0.0,0.0,1.0,0.0,0.0,0.0,0.1,0.05,0.02,0.005,0.003,0.003,0.0885724,0.0334486,0.0,0.0,0.027,0.0,0.0
qd_004,QuickDraw,flower,skeleton_c30_m20,line_text_skeleton,0.07951266,excellent,0.07485846,9,0,0.0,0,0.885724,0.668972,0.0,0.031028,0.0,1,precision,qd_004::precision,0.1,0.2,0.02,0.005,0.003,0.003,1.0,1.0,0.0,0.0,0.0,0.0,0.0,0.0,0.0,0.0,0.0,0.0,0.0,0.0,0.0,0.0,0.0,0.0,0.0,0.0,0.0,0.0,0.0,0.0,0.0,0.0,1.0,1.25,0.089996337890625,0.16225839267548323,145.0,24.0,0.07485846,9.0,0.0,0.0,0.0,0.885724,0.668972,1.25,0.885724,0.0,0.0,0.0,0.0,0.0,0.0,0.0,0.0,0.0,0.0,0.0,0.0,0.0,0.0,1.0,0.0,0.0,0.1,0.2,0.02,0.005,0.003,0.003,0.0885724,0.1337944,0.0,0.0,0.027,0.0,0.0
qd_004,QuickDraw,flower,skeleton_c30_m20,line_text_skeleton,0.07951266,excellent,0.07485846,9,0,0.0,0,0.885724,0.668972,0.0,0.031028,0.0,1,coverage,qd_004::coverage,0.35,0.05,0.02,0.005,0.003,0.003,1.0,1.0,0.0,0.0,0.0,0.0,0.0,0.0,0.0,0.0,0.0,0.0,0.0,0.0,0.0,0.0,0.0,0.0,0.0,0.0,0.0,0.0,0.0,0.0,0.0,0.0,1.0,1.25,0.089996337890625,0.16225839267548323,145.0,24.0,0.07485846,9.0,0.0,0.0,0.0,0.885724,0.668972,1.25,0.885724,0.0,0.0,0.0,0.0,0.0,0.0,0.0,0.0,0.0,0.0,0.0,0.0,0.0,0.0,0.0,1.0,0.0,0.35,0.05,0.02,0.005,0.003,0.003,0.3100034,0.0334486,0.0,0.0,0.027,0.0,0.0
qd_004,QuickDraw,flower,skeleton_c30_m20,line_text_skeleton,0.07951266,excellent,0.07485846,9,0,0.0,0,0.885724,0.668972,0.0,0.031028,0.0,1,low_jump,qd_004::low_jump,0.1,0.05,0.02,0.005,0.03,0.02,1.0,1.0,0.0,0.0,0.0,0.0,0.0,0.0,0.0,0.0,0.0,0.0,0.0,0.0,0.0,0.0,0.0,0.0,0.0,0.0,0.0,0.0,0.0,0.0,0.0,0.0,1.0,1.25,0.089996337890625,0.16225839267548323,145.0,24.0,0.07485846,9.0,0.0,0.0,0.0,0.885724,0.668972,1.25,0.885724,0.0,0.0,0.0,0.0,0.0,0.0,0.0,0.0,0.0,0.0,0.0,0.0,0.0,0.0,0.0,0.0,1.0,0.1,0.05,0.02,0.005,0.03,0.02,0.0885724,0.0334486,0.0,0.0,0.27,0.0,0.0
qd_004,QuickDraw,flower,skeleton_c30_m4,line_text_skeleton,0.09439353,pass,0.09116553,11,0,0.0,0,0.989997,0.67848,0.0,0.02152,0.0,0,low_loss,qd_004::low_loss,0.0,0.0,0.0,0.0,0.0,0.0,1.0,1.0,0.0,0.0,0.0,0.0,0.0,0.0,0.0,0.0,0.0,0.0,0.0,0.0,0.0,0.0,0.0,0.0,0.0,0.0,0.0,0.0,0.0,0.0,0.0,0.0,1.0,1.25,0.089996337890625,0.16225839267548323,145.0,24.0,0.09116553,11.0,0.0,0.0,0.0,0.989997,0.67848,1.25,0.989997,0.0,0.0,0.0,0.0,0.0,0.0,0.0,0.0,0.0,0.0,0.0,0.0,1.0,0.0,0.0,0.0,0.0,0.0,0.0,0.0,0.0,0.0,0.0,0.0,0.0,0.0,0.0,0.0,0.0,0.09116553
qd_004,QuickDraw,flower,skeleton_c30_m4,line_text_skeleton,0.09439353,pass,0.09116553,11,0,0.0,0,0.989997,0.67848,0.0,0.02152,0.0,0,balanced,qd_004::balanced,0.1,0.05,0.02,0.005,0.003,0.003,1.0,1.0,0.0,0.0,0.0,0.0,0.0,0.0,0.0,0.0,0.0,0.0,0.0,0.0,0.0,0.0,0.0,0.0,0.0,0.0,0.0,0.0,0.0,0.0,0.0,0.0,1.0,1.25,0.089996337890625,0.16225839267548323,145.0,24.0,0.09116553,11.0,0.0,0.0,0.0,0.989997,0.67848,1.25,0.989997,0.0,0.0,0.0,0.0,0.0,0.0,0.0,0.0,0.0,0.0,0.0,0.0,0.0,1.0,0.0,0.0,0.0,0.1,0.05,0.02,0.005,0.003,0.003,0.09899970000000001,0.033924,0.0,0.0,0.033,0.0,0.0
qd_004,QuickDraw,flower,skeleton_c30_m4,line_text_skeleton,0.09439353,pass,0.09116553,11,0,0.0,0,0.989997,0.67848,0.0,0.02152,0.0,0,precision,qd_004::precision,0.1,0.2,0.02,0.005,0.003,0.003,1.0,1.0,0.0,0.0,0.0,0.0,0.0,0.0,0.0,0.0,0.0,0.0,0.0,0.0,0.0,0.0,0.0,0.0,0.0,0.0,0.0,0.0,0.0,0.0,0.0,0.0,1.0,1.25,0.089996337890625,0.16225839267548323,145.0,24.0,0.09116553,11.0,0.0,0.0,0.0,0.989997,0.67848,1.25,0.989997,0.0,0.0,0.0,0.0,0.0,0.0,0.0,0.0,0.0,0.0,0.0,0.0,0.0,0.0,1.0,0.0,0.0,0.1,0.2,0.02,0.005,0.003,0.003,0.09899970000000001,0.135696,0.0,0.0,0.033,0.0,0.0
qd_004,QuickDraw,flower,skeleton_c30_m4,line_text_skeleton,0.09439353,pass,0.09116553,11,0,0.0,0,0.989997,0.67848,0.0,0.02152,0.0,0,coverage,qd_004::coverage,0.35,0.05,0.02,0.005,0.003,0.003,1.0,1.0,0.0,0.0,0.0,0.0,0.0,0.0,0.0,0.0,0.0,0.0,0.0,0.0,0.0,0.0,0.0,0.0,0.0,0.0,0.0,0.0,0.0,0.0,0.0,0.0,1.0,1.25,0.089996337890625,0.16225839267548323,145.0,24.0,0.09116553,11.0,0.0,0.0,0.0,0.989997,0.67848,1.25,0.989997,0.0,0.0,0.0,0.0,0.0,0.0,0.0,0.0,0.0,0.0,0.0,0.0,0.0,0.0,0.0,1.0,0.0,0.35,0.05,0.02,0.005,0.003,0.003,0.34649895,0.033924,0.0,0.0,0.033,0.0,0.0
qd_004,QuickDraw,flower,skeleton_c30_m4,line_text_skeleton,0.09439353,pass,0.09116553,11,0,0.0,0,0.989997,0.67848,0.0,0.02152,0.0,0,low_jump,qd_004::low_jump,0.1,0.05,0.02,0.005,0.03,0.02,1.0,1.0,0.0,0.0,0.0,0.0,0.0,0.0,0.0,0.0,0.0,0.0,0.0,0.0,0.0,0.0,0.0,0.0,0.0,0.0,0.0,0.0,0.0,0.0,0.0,0.0,1.0,1.25,0.089996337890625,0.16225839267548323,145.0,24.0,0.09116553,11.0,0.0,0.0,0.0,0.989997,0.67848,1.25,0.989997,0.0,0.0,0.0,0.0,0.0,0.0,0.0,0.0,0.0,0.0,0.0,0.0,0.0,0.0,0.0,0.0,1.0,0.1,0.05,0.02,0.005,0.03,0.02,0.09899970000000001,0.033924,0.0,0.0,0.32999999999999996,0.0,0.0
qd_004,QuickDraw,flower,mask_fill_edgewalk_nearestrow_safeadt_t2m5_r055_a64_rows16_p40,line_text_skeleton,0.1525709,excellent,0.0954158,10,2,0.0,0,1.0,0.318966,0.0,0.381034,0.0,0,low_loss,qd_004::low_loss,0.0,0.0,0.0,0.0,0.0,0.0,1.0,0.0,0.0,1.0,1.0,1.0,1.0,0.0,0.0,0.0,0.0,0.0,0.0,0.0,16.0,40.0,0.0,0.0,0.0,0.0,0.0,0.0,0.0,0.0,0.0,0.0,1.0,1.25,0.089996337890625,0.16225839267548323,145.0,24.0,0.0954158,10.0,2.0,0.0,0.0,1.0,0.318966,0.0,0.0,0.0,1.0,1.25,1.0,1.0,0.089996337890625,0.0,0.0,0.0,0.0,0.0,0.0,1.0,0.0,0.0,0.0,0.0,0.0,0.0,0.0,0.0,0.0,0.0,0.0,0.0,0.0,0.0,0.0,0.0,0.0954158
qd_004,QuickDraw,flower,mask_fill_edgewalk_nearestrow_safeadt_t2m5_r055_a64_rows16_p40,line_text_skeleton,0.1525709,excellent,0.0954158,10,2,0.0,0,1.0,0.318966,0.0,0.381034,0.0,0,balanced,qd_004::balanced,0.1,0.05,0.02,0.005,0.003,0.003,1.0,0.0,0.0,1.0,1.0,1.0,1.0,0.0,0.0,0.0,0.0,0.0,0.0,0.0,16.0,40.0,0.0,0.0,0.0,0.0,0.0,0.0,0.0,0.0,0.0,0.0,1.0,1.25,0.089996337890625,0.16225839267548323,145.0,24.0,0.0954158,10.0,2.0,0.0,0.0,1.0,0.318966,0.0,0.0,0.0,1.0,1.25,1.0,1.0,0.089996337890625,0.0,0.0,0.0,0.0,0.0,0.0,0.0,1.0,0.0,0.0,0.0,0.1,0.05,0.02,0.005,0.003,0.003,0.1,0.015948300000000002,0.0,0.0,0.03,0.006,0.0
qd_004,QuickDraw,flower,mask_fill_edgewalk_nearestrow_safeadt_t2m5_r055_a64_rows16_p40,line_text_skeleton,0.1525709,excellent,0.0954158,10,2,0.0,0,1.0,0.318966,0.0,0.381034,0.0,0,precision,qd_004::precision,0.1,0.2,0.02,0.005,0.003,0.003,1.0,0.0,0.0,1.0,1.0,1.0,1.0,0.0,0.0,0.0,0.0,0.0,0.0,0.0,16.0,40.0,0.0,0.0,0.0,0.0,0.0,0.0,0.0,0.0,0.0,0.0,1.0,1.25,0.089996337890625,0.16225839267548323,145.0,24.0,0.0954158,10.0,2.0,0.0,0.0,1.0,0.318966,0.0,0.0,0.0,1.0,1.25,1.0,1.0,0.089996337890625,0.0,0.0,0.0,0.0,0.0,0.0,0.0,0.0,1.0,0.0,0.0,0.1,0.2,0.02,0.005,0.003,0.003,0.1,0.06379320000000001,0.0,0.0,0.03,0.006,0.0
qd_004,QuickDraw,flower,mask_fill_edgewalk_nearestrow_safeadt_t2m5_r055_a64_rows16_p40,line_text_skeleton,0.1525709,excellent,0.0954158,10,2,0.0,0,1.0,0.318966,0.0,0.381034,0.0,0,coverage,qd_004::coverage,0.35,0.05,0.02,0.005,0.003,0.003,1.0,0.0,0.0,1.0,1.0,1.0,1.0,0.0,0.0,0.0,0.0,0.0,0.0,0.0,16.0,40.0,0.0,0.0,0.0,0.0,0.0,0.0,0.0,0.0,0.0,0.0,1.0,1.25,0.089996337890625,0.16225839267548323,145.0,24.0,0.0954158,10.0,2.0,0.0,0.0,1.0,0.318966,0.0,0.0,0.0,1.0,1.25,1.0,1.0,0.089996337890625,0.0,0.0,0.0,0.0,0.0,0.0,0.0,0.0,0.0,1.0,0.0,0.35,0.05,0.02,0.005,0.003,0.003,0.35,0.015948300000000002,0.0,0.0,0.03,0.006,0.0
qd_004,QuickDraw,flower,mask_fill_edgewalk_nearestrow_safeadt_t2m5_r055_a64_rows16_p40,line_text_skeleton,0.1525709,excellent,0.0954158,10,2,0.0,0,1.0,0.318966,0.0,0.381034,0.0,0,low_jump,qd_004::low_jump,0.1,0.05,0.02,0.005,0.03,0.02,1.0,0.0,0.0,1.0,1.0,1.0,1.0,0.0,0.0,0.0,0.0,0.0,0.0,0.0,16.0,40.0,0.0,0.0,0.0,0.0,0.0,0.0,0.0,0.0,0.0,0.0,1.0,1.25,0.089996337890625,0.16225839267548323,145.0,24.0,0.0954158,10.0,2.0,0.0,0.0,1.0,0.318966,0.0,0.0,0.0,1.0,1.25,1.0,1.0,0.089996337890625,0.0,0.0,0.0,0.0,0.0,0.0,0.0,0.0,0.0,0.0,1.0,0.1,0.05,0.02,0.005,0.03,0.02,0.1,0.015948300000000002,0.0,0.0,0.3,0.04,0.0
qd_005,QuickDraw,bicycle,mask_fill_edgewalk_nearestrow_inset1_rows16_p40,line_text_skeleton,0.08707152,excellent,0.07267287,8,1,0.0,0,0.983156,0.604009,0.0,0.095991,0.0,0,low_loss,qd_005::low_loss,0.0,0.0,0.0,0.0,0.0,0.0,1.0,0.0,0.0,1.0,1.0,1.0,0.0,1.0,1.0,0.0,1.0,0.0,0.0,0.0,16.0,40.0,0.0,0.0,0.0,0.0,0.0,0.0,0.0,0.0,0.0,0.0,1.0,1.25,0.11505126953125,0.16273209549071618,161.0,32.0,0.07267287,8.0,1.0,0.0,0.0,0.983156,0.604009,0.0,0.0,0.0,0.983156,1.25,0.983156,0.983156,0.11505126953125,0.11505126953125,0.0,0.0,0.0,0.0,0.0,1.0,0.0,0.0,0.0,0.0,0.0,0.0,0.0,0.0,0.0,0.0,0.0,0.0,0.0,0.0,0.0,0.0,0.07267287
qd_005,QuickDraw,bicycle,mask_fill_edgewalk_nearestrow_inset1_rows16_p40,line_text_skeleton,0.08707152,excellent,0.07267287,8,1,0.0,0,0.983156,0.604009,0.0,0.095991,0.0,0,balanced,qd_005::balanced,0.1,0.05,0.02,0.005,0.003,0.003,1.0,0.0,0.0,1.0,1.0,1.0,0.0,1.0,1.0,0.0,1.0,0.0,0.0,0.0,16.0,40.0,0.0,0.0,0.0,0.0,0.0,0.0,0.0,0.0,0.0,0.0,1.0,1.25,0.11505126953125,0.16273209549071618,161.0,32.0,0.07267287,8.0,1.0,0.0,0.0,0.983156,0.604009,0.0,0.0,0.0,0.983156,1.25,0.983156,0.983156,0.11505126953125,0.11505126953125,0.0,0.0,0.0,0.0,0.0,0.0,1.0,0.0,0.0,0.0,0.1,0.05,0.02,0.005,0.003,0.003,0.0983156,0.030200450000000004,0.0,0.0,0.024,0.003,0.0
qd_005,QuickDraw,bicycle,mask_fill_edgewalk_nearestrow_inset1_rows16_p40,line_text_skeleton,0.08707152,excellent,0.07267287,8,1,0.0,0,0.983156,0.604009,0.0,0.095991,0.0,0,precision,qd_005::precision,0.1,0.2,0.02,0.005,0.003,0.003,1.0,0.0,0.0,1.0,1.0,1.0,0.0,1.0,1.0,0.0,1.0,0.0,0.0,0.0,16.0,40.0,0.0,0.0,0.0,0.0,0.0,0.0,0.0,0.0,0.0,0.0,1.0,1.25,0.11505126953125,0.16273209549071618,161.0,32.0,0.07267287,8.0,1.0,0.0,0.0,0.983156,0.604009,0.0,0.0,0.0,0.983156,1.25,0.983156,0.983156,0.11505126953125,0.11505126953125,0.0,0.0,0.0,0.0,0.0,0.0,0.0,1.0,0.0,0.0,0.1,0.2,0.02,0.005,0.003,0.003,0.0983156,0.12080180000000001,0.0,0.0,0.024,0.003,0.0
qd_005,QuickDraw,bicycle,mask_fill_edgewalk_nearestrow_inset1_rows16_p40,line_text_skeleton,0.08707152,excellent,0.07267287,8,1,0.0,0,0.983156,0.604009,0.0,0.095991,0.0,0,coverage,qd_005::coverage,0.35,0.05,0.02,0.005,0.003,0.003,1.0,0.0,0.0,1.0,1.0,1.0,0.0,1.0,1.0,0.0,1.0,0.0,0.0,0.0,16.0,40.0,0.0,0.0,0.0,0.0,0.0,0.0,0.0,0.0,0.0,0.0,1.0,1.25,0.11505126953125,0.16273209549071618,161.0,32.0,0.07267287,8.0,1.0,0.0,0.0,0.983156,0.604009,0.0,0.0,0.0,0.983156,1.25,0.983156,0.983156,0.11505126953125,0.11505126953125,0.0,0.0,0.0,0.0,0.0,0.0,0.0,0.0,1.0,0.0,0.35,0.05,0.02,0.005,0.003,0.003,0.3441046,0.030200450000000004,0.0,0.0,0.024,0.003,0.0
qd_005,QuickDraw,bicycle,mask_fill_edgewalk_nearestrow_inset1_rows16_p40,line_text_skeleton,0.08707152,excellent,0.07267287,8,1,0.0,0,0.983156,0.604009,0.0,0.095991,0.0,0,low_jump,qd_005::low_jump,0.1,0.05,0.02,0.005,0.03,0.02,1.0,0.0,0.0,1.0,1.0,1.0,0.0,1.0,1.0,0.0,1.0,0.0,0.0,0.0,16.0,40.0,0.0,0.0,0.0,0.0,0.0,0.0,0.0,0.0,0.0,0.0,1.0,1.25,0.11505126953125,0.16273209549071618,161.0,32.0,0.07267287,8.0,1.0,0.0,0.0,0.983156,0.604009,0.0,0.0,0.0,0.983156,1.25,0.983156,0.983156,0.11505126953125,0.11505126953125,0.0,0.0,0.0,0.0,0.0,0.0,0.0,0.0,0.0,1.0,0.1,0.05,0.02,0.005,0.03,0.02,0.0983156,0.030200450000000004,0.0,0.0,0.24,0.02,0.0
qd_005,QuickDraw,bicycle,mask_fill_edgewalk_nearestrow_inset2_rows16_p40,line_text_skeleton,0.07272604,excellent,0.07272604,8,1,0.0,0,0.96061,0.715005,0.0,0.0,0.0,0,low_loss,qd_005::low_loss,0.0,0.0,0.0,0.0,0.0,0.0,1.0,0.0,0.0,1.0,1.0,1.0,0.0,1.0,0.0,1.0,2.0,0.0,0.0,0.0,16.0,40.0,0.0,0.0,0.0,0.0,0.0,0.0,0.0,0.0,0.0,0.0,1.0,1.25,0.11505126953125,0.16273209549071618,161.0,32.0,0.07272604,8.0,1.0,0.0,0.0,0.96061,0.715005,0.0,0.0,0.0,0.96061,1.25,0.96061,0.96061,0.11505126953125,0.11505126953125,0.11505126953125,0.0,0.0,0.0,0.0,1.0,0.0,0.0,0.0,0.0,0.0,0.0,0.0,0.0,0.0,0.0,0.0,0.0,0.0,0.0,0.0,0.0,0.07272604
qd_005,QuickDraw,bicycle,mask_fill_edgewalk_nearestrow_inset2_rows16_p40,line_text_skeleton,0.07272604,excellent,0.07272604,8,1,0.0,0,0.96061,0.715005,0.0,0.0,0.0,0,balanced,qd_005::balanced,0.1,0.05,0.02,0.005,0.003,0.003,1.0,0.0,0.0,1.0,1.0,1.0,0.0,1.0,0.0,1.0,2.0,0.0,0.0,0.0,16.0,40.0,0.0,0.0,0.0,0.0,0.0,0.0,0.0,0.0,0.0,0.0,1.0,1.25,0.11505126953125,0.16273209549071618,161.0,32.0,0.07272604,8.0,1.0,0.0,0.0,0.96061,0.715005,0.0,0.0,0.0,0.96061,1.25,0.96061,0.96061,0.11505126953125,0.11505126953125,0.11505126953125,0.0,0.0,0.0,0.0,0.0,1.0,0.0,0.0,0.0,0.1,0.05,0.02,0.005,0.003,0.003,0.09606100000000001,0.035750250000000004,0.0,0.0,0.024,0.003,0.0
qd_005,QuickDraw,bicycle,mask_fill_edgewalk_nearestrow_inset2_rows16_p40,line_text_skeleton,0.07272604,excellent,0.07272604,8,1,0.0,0,0.96061,0.715005,0.0,0.0,0.0,0,precision,qd_005::precision,0.1,0.2,0.02,0.005,0.003,0.003,1.0,0.0,0.0,1.0,1.0,1.0,0.0,1.0,0.0,1.0,2.0,0.0,0.0,0.0,16.0,40.0,0.0,0.0,0.0,0.0,0.0,0.0,0.0,0.0,0.0,0.0,1.0,1.25,0.11505126953125,0.16273209549071618,161.0,32.0,0.07272604,8.0,1.0,0.0,0.0,0.96061,0.715005,0.0,0.0,0.0,0.96061,1.25,0.96061,0.96061,0.11505126953125,0.11505126953125,0.11505126953125,0.0,0.0,0.0,0.0,0.0,0.0,1.0,0.0,0.0,0.1,0.2,0.02,0.005,0.003,0.003,0.09606100000000001,0.14300100000000002,0.0,0.0,0.024,0.003,0.0
qd_005,QuickDraw,bicycle,mask_fill_edgewalk_nearestrow_inset2_rows16_p40,line_text_skeleton,0.07272604,excellent,0.07272604,8,1,0.0,0,0.96061,0.715005,0.0,0.0,0.0,0,coverage,qd_005::coverage,0.35,0.05,0.02,0.005,0.003,0.003,1.0,0.0,0.0,1.0,1.0,1.0,0.0,1.0,0.0,1.0,2.0,0.0,0.0,0.0,16.0,40.0,0.0,0.0,0.0,0.0,0.0,0.0,0.0,0.0,0.0,0.0,1.0,1.25,0.11505126953125,0.16273209549071618,161.0,32.0,0.07272604,8.0,1.0,0.0,0.0,0.96061,0.715005,0.0,0.0,0.0,0.96061,1.25,0.96061,0.96061,0.11505126953125,0.11505126953125,0.11505126953125,0.0,0.0,0.0,0.0,0.0,0.0,0.0,1.0,0.0,0.35,0.05,0.02,0.005,0.003,0.003,0.33621349999999994,0.035750250000000004,0.0,0.0,0.024,0.003,0.0
qd_005,QuickDraw,bicycle,mask_fill_edgewalk_nearestrow_inset2_rows16_p40,line_text_skeleton,0.07272604,excellent,0.07272604,8,1,0.0,0,0.96061,0.715005,0.0,0.0,0.0,0,low_jump,qd_005::low_jump,0.1,0.05,0.02,0.005,0.03,0.02,1.0,0.0,0.0,1.0,1.0,1.0,0.0,1.0,0.0,1.0,2.0,0.0,0.0,0.0,16.0,40.0,0.0,0.0,0.0,0.0,0.0,0.0,0.0,0.0,0.0,0.0,1.0,1.25,0.11505126953125,0.16273209549071618,161.0,32.0,0.07272604,8.0,1.0,0.0,0.0,0.96061,0.715005,0.0,0.0,0.0,0.96061,1.25,0.96061,0.96061,0.11505126953125,0.11505126953125,0.11505126953125,0.0,0.0,0.0,0.0,0.0,0.0,0.0,0.0,1.0,0.1,0.05,0.02,0.005,0.03,0.02,0.09606100000000001,0.035750250000000004,0.0,0.0,0.24,0.02,0.0
qd_005,QuickDraw,bicycle,mask_fill_edgewalk_nearestrow_rows16_p40,line_text_skeleton,0.14078548,pass,0.12055543,13,2,0.0,0,1.0,0.565133,0.0,0.134867,0.0,0,low_loss,qd_005::low_loss,0.0,0.0,0.0,0.0,0.0,0.0,1.0,0.0,0.0,1.0,1.0,1.0,1.0,0.0,0.0,0.0,0.0,0.0,0.0,0.0,16.0,40.0,0.0,0.0,0.0,0.0,0.0,0.0,0.0,0.0,0.0,0.0,1.0,1.25,0.11505126953125,0.16273209549071618,161.0,32.0,0.12055543,13.0,2.0,0.0,0.0,1.0,0.565133,0.0,0.0,0.0,1.0,1.25,1.0,1.0,0.11505126953125,0.0,0.0,0.0,0.0,0.0,0.0,1.0,0.0,0.0,0.0,0.0,0.0,0.0,0.0,0.0,0.0,0.0,0.0,0.0,0.0,0.0,0.0,0.0,0.12055543
qd_005,QuickDraw,bicycle,mask_fill_edgewalk_nearestrow_rows16_p40,line_text_skeleton,0.14078548,pass,0.12055543,13,2,0.0,0,1.0,0.565133,0.0,0.134867,0.0,0,balanced,qd_005::balanced,0.1,0.05,0.02,0.005,0.003,0.003,1.0,0.0,0.0,1.0,1.0,1.0,1.0,0.0,0.0,0.0,0.0,0.0,0.0,0.0,16.0,40.0,0.0,0.0,0.0,0.0,0.0,0.0,0.0,0.0,0.0,0.0,1.0,1.25,0.11505126953125,0.16273209549071618,161.0,32.0,0.12055543,13.0,2.0,0.0,0.0,1.0,0.565133,0.0,0.0,0.0,1.0,1.25,1.0,1.0,0.11505126953125,0.0,0.0,0.0,0.0,0.0,0.0,0.0,1.0,0.0,0.0,0.0,0.1,0.05,0.02,0.005,0.003,0.003,0.1,0.02825665,0.0,0.0,0.039,0.006,0.0
qd_005,QuickDraw,bicycle,mask_fill_edgewalk_nearestrow_rows16_p40,line_text_skeleton,0.14078548,pass,0.12055543,13,2,0.0,0,1.0,0.565133,0.0,0.134867,0.0,0,precision,qd_005::precision,0.1,0.2,0.02,0.005,0.003,0.003,1.0,0.0,0.0,1.0,1.0,1.0,1.0,0.0,0.0,0.0,0.0,0.0,0.0,0.0,16.0,40.0,0.0,0.0,0.0,0.0,0.0,0.0,0.0,0.0,0.0,0.0,1.0,1.25,0.11505126953125,0.16273209549071618,161.0,32.0,0.12055543,13.0,2.0,0.0,0.0,1.0,0.565133,0.0,0.0,0.0,1.0,1.25,1.0,1.0,0.11505126953125,0.0,0.0,0.0,0.0,0.0,0.0,0.0,0.0,1.0,0.0,0.0,0.1,0.2,0.02,0.005,0.003,0.003,0.1,0.1130266,0.0,0.0,0.039,0.006,0.0
qd_005,QuickDraw,bicycle,mask_fill_edgewalk_nearestrow_rows16_p40,line_text_skeleton,0.14078548,pass,0.12055543,13,2,0.0,0,1.0,0.565133,0.0,0.134867,0.0,0,coverage,qd_005::coverage,0.35,0.05,0.02,0.005,0.003,0.003,1.0,0.0,0.0,1.0,1.0,1.0,1.0,0.0,0.0,0.0,0.0,0.0,0.0,0.0,16.0,40.0,0.0,0.0,0.0,0.0,0.0,0.0,0.0,0.0,0.0,0.0,1.0,1.25,0.11505126953125,0.16273209549071618,161.0,32.0,0.12055543,13.0,2.0,0.0,0.0,1.0,0.565133,0.0,0.0,0.0,1.0,1.25,1.0,1.0,0.11505126953125,0.0,0.0,0.0,0.0,0.0,0.0,0.0,0.0,0.0,1.0,0.0,0.35,0.05,0.02,0.005,0.003,0.003,0.35,0.02825665,0.0,0.0,0.039,0.006,0.0
qd_005,QuickDraw,bicycle,mask_fill_edgewalk_nearestrow_rows16_p40,line_text_skeleton,0.14078548,pass,0.12055543,13,2,0.0,0,1.0,0.565133,0.0,0.134867,0.0,0,low_jump,qd_005::low_jump,0.1,0.05,0.02,0.005,0.03,0.02,1.0,0.0,0.0,1.0,1.0,1.0,1.0,0.0,0.0,0.0,0.0,0.0,0.0,0.0,16.0,40.0,0.0,0.0,0.0,0.0,0.0,0.0,0.0,0.0,0.0,0.0,1.0,1.25,0.11505126953125,0.16273209549071618,161.0,32.0,0.12055543,13.0,2.0,0.0,0.0,1.0,0.565133,0.0,0.0,0.0,1.0,1.25,1.0,1.0,0.11505126953125,0.0,0.0,0.0,0.0,0.0,0.0,0.0,0.0,0.0,0.0,1.0,0.1,0.05,0.02,0.005,0.03,0.02,0.1,0.02825665,0.0,0.0,0.39,0.04,0.0
qd_005,QuickDraw,bicycle,mask_fill_edgewalk_rows16_p40,line_text_skeleton,0.47691665,hard_fail,0.4,254,47,0.0,0,1.0,0.453889,0.0,0.246111,0.04,0,low_loss,qd_005::low_loss,0.0,0.0,0.0,0.0,0.0,0.0,1.0,0.0,0.0,1.0,1.0,0.0,0.0,0.0,0.0,0.0,0.0,0.0,0.0,0.0,16.0,40.0,0.0,0.0,0.0,0.0,0.0,0.0,0.0,0.0,0.0,0.0,1.0,1.25,0.11505126953125,0.16273209549071618,161.0,32.0,0.4,254.0,47.0,0.0,0.0,1.0,0.453889,0.0,0.0,0.0,1.0,1.25,1.0,0.0,0.0,0.0,0.0,0.0,0.0,0.0,0.0,1.0,0.0,0.0,0.0,0.0,0.0,0.0,0.0,0.0,0.0,0.0,0.0,0.0,0.0,0.0,0.0,0.0,0.4
qd_005,QuickDraw,bicycle,mask_fill_edgewalk_rows16_p40,line_text_skeleton,0.47691665,hard_fail,0.4,254,47,0.0,0,1.0,0.453889,0.0,0.246111,0.04,0,balanced,qd_005::balanced,0.1,0.05,0.02,0.005,0.003,0.003,1.0,0.0,0.0,1.0,1.0,0.0,0.0,0.0,0.0,0.0,0.0,0.0,0.0,0.0,16.0,40.0,0.0,0.0,0.0,0.0,0.0,0.0,0.0,0.0,0.0,0.0,1.0,1.25,0.11505126953125,0.16273209549071618,161.0,32.0,0.4,254.0,47.0,0.0,0.0,1.0,0.453889,0.0,0.0,0.0,1.0,1.25,1.0,0.0,0.0,0.0,0.0,0.0,0.0,0.0,0.0,0.0,1.0,0.0,0.0,0.0,0.1,0.05,0.02,0.005,0.003,0.003,0.1,0.02269445,0.0,0.0,0.762,0.14100000000000001,0.0
qd_005,QuickDraw,bicycle,mask_fill_edgewalk_rows16_p40,line_text_skeleton,0.47691665,hard_fail,0.4,254,47,0.0,0,1.0,0.453889,0.0,0.246111,0.04,0,precision,qd_005::precision,0.1,0.2,0.02,0.005,0.003,0.003,1.0,0.0,0.0,1.0,1.0,0.0,0.0,0.0,0.0,0.0,0.0,0.0,0.0,0.0,16.0,40.0,0.0,0.0,0.0,0.0,0.0,0.0,0.0,0.0,0.0,0.0,1.0,1.25,0.11505126953125,0.16273209549071618,161.0,32.0,0.4,254.0,47.0,0.0,0.0,1.0,0.453889,0.0,0.0,0.0,1.0,1.25,1.0,0.0,0.0,0.0,0.0,0.0,0.0,0.0,0.0,0.0,0.0,1.0,0.0,0.0,0.1,0.2,0.02,0.005,0.003,0.003,0.1,0.0907778,0.0,0.0,0.762,0.14100000000000001,0.0
qd_005,QuickDraw,bicycle,mask_fill_edgewalk_rows16_p40,line_text_skeleton,0.47691665,hard_fail,0.4,254,47,0.0,0,1.0,0.453889,0.0,0.246111,0.04,0,coverage,qd_005::coverage,0.35,0.05,0.02,0.005,0.003,0.003,1.0,0.0,0.0,1.0,1.0,0.0,0.0,0.0,0.0,0.0,0.0,0.0,0.0,0.0,16.0,40.0,0.0,0.0,0.0,0.0,0.0,0.0,0.0,0.0,0.0,0.0,1.0,1.25,0.11505126953125,0.16273209549071618,161.0,32.0,0.4,254.0,47.0,0.0,0.0,1.0,0.453889,0.0,0.0,0.0,1.0,1.25,1.0,0.0,0.0,0.0,0.0,0.0,0.0,0.0,0.0,0.0,0.0,0.0,1.0,0.0,0.35,0.05,0.02,0.005,0.003,0.003,0.35,0.02269445,0.0,0.0,0.762,0.14100000000000001,0.0
qd_005,QuickDraw,bicycle,mask_fill_edgewalk_rows16_p40,line_text_skeleton,0.47691665,hard_fail,0.4,254,47,0.0,0,1.0,0.453889,0.0,0.246111,0.04,0,low_jump,qd_005::low_jump,0.1,0.05,0.02,0.005,0.03,0.02,1.0,0.0,0.0,1.0,1.0,0.0,0.0,0.0,0.0,0.0,0.0,0.0,0.0,0.0,16.0,40.0,0.0,0.0,0.0,0.0,0.0,0.0,0.0,0.0,0.0,0.0,1.0,1.25,0.11505126953125,0.16273209549071618,161.0,32.0,0.4,254.0,47.0,0.0,0.0,1.0,0.453889,0.0,0.0,0.0,1.0,1.25,1.0,0.0,0.0,0.0,0.0,0.0,0.0,0.0,0.0,0.0,0.0,0.0,0.0,1.0,0.1,0.05,0.02,0.005,0.03,0.02,0.1,0.02269445,0.0,0.0,7.62,0.9400000000000001,0.0
qd_005,QuickDraw,bicycle,auto_evalrepair_r10_c20,line_text_skeleton,0.05068091,excellent,0.04719641,5,1,0.0,0,0.989125,0.67677,0.0,0.02323,0.0,0,low_loss,qd_005::low_loss,0.0,0.0,0.0,0.0,0.0,0.0,1.0,0.0,1.0,0.0,0.0,0.0,0.0,0.0,0.0,0.0,0.0,0.0,0.0,0.0,0.0,0.0,0.0,0.0,0.0,0.0,0.0,0.0,0.0,0.0,0.0,0.0,1.0,1.25,0.11505126953125,0.16273209549071618,161.0,32.0,0.04719641,5.0,1.0,0.0,0.0,0.989125,0.67677,0.0,0.0,0.989125,0.0,0.0,0.0,0.0,0.0,0.0,0.0,0.0,0.0,0.0,0.0,1.0,0.0,0.0,0.0,0.0,0.0,0.0,0.0,0.0,0.0,0.0,0.0,0.0,0.0,0.0,0.0,0.0,0.04719641
qd_005,QuickDraw,bicycle,auto_evalrepair_r10_c20,line_text_skeleton,0.05068091,excellent,0.04719641,5,1,0.0,0,0.989125,0.67677,0.0,0.02323,0.0,0,balanced,qd_005::balanced,0.1,0.05,0.02,0.005,0.003,0.003,1.0,0.0,1.0,0.0,0.0,0.0,0.0,0.0,0.0,0.0,0.0,0.0,0.0,0.0,0.0,0.0,0.0,0.0,0.0,0.0,0.0,0.0,0.0,0.0,0.0,0.0,1.0,1.25,0.11505126953125,0.16273209549071618,161.0,32.0,0.04719641,5.0,1.0,0.0,0.0,0.989125,0.67677,0.0,0.0,0.989125,0.0,0.0,0.0,0.0,0.0,0.0,0.0,0.0,0.0,0.0,0.0,0.0,1.0,0.0,0.0,0.0,0.1,0.05,0.02,0.005,0.003,0.003,0.09891250000000001,0.0338385,0.0,0.0,0.015,0.003,0.0
qd_005,QuickDraw,bicycle,auto_evalrepair_r10_c20,line_text_skeleton,0.05068091,excellent,0.04719641,5,1,0.0,0,0.989125,0.67677,0.0,0.02323,0.0,0,precision,qd_005::precision,0.1,0.2,0.02,0.005,0.003,0.003,1.0,0.0,1.0,0.0,0.0,0.0,0.0,0.0,0.0,0.0,0.0,0.0,0.0,0.0,0.0,0.0,0.0,0.0,0.0,0.0,0.0,0.0,0.0,0.0,0.0,0.0,1.0,1.25,0.11505126953125,0.16273209549071618,161.0,32.0,0.04719641,5.0,1.0,0.0,0.0,0.989125,0.67677,0.0,0.0,0.989125,0.0,0.0,0.0,0.0,0.0,0.0,0.0,0.0,0.0,0.0,0.0,0.0,0.0,1.0,0.0,0.0,0.1,0.2,0.02,0.005,0.003,0.003,0.09891250000000001,0.135354,0.0,0.0,0.015,0.003,0.0
qd_005,QuickDraw,bicycle,auto_evalrepair_r10_c20,line_text_skeleton,0.05068091,excellent,0.04719641,5,1,0.0,0,0.989125,0.67677,0.0,0.02323,0.0,0,coverage,qd_005::coverage,0.35,0.05,0.02,0.005,0.003,0.003,1.0,0.0,1.0,0.0,0.0,0.0,0.0,0.0,0.0,0.0,0.0,0.0,0.0,0.0,0.0,0.0,0.0,0.0,0.0,0.0,0.0,0.0,0.0,0.0,0.0,0.0,1.0,1.25,0.11505126953125,0.16273209549071618,161.0,32.0,0.04719641,5.0,1.0,0.0,0.0,0.989125,0.67677,0.0,0.0,0.989125,0.0,0.0,0.0,0.0,0.0,0.0,0.0,0.0,0.0,0.0,0.0,0.0,0.0,0.0,1.0,0.0,0.35,0.05,0.02,0.005,0.003,0.003,0.34619374999999997,0.0338385,0.0,0.0,0.015,0.003,0.0
qd_005,QuickDraw,bicycle,auto_evalrepair_r10_c20,line_text_skeleton,0.05068091,excellent,0.04719641,5,1,0.0,0,0.989125,0.67677,0.0,0.02323,0.0,0,low_jump,qd_005::low_jump,0.1,0.05,0.02,0.005,0.03,0.02,1.0,0.0,1.0,0.0,0.0,0.0,0.0,0.0,0.0,0.0,0.0,0.0,0.0,0.0,0.0,0.0,0.0,0.0,0.0,0.0,0.0,0.0,0.0,0.0,0.0,0.0,1.0,1.25,0.11505126953125,0.16273209549071618,161.0,32.0,0.04719641,5.0,1.0,0.0,0.0,0.989125,0.67677,0.0,0.0,0.989125,0.0,0.0,0.0,0.0,0.0,0.0,0.0,0.0,0.0,0.0,0.0,0.0,0.0,0.0,0.0,1.0,0.1,0.05,0.02,0.005,0.03,0.02,0.09891250000000001,0.0338385,0.0,0.0,0.15,0.02,0.0
qd_005,QuickDraw,bicycle,skeleton_c30_m20,line_text_skeleton,0.09954597,pass,0.09738897,11,1,0.0,0,0.879576,0.68562,0.0,0.01438,0.0,0,low_loss,qd_005::low_loss,0.0,0.0,0.0,0.0,0.0,0.0,1.0,1.0,0.0,0.0,0.0,0.0,0.0,0.0,0.0,0.0,0.0,0.0,0.0,0.0,0.0,0.0,0.0,0.0,0.0,0.0,0.0,0.0,0.0,0.0,0.0,0.0,1.0,1.25,0.11505126953125,0.16273209549071618,161.0,32.0,0.09738897,11.0,1.0,0.0,0.0,0.879576,0.68562,1.25,0.879576,0.0,0.0,0.0,0.0,0.0,0.0,0.0,0.0,0.0,0.0,0.0,0.0,1.0,0.0,0.0,0.0,0.0,0.0,0.0,0.0,0.0,0.0,0.0,0.0,0.0,0.0,0.0,0.0,0.0,0.09738897
qd_005,QuickDraw,bicycle,skeleton_c30_m20,line_text_skeleton,0.09954597,pass,0.09738897,11,1,0.0,0,0.879576,0.68562,0.0,0.01438,0.0,0,balanced,qd_005::balanced,0.1,0.05,0.02,0.005,0.003,0.003,1.0,1.0,0.0,0.0,0.0,0.0,0.0,0.0,0.0,0.0,0.0,0.0,0.0,0.0,0.0,0.0,0.0,0.0,0.0,0.0,0.0,0.0,0.0,0.0,0.0,0.0,1.0,1.25,0.11505126953125,0.16273209549071618,161.0,32.0,0.09738897,11.0,1.0,0.0,0.0,0.879576,0.68562,1.25,0.879576,0.0,0.0,0.0,0.0,0.0,0.0,0.0,0.0,0.0,0.0,0.0,0.0,0.0,1.0,0.0,0.0,0.0,0.1,0.05,0.02,0.005,0.003,0.003,0.08795760000000001,0.034281,0.0,0.0,0.033,0.003,0.0
qd_005,QuickDraw,bicycle,skeleton_c30_m20,line_text_skeleton,0.09954597,pass,0.09738897,11,1,0.0,0,0.879576,0.68562,0.0,0.01438,0.0,0,precision,qd_005::precision,0.1,0.2,0.02,0.005,0.003,0.003,1.0,1.0,0.0,0.0,0.0,0.0,0.0,0.0,0.0,0.0,0.0,0.0,0.0,0.0,0.0,0.0,0.0,0.0,0.0,0.0,0.0,0.0,0.0,0.0,0.0,0.0,1.0,1.25,0.11505126953125,0.16273209549071618,161.0,32.0,0.09738897,11.0,1.0,0.0,0.0,0.879576,0.68562,1.25,0.879576,0.0,0.0,0.0,0.0,0.0,0.0,0.0,0.0,0.0,0.0,0.0,0.0,0.0,0.0,1.0,0.0,0.0,0.1,0.2,0.02,0.005,0.003,0.003,0.08795760000000001,0.137124,0.0,0.0,0.033,0.003,0.0
qd_005,QuickDraw,bicycle,skeleton_c30_m20,line_text_skeleton,0.09954597,pass,0.09738897,11,1,0.0,0,0.879576,0.68562,0.0,0.01438,0.0,0,coverage,qd_005::coverage,0.35,0.05,0.02,0.005,0.003,0.003,1.0,1.0,0.0,0.0,0.0,0.0,0.0,0.0,0.0,0.0,0.0,0.0,0.0,0.0,0.0,0.0,0.0,0.0,0.0,0.0,0.0,0.0,0.0,0.0,0.0,0.0,1.0,1.25,0.11505126953125,0.16273209549071618,161.0,32.0,0.09738897,11.0,1.0,0.0,0.0,0.879576,0.68562,1.25,0.879576,0.0,0.0,0.0,0.0,0.0,0.0,0.0,0.0,0.0,0.0,0.0,0.0,0.0,0.0,0.0,1.0,0.0,0.35,0.05,0.02,0.005,0.003,0.003,0.3078516,0.034281,0.0,0.0,0.033,0.003,0.0
qd_005,QuickDraw,bicycle,skeleton_c30_m20,line_text_skeleton,0.09954597,pass,0.09738897,11,1,0.0,0,0.879576,0.68562,0.0,0.01438,0.0,0,low_jump,qd_005::low_jump,0.1,0.05,0.02,0.005,0.03,0.02,1.0,1.0,0.0,0.0,0.0,0.0,0.0,0.0,0.0,0.0,0.0,0.0,0.0,0.0,0.0,0.0,0.0,0.0,0.0,0.0,0.0,0.0,0.0,0.0,0.0,0.0,1.0,1.25,0.11505126953125,0.16273209549071618,161.0,32.0,0.09738897,11.0,1.0,0.0,0.0,0.879576,0.68562,1.25,0.879576,0.0,0.0,0.0,0.0,0.0,0.0,0.0,0.0,0.0,0.0,0.0,0.0,0.0,0.0,0.0,0.0,1.0,0.1,0.05,0.02,0.005,0.03,0.02,0.08795760000000001,0.034281,0.0,0.0,0.32999999999999996,0.02,0.0
qd_005,QuickDraw,bicycle,skeleton_c30_m4,line_text_skeleton,0.02216811,excellent,0.01639641,2,0,0.0,0,0.989125,0.661522,0.0,0.038478,0.0,1,low_loss,qd_005::low_loss,0.0,0.0,0.0,0.0,0.0,0.0,1.0,1.0,0.0,0.0,0.0,0.0,0.0,0.0,0.0,0.0,0.0,0.0,0.0,0.0,0.0,0.0,0.0,0.0,0.0,0.0,0.0,0.0,0.0,0.0,0.0,0.0,1.0,1.25,0.11505126953125,0.16273209549071618,161.0,32.0,0.01639641,2.0,0.0,0.0,0.0,0.989125,0.661522,1.25,0.989125,0.0,0.0,0.0,0.0,0.0,0.0,0.0,0.0,0.0,0.0,0.0,0.0,1.0,0.0,0.0,0.0,0.0,0.0,0.0,0.0,0.0,0.0,0.0,0.0,0.0,0.0,0.0,0.0,0.0,0.01639641
qd_005,QuickDraw,bicycle,skeleton_c30_m4,line_text_skeleton,0.02216811,excellent,0.01639641,2,0,0.0,0,0.989125,0.661522,0.0,0.038478,0.0,1,balanced,qd_005::balanced,0.1,0.05,0.02,0.005,0.003,0.003,1.0,1.0,0.0,0.0,0.0,0.0,0.0,0.0,0.0,0.0,0.0,0.0,0.0,0.0,0.0,0.0,0.0,0.0,0.0,0.0,0.0,0.0,0.0,0.0,0.0,0.0,1.0,1.25,0.11505126953125,0.16273209549071618,161.0,32.0,0.01639641,2.0,0.0,0.0,0.0,0.989125,0.661522,1.25,0.989125,0.0,0.0,0.0,0.0,0.0,0.0,0.0,0.0,0.0,0.0,0.0,0.0,0.0,1.0,0.0,0.0,0.0,0.1,0.05,0.02,0.005,0.003,0.003,0.09891250000000001,0.033076100000000004,0.0,0.0,0.006,0.0,0.0
qd_005,QuickDraw,bicycle,skeleton_c30_m4,line_text_skeleton,0.02216811,excellent,0.01639641,2,0,0.0,0,0.989125,0.661522,0.0,0.038478,0.0,1,precision,qd_005::precision,0.1,0.2,0.02,0.005,0.003,0.003,1.0,1.0,0.0,0.0,0.0,0.0,0.0,0.0,0.0,0.0,0.0,0.0,0.0,0.0,0.0,0.0,0.0,0.0,0.0,0.0,0.0,0.0,0.0,0.0,0.0,0.0,1.0,1.25,0.11505126953125,0.16273209549071618,161.0,32.0,0.01639641,2.0,0.0,0.0,0.0,0.989125,0.661522,1.25,0.989125,0.0,0.0,0.0,0.0,0.0,0.0,0.0,0.0,0.0,0.0,0.0,0.0,0.0,0.0,1.0,0.0,0.0,0.1,0.2,0.02,0.005,0.003,0.003,0.09891250000000001,0.13230440000000002,0.0,0.0,0.006,0.0,0.0
qd_005,QuickDraw,bicycle,skeleton_c30_m4,line_text_skeleton,0.02216811,excellent,0.01639641,2,0,0.0,0,0.989125,0.661522,0.0,0.038478,0.0,1,coverage,qd_005::coverage,0.35,0.05,0.02,0.005,0.003,0.003,1.0,1.0,0.0,0.0,0.0,0.0,0.0,0.0,0.0,0.0,0.0,0.0,0.0,0.0,0.0,0.0,0.0,0.0,0.0,0.0,0.0,0.0,0.0,0.0,0.0,0.0,1.0,1.25,0.11505126953125,0.16273209549071618,161.0,32.0,0.01639641,2.0,0.0,0.0,0.0,0.989125,0.661522,1.25,0.989125,0.0,0.0,0.0,0.0,0.0,0.0,0.0,0.0,0.0,0.0,0.0,0.0,0.0,0.0,0.0,1.0,0.0,0.35,0.05,0.02,0.005,0.003,0.003,0.34619374999999997,0.033076100000000004,0.0,0.0,0.006,0.0,0.0
qd_005,QuickDraw,bicycle,skeleton_c30_m4,line_text_skeleton,0.02216811,excellent,0.01639641,2,0,0.0,0,0.989125,0.661522,0.0,0.038478,0.0,1,low_jump,qd_005::low_jump,0.1,0.05,0.02,0.005,0.03,0.02,1.0,1.0,0.0,0.0,0.0,0.0,0.0,0.0,0.0,0.0,0.0,0.0,0.0,0.0,0.0,0.0,0.0,0.0,0.0,0.0,0.0,0.0,0.0,0.0,0.0,0.0,1.0,1.25,0.11505126953125,0.16273209549071618,161.0,32.0,0.01639641,2.0,0.0,0.0,0.0,0.989125,0.661522,1.25,0.989125,0.0,0.0,0.0,0.0,0.0,0.0,0.0,0.0,0.0,0.0,0.0,0.0,0.0,0.0,0.0,0.0,1.0,0.1,0.05,0.02,0.005,0.03,0.02,0.09891250000000001,0.033076100000000004,0.0,0.0,0.06,0.0,0.0
qd_005,QuickDraw,bicycle,mask_fill_edgewalk_nearestrow_safeadt_t2m5_r055_a64_rows16_p40,line_text_skeleton,0.16389747,pass,0.11233227,12,2,0.0,0,1.0,0.356232,0.0,0.343768,0.0,0,low_loss,qd_005::low_loss,0.0,0.0,0.0,0.0,0.0,0.0,1.0,0.0,0.0,1.0,1.0,1.0,1.0,0.0,0.0,0.0,0.0,0.0,0.0,0.0,16.0,40.0,0.0,0.0,0.0,0.0,0.0,0.0,0.0,0.0,0.0,0.0,1.0,1.25,0.11505126953125,0.16273209549071618,161.0,32.0,0.11233227,12.0,2.0,0.0,0.0,1.0,0.356232,0.0,0.0,0.0,1.0,1.25,1.0,1.0,0.11505126953125,0.0,0.0,0.0,0.0,0.0,0.0,1.0,0.0,0.0,0.0,0.0,0.0,0.0,0.0,0.0,0.0,0.0,0.0,0.0,0.0,0.0,0.0,0.0,0.11233227
qd_005,QuickDraw,bicycle,mask_fill_edgewalk_nearestrow_safeadt_t2m5_r055_a64_rows16_p40,line_text_skeleton,0.16389747,pass,0.11233227,12,2,0.0,0,1.0,0.356232,0.0,0.343768,0.0,0,balanced,qd_005::balanced,0.1,0.05,0.02,0.005,0.003,0.003,1.0,0.0,0.0,1.0,1.0,1.0,1.0,0.0,0.0,0.0,0.0,0.0,0.0,0.0,16.0,40.0,0.0,0.0,0.0,0.0,0.0,0.0,0.0,0.0,0.0,0.0,1.0,1.25,0.11505126953125,0.16273209549071618,161.0,32.0,0.11233227,12.0,2.0,0.0,0.0,1.0,0.356232,0.0,0.0,0.0,1.0,1.25,1.0,1.0,0.11505126953125,0.0,0.0,0.0,0.0,0.0,0.0,0.0,1.0,0.0,0.0,0.0,0.1,0.05,0.02,0.005,0.003,0.003,0.1,0.0178116,0.0,0.0,0.036000000000000004,0.006,0.0
qd_005,QuickDraw,bicycle,mask_fill_edgewalk_nearestrow_safeadt_t2m5_r055_a64_rows16_p40,line_text_skeleton,0.16389747,pass,0.11233227,12,2,0.0,0,1.0,0.356232,0.0,0.343768,0.0,0,precision,qd_005::precision,0.1,0.2,0.02,0.005,0.003,0.003,1.0,0.0,0.0,1.0,1.0,1.0,1.0,0.0,0.0,0.0,0.0,0.0,0.0,0.0,16.0,40.0,0.0,0.0,0.0,0.0,0.0,0.0,0.0,0.0,0.0,0.0,1.0,1.25,0.11505126953125,0.16273209549071618,161.0,32.0,0.11233227,12.0,2.0,0.0,0.0,1.0,0.356232,0.0,0.0,0.0,1.0,1.25,1.0,1.0,0.11505126953125,0.0,0.0,0.0,0.0,0.0,0.0,0.0,0.0,1.0,0.0,0.0,0.1,0.2,0.02,0.005,0.003,0.003,0.1,0.0712464,0.0,0.0,0.036000000000000004,0.006,0.0
qd_005,QuickDraw,bicycle,mask_fill_edgewalk_nearestrow_safeadt_t2m5_r055_a64_rows16_p40,line_text_skeleton,0.16389747,pass,0.11233227,12,2,0.0,0,1.0,0.356232,0.0,0.343768,0.0,0,coverage,qd_005::coverage,0.35,0.05,0.02,0.005,0.003,0.003,1.0,0.0,0.0,1.0,1.0,1.0,1.0,0.0,0.0,0.0,0.0,0.0,0.0,0.0,16.0,40.0,0.0,0.0,0.0,0.0,0.0,0.0,0.0,0.0,0.0,0.0,1.0,1.25,0.11505126953125,0.16273209549071618,161.0,32.0,0.11233227,12.0,2.0,0.0,0.0,1.0,0.356232,0.0,0.0,0.0,1.0,1.25,1.0,1.0,0.11505126953125,0.0,0.0,0.0,0.0,0.0,0.0,0.0,0.0,0.0,1.0,0.0,0.35,0.05,0.02,0.005,0.003,0.003,0.35,0.0178116,0.0,0.0,0.036000000000000004,0.006,0.0
qd_005,QuickDraw,bicycle,mask_fill_edgewalk_nearestrow_safeadt_t2m5_r055_a64_rows16_p40,line_text_skeleton,0.16389747,pass,0.11233227,12,2,0.0,0,1.0,0.356232,0.0,0.343768,0.0,0,low_jump,qd_005::low_jump,0.1,0.05,0.02,0.005,0.03,0.02,1.0,0.0,0.0,1.0,1.0,1.0,1.0,0.0,0.0,0.0,0.0,0.0,0.0,0.0,16.0,40.0,0.0,0.0,0.0,0.0,0.0,0.0,0.0,0.0,0.0,0.0,1.0,1.25,0.11505126953125,0.16273209549071618,161.0,32.0,0.11233227,12.0,2.0,0.0,0.0,1.0,0.356232,0.0,0.0,0.0,1.0,1.25,1.0,1.0,0.11505126953125,0.0,0.0,0.0,0.0,0.0,0.0,0.0,0.0,0.0,0.0,1.0,0.1,0.05,0.02,0.005,0.03,0.02,0.1,0.0178116,0.0,0.0,0.36,0.04,0.0
qd_006,QuickDraw,bird,mask_fill_edgewalk_nearestrow_inset1_rows16_p40,line_text_skeleton,0.08941619,excellent,0.08104619,9,1,0.0,0,0.988072,0.6442,0.0,0.0558,0.0,0,low_loss,qd_006::low_loss,0.0,0.0,0.0,0.0,0.0,0.0,1.0,0.0,0.0,1.0,1.0,1.0,0.0,1.0,1.0,0.0,1.0,0.0,0.0,0.0,16.0,40.0,0.0,0.0,0.0,0.0,0.0,0.0,0.0,0.0,0.0,0.0,1.0,1.25,0.09210205078125,0.17428760768721008,204.0,27.0,0.08104619,9.0,1.0,0.0,0.0,0.988072,0.6442,0.0,0.0,0.0,0.988072,1.25,0.988072,0.988072,0.09210205078125,0.09210205078125,0.0,0.0,0.0,0.0,0.0,1.0,0.0,0.0,0.0,0.0,0.0,0.0,0.0,0.0,0.0,0.0,0.0,0.0,0.0,0.0,0.0,0.0,0.08104619
qd_006,QuickDraw,bird,mask_fill_edgewalk_nearestrow_inset1_rows16_p40,line_text_skeleton,0.08941619,excellent,0.08104619,9,1,0.0,0,0.988072,0.6442,0.0,0.0558,0.0,0,balanced,qd_006::balanced,0.1,0.05,0.02,0.005,0.003,0.003,1.0,0.0,0.0,1.0,1.0,1.0,0.0,1.0,1.0,0.0,1.0,0.0,0.0,0.0,16.0,40.0,0.0,0.0,0.0,0.0,0.0,0.0,0.0,0.0,0.0,0.0,1.0,1.25,0.09210205078125,0.17428760768721008,204.0,27.0,0.08104619,9.0,1.0,0.0,0.0,0.988072,0.6442,0.0,0.0,0.0,0.988072,1.25,0.988072,0.988072,0.09210205078125,0.09210205078125,0.0,0.0,0.0,0.0,0.0,0.0,1.0,0.0,0.0,0.0,0.1,0.05,0.02,0.005,0.003,0.003,0.0988072,0.03221,0.0,0.0,0.027,0.003,0.0
qd_006,QuickDraw,bird,mask_fill_edgewalk_nearestrow_inset1_rows16_p40,line_text_skeleton,0.08941619,excellent,0.08104619,9,1,0.0,0,0.988072,0.6442,0.0,0.0558,0.0,0,precision,qd_006::precision,0.1,0.2,0.02,0.005,0.003,0.003,1.0,0.0,0.0,1.0,1.0,1.0,0.0,1.0,1.0,0.0,1.0,0.0,0.0,0.0,16.0,40.0,0.0,0.0,0.0,0.0,0.0,0.0,0.0,0.0,0.0,0.0,1.0,1.25,0.09210205078125,0.17428760768721008,204.0,27.0,0.08104619,9.0,1.0,0.0,0.0,0.988072,0.6442,0.0,0.0,0.0,0.988072,1.25,0.988072,0.988072,0.09210205078125,0.09210205078125,0.0,0.0,0.0,0.0,0.0,0.0,0.0,1.0,0.0,0.0,0.1,0.2,0.02,0.005,0.003,0.003,0.0988072,0.12884,0.0,0.0,0.027,0.003,0.0
qd_006,QuickDraw,bird,mask_fill_edgewalk_nearestrow_inset1_rows16_p40,line_text_skeleton,0.08941619,excellent,0.08104619,9,1,0.0,0,0.988072,0.6442,0.0,0.0558,0.0,0,coverage,qd_006::coverage,0.35,0.05,0.02,0.005,0.003,0.003,1.0,0.0,0.0,1.0,1.0,1.0,0.0,1.0,1.0,0.0,1.0,0.0,0.0,0.0,16.0,40.0,0.0,0.0,0.0,0.0,0.0,0.0,0.0,0.0,0.0,0.0,1.0,1.25,0.09210205078125,0.17428760768721008,204.0,27.0,0.08104619,9.0,1.0,0.0,0.0,0.988072,0.6442,0.0,0.0,0.0,0.988072,1.25,0.988072,0.988072,0.09210205078125,0.09210205078125,0.0,0.0,0.0,0.0,0.0,0.0,0.0,0.0,1.0,0.0,0.35,0.05,0.02,0.005,0.003,0.003,0.34582519999999994,0.03221,0.0,0.0,0.027,0.003,0.0
qd_006,QuickDraw,bird,mask_fill_edgewalk_nearestrow_inset1_rows16_p40,line_text_skeleton,0.08941619,excellent,0.08104619,9,1,0.0,0,0.988072,0.6442,0.0,0.0558,0.0,0,low_jump,qd_006::low_jump,0.1,0.05,0.02,0.005,0.03,0.02,1.0,0.0,0.0,1.0,1.0,1.0,0.0,1.0,1.0,0.0,1.0,0.0,0.0,0.0,16.0,40.0,0.0,0.0,0.0,0.0,0.0,0.0,0.0,0.0,0.0,0.0,1.0,1.25,0.09210205078125,0.17428760768721008,204.0,27.0,0.08104619,9.0,1.0,0.0,0.0,0.988072,0.6442,0.0,0.0,0.0,0.988072,1.25,0.988072,0.988072,0.09210205078125,0.09210205078125,0.0,0.0,0.0,0.0,0.0,0.0,0.0,0.0,0.0,1.0,0.1,0.05,0.02,0.005,0.03,0.02,0.0988072,0.03221,0.0,0.0,0.27,0.02,0.0
qd_006,QuickDraw,bird,mask_fill_edgewalk_nearestrow_inset2_rows16_p40,line_text_skeleton,0.08168134,excellent,0.08105764,9,1,0.0,0,0.94831,0.695842,0.0,0.004158,0.0,1,low_loss,qd_006::low_loss,0.0,0.0,0.0,0.0,0.0,0.0,1.0,0.0,0.0,1.0,1.0,1.0,0.0,1.0,0.0,1.0,2.0,0.0,0.0,0.0,16.0,40.0,0.0,0.0,0.0,0.0,0.0,0.0,0.0,0.0,0.0,0.0,1.0,1.25,0.09210205078125,0.17428760768721008,204.0,27.0,0.08105764,9.0,1.0,0.0,0.0,0.94831,0.695842,0.0,0.0,0.0,0.94831,1.25,0.94831,0.94831,0.09210205078125,0.09210205078125,0.09210205078125,0.0,0.0,0.0,0.0,1.0,0.0,0.0,0.0,0.0,0.0,0.0,0.0,0.0,0.0,0.0,0.0,0.0,0.0,0.0,0.0,0.0,0.08105764
qd_006,QuickDraw,bird,mask_fill_edgewalk_nearestrow_inset2_rows16_p40,line_text_skeleton,0.08168134,excellent,0.08105764,9,1,0.0,0,0.94831,0.695842,0.0,0.004158,0.0,1,balanced,qd_006::balanced,0.1,0.05,0.02,0.005,0.003,0.003,1.0,0.0,0.0,1.0,1.0,1.0,0.0,1.0,0.0,1.0,2.0,0.0,0.0,0.0,16.0,40.0,0.0,0.0,0.0,0.0,0.0,0.0,0.0,0.0,0.0,0.0,1.0,1.25,0.09210205078125,0.17428760768721008,204.0,27.0,0.08105764,9.0,1.0,0.0,0.0,0.94831,0.695842,0.0,0.0,0.0,0.94831,1.25,0.94831,0.94831,0.09210205078125,0.09210205078125,0.09210205078125,0.0,0.0,0.0,0.0,0.0,1.0,0.0,0.0,0.0,0.1,0.05,0.02,0.005,0.003,0.003,0.094831,0.0347921,0.0,0.0,0.027,0.003,0.0
qd_006,QuickDraw,bird,mask_fill_edgewalk_nearestrow_inset2_rows16_p40,line_text_skeleton,0.08168134,excellent,0.08105764,9,1,0.0,0,0.94831,0.695842,0.0,0.004158,0.0,1,precision,qd_006::precision,0.1,0.2,0.02,0.005,0.003,0.003,1.0,0.0,0.0,1.0,1.0,1.0,0.0,1.0,0.0,1.0,2.0,0.0,0.0,0.0,16.0,40.0,0.0,0.0,0.0,0.0,0.0,0.0,0.0,0.0,0.0,0.0,1.0,1.25,0.09210205078125,0.17428760768721008,204.0,27.0,0.08105764,9.0,1.0,0.0,0.0,0.94831,0.695842,0.0,0.0,0.0,0.94831,1.25,0.94831,0.94831,0.09210205078125,0.09210205078125,0.09210205078125,0.0,0.0,0.0,0.0,0.0,0.0,1.0,0.0,0.0,0.1,0.2,0.02,0.005,0.003,0.003,0.094831,0.1391684,0.0,0.0,0.027,0.003,0.0
qd_006,QuickDraw,bird,mask_fill_edgewalk_nearestrow_inset2_rows16_p40,line_text_skeleton,0.08168134,excellent,0.08105764,9,1,0.0,0,0.94831,0.695842,0.0,0.004158,0.0,1,coverage,qd_006::coverage,0.35,0.05,0.02,0.005,0.003,0.003,1.0,0.0,0.0,1.0,1.0,1.0,0.0,1.0,0.0,1.0,2.0,0.0,0.0,0.0,16.0,40.0,0.0,0.0,0.0,0.0,0.0,0.0,0.0,0.0,0.0,0.0,1.0,1.25,0.09210205078125,0.17428760768721008,204.0,27.0,0.08105764,9.0,1.0,0.0,0.0,0.94831,0.695842,0.0,0.0,0.0,0.94831,1.25,0.94831,0.94831,0.09210205078125,0.09210205078125,0.09210205078125,0.0,0.0,0.0,0.0,0.0,0.0,0.0,1.0,0.0,0.35,0.05,0.02,0.005,0.003,0.003,0.3319085,0.0347921,0.0,0.0,0.027,0.003,0.0
qd_006,QuickDraw,bird,mask_fill_edgewalk_nearestrow_inset2_rows16_p40,line_text_skeleton,0.08168134,excellent,0.08105764,9,1,0.0,0,0.94831,0.695842,0.0,0.004158,0.0,1,low_jump,qd_006::low_jump,0.1,0.05,0.02,0.005,0.03,0.02,1.0,0.0,0.0,1.0,1.0,1.0,0.0,1.0,0.0,1.0,2.0,0.0,0.0,0.0,16.0,40.0,0.0,0.0,0.0,0.0,0.0,0.0,0.0,0.0,0.0,0.0,1.0,1.25,0.09210205078125,0.17428760768721008,204.0,27.0,0.08105764,9.0,1.0,0.0,0.0,0.94831,0.695842,0.0,0.0,0.0,0.94831,1.25,0.94831,0.94831,0.09210205078125,0.09210205078125,0.09210205078125,0.0,0.0,0.0,0.0,0.0,0.0,0.0,0.0,1.0,0.1,0.05,0.02,0.005,0.03,0.02,0.094831,0.0347921,0.0,0.0,0.27,0.02,0.0
qd_006,QuickDraw,bird,mask_fill_edgewalk_nearestrow_rows16_p40,line_text_skeleton,0.12671811,pass,0.10343541,11,2,0.0,0,0.999669,0.544782,0.0,0.155218,0.0,0,low_loss,qd_006::low_loss,0.0,0.0,0.0,0.0,0.0,0.0,1.0,0.0,0.0,1.0,1.0,1.0,1.0,0.0,0.0,0.0,0.0,0.0,0.0,0.0,16.0,40.0,0.0,0.0,0.0,0.0,0.0,0.0,0.0,0.0,0.0,0.0,1.0,1.25,0.09210205078125,0.17428760768721008,204.0,27.0,0.10343541,11.0,2.0,0.0,0.0,0.999669,0.544782,0.0,0.0,0.0,0.999669,1.25,0.999669,0.999669,0.09210205078125,0.0,0.0,0.0,0.0,0.0,0.0,1.0,0.0,0.0,0.0,0.0,0.0,0.0,0.0,0.0,0.0,0.0,0.0,0.0,0.0,0.0,0.0,0.0,0.10343541
qd_006,QuickDraw,bird,mask_fill_edgewalk_nearestrow_rows16_p40,line_text_skeleton,0.12671811,pass,0.10343541,11,2,0.0,0,0.999669,0.544782,0.0,0.155218,0.0,0,balanced,qd_006::balanced,0.1,0.05,0.02,0.005,0.003,0.003,1.0,0.0,0.0,1.0,1.0,1.0,1.0,0.0,0.0,0.0,0.0,0.0,0.0,0.0,16.0,40.0,0.0,0.0,0.0,0.0,0.0,0.0,0.0,0.0,0.0,0.0,1.0,1.25,0.09210205078125,0.17428760768721008,204.0,27.0,0.10343541,11.0,2.0,0.0,0.0,0.999669,0.544782,0.0,0.0,0.0,0.999669,1.25,0.999669,0.999669,0.09210205078125,0.0,0.0,0.0,0.0,0.0,0.0,0.0,1.0,0.0,0.0,0.0,0.1,0.05,0.02,0.005,0.003,0.003,0.09996690000000001,0.027239100000000002,0.0,0.0,0.033,0.006,0.0
qd_006,QuickDraw,bird,mask_fill_edgewalk_nearestrow_rows16_p40,line_text_skeleton,0.12671811,pass,0.10343541,11,2,0.0,0,0.999669,0.544782,0.0,0.155218,0.0,0,precision,qd_006::precision,0.1,0.2,0.02,0.005,0.003,0.003,1.0,0.0,0.0,1.0,1.0,1.0,1.0,0.0,0.0,0.0,0.0,0.0,0.0,0.0,16.0,40.0,0.0,0.0,0.0,0.0,0.0,0.0,0.0,0.0,0.0,0.0,1.0,1.25,0.09210205078125,0.17428760768721008,204.0,27.0,0.10343541,11.0,2.0,0.0,0.0,0.999669,0.544782,0.0,0.0,0.0,0.999669,1.25,0.999669,0.999669,0.09210205078125,0.0,0.0,0.0,0.0,0.0,0.0,0.0,0.0,1.0,0.0,0.0,0.1,0.2,0.02,0.005,0.003,0.003,0.09996690000000001,0.10895640000000001,0.0,0.0,0.033,0.006,0.0
qd_006,QuickDraw,bird,mask_fill_edgewalk_nearestrow_rows16_p40,line_text_skeleton,0.12671811,pass,0.10343541,11,2,0.0,0,0.999669,0.544782,0.0,0.155218,0.0,0,coverage,qd_006::coverage,0.35,0.05,0.02,0.005,0.003,0.003,1.0,0.0,0.0,1.0,1.0,1.0,1.0,0.0,0.0,0.0,0.0,0.0,0.0,0.0,16.0,40.0,0.0,0.0,0.0,0.0,0.0,0.0,0.0,0.0,0.0,0.0,1.0,1.25,0.09210205078125,0.17428760768721008,204.0,27.0,0.10343541,11.0,2.0,0.0,0.0,0.999669,0.544782,0.0,0.0,0.0,0.999669,1.25,0.999669,0.999669,0.09210205078125,0.0,0.0,0.0,0.0,0.0,0.0,0.0,0.0,0.0,1.0,0.0,0.35,0.05,0.02,0.005,0.003,0.003,0.34988415,0.027239100000000002,0.0,0.0,0.033,0.006,0.0
qd_006,QuickDraw,bird,mask_fill_edgewalk_nearestrow_rows16_p40,line_text_skeleton,0.12671811,pass,0.10343541,11,2,0.0,0,0.999669,0.544782,0.0,0.155218,0.0,0,low_jump,qd_006::low_jump,0.1,0.05,0.02,0.005,0.03,0.02,1.0,0.0,0.0,1.0,1.0,1.0,1.0,0.0,0.0,0.0,0.0,0.0,0.0,0.0,16.0,40.0,0.0,0.0,0.0,0.0,0.0,0.0,0.0,0.0,0.0,0.0,1.0,1.25,0.09210205078125,0.17428760768721008,204.0,27.0,0.10343541,11.0,2.0,0.0,0.0,0.999669,0.544782,0.0,0.0,0.0,0.999669,1.25,0.999669,0.999669,0.09210205078125,0.0,0.0,0.0,0.0,0.0,0.0,0.0,0.0,0.0,0.0,1.0,0.1,0.05,0.02,0.005,0.03,0.02,0.09996690000000001,0.027239100000000002,0.0,0.0,0.32999999999999996,0.04,0.0
qd_006,QuickDraw,bird,mask_fill_edgewalk_rows16_p40,line_text_skeleton,0.38480251,hard_fail,0.30220596,35,7,2.1404,0,0.999669,0.416023,0.0,0.283977,0.04,0,low_loss,qd_006::low_loss,0.0,0.0,0.0,0.0,0.0,0.0,1.0,0.0,0.0,1.0,1.0,0.0,0.0,0.0,0.0,0.0,0.0,0.0,0.0,0.0,16.0,40.0,0.0,0.0,0.0,0.0,0.0,0.0,0.0,0.0,0.0,0.0,1.0,1.25,0.09210205078125,0.17428760768721008,204.0,27.0,0.30220596,35.0,7.0,2.1404,0.0,0.999669,0.416023,0.0,0.0,0.0,0.999669,1.25,0.999669,0.0,0.0,0.0,0.0,0.0,0.0,0.0,0.0,1.0,0.0,0.0,0.0,0.0,0.0,0.0,0.0,0.0,0.0,0.0,0.0,0.0,0.0,0.0,0.0,0.0,0.30220596
qd_006,QuickDraw,bird,mask_fill_edgewalk_rows16_p40,line_text_skeleton,0.38480251,hard_fail,0.30220596,35,7,2.1404,0,0.999669,0.416023,0.0,0.283977,0.04,0,balanced,qd_006::balanced,0.1,0.05,0.02,0.005,0.003,0.003,1.0,0.0,0.0,1.0,1.0,0.0,0.0,0.0,0.0,0.0,0.0,0.0,0.0,0.0,16.0,40.0,0.0,0.0,0.0,0.0,0.0,0.0,0.0,0.0,0.0,0.0,1.0,1.25,0.09210205078125,0.17428760768721008,204.0,27.0,0.30220596,35.0,7.0,2.1404,0.0,0.999669,0.416023,0.0,0.0,0.0,0.999669,1.25,0.999669,0.0,0.0,0.0,0.0,0.0,0.0,0.0,0.0,0.0,1.0,0.0,0.0,0.0,0.1,0.05,0.02,0.005,0.003,0.003,0.09996690000000001,0.02080115,0.042808000000000006,0.0,0.105,0.021,0.0
qd_006,QuickDraw,bird,mask_fill_edgewalk_rows16_p40,line_text_skeleton,0.38480251,hard_fail,0.30220596,35,7,2.1404,0,0.999669,0.416023,0.0,0.283977,0.04,0,precision,qd_006::precision,0.1,0.2,0.02,0.005,0.003,0.003,1.0,0.0,0.0,1.0,1.0,0.0,0.0,0.0,0.0,0.0,0.0,0.0,0.0,0.0,16.0,40.0,0.0,0.0,0.0,0.0,0.0,0.0,0.0,0.0,0.0,0.0,1.0,1.25,0.09210205078125,0.17428760768721008,204.0,27.0,0.30220596,35.0,7.0,2.1404,0.0,0.999669,0.416023,0.0,0.0,0.0,0.999669,1.25,0.999669,0.0,0.0,0.0,0.0,0.0,0.0,0.0,0.0,0.0,0.0,1.0,0.0,0.0,0.1,0.2,0.02,0.005,0.003,0.003,0.09996690000000001,0.0832046,0.042808000000000006,0.0,0.105,0.021,0.0
qd_006,QuickDraw,bird,mask_fill_edgewalk_rows16_p40,line_text_skeleton,0.38480251,hard_fail,0.30220596,35,7,2.1404,0,0.999669,0.416023,0.0,0.283977,0.04,0,coverage,qd_006::coverage,0.35,0.05,0.02,0.005,0.003,0.003,1.0,0.0,0.0,1.0,1.0,0.0,0.0,0.0,0.0,0.0,0.0,0.0,0.0,0.0,16.0,40.0,0.0,0.0,0.0,0.0,0.0,0.0,0.0,0.0,0.0,0.0,1.0,1.25,0.09210205078125,0.17428760768721008,204.0,27.0,0.30220596,35.0,7.0,2.1404,0.0,0.999669,0.416023,0.0,0.0,0.0,0.999669,1.25,0.999669,0.0,0.0,0.0,0.0,0.0,0.0,0.0,0.0,0.0,0.0,0.0,1.0,0.0,0.35,0.05,0.02,0.005,0.003,0.003,0.34988415,0.02080115,0.042808000000000006,0.0,0.105,0.021,0.0
qd_006,QuickDraw,bird,mask_fill_edgewalk_rows16_p40,line_text_skeleton,0.38480251,hard_fail,0.30220596,35,7,2.1404,0,0.999669,0.416023,0.0,0.283977,0.04,0,low_jump,qd_006::low_jump,0.1,0.05,0.02,0.005,0.03,0.02,1.0,0.0,0.0,1.0,1.0,0.0,0.0,0.0,0.0,0.0,0.0,0.0,0.0,0.0,16.0,40.0,0.0,0.0,0.0,0.0,0.0,0.0,0.0,0.0,0.0,0.0,1.0,1.25,0.09210205078125,0.17428760768721008,204.0,27.0,0.30220596,35.0,7.0,2.1404,0.0,0.999669,0.416023,0.0,0.0,0.0,0.999669,1.25,0.999669,0.0,0.0,0.0,0.0,0.0,0.0,0.0,0.0,0.0,0.0,0.0,0.0,1.0,0.1,0.05,0.02,0.005,0.03,0.02,0.09996690000000001,0.02080115,0.042808000000000006,0.0,1.05,0.14,0.0
qd_006,QuickDraw,bird,auto_evalrepair_r10_c20,line_text_skeleton,0.1073629,pass,0.10584235,12,1,0.0,0,0.967362,0.689863,0.0,0.010137,0.0,0,low_loss,qd_006::low_loss,0.0,0.0,0.0,0.0,0.0,0.0,1.0,0.0,1.0,0.0,0.0,0.0,0.0,0.0,0.0,0.0,0.0,0.0,0.0,0.0,0.0,0.0,0.0,0.0,0.0,0.0,0.0,0.0,0.0,0.0,0.0,0.0,1.0,1.25,0.09210205078125,0.17428760768721008,204.0,27.0,0.10584235,12.0,1.0,0.0,0.0,0.967362,0.689863,0.0,0.0,0.967362,0.0,0.0,0.0,0.0,0.0,0.0,0.0,0.0,0.0,0.0,0.0,1.0,0.0,0.0,0.0,0.0,0.0,0.0,0.0,0.0,0.0,0.0,0.0,0.0,0.0,0.0,0.0,0.0,0.10584235
qd_006,QuickDraw,bird,auto_evalrepair_r10_c20,line_text_skeleton,0.1073629,pass,0.10584235,12,1,0.0,0,0.967362,0.689863,0.0,0.010137,0.0,0,balanced,qd_006::balanced,0.1,0.05,0.02,0.005,0.003,0.003,1.0,0.0,1.0,0.0,0.0,0.0,0.0,0.0,0.0,0.0,0.0,0.0,0.0,0.0,0.0,0.0,0.0,0.0,0.0,0.0,0.0,0.0,0.0,0.0,0.0,0.0,1.0,1.25,0.09210205078125,0.17428760768721008,204.0,27.0,0.10584235,12.0,1.0,0.0,0.0,0.967362,0.689863,0.0,0.0,0.967362,0.0,0.0,0.0,0.0,0.0,0.0,0.0,0.0,0.0,0.0,0.0,0.0,1.0,0.0,0.0,0.0,0.1,0.05,0.02,0.005,0.003,0.003,0.09673620000000001,0.03449315,0.0,0.0,0.036000000000000004,0.003,0.0
qd_006,QuickDraw,bird,auto_evalrepair_r10_c20,line_text_skeleton,0.1073629,pass,0.10584235,12,1,0.0,0,0.967362,0.689863,0.0,0.010137,0.0,0,precision,qd_006::precision,0.1,0.2,0.02,0.005,0.003,0.003,1.0,0.0,1.0,0.0,0.0,0.0,0.0,0.0,0.0,0.0,0.0,0.0,0.0,0.0,0.0,0.0,0.0,0.0,0.0,0.0,0.0,0.0,0.0,0.0,0.0,0.0,1.0,1.25,0.09210205078125,0.17428760768721008,204.0,27.0,0.10584235,12.0,1.0,0.0,0.0,0.967362,0.689863,0.0,0.0,0.967362,0.0,0.0,0.0,0.0,0.0,0.0,0.0,0.0,0.0,0.0,0.0,0.0,0.0,1.0,0.0,0.0,0.1,0.2,0.02,0.005,0.003,0.003,0.09673620000000001,0.1379726,0.0,0.0,0.036000000000000004,0.003,0.0
qd_006,QuickDraw,bird,auto_evalrepair_r10_c20,line_text_skeleton,0.1073629,pass,0.10584235,12,1,0.0,0,0.967362,0.689863,0.0,0.010137,0.0,0,coverage,qd_006::coverage,0.35,0.05,0.02,0.005,0.003,0.003,1.0,0.0,1.0,0.0,0.0,0.0,0.0,0.0,0.0,0.0,0.0,0.0,0.0,0.0,0.0,0.0,0.0,0.0,0.0,0.0,0.0,0.0,0.0,0.0,0.0,0.0,1.0,1.25,0.09210205078125,0.17428760768721008,204.0,27.0,0.10584235,12.0,1.0,0.0,0.0,0.967362,0.689863,0.0,0.0,0.967362,0.0,0.0,0.0,0.0,0.0,0.0,0.0,0.0,0.0,0.0,0.0,0.0,0.0,0.0,1.0,0.0,0.35,0.05,0.02,0.005,0.003,0.003,0.3385767,0.03449315,0.0,0.0,0.036000000000000004,0.003,0.0
qd_006,QuickDraw,bird,auto_evalrepair_r10_c20,line_text_skeleton,0.1073629,pass,0.10584235,12,1,0.0,0,0.967362,0.689863,0.0,0.010137,0.0,0,low_jump,qd_006::low_jump,0.1,0.05,0.02,0.005,0.03,0.02,1.0,0.0,1.0,0.0,0.0,0.0,0.0,0.0,0.0,0.0,0.0,0.0,0.0,0.0,0.0,0.0,0.0,0.0,0.0,0.0,0.0,0.0,0.0,0.0,0.0,0.0,1.0,1.25,0.09210205078125,0.17428760768721008,204.0,27.0,0.10584235,12.0,1.0,0.0,0.0,0.967362,0.689863,0.0,0.0,0.967362,0.0,0.0,0.0,0.0,0.0,0.0,0.0,0.0,0.0,0.0,0.0,0.0,0.0,0.0,0.0,1.0,0.1,0.05,0.02,0.005,0.03,0.02,0.09673620000000001,0.03449315,0.0,0.0,0.36,0.02,0.0
qd_006,QuickDraw,bird,skeleton_c30_m20,line_text_skeleton,0.12050185,pass,0.11495155,13,1,0.0,0,0.808317,0.662998,0.0,0.037002,0.0,0,low_loss,qd_006::low_loss,0.0,0.0,0.0,0.0,0.0,0.0,1.0,1.0,0.0,0.0,0.0,0.0,0.0,0.0,0.0,0.0,0.0,0.0,0.0,0.0,0.0,0.0,0.0,0.0,0.0,0.0,0.0,0.0,0.0,0.0,0.0,0.0,1.0,1.25,0.09210205078125,0.17428760768721008,204.0,27.0,0.11495155,13.0,1.0,0.0,0.0,0.808317,0.662998,1.25,0.808317,0.0,0.0,0.0,0.0,0.0,0.0,0.0,0.0,0.0,0.0,0.0,0.0,1.0,0.0,0.0,0.0,0.0,0.0,0.0,0.0,0.0,0.0,0.0,0.0,0.0,0.0,0.0,0.0,0.0,0.11495155
qd_006,QuickDraw,bird,skeleton_c30_m20,line_text_skeleton,0.12050185,pass,0.11495155,13,1,0.0,0,0.808317,0.662998,0.0,0.037002,0.0,0,balanced,qd_006::balanced,0.1,0.05,0.02,0.005,0.003,0.003,1.0,1.0,0.0,0.0,0.0,0.0,0.0,0.0,0.0,0.0,0.0,0.0,0.0,0.0,0.0,0.0,0.0,0.0,0.0,0.0,0.0,0.0,0.0,0.0,0.0,0.0,1.0,1.25,0.09210205078125,0.17428760768721008,204.0,27.0,0.11495155,13.0,1.0,0.0,0.0,0.808317,0.662998,1.25,0.808317,0.0,0.0,0.0,0.0,0.0,0.0,0.0,0.0,0.0,0.0,0.0,0.0,0.0,1.0,0.0,0.0,0.0,0.1,0.05,0.02,0.005,0.003,0.003,0.0808317,0.0331499,0.0,0.0,0.039,0.003,0.0
qd_006,QuickDraw,bird,skeleton_c30_m20,line_text_skeleton,0.12050185,pass,0.11495155,13,1,0.0,0,0.808317,0.662998,0.0,0.037002,0.0,0,precision,qd_006::precision,0.1,0.2,0.02,0.005,0.003,0.003,1.0,1.0,0.0,0.0,0.0,0.0,0.0,0.0,0.0,0.0,0.0,0.0,0.0,0.0,0.0,0.0,0.0,0.0,0.0,0.0,0.0,0.0,0.0,0.0,0.0,0.0,1.0,1.25,0.09210205078125,0.17428760768721008,204.0,27.0,0.11495155,13.0,1.0,0.0,0.0,0.808317,0.662998,1.25,0.808317,0.0,0.0,0.0,0.0,0.0,0.0,0.0,0.0,0.0,0.0,0.0,0.0,0.0,0.0,1.0,0.0,0.0,0.1,0.2,0.02,0.005,0.003,0.003,0.0808317,0.1325996,0.0,0.0,0.039,0.003,0.0
qd_006,QuickDraw,bird,skeleton_c30_m20,line_text_skeleton,0.12050185,pass,0.11495155,13,1,0.0,0,0.808317,0.662998,0.0,0.037002,0.0,0,coverage,qd_006::coverage,0.35,0.05,0.02,0.005,0.003,0.003,1.0,1.0,0.0,0.0,0.0,0.0,0.0,0.0,0.0,0.0,0.0,0.0,0.0,0.0,0.0,0.0,0.0,0.0,0.0,0.0,0.0,0.0,0.0,0.0,0.0,0.0,1.0,1.25,0.09210205078125,0.17428760768721008,204.0,27.0,0.11495155,13.0,1.0,0.0,0.0,0.808317,0.662998,1.25,0.808317,0.0,0.0,0.0,0.0,0.0,0.0,0.0,0.0,0.0,0.0,0.0,0.0,0.0,0.0,0.0,1.0,0.0,0.35,0.05,0.02,0.005,0.003,0.003,0.28291094999999994,0.0331499,0.0,0.0,0.039,0.003,0.0
qd_006,QuickDraw,bird,skeleton_c30_m20,line_text_skeleton,0.12050185,pass,0.11495155,13,1,0.0,0,0.808317,0.662998,0.0,0.037002,0.0,0,low_jump,qd_006::low_jump,0.1,0.05,0.02,0.005,0.03,0.02,1.0,1.0,0.0,0.0,0.0,0.0,0.0,0.0,0.0,0.0,0.0,0.0,0.0,0.0,0.0,0.0,0.0,0.0,0.0,0.0,0.0,0.0,0.0,0.0,0.0,0.0,1.0,1.25,0.09210205078125,0.17428760768721008,204.0,27.0,0.11495155,13.0,1.0,0.0,0.0,0.808317,0.662998,1.25,0.808317,0.0,0.0,0.0,0.0,0.0,0.0,0.0,0.0,0.0,0.0,0.0,0.0,0.0,0.0,0.0,0.0,1.0,0.1,0.05,0.02,0.005,0.03,0.02,0.0808317,0.0331499,0.0,0.0,0.39,0.02,0.0
qd_006,QuickDraw,bird,skeleton_c30_m4,line_text_skeleton,0.1073629,pass,0.10584235,12,1,0.0,0,0.967362,0.689863,0.0,0.010137,0.0,0,low_loss,qd_006::low_loss,0.0,0.0,0.0,0.0,0.0,0.0,1.0,1.0,0.0,0.0,0.0,0.0,0.0,0.0,0.0,0.0,0.0,0.0,0.0,0.0,0.0,0.0,0.0,0.0,0.0,0.0,0.0,0.0,0.0,0.0,0.0,0.0,1.0,1.25,0.09210205078125,0.17428760768721008,204.0,27.0,0.10584235,12.0,1.0,0.0,0.0,0.967362,0.689863,1.25,0.967362,0.0,0.0,0.0,0.0,0.0,0.0,0.0,0.0,0.0,0.0,0.0,0.0,1.0,0.0,0.0,0.0,0.0,0.0,0.0,0.0,0.0,0.0,0.0,0.0,0.0,0.0,0.0,0.0,0.0,0.10584235
qd_006,QuickDraw,bird,skeleton_c30_m4,line_text_skeleton,0.1073629,pass,0.10584235,12,1,0.0,0,0.967362,0.689863,0.0,0.010137,0.0,0,balanced,qd_006::balanced,0.1,0.05,0.02,0.005,0.003,0.003,1.0,1.0,0.0,0.0,0.0,0.0,0.0,0.0,0.0,0.0,0.0,0.0,0.0,0.0,0.0,0.0,0.0,0.0,0.0,0.0,0.0,0.0,0.0,0.0,0.0,0.0,1.0,1.25,0.09210205078125,0.17428760768721008,204.0,27.0,0.10584235,12.0,1.0,0.0,0.0,0.967362,0.689863,1.25,0.967362,0.0,0.0,0.0,0.0,0.0,0.0,0.0,0.0,0.0,0.0,0.0,0.0,0.0,1.0,0.0,0.0,0.0,0.1,0.05,0.02,0.005,0.003,0.003,0.09673620000000001,0.03449315,0.0,0.0,0.036000000000000004,0.003,0.0
qd_006,QuickDraw,bird,skeleton_c30_m4,line_text_skeleton,0.1073629,pass,0.10584235,12,1,0.0,0,0.967362,0.689863,0.0,0.010137,0.0,0,precision,qd_006::precision,0.1,0.2,0.02,0.005,0.003,0.003,1.0,1.0,0.0,0.0,0.0,0.0,0.0,0.0,0.0,0.0,0.0,0.0,0.0,0.0,0.0,0.0,0.0,0.0,0.0,0.0,0.0,0.0,0.0,0.0,0.0,0.0,1.0,1.25,0.09210205078125,0.17428760768721008,204.0,27.0,0.10584235,12.0,1.0,0.0,0.0,0.967362,0.689863,1.25,0.967362,0.0,0.0,0.0,0.0,0.0,0.0,0.0,0.0,0.0,0.0,0.0,0.0,0.0,0.0,1.0,0.0,0.0,0.1,0.2,0.02,0.005,0.003,0.003,0.09673620000000001,0.1379726,0.0,0.0,0.036000000000000004,0.003,0.0
qd_006,QuickDraw,bird,skeleton_c30_m4,line_text_skeleton,0.1073629,pass,0.10584235,12,1,0.0,0,0.967362,0.689863,0.0,0.010137,0.0,0,coverage,qd_006::coverage,0.35,0.05,0.02,0.005,0.003,0.003,1.0,1.0,0.0,0.0,0.0,0.0,0.0,0.0,0.0,0.0,0.0,0.0,0.0,0.0,0.0,0.0,0.0,0.0,0.0,0.0,0.0,0.0,0.0,0.0,0.0,0.0,1.0,1.25,0.09210205078125,0.17428760768721008,204.0,27.0,0.10584235,12.0,1.0,0.0,0.0,0.967362,0.689863,1.25,0.967362,0.0,0.0,0.0,0.0,0.0,0.0,0.0,0.0,0.0,0.0,0.0,0.0,0.0,0.0,0.0,1.0,0.0,0.35,0.05,0.02,0.005,0.003,0.003,0.3385767,0.03449315,0.0,0.0,0.036000000000000004,0.003,0.0
qd_006,QuickDraw,bird,skeleton_c30_m4,line_text_skeleton,0.1073629,pass,0.10584235,12,1,0.0,0,0.967362,0.689863,0.0,0.010137,0.0,0,low_jump,qd_006::low_jump,0.1,0.05,0.02,0.005,0.03,0.02,1.0,1.0,0.0,0.0,0.0,0.0,0.0,0.0,0.0,0.0,0.0,0.0,0.0,0.0,0.0,0.0,0.0,0.0,0.0,0.0,0.0,0.0,0.0,0.0,0.0,0.0,1.0,1.25,0.09210205078125,0.17428760768721008,204.0,27.0,0.10584235,12.0,1.0,0.0,0.0,0.967362,0.689863,1.25,0.967362,0.0,0.0,0.0,0.0,0.0,0.0,0.0,0.0,0.0,0.0,0.0,0.0,0.0,0.0,0.0,0.0,1.0,0.1,0.05,0.02,0.005,0.03,0.02,0.09673620000000001,0.03449315,0.0,0.0,0.36,0.02,0.0
qd_006,QuickDraw,bird,mask_fill_edgewalk_nearestrow_safeadt_t2m5_r055_a64_rows16_p40,line_text_skeleton,0.13593727,excellent,0.08105632,9,1,0.0,0,1.0,0.334127,0.0,0.365873,0.0,0,low_loss,qd_006::low_loss,0.0,0.0,0.0,0.0,0.0,0.0,1.0,0.0,0.0,1.0,1.0,1.0,1.0,0.0,0.0,0.0,0.0,0.0,0.0,0.0,16.0,40.0,0.0,0.0,0.0,0.0,0.0,0.0,0.0,0.0,0.0,0.0,1.0,1.25,0.09210205078125,0.17428760768721008,204.0,27.0,0.08105632,9.0,1.0,0.0,0.0,1.0,0.334127,0.0,0.0,0.0,1.0,1.25,1.0,1.0,0.09210205078125,0.0,0.0,0.0,0.0,0.0,0.0,1.0,0.0,0.0,0.0,0.0,0.0,0.0,0.0,0.0,0.0,0.0,0.0,0.0,0.0,0.0,0.0,0.0,0.08105632
qd_006,QuickDraw,bird,mask_fill_edgewalk_nearestrow_safeadt_t2m5_r055_a64_rows16_p40,line_text_skeleton,0.13593727,excellent,0.08105632,9,1,0.0,0,1.0,0.334127,0.0,0.365873,0.0,0,balanced,qd_006::balanced,0.1,0.05,0.02,0.005,0.003,0.003,1.0,0.0,0.0,1.0,1.0,1.0,1.0,0.0,0.0,0.0,0.0,0.0,0.0,0.0,16.0,40.0,0.0,0.0,0.0,0.0,0.0,0.0,0.0,0.0,0.0,0.0,1.0,1.25,0.09210205078125,0.17428760768721008,204.0,27.0,0.08105632,9.0,1.0,0.0,0.0,1.0,0.334127,0.0,0.0,0.0,1.0,1.25,1.0,1.0,0.09210205078125,0.0,0.0,0.0,0.0,0.0,0.0,0.0,1.0,0.0,0.0,0.0,0.1,0.05,0.02,0.005,0.003,0.003,0.1,0.016706350000000002,0.0,0.0,0.027,0.003,0.0
qd_006,QuickDraw,bird,mask_fill_edgewalk_nearestrow_safeadt_t2m5_r055_a64_rows16_p40,line_text_skeleton,0.13593727,excellent,0.08105632,9,1,0.0,0,1.0,0.334127,0.0,0.365873,0.0,0,precision,qd_006::precision,0.1,0.2,0.02,0.005,0.003,0.003,1.0,0.0,0.0,1.0,1.0,1.0,1.0,0.0,0.0,0.0,0.0,0.0,0.0,0.0,16.0,40.0,0.0,0.0,0.0,0.0,0.0,0.0,0.0,0.0,0.0,0.0,1.0,1.25,0.09210205078125,0.17428760768721008,204.0,27.0,0.08105632,9.0,1.0,0.0,0.0,1.0,0.334127,0.0,0.0,0.0,1.0,1.25,1.0,1.0,0.09210205078125,0.0,0.0,0.0,0.0,0.0,0.0,0.0,0.0,1.0,0.0,0.0,0.1,0.2,0.02,0.005,0.003,0.003,0.1,0.06682540000000001,0.0,0.0,0.027,0.003,0.0
qd_006,QuickDraw,bird,mask_fill_edgewalk_nearestrow_safeadt_t2m5_r055_a64_rows16_p40,line_text_skeleton,0.13593727,excellent,0.08105632,9,1,0.0,0,1.0,0.334127,0.0,0.365873,0.0,0,coverage,qd_006::coverage,0.35,0.05,0.02,0.005,0.003,0.003,1.0,0.0,0.0,1.0,1.0,1.0,1.0,0.0,0.0,0.0,0.0,0.0,0.0,0.0,16.0,40.0,0.0,0.0,0.0,0.0,0.0,0.0,0.0,0.0,0.0,0.0,1.0,1.25,0.09210205078125,0.17428760768721008,204.0,27.0,0.08105632,9.0,1.0,0.0,0.0,1.0,0.334127,0.0,0.0,0.0,1.0,1.25,1.0,1.0,0.09210205078125,0.0,0.0,0.0,0.0,0.0,0.0,0.0,0.0,0.0,1.0,0.0,0.35,0.05,0.02,0.005,0.003,0.003,0.35,0.016706350000000002,0.0,0.0,0.027,0.003,0.0
qd_006,QuickDraw,bird,mask_fill_edgewalk_nearestrow_safeadt_t2m5_r055_a64_rows16_p40,line_text_skeleton,0.13593727,excellent,0.08105632,9,1,0.0,0,1.0,0.334127,0.0,0.365873,0.0,0,low_jump,qd_006::low_jump,0.1,0.05,0.02,0.005,0.03,0.02,1.0,0.0,0.0,1.0,1.0,1.0,1.0,0.0,0.0,0.0,0.0,0.0,0.0,0.0,16.0,40.0,0.0,0.0,0.0,0.0,0.0,0.0,0.0,0.0,0.0,0.0,1.0,1.25,0.09210205078125,0.17428760768721008,204.0,27.0,0.08105632,9.0,1.0,0.0,0.0,1.0,0.334127,0.0,0.0,0.0,1.0,1.25,1.0,1.0,0.09210205078125,0.0,0.0,0.0,0.0,0.0,0.0,0.0,0.0,0.0,0.0,1.0,0.1,0.05,0.02,0.005,0.03,0.02,0.1,0.016706350000000002,0.0,0.0,0.27,0.02,0.0
qd_007,QuickDraw,moon,mask_fill_edgewalk_nearestrow_inset1_rows16_p40,line_text_skeleton,0.15688845,pass,0.1429188,15,3,0.0,0,0.989225,0.606869,0.0,0.093131,0.0,0,low_loss,qd_007::low_loss,0.0,0.0,0.0,0.0,0.0,0.0,1.0,0.0,0.0,1.0,1.0,1.0,0.0,1.0,1.0,0.0,1.0,0.0,0.0,0.0,16.0,40.0,0.0,0.0,0.0,0.0,0.0,0.0,0.0,0.0,0.0,0.0,1.0,1.25,0.123199462890625,0.18640079266782264,230.0,27.0,0.1429188,15.0,3.0,0.0,0.0,0.989225,0.606869,0.0,0.0,0.0,0.989225,1.25,0.989225,0.989225,0.123199462890625,0.123199462890625,0.0,0.0,0.0,0.0,0.0,1.0,0.0,0.0,0.0,0.0,0.0,0.0,0.0,0.0,0.0,0.0,0.0,0.0,0.0,0.0,0.0,0.0,0.1429188
qd_007,QuickDraw,moon,mask_fill_edgewalk_nearestrow_inset1_rows16_p40,line_text_skeleton,0.15688845,pass,0.1429188,15,3,0.0,0,0.989225,0.606869,0.0,0.093131,0.0,0,balanced,qd_007::balanced,0.1,0.05,0.02,0.005,0.003,0.003,1.0,0.0,0.0,1.0,1.0,1.0,0.0,1.0,1.0,0.0,1.0,0.0,0.0,0.0,16.0,40.0,0.0,0.0,0.0,0.0,0.0,0.0,0.0,0.0,0.0,0.0,1.0,1.25,0.123199462890625,0.18640079266782264,230.0,27.0,0.1429188,15.0,3.0,0.0,0.0,0.989225,0.606869,0.0,0.0,0.0,0.989225,1.25,0.989225,0.989225,0.123199462890625,0.123199462890625,0.0,0.0,0.0,0.0,0.0,0.0,1.0,0.0,0.0,0.0,0.1,0.05,0.02,0.005,0.003,0.003,0.09892250000000001,0.03034345,0.0,0.0,0.045,0.009000000000000001,0.0
qd_007,QuickDraw,moon,mask_fill_edgewalk_nearestrow_inset1_rows16_p40,line_text_skeleton,0.15688845,pass,0.1429188,15,3,0.0,0,0.989225,0.606869,0.0,0.093131,0.0,0,precision,qd_007::precision,0.1,0.2,0.02,0.005,0.003,0.003,1.0,0.0,0.0,1.0,1.0,1.0,0.0,1.0,1.0,0.0,1.0,0.0,0.0,0.0,16.0,40.0,0.0,0.0,0.0,0.0,0.0,0.0,0.0,0.0,0.0,0.0,1.0,1.25,0.123199462890625,0.18640079266782264,230.0,27.0,0.1429188,15.0,3.0,0.0,0.0,0.989225,0.606869,0.0,0.0,0.0,0.989225,1.25,0.989225,0.989225,0.123199462890625,0.123199462890625,0.0,0.0,0.0,0.0,0.0,0.0,0.0,1.0,0.0,0.0,0.1,0.2,0.02,0.005,0.003,0.003,0.09892250000000001,0.1213738,0.0,0.0,0.045,0.009000000000000001,0.0
qd_007,QuickDraw,moon,mask_fill_edgewalk_nearestrow_inset1_rows16_p40,line_text_skeleton,0.15688845,pass,0.1429188,15,3,0.0,0,0.989225,0.606869,0.0,0.093131,0.0,0,coverage,qd_007::coverage,0.35,0.05,0.02,0.005,0.003,0.003,1.0,0.0,0.0,1.0,1.0,1.0,0.0,1.0,1.0,0.0,1.0,0.0,0.0,0.0,16.0,40.0,0.0,0.0,0.0,0.0,0.0,0.0,0.0,0.0,0.0,0.0,1.0,1.25,0.123199462890625,0.18640079266782264,230.0,27.0,0.1429188,15.0,3.0,0.0,0.0,0.989225,0.606869,0.0,0.0,0.0,0.989225,1.25,0.989225,0.989225,0.123199462890625,0.123199462890625,0.0,0.0,0.0,0.0,0.0,0.0,0.0,0.0,1.0,0.0,0.35,0.05,0.02,0.005,0.003,0.003,0.34622875,0.03034345,0.0,0.0,0.045,0.009000000000000001,0.0
qd_007,QuickDraw,moon,mask_fill_edgewalk_nearestrow_inset1_rows16_p40,line_text_skeleton,0.15688845,pass,0.1429188,15,3,0.0,0,0.989225,0.606869,0.0,0.093131,0.0,0,low_jump,qd_007::low_jump,0.1,0.05,0.02,0.005,0.03,0.02,1.0,0.0,0.0,1.0,1.0,1.0,0.0,1.0,1.0,0.0,1.0,0.0,0.0,0.0,16.0,40.0,0.0,0.0,0.0,0.0,0.0,0.0,0.0,0.0,0.0,0.0,1.0,1.25,0.123199462890625,0.18640079266782264,230.0,27.0,0.1429188,15.0,3.0,0.0,0.0,0.989225,0.606869,0.0,0.0,0.0,0.989225,1.25,0.989225,0.989225,0.123199462890625,0.123199462890625,0.0,0.0,0.0,0.0,0.0,0.0,0.0,0.0,0.0,1.0,0.1,0.05,0.02,0.005,0.03,0.02,0.09892250000000001,0.03034345,0.0,0.0,0.44999999999999996,0.06,0.0
qd_007,QuickDraw,moon,mask_fill_edgewalk_nearestrow_inset2_rows16_p40,line_text_skeleton,0.13462299,pass,0.12888579,14,2,0.0,0,0.933862,0.661752,0.0,0.038248,0.0,1,low_loss,qd_007::low_loss,0.0,0.0,0.0,0.0,0.0,0.0,1.0,0.0,0.0,1.0,1.0,1.0,0.0,1.0,0.0,1.0,2.0,0.0,0.0,0.0,16.0,40.0,0.0,0.0,0.0,0.0,0.0,0.0,0.0,0.0,0.0,0.0,1.0,1.25,0.123199462890625,0.18640079266782264,230.0,27.0,0.12888579,14.0,2.0,0.0,0.0,0.933862,0.661752,0.0,0.0,0.0,0.933862,1.25,0.933862,0.933862,0.123199462890625,0.123199462890625,0.123199462890625,0.0,0.0,0.0,0.0,1.0,0.0,0.0,0.0,0.0,0.0,0.0,0.0,0.0,0.0,0.0,0.0,0.0,0.0,0.0,0.0,0.0,0.12888579
qd_007,QuickDraw,moon,mask_fill_edgewalk_nearestrow_inset2_rows16_p40,line_text_skeleton,0.13462299,pass,0.12888579,14,2,0.0,0,0.933862,0.661752,0.0,0.038248,0.0,1,balanced,qd_007::balanced,0.1,0.05,0.02,0.005,0.003,0.003,1.0,0.0,0.0,1.0,1.0,1.0,0.0,1.0,0.0,1.0,2.0,0.0,0.0,0.0,16.0,40.0,0.0,0.0,0.0,0.0,0.0,0.0,0.0,0.0,0.0,0.0,1.0,1.25,0.123199462890625,0.18640079266782264,230.0,27.0,0.12888579,14.0,2.0,0.0,0.0,0.933862,0.661752,0.0,0.0,0.0,0.933862,1.25,0.933862,0.933862,0.123199462890625,0.123199462890625,0.123199462890625,0.0,0.0,0.0,0.0,0.0,1.0,0.0,0.0,0.0,0.1,0.05,0.02,0.005,0.003,0.003,0.0933862,0.0330876,0.0,0.0,0.042,0.006,0.0
qd_007,QuickDraw,moon,mask_fill_edgewalk_nearestrow_inset2_rows16_p40,line_text_skeleton,0.13462299,pass,0.12888579,14,2,0.0,0,0.933862,0.661752,0.0,0.038248,0.0,1,precision,qd_007::precision,0.1,0.2,0.02,0.005,0.003,0.003,1.0,0.0,0.0,1.0,1.0,1.0,0.0,1.0,0.0,1.0,2.0,0.0,0.0,0.0,16.0,40.0,0.0,0.0,0.0,0.0,0.0,0.0,0.0,0.0,0.0,0.0,1.0,1.25,0.123199462890625,0.18640079266782264,230.0,27.0,0.12888579,14.0,2.0,0.0,0.0,0.933862,0.661752,0.0,0.0,0.0,0.933862,1.25,0.933862,0.933862,0.123199462890625,0.123199462890625,0.123199462890625,0.0,0.0,0.0,0.0,0.0,0.0,1.0,0.0,0.0,0.1,0.2,0.02,0.005,0.003,0.003,0.0933862,0.1323504,0.0,0.0,0.042,0.006,0.0
qd_007,QuickDraw,moon,mask_fill_edgewalk_nearestrow_inset2_rows16_p40,line_text_skeleton,0.13462299,pass,0.12888579,14,2,0.0,0,0.933862,0.661752,0.0,0.038248,0.0,1,coverage,qd_007::coverage,0.35,0.05,0.02,0.005,0.003,0.003,1.0,0.0,0.0,1.0,1.0,1.0,0.0,1.0,0.0,1.0,2.0,0.0,0.0,0.0,16.0,40.0,0.0,0.0,0.0,0.0,0.0,0.0,0.0,0.0,0.0,0.0,1.0,1.25,0.123199462890625,0.18640079266782264,230.0,27.0,0.12888579,14.0,2.0,0.0,0.0,0.933862,0.661752,0.0,0.0,0.0,0.933862,1.25,0.933862,0.933862,0.123199462890625,0.123199462890625,0.123199462890625,0.0,0.0,0.0,0.0,0.0,0.0,0.0,1.0,0.0,0.35,0.05,0.02,0.005,0.003,0.003,0.32685169999999997,0.0330876,0.0,0.0,0.042,0.006,0.0
qd_007,QuickDraw,moon,mask_fill_edgewalk_nearestrow_inset2_rows16_p40,line_text_skeleton,0.13462299,pass,0.12888579,14,2,0.0,0,0.933862,0.661752,0.0,0.038248,0.0,1,low_jump,qd_007::low_jump,0.1,0.05,0.02,0.005,0.03,0.02,1.0,0.0,0.0,1.0,1.0,1.0,0.0,1.0,0.0,1.0,2.0,0.0,0.0,0.0,16.0,40.0,0.0,0.0,0.0,0.0,0.0,0.0,0.0,0.0,0.0,0.0,1.0,1.25,0.123199462890625,0.18640079266782264,230.0,27.0,0.12888579,14.0,2.0,0.0,0.0,0.933862,0.661752,0.0,0.0,0.0,0.933862,1.25,0.933862,0.933862,0.123199462890625,0.123199462890625,0.123199462890625,0.0,0.0,0.0,0.0,0.0,0.0,0.0,0.0,1.0,0.1,0.05,0.02,0.005,0.03,0.02,0.0933862,0.0330876,0.0,0.0,0.42,0.04,0.0
qd_007,QuickDraw,moon,mask_fill_edgewalk_nearestrow_rows16_p40,line_text_skeleton,0.22514954,warning,0.19944119,21,4,0.0,0,1.0,0.528611,0.0,0.171389,0.0,0,low_loss,qd_007::low_loss,0.0,0.0,0.0,0.0,0.0,0.0,1.0,0.0,0.0,1.0,1.0,1.0,1.0,0.0,0.0,0.0,0.0,0.0,0.0,0.0,16.0,40.0,0.0,0.0,0.0,0.0,0.0,0.0,0.0,0.0,0.0,0.0,1.0,1.25,0.123199462890625,0.18640079266782264,230.0,27.0,0.19944119,21.0,4.0,0.0,0.0,1.0,0.528611,0.0,0.0,0.0,1.0,1.25,1.0,1.0,0.123199462890625,0.0,0.0,0.0,0.0,0.0,0.0,1.0,0.0,0.0,0.0,0.0,0.0,0.0,0.0,0.0,0.0,0.0,0.0,0.0,0.0,0.0,0.0,0.0,0.19944119
qd_007,QuickDraw,moon,mask_fill_edgewalk_nearestrow_rows16_p40,line_text_skeleton,0.22514954,warning,0.19944119,21,4,0.0,0,1.0,0.528611,0.0,0.171389,0.0,0,balanced,qd_007::balanced,0.1,0.05,0.02,0.005,0.003,0.003,1.0,0.0,0.0,1.0,1.0,1.0,1.0,0.0,0.0,0.0,0.0,0.0,0.0,0.0,16.0,40.0,0.0,0.0,0.0,0.0,0.0,0.0,0.0,0.0,0.0,0.0,1.0,1.25,0.123199462890625,0.18640079266782264,230.0,27.0,0.19944119,21.0,4.0,0.0,0.0,1.0,0.528611,0.0,0.0,0.0,1.0,1.25,1.0,1.0,0.123199462890625,0.0,0.0,0.0,0.0,0.0,0.0,0.0,1.0,0.0,0.0,0.0,0.1,0.05,0.02,0.005,0.003,0.003,0.1,0.026430550000000004,0.0,0.0,0.063,0.012,0.0
qd_007,QuickDraw,moon,mask_fill_edgewalk_nearestrow_rows16_p40,line_text_skeleton,0.22514954,warning,0.19944119,21,4,0.0,0,1.0,0.528611,0.0,0.171389,0.0,0,precision,qd_007::precision,0.1,0.2,0.02,0.005,0.003,0.003,1.0,0.0,0.0,1.0,1.0,1.0,1.0,0.0,0.0,0.0,0.0,0.0,0.0,0.0,16.0,40.0,0.0,0.0,0.0,0.0,0.0,0.0,0.0,0.0,0.0,0.0,1.0,1.25,0.123199462890625,0.18640079266782264,230.0,27.0,0.19944119,21.0,4.0,0.0,0.0,1.0,0.528611,0.0,0.0,0.0,1.0,1.25,1.0,1.0,0.123199462890625,0.0,0.0,0.0,0.0,0.0,0.0,0.0,0.0,1.0,0.0,0.0,0.1,0.2,0.02,0.005,0.003,0.003,0.1,0.10572220000000002,0.0,0.0,0.063,0.012,0.0
qd_007,QuickDraw,moon,mask_fill_edgewalk_nearestrow_rows16_p40,line_text_skeleton,0.22514954,warning,0.19944119,21,4,0.0,0,1.0,0.528611,0.0,0.171389,0.0,0,coverage,qd_007::coverage,0.35,0.05,0.02,0.005,0.003,0.003,1.0,0.0,0.0,1.0,1.0,1.0,1.0,0.0,0.0,0.0,0.0,0.0,0.0,0.0,16.0,40.0,0.0,0.0,0.0,0.0,0.0,0.0,0.0,0.0,0.0,0.0,1.0,1.25,0.123199462890625,0.18640079266782264,230.0,27.0,0.19944119,21.0,4.0,0.0,0.0,1.0,0.528611,0.0,0.0,0.0,1.0,1.25,1.0,1.0,0.123199462890625,0.0,0.0,0.0,0.0,0.0,0.0,0.0,0.0,0.0,1.0,0.0,0.35,0.05,0.02,0.005,0.003,0.003,0.35,0.026430550000000004,0.0,0.0,0.063,0.012,0.0
qd_007,QuickDraw,moon,mask_fill_edgewalk_nearestrow_rows16_p40,line_text_skeleton,0.22514954,warning,0.19944119,21,4,0.0,0,1.0,0.528611,0.0,0.171389,0.0,0,low_jump,qd_007::low_jump,0.1,0.05,0.02,0.005,0.03,0.02,1.0,0.0,0.0,1.0,1.0,1.0,1.0,0.0,0.0,0.0,0.0,0.0,0.0,0.0,16.0,40.0,0.0,0.0,0.0,0.0,0.0,0.0,0.0,0.0,0.0,0.0,1.0,1.25,0.123199462890625,0.18640079266782264,230.0,27.0,0.19944119,21.0,4.0,0.0,0.0,1.0,0.528611,0.0,0.0,0.0,1.0,1.25,1.0,1.0,0.123199462890625,0.0,0.0,0.0,0.0,0.0,0.0,0.0,0.0,0.0,0.0,1.0,0.1,0.05,0.02,0.005,0.03,0.02,0.1,0.026430550000000004,0.0,0.0,0.63,0.08,0.0
qd_007,QuickDraw,moon,mask_fill_edgewalk_rows16_p40,line_text_skeleton,0.4766843,hard_fail,0.4,486,72,0.0,0,1.0,0.455438,0.0,0.244562,0.04,0,low_loss,qd_007::low_loss,0.0,0.0,0.0,0.0,0.0,0.0,1.0,0.0,0.0,1.0,1.0,0.0,0.0,0.0,0.0,0.0,0.0,0.0,0.0,0.0,16.0,40.0,0.0,0.0,0.0,0.0,0.0,0.0,0.0,0.0,0.0,0.0,1.0,1.25,0.123199462890625,0.18640079266782264,230.0,27.0,0.4,486.0,72.0,0.0,0.0,1.0,0.455438,0.0,0.0,0.0,1.0,1.25,1.0,0.0,0.0,0.0,0.0,0.0,0.0,0.0,0.0,1.0,0.0,0.0,0.0,0.0,0.0,0.0,0.0,0.0,0.0,0.0,0.0,0.0,0.0,0.0,0.0,0.0,0.4
qd_007,QuickDraw,moon,mask_fill_edgewalk_rows16_p40,line_text_skeleton,0.4766843,hard_fail,0.4,486,72,0.0,0,1.0,0.455438,0.0,0.244562,0.04,0,balanced,qd_007::balanced,0.1,0.05,0.02,0.005,0.003,0.003,1.0,0.0,0.0,1.0,1.0,0.0,0.0,0.0,0.0,0.0,0.0,0.0,0.0,0.0,16.0,40.0,0.0,0.0,0.0,0.0,0.0,0.0,0.0,0.0,0.0,0.0,1.0,1.25,0.123199462890625,0.18640079266782264,230.0,27.0,0.4,486.0,72.0,0.0,0.0,1.0,0.455438,0.0,0.0,0.0,1.0,1.25,1.0,0.0,0.0,0.0,0.0,0.0,0.0,0.0,0.0,0.0,1.0,0.0,0.0,0.0,0.1,0.05,0.02,0.005,0.003,0.003,0.1,0.0227719,0.0,0.0,1.458,0.216,0.0
qd_007,QuickDraw,moon,mask_fill_edgewalk_rows16_p40,line_text_skeleton,0.4766843,hard_fail,0.4,486,72,0.0,0,1.0,0.455438,0.0,0.244562,0.04,0,precision,qd_007::precision,0.1,0.2,0.02,0.005,0.003,0.003,1.0,0.0,0.0,1.0,1.0,0.0,0.0,0.0,0.0,0.0,0.0,0.0,0.0,0.0,16.0,40.0,0.0,0.0,0.0,0.0,0.0,0.0,0.0,0.0,0.0,0.0,1.0,1.25,0.123199462890625,0.18640079266782264,230.0,27.0,0.4,486.0,72.0,0.0,0.0,1.0,0.455438,0.0,0.0,0.0,1.0,1.25,1.0,0.0,0.0,0.0,0.0,0.0,0.0,0.0,0.0,0.0,0.0,1.0,0.0,0.0,0.1,0.2,0.02,0.005,0.003,0.003,0.1,0.0910876,0.0,0.0,1.458,0.216,0.0
qd_007,QuickDraw,moon,mask_fill_edgewalk_rows16_p40,line_text_skeleton,0.4766843,hard_fail,0.4,486,72,0.0,0,1.0,0.455438,0.0,0.244562,0.04,0,coverage,qd_007::coverage,0.35,0.05,0.02,0.005,0.003,0.003,1.0,0.0,0.0,1.0,1.0,0.0,0.0,0.0,0.0,0.0,0.0,0.0,0.0,0.0,16.0,40.0,0.0,0.0,0.0,0.0,0.0,0.0,0.0,0.0,0.0,0.0,1.0,1.25,0.123199462890625,0.18640079266782264,230.0,27.0,0.4,486.0,72.0,0.0,0.0,1.0,0.455438,0.0,0.0,0.0,1.0,1.25,1.0,0.0,0.0,0.0,0.0,0.0,0.0,0.0,0.0,0.0,0.0,0.0,1.0,0.0,0.35,0.05,0.02,0.005,0.003,0.003,0.35,0.0227719,0.0,0.0,1.458,0.216,0.0
qd_007,QuickDraw,moon,mask_fill_edgewalk_rows16_p40,line_text_skeleton,0.4766843,hard_fail,0.4,486,72,0.0,0,1.0,0.455438,0.0,0.244562,0.04,0,low_jump,qd_007::low_jump,0.1,0.05,0.02,0.005,0.03,0.02,1.0,0.0,0.0,1.0,1.0,0.0,0.0,0.0,0.0,0.0,0.0,0.0,0.0,0.0,16.0,40.0,0.0,0.0,0.0,0.0,0.0,0.0,0.0,0.0,0.0,0.0,1.0,1.25,0.123199462890625,0.18640079266782264,230.0,27.0,0.4,486.0,72.0,0.0,0.0,1.0,0.455438,0.0,0.0,0.0,1.0,1.25,1.0,0.0,0.0,0.0,0.0,0.0,0.0,0.0,0.0,0.0,0.0,0.0,0.0,1.0,0.1,0.05,0.02,0.005,0.03,0.02,0.1,0.0227719,0.0,0.0,14.58,1.44,0.0
qd_007,QuickDraw,moon,auto_evalrepair_r10_c20,line_text_skeleton,0.2730031,hard_fail,0.2266731,26,3,0.0,0,0.995417,0.6578,0.0,0.0422,0.04,0,low_loss,qd_007::low_loss,0.0,0.0,0.0,0.0,0.0,0.0,1.0,0.0,1.0,0.0,0.0,0.0,0.0,0.0,0.0,0.0,0.0,0.0,0.0,0.0,0.0,0.0,0.0,0.0,0.0,0.0,0.0,0.0,0.0,0.0,0.0,0.0,1.0,1.25,0.123199462890625,0.18640079266782264,230.0,27.0,0.2266731,26.0,3.0,0.0,0.0,0.995417,0.6578,0.0,0.0,0.995417,0.0,0.0,0.0,0.0,0.0,0.0,0.0,0.0,0.0,0.0,0.0,1.0,0.0,0.0,0.0,0.0,0.0,0.0,0.0,0.0,0.0,0.0,0.0,0.0,0.0,0.0,0.0,0.0,0.2266731
qd_007,QuickDraw,moon,auto_evalrepair_r10_c20,line_text_skeleton,0.2730031,hard_fail,0.2266731,26,3,0.0,0,0.995417,0.6578,0.0,0.0422,0.04,0,balanced,qd_007::balanced,0.1,0.05,0.02,0.005,0.003,0.003,1.0,0.0,1.0,0.0,0.0,0.0,0.0,0.0,0.0,0.0,0.0,0.0,0.0,0.0,0.0,0.0,0.0,0.0,0.0,0.0,0.0,0.0,0.0,0.0,0.0,0.0,1.0,1.25,0.123199462890625,0.18640079266782264,230.0,27.0,0.2266731,26.0,3.0,0.0,0.0,0.995417,0.6578,0.0,0.0,0.995417,0.0,0.0,0.0,0.0,0.0,0.0,0.0,0.0,0.0,0.0,0.0,0.0,1.0,0.0,0.0,0.0,0.1,0.05,0.02,0.005,0.003,0.003,0.09954170000000001,0.03289,0.0,0.0,0.078,0.009000000000000001,0.0
qd_007,QuickDraw,moon,auto_evalrepair_r10_c20,line_text_skeleton,0.2730031,hard_fail,0.2266731,26,3,0.0,0,0.995417,0.6578,0.0,0.0422,0.04,0,precision,qd_007::precision,0.1,0.2,0.02,0.005,0.003,0.003,1.0,0.0,1.0,0.0,0.0,0.0,0.0,0.0,0.0,0.0,0.0,0.0,0.0,0.0,0.0,0.0,0.0,0.0,0.0,0.0,0.0,0.0,0.0,0.0,0.0,0.0,1.0,1.25,0.123199462890625,0.18640079266782264,230.0,27.0,0.2266731,26.0,3.0,0.0,0.0,0.995417,0.6578,0.0,0.0,0.995417,0.0,0.0,0.0,0.0,0.0,0.0,0.0,0.0,0.0,0.0,0.0,0.0,0.0,1.0,0.0,0.0,0.1,0.2,0.02,0.005,0.003,0.003,0.09954170000000001,0.13156,0.0,0.0,0.078,0.009000000000000001,0.0
qd_007,QuickDraw,moon,auto_evalrepair_r10_c20,line_text_skeleton,0.2730031,hard_fail,0.2266731,26,3,0.0,0,0.995417,0.6578,0.0,0.0422,0.04,0,coverage,qd_007::coverage,0.35,0.05,0.02,0.005,0.003,0.003,1.0,0.0,1.0,0.0,0.0,0.0,0.0,0.0,0.0,0.0,0.0,0.0,0.0,0.0,0.0,0.0,0.0,0.0,0.0,0.0,0.0,0.0,0.0,0.0,0.0,0.0,1.0,1.25,0.123199462890625,0.18640079266782264,230.0,27.0,0.2266731,26.0,3.0,0.0,0.0,0.995417,0.6578,0.0,0.0,0.995417,0.0,0.0,0.0,0.0,0.0,0.0,0.0,0.0,0.0,0.0,0.0,0.0,0.0,0.0,1.0,0.0,0.35,0.05,0.02,0.005,0.003,0.003,0.34839594999999995,0.03289,0.0,0.0,0.078,0.009000000000000001,0.0
qd_007,QuickDraw,moon,auto_evalrepair_r10_c20,line_text_skeleton,0.2730031,hard_fail,0.2266731,26,3,0.0,0,0.995417,0.6578,0.0,0.0422,0.04,0,low_jump,qd_007::low_jump,0.1,0.05,0.02,0.005,0.03,0.02,1.0,0.0,1.0,0.0,0.0,0.0,0.0,0.0,0.0,0.0,0.0,0.0,0.0,0.0,0.0,0.0,0.0,0.0,0.0,0.0,0.0,0.0,0.0,0.0,0.0,0.0,1.0,1.25,0.123199462890625,0.18640079266782264,230.0,27.0,0.2266731,26.0,3.0,0.0,0.0,0.995417,0.6578,0.0,0.0,0.995417,0.0,0.0,0.0,0.0,0.0,0.0,0.0,0.0,0.0,0.0,0.0,0.0,0.0,0.0,0.0,1.0,0.1,0.05,0.02,0.005,0.03,0.02,0.09954170000000001,0.03289,0.0,0.0,0.78,0.06,0.0
qd_007,QuickDraw,moon,skeleton_c30_m20,line_text_skeleton,0.19236944,warning,0.18653714,21,2,0.0,0,0.919866,0.661118,0.0,0.038882,0.0,0,low_loss,qd_007::low_loss,0.0,0.0,0.0,0.0,0.0,0.0,1.0,1.0,0.0,0.0,0.0,0.0,0.0,0.0,0.0,0.0,0.0,0.0,0.0,0.0,0.0,0.0,0.0,0.0,0.0,0.0,0.0,0.0,0.0,0.0,0.0,0.0,1.0,1.25,0.123199462890625,0.18640079266782264,230.0,27.0,0.18653714,21.0,2.0,0.0,0.0,0.919866,0.661118,1.25,0.919866,0.0,0.0,0.0,0.0,0.0,0.0,0.0,0.0,0.0,0.0,0.0,0.0,1.0,0.0,0.0,0.0,0.0,0.0,0.0,0.0,0.0,0.0,0.0,0.0,0.0,0.0,0.0,0.0,0.0,0.18653714
qd_007,QuickDraw,moon,skeleton_c30_m20,line_text_skeleton,0.19236944,warning,0.18653714,21,2,0.0,0,0.919866,0.661118,0.0,0.038882,0.0,0,balanced,qd_007::balanced,0.1,0.05,0.02,0.005,0.003,0.003,1.0,1.0,0.0,0.0,0.0,0.0,0.0,0.0,0.0,0.0,0.0,0.0,0.0,0.0,0.0,0.0,0.0,0.0,0.0,0.0,0.0,0.0,0.0,0.0,0.0,0.0,1.0,1.25,0.123199462890625,0.18640079266782264,230.0,27.0,0.18653714,21.0,2.0,0.0,0.0,0.919866,0.661118,1.25,0.919866,0.0,0.0,0.0,0.0,0.0,0.0,0.0,0.0,0.0,0.0,0.0,0.0,0.0,1.0,0.0,0.0,0.0,0.1,0.05,0.02,0.005,0.003,0.003,0.0919866,0.0330559,0.0,0.0,0.063,0.006,0.0
qd_007,QuickDraw,moon,skeleton_c30_m20,line_text_skeleton,0.19236944,warning,0.18653714,21,2,0.0,0,0.919866,0.661118,0.0,0.038882,0.0,0,precision,qd_007::precision,0.1,0.2,0.02,0.005,0.003,0.003,1.0,1.0,0.0,0.0,0.0,0.0,0.0,0.0,0.0,0.0,0.0,0.0,0.0,0.0,0.0,0.0,0.0,0.0,0.0,0.0,0.0,0.0,0.0,0.0,0.0,0.0,1.0,1.25,0.123199462890625,0.18640079266782264,230.0,27.0,0.18653714,21.0,2.0,0.0,0.0,0.919866,0.661118,1.25,0.919866,0.0,0.0,0.0,0.0,0.0,0.0,0.0,0.0,0.0,0.0,0.0,0.0,0.0,0.0,1.0,0.0,0.0,0.1,0.2,0.02,0.005,0.003,0.003,0.0919866,0.1322236,0.0,0.0,0.063,0.006,0.0
qd_007,QuickDraw,moon,skeleton_c30_m20,line_text_skeleton,0.19236944,warning,0.18653714,21,2,0.0,0,0.919866,0.661118,0.0,0.038882,0.0,0,coverage,qd_007::coverage,0.35,0.05,0.02,0.005,0.003,0.003,1.0,1.0,0.0,0.0,0.0,0.0,0.0,0.0,0.0,0.0,0.0,0.0,0.0,0.0,0.0,0.0,0.0,0.0,0.0,0.0,0.0,0.0,0.0,0.0,0.0,0.0,1.0,1.25,0.123199462890625,0.18640079266782264,230.0,27.0,0.18653714,21.0,2.0,0.0,0.0,0.919866,0.661118,1.25,0.919866,0.0,0.0,0.0,0.0,0.0,0.0,0.0,0.0,0.0,0.0,0.0,0.0,0.0,0.0,0.0,1.0,0.0,0.35,0.05,0.02,0.005,0.003,0.003,0.3219531,0.0330559,0.0,0.0,0.063,0.006,0.0
qd_007,QuickDraw,moon,skeleton_c30_m20,line_text_skeleton,0.19236944,warning,0.18653714,21,2,0.0,0,0.919866,0.661118,0.0,0.038882,0.0,0,low_jump,qd_007::low_jump,0.1,0.05,0.02,0.005,0.03,0.02,1.0,1.0,0.0,0.0,0.0,0.0,0.0,0.0,0.0,0.0,0.0,0.0,0.0,0.0,0.0,0.0,0.0,0.0,0.0,0.0,0.0,0.0,0.0,0.0,0.0,0.0,1.0,1.25,0.123199462890625,0.18640079266782264,230.0,27.0,0.18653714,21.0,2.0,0.0,0.0,0.919866,0.661118,1.25,0.919866,0.0,0.0,0.0,0.0,0.0,0.0,0.0,0.0,0.0,0.0,0.0,0.0,0.0,0.0,0.0,0.0,1.0,0.1,0.05,0.02,0.005,0.03,0.02,0.0919866,0.0330559,0.0,0.0,0.63,0.04,0.0
qd_007,QuickDraw,moon,skeleton_c30_m4,line_text_skeleton,0.2730031,hard_fail,0.2266731,26,3,0.0,0,0.995417,0.6578,0.0,0.0422,0.04,0,low_loss,qd_007::low_loss,0.0,0.0,0.0,0.0,0.0,0.0,1.0,1.0,0.0,0.0,0.0,0.0,0.0,0.0,0.0,0.0,0.0,0.0,0.0,0.0,0.0,0.0,0.0,0.0,0.0,0.0,0.0,0.0,0.0,0.0,0.0,0.0,1.0,1.25,0.123199462890625,0.18640079266782264,230.0,27.0,0.2266731,26.0,3.0,0.0,0.0,0.995417,0.6578,1.25,0.995417,0.0,0.0,0.0,0.0,0.0,0.0,0.0,0.0,0.0,0.0,0.0,0.0,1.0,0.0,0.0,0.0,0.0,0.0,0.0,0.0,0.0,0.0,0.0,0.0,0.0,0.0,0.0,0.0,0.0,0.2266731
qd_007,QuickDraw,moon,skeleton_c30_m4,line_text_skeleton,0.2730031,hard_fail,0.2266731,26,3,0.0,0,0.995417,0.6578,0.0,0.0422,0.04,0,balanced,qd_007::balanced,0.1,0.05,0.02,0.005,0.003,0.003,1.0,1.0,0.0,0.0,0.0,0.0,0.0,0.0,0.0,0.0,0.0,0.0,0.0,0.0,0.0,0.0,0.0,0.0,0.0,0.0,0.0,0.0,0.0,0.0,0.0,0.0,1.0,1.25,0.123199462890625,0.18640079266782264,230.0,27.0,0.2266731,26.0,3.0,0.0,0.0,0.995417,0.6578,1.25,0.995417,0.0,0.0,0.0,0.0,0.0,0.0,0.0,0.0,0.0,0.0,0.0,0.0,0.0,1.0,0.0,0.0,0.0,0.1,0.05,0.02,0.005,0.003,0.003,0.09954170000000001,0.03289,0.0,0.0,0.078,0.009000000000000001,0.0
qd_007,QuickDraw,moon,skeleton_c30_m4,line_text_skeleton,0.2730031,hard_fail,0.2266731,26,3,0.0,0,0.995417,0.6578,0.0,0.0422,0.04,0,precision,qd_007::precision,0.1,0.2,0.02,0.005,0.003,0.003,1.0,1.0,0.0,0.0,0.0,0.0,0.0,0.0,0.0,0.0,0.0,0.0,0.0,0.0,0.0,0.0,0.0,0.0,0.0,0.0,0.0,0.0,0.0,0.0,0.0,0.0,1.0,1.25,0.123199462890625,0.18640079266782264,230.0,27.0,0.2266731,26.0,3.0,0.0,0.0,0.995417,0.6578,1.25,0.995417,0.0,0.0,0.0,0.0,0.0,0.0,0.0,0.0,0.0,0.0,0.0,0.0,0.0,0.0,1.0,0.0,0.0,0.1,0.2,0.02,0.005,0.003,0.003,0.09954170000000001,0.13156,0.0,0.0,0.078,0.009000000000000001,0.0
qd_007,QuickDraw,moon,skeleton_c30_m4,line_text_skeleton,0.2730031,hard_fail,0.2266731,26,3,0.0,0,0.995417,0.6578,0.0,0.0422,0.04,0,coverage,qd_007::coverage,0.35,0.05,0.02,0.005,0.003,0.003,1.0,1.0,0.0,0.0,0.0,0.0,0.0,0.0,0.0,0.0,0.0,0.0,0.0,0.0,0.0,0.0,0.0,0.0,0.0,0.0,0.0,0.0,0.0,0.0,0.0,0.0,1.0,1.25,0.123199462890625,0.18640079266782264,230.0,27.0,0.2266731,26.0,3.0,0.0,0.0,0.995417,0.6578,1.25,0.995417,0.0,0.0,0.0,0.0,0.0,0.0,0.0,0.0,0.0,0.0,0.0,0.0,0.0,0.0,0.0,1.0,0.0,0.35,0.05,0.02,0.005,0.003,0.003,0.34839594999999995,0.03289,0.0,0.0,0.078,0.009000000000000001,0.0
qd_007,QuickDraw,moon,skeleton_c30_m4,line_text_skeleton,0.2730031,hard_fail,0.2266731,26,3,0.0,0,0.995417,0.6578,0.0,0.0422,0.04,0,low_jump,qd_007::low_jump,0.1,0.05,0.02,0.005,0.03,0.02,1.0,1.0,0.0,0.0,0.0,0.0,0.0,0.0,0.0,0.0,0.0,0.0,0.0,0.0,0.0,0.0,0.0,0.0,0.0,0.0,0.0,0.0,0.0,0.0,0.0,0.0,1.0,1.25,0.123199462890625,0.18640079266782264,230.0,27.0,0.2266731,26.0,3.0,0.0,0.0,0.995417,0.6578,1.25,0.995417,0.0,0.0,0.0,0.0,0.0,0.0,0.0,0.0,0.0,0.0,0.0,0.0,0.0,0.0,0.0,0.0,1.0,0.1,0.05,0.02,0.005,0.03,0.02,0.09954170000000001,0.03289,0.0,0.0,0.78,0.06,0.0
qd_007,QuickDraw,moon,mask_fill_edgewalk_nearestrow_safeadt_t2m5_r055_a64_rows16_p40,line_text_skeleton,0.22216848,warning,0.16217733,18,2,0.0,0,1.0,0.300059,0.0,0.399941,0.0,0,low_loss,qd_007::low_loss,0.0,0.0,0.0,0.0,0.0,0.0,1.0,0.0,0.0,1.0,1.0,1.0,1.0,0.0,0.0,0.0,0.0,0.0,0.0,0.0,16.0,40.0,0.0,0.0,0.0,0.0,0.0,0.0,0.0,0.0,0.0,0.0,1.0,1.25,0.123199462890625,0.18640079266782264,230.0,27.0,0.16217733,18.0,2.0,0.0,0.0,1.0,0.300059,0.0,0.0,0.0,1.0,1.25,1.0,1.0,0.123199462890625,0.0,0.0,0.0,0.0,0.0,0.0,1.0,0.0,0.0,0.0,0.0,0.0,0.0,0.0,0.0,0.0,0.0,0.0,0.0,0.0,0.0,0.0,0.0,0.16217733
qd_007,QuickDraw,moon,mask_fill_edgewalk_nearestrow_safeadt_t2m5_r055_a64_rows16_p40,line_text_skeleton,0.22216848,warning,0.16217733,18,2,0.0,0,1.0,0.300059,0.0,0.399941,0.0,0,balanced,qd_007::balanced,0.1,0.05,0.02,0.005,0.003,0.003,1.0,0.0,0.0,1.0,1.0,1.0,1.0,0.0,0.0,0.0,0.0,0.0,0.0,0.0,16.0,40.0,0.0,0.0,0.0,0.0,0.0,0.0,0.0,0.0,0.0,0.0,1.0,1.25,0.123199462890625,0.18640079266782264,230.0,27.0,0.16217733,18.0,2.0,0.0,0.0,1.0,0.300059,0.0,0.0,0.0,1.0,1.25,1.0,1.0,0.123199462890625,0.0,0.0,0.0,0.0,0.0,0.0,0.0,1.0,0.0,0.0,0.0,0.1,0.05,0.02,0.005,0.003,0.003,0.1,0.015002950000000001,0.0,0.0,0.054,0.006,0.0
qd_007,QuickDraw,moon,mask_fill_edgewalk_nearestrow_safeadt_t2m5_r055_a64_rows16_p40,line_text_skeleton,0.22216848,warning,0.16217733,18,2,0.0,0,1.0,0.300059,0.0,0.399941,0.0,0,precision,qd_007::precision,0.1,0.2,0.02,0.005,0.003,0.003,1.0,0.0,0.0,1.0,1.0,1.0,1.0,0.0,0.0,0.0,0.0,0.0,0.0,0.0,16.0,40.0,0.0,0.0,0.0,0.0,0.0,0.0,0.0,0.0,0.0,0.0,1.0,1.25,0.123199462890625,0.18640079266782264,230.0,27.0,0.16217733,18.0,2.0,0.0,0.0,1.0,0.300059,0.0,0.0,0.0,1.0,1.25,1.0,1.0,0.123199462890625,0.0,0.0,0.0,0.0,0.0,0.0,0.0,0.0,1.0,0.0,0.0,0.1,0.2,0.02,0.005,0.003,0.003,0.1,0.060011800000000004,0.0,0.0,0.054,0.006,0.0
qd_007,QuickDraw,moon,mask_fill_edgewalk_nearestrow_safeadt_t2m5_r055_a64_rows16_p40,line_text_skeleton,0.22216848,warning,0.16217733,18,2,0.0,0,1.0,0.300059,0.0,0.399941,0.0,0,coverage,qd_007::coverage,0.35,0.05,0.02,0.005,0.003,0.003,1.0,0.0,0.0,1.0,1.0,1.0,1.0,0.0,0.0,0.0,0.0,0.0,0.0,0.0,16.0,40.0,0.0,0.0,0.0,0.0,0.0,0.0,0.0,0.0,0.0,0.0,1.0,1.25,0.123199462890625,0.18640079266782264,230.0,27.0,0.16217733,18.0,2.0,0.0,0.0,1.0,0.300059,0.0,0.0,0.0,1.0,1.25,1.0,1.0,0.123199462890625,0.0,0.0,0.0,0.0,0.0,0.0,0.0,0.0,0.0,1.0,0.0,0.35,0.05,0.02,0.005,0.003,0.003,0.35,0.015002950000000001,0.0,0.0,0.054,0.006,0.0
qd_007,QuickDraw,moon,mask_fill_edgewalk_nearestrow_safeadt_t2m5_r055_a64_rows16_p40,line_text_skeleton,0.22216848,warning,0.16217733,18,2,0.0,0,1.0,0.300059,0.0,0.399941,0.0,0,low_jump,qd_007::low_jump,0.1,0.05,0.02,0.005,0.03,0.02,1.0,0.0,0.0,1.0,1.0,1.0,1.0,0.0,0.0,0.0,0.0,0.0,0.0,0.0,16.0,40.0,0.0,0.0,0.0,0.0,0.0,0.0,0.0,0.0,0.0,0.0,1.0,1.25,0.123199462890625,0.18640079266782264,230.0,27.0,0.16217733,18.0,2.0,0.0,0.0,1.0,0.300059,0.0,0.0,0.0,1.0,1.25,1.0,1.0,0.123199462890625,0.0,0.0,0.0,0.0,0.0,0.0,0.0,0.0,0.0,0.0,1.0,0.1,0.05,0.02,0.005,0.03,0.02,0.1,0.015002950000000001,0.0,0.0,0.54,0.04,0.0
qd_008,QuickDraw,star,mask_fill_edgewalk_nearestrow_inset1_rows16_p40,line_text_skeleton,0.13456047,pass,0.12007932,13,2,0.0,0,0.999153,0.603459,0.0,0.096541,0.0,0,low_loss,qd_008::low_loss,0.0,0.0,0.0,0.0,0.0,0.0,1.0,0.0,0.0,1.0,1.0,1.0,0.0,1.0,1.0,0.0,1.0,0.0,0.0,0.0,16.0,40.0,0.0,0.0,0.0,0.0,0.0,0.0,0.0,0.0,0.0,0.0,1.0,1.25,0.090057373046875,0.17129786513046424,374.0,11.0,0.12007932,13.0,2.0,0.0,0.0,0.999153,0.603459,0.0,0.0,0.0,0.999153,1.25,0.999153,0.999153,0.090057373046875,0.090057373046875,0.0,0.0,0.0,0.0,0.0,1.0,0.0,0.0,0.0,0.0,0.0,0.0,0.0,0.0,0.0,0.0,0.0,0.0,0.0,0.0,0.0,0.0,0.12007932
qd_008,QuickDraw,star,mask_fill_edgewalk_nearestrow_inset1_rows16_p40,line_text_skeleton,0.13456047,pass,0.12007932,13,2,0.0,0,0.999153,0.603459,0.0,0.096541,0.0,0,balanced,qd_008::balanced,0.1,0.05,0.02,0.005,0.003,0.003,1.0,0.0,0.0,1.0,1.0,1.0,0.0,1.0,1.0,0.0,1.0,0.0,0.0,0.0,16.0,40.0,0.0,0.0,0.0,0.0,0.0,0.0,0.0,0.0,0.0,0.0,1.0,1.25,0.090057373046875,0.17129786513046424,374.0,11.0,0.12007932,13.0,2.0,0.0,0.0,0.999153,0.603459,0.0,0.0,0.0,0.999153,1.25,0.999153,0.999153,0.090057373046875,0.090057373046875,0.0,0.0,0.0,0.0,0.0,0.0,1.0,0.0,0.0,0.0,0.1,0.05,0.02,0.005,0.003,0.003,0.0999153,0.03017295,0.0,0.0,0.039,0.006,0.0
qd_008,QuickDraw,star,mask_fill_edgewalk_nearestrow_inset1_rows16_p40,line_text_skeleton,0.13456047,pass,0.12007932,13,2,0.0,0,0.999153,0.603459,0.0,0.096541,0.0,0,precision,qd_008::precision,0.1,0.2,0.02,0.005,0.003,0.003,1.0,0.0,0.0,1.0,1.0,1.0,0.0,1.0,1.0,0.0,1.0,0.0,0.0,0.0,16.0,40.0,0.0,0.0,0.0,0.0,0.0,0.0,0.0,0.0,0.0,0.0,1.0,1.25,0.090057373046875,0.17129786513046424,374.0,11.0,0.12007932,13.0,2.0,0.0,0.0,0.999153,0.603459,0.0,0.0,0.0,0.999153,1.25,0.999153,0.999153,0.090057373046875,0.090057373046875,0.0,0.0,0.0,0.0,0.0,0.0,0.0,1.0,0.0,0.0,0.1,0.2,0.02,0.005,0.003,0.003,0.0999153,0.1206918,0.0,0.0,0.039,0.006,0.0
qd_008,QuickDraw,star,mask_fill_edgewalk_nearestrow_inset1_rows16_p40,line_text_skeleton,0.13456047,pass,0.12007932,13,2,0.0,0,0.999153,0.603459,0.0,0.096541,0.0,0,coverage,qd_008::coverage,0.35,0.05,0.02,0.005,0.003,0.003,1.0,0.0,0.0,1.0,1.0,1.0,0.0,1.0,1.0,0.0,1.0,0.0,0.0,0.0,16.0,40.0,0.0,0.0,0.0,0.0,0.0,0.0,0.0,0.0,0.0,0.0,1.0,1.25,0.090057373046875,0.17129786513046424,374.0,11.0,0.12007932,13.0,2.0,0.0,0.0,0.999153,0.603459,0.0,0.0,0.0,0.999153,1.25,0.999153,0.999153,0.090057373046875,0.090057373046875,0.0,0.0,0.0,0.0,0.0,0.0,0.0,0.0,1.0,0.0,0.35,0.05,0.02,0.005,0.003,0.003,0.34970355,0.03017295,0.0,0.0,0.039,0.006,0.0
qd_008,QuickDraw,star,mask_fill_edgewalk_nearestrow_inset1_rows16_p40,line_text_skeleton,0.13456047,pass,0.12007932,13,2,0.0,0,0.999153,0.603459,0.0,0.096541,0.0,0,low_jump,qd_008::low_jump,0.1,0.05,0.02,0.005,0.03,0.02,1.0,0.0,0.0,1.0,1.0,1.0,0.0,1.0,1.0,0.0,1.0,0.0,0.0,0.0,16.0,40.0,0.0,0.0,0.0,0.0,0.0,0.0,0.0,0.0,0.0,0.0,1.0,1.25,0.090057373046875,0.17129786513046424,374.0,11.0,0.12007932,13.0,2.0,0.0,0.0,0.999153,0.603459,0.0,0.0,0.0,0.999153,1.25,0.999153,0.999153,0.090057373046875,0.090057373046875,0.0,0.0,0.0,0.0,0.0,0.0,0.0,0.0,0.0,1.0,0.1,0.05,0.02,0.005,0.03,0.02,0.0999153,0.03017295,0.0,0.0,0.39,0.04,0.0
qd_008,QuickDraw,star,mask_fill_edgewalk_nearestrow_inset2_rows16_p40,line_text_skeleton,0.03308916,excellent,0.03308916,4,0,0.0,0,0.990681,0.733626,0.0,0.0,0.0,1,low_loss,qd_008::low_loss,0.0,0.0,0.0,0.0,0.0,0.0,1.0,0.0,0.0,1.0,1.0,1.0,0.0,1.0,0.0,1.0,2.0,0.0,0.0,0.0,16.0,40.0,0.0,0.0,0.0,0.0,0.0,0.0,0.0,0.0,0.0,0.0,1.0,1.25,0.090057373046875,0.17129786513046424,374.0,11.0,0.03308916,4.0,0.0,0.0,0.0,0.990681,0.733626,0.0,0.0,0.0,0.990681,1.25,0.990681,0.990681,0.090057373046875,0.090057373046875,0.090057373046875,0.0,0.0,0.0,0.0,1.0,0.0,0.0,0.0,0.0,0.0,0.0,0.0,0.0,0.0,0.0,0.0,0.0,0.0,0.0,0.0,0.0,0.03308916
qd_008,QuickDraw,star,mask_fill_edgewalk_nearestrow_inset2_rows16_p40,line_text_skeleton,0.03308916,excellent,0.03308916,4,0,0.0,0,0.990681,0.733626,0.0,0.0,0.0,1,balanced,qd_008::balanced,0.1,0.05,0.02,0.005,0.003,0.003,1.0,0.0,0.0,1.0,1.0,1.0,0.0,1.0,0.0,1.0,2.0,0.0,0.0,0.0,16.0,40.0,0.0,0.0,0.0,0.0,0.0,0.0,0.0,0.0,0.0,0.0,1.0,1.25,0.090057373046875,0.17129786513046424,374.0,11.0,0.03308916,4.0,0.0,0.0,0.0,0.990681,0.733626,0.0,0.0,0.0,0.990681,1.25,0.990681,0.990681,0.090057373046875,0.090057373046875,0.090057373046875,0.0,0.0,0.0,0.0,0.0,1.0,0.0,0.0,0.0,0.1,0.05,0.02,0.005,0.003,0.003,0.0990681,0.0366813,0.0,0.0,0.012,0.0,0.0
qd_008,QuickDraw,star,mask_fill_edgewalk_nearestrow_inset2_rows16_p40,line_text_skeleton,0.03308916,excellent,0.03308916,4,0,0.0,0,0.990681,0.733626,0.0,0.0,0.0,1,precision,qd_008::precision,0.1,0.2,0.02,0.005,0.003,0.003,1.0,0.0,0.0,1.0,1.0,1.0,0.0,1.0,0.0,1.0,2.0,0.0,0.0,0.0,16.0,40.0,0.0,0.0,0.0,0.0,0.0,0.0,0.0,0.0,0.0,0.0,1.0,1.25,0.090057373046875,0.17129786513046424,374.0,11.0,0.03308916,4.0,0.0,0.0,0.0,0.990681,0.733626,0.0,0.0,0.0,0.990681,1.25,0.990681,0.990681,0.090057373046875,0.090057373046875,0.090057373046875,0.0,0.0,0.0,0.0,0.0,0.0,1.0,0.0,0.0,0.1,0.2,0.02,0.005,0.003,0.003,0.0990681,0.1467252,0.0,0.0,0.012,0.0,0.0
qd_008,QuickDraw,star,mask_fill_edgewalk_nearestrow_inset2_rows16_p40,line_text_skeleton,0.03308916,excellent,0.03308916,4,0,0.0,0,0.990681,0.733626,0.0,0.0,0.0,1,coverage,qd_008::coverage,0.35,0.05,0.02,0.005,0.003,0.003,1.0,0.0,0.0,1.0,1.0,1.0,0.0,1.0,0.0,1.0,2.0,0.0,0.0,0.0,16.0,40.0,0.0,0.0,0.0,0.0,0.0,0.0,0.0,0.0,0.0,0.0,1.0,1.25,0.090057373046875,0.17129786513046424,374.0,11.0,0.03308916,4.0,0.0,0.0,0.0,0.990681,0.733626,0.0,0.0,0.0,0.990681,1.25,0.990681,0.990681,0.090057373046875,0.090057373046875,0.090057373046875,0.0,0.0,0.0,0.0,0.0,0.0,0.0,1.0,0.0,0.35,0.05,0.02,0.005,0.003,0.003,0.34673835,0.0366813,0.0,0.0,0.012,0.0,0.0
qd_008,QuickDraw,star,mask_fill_edgewalk_nearestrow_inset2_rows16_p40,line_text_skeleton,0.03308916,excellent,0.03308916,4,0,0.0,0,0.990681,0.733626,0.0,0.0,0.0,1,low_jump,qd_008::low_jump,0.1,0.05,0.02,0.005,0.03,0.02,1.0,0.0,0.0,1.0,1.0,1.0,0.0,1.0,0.0,1.0,2.0,0.0,0.0,0.0,16.0,40.0,0.0,0.0,0.0,0.0,0.0,0.0,0.0,0.0,0.0,0.0,1.0,1.25,0.090057373046875,0.17129786513046424,374.0,11.0,0.03308916,4.0,0.0,0.0,0.0,0.990681,0.733626,0.0,0.0,0.0,0.990681,1.25,0.990681,0.990681,0.090057373046875,0.090057373046875,0.090057373046875,0.0,0.0,0.0,0.0,0.0,0.0,0.0,0.0,1.0,0.1,0.05,0.02,0.005,0.03,0.02,0.0990681,0.0366813,0.0,0.0,0.12,0.0,0.0
qd_008,QuickDraw,star,mask_fill_edgewalk_nearestrow_rows16_p40,line_text_skeleton,0.0964244,excellent,0.07243985,8,1,0.0,0,0.999492,0.540103,0.0,0.159897,0.0,0,low_loss,qd_008::low_loss,0.0,0.0,0.0,0.0,0.0,0.0,1.0,0.0,0.0,1.0,1.0,1.0,1.0,0.0,0.0,0.0,0.0,0.0,0.0,0.0,16.0,40.0,0.0,0.0,0.0,0.0,0.0,0.0,0.0,0.0,0.0,0.0,1.0,1.25,0.090057373046875,0.17129786513046424,374.0,11.0,0.07243985,8.0,1.0,0.0,0.0,0.999492,0.540103,0.0,0.0,0.0,0.999492,1.25,0.999492,0.999492,0.090057373046875,0.0,0.0,0.0,0.0,0.0,0.0,1.0,0.0,0.0,0.0,0.0,0.0,0.0,0.0,0.0,0.0,0.0,0.0,0.0,0.0,0.0,0.0,0.0,0.07243985
qd_008,QuickDraw,star,mask_fill_edgewalk_nearestrow_rows16_p40,line_text_skeleton,0.0964244,excellent,0.07243985,8,1,0.0,0,0.999492,0.540103,0.0,0.159897,0.0,0,balanced,qd_008::balanced,0.1,0.05,0.02,0.005,0.003,0.003,1.0,0.0,0.0,1.0,1.0,1.0,1.0,0.0,0.0,0.0,0.0,0.0,0.0,0.0,16.0,40.0,0.0,0.0,0.0,0.0,0.0,0.0,0.0,0.0,0.0,0.0,1.0,1.25,0.090057373046875,0.17129786513046424,374.0,11.0,0.07243985,8.0,1.0,0.0,0.0,0.999492,0.540103,0.0,0.0,0.0,0.999492,1.25,0.999492,0.999492,0.090057373046875,0.0,0.0,0.0,0.0,0.0,0.0,0.0,1.0,0.0,0.0,0.0,0.1,0.05,0.02,0.005,0.003,0.003,0.09994920000000002,0.027005150000000002,0.0,0.0,0.024,0.003,0.0
qd_008,QuickDraw,star,mask_fill_edgewalk_nearestrow_rows16_p40,line_text_skeleton,0.0964244,excellent,0.07243985,8,1,0.0,0,0.999492,0.540103,0.0,0.159897,0.0,0,precision,qd_008::precision,0.1,0.2,0.02,0.005,0.003,0.003,1.0,0.0,0.0,1.0,1.0,1.0,1.0,0.0,0.0,0.0,0.0,0.0,0.0,0.0,16.0,40.0,0.0,0.0,0.0,0.0,0.0,0.0,0.0,0.0,0.0,0.0,1.0,1.25,0.090057373046875,0.17129786513046424,374.0,11.0,0.07243985,8.0,1.0,0.0,0.0,0.999492,0.540103,0.0,0.0,0.0,0.999492,1.25,0.999492,0.999492,0.090057373046875,0.0,0.0,0.0,0.0,0.0,0.0,0.0,0.0,1.0,0.0,0.0,0.1,0.2,0.02,0.005,0.003,0.003,0.09994920000000002,0.10802060000000001,0.0,0.0,0.024,0.003,0.0
qd_008,QuickDraw,star,mask_fill_edgewalk_nearestrow_rows16_p40,line_text_skeleton,0.0964244,excellent,0.07243985,8,1,0.0,0,0.999492,0.540103,0.0,0.159897,0.0,0,coverage,qd_008::coverage,0.35,0.05,0.02,0.005,0.003,0.003,1.0,0.0,0.0,1.0,1.0,1.0,1.0,0.0,0.0,0.0,0.0,0.0,0.0,0.0,16.0,40.0,0.0,0.0,0.0,0.0,0.0,0.0,0.0,0.0,0.0,0.0,1.0,1.25,0.090057373046875,0.17129786513046424,374.0,11.0,0.07243985,8.0,1.0,0.0,0.0,0.999492,0.540103,0.0,0.0,0.0,0.999492,1.25,0.999492,0.999492,0.090057373046875,0.0,0.0,0.0,0.0,0.0,0.0,0.0,0.0,0.0,1.0,0.0,0.35,0.05,0.02,0.005,0.003,0.003,0.34982219999999997,0.027005150000000002,0.0,0.0,0.024,0.003,0.0
qd_008,QuickDraw,star,mask_fill_edgewalk_nearestrow_rows16_p40,line_text_skeleton,0.0964244,excellent,0.07243985,8,1,0.0,0,0.999492,0.540103,0.0,0.159897,0.0,0,low_jump,qd_008::low_jump,0.1,0.05,0.02,0.005,0.03,0.02,1.0,0.0,0.0,1.0,1.0,1.0,1.0,0.0,0.0,0.0,0.0,0.0,0.0,0.0,16.0,40.0,0.0,0.0,0.0,0.0,0.0,0.0,0.0,0.0,0.0,0.0,1.0,1.25,0.090057373046875,0.17129786513046424,374.0,11.0,0.07243985,8.0,1.0,0.0,0.0,0.999492,0.540103,0.0,0.0,0.0,0.999492,1.25,0.999492,0.999492,0.090057373046875,0.0,0.0,0.0,0.0,0.0,0.0,0.0,0.0,0.0,0.0,1.0,0.1,0.05,0.02,0.005,0.03,0.02,0.09994920000000002,0.027005150000000002,0.0,0.0,0.24,0.02,0.0
qd_008,QuickDraw,star,mask_fill_edgewalk_rows16_p40,line_text_skeleton,0.5168756,hard_fail,0.43852225,257,47,1.7121,0,0.999661,0.444311,0.0,0.255689,0.04,0,low_loss,qd_008::low_loss,0.0,0.0,0.0,0.0,0.0,0.0,1.0,0.0,0.0,1.0,1.0,0.0,0.0,0.0,0.0,0.0,0.0,0.0,0.0,0.0,16.0,40.0,0.0,0.0,0.0,0.0,0.0,0.0,0.0,0.0,0.0,0.0,1.0,1.25,0.090057373046875,0.17129786513046424,374.0,11.0,0.43852225,257.0,47.0,1.7121,0.0,0.999661,0.444311,0.0,0.0,0.0,0.999661,1.25,0.999661,0.0,0.0,0.0,0.0,0.0,0.0,0.0,0.0,1.0,0.0,0.0,0.0,0.0,0.0,0.0,0.0,0.0,0.0,0.0,0.0,0.0,0.0,0.0,0.0,0.0,0.43852225
qd_008,QuickDraw,star,mask_fill_edgewalk_rows16_p40,line_text_skeleton,0.5168756,hard_fail,0.43852225,257,47,1.7121,0,0.999661,0.444311,0.0,0.255689,0.04,0,balanced,qd_008::balanced,0.1,0.05,0.02,0.005,0.003,0.003,1.0,0.0,0.0,1.0,1.0,0.0,0.0,0.0,0.0,0.0,0.0,0.0,0.0,0.0,16.0,40.0,0.0,0.0,0.0,0.0,0.0,0.0,0.0,0.0,0.0,0.0,1.0,1.25,0.090057373046875,0.17129786513046424,374.0,11.0,0.43852225,257.0,47.0,1.7121,0.0,0.999661,0.444311,0.0,0.0,0.0,0.999661,1.25,0.999661,0.0,0.0,0.0,0.0,0.0,0.0,0.0,0.0,0.0,1.0,0.0,0.0,0.0,0.1,0.05,0.02,0.005,0.003,0.003,0.0999661,0.02221555,0.034242,0.0,0.771,0.14100000000000001,0.0
qd_008,QuickDraw,star,mask_fill_edgewalk_rows16_p40,line_text_skeleton,0.5168756,hard_fail,0.43852225,257,47,1.7121,0,0.999661,0.444311,0.0,0.255689,0.04,0,precision,qd_008::precision,0.1,0.2,0.02,0.005,0.003,0.003,1.0,0.0,0.0,1.0,1.0,0.0,0.0,0.0,0.0,0.0,0.0,0.0,0.0,0.0,16.0,40.0,0.0,0.0,0.0,0.0,0.0,0.0,0.0,0.0,0.0,0.0,1.0,1.25,0.090057373046875,0.17129786513046424,374.0,11.0,0.43852225,257.0,47.0,1.7121,0.0,0.999661,0.444311,0.0,0.0,0.0,0.999661,1.25,0.999661,0.0,0.0,0.0,0.0,0.0,0.0,0.0,0.0,0.0,0.0,1.0,0.0,0.0,0.1,0.2,0.02,0.005,0.003,0.003,0.0999661,0.0888622,0.034242,0.0,0.771,0.14100000000000001,0.0
qd_008,QuickDraw,star,mask_fill_edgewalk_rows16_p40,line_text_skeleton,0.5168756,hard_fail,0.43852225,257,47,1.7121,0,0.999661,0.444311,0.0,0.255689,0.04,0,coverage,qd_008::coverage,0.35,0.05,0.02,0.005,0.003,0.003,1.0,0.0,0.0,1.0,1.0,0.0,0.0,0.0,0.0,0.0,0.0,0.0,0.0,0.0,16.0,40.0,0.0,0.0,0.0,0.0,0.0,0.0,0.0,0.0,0.0,0.0,1.0,1.25,0.090057373046875,0.17129786513046424,374.0,11.0,0.43852225,257.0,47.0,1.7121,0.0,0.999661,0.444311,0.0,0.0,0.0,0.999661,1.25,0.999661,0.0,0.0,0.0,0.0,0.0,0.0,0.0,0.0,0.0,0.0,0.0,1.0,0.0,0.35,0.05,0.02,0.005,0.003,0.003,0.34988135,0.02221555,0.034242,0.0,0.771,0.14100000000000001,0.0
qd_008,QuickDraw,star,mask_fill_edgewalk_rows16_p40,line_text_skeleton,0.5168756,hard_fail,0.43852225,257,47,1.7121,0,0.999661,0.444311,0.0,0.255689,0.04,0,low_jump,qd_008::low_jump,0.1,0.05,0.02,0.005,0.03,0.02,1.0,0.0,0.0,1.0,1.0,0.0,0.0,0.0,0.0,0.0,0.0,0.0,0.0,0.0,16.0,40.0,0.0,0.0,0.0,0.0,0.0,0.0,0.0,0.0,0.0,0.0,1.0,1.25,0.090057373046875,0.17129786513046424,374.0,11.0,0.43852225,257.0,47.0,1.7121,0.0,0.999661,0.444311,0.0,0.0,0.0,0.999661,1.25,0.999661,0.0,0.0,0.0,0.0,0.0,0.0,0.0,0.0,0.0,0.0,0.0,0.0,1.0,0.1,0.05,0.02,0.005,0.03,0.02,0.0999661,0.02221555,0.034242,0.0,7.71,0.9400000000000001,0.0
qd_008,QuickDraw,star,auto_evalrepair_r10_c20,line_text_skeleton,0.11641339,pass,0.11241589,12,2,0.0,0,0.995764,0.67335,0.0,0.02665,0.0,0,low_loss,qd_008::low_loss,0.0,0.0,0.0,0.0,0.0,0.0,1.0,0.0,1.0,0.0,0.0,0.0,0.0,0.0,0.0,0.0,0.0,0.0,0.0,0.0,0.0,0.0,0.0,0.0,0.0,0.0,0.0,0.0,0.0,0.0,0.0,0.0,1.0,1.25,0.090057373046875,0.17129786513046424,374.0,11.0,0.11241589,12.0,2.0,0.0,0.0,0.995764,0.67335,0.0,0.0,0.995764,0.0,0.0,0.0,0.0,0.0,0.0,0.0,0.0,0.0,0.0,0.0,1.0,0.0,0.0,0.0,0.0,0.0,0.0,0.0,0.0,0.0,0.0,0.0,0.0,0.0,0.0,0.0,0.0,0.11241589
qd_008,QuickDraw,star,auto_evalrepair_r10_c20,line_text_skeleton,0.11641339,pass,0.11241589,12,2,0.0,0,0.995764,0.67335,0.0,0.02665,0.0,0,balanced,qd_008::balanced,0.1,0.05,0.02,0.005,0.003,0.003,1.0,0.0,1.0,0.0,0.0,0.0,0.0,0.0,0.0,0.0,0.0,0.0,0.0,0.0,0.0,0.0,0.0,0.0,0.0,0.0,0.0,0.0,0.0,0.0,0.0,0.0,1.0,1.25,0.090057373046875,0.17129786513046424,374.0,11.0,0.11241589,12.0,2.0,0.0,0.0,0.995764,0.67335,0.0,0.0,0.995764,0.0,0.0,0.0,0.0,0.0,0.0,0.0,0.0,0.0,0.0,0.0,0.0,1.0,0.0,0.0,0.0,0.1,0.05,0.02,0.005,0.003,0.003,0.09957640000000001,0.0336675,0.0,0.0,0.036000000000000004,0.006,0.0
qd_008,QuickDraw,star,auto_evalrepair_r10_c20,line_text_skeleton,0.11641339,pass,0.11241589,12,2,0.0,0,0.995764,0.67335,0.0,0.02665,0.0,0,precision,qd_008::precision,0.1,0.2,0.02,0.005,0.003,0.003,1.0,0.0,1.0,0.0,0.0,0.0,0.0,0.0,0.0,0.0,0.0,0.0,0.0,0.0,0.0,0.0,0.0,0.0,0.0,0.0,0.0,0.0,0.0,0.0,0.0,0.0,1.0,1.25,0.090057373046875,0.17129786513046424,374.0,11.0,0.11241589,12.0,2.0,0.0,0.0,0.995764,0.67335,0.0,0.0,0.995764,0.0,0.0,0.0,0.0,0.0,0.0,0.0,0.0,0.0,0.0,0.0,0.0,0.0,1.0,0.0,0.0,0.1,0.2,0.02,0.005,0.003,0.003,0.09957640000000001,0.13467,0.0,0.0,0.036000000000000004,0.006,0.0
qd_008,QuickDraw,star,auto_evalrepair_r10_c20,line_text_skeleton,0.11641339,pass,0.11241589,12,2,0.0,0,0.995764,0.67335,0.0,0.02665,0.0,0,coverage,qd_008::coverage,0.35,0.05,0.02,0.005,0.003,0.003,1.0,0.0,1.0,0.0,0.0,0.0,0.0,0.0,0.0,0.0,0.0,0.0,0.0,0.0,0.0,0.0,0.0,0.0,0.0,0.0,0.0,0.0,0.0,0.0,0.0,0.0,1.0,1.25,0.090057373046875,0.17129786513046424,374.0,11.0,0.11241589,12.0,2.0,0.0,0.0,0.995764,0.67335,0.0,0.0,0.995764,0.0,0.0,0.0,0.0,0.0,0.0,0.0,0.0,0.0,0.0,0.0,0.0,0.0,0.0,1.0,0.0,0.35,0.05,0.02,0.005,0.003,0.003,0.3485174,0.0336675,0.0,0.0,0.036000000000000004,0.006,0.0
qd_008,QuickDraw,star,auto_evalrepair_r10_c20,line_text_skeleton,0.11641339,pass,0.11241589,12,2,0.0,0,0.995764,0.67335,0.0,0.02665,0.0,0,low_jump,qd_008::low_jump,0.1,0.05,0.02,0.005,0.03,0.02,1.0,0.0,1.0,0.0,0.0,0.0,0.0,0.0,0.0,0.0,0.0,0.0,0.0,0.0,0.0,0.0,0.0,0.0,0.0,0.0,0.0,0.0,0.0,0.0,0.0,0.0,1.0,1.25,0.090057373046875,0.17129786513046424,374.0,11.0,0.11241589,12.0,2.0,0.0,0.0,0.995764,0.67335,0.0,0.0,0.995764,0.0,0.0,0.0,0.0,0.0,0.0,0.0,0.0,0.0,0.0,0.0,0.0,0.0,0.0,0.0,1.0,0.1,0.05,0.02,0.005,0.03,0.02,0.09957640000000001,0.0336675,0.0,0.0,0.36,0.04,0.0
qd_008,QuickDraw,star,skeleton_c30_m20,line_text_skeleton,0.14164761,pass,0.13715781,15,2,0.0,0,0.967977,0.670068,0.0,0.029932,0.0,0,low_loss,qd_008::low_loss,0.0,0.0,0.0,0.0,0.0,0.0,1.0,1.0,0.0,0.0,0.0,0.0,0.0,0.0,0.0,0.0,0.0,0.0,0.0,0.0,0.0,0.0,0.0,0.0,0.0,0.0,0.0,0.0,0.0,0.0,0.0,0.0,1.0,1.25,0.090057373046875,0.17129786513046424,374.0,11.0,0.13715781,15.0,2.0,0.0,0.0,0.967977,0.670068,1.25,0.967977,0.0,0.0,0.0,0.0,0.0,0.0,0.0,0.0,0.0,0.0,0.0,0.0,1.0,0.0,0.0,0.0,0.0,0.0,0.0,0.0,0.0,0.0,0.0,0.0,0.0,0.0,0.0,0.0,0.0,0.13715781
qd_008,QuickDraw,star,skeleton_c30_m20,line_text_skeleton,0.14164761,pass,0.13715781,15,2,0.0,0,0.967977,0.670068,0.0,0.029932,0.0,0,balanced,qd_008::balanced,0.1,0.05,0.02,0.005,0.003,0.003,1.0,1.0,0.0,0.0,0.0,0.0,0.0,0.0,0.0,0.0,0.0,0.0,0.0,0.0,0.0,0.0,0.0,0.0,0.0,0.0,0.0,0.0,0.0,0.0,0.0,0.0,1.0,1.25,0.090057373046875,0.17129786513046424,374.0,11.0,0.13715781,15.0,2.0,0.0,0.0,0.967977,0.670068,1.25,0.967977,0.0,0.0,0.0,0.0,0.0,0.0,0.0,0.0,0.0,0.0,0.0,0.0,0.0,1.0,0.0,0.0,0.0,0.1,0.05,0.02,0.005,0.003,0.003,0.0967977,0.0335034,0.0,0.0,0.045,0.006,0.0
qd_008,QuickDraw,star,skeleton_c30_m20,line_text_skeleton,0.14164761,pass,0.13715781,15,2,0.0,0,0.967977,0.670068,0.0,0.029932,0.0,0,precision,qd_008::precision,0.1,0.2,0.02,0.005,0.003,0.003,1.0,1.0,0.0,0.0,0.0,0.0,0.0,0.0,0.0,0.0,0.0,0.0,0.0,0.0,0.0,0.0,0.0,0.0,0.0,0.0,0.0,0.0,0.0,0.0,0.0,0.0,1.0,1.25,0.090057373046875,0.17129786513046424,374.0,11.0,0.13715781,15.0,2.0,0.0,0.0,0.967977,0.670068,1.25,0.967977,0.0,0.0,0.0,0.0,0.0,0.0,0.0,0.0,0.0,0.0,0.0,0.0,0.0,0.0,1.0,0.0,0.0,0.1,0.2,0.02,0.005,0.003,0.003,0.0967977,0.1340136,0.0,0.0,0.045,0.006,0.0
qd_008,QuickDraw,star,skeleton_c30_m20,line_text_skeleton,0.14164761,pass,0.13715781,15,2,0.0,0,0.967977,0.670068,0.0,0.029932,0.0,0,coverage,qd_008::coverage,0.35,0.05,0.02,0.005,0.003,0.003,1.0,1.0,0.0,0.0,0.0,0.0,0.0,0.0,0.0,0.0,0.0,0.0,0.0,0.0,0.0,0.0,0.0,0.0,0.0,0.0,0.0,0.0,0.0,0.0,0.0,0.0,1.0,1.25,0.090057373046875,0.17129786513046424,374.0,11.0,0.13715781,15.0,2.0,0.0,0.0,0.967977,0.670068,1.25,0.967977,0.0,0.0,0.0,0.0,0.0,0.0,0.0,0.0,0.0,0.0,0.0,0.0,0.0,0.0,0.0,1.0,0.0,0.35,0.05,0.02,0.005,0.003,0.003,0.33879194999999995,0.0335034,0.0,0.0,0.045,0.006,0.0
qd_008,QuickDraw,star,skeleton_c30_m20,line_text_skeleton,0.14164761,pass,0.13715781,15,2,0.0,0,0.967977,0.670068,0.0,0.029932,0.0,0,low_jump,qd_008::low_jump,0.1,0.05,0.02,0.005,0.03,0.02,1.0,1.0,0.0,0.0,0.0,0.0,0.0,0.0,0.0,0.0,0.0,0.0,0.0,0.0,0.0,0.0,0.0,0.0,0.0,0.0,0.0,0.0,0.0,0.0,0.0,0.0,1.0,1.25,0.090057373046875,0.17129786513046424,374.0,11.0,0.13715781,15.0,2.0,0.0,0.0,0.967977,0.670068,1.25,0.967977,0.0,0.0,0.0,0.0,0.0,0.0,0.0,0.0,0.0,0.0,0.0,0.0,0.0,0.0,0.0,0.0,1.0,0.1,0.05,0.02,0.005,0.03,0.02,0.0967977,0.0335034,0.0,0.0,0.44999999999999996,0.04,0.0
qd_008,QuickDraw,star,skeleton_c30_m4,line_text_skeleton,0.11641339,pass,0.11241589,12,2,0.0,0,0.995764,0.67335,0.0,0.02665,0.0,0,low_loss,qd_008::low_loss,0.0,0.0,0.0,0.0,0.0,0.0,1.0,1.0,0.0,0.0,0.0,0.0,0.0,0.0,0.0,0.0,0.0,0.0,0.0,0.0,0.0,0.0,0.0,0.0,0.0,0.0,0.0,0.0,0.0,0.0,0.0,0.0,1.0,1.25,0.090057373046875,0.17129786513046424,374.0,11.0,0.11241589,12.0,2.0,0.0,0.0,0.995764,0.67335,1.25,0.995764,0.0,0.0,0.0,0.0,0.0,0.0,0.0,0.0,0.0,0.0,0.0,0.0,1.0,0.0,0.0,0.0,0.0,0.0,0.0,0.0,0.0,0.0,0.0,0.0,0.0,0.0,0.0,0.0,0.0,0.11241589
qd_008,QuickDraw,star,skeleton_c30_m4,line_text_skeleton,0.11641339,pass,0.11241589,12,2,0.0,0,0.995764,0.67335,0.0,0.02665,0.0,0,balanced,qd_008::balanced,0.1,0.05,0.02,0.005,0.003,0.003,1.0,1.0,0.0,0.0,0.0,0.0,0.0,0.0,0.0,0.0,0.0,0.0,0.0,0.0,0.0,0.0,0.0,0.0,0.0,0.0,0.0,0.0,0.0,0.0,0.0,0.0,1.0,1.25,0.090057373046875,0.17129786513046424,374.0,11.0,0.11241589,12.0,2.0,0.0,0.0,0.995764,0.67335,1.25,0.995764,0.0,0.0,0.0,0.0,0.0,0.0,0.0,0.0,0.0,0.0,0.0,0.0,0.0,1.0,0.0,0.0,0.0,0.1,0.05,0.02,0.005,0.003,0.003,0.09957640000000001,0.0336675,0.0,0.0,0.036000000000000004,0.006,0.0
qd_008,QuickDraw,star,skeleton_c30_m4,line_text_skeleton,0.11641339,pass,0.11241589,12,2,0.0,0,0.995764,0.67335,0.0,0.02665,0.0,0,precision,qd_008::precision,0.1,0.2,0.02,0.005,0.003,0.003,1.0,1.0,0.0,0.0,0.0,0.0,0.0,0.0,0.0,0.0,0.0,0.0,0.0,0.0,0.0,0.0,0.0,0.0,0.0,0.0,0.0,0.0,0.0,0.0,0.0,0.0,1.0,1.25,0.090057373046875,0.17129786513046424,374.0,11.0,0.11241589,12.0,2.0,0.0,0.0,0.995764,0.67335,1.25,0.995764,0.0,0.0,0.0,0.0,0.0,0.0,0.0,0.0,0.0,0.0,0.0,0.0,0.0,0.0,1.0,0.0,0.0,0.1,0.2,0.02,0.005,0.003,0.003,0.09957640000000001,0.13467,0.0,0.0,0.036000000000000004,0.006,0.0
qd_008,QuickDraw,star,skeleton_c30_m4,line_text_skeleton,0.11641339,pass,0.11241589,12,2,0.0,0,0.995764,0.67335,0.0,0.02665,0.0,0,coverage,qd_008::coverage,0.35,0.05,0.02,0.005,0.003,0.003,1.0,1.0,0.0,0.0,0.0,0.0,0.0,0.0,0.0,0.0,0.0,0.0,0.0,0.0,0.0,0.0,0.0,0.0,0.0,0.0,0.0,0.0,0.0,0.0,0.0,0.0,1.0,1.25,0.090057373046875,0.17129786513046424,374.0,11.0,0.11241589,12.0,2.0,0.0,0.0,0.995764,0.67335,1.25,0.995764,0.0,0.0,0.0,0.0,0.0,0.0,0.0,0.0,0.0,0.0,0.0,0.0,0.0,0.0,0.0,1.0,0.0,0.35,0.05,0.02,0.005,0.003,0.003,0.3485174,0.0336675,0.0,0.0,0.036000000000000004,0.006,0.0
qd_008,QuickDraw,star,skeleton_c30_m4,line_text_skeleton,0.11641339,pass,0.11241589,12,2,0.0,0,0.995764,0.67335,0.0,0.02665,0.0,0,low_jump,qd_008::low_jump,0.1,0.05,0.02,0.005,0.03,0.02,1.0,1.0,0.0,0.0,0.0,0.0,0.0,0.0,0.0,0.0,0.0,0.0,0.0,0.0,0.0,0.0,0.0,0.0,0.0,0.0,0.0,0.0,0.0,0.0,0.0,0.0,1.0,1.25,0.090057373046875,0.17129786513046424,374.0,11.0,0.11241589,12.0,2.0,0.0,0.0,0.995764,0.67335,1.25,0.995764,0.0,0.0,0.0,0.0,0.0,0.0,0.0,0.0,0.0,0.0,0.0,0.0,0.0,0.0,0.0,0.0,1.0,0.1,0.05,0.02,0.005,0.03,0.02,0.09957640000000001,0.0336675,0.0,0.0,0.36,0.04,0.0
qd_008,QuickDraw,star,mask_fill_edgewalk_nearestrow_safeadt_t2m5_r055_a64_rows16_p40,line_text_skeleton,0.18665824,pass,0.12833899,14,2,0.0,0,1.0,0.311205,0.0,0.388795,0.0,0,low_loss,qd_008::low_loss,0.0,0.0,0.0,0.0,0.0,0.0,1.0,0.0,0.0,1.0,1.0,1.0,1.0,0.0,0.0,0.0,0.0,0.0,0.0,0.0,16.0,40.0,0.0,0.0,0.0,0.0,0.0,0.0,0.0,0.0,0.0,0.0,1.0,1.25,0.090057373046875,0.17129786513046424,374.0,11.0,0.12833899,14.0,2.0,0.0,0.0,1.0,0.311205,0.0,0.0,0.0,1.0,1.25,1.0,1.0,0.090057373046875,0.0,0.0,0.0,0.0,0.0,0.0,1.0,0.0,0.0,0.0,0.0,0.0,0.0,0.0,0.0,0.0,0.0,0.0,0.0,0.0,0.0,0.0,0.0,0.12833899
qd_008,QuickDraw,star,mask_fill_edgewalk_nearestrow_safeadt_t2m5_r055_a64_rows16_p40,line_text_skeleton,0.18665824,pass,0.12833899,14,2,0.0,0,1.0,0.311205,0.0,0.388795,0.0,0,balanced,qd_008::balanced,0.1,0.05,0.02,0.005,0.003,0.003,1.0,0.0,0.0,1.0,1.0,1.0,1.0,0.0,0.0,0.0,0.0,0.0,0.0,0.0,16.0,40.0,0.0,0.0,0.0,0.0,0.0,0.0,0.0,0.0,0.0,0.0,1.0,1.25,0.090057373046875,0.17129786513046424,374.0,11.0,0.12833899,14.0,2.0,0.0,0.0,1.0,0.311205,0.0,0.0,0.0,1.0,1.25,1.0,1.0,0.090057373046875,0.0,0.0,0.0,0.0,0.0,0.0,0.0,1.0,0.0,0.0,0.0,0.1,0.05,0.02,0.005,0.003,0.003,0.1,0.015560250000000001,0.0,0.0,0.042,0.006,0.0
qd_008,QuickDraw,star,mask_fill_edgewalk_nearestrow_safeadt_t2m5_r055_a64_rows16_p40,line_text_skeleton,0.18665824,pass,0.12833899,14,2,0.0,0,1.0,0.311205,0.0,0.388795,0.0,0,precision,qd_008::precision,0.1,0.2,0.02,0.005,0.003,0.003,1.0,0.0,0.0,1.0,1.0,1.0,1.0,0.0,0.0,0.0,0.0,0.0,0.0,0.0,16.0,40.0,0.0,0.0,0.0,0.0,0.0,0.0,0.0,0.0,0.0,0.0,1.0,1.25,0.090057373046875,0.17129786513046424,374.0,11.0,0.12833899,14.0,2.0,0.0,0.0,1.0,0.311205,0.0,0.0,0.0,1.0,1.25,1.0,1.0,0.090057373046875,0.0,0.0,0.0,0.0,0.0,0.0,0.0,0.0,1.0,0.0,0.0,0.1,0.2,0.02,0.005,0.003,0.003,0.1,0.062241000000000005,0.0,0.0,0.042,0.006,0.0
qd_008,QuickDraw,star,mask_fill_edgewalk_nearestrow_safeadt_t2m5_r055_a64_rows16_p40,line_text_skeleton,0.18665824,pass,0.12833899,14,2,0.0,0,1.0,0.311205,0.0,0.388795,0.0,0,coverage,qd_008::coverage,0.35,0.05,0.02,0.005,0.003,0.003,1.0,0.0,0.0,1.0,1.0,1.0,1.0,0.0,0.0,0.0,0.0,0.0,0.0,0.0,16.0,40.0,0.0,0.0,0.0,0.0,0.0,0.0,0.0,0.0,0.0,0.0,1.0,1.25,0.090057373046875,0.17129786513046424,374.0,11.0,0.12833899,14.0,2.0,0.0,0.0,1.0,0.311205,0.0,0.0,0.0,1.0,1.25,1.0,1.0,0.090057373046875,0.0,0.0,0.0,0.0,0.0,0.0,0.0,0.0,0.0,1.0,0.0,0.35,0.05,0.02,0.005,0.003,0.003,0.35,0.015560250000000001,0.0,0.0,0.042,0.006,0.0
qd_008,QuickDraw,star,mask_fill_edgewalk_nearestrow_safeadt_t2m5_r055_a64_rows16_p40,line_text_skeleton,0.18665824,pass,0.12833899,14,2,0.0,0,1.0,0.311205,0.0,0.388795,0.0,0,low_jump,qd_008::low_jump,0.1,0.05,0.02,0.005,0.03,0.02,1.0,0.0,0.0,1.0,1.0,1.0,1.0,0.0,0.0,0.0,0.0,0.0,0.0,0.0,16.0,40.0,0.0,0.0,0.0,0.0,0.0,0.0,0.0,0.0,0.0,0.0,1.0,1.25,0.090057373046875,0.17129786513046424,374.0,11.0,0.12833899,14.0,2.0,0.0,0.0,1.0,0.311205,0.0,0.0,0.0,1.0,1.25,1.0,1.0,0.090057373046875,0.0,0.0,0.0,0.0,0.0,0.0,0.0,0.0,0.0,0.0,1.0,0.1,0.05,0.02,0.005,0.03,0.02,0.1,0.015560250000000001,0.0,0.0,0.42,0.04,0.0
txt_001,Rendered text,AI,mask_fill_edgewalk_nearestrow_inset1_rows16_p40,line_text_skeleton,0.008,excellent,0.008,1,0,0.0,0,0.986012,0.760203,0.0,0.0,0.0,1,low_loss,txt_001::low_loss,0.0,0.0,0.0,0.0,0.0,0.0,1.0,0.0,0.0,1.0,1.0,1.0,0.0,1.0,1.0,0.0,1.0,0.0,0.0,0.0,16.0,40.0,0.0,0.0,0.0,0.0,0.0,0.0,0.0,0.0,0.0,0.0,1.0,1.1,0.055633544921875,0.06801974766867801,79.0,6.0,0.008,1.0,0.0,0.0,0.0,0.986012,0.760203,0.0,0.0,0.0,0.986012,1.1,0.986012,0.986012,0.055633544921875,0.055633544921875,0.0,0.0,0.0,0.0,0.0,1.0,0.0,0.0,0.0,0.0,0.0,0.0,0.0,0.0,0.0,0.0,0.0,0.0,0.0,0.0,0.0,0.0,0.008
txt_001,Rendered text,AI,mask_fill_edgewalk_nearestrow_inset1_rows16_p40,line_text_skeleton,0.008,excellent,0.008,1,0,0.0,0,0.986012,0.760203,0.0,0.0,0.0,1,balanced,txt_001::balanced,0.1,0.05,0.02,0.005,0.003,0.003,1.0,0.0,0.0,1.0,1.0,1.0,0.0,1.0,1.0,0.0,1.0,0.0,0.0,0.0,16.0,40.0,0.0,0.0,0.0,0.0,0.0,0.0,0.0,0.0,0.0,0.0,1.0,1.1,0.055633544921875,0.06801974766867801,79.0,6.0,0.008,1.0,0.0,0.0,0.0,0.986012,0.760203,0.0,0.0,0.0,0.986012,1.1,0.986012,0.986012,0.055633544921875,0.055633544921875,0.0,0.0,0.0,0.0,0.0,0.0,1.0,0.0,0.0,0.0,0.1,0.05,0.02,0.005,0.003,0.003,0.0986012,0.03801015,0.0,0.0,0.003,0.0,0.0
txt_001,Rendered text,AI,mask_fill_edgewalk_nearestrow_inset1_rows16_p40,line_text_skeleton,0.008,excellent,0.008,1,0,0.0,0,0.986012,0.760203,0.0,0.0,0.0,1,precision,txt_001::precision,0.1,0.2,0.02,0.005,0.003,0.003,1.0,0.0,0.0,1.0,1.0,1.0,0.0,1.0,1.0,0.0,1.0,0.0,0.0,0.0,16.0,40.0,0.0,0.0,0.0,0.0,0.0,0.0,0.0,0.0,0.0,0.0,1.0,1.1,0.055633544921875,0.06801974766867801,79.0,6.0,0.008,1.0,0.0,0.0,0.0,0.986012,0.760203,0.0,0.0,0.0,0.986012,1.1,0.986012,0.986012,0.055633544921875,0.055633544921875,0.0,0.0,0.0,0.0,0.0,0.0,0.0,1.0,0.0,0.0,0.1,0.2,0.02,0.005,0.003,0.003,0.0986012,0.1520406,0.0,0.0,0.003,0.0,0.0
txt_001,Rendered text,AI,mask_fill_edgewalk_nearestrow_inset1_rows16_p40,line_text_skeleton,0.008,excellent,0.008,1,0,0.0,0,0.986012,0.760203,0.0,0.0,0.0,1,coverage,txt_001::coverage,0.35,0.05,0.02,0.005,0.003,0.003,1.0,0.0,0.0,1.0,1.0,1.0,0.0,1.0,1.0,0.0,1.0,0.0,0.0,0.0,16.0,40.0,0.0,0.0,0.0,0.0,0.0,0.0,0.0,0.0,0.0,0.0,1.0,1.1,0.055633544921875,0.06801974766867801,79.0,6.0,0.008,1.0,0.0,0.0,0.0,0.986012,0.760203,0.0,0.0,0.0,0.986012,1.1,0.986012,0.986012,0.055633544921875,0.055633544921875,0.0,0.0,0.0,0.0,0.0,0.0,0.0,0.0,1.0,0.0,0.35,0.05,0.02,0.005,0.003,0.003,0.34510419999999997,0.03801015,0.0,0.0,0.003,0.0,0.0
txt_001,Rendered text,AI,mask_fill_edgewalk_nearestrow_inset1_rows16_p40,line_text_skeleton,0.008,excellent,0.008,1,0,0.0,0,0.986012,0.760203,0.0,0.0,0.0,1,low_jump,txt_001::low_jump,0.1,0.05,0.02,0.005,0.03,0.02,1.0,0.0,0.0,1.0,1.0,1.0,0.0,1.0,1.0,0.0,1.0,0.0,0.0,0.0,16.0,40.0,0.0,0.0,0.0,0.0,0.0,0.0,0.0,0.0,0.0,0.0,1.0,1.1,0.055633544921875,0.06801974766867801,79.0,6.0,0.008,1.0,0.0,0.0,0.0,0.986012,0.760203,0.0,0.0,0.0,0.986012,1.1,0.986012,0.986012,0.055633544921875,0.055633544921875,0.0,0.0,0.0,0.0,0.0,0.0,0.0,0.0,0.0,1.0,0.1,0.05,0.02,0.005,0.03,0.02,0.0986012,0.03801015,0.0,0.0,0.03,0.0,0.0
txt_001,Rendered text,AI,mask_fill_edgewalk_nearestrow_inset2_rows16_p40,line_text_skeleton,0.008,excellent,0.008,1,0,0.0,0,0.996709,0.836556,0.0,0.0,0.0,0,low_loss,txt_001::low_loss,0.0,0.0,0.0,0.0,0.0,0.0,1.0,0.0,0.0,1.0,1.0,1.0,0.0,1.0,0.0,1.0,2.0,0.0,0.0,0.0,16.0,40.0,0.0,0.0,0.0,0.0,0.0,0.0,0.0,0.0,0.0,0.0,1.0,1.1,0.055633544921875,0.06801974766867801,79.0,6.0,0.008,1.0,0.0,0.0,0.0,0.996709,0.836556,0.0,0.0,0.0,0.996709,1.1,0.996709,0.996709,0.055633544921875,0.055633544921875,0.055633544921875,0.0,0.0,0.0,0.0,1.0,0.0,0.0,0.0,0.0,0.0,0.0,0.0,0.0,0.0,0.0,0.0,0.0,0.0,0.0,0.0,0.0,0.008
txt_001,Rendered text,AI,mask_fill_edgewalk_nearestrow_inset2_rows16_p40,line_text_skeleton,0.008,excellent,0.008,1,0,0.0,0,0.996709,0.836556,0.0,0.0,0.0,0,balanced,txt_001::balanced,0.1,0.05,0.02,0.005,0.003,0.003,1.0,0.0,0.0,1.0,1.0,1.0,0.0,1.0,0.0,1.0,2.0,0.0,0.0,0.0,16.0,40.0,0.0,0.0,0.0,0.0,0.0,0.0,0.0,0.0,0.0,0.0,1.0,1.1,0.055633544921875,0.06801974766867801,79.0,6.0,0.008,1.0,0.0,0.0,0.0,0.996709,0.836556,0.0,0.0,0.0,0.996709,1.1,0.996709,0.996709,0.055633544921875,0.055633544921875,0.055633544921875,0.0,0.0,0.0,0.0,0.0,1.0,0.0,0.0,0.0,0.1,0.05,0.02,0.005,0.003,0.003,0.0996709,0.0418278,0.0,0.0,0.003,0.0,0.0
txt_001,Rendered text,AI,mask_fill_edgewalk_nearestrow_inset2_rows16_p40,line_text_skeleton,0.008,excellent,0.008,1,0,0.0,0,0.996709,0.836556,0.0,0.0,0.0,0,precision,txt_001::precision,0.1,0.2,0.02,0.005,0.003,0.003,1.0,0.0,0.0,1.0,1.0,1.0,0.0,1.0,0.0,1.0,2.0,0.0,0.0,0.0,16.0,40.0,0.0,0.0,0.0,0.0,0.0,0.0,0.0,0.0,0.0,0.0,1.0,1.1,0.055633544921875,0.06801974766867801,79.0,6.0,0.008,1.0,0.0,0.0,0.0,0.996709,0.836556,0.0,0.0,0.0,0.996709,1.1,0.996709,0.996709,0.055633544921875,0.055633544921875,0.055633544921875,0.0,0.0,0.0,0.0,0.0,0.0,1.0,0.0,0.0,0.1,0.2,0.02,0.005,0.003,0.003,0.0996709,0.1673112,0.0,0.0,0.003,0.0,0.0
txt_001,Rendered text,AI,mask_fill_edgewalk_nearestrow_inset2_rows16_p40,line_text_skeleton,0.008,excellent,0.008,1,0,0.0,0,0.996709,0.836556,0.0,0.0,0.0,0,coverage,txt_001::coverage,0.35,0.05,0.02,0.005,0.003,0.003,1.0,0.0,0.0,1.0,1.0,1.0,0.0,1.0,0.0,1.0,2.0,0.0,0.0,0.0,16.0,40.0,0.0,0.0,0.0,0.0,0.0,0.0,0.0,0.0,0.0,0.0,1.0,1.1,0.055633544921875,0.06801974766867801,79.0,6.0,0.008,1.0,0.0,0.0,0.0,0.996709,0.836556,0.0,0.0,0.0,0.996709,1.1,0.996709,0.996709,0.055633544921875,0.055633544921875,0.055633544921875,0.0,0.0,0.0,0.0,0.0,0.0,0.0,1.0,0.0,0.35,0.05,0.02,0.005,0.003,0.003,0.34884814999999997,0.0418278,0.0,0.0,0.003,0.0,0.0
txt_001,Rendered text,AI,mask_fill_edgewalk_nearestrow_inset2_rows16_p40,line_text_skeleton,0.008,excellent,0.008,1,0,0.0,0,0.996709,0.836556,0.0,0.0,0.0,0,low_jump,txt_001::low_jump,0.1,0.05,0.02,0.005,0.03,0.02,1.0,0.0,0.0,1.0,1.0,1.0,0.0,1.0,0.0,1.0,2.0,0.0,0.0,0.0,16.0,40.0,0.0,0.0,0.0,0.0,0.0,0.0,0.0,0.0,0.0,0.0,1.0,1.1,0.055633544921875,0.06801974766867801,79.0,6.0,0.008,1.0,0.0,0.0,0.0,0.996709,0.836556,0.0,0.0,0.0,0.996709,1.1,0.996709,0.996709,0.055633544921875,0.055633544921875,0.055633544921875,0.0,0.0,0.0,0.0,0.0,0.0,0.0,0.0,1.0,0.1,0.05,0.02,0.005,0.03,0.02,0.0996709,0.0418278,0.0,0.0,0.03,0.0,0.0
txt_001,Rendered text,AI,mask_fill_edgewalk_nearestrow_rows16_p40,line_text_skeleton,0.00896735,excellent,0.008,1,0,0.0,0,1.0,0.693551,0.0,0.006449,0.0,0,low_loss,txt_001::low_loss,0.0,0.0,0.0,0.0,0.0,0.0,1.0,0.0,0.0,1.0,1.0,1.0,1.0,0.0,0.0,0.0,0.0,0.0,0.0,0.0,16.0,40.0,0.0,0.0,0.0,0.0,0.0,0.0,0.0,0.0,0.0,0.0,1.0,1.1,0.055633544921875,0.06801974766867801,79.0,6.0,0.008,1.0,0.0,0.0,0.0,1.0,0.693551,0.0,0.0,0.0,1.0,1.1,1.0,1.0,0.055633544921875,0.0,0.0,0.0,0.0,0.0,0.0,1.0,0.0,0.0,0.0,0.0,0.0,0.0,0.0,0.0,0.0,0.0,0.0,0.0,0.0,0.0,0.0,0.0,0.008
txt_001,Rendered text,AI,mask_fill_edgewalk_nearestrow_rows16_p40,line_text_skeleton,0.00896735,excellent,0.008,1,0,0.0,0,1.0,0.693551,0.0,0.006449,0.0,0,balanced,txt_001::balanced,0.1,0.05,0.02,0.005,0.003,0.003,1.0,0.0,0.0,1.0,1.0,1.0,1.0,0.0,0.0,0.0,0.0,0.0,0.0,0.0,16.0,40.0,0.0,0.0,0.0,0.0,0.0,0.0,0.0,0.0,0.0,0.0,1.0,1.1,0.055633544921875,0.06801974766867801,79.0,6.0,0.008,1.0,0.0,0.0,0.0,1.0,0.693551,0.0,0.0,0.0,1.0,1.1,1.0,1.0,0.055633544921875,0.0,0.0,0.0,0.0,0.0,0.0,0.0,1.0,0.0,0.0,0.0,0.1,0.05,0.02,0.005,0.003,0.003,0.1,0.03467755,0.0,0.0,0.003,0.0,0.0
txt_001,Rendered text,AI,mask_fill_edgewalk_nearestrow_rows16_p40,line_text_skeleton,0.00896735,excellent,0.008,1,0,0.0,0,1.0,0.693551,0.0,0.006449,0.0,0,precision,txt_001::precision,0.1,0.2,0.02,0.005,0.003,0.003,1.0,0.0,0.0,1.0,1.0,1.0,1.0,0.0,0.0,0.0,0.0,0.0,0.0,0.0,16.0,40.0,0.0,0.0,0.0,0.0,0.0,0.0,0.0,0.0,0.0,0.0,1.0,1.1,0.055633544921875,0.06801974766867801,79.0,6.0,0.008,1.0,0.0,0.0,0.0,1.0,0.693551,0.0,0.0,0.0,1.0,1.1,1.0,1.0,0.055633544921875,0.0,0.0,0.0,0.0,0.0,0.0,0.0,0.0,1.0,0.0,0.0,0.1,0.2,0.02,0.005,0.003,0.003,0.1,0.1387102,0.0,0.0,0.003,0.0,0.0
txt_001,Rendered text,AI,mask_fill_edgewalk_nearestrow_rows16_p40,line_text_skeleton,0.00896735,excellent,0.008,1,0,0.0,0,1.0,0.693551,0.0,0.006449,0.0,0,coverage,txt_001::coverage,0.35,0.05,0.02,0.005,0.003,0.003,1.0,0.0,0.0,1.0,1.0,1.0,1.0,0.0,0.0,0.0,0.0,0.0,0.0,0.0,16.0,40.0,0.0,0.0,0.0,0.0,0.0,0.0,0.0,0.0,0.0,0.0,1.0,1.1,0.055633544921875,0.06801974766867801,79.0,6.0,0.008,1.0,0.0,0.0,0.0,1.0,0.693551,0.0,0.0,0.0,1.0,1.1,1.0,1.0,0.055633544921875,0.0,0.0,0.0,0.0,0.0,0.0,0.0,0.0,0.0,1.0,0.0,0.35,0.05,0.02,0.005,0.003,0.003,0.35,0.03467755,0.0,0.0,0.003,0.0,0.0
txt_001,Rendered text,AI,mask_fill_edgewalk_nearestrow_rows16_p40,line_text_skeleton,0.00896735,excellent,0.008,1,0,0.0,0,1.0,0.693551,0.0,0.006449,0.0,0,low_jump,txt_001::low_jump,0.1,0.05,0.02,0.005,0.03,0.02,1.0,0.0,0.0,1.0,1.0,1.0,1.0,0.0,0.0,0.0,0.0,0.0,0.0,0.0,16.0,40.0,0.0,0.0,0.0,0.0,0.0,0.0,0.0,0.0,0.0,0.0,1.0,1.1,0.055633544921875,0.06801974766867801,79.0,6.0,0.008,1.0,0.0,0.0,0.0,1.0,0.693551,0.0,0.0,0.0,1.0,1.1,1.0,1.0,0.055633544921875,0.0,0.0,0.0,0.0,0.0,0.0,0.0,0.0,0.0,0.0,1.0,0.1,0.05,0.02,0.005,0.03,0.02,0.1,0.03467755,0.0,0.0,0.03,0.0,0.0
txt_001,Rendered text,AI,mask_fill_edgewalk_rows16_p40,line_text_skeleton,0.01606625,excellent,0.008,1,0,0.0,0,1.0,0.646225,0.0,0.053775,0.0,0,low_loss,txt_001::low_loss,0.0,0.0,0.0,0.0,0.0,0.0,1.0,0.0,0.0,1.0,1.0,0.0,0.0,0.0,0.0,0.0,0.0,0.0,0.0,0.0,16.0,40.0,0.0,0.0,0.0,0.0,0.0,0.0,0.0,0.0,0.0,0.0,1.0,1.1,0.055633544921875,0.06801974766867801,79.0,6.0,0.008,1.0,0.0,0.0,0.0,1.0,0.646225,0.0,0.0,0.0,1.0,1.1,1.0,0.0,0.0,0.0,0.0,0.0,0.0,0.0,0.0,1.0,0.0,0.0,0.0,0.0,0.0,0.0,0.0,0.0,0.0,0.0,0.0,0.0,0.0,0.0,0.0,0.0,0.008
txt_001,Rendered text,AI,mask_fill_edgewalk_rows16_p40,line_text_skeleton,0.01606625,excellent,0.008,1,0,0.0,0,1.0,0.646225,0.0,0.053775,0.0,0,balanced,txt_001::balanced,0.1,0.05,0.02,0.005,0.003,0.003,1.0,0.0,0.0,1.0,1.0,0.0,0.0,0.0,0.0,0.0,0.0,0.0,0.0,0.0,16.0,40.0,0.0,0.0,0.0,0.0,0.0,0.0,0.0,0.0,0.0,0.0,1.0,1.1,0.055633544921875,0.06801974766867801,79.0,6.0,0.008,1.0,0.0,0.0,0.0,1.0,0.646225,0.0,0.0,0.0,1.0,1.1,1.0,0.0,0.0,0.0,0.0,0.0,0.0,0.0,0.0,0.0,1.0,0.0,0.0,0.0,0.1,0.05,0.02,0.005,0.003,0.003,0.1,0.03231125000000001,0.0,0.0,0.003,0.0,0.0
txt_001,Rendered text,AI,mask_fill_edgewalk_rows16_p40,line_text_skeleton,0.01606625,excellent,0.008,1,0,0.0,0,1.0,0.646225,0.0,0.053775,0.0,0,precision,txt_001::precision,0.1,0.2,0.02,0.005,0.003,0.003,1.0,0.0,0.0,1.0,1.0,0.0,0.0,0.0,0.0,0.0,0.0,0.0,0.0,0.0,16.0,40.0,0.0,0.0,0.0,0.0,0.0,0.0,0.0,0.0,0.0,0.0,1.0,1.1,0.055633544921875,0.06801974766867801,79.0,6.0,0.008,1.0,0.0,0.0,0.0,1.0,0.646225,0.0,0.0,0.0,1.0,1.1,1.0,0.0,0.0,0.0,0.0,0.0,0.0,0.0,0.0,0.0,0.0,1.0,0.0,0.0,0.1,0.2,0.02,0.005,0.003,0.003,0.1,0.12924500000000003,0.0,0.0,0.003,0.0,0.0
txt_001,Rendered text,AI,mask_fill_edgewalk_rows16_p40,line_text_skeleton,0.01606625,excellent,0.008,1,0,0.0,0,1.0,0.646225,0.0,0.053775,0.0,0,coverage,txt_001::coverage,0.35,0.05,0.02,0.005,0.003,0.003,1.0,0.0,0.0,1.0,1.0,0.0,0.0,0.0,0.0,0.0,0.0,0.0,0.0,0.0,16.0,40.0,0.0,0.0,0.0,0.0,0.0,0.0,0.0,0.0,0.0,0.0,1.0,1.1,0.055633544921875,0.06801974766867801,79.0,6.0,0.008,1.0,0.0,0.0,0.0,1.0,0.646225,0.0,0.0,0.0,1.0,1.1,1.0,0.0,0.0,0.0,0.0,0.0,0.0,0.0,0.0,0.0,0.0,0.0,1.0,0.0,0.35,0.05,0.02,0.005,0.003,0.003,0.35,0.03231125000000001,0.0,0.0,0.003,0.0,0.0
txt_001,Rendered text,AI,mask_fill_edgewalk_rows16_p40,line_text_skeleton,0.01606625,excellent,0.008,1,0,0.0,0,1.0,0.646225,0.0,0.053775,0.0,0,low_jump,txt_001::low_jump,0.1,0.05,0.02,0.005,0.03,0.02,1.0,0.0,0.0,1.0,1.0,0.0,0.0,0.0,0.0,0.0,0.0,0.0,0.0,0.0,16.0,40.0,0.0,0.0,0.0,0.0,0.0,0.0,0.0,0.0,0.0,0.0,1.0,1.1,0.055633544921875,0.06801974766867801,79.0,6.0,0.008,1.0,0.0,0.0,0.0,1.0,0.646225,0.0,0.0,0.0,1.0,1.1,1.0,0.0,0.0,0.0,0.0,0.0,0.0,0.0,0.0,0.0,0.0,0.0,0.0,1.0,0.1,0.05,0.02,0.005,0.03,0.02,0.1,0.03231125000000001,0.0,0.0,0.03,0.0,0.0
txt_001,Rendered text,AI,auto_evalrepair_r10_c20,line_text_skeleton,0.01645644,excellent,0.01645644,2,0,0.0,0,0.621229,0.9375,0.0,0.0,0.0,0,low_loss,txt_001::low_loss,0.0,0.0,0.0,0.0,0.0,0.0,1.0,0.0,1.0,0.0,0.0,0.0,0.0,0.0,0.0,0.0,0.0,0.0,0.0,0.0,0.0,0.0,0.0,0.0,0.0,0.0,0.0,0.0,0.0,0.0,0.0,0.0,1.0,1.1,0.055633544921875,0.06801974766867801,79.0,6.0,0.01645644,2.0,0.0,0.0,0.0,0.621229,0.9375,0.0,0.0,0.621229,0.0,0.0,0.0,0.0,0.0,0.0,0.0,0.0,0.0,0.0,0.0,1.0,0.0,0.0,0.0,0.0,0.0,0.0,0.0,0.0,0.0,0.0,0.0,0.0,0.0,0.0,0.0,0.0,0.01645644
txt_001,Rendered text,AI,auto_evalrepair_r10_c20,line_text_skeleton,0.01645644,excellent,0.01645644,2,0,0.0,0,0.621229,0.9375,0.0,0.0,0.0,0,balanced,txt_001::balanced,0.1,0.05,0.02,0.005,0.003,0.003,1.0,0.0,1.0,0.0,0.0,0.0,0.0,0.0,0.0,0.0,0.0,0.0,0.0,0.0,0.0,0.0,0.0,0.0,0.0,0.0,0.0,0.0,0.0,0.0,0.0,0.0,1.0,1.1,0.055633544921875,0.06801974766867801,79.0,6.0,0.01645644,2.0,0.0,0.0,0.0,0.621229,0.9375,0.0,0.0,0.621229,0.0,0.0,0.0,0.0,0.0,0.0,0.0,0.0,0.0,0.0,0.0,0.0,1.0,0.0,0.0,0.0,0.1,0.05,0.02,0.005,0.003,0.003,0.06212290000000001,0.046875,0.0,0.0,0.006,0.0,0.0
txt_001,Rendered text,AI,auto_evalrepair_r10_c20,line_text_skeleton,0.01645644,excellent,0.01645644,2,0,0.0,0,0.621229,0.9375,0.0,0.0,0.0,0,precision,txt_001::precision,0.1,0.2,0.02,0.005,0.003,0.003,1.0,0.0,1.0,0.0,0.0,0.0,0.0,0.0,0.0,0.0,0.0,0.0,0.0,0.0,0.0,0.0,0.0,0.0,0.0,0.0,0.0,0.0,0.0,0.0,0.0,0.0,1.0,1.1,0.055633544921875,0.06801974766867801,79.0,6.0,0.01645644,2.0,0.0,0.0,0.0,0.621229,0.9375,0.0,0.0,0.621229,0.0,0.0,0.0,0.0,0.0,0.0,0.0,0.0,0.0,0.0,0.0,0.0,0.0,1.0,0.0,0.0,0.1,0.2,0.02,0.005,0.003,0.003,0.06212290000000001,0.1875,0.0,0.0,0.006,0.0,0.0
txt_001,Rendered text,AI,auto_evalrepair_r10_c20,line_text_skeleton,0.01645644,excellent,0.01645644,2,0,0.0,0,0.621229,0.9375,0.0,0.0,0.0,0,coverage,txt_001::coverage,0.35,0.05,0.02,0.005,0.003,0.003,1.0,0.0,1.0,0.0,0.0,0.0,0.0,0.0,0.0,0.0,0.0,0.0,0.0,0.0,0.0,0.0,0.0,0.0,0.0,0.0,0.0,0.0,0.0,0.0,0.0,0.0,1.0,1.1,0.055633544921875,0.06801974766867801,79.0,6.0,0.01645644,2.0,0.0,0.0,0.0,0.621229,0.9375,0.0,0.0,0.621229,0.0,0.0,0.0,0.0,0.0,0.0,0.0,0.0,0.0,0.0,0.0,0.0,0.0,0.0,1.0,0.0,0.35,0.05,0.02,0.005,0.003,0.003,0.21743015,0.046875,0.0,0.0,0.006,0.0,0.0
txt_001,Rendered text,AI,auto_evalrepair_r10_c20,line_text_skeleton,0.01645644,excellent,0.01645644,2,0,0.0,0,0.621229,0.9375,0.0,0.0,0.0,0,low_jump,txt_001::low_jump,0.1,0.05,0.02,0.005,0.03,0.02,1.0,0.0,1.0,0.0,0.0,0.0,0.0,0.0,0.0,0.0,0.0,0.0,0.0,0.0,0.0,0.0,0.0,0.0,0.0,0.0,0.0,0.0,0.0,0.0,0.0,0.0,1.0,1.1,0.055633544921875,0.06801974766867801,79.0,6.0,0.01645644,2.0,0.0,0.0,0.0,0.621229,0.9375,0.0,0.0,0.621229,0.0,0.0,0.0,0.0,0.0,0.0,0.0,0.0,0.0,0.0,0.0,0.0,0.0,0.0,0.0,1.0,0.1,0.05,0.02,0.005,0.03,0.02,0.06212290000000001,0.046875,0.0,0.0,0.06,0.0,0.0
txt_001,Rendered text,AI,skeleton_c30_m20,line_text_skeleton,0.01645644,excellent,0.01645644,2,0,0.0,0,0.474218,0.942234,0.0,0.0,0.0,0,low_loss,txt_001::low_loss,0.0,0.0,0.0,0.0,0.0,0.0,1.0,1.0,0.0,0.0,0.0,0.0,0.0,0.0,0.0,0.0,0.0,0.0,0.0,0.0,0.0,0.0,0.0,0.0,0.0,0.0,0.0,0.0,0.0,0.0,0.0,0.0,1.0,1.1,0.055633544921875,0.06801974766867801,79.0,6.0,0.01645644,2.0,0.0,0.0,0.0,0.474218,0.942234,1.1,0.474218,0.0,0.0,0.0,0.0,0.0,0.0,0.0,0.0,0.0,0.0,0.0,0.0,1.0,0.0,0.0,0.0,0.0,0.0,0.0,0.0,0.0,0.0,0.0,0.0,0.0,0.0,0.0,0.0,0.0,0.01645644
txt_001,Rendered text,AI,skeleton_c30_m20,line_text_skeleton,0.01645644,excellent,0.01645644,2,0,0.0,0,0.474218,0.942234,0.0,0.0,0.0,0,balanced,txt_001::balanced,0.1,0.05,0.02,0.005,0.003,0.003,1.0,1.0,0.0,0.0,0.0,0.0,0.0,0.0,0.0,0.0,0.0,0.0,0.0,0.0,0.0,0.0,0.0,0.0,0.0,0.0,0.0,0.0,0.0,0.0,0.0,0.0,1.0,1.1,0.055633544921875,0.06801974766867801,79.0,6.0,0.01645644,2.0,0.0,0.0,0.0,0.474218,0.942234,1.1,0.474218,0.0,0.0,0.0,0.0,0.0,0.0,0.0,0.0,0.0,0.0,0.0,0.0,0.0,1.0,0.0,0.0,0.0,0.1,0.05,0.02,0.005,0.003,0.003,0.0474218,0.047111700000000006,0.0,0.0,0.006,0.0,0.0
txt_001,Rendered text,AI,skeleton_c30_m20,line_text_skeleton,0.01645644,excellent,0.01645644,2,0,0.0,0,0.474218,0.942234,0.0,0.0,0.0,0,precision,txt_001::precision,0.1,0.2,0.02,0.005,0.003,0.003,1.0,1.0,0.0,0.0,0.0,0.0,0.0,0.0,0.0,0.0,0.0,0.0,0.0,0.0,0.0,0.0,0.0,0.0,0.0,0.0,0.0,0.0,0.0,0.0,0.0,0.0,1.0,1.1,0.055633544921875,0.06801974766867801,79.0,6.0,0.01645644,2.0,0.0,0.0,0.0,0.474218,0.942234,1.1,0.474218,0.0,0.0,0.0,0.0,0.0,0.0,0.0,0.0,0.0,0.0,0.0,0.0,0.0,0.0,1.0,0.0,0.0,0.1,0.2,0.02,0.005,0.003,0.003,0.0474218,0.18844680000000003,0.0,0.0,0.006,0.0,0.0
txt_001,Rendered text,AI,skeleton_c30_m20,line_text_skeleton,0.01645644,excellent,0.01645644,2,0,0.0,0,0.474218,0.942234,0.0,0.0,0.0,0,coverage,txt_001::coverage,0.35,0.05,0.02,0.005,0.003,0.003,1.0,1.0,0.0,0.0,0.0,0.0,0.0,0.0,0.0,0.0,0.0,0.0,0.0,0.0,0.0,0.0,0.0,0.0,0.0,0.0,0.0,0.0,0.0,0.0,0.0,0.0,1.0,1.1,0.055633544921875,0.06801974766867801,79.0,6.0,0.01645644,2.0,0.0,0.0,0.0,0.474218,0.942234,1.1,0.474218,0.0,0.0,0.0,0.0,0.0,0.0,0.0,0.0,0.0,0.0,0.0,0.0,0.0,0.0,0.0,1.0,0.0,0.35,0.05,0.02,0.005,0.003,0.003,0.1659763,0.047111700000000006,0.0,0.0,0.006,0.0,0.0
txt_001,Rendered text,AI,skeleton_c30_m20,line_text_skeleton,0.01645644,excellent,0.01645644,2,0,0.0,0,0.474218,0.942234,0.0,0.0,0.0,0,low_jump,txt_001::low_jump,0.1,0.05,0.02,0.005,0.03,0.02,1.0,1.0,0.0,0.0,0.0,0.0,0.0,0.0,0.0,0.0,0.0,0.0,0.0,0.0,0.0,0.0,0.0,0.0,0.0,0.0,0.0,0.0,0.0,0.0,0.0,0.0,1.0,1.1,0.055633544921875,0.06801974766867801,79.0,6.0,0.01645644,2.0,0.0,0.0,0.0,0.474218,0.942234,1.1,0.474218,0.0,0.0,0.0,0.0,0.0,0.0,0.0,0.0,0.0,0.0,0.0,0.0,0.0,0.0,0.0,0.0,1.0,0.1,0.05,0.02,0.005,0.03,0.02,0.0474218,0.047111700000000006,0.0,0.0,0.06,0.0,0.0
txt_001,Rendered text,AI,skeleton_c30_m4,line_text_skeleton,0.01645644,excellent,0.01645644,2,0,0.0,0,0.621229,0.9375,0.0,0.0,0.0,0,low_loss,txt_001::low_loss,0.0,0.0,0.0,0.0,0.0,0.0,1.0,1.0,0.0,0.0,0.0,0.0,0.0,0.0,0.0,0.0,0.0,0.0,0.0,0.0,0.0,0.0,0.0,0.0,0.0,0.0,0.0,0.0,0.0,0.0,0.0,0.0,1.0,1.1,0.055633544921875,0.06801974766867801,79.0,6.0,0.01645644,2.0,0.0,0.0,0.0,0.621229,0.9375,1.1,0.621229,0.0,0.0,0.0,0.0,0.0,0.0,0.0,0.0,0.0,0.0,0.0,0.0,1.0,0.0,0.0,0.0,0.0,0.0,0.0,0.0,0.0,0.0,0.0,0.0,0.0,0.0,0.0,0.0,0.0,0.01645644
txt_001,Rendered text,AI,skeleton_c30_m4,line_text_skeleton,0.01645644,excellent,0.01645644,2,0,0.0,0,0.621229,0.9375,0.0,0.0,0.0,0,balanced,txt_001::balanced,0.1,0.05,0.02,0.005,0.003,0.003,1.0,1.0,0.0,0.0,0.0,0.0,0.0,0.0,0.0,0.0,0.0,0.0,0.0,0.0,0.0,0.0,0.0,0.0,0.0,0.0,0.0,0.0,0.0,0.0,0.0,0.0,1.0,1.1,0.055633544921875,0.06801974766867801,79.0,6.0,0.01645644,2.0,0.0,0.0,0.0,0.621229,0.9375,1.1,0.621229,0.0,0.0,0.0,0.0,0.0,0.0,0.0,0.0,0.0,0.0,0.0,0.0,0.0,1.0,0.0,0.0,0.0,0.1,0.05,0.02,0.005,0.003,0.003,0.06212290000000001,0.046875,0.0,0.0,0.006,0.0,0.0
txt_001,Rendered text,AI,skeleton_c30_m4,line_text_skeleton,0.01645644,excellent,0.01645644,2,0,0.0,0,0.621229,0.9375,0.0,0.0,0.0,0,precision,txt_001::precision,0.1,0.2,0.02,0.005,0.003,0.003,1.0,1.0,0.0,0.0,0.0,0.0,0.0,0.0,0.0,0.0,0.0,0.0,0.0,0.0,0.0,0.0,0.0,0.0,0.0,0.0,0.0,0.0,0.0,0.0,0.0,0.0,1.0,1.1,0.055633544921875,0.06801974766867801,79.0,6.0,0.01645644,2.0,0.0,0.0,0.0,0.621229,0.9375,1.1,0.621229,0.0,0.0,0.0,0.0,0.0,0.0,0.0,0.0,0.0,0.0,0.0,0.0,0.0,0.0,1.0,0.0,0.0,0.1,0.2,0.02,0.005,0.003,0.003,0.06212290000000001,0.1875,0.0,0.0,0.006,0.0,0.0
txt_001,Rendered text,AI,skeleton_c30_m4,line_text_skeleton,0.01645644,excellent,0.01645644,2,0,0.0,0,0.621229,0.9375,0.0,0.0,0.0,0,coverage,txt_001::coverage,0.35,0.05,0.02,0.005,0.003,0.003,1.0,1.0,0.0,0.0,0.0,0.0,0.0,0.0,0.0,0.0,0.0,0.0,0.0,0.0,0.0,0.0,0.0,0.0,0.0,0.0,0.0,0.0,0.0,0.0,0.0,0.0,1.0,1.1,0.055633544921875,0.06801974766867801,79.0,6.0,0.01645644,2.0,0.0,0.0,0.0,0.621229,0.9375,1.1,0.621229,0.0,0.0,0.0,0.0,0.0,0.0,0.0,0.0,0.0,0.0,0.0,0.0,0.0,0.0,0.0,1.0,0.0,0.35,0.05,0.02,0.005,0.003,0.003,0.21743015,0.046875,0.0,0.0,0.006,0.0,0.0
txt_001,Rendered text,AI,skeleton_c30_m4,line_text_skeleton,0.01645644,excellent,0.01645644,2,0,0.0,0,0.621229,0.9375,0.0,0.0,0.0,0,low_jump,txt_001::low_jump,0.1,0.05,0.02,0.005,0.03,0.02,1.0,1.0,0.0,0.0,0.0,0.0,0.0,0.0,0.0,0.0,0.0,0.0,0.0,0.0,0.0,0.0,0.0,0.0,0.0,0.0,0.0,0.0,0.0,0.0,0.0,0.0,1.0,1.1,0.055633544921875,0.06801974766867801,79.0,6.0,0.01645644,2.0,0.0,0.0,0.0,0.621229,0.9375,1.1,0.621229,0.0,0.0,0.0,0.0,0.0,0.0,0.0,0.0,0.0,0.0,0.0,0.0,0.0,0.0,0.0,0.0,1.0,0.1,0.05,0.02,0.005,0.03,0.02,0.06212290000000001,0.046875,0.0,0.0,0.06,0.0,0.0
txt_001,Rendered text,AI,mask_fill_edgewalk_nearestrow_safeadt_t2m5_r055_a64_rows16_p40,line_text_skeleton,0.03485494,excellent,0.01623934,2,0,0.0,0,1.0,0.575896,0.0,0.124104,0.0,0,low_loss,txt_001::low_loss,0.0,0.0,0.0,0.0,0.0,0.0,1.0,0.0,0.0,1.0,1.0,1.0,1.0,0.0,0.0,0.0,0.0,0.0,0.0,0.0,16.0,40.0,0.0,0.0,0.0,0.0,0.0,0.0,0.0,0.0,0.0,0.0,1.0,1.1,0.055633544921875,0.06801974766867801,79.0,6.0,0.01623934,2.0,0.0,0.0,0.0,1.0,0.575896,0.0,0.0,0.0,1.0,1.1,1.0,1.0,0.055633544921875,0.0,0.0,0.0,0.0,0.0,0.0,1.0,0.0,0.0,0.0,0.0,0.0,0.0,0.0,0.0,0.0,0.0,0.0,0.0,0.0,0.0,0.0,0.0,0.01623934
txt_001,Rendered text,AI,mask_fill_edgewalk_nearestrow_safeadt_t2m5_r055_a64_rows16_p40,line_text_skeleton,0.03485494,excellent,0.01623934,2,0,0.0,0,1.0,0.575896,0.0,0.124104,0.0,0,balanced,txt_001::balanced,0.1,0.05,0.02,0.005,0.003,0.003,1.0,0.0,0.0,1.0,1.0,1.0,1.0,0.0,0.0,0.0,0.0,0.0,0.0,0.0,16.0,40.0,0.0,0.0,0.0,0.0,0.0,0.0,0.0,0.0,0.0,0.0,1.0,1.1,0.055633544921875,0.06801974766867801,79.0,6.0,0.01623934,2.0,0.0,0.0,0.0,1.0,0.575896,0.0,0.0,0.0,1.0,1.1,1.0,1.0,0.055633544921875,0.0,0.0,0.0,0.0,0.0,0.0,0.0,1.0,0.0,0.0,0.0,0.1,0.05,0.02,0.005,0.003,0.003,0.1,0.0287948,0.0,0.0,0.006,0.0,0.0
txt_001,Rendered text,AI,mask_fill_edgewalk_nearestrow_safeadt_t2m5_r055_a64_rows16_p40,line_text_skeleton,0.03485494,excellent,0.01623934,2,0,0.0,0,1.0,0.575896,0.0,0.124104,0.0,0,precision,txt_001::precision,0.1,0.2,0.02,0.005,0.003,0.003,1.0,0.0,0.0,1.0,1.0,1.0,1.0,0.0,0.0,0.0,0.0,0.0,0.0,0.0,16.0,40.0,0.0,0.0,0.0,0.0,0.0,0.0,0.0,0.0,0.0,0.0,1.0,1.1,0.055633544921875,0.06801974766867801,79.0,6.0,0.01623934,2.0,0.0,0.0,0.0,1.0,0.575896,0.0,0.0,0.0,1.0,1.1,1.0,1.0,0.055633544921875,0.0,0.0,0.0,0.0,0.0,0.0,0.0,0.0,1.0,0.0,0.0,0.1,0.2,0.02,0.005,0.003,0.003,0.1,0.1151792,0.0,0.0,0.006,0.0,0.0
txt_001,Rendered text,AI,mask_fill_edgewalk_nearestrow_safeadt_t2m5_r055_a64_rows16_p40,line_text_skeleton,0.03485494,excellent,0.01623934,2,0,0.0,0,1.0,0.575896,0.0,0.124104,0.0,0,coverage,txt_001::coverage,0.35,0.05,0.02,0.005,0.003,0.003,1.0,0.0,0.0,1.0,1.0,1.0,1.0,0.0,0.0,0.0,0.0,0.0,0.0,0.0,16.0,40.0,0.0,0.0,0.0,0.0,0.0,0.0,0.0,0.0,0.0,0.0,1.0,1.1,0.055633544921875,0.06801974766867801,79.0,6.0,0.01623934,2.0,0.0,0.0,0.0,1.0,0.575896,0.0,0.0,0.0,1.0,1.1,1.0,1.0,0.055633544921875,0.0,0.0,0.0,0.0,0.0,0.0,0.0,0.0,0.0,1.0,0.0,0.35,0.05,0.02,0.005,0.003,0.003,0.35,0.0287948,0.0,0.0,0.006,0.0,0.0
txt_001,Rendered text,AI,mask_fill_edgewalk_nearestrow_safeadt_t2m5_r055_a64_rows16_p40,line_text_skeleton,0.03485494,excellent,0.01623934,2,0,0.0,0,1.0,0.575896,0.0,0.124104,0.0,0,low_jump,txt_001::low_jump,0.1,0.05,0.02,0.005,0.03,0.02,1.0,0.0,0.0,1.0,1.0,1.0,1.0,0.0,0.0,0.0,0.0,0.0,0.0,0.0,16.0,40.0,0.0,0.0,0.0,0.0,0.0,0.0,0.0,0.0,0.0,0.0,1.0,1.1,0.055633544921875,0.06801974766867801,79.0,6.0,0.01623934,2.0,0.0,0.0,0.0,1.0,0.575896,0.0,0.0,0.0,1.0,1.1,1.0,1.0,0.055633544921875,0.0,0.0,0.0,0.0,0.0,0.0,0.0,0.0,0.0,0.0,1.0,0.1,0.05,0.02,0.005,0.03,0.02,0.1,0.0287948,0.0,0.0,0.06,0.0,0.0
txt_002,Rendered text,DST,mask_fill_edgewalk_nearestrow_inset1_rows16_p40,line_text_skeleton,0.04732806,excellent,0.04732806,5,1,0.0,0,0.991532,0.778052,0.0,0.0,0.0,0,low_loss,txt_002::low_loss,0.0,0.0,0.0,0.0,0.0,0.0,1.0,0.0,0.0,1.0,1.0,1.0,0.0,1.0,1.0,0.0,1.0,0.0,0.0,0.0,16.0,40.0,0.0,0.0,0.0,0.0,0.0,0.0,0.0,0.0,0.0,0.0,1.0,1.25,0.111724853515625,0.08385686970773013,198.0,9.0,0.04732806,5.0,1.0,0.0,0.0,0.991532,0.778052,0.0,0.0,0.0,0.991532,1.25,0.991532,0.991532,0.111724853515625,0.111724853515625,0.0,0.0,0.0,0.0,0.0,1.0,0.0,0.0,0.0,0.0,0.0,0.0,0.0,0.0,0.0,0.0,0.0,0.0,0.0,0.0,0.0,0.0,0.04732806
txt_002,Rendered text,DST,mask_fill_edgewalk_nearestrow_inset1_rows16_p40,line_text_skeleton,0.04732806,excellent,0.04732806,5,1,0.0,0,0.991532,0.778052,0.0,0.0,0.0,0,balanced,txt_002::balanced,0.1,0.05,0.02,0.005,0.003,0.003,1.0,0.0,0.0,1.0,1.0,1.0,0.0,1.0,1.0,0.0,1.0,0.0,0.0,0.0,16.0,40.0,0.0,0.0,0.0,0.0,0.0,0.0,0.0,0.0,0.0,0.0,1.0,1.25,0.111724853515625,0.08385686970773013,198.0,9.0,0.04732806,5.0,1.0,0.0,0.0,0.991532,0.778052,0.0,0.0,0.0,0.991532,1.25,0.991532,0.991532,0.111724853515625,0.111724853515625,0.0,0.0,0.0,0.0,0.0,0.0,1.0,0.0,0.0,0.0,0.1,0.05,0.02,0.005,0.003,0.003,0.0991532,0.0389026,0.0,0.0,0.015,0.003,0.0
txt_002,Rendered text,DST,mask_fill_edgewalk_nearestrow_inset1_rows16_p40,line_text_skeleton,0.04732806,excellent,0.04732806,5,1,0.0,0,0.991532,0.778052,0.0,0.0,0.0,0,precision,txt_002::precision,0.1,0.2,0.02,0.005,0.003,0.003,1.0,0.0,0.0,1.0,1.0,1.0,0.0,1.0,1.0,0.0,1.0,0.0,0.0,0.0,16.0,40.0,0.0,0.0,0.0,0.0,0.0,0.0,0.0,0.0,0.0,0.0,1.0,1.25,0.111724853515625,0.08385686970773013,198.0,9.0,0.04732806,5.0,1.0,0.0,0.0,0.991532,0.778052,0.0,0.0,0.0,0.991532,1.25,0.991532,0.991532,0.111724853515625,0.111724853515625,0.0,0.0,0.0,0.0,0.0,0.0,0.0,1.0,0.0,0.0,0.1,0.2,0.02,0.005,0.003,0.003,0.0991532,0.1556104,0.0,0.0,0.015,0.003,0.0
txt_002,Rendered text,DST,mask_fill_edgewalk_nearestrow_inset1_rows16_p40,line_text_skeleton,0.04732806,excellent,0.04732806,5,1,0.0,0,0.991532,0.778052,0.0,0.0,0.0,0,coverage,txt_002::coverage,0.35,0.05,0.02,0.005,0.003,0.003,1.0,0.0,0.0,1.0,1.0,1.0,0.0,1.0,1.0,0.0,1.0,0.0,0.0,0.0,16.0,40.0,0.0,0.0,0.0,0.0,0.0,0.0,0.0,0.0,0.0,0.0,1.0,1.25,0.111724853515625,0.08385686970773013,198.0,9.0,0.04732806,5.0,1.0,0.0,0.0,0.991532,0.778052,0.0,0.0,0.0,0.991532,1.25,0.991532,0.991532,0.111724853515625,0.111724853515625,0.0,0.0,0.0,0.0,0.0,0.0,0.0,0.0,1.0,0.0,0.35,0.05,0.02,0.005,0.003,0.003,0.34703619999999996,0.0389026,0.0,0.0,0.015,0.003,0.0
txt_002,Rendered text,DST,mask_fill_edgewalk_nearestrow_inset1_rows16_p40,line_text_skeleton,0.04732806,excellent,0.04732806,5,1,0.0,0,0.991532,0.778052,0.0,0.0,0.0,0,low_jump,txt_002::low_jump,0.1,0.05,0.02,0.005,0.03,0.02,1.0,0.0,0.0,1.0,1.0,1.0,0.0,1.0,1.0,0.0,1.0,0.0,0.0,0.0,16.0,40.0,0.0,0.0,0.0,0.0,0.0,0.0,0.0,0.0,0.0,0.0,1.0,1.25,0.111724853515625,0.08385686970773013,198.0,9.0,0.04732806,5.0,1.0,0.0,0.0,0.991532,0.778052,0.0,0.0,0.0,0.991532,1.25,0.991532,0.991532,0.111724853515625,0.111724853515625,0.0,0.0,0.0,0.0,0.0,0.0,0.0,0.0,0.0,1.0,0.1,0.05,0.02,0.005,0.03,0.02,0.0991532,0.0389026,0.0,0.0,0.15,0.02,0.0
txt_002,Rendered text,DST,mask_fill_edgewalk_nearestrow_inset2_rows16_p40,line_text_skeleton,0.04727158,excellent,0.04727158,5,1,0.0,0,0.972412,0.845305,0.0,0.0,0.0,0,low_loss,txt_002::low_loss,0.0,0.0,0.0,0.0,0.0,0.0,1.0,0.0,0.0,1.0,1.0,1.0,0.0,1.0,0.0,1.0,2.0,0.0,0.0,0.0,16.0,40.0,0.0,0.0,0.0,0.0,0.0,0.0,0.0,0.0,0.0,0.0,1.0,1.25,0.111724853515625,0.08385686970773013,198.0,9.0,0.04727158,5.0,1.0,0.0,0.0,0.972412,0.845305,0.0,0.0,0.0,0.972412,1.25,0.972412,0.972412,0.111724853515625,0.111724853515625,0.111724853515625,0.0,0.0,0.0,0.0,1.0,0.0,0.0,0.0,0.0,0.0,0.0,0.0,0.0,0.0,0.0,0.0,0.0,0.0,0.0,0.0,0.0,0.04727158
txt_002,Rendered text,DST,mask_fill_edgewalk_nearestrow_inset2_rows16_p40,line_text_skeleton,0.04727158,excellent,0.04727158,5,1,0.0,0,0.972412,0.845305,0.0,0.0,0.0,0,balanced,txt_002::balanced,0.1,0.05,0.02,0.005,0.003,0.003,1.0,0.0,0.0,1.0,1.0,1.0,0.0,1.0,0.0,1.0,2.0,0.0,0.0,0.0,16.0,40.0,0.0,0.0,0.0,0.0,0.0,0.0,0.0,0.0,0.0,0.0,1.0,1.25,0.111724853515625,0.08385686970773013,198.0,9.0,0.04727158,5.0,1.0,0.0,0.0,0.972412,0.845305,0.0,0.0,0.0,0.972412,1.25,0.972412,0.972412,0.111724853515625,0.111724853515625,0.111724853515625,0.0,0.0,0.0,0.0,0.0,1.0,0.0,0.0,0.0,0.1,0.05,0.02,0.005,0.003,0.003,0.09724120000000001,0.042265250000000004,0.0,0.0,0.015,0.003,0.0
txt_002,Rendered text,DST,mask_fill_edgewalk_nearestrow_inset2_rows16_p40,line_text_skeleton,0.04727158,excellent,0.04727158,5,1,0.0,0,0.972412,0.845305,0.0,0.0,0.0,0,precision,txt_002::precision,0.1,0.2,0.02,0.005,0.003,0.003,1.0,0.0,0.0,1.0,1.0,1.0,0.0,1.0,0.0,1.0,2.0,0.0,0.0,0.0,16.0,40.0,0.0,0.0,0.0,0.0,0.0,0.0,0.0,0.0,0.0,0.0,1.0,1.25,0.111724853515625,0.08385686970773013,198.0,9.0,0.04727158,5.0,1.0,0.0,0.0,0.972412,0.845305,0.0,0.0,0.0,0.972412,1.25,0.972412,0.972412,0.111724853515625,0.111724853515625,0.111724853515625,0.0,0.0,0.0,0.0,0.0,0.0,1.0,0.0,0.0,0.1,0.2,0.02,0.005,0.003,0.003,0.09724120000000001,0.16906100000000002,0.0,0.0,0.015,0.003,0.0
txt_002,Rendered text,DST,mask_fill_edgewalk_nearestrow_inset2_rows16_p40,line_text_skeleton,0.04727158,excellent,0.04727158,5,1,0.0,0,0.972412,0.845305,0.0,0.0,0.0,0,coverage,txt_002::coverage,0.35,0.05,0.02,0.005,0.003,0.003,1.0,0.0,0.0,1.0,1.0,1.0,0.0,1.0,0.0,1.0,2.0,0.0,0.0,0.0,16.0,40.0,0.0,0.0,0.0,0.0,0.0,0.0,0.0,0.0,0.0,0.0,1.0,1.25,0.111724853515625,0.08385686970773013,198.0,9.0,0.04727158,5.0,1.0,0.0,0.0,0.972412,0.845305,0.0,0.0,0.0,0.972412,1.25,0.972412,0.972412,0.111724853515625,0.111724853515625,0.111724853515625,0.0,0.0,0.0,0.0,0.0,0.0,0.0,1.0,0.0,0.35,0.05,0.02,0.005,0.003,0.003,0.3403442,0.042265250000000004,0.0,0.0,0.015,0.003,0.0
txt_002,Rendered text,DST,mask_fill_edgewalk_nearestrow_inset2_rows16_p40,line_text_skeleton,0.04727158,excellent,0.04727158,5,1,0.0,0,0.972412,0.845305,0.0,0.0,0.0,0,low_jump,txt_002::low_jump,0.1,0.05,0.02,0.005,0.03,0.02,1.0,0.0,0.0,1.0,1.0,1.0,0.0,1.0,0.0,1.0,2.0,0.0,0.0,0.0,16.0,40.0,0.0,0.0,0.0,0.0,0.0,0.0,0.0,0.0,0.0,0.0,1.0,1.25,0.111724853515625,0.08385686970773013,198.0,9.0,0.04727158,5.0,1.0,0.0,0.0,0.972412,0.845305,0.0,0.0,0.0,0.972412,1.25,0.972412,0.972412,0.111724853515625,0.111724853515625,0.111724853515625,0.0,0.0,0.0,0.0,0.0,0.0,0.0,0.0,1.0,0.1,0.05,0.02,0.005,0.03,0.02,0.09724120000000001,0.042265250000000004,0.0,0.0,0.15,0.02,0.0
txt_002,Rendered text,DST,mask_fill_edgewalk_nearestrow_rows16_p40,line_text_skeleton,0.01619731,excellent,0.01619731,2,0,0.0,0,1.0,0.72495,0.0,0.0,0.0,1,low_loss,txt_002::low_loss,0.0,0.0,0.0,0.0,0.0,0.0,1.0,0.0,0.0,1.0,1.0,1.0,1.0,0.0,0.0,0.0,0.0,0.0,0.0,0.0,16.0,40.0,0.0,0.0,0.0,0.0,0.0,0.0,0.0,0.0,0.0,0.0,1.0,1.25,0.111724853515625,0.08385686970773013,198.0,9.0,0.01619731,2.0,0.0,0.0,0.0,1.0,0.72495,0.0,0.0,0.0,1.0,1.25,1.0,1.0,0.111724853515625,0.0,0.0,0.0,0.0,0.0,0.0,1.0,0.0,0.0,0.0,0.0,0.0,0.0,0.0,0.0,0.0,0.0,0.0,0.0,0.0,0.0,0.0,0.0,0.01619731
txt_002,Rendered text,DST,mask_fill_edgewalk_nearestrow_rows16_p40,line_text_skeleton,0.01619731,excellent,0.01619731,2,0,0.0,0,1.0,0.72495,0.0,0.0,0.0,1,balanced,txt_002::balanced,0.1,0.05,0.02,0.005,0.003,0.003,1.0,0.0,0.0,1.0,1.0,1.0,1.0,0.0,0.0,0.0,0.0,0.0,0.0,0.0,16.0,40.0,0.0,0.0,0.0,0.0,0.0,0.0,0.0,0.0,0.0,0.0,1.0,1.25,0.111724853515625,0.08385686970773013,198.0,9.0,0.01619731,2.0,0.0,0.0,0.0,1.0,0.72495,0.0,0.0,0.0,1.0,1.25,1.0,1.0,0.111724853515625,0.0,0.0,0.0,0.0,0.0,0.0,0.0,1.0,0.0,0.0,0.0,0.1,0.05,0.02,0.005,0.003,0.003,0.1,0.0362475,0.0,0.0,0.006,0.0,0.0
txt_002,Rendered text,DST,mask_fill_edgewalk_nearestrow_rows16_p40,line_text_skeleton,0.01619731,excellent,0.01619731,2,0,0.0,0,1.0,0.72495,0.0,0.0,0.0,1,precision,txt_002::precision,0.1,0.2,0.02,0.005,0.003,0.003,1.0,0.0,0.0,1.0,1.0,1.0,1.0,0.0,0.0,0.0,0.0,0.0,0.0,0.0,16.0,40.0,0.0,0.0,0.0,0.0,0.0,0.0,0.0,0.0,0.0,0.0,1.0,1.25,0.111724853515625,0.08385686970773013,198.0,9.0,0.01619731,2.0,0.0,0.0,0.0,1.0,0.72495,0.0,0.0,0.0,1.0,1.25,1.0,1.0,0.111724853515625,0.0,0.0,0.0,0.0,0.0,0.0,0.0,0.0,1.0,0.0,0.0,0.1,0.2,0.02,0.005,0.003,0.003,0.1,0.14499,0.0,0.0,0.006,0.0,0.0
txt_002,Rendered text,DST,mask_fill_edgewalk_nearestrow_rows16_p40,line_text_skeleton,0.01619731,excellent,0.01619731,2,0,0.0,0,1.0,0.72495,0.0,0.0,0.0,1,coverage,txt_002::coverage,0.35,0.05,0.02,0.005,0.003,0.003,1.0,0.0,0.0,1.0,1.0,1.0,1.0,0.0,0.0,0.0,0.0,0.0,0.0,0.0,16.0,40.0,0.0,0.0,0.0,0.0,0.0,0.0,0.0,0.0,0.0,0.0,1.0,1.25,0.111724853515625,0.08385686970773013,198.0,9.0,0.01619731,2.0,0.0,0.0,0.0,1.0,0.72495,0.0,0.0,0.0,1.0,1.25,1.0,1.0,0.111724853515625,0.0,0.0,0.0,0.0,0.0,0.0,0.0,0.0,0.0,1.0,0.0,0.35,0.05,0.02,0.005,0.003,0.003,0.35,0.0362475,0.0,0.0,0.006,0.0,0.0
txt_002,Rendered text,DST,mask_fill_edgewalk_nearestrow_rows16_p40,line_text_skeleton,0.01619731,excellent,0.01619731,2,0,0.0,0,1.0,0.72495,0.0,0.0,0.0,1,low_jump,txt_002::low_jump,0.1,0.05,0.02,0.005,0.03,0.02,1.0,0.0,0.0,1.0,1.0,1.0,1.0,0.0,0.0,0.0,0.0,0.0,0.0,0.0,16.0,40.0,0.0,0.0,0.0,0.0,0.0,0.0,0.0,0.0,0.0,0.0,1.0,1.25,0.111724853515625,0.08385686970773013,198.0,9.0,0.01619731,2.0,0.0,0.0,0.0,1.0,0.72495,0.0,0.0,0.0,1.0,1.25,1.0,1.0,0.111724853515625,0.0,0.0,0.0,0.0,0.0,0.0,0.0,0.0,0.0,0.0,1.0,0.1,0.05,0.02,0.005,0.03,0.02,0.1,0.0362475,0.0,0.0,0.06,0.0,0.0
txt_002,Rendered text,DST,mask_fill_edgewalk_rows16_p40,line_text_skeleton,0.04887115,excellent,0.0475234,5,1,0.0,0,1.0,0.691015,0.0,0.008985,0.0,0,low_loss,txt_002::low_loss,0.0,0.0,0.0,0.0,0.0,0.0,1.0,0.0,0.0,1.0,1.0,0.0,0.0,0.0,0.0,0.0,0.0,0.0,0.0,0.0,16.0,40.0,0.0,0.0,0.0,0.0,0.0,0.0,0.0,0.0,0.0,0.0,1.0,1.25,0.111724853515625,0.08385686970773013,198.0,9.0,0.0475234,5.0,1.0,0.0,0.0,1.0,0.691015,0.0,0.0,0.0,1.0,1.25,1.0,0.0,0.0,0.0,0.0,0.0,0.0,0.0,0.0,1.0,0.0,0.0,0.0,0.0,0.0,0.0,0.0,0.0,0.0,0.0,0.0,0.0,0.0,0.0,0.0,0.0,0.0475234
txt_002,Rendered text,DST,mask_fill_edgewalk_rows16_p40,line_text_skeleton,0.04887115,excellent,0.0475234,5,1,0.0,0,1.0,0.691015,0.0,0.008985,0.0,0,balanced,txt_002::balanced,0.1,0.05,0.02,0.005,0.003,0.003,1.0,0.0,0.0,1.0,1.0,0.0,0.0,0.0,0.0,0.0,0.0,0.0,0.0,0.0,16.0,40.0,0.0,0.0,0.0,0.0,0.0,0.0,0.0,0.0,0.0,0.0,1.0,1.25,0.111724853515625,0.08385686970773013,198.0,9.0,0.0475234,5.0,1.0,0.0,0.0,1.0,0.691015,0.0,0.0,0.0,1.0,1.25,1.0,0.0,0.0,0.0,0.0,0.0,0.0,0.0,0.0,0.0,1.0,0.0,0.0,0.0,0.1,0.05,0.02,0.005,0.003,0.003,0.1,0.034550750000000005,0.0,0.0,0.015,0.003,0.0
txt_002,Rendered text,DST,mask_fill_edgewalk_rows16_p40,line_text_skeleton,0.04887115,excellent,0.0475234,5,1,0.0,0,1.0,0.691015,0.0,0.008985,0.0,0,precision,txt_002::precision,0.1,0.2,0.02,0.005,0.003,0.003,1.0,0.0,0.0,1.0,1.0,0.0,0.0,0.0,0.0,0.0,0.0,0.0,0.0,0.0,16.0,40.0,0.0,0.0,0.0,0.0,0.0,0.0,0.0,0.0,0.0,0.0,1.0,1.25,0.111724853515625,0.08385686970773013,198.0,9.0,0.0475234,5.0,1.0,0.0,0.0,1.0,0.691015,0.0,0.0,0.0,1.0,1.25,1.0,0.0,0.0,0.0,0.0,0.0,0.0,0.0,0.0,0.0,0.0,1.0,0.0,0.0,0.1,0.2,0.02,0.005,0.003,0.003,0.1,0.13820300000000002,0.0,0.0,0.015,0.003,0.0
txt_002,Rendered text,DST,mask_fill_edgewalk_rows16_p40,line_text_skeleton,0.04887115,excellent,0.0475234,5,1,0.0,0,1.0,0.691015,0.0,0.008985,0.0,0,coverage,txt_002::coverage,0.35,0.05,0.02,0.005,0.003,0.003,1.0,0.0,0.0,1.0,1.0,0.0,0.0,0.0,0.0,0.0,0.0,0.0,0.0,0.0,16.0,40.0,0.0,0.0,0.0,0.0,0.0,0.0,0.0,0.0,0.0,0.0,1.0,1.25,0.111724853515625,0.08385686970773013,198.0,9.0,0.0475234,5.0,1.0,0.0,0.0,1.0,0.691015,0.0,0.0,0.0,1.0,1.25,1.0,0.0,0.0,0.0,0.0,0.0,0.0,0.0,0.0,0.0,0.0,0.0,1.0,0.0,0.35,0.05,0.02,0.005,0.003,0.003,0.35,0.034550750000000005,0.0,0.0,0.015,0.003,0.0
txt_002,Rendered text,DST,mask_fill_edgewalk_rows16_p40,line_text_skeleton,0.04887115,excellent,0.0475234,5,1,0.0,0,1.0,0.691015,0.0,0.008985,0.0,0,low_jump,txt_002::low_jump,0.1,0.05,0.02,0.005,0.03,0.02,1.0,0.0,0.0,1.0,1.0,0.0,0.0,0.0,0.0,0.0,0.0,0.0,0.0,0.0,16.0,40.0,0.0,0.0,0.0,0.0,0.0,0.0,0.0,0.0,0.0,0.0,1.0,1.25,0.111724853515625,0.08385686970773013,198.0,9.0,0.0475234,5.0,1.0,0.0,0.0,1.0,0.691015,0.0,0.0,0.0,1.0,1.25,1.0,0.0,0.0,0.0,0.0,0.0,0.0,0.0,0.0,0.0,0.0,0.0,0.0,1.0,0.1,0.05,0.02,0.005,0.03,0.02,0.1,0.034550750000000005,0.0,0.0,0.15,0.02,0.0
txt_002,Rendered text,DST,auto_evalrepair_r10_c20,line_text_skeleton,0.04130528,excellent,0.04130528,5,0,0.0,0,0.674542,0.912433,0.0,0.0,0.0,0,low_loss,txt_002::low_loss,0.0,0.0,0.0,0.0,0.0,0.0,1.0,0.0,1.0,0.0,0.0,0.0,0.0,0.0,0.0,0.0,0.0,0.0,0.0,0.0,0.0,0.0,0.0,0.0,0.0,0.0,0.0,0.0,0.0,0.0,0.0,0.0,1.0,1.25,0.111724853515625,0.08385686970773013,198.0,9.0,0.04130528,5.0,0.0,0.0,0.0,0.674542,0.912433,0.0,0.0,0.674542,0.0,0.0,0.0,0.0,0.0,0.0,0.0,0.0,0.0,0.0,0.0,1.0,0.0,0.0,0.0,0.0,0.0,0.0,0.0,0.0,0.0,0.0,0.0,0.0,0.0,0.0,0.0,0.0,0.04130528
txt_002,Rendered text,DST,auto_evalrepair_r10_c20,line_text_skeleton,0.04130528,excellent,0.04130528,5,0,0.0,0,0.674542,0.912433,0.0,0.0,0.0,0,balanced,txt_002::balanced,0.1,0.05,0.02,0.005,0.003,0.003,1.0,0.0,1.0,0.0,0.0,0.0,0.0,0.0,0.0,0.0,0.0,0.0,0.0,0.0,0.0,0.0,0.0,0.0,0.0,0.0,0.0,0.0,0.0,0.0,0.0,0.0,1.0,1.25,0.111724853515625,0.08385686970773013,198.0,9.0,0.04130528,5.0,0.0,0.0,0.0,0.674542,0.912433,0.0,0.0,0.674542,0.0,0.0,0.0,0.0,0.0,0.0,0.0,0.0,0.0,0.0,0.0,0.0,1.0,0.0,0.0,0.0,0.1,0.05,0.02,0.005,0.003,0.003,0.0674542,0.04562165000000001,0.0,0.0,0.015,0.0,0.0
txt_002,Rendered text,DST,auto_evalrepair_r10_c20,line_text_skeleton,0.04130528,excellent,0.04130528,5,0,0.0,0,0.674542,0.912433,0.0,0.0,0.0,0,precision,txt_002::precision,0.1,0.2,0.02,0.005,0.003,0.003,1.0,0.0,1.0,0.0,0.0,0.0,0.0,0.0,0.0,0.0,0.0,0.0,0.0,0.0,0.0,0.0,0.0,0.0,0.0,0.0,0.0,0.0,0.0,0.0,0.0,0.0,1.0,1.25,0.111724853515625,0.08385686970773013,198.0,9.0,0.04130528,5.0,0.0,0.0,0.0,0.674542,0.912433,0.0,0.0,0.674542,0.0,0.0,0.0,0.0,0.0,0.0,0.0,0.0,0.0,0.0,0.0,0.0,0.0,1.0,0.0,0.0,0.1,0.2,0.02,0.005,0.003,0.003,0.0674542,0.18248660000000003,0.0,0.0,0.015,0.0,0.0
txt_002,Rendered text,DST,auto_evalrepair_r10_c20,line_text_skeleton,0.04130528,excellent,0.04130528,5,0,0.0,0,0.674542,0.912433,0.0,0.0,0.0,0,coverage,txt_002::coverage,0.35,0.05,0.02,0.005,0.003,0.003,1.0,0.0,1.0,0.0,0.0,0.0,0.0,0.0,0.0,0.0,0.0,0.0,0.0,0.0,0.0,0.0,0.0,0.0,0.0,0.0,0.0,0.0,0.0,0.0,0.0,0.0,1.0,1.25,0.111724853515625,0.08385686970773013,198.0,9.0,0.04130528,5.0,0.0,0.0,0.0,0.674542,0.912433,0.0,0.0,0.674542,0.0,0.0,0.0,0.0,0.0,0.0,0.0,0.0,0.0,0.0,0.0,0.0,0.0,0.0,1.0,0.0,0.35,0.05,0.02,0.005,0.003,0.003,0.23608969999999999,0.04562165000000001,0.0,0.0,0.015,0.0,0.0
txt_002,Rendered text,DST,auto_evalrepair_r10_c20,line_text_skeleton,0.04130528,excellent,0.04130528,5,0,0.0,0,0.674542,0.912433,0.0,0.0,0.0,0,low_jump,txt_002::low_jump,0.1,0.05,0.02,0.005,0.03,0.02,1.0,0.0,1.0,0.0,0.0,0.0,0.0,0.0,0.0,0.0,0.0,0.0,0.0,0.0,0.0,0.0,0.0,0.0,0.0,0.0,0.0,0.0,0.0,0.0,0.0,0.0,1.0,1.25,0.111724853515625,0.08385686970773013,198.0,9.0,0.04130528,5.0,0.0,0.0,0.0,0.674542,0.912433,0.0,0.0,0.674542,0.0,0.0,0.0,0.0,0.0,0.0,0.0,0.0,0.0,0.0,0.0,0.0,0.0,0.0,0.0,1.0,0.1,0.05,0.02,0.005,0.03,0.02,0.0674542,0.04562165000000001,0.0,0.0,0.15,0.0,0.0
txt_002,Rendered text,DST,skeleton_c30_m20,line_text_skeleton,0.04130528,excellent,0.04130528,5,0,0.0,0,0.662524,0.908427,0.0,0.0,0.0,0,low_loss,txt_002::low_loss,0.0,0.0,0.0,0.0,0.0,0.0,1.0,1.0,0.0,0.0,0.0,0.0,0.0,0.0,0.0,0.0,0.0,0.0,0.0,0.0,0.0,0.0,0.0,0.0,0.0,0.0,0.0,0.0,0.0,0.0,0.0,0.0,1.0,1.25,0.111724853515625,0.08385686970773013,198.0,9.0,0.04130528,5.0,0.0,0.0,0.0,0.662524,0.908427,1.25,0.662524,0.0,0.0,0.0,0.0,0.0,0.0,0.0,0.0,0.0,0.0,0.0,0.0,1.0,0.0,0.0,0.0,0.0,0.0,0.0,0.0,0.0,0.0,0.0,0.0,0.0,0.0,0.0,0.0,0.0,0.04130528
txt_002,Rendered text,DST,skeleton_c30_m20,line_text_skeleton,0.04130528,excellent,0.04130528,5,0,0.0,0,0.662524,0.908427,0.0,0.0,0.0,0,balanced,txt_002::balanced,0.1,0.05,0.02,0.005,0.003,0.003,1.0,1.0,0.0,0.0,0.0,0.0,0.0,0.0,0.0,0.0,0.0,0.0,0.0,0.0,0.0,0.0,0.0,0.0,0.0,0.0,0.0,0.0,0.0,0.0,0.0,0.0,1.0,1.25,0.111724853515625,0.08385686970773013,198.0,9.0,0.04130528,5.0,0.0,0.0,0.0,0.662524,0.908427,1.25,0.662524,0.0,0.0,0.0,0.0,0.0,0.0,0.0,0.0,0.0,0.0,0.0,0.0,0.0,1.0,0.0,0.0,0.0,0.1,0.05,0.02,0.005,0.003,0.003,0.0662524,0.04542135,0.0,0.0,0.015,0.0,0.0
txt_002,Rendered text,DST,skeleton_c30_m20,line_text_skeleton,0.04130528,excellent,0.04130528,5,0,0.0,0,0.662524,0.908427,0.0,0.0,0.0,0,precision,txt_002::precision,0.1,0.2,0.02,0.005,0.003,0.003,1.0,1.0,0.0,0.0,0.0,0.0,0.0,0.0,0.0,0.0,0.0,0.0,0.0,0.0,0.0,0.0,0.0,0.0,0.0,0.0,0.0,0.0,0.0,0.0,0.0,0.0,1.0,1.25,0.111724853515625,0.08385686970773013,198.0,9.0,0.04130528,5.0,0.0,0.0,0.0,0.662524,0.908427,1.25,0.662524,0.0,0.0,0.0,0.0,0.0,0.0,0.0,0.0,0.0,0.0,0.0,0.0,0.0,0.0,1.0,0.0,0.0,0.1,0.2,0.02,0.005,0.003,0.003,0.0662524,0.1816854,0.0,0.0,0.015,0.0,0.0
txt_002,Rendered text,DST,skeleton_c30_m20,line_text_skeleton,0.04130528,excellent,0.04130528,5,0,0.0,0,0.662524,0.908427,0.0,0.0,0.0,0,coverage,txt_002::coverage,0.35,0.05,0.02,0.005,0.003,0.003,1.0,1.0,0.0,0.0,0.0,0.0,0.0,0.0,0.0,0.0,0.0,0.0,0.0,0.0,0.0,0.0,0.0,0.0,0.0,0.0,0.0,0.0,0.0,0.0,0.0,0.0,1.0,1.25,0.111724853515625,0.08385686970773013,198.0,9.0,0.04130528,5.0,0.0,0.0,0.0,0.662524,0.908427,1.25,0.662524,0.0,0.0,0.0,0.0,0.0,0.0,0.0,0.0,0.0,0.0,0.0,0.0,0.0,0.0,0.0,1.0,0.0,0.35,0.05,0.02,0.005,0.003,0.003,0.2318834,0.04542135,0.0,0.0,0.015,0.0,0.0
txt_002,Rendered text,DST,skeleton_c30_m20,line_text_skeleton,0.04130528,excellent,0.04130528,5,0,0.0,0,0.662524,0.908427,0.0,0.0,0.0,0,low_jump,txt_002::low_jump,0.1,0.05,0.02,0.005,0.03,0.02,1.0,1.0,0.0,0.0,0.0,0.0,0.0,0.0,0.0,0.0,0.0,0.0,0.0,0.0,0.0,0.0,0.0,0.0,0.0,0.0,0.0,0.0,0.0,0.0,0.0,0.0,1.0,1.25,0.111724853515625,0.08385686970773013,198.0,9.0,0.04130528,5.0,0.0,0.0,0.0,0.662524,0.908427,1.25,0.662524,0.0,0.0,0.0,0.0,0.0,0.0,0.0,0.0,0.0,0.0,0.0,0.0,0.0,0.0,0.0,0.0,1.0,0.1,0.05,0.02,0.005,0.03,0.02,0.0662524,0.04542135,0.0,0.0,0.15,0.0,0.0
txt_002,Rendered text,DST,skeleton_c30_m4,line_text_skeleton,0.04130528,excellent,0.04130528,5,0,0.0,0,0.674542,0.912433,0.0,0.0,0.0,0,low_loss,txt_002::low_loss,0.0,0.0,0.0,0.0,0.0,0.0,1.0,1.0,0.0,0.0,0.0,0.0,0.0,0.0,0.0,0.0,0.0,0.0,0.0,0.0,0.0,0.0,0.0,0.0,0.0,0.0,0.0,0.0,0.0,0.0,0.0,0.0,1.0,1.25,0.111724853515625,0.08385686970773013,198.0,9.0,0.04130528,5.0,0.0,0.0,0.0,0.674542,0.912433,1.25,0.674542,0.0,0.0,0.0,0.0,0.0,0.0,0.0,0.0,0.0,0.0,0.0,0.0,1.0,0.0,0.0,0.0,0.0,0.0,0.0,0.0,0.0,0.0,0.0,0.0,0.0,0.0,0.0,0.0,0.0,0.04130528
txt_002,Rendered text,DST,skeleton_c30_m4,line_text_skeleton,0.04130528,excellent,0.04130528,5,0,0.0,0,0.674542,0.912433,0.0,0.0,0.0,0,balanced,txt_002::balanced,0.1,0.05,0.02,0.005,0.003,0.003,1.0,1.0,0.0,0.0,0.0,0.0,0.0,0.0,0.0,0.0,0.0,0.0,0.0,0.0,0.0,0.0,0.0,0.0,0.0,0.0,0.0,0.0,0.0,0.0,0.0,0.0,1.0,1.25,0.111724853515625,0.08385686970773013,198.0,9.0,0.04130528,5.0,0.0,0.0,0.0,0.674542,0.912433,1.25,0.674542,0.0,0.0,0.0,0.0,0.0,0.0,0.0,0.0,0.0,0.0,0.0,0.0,0.0,1.0,0.0,0.0,0.0,0.1,0.05,0.02,0.005,0.003,0.003,0.0674542,0.04562165000000001,0.0,0.0,0.015,0.0,0.0
txt_002,Rendered text,DST,skeleton_c30_m4,line_text_skeleton,0.04130528,excellent,0.04130528,5,0,0.0,0,0.674542,0.912433,0.0,0.0,0.0,0,precision,txt_002::precision,0.1,0.2,0.02,0.005,0.003,0.003,1.0,1.0,0.0,0.0,0.0,0.0,0.0,0.0,0.0,0.0,0.0,0.0,0.0,0.0,0.0,0.0,0.0,0.0,0.0,0.0,0.0,0.0,0.0,0.0,0.0,0.0,1.0,1.25,0.111724853515625,0.08385686970773013,198.0,9.0,0.04130528,5.0,0.0,0.0,0.0,0.674542,0.912433,1.25,0.674542,0.0,0.0,0.0,0.0,0.0,0.0,0.0,0.0,0.0,0.0,0.0,0.0,0.0,0.0,1.0,0.0,0.0,0.1,0.2,0.02,0.005,0.003,0.003,0.0674542,0.18248660000000003,0.0,0.0,0.015,0.0,0.0
txt_002,Rendered text,DST,skeleton_c30_m4,line_text_skeleton,0.04130528,excellent,0.04130528,5,0,0.0,0,0.674542,0.912433,0.0,0.0,0.0,0,coverage,txt_002::coverage,0.35,0.05,0.02,0.005,0.003,0.003,1.0,1.0,0.0,0.0,0.0,0.0,0.0,0.0,0.0,0.0,0.0,0.0,0.0,0.0,0.0,0.0,0.0,0.0,0.0,0.0,0.0,0.0,0.0,0.0,0.0,0.0,1.0,1.25,0.111724853515625,0.08385686970773013,198.0,9.0,0.04130528,5.0,0.0,0.0,0.0,0.674542,0.912433,1.25,0.674542,0.0,0.0,0.0,0.0,0.0,0.0,0.0,0.0,0.0,0.0,0.0,0.0,0.0,0.0,0.0,1.0,0.0,0.35,0.05,0.02,0.005,0.003,0.003,0.23608969999999999,0.04562165000000001,0.0,0.0,0.015,0.0,0.0
txt_002,Rendered text,DST,skeleton_c30_m4,line_text_skeleton,0.04130528,excellent,0.04130528,5,0,0.0,0,0.674542,0.912433,0.0,0.0,0.0,0,low_jump,txt_002::low_jump,0.1,0.05,0.02,0.005,0.03,0.02,1.0,1.0,0.0,0.0,0.0,0.0,0.0,0.0,0.0,0.0,0.0,0.0,0.0,0.0,0.0,0.0,0.0,0.0,0.0,0.0,0.0,0.0,0.0,0.0,0.0,0.0,1.0,1.25,0.111724853515625,0.08385686970773013,198.0,9.0,0.04130528,5.0,0.0,0.0,0.0,0.674542,0.912433,1.25,0.674542,0.0,0.0,0.0,0.0,0.0,0.0,0.0,0.0,0.0,0.0,0.0,0.0,0.0,0.0,0.0,0.0,1.0,0.1,0.05,0.02,0.005,0.03,0.02,0.0674542,0.04562165000000001,0.0,0.0,0.15,0.0,0.0
txt_002,Rendered text,DST,mask_fill_edgewalk_nearestrow_safeadt_t2m5_r055_a64_rows16_p40,line_text_skeleton,0.03121393,excellent,0.01621633,2,0,0.0,0,1.0,0.600016,0.0,0.099984,0.0,0,low_loss,txt_002::low_loss,0.0,0.0,0.0,0.0,0.0,0.0,1.0,0.0,0.0,1.0,1.0,1.0,1.0,0.0,0.0,0.0,0.0,0.0,0.0,0.0,16.0,40.0,0.0,0.0,0.0,0.0,0.0,0.0,0.0,0.0,0.0,0.0,1.0,1.25,0.111724853515625,0.08385686970773013,198.0,9.0,0.01621633,2.0,0.0,0.0,0.0,1.0,0.600016,0.0,0.0,0.0,1.0,1.25,1.0,1.0,0.111724853515625,0.0,0.0,0.0,0.0,0.0,0.0,1.0,0.0,0.0,0.0,0.0,0.0,0.0,0.0,0.0,0.0,0.0,0.0,0.0,0.0,0.0,0.0,0.0,0.01621633
txt_002,Rendered text,DST,mask_fill_edgewalk_nearestrow_safeadt_t2m5_r055_a64_rows16_p40,line_text_skeleton,0.03121393,excellent,0.01621633,2,0,0.0,0,1.0,0.600016,0.0,0.099984,0.0,0,balanced,txt_002::balanced,0.1,0.05,0.02,0.005,0.003,0.003,1.0,0.0,0.0,1.0,1.0,1.0,1.0,0.0,0.0,0.0,0.0,0.0,0.0,0.0,16.0,40.0,0.0,0.0,0.0,0.0,0.0,0.0,0.0,0.0,0.0,0.0,1.0,1.25,0.111724853515625,0.08385686970773013,198.0,9.0,0.01621633,2.0,0.0,0.0,0.0,1.0,0.600016,0.0,0.0,0.0,1.0,1.25,1.0,1.0,0.111724853515625,0.0,0.0,0.0,0.0,0.0,0.0,0.0,1.0,0.0,0.0,0.0,0.1,0.05,0.02,0.005,0.003,0.003,0.1,0.0300008,0.0,0.0,0.006,0.0,0.0
txt_002,Rendered text,DST,mask_fill_edgewalk_nearestrow_safeadt_t2m5_r055_a64_rows16_p40,line_text_skeleton,0.03121393,excellent,0.01621633,2,0,0.0,0,1.0,0.600016,0.0,0.099984,0.0,0,precision,txt_002::precision,0.1,0.2,0.02,0.005,0.003,0.003,1.0,0.0,0.0,1.0,1.0,1.0,1.0,0.0,0.0,0.0,0.0,0.0,0.0,0.0,16.0,40.0,0.0,0.0,0.0,0.0,0.0,0.0,0.0,0.0,0.0,0.0,1.0,1.25,0.111724853515625,0.08385686970773013,198.0,9.0,0.01621633,2.0,0.0,0.0,0.0,1.0,0.600016,0.0,0.0,0.0,1.0,1.25,1.0,1.0,0.111724853515625,0.0,0.0,0.0,0.0,0.0,0.0,0.0,0.0,1.0,0.0,0.0,0.1,0.2,0.02,0.005,0.003,0.003,0.1,0.1200032,0.0,0.0,0.006,0.0,0.0
txt_002,Rendered text,DST,mask_fill_edgewalk_nearestrow_safeadt_t2m5_r055_a64_rows16_p40,line_text_skeleton,0.03121393,excellent,0.01621633,2,0,0.0,0,1.0,0.600016,0.0,0.099984,0.0,0,coverage,txt_002::coverage,0.35,0.05,0.02,0.005,0.003,0.003,1.0,0.0,0.0,1.0,1.0,1.0,1.0,0.0,0.0,0.0,0.0,0.0,0.0,0.0,16.0,40.0,0.0,0.0,0.0,0.0,0.0,0.0,0.0,0.0,0.0,0.0,1.0,1.25,0.111724853515625,0.08385686970773013,198.0,9.0,0.01621633,2.0,0.0,0.0,0.0,1.0,0.600016,0.0,0.0,0.0,1.0,1.25,1.0,1.0,0.111724853515625,0.0,0.0,0.0,0.0,0.0,0.0,0.0,0.0,0.0,1.0,0.0,0.35,0.05,0.02,0.005,0.003,0.003,0.35,0.0300008,0.0,0.0,0.006,0.0,0.0
txt_002,Rendered text,DST,mask_fill_edgewalk_nearestrow_safeadt_t2m5_r055_a64_rows16_p40,line_text_skeleton,0.03121393,excellent,0.01621633,2,0,0.0,0,1.0,0.600016,0.0,0.099984,0.0,0,low_jump,txt_002::low_jump,0.1,0.05,0.02,0.005,0.03,0.02,1.0,0.0,0.0,1.0,1.0,1.0,1.0,0.0,0.0,0.0,0.0,0.0,0.0,0.0,16.0,40.0,0.0,0.0,0.0,0.0,0.0,0.0,0.0,0.0,0.0,0.0,1.0,1.25,0.111724853515625,0.08385686970773013,198.0,9.0,0.01621633,2.0,0.0,0.0,0.0,1.0,0.600016,0.0,0.0,0.0,1.0,1.25,1.0,1.0,0.111724853515625,0.0,0.0,0.0,0.0,0.0,0.0,0.0,0.0,0.0,0.0,1.0,0.1,0.05,0.02,0.005,0.03,0.02,0.1,0.0300008,0.0,0.0,0.06,0.0,0.0
txt_003,Rendered text,WKU,mask_fill_edgewalk_nearestrow_inset1_rows16_p40,line_text_skeleton,0.03294437,excellent,0.03294437,4,0,0.0,0,0.992627,0.753064,0.0,0.0,0.0,0,low_loss,txt_003::low_loss,0.0,0.0,0.0,0.0,0.0,0.0,1.0,0.0,0.0,1.0,1.0,1.0,0.0,1.0,1.0,0.0,1.0,0.0,0.0,0.0,16.0,40.0,0.0,0.0,0.0,0.0,0.0,0.0,0.0,0.0,0.0,0.0,1.0,1.25,0.1407318115234375,0.07502981676244172,215.0,6.0,0.03294437,4.0,0.0,0.0,0.0,0.992627,0.753064,0.0,0.0,0.0,0.992627,1.25,0.992627,0.992627,0.1407318115234375,0.1407318115234375,0.0,0.0,0.0,0.0,0.0,1.0,0.0,0.0,0.0,0.0,0.0,0.0,0.0,0.0,0.0,0.0,0.0,0.0,0.0,0.0,0.0,0.0,0.03294437
txt_003,Rendered text,WKU,mask_fill_edgewalk_nearestrow_inset1_rows16_p40,line_text_skeleton,0.03294437,excellent,0.03294437,4,0,0.0,0,0.992627,0.753064,0.0,0.0,0.0,0,balanced,txt_003::balanced,0.1,0.05,0.02,0.005,0.003,0.003,1.0,0.0,0.0,1.0,1.0,1.0,0.0,1.0,1.0,0.0,1.0,0.0,0.0,0.0,16.0,40.0,0.0,0.0,0.0,0.0,0.0,0.0,0.0,0.0,0.0,0.0,1.0,1.25,0.1407318115234375,0.07502981676244172,215.0,6.0,0.03294437,4.0,0.0,0.0,0.0,0.992627,0.753064,0.0,0.0,0.0,0.992627,1.25,0.992627,0.992627,0.1407318115234375,0.1407318115234375,0.0,0.0,0.0,0.0,0.0,0.0,1.0,0.0,0.0,0.0,0.1,0.05,0.02,0.005,0.003,0.003,0.09926270000000001,0.0376532,0.0,0.0,0.012,0.0,0.0
txt_003,Rendered text,WKU,mask_fill_edgewalk_nearestrow_inset1_rows16_p40,line_text_skeleton,0.03294437,excellent,0.03294437,4,0,0.0,0,0.992627,0.753064,0.0,0.0,0.0,0,precision,txt_003::precision,0.1,0.2,0.02,0.005,0.003,0.003,1.0,0.0,0.0,1.0,1.0,1.0,0.0,1.0,1.0,0.0,1.0,0.0,0.0,0.0,16.0,40.0,0.0,0.0,0.0,0.0,0.0,0.0,0.0,0.0,0.0,0.0,1.0,1.25,0.1407318115234375,0.07502981676244172,215.0,6.0,0.03294437,4.0,0.0,0.0,0.0,0.992627,0.753064,0.0,0.0,0.0,0.992627,1.25,0.992627,0.992627,0.1407318115234375,0.1407318115234375,0.0,0.0,0.0,0.0,0.0,0.0,0.0,1.0,0.0,0.0,0.1,0.2,0.02,0.005,0.003,0.003,0.09926270000000001,0.1506128,0.0,0.0,0.012,0.0,0.0
txt_003,Rendered text,WKU,mask_fill_edgewalk_nearestrow_inset1_rows16_p40,line_text_skeleton,0.03294437,excellent,0.03294437,4,0,0.0,0,0.992627,0.753064,0.0,0.0,0.0,0,coverage,txt_003::coverage,0.35,0.05,0.02,0.005,0.003,0.003,1.0,0.0,0.0,1.0,1.0,1.0,0.0,1.0,1.0,0.0,1.0,0.0,0.0,0.0,16.0,40.0,0.0,0.0,0.0,0.0,0.0,0.0,0.0,0.0,0.0,0.0,1.0,1.25,0.1407318115234375,0.07502981676244172,215.0,6.0,0.03294437,4.0,0.0,0.0,0.0,0.992627,0.753064,0.0,0.0,0.0,0.992627,1.25,0.992627,0.992627,0.1407318115234375,0.1407318115234375,0.0,0.0,0.0,0.0,0.0,0.0,0.0,0.0,1.0,0.0,0.35,0.05,0.02,0.005,0.003,0.003,0.34741945,0.0376532,0.0,0.0,0.012,0.0,0.0
txt_003,Rendered text,WKU,mask_fill_edgewalk_nearestrow_inset1_rows16_p40,line_text_skeleton,0.03294437,excellent,0.03294437,4,0,0.0,0,0.992627,0.753064,0.0,0.0,0.0,0,low_jump,txt_003::low_jump,0.1,0.05,0.02,0.005,0.03,0.02,1.0,0.0,0.0,1.0,1.0,1.0,0.0,1.0,1.0,0.0,1.0,0.0,0.0,0.0,16.0,40.0,0.0,0.0,0.0,0.0,0.0,0.0,0.0,0.0,0.0,0.0,1.0,1.25,0.1407318115234375,0.07502981676244172,215.0,6.0,0.03294437,4.0,0.0,0.0,0.0,0.992627,0.753064,0.0,0.0,0.0,0.992627,1.25,0.992627,0.992627,0.1407318115234375,0.1407318115234375,0.0,0.0,0.0,0.0,0.0,0.0,0.0,0.0,0.0,1.0,0.1,0.05,0.02,0.005,0.03,0.02,0.09926270000000001,0.0376532,0.0,0.0,0.12,0.0,0.0
txt_003,Rendered text,WKU,mask_fill_edgewalk_nearestrow_inset2_rows16_p40,line_text_skeleton,0.03293545,excellent,0.03293545,4,0,0.0,0,0.996639,0.759544,0.0,0.0,0.0,0,low_loss,txt_003::low_loss,0.0,0.0,0.0,0.0,0.0,0.0,1.0,0.0,0.0,1.0,1.0,1.0,0.0,1.0,0.0,1.0,2.0,0.0,0.0,0.0,16.0,40.0,0.0,0.0,0.0,0.0,0.0,0.0,0.0,0.0,0.0,0.0,1.0,1.25,0.1407318115234375,0.07502981676244172,215.0,6.0,0.03293545,4.0,0.0,0.0,0.0,0.996639,0.759544,0.0,0.0,0.0,0.996639,1.25,0.996639,0.996639,0.1407318115234375,0.1407318115234375,0.1407318115234375,0.0,0.0,0.0,0.0,1.0,0.0,0.0,0.0,0.0,0.0,0.0,0.0,0.0,0.0,0.0,0.0,0.0,0.0,0.0,0.0,0.0,0.03293545
txt_003,Rendered text,WKU,mask_fill_edgewalk_nearestrow_inset2_rows16_p40,line_text_skeleton,0.03293545,excellent,0.03293545,4,0,0.0,0,0.996639,0.759544,0.0,0.0,0.0,0,balanced,txt_003::balanced,0.1,0.05,0.02,0.005,0.003,0.003,1.0,0.0,0.0,1.0,1.0,1.0,0.0,1.0,0.0,1.0,2.0,0.0,0.0,0.0,16.0,40.0,0.0,0.0,0.0,0.0,0.0,0.0,0.0,0.0,0.0,0.0,1.0,1.25,0.1407318115234375,0.07502981676244172,215.0,6.0,0.03293545,4.0,0.0,0.0,0.0,0.996639,0.759544,0.0,0.0,0.0,0.996639,1.25,0.996639,0.996639,0.1407318115234375,0.1407318115234375,0.1407318115234375,0.0,0.0,0.0,0.0,0.0,1.0,0.0,0.0,0.0,0.1,0.05,0.02,0.005,0.003,0.003,0.09966390000000001,0.0379772,0.0,0.0,0.012,0.0,0.0
txt_003,Rendered text,WKU,mask_fill_edgewalk_nearestrow_inset2_rows16_p40,line_text_skeleton,0.03293545,excellent,0.03293545,4,0,0.0,0,0.996639,0.759544,0.0,0.0,0.0,0,precision,txt_003::precision,0.1,0.2,0.02,0.005,0.003,0.003,1.0,0.0,0.0,1.0,1.0,1.0,0.0,1.0,0.0,1.0,2.0,0.0,0.0,0.0,16.0,40.0,0.0,0.0,0.0,0.0,0.0,0.0,0.0,0.0,0.0,0.0,1.0,1.25,0.1407318115234375,0.07502981676244172,215.0,6.0,0.03293545,4.0,0.0,0.0,0.0,0.996639,0.759544,0.0,0.0,0.0,0.996639,1.25,0.996639,0.996639,0.1407318115234375,0.1407318115234375,0.1407318115234375,0.0,0.0,0.0,0.0,0.0,0.0,1.0,0.0,0.0,0.1,0.2,0.02,0.005,0.003,0.003,0.09966390000000001,0.1519088,0.0,0.0,0.012,0.0,0.0
txt_003,Rendered text,WKU,mask_fill_edgewalk_nearestrow_inset2_rows16_p40,line_text_skeleton,0.03293545,excellent,0.03293545,4,0,0.0,0,0.996639,0.759544,0.0,0.0,0.0,0,coverage,txt_003::coverage,0.35,0.05,0.02,0.005,0.003,0.003,1.0,0.0,0.0,1.0,1.0,1.0,0.0,1.0,0.0,1.0,2.0,0.0,0.0,0.0,16.0,40.0,0.0,0.0,0.0,0.0,0.0,0.0,0.0,0.0,0.0,0.0,1.0,1.25,0.1407318115234375,0.07502981676244172,215.0,6.0,0.03293545,4.0,0.0,0.0,0.0,0.996639,0.759544,0.0,0.0,0.0,0.996639,1.25,0.996639,0.996639,0.1407318115234375,0.1407318115234375,0.1407318115234375,0.0,0.0,0.0,0.0,0.0,0.0,0.0,1.0,0.0,0.35,0.05,0.02,0.005,0.003,0.003,0.34882365,0.0379772,0.0,0.0,0.012,0.0,0.0
txt_003,Rendered text,WKU,mask_fill_edgewalk_nearestrow_inset2_rows16_p40,line_text_skeleton,0.03293545,excellent,0.03293545,4,0,0.0,0,0.996639,0.759544,0.0,0.0,0.0,0,low_jump,txt_003::low_jump,0.1,0.05,0.02,0.005,0.03,0.02,1.0,0.0,0.0,1.0,1.0,1.0,0.0,1.0,0.0,1.0,2.0,0.0,0.0,0.0,16.0,40.0,0.0,0.0,0.0,0.0,0.0,0.0,0.0,0.0,0.0,0.0,1.0,1.25,0.1407318115234375,0.07502981676244172,215.0,6.0,0.03293545,4.0,0.0,0.0,0.0,0.996639,0.759544,0.0,0.0,0.0,0.996639,1.25,0.996639,0.996639,0.1407318115234375,0.1407318115234375,0.1407318115234375,0.0,0.0,0.0,0.0,0.0,0.0,0.0,0.0,1.0,0.1,0.05,0.02,0.005,0.03,0.02,0.09966390000000001,0.0379772,0.0,0.0,0.12,0.0,0.0
txt_003,Rendered text,WKU,mask_fill_edgewalk_nearestrow_rows16_p40,line_text_skeleton,0.03306889,excellent,0.03294724,4,0,0.0,0,1.0,0.699189,0.0,0.000811,0.0,0,low_loss,txt_003::low_loss,0.0,0.0,0.0,0.0,0.0,0.0,1.0,0.0,0.0,1.0,1.0,1.0,1.0,0.0,0.0,0.0,0.0,0.0,0.0,0.0,16.0,40.0,0.0,0.0,0.0,0.0,0.0,0.0,0.0,0.0,0.0,0.0,1.0,1.25,0.1407318115234375,0.07502981676244172,215.0,6.0,0.03294724,4.0,0.0,0.0,0.0,1.0,0.699189,0.0,0.0,0.0,1.0,1.25,1.0,1.0,0.1407318115234375,0.0,0.0,0.0,0.0,0.0,0.0,1.0,0.0,0.0,0.0,0.0,0.0,0.0,0.0,0.0,0.0,0.0,0.0,0.0,0.0,0.0,0.0,0.0,0.03294724
txt_003,Rendered text,WKU,mask_fill_edgewalk_nearestrow_rows16_p40,line_text_skeleton,0.03306889,excellent,0.03294724,4,0,0.0,0,1.0,0.699189,0.0,0.000811,0.0,0,balanced,txt_003::balanced,0.1,0.05,0.02,0.005,0.003,0.003,1.0,0.0,0.0,1.0,1.0,1.0,1.0,0.0,0.0,0.0,0.0,0.0,0.0,0.0,16.0,40.0,0.0,0.0,0.0,0.0,0.0,0.0,0.0,0.0,0.0,0.0,1.0,1.25,0.1407318115234375,0.07502981676244172,215.0,6.0,0.03294724,4.0,0.0,0.0,0.0,1.0,0.699189,0.0,0.0,0.0,1.0,1.25,1.0,1.0,0.1407318115234375,0.0,0.0,0.0,0.0,0.0,0.0,0.0,1.0,0.0,0.0,0.0,0.1,0.05,0.02,0.005,0.003,0.003,0.1,0.034959449999999996,0.0,0.0,0.012,0.0,0.0
txt_003,Rendered text,WKU,mask_fill_edgewalk_nearestrow_rows16_p40,line_text_skeleton,0.03306889,excellent,0.03294724,4,0,0.0,0,1.0,0.699189,0.0,0.000811,0.0,0,precision,txt_003::precision,0.1,0.2,0.02,0.005,0.003,0.003,1.0,0.0,0.0,1.0,1.0,1.0,1.0,0.0,0.0,0.0,0.0,0.0,0.0,0.0,16.0,40.0,0.0,0.0,0.0,0.0,0.0,0.0,0.0,0.0,0.0,0.0,1.0,1.25,0.1407318115234375,0.07502981676244172,215.0,6.0,0.03294724,4.0,0.0,0.0,0.0,1.0,0.699189,0.0,0.0,0.0,1.0,1.25,1.0,1.0,0.1407318115234375,0.0,0.0,0.0,0.0,0.0,0.0,0.0,0.0,1.0,0.0,0.0,0.1,0.2,0.02,0.005,0.003,0.003,0.1,0.13983779999999998,0.0,0.0,0.012,0.0,0.0
txt_003,Rendered text,WKU,mask_fill_edgewalk_nearestrow_rows16_p40,line_text_skeleton,0.03306889,excellent,0.03294724,4,0,0.0,0,1.0,0.699189,0.0,0.000811,0.0,0,coverage,txt_003::coverage,0.35,0.05,0.02,0.005,0.003,0.003,1.0,0.0,0.0,1.0,1.0,1.0,1.0,0.0,0.0,0.0,0.0,0.0,0.0,0.0,16.0,40.0,0.0,0.0,0.0,0.0,0.0,0.0,0.0,0.0,0.0,0.0,1.0,1.25,0.1407318115234375,0.07502981676244172,215.0,6.0,0.03294724,4.0,0.0,0.0,0.0,1.0,0.699189,0.0,0.0,0.0,1.0,1.25,1.0,1.0,0.1407318115234375,0.0,0.0,0.0,0.0,0.0,0.0,0.0,0.0,0.0,1.0,0.0,0.35,0.05,0.02,0.005,0.003,0.003,0.35,0.034959449999999996,0.0,0.0,0.012,0.0,0.0
txt_003,Rendered text,WKU,mask_fill_edgewalk_nearestrow_rows16_p40,line_text_skeleton,0.03306889,excellent,0.03294724,4,0,0.0,0,1.0,0.699189,0.0,0.000811,0.0,0,low_jump,txt_003::low_jump,0.1,0.05,0.02,0.005,0.03,0.02,1.0,0.0,0.0,1.0,1.0,1.0,1.0,0.0,0.0,0.0,0.0,0.0,0.0,0.0,16.0,40.0,0.0,0.0,0.0,0.0,0.0,0.0,0.0,0.0,0.0,0.0,1.0,1.25,0.1407318115234375,0.07502981676244172,215.0,6.0,0.03294724,4.0,0.0,0.0,0.0,1.0,0.699189,0.0,0.0,0.0,1.0,1.25,1.0,1.0,0.1407318115234375,0.0,0.0,0.0,0.0,0.0,0.0,0.0,0.0,0.0,0.0,1.0,0.1,0.05,0.02,0.005,0.03,0.02,0.1,0.034959449999999996,0.0,0.0,0.12,0.0,0.0
txt_003,Rendered text,WKU,mask_fill_edgewalk_rows16_p40,line_text_skeleton,0.33039642,hard_fail,0.28281557,46,7,1.1314,0,1.0,0.649461,0.0,0.050539,0.04,0,low_loss,txt_003::low_loss,0.0,0.0,0.0,0.0,0.0,0.0,1.0,0.0,0.0,1.0,1.0,0.0,0.0,0.0,0.0,0.0,0.0,0.0,0.0,0.0,16.0,40.0,0.0,0.0,0.0,0.0,0.0,0.0,0.0,0.0,0.0,0.0,1.0,1.25,0.1407318115234375,0.07502981676244172,215.0,6.0,0.28281557,46.0,7.0,1.1314,0.0,1.0,0.649461,0.0,0.0,0.0,1.0,1.25,1.0,0.0,0.0,0.0,0.0,0.0,0.0,0.0,0.0,1.0,0.0,0.0,0.0,0.0,0.0,0.0,0.0,0.0,0.0,0.0,0.0,0.0,0.0,0.0,0.0,0.0,0.28281557
txt_003,Rendered text,WKU,mask_fill_edgewalk_rows16_p40,line_text_skeleton,0.33039642,hard_fail,0.28281557,46,7,1.1314,0,1.0,0.649461,0.0,0.050539,0.04,0,balanced,txt_003::balanced,0.1,0.05,0.02,0.005,0.003,0.003,1.0,0.0,0.0,1.0,1.0,0.0,0.0,0.0,0.0,0.0,0.0,0.0,0.0,0.0,16.0,40.0,0.0,0.0,0.0,0.0,0.0,0.0,0.0,0.0,0.0,0.0,1.0,1.25,0.1407318115234375,0.07502981676244172,215.0,6.0,0.28281557,46.0,7.0,1.1314,0.0,1.0,0.649461,0.0,0.0,0.0,1.0,1.25,1.0,0.0,0.0,0.0,0.0,0.0,0.0,0.0,0.0,0.0,1.0,0.0,0.0,0.0,0.1,0.05,0.02,0.005,0.003,0.003,0.1,0.032473049999999996,0.022628,0.0,0.138,0.021,0.0
txt_003,Rendered text,WKU,mask_fill_edgewalk_rows16_p40,line_text_skeleton,0.33039642,hard_fail,0.28281557,46,7,1.1314,0,1.0,0.649461,0.0,0.050539,0.04,0,precision,txt_003::precision,0.1,0.2,0.02,0.005,0.003,0.003,1.0,0.0,0.0,1.0,1.0,0.0,0.0,0.0,0.0,0.0,0.0,0.0,0.0,0.0,16.0,40.0,0.0,0.0,0.0,0.0,0.0,0.0,0.0,0.0,0.0,0.0,1.0,1.25,0.1407318115234375,0.07502981676244172,215.0,6.0,0.28281557,46.0,7.0,1.1314,0.0,1.0,0.649461,0.0,0.0,0.0,1.0,1.25,1.0,0.0,0.0,0.0,0.0,0.0,0.0,0.0,0.0,0.0,0.0,1.0,0.0,0.0,0.1,0.2,0.02,0.005,0.003,0.003,0.1,0.12989219999999999,0.022628,0.0,0.138,0.021,0.0
txt_003,Rendered text,WKU,mask_fill_edgewalk_rows16_p40,line_text_skeleton,0.33039642,hard_fail,0.28281557,46,7,1.1314,0,1.0,0.649461,0.0,0.050539,0.04,0,coverage,txt_003::coverage,0.35,0.05,0.02,0.005,0.003,0.003,1.0,0.0,0.0,1.0,1.0,0.0,0.0,0.0,0.0,0.0,0.0,0.0,0.0,0.0,16.0,40.0,0.0,0.0,0.0,0.0,0.0,0.0,0.0,0.0,0.0,0.0,1.0,1.25,0.1407318115234375,0.07502981676244172,215.0,6.0,0.28281557,46.0,7.0,1.1314,0.0,1.0,0.649461,0.0,0.0,0.0,1.0,1.25,1.0,0.0,0.0,0.0,0.0,0.0,0.0,0.0,0.0,0.0,0.0,0.0,1.0,0.0,0.35,0.05,0.02,0.005,0.003,0.003,0.35,0.032473049999999996,0.022628,0.0,0.138,0.021,0.0
txt_003,Rendered text,WKU,mask_fill_edgewalk_rows16_p40,line_text_skeleton,0.33039642,hard_fail,0.28281557,46,7,1.1314,0,1.0,0.649461,0.0,0.050539,0.04,0,low_jump,txt_003::low_jump,0.1,0.05,0.02,0.005,0.03,0.02,1.0,0.0,0.0,1.0,1.0,0.0,0.0,0.0,0.0,0.0,0.0,0.0,0.0,0.0,16.0,40.0,0.0,0.0,0.0,0.0,0.0,0.0,0.0,0.0,0.0,0.0,1.0,1.25,0.1407318115234375,0.07502981676244172,215.0,6.0,0.28281557,46.0,7.0,1.1314,0.0,1.0,0.649461,0.0,0.0,0.0,1.0,1.25,1.0,0.0,0.0,0.0,0.0,0.0,0.0,0.0,0.0,0.0,0.0,0.0,0.0,1.0,0.1,0.05,0.02,0.005,0.03,0.02,0.1,0.032473049999999996,0.022628,0.0,1.38,0.14,0.0
txt_003,Rendered text,WKU,auto_evalrepair_r10_c20,line_text_skeleton,0.04955262,excellent,0.04955262,6,0,0.0,0,0.594058,0.936261,0.0,0.0,0.0,0,low_loss,txt_003::low_loss,0.0,0.0,0.0,0.0,0.0,0.0,1.0,0.0,1.0,0.0,0.0,0.0,0.0,0.0,0.0,0.0,0.0,0.0,0.0,0.0,0.0,0.0,0.0,0.0,0.0,0.0,0.0,0.0,0.0,0.0,0.0,0.0,1.0,1.25,0.1407318115234375,0.07502981676244172,215.0,6.0,0.04955262,6.0,0.0,0.0,0.0,0.594058,0.936261,0.0,0.0,0.594058,0.0,0.0,0.0,0.0,0.0,0.0,0.0,0.0,0.0,0.0,0.0,1.0,0.0,0.0,0.0,0.0,0.0,0.0,0.0,0.0,0.0,0.0,0.0,0.0,0.0,0.0,0.0,0.0,0.04955262
txt_003,Rendered text,WKU,auto_evalrepair_r10_c20,line_text_skeleton,0.04955262,excellent,0.04955262,6,0,0.0,0,0.594058,0.936261,0.0,0.0,0.0,0,balanced,txt_003::balanced,0.1,0.05,0.02,0.005,0.003,0.003,1.0,0.0,1.0,0.0,0.0,0.0,0.0,0.0,0.0,0.0,0.0,0.0,0.0,0.0,0.0,0.0,0.0,0.0,0.0,0.0,0.0,0.0,0.0,0.0,0.0,0.0,1.0,1.25,0.1407318115234375,0.07502981676244172,215.0,6.0,0.04955262,6.0,0.0,0.0,0.0,0.594058,0.936261,0.0,0.0,0.594058,0.0,0.0,0.0,0.0,0.0,0.0,0.0,0.0,0.0,0.0,0.0,0.0,1.0,0.0,0.0,0.0,0.1,0.05,0.02,0.005,0.003,0.003,0.0594058,0.04681305,0.0,0.0,0.018000000000000002,0.0,0.0
txt_003,Rendered text,WKU,auto_evalrepair_r10_c20,line_text_skeleton,0.04955262,excellent,0.04955262,6,0,0.0,0,0.594058,0.936261,0.0,0.0,0.0,0,precision,txt_003::precision,0.1,0.2,0.02,0.005,0.003,0.003,1.0,0.0,1.0,0.0,0.0,0.0,0.0,0.0,0.0,0.0,0.0,0.0,0.0,0.0,0.0,0.0,0.0,0.0,0.0,0.0,0.0,0.0,0.0,0.0,0.0,0.0,1.0,1.25,0.1407318115234375,0.07502981676244172,215.0,6.0,0.04955262,6.0,0.0,0.0,0.0,0.594058,0.936261,0.0,0.0,0.594058,0.0,0.0,0.0,0.0,0.0,0.0,0.0,0.0,0.0,0.0,0.0,0.0,0.0,1.0,0.0,0.0,0.1,0.2,0.02,0.005,0.003,0.003,0.0594058,0.1872522,0.0,0.0,0.018000000000000002,0.0,0.0
txt_003,Rendered text,WKU,auto_evalrepair_r10_c20,line_text_skeleton,0.04955262,excellent,0.04955262,6,0,0.0,0,0.594058,0.936261,0.0,0.0,0.0,0,coverage,txt_003::coverage,0.35,0.05,0.02,0.005,0.003,0.003,1.0,0.0,1.0,0.0,0.0,0.0,0.0,0.0,0.0,0.0,0.0,0.0,0.0,0.0,0.0,0.0,0.0,0.0,0.0,0.0,0.0,0.0,0.0,0.0,0.0,0.0,1.0,1.25,0.1407318115234375,0.07502981676244172,215.0,6.0,0.04955262,6.0,0.0,0.0,0.0,0.594058,0.936261,0.0,0.0,0.594058,0.0,0.0,0.0,0.0,0.0,0.0,0.0,0.0,0.0,0.0,0.0,0.0,0.0,0.0,1.0,0.0,0.35,0.05,0.02,0.005,0.003,0.003,0.20792029999999997,0.04681305,0.0,0.0,0.018000000000000002,0.0,0.0
txt_003,Rendered text,WKU,auto_evalrepair_r10_c20,line_text_skeleton,0.04955262,excellent,0.04955262,6,0,0.0,0,0.594058,0.936261,0.0,0.0,0.0,0,low_jump,txt_003::low_jump,0.1,0.05,0.02,0.005,0.03,0.02,1.0,0.0,1.0,0.0,0.0,0.0,0.0,0.0,0.0,0.0,0.0,0.0,0.0,0.0,0.0,0.0,0.0,0.0,0.0,0.0,0.0,0.0,0.0,0.0,0.0,0.0,1.0,1.25,0.1407318115234375,0.07502981676244172,215.0,6.0,0.04955262,6.0,0.0,0.0,0.0,0.594058,0.936261,0.0,0.0,0.594058,0.0,0.0,0.0,0.0,0.0,0.0,0.0,0.0,0.0,0.0,0.0,0.0,0.0,0.0,0.0,1.0,0.1,0.05,0.02,0.005,0.03,0.02,0.0594058,0.04681305,0.0,0.0,0.18,0.0,0.0
txt_003,Rendered text,WKU,skeleton_c30_m20,line_text_skeleton,0.03285763,excellent,0.03285763,4,0,0.0,0,0.589288,0.921499,0.0,0.0,0.0,1,low_loss,txt_003::low_loss,0.0,0.0,0.0,0.0,0.0,0.0,1.0,1.0,0.0,0.0,0.0,0.0,0.0,0.0,0.0,0.0,0.0,0.0,0.0,0.0,0.0,0.0,0.0,0.0,0.0,0.0,0.0,0.0,0.0,0.0,0.0,0.0,1.0,1.25,0.1407318115234375,0.07502981676244172,215.0,6.0,0.03285763,4.0,0.0,0.0,0.0,0.589288,0.921499,1.25,0.589288,0.0,0.0,0.0,0.0,0.0,0.0,0.0,0.0,0.0,0.0,0.0,0.0,1.0,0.0,0.0,0.0,0.0,0.0,0.0,0.0,0.0,0.0,0.0,0.0,0.0,0.0,0.0,0.0,0.0,0.03285763
txt_003,Rendered text,WKU,skeleton_c30_m20,line_text_skeleton,0.03285763,excellent,0.03285763,4,0,0.0,0,0.589288,0.921499,0.0,0.0,0.0,1,balanced,txt_003::balanced,0.1,0.05,0.02,0.005,0.003,0.003,1.0,1.0,0.0,0.0,0.0,0.0,0.0,0.0,0.0,0.0,0.0,0.0,0.0,0.0,0.0,0.0,0.0,0.0,0.0,0.0,0.0,0.0,0.0,0.0,0.0,0.0,1.0,1.25,0.1407318115234375,0.07502981676244172,215.0,6.0,0.03285763,4.0,0.0,0.0,0.0,0.589288,0.921499,1.25,0.589288,0.0,0.0,0.0,0.0,0.0,0.0,0.0,0.0,0.0,0.0,0.0,0.0,0.0,1.0,0.0,0.0,0.0,0.1,0.05,0.02,0.005,0.003,0.003,0.0589288,0.04607495,0.0,0.0,0.012,0.0,0.0
txt_003,Rendered text,WKU,skeleton_c30_m20,line_text_skeleton,0.03285763,excellent,0.03285763,4,0,0.0,0,0.589288,0.921499,0.0,0.0,0.0,1,precision,txt_003::precision,0.1,0.2,0.02,0.005,0.003,0.003,1.0,1.0,0.0,0.0,0.0,0.0,0.0,0.0,0.0,0.0,0.0,0.0,0.0,0.0,0.0,0.0,0.0,0.0,0.0,0.0,0.0,0.0,0.0,0.0,0.0,0.0,1.0,1.25,0.1407318115234375,0.07502981676244172,215.0,6.0,0.03285763,4.0,0.0,0.0,0.0,0.589288,0.921499,1.25,0.589288,0.0,0.0,0.0,0.0,0.0,0.0,0.0,0.0,0.0,0.0,0.0,0.0,0.0,0.0,1.0,0.0,0.0,0.1,0.2,0.02,0.005,0.003,0.003,0.0589288,0.1842998,0.0,0.0,0.012,0.0,0.0
txt_003,Rendered text,WKU,skeleton_c30_m20,line_text_skeleton,0.03285763,excellent,0.03285763,4,0,0.0,0,0.589288,0.921499,0.0,0.0,0.0,1,coverage,txt_003::coverage,0.35,0.05,0.02,0.005,0.003,0.003,1.0,1.0,0.0,0.0,0.0,0.0,0.0,0.0,0.0,0.0,0.0,0.0,0.0,0.0,0.0,0.0,0.0,0.0,0.0,0.0,0.0,0.0,0.0,0.0,0.0,0.0,1.0,1.25,0.1407318115234375,0.07502981676244172,215.0,6.0,0.03285763,4.0,0.0,0.0,0.0,0.589288,0.921499,1.25,0.589288,0.0,0.0,0.0,0.0,0.0,0.0,0.0,0.0,0.0,0.0,0.0,0.0,0.0,0.0,0.0,1.0,0.0,0.35,0.05,0.02,0.005,0.003,0.003,0.2062508,0.04607495,0.0,0.0,0.012,0.0,0.0
txt_003,Rendered text,WKU,skeleton_c30_m20,line_text_skeleton,0.03285763,excellent,0.03285763,4,0,0.0,0,0.589288,0.921499,0.0,0.0,0.0,1,low_jump,txt_003::low_jump,0.1,0.05,0.02,0.005,0.03,0.02,1.0,1.0,0.0,0.0,0.0,0.0,0.0,0.0,0.0,0.0,0.0,0.0,0.0,0.0,0.0,0.0,0.0,0.0,0.0,0.0,0.0,0.0,0.0,0.0,0.0,0.0,1.0,1.25,0.1407318115234375,0.07502981676244172,215.0,6.0,0.03285763,4.0,0.0,0.0,0.0,0.589288,0.921499,1.25,0.589288,0.0,0.0,0.0,0.0,0.0,0.0,0.0,0.0,0.0,0.0,0.0,0.0,0.0,0.0,0.0,0.0,1.0,0.1,0.05,0.02,0.005,0.03,0.02,0.0589288,0.04607495,0.0,0.0,0.12,0.0,0.0
txt_003,Rendered text,WKU,skeleton_c30_m4,line_text_skeleton,0.03285763,excellent,0.03285763,4,0,0.0,0,0.609455,0.923899,0.0,0.0,0.0,0,low_loss,txt_003::low_loss,0.0,0.0,0.0,0.0,0.0,0.0,1.0,1.0,0.0,0.0,0.0,0.0,0.0,0.0,0.0,0.0,0.0,0.0,0.0,0.0,0.0,0.0,0.0,0.0,0.0,0.0,0.0,0.0,0.0,0.0,0.0,0.0,1.0,1.25,0.1407318115234375,0.07502981676244172,215.0,6.0,0.03285763,4.0,0.0,0.0,0.0,0.609455,0.923899,1.25,0.609455,0.0,0.0,0.0,0.0,0.0,0.0,0.0,0.0,0.0,0.0,0.0,0.0,1.0,0.0,0.0,0.0,0.0,0.0,0.0,0.0,0.0,0.0,0.0,0.0,0.0,0.0,0.0,0.0,0.0,0.03285763
txt_003,Rendered text,WKU,skeleton_c30_m4,line_text_skeleton,0.03285763,excellent,0.03285763,4,0,0.0,0,0.609455,0.923899,0.0,0.0,0.0,0,balanced,txt_003::balanced,0.1,0.05,0.02,0.005,0.003,0.003,1.0,1.0,0.0,0.0,0.0,0.0,0.0,0.0,0.0,0.0,0.0,0.0,0.0,0.0,0.0,0.0,0.0,0.0,0.0,0.0,0.0,0.0,0.0,0.0,0.0,0.0,1.0,1.25,0.1407318115234375,0.07502981676244172,215.0,6.0,0.03285763,4.0,0.0,0.0,0.0,0.609455,0.923899,1.25,0.609455,0.0,0.0,0.0,0.0,0.0,0.0,0.0,0.0,0.0,0.0,0.0,0.0,0.0,1.0,0.0,0.0,0.0,0.1,0.05,0.02,0.005,0.003,0.003,0.0609455,0.046194950000000005,0.0,0.0,0.012,0.0,0.0
txt_003,Rendered text,WKU,skeleton_c30_m4,line_text_skeleton,0.03285763,excellent,0.03285763,4,0,0.0,0,0.609455,0.923899,0.0,0.0,0.0,0,precision,txt_003::precision,0.1,0.2,0.02,0.005,0.003,0.003,1.0,1.0,0.0,0.0,0.0,0.0,0.0,0.0,0.0,0.0,0.0,0.0,0.0,0.0,0.0,0.0,0.0,0.0,0.0,0.0,0.0,0.0,0.0,0.0,0.0,0.0,1.0,1.25,0.1407318115234375,0.07502981676244172,215.0,6.0,0.03285763,4.0,0.0,0.0,0.0,0.609455,0.923899,1.25,0.609455,0.0,0.0,0.0,0.0,0.0,0.0,0.0,0.0,0.0,0.0,0.0,0.0,0.0,0.0,1.0,0.0,0.0,0.1,0.2,0.02,0.005,0.003,0.003,0.0609455,0.18477980000000002,0.0,0.0,0.012,0.0,0.0
txt_003,Rendered text,WKU,skeleton_c30_m4,line_text_skeleton,0.03285763,excellent,0.03285763,4,0,0.0,0,0.609455,0.923899,0.0,0.0,0.0,0,coverage,txt_003::coverage,0.35,0.05,0.02,0.005,0.003,0.003,1.0,1.0,0.0,0.0,0.0,0.0,0.0,0.0,0.0,0.0,0.0,0.0,0.0,0.0,0.0,0.0,0.0,0.0,0.0,0.0,0.0,0.0,0.0,0.0,0.0,0.0,1.0,1.25,0.1407318115234375,0.07502981676244172,215.0,6.0,0.03285763,4.0,0.0,0.0,0.0,0.609455,0.923899,1.25,0.609455,0.0,0.0,0.0,0.0,0.0,0.0,0.0,0.0,0.0,0.0,0.0,0.0,0.0,0.0,0.0,1.0,0.0,0.35,0.05,0.02,0.005,0.003,0.003,0.21330924999999998,0.046194950000000005,0.0,0.0,0.012,0.0,0.0
txt_003,Rendered text,WKU,skeleton_c30_m4,line_text_skeleton,0.03285763,excellent,0.03285763,4,0,0.0,0,0.609455,0.923899,0.0,0.0,0.0,0,low_jump,txt_003::low_jump,0.1,0.05,0.02,0.005,0.03,0.02,1.0,1.0,0.0,0.0,0.0,0.0,0.0,0.0,0.0,0.0,0.0,0.0,0.0,0.0,0.0,0.0,0.0,0.0,0.0,0.0,0.0,0.0,0.0,0.0,0.0,0.0,1.0,1.25,0.1407318115234375,0.07502981676244172,215.0,6.0,0.03285763,4.0,0.0,0.0,0.0,0.609455,0.923899,1.25,0.609455,0.0,0.0,0.0,0.0,0.0,0.0,0.0,0.0,0.0,0.0,0.0,0.0,0.0,0.0,0.0,0.0,1.0,0.1,0.05,0.02,0.005,0.03,0.02,0.0609455,0.046194950000000005,0.0,0.0,0.12,0.0,0.0
txt_003,Rendered text,WKU,mask_fill_edgewalk_nearestrow_safeadt_t2m5_r055_a64_rows16_p40,line_text_skeleton,0.07331075,excellent,0.05658035,4,0,1.05,0,1.0,0.588464,0.0,0.111536,0.0,0,low_loss,txt_003::low_loss,0.0,0.0,0.0,0.0,0.0,0.0,1.0,0.0,0.0,1.0,1.0,1.0,1.0,0.0,0.0,0.0,0.0,0.0,0.0,0.0,16.0,40.0,0.0,0.0,0.0,0.0,0.0,0.0,0.0,0.0,0.0,0.0,1.0,1.25,0.1407318115234375,0.07502981676244172,215.0,6.0,0.05658035,4.0,0.0,1.05,0.0,1.0,0.588464,0.0,0.0,0.0,1.0,1.25,1.0,1.0,0.1407318115234375,0.0,0.0,0.0,0.0,0.0,0.0,1.0,0.0,0.0,0.0,0.0,0.0,0.0,0.0,0.0,0.0,0.0,0.0,0.0,0.0,0.0,0.0,0.0,0.05658035
txt_003,Rendered text,WKU,mask_fill_edgewalk_nearestrow_safeadt_t2m5_r055_a64_rows16_p40,line_text_skeleton,0.07331075,excellent,0.05658035,4,0,1.05,0,1.0,0.588464,0.0,0.111536,0.0,0,balanced,txt_003::balanced,0.1,0.05,0.02,0.005,0.003,0.003,1.0,0.0,0.0,1.0,1.0,1.0,1.0,0.0,0.0,0.0,0.0,0.0,0.0,0.0,16.0,40.0,0.0,0.0,0.0,0.0,0.0,0.0,0.0,0.0,0.0,0.0,1.0,1.25,0.1407318115234375,0.07502981676244172,215.0,6.0,0.05658035,4.0,0.0,1.05,0.0,1.0,0.588464,0.0,0.0,0.0,1.0,1.25,1.0,1.0,0.1407318115234375,0.0,0.0,0.0,0.0,0.0,0.0,0.0,1.0,0.0,0.0,0.0,0.1,0.05,0.02,0.005,0.003,0.003,0.1,0.0294232,0.021,0.0,0.012,0.0,0.0
txt_003,Rendered text,WKU,mask_fill_edgewalk_nearestrow_safeadt_t2m5_r055_a64_rows16_p40,line_text_skeleton,0.07331075,excellent,0.05658035,4,0,1.05,0,1.0,0.588464,0.0,0.111536,0.0,0,precision,txt_003::precision,0.1,0.2,0.02,0.005,0.003,0.003,1.0,0.0,0.0,1.0,1.0,1.0,1.0,0.0,0.0,0.0,0.0,0.0,0.0,0.0,16.0,40.0,0.0,0.0,0.0,0.0,0.0,0.0,0.0,0.0,0.0,0.0,1.0,1.25,0.1407318115234375,0.07502981676244172,215.0,6.0,0.05658035,4.0,0.0,1.05,0.0,1.0,0.588464,0.0,0.0,0.0,1.0,1.25,1.0,1.0,0.1407318115234375,0.0,0.0,0.0,0.0,0.0,0.0,0.0,0.0,1.0,0.0,0.0,0.1,0.2,0.02,0.005,0.003,0.003,0.1,0.1176928,0.021,0.0,0.012,0.0,0.0
txt_003,Rendered text,WKU,mask_fill_edgewalk_nearestrow_safeadt_t2m5_r055_a64_rows16_p40,line_text_skeleton,0.07331075,excellent,0.05658035,4,0,1.05,0,1.0,0.588464,0.0,0.111536,0.0,0,coverage,txt_003::coverage,0.35,0.05,0.02,0.005,0.003,0.003,1.0,0.0,0.0,1.0,1.0,1.0,1.0,0.0,0.0,0.0,0.0,0.0,0.0,0.0,16.0,40.0,0.0,0.0,0.0,0.0,0.0,0.0,0.0,0.0,0.0,0.0,1.0,1.25,0.1407318115234375,0.07502981676244172,215.0,6.0,0.05658035,4.0,0.0,1.05,0.0,1.0,0.588464,0.0,0.0,0.0,1.0,1.25,1.0,1.0,0.1407318115234375,0.0,0.0,0.0,0.0,0.0,0.0,0.0,0.0,0.0,1.0,0.0,0.35,0.05,0.02,0.005,0.003,0.003,0.35,0.0294232,0.021,0.0,0.012,0.0,0.0
txt_003,Rendered text,WKU,mask_fill_edgewalk_nearestrow_safeadt_t2m5_r055_a64_rows16_p40,line_text_skeleton,0.07331075,excellent,0.05658035,4,0,1.05,0,1.0,0.588464,0.0,0.111536,0.0,0,low_jump,txt_003::low_jump,0.1,0.05,0.02,0.005,0.03,0.02,1.0,0.0,0.0,1.0,1.0,1.0,1.0,0.0,0.0,0.0,0.0,0.0,0.0,0.0,16.0,40.0,0.0,0.0,0.0,0.0,0.0,0.0,0.0,0.0,0.0,0.0,1.0,1.25,0.1407318115234375,0.07502981676244172,215.0,6.0,0.05658035,4.0,0.0,1.05,0.0,1.0,0.588464,0.0,0.0,0.0,1.0,1.25,1.0,1.0,0.1407318115234375,0.0,0.0,0.0,0.0,0.0,0.0,0.0,0.0,0.0,0.0,1.0,0.1,0.05,0.02,0.005,0.03,0.02,0.1,0.0294232,0.021,0.0,0.12,0.0,0.0
txt_004,Rendered text,2026,mask_fill_edgewalk_nearestrow_inset1_rows16_p40,line_text_skeleton,0.05065254,excellent,0.05065254,3,0,1.1554,0,0.989398,0.763508,0.0,0.0,0.0,0,low_loss,txt_004::low_loss,0.0,0.0,0.0,0.0,0.0,0.0,1.0,0.0,0.0,1.0,1.0,1.0,0.0,1.0,1.0,0.0,1.0,0.0,0.0,0.0,16.0,40.0,0.0,0.0,0.0,0.0,0.0,0.0,0.0,0.0,0.0,0.0,1.0,1.25,0.1381683349609375,0.07388183324130315,172.0,12.0,0.05065254,3.0,0.0,1.1554,0.0,0.989398,0.763508,0.0,0.0,0.0,0.989398,1.25,0.989398,0.989398,0.1381683349609375,0.1381683349609375,0.0,0.0,0.0,0.0,0.0,1.0,0.0,0.0,0.0,0.0,0.0,0.0,0.0,0.0,0.0,0.0,0.0,0.0,0.0,0.0,0.0,0.0,0.05065254
txt_004,Rendered text,2026,mask_fill_edgewalk_nearestrow_inset1_rows16_p40,line_text_skeleton,0.05065254,excellent,0.05065254,3,0,1.1554,0,0.989398,0.763508,0.0,0.0,0.0,0,balanced,txt_004::balanced,0.1,0.05,0.02,0.005,0.003,0.003,1.0,0.0,0.0,1.0,1.0,1.0,0.0,1.0,1.0,0.0,1.0,0.0,0.0,0.0,16.0,40.0,0.0,0.0,0.0,0.0,0.0,0.0,0.0,0.0,0.0,0.0,1.0,1.25,0.1381683349609375,0.07388183324130315,172.0,12.0,0.05065254,3.0,0.0,1.1554,0.0,0.989398,0.763508,0.0,0.0,0.0,0.989398,1.25,0.989398,0.989398,0.1381683349609375,0.1381683349609375,0.0,0.0,0.0,0.0,0.0,0.0,1.0,0.0,0.0,0.0,0.1,0.05,0.02,0.005,0.003,0.003,0.09893980000000001,0.0381754,0.023108,0.0,0.009000000000000001,0.0,0.0
txt_004,Rendered text,2026,mask_fill_edgewalk_nearestrow_inset1_rows16_p40,line_text_skeleton,0.05065254,excellent,0.05065254,3,0,1.1554,0,0.989398,0.763508,0.0,0.0,0.0,0,precision,txt_004::precision,0.1,0.2,0.02,0.005,0.003,0.003,1.0,0.0,0.0,1.0,1.0,1.0,0.0,1.0,1.0,0.0,1.0,0.0,0.0,0.0,16.0,40.0,0.0,0.0,0.0,0.0,0.0,0.0,0.0,0.0,0.0,0.0,1.0,1.25,0.1381683349609375,0.07388183324130315,172.0,12.0,0.05065254,3.0,0.0,1.1554,0.0,0.989398,0.763508,0.0,0.0,0.0,0.989398,1.25,0.989398,0.989398,0.1381683349609375,0.1381683349609375,0.0,0.0,0.0,0.0,0.0,0.0,0.0,1.0,0.0,0.0,0.1,0.2,0.02,0.005,0.003,0.003,0.09893980000000001,0.1527016,0.023108,0.0,0.009000000000000001,0.0,0.0
txt_004,Rendered text,2026,mask_fill_edgewalk_nearestrow_inset1_rows16_p40,line_text_skeleton,0.05065254,excellent,0.05065254,3,0,1.1554,0,0.989398,0.763508,0.0,0.0,0.0,0,coverage,txt_004::coverage,0.35,0.05,0.02,0.005,0.003,0.003,1.0,0.0,0.0,1.0,1.0,1.0,0.0,1.0,1.0,0.0,1.0,0.0,0.0,0.0,16.0,40.0,0.0,0.0,0.0,0.0,0.0,0.0,0.0,0.0,0.0,0.0,1.0,1.25,0.1381683349609375,0.07388183324130315,172.0,12.0,0.05065254,3.0,0.0,1.1554,0.0,0.989398,0.763508,0.0,0.0,0.0,0.989398,1.25,0.989398,0.989398,0.1381683349609375,0.1381683349609375,0.0,0.0,0.0,0.0,0.0,0.0,0.0,0.0,1.0,0.0,0.35,0.05,0.02,0.005,0.003,0.003,0.34628929999999997,0.0381754,0.023108,0.0,0.009000000000000001,0.0,0.0
txt_004,Rendered text,2026,mask_fill_edgewalk_nearestrow_inset1_rows16_p40,line_text_skeleton,0.05065254,excellent,0.05065254,3,0,1.1554,0,0.989398,0.763508,0.0,0.0,0.0,0,low_jump,txt_004::low_jump,0.1,0.05,0.02,0.005,0.03,0.02,1.0,0.0,0.0,1.0,1.0,1.0,0.0,1.0,1.0,0.0,1.0,0.0,0.0,0.0,16.0,40.0,0.0,0.0,0.0,0.0,0.0,0.0,0.0,0.0,0.0,0.0,1.0,1.25,0.1381683349609375,0.07388183324130315,172.0,12.0,0.05065254,3.0,0.0,1.1554,0.0,0.989398,0.763508,0.0,0.0,0.0,0.989398,1.25,0.989398,0.989398,0.1381683349609375,0.1381683349609375,0.0,0.0,0.0,0.0,0.0,0.0,0.0,0.0,0.0,1.0,0.1,0.05,0.02,0.005,0.03,0.02,0.09893980000000001,0.0381754,0.023108,0.0,0.09,0.0,0.0
txt_004,Rendered text,2026,mask_fill_edgewalk_nearestrow_inset2_rows16_p40,line_text_skeleton,0.06417366,excellent,0.06417366,7,1,0.0,0,0.991717,0.832406,0.0,0.0,0.0,0,low_loss,txt_004::low_loss,0.0,0.0,0.0,0.0,0.0,0.0,1.0,0.0,0.0,1.0,1.0,1.0,0.0,1.0,0.0,1.0,2.0,0.0,0.0,0.0,16.0,40.0,0.0,0.0,0.0,0.0,0.0,0.0,0.0,0.0,0.0,0.0,1.0,1.25,0.1381683349609375,0.07388183324130315,172.0,12.0,0.06417366,7.0,1.0,0.0,0.0,0.991717,0.832406,0.0,0.0,0.0,0.991717,1.25,0.991717,0.991717,0.1381683349609375,0.1381683349609375,0.1381683349609375,0.0,0.0,0.0,0.0,1.0,0.0,0.0,0.0,0.0,0.0,0.0,0.0,0.0,0.0,0.0,0.0,0.0,0.0,0.0,0.0,0.0,0.06417366
txt_004,Rendered text,2026,mask_fill_edgewalk_nearestrow_inset2_rows16_p40,line_text_skeleton,0.06417366,excellent,0.06417366,7,1,0.0,0,0.991717,0.832406,0.0,0.0,0.0,0,balanced,txt_004::balanced,0.1,0.05,0.02,0.005,0.003,0.003,1.0,0.0,0.0,1.0,1.0,1.0,0.0,1.0,0.0,1.0,2.0,0.0,0.0,0.0,16.0,40.0,0.0,0.0,0.0,0.0,0.0,0.0,0.0,0.0,0.0,0.0,1.0,1.25,0.1381683349609375,0.07388183324130315,172.0,12.0,0.06417366,7.0,1.0,0.0,0.0,0.991717,0.832406,0.0,0.0,0.0,0.991717,1.25,0.991717,0.991717,0.1381683349609375,0.1381683349609375,0.1381683349609375,0.0,0.0,0.0,0.0,0.0,1.0,0.0,0.0,0.0,0.1,0.05,0.02,0.005,0.003,0.003,0.0991717,0.0416203,0.0,0.0,0.021,0.003,0.0
txt_004,Rendered text,2026,mask_fill_edgewalk_nearestrow_inset2_rows16_p40,line_text_skeleton,0.06417366,excellent,0.06417366,7,1,0.0,0,0.991717,0.832406,0.0,0.0,0.0,0,precision,txt_004::precision,0.1,0.2,0.02,0.005,0.003,0.003,1.0,0.0,0.0,1.0,1.0,1.0,0.0,1.0,0.0,1.0,2.0,0.0,0.0,0.0,16.0,40.0,0.0,0.0,0.0,0.0,0.0,0.0,0.0,0.0,0.0,0.0,1.0,1.25,0.1381683349609375,0.07388183324130315,172.0,12.0,0.06417366,7.0,1.0,0.0,0.0,0.991717,0.832406,0.0,0.0,0.0,0.991717,1.25,0.991717,0.991717,0.1381683349609375,0.1381683349609375,0.1381683349609375,0.0,0.0,0.0,0.0,0.0,0.0,1.0,0.0,0.0,0.1,0.2,0.02,0.005,0.003,0.003,0.0991717,0.1664812,0.0,0.0,0.021,0.003,0.0
txt_004,Rendered text,2026,mask_fill_edgewalk_nearestrow_inset2_rows16_p40,line_text_skeleton,0.06417366,excellent,0.06417366,7,1,0.0,0,0.991717,0.832406,0.0,0.0,0.0,0,coverage,txt_004::coverage,0.35,0.05,0.02,0.005,0.003,0.003,1.0,0.0,0.0,1.0,1.0,1.0,0.0,1.0,0.0,1.0,2.0,0.0,0.0,0.0,16.0,40.0,0.0,0.0,0.0,0.0,0.0,0.0,0.0,0.0,0.0,0.0,1.0,1.25,0.1381683349609375,0.07388183324130315,172.0,12.0,0.06417366,7.0,1.0,0.0,0.0,0.991717,0.832406,0.0,0.0,0.0,0.991717,1.25,0.991717,0.991717,0.1381683349609375,0.1381683349609375,0.1381683349609375,0.0,0.0,0.0,0.0,0.0,0.0,0.0,1.0,0.0,0.35,0.05,0.02,0.005,0.003,0.003,0.34710094999999996,0.0416203,0.0,0.0,0.021,0.003,0.0
txt_004,Rendered text,2026,mask_fill_edgewalk_nearestrow_inset2_rows16_p40,line_text_skeleton,0.06417366,excellent,0.06417366,7,1,0.0,0,0.991717,0.832406,0.0,0.0,0.0,0,low_jump,txt_004::low_jump,0.1,0.05,0.02,0.005,0.03,0.02,1.0,0.0,0.0,1.0,1.0,1.0,0.0,1.0,0.0,1.0,2.0,0.0,0.0,0.0,16.0,40.0,0.0,0.0,0.0,0.0,0.0,0.0,0.0,0.0,0.0,0.0,1.0,1.25,0.1381683349609375,0.07388183324130315,172.0,12.0,0.06417366,7.0,1.0,0.0,0.0,0.991717,0.832406,0.0,0.0,0.0,0.991717,1.25,0.991717,0.991717,0.1381683349609375,0.1381683349609375,0.1381683349609375,0.0,0.0,0.0,0.0,0.0,0.0,0.0,0.0,1.0,0.1,0.05,0.02,0.005,0.03,0.02,0.0991717,0.0416203,0.0,0.0,0.21,0.02,0.0
txt_004,Rendered text,2026,mask_fill_edgewalk_nearestrow_rows16_p40,line_text_skeleton,0.0246597,excellent,0.0246597,3,0,0.0,0,1.0,0.709028,0.0,0.0,0.0,1,low_loss,txt_004::low_loss,0.0,0.0,0.0,0.0,0.0,0.0,1.0,0.0,0.0,1.0,1.0,1.0,1.0,0.0,0.0,0.0,0.0,0.0,0.0,0.0,16.0,40.0,0.0,0.0,0.0,0.0,0.0,0.0,0.0,0.0,0.0,0.0,1.0,1.25,0.1381683349609375,0.07388183324130315,172.0,12.0,0.0246597,3.0,0.0,0.0,0.0,1.0,0.709028,0.0,0.0,0.0,1.0,1.25,1.0,1.0,0.1381683349609375,0.0,0.0,0.0,0.0,0.0,0.0,1.0,0.0,0.0,0.0,0.0,0.0,0.0,0.0,0.0,0.0,0.0,0.0,0.0,0.0,0.0,0.0,0.0,0.0246597
txt_004,Rendered text,2026,mask_fill_edgewalk_nearestrow_rows16_p40,line_text_skeleton,0.0246597,excellent,0.0246597,3,0,0.0,0,1.0,0.709028,0.0,0.0,0.0,1,balanced,txt_004::balanced,0.1,0.05,0.02,0.005,0.003,0.003,1.0,0.0,0.0,1.0,1.0,1.0,1.0,0.0,0.0,0.0,0.0,0.0,0.0,0.0,16.0,40.0,0.0,0.0,0.0,0.0,0.0,0.0,0.0,0.0,0.0,0.0,1.0,1.25,0.1381683349609375,0.07388183324130315,172.0,12.0,0.0246597,3.0,0.0,0.0,0.0,1.0,0.709028,0.0,0.0,0.0,1.0,1.25,1.0,1.0,0.1381683349609375,0.0,0.0,0.0,0.0,0.0,0.0,0.0,1.0,0.0,0.0,0.0,0.1,0.05,0.02,0.005,0.003,0.003,0.1,0.0354514,0.0,0.0,0.009000000000000001,0.0,0.0
txt_004,Rendered text,2026,mask_fill_edgewalk_nearestrow_rows16_p40,line_text_skeleton,0.0246597,excellent,0.0246597,3,0,0.0,0,1.0,0.709028,0.0,0.0,0.0,1,precision,txt_004::precision,0.1,0.2,0.02,0.005,0.003,0.003,1.0,0.0,0.0,1.0,1.0,1.0,1.0,0.0,0.0,0.0,0.0,0.0,0.0,0.0,16.0,40.0,0.0,0.0,0.0,0.0,0.0,0.0,0.0,0.0,0.0,0.0,1.0,1.25,0.1381683349609375,0.07388183324130315,172.0,12.0,0.0246597,3.0,0.0,0.0,0.0,1.0,0.709028,0.0,0.0,0.0,1.0,1.25,1.0,1.0,0.1381683349609375,0.0,0.0,0.0,0.0,0.0,0.0,0.0,0.0,1.0,0.0,0.0,0.1,0.2,0.02,0.005,0.003,0.003,0.1,0.1418056,0.0,0.0,0.009000000000000001,0.0,0.0
txt_004,Rendered text,2026,mask_fill_edgewalk_nearestrow_rows16_p40,line_text_skeleton,0.0246597,excellent,0.0246597,3,0,0.0,0,1.0,0.709028,0.0,0.0,0.0,1,coverage,txt_004::coverage,0.35,0.05,0.02,0.005,0.003,0.003,1.0,0.0,0.0,1.0,1.0,1.0,1.0,0.0,0.0,0.0,0.0,0.0,0.0,0.0,16.0,40.0,0.0,0.0,0.0,0.0,0.0,0.0,0.0,0.0,0.0,0.0,1.0,1.25,0.1381683349609375,0.07388183324130315,172.0,12.0,0.0246597,3.0,0.0,0.0,0.0,1.0,0.709028,0.0,0.0,0.0,1.0,1.25,1.0,1.0,0.1381683349609375,0.0,0.0,0.0,0.0,0.0,0.0,0.0,0.0,0.0,1.0,0.0,0.35,0.05,0.02,0.005,0.003,0.003,0.35,0.0354514,0.0,0.0,0.009000000000000001,0.0,0.0
txt_004,Rendered text,2026,mask_fill_edgewalk_nearestrow_rows16_p40,line_text_skeleton,0.0246597,excellent,0.0246597,3,0,0.0,0,1.0,0.709028,0.0,0.0,0.0,1,low_jump,txt_004::low_jump,0.1,0.05,0.02,0.005,0.03,0.02,1.0,0.0,0.0,1.0,1.0,1.0,1.0,0.0,0.0,0.0,0.0,0.0,0.0,0.0,16.0,40.0,0.0,0.0,0.0,0.0,0.0,0.0,0.0,0.0,0.0,0.0,1.0,1.25,0.1381683349609375,0.07388183324130315,172.0,12.0,0.0246597,3.0,0.0,0.0,0.0,1.0,0.709028,0.0,0.0,0.0,1.0,1.25,1.0,1.0,0.1381683349609375,0.0,0.0,0.0,0.0,0.0,0.0,0.0,0.0,0.0,0.0,1.0,0.1,0.05,0.02,0.005,0.03,0.02,0.1,0.0354514,0.0,0.0,0.09,0.0,0.0
txt_004,Rendered text,2026,mask_fill_edgewalk_rows16_p40,line_text_skeleton,0.31538673,hard_fail,0.27081188,50,9,0.0,0,1.0,0.669501,0.0,0.030499,0.04,0,low_loss,txt_004::low_loss,0.0,0.0,0.0,0.0,0.0,0.0,1.0,0.0,0.0,1.0,1.0,0.0,0.0,0.0,0.0,0.0,0.0,0.0,0.0,0.0,16.0,40.0,0.0,0.0,0.0,0.0,0.0,0.0,0.0,0.0,0.0,0.0,1.0,1.25,0.1381683349609375,0.07388183324130315,172.0,12.0,0.27081188,50.0,9.0,0.0,0.0,1.0,0.669501,0.0,0.0,0.0,1.0,1.25,1.0,0.0,0.0,0.0,0.0,0.0,0.0,0.0,0.0,1.0,0.0,0.0,0.0,0.0,0.0,0.0,0.0,0.0,0.0,0.0,0.0,0.0,0.0,0.0,0.0,0.0,0.27081188
txt_004,Rendered text,2026,mask_fill_edgewalk_rows16_p40,line_text_skeleton,0.31538673,hard_fail,0.27081188,50,9,0.0,0,1.0,0.669501,0.0,0.030499,0.04,0,balanced,txt_004::balanced,0.1,0.05,0.02,0.005,0.003,0.003,1.0,0.0,0.0,1.0,1.0,0.0,0.0,0.0,0.0,0.0,0.0,0.0,0.0,0.0,16.0,40.0,0.0,0.0,0.0,0.0,0.0,0.0,0.0,0.0,0.0,0.0,1.0,1.25,0.1381683349609375,0.07388183324130315,172.0,12.0,0.27081188,50.0,9.0,0.0,0.0,1.0,0.669501,0.0,0.0,0.0,1.0,1.25,1.0,0.0,0.0,0.0,0.0,0.0,0.0,0.0,0.0,0.0,1.0,0.0,0.0,0.0,0.1,0.05,0.02,0.005,0.003,0.003,0.1,0.03347505,0.0,0.0,0.15,0.027,0.0
txt_004,Rendered text,2026,mask_fill_edgewalk_rows16_p40,line_text_skeleton,0.31538673,hard_fail,0.27081188,50,9,0.0,0,1.0,0.669501,0.0,0.030499,0.04,0,precision,txt_004::precision,0.1,0.2,0.02,0.005,0.003,0.003,1.0,0.0,0.0,1.0,1.0,0.0,0.0,0.0,0.0,0.0,0.0,0.0,0.0,0.0,16.0,40.0,0.0,0.0,0.0,0.0,0.0,0.0,0.0,0.0,0.0,0.0,1.0,1.25,0.1381683349609375,0.07388183324130315,172.0,12.0,0.27081188,50.0,9.0,0.0,0.0,1.0,0.669501,0.0,0.0,0.0,1.0,1.25,1.0,0.0,0.0,0.0,0.0,0.0,0.0,0.0,0.0,0.0,0.0,1.0,0.0,0.0,0.1,0.2,0.02,0.005,0.003,0.003,0.1,0.1339002,0.0,0.0,0.15,0.027,0.0
txt_004,Rendered text,2026,mask_fill_edgewalk_rows16_p40,line_text_skeleton,0.31538673,hard_fail,0.27081188,50,9,0.0,0,1.0,0.669501,0.0,0.030499,0.04,0,coverage,txt_004::coverage,0.35,0.05,0.02,0.005,0.003,0.003,1.0,0.0,0.0,1.0,1.0,0.0,0.0,0.0,0.0,0.0,0.0,0.0,0.0,0.0,16.0,40.0,0.0,0.0,0.0,0.0,0.0,0.0,0.0,0.0,0.0,0.0,1.0,1.25,0.1381683349609375,0.07388183324130315,172.0,12.0,0.27081188,50.0,9.0,0.0,0.0,1.0,0.669501,0.0,0.0,0.0,1.0,1.25,1.0,0.0,0.0,0.0,0.0,0.0,0.0,0.0,0.0,0.0,0.0,0.0,1.0,0.0,0.35,0.05,0.02,0.005,0.003,0.003,0.35,0.03347505,0.0,0.0,0.15,0.027,0.0
txt_004,Rendered text,2026,mask_fill_edgewalk_rows16_p40,line_text_skeleton,0.31538673,hard_fail,0.27081188,50,9,0.0,0,1.0,0.669501,0.0,0.030499,0.04,0,low_jump,txt_004::low_jump,0.1,0.05,0.02,0.005,0.03,0.02,1.0,0.0,0.0,1.0,1.0,0.0,0.0,0.0,0.0,0.0,0.0,0.0,0.0,0.0,16.0,40.0,0.0,0.0,0.0,0.0,0.0,0.0,0.0,0.0,0.0,0.0,1.0,1.25,0.1381683349609375,0.07388183324130315,172.0,12.0,0.27081188,50.0,9.0,0.0,0.0,1.0,0.669501,0.0,0.0,0.0,1.0,1.25,1.0,0.0,0.0,0.0,0.0,0.0,0.0,0.0,0.0,0.0,0.0,0.0,0.0,1.0,0.1,0.05,0.02,0.005,0.03,0.02,0.1,0.03347505,0.0,0.0,1.5,0.18,0.0
txt_004,Rendered text,2026,auto_evalrepair_r10_c20,line_text_skeleton,0.08885311,excellent,0.08885311,10,1,0.0,0,0.651574,0.912042,0.0,0.0,0.0,0,low_loss,txt_004::low_loss,0.0,0.0,0.0,0.0,0.0,0.0,1.0,0.0,1.0,0.0,0.0,0.0,0.0,0.0,0.0,0.0,0.0,0.0,0.0,0.0,0.0,0.0,0.0,0.0,0.0,0.0,0.0,0.0,0.0,0.0,0.0,0.0,1.0,1.25,0.1381683349609375,0.07388183324130315,172.0,12.0,0.08885311,10.0,1.0,0.0,0.0,0.651574,0.912042,0.0,0.0,0.651574,0.0,0.0,0.0,0.0,0.0,0.0,0.0,0.0,0.0,0.0,0.0,1.0,0.0,0.0,0.0,0.0,0.0,0.0,0.0,0.0,0.0,0.0,0.0,0.0,0.0,0.0,0.0,0.0,0.08885311
txt_004,Rendered text,2026,auto_evalrepair_r10_c20,line_text_skeleton,0.08885311,excellent,0.08885311,10,1,0.0,0,0.651574,0.912042,0.0,0.0,0.0,0,balanced,txt_004::balanced,0.1,0.05,0.02,0.005,0.003,0.003,1.0,0.0,1.0,0.0,0.0,0.0,0.0,0.0,0.0,0.0,0.0,0.0,0.0,0.0,0.0,0.0,0.0,0.0,0.0,0.0,0.0,0.0,0.0,0.0,0.0,0.0,1.0,1.25,0.1381683349609375,0.07388183324130315,172.0,12.0,0.08885311,10.0,1.0,0.0,0.0,0.651574,0.912042,0.0,0.0,0.651574,0.0,0.0,0.0,0.0,0.0,0.0,0.0,0.0,0.0,0.0,0.0,0.0,1.0,0.0,0.0,0.0,0.1,0.05,0.02,0.005,0.003,0.003,0.0651574,0.045602100000000007,0.0,0.0,0.03,0.003,0.0
txt_004,Rendered text,2026,auto_evalrepair_r10_c20,line_text_skeleton,0.08885311,excellent,0.08885311,10,1,0.0,0,0.651574,0.912042,0.0,0.0,0.0,0,precision,txt_004::precision,0.1,0.2,0.02,0.005,0.003,0.003,1.0,0.0,1.0,0.0,0.0,0.0,0.0,0.0,0.0,0.0,0.0,0.0,0.0,0.0,0.0,0.0,0.0,0.0,0.0,0.0,0.0,0.0,0.0,0.0,0.0,0.0,1.0,1.25,0.1381683349609375,0.07388183324130315,172.0,12.0,0.08885311,10.0,1.0,0.0,0.0,0.651574,0.912042,0.0,0.0,0.651574,0.0,0.0,0.0,0.0,0.0,0.0,0.0,0.0,0.0,0.0,0.0,0.0,0.0,1.0,0.0,0.0,0.1,0.2,0.02,0.005,0.003,0.003,0.0651574,0.18240840000000003,0.0,0.0,0.03,0.003,0.0
txt_004,Rendered text,2026,auto_evalrepair_r10_c20,line_text_skeleton,0.08885311,excellent,0.08885311,10,1,0.0,0,0.651574,0.912042,0.0,0.0,0.0,0,coverage,txt_004::coverage,0.35,0.05,0.02,0.005,0.003,0.003,1.0,0.0,1.0,0.0,0.0,0.0,0.0,0.0,0.0,0.0,0.0,0.0,0.0,0.0,0.0,0.0,0.0,0.0,0.0,0.0,0.0,0.0,0.0,0.0,0.0,0.0,1.0,1.25,0.1381683349609375,0.07388183324130315,172.0,12.0,0.08885311,10.0,1.0,0.0,0.0,0.651574,0.912042,0.0,0.0,0.651574,0.0,0.0,0.0,0.0,0.0,0.0,0.0,0.0,0.0,0.0,0.0,0.0,0.0,0.0,1.0,0.0,0.35,0.05,0.02,0.005,0.003,0.003,0.22805089999999997,0.045602100000000007,0.0,0.0,0.03,0.003,0.0
txt_004,Rendered text,2026,auto_evalrepair_r10_c20,line_text_skeleton,0.08885311,excellent,0.08885311,10,1,0.0,0,0.651574,0.912042,0.0,0.0,0.0,0,low_jump,txt_004::low_jump,0.1,0.05,0.02,0.005,0.03,0.02,1.0,0.0,1.0,0.0,0.0,0.0,0.0,0.0,0.0,0.0,0.0,0.0,0.0,0.0,0.0,0.0,0.0,0.0,0.0,0.0,0.0,0.0,0.0,0.0,0.0,0.0,1.0,1.25,0.1381683349609375,0.07388183324130315,172.0,12.0,0.08885311,10.0,1.0,0.0,0.0,0.651574,0.912042,0.0,0.0,0.651574,0.0,0.0,0.0,0.0,0.0,0.0,0.0,0.0,0.0,0.0,0.0,0.0,0.0,0.0,0.0,1.0,0.1,0.05,0.02,0.005,0.03,0.02,0.0651574,0.045602100000000007,0.0,0.0,0.3,0.02,0.0
txt_004,Rendered text,2026,skeleton_c30_m20,line_text_skeleton,0.10257221,excellent,0.10257221,10,1,0.6096,0,0.619658,0.933455,0.0,0.0,0.0,0,low_loss,txt_004::low_loss,0.0,0.0,0.0,0.0,0.0,0.0,1.0,1.0,0.0,0.0,0.0,0.0,0.0,0.0,0.0,0.0,0.0,0.0,0.0,0.0,0.0,0.0,0.0,0.0,0.0,0.0,0.0,0.0,0.0,0.0,0.0,0.0,1.0,1.25,0.1381683349609375,0.07388183324130315,172.0,12.0,0.10257221,10.0,1.0,0.6096,0.0,0.619658,0.933455,1.25,0.619658,0.0,0.0,0.0,0.0,0.0,0.0,0.0,0.0,0.0,0.0,0.0,0.0,1.0,0.0,0.0,0.0,0.0,0.0,0.0,0.0,0.0,0.0,0.0,0.0,0.0,0.0,0.0,0.0,0.0,0.10257221
txt_004,Rendered text,2026,skeleton_c30_m20,line_text_skeleton,0.10257221,excellent,0.10257221,10,1,0.6096,0,0.619658,0.933455,0.0,0.0,0.0,0,balanced,txt_004::balanced,0.1,0.05,0.02,0.005,0.003,0.003,1.0,1.0,0.0,0.0,0.0,0.0,0.0,0.0,0.0,0.0,0.0,0.0,0.0,0.0,0.0,0.0,0.0,0.0,0.0,0.0,0.0,0.0,0.0,0.0,0.0,0.0,1.0,1.25,0.1381683349609375,0.07388183324130315,172.0,12.0,0.10257221,10.0,1.0,0.6096,0.0,0.619658,0.933455,1.25,0.619658,0.0,0.0,0.0,0.0,0.0,0.0,0.0,0.0,0.0,0.0,0.0,0.0,0.0,1.0,0.0,0.0,0.0,0.1,0.05,0.02,0.005,0.003,0.003,0.06196580000000001,0.046672750000000006,0.012192000000000001,0.0,0.03,0.003,0.0
txt_004,Rendered text,2026,skeleton_c30_m20,line_text_skeleton,0.10257221,excellent,0.10257221,10,1,0.6096,0,0.619658,0.933455,0.0,0.0,0.0,0,precision,txt_004::precision,0.1,0.2,0.02,0.005,0.003,0.003,1.0,1.0,0.0,0.0,0.0,0.0,0.0,0.0,0.0,0.0,0.0,0.0,0.0,0.0,0.0,0.0,0.0,0.0,0.0,0.0,0.0,0.0,0.0,0.0,0.0,0.0,1.0,1.25,0.1381683349609375,0.07388183324130315,172.0,12.0,0.10257221,10.0,1.0,0.6096,0.0,0.619658,0.933455,1.25,0.619658,0.0,0.0,0.0,0.0,0.0,0.0,0.0,0.0,0.0,0.0,0.0,0.0,0.0,0.0,1.0,0.0,0.0,0.1,0.2,0.02,0.005,0.003,0.003,0.06196580000000001,0.18669100000000002,0.012192000000000001,0.0,0.03,0.003,0.0
txt_004,Rendered text,2026,skeleton_c30_m20,line_text_skeleton,0.10257221,excellent,0.10257221,10,1,0.6096,0,0.619658,0.933455,0.0,0.0,0.0,0,coverage,txt_004::coverage,0.35,0.05,0.02,0.005,0.003,0.003,1.0,1.0,0.0,0.0,0.0,0.0,0.0,0.0,0.0,0.0,0.0,0.0,0.0,0.0,0.0,0.0,0.0,0.0,0.0,0.0,0.0,0.0,0.0,0.0,0.0,0.0,1.0,1.25,0.1381683349609375,0.07388183324130315,172.0,12.0,0.10257221,10.0,1.0,0.6096,0.0,0.619658,0.933455,1.25,0.619658,0.0,0.0,0.0,0.0,0.0,0.0,0.0,0.0,0.0,0.0,0.0,0.0,0.0,0.0,0.0,1.0,0.0,0.35,0.05,0.02,0.005,0.003,0.003,0.2168803,0.046672750000000006,0.012192000000000001,0.0,0.03,0.003,0.0
txt_004,Rendered text,2026,skeleton_c30_m20,line_text_skeleton,0.10257221,excellent,0.10257221,10,1,0.6096,0,0.619658,0.933455,0.0,0.0,0.0,0,low_jump,txt_004::low_jump,0.1,0.05,0.02,0.005,0.03,0.02,1.0,1.0,0.0,0.0,0.0,0.0,0.0,0.0,0.0,0.0,0.0,0.0,0.0,0.0,0.0,0.0,0.0,0.0,0.0,0.0,0.0,0.0,0.0,0.0,0.0,0.0,1.0,1.25,0.1381683349609375,0.07388183324130315,172.0,12.0,0.10257221,10.0,1.0,0.6096,0.0,0.619658,0.933455,1.25,0.619658,0.0,0.0,0.0,0.0,0.0,0.0,0.0,0.0,0.0,0.0,0.0,0.0,0.0,0.0,0.0,0.0,1.0,0.1,0.05,0.02,0.005,0.03,0.02,0.06196580000000001,0.046672750000000006,0.012192000000000001,0.0,0.3,0.02,0.0
txt_004,Rendered text,2026,skeleton_c30_m4,line_text_skeleton,0.08885311,excellent,0.08885311,10,1,0.0,0,0.651574,0.912042,0.0,0.0,0.0,0,low_loss,txt_004::low_loss,0.0,0.0,0.0,0.0,0.0,0.0,1.0,1.0,0.0,0.0,0.0,0.0,0.0,0.0,0.0,0.0,0.0,0.0,0.0,0.0,0.0,0.0,0.0,0.0,0.0,0.0,0.0,0.0,0.0,0.0,0.0,0.0,1.0,1.25,0.1381683349609375,0.07388183324130315,172.0,12.0,0.08885311,10.0,1.0,0.0,0.0,0.651574,0.912042,1.25,0.651574,0.0,0.0,0.0,0.0,0.0,0.0,0.0,0.0,0.0,0.0,0.0,0.0,1.0,0.0,0.0,0.0,0.0,0.0,0.0,0.0,0.0,0.0,0.0,0.0,0.0,0.0,0.0,0.0,0.0,0.08885311
txt_004,Rendered text,2026,skeleton_c30_m4,line_text_skeleton,0.08885311,excellent,0.08885311,10,1,0.0,0,0.651574,0.912042,0.0,0.0,0.0,0,balanced,txt_004::balanced,0.1,0.05,0.02,0.005,0.003,0.003,1.0,1.0,0.0,0.0,0.0,0.0,0.0,0.0,0.0,0.0,0.0,0.0,0.0,0.0,0.0,0.0,0.0,0.0,0.0,0.0,0.0,0.0,0.0,0.0,0.0,0.0,1.0,1.25,0.1381683349609375,0.07388183324130315,172.0,12.0,0.08885311,10.0,1.0,0.0,0.0,0.651574,0.912042,1.25,0.651574,0.0,0.0,0.0,0.0,0.0,0.0,0.0,0.0,0.0,0.0,0.0,0.0,0.0,1.0,0.0,0.0,0.0,0.1,0.05,0.02,0.005,0.003,0.003,0.0651574,0.045602100000000007,0.0,0.0,0.03,0.003,0.0
txt_004,Rendered text,2026,skeleton_c30_m4,line_text_skeleton,0.08885311,excellent,0.08885311,10,1,0.0,0,0.651574,0.912042,0.0,0.0,0.0,0,precision,txt_004::precision,0.1,0.2,0.02,0.005,0.003,0.003,1.0,1.0,0.0,0.0,0.0,0.0,0.0,0.0,0.0,0.0,0.0,0.0,0.0,0.0,0.0,0.0,0.0,0.0,0.0,0.0,0.0,0.0,0.0,0.0,0.0,0.0,1.0,1.25,0.1381683349609375,0.07388183324130315,172.0,12.0,0.08885311,10.0,1.0,0.0,0.0,0.651574,0.912042,1.25,0.651574,0.0,0.0,0.0,0.0,0.0,0.0,0.0,0.0,0.0,0.0,0.0,0.0,0.0,0.0,1.0,0.0,0.0,0.1,0.2,0.02,0.005,0.003,0.003,0.0651574,0.18240840000000003,0.0,0.0,0.03,0.003,0.0
txt_004,Rendered text,2026,skeleton_c30_m4,line_text_skeleton,0.08885311,excellent,0.08885311,10,1,0.0,0,0.651574,0.912042,0.0,0.0,0.0,0,coverage,txt_004::coverage,0.35,0.05,0.02,0.005,0.003,0.003,1.0,1.0,0.0,0.0,0.0,0.0,0.0,0.0,0.0,0.0,0.0,0.0,0.0,0.0,0.0,0.0,0.0,0.0,0.0,0.0,0.0,0.0,0.0,0.0,0.0,0.0,1.0,1.25,0.1381683349609375,0.07388183324130315,172.0,12.0,0.08885311,10.0,1.0,0.0,0.0,0.651574,0.912042,1.25,0.651574,0.0,0.0,0.0,0.0,0.0,0.0,0.0,0.0,0.0,0.0,0.0,0.0,0.0,0.0,0.0,1.0,0.0,0.35,0.05,0.02,0.005,0.003,0.003,0.22805089999999997,0.045602100000000007,0.0,0.0,0.03,0.003,0.0
txt_004,Rendered text,2026,skeleton_c30_m4,line_text_skeleton,0.08885311,excellent,0.08885311,10,1,0.0,0,0.651574,0.912042,0.0,0.0,0.0,0,low_jump,txt_004::low_jump,0.1,0.05,0.02,0.005,0.03,0.02,1.0,1.0,0.0,0.0,0.0,0.0,0.0,0.0,0.0,0.0,0.0,0.0,0.0,0.0,0.0,0.0,0.0,0.0,0.0,0.0,0.0,0.0,0.0,0.0,0.0,0.0,1.0,1.25,0.1381683349609375,0.07388183324130315,172.0,12.0,0.08885311,10.0,1.0,0.0,0.0,0.651574,0.912042,1.25,0.651574,0.0,0.0,0.0,0.0,0.0,0.0,0.0,0.0,0.0,0.0,0.0,0.0,0.0,0.0,0.0,0.0,1.0,0.1,0.05,0.02,0.005,0.03,0.02,0.0651574,0.045602100000000007,0.0,0.0,0.3,0.02,0.0
txt_004,Rendered text,2026,mask_fill_edgewalk_nearestrow_safeadt_t2m5_r055_a64_rows16_p40,line_text_skeleton,0.03931141,excellent,0.02466871,3,0,0.0,0,1.0,0.602382,0.0,0.097618,0.0,0,low_loss,txt_004::low_loss,0.0,0.0,0.0,0.0,0.0,0.0,1.0,0.0,0.0,1.0,1.0,1.0,1.0,0.0,0.0,0.0,0.0,0.0,0.0,0.0,16.0,40.0,0.0,0.0,0.0,0.0,0.0,0.0,0.0,0.0,0.0,0.0,1.0,1.25,0.1381683349609375,0.07388183324130315,172.0,12.0,0.02466871,3.0,0.0,0.0,0.0,1.0,0.602382,0.0,0.0,0.0,1.0,1.25,1.0,1.0,0.1381683349609375,0.0,0.0,0.0,0.0,0.0,0.0,1.0,0.0,0.0,0.0,0.0,0.0,0.0,0.0,0.0,0.0,0.0,0.0,0.0,0.0,0.0,0.0,0.0,0.02466871
txt_004,Rendered text,2026,mask_fill_edgewalk_nearestrow_safeadt_t2m5_r055_a64_rows16_p40,line_text_skeleton,0.03931141,excellent,0.02466871,3,0,0.0,0,1.0,0.602382,0.0,0.097618,0.0,0,balanced,txt_004::balanced,0.1,0.05,0.02,0.005,0.003,0.003,1.0,0.0,0.0,1.0,1.0,1.0,1.0,0.0,0.0,0.0,0.0,0.0,0.0,0.0,16.0,40.0,0.0,0.0,0.0,0.0,0.0,0.0,0.0,0.0,0.0,0.0,1.0,1.25,0.1381683349609375,0.07388183324130315,172.0,12.0,0.02466871,3.0,0.0,0.0,0.0,1.0,0.602382,0.0,0.0,0.0,1.0,1.25,1.0,1.0,0.1381683349609375,0.0,0.0,0.0,0.0,0.0,0.0,0.0,1.0,0.0,0.0,0.0,0.1,0.05,0.02,0.005,0.003,0.003,0.1,0.0301191,0.0,0.0,0.009000000000000001,0.0,0.0
txt_004,Rendered text,2026,mask_fill_edgewalk_nearestrow_safeadt_t2m5_r055_a64_rows16_p40,line_text_skeleton,0.03931141,excellent,0.02466871,3,0,0.0,0,1.0,0.602382,0.0,0.097618,0.0,0,precision,txt_004::precision,0.1,0.2,0.02,0.005,0.003,0.003,1.0,0.0,0.0,1.0,1.0,1.0,1.0,0.0,0.0,0.0,0.0,0.0,0.0,0.0,16.0,40.0,0.0,0.0,0.0,0.0,0.0,0.0,0.0,0.0,0.0,0.0,1.0,1.25,0.1381683349609375,0.07388183324130315,172.0,12.0,0.02466871,3.0,0.0,0.0,0.0,1.0,0.602382,0.0,0.0,0.0,1.0,1.25,1.0,1.0,0.1381683349609375,0.0,0.0,0.0,0.0,0.0,0.0,0.0,0.0,1.0,0.0,0.0,0.1,0.2,0.02,0.005,0.003,0.003,0.1,0.1204764,0.0,0.0,0.009000000000000001,0.0,0.0
txt_004,Rendered text,2026,mask_fill_edgewalk_nearestrow_safeadt_t2m5_r055_a64_rows16_p40,line_text_skeleton,0.03931141,excellent,0.02466871,3,0,0.0,0,1.0,0.602382,0.0,0.097618,0.0,0,coverage,txt_004::coverage,0.35,0.05,0.02,0.005,0.003,0.003,1.0,0.0,0.0,1.0,1.0,1.0,1.0,0.0,0.0,0.0,0.0,0.0,0.0,0.0,16.0,40.0,0.0,0.0,0.0,0.0,0.0,0.0,0.0,0.0,0.0,0.0,1.0,1.25,0.1381683349609375,0.07388183324130315,172.0,12.0,0.02466871,3.0,0.0,0.0,0.0,1.0,0.602382,0.0,0.0,0.0,1.0,1.25,1.0,1.0,0.1381683349609375,0.0,0.0,0.0,0.0,0.0,0.0,0.0,0.0,0.0,1.0,0.0,0.35,0.05,0.02,0.005,0.003,0.003,0.35,0.0301191,0.0,0.0,0.009000000000000001,0.0,0.0
txt_004,Rendered text,2026,mask_fill_edgewalk_nearestrow_safeadt_t2m5_r055_a64_rows16_p40,line_text_skeleton,0.03931141,excellent,0.02466871,3,0,0.0,0,1.0,0.602382,0.0,0.097618,0.0,0,low_jump,txt_004::low_jump,0.1,0.05,0.02,0.005,0.03,0.02,1.0,0.0,0.0,1.0,1.0,1.0,1.0,0.0,0.0,0.0,0.0,0.0,0.0,0.0,16.0,40.0,0.0,0.0,0.0,0.0,0.0,0.0,0.0,0.0,0.0,0.0,1.0,1.25,0.1381683349609375,0.07388183324130315,172.0,12.0,0.02466871,3.0,0.0,0.0,0.0,1.0,0.602382,0.0,0.0,0.0,1.0,1.25,1.0,1.0,0.1381683349609375,0.0,0.0,0.0,0.0,0.0,0.0,0.0,0.0,0.0,0.0,1.0,0.1,0.05,0.02,0.005,0.03,0.02,0.1,0.0301191,0.0,0.0,0.09,0.0,0.0
txt_005,Rendered text,HELLO,mask_fill_edgewalk_nearestrow_inset1_rows16_p40,line_text_skeleton,0.13440787,pass,0.13440787,14,3,0.0,0,0.982422,0.765375,0.0,0.0,0.0,0,low_loss,txt_005::low_loss,0.0,0.0,0.0,0.0,0.0,0.0,1.0,0.0,0.0,1.0,1.0,1.0,0.0,1.0,1.0,0.0,1.0,0.0,0.0,0.0,16.0,40.0,0.0,0.0,0.0,0.0,0.0,0.0,0.0,0.0,0.0,0.0,1.0,1.25,0.1432342529296875,0.07947160967295196,170.0,10.0,0.13440787,14.0,3.0,0.0,0.0,0.982422,0.765375,0.0,0.0,0.0,0.982422,1.25,0.982422,0.982422,0.1432342529296875,0.1432342529296875,0.0,0.0,0.0,0.0,0.0,1.0,0.0,0.0,0.0,0.0,0.0,0.0,0.0,0.0,0.0,0.0,0.0,0.0,0.0,0.0,0.0,0.0,0.13440787
txt_005,Rendered text,HELLO,mask_fill_edgewalk_nearestrow_inset1_rows16_p40,line_text_skeleton,0.13440787,pass,0.13440787,14,3,0.0,0,0.982422,0.765375,0.0,0.0,0.0,0,balanced,txt_005::balanced,0.1,0.05,0.02,0.005,0.003,0.003,1.0,0.0,0.0,1.0,1.0,1.0,0.0,1.0,1.0,0.0,1.0,0.0,0.0,0.0,16.0,40.0,0.0,0.0,0.0,0.0,0.0,0.0,0.0,0.0,0.0,0.0,1.0,1.25,0.1432342529296875,0.07947160967295196,170.0,10.0,0.13440787,14.0,3.0,0.0,0.0,0.982422,0.765375,0.0,0.0,0.0,0.982422,1.25,0.982422,0.982422,0.1432342529296875,0.1432342529296875,0.0,0.0,0.0,0.0,0.0,0.0,1.0,0.0,0.0,0.0,0.1,0.05,0.02,0.005,0.003,0.003,0.0982422,0.038268750000000004,0.0,0.0,0.042,0.009000000000000001,0.0
txt_005,Rendered text,HELLO,mask_fill_edgewalk_nearestrow_inset1_rows16_p40,line_text_skeleton,0.13440787,pass,0.13440787,14,3,0.0,0,0.982422,0.765375,0.0,0.0,0.0,0,precision,txt_005::precision,0.1,0.2,0.02,0.005,0.003,0.003,1.0,0.0,0.0,1.0,1.0,1.0,0.0,1.0,1.0,0.0,1.0,0.0,0.0,0.0,16.0,40.0,0.0,0.0,0.0,0.0,0.0,0.0,0.0,0.0,0.0,0.0,1.0,1.25,0.1432342529296875,0.07947160967295196,170.0,10.0,0.13440787,14.0,3.0,0.0,0.0,0.982422,0.765375,0.0,0.0,0.0,0.982422,1.25,0.982422,0.982422,0.1432342529296875,0.1432342529296875,0.0,0.0,0.0,0.0,0.0,0.0,0.0,1.0,0.0,0.0,0.1,0.2,0.02,0.005,0.003,0.003,0.0982422,0.15307500000000002,0.0,0.0,0.042,0.009000000000000001,0.0
txt_005,Rendered text,HELLO,mask_fill_edgewalk_nearestrow_inset1_rows16_p40,line_text_skeleton,0.13440787,pass,0.13440787,14,3,0.0,0,0.982422,0.765375,0.0,0.0,0.0,0,coverage,txt_005::coverage,0.35,0.05,0.02,0.005,0.003,0.003,1.0,0.0,0.0,1.0,1.0,1.0,0.0,1.0,1.0,0.0,1.0,0.0,0.0,0.0,16.0,40.0,0.0,0.0,0.0,0.0,0.0,0.0,0.0,0.0,0.0,0.0,1.0,1.25,0.1432342529296875,0.07947160967295196,170.0,10.0,0.13440787,14.0,3.0,0.0,0.0,0.982422,0.765375,0.0,0.0,0.0,0.982422,1.25,0.982422,0.982422,0.1432342529296875,0.1432342529296875,0.0,0.0,0.0,0.0,0.0,0.0,0.0,0.0,1.0,0.0,0.35,0.05,0.02,0.005,0.003,0.003,0.3438477,0.038268750000000004,0.0,0.0,0.042,0.009000000000000001,0.0
txt_005,Rendered text,HELLO,mask_fill_edgewalk_nearestrow_inset1_rows16_p40,line_text_skeleton,0.13440787,pass,0.13440787,14,3,0.0,0,0.982422,0.765375,0.0,0.0,0.0,0,low_jump,txt_005::low_jump,0.1,0.05,0.02,0.005,0.03,0.02,1.0,0.0,0.0,1.0,1.0,1.0,0.0,1.0,1.0,0.0,1.0,0.0,0.0,0.0,16.0,40.0,0.0,0.0,0.0,0.0,0.0,0.0,0.0,0.0,0.0,0.0,1.0,1.25,0.1432342529296875,0.07947160967295196,170.0,10.0,0.13440787,14.0,3.0,0.0,0.0,0.982422,0.765375,0.0,0.0,0.0,0.982422,1.25,0.982422,0.982422,0.1432342529296875,0.1432342529296875,0.0,0.0,0.0,0.0,0.0,0.0,0.0,0.0,0.0,1.0,0.1,0.05,0.02,0.005,0.03,0.02,0.0982422,0.038268750000000004,0.0,0.0,0.42,0.06,0.0
txt_005,Rendered text,HELLO,mask_fill_edgewalk_nearestrow_inset2_rows16_p40,line_text_skeleton,0.14271031,pass,0.14271031,15,3,0.0,0,0.985405,0.821273,0.0,0.0,0.0,0,low_loss,txt_005::low_loss,0.0,0.0,0.0,0.0,0.0,0.0,1.0,0.0,0.0,1.0,1.0,1.0,0.0,1.0,0.0,1.0,2.0,0.0,0.0,0.0,16.0,40.0,0.0,0.0,0.0,0.0,0.0,0.0,0.0,0.0,0.0,0.0,1.0,1.25,0.1432342529296875,0.07947160967295196,170.0,10.0,0.14271031,15.0,3.0,0.0,0.0,0.985405,0.821273,0.0,0.0,0.0,0.985405,1.25,0.985405,0.985405,0.1432342529296875,0.1432342529296875,0.1432342529296875,0.0,0.0,0.0,0.0,1.0,0.0,0.0,0.0,0.0,0.0,0.0,0.0,0.0,0.0,0.0,0.0,0.0,0.0,0.0,0.0,0.0,0.14271031
txt_005,Rendered text,HELLO,mask_fill_edgewalk_nearestrow_inset2_rows16_p40,line_text_skeleton,0.14271031,pass,0.14271031,15,3,0.0,0,0.985405,0.821273,0.0,0.0,0.0,0,balanced,txt_005::balanced,0.1,0.05,0.02,0.005,0.003,0.003,1.0,0.0,0.0,1.0,1.0,1.0,0.0,1.0,0.0,1.0,2.0,0.0,0.0,0.0,16.0,40.0,0.0,0.0,0.0,0.0,0.0,0.0,0.0,0.0,0.0,0.0,1.0,1.25,0.1432342529296875,0.07947160967295196,170.0,10.0,0.14271031,15.0,3.0,0.0,0.0,0.985405,0.821273,0.0,0.0,0.0,0.985405,1.25,0.985405,0.985405,0.1432342529296875,0.1432342529296875,0.1432342529296875,0.0,0.0,0.0,0.0,0.0,1.0,0.0,0.0,0.0,0.1,0.05,0.02,0.005,0.003,0.003,0.0985405,0.04106365000000001,0.0,0.0,0.045,0.009000000000000001,0.0
txt_005,Rendered text,HELLO,mask_fill_edgewalk_nearestrow_inset2_rows16_p40,line_text_skeleton,0.14271031,pass,0.14271031,15,3,0.0,0,0.985405,0.821273,0.0,0.0,0.0,0,precision,txt_005::precision,0.1,0.2,0.02,0.005,0.003,0.003,1.0,0.0,0.0,1.0,1.0,1.0,0.0,1.0,0.0,1.0,2.0,0.0,0.0,0.0,16.0,40.0,0.0,0.0,0.0,0.0,0.0,0.0,0.0,0.0,0.0,0.0,1.0,1.25,0.1432342529296875,0.07947160967295196,170.0,10.0,0.14271031,15.0,3.0,0.0,0.0,0.985405,0.821273,0.0,0.0,0.0,0.985405,1.25,0.985405,0.985405,0.1432342529296875,0.1432342529296875,0.1432342529296875,0.0,0.0,0.0,0.0,0.0,0.0,1.0,0.0,0.0,0.1,0.2,0.02,0.005,0.003,0.003,0.0985405,0.16425460000000003,0.0,0.0,0.045,0.009000000000000001,0.0
txt_005,Rendered text,HELLO,mask_fill_edgewalk_nearestrow_inset2_rows16_p40,line_text_skeleton,0.14271031,pass,0.14271031,15,3,0.0,0,0.985405,0.821273,0.0,0.0,0.0,0,coverage,txt_005::coverage,0.35,0.05,0.02,0.005,0.003,0.003,1.0,0.0,0.0,1.0,1.0,1.0,0.0,1.0,0.0,1.0,2.0,0.0,0.0,0.0,16.0,40.0,0.0,0.0,0.0,0.0,0.0,0.0,0.0,0.0,0.0,0.0,1.0,1.25,0.1432342529296875,0.07947160967295196,170.0,10.0,0.14271031,15.0,3.0,0.0,0.0,0.985405,0.821273,0.0,0.0,0.0,0.985405,1.25,0.985405,0.985405,0.1432342529296875,0.1432342529296875,0.1432342529296875,0.0,0.0,0.0,0.0,0.0,0.0,0.0,1.0,0.0,0.35,0.05,0.02,0.005,0.003,0.003,0.34489175,0.04106365000000001,0.0,0.0,0.045,0.009000000000000001,0.0
txt_005,Rendered text,HELLO,mask_fill_edgewalk_nearestrow_inset2_rows16_p40,line_text_skeleton,0.14271031,pass,0.14271031,15,3,0.0,0,0.985405,0.821273,0.0,0.0,0.0,0,low_jump,txt_005::low_jump,0.1,0.05,0.02,0.005,0.03,0.02,1.0,0.0,0.0,1.0,1.0,1.0,0.0,1.0,0.0,1.0,2.0,0.0,0.0,0.0,16.0,40.0,0.0,0.0,0.0,0.0,0.0,0.0,0.0,0.0,0.0,0.0,1.0,1.25,0.1432342529296875,0.07947160967295196,170.0,10.0,0.14271031,15.0,3.0,0.0,0.0,0.985405,0.821273,0.0,0.0,0.0,0.985405,1.25,0.985405,0.985405,0.1432342529296875,0.1432342529296875,0.1432342529296875,0.0,0.0,0.0,0.0,0.0,0.0,0.0,0.0,1.0,0.1,0.05,0.02,0.005,0.03,0.02,0.0985405,0.04106365000000001,0.0,0.0,0.44999999999999996,0.06,0.0
txt_005,Rendered text,HELLO,mask_fill_edgewalk_nearestrow_rows16_p40,line_text_skeleton,0.13704633,pass,0.13704633,15,2,0.0,0,0.999893,0.705927,0.0,0.0,0.0,0,low_loss,txt_005::low_loss,0.0,0.0,0.0,0.0,0.0,0.0,1.0,0.0,0.0,1.0,1.0,1.0,1.0,0.0,0.0,0.0,0.0,0.0,0.0,0.0,16.0,40.0,0.0,0.0,0.0,0.0,0.0,0.0,0.0,0.0,0.0,0.0,1.0,1.25,0.1432342529296875,0.07947160967295196,170.0,10.0,0.13704633,15.0,2.0,0.0,0.0,0.999893,0.705927,0.0,0.0,0.0,0.999893,1.25,0.999893,0.999893,0.1432342529296875,0.0,0.0,0.0,0.0,0.0,0.0,1.0,0.0,0.0,0.0,0.0,0.0,0.0,0.0,0.0,0.0,0.0,0.0,0.0,0.0,0.0,0.0,0.0,0.13704633
txt_005,Rendered text,HELLO,mask_fill_edgewalk_nearestrow_rows16_p40,line_text_skeleton,0.13704633,pass,0.13704633,15,2,0.0,0,0.999893,0.705927,0.0,0.0,0.0,0,balanced,txt_005::balanced,0.1,0.05,0.02,0.005,0.003,0.003,1.0,0.0,0.0,1.0,1.0,1.0,1.0,0.0,0.0,0.0,0.0,0.0,0.0,0.0,16.0,40.0,0.0,0.0,0.0,0.0,0.0,0.0,0.0,0.0,0.0,0.0,1.0,1.25,0.1432342529296875,0.07947160967295196,170.0,10.0,0.13704633,15.0,2.0,0.0,0.0,0.999893,0.705927,0.0,0.0,0.0,0.999893,1.25,0.999893,0.999893,0.1432342529296875,0.0,0.0,0.0,0.0,0.0,0.0,0.0,1.0,0.0,0.0,0.0,0.1,0.05,0.02,0.005,0.003,0.003,0.0999893,0.03529635,0.0,0.0,0.045,0.006,0.0
txt_005,Rendered text,HELLO,mask_fill_edgewalk_nearestrow_rows16_p40,line_text_skeleton,0.13704633,pass,0.13704633,15,2,0.0,0,0.999893,0.705927,0.0,0.0,0.0,0,precision,txt_005::precision,0.1,0.2,0.02,0.005,0.003,0.003,1.0,0.0,0.0,1.0,1.0,1.0,1.0,0.0,0.0,0.0,0.0,0.0,0.0,0.0,16.0,40.0,0.0,0.0,0.0,0.0,0.0,0.0,0.0,0.0,0.0,0.0,1.0,1.25,0.1432342529296875,0.07947160967295196,170.0,10.0,0.13704633,15.0,2.0,0.0,0.0,0.999893,0.705927,0.0,0.0,0.0,0.999893,1.25,0.999893,0.999893,0.1432342529296875,0.0,0.0,0.0,0.0,0.0,0.0,0.0,0.0,1.0,0.0,0.0,0.1,0.2,0.02,0.005,0.003,0.003,0.0999893,0.1411854,0.0,0.0,0.045,0.006,0.0
txt_005,Rendered text,HELLO,mask_fill_edgewalk_nearestrow_rows16_p40,line_text_skeleton,0.13704633,pass,0.13704633,15,2,0.0,0,0.999893,0.705927,0.0,0.0,0.0,0,coverage,txt_005::coverage,0.35,0.05,0.02,0.005,0.003,0.003,1.0,0.0,0.0,1.0,1.0,1.0,1.0,0.0,0.0,0.0,0.0,0.0,0.0,0.0,16.0,40.0,0.0,0.0,0.0,0.0,0.0,0.0,0.0,0.0,0.0,0.0,1.0,1.25,0.1432342529296875,0.07947160967295196,170.0,10.0,0.13704633,15.0,2.0,0.0,0.0,0.999893,0.705927,0.0,0.0,0.0,0.999893,1.25,0.999893,0.999893,0.1432342529296875,0.0,0.0,0.0,0.0,0.0,0.0,0.0,0.0,0.0,1.0,0.0,0.35,0.05,0.02,0.005,0.003,0.003,0.34996255,0.03529635,0.0,0.0,0.045,0.006,0.0
txt_005,Rendered text,HELLO,mask_fill_edgewalk_nearestrow_rows16_p40,line_text_skeleton,0.13704633,pass,0.13704633,15,2,0.0,0,0.999893,0.705927,0.0,0.0,0.0,0,low_jump,txt_005::low_jump,0.1,0.05,0.02,0.005,0.03,0.02,1.0,0.0,0.0,1.0,1.0,1.0,1.0,0.0,0.0,0.0,0.0,0.0,0.0,0.0,16.0,40.0,0.0,0.0,0.0,0.0,0.0,0.0,0.0,0.0,0.0,0.0,1.0,1.25,0.1432342529296875,0.07947160967295196,170.0,10.0,0.13704633,15.0,2.0,0.0,0.0,0.999893,0.705927,0.0,0.0,0.0,0.999893,1.25,0.999893,0.999893,0.1432342529296875,0.0,0.0,0.0,0.0,0.0,0.0,0.0,0.0,0.0,0.0,1.0,0.1,0.05,0.02,0.005,0.03,0.02,0.0999893,0.03529635,0.0,0.0,0.44999999999999996,0.04,0.0
txt_005,Rendered text,HELLO,mask_fill_edgewalk_rows16_p40,line_text_skeleton,0.17378355,warning,0.170415,19,2,0.0,0,0.999893,0.677543,0.0,0.022457,0.0,0,low_loss,txt_005::low_loss,0.0,0.0,0.0,0.0,0.0,0.0,1.0,0.0,0.0,1.0,1.0,0.0,0.0,0.0,0.0,0.0,0.0,0.0,0.0,0.0,16.0,40.0,0.0,0.0,0.0,0.0,0.0,0.0,0.0,0.0,0.0,0.0,1.0,1.25,0.1432342529296875,0.07947160967295196,170.0,10.0,0.170415,19.0,2.0,0.0,0.0,0.999893,0.677543,0.0,0.0,0.0,0.999893,1.25,0.999893,0.0,0.0,0.0,0.0,0.0,0.0,0.0,0.0,1.0,0.0,0.0,0.0,0.0,0.0,0.0,0.0,0.0,0.0,0.0,0.0,0.0,0.0,0.0,0.0,0.0,0.170415
txt_005,Rendered text,HELLO,mask_fill_edgewalk_rows16_p40,line_text_skeleton,0.17378355,warning,0.170415,19,2,0.0,0,0.999893,0.677543,0.0,0.022457,0.0,0,balanced,txt_005::balanced,0.1,0.05,0.02,0.005,0.003,0.003,1.0,0.0,0.0,1.0,1.0,0.0,0.0,0.0,0.0,0.0,0.0,0.0,0.0,0.0,16.0,40.0,0.0,0.0,0.0,0.0,0.0,0.0,0.0,0.0,0.0,0.0,1.0,1.25,0.1432342529296875,0.07947160967295196,170.0,10.0,0.170415,19.0,2.0,0.0,0.0,0.999893,0.677543,0.0,0.0,0.0,0.999893,1.25,0.999893,0.0,0.0,0.0,0.0,0.0,0.0,0.0,0.0,0.0,1.0,0.0,0.0,0.0,0.1,0.05,0.02,0.005,0.003,0.003,0.0999893,0.03387715,0.0,0.0,0.057,0.006,0.0
txt_005,Rendered text,HELLO,mask_fill_edgewalk_rows16_p40,line_text_skeleton,0.17378355,warning,0.170415,19,2,0.0,0,0.999893,0.677543,0.0,0.022457,0.0,0,precision,txt_005::precision,0.1,0.2,0.02,0.005,0.003,0.003,1.0,0.0,0.0,1.0,1.0,0.0,0.0,0.0,0.0,0.0,0.0,0.0,0.0,0.0,16.0,40.0,0.0,0.0,0.0,0.0,0.0,0.0,0.0,0.0,0.0,0.0,1.0,1.25,0.1432342529296875,0.07947160967295196,170.0,10.0,0.170415,19.0,2.0,0.0,0.0,0.999893,0.677543,0.0,0.0,0.0,0.999893,1.25,0.999893,0.0,0.0,0.0,0.0,0.0,0.0,0.0,0.0,0.0,0.0,1.0,0.0,0.0,0.1,0.2,0.02,0.005,0.003,0.003,0.0999893,0.1355086,0.0,0.0,0.057,0.006,0.0
txt_005,Rendered text,HELLO,mask_fill_edgewalk_rows16_p40,line_text_skeleton,0.17378355,warning,0.170415,19,2,0.0,0,0.999893,0.677543,0.0,0.022457,0.0,0,coverage,txt_005::coverage,0.35,0.05,0.02,0.005,0.003,0.003,1.0,0.0,0.0,1.0,1.0,0.0,0.0,0.0,0.0,0.0,0.0,0.0,0.0,0.0,16.0,40.0,0.0,0.0,0.0,0.0,0.0,0.0,0.0,0.0,0.0,0.0,1.0,1.25,0.1432342529296875,0.07947160967295196,170.0,10.0,0.170415,19.0,2.0,0.0,0.0,0.999893,0.677543,0.0,0.0,0.0,0.999893,1.25,0.999893,0.0,0.0,0.0,0.0,0.0,0.0,0.0,0.0,0.0,0.0,0.0,1.0,0.0,0.35,0.05,0.02,0.005,0.003,0.003,0.34996255,0.03387715,0.0,0.0,0.057,0.006,0.0
txt_005,Rendered text,HELLO,mask_fill_edgewalk_rows16_p40,line_text_skeleton,0.17378355,warning,0.170415,19,2,0.0,0,0.999893,0.677543,0.0,0.022457,0.0,0,low_jump,txt_005::low_jump,0.1,0.05,0.02,0.005,0.03,0.02,1.0,0.0,0.0,1.0,1.0,0.0,0.0,0.0,0.0,0.0,0.0,0.0,0.0,0.0,16.0,40.0,0.0,0.0,0.0,0.0,0.0,0.0,0.0,0.0,0.0,0.0,1.0,1.25,0.1432342529296875,0.07947160967295196,170.0,10.0,0.170415,19.0,2.0,0.0,0.0,0.999893,0.677543,0.0,0.0,0.0,0.999893,1.25,0.999893,0.0,0.0,0.0,0.0,0.0,0.0,0.0,0.0,0.0,0.0,0.0,0.0,1.0,0.1,0.05,0.02,0.005,0.03,0.02,0.0999893,0.03387715,0.0,0.0,0.57,0.04,0.0
txt_005,Rendered text,HELLO,auto_evalrepair_r10_c20,line_text_skeleton,0.07470171,excellent,0.07470171,9,0,0.0,0,0.691275,0.873939,0.0,0.0,0.0,0,low_loss,txt_005::low_loss,0.0,0.0,0.0,0.0,0.0,0.0,1.0,0.0,1.0,0.0,0.0,0.0,0.0,0.0,0.0,0.0,0.0,0.0,0.0,0.0,0.0,0.0,0.0,0.0,0.0,0.0,0.0,0.0,0.0,0.0,0.0,0.0,1.0,1.25,0.1432342529296875,0.07947160967295196,170.0,10.0,0.07470171,9.0,0.0,0.0,0.0,0.691275,0.873939,0.0,0.0,0.691275,0.0,0.0,0.0,0.0,0.0,0.0,0.0,0.0,0.0,0.0,0.0,1.0,0.0,0.0,0.0,0.0,0.0,0.0,0.0,0.0,0.0,0.0,0.0,0.0,0.0,0.0,0.0,0.0,0.07470171
txt_005,Rendered text,HELLO,auto_evalrepair_r10_c20,line_text_skeleton,0.07470171,excellent,0.07470171,9,0,0.0,0,0.691275,0.873939,0.0,0.0,0.0,0,balanced,txt_005::balanced,0.1,0.05,0.02,0.005,0.003,0.003,1.0,0.0,1.0,0.0,0.0,0.0,0.0,0.0,0.0,0.0,0.0,0.0,0.0,0.0,0.0,0.0,0.0,0.0,0.0,0.0,0.0,0.0,0.0,0.0,0.0,0.0,1.0,1.25,0.1432342529296875,0.07947160967295196,170.0,10.0,0.07470171,9.0,0.0,0.0,0.0,0.691275,0.873939,0.0,0.0,0.691275,0.0,0.0,0.0,0.0,0.0,0.0,0.0,0.0,0.0,0.0,0.0,0.0,1.0,0.0,0.0,0.0,0.1,0.05,0.02,0.005,0.003,0.003,0.0691275,0.043696950000000005,0.0,0.0,0.027,0.0,0.0
txt_005,Rendered text,HELLO,auto_evalrepair_r10_c20,line_text_skeleton,0.07470171,excellent,0.07470171,9,0,0.0,0,0.691275,0.873939,0.0,0.0,0.0,0,precision,txt_005::precision,0.1,0.2,0.02,0.005,0.003,0.003,1.0,0.0,1.0,0.0,0.0,0.0,0.0,0.0,0.0,0.0,0.0,0.0,0.0,0.0,0.0,0.0,0.0,0.0,0.0,0.0,0.0,0.0,0.0,0.0,0.0,0.0,1.0,1.25,0.1432342529296875,0.07947160967295196,170.0,10.0,0.07470171,9.0,0.0,0.0,0.0,0.691275,0.873939,0.0,0.0,0.691275,0.0,0.0,0.0,0.0,0.0,0.0,0.0,0.0,0.0,0.0,0.0,0.0,0.0,1.0,0.0,0.0,0.1,0.2,0.02,0.005,0.003,0.003,0.0691275,0.17478780000000002,0.0,0.0,0.027,0.0,0.0
txt_005,Rendered text,HELLO,auto_evalrepair_r10_c20,line_text_skeleton,0.07470171,excellent,0.07470171,9,0,0.0,0,0.691275,0.873939,0.0,0.0,0.0,0,coverage,txt_005::coverage,0.35,0.05,0.02,0.005,0.003,0.003,1.0,0.0,1.0,0.0,0.0,0.0,0.0,0.0,0.0,0.0,0.0,0.0,0.0,0.0,0.0,0.0,0.0,0.0,0.0,0.0,0.0,0.0,0.0,0.0,0.0,0.0,1.0,1.25,0.1432342529296875,0.07947160967295196,170.0,10.0,0.07470171,9.0,0.0,0.0,0.0,0.691275,0.873939,0.0,0.0,0.691275,0.0,0.0,0.0,0.0,0.0,0.0,0.0,0.0,0.0,0.0,0.0,0.0,0.0,0.0,1.0,0.0,0.35,0.05,0.02,0.005,0.003,0.003,0.24194624999999997,0.043696950000000005,0.0,0.0,0.027,0.0,0.0
txt_005,Rendered text,HELLO,auto_evalrepair_r10_c20,line_text_skeleton,0.07470171,excellent,0.07470171,9,0,0.0,0,0.691275,0.873939,0.0,0.0,0.0,0,low_jump,txt_005::low_jump,0.1,0.05,0.02,0.005,0.03,0.02,1.0,0.0,1.0,0.0,0.0,0.0,0.0,0.0,0.0,0.0,0.0,0.0,0.0,0.0,0.0,0.0,0.0,0.0,0.0,0.0,0.0,0.0,0.0,0.0,0.0,0.0,1.0,1.25,0.1432342529296875,0.07947160967295196,170.0,10.0,0.07470171,9.0,0.0,0.0,0.0,0.691275,0.873939,0.0,0.0,0.691275,0.0,0.0,0.0,0.0,0.0,0.0,0.0,0.0,0.0,0.0,0.0,0.0,0.0,0.0,0.0,1.0,0.1,0.05,0.02,0.005,0.03,0.02,0.0691275,0.043696950000000005,0.0,0.0,0.27,0.0,0.0
txt_005,Rendered text,HELLO,skeleton_c30_m20,line_text_skeleton,0.05804891,excellent,0.05804891,7,0,0.0,0,0.681368,0.858178,0.0,0.0,0.0,0,low_loss,txt_005::low_loss,0.0,0.0,0.0,0.0,0.0,0.0,1.0,1.0,0.0,0.0,0.0,0.0,0.0,0.0,0.0,0.0,0.0,0.0,0.0,0.0,0.0,0.0,0.0,0.0,0.0,0.0,0.0,0.0,0.0,0.0,0.0,0.0,1.0,1.25,0.1432342529296875,0.07947160967295196,170.0,10.0,0.05804891,7.0,0.0,0.0,0.0,0.681368,0.858178,1.25,0.681368,0.0,0.0,0.0,0.0,0.0,0.0,0.0,0.0,0.0,0.0,0.0,0.0,1.0,0.0,0.0,0.0,0.0,0.0,0.0,0.0,0.0,0.0,0.0,0.0,0.0,0.0,0.0,0.0,0.0,0.05804891
txt_005,Rendered text,HELLO,skeleton_c30_m20,line_text_skeleton,0.05804891,excellent,0.05804891,7,0,0.0,0,0.681368,0.858178,0.0,0.0,0.0,0,balanced,txt_005::balanced,0.1,0.05,0.02,0.005,0.003,0.003,1.0,1.0,0.0,0.0,0.0,0.0,0.0,0.0,0.0,0.0,0.0,0.0,0.0,0.0,0.0,0.0,0.0,0.0,0.0,0.0,0.0,0.0,0.0,0.0,0.0,0.0,1.0,1.25,0.1432342529296875,0.07947160967295196,170.0,10.0,0.05804891,7.0,0.0,0.0,0.0,0.681368,0.858178,1.25,0.681368,0.0,0.0,0.0,0.0,0.0,0.0,0.0,0.0,0.0,0.0,0.0,0.0,0.0,1.0,0.0,0.0,0.0,0.1,0.05,0.02,0.005,0.003,0.003,0.0681368,0.0429089,0.0,0.0,0.021,0.0,0.0
txt_005,Rendered text,HELLO,skeleton_c30_m20,line_text_skeleton,0.05804891,excellent,0.05804891,7,0,0.0,0,0.681368,0.858178,0.0,0.0,0.0,0,precision,txt_005::precision,0.1,0.2,0.02,0.005,0.003,0.003,1.0,1.0,0.0,0.0,0.0,0.0,0.0,0.0,0.0,0.0,0.0,0.0,0.0,0.0,0.0,0.0,0.0,0.0,0.0,0.0,0.0,0.0,0.0,0.0,0.0,0.0,1.0,1.25,0.1432342529296875,0.07947160967295196,170.0,10.0,0.05804891,7.0,0.0,0.0,0.0,0.681368,0.858178,1.25,0.681368,0.0,0.0,0.0,0.0,0.0,0.0,0.0,0.0,0.0,0.0,0.0,0.0,0.0,0.0,1.0,0.0,0.0,0.1,0.2,0.02,0.005,0.003,0.003,0.0681368,0.1716356,0.0,0.0,0.021,0.0,0.0
txt_005,Rendered text,HELLO,skeleton_c30_m20,line_text_skeleton,0.05804891,excellent,0.05804891,7,0,0.0,0,0.681368,0.858178,0.0,0.0,0.0,0,coverage,txt_005::coverage,0.35,0.05,0.02,0.005,0.003,0.003,1.0,1.0,0.0,0.0,0.0,0.0,0.0,0.0,0.0,0.0,0.0,0.0,0.0,0.0,0.0,0.0,0.0,0.0,0.0,0.0,0.0,0.0,0.0,0.0,0.0,0.0,1.0,1.25,0.1432342529296875,0.07947160967295196,170.0,10.0,0.05804891,7.0,0.0,0.0,0.0,0.681368,0.858178,1.25,0.681368,0.0,0.0,0.0,0.0,0.0,0.0,0.0,0.0,0.0,0.0,0.0,0.0,0.0,0.0,0.0,1.0,0.0,0.35,0.05,0.02,0.005,0.003,0.003,0.23847879999999996,0.0429089,0.0,0.0,0.021,0.0,0.0
txt_005,Rendered text,HELLO,skeleton_c30_m20,line_text_skeleton,0.05804891,excellent,0.05804891,7,0,0.0,0,0.681368,0.858178,0.0,0.0,0.0,0,low_jump,txt_005::low_jump,0.1,0.05,0.02,0.005,0.03,0.02,1.0,1.0,0.0,0.0,0.0,0.0,0.0,0.0,0.0,0.0,0.0,0.0,0.0,0.0,0.0,0.0,0.0,0.0,0.0,0.0,0.0,0.0,0.0,0.0,0.0,0.0,1.0,1.25,0.1432342529296875,0.07947160967295196,170.0,10.0,0.05804891,7.0,0.0,0.0,0.0,0.681368,0.858178,1.25,0.681368,0.0,0.0,0.0,0.0,0.0,0.0,0.0,0.0,0.0,0.0,0.0,0.0,0.0,0.0,0.0,0.0,1.0,0.1,0.05,0.02,0.005,0.03,0.02,0.0681368,0.0429089,0.0,0.0,0.21,0.0,0.0
txt_005,Rendered text,HELLO,skeleton_c30_m4,line_text_skeleton,0.05804891,excellent,0.05804891,7,0,0.0,0,0.71109,0.860291,0.0,0.0,0.0,0,low_loss,txt_005::low_loss,0.0,0.0,0.0,0.0,0.0,0.0,1.0,1.0,0.0,0.0,0.0,0.0,0.0,0.0,0.0,0.0,0.0,0.0,0.0,0.0,0.0,0.0,0.0,0.0,0.0,0.0,0.0,0.0,0.0,0.0,0.0,0.0,1.0,1.25,0.1432342529296875,0.07947160967295196,170.0,10.0,0.05804891,7.0,0.0,0.0,0.0,0.71109,0.860291,1.25,0.71109,0.0,0.0,0.0,0.0,0.0,0.0,0.0,0.0,0.0,0.0,0.0,0.0,1.0,0.0,0.0,0.0,0.0,0.0,0.0,0.0,0.0,0.0,0.0,0.0,0.0,0.0,0.0,0.0,0.0,0.05804891
txt_005,Rendered text,HELLO,skeleton_c30_m4,line_text_skeleton,0.05804891,excellent,0.05804891,7,0,0.0,0,0.71109,0.860291,0.0,0.0,0.0,0,balanced,txt_005::balanced,0.1,0.05,0.02,0.005,0.003,0.003,1.0,1.0,0.0,0.0,0.0,0.0,0.0,0.0,0.0,0.0,0.0,0.0,0.0,0.0,0.0,0.0,0.0,0.0,0.0,0.0,0.0,0.0,0.0,0.0,0.0,0.0,1.0,1.25,0.1432342529296875,0.07947160967295196,170.0,10.0,0.05804891,7.0,0.0,0.0,0.0,0.71109,0.860291,1.25,0.71109,0.0,0.0,0.0,0.0,0.0,0.0,0.0,0.0,0.0,0.0,0.0,0.0,0.0,1.0,0.0,0.0,0.0,0.1,0.05,0.02,0.005,0.003,0.003,0.071109,0.043014550000000006,0.0,0.0,0.021,0.0,0.0
txt_005,Rendered text,HELLO,skeleton_c30_m4,line_text_skeleton,0.05804891,excellent,0.05804891,7,0,0.0,0,0.71109,0.860291,0.0,0.0,0.0,0,precision,txt_005::precision,0.1,0.2,0.02,0.005,0.003,0.003,1.0,1.0,0.0,0.0,0.0,0.0,0.0,0.0,0.0,0.0,0.0,0.0,0.0,0.0,0.0,0.0,0.0,0.0,0.0,0.0,0.0,0.0,0.0,0.0,0.0,0.0,1.0,1.25,0.1432342529296875,0.07947160967295196,170.0,10.0,0.05804891,7.0,0.0,0.0,0.0,0.71109,0.860291,1.25,0.71109,0.0,0.0,0.0,0.0,0.0,0.0,0.0,0.0,0.0,0.0,0.0,0.0,0.0,0.0,1.0,0.0,0.0,0.1,0.2,0.02,0.005,0.003,0.003,0.071109,0.17205820000000002,0.0,0.0,0.021,0.0,0.0
txt_005,Rendered text,HELLO,skeleton_c30_m4,line_text_skeleton,0.05804891,excellent,0.05804891,7,0,0.0,0,0.71109,0.860291,0.0,0.0,0.0,0,coverage,txt_005::coverage,0.35,0.05,0.02,0.005,0.003,0.003,1.0,1.0,0.0,0.0,0.0,0.0,0.0,0.0,0.0,0.0,0.0,0.0,0.0,0.0,0.0,0.0,0.0,0.0,0.0,0.0,0.0,0.0,0.0,0.0,0.0,0.0,1.0,1.25,0.1432342529296875,0.07947160967295196,170.0,10.0,0.05804891,7.0,0.0,0.0,0.0,0.71109,0.860291,1.25,0.71109,0.0,0.0,0.0,0.0,0.0,0.0,0.0,0.0,0.0,0.0,0.0,0.0,0.0,0.0,0.0,1.0,0.0,0.35,0.05,0.02,0.005,0.003,0.003,0.24888149999999998,0.043014550000000006,0.0,0.0,0.021,0.0,0.0
txt_005,Rendered text,HELLO,skeleton_c30_m4,line_text_skeleton,0.05804891,excellent,0.05804891,7,0,0.0,0,0.71109,0.860291,0.0,0.0,0.0,0,low_jump,txt_005::low_jump,0.1,0.05,0.02,0.005,0.03,0.02,1.0,1.0,0.0,0.0,0.0,0.0,0.0,0.0,0.0,0.0,0.0,0.0,0.0,0.0,0.0,0.0,0.0,0.0,0.0,0.0,0.0,0.0,0.0,0.0,0.0,0.0,1.0,1.25,0.1432342529296875,0.07947160967295196,170.0,10.0,0.05804891,7.0,0.0,0.0,0.0,0.71109,0.860291,1.25,0.71109,0.0,0.0,0.0,0.0,0.0,0.0,0.0,0.0,0.0,0.0,0.0,0.0,0.0,0.0,0.0,0.0,1.0,0.1,0.05,0.02,0.005,0.03,0.02,0.071109,0.043014550000000006,0.0,0.0,0.21,0.0,0.0
txt_005,Rendered text,HELLO,mask_fill_edgewalk_nearestrow_safeadt_t2m5_r055_a64_rows16_p40,line_text_skeleton,0.04897519,excellent,0.03295144,4,0,0.0,0,1.0,0.593175,0.0,0.106825,0.0,1,low_loss,txt_005::low_loss,0.0,0.0,0.0,0.0,0.0,0.0,1.0,0.0,0.0,1.0,1.0,1.0,1.0,0.0,0.0,0.0,0.0,0.0,0.0,0.0,16.0,40.0,0.0,0.0,0.0,0.0,0.0,0.0,0.0,0.0,0.0,0.0,1.0,1.25,0.1432342529296875,0.07947160967295196,170.0,10.0,0.03295144,4.0,0.0,0.0,0.0,1.0,0.593175,0.0,0.0,0.0,1.0,1.25,1.0,1.0,0.1432342529296875,0.0,0.0,0.0,0.0,0.0,0.0,1.0,0.0,0.0,0.0,0.0,0.0,0.0,0.0,0.0,0.0,0.0,0.0,0.0,0.0,0.0,0.0,0.0,0.03295144
txt_005,Rendered text,HELLO,mask_fill_edgewalk_nearestrow_safeadt_t2m5_r055_a64_rows16_p40,line_text_skeleton,0.04897519,excellent,0.03295144,4,0,0.0,0,1.0,0.593175,0.0,0.106825,0.0,1,balanced,txt_005::balanced,0.1,0.05,0.02,0.005,0.003,0.003,1.0,0.0,0.0,1.0,1.0,1.0,1.0,0.0,0.0,0.0,0.0,0.0,0.0,0.0,16.0,40.0,0.0,0.0,0.0,0.0,0.0,0.0,0.0,0.0,0.0,0.0,1.0,1.25,0.1432342529296875,0.07947160967295196,170.0,10.0,0.03295144,4.0,0.0,0.0,0.0,1.0,0.593175,0.0,0.0,0.0,1.0,1.25,1.0,1.0,0.1432342529296875,0.0,0.0,0.0,0.0,0.0,0.0,0.0,1.0,0.0,0.0,0.0,0.1,0.05,0.02,0.005,0.003,0.003,0.1,0.02965875,0.0,0.0,0.012,0.0,0.0
txt_005,Rendered text,HELLO,mask_fill_edgewalk_nearestrow_safeadt_t2m5_r055_a64_rows16_p40,line_text_skeleton,0.04897519,excellent,0.03295144,4,0,0.0,0,1.0,0.593175,0.0,0.106825,0.0,1,precision,txt_005::precision,0.1,0.2,0.02,0.005,0.003,0.003,1.0,0.0,0.0,1.0,1.0,1.0,1.0,0.0,0.0,0.0,0.0,0.0,0.0,0.0,16.0,40.0,0.0,0.0,0.0,0.0,0.0,0.0,0.0,0.0,0.0,0.0,1.0,1.25,0.1432342529296875,0.07947160967295196,170.0,10.0,0.03295144,4.0,0.0,0.0,0.0,1.0,0.593175,0.0,0.0,0.0,1.0,1.25,1.0,1.0,0.1432342529296875,0.0,0.0,0.0,0.0,0.0,0.0,0.0,0.0,1.0,0.0,0.0,0.1,0.2,0.02,0.005,0.003,0.003,0.1,0.118635,0.0,0.0,0.012,0.0,0.0
txt_005,Rendered text,HELLO,mask_fill_edgewalk_nearestrow_safeadt_t2m5_r055_a64_rows16_p40,line_text_skeleton,0.04897519,excellent,0.03295144,4,0,0.0,0,1.0,0.593175,0.0,0.106825,0.0,1,coverage,txt_005::coverage,0.35,0.05,0.02,0.005,0.003,0.003,1.0,0.0,0.0,1.0,1.0,1.0,1.0,0.0,0.0,0.0,0.0,0.0,0.0,0.0,16.0,40.0,0.0,0.0,0.0,0.0,0.0,0.0,0.0,0.0,0.0,0.0,1.0,1.25,0.1432342529296875,0.07947160967295196,170.0,10.0,0.03295144,4.0,0.0,0.0,0.0,1.0,0.593175,0.0,0.0,0.0,1.0,1.25,1.0,1.0,0.1432342529296875,0.0,0.0,0.0,0.0,0.0,0.0,0.0,0.0,0.0,1.0,0.0,0.35,0.05,0.02,0.005,0.003,0.003,0.35,0.02965875,0.0,0.0,0.012,0.0,0.0
txt_005,Rendered text,HELLO,mask_fill_edgewalk_nearestrow_safeadt_t2m5_r055_a64_rows16_p40,line_text_skeleton,0.04897519,excellent,0.03295144,4,0,0.0,0,1.0,0.593175,0.0,0.106825,0.0,1,low_jump,txt_005::low_jump,0.1,0.05,0.02,0.005,0.03,0.02,1.0,0.0,0.0,1.0,1.0,1.0,1.0,0.0,0.0,0.0,0.0,0.0,0.0,0.0,16.0,40.0,0.0,0.0,0.0,0.0,0.0,0.0,0.0,0.0,0.0,0.0,1.0,1.25,0.1432342529296875,0.07947160967295196,170.0,10.0,0.03295144,4.0,0.0,0.0,0.0,1.0,0.593175,0.0,0.0,0.0,1.0,1.25,1.0,1.0,0.1432342529296875,0.0,0.0,0.0,0.0,0.0,0.0,0.0,0.0,0.0,0.0,1.0,0.1,0.05,0.02,0.005,0.03,0.02,0.1,0.02965875,0.0,0.0,0.12,0.0,0.0
