sample_id,source_name,category,candidate,dst_path,target_mask_path,quality_level,unified_loss,jump_count,trim_count,off_mask_stitch_length_mm,visible_connector_count,jump_path_mm,visible_connector_length_mm,target_pixels,adaptive_target_pixels,stitch_pixels,overlap_pixels,off_target_pixels,adaptive_overlap_pixels,adaptive_off_target_pixels,coverage_ratio,stitch_precision_ratio,adaptive_coverage_ratio,adaptive_stitch_precision_ratio,overfill_outside_adaptive_ratio,line_radius_px,adaptive_precision_radius_px,target_width_mm,balanced_score
txt_001,Rendered text,AI,public_benchmark_v1_core20_auto_hybrid_skeleton_connect12_trimcap20,results\public_benchmark_v1_core20_auto_hybrid_skeleton_connect12_trimcap20\txt_001\prediction.dst,datasets\public_benchmark_v1_ext33\text_render_5\txt_001_mask.png,excellent,0.01645644,2,0,0.0,0,14.2636,0.0,3646,4528,2416,2265,151,2396,20,0.621229,0.9375,0.529152,0.991722,0.008278,2,2,90.0,0.10245988
txt_001,Rendered text,AI,public_benchmark_v1_core20_source_aware_hybrid_skeleton,results\public_benchmark_v1_core20_source_aware_hybrid_skeleton\txt_001\prediction.dst,datasets\public_benchmark_v1_ext33\text_render_5\txt_001_mask.png,excellent,0.0493827,6,0,0.0,0,43.2093,0.0,3646,4528,2343,2202,141,2323,20,0.60395,0.939821,0.51303,0.991464,0.008536,2,2,90.0,0.1547031
txt_001,Rendered text,AI,public_benchmark_v1_core20_source_aware_hybrid_skeleton_connect12,results\public_benchmark_v1_core20_source_aware_hybrid_skeleton_connect12\txt_001\prediction.dst,datasets\public_benchmark_v1_ext33\text_render_5\txt_001_mask.png,excellent,0.01645644,2,0,0.0,0,14.2636,0.0,3646,4528,2416,2265,151,2396,20,0.621229,0.9375,0.529152,0.991722,0.008278,2,2,90.0,0.10245988
txt_001,Rendered text,AI,public_benchmark_v1_core20_source_aware_hybrid_skeleton_connect12_trimcap20,results\public_benchmark_v1_core20_source_aware_hybrid_skeleton_connect12_trimcap20\txt_001\prediction.dst,datasets\public_benchmark_v1_ext33\text_render_5\txt_001_mask.png,excellent,0.01645644,2,0,0.0,0,14.2636,0.0,3646,4528,2416,2265,151,2396,20,0.621229,0.9375,0.529152,0.991722,0.008278,2,2,90.0,0.10245988
txt_001,Rendered text,AI,public_benchmark_v1_ext33_all_skeleton_connect20_trimcap20,results\public_benchmark_v1_ext33_all_skeleton_connect20_trimcap20\txt_001\prediction.dst,datasets\public_benchmark_v1_ext33\text_render_5\txt_001_mask.png,excellent,0.01645644,2,0,0.0,0,14.2636,0.0,3646,4528,2416,2265,151,2396,20,0.621229,0.9375,0.529152,0.991722,0.008278,2,2,90.0,0.10245988
txt_001,Rendered text,AI,public_benchmark_v1_ext33_all_skeleton_connect30_min12_trimcap20,results\public_benchmark_v1_ext33_all_skeleton_connect30_min12_trimcap20\txt_001\prediction.dst,datasets\public_benchmark_v1_ext33\text_render_5\txt_001_mask.png,excellent,0.01645644,2,0,0.0,0,14.2636,0.0,3646,4528,2416,2265,151,2396,20,0.621229,0.9375,0.529152,0.991722,0.008278,2,2,90.0,0.10245988
txt_001,Rendered text,AI,public_benchmark_v1_ext33_all_skeleton_connect30_min20_trimcap20,results\public_benchmark_v1_ext33_all_skeleton_connect30_min20_trimcap20\txt_001\prediction.dst,datasets\public_benchmark_v1_ext33\text_render_5\txt_001_mask.png,excellent,0.01645644,2,0,0.0,0,14.2636,0.0,3646,4528,1835,1729,106,1820,15,0.474218,0.942234,0.401943,0.991826,0.008174,2,2,90.0,0.12948584
txt_001,Rendered text,AI,public_benchmark_v1_ext33_all_skeleton_connect30_min8_trimcap20,results\public_benchmark_v1_ext33_all_skeleton_connect30_min8_trimcap20\txt_001\prediction.dst,datasets\public_benchmark_v1_ext33\text_render_5\txt_001_mask.png,excellent,0.01645644,2,0,0.0,0,14.2636,0.0,3646,4528,2416,2265,151,2396,20,0.621229,0.9375,0.529152,0.991722,0.008278,2,2,90.0,0.10245988
txt_001,Rendered text,AI,public_benchmark_v1_ext33_all_skeleton_connect30_trimcap20,results\public_benchmark_v1_ext33_all_skeleton_connect30_trimcap20\txt_001\prediction.dst,datasets\public_benchmark_v1_ext33\text_render_5\txt_001_mask.png,excellent,0.01645644,2,0,0.0,0,14.2636,0.0,3646,4528,2416,2265,151,2396,20,0.621229,0.9375,0.529152,0.991722,0.008278,2,2,90.0,0.10245988
txt_001,Rendered text,AI,public_benchmark_v1_ext33_auto_hybrid_evalrepair_r10_c20_trimcap20,results\public_benchmark_v1_ext33_auto_hybrid_evalrepair_r10_c20_trimcap20\txt_001\prediction.dst,datasets\public_benchmark_v1_ext33\text_render_5\txt_001_mask.png,excellent,0.01645644,2,0,0.0,0,14.2636,0.0,3646,4528,2416,2265,151,2396,20,0.621229,0.9375,0.529152,0.991722,0.008278,2,2,90.0,0.10245988
txt_001,Rendered text,AI,public_benchmark_v1_ext33_auto_hybrid_evalrepair_r10_inside085_c20_trimcap20,results\public_benchmark_v1_ext33_auto_hybrid_evalrepair_r10_inside085_c20_trimcap20\txt_001\prediction.dst,datasets\public_benchmark_v1_ext33\text_render_5\txt_001_mask.png,excellent,0.01645644,2,0,0.0,0,14.2636,0.0,3646,4528,2416,2265,151,2396,20,0.621229,0.9375,0.529152,0.991722,0.008278,2,2,90.0,0.10245988
txt_001,Rendered text,AI,public_benchmark_v1_ext33_auto_hybrid_evalrepair_r10_inside090_c20_trimcap20,results\public_benchmark_v1_ext33_auto_hybrid_evalrepair_r10_inside090_c20_trimcap20\txt_001\prediction.dst,datasets\public_benchmark_v1_ext33\text_render_5\txt_001_mask.png,excellent,0.01645644,2,0,0.0,0,14.2636,0.0,3646,4528,2416,2265,151,2396,20,0.621229,0.9375,0.529152,0.991722,0.008278,2,2,90.0,0.10245988
txt_001,Rendered text,AI,public_benchmark_v1_ext33_auto_hybrid_evalrepair_r15_c20_trimcap20,results\public_benchmark_v1_ext33_auto_hybrid_evalrepair_r15_c20_trimcap20\txt_001\prediction.dst,datasets\public_benchmark_v1_ext33\text_render_5\txt_001_mask.png,excellent,0.01645644,2,0,0.0,0,14.2636,0.0,3646,4528,2416,2265,151,2396,20,0.621229,0.9375,0.529152,0.991722,0.008278,2,2,90.0,0.10245988
txt_001,Rendered text,AI,public_benchmark_v1_ext33_auto_hybrid_evalrepair_r15_inside090_c20_trimcap20,results\public_benchmark_v1_ext33_auto_hybrid_evalrepair_r15_inside090_c20_trimcap20\txt_001\prediction.dst,datasets\public_benchmark_v1_ext33\text_render_5\txt_001_mask.png,excellent,0.01645644,2,0,0.0,0,14.2636,0.0,3646,4528,2416,2265,151,2396,20,0.621229,0.9375,0.529152,0.991722,0.008278,2,2,90.0,0.10245988
txt_001,Rendered text,AI,public_benchmark_v1_ext33_auto_hybrid_r10_c16_trimcap20,results\public_benchmark_v1_ext33_auto_hybrid_r10_c16_trimcap20\txt_001\prediction.dst,datasets\public_benchmark_v1_ext33\text_render_5\txt_001_mask.png,excellent,0.01645644,2,0,0.0,0,14.2636,0.0,3646,4528,2416,2265,151,2396,20,0.621229,0.9375,0.529152,0.991722,0.008278,2,2,90.0,0.10245988
txt_001,Rendered text,AI,public_benchmark_v1_ext33_auto_hybrid_r10_c20_trimcap20,results\public_benchmark_v1_ext33_auto_hybrid_r10_c20_trimcap20\txt_001\prediction.dst,datasets\public_benchmark_v1_ext33\text_render_5\txt_001_mask.png,excellent,0.01645644,2,0,0.0,0,14.2636,0.0,3646,4528,2416,2265,151,2396,20,0.621229,0.9375,0.529152,0.991722,0.008278,2,2,90.0,0.10245988
txt_001,Rendered text,AI,public_benchmark_v1_ext33_auto_hybrid_r125_c16_trimcap20,results\public_benchmark_v1_ext33_auto_hybrid_r125_c16_trimcap20\txt_001\prediction.dst,datasets\public_benchmark_v1_ext33\text_render_5\txt_001_mask.png,excellent,0.01645644,2,0,0.0,0,14.2636,0.0,3646,4528,2416,2265,151,2396,20,0.621229,0.9375,0.529152,0.991722,0.008278,2,2,90.0,0.10245988
txt_001,Rendered text,AI,public_benchmark_v1_ext33_auto_hybrid_r125_c20_trimcap20,results\public_benchmark_v1_ext33_auto_hybrid_r125_c20_trimcap20\txt_001\prediction.dst,datasets\public_benchmark_v1_ext33\text_render_5\txt_001_mask.png,excellent,0.01645644,2,0,0.0,0,14.2636,0.0,3646,4528,2416,2265,151,2396,20,0.621229,0.9375,0.529152,0.991722,0.008278,2,2,90.0,0.10245988
txt_001,Rendered text,AI,public_benchmark_v1_ext33_auto_hybrid_skeleton_connect12_trimcap20,results\public_benchmark_v1_ext33_auto_hybrid_skeleton_connect12_trimcap20\txt_001\prediction.dst,datasets\public_benchmark_v1_ext33\text_render_5\txt_001_mask.png,excellent,0.01645644,2,0,0.0,0,14.2636,0.0,3646,4528,2416,2265,151,2396,20,0.621229,0.9375,0.529152,0.991722,0.008278,2,2,90.0,0.10245988
txt_001,Rendered text,AI,public_benchmark_v1_ext33_b0_m2_1_globalrepair20,results\public_benchmark_v1_ext33_b0_m2_1_globalrepair20\txt_001\prediction.dst,datasets\public_benchmark_v1_ext33\text_render_5\txt_001_mask.png,hard_fail,0.37944802,9,1,92.2127,14,45.2507,43.5971,3646,4528,4483,3446,1037,4143,340,0.945145,0.768682,0.914973,0.924158,0.075842,2,2,90.0,2.46536666
txt_001,Rendered text,AI,public_benchmark_v1_ext33_m2_4_coverage_rerank,results\public_benchmark_v1_ext33_m2_4_coverage_rerank\txt_001\prediction.dst,datasets\public_benchmark_v1_ext33\text_render_5\txt_001_mask.png,excellent,0.01645644,2,0,0.0,0,14.2636,0.0,3646,4528,2416,2265,151,2396,20,0.621229,0.9375,0.529152,0.991722,0.008278,2,2,90.0,0.10245988
txt_001,Rendered text,AI,public_benchmark_v1_ext33_m2_4_coverage_rerank_connect30,results\public_benchmark_v1_ext33_m2_4_coverage_rerank_connect30\txt_001\prediction.dst,datasets\public_benchmark_v1_ext33\text_render_5\txt_001_mask.png,excellent,0.01645644,2,0,0.0,0,14.2636,0.0,3646,4528,2416,2265,151,2396,20,0.621229,0.9375,0.529152,0.991722,0.008278,2,2,90.0,0.10245988
txt_001,Rendered text,AI,public_benchmark_v1_ext33_m2_4_coverage_rerank_min12,results\public_benchmark_v1_ext33_m2_4_coverage_rerank_min12\txt_001\prediction.dst,datasets\public_benchmark_v1_ext33\text_render_5\txt_001_mask.png,excellent,0.01645644,2,0,0.0,0,14.2636,0.0,3646,4528,2416,2265,151,2396,20,0.621229,0.9375,0.529152,0.991722,0.008278,2,2,90.0,0.10245988
txt_001,Rendered text,AI,public_benchmark_v1_ext33_m2_4_coverage_rerank_min20,results\public_benchmark_v1_ext33_m2_4_coverage_rerank_min20\txt_001\prediction.dst,datasets\public_benchmark_v1_ext33\text_render_5\txt_001_mask.png,excellent,0.01645644,2,0,0.0,0,14.2636,0.0,3646,4528,2416,2265,151,2396,20,0.621229,0.9375,0.529152,0.991722,0.008278,2,2,90.0,0.10245988
txt_001,Rendered text,AI,public_benchmark_v1_ext33_m2_4_coverage_rerank_min8,results\public_benchmark_v1_ext33_m2_4_coverage_rerank_min8\txt_001\prediction.dst,datasets\public_benchmark_v1_ext33\text_render_5\txt_001_mask.png,excellent,0.01645644,2,0,0.0,0,14.2636,0.0,3646,4528,2416,2265,151,2396,20,0.621229,0.9375,0.529152,0.991722,0.008278,2,2,90.0,0.10245988
txt_001,Rendered text,AI,public_benchmark_v1_ext33_m2_51_sweeptuned_gate_balanced_applied,results\public_benchmark_v1_ext33_m2_51_sweeptuned_gate_balanced_applied\txt_001\prediction.dst,datasets\public_benchmark_v1_ext33\text_render_5\txt_001_mask.png,excellent,0.008,1,0,0.0,0,0.0,0.0,3646,4528,4344,3634,710,4190,154,0.996709,0.836556,0.925353,0.964549,0.035451,2,2,90.0,0.01375764
txt_001,Rendered text,AI,public_benchmark_v1_ext33_m2_51_sweeptuned_gate_low_jump_applied,results\public_benchmark_v1_ext33_m2_51_sweeptuned_gate_low_jump_applied\txt_001\prediction.dst,datasets\public_benchmark_v1_ext33\text_render_5\txt_001_mask.png,excellent,0.008,1,0,0.0,0,0.0,0.0,3646,4528,4344,3634,710,4190,154,0.996709,0.836556,0.925353,0.964549,0.035451,2,2,90.0,0.01375764
txt_001,Rendered text,AI,public_benchmark_v1_ext33_m2_55_line_domain_guard_low_jump,results\public_benchmark_v1_ext33_m2_55_line_domain_guard_low_jump\txt_001\prediction.dst,datasets\public_benchmark_v1_ext33\text_render_5\txt_001_mask.png,excellent,0.008,1,0,0.0,0,0.0,0.0,3646,4528,4344,3634,710,4190,154,0.996709,0.836556,0.925353,0.964549,0.035451,2,2,90.0,0.01375764
txt_001,Rendered text,AI,public_benchmark_v1_ext33_m2_56_line_stroke_d0_c12_i090,results\public_benchmark_v1_ext33_m2_56_line_stroke_d0_c12_i090\txt_001\prediction.dst,datasets\public_benchmark_v1_ext33\text_render_5\txt_001_mask.png,excellent,0.01645644,2,0,0.0,0,14.2636,0.0,3646,4528,2416,2265,151,2396,20,0.621229,0.9375,0.529152,0.991722,0.008278,2,2,90.0,0.10245988
txt_001,Rendered text,AI,public_benchmark_v1_ext33_m2_56_line_stroke_d0_c12_i090_min12,results\public_benchmark_v1_ext33_m2_56_line_stroke_d0_c12_i090_min12\txt_001\prediction.dst,datasets\public_benchmark_v1_ext33\text_render_5\txt_001_mask.png,excellent,0.01645644,2,0,0.0,0,14.2636,0.0,3646,4528,2416,2265,151,2396,20,0.621229,0.9375,0.529152,0.991722,0.008278,2,2,90.0,0.10245988
txt_001,Rendered text,AI,public_benchmark_v1_ext33_m2_56_line_stroke_d0_c12_i090_min20,results\public_benchmark_v1_ext33_m2_56_line_stroke_d0_c12_i090_min20\txt_001\prediction.dst,datasets\public_benchmark_v1_ext33\text_render_5\txt_001_mask.png,excellent,0.01645644,2,0,0.0,0,14.2636,0.0,3646,4528,1835,1729,106,1820,15,0.474218,0.942234,0.401943,0.991826,0.008174,2,2,90.0,0.12948584
txt_001,Rendered text,AI,public_benchmark_v1_ext33_m2_56_line_stroke_d0_c12_i090_min30,results\public_benchmark_v1_ext33_m2_56_line_stroke_d0_c12_i090_min30\txt_001\prediction.dst,datasets\public_benchmark_v1_ext33\text_render_5\txt_001_mask.png,excellent,0.01645644,2,0,0.0,0,14.2636,0.0,3646,4528,1835,1729,106,1820,15,0.474218,0.942234,0.401943,0.991826,0.008174,2,2,90.0,0.12948584
txt_001,Rendered text,AI,public_benchmark_v1_ext33_m2_56_line_stroke_d0_c8_i095,results\public_benchmark_v1_ext33_m2_56_line_stroke_d0_c8_i095\txt_001\prediction.dst,datasets\public_benchmark_v1_ext33\text_render_5\txt_001_mask.png,excellent,0.02481449,3,0,0.0,0,25.4529,0.0,3646,4528,2351,2210,141,2331,20,0.606144,0.940026,0.514797,0.991493,0.008507,2,2,90.0,0.11774733
txt_001,Rendered text,AI,public_benchmark_v1_ext33_m2_56_line_stroke_d1_c10_i090,results\public_benchmark_v1_ext33_m2_56_line_stroke_d1_c10_i090\txt_001\prediction.dst,datasets\public_benchmark_v1_ext33\text_render_5\txt_001_mask.png,excellent,0.02481449,3,0,0.0,0,25.4529,0.0,3646,4528,2351,2210,141,2331,20,0.606144,0.940026,0.514797,0.991493,0.008507,2,2,90.0,0.11774733
txt_001,Rendered text,AI,public_benchmark_v1_ext33_m2_56_line_stroke_d1_c12_i090_min20,results\public_benchmark_v1_ext33_m2_56_line_stroke_d1_c12_i090_min20\txt_001\prediction.dst,datasets\public_benchmark_v1_ext33\text_render_5\txt_001_mask.png,excellent,0.01645644,2,0,0.0,0,14.2636,0.0,3646,4528,1835,1729,106,1820,15,0.474218,0.942234,0.401943,0.991826,0.008174,2,2,90.0,0.12948584
txt_001,Rendered text,AI,public_benchmark_v1_ext33_m2_56_line_stroke_d1_c6_i095,results\public_benchmark_v1_ext33_m2_56_line_stroke_d1_c6_i095\txt_001\prediction.dst,datasets\public_benchmark_v1_ext33\text_render_5\txt_001_mask.png,excellent,0.02481449,3,0,0.0,0,25.4529,0.0,3646,4528,2351,2210,141,2331,20,0.606144,0.940026,0.514797,0.991493,0.008507,2,2,90.0,0.11774733
txt_001,Rendered text,AI,public_benchmark_v1_ext33_m2_56_line_stroke_d2_c12_i085_min20,results\public_benchmark_v1_ext33_m2_56_line_stroke_d2_c12_i085_min20\txt_001\prediction.dst,datasets\public_benchmark_v1_ext33\text_render_5\txt_001_mask.png,excellent,0.01645644,2,0,0.0,0,14.2636,0.0,3646,4528,1835,1729,106,1820,15,0.474218,0.942234,0.401943,0.991826,0.008174,2,2,90.0,0.12948584
txt_001,Rendered text,AI,public_benchmark_v1_ext33_m2_56_line_stroke_d3_c18,results\public_benchmark_v1_ext33_m2_56_line_stroke_d3_c18\txt_001\prediction.dst,datasets\public_benchmark_v1_ext33\text_render_5\txt_001_mask.png,excellent,0.01645644,2,0,0.0,0,14.2636,0.0,3646,4528,2416,2265,151,2396,20,0.621229,0.9375,0.529152,0.991722,0.008278,2,2,90.0,0.10245988
txt_001,Rendered text,AI,public_benchmark_v1_ext33_m2_56_line_stroke_selector_probe,results\public_benchmark_v1_ext33_m2_56_line_stroke_selector_probe\txt_001\prediction.dst,datasets\public_benchmark_v1_ext33\text_render_5\txt_001_mask.png,excellent,0.008,1,0,0.0,0,0.0,0.0,3646,4528,4344,3634,710,4190,154,0.996709,0.836556,0.925353,0.964549,0.035451,2,2,90.0,0.01375764
txt_001,Rendered text,AI,public_benchmark_v1_ext33_m2_57_topology_open_d0_c12_i090_min12,results\public_benchmark_v1_ext33_m2_57_topology_open_d0_c12_i090_min12\txt_001\prediction.dst,datasets\public_benchmark_v1_ext33\text_render_5\txt_001_mask.png,excellent,0.01645274,2,0,0.0,0,14.1481,0.0,3646,4528,2354,2205,149,2333,21,0.604772,0.936703,0.515239,0.991079,0.008921,2,2,90.0,0.1054423
txt_001,Rendered text,AI,public_benchmark_v1_ext33_m2_57_topology_open_d0_c12_i090_min20,results\public_benchmark_v1_ext33_m2_57_topology_open_d0_c12_i090_min20\txt_001\prediction.dst,datasets\public_benchmark_v1_ext33\text_render_5\txt_001_mask.png,excellent,0.008,1,0,0.0,0,0.0,0.0,3646,4528,1844,1730,114,1828,16,0.474493,0.938178,0.40371,0.991323,0.008677,2,2,90.0,0.11679536
txt_001,Rendered text,AI,public_benchmark_v1_ext33_m2_57_topology_open_d0_c12_i090_min30,results\public_benchmark_v1_ext33_m2_57_topology_open_d0_c12_i090_min30\txt_001\prediction.dst,datasets\public_benchmark_v1_ext33\text_render_5\txt_001_mask.png,excellent,0.008,1,0,0.0,0,0.0,0.0,3646,4528,1844,1730,114,1828,16,0.474493,0.938178,0.40371,0.991323,0.008677,2,2,90.0,0.11679536
txt_001,Rendered text,AI,public_benchmark_v1_ext33_m2_57_topology_open_d0_c16_i085_min20,results\public_benchmark_v1_ext33_m2_57_topology_open_d0_c16_i085_min20\txt_001\prediction.dst,datasets\public_benchmark_v1_ext33\text_render_5\txt_001_mask.png,excellent,0.008,1,0,0.0,0,0.0,0.0,3646,4528,1844,1730,114,1828,16,0.474493,0.938178,0.40371,0.991323,0.008677,2,2,90.0,0.11679536
txt_001,Rendered text,AI,public_benchmark_v1_ext33_m2_57_topology_open_d0_c20_i080_min30,results\public_benchmark_v1_ext33_m2_57_topology_open_d0_c20_i080_min30\txt_001\prediction.dst,datasets\public_benchmark_v1_ext33\text_render_5\txt_001_mask.png,excellent,0.008,1,0,0.0,0,0.0,0.0,3646,4528,1844,1730,114,1828,16,0.474493,0.938178,0.40371,0.991323,0.008677,2,2,90.0,0.11679536
txt_001,Rendered text,AI,public_benchmark_v1_ext33_m2_57_topology_open_d0_c20_i080_min40,results\public_benchmark_v1_ext33_m2_57_topology_open_d0_c20_i080_min40\txt_001\prediction.dst,datasets\public_benchmark_v1_ext33\text_render_5\txt_001_mask.png,excellent,0.01644673,2,0,0.0,0,13.9603,0.0,3646,4528,1429,1330,99,1414,15,0.364783,0.930721,0.312279,0.989503,0.010497,2,2,90.0,0.14899061
txt_001,Rendered text,AI,public_benchmark_v1_ext33_m2_57_topology_open_d0_c24_i075_min40,results\public_benchmark_v1_ext33_m2_57_topology_open_d0_c24_i075_min40\txt_001\prediction.dst,datasets\public_benchmark_v1_ext33\text_render_5\txt_001_mask.png,pass,0.07097525,1,0,2.7989,0,0.0,0.0,3646,4528,1709,1538,171,1671,38,0.421832,0.899941,0.369037,0.977765,0.022235,2,2,90.0,0.21613325
txt_001,Rendered text,AI,public_benchmark_v1_ext33_m2_57_topology_open_d0_c24_i075_min60,results\public_benchmark_v1_ext33_m2_57_topology_open_d0_c24_i075_min60\txt_001\prediction.dst,datasets\public_benchmark_v1_ext33\text_render_5\txt_001_mask.png,excellent,0.008,1,0,0.0,0,0.0,0.0,3646,4528,857,758,99,842,15,0.207899,0.884481,0.185954,0.982497,0.017503,2,2,90.0,0.1642536
txt_001,Rendered text,AI,public_benchmark_v1_ext33_m2_57_topology_open_d0_c30_i070_min100,results\public_benchmark_v1_ext33_m2_57_topology_open_d0_c30_i070_min100\txt_001\prediction.dst,datasets\public_benchmark_v1_ext33\text_render_5\txt_001_mask.png,excellent,0.0,0,0,0.0,0,0.0,0.0,3646,4528,0,0,0,0,0,0.0,0.0,0.0,0.0,0.0,2,2,90.0,0.3352
txt_001,Rendered text,AI,public_benchmark_v1_ext33_m2_57_topology_open_d0_c30_i070_min80,results\public_benchmark_v1_ext33_m2_57_topology_open_d0_c30_i070_min80\txt_001\prediction.dst,datasets\public_benchmark_v1_ext33\text_render_5\txt_001_mask.png,excellent,0.0,0,0,0.0,0,0.0,0.0,3646,4528,0,0,0,0,0,0.0,0.0,0.0,0.0,0.0,2,2,90.0,0.3352
txt_001,Rendered text,AI,public_benchmark_v1_ext33_m2_57_topology_open_d1_c16_i085_min20,results\public_benchmark_v1_ext33_m2_57_topology_open_d1_c16_i085_min20\txt_001\prediction.dst,datasets\public_benchmark_v1_ext33\text_render_5\txt_001_mask.png,excellent,0.008,1,0,0.0,0,0.0,0.0,3646,4528,1844,1730,114,1828,16,0.474493,0.938178,0.40371,0.991323,0.008677,2,2,90.0,0.11679536
txt_001,Rendered text,AI,public_benchmark_v1_ext33_m2_57_topology_open_d1_c20_i080_min20,results\public_benchmark_v1_ext33_m2_57_topology_open_d1_c20_i080_min20\txt_001\prediction.dst,datasets\public_benchmark_v1_ext33\text_render_5\txt_001_mask.png,excellent,0.008,1,0,0.0,0,0.0,0.0,3646,4528,1844,1730,114,1828,16,0.474493,0.938178,0.40371,0.991323,0.008677,2,2,90.0,0.11679536
txt_001,Rendered text,AI,public_benchmark_v1_ext33_m2_57_topology_open_d1_c24_i070_min60,results\public_benchmark_v1_ext33_m2_57_topology_open_d1_c24_i070_min60\txt_001\prediction.dst,datasets\public_benchmark_v1_ext33\text_render_5\txt_001_mask.png,excellent,0.008,1,0,0.0,0,0.0,0.0,3646,4528,857,758,99,842,15,0.207899,0.884481,0.185954,0.982497,0.017503,2,2,90.0,0.1642536
txt_001,Rendered text,AI,public_benchmark_v1_ext33_m2_57_topology_open_d1_c24_i075_min40,results\public_benchmark_v1_ext33_m2_57_topology_open_d1_c24_i075_min40\txt_001\prediction.dst,datasets\public_benchmark_v1_ext33\text_render_5\txt_001_mask.png,pass,0.07097525,1,0,2.7989,0,0.0,0.0,3646,4528,1709,1538,171,1671,38,0.421832,0.899941,0.369037,0.977765,0.022235,2,2,90.0,0.21613325
txt_001,Rendered text,AI,public_benchmark_v1_ext33_m2_57_topology_open_d1_c30_i065_min80,results\public_benchmark_v1_ext33_m2_57_topology_open_d1_c30_i065_min80\txt_001\prediction.dst,datasets\public_benchmark_v1_ext33\text_render_5\txt_001_mask.png,excellent,0.0,0,0,0.0,0,0.0,0.0,3646,4528,0,0,0,0,0,0.0,0.0,0.0,0.0,0.0,2,2,90.0,0.3352
txt_001,Rendered text,AI,public_benchmark_v1_ext33_m2_57_topology_open_d2_c20_i075_min20,results\public_benchmark_v1_ext33_m2_57_topology_open_d2_c20_i075_min20\txt_001\prediction.dst,datasets\public_benchmark_v1_ext33\text_render_5\txt_001_mask.png,excellent,0.008,1,0,0.0,0,0.0,0.0,3646,4528,1844,1730,114,1828,16,0.474493,0.938178,0.40371,0.991323,0.008677,2,2,90.0,0.11679536
txt_001,Rendered text,AI,public_benchmark_v1_ext33_m2_57_topology_relative_rescue,results\public_benchmark_v1_ext33_m2_57_topology_relative_rescue\txt_001\prediction.dst,datasets\public_benchmark_v1_ext33\text_render_5\txt_001_mask.png,excellent,0.008,1,0,0.0,0,0.0,0.0,3646,4528,4344,3634,710,4190,154,0.996709,0.836556,0.925353,0.964549,0.035451,2,2,90.0,0.01375764
txt_001,Rendered text,AI,public_benchmark_v1_ext33_m2_57_topology_selector_probe_min100,results\public_benchmark_v1_ext33_m2_57_topology_selector_probe_min100\txt_001\prediction.dst,datasets\public_benchmark_v1_ext33\text_render_5\txt_001_mask.png,excellent,0.008,1,0,0.0,0,0.0,0.0,3646,4528,4344,3634,710,4190,154,0.996709,0.836556,0.925353,0.964549,0.035451,2,2,90.0,0.01375764
txt_001,Rendered text,AI,public_benchmark_v1_ext33_m2_57_topology_selector_probe_min100_j14,results\public_benchmark_v1_ext33_m2_57_topology_selector_probe_min100_j14\txt_001\prediction.dst,datasets\public_benchmark_v1_ext33\text_render_5\txt_001_mask.png,excellent,0.008,1,0,0.0,0,0.0,0.0,3646,4528,4344,3634,710,4190,154,0.996709,0.836556,0.925353,0.964549,0.035451,2,2,90.0,0.01375764
txt_001,Rendered text,AI,public_benchmark_v1_ext33_m2_58_coverage_aware_relative_rescue,results\public_benchmark_v1_ext33_m2_58_coverage_aware_relative_rescue\txt_001\prediction.dst,datasets\public_benchmark_v1_ext33\text_render_5\txt_001_mask.png,excellent,0.008,1,0,0.0,0,0.0,0.0,3646,4528,4344,3634,710,4190,154,0.996709,0.836556,0.925353,0.964549,0.035451,2,2,90.0,0.01375764
txt_001,Rendered text,AI,public_benchmark_v1_ext33_m2_59_anchored_quality_rescue_selector,results\public_benchmark_v1_ext33_m2_59_anchored_quality_rescue_selector\txt_001\prediction.dst,datasets\public_benchmark_v1_ext33\text_render_5\txt_001_mask.png,excellent,0.008,1,0,0.0,0,0.0,0.0,3646,4528,4344,3634,710,4190,154,0.996709,0.836556,0.925353,0.964549,0.035451,2,2,90.0,0.01375764
txt_001,Rendered text,AI,public_benchmark_v1_ext33_m2_59_grouped_topology_g_d0_c16_i085_s4_min12_p80,results\public_benchmark_v1_ext33_m2_59_grouped_topology_g_d0_c16_i085_s4_min12_p80\txt_001\prediction.dst,datasets\public_benchmark_v1_ext33\text_render_5\txt_001_mask.png,excellent,0.008,1,0,0.0,0,0.0,0.0,3646,4528,2444,2281,163,2422,22,0.625617,0.933306,0.534894,0.990998,0.009002,2,2,90.0,0.08896336
txt_001,Rendered text,AI,public_benchmark_v1_ext33_m2_59_grouped_topology_g_d0_c16_i090_s3_min20_p80,results\public_benchmark_v1_ext33_m2_59_grouped_topology_g_d0_c16_i090_s3_min20_p80\txt_001\prediction.dst,datasets\public_benchmark_v1_ext33\text_render_5\txt_001_mask.png,excellent,0.008,1,0,0.0,0,0.0,0.0,3646,4528,1844,1730,114,1828,16,0.474493,0.938178,0.40371,0.991323,0.008677,2,2,90.0,0.11679536
txt_001,Rendered text,AI,public_benchmark_v1_ext33_m2_59_grouped_topology_g_d0_c18_i092_s4_min12_p100,results\public_benchmark_v1_ext33_m2_59_grouped_topology_g_d0_c18_i092_s4_min12_p100\txt_001\prediction.dst,datasets\public_benchmark_v1_ext33\text_render_5\txt_001_mask.png,excellent,0.008,1,0,0.0,0,0.0,0.0,3646,4528,2444,2281,163,2422,22,0.625617,0.933306,0.534894,0.990998,0.009002,2,2,90.0,0.08896336
txt_001,Rendered text,AI,public_benchmark_v1_ext33_m2_59_grouped_topology_g_d0_c18_i095_s3_min12_p120,results\public_benchmark_v1_ext33_m2_59_grouped_topology_g_d0_c18_i095_s3_min12_p120\txt_001\prediction.dst,datasets\public_benchmark_v1_ext33\text_render_5\txt_001_mask.png,excellent,0.008,1,0,0.0,0,0.0,0.0,3646,4528,2444,2281,163,2422,22,0.625617,0.933306,0.534894,0.990998,0.009002,2,2,90.0,0.08896336
txt_001,Rendered text,AI,public_benchmark_v1_ext33_m2_59_grouped_topology_g_d0_c20_i080_s5_min12_p80,results\public_benchmark_v1_ext33_m2_59_grouped_topology_g_d0_c20_i080_s5_min12_p80\txt_001\prediction.dst,datasets\public_benchmark_v1_ext33\text_render_5\txt_001_mask.png,excellent,0.008,1,0,0.0,0,0.0,0.0,3646,4528,2444,2281,163,2422,22,0.625617,0.933306,0.534894,0.990998,0.009002,2,2,90.0,0.08896336
txt_001,Rendered text,AI,public_benchmark_v1_ext33_m2_59_grouped_topology_g_d0_c20_i090_s4_min12_p100,results\public_benchmark_v1_ext33_m2_59_grouped_topology_g_d0_c20_i090_s4_min12_p100\txt_001\prediction.dst,datasets\public_benchmark_v1_ext33\text_render_5\txt_001_mask.png,excellent,0.008,1,0,0.0,0,0.0,0.0,3646,4528,2444,2281,163,2422,22,0.625617,0.933306,0.534894,0.990998,0.009002,2,2,90.0,0.08896336
txt_001,Rendered text,AI,public_benchmark_v1_ext33_m2_59_grouped_topology_g_d0_c20_i095_s4_min12_p100,results\public_benchmark_v1_ext33_m2_59_grouped_topology_g_d0_c20_i095_s4_min12_p100\txt_001\prediction.dst,datasets\public_benchmark_v1_ext33\text_render_5\txt_001_mask.png,excellent,0.008,1,0,0.0,0,0.0,0.0,3646,4528,2444,2281,163,2422,22,0.625617,0.933306,0.534894,0.990998,0.009002,2,2,90.0,0.08896336
txt_001,Rendered text,AI,public_benchmark_v1_ext33_m2_59_grouped_topology_g_d0_c24_i075_s6_min20_p80,results\public_benchmark_v1_ext33_m2_59_grouped_topology_g_d0_c24_i075_s6_min20_p80\txt_001\prediction.dst,datasets\public_benchmark_v1_ext33\text_render_5\txt_001_mask.png,excellent,0.008,1,0,0.0,0,0.0,0.0,3646,4528,1844,1730,114,1828,16,0.474493,0.938178,0.40371,0.991323,0.008677,2,2,90.0,0.11679536
txt_001,Rendered text,AI,public_benchmark_v1_ext33_m2_59_grouped_topology_g_d0_c30_i070_s8_min30_p100,results\public_benchmark_v1_ext33_m2_59_grouped_topology_g_d0_c30_i070_s8_min30_p100\txt_001\prediction.dst,datasets\public_benchmark_v1_ext33\text_render_5\txt_001_mask.png,excellent,0.008,1,0,0.0,0,0.0,0.0,3646,4528,1844,1730,114,1828,16,0.474493,0.938178,0.40371,0.991323,0.008677,2,2,90.0,0.11679536
txt_001,Rendered text,AI,public_benchmark_v1_ext33_m2_59_grouped_topology_g_d1_c20_i075_s5_min12_p80,results\public_benchmark_v1_ext33_m2_59_grouped_topology_g_d1_c20_i075_s5_min12_p80\txt_001\prediction.dst,datasets\public_benchmark_v1_ext33\text_render_5\txt_001_mask.png,excellent,0.008,1,0,0.0,0,0.0,0.0,3646,4528,2444,2281,163,2422,22,0.625617,0.933306,0.534894,0.990998,0.009002,2,2,90.0,0.08896336
txt_001,Rendered text,AI,public_benchmark_v1_ext33_m2_59_quality_rescue_selector,results\public_benchmark_v1_ext33_m2_59_quality_rescue_selector\txt_001\prediction.dst,datasets\public_benchmark_v1_ext33\text_render_5\txt_001_mask.png,excellent,0.008,1,0,0.0,0,0.0,0.0,3646,4528,4344,3634,710,4190,154,0.996709,0.836556,0.925353,0.964549,0.035451,2,2,90.0,0.01375764
txt_001,Rendered text,AI,public_benchmark_v1_ext33_m2_5_learned_selector_applied,results\public_benchmark_v1_ext33_m2_5_learned_selector_applied\txt_001\prediction.dst,datasets\public_benchmark_v1_ext33\text_render_5\txt_001_mask.png,excellent,0.01645644,2,0,0.0,0,14.2636,0.0,3646,4528,2416,2265,151,2396,20,0.621229,0.9375,0.529152,0.991722,0.008278,2,2,90.0,0.10245988
txt_001,Rendered text,AI,public_benchmark_v1_ext33_m2_60_maskpath_combo_rescue_selector,results\public_benchmark_v1_ext33_m2_60_maskpath_combo_rescue_selector\txt_001\prediction.dst,datasets\public_benchmark_v1_ext33\text_render_5\txt_001_mask.png,excellent,0.008,1,0,0.0,0,0.0,0.0,3646,4528,4344,3634,710,4190,154,0.996709,0.836556,0.925353,0.964549,0.035451,2,2,90.0,0.01375764
txt_001,Rendered text,AI,public_benchmark_v1_ext33_m2_60_maskpath_mp_d0_r0_c20_i095_route24_f20_min12,results\public_benchmark_v1_ext33_m2_60_maskpath_mp_d0_r0_c20_i095_route24_f20_min12\txt_001\prediction.dst,datasets\public_benchmark_v1_ext33\text_render_5\txt_001_mask.png,excellent,0.008,1,0,0.0,0,0.0,0.0,3646,4528,2444,2281,163,2422,22,0.625617,0.933306,0.534894,0.990998,0.009002,2,2,90.0,0.08896336
txt_001,Rendered text,AI,public_benchmark_v1_ext33_m2_60_maskpath_mp_d0_r0_c20_i095_route32_f26_min12,results\public_benchmark_v1_ext33_m2_60_maskpath_mp_d0_r0_c20_i095_route32_f26_min12\txt_001\prediction.dst,datasets\public_benchmark_v1_ext33\text_render_5\txt_001_mask.png,excellent,0.008,1,0,0.0,0,0.0,0.0,3646,4528,2444,2281,163,2422,22,0.625617,0.933306,0.534894,0.990998,0.009002,2,2,90.0,0.08896336
txt_001,Rendered text,AI,public_benchmark_v1_ext33_m2_60_maskpath_mp_d0_r0_c20_i095_route32_f26_min20,results\public_benchmark_v1_ext33_m2_60_maskpath_mp_d0_r0_c20_i095_route32_f26_min20\txt_001\prediction.dst,datasets\public_benchmark_v1_ext33\text_render_5\txt_001_mask.png,excellent,0.008,1,0,0.0,0,0.0,0.0,3646,4528,1844,1730,114,1828,16,0.474493,0.938178,0.40371,0.991323,0.008677,2,2,90.0,0.11679536
txt_001,Rendered text,AI,public_benchmark_v1_ext33_m2_60_maskpath_mp_d0_r0_c24_i090_route36_f30_min12,results\public_benchmark_v1_ext33_m2_60_maskpath_mp_d0_r0_c24_i090_route36_f30_min12\txt_001\prediction.dst,datasets\public_benchmark_v1_ext33\text_render_5\txt_001_mask.png,excellent,0.008,1,0,0.0,0,0.0,0.0,3646,4528,2444,2281,163,2422,22,0.625617,0.933306,0.534894,0.990998,0.009002,2,2,90.0,0.08896336
txt_001,Rendered text,AI,public_benchmark_v1_ext33_m2_60_maskpath_mp_d0_r1_c20_i095_route32_f26_min12,results\public_benchmark_v1_ext33_m2_60_maskpath_mp_d0_r1_c20_i095_route32_f26_min12\txt_001\prediction.dst,datasets\public_benchmark_v1_ext33\text_render_5\txt_001_mask.png,excellent,0.008,1,0,0.0,0,0.0,0.0,3646,4528,2444,2281,163,2422,22,0.625617,0.933306,0.534894,0.990998,0.009002,2,2,90.0,0.08896336
txt_001,Rendered text,AI,public_benchmark_v1_ext33_m2_60_maskpath_mp_d0_r1_c24_i090_route36_f30_min12,results\public_benchmark_v1_ext33_m2_60_maskpath_mp_d0_r1_c24_i090_route36_f30_min12\txt_001\prediction.dst,datasets\public_benchmark_v1_ext33\text_render_5\txt_001_mask.png,excellent,0.008,1,0,0.0,0,0.0,0.0,3646,4528,2444,2281,163,2422,22,0.625617,0.933306,0.534894,0.990998,0.009002,2,2,90.0,0.08896336
txt_001,Rendered text,AI,public_benchmark_v1_ext33_m2_60_maskpath_rescue_selector,results\public_benchmark_v1_ext33_m2_60_maskpath_rescue_selector\txt_001\prediction.dst,datasets\public_benchmark_v1_ext33\text_render_5\txt_001_mask.png,excellent,0.008,1,0,0.0,0,0.0,0.0,3646,4528,4344,3634,710,4190,154,0.996709,0.836556,0.925353,0.964549,0.035451,2,2,90.0,0.01375764
txt_001,Rendered text,AI,public_benchmark_v1_ext33_m2_61_segment_graph_sg_d0_l035_c20_i095_r32_f26_min12,results\public_benchmark_v1_ext33_m2_61_segment_graph_sg_d0_l035_c20_i095_r32_f26_min12\txt_001\prediction.dst,datasets\public_benchmark_v1_ext33\text_render_5\txt_001_mask.png,excellent,0.008,1,0,0.0,0,0.0,0.0,3646,4528,2871,2535,336,2771,100,0.695283,0.882968,0.61197,0.965169,0.034831,2,2,90.0,0.07414096
txt_001,Rendered text,AI,public_benchmark_v1_ext33_m2_61_segment_graph_sg_d0_l050_c24_i090_r36_f30_min12,results\public_benchmark_v1_ext33_m2_61_segment_graph_sg_d0_l050_c24_i090_r36_f30_min12\txt_001\prediction.dst,datasets\public_benchmark_v1_ext33\text_render_5\txt_001_mask.png,excellent,0.008,1,0,0.0,0,0.0,0.0,3646,4528,2778,2483,295,2706,72,0.68102,0.893808,0.597615,0.974082,0.025918,2,2,90.0,0.0770046
txt_001,Rendered text,AI,public_benchmark_v1_ext33_m2_61_segment_graph_sg_d0_l070_c20_i095_r32_f26_min12,results\public_benchmark_v1_ext33_m2_61_segment_graph_sg_d0_l070_c20_i095_r32_f26_min12\txt_001\prediction.dst,datasets\public_benchmark_v1_ext33\text_render_5\txt_001_mask.png,excellent,0.008,1,0,0.0,0,0.0,0.0,3646,4528,2871,2535,336,2771,100,0.695283,0.882968,0.61197,0.965169,0.034831,2,2,90.0,0.07414096
txt_001,Rendered text,AI,public_benchmark_v1_ext33_m2_61_segment_graph_sg_d1_l050_c20_i095_r32_f26_min12,results\public_benchmark_v1_ext33_m2_61_segment_graph_sg_d1_l050_c20_i095_r32_f26_min12\txt_001\prediction.dst,datasets\public_benchmark_v1_ext33\text_render_5\txt_001_mask.png,hard_fail,0.188,1,0,12.882,0,0.0,0.0,3646,4528,2906,2534,372,2778,128,0.695008,0.871989,0.613516,0.955953,0.044047,2,2,90.0,0.38279744
txt_001,Rendered text,AI,public_benchmark_v1_ext33_m2_61_segment_graph_sg_euler_d0_l000_c20_i095_r32_f26_min12,results\public_benchmark_v1_ext33_m2_61_segment_graph_sg_euler_d0_l000_c20_i095_r32_f26_min12\txt_001\prediction.dst,datasets\public_benchmark_v1_ext33\text_render_5\txt_001_mask.png,excellent,0.008,1,0,0.0,0,0.0,0.0,3646,4528,2444,2281,163,2422,22,0.625617,0.933306,0.534894,0.990998,0.009002,2,2,90.0,0.08896336
txt_001,Rendered text,AI,public_benchmark_v1_ext33_m2_61_segment_graph_sg_euler_d0_l020_c24_i090_r36_f30_min12,results\public_benchmark_v1_ext33_m2_61_segment_graph_sg_euler_d0_l020_c24_i090_r36_f30_min12\txt_001\prediction.dst,datasets\public_benchmark_v1_ext33\text_render_5\txt_001_mask.png,excellent,0.008,1,0,0.0,0,0.0,0.0,3646,4528,2778,2483,295,2706,72,0.68102,0.893808,0.597615,0.974082,0.025918,2,2,90.0,0.0770046
txt_001,Rendered text,AI,public_benchmark_v1_ext33_m2_61_segment_graph_sg_euler_d0_l035_c20_i095_r32_f26_min12,results\public_benchmark_v1_ext33_m2_61_segment_graph_sg_euler_d0_l035_c20_i095_r32_f26_min12\txt_001\prediction.dst,datasets\public_benchmark_v1_ext33\text_render_5\txt_001_mask.png,excellent,0.008,1,0,0.0,0,0.0,0.0,3646,4528,2871,2535,336,2771,100,0.695283,0.882968,0.61197,0.965169,0.034831,2,2,90.0,0.07414096
txt_001,Rendered text,AI,public_benchmark_v1_ext33_m2_62_precision_rescue_selector,results\public_benchmark_v1_ext33_m2_62_precision_rescue_selector\txt_001\prediction.dst,datasets\public_benchmark_v1_ext33\text_render_5\txt_001_mask.png,excellent,0.008,1,0,0.0,0,0.0,0.0,3646,4528,4344,3634,710,4190,154,0.996709,0.836556,0.925353,0.964549,0.035451,2,2,90.0,0.01375764
txt_001,Rendered text,AI,public_benchmark_v1_ext33_m2_64_text_precision_rescue_selector,results\public_benchmark_v1_ext33_m2_64_text_precision_rescue_selector\txt_001\prediction.dst,datasets\public_benchmark_v1_ext33\text_render_5\txt_001_mask.png,excellent,0.008,1,0,0.0,0,0.0,0.0,3646,4528,4344,3634,710,4190,154,0.996709,0.836556,0.925353,0.964549,0.035451,2,2,90.0,0.01375764
txt_001,Rendered text,AI,public_benchmark_v1_ext33_m2_65_text_legibility_rescue_selector,results\public_benchmark_v1_ext33_m2_65_text_legibility_rescue_selector\txt_001\prediction.dst,datasets\public_benchmark_v1_ext33\text_render_5\txt_001_mask.png,excellent,0.008,1,0,0.0,0,0.0,0.0,3646,4528,4344,3634,710,4190,154,0.996709,0.836556,0.925353,0.964549,0.035451,2,2,90.0,0.01375764
txt_001,Rendered text,AI,public_benchmark_v1_ext33_m2_66_profile_switcher,results\public_benchmark_v1_ext33_m2_66_profile_switcher\txt_001\prediction.dst,datasets\public_benchmark_v1_ext33\text_render_5\txt_001_mask.png,excellent,0.008,1,0,0.0,0,0.0,0.0,3646,4528,4344,3634,710,4190,154,0.996709,0.836556,0.925353,0.964549,0.035451,2,2,90.0,0.01375764
txt_001,Rendered text,AI,public_benchmark_v1_ext33_m2_67_line_art_profile,results\public_benchmark_v1_ext33_m2_67_line_art_profile\txt_001\prediction.dst,datasets\public_benchmark_v1_ext33\text_render_5\txt_001_mask.png,excellent,0.008,1,0,0.0,0,0.0,0.0,3646,4528,4344,3634,710,4190,154,0.996709,0.836556,0.925353,0.964549,0.035451,2,2,90.0,0.01375764
txt_001,Rendered text,AI,public_benchmark_v1_ext33_m2_68_shape_aware_profile,results\public_benchmark_v1_ext33_m2_68_shape_aware_profile\txt_001\prediction.dst,datasets\public_benchmark_v1_ext33\text_render_5\txt_001_mask.png,excellent,0.008,1,0,0.0,0,0.0,0.0,3646,4528,4344,3634,710,4190,154,0.996709,0.836556,0.925353,0.964549,0.035451,2,2,90.0,0.01375764
txt_001,Rendered text,AI,public_benchmark_v1_ext33_mask_fill_edgewalk_dtsatin_o3_i8_s14_p90,results\public_benchmark_v1_ext33_mask_fill_edgewalk_dtsatin_o3_i8_s14_p90\txt_001\prediction.dst,datasets\public_benchmark_v1_ext33\text_render_5\txt_001_mask.png,excellent,0.008,1,0,0.0,0,0.0,0.0,3646,4528,5644,3646,1998,4528,1116,1.0,0.645996,1.0,0.802268,0.197732,2,2,90.0,0.02763712
txt_001,Rendered text,AI,public_benchmark_v1_ext33_mask_fill_edgewalk_dtsatin_o3_i9_s7,results\public_benchmark_v1_ext33_mask_fill_edgewalk_dtsatin_o3_i9_s7\txt_001\prediction.dst,datasets\public_benchmark_v1_ext33\text_render_5\txt_001_mask.png,excellent,0.008,1,0,0.0,0,0.0,0.0,3646,4528,5644,3646,1998,4528,1116,1.0,0.645996,1.0,0.802268,0.197732,2,2,90.0,0.02763712
txt_001,Rendered text,AI,public_benchmark_v1_ext33_mask_fill_edgewalk_nearest_rows16_p40,results\public_benchmark_v1_ext33_mask_fill_edgewalk_nearest_rows16_p40\txt_001\prediction.dst,datasets\public_benchmark_v1_ext33\text_render_5\txt_001_mask.png,excellent,0.008,1,0,0.0,0,0.0,0.0,3646,4528,5642,3646,1996,4528,1114,1.0,0.646225,1.0,0.802552,0.197448,2,2,90.0,0.02759168
txt_001,Rendered text,AI,public_benchmark_v1_ext33_mask_fill_edgewalk_nearestrow_adapt_t2_m5_rows16_p40,results\public_benchmark_v1_ext33_mask_fill_edgewalk_nearestrow_adapt_t2_m5_rows16_p40\txt_001\prediction.dst,datasets\public_benchmark_v1_ext33\text_render_5\txt_001_mask.png,excellent,0.008,1,0,0.0,0,0.0,0.0,3646,4528,4344,3634,710,4190,154,0.996709,0.836556,0.925353,0.964549,0.035451,2,2,90.0,0.01375764
txt_001,Rendered text,AI,public_benchmark_v1_ext33_mask_fill_edgewalk_nearestrow_adapt_t3_m6_rows16_p40,results\public_benchmark_v1_ext33_mask_fill_edgewalk_nearestrow_adapt_t3_m6_rows16_p40\txt_001\prediction.dst,datasets\public_benchmark_v1_ext33\text_render_5\txt_001_mask.png,excellent,0.008,1,0,0.0,0,0.0,0.0,3646,4528,4344,3634,710,4190,154,0.996709,0.836556,0.925353,0.964549,0.035451,2,2,90.0,0.01375764
txt_001,Rendered text,AI,public_benchmark_v1_ext33_mask_fill_edgewalk_nearestrow_adapt_t4_m8_rows16_p40,results\public_benchmark_v1_ext33_mask_fill_edgewalk_nearestrow_adapt_t4_m8_rows16_p40\txt_001\prediction.dst,datasets\public_benchmark_v1_ext33\text_render_5\txt_001_mask.png,excellent,0.008,1,0,0.0,0,0.0,0.0,3646,4528,4344,3634,710,4190,154,0.996709,0.836556,0.925353,0.964549,0.035451,2,2,90.0,0.01375764
txt_001,Rendered text,AI,public_benchmark_v1_ext33_mask_fill_edgewalk_nearestrow_evalfill_rows16_p40,results\public_benchmark_v1_ext33_mask_fill_edgewalk_nearestrow_evalfill_rows16_p40\txt_001\prediction.dst,datasets\public_benchmark_v1_ext33\text_render_5\txt_001_mask.png,excellent,0.01625054,2,0,0.0,0,7.8294,0.0,3646,4528,7222,3646,3576,4528,2694,1.0,0.504846,1.0,0.626973,0.373027,2,2,90.0,0.06793486
txt_001,Rendered text,AI,public_benchmark_v1_ext33_mask_fill_edgewalk_nearestrow_inset1_rows16_p40,results\public_benchmark_v1_ext33_mask_fill_edgewalk_nearestrow_inset1_rows16_p40\txt_001\prediction.dst,datasets\public_benchmark_v1_ext33\text_render_5\txt_001_mask.png,excellent,0.008,1,0,0.0,0,0.0,0.0,3646,4528,4729,3595,1134,4320,409,0.986012,0.760203,0.954064,0.913512,0.086488,2,2,90.0,0.012
txt_001,Rendered text,AI,public_benchmark_v1_ext33_mask_fill_edgewalk_nearestrow_inset2_rows16_p40,results\public_benchmark_v1_ext33_mask_fill_edgewalk_nearestrow_inset2_rows16_p40\txt_001\prediction.dst,datasets\public_benchmark_v1_ext33\text_render_5\txt_001_mask.png,excellent,0.008,1,0,0.0,0,0.0,0.0,3646,4528,4344,3634,710,4190,154,0.996709,0.836556,0.925353,0.964549,0.035451,2,2,90.0,0.01375764
txt_001,Rendered text,AI,public_benchmark_v1_ext33_mask_fill_edgewalk_nearestrow_qdirect_rows16_p40,results\public_benchmark_v1_ext33_mask_fill_edgewalk_nearestrow_qdirect_rows16_p40\txt_001\prediction.dst,datasets\public_benchmark_v1_ext33\text_render_5\txt_001_mask.png,excellent,0.008,1,0,0.0,0,0.0,0.0,3646,4528,5257,3646,1611,4528,729,1.0,0.693551,1.0,0.861328,0.138672,2,2,90.0,0.01818752
txt_001,Rendered text,AI,public_benchmark_v1_ext33_mask_fill_edgewalk_nearestrow_qpath090_rows16_p40,results\public_benchmark_v1_ext33_mask_fill_edgewalk_nearestrow_qpath090_rows16_p40\txt_001\prediction.dst,datasets\public_benchmark_v1_ext33\text_render_5\txt_001_mask.png,excellent,0.008,1,0,0.0,0,0.0,0.0,3646,4528,5257,3646,1611,4528,729,1.0,0.693551,1.0,0.861328,0.138672,2,2,90.0,0.01818752
txt_001,Rendered text,AI,public_benchmark_v1_ext33_mask_fill_edgewalk_nearestrow_qpath095_rows16_p40,results\public_benchmark_v1_ext33_mask_fill_edgewalk_nearestrow_qpath095_rows16_p40\txt_001\prediction.dst,datasets\public_benchmark_v1_ext33\text_render_5\txt_001_mask.png,excellent,0.008,1,0,0.0,0,0.0,0.0,3646,4528,5257,3646,1611,4528,729,1.0,0.693551,1.0,0.861328,0.138672,2,2,90.0,0.01818752
txt_001,Rendered text,AI,public_benchmark_v1_ext33_mask_fill_edgewalk_nearestrow_quantvalid_rows16_p40,results\public_benchmark_v1_ext33_mask_fill_edgewalk_nearestrow_quantvalid_rows16_p40\txt_001\prediction.dst,datasets\public_benchmark_v1_ext33\text_render_5\txt_001_mask.png,excellent,0.008,1,0,0.0,0,0.0,0.0,3646,4528,5257,3646,1611,4528,729,1.0,0.693551,1.0,0.861328,0.138672,2,2,90.0,0.01818752
txt_001,Rendered text,AI,public_benchmark_v1_ext33_mask_fill_edgewalk_nearestrow_rows16_p40,results\public_benchmark_v1_ext33_mask_fill_edgewalk_nearestrow_rows16_p40\txt_001\prediction.dst,datasets\public_benchmark_v1_ext33\text_render_5\txt_001_mask.png,excellent,0.008,1,0,0.0,0,0.0,0.0,3646,4528,5257,3646,1611,4528,729,1.0,0.693551,1.0,0.861328,0.138672,2,2,90.0,0.01818752
txt_001,Rendered text,AI,public_benchmark_v1_ext33_mask_fill_edgewalk_nearestrow_safeadt_rows16_p40,results\public_benchmark_v1_ext33_mask_fill_edgewalk_nearestrow_safeadt_rows16_p40\txt_001\prediction.dst,datasets\public_benchmark_v1_ext33\text_render_5\txt_001_mask.png,excellent,0.01623934,2,0,0.0,0,7.4793,0.0,3646,4528,6331,3646,2685,4528,1803,1.0,0.575896,1.0,0.715211,0.284789,2,2,90.0,0.05380558
txt_001,Rendered text,AI,public_benchmark_v1_ext33_mask_fill_edgewalk_nearestrow_safeadt_t2m5_r035_a32_rows16_p40,results\public_benchmark_v1_ext33_mask_fill_edgewalk_nearestrow_safeadt_t2m5_r035_a32_rows16_p40\txt_001\prediction.dst,datasets\public_benchmark_v1_ext33\text_render_5\txt_001_mask.png,excellent,0.01623934,2,0,0.0,0,7.4793,0.0,3646,4528,6331,3646,2685,4528,1803,1.0,0.575896,1.0,0.715211,0.284789,2,2,90.0,0.05380558
txt_001,Rendered text,AI,public_benchmark_v1_ext33_mask_fill_edgewalk_nearestrow_safeadt_t2m5_r055_a64_rows16_p40,results\public_benchmark_v1_ext33_mask_fill_edgewalk_nearestrow_safeadt_t2m5_r055_a64_rows16_p40\txt_001\prediction.dst,datasets\public_benchmark_v1_ext33\text_render_5\txt_001_mask.png,excellent,0.01623934,2,0,0.0,0,7.4793,0.0,3646,4528,6331,3646,2685,4528,1803,1.0,0.575896,1.0,0.715211,0.284789,2,2,90.0,0.05380558
txt_001,Rendered text,AI,public_benchmark_v1_ext33_mask_fill_edgewalk_nearestrow_segvalid_rows16_p40,results\public_benchmark_v1_ext33_mask_fill_edgewalk_nearestrow_segvalid_rows16_p40\txt_001\prediction.dst,datasets\public_benchmark_v1_ext33\text_render_5\txt_001_mask.png,excellent,0.008,1,0,0.0,0,0.0,0.0,3646,4528,5257,3646,1611,4528,729,1.0,0.693551,1.0,0.861328,0.138672,2,2,90.0,0.01818752
txt_001,Rendered text,AI,public_benchmark_v1_ext33_mask_fill_edgewalk_nearestrow_strict_p20_rows16,results\public_benchmark_v1_ext33_mask_fill_edgewalk_nearestrow_strict_p20_rows16\txt_001\prediction.dst,datasets\public_benchmark_v1_ext33\text_render_5\txt_001_mask.png,excellent,0.02473291,3,0,0.0,0,22.9035,0.0,3646,4528,5254,3646,1608,4528,726,1.0,0.693947,1.0,0.86182,0.13818,2,2,90.0,0.04284171
txt_001,Rendered text,AI,public_benchmark_v1_ext33_mask_fill_edgewalk_nearestrow_strict_p40_rows16,results\public_benchmark_v1_ext33_mask_fill_edgewalk_nearestrow_strict_p40_rows16\txt_001\prediction.dst,datasets\public_benchmark_v1_ext33\text_render_5\txt_001_mask.png,excellent,0.008,1,0,0.0,0,0.0,0.0,3646,4528,5257,3646,1611,4528,729,1.0,0.693551,1.0,0.861328,0.138672,2,2,90.0,0.01818752
txt_001,Rendered text,AI,public_benchmark_v1_ext33_mask_fill_edgewalk_outline_ext_in2_rows16_p40,results\public_benchmark_v1_ext33_mask_fill_edgewalk_outline_ext_in2_rows16_p40\txt_001\prediction.dst,datasets\public_benchmark_v1_ext33\text_render_5\txt_001_mask.png,excellent,0.008,1,0,0.0,0,0.0,0.0,3646,4528,5654,3646,2008,4528,1126,1.0,0.644853,1.0,0.800849,0.199151,2,2,90.0,0.02786416
txt_001,Rendered text,AI,public_benchmark_v1_ext33_mask_fill_edgewalk_outline_ext_in3_rows16_p40,results\public_benchmark_v1_ext33_mask_fill_edgewalk_outline_ext_in3_rows16_p40\txt_001\prediction.dst,datasets\public_benchmark_v1_ext33\text_render_5\txt_001_mask.png,excellent,0.008,1,0,0.0,0,0.0,0.0,3646,4528,5643,3646,1997,4528,1115,1.0,0.64611,1.0,0.80241,0.19759,2,2,90.0,0.0276144
txt_001,Rendered text,AI,public_benchmark_v1_ext33_mask_fill_edgewalk_outline_ext_rows16_p40,results\public_benchmark_v1_ext33_mask_fill_edgewalk_outline_ext_rows16_p40\txt_001\prediction.dst,datasets\public_benchmark_v1_ext33\text_render_5\txt_001_mask.png,excellent,0.008,1,0,0.0,0,0.0,0.0,3646,4528,5814,3646,2168,4528,1286,1.0,0.627107,1.0,0.77881,0.22119,2,2,90.0,0.0313904
txt_001,Rendered text,AI,public_benchmark_v1_ext33_mask_fill_edgewalk_outline_rows16_p40,results\public_benchmark_v1_ext33_mask_fill_edgewalk_outline_rows16_p40\txt_001\prediction.dst,datasets\public_benchmark_v1_ext33\text_render_5\txt_001_mask.png,excellent,0.008,1,0,0.0,0,0.0,0.0,3646,4528,5814,3646,2168,4528,1286,1.0,0.627107,1.0,0.77881,0.22119,2,2,90.0,0.0313904
txt_001,Rendered text,AI,public_benchmark_v1_ext33_mask_fill_edgewalk_rows16_p24,results\public_benchmark_v1_ext33_mask_fill_edgewalk_rows16_p24\txt_001\prediction.dst,datasets\public_benchmark_v1_ext33\text_render_5\txt_001_mask.png,warning,0.20694876,25,0,0.0,0,217.1488,0.0,3646,4528,5331,3646,1685,4527,804,1.0,0.683924,0.999779,0.849184,0.150816,2,2,90.0,0.31507932
txt_001,Rendered text,AI,public_benchmark_v1_ext33_mask_fill_edgewalk_rows16_p40,results\public_benchmark_v1_ext33_mask_fill_edgewalk_rows16_p40\txt_001\prediction.dst,datasets\public_benchmark_v1_ext33\text_render_5\txt_001_mask.png,excellent,0.008,1,0,0.0,0,0.0,0.0,3646,4528,5642,3646,1996,4528,1114,1.0,0.646225,1.0,0.802552,0.197448,2,2,90.0,0.02759168
txt_001,Rendered text,AI,public_benchmark_v1_ext33_mask_fill_edgewalk_rows20_p24,results\public_benchmark_v1_ext33_mask_fill_edgewalk_rows20_p24\txt_001\prediction.dst,datasets\public_benchmark_v1_ext33\text_render_5\txt_001_mask.png,warning,0.18665458,21,0,0.5657,0,185.1977,0.0,3646,4528,5401,3646,1755,4523,878,1.0,0.67506,0.998896,0.837438,0.162562,2,2,90.0,0.2863215
txt_001,Rendered text,AI,public_benchmark_v1_ext33_mask_fill_edgewalk_satin_w4_s6_i3,results\public_benchmark_v1_ext33_mask_fill_edgewalk_satin_w4_s6_i3\txt_001\prediction.dst,datasets\public_benchmark_v1_ext33\text_render_5\txt_001_mask.png,excellent,0.008,1,0,0.0,0,0.0,0.0,3646,4528,5643,3646,1997,4528,1115,1.0,0.64611,1.0,0.80241,0.19759,2,2,90.0,0.0276144
txt_001,Rendered text,AI,public_benchmark_v1_ext33_mask_fill_edgewalk_satin_w6_s5_i3,results\public_benchmark_v1_ext33_mask_fill_edgewalk_satin_w6_s5_i3\txt_001\prediction.dst,datasets\public_benchmark_v1_ext33\text_render_5\txt_001_mask.png,excellent,0.008,1,0,0.0,0,0.0,0.0,3646,4528,5643,3646,1997,4528,1115,1.0,0.64611,1.0,0.80241,0.19759,2,2,90.0,0.0276144
txt_001,Rendered text,AI,public_benchmark_v1_ext33_mask_fill_edgewalk_satin_w8_s7_i4,results\public_benchmark_v1_ext33_mask_fill_edgewalk_satin_w8_s7_i4\txt_001\prediction.dst,datasets\public_benchmark_v1_ext33\text_render_5\txt_001_mask.png,excellent,0.008,1,0,0.0,0,0.0,0.0,3646,4528,5642,3646,1996,4528,1114,1.0,0.646225,1.0,0.802552,0.197448,2,2,90.0,0.02759168
txt_001,Rendered text,AI,public_benchmark_v1_ext33_mask_fill_edgewalk_satinrail_w10_s8_i5,results\public_benchmark_v1_ext33_mask_fill_edgewalk_satinrail_w10_s8_i5\txt_001\prediction.dst,datasets\public_benchmark_v1_ext33\text_render_5\txt_001_mask.png,excellent,0.008,1,0,0.0,0,0.0,0.0,3646,4528,5642,3646,1996,4528,1114,1.0,0.646225,1.0,0.802552,0.197448,2,2,90.0,0.02759168
txt_001,Rendered text,AI,public_benchmark_v1_ext33_mask_fill_edgewalk_satinrail_w6_s6_i3,results\public_benchmark_v1_ext33_mask_fill_edgewalk_satinrail_w6_s6_i3\txt_001\prediction.dst,datasets\public_benchmark_v1_ext33\text_render_5\txt_001_mask.png,excellent,0.008,1,0,0.0,0,0.0,0.0,3646,4528,5643,3646,1997,4528,1115,1.0,0.64611,1.0,0.80241,0.19759,2,2,90.0,0.0276144
txt_001,Rendered text,AI,public_benchmark_v1_ext33_mask_fill_edgewalk_satinrail_w8_s7_i4,results\public_benchmark_v1_ext33_mask_fill_edgewalk_satinrail_w8_s7_i4\txt_001\prediction.dst,datasets\public_benchmark_v1_ext33\text_render_5\txt_001_mask.png,excellent,0.008,1,0,0.0,0,0.0,0.0,3646,4528,5642,3646,1996,4528,1114,1.0,0.646225,1.0,0.802552,0.197448,2,2,90.0,0.02759168
txt_001,Rendered text,AI,public_benchmark_v1_ext33_mask_fill_edgewalk_styleaware_r008_d45,results\public_benchmark_v1_ext33_mask_fill_edgewalk_styleaware_r008_d45\txt_001\prediction.dst,datasets\public_benchmark_v1_ext33\text_render_5\txt_001_mask.png,excellent,0.008,1,0,0.0,0,0.0,0.0,3646,4528,5642,3646,1996,4528,1114,1.0,0.646225,1.0,0.802552,0.197448,2,2,90.0,0.02759168
txt_001,Rendered text,AI,public_benchmark_v1_ext33_mask_fill_nearestrow_strict_short_rows16,results\public_benchmark_v1_ext33_mask_fill_nearestrow_strict_short_rows16\txt_001\prediction.dst,datasets\public_benchmark_v1_ext33\text_render_5\txt_001_mask.png,excellent,0.04125135,5,0,0.0,0,39.1048,0.0,3646,4528,5089,3646,1443,4528,561,1.0,0.716447,1.0,0.889762,0.110238,2,2,90.0,0.06288943
txt_001,Rendered text,AI,public_benchmark_v1_ext33_mask_fill_rows12_c10,results\public_benchmark_v1_ext33_mask_fill_rows12_c10\txt_001\prediction.dst,datasets\public_benchmark_v1_ext33\text_render_5\txt_001_mask.png,hard_fail,0.21940502,68,0,0.0,0,606.4069,0.0,3646,4528,5147,3646,1501,4528,619,1.0,0.708374,1.0,0.879736,0.120264,2,2,90.0,0.49464726
txt_001,Rendered text,AI,public_benchmark_v1_ext33_mask_fill_rows12_c6,results\public_benchmark_v1_ext33_mask_fill_rows12_c6\txt_001\prediction.dst,datasets\public_benchmark_v1_ext33\text_render_5\txt_001_mask.png,hard_fail,0.22224136,78,0,0.0,0,695.0425,0.0,3646,4528,5098,3646,1452,4528,570,1.0,0.715182,1.0,0.888191,0.111809,2,2,90.0,0.5361308
txt_001,Rendered text,AI,public_benchmark_v1_ext33_mask_fill_rows16_c12_in025,results\public_benchmark_v1_ext33_mask_fill_rows16_c12_in025\txt_001\prediction.dst,datasets\public_benchmark_v1_ext33\text_render_5\txt_001_mask.png,hard_fail,0.33843264,39,0,5.675,0,335.7855,0.0,3646,4528,5137,3646,1491,4527,610,1.0,0.709753,0.999779,0.881254,0.118746,2,2,90.0,0.554182
txt_001,Rendered text,AI,public_benchmark_v1_ext33_mask_fill_rows16_c12_in050,results\public_benchmark_v1_ext33_mask_fill_rows16_c12_in050\txt_001\prediction.dst,datasets\public_benchmark_v1_ext33\text_render_5\txt_001_mask.png,hard_fail,0.33843264,39,0,5.675,0,335.7855,0.0,3646,4528,5137,3646,1491,4527,610,1.0,0.709753,0.999779,0.881254,0.118746,2,2,90.0,0.554182
txt_001,Rendered text,AI,public_benchmark_v1_ext33_mask_fill_rows16_c6,results\public_benchmark_v1_ext33_mask_fill_rows16_c6\txt_001\prediction.dst,datasets\public_benchmark_v1_ext33\text_render_5\txt_001_mask.png,hard_fail,0.21325394,47,0,0.0,0,414.1855,0.0,3646,4528,4970,3646,1324,4527,443,1.0,0.733602,0.999779,0.910865,0.089135,2,2,90.0,0.40125394
txt_001,Rendered text,AI,public_benchmark_v1_ext33_mask_fill_rows20_c12_in050,results\public_benchmark_v1_ext33_mask_fill_rows20_c12_in050\txt_001\prediction.dst,datasets\public_benchmark_v1_ext33\text_render_5\txt_001_mask.png,hard_fail,0.30802386,33,0,4.4,0,281.9957,0.0,3646,4528,5121,3646,1475,4487,634,1.0,0.71197,0.990945,0.876196,0.123804,2,2,90.0,0.4878325
txt_002,Rendered text,DST,public_benchmark_v1_core20_auto_hybrid_skeleton_connect12_trimcap20,results\public_benchmark_v1_core20_auto_hybrid_skeleton_connect12_trimcap20\txt_002\prediction.dst,datasets\public_benchmark_v1_ext33\text_render_5\txt_002_mask.png,excellent,0.0743205,9,0,0.0,0,72.5157,0.0,7322,9144,5116,4758,358,5062,54,0.649822,0.930023,0.553587,0.989445,0.010555,2,2,90.0,0.1831043
txt_002,Rendered text,DST,public_benchmark_v1_core20_source_aware_hybrid_skeleton,results\public_benchmark_v1_core20_source_aware_hybrid_skeleton\txt_002\prediction.dst,datasets\public_benchmark_v1_ext33\text_render_5\txt_002_mask.png,warning,0.19211123,21,3,0.0,0,190.9758,0.0,7322,9144,5020,4702,318,4978,42,0.642174,0.936653,0.544401,0.991633,0.008367,2,2,90.0,0.35660919
txt_002,Rendered text,DST,public_benchmark_v1_core20_source_aware_hybrid_skeleton_connect12,results\public_benchmark_v1_core20_source_aware_hybrid_skeleton_connect12\txt_002\prediction.dst,datasets\public_benchmark_v1_ext33\text_render_5\txt_002_mask.png,excellent,0.0743205,9,0,0.0,0,72.5157,0.0,7322,9144,5116,4758,358,5062,54,0.649822,0.930023,0.553587,0.989445,0.010555,2,2,90.0,0.1831043
txt_002,Rendered text,DST,public_benchmark_v1_core20_source_aware_hybrid_skeleton_connect12_trimcap20,results\public_benchmark_v1_core20_source_aware_hybrid_skeleton_connect12_trimcap20\txt_002\prediction.dst,datasets\public_benchmark_v1_ext33\text_render_5\txt_002_mask.png,excellent,0.0743205,9,0,0.0,0,72.5157,0.0,7322,9144,5116,4758,358,5062,54,0.649822,0.930023,0.553587,0.989445,0.010555,2,2,90.0,0.1831043
txt_002,Rendered text,DST,public_benchmark_v1_ext33_all_skeleton_connect20_trimcap20,results\public_benchmark_v1_ext33_all_skeleton_connect20_trimcap20\txt_002\prediction.dst,datasets\public_benchmark_v1_ext33\text_render_5\txt_002_mask.png,excellent,0.04130528,5,0,0.0,0,40.79,0.0,7322,9144,5413,4939,474,5330,83,0.674542,0.912433,0.582896,0.984667,0.015333,2,2,90.0,0.1285944
txt_002,Rendered text,DST,public_benchmark_v1_ext33_all_skeleton_connect30_min12_trimcap20,results\public_benchmark_v1_ext33_all_skeleton_connect30_min12_trimcap20\txt_002\prediction.dst,datasets\public_benchmark_v1_ext33\text_render_5\txt_002_mask.png,excellent,0.04130528,5,0,0.0,0,40.79,0.0,7322,9144,5340,4851,489,5228,112,0.662524,0.908427,0.571741,0.979026,0.020974,2,2,90.0,0.13089444
txt_002,Rendered text,DST,public_benchmark_v1_ext33_all_skeleton_connect30_min20_trimcap20,results\public_benchmark_v1_ext33_all_skeleton_connect30_min20_trimcap20\txt_002\prediction.dst,datasets\public_benchmark_v1_ext33\text_render_5\txt_002_mask.png,excellent,0.04130528,5,0,0.0,0,40.79,0.0,7322,9144,5340,4851,489,5228,112,0.662524,0.908427,0.571741,0.979026,0.020974,2,2,90.0,0.13089444
txt_002,Rendered text,DST,public_benchmark_v1_ext33_all_skeleton_connect30_min8_trimcap20,results\public_benchmark_v1_ext33_all_skeleton_connect30_min8_trimcap20\txt_002\prediction.dst,datasets\public_benchmark_v1_ext33\text_render_5\txt_002_mask.png,excellent,0.04130528,5,0,0.0,0,40.79,0.0,7322,9144,5419,4928,491,5320,99,0.67304,0.909393,0.581802,0.981731,0.018269,2,2,90.0,0.12884584
txt_002,Rendered text,DST,public_benchmark_v1_ext33_all_skeleton_connect30_trimcap20,results\public_benchmark_v1_ext33_all_skeleton_connect30_trimcap20\txt_002\prediction.dst,datasets\public_benchmark_v1_ext33\text_render_5\txt_002_mask.png,excellent,0.04130528,5,0,0.0,0,40.79,0.0,7322,9144,5413,4939,474,5330,83,0.674542,0.912433,0.582896,0.984667,0.015333,2,2,90.0,0.1285944
txt_002,Rendered text,DST,public_benchmark_v1_ext33_auto_hybrid_evalrepair_r10_c20_trimcap20,results\public_benchmark_v1_ext33_auto_hybrid_evalrepair_r10_c20_trimcap20\txt_002\prediction.dst,datasets\public_benchmark_v1_ext33\text_render_5\txt_002_mask.png,excellent,0.04130528,5,0,0.0,0,40.79,0.0,7322,9144,5413,4939,474,5330,83,0.674542,0.912433,0.582896,0.984667,0.015333,2,2,90.0,0.1285944
txt_002,Rendered text,DST,public_benchmark_v1_ext33_auto_hybrid_evalrepair_r10_inside085_c20_trimcap20,results\public_benchmark_v1_ext33_auto_hybrid_evalrepair_r10_inside085_c20_trimcap20\txt_002\prediction.dst,datasets\public_benchmark_v1_ext33\text_render_5\txt_002_mask.png,excellent,0.04130528,5,0,0.0,0,40.79,0.0,7322,9144,5413,4939,474,5330,83,0.674542,0.912433,0.582896,0.984667,0.015333,2,2,90.0,0.1285944
txt_002,Rendered text,DST,public_benchmark_v1_ext33_auto_hybrid_evalrepair_r10_inside090_c20_trimcap20,results\public_benchmark_v1_ext33_auto_hybrid_evalrepair_r10_inside090_c20_trimcap20\txt_002\prediction.dst,datasets\public_benchmark_v1_ext33\text_render_5\txt_002_mask.png,excellent,0.04130528,5,0,0.0,0,40.79,0.0,7322,9144,5413,4939,474,5330,83,0.674542,0.912433,0.582896,0.984667,0.015333,2,2,90.0,0.1285944
txt_002,Rendered text,DST,public_benchmark_v1_ext33_auto_hybrid_evalrepair_r15_c20_trimcap20,results\public_benchmark_v1_ext33_auto_hybrid_evalrepair_r15_c20_trimcap20\txt_002\prediction.dst,datasets\public_benchmark_v1_ext33\text_render_5\txt_002_mask.png,excellent,0.04130528,5,0,0.0,0,40.79,0.0,7322,9144,5413,4939,474,5330,83,0.674542,0.912433,0.582896,0.984667,0.015333,2,2,90.0,0.1285944
txt_002,Rendered text,DST,public_benchmark_v1_ext33_auto_hybrid_evalrepair_r15_inside090_c20_trimcap20,results\public_benchmark_v1_ext33_auto_hybrid_evalrepair_r15_inside090_c20_trimcap20\txt_002\prediction.dst,datasets\public_benchmark_v1_ext33\text_render_5\txt_002_mask.png,excellent,0.04130528,5,0,0.0,0,40.79,0.0,7322,9144,5413,4939,474,5330,83,0.674542,0.912433,0.582896,0.984667,0.015333,2,2,90.0,0.1285944
txt_002,Rendered text,DST,public_benchmark_v1_ext33_auto_hybrid_r10_c16_trimcap20,results\public_benchmark_v1_ext33_auto_hybrid_r10_c16_trimcap20\txt_002\prediction.dst,datasets\public_benchmark_v1_ext33\text_render_5\txt_002_mask.png,excellent,0.05787229,7,0,0.0,0,58.5092,0.0,7322,9144,5267,4840,427,5194,73,0.661022,0.918929,0.568023,0.98614,0.01386,2,2,90.0,0.15602777
txt_002,Rendered text,DST,public_benchmark_v1_ext33_auto_hybrid_r10_c20_trimcap20,results\public_benchmark_v1_ext33_auto_hybrid_r10_c20_trimcap20\txt_002\prediction.dst,datasets\public_benchmark_v1_ext33\text_render_5\txt_002_mask.png,excellent,0.04130528,5,0,0.0,0,40.79,0.0,7322,9144,5413,4939,474,5330,83,0.674542,0.912433,0.582896,0.984667,0.015333,2,2,90.0,0.1285944
txt_002,Rendered text,DST,public_benchmark_v1_ext33_auto_hybrid_r125_c16_trimcap20,results\public_benchmark_v1_ext33_auto_hybrid_r125_c16_trimcap20\txt_002\prediction.dst,datasets\public_benchmark_v1_ext33\text_render_5\txt_002_mask.png,excellent,0.05787229,7,0,0.0,0,58.5092,0.0,7322,9144,5267,4840,427,5194,73,0.661022,0.918929,0.568023,0.98614,0.01386,2,2,90.0,0.15602777
txt_002,Rendered text,DST,public_benchmark_v1_ext33_auto_hybrid_r125_c20_trimcap20,results\public_benchmark_v1_ext33_auto_hybrid_r125_c20_trimcap20\txt_002\prediction.dst,datasets\public_benchmark_v1_ext33\text_render_5\txt_002_mask.png,excellent,0.04130528,5,0,0.0,0,40.79,0.0,7322,9144,5413,4939,474,5330,83,0.674542,0.912433,0.582896,0.984667,0.015333,2,2,90.0,0.1285944
txt_002,Rendered text,DST,public_benchmark_v1_ext33_auto_hybrid_skeleton_connect12_trimcap20,results\public_benchmark_v1_ext33_auto_hybrid_skeleton_connect12_trimcap20\txt_002\prediction.dst,datasets\public_benchmark_v1_ext33\text_render_5\txt_002_mask.png,excellent,0.0743205,9,0,0.0,0,72.5157,0.0,7322,9144,5116,4758,358,5062,54,0.649822,0.930023,0.553587,0.989445,0.010555,2,2,90.0,0.1831043
txt_002,Rendered text,DST,public_benchmark_v1_ext33_b0_m2_1_globalrepair20,results\public_benchmark_v1_ext33_b0_m2_1_globalrepair20\txt_002\prediction.dst,datasets\public_benchmark_v1_ext33\text_render_5\txt_002_mask.png,hard_fail,0.53497268,27,5,403.7638,90,155.3962,323.2969,7322,9144,9048,6780,2268,8081,967,0.925977,0.749337,0.883749,0.893126,0.106874,2,2,90.0,11.90278248
txt_002,Rendered text,DST,public_benchmark_v1_ext33_m2_4_coverage_rerank,results\public_benchmark_v1_ext33_m2_4_coverage_rerank\txt_002\prediction.dst,datasets\public_benchmark_v1_ext33\text_render_5\txt_002_mask.png,excellent,0.04130528,5,0,0.0,0,40.79,0.0,7322,9144,5413,4939,474,5330,83,0.674542,0.912433,0.582896,0.984667,0.015333,2,2,90.0,0.1285944
txt_002,Rendered text,DST,public_benchmark_v1_ext33_m2_4_coverage_rerank_connect30,results\public_benchmark_v1_ext33_m2_4_coverage_rerank_connect30\txt_002\prediction.dst,datasets\public_benchmark_v1_ext33\text_render_5\txt_002_mask.png,excellent,0.04130528,5,0,0.0,0,40.79,0.0,7322,9144,5413,4939,474,5330,83,0.674542,0.912433,0.582896,0.984667,0.015333,2,2,90.0,0.1285944
txt_002,Rendered text,DST,public_benchmark_v1_ext33_m2_4_coverage_rerank_min12,results\public_benchmark_v1_ext33_m2_4_coverage_rerank_min12\txt_002\prediction.dst,datasets\public_benchmark_v1_ext33\text_render_5\txt_002_mask.png,excellent,0.04130528,5,0,0.0,0,40.79,0.0,7322,9144,5413,4939,474,5330,83,0.674542,0.912433,0.582896,0.984667,0.015333,2,2,90.0,0.1285944
txt_002,Rendered text,DST,public_benchmark_v1_ext33_m2_4_coverage_rerank_min20,results\public_benchmark_v1_ext33_m2_4_coverage_rerank_min20\txt_002\prediction.dst,datasets\public_benchmark_v1_ext33\text_render_5\txt_002_mask.png,excellent,0.04130528,5,0,0.0,0,40.79,0.0,7322,9144,5413,4939,474,5330,83,0.674542,0.912433,0.582896,0.984667,0.015333,2,2,90.0,0.1285944
txt_002,Rendered text,DST,public_benchmark_v1_ext33_m2_4_coverage_rerank_min8,results\public_benchmark_v1_ext33_m2_4_coverage_rerank_min8\txt_002\prediction.dst,datasets\public_benchmark_v1_ext33\text_render_5\txt_002_mask.png,excellent,0.04130528,5,0,0.0,0,40.79,0.0,7322,9144,5413,4939,474,5330,83,0.674542,0.912433,0.582896,0.984667,0.015333,2,2,90.0,0.1285944
txt_002,Rendered text,DST,public_benchmark_v1_ext33_m2_51_sweeptuned_gate_balanced_applied,results\public_benchmark_v1_ext33_m2_51_sweeptuned_gate_balanced_applied\txt_002\prediction.dst,datasets\public_benchmark_v1_ext33\text_render_5\txt_002_mask.png,excellent,0.01619731,2,0,0.0,0,6.166,0.0,7322,9144,10100,7322,2778,8984,1116,1.0,0.72495,0.982502,0.889505,0.110495,2,2,90.0,0.02587651
txt_002,Rendered text,DST,public_benchmark_v1_ext33_m2_51_sweeptuned_gate_low_jump_applied,results\public_benchmark_v1_ext33_m2_51_sweeptuned_gate_low_jump_applied\txt_002\prediction.dst,datasets\public_benchmark_v1_ext33\text_render_5\txt_002_mask.png,excellent,0.01619731,2,0,0.0,0,6.166,0.0,7322,9144,10100,7322,2778,8984,1116,1.0,0.72495,0.982502,0.889505,0.110495,2,2,90.0,0.02587651
txt_002,Rendered text,DST,public_benchmark_v1_ext33_m2_55_line_domain_guard_low_jump,results\public_benchmark_v1_ext33_m2_55_line_domain_guard_low_jump\txt_002\prediction.dst,datasets\public_benchmark_v1_ext33\text_render_5\txt_002_mask.png,excellent,0.01619731,2,0,0.0,0,6.166,0.0,7322,9144,10100,7322,2778,8984,1116,1.0,0.72495,0.982502,0.889505,0.110495,2,2,90.0,0.02587651
txt_002,Rendered text,DST,public_benchmark_v1_ext33_m2_56_line_stroke_d0_c12_i090,results\public_benchmark_v1_ext33_m2_56_line_stroke_d0_c12_i090\txt_002\prediction.dst,datasets\public_benchmark_v1_ext33\text_render_5\txt_002_mask.png,pass,0.0907871,11,0,0.0,0,87.0969,0.0,7322,9144,4967,4678,289,4930,37,0.638896,0.941816,0.539151,0.992551,0.007449,2,2,90.0,0.2101773
txt_002,Rendered text,DST,public_benchmark_v1_ext33_m2_56_line_stroke_d0_c12_i090_min12,results\public_benchmark_v1_ext33_m2_56_line_stroke_d0_c12_i090_min12\txt_002\prediction.dst,datasets\public_benchmark_v1_ext33\text_render_5\txt_002_mask.png,pass,0.09092975,11,0,0.0,0,91.5548,0.0,7322,9144,4743,4504,239,4712,31,0.615132,0.94961,0.515311,0.993464,0.006536,2,2,90.0,0.21508187
txt_002,Rendered text,DST,public_benchmark_v1_ext33_m2_56_line_stroke_d0_c12_i090_min20,results\public_benchmark_v1_ext33_m2_56_line_stroke_d0_c12_i090_min20\txt_002\prediction.dst,datasets\public_benchmark_v1_ext33\text_render_5\txt_002_mask.png,pass,0.09092975,11,0,0.0,0,91.5548,0.0,7322,9144,4743,4504,239,4712,31,0.615132,0.94961,0.515311,0.993464,0.006536,2,2,90.0,0.21508187
txt_002,Rendered text,DST,public_benchmark_v1_ext33_m2_56_line_stroke_d0_c12_i090_min30,results\public_benchmark_v1_ext33_m2_56_line_stroke_d0_c12_i090_min30\txt_002\prediction.dst,datasets\public_benchmark_v1_ext33\text_render_5\txt_002_mask.png,pass,0.09092975,11,0,0.0,0,91.5548,0.0,7322,9144,4743,4504,239,4712,31,0.615132,0.94961,0.515311,0.993464,0.006536,2,2,90.0,0.21508187
txt_002,Rendered text,DST,public_benchmark_v1_ext33_m2_56_line_stroke_d0_c8_i095,results\public_benchmark_v1_ext33_m2_56_line_stroke_d0_c8_i095\txt_002\prediction.dst,datasets\public_benchmark_v1_ext33\text_render_5\txt_002_mask.png,pass,0.09881973,12,0,0.0,0,88.1167,0.0,7322,9144,5021,4703,318,4979,42,0.642311,0.936666,0.54451,0.991635,0.008365,2,2,90.0,0.22129365
txt_002,Rendered text,DST,public_benchmark_v1_ext33_m2_56_line_stroke_d1_c10_i090,results\public_benchmark_v1_ext33_m2_56_line_stroke_d1_c10_i090\txt_002\prediction.dst,datasets\public_benchmark_v1_ext33\text_render_5\txt_002_mask.png,excellent,0.08248053,10,0,0.0,0,77.5167,0.0,7322,9144,5077,4749,328,5033,44,0.648593,0.935395,0.550416,0.991333,0.008667,2,2,90.0,0.19574317
txt_002,Rendered text,DST,public_benchmark_v1_ext33_m2_56_line_stroke_d1_c12_i090_min20,results\public_benchmark_v1_ext33_m2_56_line_stroke_d1_c12_i090_min20\txt_002\prediction.dst,datasets\public_benchmark_v1_ext33\text_render_5\txt_002_mask.png,pass,0.09092975,11,0,0.0,0,91.5548,0.0,7322,9144,4743,4504,239,4712,31,0.615132,0.94961,0.515311,0.993464,0.006536,2,2,90.0,0.21508187
txt_002,Rendered text,DST,public_benchmark_v1_ext33_m2_56_line_stroke_d1_c6_i095,results\public_benchmark_v1_ext33_m2_56_line_stroke_d1_c6_i095\txt_002\prediction.dst,datasets\public_benchmark_v1_ext33\text_render_5\txt_002_mask.png,pass,0.0907871,11,0,0.0,0,87.0969,0.0,7322,9144,4967,4678,289,4930,37,0.638896,0.941816,0.539151,0.992551,0.007449,2,2,90.0,0.2101773
txt_002,Rendered text,DST,public_benchmark_v1_ext33_m2_56_line_stroke_d2_c12_i085_min20,results\public_benchmark_v1_ext33_m2_56_line_stroke_d2_c12_i085_min20\txt_002\prediction.dst,datasets\public_benchmark_v1_ext33\text_render_5\txt_002_mask.png,pass,0.16372709,9,0,3.9682,0,76.331,0.0,7322,9144,4950,4617,333,4887,63,0.630565,0.932727,0.534449,0.987273,0.012727,2,2,90.0,0.31603001
txt_002,Rendered text,DST,public_benchmark_v1_ext33_m2_56_line_stroke_d3_c18,results\public_benchmark_v1_ext33_m2_56_line_stroke_d3_c18\txt_002\prediction.dst,datasets\public_benchmark_v1_ext33\text_render_5\txt_002_mask.png,warning,0.1660898,5,0,4.1061,1,40.79,2.8653,7322,9144,5413,4939,474,5330,83,0.674542,0.912433,0.582896,0.984667,0.015333,2,2,90.0,0.37443992
txt_002,Rendered text,DST,public_benchmark_v1_ext33_m2_56_line_stroke_selector_probe,results\public_benchmark_v1_ext33_m2_56_line_stroke_selector_probe\txt_002\prediction.dst,datasets\public_benchmark_v1_ext33\text_render_5\txt_002_mask.png,excellent,0.01619731,2,0,0.0,0,6.166,0.0,7322,9144,10100,7322,2778,8984,1116,1.0,0.72495,0.982502,0.889505,0.110495,2,2,90.0,0.02587651
txt_002,Rendered text,DST,public_benchmark_v1_ext33_m2_57_topology_open_d0_c12_i090_min12,results\public_benchmark_v1_ext33_m2_57_topology_open_d0_c12_i090_min12\txt_002\prediction.dst,datasets\public_benchmark_v1_ext33\text_render_5\txt_002_mask.png,excellent,0.07448202,9,0,0.0,0,77.563,0.0,7322,9144,4743,4504,239,4712,31,0.615132,0.94961,0.515311,0.993464,0.006536,2,2,90.0,0.19063414
txt_002,Rendered text,DST,public_benchmark_v1_ext33_m2_57_topology_open_d0_c12_i090_min20,results\public_benchmark_v1_ext33_m2_57_topology_open_d0_c12_i090_min20\txt_002\prediction.dst,datasets\public_benchmark_v1_ext33\text_render_5\txt_002_mask.png,excellent,0.07448202,9,0,0.0,0,77.563,0.0,7322,9144,4743,4504,239,4712,31,0.615132,0.94961,0.515311,0.993464,0.006536,2,2,90.0,0.19063414
txt_002,Rendered text,DST,public_benchmark_v1_ext33_m2_57_topology_open_d0_c12_i090_min30,results\public_benchmark_v1_ext33_m2_57_topology_open_d0_c12_i090_min30\txt_002\prediction.dst,datasets\public_benchmark_v1_ext33\text_render_5\txt_002_mask.png,excellent,0.07448202,9,0,0.0,0,77.563,0.0,7322,9144,4743,4504,239,4712,31,0.615132,0.94961,0.515311,0.993464,0.006536,2,2,90.0,0.19063414
txt_002,Rendered text,DST,public_benchmark_v1_ext33_m2_57_topology_open_d0_c16_i085_min20,results\public_benchmark_v1_ext33_m2_57_topology_open_d0_c16_i085_min20\txt_002\prediction.dst,datasets\public_benchmark_v1_ext33\text_render_5\txt_002_mask.png,excellent,0.07448202,9,0,0.0,0,77.563,0.0,7322,9144,4743,4504,239,4712,31,0.615132,0.94961,0.515311,0.993464,0.006536,2,2,90.0,0.19063414
txt_002,Rendered text,DST,public_benchmark_v1_ext33_m2_57_topology_open_d0_c20_i080_min30,results\public_benchmark_v1_ext33_m2_57_topology_open_d0_c20_i080_min30\txt_002\prediction.dst,datasets\public_benchmark_v1_ext33\text_render_5\txt_002_mask.png,excellent,0.07448202,9,0,0.0,0,77.563,0.0,7322,9144,4743,4504,239,4712,31,0.615132,0.94961,0.515311,0.993464,0.006536,2,2,90.0,0.19063414
txt_002,Rendered text,DST,public_benchmark_v1_ext33_m2_57_topology_open_d0_c20_i080_min40,results\public_benchmark_v1_ext33_m2_57_topology_open_d0_c20_i080_min40\txt_002\prediction.dst,datasets\public_benchmark_v1_ext33\text_render_5\txt_002_mask.png,excellent,0.09341395,8,0,1.2106,0,67.9828,0.0,7322,9144,4625,4351,274,4587,38,0.594237,0.940757,0.50164,0.991784,0.008216,2,2,90.0,0.22098419
txt_002,Rendered text,DST,public_benchmark_v1_ext33_m2_57_topology_open_d0_c24_i075_min40,results\public_benchmark_v1_ext33_m2_57_topology_open_d0_c24_i075_min40\txt_002\prediction.dst,datasets\public_benchmark_v1_ext33\text_render_5\txt_002_mask.png,pass,0.11691335,7,0,2.6186,0,62.3392,0.0,7322,9144,4714,4404,310,4667,47,0.601475,0.934238,0.510389,0.99003,0.00997,2,2,90.0,0.25293467
txt_002,Rendered text,DST,public_benchmark_v1_ext33_m2_57_topology_open_d0_c24_i075_min60,results\public_benchmark_v1_ext33_m2_57_topology_open_d0_c24_i075_min60\txt_002\prediction.dst,datasets\public_benchmark_v1_ext33\text_render_5\txt_002_mask.png,pass,0.11691335,7,0,2.6186,0,62.3392,0.0,7322,9144,4714,4404,310,4667,47,0.601475,0.934238,0.510389,0.99003,0.00997,2,2,90.0,0.25293467
txt_002,Rendered text,DST,public_benchmark_v1_ext33_m2_57_topology_open_d0_c30_i070_min100,results\public_benchmark_v1_ext33_m2_57_topology_open_d0_c30_i070_min100\txt_002\prediction.dst,datasets\public_benchmark_v1_ext33\text_render_5\txt_002_mask.png,excellent,0.02467686,3,0,0.0,0,21.1518,0.0,7322,9144,1589,1526,63,1580,9,0.208413,0.960352,0.172791,0.994336,0.005664,2,2,90.0,0.1904689
txt_002,Rendered text,DST,public_benchmark_v1_ext33_m2_57_topology_open_d0_c30_i070_min80,results\public_benchmark_v1_ext33_m2_57_topology_open_d0_c30_i070_min80\txt_002\prediction.dst,datasets\public_benchmark_v1_ext33\text_render_5\txt_002_mask.png,warning,0.2021891,5,0,5.6959,1,42.6464,3.0,7322,9144,4169,3885,284,4103,66,0.530593,0.931878,0.44871,0.984169,0.015831,2,2,90.0,0.45405546
txt_002,Rendered text,DST,public_benchmark_v1_ext33_m2_57_topology_open_d1_c16_i085_min20,results\public_benchmark_v1_ext33_m2_57_topology_open_d1_c16_i085_min20\txt_002\prediction.dst,datasets\public_benchmark_v1_ext33\text_render_5\txt_002_mask.png,pass,0.12377995,8,0,2.5602,0,67.9828,0.0,7322,9144,4861,4564,297,4807,54,0.623327,0.938901,0.5257,0.988891,0.011109,2,2,90.0,0.25963179
txt_002,Rendered text,DST,public_benchmark_v1_ext33_m2_57_topology_open_d1_c20_i080_min20,results\public_benchmark_v1_ext33_m2_57_topology_open_d1_c20_i080_min20\txt_002\prediction.dst,datasets\public_benchmark_v1_ext33\text_render_5\txt_002_mask.png,hard_fail,0.25409122,5,0,8.4534,1,44.5174,3.0,7322,9144,5194,4752,442,5092,102,0.649003,0.914902,0.556868,0.980362,0.019638,2,2,90.0,0.51108082
txt_002,Rendered text,DST,public_benchmark_v1_ext33_m2_57_topology_open_d1_c24_i070_min60,results\public_benchmark_v1_ext33_m2_57_topology_open_d1_c24_i070_min60\txt_002\prediction.dst,datasets\public_benchmark_v1_ext33\text_render_5\txt_002_mask.png,warning,0.23392897,5,0,7.1039,1,44.5174,3.0,7322,9144,4961,4539,422,4875,86,0.619913,0.914937,0.533136,0.982665,0.017335,2,2,90.0,0.48259861
txt_002,Rendered text,DST,public_benchmark_v1_ext33_m2_57_topology_open_d1_c24_i075_min40,results\public_benchmark_v1_ext33_m2_57_topology_open_d1_c24_i075_min40\txt_002\prediction.dst,datasets\public_benchmark_v1_ext33\text_render_5\txt_002_mask.png,warning,0.23392897,5,0,7.1039,1,44.5174,3.0,7322,9144,4961,4539,422,4875,86,0.619913,0.914937,0.533136,0.982665,0.017335,2,2,90.0,0.48259861
txt_002,Rendered text,DST,public_benchmark_v1_ext33_m2_57_topology_open_d1_c30_i065_min80,results\public_benchmark_v1_ext33_m2_57_topology_open_d1_c30_i065_min80\txt_002\prediction.dst,datasets\public_benchmark_v1_ext33\text_render_5\txt_002_mask.png,warning,0.2021891,5,0,5.6959,1,42.6464,3.0,7322,9144,4169,3885,284,4103,66,0.530593,0.931878,0.44871,0.984169,0.015831,2,2,90.0,0.45405546
txt_002,Rendered text,DST,public_benchmark_v1_ext33_m2_57_topology_open_d2_c20_i075_min20,results\public_benchmark_v1_ext33_m2_57_topology_open_d2_c20_i075_min20\txt_002\prediction.dst,datasets\public_benchmark_v1_ext33\text_render_5\txt_002_mask.png,hard_fail,0.25409122,5,0,8.4534,1,44.5174,3.0,7322,9144,5194,4752,442,5092,102,0.649003,0.914902,0.556868,0.980362,0.019638,2,2,90.0,0.51108082
txt_002,Rendered text,DST,public_benchmark_v1_ext33_m2_57_topology_relative_rescue,results\public_benchmark_v1_ext33_m2_57_topology_relative_rescue\txt_002\prediction.dst,datasets\public_benchmark_v1_ext33\text_render_5\txt_002_mask.png,excellent,0.01619731,2,0,0.0,0,6.166,0.0,7322,9144,10100,7322,2778,8984,1116,1.0,0.72495,0.982502,0.889505,0.110495,2,2,90.0,0.02587651
txt_002,Rendered text,DST,public_benchmark_v1_ext33_m2_57_topology_selector_probe_min100,results\public_benchmark_v1_ext33_m2_57_topology_selector_probe_min100\txt_002\prediction.dst,datasets\public_benchmark_v1_ext33\text_render_5\txt_002_mask.png,excellent,0.01619731,2,0,0.0,0,6.166,0.0,7322,9144,10100,7322,2778,8984,1116,1.0,0.72495,0.982502,0.889505,0.110495,2,2,90.0,0.02587651
txt_002,Rendered text,DST,public_benchmark_v1_ext33_m2_57_topology_selector_probe_min100_j14,results\public_benchmark_v1_ext33_m2_57_topology_selector_probe_min100_j14\txt_002\prediction.dst,datasets\public_benchmark_v1_ext33\text_render_5\txt_002_mask.png,excellent,0.01619731,2,0,0.0,0,6.166,0.0,7322,9144,10100,7322,2778,8984,1116,1.0,0.72495,0.982502,0.889505,0.110495,2,2,90.0,0.02587651
txt_002,Rendered text,DST,public_benchmark_v1_ext33_m2_58_coverage_aware_relative_rescue,results\public_benchmark_v1_ext33_m2_58_coverage_aware_relative_rescue\txt_002\prediction.dst,datasets\public_benchmark_v1_ext33\text_render_5\txt_002_mask.png,excellent,0.01619731,2,0,0.0,0,6.166,0.0,7322,9144,10100,7322,2778,8984,1116,1.0,0.72495,0.982502,0.889505,0.110495,2,2,90.0,0.02587651
txt_002,Rendered text,DST,public_benchmark_v1_ext33_m2_59_anchored_quality_rescue_selector,results\public_benchmark_v1_ext33_m2_59_anchored_quality_rescue_selector\txt_002\prediction.dst,datasets\public_benchmark_v1_ext33\text_render_5\txt_002_mask.png,excellent,0.01619731,2,0,0.0,0,6.166,0.0,7322,9144,10100,7322,2778,8984,1116,1.0,0.72495,0.982502,0.889505,0.110495,2,2,90.0,0.02587651
txt_002,Rendered text,DST,public_benchmark_v1_ext33_m2_59_grouped_topology_g_d0_c16_i085_s4_min12_p80,results\public_benchmark_v1_ext33_m2_59_grouped_topology_g_d0_c16_i085_s4_min12_p80\txt_002\prediction.dst,datasets\public_benchmark_v1_ext33\text_render_5\txt_002_mask.png,excellent,0.07454437,9,0,0.0,0,79.5116,0.0,7322,9144,4743,4504,239,4712,31,0.615132,0.94961,0.515311,0.993464,0.006536,2,2,90.0,0.19069649
txt_002,Rendered text,DST,public_benchmark_v1_ext33_m2_59_grouped_topology_g_d0_c16_i090_s3_min20_p80,results\public_benchmark_v1_ext33_m2_59_grouped_topology_g_d0_c16_i090_s3_min20_p80\txt_002\prediction.dst,datasets\public_benchmark_v1_ext33\text_render_5\txt_002_mask.png,excellent,0.07454437,9,0,0.0,0,79.5116,0.0,7322,9144,4743,4504,239,4712,31,0.615132,0.94961,0.515311,0.993464,0.006536,2,2,90.0,0.19069649
txt_002,Rendered text,DST,public_benchmark_v1_ext33_m2_59_grouped_topology_g_d0_c18_i092_s4_min12_p100,results\public_benchmark_v1_ext33_m2_59_grouped_topology_g_d0_c18_i092_s4_min12_p100\txt_002\prediction.dst,datasets\public_benchmark_v1_ext33\text_render_5\txt_002_mask.png,excellent,0.07454437,9,0,0.0,0,79.5116,0.0,7322,9144,4743,4504,239,4712,31,0.615132,0.94961,0.515311,0.993464,0.006536,2,2,90.0,0.19069649
txt_002,Rendered text,DST,public_benchmark_v1_ext33_m2_59_grouped_topology_g_d0_c18_i095_s3_min12_p120,results\public_benchmark_v1_ext33_m2_59_grouped_topology_g_d0_c18_i095_s3_min12_p120\txt_002\prediction.dst,datasets\public_benchmark_v1_ext33\text_render_5\txt_002_mask.png,excellent,0.07454437,9,0,0.0,0,79.5116,0.0,7322,9144,4743,4504,239,4712,31,0.615132,0.94961,0.515311,0.993464,0.006536,2,2,90.0,0.19069649
txt_002,Rendered text,DST,public_benchmark_v1_ext33_m2_59_grouped_topology_g_d0_c20_i080_s5_min12_p80,results\public_benchmark_v1_ext33_m2_59_grouped_topology_g_d0_c20_i080_s5_min12_p80\txt_002\prediction.dst,datasets\public_benchmark_v1_ext33\text_render_5\txt_002_mask.png,excellent,0.07454437,9,0,0.0,0,79.5116,0.0,7322,9144,4743,4504,239,4712,31,0.615132,0.94961,0.515311,0.993464,0.006536,2,2,90.0,0.19069649
txt_002,Rendered text,DST,public_benchmark_v1_ext33_m2_59_grouped_topology_g_d0_c20_i090_s4_min12_p100,results\public_benchmark_v1_ext33_m2_59_grouped_topology_g_d0_c20_i090_s4_min12_p100\txt_002\prediction.dst,datasets\public_benchmark_v1_ext33\text_render_5\txt_002_mask.png,excellent,0.07454437,9,0,0.0,0,79.5116,0.0,7322,9144,4743,4504,239,4712,31,0.615132,0.94961,0.515311,0.993464,0.006536,2,2,90.0,0.19069649
txt_002,Rendered text,DST,public_benchmark_v1_ext33_m2_59_grouped_topology_g_d0_c20_i095_s4_min12_p100,results\public_benchmark_v1_ext33_m2_59_grouped_topology_g_d0_c20_i095_s4_min12_p100\txt_002\prediction.dst,datasets\public_benchmark_v1_ext33\text_render_5\txt_002_mask.png,excellent,0.07454437,9,0,0.0,0,79.5116,0.0,7322,9144,4743,4504,239,4712,31,0.615132,0.94961,0.515311,0.993464,0.006536,2,2,90.0,0.19069649
txt_002,Rendered text,DST,public_benchmark_v1_ext33_m2_59_grouped_topology_g_d0_c24_i075_s6_min20_p80,results\public_benchmark_v1_ext33_m2_59_grouped_topology_g_d0_c24_i075_s6_min20_p80\txt_002\prediction.dst,datasets\public_benchmark_v1_ext33\text_render_5\txt_002_mask.png,hard_fail,0.25386851,5,0,8.0819,1,45.9762,2.8653,7322,9144,5358,4913,445,5265,93,0.670992,0.916947,0.575787,0.982643,0.017357,2,2,90.0,0.50311371
txt_002,Rendered text,DST,public_benchmark_v1_ext33_m2_59_grouped_topology_g_d0_c30_i070_s8_min30_p100,results\public_benchmark_v1_ext33_m2_59_grouped_topology_g_d0_c30_i070_s8_min30_p100\txt_002\prediction.dst,datasets\public_benchmark_v1_ext33\text_render_5\txt_002_mask.png,hard_fail,0.30329086,3,0,15.3957,3,21.1518,9.307,7322,9144,5458,4845,613,5233,225,0.661704,0.887688,0.572288,0.958776,0.041224,2,2,90.0,0.77883698
txt_002,Rendered text,DST,public_benchmark_v1_ext33_m2_59_grouped_topology_g_d1_c20_i075_s5_min12_p80,results\public_benchmark_v1_ext33_m2_59_grouped_topology_g_d1_c20_i075_s5_min12_p80\txt_002\prediction.dst,datasets\public_benchmark_v1_ext33\text_render_5\txt_002_mask.png,hard_fail,0.25415358,5,0,8.4534,1,46.466,3.0,7322,9144,5194,4752,442,5092,102,0.649003,0.914902,0.556868,0.980362,0.019638,2,2,90.0,0.51114318
txt_002,Rendered text,DST,public_benchmark_v1_ext33_m2_59_quality_rescue_selector,results\public_benchmark_v1_ext33_m2_59_quality_rescue_selector\txt_002\prediction.dst,datasets\public_benchmark_v1_ext33\text_render_5\txt_002_mask.png,excellent,0.01619731,2,0,0.0,0,6.166,0.0,7322,9144,10100,7322,2778,8984,1116,1.0,0.72495,0.982502,0.889505,0.110495,2,2,90.0,0.02587651
txt_002,Rendered text,DST,public_benchmark_v1_ext33_m2_5_learned_selector_applied,results\public_benchmark_v1_ext33_m2_5_learned_selector_applied\txt_002\prediction.dst,datasets\public_benchmark_v1_ext33\text_render_5\txt_002_mask.png,excellent,0.04130528,5,0,0.0,0,40.79,0.0,7322,9144,5413,4939,474,5330,83,0.674542,0.912433,0.582896,0.984667,0.015333,2,2,90.0,0.1285944
txt_002,Rendered text,DST,public_benchmark_v1_ext33_m2_60_maskpath_combo_rescue_selector,results\public_benchmark_v1_ext33_m2_60_maskpath_combo_rescue_selector\txt_002\prediction.dst,datasets\public_benchmark_v1_ext33\text_render_5\txt_002_mask.png,excellent,0.01619731,2,0,0.0,0,6.166,0.0,7322,9144,10100,7322,2778,8984,1116,1.0,0.72495,0.982502,0.889505,0.110495,2,2,90.0,0.02587651
txt_002,Rendered text,DST,public_benchmark_v1_ext33_m2_60_maskpath_mp_d0_r0_c20_i095_route24_f20_min12,results\public_benchmark_v1_ext33_m2_60_maskpath_mp_d0_r0_c20_i095_route24_f20_min12\txt_002\prediction.dst,datasets\public_benchmark_v1_ext33\text_render_5\txt_002_mask.png,excellent,0.0662378,8,0,0.0,0,69.9314,0.0,7322,9144,4921,4609,312,4872,49,0.629473,0.936598,0.532808,0.990043,0.009957,2,2,90.0,0.175143
txt_002,Rendered text,DST,public_benchmark_v1_ext33_m2_60_maskpath_mp_d0_r0_c20_i095_route32_f26_min12,results\public_benchmark_v1_ext33_m2_60_maskpath_mp_d0_r0_c20_i095_route32_f26_min12\txt_002\prediction.dst,datasets\public_benchmark_v1_ext33\text_render_5\txt_002_mask.png,excellent,0.03285745,4,0,0.0,0,26.7953,0.0,7322,9144,5582,5032,550,5443,139,0.687244,0.901469,0.595254,0.975099,0.024901,2,2,90.0,0.11364745
txt_002,Rendered text,DST,public_benchmark_v1_ext33_m2_60_maskpath_mp_d0_r0_c20_i095_route32_f26_min20,results\public_benchmark_v1_ext33_m2_60_maskpath_mp_d0_r0_c20_i095_route32_f26_min20\txt_002\prediction.dst,datasets\public_benchmark_v1_ext33\text_render_5\txt_002_mask.png,excellent,0.03285745,4,0,0.0,0,26.7953,0.0,7322,9144,5582,5032,550,5443,139,0.687244,0.901469,0.595254,0.975099,0.024901,2,2,90.0,0.11364745
txt_002,Rendered text,DST,public_benchmark_v1_ext33_m2_60_maskpath_mp_d0_r0_c24_i090_route36_f30_min12,results\public_benchmark_v1_ext33_m2_60_maskpath_mp_d0_r0_c24_i090_route36_f30_min12\txt_002\prediction.dst,datasets\public_benchmark_v1_ext33\text_render_5\txt_002_mask.png,excellent,0.05221236,3,0,1.2238,0,21.1518,0.0,7322,9144,5759,5162,597,5611,148,0.704999,0.896336,0.613626,0.974301,0.025699,2,2,90.0,0.13761532
txt_002,Rendered text,DST,public_benchmark_v1_ext33_m2_60_maskpath_mp_d0_r1_c20_i095_route32_f26_min12,results\public_benchmark_v1_ext33_m2_60_maskpath_mp_d0_r1_c20_i095_route32_f26_min12\txt_002\prediction.dst,datasets\public_benchmark_v1_ext33\text_render_5\txt_002_mask.png,hard_fail,0.21285745,4,0,17.1184,0,26.7953,0.0,7322,9144,5620,5031,589,5441,179,0.687107,0.895196,0.595035,0.968149,0.031851,2,2,90.0,0.46486869
txt_002,Rendered text,DST,public_benchmark_v1_ext33_m2_60_maskpath_mp_d0_r1_c24_i090_route36_f30_min12,results\public_benchmark_v1_ext33_m2_60_maskpath_mp_d0_r1_c24_i090_route36_f30_min12\txt_002\prediction.dst,datasets\public_benchmark_v1_ext33\text_render_5\txt_002_mask.png,hard_fail,0.20467686,3,0,18.67,0,21.1518,0.0,7322,9144,5797,5160,637,5608,189,0.704725,0.890116,0.613298,0.967397,0.032603,2,2,90.0,0.4646031
txt_002,Rendered text,DST,public_benchmark_v1_ext33_m2_60_maskpath_rescue_selector,results\public_benchmark_v1_ext33_m2_60_maskpath_rescue_selector\txt_002\prediction.dst,datasets\public_benchmark_v1_ext33\text_render_5\txt_002_mask.png,excellent,0.01619731,2,0,0.0,0,6.166,0.0,7322,9144,10100,7322,2778,8984,1116,1.0,0.72495,0.982502,0.889505,0.110495,2,2,90.0,0.02587651
txt_002,Rendered text,DST,public_benchmark_v1_ext33_m2_61_segment_graph_sg_d0_l035_c20_i095_r32_f26_min12,results\public_benchmark_v1_ext33_m2_61_segment_graph_sg_d0_l035_c20_i095_r32_f26_min12\txt_002\prediction.dst,datasets\public_benchmark_v1_ext33\text_render_5\txt_002_mask.png,excellent,0.03285745,4,0,0.0,0,26.7953,0.0,7322,9144,5701,5055,646,5502,199,0.690385,0.886687,0.601706,0.965094,0.034906,2,2,90.0,0.11262193
txt_002,Rendered text,DST,public_benchmark_v1_ext33_m2_61_segment_graph_sg_d0_l050_c24_i090_r36_f30_min12,results\public_benchmark_v1_ext33_m2_61_segment_graph_sg_d0_l050_c24_i090_r36_f30_min12\txt_002\prediction.dst,datasets\public_benchmark_v1_ext33\text_render_5\txt_002_mask.png,excellent,0.05552924,6,1,0.0,0,47.7886,0.0,7322,9144,5652,5031,621,5462,190,0.687107,0.890127,0.597332,0.966384,0.033616,2,2,90.0,0.14608084
txt_002,Rendered text,DST,public_benchmark_v1_ext33_m2_61_segment_graph_sg_d0_l070_c20_i095_r32_f26_min12,results\public_benchmark_v1_ext33_m2_61_segment_graph_sg_d0_l070_c20_i095_r32_f26_min12\txt_002\prediction.dst,datasets\public_benchmark_v1_ext33\text_render_5\txt_002_mask.png,excellent,0.04950686,6,0,0.0,0,47.0894,0.0,7322,9144,5227,4750,477,5088,139,0.64873,0.908743,0.55643,0.973407,0.026593,2,2,90.0,0.14603686
txt_002,Rendered text,DST,public_benchmark_v1_ext33_m2_61_segment_graph_sg_d1_l050_c20_i095_r32_f26_min12,results\public_benchmark_v1_ext33_m2_61_segment_graph_sg_d1_l050_c20_i095_r32_f26_min12\txt_002\prediction.dst,datasets\public_benchmark_v1_ext33\text_render_5\txt_002_mask.png,hard_fail,0.22950686,6,0,17.6621,0,47.0894,0.0,7322,9144,5276,4748,528,5088,188,0.648457,0.899924,0.55643,0.964367,0.035633,2,2,90.0,0.5026797
txt_002,Rendered text,DST,public_benchmark_v1_ext33_m2_61_segment_graph_sg_euler_d0_l000_c20_i095_r32_f26_min12,results\public_benchmark_v1_ext33_m2_61_segment_graph_sg_euler_d0_l000_c20_i095_r32_f26_min12\txt_002\prediction.dst,datasets\public_benchmark_v1_ext33\text_render_5\txt_002_mask.png,excellent,0.03285745,4,0,0.0,0,26.7953,0.0,7322,9144,5701,5055,646,5502,199,0.690385,0.886687,0.601706,0.965094,0.034906,2,2,90.0,0.11262193
txt_002,Rendered text,DST,public_benchmark_v1_ext33_m2_61_segment_graph_sg_euler_d0_l020_c24_i090_r36_f30_min12,results\public_benchmark_v1_ext33_m2_61_segment_graph_sg_euler_d0_l020_c24_i090_r36_f30_min12\txt_002\prediction.dst,datasets\public_benchmark_v1_ext33\text_render_5\txt_002_mask.png,excellent,0.05552924,6,1,0.0,0,47.7886,0.0,7322,9144,5652,5031,621,5462,190,0.687107,0.890127,0.597332,0.966384,0.033616,2,2,90.0,0.14608084
txt_002,Rendered text,DST,public_benchmark_v1_ext33_m2_61_segment_graph_sg_euler_d0_l035_c20_i095_r32_f26_min12,results\public_benchmark_v1_ext33_m2_61_segment_graph_sg_euler_d0_l035_c20_i095_r32_f26_min12\txt_002\prediction.dst,datasets\public_benchmark_v1_ext33\text_render_5\txt_002_mask.png,excellent,0.03285745,4,0,0.0,0,26.7953,0.0,7322,9144,5701,5055,646,5502,199,0.690385,0.886687,0.601706,0.965094,0.034906,2,2,90.0,0.11262193
txt_002,Rendered text,DST,public_benchmark_v1_ext33_m2_64_text_precision_rescue_selector,results\public_benchmark_v1_ext33_m2_64_text_precision_rescue_selector\txt_002\prediction.dst,datasets\public_benchmark_v1_ext33\text_render_5\txt_002_mask.png,excellent,0.04727158,5,1,0.0,0,39.7368,0.0,7322,9144,8423,7120,1303,8230,193,0.972412,0.845305,0.900044,0.977087,0.022913,2,2,90.0,0.07467334
txt_002,Rendered text,DST,public_benchmark_v1_ext33_m2_65_text_legibility_rescue_selector,results\public_benchmark_v1_ext33_m2_65_text_legibility_rescue_selector\txt_002\prediction.dst,datasets\public_benchmark_v1_ext33\text_render_5\txt_002_mask.png,excellent,0.04727158,5,1,0.0,0,39.7368,0.0,7322,9144,8423,7120,1303,8230,193,0.972412,0.845305,0.900044,0.977087,0.022913,2,2,90.0,0.07467334
txt_002,Rendered text,DST,public_benchmark_v1_ext33_m2_66_profile_switcher,results\public_benchmark_v1_ext33_m2_66_profile_switcher\txt_002\prediction.dst,datasets\public_benchmark_v1_ext33\text_render_5\txt_002_mask.png,excellent,0.04727158,5,1,0.0,0,39.7368,0.0,7322,9144,8423,7120,1303,8230,193,0.972412,0.845305,0.900044,0.977087,0.022913,2,2,90.0,0.07467334
txt_002,Rendered text,DST,public_benchmark_v1_ext33_m2_67_line_art_profile,results\public_benchmark_v1_ext33_m2_67_line_art_profile\txt_002\prediction.dst,datasets\public_benchmark_v1_ext33\text_render_5\txt_002_mask.png,excellent,0.04727158,5,1,0.0,0,39.7368,0.0,7322,9144,8423,7120,1303,8230,193,0.972412,0.845305,0.900044,0.977087,0.022913,2,2,90.0,0.07467334
txt_002,Rendered text,DST,public_benchmark_v1_ext33_m2_68_shape_aware_profile,results\public_benchmark_v1_ext33_m2_68_shape_aware_profile\txt_002\prediction.dst,datasets\public_benchmark_v1_ext33\text_render_5\txt_002_mask.png,excellent,0.04727158,5,1,0.0,0,39.7368,0.0,7322,9144,8423,7120,1303,8230,193,0.972412,0.845305,0.900044,0.977087,0.022913,2,2,90.0,0.07467334
txt_002,Rendered text,DST,public_benchmark_v1_ext33_mask_fill_edgewalk_dtsatin_o3_i8_s14_p90,results\public_benchmark_v1_ext33_mask_fill_edgewalk_dtsatin_o3_i8_s14_p90\txt_002\prediction.dst,datasets\public_benchmark_v1_ext33\text_render_5\txt_002_mask.png,excellent,0.01619731,2,0,0.0,0,6.166,0.0,7322,9144,10749,7322,3427,9034,1715,1.0,0.68118,0.98797,0.84045,0.15955,2,2,90.0,0.03372531
txt_002,Rendered text,DST,public_benchmark_v1_ext33_mask_fill_edgewalk_dtsatin_o3_i9_s7,results\public_benchmark_v1_ext33_mask_fill_edgewalk_dtsatin_o3_i9_s7\txt_002\prediction.dst,datasets\public_benchmark_v1_ext33\text_render_5\txt_002_mask.png,excellent,0.0640109,7,1,0.0,0,62.8407,0.0,7322,9144,10744,7322,3422,9031,1713,1.0,0.681497,0.987642,0.840562,0.159438,2,2,90.0,0.10352098
txt_002,Rendered text,DST,public_benchmark_v1_ext33_mask_fill_edgewalk_nearest_rows16_p40,results\public_benchmark_v1_ext33_mask_fill_edgewalk_nearest_rows16_p40\txt_002\prediction.dst,datasets\public_benchmark_v1_ext33\text_render_5\txt_002_mask.png,excellent,0.0475234,5,1,0.0,0,47.6062,0.0,7322,9144,10596,7322,3274,8996,1600,1.0,0.691015,0.983815,0.849,0.151,2,2,90.0,0.0776834
txt_002,Rendered text,DST,public_benchmark_v1_ext33_mask_fill_edgewalk_nearestrow_adapt_t2_m5_rows16_p40,results\public_benchmark_v1_ext33_mask_fill_edgewalk_nearestrow_adapt_t2_m5_rows16_p40\txt_002\prediction.dst,datasets\public_benchmark_v1_ext33\text_render_5\txt_002_mask.png,excellent,0.04727158,5,1,0.0,0,39.7368,0.0,7322,9144,8423,7120,1303,8230,193,0.972412,0.845305,0.900044,0.977087,0.022913,2,2,90.0,0.07467334
txt_002,Rendered text,DST,public_benchmark_v1_ext33_mask_fill_edgewalk_nearestrow_adapt_t3_m6_rows16_p40,results\public_benchmark_v1_ext33_mask_fill_edgewalk_nearestrow_adapt_t3_m6_rows16_p40\txt_002\prediction.dst,datasets\public_benchmark_v1_ext33\text_render_5\txt_002_mask.png,excellent,0.04727158,5,1,0.0,0,39.7368,0.0,7322,9144,8423,7120,1303,8230,193,0.972412,0.845305,0.900044,0.977087,0.022913,2,2,90.0,0.07467334
txt_002,Rendered text,DST,public_benchmark_v1_ext33_mask_fill_edgewalk_nearestrow_adapt_t4_m8_rows16_p40,results\public_benchmark_v1_ext33_mask_fill_edgewalk_nearestrow_adapt_t4_m8_rows16_p40\txt_002\prediction.dst,datasets\public_benchmark_v1_ext33\text_render_5\txt_002_mask.png,excellent,0.04727158,5,1,0.0,0,39.7368,0.0,7322,9144,8423,7120,1303,8230,193,0.972412,0.845305,0.900044,0.977087,0.022913,2,2,90.0,0.07467334
txt_002,Rendered text,DST,public_benchmark_v1_ext33_mask_fill_edgewalk_nearestrow_evalfill_rows16_p40,results\public_benchmark_v1_ext33_mask_fill_edgewalk_nearestrow_evalfill_rows16_p40\txt_002\prediction.dst,datasets\public_benchmark_v1_ext33\text_render_5\txt_002_mask.png,excellent,0.02940952,2,0,0.5858,0,7.1568,0.0,7322,9144,13535,7322,6213,9144,4391,1.0,0.540968,1.0,0.675582,0.324418,2,2,90.0,0.0791744
txt_002,Rendered text,DST,public_benchmark_v1_ext33_mask_fill_edgewalk_nearestrow_inset1_rows16_p40,results\public_benchmark_v1_ext33_mask_fill_edgewalk_nearestrow_inset1_rows16_p40\txt_002\prediction.dst,datasets\public_benchmark_v1_ext33\text_render_5\txt_002_mask.png,excellent,0.04732806,5,1,0.0,0,41.5019,0.0,7322,9144,9331,7260,2071,8803,528,0.991532,0.778052,0.962708,0.943414,0.056586,2,2,90.0,0.06932806
txt_002,Rendered text,DST,public_benchmark_v1_ext33_mask_fill_edgewalk_nearestrow_inset2_rows16_p40,results\public_benchmark_v1_ext33_mask_fill_edgewalk_nearestrow_inset2_rows16_p40\txt_002\prediction.dst,datasets\public_benchmark_v1_ext33\text_render_5\txt_002_mask.png,excellent,0.04727158,5,1,0.0,0,39.7368,0.0,7322,9144,8423,7120,1303,8230,193,0.972412,0.845305,0.900044,0.977087,0.022913,2,2,90.0,0.07467334
txt_002,Rendered text,DST,public_benchmark_v1_ext33_mask_fill_edgewalk_nearestrow_qdirect_rows16_p40,results\public_benchmark_v1_ext33_mask_fill_edgewalk_nearestrow_qdirect_rows16_p40\txt_002\prediction.dst,datasets\public_benchmark_v1_ext33\text_render_5\txt_002_mask.png,excellent,0.01619731,2,0,0.0,0,6.166,0.0,7322,9144,10100,7322,2778,8984,1116,1.0,0.72495,0.982502,0.889505,0.110495,2,2,90.0,0.02587651
txt_002,Rendered text,DST,public_benchmark_v1_ext33_mask_fill_edgewalk_nearestrow_qpath090_rows16_p40,results\public_benchmark_v1_ext33_mask_fill_edgewalk_nearestrow_qpath090_rows16_p40\txt_002\prediction.dst,datasets\public_benchmark_v1_ext33\text_render_5\txt_002_mask.png,excellent,0.01619731,2,0,0.0,0,6.166,0.0,7322,9144,10100,7322,2778,8984,1116,1.0,0.72495,0.982502,0.889505,0.110495,2,2,90.0,0.02587651
txt_002,Rendered text,DST,public_benchmark_v1_ext33_mask_fill_edgewalk_nearestrow_qpath095_rows16_p40,results\public_benchmark_v1_ext33_mask_fill_edgewalk_nearestrow_qpath095_rows16_p40\txt_002\prediction.dst,datasets\public_benchmark_v1_ext33\text_render_5\txt_002_mask.png,excellent,0.01619731,2,0,0.0,0,6.166,0.0,7322,9144,10100,7322,2778,8984,1116,1.0,0.72495,0.982502,0.889505,0.110495,2,2,90.0,0.02587651
txt_002,Rendered text,DST,public_benchmark_v1_ext33_mask_fill_edgewalk_nearestrow_quantvalid_rows16_p40,results\public_benchmark_v1_ext33_mask_fill_edgewalk_nearestrow_quantvalid_rows16_p40\txt_002\prediction.dst,datasets\public_benchmark_v1_ext33\text_render_5\txt_002_mask.png,excellent,0.01619731,2,0,0.0,0,6.166,0.0,7322,9144,10100,7322,2778,8984,1116,1.0,0.72495,0.982502,0.889505,0.110495,2,2,90.0,0.02587651
txt_002,Rendered text,DST,public_benchmark_v1_ext33_mask_fill_edgewalk_nearestrow_rows16_p40,results\public_benchmark_v1_ext33_mask_fill_edgewalk_nearestrow_rows16_p40\txt_002\prediction.dst,datasets\public_benchmark_v1_ext33\text_render_5\txt_002_mask.png,excellent,0.01619731,2,0,0.0,0,6.166,0.0,7322,9144,10100,7322,2778,8984,1116,1.0,0.72495,0.982502,0.889505,0.110495,2,2,90.0,0.02587651
txt_002,Rendered text,DST,public_benchmark_v1_ext33_mask_fill_edgewalk_nearestrow_safeadt_rows16_p40,results\public_benchmark_v1_ext33_mask_fill_edgewalk_nearestrow_safeadt_rows16_p40\txt_002\prediction.dst,datasets\public_benchmark_v1_ext33\text_render_5\txt_002_mask.png,excellent,0.01621633,2,0,0.0,0,6.7602,0.0,7322,9144,12203,7322,4881,9144,3059,1.0,0.600016,1.0,0.749324,0.250676,2,2,90.0,0.04832449
txt_002,Rendered text,DST,public_benchmark_v1_ext33_mask_fill_edgewalk_nearestrow_safeadt_t2m5_r035_a32_rows16_p40,results\public_benchmark_v1_ext33_mask_fill_edgewalk_nearestrow_safeadt_t2m5_r035_a32_rows16_p40\txt_002\prediction.dst,datasets\public_benchmark_v1_ext33\text_render_5\txt_002_mask.png,excellent,0.01621633,2,0,0.0,0,6.7602,0.0,7322,9144,12203,7322,4881,9144,3059,1.0,0.600016,1.0,0.749324,0.250676,2,2,90.0,0.04832449
txt_002,Rendered text,DST,public_benchmark_v1_ext33_mask_fill_edgewalk_nearestrow_safeadt_t2m5_r055_a64_rows16_p40,results\public_benchmark_v1_ext33_mask_fill_edgewalk_nearestrow_safeadt_t2m5_r055_a64_rows16_p40\txt_002\prediction.dst,datasets\public_benchmark_v1_ext33\text_render_5\txt_002_mask.png,excellent,0.01621633,2,0,0.0,0,6.7602,0.0,7322,9144,12203,7322,4881,9144,3059,1.0,0.600016,1.0,0.749324,0.250676,2,2,90.0,0.04832449
txt_002,Rendered text,DST,public_benchmark_v1_ext33_mask_fill_edgewalk_nearestrow_segvalid_rows16_p40,results\public_benchmark_v1_ext33_mask_fill_edgewalk_nearestrow_segvalid_rows16_p40\txt_002\prediction.dst,datasets\public_benchmark_v1_ext33\text_render_5\txt_002_mask.png,excellent,0.01619731,2,0,0.0,0,6.166,0.0,7322,9144,10100,7322,2778,8984,1116,1.0,0.72495,0.982502,0.889505,0.110495,2,2,90.0,0.02587651
txt_002,Rendered text,DST,public_benchmark_v1_ext33_mask_fill_edgewalk_nearestrow_strict_p20_rows16,results\public_benchmark_v1_ext33_mask_fill_edgewalk_nearestrow_strict_p20_rows16\txt_002\prediction.dst,datasets\public_benchmark_v1_ext33\text_render_5\txt_002_mask.png,excellent,0.03296517,4,0,0.0,0,30.1615,0.0,7322,9144,10078,7322,2756,8973,1105,1.0,0.726533,0.981299,0.890355,0.109645,2,2,90.0,0.05050837
txt_002,Rendered text,DST,public_benchmark_v1_ext33_mask_fill_edgewalk_nearestrow_strict_p40_rows16,results\public_benchmark_v1_ext33_mask_fill_edgewalk_nearestrow_strict_p40_rows16\txt_002\prediction.dst,datasets\public_benchmark_v1_ext33\text_render_5\txt_002_mask.png,excellent,0.01619731,2,0,0.0,0,6.166,0.0,7322,9144,10100,7322,2778,8984,1116,1.0,0.72495,0.982502,0.889505,0.110495,2,2,90.0,0.02587651
txt_002,Rendered text,DST,public_benchmark_v1_ext33_mask_fill_edgewalk_outline_ext_in2_rows16_p40,results\public_benchmark_v1_ext33_mask_fill_edgewalk_outline_ext_in2_rows16_p40\txt_002\prediction.dst,datasets\public_benchmark_v1_ext33\text_render_5\txt_002_mask.png,excellent,0.0640983,7,1,0.0,0,65.5719,0.0,7322,9144,10873,7322,3551,9134,1739,1.0,0.673411,0.998906,0.840063,0.159937,2,2,90.0,0.10368822
txt_002,Rendered text,DST,public_benchmark_v1_ext33_mask_fill_edgewalk_outline_ext_in3_rows16_p40,results\public_benchmark_v1_ext33_mask_fill_edgewalk_outline_ext_in3_rows16_p40\txt_002\prediction.dst,datasets\public_benchmark_v1_ext33\text_render_5\txt_002_mask.png,excellent,0.06408565,7,1,0.0,0,65.1766,0.0,7322,9144,10780,7322,3458,9050,1730,1.0,0.679221,0.98972,0.839518,0.160482,2,2,90.0,0.10376277
txt_002,Rendered text,DST,public_benchmark_v1_ext33_mask_fill_edgewalk_outline_ext_rows16_p40,results\public_benchmark_v1_ext33_mask_fill_edgewalk_outline_ext_rows16_p40\txt_002\prediction.dst,datasets\public_benchmark_v1_ext33\text_render_5\txt_002_mask.png,excellent,0.01619731,2,0,0.0,0,6.166,0.0,7322,9144,11356,7322,4034,9143,2213,1.0,0.644769,0.999891,0.805125,0.194875,2,2,90.0,0.03937731
txt_002,Rendered text,DST,public_benchmark_v1_ext33_mask_fill_edgewalk_outline_rows16_p40,results\public_benchmark_v1_ext33_mask_fill_edgewalk_outline_rows16_p40\txt_002\prediction.dst,datasets\public_benchmark_v1_ext33\text_render_5\txt_002_mask.png,excellent,0.01619731,2,0,0.0,0,6.166,0.0,7322,9144,11323,7322,4001,9143,2180,1.0,0.646648,0.999891,0.807472,0.192528,2,2,90.0,0.03900179
txt_002,Rendered text,DST,public_benchmark_v1_ext33_mask_fill_edgewalk_rows16_p24,results\public_benchmark_v1_ext33_mask_fill_edgewalk_rows16_p24\txt_002\prediction.dst,datasets\public_benchmark_v1_ext33\text_render_5\txt_002_mask.png,warning,0.22184852,23,5,0.0,0,245.2662,0.0,7322,9144,10471,7322,3149,8996,1475,1.0,0.699265,0.983815,0.859135,0.140865,2,2,90.0,0.33038692
txt_002,Rendered text,DST,public_benchmark_v1_ext33_mask_fill_edgewalk_rows16_p40,results\public_benchmark_v1_ext33_mask_fill_edgewalk_rows16_p40\txt_002\prediction.dst,datasets\public_benchmark_v1_ext33\text_render_5\txt_002_mask.png,excellent,0.0475234,5,1,0.0,0,47.6062,0.0,7322,9144,10596,7322,3274,8996,1600,1.0,0.691015,0.983815,0.849,0.151,2,2,90.0,0.0776834
txt_002,Rendered text,DST,public_benchmark_v1_ext33_mask_fill_edgewalk_rows20_p24,results\public_benchmark_v1_ext33_mask_fill_edgewalk_rows20_p24\txt_002\prediction.dst,datasets\public_benchmark_v1_ext33\text_render_5\txt_002_mask.png,hard_fail,0.24516396,27,6,0.0,0,286.3737,0.0,7322,9144,10454,7279,3175,8975,1479,0.994127,0.696289,0.981518,0.858523,0.141477,2,2,90.0,0.37180028
txt_002,Rendered text,DST,public_benchmark_v1_ext33_mask_fill_edgewalk_satin_w4_s6_i3,results\public_benchmark_v1_ext33_mask_fill_edgewalk_satin_w4_s6_i3\txt_002\prediction.dst,datasets\public_benchmark_v1_ext33\text_render_5\txt_002_mask.png,excellent,0.01619731,2,0,0.0,0,6.166,0.0,7322,9144,10824,7322,3502,9042,1782,1.0,0.67646,0.988845,0.835366,0.164634,2,2,90.0,0.03453875
txt_002,Rendered text,DST,public_benchmark_v1_ext33_mask_fill_edgewalk_satin_w6_s5_i3,results\public_benchmark_v1_ext33_mask_fill_edgewalk_satin_w6_s5_i3\txt_002\prediction.dst,datasets\public_benchmark_v1_ext33\text_render_5\txt_002_mask.png,excellent,0.01619731,2,0,0.0,0,6.166,0.0,7322,9144,10782,7322,3460,9039,1743,1.0,0.679095,0.988517,0.838342,0.161658,2,2,90.0,0.03406259
txt_002,Rendered text,DST,public_benchmark_v1_ext33_mask_fill_edgewalk_satin_w8_s7_i4,results\public_benchmark_v1_ext33_mask_fill_edgewalk_satin_w8_s7_i4\txt_002\prediction.dst,datasets\public_benchmark_v1_ext33\text_render_5\txt_002_mask.png,excellent,0.01619731,2,0,0.0,0,6.166,0.0,7322,9144,10776,7322,3454,9014,1762,1.0,0.679473,0.985783,0.836488,0.163512,2,2,90.0,0.03435923
txt_002,Rendered text,DST,public_benchmark_v1_ext33_mask_fill_edgewalk_satinrail_w10_s8_i5,results\public_benchmark_v1_ext33_mask_fill_edgewalk_satinrail_w10_s8_i5\txt_002\prediction.dst,datasets\public_benchmark_v1_ext33\text_render_5\txt_002_mask.png,excellent,0.01619731,2,0,0.0,0,6.166,0.0,7322,9144,10724,7322,3402,9010,1714,1.0,0.682768,0.985346,0.840172,0.159828,2,2,90.0,0.03376979
txt_002,Rendered text,DST,public_benchmark_v1_ext33_mask_fill_edgewalk_satinrail_w6_s6_i3,results\public_benchmark_v1_ext33_mask_fill_edgewalk_satinrail_w6_s6_i3\txt_002\prediction.dst,datasets\public_benchmark_v1_ext33\text_render_5\txt_002_mask.png,excellent,0.01619731,2,0,0.0,0,6.166,0.0,7322,9144,10775,7322,3453,9027,1748,1.0,0.679536,0.987205,0.837773,0.162227,2,2,90.0,0.03415363
txt_002,Rendered text,DST,public_benchmark_v1_ext33_mask_fill_edgewalk_satinrail_w8_s7_i4,results\public_benchmark_v1_ext33_mask_fill_edgewalk_satinrail_w8_s7_i4\txt_002\prediction.dst,datasets\public_benchmark_v1_ext33\text_render_5\txt_002_mask.png,excellent,0.01619731,2,0,0.0,0,6.166,0.0,7322,9144,10744,7322,3422,9014,1730,1.0,0.681497,0.985783,0.83898,0.16102,2,2,90.0,0.03396051
txt_002,Rendered text,DST,public_benchmark_v1_ext33_mask_fill_edgewalk_styleaware_r008_d45,results\public_benchmark_v1_ext33_mask_fill_edgewalk_styleaware_r008_d45\txt_002\prediction.dst,datasets\public_benchmark_v1_ext33\text_render_5\txt_002_mask.png,excellent,0.05561601,6,1,0.0,0,50.5002,0.0,7322,9144,6552,5330,1222,6016,536,0.727943,0.813492,0.657918,0.918193,0.081807,2,2,90.0,0.13563041
txt_002,Rendered text,DST,public_benchmark_v1_ext33_mask_fill_nearestrow_strict_short_rows16,results\public_benchmark_v1_ext33_mask_fill_nearestrow_strict_short_rows16\txt_002\prediction.dst,datasets\public_benchmark_v1_ext33\text_render_5\txt_002_mask.png,pass,0.10677045,13,0,0.0,0,86.5765,0.0,7322,9144,9955,7322,2633,8962,993,1.0,0.73551,0.980096,0.900251,0.099749,2,2,90.0,0.15877045
txt_002,Rendered text,DST,public_benchmark_v1_ext33_mask_fill_rows12_c10,results\public_benchmark_v1_ext33_mask_fill_rows12_c10\txt_002\prediction.dst,datasets\public_benchmark_v1_ext33\text_render_5\txt_002_mask.png,hard_fail,0.29735455,102,11,0.0,0,979.8298,0.0,7322,9144,10314,7322,2992,9144,1170,1.0,0.709909,1.0,0.886562,0.113438,2,2,90.0,0.72950463
txt_002,Rendered text,DST,public_benchmark_v1_ext33_mask_fill_rows12_c6,results\public_benchmark_v1_ext33_mask_fill_rows12_c6\txt_002\prediction.dst,datasets\public_benchmark_v1_ext33\text_render_5\txt_002_mask.png,hard_fail,0.3000452,112,11,0.0,0,1063.9126,0.0,7322,9144,10255,7322,2933,9144,1111,1.0,0.713993,1.0,0.891663,0.108337,2,2,90.0,0.77137912
txt_002,Rendered text,DST,public_benchmark_v1_ext33_mask_fill_rows16_c12_in025,results\public_benchmark_v1_ext33_mask_fill_rows16_c12_in025\txt_002\prediction.dst,datasets\public_benchmark_v1_ext33\text_render_5\txt_002_mask.png,hard_fail,0.24582119,53,5,0.0,0,494.4122,0.0,7322,9144,9976,7322,2654,8977,999,1.0,0.733962,0.981737,0.89986,0.10014,2,2,90.0,0.46784359
txt_002,Rendered text,DST,public_benchmark_v1_ext33_mask_fill_rows16_c12_in050,results\public_benchmark_v1_ext33_mask_fill_rows16_c12_in050\txt_002\prediction.dst,datasets\public_benchmark_v1_ext33\text_render_5\txt_002_mask.png,hard_fail,0.24582119,53,5,0.0,0,494.4122,0.0,7322,9144,9976,7322,2654,8977,999,1.0,0.733962,0.981737,0.89986,0.10014,2,2,90.0,0.46784359
txt_002,Rendered text,DST,public_benchmark_v1_ext33_mask_fill_rows16_c6,results\public_benchmark_v1_ext33_mask_fill_rows16_c6\txt_002\prediction.dst,datasets\public_benchmark_v1_ext33\text_render_5\txt_002_mask.png,hard_fail,0.24886555,63,5,0.0,0,589.5484,0.0,7322,9144,9831,7322,2509,8957,874,1.0,0.744787,0.979549,0.911098,0.088902,2,2,90.0,0.51086555
txt_002,Rendered text,DST,public_benchmark_v1_ext33_mask_fill_rows20_c12_in050,results\public_benchmark_v1_ext33_mask_fill_rows20_c12_in050\txt_002\prediction.dst,datasets\public_benchmark_v1_ext33\text_render_5\txt_002_mask.png,hard_fail,0.25159972,51,6,0.0,0,487.4913,0.0,7322,9144,10052,7279,2773,8970,1082,0.994127,0.724135,0.980971,0.89236,0.10764,2,2,90.0,0.46882212
txt_003,Rendered text,WKU,public_benchmark_v1_core20_auto_hybrid_skeleton_connect12_trimcap20,results\public_benchmark_v1_core20_auto_hybrid_skeleton_connect12_trimcap20\txt_003\prediction.dst,datasets\public_benchmark_v1_ext33\text_render_5\txt_003_mask.png,excellent,0.04955262,6,0,0.0,0,48.5195,0.0,9223,11368,5852,5479,373,5783,69,0.594058,0.936261,0.508709,0.988209,0.011791,2,2,90.0,0.1561829
txt_003,Rendered text,WKU,public_benchmark_v1_core20_source_aware_hybrid_skeleton,results\public_benchmark_v1_core20_source_aware_hybrid_skeleton\txt_003\prediction.dst,datasets\public_benchmark_v1_ext33\text_render_5\txt_003_mask.png,pass,0.13384857,14,3,0.0,0,120.2679,0.0,9223,11368,5707,5389,318,5663,44,0.5843,0.944279,0.498153,0.99229,0.00771,2,2,90.0,0.28052621
txt_003,Rendered text,WKU,public_benchmark_v1_core20_source_aware_hybrid_skeleton_connect12,results\public_benchmark_v1_core20_source_aware_hybrid_skeleton_connect12\txt_003\prediction.dst,datasets\public_benchmark_v1_ext33\text_render_5\txt_003_mask.png,excellent,0.04955262,6,0,0.0,0,48.5195,0.0,9223,11368,5852,5479,373,5783,69,0.594058,0.936261,0.508709,0.988209,0.011791,2,2,90.0,0.1561829
txt_003,Rendered text,WKU,public_benchmark_v1_core20_source_aware_hybrid_skeleton_connect12_trimcap20,results\public_benchmark_v1_core20_source_aware_hybrid_skeleton_connect12_trimcap20\txt_003\prediction.dst,datasets\public_benchmark_v1_ext33\text_render_5\txt_003_mask.png,excellent,0.04955262,6,0,0.0,0,48.5195,0.0,9223,11368,5852,5479,373,5783,69,0.594058,0.936261,0.508709,0.988209,0.011791,2,2,90.0,0.1561829
txt_003,Rendered text,WKU,public_benchmark_v1_ext33_all_skeleton_connect20_trimcap20,results\public_benchmark_v1_ext33_all_skeleton_connect20_trimcap20\txt_003\prediction.dst,datasets\public_benchmark_v1_ext33\text_render_5\txt_003_mask.png,excellent,0.04955262,6,0,0.0,0,48.5195,0.0,9223,11368,5852,5479,373,5783,69,0.594058,0.936261,0.508709,0.988209,0.011791,2,2,90.0,0.1561829
txt_003,Rendered text,WKU,public_benchmark_v1_ext33_all_skeleton_connect30_min12_trimcap20,results\public_benchmark_v1_ext33_all_skeleton_connect30_min12_trimcap20\txt_003\prediction.dst,datasets\public_benchmark_v1_ext33\text_render_5\txt_003_mask.png,excellent,0.03285763,4,0,0.0,0,26.8008,0.0,9223,11368,5898,5435,463,5784,114,0.589288,0.921499,0.508797,0.980671,0.019329,2,2,90.0,0.13185895
txt_003,Rendered text,WKU,public_benchmark_v1_ext33_all_skeleton_connect30_min20_trimcap20,results\public_benchmark_v1_ext33_all_skeleton_connect30_min20_trimcap20\txt_003\prediction.dst,datasets\public_benchmark_v1_ext33\text_render_5\txt_003_mask.png,excellent,0.03285763,4,0,0.0,0,26.8008,0.0,9223,11368,5898,5435,463,5784,114,0.589288,0.921499,0.508797,0.980671,0.019329,2,2,90.0,0.13185895
txt_003,Rendered text,WKU,public_benchmark_v1_ext33_all_skeleton_connect30_min8_trimcap20,results\public_benchmark_v1_ext33_all_skeleton_connect30_min8_trimcap20\txt_003\prediction.dst,datasets\public_benchmark_v1_ext33\text_render_5\txt_003_mask.png,excellent,0.03285763,4,0,0.0,0,26.8008,0.0,9223,11368,6084,5621,463,5970,114,0.609455,0.923899,0.525158,0.981262,0.018738,2,2,90.0,0.12828227
txt_003,Rendered text,WKU,public_benchmark_v1_ext33_all_skeleton_connect30_trimcap20,results\public_benchmark_v1_ext33_all_skeleton_connect30_trimcap20\txt_003\prediction.dst,datasets\public_benchmark_v1_ext33\text_render_5\txt_003_mask.png,excellent,0.03285763,4,0,0.0,0,26.8008,0.0,9223,11368,6084,5621,463,5970,114,0.609455,0.923899,0.525158,0.981262,0.018738,2,2,90.0,0.12828227
txt_003,Rendered text,WKU,public_benchmark_v1_ext33_auto_hybrid_evalrepair_r10_c20_trimcap20,results\public_benchmark_v1_ext33_auto_hybrid_evalrepair_r10_c20_trimcap20\txt_003\prediction.dst,datasets\public_benchmark_v1_ext33\text_render_5\txt_003_mask.png,excellent,0.04955262,6,0,0.0,0,48.5195,0.0,9223,11368,5852,5479,373,5783,69,0.594058,0.936261,0.508709,0.988209,0.011791,2,2,90.0,0.1561829
txt_003,Rendered text,WKU,public_benchmark_v1_ext33_auto_hybrid_evalrepair_r10_inside085_c20_trimcap20,results\public_benchmark_v1_ext33_auto_hybrid_evalrepair_r10_inside085_c20_trimcap20\txt_003\prediction.dst,datasets\public_benchmark_v1_ext33\text_render_5\txt_003_mask.png,excellent,0.04955262,6,0,0.0,0,48.5195,0.0,9223,11368,5852,5479,373,5783,69,0.594058,0.936261,0.508709,0.988209,0.011791,2,2,90.0,0.1561829
txt_003,Rendered text,WKU,public_benchmark_v1_ext33_auto_hybrid_evalrepair_r10_inside090_c20_trimcap20,results\public_benchmark_v1_ext33_auto_hybrid_evalrepair_r10_inside090_c20_trimcap20\txt_003\prediction.dst,datasets\public_benchmark_v1_ext33\text_render_5\txt_003_mask.png,excellent,0.04955262,6,0,0.0,0,48.5195,0.0,9223,11368,5852,5479,373,5783,69,0.594058,0.936261,0.508709,0.988209,0.011791,2,2,90.0,0.1561829
txt_003,Rendered text,WKU,public_benchmark_v1_ext33_auto_hybrid_evalrepair_r15_c20_trimcap20,results\public_benchmark_v1_ext33_auto_hybrid_evalrepair_r15_c20_trimcap20\txt_003\prediction.dst,datasets\public_benchmark_v1_ext33\text_render_5\txt_003_mask.png,excellent,0.04955262,6,0,0.0,0,48.5195,0.0,9223,11368,5852,5479,373,5783,69,0.594058,0.936261,0.508709,0.988209,0.011791,2,2,90.0,0.1561829
txt_003,Rendered text,WKU,public_benchmark_v1_ext33_auto_hybrid_evalrepair_r15_inside090_c20_trimcap20,results\public_benchmark_v1_ext33_auto_hybrid_evalrepair_r15_inside090_c20_trimcap20\txt_003\prediction.dst,datasets\public_benchmark_v1_ext33\text_render_5\txt_003_mask.png,excellent,0.04955262,6,0,0.0,0,48.5195,0.0,9223,11368,5852,5479,373,5783,69,0.594058,0.936261,0.508709,0.988209,0.011791,2,2,90.0,0.1561829
txt_003,Rendered text,WKU,public_benchmark_v1_ext33_auto_hybrid_r10_c16_trimcap20,results\public_benchmark_v1_ext33_auto_hybrid_r10_c16_trimcap20\txt_003\prediction.dst,datasets\public_benchmark_v1_ext33\text_render_5\txt_003_mask.png,excellent,0.04955262,6,0,0.0,0,48.5195,0.0,9223,11368,5852,5479,373,5783,69,0.594058,0.936261,0.508709,0.988209,0.011791,2,2,90.0,0.1561829
txt_003,Rendered text,WKU,public_benchmark_v1_ext33_auto_hybrid_r10_c20_trimcap20,results\public_benchmark_v1_ext33_auto_hybrid_r10_c20_trimcap20\txt_003\prediction.dst,datasets\public_benchmark_v1_ext33\text_render_5\txt_003_mask.png,excellent,0.04955262,6,0,0.0,0,48.5195,0.0,9223,11368,5852,5479,373,5783,69,0.594058,0.936261,0.508709,0.988209,0.011791,2,2,90.0,0.1561829
txt_003,Rendered text,WKU,public_benchmark_v1_ext33_auto_hybrid_r125_c16_trimcap20,results\public_benchmark_v1_ext33_auto_hybrid_r125_c16_trimcap20\txt_003\prediction.dst,datasets\public_benchmark_v1_ext33\text_render_5\txt_003_mask.png,excellent,0.04955262,6,0,0.0,0,48.5195,0.0,9223,11368,5852,5479,373,5783,69,0.594058,0.936261,0.508709,0.988209,0.011791,2,2,90.0,0.1561829
txt_003,Rendered text,WKU,public_benchmark_v1_ext33_auto_hybrid_r125_c20_trimcap20,results\public_benchmark_v1_ext33_auto_hybrid_r125_c20_trimcap20\txt_003\prediction.dst,datasets\public_benchmark_v1_ext33\text_render_5\txt_003_mask.png,excellent,0.04955262,6,0,0.0,0,48.5195,0.0,9223,11368,5852,5479,373,5783,69,0.594058,0.936261,0.508709,0.988209,0.011791,2,2,90.0,0.1561829
txt_003,Rendered text,WKU,public_benchmark_v1_ext33_auto_hybrid_skeleton_connect12_trimcap20,results\public_benchmark_v1_ext33_auto_hybrid_skeleton_connect12_trimcap20\txt_003\prediction.dst,datasets\public_benchmark_v1_ext33\text_render_5\txt_003_mask.png,excellent,0.04955262,6,0,0.0,0,48.5195,0.0,9223,11368,5852,5479,373,5783,69,0.594058,0.936261,0.508709,0.988209,0.011791,2,2,90.0,0.1561829
txt_003,Rendered text,WKU,public_benchmark_v1_ext33_b0_m2_1_globalrepair20,results\public_benchmark_v1_ext33_b0_m2_1_globalrepair20\txt_003\prediction.dst,datasets\public_benchmark_v1_ext33\text_render_5\txt_003_mask.png,hard_fail,0.54202838,31,6,285.5925,51,188.3869,182.4569,9223,11368,10901,8625,2276,10011,890,0.935162,0.791212,0.88063,0.918356,0.081644,2,2,90.0,7.62466482
txt_003,Rendered text,WKU,public_benchmark_v1_ext33_m2_4_coverage_rerank,results\public_benchmark_v1_ext33_m2_4_coverage_rerank\txt_003\prediction.dst,datasets\public_benchmark_v1_ext33\text_render_5\txt_003_mask.png,excellent,0.04955262,6,0,0.0,0,48.5195,0.0,9223,11368,5852,5479,373,5783,69,0.594058,0.936261,0.508709,0.988209,0.011791,2,2,90.0,0.1561829
txt_003,Rendered text,WKU,public_benchmark_v1_ext33_m2_4_coverage_rerank_connect30,results\public_benchmark_v1_ext33_m2_4_coverage_rerank_connect30\txt_003\prediction.dst,datasets\public_benchmark_v1_ext33\text_render_5\txt_003_mask.png,excellent,0.03285763,4,0,0.0,0,26.8008,0.0,9223,11368,6084,5621,463,5970,114,0.609455,0.923899,0.525158,0.981262,0.018738,2,2,90.0,0.12828227
txt_003,Rendered text,WKU,public_benchmark_v1_ext33_m2_4_coverage_rerank_min12,results\public_benchmark_v1_ext33_m2_4_coverage_rerank_min12\txt_003\prediction.dst,datasets\public_benchmark_v1_ext33\text_render_5\txt_003_mask.png,excellent,0.03285763,4,0,0.0,0,26.8008,0.0,9223,11368,5898,5435,463,5784,114,0.589288,0.921499,0.508797,0.980671,0.019329,2,2,90.0,0.13185895
txt_003,Rendered text,WKU,public_benchmark_v1_ext33_m2_4_coverage_rerank_min20,results\public_benchmark_v1_ext33_m2_4_coverage_rerank_min20\txt_003\prediction.dst,datasets\public_benchmark_v1_ext33\text_render_5\txt_003_mask.png,excellent,0.03285763,4,0,0.0,0,26.8008,0.0,9223,11368,5898,5435,463,5784,114,0.589288,0.921499,0.508797,0.980671,0.019329,2,2,90.0,0.13185895
txt_003,Rendered text,WKU,public_benchmark_v1_ext33_m2_4_coverage_rerank_min8,results\public_benchmark_v1_ext33_m2_4_coverage_rerank_min8\txt_003\prediction.dst,datasets\public_benchmark_v1_ext33\text_render_5\txt_003_mask.png,excellent,0.03285763,4,0,0.0,0,26.8008,0.0,9223,11368,6084,5621,463,5970,114,0.609455,0.923899,0.525158,0.981262,0.018738,2,2,90.0,0.12828227
txt_003,Rendered text,WKU,public_benchmark_v1_ext33_m2_51_sweeptuned_gate_balanced_applied,results\public_benchmark_v1_ext33_m2_51_sweeptuned_gate_balanced_applied\txt_003\prediction.dst,datasets\public_benchmark_v1_ext33\text_render_5\txt_003_mask.png,excellent,0.03293545,4,0,0.0,0,29.2329,0.0,9223,11368,12102,9192,2910,10827,1275,0.996639,0.759544,0.95241,0.894646,0.105354,2,2,90.0,0.04979209
txt_003,Rendered text,WKU,public_benchmark_v1_ext33_m2_51_sweeptuned_gate_low_jump_applied,results\public_benchmark_v1_ext33_m2_51_sweeptuned_gate_low_jump_applied\txt_003\prediction.dst,datasets\public_benchmark_v1_ext33\text_render_5\txt_003_mask.png,excellent,0.03293545,4,0,0.0,0,29.2329,0.0,9223,11368,12102,9192,2910,10827,1275,0.996639,0.759544,0.95241,0.894646,0.105354,2,2,90.0,0.04979209
txt_003,Rendered text,WKU,public_benchmark_v1_ext33_m2_55_line_domain_guard_low_jump,results\public_benchmark_v1_ext33_m2_55_line_domain_guard_low_jump\txt_003\prediction.dst,datasets\public_benchmark_v1_ext33\text_render_5\txt_003_mask.png,excellent,0.03293545,4,0,0.0,0,29.2329,0.0,9223,11368,12102,9192,2910,10827,1275,0.996639,0.759544,0.95241,0.894646,0.105354,2,2,90.0,0.04979209
txt_003,Rendered text,WKU,public_benchmark_v1_ext33_m2_56_line_stroke_d0_c12_i090,results\public_benchmark_v1_ext33_m2_56_line_stroke_d0_c12_i090\txt_003\prediction.dst,datasets\public_benchmark_v1_ext33\text_render_5\txt_003_mask.png,excellent,0.04955262,6,0,0.0,0,48.5195,0.0,9223,11368,5852,5479,373,5783,69,0.594058,0.936261,0.508709,0.988209,0.011791,2,2,90.0,0.1561829
txt_003,Rendered text,WKU,public_benchmark_v1_ext33_m2_56_line_stroke_d0_c12_i090_min12,results\public_benchmark_v1_ext33_m2_56_line_stroke_d0_c12_i090_min12\txt_003\prediction.dst,datasets\public_benchmark_v1_ext33\text_render_5\txt_003_mask.png,excellent,0.04955262,6,0,0.0,0,48.5195,0.0,9223,11368,5663,5290,373,5594,69,0.573566,0.934134,0.492083,0.987816,0.012184,2,2,90.0,0.15981738
txt_003,Rendered text,WKU,public_benchmark_v1_ext33_m2_56_line_stroke_d0_c12_i090_min20,results\public_benchmark_v1_ext33_m2_56_line_stroke_d0_c12_i090_min20\txt_003\prediction.dst,datasets\public_benchmark_v1_ext33\text_render_5\txt_003_mask.png,excellent,0.04955262,6,0,0.0,0,48.5195,0.0,9223,11368,5663,5290,373,5594,69,0.573566,0.934134,0.492083,0.987816,0.012184,2,2,90.0,0.15981738
txt_003,Rendered text,WKU,public_benchmark_v1_ext33_m2_56_line_stroke_d0_c12_i090_min30,results\public_benchmark_v1_ext33_m2_56_line_stroke_d0_c12_i090_min30\txt_003\prediction.dst,datasets\public_benchmark_v1_ext33\text_render_5\txt_003_mask.png,excellent,0.04955262,6,0,0.0,0,48.5195,0.0,9223,11368,5663,5290,373,5594,69,0.573566,0.934134,0.492083,0.987816,0.012184,2,2,90.0,0.15981738
txt_003,Rendered text,WKU,public_benchmark_v1_ext33_m2_56_line_stroke_d0_c8_i095,results\public_benchmark_v1_ext33_m2_56_line_stroke_d0_c8_i095\txt_003\prediction.dst,datasets\public_benchmark_v1_ext33\text_render_5\txt_003_mask.png,excellent,0.05789528,7,0,0.0,0,59.2274,0.0,9223,11368,5779,5427,352,5715,64,0.58842,0.93909,0.502727,0.988925,0.011075,2,2,90.0,0.16969444
txt_003,Rendered text,WKU,public_benchmark_v1_ext33_m2_56_line_stroke_d1_c10_i090,results\public_benchmark_v1_ext33_m2_56_line_stroke_d1_c10_i090\txt_003\prediction.dst,datasets\public_benchmark_v1_ext33\text_render_5\txt_003_mask.png,excellent,0.05789528,7,0,0.0,0,59.2274,0.0,9223,11368,5779,5427,352,5715,64,0.58842,0.93909,0.502727,0.988925,0.011075,2,2,90.0,0.16969444
txt_003,Rendered text,WKU,public_benchmark_v1_ext33_m2_56_line_stroke_d1_c12_i090_min20,results\public_benchmark_v1_ext33_m2_56_line_stroke_d1_c12_i090_min20\txt_003\prediction.dst,datasets\public_benchmark_v1_ext33\text_render_5\txt_003_mask.png,excellent,0.04955262,6,0,0.0,0,48.5195,0.0,9223,11368,5663,5290,373,5594,69,0.573566,0.934134,0.492083,0.987816,0.012184,2,2,90.0,0.15981738
txt_003,Rendered text,WKU,public_benchmark_v1_ext33_m2_56_line_stroke_d1_c6_i095,results\public_benchmark_v1_ext33_m2_56_line_stroke_d1_c6_i095\txt_003\prediction.dst,datasets\public_benchmark_v1_ext33\text_render_5\txt_003_mask.png,excellent,0.06613242,8,0,0.0,0,66.6382,0.0,9223,11368,5744,5426,318,5700,44,0.588312,0.944638,0.501407,0.99234,0.00766,2,2,90.0,0.18209862
txt_003,Rendered text,WKU,public_benchmark_v1_ext33_m2_56_line_stroke_d2_c12_i085_min20,results\public_benchmark_v1_ext33_m2_56_line_stroke_d2_c12_i085_min20\txt_003\prediction.dst,datasets\public_benchmark_v1_ext33\text_render_5\txt_003_mask.png,excellent,0.04955262,6,0,0.0,0,48.5195,0.0,9223,11368,5663,5290,373,5594,69,0.573566,0.934134,0.492083,0.987816,0.012184,2,2,90.0,0.15981738
txt_003,Rendered text,WKU,public_benchmark_v1_ext33_m2_56_line_stroke_d3_c18,results\public_benchmark_v1_ext33_m2_56_line_stroke_d3_c18\txt_003\prediction.dst,datasets\public_benchmark_v1_ext33\text_render_5\txt_003_mask.png,warning,0.25259008,4,0,6.8522,2,33.7141,6.0017,9223,11368,6100,5538,562,5894,206,0.600455,0.907869,0.518473,0.96623,0.03377,2,2,90.0,0.57805892
txt_003,Rendered text,WKU,public_benchmark_v1_ext33_m2_56_line_stroke_selector_probe,results\public_benchmark_v1_ext33_m2_56_line_stroke_selector_probe\txt_003\prediction.dst,datasets\public_benchmark_v1_ext33\text_render_5\txt_003_mask.png,excellent,0.03293545,4,0,0.0,0,29.2329,0.0,9223,11368,12102,9192,2910,10827,1275,0.996639,0.759544,0.95241,0.894646,0.105354,2,2,90.0,0.04979209
txt_003,Rendered text,WKU,public_benchmark_v1_ext33_m2_57_topology_open_d0_c12_i090_min12,results\public_benchmark_v1_ext33_m2_57_topology_open_d0_c12_i090_min12\txt_003\prediction.dst,datasets\public_benchmark_v1_ext33\text_render_5\txt_003_mask.png,excellent,0.04937602,6,0,0.0,0,43.0006,0.0,9223,11368,5632,5293,339,5583,49,0.573891,0.939808,0.491115,0.9913,0.0087,2,2,90.0,0.15973094
txt_003,Rendered text,WKU,public_benchmark_v1_ext33_m2_57_topology_open_d0_c12_i090_min20,results\public_benchmark_v1_ext33_m2_57_topology_open_d0_c12_i090_min20\txt_003\prediction.dst,datasets\public_benchmark_v1_ext33\text_render_5\txt_003_mask.png,excellent,0.04937602,6,0,0.0,0,43.0006,0.0,9223,11368,5632,5293,339,5583,49,0.573891,0.939808,0.491115,0.9913,0.0087,2,2,90.0,0.15973094
txt_003,Rendered text,WKU,public_benchmark_v1_ext33_m2_57_topology_open_d0_c12_i090_min30,results\public_benchmark_v1_ext33_m2_57_topology_open_d0_c12_i090_min30\txt_003\prediction.dst,datasets\public_benchmark_v1_ext33\text_render_5\txt_003_mask.png,excellent,0.04937602,6,0,0.0,0,43.0006,0.0,9223,11368,5632,5293,339,5583,49,0.573891,0.939808,0.491115,0.9913,0.0087,2,2,90.0,0.15973094
txt_003,Rendered text,WKU,public_benchmark_v1_ext33_m2_57_topology_open_d0_c16_i085_min20,results\public_benchmark_v1_ext33_m2_57_topology_open_d0_c16_i085_min20\txt_003\prediction.dst,datasets\public_benchmark_v1_ext33\text_render_5\txt_003_mask.png,excellent,0.04937602,6,0,0.0,0,43.0006,0.0,9223,11368,5632,5293,339,5583,49,0.573891,0.939808,0.491115,0.9913,0.0087,2,2,90.0,0.15973094
txt_003,Rendered text,WKU,public_benchmark_v1_ext33_m2_57_topology_open_d0_c20_i080_min30,results\public_benchmark_v1_ext33_m2_57_topology_open_d0_c20_i080_min30\txt_003\prediction.dst,datasets\public_benchmark_v1_ext33\text_render_5\txt_003_mask.png,excellent,0.04937602,6,0,0.0,0,43.0006,0.0,9223,11368,5632,5293,339,5583,49,0.573891,0.939808,0.491115,0.9913,0.0087,2,2,90.0,0.15973094
txt_003,Rendered text,WKU,public_benchmark_v1_ext33_m2_57_topology_open_d0_c20_i080_min40,results\public_benchmark_v1_ext33_m2_57_topology_open_d0_c20_i080_min40\txt_003\prediction.dst,datasets\public_benchmark_v1_ext33\text_render_5\txt_003_mask.png,excellent,0.04937602,6,0,0.0,0,43.0006,0.0,9223,11368,5632,5293,339,5583,49,0.573891,0.939808,0.491115,0.9913,0.0087,2,2,90.0,0.15973094
txt_003,Rendered text,WKU,public_benchmark_v1_ext33_m2_57_topology_open_d0_c24_i075_min40,results\public_benchmark_v1_ext33_m2_57_topology_open_d0_c24_i075_min40\txt_003\prediction.dst,datasets\public_benchmark_v1_ext33\text_render_5\txt_003_mask.png,excellent,0.04937602,6,0,0.0,0,43.0006,0.0,9223,11368,5632,5293,339,5583,49,0.573891,0.939808,0.491115,0.9913,0.0087,2,2,90.0,0.15973094
txt_003,Rendered text,WKU,public_benchmark_v1_ext33_m2_57_topology_open_d0_c24_i075_min60,results\public_benchmark_v1_ext33_m2_57_topology_open_d0_c24_i075_min60\txt_003\prediction.dst,datasets\public_benchmark_v1_ext33\text_render_5\txt_003_mask.png,excellent,0.04937602,6,0,0.0,0,43.0006,0.0,9223,11368,5632,5293,339,5583,49,0.573891,0.939808,0.491115,0.9913,0.0087,2,2,90.0,0.15973094
txt_003,Rendered text,WKU,public_benchmark_v1_ext33_m2_57_topology_open_d0_c30_i070_min100,results\public_benchmark_v1_ext33_m2_57_topology_open_d0_c30_i070_min100\txt_003\prediction.dst,datasets\public_benchmark_v1_ext33\text_render_5\txt_003_mask.png,excellent,0.05569119,6,1,0.0,0,52.8498,0.0,9223,11368,3015,2902,113,3000,15,0.314648,0.962521,0.263899,0.995025,0.004975,2,2,90.0,0.21605147
txt_003,Rendered text,WKU,public_benchmark_v1_ext33_m2_57_topology_open_d0_c30_i070_min80,results\public_benchmark_v1_ext33_m2_57_topology_open_d0_c30_i070_min80\txt_003\prediction.dst,datasets\public_benchmark_v1_ext33\text_render_5\txt_003_mask.png,excellent,0.04937602,6,0,0.0,0,43.0006,0.0,9223,11368,5083,4778,305,5038,45,0.518053,0.939996,0.443174,0.991147,0.008853,2,2,90.0,0.1699509
txt_003,Rendered text,WKU,public_benchmark_v1_ext33_m2_57_topology_open_d1_c16_i085_min20,results\public_benchmark_v1_ext33_m2_57_topology_open_d1_c16_i085_min20\txt_003\prediction.dst,datasets\public_benchmark_v1_ext33\text_render_5\txt_003_mask.png,excellent,0.04937602,6,0,0.0,0,43.0006,0.0,9223,11368,5632,5293,339,5583,49,0.573891,0.939808,0.491115,0.9913,0.0087,2,2,90.0,0.15973094
txt_003,Rendered text,WKU,public_benchmark_v1_ext33_m2_57_topology_open_d1_c20_i080_min20,results\public_benchmark_v1_ext33_m2_57_topology_open_d1_c20_i080_min20\txt_003\prediction.dst,datasets\public_benchmark_v1_ext33\text_render_5\txt_003_mask.png,excellent,0.04937602,6,0,0.0,0,43.0006,0.0,9223,11368,5632,5293,339,5583,49,0.573891,0.939808,0.491115,0.9913,0.0087,2,2,90.0,0.15973094
txt_003,Rendered text,WKU,public_benchmark_v1_ext33_m2_57_topology_open_d1_c24_i070_min60,results\public_benchmark_v1_ext33_m2_57_topology_open_d1_c24_i070_min60\txt_003\prediction.dst,datasets\public_benchmark_v1_ext33\text_render_5\txt_003_mask.png,excellent,0.04937602,6,0,0.0,0,43.0006,0.0,9223,11368,5632,5293,339,5583,49,0.573891,0.939808,0.491115,0.9913,0.0087,2,2,90.0,0.15973094
txt_003,Rendered text,WKU,public_benchmark_v1_ext33_m2_57_topology_open_d1_c24_i075_min40,results\public_benchmark_v1_ext33_m2_57_topology_open_d1_c24_i075_min40\txt_003\prediction.dst,datasets\public_benchmark_v1_ext33\text_render_5\txt_003_mask.png,excellent,0.04937602,6,0,0.0,0,43.0006,0.0,9223,11368,5632,5293,339,5583,49,0.573891,0.939808,0.491115,0.9913,0.0087,2,2,90.0,0.15973094
txt_003,Rendered text,WKU,public_benchmark_v1_ext33_m2_57_topology_open_d1_c30_i065_min80,results\public_benchmark_v1_ext33_m2_57_topology_open_d1_c30_i065_min80\txt_003\prediction.dst,datasets\public_benchmark_v1_ext33\text_render_5\txt_003_mask.png,excellent,0.04937602,6,0,0.0,0,43.0006,0.0,9223,11368,5083,4778,305,5038,45,0.518053,0.939996,0.443174,0.991147,0.008853,2,2,90.0,0.1699509
txt_003,Rendered text,WKU,public_benchmark_v1_ext33_m2_57_topology_open_d2_c20_i075_min20,results\public_benchmark_v1_ext33_m2_57_topology_open_d2_c20_i075_min20\txt_003\prediction.dst,datasets\public_benchmark_v1_ext33\text_render_5\txt_003_mask.png,excellent,0.04937602,6,0,0.0,0,43.0006,0.0,9223,11368,5632,5293,339,5583,49,0.573891,0.939808,0.491115,0.9913,0.0087,2,2,90.0,0.15973094
txt_003,Rendered text,WKU,public_benchmark_v1_ext33_m2_57_topology_relative_rescue,results\public_benchmark_v1_ext33_m2_57_topology_relative_rescue\txt_003\prediction.dst,datasets\public_benchmark_v1_ext33\text_render_5\txt_003_mask.png,excellent,0.03293545,4,0,0.0,0,29.2329,0.0,9223,11368,12102,9192,2910,10827,1275,0.996639,0.759544,0.95241,0.894646,0.105354,2,2,90.0,0.04979209
txt_003,Rendered text,WKU,public_benchmark_v1_ext33_m2_57_topology_selector_probe_min100,results\public_benchmark_v1_ext33_m2_57_topology_selector_probe_min100\txt_003\prediction.dst,datasets\public_benchmark_v1_ext33\text_render_5\txt_003_mask.png,excellent,0.03293545,4,0,0.0,0,29.2329,0.0,9223,11368,12102,9192,2910,10827,1275,0.996639,0.759544,0.95241,0.894646,0.105354,2,2,90.0,0.04979209
txt_003,Rendered text,WKU,public_benchmark_v1_ext33_m2_57_topology_selector_probe_min100_j14,results\public_benchmark_v1_ext33_m2_57_topology_selector_probe_min100_j14\txt_003\prediction.dst,datasets\public_benchmark_v1_ext33\text_render_5\txt_003_mask.png,excellent,0.03293545,4,0,0.0,0,29.2329,0.0,9223,11368,12102,9192,2910,10827,1275,0.996639,0.759544,0.95241,0.894646,0.105354,2,2,90.0,0.04979209
txt_003,Rendered text,WKU,public_benchmark_v1_ext33_m2_58_coverage_aware_relative_rescue,results\public_benchmark_v1_ext33_m2_58_coverage_aware_relative_rescue\txt_003\prediction.dst,datasets\public_benchmark_v1_ext33\text_render_5\txt_003_mask.png,excellent,0.03293545,4,0,0.0,0,29.2329,0.0,9223,11368,12102,9192,2910,10827,1275,0.996639,0.759544,0.95241,0.894646,0.105354,2,2,90.0,0.04979209
txt_003,Rendered text,WKU,public_benchmark_v1_ext33_m2_59_anchored_quality_rescue_selector,results\public_benchmark_v1_ext33_m2_59_anchored_quality_rescue_selector\txt_003\prediction.dst,datasets\public_benchmark_v1_ext33\text_render_5\txt_003_mask.png,excellent,0.03293545,4,0,0.0,0,29.2329,0.0,9223,11368,12102,9192,2910,10827,1275,0.996639,0.759544,0.95241,0.894646,0.105354,2,2,90.0,0.04979209
txt_003,Rendered text,WKU,public_benchmark_v1_ext33_m2_59_grouped_topology_g_d0_c16_i085_s4_min12_p80,results\public_benchmark_v1_ext33_m2_59_grouped_topology_g_d0_c16_i085_s4_min12_p80\txt_003\prediction.dst,datasets\public_benchmark_v1_ext33\text_render_5\txt_003_mask.png,excellent,0.04937602,6,0,0.0,0,43.0006,0.0,9223,11368,5632,5293,339,5583,49,0.573891,0.939808,0.491115,0.9913,0.0087,2,2,90.0,0.15973094
txt_003,Rendered text,WKU,public_benchmark_v1_ext33_m2_59_grouped_topology_g_d0_c16_i090_s3_min20_p80,results\public_benchmark_v1_ext33_m2_59_grouped_topology_g_d0_c16_i090_s3_min20_p80\txt_003\prediction.dst,datasets\public_benchmark_v1_ext33\text_render_5\txt_003_mask.png,excellent,0.04937602,6,0,0.0,0,43.0006,0.0,9223,11368,5632,5293,339,5583,49,0.573891,0.939808,0.491115,0.9913,0.0087,2,2,90.0,0.15973094
txt_003,Rendered text,WKU,public_benchmark_v1_ext33_m2_59_grouped_topology_g_d0_c18_i092_s4_min12_p100,results\public_benchmark_v1_ext33_m2_59_grouped_topology_g_d0_c18_i092_s4_min12_p100\txt_003\prediction.dst,datasets\public_benchmark_v1_ext33\text_render_5\txt_003_mask.png,excellent,0.04937602,6,0,0.0,0,43.0006,0.0,9223,11368,5632,5293,339,5583,49,0.573891,0.939808,0.491115,0.9913,0.0087,2,2,90.0,0.15973094
txt_003,Rendered text,WKU,public_benchmark_v1_ext33_m2_59_grouped_topology_g_d0_c18_i095_s3_min12_p120,results\public_benchmark_v1_ext33_m2_59_grouped_topology_g_d0_c18_i095_s3_min12_p120\txt_003\prediction.dst,datasets\public_benchmark_v1_ext33\text_render_5\txt_003_mask.png,excellent,0.04937602,6,0,0.0,0,43.0006,0.0,9223,11368,5632,5293,339,5583,49,0.573891,0.939808,0.491115,0.9913,0.0087,2,2,90.0,0.15973094
txt_003,Rendered text,WKU,public_benchmark_v1_ext33_m2_59_grouped_topology_g_d0_c20_i080_s5_min12_p80,results\public_benchmark_v1_ext33_m2_59_grouped_topology_g_d0_c20_i080_s5_min12_p80\txt_003\prediction.dst,datasets\public_benchmark_v1_ext33\text_render_5\txt_003_mask.png,excellent,0.04937602,6,0,0.0,0,43.0006,0.0,9223,11368,5632,5293,339,5583,49,0.573891,0.939808,0.491115,0.9913,0.0087,2,2,90.0,0.15973094
txt_003,Rendered text,WKU,public_benchmark_v1_ext33_m2_59_grouped_topology_g_d0_c20_i090_s4_min12_p100,results\public_benchmark_v1_ext33_m2_59_grouped_topology_g_d0_c20_i090_s4_min12_p100\txt_003\prediction.dst,datasets\public_benchmark_v1_ext33\text_render_5\txt_003_mask.png,excellent,0.04937602,6,0,0.0,0,43.0006,0.0,9223,11368,5632,5293,339,5583,49,0.573891,0.939808,0.491115,0.9913,0.0087,2,2,90.0,0.15973094
txt_003,Rendered text,WKU,public_benchmark_v1_ext33_m2_59_grouped_topology_g_d0_c20_i095_s4_min12_p100,results\public_benchmark_v1_ext33_m2_59_grouped_topology_g_d0_c20_i095_s4_min12_p100\txt_003\prediction.dst,datasets\public_benchmark_v1_ext33\text_render_5\txt_003_mask.png,excellent,0.04937602,6,0,0.0,0,43.0006,0.0,9223,11368,5632,5293,339,5583,49,0.573891,0.939808,0.491115,0.9913,0.0087,2,2,90.0,0.15973094
txt_003,Rendered text,WKU,public_benchmark_v1_ext33_m2_59_grouped_topology_g_d0_c24_i075_s6_min20_p80,results\public_benchmark_v1_ext33_m2_59_grouped_topology_g_d0_c24_i075_s6_min20_p80\txt_003\prediction.dst,datasets\public_benchmark_v1_ext33\text_render_5\txt_003_mask.png,excellent,0.04937602,6,0,0.0,0,43.0006,0.0,9223,11368,5632,5293,339,5583,49,0.573891,0.939808,0.491115,0.9913,0.0087,2,2,90.0,0.15973094
txt_003,Rendered text,WKU,public_benchmark_v1_ext33_m2_59_grouped_topology_g_d0_c30_i070_s8_min30_p100,results\public_benchmark_v1_ext33_m2_59_grouped_topology_g_d0_c30_i070_s8_min30_p100\txt_003\prediction.dst,datasets\public_benchmark_v1_ext33\text_render_5\txt_003_mask.png,hard_fail,0.31053682,4,0,10.1967,3,27.5006,8.8284,9223,11368,6158,5599,559,5955,203,0.607069,0.909224,0.523839,0.967035,0.032965,2,2,90.0,0.74827762
txt_003,Rendered text,WKU,public_benchmark_v1_ext33_m2_59_grouped_topology_g_d1_c20_i075_s5_min12_p80,results\public_benchmark_v1_ext33_m2_59_grouped_topology_g_d1_c20_i075_s5_min12_p80\txt_003\prediction.dst,datasets\public_benchmark_v1_ext33\text_render_5\txt_003_mask.png,excellent,0.04937602,6,0,0.0,0,43.0006,0.0,9223,11368,5632,5293,339,5583,49,0.573891,0.939808,0.491115,0.9913,0.0087,2,2,90.0,0.15973094
txt_003,Rendered text,WKU,public_benchmark_v1_ext33_m2_59_quality_rescue_selector,results\public_benchmark_v1_ext33_m2_59_quality_rescue_selector\txt_003\prediction.dst,datasets\public_benchmark_v1_ext33\text_render_5\txt_003_mask.png,excellent,0.03293545,4,0,0.0,0,29.2329,0.0,9223,11368,12102,9192,2910,10827,1275,0.996639,0.759544,0.95241,0.894646,0.105354,2,2,90.0,0.04979209
txt_003,Rendered text,WKU,public_benchmark_v1_ext33_m2_5_learned_selector_applied,results\public_benchmark_v1_ext33_m2_5_learned_selector_applied\txt_003\prediction.dst,datasets\public_benchmark_v1_ext33\text_render_5\txt_003_mask.png,excellent,0.03285763,4,0,0.0,0,26.8008,0.0,9223,11368,5898,5435,463,5784,114,0.589288,0.921499,0.508797,0.980671,0.019329,2,2,90.0,0.13185895
txt_003,Rendered text,WKU,public_benchmark_v1_ext33_m2_60_maskpath_combo_rescue_selector,results\public_benchmark_v1_ext33_m2_60_maskpath_combo_rescue_selector\txt_003\prediction.dst,datasets\public_benchmark_v1_ext33\text_render_5\txt_003_mask.png,excellent,0.03293545,4,0,0.0,0,29.2329,0.0,9223,11368,12102,9192,2910,10827,1275,0.996639,0.759544,0.95241,0.894646,0.105354,2,2,90.0,0.04979209
txt_003,Rendered text,WKU,public_benchmark_v1_ext33_m2_60_maskpath_mp_d0_r0_c20_i095_route24_f20_min12,results\public_benchmark_v1_ext33_m2_60_maskpath_mp_d0_r0_c20_i095_route24_f20_min12\txt_003\prediction.dst,datasets\public_benchmark_v1_ext33\text_render_5\txt_003_mask.png,excellent,0.04937602,6,0,0.0,0,43.0006,0.0,9223,11368,5632,5293,339,5583,49,0.573891,0.939808,0.491115,0.9913,0.0087,2,2,90.0,0.15973094
txt_003,Rendered text,WKU,public_benchmark_v1_ext33_m2_60_maskpath_mp_d0_r0_c20_i095_route32_f26_min12,results\public_benchmark_v1_ext33_m2_60_maskpath_mp_d0_r0_c20_i095_route32_f26_min12\txt_003\prediction.dst,datasets\public_benchmark_v1_ext33\text_render_5\txt_003_mask.png,excellent,0.03288002,4,0,0.0,0,27.5006,0.0,9223,11368,6006,5522,484,5895,111,0.598721,0.919414,0.518561,0.981518,0.018482,2,2,90.0,0.12995502
txt_003,Rendered text,WKU,public_benchmark_v1_ext33_m2_60_maskpath_mp_d0_r0_c20_i095_route32_f26_min20,results\public_benchmark_v1_ext33_m2_60_maskpath_mp_d0_r0_c20_i095_route32_f26_min20\txt_003\prediction.dst,datasets\public_benchmark_v1_ext33\text_render_5\txt_003_mask.png,excellent,0.03288002,4,0,0.0,0,27.5006,0.0,9223,11368,6006,5522,484,5895,111,0.598721,0.919414,0.518561,0.981518,0.018482,2,2,90.0,0.12995502
txt_003,Rendered text,WKU,public_benchmark_v1_ext33_m2_60_maskpath_mp_d0_r0_c24_i090_route36_f30_min12,results\public_benchmark_v1_ext33_m2_60_maskpath_mp_d0_r0_c24_i090_route36_f30_min12\txt_003\prediction.dst,datasets\public_benchmark_v1_ext33\text_render_5\txt_003_mask.png,excellent,0.03288002,4,0,0.0,0,27.5006,0.0,9223,11368,6006,5522,484,5895,111,0.598721,0.919414,0.518561,0.981518,0.018482,2,2,90.0,0.12995502
txt_003,Rendered text,WKU,public_benchmark_v1_ext33_m2_60_maskpath_mp_d0_r1_c20_i095_route32_f26_min12,results\public_benchmark_v1_ext33_m2_60_maskpath_mp_d0_r1_c20_i095_route32_f26_min12\txt_003\prediction.dst,datasets\public_benchmark_v1_ext33\text_render_5\txt_003_mask.png,hard_fail,0.21288002,4,0,10.5598,0,27.5006,0.0,9223,11368,6070,5529,541,5924,146,0.59948,0.910873,0.521112,0.975947,0.024053,2,2,90.0,0.41518618
txt_003,Rendered text,WKU,public_benchmark_v1_ext33_m2_60_maskpath_mp_d0_r1_c24_i090_route36_f30_min12,results\public_benchmark_v1_ext33_m2_60_maskpath_mp_d0_r1_c24_i090_route36_f30_min12\txt_003\prediction.dst,datasets\public_benchmark_v1_ext33\text_render_5\txt_003_mask.png,hard_fail,0.21288002,4,0,10.5598,0,27.5006,0.0,9223,11368,6070,5529,541,5924,146,0.59948,0.910873,0.521112,0.975947,0.024053,2,2,90.0,0.41518618
txt_003,Rendered text,WKU,public_benchmark_v1_ext33_m2_60_maskpath_rescue_selector,results\public_benchmark_v1_ext33_m2_60_maskpath_rescue_selector\txt_003\prediction.dst,datasets\public_benchmark_v1_ext33\text_render_5\txt_003_mask.png,excellent,0.03293545,4,0,0.0,0,29.2329,0.0,9223,11368,12102,9192,2910,10827,1275,0.996639,0.759544,0.95241,0.894646,0.105354,2,2,90.0,0.04979209
txt_003,Rendered text,WKU,public_benchmark_v1_ext33_m2_61_segment_graph_sg_d0_l035_c20_i095_r32_f26_min12,results\public_benchmark_v1_ext33_m2_61_segment_graph_sg_d0_l035_c20_i095_r32_f26_min12\txt_003\prediction.dst,datasets\public_benchmark_v1_ext33\text_render_5\txt_003_mask.png,excellent,0.08678269,9,2,0.0,0,86.9591,0.0,9223,11368,5569,5241,328,5516,53,0.568253,0.941103,0.485222,0.990483,0.009517,2,2,90.0,0.21429581
txt_003,Rendered text,WKU,public_benchmark_v1_ext33_m2_61_segment_graph_sg_d0_l050_c24_i090_r36_f30_min12,results\public_benchmark_v1_ext33_m2_61_segment_graph_sg_d0_l050_c24_i090_r36_f30_min12\txt_003\prediction.dst,datasets\public_benchmark_v1_ext33\text_render_5\txt_003_mask.png,excellent,0.08678269,9,2,0.0,0,86.9591,0.0,9223,11368,5569,5241,328,5516,53,0.568253,0.941103,0.485222,0.990483,0.009517,2,2,90.0,0.21429581
txt_003,Rendered text,WKU,public_benchmark_v1_ext33_m2_61_segment_graph_sg_d0_l070_c20_i095_r32_f26_min12,results\public_benchmark_v1_ext33_m2_61_segment_graph_sg_d0_l070_c20_i095_r32_f26_min12\txt_003\prediction.dst,datasets\public_benchmark_v1_ext33\text_render_5\txt_003_mask.png,excellent,0.08678269,9,2,0.0,0,86.9591,0.0,9223,11368,5569,5241,328,5516,53,0.568253,0.941103,0.485222,0.990483,0.009517,2,2,90.0,0.21429581
txt_003,Rendered text,WKU,public_benchmark_v1_ext33_m2_61_segment_graph_sg_d1_l050_c20_i095_r32_f26_min12,results\public_benchmark_v1_ext33_m2_61_segment_graph_sg_d1_l050_c20_i095_r32_f26_min12\txt_003\prediction.dst,datasets\public_benchmark_v1_ext33\text_render_5\txt_003_mask.png,excellent,0.08678269,9,2,0.0,0,86.9591,0.0,9223,11368,5569,5241,328,5516,53,0.568253,0.941103,0.485222,0.990483,0.009517,2,2,90.0,0.21429581
txt_003,Rendered text,WKU,public_benchmark_v1_ext33_m2_61_segment_graph_sg_euler_d0_l000_c20_i095_r32_f26_min12,results\public_benchmark_v1_ext33_m2_61_segment_graph_sg_euler_d0_l000_c20_i095_r32_f26_min12\txt_003\prediction.dst,datasets\public_benchmark_v1_ext33\text_render_5\txt_003_mask.png,excellent,0.03288002,4,0,0.0,0,27.5006,0.0,9223,11368,6006,5522,484,5895,111,0.598721,0.919414,0.518561,0.981518,0.018482,2,2,90.0,0.12995502
txt_003,Rendered text,WKU,public_benchmark_v1_ext33_m2_61_segment_graph_sg_euler_d0_l020_c24_i090_r36_f30_min12,results\public_benchmark_v1_ext33_m2_61_segment_graph_sg_euler_d0_l020_c24_i090_r36_f30_min12\txt_003\prediction.dst,datasets\public_benchmark_v1_ext33\text_render_5\txt_003_mask.png,excellent,0.08678269,9,2,0.0,0,86.9591,0.0,9223,11368,5569,5241,328,5516,53,0.568253,0.941103,0.485222,0.990483,0.009517,2,2,90.0,0.21429581
txt_003,Rendered text,WKU,public_benchmark_v1_ext33_m2_61_segment_graph_sg_euler_d0_l035_c20_i095_r32_f26_min12,results\public_benchmark_v1_ext33_m2_61_segment_graph_sg_euler_d0_l035_c20_i095_r32_f26_min12\txt_003\prediction.dst,datasets\public_benchmark_v1_ext33\text_render_5\txt_003_mask.png,excellent,0.08678269,9,2,0.0,0,86.9591,0.0,9223,11368,5569,5241,328,5516,53,0.568253,0.941103,0.485222,0.990483,0.009517,2,2,90.0,0.21429581
txt_003,Rendered text,WKU,public_benchmark_v1_ext33_m2_62_precision_rescue_selector,results\public_benchmark_v1_ext33_m2_62_precision_rescue_selector\txt_003\prediction.dst,datasets\public_benchmark_v1_ext33\text_render_5\txt_003_mask.png,excellent,0.03293545,4,0,0.0,0,29.2329,0.0,9223,11368,12102,9192,2910,10827,1275,0.996639,0.759544,0.95241,0.894646,0.105354,2,2,90.0,0.04979209
txt_003,Rendered text,WKU,public_benchmark_v1_ext33_m2_64_text_precision_rescue_selector,results\public_benchmark_v1_ext33_m2_64_text_precision_rescue_selector\txt_003\prediction.dst,datasets\public_benchmark_v1_ext33\text_render_5\txt_003_mask.png,excellent,0.03293545,4,0,0.0,0,29.2329,0.0,9223,11368,12102,9192,2910,10827,1275,0.996639,0.759544,0.95241,0.894646,0.105354,2,2,90.0,0.04979209
txt_003,Rendered text,WKU,public_benchmark_v1_ext33_m2_65_text_legibility_rescue_selector,results\public_benchmark_v1_ext33_m2_65_text_legibility_rescue_selector\txt_003\prediction.dst,datasets\public_benchmark_v1_ext33\text_render_5\txt_003_mask.png,excellent,0.03293545,4,0,0.0,0,29.2329,0.0,9223,11368,12102,9192,2910,10827,1275,0.996639,0.759544,0.95241,0.894646,0.105354,2,2,90.0,0.04979209
txt_003,Rendered text,WKU,public_benchmark_v1_ext33_m2_66_profile_switcher,results\public_benchmark_v1_ext33_m2_66_profile_switcher\txt_003\prediction.dst,datasets\public_benchmark_v1_ext33\text_render_5\txt_003_mask.png,excellent,0.03293545,4,0,0.0,0,29.2329,0.0,9223,11368,12102,9192,2910,10827,1275,0.996639,0.759544,0.95241,0.894646,0.105354,2,2,90.0,0.04979209
txt_003,Rendered text,WKU,public_benchmark_v1_ext33_m2_67_line_art_profile,results\public_benchmark_v1_ext33_m2_67_line_art_profile\txt_003\prediction.dst,datasets\public_benchmark_v1_ext33\text_render_5\txt_003_mask.png,excellent,0.03293545,4,0,0.0,0,29.2329,0.0,9223,11368,12102,9192,2910,10827,1275,0.996639,0.759544,0.95241,0.894646,0.105354,2,2,90.0,0.04979209
txt_003,Rendered text,WKU,public_benchmark_v1_ext33_m2_68_shape_aware_profile,results\public_benchmark_v1_ext33_m2_68_shape_aware_profile\txt_003\prediction.dst,datasets\public_benchmark_v1_ext33\text_render_5\txt_003_mask.png,excellent,0.03293545,4,0,0.0,0,29.2329,0.0,9223,11368,12102,9192,2910,10827,1275,0.996639,0.759544,0.95241,0.894646,0.105354,2,2,90.0,0.04979209
txt_003,Rendered text,WKU,public_benchmark_v1_ext33_mask_fill_edgewalk_dtsatin_o3_i8_s14_p90,results\public_benchmark_v1_ext33_mask_fill_edgewalk_dtsatin_o3_i8_s14_p90\txt_003\prediction.dst,datasets\public_benchmark_v1_ext33\text_render_5\txt_003_mask.png,hard_fail,0.29874372,57,9,1.1314,0,602.7256,0.0,9223,11368,14201,9223,4978,11368,2833,1.0,0.649461,1.0,0.800507,0.199493,2,2,90.0,0.5719766
txt_003,Rendered text,WKU,public_benchmark_v1_ext33_mask_fill_edgewalk_dtsatin_o3_i9_s7,results\public_benchmark_v1_ext33_mask_fill_edgewalk_dtsatin_o3_i9_s7\txt_003\prediction.dst,datasets\public_benchmark_v1_ext33\text_render_5\txt_003_mask.png,hard_fail,0.29903383,58,9,1.1314,0,611.7915,0.0,9223,11368,14201,9223,4978,11368,2833,1.0,0.649461,1.0,0.800507,0.199493,2,2,90.0,0.57626671
txt_003,Rendered text,WKU,public_benchmark_v1_ext33_mask_fill_edgewalk_nearest_rows16_p40,results\public_benchmark_v1_ext33_mask_fill_edgewalk_nearest_rows16_p40\txt_003\prediction.dst,datasets\public_benchmark_v1_ext33\text_render_5\txt_003_mask.png,hard_fail,0.28281557,46,7,1.1314,0,479.9708,0.0,9223,11368,14201,9223,4978,11368,2833,1.0,0.649461,1.0,0.800507,0.199493,2,2,90.0,0.50804845
txt_003,Rendered text,WKU,public_benchmark_v1_ext33_mask_fill_edgewalk_nearestrow_adapt_t2_m5_rows16_p40,results\public_benchmark_v1_ext33_mask_fill_edgewalk_nearestrow_adapt_t2_m5_rows16_p40\txt_003\prediction.dst,datasets\public_benchmark_v1_ext33\text_render_5\txt_003_mask.png,excellent,0.03293545,4,0,0.0,0,29.2329,0.0,9223,11368,12102,9192,2910,10827,1275,0.996639,0.759544,0.95241,0.894646,0.105354,2,2,90.0,0.04979209
txt_003,Rendered text,WKU,public_benchmark_v1_ext33_mask_fill_edgewalk_nearestrow_adapt_t3_m6_rows16_p40,results\public_benchmark_v1_ext33_mask_fill_edgewalk_nearestrow_adapt_t3_m6_rows16_p40\txt_003\prediction.dst,datasets\public_benchmark_v1_ext33\text_render_5\txt_003_mask.png,excellent,0.03293545,4,0,0.0,0,29.2329,0.0,9223,11368,12102,9192,2910,10827,1275,0.996639,0.759544,0.95241,0.894646,0.105354,2,2,90.0,0.04979209
txt_003,Rendered text,WKU,public_benchmark_v1_ext33_mask_fill_edgewalk_nearestrow_adapt_t4_m8_rows16_p40,results\public_benchmark_v1_ext33_mask_fill_edgewalk_nearestrow_adapt_t4_m8_rows16_p40\txt_003\prediction.dst,datasets\public_benchmark_v1_ext33\text_render_5\txt_003_mask.png,excellent,0.03293545,4,0,0.0,0,29.2329,0.0,9223,11368,12102,9192,2910,10827,1275,0.996639,0.759544,0.95241,0.894646,0.105354,2,2,90.0,0.04979209
txt_003,Rendered text,WKU,public_benchmark_v1_ext33_mask_fill_edgewalk_nearestrow_evalfill_rows16_p40,results\public_benchmark_v1_ext33_mask_fill_edgewalk_nearestrow_evalfill_rows16_p40\txt_003\prediction.dst,datasets\public_benchmark_v1_ext33\text_render_5\txt_003_mask.png,excellent,0.0849714,8,1,0.5701,0,67.0047,0.0,9223,11368,17386,9223,8163,11368,6018,1.0,0.530484,1.0,0.653859,0.346141,2,2,90.0,0.16405496
txt_003,Rendered text,WKU,public_benchmark_v1_ext33_mask_fill_edgewalk_nearestrow_inset1_rows16_p40,results\public_benchmark_v1_ext33_mask_fill_edgewalk_nearestrow_inset1_rows16_p40\txt_003\prediction.dst,datasets\public_benchmark_v1_ext33\text_render_5\txt_003_mask.png,excellent,0.03294437,4,0,0.0,0,29.5115,0.0,9223,11368,12157,9155,3002,11086,1071,0.992627,0.753064,0.975194,0.911903,0.088097,2,2,90.0,0.04894437
txt_003,Rendered text,WKU,public_benchmark_v1_ext33_mask_fill_edgewalk_nearestrow_inset2_rows16_p40,results\public_benchmark_v1_ext33_mask_fill_edgewalk_nearestrow_inset2_rows16_p40\txt_003\prediction.dst,datasets\public_benchmark_v1_ext33\text_render_5\txt_003_mask.png,excellent,0.03293545,4,0,0.0,0,29.2329,0.0,9223,11368,12102,9192,2910,10827,1275,0.996639,0.759544,0.95241,0.894646,0.105354,2,2,90.0,0.04979209
txt_003,Rendered text,WKU,public_benchmark_v1_ext33_mask_fill_edgewalk_nearestrow_qdirect_rows16_p40,results\public_benchmark_v1_ext33_mask_fill_edgewalk_nearestrow_qdirect_rows16_p40\txt_003\prediction.dst,datasets\public_benchmark_v1_ext33\text_render_5\txt_003_mask.png,excellent,0.03294724,4,0,0.0,0,29.6014,0.0,9223,11368,13191,9223,3968,11368,1823,1.0,0.699189,1.0,0.8618,0.1382,2,2,90.0,0.05505924
txt_003,Rendered text,WKU,public_benchmark_v1_ext33_mask_fill_edgewalk_nearestrow_qpath090_rows16_p40,results\public_benchmark_v1_ext33_mask_fill_edgewalk_nearestrow_qpath090_rows16_p40\txt_003\prediction.dst,datasets\public_benchmark_v1_ext33\text_render_5\txt_003_mask.png,excellent,0.03294724,4,0,0.0,0,29.6014,0.0,9223,11368,13191,9223,3968,11368,1823,1.0,0.699189,1.0,0.8618,0.1382,2,2,90.0,0.05505924
txt_003,Rendered text,WKU,public_benchmark_v1_ext33_mask_fill_edgewalk_nearestrow_qpath095_rows16_p40,results\public_benchmark_v1_ext33_mask_fill_edgewalk_nearestrow_qpath095_rows16_p40\txt_003\prediction.dst,datasets\public_benchmark_v1_ext33\text_render_5\txt_003_mask.png,excellent,0.03294724,4,0,0.0,0,29.6014,0.0,9223,11368,13191,9223,3968,11368,1823,1.0,0.699189,1.0,0.8618,0.1382,2,2,90.0,0.05505924
txt_003,Rendered text,WKU,public_benchmark_v1_ext33_mask_fill_edgewalk_nearestrow_quantvalid_rows16_p40,results\public_benchmark_v1_ext33_mask_fill_edgewalk_nearestrow_quantvalid_rows16_p40\txt_003\prediction.dst,datasets\public_benchmark_v1_ext33\text_render_5\txt_003_mask.png,excellent,0.03294724,4,0,0.0,0,29.6014,0.0,9223,11368,13191,9223,3968,11368,1823,1.0,0.699189,1.0,0.8618,0.1382,2,2,90.0,0.05505924
txt_003,Rendered text,WKU,public_benchmark_v1_ext33_mask_fill_edgewalk_nearestrow_rows16_p40,results\public_benchmark_v1_ext33_mask_fill_edgewalk_nearestrow_rows16_p40\txt_003\prediction.dst,datasets\public_benchmark_v1_ext33\text_render_5\txt_003_mask.png,excellent,0.03294724,4,0,0.0,0,29.6014,0.0,9223,11368,13191,9223,3968,11368,1823,1.0,0.699189,1.0,0.8618,0.1382,2,2,90.0,0.05505924
txt_003,Rendered text,WKU,public_benchmark_v1_ext33_mask_fill_edgewalk_nearestrow_safeadt_rows16_p40,results\public_benchmark_v1_ext33_mask_fill_edgewalk_nearestrow_safeadt_rows16_p40\txt_003\prediction.dst,datasets\public_benchmark_v1_ext33\text_render_5\txt_003_mask.png,excellent,0.05658035,4,0,1.05,0,29.8546,0.0,9223,11368,15673,9223,6450,11368,4305,1.0,0.588464,1.0,0.725324,0.274676,2,2,90.0,0.11102851
txt_003,Rendered text,WKU,public_benchmark_v1_ext33_mask_fill_edgewalk_nearestrow_safeadt_t2m5_r035_a32_rows16_p40,results\public_benchmark_v1_ext33_mask_fill_edgewalk_nearestrow_safeadt_t2m5_r035_a32_rows16_p40\txt_003\prediction.dst,datasets\public_benchmark_v1_ext33\text_render_5\txt_003_mask.png,excellent,0.05658035,4,0,1.05,0,29.8546,0.0,9223,11368,15673,9223,6450,11368,4305,1.0,0.588464,1.0,0.725324,0.274676,2,2,90.0,0.11102851
txt_003,Rendered text,WKU,public_benchmark_v1_ext33_mask_fill_edgewalk_nearestrow_safeadt_t2m5_r055_a64_rows16_p40,results\public_benchmark_v1_ext33_mask_fill_edgewalk_nearestrow_safeadt_t2m5_r055_a64_rows16_p40\txt_003\prediction.dst,datasets\public_benchmark_v1_ext33\text_render_5\txt_003_mask.png,excellent,0.05658035,4,0,1.05,0,29.8546,0.0,9223,11368,15673,9223,6450,11368,4305,1.0,0.588464,1.0,0.725324,0.274676,2,2,90.0,0.11102851
txt_003,Rendered text,WKU,public_benchmark_v1_ext33_mask_fill_edgewalk_nearestrow_segvalid_rows16_p40,results\public_benchmark_v1_ext33_mask_fill_edgewalk_nearestrow_segvalid_rows16_p40\txt_003\prediction.dst,datasets\public_benchmark_v1_ext33\text_render_5\txt_003_mask.png,excellent,0.03294724,4,0,0.0,0,29.6014,0.0,9223,11368,13191,9223,3968,11368,1823,1.0,0.699189,1.0,0.8618,0.1382,2,2,90.0,0.05505924
txt_003,Rendered text,WKU,public_benchmark_v1_ext33_mask_fill_edgewalk_nearestrow_strict_p20_rows16,results\public_benchmark_v1_ext33_mask_fill_edgewalk_nearestrow_strict_p20_rows16\txt_003\prediction.dst,datasets\public_benchmark_v1_ext33\text_render_5\txt_003_mask.png,excellent,0.03294724,4,0,0.0,0,29.6014,0.0,9223,11368,13191,9223,3968,11368,1823,1.0,0.699189,1.0,0.8618,0.1382,2,2,90.0,0.05505924
txt_003,Rendered text,WKU,public_benchmark_v1_ext33_mask_fill_edgewalk_nearestrow_strict_p40_rows16,results\public_benchmark_v1_ext33_mask_fill_edgewalk_nearestrow_strict_p40_rows16\txt_003\prediction.dst,datasets\public_benchmark_v1_ext33\text_render_5\txt_003_mask.png,excellent,0.03294724,4,0,0.0,0,29.6014,0.0,9223,11368,13191,9223,3968,11368,1823,1.0,0.699189,1.0,0.8618,0.1382,2,2,90.0,0.05505924
txt_003,Rendered text,WKU,public_benchmark_v1_ext33_mask_fill_edgewalk_outline_ext_in2_rows16_p40,results\public_benchmark_v1_ext33_mask_fill_edgewalk_outline_ext_in2_rows16_p40\txt_003\prediction.dst,datasets\public_benchmark_v1_ext33\text_render_5\txt_003_mask.png,hard_fail,0.29881257,57,9,1.1314,0,604.8771,0.0,9223,11368,14201,9223,4978,11368,2833,1.0,0.649461,1.0,0.800507,0.199493,2,2,90.0,0.57204545
txt_003,Rendered text,WKU,public_benchmark_v1_ext33_mask_fill_edgewalk_outline_ext_in3_rows16_p40,results\public_benchmark_v1_ext33_mask_fill_edgewalk_outline_ext_in3_rows16_p40\txt_003\prediction.dst,datasets\public_benchmark_v1_ext33\text_render_5\txt_003_mask.png,hard_fail,0.29880704,57,9,1.1314,0,604.7044,0.0,9223,11368,14201,9223,4978,11368,2833,1.0,0.649461,1.0,0.800507,0.199493,2,2,90.0,0.57203992
txt_003,Rendered text,WKU,public_benchmark_v1_ext33_mask_fill_edgewalk_outline_ext_rows16_p40,results\public_benchmark_v1_ext33_mask_fill_edgewalk_outline_ext_rows16_p40\txt_003\prediction.dst,datasets\public_benchmark_v1_ext33\text_render_5\txt_003_mask.png,hard_fail,0.29111772,52,8,1.1314,0,551.9131,0.0,9223,11368,14473,9223,5250,11368,3105,1.0,0.637256,1.0,0.785463,0.214537,2,2,90.0,0.54475764
txt_003,Rendered text,WKU,public_benchmark_v1_ext33_mask_fill_edgewalk_outline_rows16_p40,results\public_benchmark_v1_ext33_mask_fill_edgewalk_outline_rows16_p40\txt_003\prediction.dst,datasets\public_benchmark_v1_ext33\text_render_5\txt_003_mask.png,hard_fail,0.29111772,52,8,1.1314,0,551.9131,0.0,9223,11368,14473,9223,5250,11368,3105,1.0,0.637256,1.0,0.785463,0.214537,2,2,90.0,0.54475764
txt_003,Rendered text,WKU,public_benchmark_v1_ext33_mask_fill_edgewalk_rows16_p24,results\public_benchmark_v1_ext33_mask_fill_edgewalk_rows16_p24\txt_003\prediction.dst,datasets\public_benchmark_v1_ext33\text_render_5\txt_003_mask.png,hard_fail,0.27354362,62,7,0.5303,0,612.8708,0.0,9223,11368,13802,9223,4579,11368,2434,1.0,0.668236,1.0,0.823649,0.176351,2,2,90.0,0.55306278
txt_003,Rendered text,WKU,public_benchmark_v1_ext33_mask_fill_edgewalk_rows16_p40,results\public_benchmark_v1_ext33_mask_fill_edgewalk_rows16_p40\txt_003\prediction.dst,datasets\public_benchmark_v1_ext33\text_render_5\txt_003_mask.png,hard_fail,0.28281557,46,7,1.1314,0,479.9708,0.0,9223,11368,14201,9223,4978,11368,2833,1.0,0.649461,1.0,0.800507,0.199493,2,2,90.0,0.50804845
txt_003,Rendered text,WKU,public_benchmark_v1_ext33_mask_fill_edgewalk_rows20_p24,results\public_benchmark_v1_ext33_mask_fill_edgewalk_rows20_p24\txt_003\prediction.dst,datasets\public_benchmark_v1_ext33\text_render_5\txt_003_mask.png,hard_fail,0.25217647,50,6,0.0,0,505.5148,0.0,9223,11368,13862,9223,4639,11361,2501,1.0,0.665344,0.999384,0.819579,0.180421,2,2,90.0,0.47704383
txt_003,Rendered text,WKU,public_benchmark_v1_ext33_mask_fill_edgewalk_satin_w4_s6_i3,results\public_benchmark_v1_ext33_mask_fill_edgewalk_satin_w4_s6_i3\txt_003\prediction.dst,datasets\public_benchmark_v1_ext33\text_render_5\txt_003_mask.png,hard_fail,0.29865984,57,9,1.1314,0,600.1044,0.0,9223,11368,14208,9223,4985,11368,2840,1.0,0.649141,1.0,0.800113,0.199887,2,2,90.0,0.57195576
txt_003,Rendered text,WKU,public_benchmark_v1_ext33_mask_fill_edgewalk_satin_w6_s5_i3,results\public_benchmark_v1_ext33_mask_fill_edgewalk_satin_w6_s5_i3\txt_003\prediction.dst,datasets\public_benchmark_v1_ext33\text_render_5\txt_003_mask.png,hard_fail,0.29875264,57,9,1.1314,0,603.0044,0.0,9223,11368,14209,9223,4986,11368,2841,1.0,0.649096,1.0,0.800056,0.199944,2,2,90.0,0.57205768
txt_003,Rendered text,WKU,public_benchmark_v1_ext33_mask_fill_edgewalk_satin_w8_s7_i4,results\public_benchmark_v1_ext33_mask_fill_edgewalk_satin_w8_s7_i4\txt_003\prediction.dst,datasets\public_benchmark_v1_ext33\text_render_5\txt_003_mask.png,hard_fail,0.29857701,56,9,1.1314,0,597.5158,0.0,9223,11368,14207,9223,4984,11368,2839,1.0,0.649187,1.0,0.800169,0.199831,2,2,90.0,0.56786397
txt_003,Rendered text,WKU,public_benchmark_v1_ext33_mask_fill_edgewalk_satinrail_w10_s8_i5,results\public_benchmark_v1_ext33_mask_fill_edgewalk_satinrail_w10_s8_i5\txt_003\prediction.dst,datasets\public_benchmark_v1_ext33\text_render_5\txt_003_mask.png,hard_fail,0.29862293,57,9,1.1314,0,598.951,0.0,9223,11368,14203,9223,4980,11368,2835,1.0,0.64937,1.0,0.800394,0.199606,2,2,90.0,0.57187389
txt_003,Rendered text,WKU,public_benchmark_v1_ext33_mask_fill_edgewalk_satinrail_w6_s6_i3,results\public_benchmark_v1_ext33_mask_fill_edgewalk_satinrail_w6_s6_i3\txt_003\prediction.dst,datasets\public_benchmark_v1_ext33\text_render_5\txt_003_mask.png,hard_fail,0.29867282,57,9,1.1314,0,600.5099,0.0,9223,11368,14205,9223,4982,11368,2837,1.0,0.649278,1.0,0.800282,0.199718,2,2,90.0,0.5719417
txt_003,Rendered text,WKU,public_benchmark_v1_ext33_mask_fill_edgewalk_satinrail_w8_s7_i4,results\public_benchmark_v1_ext33_mask_fill_edgewalk_satinrail_w8_s7_i4\txt_003\prediction.dst,datasets\public_benchmark_v1_ext33\text_render_5\txt_003_mask.png,hard_fail,0.29862199,57,9,1.1314,0,598.9215,0.0,9223,11368,14203,9223,4980,11368,2835,1.0,0.64937,1.0,0.800394,0.199606,2,2,90.0,0.57187295
txt_003,Rendered text,WKU,public_benchmark_v1_ext33_mask_fill_edgewalk_styleaware_r008_d45,results\public_benchmark_v1_ext33_mask_fill_edgewalk_styleaware_r008_d45\txt_003\prediction.dst,datasets\public_benchmark_v1_ext33\text_render_5\txt_003_mask.png,hard_fail,0.28281557,46,7,1.1314,0,479.9708,0.0,9223,11368,14201,9223,4978,11368,2833,1.0,0.649461,1.0,0.800507,0.199493,2,2,90.0,0.50804845
txt_003,Rendered text,WKU,public_benchmark_v1_ext33_mask_fill_nearestrow_strict_short_rows16,results\public_benchmark_v1_ext33_mask_fill_nearestrow_strict_short_rows16\txt_003\prediction.dst,datasets\public_benchmark_v1_ext33\text_render_5\txt_003_mask.png,warning,0.13994348,17,0,0.0,0,123.2337,0.0,9223,11368,12875,9223,3652,11360,1515,1.0,0.71635,0.999296,0.88233,0.11767,2,2,90.0,0.21077068
txt_003,Rendered text,WKU,public_benchmark_v1_ext33_mask_fill_rows12_c10,results\public_benchmark_v1_ext33_mask_fill_rows12_c10\txt_003\prediction.dst,datasets\public_benchmark_v1_ext33\text_render_5\txt_003_mask.png,hard_fail,0.36072422,231,16,0.0,0,2022.6318,0.0,9223,11368,12835,9223,3612,11368,1467,1.0,0.718582,1.0,0.885703,0.114297,2,2,90.0,1.31901174
txt_003,Rendered text,WKU,public_benchmark_v1_ext33_mask_fill_rows12_c6,results\public_benchmark_v1_ext33_mask_fill_rows12_c6\txt_003\prediction.dst,datasets\public_benchmark_v1_ext33\text_render_5\txt_003_mask.png,hard_fail,0.36493862,247,16,0.0,0,2154.3318,0.0,9223,11368,12776,9223,3553,11368,1408,1.0,0.7219,1.0,0.889793,0.110207,2,2,90.0,1.38657174
txt_003,Rendered text,WKU,public_benchmark_v1_ext33_mask_fill_rows16_c12_in025,results\public_benchmark_v1_ext33_mask_fill_rows16_c12_in025\txt_003\prediction.dst,datasets\public_benchmark_v1_ext33\text_render_5\txt_003_mask.png,hard_fail,0.37821077,148,7,4.325,0,1215.5708,0.0,9223,11368,12876,9223,3653,11366,1510,1.0,0.716294,0.999824,0.882728,0.117272,2,2,90.0,1.03022429
txt_003,Rendered text,WKU,public_benchmark_v1_ext33_mask_fill_rows16_c12_in050,results\public_benchmark_v1_ext33_mask_fill_rows16_c12_in050\txt_003\prediction.dst,datasets\public_benchmark_v1_ext33\text_render_5\txt_003_mask.png,hard_fail,0.37821077,148,7,4.325,0,1215.5708,0.0,9223,11368,12876,9223,3653,11366,1510,1.0,0.716294,0.999824,0.882728,0.117272,2,2,90.0,1.03022429
txt_003,Rendered text,WKU,public_benchmark_v1_ext33_mask_fill_rows16_c6,results\public_benchmark_v1_ext33_mask_fill_rows16_c6\txt_003\prediction.dst,datasets\public_benchmark_v1_ext33\text_render_5\txt_003_mask.png,hard_fail,0.28535907,162,7,0.0,0,1354.9708,0.0,9223,11368,12527,9223,3304,11358,1169,1.0,0.73625,0.99912,0.906682,0.093318,2,2,90.0,0.94735907
txt_003,Rendered text,WKU,public_benchmark_v1_ext33_mask_fill_rows20_c12_in050,results\public_benchmark_v1_ext33_mask_fill_rows20_c12_in050\txt_003\prediction.dst,datasets\public_benchmark_v1_ext33\text_render_5\txt_003_mask.png,hard_fail,0.37994687,118,6,5.0,0,982.7148,0.0,9223,11368,12965,9223,3742,11352,1613,1.0,0.711377,0.998593,0.875588,0.124412,2,2,90.0,0.91785279
txt_004,Rendered text,2026,public_benchmark_v1_core20_auto_hybrid_skeleton_connect12_trimcap20,results\public_benchmark_v1_core20_auto_hybrid_skeleton_connect12_trimcap20\txt_004\prediction.dst,datasets\public_benchmark_v1_ext33\text_render_5\txt_004_mask.png,pass,0.12179899,14,1,0.0,0,118.7185,0.0,9055,11288,6072,5794,278,6032,40,0.639867,0.954216,0.534373,0.993412,0.006588,2,2,90.0,0.25568487
txt_004,Rendered text,2026,public_benchmark_v1_core20_source_aware_hybrid_skeleton,results\public_benchmark_v1_core20_source_aware_hybrid_skeleton\txt_004\prediction.dst,datasets\public_benchmark_v1_ext33\text_render_5\txt_004_mask.png,hard_fail,0.23870409,29,5,0.0,0,272.0029,0.0,9055,11288,5989,5726,263,5950,39,0.632358,0.956086,0.527108,0.993488,0.006512,2,2,90.0,0.44206249
txt_004,Rendered text,2026,public_benchmark_v1_core20_source_aware_hybrid_skeleton_connect12,results\public_benchmark_v1_core20_source_aware_hybrid_skeleton_connect12\txt_004\prediction.dst,datasets\public_benchmark_v1_ext33\text_render_5\txt_004_mask.png,pass,0.12179899,14,1,0.0,0,118.7185,0.0,9055,11288,6072,5794,278,6032,40,0.639867,0.954216,0.534373,0.993412,0.006588,2,2,90.0,0.25568487
txt_004,Rendered text,2026,public_benchmark_v1_core20_source_aware_hybrid_skeleton_connect12_trimcap20,results\public_benchmark_v1_core20_source_aware_hybrid_skeleton_connect12_trimcap20\txt_004\prediction.dst,datasets\public_benchmark_v1_ext33\text_render_5\txt_004_mask.png,pass,0.12179899,14,1,0.0,0,118.7185,0.0,9055,11288,6072,5794,278,6032,40,0.639867,0.954216,0.534373,0.993412,0.006588,2,2,90.0,0.25568487
txt_004,Rendered text,2026,public_benchmark_v1_ext33_all_skeleton_connect20_trimcap20,results\public_benchmark_v1_ext33_all_skeleton_connect20_trimcap20\txt_004\prediction.dst,datasets\public_benchmark_v1_ext33\text_render_5\txt_004_mask.png,excellent,0.08885311,10,1,0.0,0,89.1597,0.0,9055,11288,6469,5900,569,6265,204,0.651574,0.912042,0.555014,0.968465,0.031535,2,2,90.0,0.20332551
txt_004,Rendered text,2026,public_benchmark_v1_ext33_all_skeleton_connect30_min12_trimcap20,results\public_benchmark_v1_ext33_all_skeleton_connect30_min12_trimcap20\txt_004\prediction.dst,datasets\public_benchmark_v1_ext33\text_render_5\txt_004_mask.png,excellent,0.10257221,10,1,0.6096,0,89.2565,0.0,9055,11288,6011,5611,400,5879,132,0.619658,0.933455,0.520819,0.97804,0.02196,2,2,90.0,0.22979729
txt_004,Rendered text,2026,public_benchmark_v1_ext33_all_skeleton_connect30_min20_trimcap20,results\public_benchmark_v1_ext33_all_skeleton_connect30_min20_trimcap20\txt_004\prediction.dst,datasets\public_benchmark_v1_ext33\text_render_5\txt_004_mask.png,excellent,0.10257221,10,1,0.6096,0,89.2565,0.0,9055,11288,6011,5611,400,5879,132,0.619658,0.933455,0.520819,0.97804,0.02196,2,2,90.0,0.22979729
txt_004,Rendered text,2026,public_benchmark_v1_ext33_all_skeleton_connect30_min8_trimcap20,results\public_benchmark_v1_ext33_all_skeleton_connect30_min8_trimcap20\txt_004\prediction.dst,datasets\public_benchmark_v1_ext33\text_render_5\txt_004_mask.png,excellent,0.10256911,10,1,0.6096,0,89.1597,0.0,9055,11288,6129,5729,400,5997,132,0.632689,0.934736,0.531272,0.978463,0.021537,2,2,90.0,0.22749735
txt_004,Rendered text,2026,public_benchmark_v1_ext33_all_skeleton_connect30_trimcap20,results\public_benchmark_v1_ext33_all_skeleton_connect30_trimcap20\txt_004\prediction.dst,datasets\public_benchmark_v1_ext33\text_render_5\txt_004_mask.png,excellent,0.08885311,10,1,0.0,0,89.1597,0.0,9055,11288,6469,5900,569,6265,204,0.651574,0.912042,0.555014,0.968465,0.031535,2,2,90.0,0.20332551
txt_004,Rendered text,2026,public_benchmark_v1_ext33_auto_hybrid_evalrepair_r10_c20_trimcap20,results\public_benchmark_v1_ext33_auto_hybrid_evalrepair_r10_c20_trimcap20\txt_004\prediction.dst,datasets\public_benchmark_v1_ext33\text_render_5\txt_004_mask.png,excellent,0.08885311,10,1,0.0,0,89.1597,0.0,9055,11288,6469,5900,569,6265,204,0.651574,0.912042,0.555014,0.968465,0.031535,2,2,90.0,0.20332551
txt_004,Rendered text,2026,public_benchmark_v1_ext33_auto_hybrid_evalrepair_r10_inside085_c20_trimcap20,results\public_benchmark_v1_ext33_auto_hybrid_evalrepair_r10_inside085_c20_trimcap20\txt_004\prediction.dst,datasets\public_benchmark_v1_ext33\text_render_5\txt_004_mask.png,excellent,0.08885311,10,1,0.0,0,89.1597,0.0,9055,11288,6469,5900,569,6265,204,0.651574,0.912042,0.555014,0.968465,0.031535,2,2,90.0,0.20332551
txt_004,Rendered text,2026,public_benchmark_v1_ext33_auto_hybrid_evalrepair_r10_inside090_c20_trimcap20,results\public_benchmark_v1_ext33_auto_hybrid_evalrepair_r10_inside090_c20_trimcap20\txt_004\prediction.dst,datasets\public_benchmark_v1_ext33\text_render_5\txt_004_mask.png,excellent,0.08885311,10,1,0.0,0,89.1597,0.0,9055,11288,6469,5900,569,6265,204,0.651574,0.912042,0.555014,0.968465,0.031535,2,2,90.0,0.20332551
txt_004,Rendered text,2026,public_benchmark_v1_ext33_auto_hybrid_evalrepair_r15_c20_trimcap20,results\public_benchmark_v1_ext33_auto_hybrid_evalrepair_r15_c20_trimcap20\txt_004\prediction.dst,datasets\public_benchmark_v1_ext33\text_render_5\txt_004_mask.png,excellent,0.08885311,10,1,0.0,0,89.1597,0.0,9055,11288,6469,5900,569,6265,204,0.651574,0.912042,0.555014,0.968465,0.031535,2,2,90.0,0.20332551
txt_004,Rendered text,2026,public_benchmark_v1_ext33_auto_hybrid_evalrepair_r15_inside090_c20_trimcap20,results\public_benchmark_v1_ext33_auto_hybrid_evalrepair_r15_inside090_c20_trimcap20\txt_004\prediction.dst,datasets\public_benchmark_v1_ext33\text_render_5\txt_004_mask.png,excellent,0.08885311,10,1,0.0,0,89.1597,0.0,9055,11288,6469,5900,569,6265,204,0.651574,0.912042,0.555014,0.968465,0.031535,2,2,90.0,0.20332551
txt_004,Rendered text,2026,public_benchmark_v1_ext33_auto_hybrid_r10_c16_trimcap20,results\public_benchmark_v1_ext33_auto_hybrid_r10_c16_trimcap20\txt_004\prediction.dst,datasets\public_benchmark_v1_ext33\text_render_5\txt_004_mask.png,excellent,0.08885311,10,1,0.0,0,89.1597,0.0,9055,11288,6469,5900,569,6265,204,0.651574,0.912042,0.555014,0.968465,0.031535,2,2,90.0,0.20332551
txt_004,Rendered text,2026,public_benchmark_v1_ext33_auto_hybrid_r10_c20_trimcap20,results\public_benchmark_v1_ext33_auto_hybrid_r10_c20_trimcap20\txt_004\prediction.dst,datasets\public_benchmark_v1_ext33\text_render_5\txt_004_mask.png,excellent,0.08885311,10,1,0.0,0,89.1597,0.0,9055,11288,6469,5900,569,6265,204,0.651574,0.912042,0.555014,0.968465,0.031535,2,2,90.0,0.20332551
txt_004,Rendered text,2026,public_benchmark_v1_ext33_auto_hybrid_r125_c16_trimcap20,results\public_benchmark_v1_ext33_auto_hybrid_r125_c16_trimcap20\txt_004\prediction.dst,datasets\public_benchmark_v1_ext33\text_render_5\txt_004_mask.png,excellent,0.08885311,10,1,0.0,0,89.1597,0.0,9055,11288,6469,5900,569,6265,204,0.651574,0.912042,0.555014,0.968465,0.031535,2,2,90.0,0.20332551
txt_004,Rendered text,2026,public_benchmark_v1_ext33_auto_hybrid_r125_c20_trimcap20,results\public_benchmark_v1_ext33_auto_hybrid_r125_c20_trimcap20\txt_004\prediction.dst,datasets\public_benchmark_v1_ext33\text_render_5\txt_004_mask.png,excellent,0.08885311,10,1,0.0,0,89.1597,0.0,9055,11288,6469,5900,569,6265,204,0.651574,0.912042,0.555014,0.968465,0.031535,2,2,90.0,0.20332551
txt_004,Rendered text,2026,public_benchmark_v1_ext33_auto_hybrid_skeleton_connect12_trimcap20,results\public_benchmark_v1_ext33_auto_hybrid_skeleton_connect12_trimcap20\txt_004\prediction.dst,datasets\public_benchmark_v1_ext33\text_render_5\txt_004_mask.png,pass,0.12179899,14,1,0.0,0,118.7185,0.0,9055,11288,6072,5794,278,6032,40,0.639867,0.954216,0.534373,0.993412,0.006588,2,2,90.0,0.25568487
txt_004,Rendered text,2026,public_benchmark_v1_ext33_b0_m2_1_globalrepair20,results\public_benchmark_v1_ext33_b0_m2_1_globalrepair20\txt_004\prediction.dst,datasets\public_benchmark_v1_ext33\text_render_5\txt_004_mask.png,hard_fail,0.55514842,36,8,497.7913,102,223.3881,320.7503,9055,11288,9972,7955,2017,9258,714,0.87852,0.797734,0.820163,0.9284,0.0716,2,2,90.0,13.87556026
txt_004,Rendered text,2026,public_benchmark_v1_ext33_m2_4_coverage_rerank,results\public_benchmark_v1_ext33_m2_4_coverage_rerank\txt_004\prediction.dst,datasets\public_benchmark_v1_ext33\text_render_5\txt_004_mask.png,excellent,0.08885311,10,1,0.0,0,89.1597,0.0,9055,11288,6469,5900,569,6265,204,0.651574,0.912042,0.555014,0.968465,0.031535,2,2,90.0,0.20332551
txt_004,Rendered text,2026,public_benchmark_v1_ext33_m2_4_coverage_rerank_connect30,results\public_benchmark_v1_ext33_m2_4_coverage_rerank_connect30\txt_004\prediction.dst,datasets\public_benchmark_v1_ext33\text_render_5\txt_004_mask.png,excellent,0.08885311,10,1,0.0,0,89.1597,0.0,9055,11288,6469,5900,569,6265,204,0.651574,0.912042,0.555014,0.968465,0.031535,2,2,90.0,0.20332551
txt_004,Rendered text,2026,public_benchmark_v1_ext33_m2_4_coverage_rerank_min12,results\public_benchmark_v1_ext33_m2_4_coverage_rerank_min12\txt_004\prediction.dst,datasets\public_benchmark_v1_ext33\text_render_5\txt_004_mask.png,excellent,0.08885311,10,1,0.0,0,89.1597,0.0,9055,11288,6469,5900,569,6265,204,0.651574,0.912042,0.555014,0.968465,0.031535,2,2,90.0,0.20332551
txt_004,Rendered text,2026,public_benchmark_v1_ext33_m2_4_coverage_rerank_min20,results\public_benchmark_v1_ext33_m2_4_coverage_rerank_min20\txt_004\prediction.dst,datasets\public_benchmark_v1_ext33\text_render_5\txt_004_mask.png,excellent,0.08885311,10,1,0.0,0,89.1597,0.0,9055,11288,6469,5900,569,6265,204,0.651574,0.912042,0.555014,0.968465,0.031535,2,2,90.0,0.20332551
txt_004,Rendered text,2026,public_benchmark_v1_ext33_m2_4_coverage_rerank_min8,results\public_benchmark_v1_ext33_m2_4_coverage_rerank_min8\txt_004\prediction.dst,datasets\public_benchmark_v1_ext33\text_render_5\txt_004_mask.png,excellent,0.08885311,10,1,0.0,0,89.1597,0.0,9055,11288,6469,5900,569,6265,204,0.651574,0.912042,0.555014,0.968465,0.031535,2,2,90.0,0.20332551
txt_004,Rendered text,2026,public_benchmark_v1_ext33_m2_51_sweeptuned_gate_balanced_applied,results\public_benchmark_v1_ext33_m2_51_sweeptuned_gate_balanced_applied\txt_004\prediction.dst,datasets\public_benchmark_v1_ext33\text_render_5\txt_004_mask.png,excellent,0.0246597,3,0,0.0,0,20.6155,0.0,9055,11288,12771,9055,3716,11197,1574,1.0,0.709028,0.991938,0.876752,0.123248,2,2,90.0,0.04037938
txt_004,Rendered text,2026,public_benchmark_v1_ext33_m2_51_sweeptuned_gate_low_jump_applied,results\public_benchmark_v1_ext33_m2_51_sweeptuned_gate_low_jump_applied\txt_004\prediction.dst,datasets\public_benchmark_v1_ext33\text_render_5\txt_004_mask.png,excellent,0.0246597,3,0,0.0,0,20.6155,0.0,9055,11288,12771,9055,3716,11197,1574,1.0,0.709028,0.991938,0.876752,0.123248,2,2,90.0,0.04037938
txt_004,Rendered text,2026,public_benchmark_v1_ext33_m2_55_line_domain_guard_low_jump,results\public_benchmark_v1_ext33_m2_55_line_domain_guard_low_jump\txt_004\prediction.dst,datasets\public_benchmark_v1_ext33\text_render_5\txt_004_mask.png,excellent,0.0246597,3,0,0.0,0,20.6155,0.0,9055,11288,12771,9055,3716,11197,1574,1.0,0.709028,0.991938,0.876752,0.123248,2,2,90.0,0.04037938
txt_004,Rendered text,2026,public_benchmark_v1_ext33_m2_56_line_stroke_d0_c12_i090,results\public_benchmark_v1_ext33_m2_56_line_stroke_d0_c12_i090\txt_004\prediction.dst,datasets\public_benchmark_v1_ext33\text_render_5\txt_004_mask.png,pass,0.11379765,13,1,0.0,0,118.6767,0.0,9055,11288,5757,5559,198,5725,32,0.613915,0.965607,0.507176,0.994442,0.005558,2,2,90.0,0.24902333
txt_004,Rendered text,2026,public_benchmark_v1_ext33_m2_56_line_stroke_d0_c12_i090_min12,results\public_benchmark_v1_ext33_m2_56_line_stroke_d0_c12_i090_min12\txt_004\prediction.dst,datasets\public_benchmark_v1_ext33\text_render_5\txt_004_mask.png,pass,0.11380075,13,1,0.0,0,118.7735,0.0,9055,11288,5639,5441,198,5607,32,0.600883,0.964887,0.496722,0.994325,0.005675,2,2,90.0,0.25132347
txt_004,Rendered text,2026,public_benchmark_v1_ext33_m2_56_line_stroke_d0_c12_i090_min20,results\public_benchmark_v1_ext33_m2_56_line_stroke_d0_c12_i090_min20\txt_004\prediction.dst,datasets\public_benchmark_v1_ext33\text_render_5\txt_004_mask.png,pass,0.11380075,13,1,0.0,0,118.7735,0.0,9055,11288,5639,5441,198,5607,32,0.600883,0.964887,0.496722,0.994325,0.005675,2,2,90.0,0.25132347
txt_004,Rendered text,2026,public_benchmark_v1_ext33_m2_56_line_stroke_d0_c12_i090_min30,results\public_benchmark_v1_ext33_m2_56_line_stroke_d0_c12_i090_min30\txt_004\prediction.dst,datasets\public_benchmark_v1_ext33\text_render_5\txt_004_mask.png,pass,0.11380075,13,1,0.0,0,118.7735,0.0,9055,11288,5639,5441,198,5607,32,0.600883,0.964887,0.496722,0.994325,0.005675,2,2,90.0,0.25132347
txt_004,Rendered text,2026,public_benchmark_v1_ext33_m2_56_line_stroke_d0_c8_i095,results\public_benchmark_v1_ext33_m2_56_line_stroke_d0_c8_i095\txt_004\prediction.dst,datasets\public_benchmark_v1_ext33\text_render_5\txt_004_mask.png,pass,0.12179899,14,1,0.0,0,118.7185,0.0,9055,11288,6072,5794,278,6032,40,0.639867,0.954216,0.534373,0.993412,0.006588,2,2,90.0,0.25568487
txt_004,Rendered text,2026,public_benchmark_v1_ext33_m2_56_line_stroke_d1_c10_i090,results\public_benchmark_v1_ext33_m2_56_line_stroke_d1_c10_i090\txt_004\prediction.dst,datasets\public_benchmark_v1_ext33\text_render_5\txt_004_mask.png,pass,0.12179899,14,1,0.0,0,118.7185,0.0,9055,11288,6072,5794,278,6032,40,0.639867,0.954216,0.534373,0.993412,0.006588,2,2,90.0,0.25568487
txt_004,Rendered text,2026,public_benchmark_v1_ext33_m2_56_line_stroke_d1_c12_i090_min20,results\public_benchmark_v1_ext33_m2_56_line_stroke_d1_c12_i090_min20\txt_004\prediction.dst,datasets\public_benchmark_v1_ext33\text_render_5\txt_004_mask.png,pass,0.11380075,13,1,0.0,0,118.7735,0.0,9055,11288,5639,5441,198,5607,32,0.600883,0.964887,0.496722,0.994325,0.005675,2,2,90.0,0.25132347
txt_004,Rendered text,2026,public_benchmark_v1_ext33_m2_56_line_stroke_d1_c6_i095,results\public_benchmark_v1_ext33_m2_56_line_stroke_d1_c6_i095\txt_004\prediction.dst,datasets\public_benchmark_v1_ext33\text_render_5\txt_004_mask.png,pass,0.11379765,13,1,0.0,0,118.6767,0.0,9055,11288,5757,5559,198,5725,32,0.613915,0.965607,0.507176,0.994442,0.005558,2,2,90.0,0.24902333
txt_004,Rendered text,2026,public_benchmark_v1_ext33_m2_56_line_stroke_d2_c12_i085_min20,results\public_benchmark_v1_ext33_m2_56_line_stroke_d2_c12_i085_min20\txt_004\prediction.dst,datasets\public_benchmark_v1_ext33\text_render_5\txt_004_mask.png,pass,0.16760138,12,1,2.7585,0,110.4729,0.0,9055,11288,5759,5508,251,5710,49,0.608283,0.956416,0.505847,0.991492,0.008508,2,2,90.0,0.3270221
txt_004,Rendered text,2026,public_benchmark_v1_ext33_m2_56_line_stroke_d3_c18,results\public_benchmark_v1_ext33_m2_56_line_stroke_d3_c18\txt_004\prediction.dst,datasets\public_benchmark_v1_ext33\text_render_5\txt_004_mask.png,pass,0.21973676,12,1,3.6401,1,104.2762,2.9155,9055,11288,6243,5868,375,6154,89,0.64804,0.939933,0.545181,0.985744,0.014256,2,2,90.0,0.46007284
txt_004,Rendered text,2026,public_benchmark_v1_ext33_m2_56_line_stroke_selector_probe,results\public_benchmark_v1_ext33_m2_56_line_stroke_selector_probe\txt_004\prediction.dst,datasets\public_benchmark_v1_ext33\text_render_5\txt_004_mask.png,excellent,0.0246597,3,0,0.0,0,20.6155,0.0,9055,11288,12771,9055,3716,11197,1574,1.0,0.709028,0.991938,0.876752,0.123248,2,2,90.0,0.04037938
txt_004,Rendered text,2026,public_benchmark_v1_ext33_m2_57_topology_open_d0_c12_i090_min12,results\public_benchmark_v1_ext33_m2_57_topology_open_d0_c12_i090_min12\txt_004\prediction.dst,datasets\public_benchmark_v1_ext33\text_render_5\txt_004_mask.png,excellent,0.08860233,10,1,0.0,0,81.3228,0.0,9055,11288,5639,5441,198,5607,32,0.600883,0.964887,0.496722,0.994325,0.005675,2,2,90.0,0.21412505
txt_004,Rendered text,2026,public_benchmark_v1_ext33_m2_57_topology_open_d0_c12_i090_min20,results\public_benchmark_v1_ext33_m2_57_topology_open_d0_c12_i090_min20\txt_004\prediction.dst,datasets\public_benchmark_v1_ext33\text_render_5\txt_004_mask.png,excellent,0.08860233,10,1,0.0,0,81.3228,0.0,9055,11288,5639,5441,198,5607,32,0.600883,0.964887,0.496722,0.994325,0.005675,2,2,90.0,0.21412505
txt_004,Rendered text,2026,public_benchmark_v1_ext33_m2_57_topology_open_d0_c12_i090_min30,results\public_benchmark_v1_ext33_m2_57_topology_open_d0_c12_i090_min30\txt_004\prediction.dst,datasets\public_benchmark_v1_ext33\text_render_5\txt_004_mask.png,excellent,0.08860233,10,1,0.0,0,81.3228,0.0,9055,11288,5639,5441,198,5607,32,0.600883,0.964887,0.496722,0.994325,0.005675,2,2,90.0,0.21412505
txt_004,Rendered text,2026,public_benchmark_v1_ext33_m2_57_topology_open_d0_c16_i085_min20,results\public_benchmark_v1_ext33_m2_57_topology_open_d0_c16_i085_min20\txt_004\prediction.dst,datasets\public_benchmark_v1_ext33\text_render_5\txt_004_mask.png,excellent,0.08860233,10,1,0.0,0,81.3228,0.0,9055,11288,5639,5441,198,5607,32,0.600883,0.964887,0.496722,0.994325,0.005675,2,2,90.0,0.21412505
txt_004,Rendered text,2026,public_benchmark_v1_ext33_m2_57_topology_open_d0_c20_i080_min30,results\public_benchmark_v1_ext33_m2_57_topology_open_d0_c20_i080_min30\txt_004\prediction.dst,datasets\public_benchmark_v1_ext33\text_render_5\txt_004_mask.png,excellent,0.08860233,10,1,0.0,0,81.3228,0.0,9055,11288,5639,5441,198,5607,32,0.600883,0.964887,0.496722,0.994325,0.005675,2,2,90.0,0.21412505
txt_004,Rendered text,2026,public_benchmark_v1_ext33_m2_57_topology_open_d0_c20_i080_min40,results\public_benchmark_v1_ext33_m2_57_topology_open_d0_c20_i080_min40\txt_004\prediction.dst,datasets\public_benchmark_v1_ext33\text_render_5\txt_004_mask.png,excellent,0.08860233,10,1,0.0,0,81.3228,0.0,9055,11288,5639,5441,198,5607,32,0.600883,0.964887,0.496722,0.994325,0.005675,2,2,90.0,0.21412505
txt_004,Rendered text,2026,public_benchmark_v1_ext33_m2_57_topology_open_d0_c24_i075_min40,results\public_benchmark_v1_ext33_m2_57_topology_open_d0_c24_i075_min40\txt_004\prediction.dst,datasets\public_benchmark_v1_ext33\text_render_5\txt_004_mask.png,excellent,0.08860233,10,1,0.0,0,81.3228,0.0,9055,11288,5639,5441,198,5607,32,0.600883,0.964887,0.496722,0.994325,0.005675,2,2,90.0,0.21412505
txt_004,Rendered text,2026,public_benchmark_v1_ext33_m2_57_topology_open_d0_c24_i075_min60,results\public_benchmark_v1_ext33_m2_57_topology_open_d0_c24_i075_min60\txt_004\prediction.dst,datasets\public_benchmark_v1_ext33\text_render_5\txt_004_mask.png,excellent,0.07435871,9,0,0.0,0,73.7098,0.0,9055,11288,5090,4892,198,5058,32,0.540254,0.9611,0.448086,0.993713,0.006287,2,2,90.0,0.20456807
txt_004,Rendered text,2026,public_benchmark_v1_ext33_m2_57_topology_open_d0_c30_i070_min100,results\public_benchmark_v1_ext33_m2_57_topology_open_d0_c30_i070_min100\txt_004\prediction.dst,datasets\public_benchmark_v1_ext33\text_render_5\txt_004_mask.png,excellent,0.008,1,0,0.0,0,0.0,0.0,9055,11288,1353,1353,0,1353,0,0.14942,1.0,0.119862,1.0,0.0,2,2,90.0,0.17686296
txt_004,Rendered text,2026,public_benchmark_v1_ext33_m2_57_topology_open_d0_c30_i070_min80,results\public_benchmark_v1_ext33_m2_57_topology_open_d0_c30_i070_min80\txt_004\prediction.dst,datasets\public_benchmark_v1_ext33\text_render_5\txt_004_mask.png,pass,0.15633622,4,1,3.7463,1,34.4,3.1385,9055,11288,3302,3201,101,3249,53,0.353506,0.969412,0.287828,0.983949,0.016051,2,2,90.0,0.42017938
txt_004,Rendered text,2026,public_benchmark_v1_ext33_m2_57_topology_open_d1_c16_i085_min20,results\public_benchmark_v1_ext33_m2_57_topology_open_d1_c16_i085_min20\txt_004\prediction.dst,datasets\public_benchmark_v1_ext33\text_render_5\txt_004_mask.png,excellent,0.08860233,10,1,0.0,0,81.3228,0.0,9055,11288,5639,5441,198,5607,32,0.600883,0.964887,0.496722,0.994325,0.005675,2,2,90.0,0.21412505
txt_004,Rendered text,2026,public_benchmark_v1_ext33_m2_57_topology_open_d1_c20_i080_min20,results\public_benchmark_v1_ext33_m2_57_topology_open_d1_c20_i080_min20\txt_004\prediction.dst,datasets\public_benchmark_v1_ext33\text_render_5\txt_004_mask.png,excellent,0.08860233,10,1,0.0,0,81.3228,0.0,9055,11288,5639,5441,198,5607,32,0.600883,0.964887,0.496722,0.994325,0.005675,2,2,90.0,0.21412505
txt_004,Rendered text,2026,public_benchmark_v1_ext33_m2_57_topology_open_d1_c24_i070_min60,results\public_benchmark_v1_ext33_m2_57_topology_open_d1_c24_i070_min60\txt_004\prediction.dst,datasets\public_benchmark_v1_ext33\text_render_5\txt_004_mask.png,hard_fail,0.30900847,4,0,14.1192,3,22.9209,8.1375,9055,11288,5816,5230,586,5583,233,0.577581,0.899243,0.494596,0.959938,0.040062,2,2,90.0,0.79184247
txt_004,Rendered text,2026,public_benchmark_v1_ext33_m2_57_topology_open_d1_c24_i075_min40,results\public_benchmark_v1_ext33_m2_57_topology_open_d1_c24_i075_min40\txt_004\prediction.dst,datasets\public_benchmark_v1_ext33\text_render_5\txt_004_mask.png,warning,0.22498483,8,1,5.3543,1,57.5941,3.0017,9055,11288,5973,5609,364,5857,116,0.619437,0.939059,0.51887,0.980579,0.019421,2,2,90.0,0.47190847
txt_004,Rendered text,2026,public_benchmark_v1_ext33_m2_57_topology_open_d1_c30_i065_min80,results\public_benchmark_v1_ext33_m2_57_topology_open_d1_c30_i065_min80\txt_004\prediction.dst,datasets\public_benchmark_v1_ext33\text_render_5\txt_004_mask.png,pass,0.15633622,4,1,3.7463,1,34.4,3.1385,9055,11288,3302,3201,101,3249,53,0.353506,0.969412,0.287828,0.983949,0.016051,2,2,90.0,0.42017938
txt_004,Rendered text,2026,public_benchmark_v1_ext33_m2_57_topology_open_d2_c20_i075_min20,results\public_benchmark_v1_ext33_m2_57_topology_open_d2_c20_i075_min20\txt_004\prediction.dst,datasets\public_benchmark_v1_ext33\text_render_5\txt_004_mask.png,pass,0.16067486,9,1,2.1855,1,74.8013,2.2204,9055,11288,5715,5477,238,5662,53,0.604859,0.958355,0.501595,0.990726,0.009274,2,2,90.0,0.38314974
txt_004,Rendered text,2026,public_benchmark_v1_ext33_m2_57_topology_relative_rescue,results\public_benchmark_v1_ext33_m2_57_topology_relative_rescue\txt_004\prediction.dst,datasets\public_benchmark_v1_ext33\text_render_5\txt_004_mask.png,excellent,0.0246597,3,0,0.0,0,20.6155,0.0,9055,11288,12771,9055,3716,11197,1574,1.0,0.709028,0.991938,0.876752,0.123248,2,2,90.0,0.04037938
txt_004,Rendered text,2026,public_benchmark_v1_ext33_m2_57_topology_selector_probe_min100,results\public_benchmark_v1_ext33_m2_57_topology_selector_probe_min100\txt_004\prediction.dst,datasets\public_benchmark_v1_ext33\text_render_5\txt_004_mask.png,excellent,0.0246597,3,0,0.0,0,20.6155,0.0,9055,11288,12771,9055,3716,11197,1574,1.0,0.709028,0.991938,0.876752,0.123248,2,2,90.0,0.04037938
txt_004,Rendered text,2026,public_benchmark_v1_ext33_m2_57_topology_selector_probe_min100_j14,results\public_benchmark_v1_ext33_m2_57_topology_selector_probe_min100_j14\txt_004\prediction.dst,datasets\public_benchmark_v1_ext33\text_render_5\txt_004_mask.png,excellent,0.0246597,3,0,0.0,0,20.6155,0.0,9055,11288,12771,9055,3716,11197,1574,1.0,0.709028,0.991938,0.876752,0.123248,2,2,90.0,0.04037938
txt_004,Rendered text,2026,public_benchmark_v1_ext33_m2_58_coverage_aware_relative_rescue,results\public_benchmark_v1_ext33_m2_58_coverage_aware_relative_rescue\txt_004\prediction.dst,datasets\public_benchmark_v1_ext33\text_render_5\txt_004_mask.png,excellent,0.0246597,3,0,0.0,0,20.6155,0.0,9055,11288,12771,9055,3716,11197,1574,1.0,0.709028,0.991938,0.876752,0.123248,2,2,90.0,0.04037938
txt_004,Rendered text,2026,public_benchmark_v1_ext33_m2_59_anchored_quality_rescue_selector,results\public_benchmark_v1_ext33_m2_59_anchored_quality_rescue_selector\txt_004\prediction.dst,datasets\public_benchmark_v1_ext33\text_render_5\txt_004_mask.png,excellent,0.0246597,3,0,0.0,0,20.6155,0.0,9055,11288,12771,9055,3716,11197,1574,1.0,0.709028,0.991938,0.876752,0.123248,2,2,90.0,0.04037938
txt_004,Rendered text,2026,public_benchmark_v1_ext33_m2_59_grouped_topology_g_d0_c16_i085_s4_min12_p80,results\public_benchmark_v1_ext33_m2_59_grouped_topology_g_d0_c16_i085_s4_min12_p80\txt_004\prediction.dst,datasets\public_benchmark_v1_ext33\text_render_5\txt_004_mask.png,pass,0.20095343,9,1,3.9359,1,77.1192,2.6306,9055,11288,5919,5654,265,5864,55,0.624406,0.955229,0.51949,0.990708,0.009292,2,2,90.0,0.43722115
txt_004,Rendered text,2026,public_benchmark_v1_ext33_m2_59_grouped_topology_g_d0_c16_i090_s3_min20_p80,results\public_benchmark_v1_ext33_m2_59_grouped_topology_g_d0_c16_i090_s3_min20_p80\txt_004\prediction.dst,datasets\public_benchmark_v1_ext33\text_render_5\txt_004_mask.png,excellent,0.08860233,10,1,0.0,0,81.3228,0.0,9055,11288,5639,5441,198,5607,32,0.600883,0.964887,0.496722,0.994325,0.005675,2,2,90.0,0.21412505
txt_004,Rendered text,2026,public_benchmark_v1_ext33_m2_59_grouped_topology_g_d0_c18_i092_s4_min12_p100,results\public_benchmark_v1_ext33_m2_59_grouped_topology_g_d0_c18_i092_s4_min12_p100\txt_004\prediction.dst,datasets\public_benchmark_v1_ext33\text_render_5\txt_004_mask.png,excellent,0.08860233,10,1,0.0,0,81.3228,0.0,9055,11288,5639,5441,198,5607,32,0.600883,0.964887,0.496722,0.994325,0.005675,2,2,90.0,0.21412505
txt_004,Rendered text,2026,public_benchmark_v1_ext33_m2_59_grouped_topology_g_d0_c18_i095_s3_min12_p120,results\public_benchmark_v1_ext33_m2_59_grouped_topology_g_d0_c18_i095_s3_min12_p120\txt_004\prediction.dst,datasets\public_benchmark_v1_ext33\text_render_5\txt_004_mask.png,excellent,0.08860233,10,1,0.0,0,81.3228,0.0,9055,11288,5639,5441,198,5607,32,0.600883,0.964887,0.496722,0.994325,0.005675,2,2,90.0,0.21412505
txt_004,Rendered text,2026,public_benchmark_v1_ext33_m2_59_grouped_topology_g_d0_c20_i080_s5_min12_p80,results\public_benchmark_v1_ext33_m2_59_grouped_topology_g_d0_c20_i080_s5_min12_p80\txt_004\prediction.dst,datasets\public_benchmark_v1_ext33\text_render_5\txt_004_mask.png,pass,0.20095343,9,1,3.9359,1,77.1192,2.6306,9055,11288,5919,5654,265,5864,55,0.624406,0.955229,0.51949,0.990708,0.009292,2,2,90.0,0.43722115
txt_004,Rendered text,2026,public_benchmark_v1_ext33_m2_59_grouped_topology_g_d0_c20_i090_s4_min12_p100,results\public_benchmark_v1_ext33_m2_59_grouped_topology_g_d0_c20_i090_s4_min12_p100\txt_004\prediction.dst,datasets\public_benchmark_v1_ext33\text_render_5\txt_004_mask.png,excellent,0.08860233,10,1,0.0,0,81.3228,0.0,9055,11288,5639,5441,198,5607,32,0.600883,0.964887,0.496722,0.994325,0.005675,2,2,90.0,0.21412505
txt_004,Rendered text,2026,public_benchmark_v1_ext33_m2_59_grouped_topology_g_d0_c20_i095_s4_min12_p100,results\public_benchmark_v1_ext33_m2_59_grouped_topology_g_d0_c20_i095_s4_min12_p100\txt_004\prediction.dst,datasets\public_benchmark_v1_ext33\text_render_5\txt_004_mask.png,excellent,0.08860233,10,1,0.0,0,81.3228,0.0,9055,11288,5639,5441,198,5607,32,0.600883,0.964887,0.496722,0.994325,0.005675,2,2,90.0,0.21412505
txt_004,Rendered text,2026,public_benchmark_v1_ext33_m2_59_grouped_topology_g_d0_c24_i075_s6_min20_p80,results\public_benchmark_v1_ext33_m2_59_grouped_topology_g_d0_c24_i075_s6_min20_p80\txt_004\prediction.dst,datasets\public_benchmark_v1_ext33\text_render_5\txt_004_mask.png,hard_fail,0.35025953,8,1,9.0315,3,70.5977,9.0002,9055,11288,6150,5769,381,6021,129,0.637107,0.938049,0.533398,0.979024,0.020976,2,2,90.0,0.79079821
txt_004,Rendered text,2026,public_benchmark_v1_ext33_m2_59_grouped_topology_g_d0_c30_i070_s8_min30_p100,results\public_benchmark_v1_ext33_m2_59_grouped_topology_g_d0_c30_i070_s8_min30_p100\txt_004\prediction.dst,datasets\public_benchmark_v1_ext33\text_render_5\txt_004_mask.png,hard_fail,0.30382419,3,0,16.5312,4,16.2997,9.6513,9055,11288,6495,5870,625,6255,240,0.648261,0.903772,0.554128,0.963048,0.036952,2,2,90.0,0.87397995
txt_004,Rendered text,2026,public_benchmark_v1_ext33_m2_59_grouped_topology_g_d1_c20_i075_s5_min12_p80,results\public_benchmark_v1_ext33_m2_59_grouped_topology_g_d1_c20_i075_s5_min12_p80\txt_004\prediction.dst,datasets\public_benchmark_v1_ext33\text_render_5\txt_004_mask.png,pass,0.20095343,9,1,3.9359,1,77.1192,2.6306,9055,11288,5919,5654,265,5864,55,0.624406,0.955229,0.51949,0.990708,0.009292,2,2,90.0,0.43722115
txt_004,Rendered text,2026,public_benchmark_v1_ext33_m2_59_quality_rescue_selector,results\public_benchmark_v1_ext33_m2_59_quality_rescue_selector\txt_004\prediction.dst,datasets\public_benchmark_v1_ext33\text_render_5\txt_004_mask.png,excellent,0.0246597,3,0,0.0,0,20.6155,0.0,9055,11288,12771,9055,3716,11197,1574,1.0,0.709028,0.991938,0.876752,0.123248,2,2,90.0,0.04037938
txt_004,Rendered text,2026,public_benchmark_v1_ext33_m2_5_learned_selector_applied,results\public_benchmark_v1_ext33_m2_5_learned_selector_applied\txt_004\prediction.dst,datasets\public_benchmark_v1_ext33\text_render_5\txt_004_mask.png,excellent,0.08885311,10,1,0.0,0,89.1597,0.0,9055,11288,6469,5900,569,6265,204,0.651574,0.912042,0.555014,0.968465,0.031535,2,2,90.0,0.20332551
txt_004,Rendered text,2026,public_benchmark_v1_ext33_m2_60_maskpath_combo_rescue_selector,results\public_benchmark_v1_ext33_m2_60_maskpath_combo_rescue_selector\txt_004\prediction.dst,datasets\public_benchmark_v1_ext33\text_render_5\txt_004_mask.png,excellent,0.0246597,3,0,0.0,0,20.6155,0.0,9055,11288,12771,9055,3716,11197,1574,1.0,0.709028,0.991938,0.876752,0.123248,2,2,90.0,0.04037938
txt_004,Rendered text,2026,public_benchmark_v1_ext33_m2_60_maskpath_mp_d0_r0_c20_i095_route24_f20_min12,results\public_benchmark_v1_ext33_m2_60_maskpath_mp_d0_r0_c20_i095_route24_f20_min12\txt_004\prediction.dst,datasets\public_benchmark_v1_ext33\text_render_5\txt_004_mask.png,excellent,0.08860233,10,1,0.0,0,81.3228,0.0,9055,11288,5639,5441,198,5607,32,0.600883,0.964887,0.496722,0.994325,0.005675,2,2,90.0,0.21412505
txt_004,Rendered text,2026,public_benchmark_v1_ext33_m2_60_maskpath_mp_d0_r0_c20_i095_route32_f26_min12,results\public_benchmark_v1_ext33_m2_60_maskpath_mp_d0_r0_c20_i095_route32_f26_min12\txt_004\prediction.dst,datasets\public_benchmark_v1_ext33\text_render_5\txt_004_mask.png,excellent,0.04117988,5,0,0.0,0,36.8714,0.0,9055,11288,6420,5858,562,6242,178,0.646935,0.912461,0.552977,0.972274,0.027726,2,2,90.0,0.13426784
txt_004,Rendered text,2026,public_benchmark_v1_ext33_m2_60_maskpath_mp_d0_r0_c20_i095_route32_f26_min20,results\public_benchmark_v1_ext33_m2_60_maskpath_mp_d0_r0_c20_i095_route32_f26_min20\txt_004\prediction.dst,datasets\public_benchmark_v1_ext33\text_render_5\txt_004_mask.png,excellent,0.04117988,5,0,0.0,0,36.8714,0.0,9055,11288,6420,5858,562,6242,178,0.646935,0.912461,0.552977,0.972274,0.027726,2,2,90.0,0.13426784
txt_004,Rendered text,2026,public_benchmark_v1_ext33_m2_60_maskpath_mp_d0_r0_c24_i090_route36_f30_min12,results\public_benchmark_v1_ext33_m2_60_maskpath_mp_d0_r0_c24_i090_route36_f30_min12\txt_004\prediction.dst,datasets\public_benchmark_v1_ext33\text_render_5\txt_004_mask.png,excellent,0.04117988,5,0,0.0,0,36.8714,0.0,9055,11288,6420,5858,562,6242,178,0.646935,0.912461,0.552977,0.972274,0.027726,2,2,90.0,0.13426784
txt_004,Rendered text,2026,public_benchmark_v1_ext33_m2_60_maskpath_mp_d0_r1_c20_i095_route32_f26_min12,results\public_benchmark_v1_ext33_m2_60_maskpath_mp_d0_r1_c20_i095_route32_f26_min12\txt_004\prediction.dst,datasets\public_benchmark_v1_ext33\text_render_5\txt_004_mask.png,hard_fail,0.22117988,5,0,14.2326,0,36.8714,0.0,9055,11288,6483,5856,627,6251,232,0.646715,0.903286,0.553774,0.964214,0.035786,2,2,90.0,0.4565158
txt_004,Rendered text,2026,public_benchmark_v1_ext33_m2_60_maskpath_mp_d0_r1_c24_i090_route36_f30_min12,results\public_benchmark_v1_ext33_m2_60_maskpath_mp_d0_r1_c24_i090_route36_f30_min12\txt_004\prediction.dst,datasets\public_benchmark_v1_ext33\text_render_5\txt_004_mask.png,hard_fail,0.22117988,5,0,14.2326,0,36.8714,0.0,9055,11288,6483,5856,627,6251,232,0.646715,0.903286,0.553774,0.964214,0.035786,2,2,90.0,0.4565158
txt_004,Rendered text,2026,public_benchmark_v1_ext33_m2_60_maskpath_rescue_selector,results\public_benchmark_v1_ext33_m2_60_maskpath_rescue_selector\txt_004\prediction.dst,datasets\public_benchmark_v1_ext33\text_render_5\txt_004_mask.png,excellent,0.0246597,3,0,0.0,0,20.6155,0.0,9055,11288,12771,9055,3716,11197,1574,1.0,0.709028,0.991938,0.876752,0.123248,2,2,90.0,0.04037938
txt_004,Rendered text,2026,public_benchmark_v1_ext33_m2_61_segment_graph_sg_d0_l035_c20_i095_r32_f26_min12,results\public_benchmark_v1_ext33_m2_61_segment_graph_sg_d0_l035_c20_i095_r32_f26_min12\txt_004\prediction.dst,datasets\public_benchmark_v1_ext33\text_render_5\txt_004_mask.png,excellent,0.06392631,7,1,0.0,0,60.1971,0.0,9055,11288,6553,5946,607,6365,188,0.656654,0.907371,0.563873,0.971311,0.028689,2,2,90.0,0.16492923
txt_004,Rendered text,2026,public_benchmark_v1_ext33_m2_61_segment_graph_sg_d0_l050_c24_i090_r36_f30_min12,results\public_benchmark_v1_ext33_m2_61_segment_graph_sg_d0_l050_c24_i090_r36_f30_min12\txt_004\prediction.dst,datasets\public_benchmark_v1_ext33\text_render_5\txt_004_mask.png,excellent,0.03296413,4,0,0.0,0,30.1291,0.0,9055,11288,6807,6140,667,6622,185,0.678078,0.902013,0.586641,0.972822,0.027178,2,2,90.0,0.11552097
txt_004,Rendered text,2026,public_benchmark_v1_ext33_m2_61_segment_graph_sg_d0_l070_c20_i095_r32_f26_min12,results\public_benchmark_v1_ext33_m2_61_segment_graph_sg_d0_l070_c20_i095_r32_f26_min12\txt_004\prediction.dst,datasets\public_benchmark_v1_ext33\text_render_5\txt_004_mask.png,excellent,0.06392631,7,1,0.0,0,60.1971,0.0,9055,11288,6718,6109,609,6528,190,0.674655,0.909348,0.578313,0.971718,0.028282,2,2,90.0,0.16175635
txt_004,Rendered text,2026,public_benchmark_v1_ext33_m2_61_segment_graph_sg_d1_l050_c20_i095_r32_f26_min12,results\public_benchmark_v1_ext33_m2_61_segment_graph_sg_d1_l050_c20_i095_r32_f26_min12\txt_004\prediction.dst,datasets\public_benchmark_v1_ext33\text_render_5\txt_004_mask.png,hard_fail,0.24392631,7,1,16.0069,0,60.1971,0.0,9055,11288,6615,5940,675,6370,245,0.655991,0.897959,0.564316,0.962963,0.037037,2,2,90.0,0.50499811
txt_004,Rendered text,2026,public_benchmark_v1_ext33_m2_61_segment_graph_sg_euler_d0_l000_c20_i095_r32_f26_min12,results\public_benchmark_v1_ext33_m2_61_segment_graph_sg_euler_d0_l000_c20_i095_r32_f26_min12\txt_004\prediction.dst,datasets\public_benchmark_v1_ext33\text_render_5\txt_004_mask.png,excellent,0.0391008,4,1,0.0,0,34.4,0.0,9055,11288,7068,6377,691,6873,195,0.704252,0.902235,0.608877,0.972411,0.027589,2,2,90.0,0.1188954
txt_004,Rendered text,2026,public_benchmark_v1_ext33_m2_61_segment_graph_sg_euler_d0_l020_c24_i090_r36_f30_min12,results\public_benchmark_v1_ext33_m2_61_segment_graph_sg_euler_d0_l020_c24_i090_r36_f30_min12\txt_004\prediction.dst,datasets\public_benchmark_v1_ext33\text_render_5\txt_004_mask.png,excellent,0.03296413,4,0,0.0,0,30.1291,0.0,9055,11288,6807,6140,667,6622,185,0.678078,0.902013,0.586641,0.972822,0.027178,2,2,90.0,0.11552097
txt_004,Rendered text,2026,public_benchmark_v1_ext33_m2_61_segment_graph_sg_euler_d0_l035_c20_i095_r32_f26_min12,results\public_benchmark_v1_ext33_m2_61_segment_graph_sg_euler_d0_l035_c20_i095_r32_f26_min12\txt_004\prediction.dst,datasets\public_benchmark_v1_ext33\text_render_5\txt_004_mask.png,excellent,0.06392631,7,1,0.0,0,60.1971,0.0,9055,11288,6553,5946,607,6365,188,0.656654,0.907371,0.563873,0.971311,0.028689,2,2,90.0,0.16492923
txt_004,Rendered text,2026,public_benchmark_v1_ext33_m2_64_text_precision_rescue_selector,results\public_benchmark_v1_ext33_m2_64_text_precision_rescue_selector\txt_004\prediction.dst,datasets\public_benchmark_v1_ext33\text_render_5\txt_004_mask.png,excellent,0.06417366,7,1,0.0,0,67.9269,0.0,9055,11288,10788,8980,1808,10399,389,0.991717,0.832406,0.921244,0.963941,0.036059,2,2,90.0,0.09642438
txt_004,Rendered text,2026,public_benchmark_v1_ext33_m2_65_text_legibility_rescue_selector,results\public_benchmark_v1_ext33_m2_65_text_legibility_rescue_selector\txt_004\prediction.dst,datasets\public_benchmark_v1_ext33\text_render_5\txt_004_mask.png,excellent,0.06417366,7,1,0.0,0,67.9269,0.0,9055,11288,10788,8980,1808,10399,389,0.991717,0.832406,0.921244,0.963941,0.036059,2,2,90.0,0.09642438
txt_004,Rendered text,2026,public_benchmark_v1_ext33_m2_66_profile_switcher,results\public_benchmark_v1_ext33_m2_66_profile_switcher\txt_004\prediction.dst,datasets\public_benchmark_v1_ext33\text_render_5\txt_004_mask.png,excellent,0.06417366,7,1,0.0,0,67.9269,0.0,9055,11288,10788,8980,1808,10399,389,0.991717,0.832406,0.921244,0.963941,0.036059,2,2,90.0,0.09642438
txt_004,Rendered text,2026,public_benchmark_v1_ext33_m2_67_line_art_profile,results\public_benchmark_v1_ext33_m2_67_line_art_profile\txt_004\prediction.dst,datasets\public_benchmark_v1_ext33\text_render_5\txt_004_mask.png,excellent,0.06417366,7,1,0.0,0,67.9269,0.0,9055,11288,10788,8980,1808,10399,389,0.991717,0.832406,0.921244,0.963941,0.036059,2,2,90.0,0.09642438
txt_004,Rendered text,2026,public_benchmark_v1_ext33_m2_68_shape_aware_profile,results\public_benchmark_v1_ext33_m2_68_shape_aware_profile\txt_004\prediction.dst,datasets\public_benchmark_v1_ext33\text_render_5\txt_004_mask.png,excellent,0.06417366,7,1,0.0,0,67.9269,0.0,9055,11288,10788,8980,1808,10399,389,0.991717,0.832406,0.921244,0.963941,0.036059,2,2,90.0,0.09642438
txt_004,Rendered text,2026,public_benchmark_v1_ext33_mask_fill_edgewalk_dtsatin_o3_i8_s14_p90,results\public_benchmark_v1_ext33_mask_fill_edgewalk_dtsatin_o3_i8_s14_p90\txt_004\prediction.dst,datasets\public_benchmark_v1_ext33\text_render_5\txt_004_mask.png,hard_fail,0.2780722,53,10,0.0,0,564.7562,0.0,9055,11288,13527,9055,4472,11254,2273,1.0,0.669402,0.996988,0.831966,0.168034,2,2,90.0,0.52095764
txt_004,Rendered text,2026,public_benchmark_v1_ext33_mask_fill_edgewalk_dtsatin_o3_i9_s7,results\public_benchmark_v1_ext33_mask_fill_edgewalk_dtsatin_o3_i9_s7\txt_004\prediction.dst,datasets\public_benchmark_v1_ext33\text_render_5\txt_004_mask.png,hard_fail,0.27827857,54,10,0.0,0,571.2054,0.0,9055,11288,13547,9055,4492,11252,2295,1.0,0.668414,0.996811,0.83059,0.16941,2,2,90.0,0.52538417
txt_004,Rendered text,2026,public_benchmark_v1_ext33_mask_fill_edgewalk_nearest_rows16_p40,results\public_benchmark_v1_ext33_mask_fill_edgewalk_nearest_rows16_p40\txt_004\prediction.dst,datasets\public_benchmark_v1_ext33\text_render_5\txt_004_mask.png,hard_fail,0.27081188,50,9,0.0,0,525.3713,0.0,9055,11288,13525,9055,4470,11252,2273,1.0,0.669501,0.996811,0.831941,0.168059,2,2,90.0,0.49970132
txt_004,Rendered text,2026,public_benchmark_v1_ext33_mask_fill_edgewalk_nearestrow_adapt_t2_m5_rows16_p40,results\public_benchmark_v1_ext33_mask_fill_edgewalk_nearestrow_adapt_t2_m5_rows16_p40\txt_004\prediction.dst,datasets\public_benchmark_v1_ext33\text_render_5\txt_004_mask.png,excellent,0.06417366,7,1,0.0,0,67.9269,0.0,9055,11288,10788,8980,1808,10399,389,0.991717,0.832406,0.921244,0.963941,0.036059,2,2,90.0,0.09642438
txt_004,Rendered text,2026,public_benchmark_v1_ext33_mask_fill_edgewalk_nearestrow_adapt_t3_m6_rows16_p40,results\public_benchmark_v1_ext33_mask_fill_edgewalk_nearestrow_adapt_t3_m6_rows16_p40\txt_004\prediction.dst,datasets\public_benchmark_v1_ext33\text_render_5\txt_004_mask.png,excellent,0.06417366,7,1,0.0,0,67.9269,0.0,9055,11288,10788,8980,1808,10399,389,0.991717,0.832406,0.921244,0.963941,0.036059,2,2,90.0,0.09642438
txt_004,Rendered text,2026,public_benchmark_v1_ext33_mask_fill_edgewalk_nearestrow_adapt_t4_m8_rows16_p40,results\public_benchmark_v1_ext33_mask_fill_edgewalk_nearestrow_adapt_t4_m8_rows16_p40\txt_004\prediction.dst,datasets\public_benchmark_v1_ext33\text_render_5\txt_004_mask.png,excellent,0.06417366,7,1,0.0,0,67.9269,0.0,9055,11288,10788,8980,1808,10399,389,0.991717,0.832406,0.921244,0.963941,0.036059,2,2,90.0,0.09642438
txt_004,Rendered text,2026,public_benchmark_v1_ext33_mask_fill_edgewalk_nearestrow_evalfill_rows16_p40,results\public_benchmark_v1_ext33_mask_fill_edgewalk_nearestrow_evalfill_rows16_p40\txt_004\prediction.dst,datasets\public_benchmark_v1_ext33\text_render_5\txt_004_mask.png,excellent,0.05321539,3,0,1.2685,0,21.067,0.0,9055,11288,16304,9055,7249,11288,5016,1.0,0.555385,1.0,0.692345,0.307655,2,2,90.0,0.11112519
txt_004,Rendered text,2026,public_benchmark_v1_ext33_mask_fill_edgewalk_nearestrow_inset1_rows16_p40,results\public_benchmark_v1_ext33_mask_fill_edgewalk_nearestrow_inset1_rows16_p40\txt_004\prediction.dst,datasets\public_benchmark_v1_ext33\text_render_5\txt_004_mask.png,excellent,0.05065254,3,0,1.1554,0,20.5012,0.0,9055,11288,11734,8959,2775,10847,887,0.989398,0.763508,0.960932,0.924408,0.075592,2,2,90.0,0.07420654
txt_004,Rendered text,2026,public_benchmark_v1_ext33_mask_fill_edgewalk_nearestrow_inset2_rows16_p40,results\public_benchmark_v1_ext33_mask_fill_edgewalk_nearestrow_inset2_rows16_p40\txt_004\prediction.dst,datasets\public_benchmark_v1_ext33\text_render_5\txt_004_mask.png,excellent,0.06417366,7,1,0.0,0,67.9269,0.0,9055,11288,10788,8980,1808,10399,389,0.991717,0.832406,0.921244,0.963941,0.036059,2,2,90.0,0.09642438
txt_004,Rendered text,2026,public_benchmark_v1_ext33_mask_fill_edgewalk_nearestrow_qdirect_rows16_p40,results\public_benchmark_v1_ext33_mask_fill_edgewalk_nearestrow_qdirect_rows16_p40\txt_004\prediction.dst,datasets\public_benchmark_v1_ext33\text_render_5\txt_004_mask.png,excellent,0.0246597,3,0,0.0,0,20.6155,0.0,9055,11288,12771,9055,3716,11197,1574,1.0,0.709028,0.991938,0.876752,0.123248,2,2,90.0,0.04037938
txt_004,Rendered text,2026,public_benchmark_v1_ext33_mask_fill_edgewalk_nearestrow_qpath090_rows16_p40,results\public_benchmark_v1_ext33_mask_fill_edgewalk_nearestrow_qpath090_rows16_p40\txt_004\prediction.dst,datasets\public_benchmark_v1_ext33\text_render_5\txt_004_mask.png,excellent,0.0246597,3,0,0.0,0,20.6155,0.0,9055,11288,12771,9055,3716,11197,1574,1.0,0.709028,0.991938,0.876752,0.123248,2,2,90.0,0.04037938
txt_004,Rendered text,2026,public_benchmark_v1_ext33_mask_fill_edgewalk_nearestrow_qpath095_rows16_p40,results\public_benchmark_v1_ext33_mask_fill_edgewalk_nearestrow_qpath095_rows16_p40\txt_004\prediction.dst,datasets\public_benchmark_v1_ext33\text_render_5\txt_004_mask.png,excellent,0.0246597,3,0,0.0,0,20.6155,0.0,9055,11288,12771,9055,3716,11197,1574,1.0,0.709028,0.991938,0.876752,0.123248,2,2,90.0,0.04037938
txt_004,Rendered text,2026,public_benchmark_v1_ext33_mask_fill_edgewalk_nearestrow_quantvalid_rows16_p40,results\public_benchmark_v1_ext33_mask_fill_edgewalk_nearestrow_quantvalid_rows16_p40\txt_004\prediction.dst,datasets\public_benchmark_v1_ext33\text_render_5\txt_004_mask.png,excellent,0.0246597,3,0,0.0,0,20.6155,0.0,9055,11288,12771,9055,3716,11197,1574,1.0,0.709028,0.991938,0.876752,0.123248,2,2,90.0,0.04037938
txt_004,Rendered text,2026,public_benchmark_v1_ext33_mask_fill_edgewalk_nearestrow_rows16_p40,results\public_benchmark_v1_ext33_mask_fill_edgewalk_nearestrow_rows16_p40\txt_004\prediction.dst,datasets\public_benchmark_v1_ext33\text_render_5\txt_004_mask.png,excellent,0.0246597,3,0,0.0,0,20.6155,0.0,9055,11288,12771,9055,3716,11197,1574,1.0,0.709028,0.991938,0.876752,0.123248,2,2,90.0,0.04037938
txt_004,Rendered text,2026,public_benchmark_v1_ext33_mask_fill_edgewalk_nearestrow_safeadt_rows16_p40,results\public_benchmark_v1_ext33_mask_fill_edgewalk_nearestrow_safeadt_rows16_p40\txt_004\prediction.dst,datasets\public_benchmark_v1_ext33\text_render_5\txt_004_mask.png,excellent,0.02466871,3,0,0.0,0,20.8973,0.0,9055,11288,15032,9055,5977,11288,3744,1.0,0.602382,1.0,0.750931,0.249069,2,2,90.0,0.06051975
txt_004,Rendered text,2026,public_benchmark_v1_ext33_mask_fill_edgewalk_nearestrow_safeadt_t2m5_r035_a32_rows16_p40,results\public_benchmark_v1_ext33_mask_fill_edgewalk_nearestrow_safeadt_t2m5_r035_a32_rows16_p40\txt_004\prediction.dst,datasets\public_benchmark_v1_ext33\text_render_5\txt_004_mask.png,excellent,0.02466871,3,0,0.0,0,20.8973,0.0,9055,11288,15032,9055,5977,11288,3744,1.0,0.602382,1.0,0.750931,0.249069,2,2,90.0,0.06051975
txt_004,Rendered text,2026,public_benchmark_v1_ext33_mask_fill_edgewalk_nearestrow_safeadt_t2m5_r055_a64_rows16_p40,results\public_benchmark_v1_ext33_mask_fill_edgewalk_nearestrow_safeadt_t2m5_r055_a64_rows16_p40\txt_004\prediction.dst,datasets\public_benchmark_v1_ext33\text_render_5\txt_004_mask.png,excellent,0.02466871,3,0,0.0,0,20.8973,0.0,9055,11288,15032,9055,5977,11288,3744,1.0,0.602382,1.0,0.750931,0.249069,2,2,90.0,0.06051975
txt_004,Rendered text,2026,public_benchmark_v1_ext33_mask_fill_edgewalk_nearestrow_segvalid_rows16_p40,results\public_benchmark_v1_ext33_mask_fill_edgewalk_nearestrow_segvalid_rows16_p40\txt_004\prediction.dst,datasets\public_benchmark_v1_ext33\text_render_5\txt_004_mask.png,excellent,0.0246597,3,0,0.0,0,20.6155,0.0,9055,11288,12771,9055,3716,11197,1574,1.0,0.709028,0.991938,0.876752,0.123248,2,2,90.0,0.04037938
txt_004,Rendered text,2026,public_benchmark_v1_ext33_mask_fill_edgewalk_nearestrow_strict_p20_rows16,results\public_benchmark_v1_ext33_mask_fill_edgewalk_nearestrow_strict_p20_rows16\txt_004\prediction.dst,datasets\public_benchmark_v1_ext33\text_render_5\txt_004_mask.png,excellent,0.0246597,3,0,0.0,0,20.6155,0.0,9055,11288,12771,9055,3716,11197,1574,1.0,0.709028,0.991938,0.876752,0.123248,2,2,90.0,0.04037938
txt_004,Rendered text,2026,public_benchmark_v1_ext33_mask_fill_edgewalk_nearestrow_strict_p40_rows16,results\public_benchmark_v1_ext33_mask_fill_edgewalk_nearestrow_strict_p40_rows16\txt_004\prediction.dst,datasets\public_benchmark_v1_ext33\text_render_5\txt_004_mask.png,excellent,0.0246597,3,0,0.0,0,20.6155,0.0,9055,11288,12771,9055,3716,11197,1574,1.0,0.709028,0.991938,0.876752,0.123248,2,2,90.0,0.04037938
txt_004,Rendered text,2026,public_benchmark_v1_ext33_mask_fill_edgewalk_outline_ext_in2_rows16_p40,results\public_benchmark_v1_ext33_mask_fill_edgewalk_outline_ext_in2_rows16_p40\txt_004\prediction.dst,datasets\public_benchmark_v1_ext33\text_render_5\txt_004_mask.png,hard_fail,0.27850148,55,10,0.0,0,578.1713,0.0,9055,11288,13633,9055,4578,11279,2354,1.0,0.664197,0.999203,0.827331,0.172669,2,2,90.0,0.53012852
txt_004,Rendered text,2026,public_benchmark_v1_ext33_mask_fill_edgewalk_outline_ext_in3_rows16_p40,results\public_benchmark_v1_ext33_mask_fill_edgewalk_outline_ext_in3_rows16_p40\txt_004\prediction.dst,datasets\public_benchmark_v1_ext33\text_render_5\txt_004_mask.png,hard_fail,0.27850148,55,10,0.0,0,578.1713,0.0,9055,11288,13599,9055,4544,11264,2335,1.0,0.665858,0.997874,0.828296,0.171704,2,2,90.0,0.52997412
txt_004,Rendered text,2026,public_benchmark_v1_ext33_mask_fill_edgewalk_outline_ext_rows16_p40,results\public_benchmark_v1_ext33_mask_fill_edgewalk_outline_ext_rows16_p40\txt_004\prediction.dst,datasets\public_benchmark_v1_ext33\text_render_5\txt_004_mask.png,hard_fail,0.2785892,55,10,0.0,0,580.9126,0.0,9055,11288,13860,9055,4805,11288,2572,1.0,0.653319,1.0,0.81443,0.18557,2,2,90.0,0.5322804
txt_004,Rendered text,2026,public_benchmark_v1_ext33_mask_fill_edgewalk_outline_rows16_p40,results\public_benchmark_v1_ext33_mask_fill_edgewalk_outline_rows16_p40\txt_004\prediction.dst,datasets\public_benchmark_v1_ext33\text_render_5\txt_004_mask.png,hard_fail,0.2785892,55,10,0.0,0,580.9126,0.0,9055,11288,13861,9055,4806,11288,2573,1.0,0.653272,1.0,0.814371,0.185629,2,2,90.0,0.53228984
txt_004,Rendered text,2026,public_benchmark_v1_ext33_mask_fill_edgewalk_rows16_p24,results\public_benchmark_v1_ext33_mask_fill_edgewalk_rows16_p24\txt_004\prediction.dst,datasets\public_benchmark_v1_ext33\text_render_5\txt_004_mask.png,hard_fail,0.27081188,50,9,0.0,0,525.3713,0.0,9055,11288,13525,9055,4470,11252,2273,1.0,0.669501,0.996811,0.831941,0.168059,2,2,90.0,0.49970132
txt_004,Rendered text,2026,public_benchmark_v1_ext33_mask_fill_edgewalk_rows16_p40,results\public_benchmark_v1_ext33_mask_fill_edgewalk_rows16_p40\txt_004\prediction.dst,datasets\public_benchmark_v1_ext33\text_render_5\txt_004_mask.png,hard_fail,0.27081188,50,9,0.0,0,525.3713,0.0,9055,11288,13525,9055,4470,11252,2273,1.0,0.669501,0.996811,0.831941,0.168059,2,2,90.0,0.49970132
txt_004,Rendered text,2026,public_benchmark_v1_ext33_mask_fill_edgewalk_rows20_p24,results\public_benchmark_v1_ext33_mask_fill_edgewalk_rows20_p24\txt_004\prediction.dst,datasets\public_benchmark_v1_ext33\text_render_5\txt_004_mask.png,hard_fail,0.26262552,42,8,0.0,0,457.0475,0.0,9055,11288,13712,9053,4659,11244,2468,0.999779,0.660225,0.996102,0.820012,0.179988,2,2,90.0,0.4594236
txt_004,Rendered text,2026,public_benchmark_v1_ext33_mask_fill_edgewalk_satin_w4_s6_i3,results\public_benchmark_v1_ext33_mask_fill_edgewalk_satin_w4_s6_i3\txt_004\prediction.dst,datasets\public_benchmark_v1_ext33\text_render_5\txt_004_mask.png,hard_fail,0.28573997,58,11,0.0,0,616.874,0.0,9055,11288,13548,9055,4493,11266,2282,1.0,0.668364,0.998051,0.831562,0.168438,2,2,90.0,0.55069005
txt_004,Rendered text,2026,public_benchmark_v1_ext33_mask_fill_edgewalk_satin_w6_s5_i3,results\public_benchmark_v1_ext33_mask_fill_edgewalk_satin_w6_s5_i3\txt_004\prediction.dst,datasets\public_benchmark_v1_ext33\text_render_5\txt_004_mask.png,hard_fail,0.28568552,58,11,0.0,0,615.1726,0.0,9055,11288,13554,9055,4499,11271,2283,1.0,0.668068,0.998494,0.831563,0.168437,2,2,90.0,0.55063544
txt_004,Rendered text,2026,public_benchmark_v1_ext33_mask_fill_edgewalk_satin_w8_s7_i4,results\public_benchmark_v1_ext33_mask_fill_edgewalk_satin_w8_s7_i4\txt_004\prediction.dst,datasets\public_benchmark_v1_ext33\text_render_5\txt_004_mask.png,hard_fail,0.27807049,53,10,0.0,0,564.7029,0.0,9055,11288,13582,9055,4527,11259,2323,1.0,0.666691,0.997431,0.828965,0.171035,2,2,90.0,0.52143609
txt_004,Rendered text,2026,public_benchmark_v1_ext33_mask_fill_edgewalk_satinrail_w10_s8_i5,results\public_benchmark_v1_ext33_mask_fill_edgewalk_satinrail_w10_s8_i5\txt_004\prediction.dst,datasets\public_benchmark_v1_ext33\text_render_5\txt_004_mask.png,hard_fail,0.2780653,53,10,0.0,0,564.5405,0.0,9055,11288,13530,9055,4475,11255,2275,1.0,0.669254,0.997077,0.831855,0.168145,2,2,90.0,0.5209685
txt_004,Rendered text,2026,public_benchmark_v1_ext33_mask_fill_edgewalk_satinrail_w6_s6_i3,results\public_benchmark_v1_ext33_mask_fill_edgewalk_satinrail_w6_s6_i3\txt_004\prediction.dst,datasets\public_benchmark_v1_ext33\text_render_5\txt_004_mask.png,hard_fail,0.28576249,58,11,0.0,0,617.5778,0.0,9055,11288,13545,9055,4490,11268,2277,1.0,0.668512,0.998228,0.831894,0.168106,2,2,90.0,0.55065945
txt_004,Rendered text,2026,public_benchmark_v1_ext33_mask_fill_edgewalk_satinrail_w8_s7_i4,results\public_benchmark_v1_ext33_mask_fill_edgewalk_satinrail_w8_s7_i4\txt_004\prediction.dst,datasets\public_benchmark_v1_ext33\text_render_5\txt_004_mask.png,hard_fail,0.27807049,53,10,0.0,0,564.7029,0.0,9055,11288,13540,9055,4485,11257,2283,1.0,0.668759,0.997254,0.831388,0.168612,2,2,90.0,0.52104841
txt_004,Rendered text,2026,public_benchmark_v1_ext33_mask_fill_edgewalk_styleaware_r008_d45,results\public_benchmark_v1_ext33_mask_fill_edgewalk_styleaware_r008_d45\txt_004\prediction.dst,datasets\public_benchmark_v1_ext33\text_render_5\txt_004_mask.png,hard_fail,0.27081188,50,9,0.0,0,525.3713,0.0,9055,11288,13525,9055,4470,11252,2273,1.0,0.669501,0.996811,0.831941,0.168059,2,2,90.0,0.49970132
txt_004,Rendered text,2026,public_benchmark_v1_ext33_mask_fill_nearestrow_strict_short_rows16,results\public_benchmark_v1_ext33_mask_fill_nearestrow_strict_short_rows16\txt_004\prediction.dst,datasets\public_benchmark_v1_ext33\text_render_5\txt_004_mask.png,pass,0.12336772,15,0,0.0,0,105.2413,0.0,9055,11288,12487,9055,3432,11170,1317,1.0,0.725154,0.989546,0.89453,0.10547,2,2,90.0,0.18424292
txt_004,Rendered text,2026,public_benchmark_v1_ext33_mask_fill_rows12_c10,results\public_benchmark_v1_ext33_mask_fill_rows12_c10\txt_004\prediction.dst,datasets\public_benchmark_v1_ext33\text_render_5\txt_004_mask.png,hard_fail,0.36056944,190,17,0.0,0,1830.2949,0.0,9055,11288,12952,9055,3897,11288,1664,1.0,0.69912,1.0,0.871526,0.128474,2,2,90.0,1.15912528
txt_004,Rendered text,2026,public_benchmark_v1_ext33_mask_fill_rows12_c6,results\public_benchmark_v1_ext33_mask_fill_rows12_c6\txt_004\prediction.dst,datasets\public_benchmark_v1_ext33\text_render_5\txt_004_mask.png,hard_fail,0.37184304,229,17,0.0,0,2182.5949,0.0,9055,11288,12726,9055,3671,11288,1438,1.0,0.711535,1.0,0.887003,0.112997,2,2,90.0,1.32392256
txt_004,Rendered text,2026,public_benchmark_v1_ext33_mask_fill_rows16_c12_in025,results\public_benchmark_v1_ext33_mask_fill_rows16_c12_in025\txt_004\prediction.dst,datasets\public_benchmark_v1_ext33\text_render_5\txt_004_mask.png,hard_fail,0.31779668,112,9,1.4,0,1009.2713,0.0,9055,11288,12464,9055,3409,11161,1303,1.0,0.726492,0.988749,0.895459,0.104541,2,2,90.0,0.79852324
txt_004,Rendered text,2026,public_benchmark_v1_ext33_mask_fill_rows16_c12_in050,results\public_benchmark_v1_ext33_mask_fill_rows16_c12_in050\txt_004\prediction.dst,datasets\public_benchmark_v1_ext33\text_render_5\txt_004_mask.png,hard_fail,0.31779668,112,9,1.4,0,1009.2713,0.0,9055,11288,12464,9055,3409,11161,1303,1.0,0.726492,0.988749,0.895459,0.104541,2,2,90.0,0.79852324
txt_004,Rendered text,2026,public_benchmark_v1_ext33_mask_fill_rows16_c6,results\public_benchmark_v1_ext33_mask_fill_rows16_c6\txt_004\prediction.dst,datasets\public_benchmark_v1_ext33\text_render_5\txt_004_mask.png,hard_fail,0.29373988,137,9,0.0,0,1241.8713,0.0,9055,11288,12155,9055,3100,11158,997,1.0,0.744961,0.988483,0.917976,0.082024,2,2,90.0,0.85973988
txt_004,Rendered text,2026,public_benchmark_v1_ext33_mask_fill_rows20_c12_in050,results\public_benchmark_v1_ext33_mask_fill_rows20_c12_in050\txt_004\prediction.dst,datasets\public_benchmark_v1_ext33\text_render_5\txt_004_mask.png,hard_fail,0.30747912,90,8,1.4,0,874.3475,0.0,9055,11288,12627,9053,3574,11167,1460,0.999779,0.716956,0.989281,0.884375,0.115625,2,2,90.0,0.69997912
txt_005,Rendered text,HELLO,public_benchmark_v1_core20_auto_hybrid_skeleton_connect12_trimcap20,results\public_benchmark_v1_core20_auto_hybrid_skeleton_connect12_trimcap20\txt_005\prediction.dst,datasets\public_benchmark_v1_ext33\text_render_5\txt_005_mask.png,warning,0.13268864,16,0,0.0,0,146.52,0.0,9387,11821,6738,6129,609,6612,126,0.652924,0.909617,0.559344,0.9813,0.0187,2,2,90.0,0.26853344
txt_005,Rendered text,HELLO,public_benchmark_v1_core20_source_aware_hybrid_skeleton,results\public_benchmark_v1_core20_source_aware_hybrid_skeleton\txt_005\prediction.dst,datasets\public_benchmark_v1_ext33\text_render_5\txt_005_mask.png,hard_fail,0.24175299,35,5,0.0,0,367.2808,0.0,9387,11821,6686,6129,557,6612,74,0.652924,0.916692,0.559344,0.988932,0.011068,2,2,90.0,0.46359779
txt_005,Rendered text,HELLO,public_benchmark_v1_core20_source_aware_hybrid_skeleton_connect12,results\public_benchmark_v1_core20_source_aware_hybrid_skeleton_connect12\txt_005\prediction.dst,datasets\public_benchmark_v1_ext33\text_render_5\txt_005_mask.png,warning,0.13268864,16,0,0.0,0,146.52,0.0,9387,11821,6738,6129,609,6612,126,0.652924,0.909617,0.559344,0.9813,0.0187,2,2,90.0,0.26853344
txt_005,Rendered text,HELLO,public_benchmark_v1_core20_source_aware_hybrid_skeleton_connect12_trimcap20,results\public_benchmark_v1_core20_source_aware_hybrid_skeleton_connect12_trimcap20\txt_005\prediction.dst,datasets\public_benchmark_v1_ext33\text_render_5\txt_005_mask.png,warning,0.13268864,16,0,0.0,0,146.52,0.0,9387,11821,6738,6129,609,6612,126,0.652924,0.909617,0.559344,0.9813,0.0187,2,2,90.0,0.26853344
txt_005,Rendered text,HELLO,public_benchmark_v1_ext33_all_skeleton_connect20_trimcap20,results\public_benchmark_v1_ext33_all_skeleton_connect20_trimcap20\txt_005\prediction.dst,datasets\public_benchmark_v1_ext33\text_render_5\txt_005_mask.png,excellent,0.07470171,9,0,0.0,0,84.4284,0.0,9387,11821,7425,6489,936,7127,298,0.691275,0.873939,0.60291,0.959865,0.040135,2,2,90.0,0.17425051
txt_005,Rendered text,HELLO,public_benchmark_v1_ext33_all_skeleton_connect30_min12_trimcap20,results\public_benchmark_v1_ext33_all_skeleton_connect30_min12_trimcap20\txt_005\prediction.dst,datasets\public_benchmark_v1_ext33\text_render_5\txt_005_mask.png,excellent,0.05804891,7,0,0.0,0,64.0284,0.0,9387,11821,7759,6675,1084,7410,349,0.71109,0.860291,0.626851,0.95502,0.04498,2,2,90.0,0.14513959
txt_005,Rendered text,HELLO,public_benchmark_v1_ext33_all_skeleton_connect30_min20_trimcap20,results\public_benchmark_v1_ext33_all_skeleton_connect30_min20_trimcap20\txt_005\prediction.dst,datasets\public_benchmark_v1_ext33\text_render_5\txt_005_mask.png,excellent,0.05804891,7,0,0.0,0,64.0284,0.0,9387,11821,7453,6396,1057,7114,339,0.681368,0.858178,0.60181,0.954515,0.045485,2,2,90.0,0.15052227
txt_005,Rendered text,HELLO,public_benchmark_v1_ext33_all_skeleton_connect30_min8_trimcap20,results\public_benchmark_v1_ext33_all_skeleton_connect30_min8_trimcap20\txt_005\prediction.dst,datasets\public_benchmark_v1_ext33\text_render_5\txt_005_mask.png,excellent,0.05804891,7,0,0.0,0,64.0284,0.0,9387,11821,7759,6675,1084,7410,349,0.71109,0.860291,0.626851,0.95502,0.04498,2,2,90.0,0.14513959
txt_005,Rendered text,HELLO,public_benchmark_v1_ext33_all_skeleton_connect30_trimcap20,results\public_benchmark_v1_ext33_all_skeleton_connect30_trimcap20\txt_005\prediction.dst,datasets\public_benchmark_v1_ext33\text_render_5\txt_005_mask.png,excellent,0.05804891,7,0,0.0,0,64.0284,0.0,9387,11821,7759,6675,1084,7410,349,0.71109,0.860291,0.626851,0.95502,0.04498,2,2,90.0,0.14513959
txt_005,Rendered text,HELLO,public_benchmark_v1_ext33_auto_hybrid_evalrepair_r10_c20_trimcap20,results\public_benchmark_v1_ext33_auto_hybrid_evalrepair_r10_c20_trimcap20\txt_005\prediction.dst,datasets\public_benchmark_v1_ext33\text_render_5\txt_005_mask.png,excellent,0.07470171,9,0,0.0,0,84.4284,0.0,9387,11821,7425,6489,936,7127,298,0.691275,0.873939,0.60291,0.959865,0.040135,2,2,90.0,0.17425051
txt_005,Rendered text,HELLO,public_benchmark_v1_ext33_auto_hybrid_evalrepair_r10_inside085_c20_trimcap20,results\public_benchmark_v1_ext33_auto_hybrid_evalrepair_r10_inside085_c20_trimcap20\txt_005\prediction.dst,datasets\public_benchmark_v1_ext33\text_render_5\txt_005_mask.png,excellent,0.07470171,9,0,0.0,0,84.4284,0.0,9387,11821,7425,6489,936,7127,298,0.691275,0.873939,0.60291,0.959865,0.040135,2,2,90.0,0.17425051
txt_005,Rendered text,HELLO,public_benchmark_v1_ext33_auto_hybrid_evalrepair_r10_inside090_c20_trimcap20,results\public_benchmark_v1_ext33_auto_hybrid_evalrepair_r10_inside090_c20_trimcap20\txt_005\prediction.dst,datasets\public_benchmark_v1_ext33\text_render_5\txt_005_mask.png,excellent,0.07470171,9,0,0.0,0,84.4284,0.0,9387,11821,7425,6489,936,7127,298,0.691275,0.873939,0.60291,0.959865,0.040135,2,2,90.0,0.17425051
txt_005,Rendered text,HELLO,public_benchmark_v1_ext33_auto_hybrid_evalrepair_r15_c20_trimcap20,results\public_benchmark_v1_ext33_auto_hybrid_evalrepair_r15_c20_trimcap20\txt_005\prediction.dst,datasets\public_benchmark_v1_ext33\text_render_5\txt_005_mask.png,excellent,0.07470171,9,0,0.0,0,84.4284,0.0,9387,11821,7425,6489,936,7127,298,0.691275,0.873939,0.60291,0.959865,0.040135,2,2,90.0,0.17425051
txt_005,Rendered text,HELLO,public_benchmark_v1_ext33_auto_hybrid_evalrepair_r15_inside090_c20_trimcap20,results\public_benchmark_v1_ext33_auto_hybrid_evalrepair_r15_inside090_c20_trimcap20\txt_005\prediction.dst,datasets\public_benchmark_v1_ext33\text_render_5\txt_005_mask.png,excellent,0.07470171,9,0,0.0,0,84.4284,0.0,9387,11821,7425,6489,936,7127,298,0.691275,0.873939,0.60291,0.959865,0.040135,2,2,90.0,0.17425051
txt_005,Rendered text,HELLO,public_benchmark_v1_ext33_auto_hybrid_r10_c16_trimcap20,results\public_benchmark_v1_ext33_auto_hybrid_r10_c16_trimcap20\txt_005\prediction.dst,datasets\public_benchmark_v1_ext33\text_render_5\txt_005_mask.png,pass,0.10783794,13,0,0.0,0,119.9356,0.0,9387,11821,6987,6305,682,6844,143,0.671674,0.90239,0.57897,0.979533,0.020467,2,2,90.0,0.22782762
txt_005,Rendered text,HELLO,public_benchmark_v1_ext33_auto_hybrid_r10_c20_trimcap20,results\public_benchmark_v1_ext33_auto_hybrid_r10_c20_trimcap20\txt_005\prediction.dst,datasets\public_benchmark_v1_ext33\text_render_5\txt_005_mask.png,excellent,0.07470171,9,0,0.0,0,84.4284,0.0,9387,11821,7425,6489,936,7127,298,0.691275,0.873939,0.60291,0.959865,0.040135,2,2,90.0,0.17425051
txt_005,Rendered text,HELLO,public_benchmark_v1_ext33_auto_hybrid_r125_c16_trimcap20,results\public_benchmark_v1_ext33_auto_hybrid_r125_c16_trimcap20\txt_005\prediction.dst,datasets\public_benchmark_v1_ext33\text_render_5\txt_005_mask.png,pass,0.10783794,13,0,0.0,0,119.9356,0.0,9387,11821,6987,6305,682,6844,143,0.671674,0.90239,0.57897,0.979533,0.020467,2,2,90.0,0.22782762
txt_005,Rendered text,HELLO,public_benchmark_v1_ext33_auto_hybrid_r125_c20_trimcap20,results\public_benchmark_v1_ext33_auto_hybrid_r125_c20_trimcap20\txt_005\prediction.dst,datasets\public_benchmark_v1_ext33\text_render_5\txt_005_mask.png,excellent,0.07470171,9,0,0.0,0,84.4284,0.0,9387,11821,7425,6489,936,7127,298,0.691275,0.873939,0.60291,0.959865,0.040135,2,2,90.0,0.17425051
txt_005,Rendered text,HELLO,public_benchmark_v1_ext33_auto_hybrid_skeleton_connect12_trimcap20,results\public_benchmark_v1_ext33_auto_hybrid_skeleton_connect12_trimcap20\txt_005\prediction.dst,datasets\public_benchmark_v1_ext33\text_render_5\txt_005_mask.png,warning,0.13268864,16,0,0.0,0,146.52,0.0,9387,11821,6738,6129,609,6612,126,0.652924,0.909617,0.559344,0.9813,0.0187,2,2,90.0,0.26853344
txt_005,Rendered text,HELLO,public_benchmark_v1_ext33_b0_m2_1_globalrepair20,results\public_benchmark_v1_ext33_b0_m2_1_globalrepair20\txt_005\prediction.dst,datasets\public_benchmark_v1_ext33\text_render_5\txt_005_mask.png,hard_fail,0.41910319,66,11,4.7286,1,412.7444,3.4176,9387,11821,10511,8231,2280,9834,677,0.876851,0.783084,0.831909,0.935591,0.064409,2,2,90.0,0.85361203
txt_005,Rendered text,HELLO,public_benchmark_v1_ext33_m2_4_coverage_rerank,results\public_benchmark_v1_ext33_m2_4_coverage_rerank\txt_005\prediction.dst,datasets\public_benchmark_v1_ext33\text_render_5\txt_005_mask.png,excellent,0.07470171,9,0,0.0,0,84.4284,0.0,9387,11821,7425,6489,936,7127,298,0.691275,0.873939,0.60291,0.959865,0.040135,2,2,90.0,0.17425051
txt_005,Rendered text,HELLO,public_benchmark_v1_ext33_m2_4_coverage_rerank_connect30,results\public_benchmark_v1_ext33_m2_4_coverage_rerank_connect30\txt_005\prediction.dst,datasets\public_benchmark_v1_ext33\text_render_5\txt_005_mask.png,excellent,0.05804891,7,0,0.0,0,64.0284,0.0,9387,11821,7759,6675,1084,7410,349,0.71109,0.860291,0.626851,0.95502,0.04498,2,2,90.0,0.14513959
txt_005,Rendered text,HELLO,public_benchmark_v1_ext33_m2_4_coverage_rerank_min12,results\public_benchmark_v1_ext33_m2_4_coverage_rerank_min12\txt_005\prediction.dst,datasets\public_benchmark_v1_ext33\text_render_5\txt_005_mask.png,excellent,0.05804891,7,0,0.0,0,64.0284,0.0,9387,11821,7759,6675,1084,7410,349,0.71109,0.860291,0.626851,0.95502,0.04498,2,2,90.0,0.14513959
txt_005,Rendered text,HELLO,public_benchmark_v1_ext33_m2_4_coverage_rerank_min20,results\public_benchmark_v1_ext33_m2_4_coverage_rerank_min20\txt_005\prediction.dst,datasets\public_benchmark_v1_ext33\text_render_5\txt_005_mask.png,excellent,0.05804891,7,0,0.0,0,64.0284,0.0,9387,11821,7453,6396,1057,7114,339,0.681368,0.858178,0.60181,0.954515,0.045485,2,2,90.0,0.15052227
txt_005,Rendered text,HELLO,public_benchmark_v1_ext33_m2_4_coverage_rerank_min8,results\public_benchmark_v1_ext33_m2_4_coverage_rerank_min8\txt_005\prediction.dst,datasets\public_benchmark_v1_ext33\text_render_5\txt_005_mask.png,excellent,0.05804891,7,0,0.0,0,64.0284,0.0,9387,11821,7759,6675,1084,7410,349,0.71109,0.860291,0.626851,0.95502,0.04498,2,2,90.0,0.14513959
txt_005,Rendered text,HELLO,public_benchmark_v1_ext33_m2_51_sweeptuned_gate_balanced_applied,results\public_benchmark_v1_ext33_m2_51_sweeptuned_gate_balanced_applied\txt_005\prediction.dst,datasets\public_benchmark_v1_ext33\text_render_5\txt_005_mask.png,excellent,0.03295144,4,0,0.0,0,29.7326,0.0,9387,11821,15825,9387,6438,11821,4004,1.0,0.593175,1.0,0.746983,0.253017,2,2,90.0,0.07343416
txt_005,Rendered text,HELLO,public_benchmark_v1_ext33_m2_51_sweeptuned_gate_low_jump_applied,results\public_benchmark_v1_ext33_m2_51_sweeptuned_gate_low_jump_applied\txt_005\prediction.dst,datasets\public_benchmark_v1_ext33\text_render_5\txt_005_mask.png,excellent,0.03295144,4,0,0.0,0,29.7326,0.0,9387,11821,15825,9387,6438,11821,4004,1.0,0.593175,1.0,0.746983,0.253017,2,2,90.0,0.07343416
txt_005,Rendered text,HELLO,public_benchmark_v1_ext33_m2_55_line_domain_guard_low_jump,results\public_benchmark_v1_ext33_m2_55_line_domain_guard_low_jump\txt_005\prediction.dst,datasets\public_benchmark_v1_ext33\text_render_5\txt_005_mask.png,excellent,0.03295144,4,0,0.0,0,29.7326,0.0,9387,11821,15825,9387,6438,11821,4004,1.0,0.593175,1.0,0.746983,0.253017,2,2,90.0,0.07343416
txt_005,Rendered text,HELLO,public_benchmark_v1_ext33_m2_56_line_stroke_d0_c12_i090,results\public_benchmark_v1_ext33_m2_56_line_stroke_d0_c12_i090\txt_005\prediction.dst,datasets\public_benchmark_v1_ext33\text_render_5\txt_005_mask.png,warning,0.14082304,17,0,0.0,0,150.72,0.0,9387,11821,6686,6129,557,6612,74,0.652924,0.916692,0.559344,0.988932,0.011068,2,2,90.0,0.28066784
txt_005,Rendered text,HELLO,public_benchmark_v1_ext33_m2_56_line_stroke_d0_c12_i090_min12,results\public_benchmark_v1_ext33_m2_56_line_stroke_d0_c12_i090_min12\txt_005\prediction.dst,datasets\public_benchmark_v1_ext33\text_render_5\txt_005_mask.png,warning,0.14082304,17,0,0.0,0,150.72,0.0,9387,11821,6686,6129,557,6612,74,0.652924,0.916692,0.559344,0.988932,0.011068,2,2,90.0,0.28066784
txt_005,Rendered text,HELLO,public_benchmark_v1_ext33_m2_56_line_stroke_d0_c12_i090_min20,results\public_benchmark_v1_ext33_m2_56_line_stroke_d0_c12_i090_min20\txt_005\prediction.dst,datasets\public_benchmark_v1_ext33\text_render_5\txt_005_mask.png,pass,0.12434002,15,0,0.0,0,135.6257,0.0,9387,11821,6514,5957,557,6440,74,0.634601,0.914492,0.544793,0.98864,0.01136,2,2,90.0,0.25939678
txt_005,Rendered text,HELLO,public_benchmark_v1_ext33_m2_56_line_stroke_d0_c12_i090_min30,results\public_benchmark_v1_ext33_m2_56_line_stroke_d0_c12_i090_min30\txt_005\prediction.dst,datasets\public_benchmark_v1_ext33\text_render_5\txt_005_mask.png,pass,0.12434002,15,0,0.0,0,135.6257,0.0,9387,11821,6514,5957,557,6440,74,0.634601,0.914492,0.544793,0.98864,0.01136,2,2,90.0,0.25939678
txt_005,Rendered text,HELLO,public_benchmark_v1_ext33_m2_56_line_stroke_d0_c8_i095,results\public_benchmark_v1_ext33_m2_56_line_stroke_d0_c8_i095\txt_005\prediction.dst,datasets\public_benchmark_v1_ext33\text_render_5\txt_005_mask.png,warning,0.14082304,17,0,0.0,0,150.72,0.0,9387,11821,6686,6129,557,6612,74,0.652924,0.916692,0.559344,0.988932,0.011068,2,2,90.0,0.28066784
txt_005,Rendered text,HELLO,public_benchmark_v1_ext33_m2_56_line_stroke_d1_c10_i090,results\public_benchmark_v1_ext33_m2_56_line_stroke_d1_c10_i090\txt_005\prediction.dst,datasets\public_benchmark_v1_ext33\text_render_5\txt_005_mask.png,warning,0.14082304,17,0,0.0,0,150.72,0.0,9387,11821,6686,6129,557,6612,74,0.652924,0.916692,0.559344,0.988932,0.011068,2,2,90.0,0.28066784
txt_005,Rendered text,HELLO,public_benchmark_v1_ext33_m2_56_line_stroke_d1_c12_i090_min20,results\public_benchmark_v1_ext33_m2_56_line_stroke_d1_c12_i090_min20\txt_005\prediction.dst,datasets\public_benchmark_v1_ext33\text_render_5\txt_005_mask.png,pass,0.12434002,15,0,0.0,0,135.6257,0.0,9387,11821,6514,5957,557,6440,74,0.634601,0.914492,0.544793,0.98864,0.01136,2,2,90.0,0.25939678
txt_005,Rendered text,HELLO,public_benchmark_v1_ext33_m2_56_line_stroke_d1_c6_i095,results\public_benchmark_v1_ext33_m2_56_line_stroke_d1_c6_i095\txt_005\prediction.dst,datasets\public_benchmark_v1_ext33\text_render_5\txt_005_mask.png,warning,0.14082304,17,0,0.0,0,150.72,0.0,9387,11821,6686,6129,557,6612,74,0.652924,0.916692,0.559344,0.988932,0.011068,2,2,90.0,0.28066784
txt_005,Rendered text,HELLO,public_benchmark_v1_ext33_m2_56_line_stroke_d2_c12_i085_min20,results\public_benchmark_v1_ext33_m2_56_line_stroke_d2_c12_i085_min20\txt_005\prediction.dst,datasets\public_benchmark_v1_ext33\text_render_5\txt_005_mask.png,pass,0.12434002,15,0,0.0,0,135.6257,0.0,9387,11821,6514,5957,557,6440,74,0.634601,0.914492,0.544793,0.98864,0.01136,2,2,90.0,0.25939678
txt_005,Rendered text,HELLO,public_benchmark_v1_ext33_m2_56_line_stroke_d3_c18,results\public_benchmark_v1_ext33_m2_56_line_stroke_d3_c18\txt_005\prediction.dst,datasets\public_benchmark_v1_ext33\text_render_5\txt_005_mask.png,hard_fail,0.35490951,9,0,14.9745,4,84.4284,10.1039,9387,11821,7425,6489,936,7127,298,0.691275,0.873939,0.60291,0.959865,0.040135,2,2,90.0,0.92420331
txt_005,Rendered text,HELLO,public_benchmark_v1_ext33_m2_56_line_stroke_selector_probe,results\public_benchmark_v1_ext33_m2_56_line_stroke_selector_probe\txt_005\prediction.dst,datasets\public_benchmark_v1_ext33\text_render_5\txt_005_mask.png,excellent,0.03295144,4,0,0.0,0,29.7326,0.0,9387,11821,15825,9387,6438,11821,4004,1.0,0.593175,1.0,0.746983,0.253017,2,2,90.0,0.07343416
txt_005,Rendered text,HELLO,public_benchmark_v1_ext33_m2_57_topology_open_d0_c12_i090_min12,results\public_benchmark_v1_ext33_m2_57_topology_open_d0_c12_i090_min12\txt_005\prediction.dst,datasets\public_benchmark_v1_ext33\text_render_5\txt_005_mask.png,warning,0.14727043,17,1,0.0,0,164.7009,0.0,9387,11821,6686,6129,557,6612,74,0.652924,0.916692,0.559344,0.988932,0.011068,2,2,90.0,0.28911523
txt_005,Rendered text,HELLO,public_benchmark_v1_ext33_m2_57_topology_open_d0_c12_i090_min20,results\public_benchmark_v1_ext33_m2_57_topology_open_d0_c12_i090_min20\txt_005\prediction.dst,datasets\public_benchmark_v1_ext33\text_render_5\txt_005_mask.png,warning,0.13863393,16,1,0.0,0,144.8104,0.0,9387,11821,6514,5957,557,6440,74,0.634601,0.914492,0.544793,0.98864,0.01136,2,2,90.0,0.27969069
txt_005,Rendered text,HELLO,public_benchmark_v1_ext33_m2_57_topology_open_d0_c12_i090_min30,results\public_benchmark_v1_ext33_m2_57_topology_open_d0_c12_i090_min30\txt_005\prediction.dst,datasets\public_benchmark_v1_ext33\text_render_5\txt_005_mask.png,warning,0.13863393,16,1,0.0,0,144.8104,0.0,9387,11821,6514,5957,557,6440,74,0.634601,0.914492,0.544793,0.98864,0.01136,2,2,90.0,0.27969069
txt_005,Rendered text,HELLO,public_benchmark_v1_ext33_m2_57_topology_open_d0_c16_i085_min20,results\public_benchmark_v1_ext33_m2_57_topology_open_d0_c16_i085_min20\txt_005\prediction.dst,datasets\public_benchmark_v1_ext33\text_render_5\txt_005_mask.png,warning,0.13863393,16,1,0.0,0,144.8104,0.0,9387,11821,6514,5957,557,6440,74,0.634601,0.914492,0.544793,0.98864,0.01136,2,2,90.0,0.27969069
txt_005,Rendered text,HELLO,public_benchmark_v1_ext33_m2_57_topology_open_d0_c20_i080_min30,results\public_benchmark_v1_ext33_m2_57_topology_open_d0_c20_i080_min30\txt_005\prediction.dst,datasets\public_benchmark_v1_ext33\text_render_5\txt_005_mask.png,warning,0.13863393,16,1,0.0,0,144.8104,0.0,9387,11821,6514,5957,557,6440,74,0.634601,0.914492,0.544793,0.98864,0.01136,2,2,90.0,0.27969069
txt_005,Rendered text,HELLO,public_benchmark_v1_ext33_m2_57_topology_open_d0_c20_i080_min40,results\public_benchmark_v1_ext33_m2_57_topology_open_d0_c20_i080_min40\txt_005\prediction.dst,datasets\public_benchmark_v1_ext33\text_render_5\txt_005_mask.png,pass,0.113917,13,1,0.0,0,122.4062,0.0,9387,11821,5919,5427,492,5856,63,0.57814,0.916878,0.49539,0.989356,0.010644,2,2,90.0,0.253419
txt_005,Rendered text,HELLO,public_benchmark_v1_ext33_m2_57_topology_open_d0_c24_i075_min40,results\public_benchmark_v1_ext33_m2_57_topology_open_d0_c24_i075_min40\txt_005\prediction.dst,datasets\public_benchmark_v1_ext33\text_render_5\txt_005_mask.png,pass,0.113917,13,1,0.0,0,122.4062,0.0,9387,11821,5919,5427,492,5856,63,0.57814,0.916878,0.49539,0.989356,0.010644,2,2,90.0,0.253419
txt_005,Rendered text,HELLO,public_benchmark_v1_ext33_m2_57_topology_open_d0_c24_i075_min60,results\public_benchmark_v1_ext33_m2_57_topology_open_d0_c24_i075_min60\txt_005\prediction.dst,datasets\public_benchmark_v1_ext33\text_render_5\txt_005_mask.png,excellent,0.08893463,10,1,0.0,0,91.7073,0.0,9387,11821,4500,4047,453,4437,63,0.431128,0.899333,0.375349,0.986,0.014,2,2,90.0,0.24260251
txt_005,Rendered text,HELLO,public_benchmark_v1_ext33_m2_57_topology_open_d0_c30_i070_min100,results\public_benchmark_v1_ext33_m2_57_topology_open_d0_c30_i070_min100\txt_005\prediction.dst,datasets\public_benchmark_v1_ext33\text_render_5\txt_005_mask.png,excellent,0.0494298,6,0,0.0,0,44.6813,0.0,9387,11821,3580,3255,325,3537,43,0.346756,0.909218,0.299213,0.987989,0.012011,2,2,90.0,0.20098376
txt_005,Rendered text,HELLO,public_benchmark_v1_ext33_m2_57_topology_open_d0_c30_i070_min80,results\public_benchmark_v1_ext33_m2_57_topology_open_d0_c30_i070_min80\txt_005\prediction.dst,datasets\public_benchmark_v1_ext33\text_render_5\txt_005_mask.png,excellent,0.08893463,10,1,0.0,0,91.7073,0.0,9387,11821,4500,4047,453,4437,63,0.431128,0.899333,0.375349,0.986,0.014,2,2,90.0,0.24260251
txt_005,Rendered text,HELLO,public_benchmark_v1_ext33_m2_57_topology_open_d1_c16_i085_min20,results\public_benchmark_v1_ext33_m2_57_topology_open_d1_c16_i085_min20\txt_005\prediction.dst,datasets\public_benchmark_v1_ext33\text_render_5\txt_005_mask.png,warning,0.13863393,16,1,0.0,0,144.8104,0.0,9387,11821,6514,5957,557,6440,74,0.634601,0.914492,0.544793,0.98864,0.01136,2,2,90.0,0.27969069
txt_005,Rendered text,HELLO,public_benchmark_v1_ext33_m2_57_topology_open_d1_c20_i080_min20,results\public_benchmark_v1_ext33_m2_57_topology_open_d1_c20_i080_min20\txt_005\prediction.dst,datasets\public_benchmark_v1_ext33\text_render_5\txt_005_mask.png,pass,0.18600598,15,1,2.4752,0,134.8119,0.0,9387,11821,6635,6012,623,6528,107,0.64046,0.906104,0.552238,0.983873,0.016127,2,2,90.0,0.34645262
txt_005,Rendered text,HELLO,public_benchmark_v1_ext33_m2_57_topology_open_d1_c24_i070_min60,results\public_benchmark_v1_ext33_m2_57_topology_open_d1_c24_i070_min60\txt_005\prediction.dst,datasets\public_benchmark_v1_ext33\text_render_5\txt_005_mask.png,excellent,0.08893463,10,1,0.0,0,91.7073,0.0,9387,11821,4500,4047,453,4437,63,0.431128,0.899333,0.375349,0.986,0.014,2,2,90.0,0.24260251
txt_005,Rendered text,HELLO,public_benchmark_v1_ext33_m2_57_topology_open_d1_c24_i075_min40,results\public_benchmark_v1_ext33_m2_57_topology_open_d1_c24_i075_min40\txt_005\prediction.dst,datasets\public_benchmark_v1_ext33\text_render_5\txt_005_mask.png,pass,0.22200264,12,1,3.7248,1,110.4555,2.9967,9387,11821,6066,5497,569,5960,106,0.585597,0.906198,0.504187,0.982526,0.017474,2,2,90.0,0.47310044
txt_005,Rendered text,HELLO,public_benchmark_v1_ext33_m2_57_topology_open_d1_c30_i065_min80,results\public_benchmark_v1_ext33_m2_57_topology_open_d1_c30_i065_min80\txt_005\prediction.dst,datasets\public_benchmark_v1_ext33\text_render_5\txt_005_mask.png,pass,0.18696478,9,1,3.3001,1,86.4271,2.6401,9387,11821,4544,4050,494,4456,88,0.431448,0.891285,0.376956,0.980634,0.019366,2,2,90.0,0.44941522
txt_005,Rendered text,HELLO,public_benchmark_v1_ext33_m2_57_topology_open_d2_c20_i075_min20,results\public_benchmark_v1_ext33_m2_57_topology_open_d2_c20_i075_min20\txt_005\prediction.dst,datasets\public_benchmark_v1_ext33\text_render_5\txt_005_mask.png,hard_fail,0.35862154,13,1,10.1883,2,113.8314,5.8228,9387,11821,6844,6093,751,6654,190,0.649089,0.890269,0.562897,0.972238,0.027762,2,2,90.0,0.74622978
txt_005,Rendered text,HELLO,public_benchmark_v1_ext33_m2_57_topology_relative_rescue,results\public_benchmark_v1_ext33_m2_57_topology_relative_rescue\txt_005\prediction.dst,datasets\public_benchmark_v1_ext33\text_render_5\txt_005_mask.png,excellent,0.03295144,4,0,0.0,0,29.7326,0.0,9387,11821,15825,9387,6438,11821,4004,1.0,0.593175,1.0,0.746983,0.253017,2,2,90.0,0.07343416
txt_005,Rendered text,HELLO,public_benchmark_v1_ext33_m2_57_topology_selector_probe_min100,results\public_benchmark_v1_ext33_m2_57_topology_selector_probe_min100\txt_005\prediction.dst,datasets\public_benchmark_v1_ext33\text_render_5\txt_005_mask.png,excellent,0.03295144,4,0,0.0,0,29.7326,0.0,9387,11821,15825,9387,6438,11821,4004,1.0,0.593175,1.0,0.746983,0.253017,2,2,90.0,0.07343416
txt_005,Rendered text,HELLO,public_benchmark_v1_ext33_m2_57_topology_selector_probe_min100_j14,results\public_benchmark_v1_ext33_m2_57_topology_selector_probe_min100_j14\txt_005\prediction.dst,datasets\public_benchmark_v1_ext33\text_render_5\txt_005_mask.png,excellent,0.03295144,4,0,0.0,0,29.7326,0.0,9387,11821,15825,9387,6438,11821,4004,1.0,0.593175,1.0,0.746983,0.253017,2,2,90.0,0.07343416
txt_005,Rendered text,HELLO,public_benchmark_v1_ext33_m2_58_coverage_aware_relative_rescue,results\public_benchmark_v1_ext33_m2_58_coverage_aware_relative_rescue\txt_005\prediction.dst,datasets\public_benchmark_v1_ext33\text_render_5\txt_005_mask.png,excellent,0.03295144,4,0,0.0,0,29.7326,0.0,9387,11821,15825,9387,6438,11821,4004,1.0,0.593175,1.0,0.746983,0.253017,2,2,90.0,0.07343416
txt_005,Rendered text,HELLO,public_benchmark_v1_ext33_m2_59_anchored_quality_rescue_selector,results\public_benchmark_v1_ext33_m2_59_anchored_quality_rescue_selector\txt_005\prediction.dst,datasets\public_benchmark_v1_ext33\text_render_5\txt_005_mask.png,excellent,0.03295144,4,0,0.0,0,29.7326,0.0,9387,11821,15825,9387,6438,11821,4004,1.0,0.593175,1.0,0.746983,0.253017,2,2,90.0,0.07343416
txt_005,Rendered text,HELLO,public_benchmark_v1_ext33_m2_59_grouped_topology_g_d0_c16_i085_s4_min12_p80,results\public_benchmark_v1_ext33_m2_59_grouped_topology_g_d0_c16_i085_s4_min12_p80\txt_005\prediction.dst,datasets\public_benchmark_v1_ext33\text_render_5\txt_005_mask.png,pass,0.12256349,14,1,0.0,0,142.609,0.0,9387,11821,7025,6330,695,6916,109,0.674337,0.901068,0.58506,0.984484,0.015516,2,2,90.0,0.24760933
txt_005,Rendered text,HELLO,public_benchmark_v1_ext33_m2_59_grouped_topology_g_d0_c16_i090_s3_min20_p80,results\public_benchmark_v1_ext33_m2_59_grouped_topology_g_d0_c16_i090_s3_min20_p80\txt_005\prediction.dst,datasets\public_benchmark_v1_ext33\text_render_5\txt_005_mask.png,pass,0.11392699,13,1,0.0,0,122.7184,0.0,9387,11821,6853,6158,695,6744,109,0.656014,0.898585,0.57051,0.984095,0.015905,2,2,90.0,0.23818467
txt_005,Rendered text,HELLO,public_benchmark_v1_ext33_m2_59_grouped_topology_g_d0_c18_i092_s4_min12_p100,results\public_benchmark_v1_ext33_m2_59_grouped_topology_g_d0_c18_i092_s4_min12_p100\txt_005\prediction.dst,datasets\public_benchmark_v1_ext33\text_render_5\txt_005_mask.png,pass,0.12256349,14,1,0.0,0,142.609,0.0,9387,11821,7025,6330,695,6916,109,0.674337,0.901068,0.58506,0.984484,0.015516,2,2,90.0,0.24760933
txt_005,Rendered text,HELLO,public_benchmark_v1_ext33_m2_59_grouped_topology_g_d0_c18_i095_s3_min12_p120,results\public_benchmark_v1_ext33_m2_59_grouped_topology_g_d0_c18_i095_s3_min12_p120\txt_005\prediction.dst,datasets\public_benchmark_v1_ext33\text_render_5\txt_005_mask.png,pass,0.12256349,14,1,0.0,0,142.609,0.0,9387,11821,7025,6330,695,6916,109,0.674337,0.901068,0.58506,0.984484,0.015516,2,2,90.0,0.24760933
txt_005,Rendered text,HELLO,public_benchmark_v1_ext33_m2_59_grouped_topology_g_d0_c20_i080_s5_min12_p80,results\public_benchmark_v1_ext33_m2_59_grouped_topology_g_d0_c20_i080_s5_min12_p80\txt_005\prediction.dst,datasets\public_benchmark_v1_ext33\text_render_5\txt_005_mask.png,warning,0.21296155,13,1,4.408,0,118.1733,0.0,9387,11821,7359,6543,816,7183,176,0.697028,0.889115,0.607647,0.976084,0.023916,2,2,90.0,0.37356167
txt_005,Rendered text,HELLO,public_benchmark_v1_ext33_m2_59_grouped_topology_g_d0_c20_i090_s4_min12_p100,results\public_benchmark_v1_ext33_m2_59_grouped_topology_g_d0_c20_i090_s4_min12_p100\txt_005\prediction.dst,datasets\public_benchmark_v1_ext33\text_render_5\txt_005_mask.png,pass,0.14607452,13,1,1.408,0,137.3288,0.0,9387,11821,7152,6417,735,7021,131,0.683605,0.897232,0.593943,0.981683,0.018317,2,2,90.0,0.27939296
txt_005,Rendered text,HELLO,public_benchmark_v1_ext33_m2_59_grouped_topology_g_d0_c20_i095_s4_min12_p100,results\public_benchmark_v1_ext33_m2_59_grouped_topology_g_d0_c20_i095_s4_min12_p100\txt_005\prediction.dst,datasets\public_benchmark_v1_ext33\text_render_5\txt_005_mask.png,pass,0.12256349,14,1,0.0,0,142.609,0.0,9387,11821,7025,6330,695,6916,109,0.674337,0.901068,0.58506,0.984484,0.015516,2,2,90.0,0.24760933
txt_005,Rendered text,HELLO,public_benchmark_v1_ext33_m2_59_grouped_topology_g_d0_c24_i075_s6_min20_p80,results\public_benchmark_v1_ext33_m2_59_grouped_topology_g_d0_c24_i075_s6_min20_p80\txt_005\prediction.dst,datasets\public_benchmark_v1_ext33\text_render_5\txt_005_mask.png,warning,0.23895083,11,1,4.8683,1,101.7379,2.7459,9387,11821,7171,6340,831,6987,184,0.675402,0.884117,0.591067,0.974341,0.025659,2,2,90.0,0.47987363
txt_005,Rendered text,HELLO,public_benchmark_v1_ext33_m2_59_grouped_topology_g_d0_c30_i070_s8_min30_p100,results\public_benchmark_v1_ext33_m2_59_grouped_topology_g_d0_c30_i070_s8_min30_p100\txt_005\prediction.dst,datasets\public_benchmark_v1_ext33\text_render_5\txt_005_mask.png,hard_fail,0.33641703,7,0,11.2194,3,69.1697,9.1018,9387,11821,7514,6453,1061,7187,327,0.68744,0.858797,0.607986,0.956481,0.043519,2,2,90.0,0.77985751
txt_005,Rendered text,HELLO,public_benchmark_v1_ext33_m2_59_grouped_topology_g_d1_c20_i075_s5_min12_p80,results\public_benchmark_v1_ext33_m2_59_grouped_topology_g_d1_c20_i075_s5_min12_p80\txt_005\prediction.dst,datasets\public_benchmark_v1_ext33\text_render_5\txt_005_mask.png,hard_fail,0.37559187,11,1,11.6797,3,109.8897,9.0377,9387,11821,7521,6579,942,7261,260,0.700863,0.874751,0.614246,0.96543,0.03457,2,2,90.0,0.83981031
txt_005,Rendered text,HELLO,public_benchmark_v1_ext33_m2_59_quality_rescue_selector,results\public_benchmark_v1_ext33_m2_59_quality_rescue_selector\txt_005\prediction.dst,datasets\public_benchmark_v1_ext33\text_render_5\txt_005_mask.png,excellent,0.03295144,4,0,0.0,0,29.7326,0.0,9387,11821,15825,9387,6438,11821,4004,1.0,0.593175,1.0,0.746983,0.253017,2,2,90.0,0.07343416
txt_005,Rendered text,HELLO,public_benchmark_v1_ext33_m2_5_learned_selector_applied,results\public_benchmark_v1_ext33_m2_5_learned_selector_applied\txt_005\prediction.dst,datasets\public_benchmark_v1_ext33\text_render_5\txt_005_mask.png,excellent,0.05804891,7,0,0.0,0,64.0284,0.0,9387,11821,7759,6675,1084,7410,349,0.71109,0.860291,0.626851,0.95502,0.04498,2,2,90.0,0.14513959
txt_005,Rendered text,HELLO,public_benchmark_v1_ext33_m2_60_maskpath_combo_rescue_selector,results\public_benchmark_v1_ext33_m2_60_maskpath_combo_rescue_selector\txt_005\prediction.dst,datasets\public_benchmark_v1_ext33\text_render_5\txt_005_mask.png,excellent,0.03295144,4,0,0.0,0,29.7326,0.0,9387,11821,15825,9387,6438,11821,4004,1.0,0.593175,1.0,0.746983,0.253017,2,2,90.0,0.07343416
txt_005,Rendered text,HELLO,public_benchmark_v1_ext33_m2_60_maskpath_mp_d0_r0_c20_i095_route24_f20_min12,results\public_benchmark_v1_ext33_m2_60_maskpath_mp_d0_r0_c20_i095_route24_f20_min12\txt_005\prediction.dst,datasets\public_benchmark_v1_ext33\text_render_5\txt_005_mask.png,pass,0.11418784,13,1,0.0,0,130.8701,0.0,9387,11821,7186,6421,765,7050,136,0.684031,0.893543,0.596396,0.981074,0.018926,2,2,90.0,0.23309784
txt_005,Rendered text,HELLO,public_benchmark_v1_ext33_m2_60_maskpath_mp_d0_r0_c20_i095_route32_f26_min12,results\public_benchmark_v1_ext33_m2_60_maskpath_mp_d0_r0_c20_i095_route32_f26_min12\txt_005\prediction.dst,datasets\public_benchmark_v1_ext33\text_render_5\txt_005_mask.png,pass,0.11418784,13,1,0.0,0,130.8701,0.0,9387,11821,7186,6421,765,7050,136,0.684031,0.893543,0.596396,0.981074,0.018926,2,2,90.0,0.23309784
txt_005,Rendered text,HELLO,public_benchmark_v1_ext33_m2_60_maskpath_mp_d0_r0_c20_i095_route32_f26_min20,results\public_benchmark_v1_ext33_m2_60_maskpath_mp_d0_r0_c20_i095_route32_f26_min20\txt_005\prediction.dst,datasets\public_benchmark_v1_ext33\text_render_5\txt_005_mask.png,pass,0.11392699,13,1,0.0,0,122.7184,0.0,9387,11821,6853,6158,695,6744,109,0.656014,0.898585,0.57051,0.984095,0.015905,2,2,90.0,0.23818467
txt_005,Rendered text,HELLO,public_benchmark_v1_ext33_m2_60_maskpath_mp_d0_r0_c24_i090_route36_f30_min12,results\public_benchmark_v1_ext33_m2_60_maskpath_mp_d0_r0_c24_i090_route36_f30_min12\txt_005\prediction.dst,datasets\public_benchmark_v1_ext33\text_render_5\txt_005_mask.png,pass,0.13769888,12,1,1.408,0,125.59,0.0,9387,11821,7313,6508,805,7155,158,0.693299,0.889922,0.605279,0.978395,0.021605,2,2,90.0,0.26488148
txt_005,Rendered text,HELLO,public_benchmark_v1_ext33_m2_60_maskpath_mp_d0_r1_c20_i095_route32_f26_min12,results\public_benchmark_v1_ext33_m2_60_maskpath_mp_d0_r1_c20_i095_route32_f26_min12\txt_005\prediction.dst,datasets\public_benchmark_v1_ext33\text_render_5\txt_005_mask.png,pass,0.11418784,13,1,0.0,0,130.8701,0.0,9387,11821,7186,6421,765,7050,136,0.684031,0.893543,0.596396,0.981074,0.018926,2,2,90.0,0.23309784
txt_005,Rendered text,HELLO,public_benchmark_v1_ext33_m2_60_maskpath_mp_d0_r1_c24_i090_route36_f30_min12,results\public_benchmark_v1_ext33_m2_60_maskpath_mp_d0_r1_c24_i090_route36_f30_min12\txt_005\prediction.dst,datasets\public_benchmark_v1_ext33\text_render_5\txt_005_mask.png,pass,0.13769888,12,1,1.408,0,125.59,0.0,9387,11821,7313,6508,805,7155,158,0.693299,0.889922,0.605279,0.978395,0.021605,2,2,90.0,0.26488148
txt_005,Rendered text,HELLO,public_benchmark_v1_ext33_m2_60_maskpath_rescue_selector,results\public_benchmark_v1_ext33_m2_60_maskpath_rescue_selector\txt_005\prediction.dst,datasets\public_benchmark_v1_ext33\text_render_5\txt_005_mask.png,excellent,0.03295144,4,0,0.0,0,29.7326,0.0,9387,11821,15825,9387,6438,11821,4004,1.0,0.593175,1.0,0.746983,0.253017,2,2,90.0,0.07343416
txt_005,Rendered text,HELLO,public_benchmark_v1_ext33_m2_61_segment_graph_sg_d0_l035_c20_i095_r32_f26_min12,results\public_benchmark_v1_ext33_m2_61_segment_graph_sg_d0_l035_c20_i095_r32_f26_min12\txt_005\prediction.dst,datasets\public_benchmark_v1_ext33\text_render_5\txt_005_mask.png,excellent,0.07245893,8,1,0.0,0,76.8416,0.0,9387,11821,7828,6737,1091,7521,307,0.717695,0.860629,0.636241,0.960782,0.039218,2,2,90.0,0.16389441
txt_005,Rendered text,HELLO,public_benchmark_v1_ext33_m2_61_segment_graph_sg_d0_l050_c24_i090_r36_f30_min12,results\public_benchmark_v1_ext33_m2_61_segment_graph_sg_d0_l050_c24_i090_r36_f30_min12\txt_005\prediction.dst,datasets\public_benchmark_v1_ext33\text_render_5\txt_005_mask.png,excellent,0.09575313,7,1,1.408,0,64.7854,0.0,9387,11821,8354,7025,1329,7957,397,0.748375,0.840915,0.673124,0.952478,0.047522,2,2,90.0,0.19038825
txt_005,Rendered text,HELLO,public_benchmark_v1_ext33_m2_61_segment_graph_sg_d0_l070_c20_i095_r32_f26_min12,results\public_benchmark_v1_ext33_m2_61_segment_graph_sg_d0_l070_c20_i095_r32_f26_min12\txt_005\prediction.dst,datasets\public_benchmark_v1_ext33\text_render_5\txt_005_mask.png,excellent,0.07245893,8,1,0.0,0,76.8416,0.0,9387,11821,7828,6737,1091,7521,307,0.717695,0.860629,0.636241,0.960782,0.039218,2,2,90.0,0.16389441
txt_005,Rendered text,HELLO,public_benchmark_v1_ext33_m2_61_segment_graph_sg_d1_l050_c20_i095_r32_f26_min12,results\public_benchmark_v1_ext33_m2_61_segment_graph_sg_d1_l050_c20_i095_r32_f26_min12\txt_005\prediction.dst,datasets\public_benchmark_v1_ext33\text_render_5\txt_005_mask.png,hard_fail,0.25245893,8,1,29.637,0,76.8416,0.0,9387,11821,7902,6736,1166,7522,380,0.717588,0.852442,0.636325,0.951911,0.048089,2,2,90.0,0.64026289
txt_005,Rendered text,HELLO,public_benchmark_v1_ext33_m2_61_segment_graph_sg_euler_d0_l000_c20_i095_r32_f26_min12,results\public_benchmark_v1_ext33_m2_61_segment_graph_sg_euler_d0_l000_c20_i095_r32_f26_min12\txt_005\prediction.dst,datasets\public_benchmark_v1_ext33\text_render_5\txt_005_mask.png,pass,0.10603772,12,1,0.0,0,126.1788,0.0,9387,11821,7680,6663,1017,7414,266,0.709811,0.867578,0.627189,0.965365,0.034635,2,2,90.0,0.21519016
txt_005,Rendered text,HELLO,public_benchmark_v1_ext33_m2_61_segment_graph_sg_euler_d0_l020_c24_i090_r36_f30_min12,results\public_benchmark_v1_ext33_m2_61_segment_graph_sg_euler_d0_l020_c24_i090_r36_f30_min12\txt_005\prediction.dst,datasets\public_benchmark_v1_ext33\text_render_5\txt_005_mask.png,excellent,0.09575313,7,1,1.408,0,64.7854,0.0,9387,11821,8354,7025,1329,7957,397,0.748375,0.840915,0.673124,0.952478,0.047522,2,2,90.0,0.19038825
txt_005,Rendered text,HELLO,public_benchmark_v1_ext33_m2_61_segment_graph_sg_euler_d0_l035_c20_i095_r32_f26_min12,results\public_benchmark_v1_ext33_m2_61_segment_graph_sg_euler_d0_l035_c20_i095_r32_f26_min12\txt_005\prediction.dst,datasets\public_benchmark_v1_ext33\text_render_5\txt_005_mask.png,excellent,0.07245893,8,1,0.0,0,76.8416,0.0,9387,11821,7828,6737,1091,7521,307,0.717695,0.860629,0.636241,0.960782,0.039218,2,2,90.0,0.16389441
txt_005,Rendered text,HELLO,public_benchmark_v1_ext33_m2_64_text_precision_rescue_selector,results\public_benchmark_v1_ext33_m2_64_text_precision_rescue_selector\txt_005\prediction.dst,datasets\public_benchmark_v1_ext33\text_render_5\txt_005_mask.png,excellent,0.03295144,4,0,0.0,0,29.7326,0.0,9387,11821,15825,9387,6438,11821,4004,1.0,0.593175,1.0,0.746983,0.253017,2,2,90.0,0.07343416
txt_005,Rendered text,HELLO,public_benchmark_v1_ext33_m2_65_text_legibility_rescue_selector,results\public_benchmark_v1_ext33_m2_65_text_legibility_rescue_selector\txt_005\prediction.dst,datasets\public_benchmark_v1_ext33\text_render_5\txt_005_mask.png,pass,0.14271031,15,3,0.0,0,147.1972,0.0,9387,11821,11263,9250,2013,10793,470,0.985405,0.821273,0.913036,0.95827,0.04173,2,2,90.0,0.21194599
txt_005,Rendered text,HELLO,public_benchmark_v1_ext33_m2_66_profile_switcher,results\public_benchmark_v1_ext33_m2_66_profile_switcher\txt_005\prediction.dst,datasets\public_benchmark_v1_ext33\text_render_5\txt_005_mask.png,pass,0.14271031,15,3,0.0,0,147.1972,0.0,9387,11821,11263,9250,2013,10793,470,0.985405,0.821273,0.913036,0.95827,0.04173,2,2,90.0,0.21194599
txt_005,Rendered text,HELLO,public_benchmark_v1_ext33_m2_67_line_art_profile,results\public_benchmark_v1_ext33_m2_67_line_art_profile\txt_005\prediction.dst,datasets\public_benchmark_v1_ext33\text_render_5\txt_005_mask.png,pass,0.14271031,15,3,0.0,0,147.1972,0.0,9387,11821,11263,9250,2013,10793,470,0.985405,0.821273,0.913036,0.95827,0.04173,2,2,90.0,0.21194599
txt_005,Rendered text,HELLO,public_benchmark_v1_ext33_m2_68_shape_aware_profile,results\public_benchmark_v1_ext33_m2_68_shape_aware_profile\txt_005\prediction.dst,datasets\public_benchmark_v1_ext33\text_render_5\txt_005_mask.png,pass,0.14271031,15,3,0.0,0,147.1972,0.0,9387,11821,11263,9250,2013,10793,470,0.985405,0.821273,0.913036,0.95827,0.04173,2,2,90.0,0.21194599
txt_005,Rendered text,HELLO,public_benchmark_v1_ext33_mask_fill_edgewalk_dtsatin_o3_i8_s14_p90,results\public_benchmark_v1_ext33_mask_fill_edgewalk_dtsatin_o3_i8_s14_p90\txt_005\prediction.dst,datasets\public_benchmark_v1_ext33\text_render_5\txt_005_mask.png,warning,0.18667178,21,2,0.0,0,208.4931,0.0,9387,11821,14009,9386,4623,11661,2348,0.999893,0.669998,0.986465,0.832393,0.167607,2,2,90.0,0.2854889
txt_005,Rendered text,HELLO,public_benchmark_v1_ext33_mask_fill_edgewalk_dtsatin_o3_i9_s7,results\public_benchmark_v1_ext33_mask_fill_edgewalk_dtsatin_o3_i9_s7\txt_005\prediction.dst,datasets\public_benchmark_v1_ext33\text_render_5\txt_005_mask.png,warning,0.18674296,21,2,0.0,0,210.7176,0.0,9387,11821,14001,9386,4615,11654,2347,0.999893,0.670381,0.985873,0.832369,0.167631,2,2,90.0,0.28556392
txt_005,Rendered text,HELLO,public_benchmark_v1_ext33_mask_fill_edgewalk_nearest_rows16_p40,results\public_benchmark_v1_ext33_mask_fill_edgewalk_nearest_rows16_p40\txt_005\prediction.dst,datasets\public_benchmark_v1_ext33\text_render_5\txt_005_mask.png,warning,0.17016712,19,2,0.0,0,192.7224,0.0,9387,11821,14065,9386,4679,11651,2414,0.999893,0.66733,0.985619,0.828368,0.171632,2,2,90.0,0.26162824
txt_005,Rendered text,HELLO,public_benchmark_v1_ext33_mask_fill_edgewalk_nearestrow_adapt_t2_m5_rows16_p40,results\public_benchmark_v1_ext33_mask_fill_edgewalk_nearestrow_adapt_t2_m5_rows16_p40\txt_005\prediction.dst,datasets\public_benchmark_v1_ext33\text_render_5\txt_005_mask.png,pass,0.14271031,15,3,0.0,0,147.1972,0.0,9387,11821,11263,9250,2013,10793,470,0.985405,0.821273,0.913036,0.95827,0.04173,2,2,90.0,0.21194599
txt_005,Rendered text,HELLO,public_benchmark_v1_ext33_mask_fill_edgewalk_nearestrow_adapt_t3_m6_rows16_p40,results\public_benchmark_v1_ext33_mask_fill_edgewalk_nearestrow_adapt_t3_m6_rows16_p40\txt_005\prediction.dst,datasets\public_benchmark_v1_ext33\text_render_5\txt_005_mask.png,pass,0.14271031,15,3,0.0,0,147.1972,0.0,9387,11821,11263,9250,2013,10793,470,0.985405,0.821273,0.913036,0.95827,0.04173,2,2,90.0,0.21194599
txt_005,Rendered text,HELLO,public_benchmark_v1_ext33_mask_fill_edgewalk_nearestrow_adapt_t4_m8_rows16_p40,results\public_benchmark_v1_ext33_mask_fill_edgewalk_nearestrow_adapt_t4_m8_rows16_p40\txt_005\prediction.dst,datasets\public_benchmark_v1_ext33\text_render_5\txt_005_mask.png,pass,0.14271031,15,3,0.0,0,147.1972,0.0,9387,11821,11263,9250,2013,10793,470,0.985405,0.821273,0.913036,0.95827,0.04173,2,2,90.0,0.21194599
txt_005,Rendered text,HELLO,public_benchmark_v1_ext33_mask_fill_edgewalk_nearestrow_evalfill_rows16_p40,results\public_benchmark_v1_ext33_mask_fill_edgewalk_nearestrow_evalfill_rows16_p40\txt_005\prediction.dst,datasets\public_benchmark_v1_ext33\text_render_5\txt_005_mask.png,excellent,0.09166841,9,1,0.4955,0,78.7394,0.0,9387,11821,17443,9387,8056,11821,5622,1.0,0.538153,1.0,0.677693,0.322307,2,2,90.0,0.17019253
txt_005,Rendered text,HELLO,public_benchmark_v1_ext33_mask_fill_edgewalk_nearestrow_inset1_rows16_p40,results\public_benchmark_v1_ext33_mask_fill_edgewalk_nearestrow_inset1_rows16_p40\txt_005\prediction.dst,datasets\public_benchmark_v1_ext33\text_render_5\txt_005_mask.png,pass,0.13440787,14,3,0.0,0,137.7458,0.0,9387,11821,12049,9222,2827,11030,1019,0.982422,0.765375,0.933085,0.915429,0.084571,2,2,90.0,0.19723767
txt_005,Rendered text,HELLO,public_benchmark_v1_ext33_mask_fill_edgewalk_nearestrow_inset2_rows16_p40,results\public_benchmark_v1_ext33_mask_fill_edgewalk_nearestrow_inset2_rows16_p40\txt_005\prediction.dst,datasets\public_benchmark_v1_ext33\text_render_5\txt_005_mask.png,pass,0.14271031,15,3,0.0,0,147.1972,0.0,9387,11821,11263,9250,2013,10793,470,0.985405,0.821273,0.913036,0.95827,0.04173,2,2,90.0,0.21194599
txt_005,Rendered text,HELLO,public_benchmark_v1_ext33_mask_fill_edgewalk_nearestrow_qdirect_rows16_p40,results\public_benchmark_v1_ext33_mask_fill_edgewalk_nearestrow_qdirect_rows16_p40\txt_005\prediction.dst,datasets\public_benchmark_v1_ext33\text_render_5\txt_005_mask.png,pass,0.13704633,15,2,0.0,0,157.6977,0.0,9387,11821,13296,9386,3910,11585,1711,0.999893,0.705927,0.980036,0.871315,0.128685,2,2,90.0,0.20563593
txt_005,Rendered text,HELLO,public_benchmark_v1_ext33_mask_fill_edgewalk_nearestrow_qpath090_rows16_p40,results\public_benchmark_v1_ext33_mask_fill_edgewalk_nearestrow_qpath090_rows16_p40\txt_005\prediction.dst,datasets\public_benchmark_v1_ext33\text_render_5\txt_005_mask.png,pass,0.13704633,15,2,0.0,0,157.6977,0.0,9387,11821,13296,9386,3910,11585,1711,0.999893,0.705927,0.980036,0.871315,0.128685,2,2,90.0,0.20563593
txt_005,Rendered text,HELLO,public_benchmark_v1_ext33_mask_fill_edgewalk_nearestrow_qpath095_rows16_p40,results\public_benchmark_v1_ext33_mask_fill_edgewalk_nearestrow_qpath095_rows16_p40\txt_005\prediction.dst,datasets\public_benchmark_v1_ext33\text_render_5\txt_005_mask.png,pass,0.13704633,15,2,0.0,0,157.6977,0.0,9387,11821,13296,9386,3910,11585,1711,0.999893,0.705927,0.980036,0.871315,0.128685,2,2,90.0,0.20563593
txt_005,Rendered text,HELLO,public_benchmark_v1_ext33_mask_fill_edgewalk_nearestrow_quantvalid_rows16_p40,results\public_benchmark_v1_ext33_mask_fill_edgewalk_nearestrow_quantvalid_rows16_p40\txt_005\prediction.dst,datasets\public_benchmark_v1_ext33\text_render_5\txt_005_mask.png,pass,0.13704633,15,2,0.0,0,157.6977,0.0,9387,11821,13296,9386,3910,11585,1711,0.999893,0.705927,0.980036,0.871315,0.128685,2,2,90.0,0.20563593
txt_005,Rendered text,HELLO,public_benchmark_v1_ext33_mask_fill_edgewalk_nearestrow_rows16_p40,results\public_benchmark_v1_ext33_mask_fill_edgewalk_nearestrow_rows16_p40\txt_005\prediction.dst,datasets\public_benchmark_v1_ext33\text_render_5\txt_005_mask.png,pass,0.13704633,15,2,0.0,0,157.6977,0.0,9387,11821,13296,9386,3910,11585,1711,0.999893,0.705927,0.980036,0.871315,0.128685,2,2,90.0,0.20563593
txt_005,Rendered text,HELLO,public_benchmark_v1_ext33_mask_fill_edgewalk_nearestrow_safeadt_rows16_p40,results\public_benchmark_v1_ext33_mask_fill_edgewalk_nearestrow_safeadt_rows16_p40\txt_005\prediction.dst,datasets\public_benchmark_v1_ext33\text_render_5\txt_005_mask.png,excellent,0.03295144,4,0,0.0,0,29.7326,0.0,9387,11821,15825,9387,6438,11821,4004,1.0,0.593175,1.0,0.746983,0.253017,2,2,90.0,0.07343416
txt_005,Rendered text,HELLO,public_benchmark_v1_ext33_mask_fill_edgewalk_nearestrow_safeadt_t2m5_r035_a32_rows16_p40,results\public_benchmark_v1_ext33_mask_fill_edgewalk_nearestrow_safeadt_t2m5_r035_a32_rows16_p40\txt_005\prediction.dst,datasets\public_benchmark_v1_ext33\text_render_5\txt_005_mask.png,excellent,0.03295144,4,0,0.0,0,29.7326,0.0,9387,11821,15825,9387,6438,11821,4004,1.0,0.593175,1.0,0.746983,0.253017,2,2,90.0,0.07343416
txt_005,Rendered text,HELLO,public_benchmark_v1_ext33_mask_fill_edgewalk_nearestrow_safeadt_t2m5_r055_a64_rows16_p40,results\public_benchmark_v1_ext33_mask_fill_edgewalk_nearestrow_safeadt_t2m5_r055_a64_rows16_p40\txt_005\prediction.dst,datasets\public_benchmark_v1_ext33\text_render_5\txt_005_mask.png,excellent,0.03295144,4,0,0.0,0,29.7326,0.0,9387,11821,15825,9387,6438,11821,4004,1.0,0.593175,1.0,0.746983,0.253017,2,2,90.0,0.07343416
txt_005,Rendered text,HELLO,public_benchmark_v1_ext33_mask_fill_edgewalk_nearestrow_segvalid_rows16_p40,results\public_benchmark_v1_ext33_mask_fill_edgewalk_nearestrow_segvalid_rows16_p40\txt_005\prediction.dst,datasets\public_benchmark_v1_ext33\text_render_5\txt_005_mask.png,pass,0.13704633,15,2,0.0,0,157.6977,0.0,9387,11821,13296,9386,3910,11585,1711,0.999893,0.705927,0.980036,0.871315,0.128685,2,2,90.0,0.20563593
txt_005,Rendered text,HELLO,public_benchmark_v1_ext33_mask_fill_edgewalk_nearestrow_strict_p20_rows16,results\public_benchmark_v1_ext33_mask_fill_edgewalk_nearestrow_strict_p20_rows16\txt_005\prediction.dst,datasets\public_benchmark_v1_ext33\text_render_5\txt_005_mask.png,pass,0.13704633,15,2,0.0,0,157.6977,0.0,9387,11821,13296,9386,3910,11585,1711,0.999893,0.705927,0.980036,0.871315,0.128685,2,2,90.0,0.20563593
txt_005,Rendered text,HELLO,public_benchmark_v1_ext33_mask_fill_edgewalk_nearestrow_strict_p40_rows16,results\public_benchmark_v1_ext33_mask_fill_edgewalk_nearestrow_strict_p40_rows16\txt_005\prediction.dst,datasets\public_benchmark_v1_ext33\text_render_5\txt_005_mask.png,pass,0.13704633,15,2,0.0,0,157.6977,0.0,9387,11821,13296,9386,3910,11585,1711,0.999893,0.705927,0.980036,0.871315,0.128685,2,2,90.0,0.20563593
txt_005,Rendered text,HELLO,public_benchmark_v1_ext33_mask_fill_edgewalk_outline_ext_in2_rows16_p40,results\public_benchmark_v1_ext33_mask_fill_edgewalk_outline_ext_in2_rows16_p40\txt_005\prediction.dst,datasets\public_benchmark_v1_ext33\text_render_5\txt_005_mask.png,warning,0.18678017,21,2,0.0,0,211.8802,0.0,9387,11821,14165,9387,4778,11808,2357,1.0,0.66269,0.9989,0.833604,0.166396,2,2,90.0,0.28540353
txt_005,Rendered text,HELLO,public_benchmark_v1_ext33_mask_fill_edgewalk_outline_ext_in3_rows16_p40,results\public_benchmark_v1_ext33_mask_fill_edgewalk_outline_ext_in3_rows16_p40\txt_005\prediction.dst,datasets\public_benchmark_v1_ext33\text_render_5\txt_005_mask.png,warning,0.18677087,21,2,0.0,0,211.5897,0.0,9387,11821,14038,9387,4651,11687,2351,1.0,0.668685,0.988664,0.832526,0.167474,2,2,90.0,0.28556671
txt_005,Rendered text,HELLO,public_benchmark_v1_ext33_mask_fill_edgewalk_outline_ext_rows16_p40,results\public_benchmark_v1_ext33_mask_fill_edgewalk_outline_ext_rows16_p40\txt_005\prediction.dst,datasets\public_benchmark_v1_ext33\text_render_5\txt_005_mask.png,warning,0.18679269,21,2,0.0,0,212.2715,0.0,9387,11821,14862,9387,5475,11821,3041,1.0,0.631611,1.0,0.795384,0.204616,2,2,90.0,0.29153125
txt_005,Rendered text,HELLO,public_benchmark_v1_ext33_mask_fill_edgewalk_outline_rows16_p40,results\public_benchmark_v1_ext33_mask_fill_edgewalk_outline_rows16_p40\txt_005\prediction.dst,datasets\public_benchmark_v1_ext33\text_render_5\txt_005_mask.png,warning,0.18679269,21,2,0.0,0,212.2715,0.0,9387,11821,14862,9387,5475,11821,3041,1.0,0.631611,1.0,0.795384,0.204616,2,2,90.0,0.29153125
txt_005,Rendered text,HELLO,public_benchmark_v1_ext33_mask_fill_edgewalk_rows16_p24,results\public_benchmark_v1_ext33_mask_fill_edgewalk_rows16_p24\txt_005\prediction.dst,datasets\public_benchmark_v1_ext33\text_render_5\txt_005_mask.png,hard_fail,0.22614337,43,2,0.0,0,441.9803,0.0,9387,11821,13465,9386,4079,11607,1858,0.999893,0.697066,0.981897,0.862013,0.137987,2,2,90.0,0.40822129
txt_005,Rendered text,HELLO,public_benchmark_v1_ext33_mask_fill_edgewalk_rows16_p40,results\public_benchmark_v1_ext33_mask_fill_edgewalk_rows16_p40\txt_005\prediction.dst,datasets\public_benchmark_v1_ext33\text_render_5\txt_005_mask.png,warning,0.170415,19,2,0.0,0,200.4688,0.0,9387,11821,13853,9386,4467,11611,2242,0.999893,0.677543,0.982235,0.838158,0.161842,2,2,90.0,0.26030972
txt_005,Rendered text,HELLO,public_benchmark_v1_ext33_mask_fill_edgewalk_rows20_p24,results\public_benchmark_v1_ext33_mask_fill_edgewalk_rows20_p24\txt_005\prediction.dst,datasets\public_benchmark_v1_ext33\text_render_5\txt_005_mask.png,hard_fail,0.2246042,38,2,0.0,0,393.8811,0.0,9387,11821,13485,9356,4129,11668,1817,0.996698,0.693808,0.987057,0.865258,0.134742,2,2,90.0,0.38616292
txt_005,Rendered text,HELLO,public_benchmark_v1_ext33_mask_fill_edgewalk_satin_w4_s6_i3,results\public_benchmark_v1_ext33_mask_fill_edgewalk_satin_w4_s6_i3\txt_005\prediction.dst,datasets\public_benchmark_v1_ext33\text_render_5\txt_005_mask.png,warning,0.18673675,21,2,0.0,0,210.5234,0.0,9387,11821,14124,9387,4737,11723,2401,1.0,0.664613,0.99171,0.830006,0.169994,2,2,90.0,0.28593579
txt_005,Rendered text,HELLO,public_benchmark_v1_ext33_mask_fill_edgewalk_satin_w6_s5_i3,results\public_benchmark_v1_ext33_mask_fill_edgewalk_satin_w6_s5_i3\txt_005\prediction.dst,datasets\public_benchmark_v1_ext33\text_render_5\txt_005_mask.png,warning,0.18678222,21,2,0.0,0,211.9444,0.0,9387,11821,14154,9387,4767,11739,2415,1.0,0.663205,0.993063,0.829377,0.170623,2,2,90.0,0.2860819
txt_005,Rendered text,HELLO,public_benchmark_v1_ext33_mask_fill_edgewalk_satin_w8_s7_i4,results\public_benchmark_v1_ext33_mask_fill_edgewalk_satin_w8_s7_i4\txt_005\prediction.dst,datasets\public_benchmark_v1_ext33\text_render_5\txt_005_mask.png,warning,0.18678403,21,2,0.0,0,212.0009,0.0,9387,11821,14083,9386,4697,11688,2395,0.999893,0.666477,0.988749,0.829937,0.170063,2,2,90.0,0.28599411
txt_005,Rendered text,HELLO,public_benchmark_v1_ext33_mask_fill_edgewalk_satinrail_w10_s8_i5,results\public_benchmark_v1_ext33_mask_fill_edgewalk_satinrail_w10_s8_i5\txt_005\prediction.dst,datasets\public_benchmark_v1_ext33\text_render_5\txt_005_mask.png,warning,0.18671271,21,2,0.0,0,209.7721,0.0,9387,11821,14062,9386,4676,11676,2386,0.999893,0.667473,0.987734,0.830323,0.169677,2,2,90.0,0.28586103
txt_005,Rendered text,HELLO,public_benchmark_v1_ext33_mask_fill_edgewalk_satinrail_w6_s6_i3,results\public_benchmark_v1_ext33_mask_fill_edgewalk_satinrail_w6_s6_i3\txt_005\prediction.dst,datasets\public_benchmark_v1_ext33\text_render_5\txt_005_mask.png,warning,0.18671714,21,2,0.0,0,209.9107,0.0,9387,11821,14123,9386,4737,11723,2400,0.999893,0.66459,0.99171,0.830064,0.169936,2,2,90.0,0.2859069
txt_005,Rendered text,HELLO,public_benchmark_v1_ext33_mask_fill_edgewalk_satinrail_w8_s7_i4,results\public_benchmark_v1_ext33_mask_fill_edgewalk_satinrail_w8_s7_i4\txt_005\prediction.dst,datasets\public_benchmark_v1_ext33\text_render_5\txt_005_mask.png,warning,0.18674294,21,2,0.0,0,210.7169,0.0,9387,11821,14070,9386,4684,11686,2384,0.999893,0.667093,0.98858,0.830561,0.169439,2,2,90.0,0.28585318
txt_005,Rendered text,HELLO,public_benchmark_v1_ext33_mask_fill_edgewalk_styleaware_r008_d45,results\public_benchmark_v1_ext33_mask_fill_edgewalk_styleaware_r008_d45\txt_005\prediction.dst,datasets\public_benchmark_v1_ext33\text_render_5\txt_005_mask.png,pass,0.1205728,13,2,0.0,0,142.9,0.0,9387,11821,11801,8535,3266,10297,1504,0.909236,0.723244,0.871077,0.872553,0.127447,2,2,90.0,0.1948962
txt_005,Rendered text,HELLO,public_benchmark_v1_ext33_mask_fill_nearestrow_strict_short_rows16,results\public_benchmark_v1_ext33_mask_fill_nearestrow_strict_short_rows16\txt_005\prediction.dst,datasets\public_benchmark_v1_ext33\text_render_5\txt_005_mask.png,warning,0.20303035,23,2,0.0,0,219.6985,0.0,9387,11821,13065,9386,3679,11570,1495,0.999893,0.718408,0.978767,0.885572,0.114428,2,2,90.0,0.30133883
txt_005,Rendered text,HELLO,public_benchmark_v1_ext33_mask_fill_rows12_c10,results\public_benchmark_v1_ext33_mask_fill_rows12_c10\txt_005\prediction.dst,datasets\public_benchmark_v1_ext33\text_render_5\txt_005_mask.png,hard_fail,0.24311404,100,2,0.0,0,972.3136,0.0,9387,11821,13600,9387,4213,11817,1783,1.0,0.690221,0.999662,0.868897,0.131103,2,2,90.0,0.65209052
txt_005,Rendered text,HELLO,public_benchmark_v1_ext33_mask_fill_rows12_c6,results\public_benchmark_v1_ext33_mask_fill_rows12_c6\txt_005\prediction.dst,datasets\public_benchmark_v1_ext33\text_render_5\txt_005_mask.png,hard_fail,0.24381561,103,2,0.0,0,994.2377,0.0,9387,11821,13518,9387,4131,11817,1701,1.0,0.694407,0.999662,0.874168,0.125832,2,2,90.0,0.66394873
txt_005,Rendered text,HELLO,public_benchmark_v1_ext33_mask_fill_rows16_c12_in025,results\public_benchmark_v1_ext33_mask_fill_rows16_c12_in025\txt_005\prediction.dst,datasets\public_benchmark_v1_ext33\text_render_5\txt_005_mask.png,hard_fail,0.24811509,61,2,0.7404,0,608.0027,0.0,9387,11821,13172,9386,3786,11605,1567,0.999893,0.712572,0.981727,0.881036,0.118964,2,2,90.0,0.50655333
txt_005,Rendered text,HELLO,public_benchmark_v1_ext33_mask_fill_rows16_c12_in050,results\public_benchmark_v1_ext33_mask_fill_rows16_c12_in050\txt_005\prediction.dst,datasets\public_benchmark_v1_ext33\text_render_5\txt_005_mask.png,hard_fail,0.24811509,61,2,0.7404,0,608.0027,0.0,9387,11821,13172,9386,3786,11605,1567,0.999893,0.712572,0.981727,0.881036,0.118964,2,2,90.0,0.50655333
txt_005,Rendered text,HELLO,public_benchmark_v1_ext33_mask_fill_rows16_c6,results\public_benchmark_v1_ext33_mask_fill_rows16_c6\txt_005\prediction.dst,datasets\public_benchmark_v1_ext33\text_render_5\txt_005_mask.png,hard_fail,0.23286489,66,2,0.0,0,652.0279,0.0,9387,11821,12970,9386,3584,11568,1402,0.999893,0.72367,0.978597,0.891904,0.108096,2,2,90.0,0.50216025
txt_005,Rendered text,HELLO,public_benchmark_v1_ext33_mask_fill_rows20_c12_in050,results\public_benchmark_v1_ext33_mask_fill_rows20_c12_in050\txt_005\prediction.dst,datasets\public_benchmark_v1_ext33\text_render_5\txt_005_mask.png,hard_fail,0.23050078,58,2,0.0,0,578.1494,0.0,9387,11821,13090,9354,3736,11650,1440,0.996484,0.714591,0.985534,0.889992,0.110008,2,2,90.0,0.46810206
